ISO-10303-21;
HEADER;
FILE_DESCRIPTION(('Open CASCADE Model'),'2;1');
FILE_NAME('Open CASCADE Shape Model','2026-10-08T08:14:09',('Author'),(
    'Open CASCADE'),'Open CASCADE STEP processor 7.9','Open CASCADE 7.9'
  ,'Unknown');
FILE_SCHEMA(('AUTOMOTIVE_DESIGN { 1 0 10303 214 1 1 1 1 }'));
ENDSEC;
DATA;
#1 = APPLICATION_PROTOCOL_DEFINITION('international standard',
  'automotive_design',2000,#2);
#2 = APPLICATION_CONTEXT(
  'core data for automotive mechanical design processes');
#3 = SHAPE_DEFINITION_REPRESENTATION(#4,#10);
#4 = PRODUCT_DEFINITION_SHAPE('','',#5);
#5 = PRODUCT_DEFINITION('design','',#6,#9);
#6 = PRODUCT_DEFINITION_FORMATION('','',#7);
#7 = PRODUCT('Open CASCADE STEP translator 7.9 2',
  'Open CASCADE STEP translator 7.9 2','',(#8));
#8 = PRODUCT_CONTEXT('',#2,'mechanical');
#9 = PRODUCT_DEFINITION_CONTEXT('part definition',#2,'design');
#10 = ADVANCED_BREP_SHAPE_REPRESENTATION('',(#11,#15),#14160);
#11 = AXIS2_PLACEMENT_3D('',#12,#13,#14);
#12 = CARTESIAN_POINT('',(0.,0.,0.));
#13 = DIRECTION('',(0.,0.,1.));
#14 = DIRECTION('',(1.,0.,-0.));
#15 = MANIFOLD_SOLID_BREP('',#16);
#16 = CLOSED_SHELL('',(#17,#89,#142,#195,#1220,#1275,#1608,#1879,#1951,
    #2212,#2266,#2338,#2434,#2488,#2605,#2710,#2786,#2912,#2966,#3042,
    #3114,#3168,#3442,#3495,#3543,#3782,#3957,#3985,#4044,#4200,#4275,
    #4384,#4557,#4636,#4643,#4697,#4722,#4878,#4953,#5065,#5200,#5250,
    #5300,#5325,#5502,#5527,#5577,#5776,#5804,#5981,#6006,#6054,#6249,
    #6277,#6330,#6378,#6403,#6456,#6612,#6664,#6772,#6940,#7018,#7046,
    #7053,#7080,#7127,#7283,#7335,#7444,#7579,#7606,#7661,#7716,#7771,
    #8022,#8077,#8175,#8272,#8369,#8440,#8553,#8693,#8718,#8857,#9112,
    #9120,#9217,#9287,#9358,#9471,#9611,#9636,#9744,#9774,#9890,#9961,
    #10025,#10074,#10151,#10274,#10362,#10432,#10462,#10578,#10649,
    #10713,#10759,#10836,#10959,#11047,#11120,#11222,#11324,#11355,
    #11425,#11472,#11560,#11585,#11664,#11671,#11702,#11799,#11846,
    #11934,#11959,#12038,#12042,#12046,#12050,#12085,#12133,#12160,
    #12188,#12195,#12199,#12230,#12261,#12268,#12296,#12303,#12330,
    #12339,#12366,#12421,#12452,#12510,#12517,#12545,#12552,#12561,
    #12567,#12625,#12683,#12710,#12716,#12774,#12805,#12832,#12839,
    #12846,#12853,#12860,#12867,#12874,#12929,#12984,#13019,#13074,
    #13129,#13184,#13239,#13294,#13329,#13384,#13443,#13498,#13533,
    #13588,#13643,#13698,#13753,#13808,#13863,#13918,#13973,#14028,
    #14083,#14133));
#17 = ADVANCED_FACE('',(#18,#54),#31,.F.);
#18 = FACE_BOUND('',#19,.T.);
#19 = EDGE_LOOP('',(#20));
#20 = ORIENTED_EDGE('',*,*,#21,.F.);
#21 = EDGE_CURVE('',#22,#22,#24,.T.);
#22 = VERTEX_POINT('',#23);
#23 = CARTESIAN_POINT('',(18.65,0.,-6.55));
#24 = SURFACE_CURVE('',#25,(#30,#42),.PCURVE_S1.);
#25 = CIRCLE('',#26,18.65);
#26 = AXIS2_PLACEMENT_3D('',#27,#28,#29);
#27 = CARTESIAN_POINT('',(0.,0.,-6.55));
#28 = DIRECTION('',(0.,-0.,1.));
#29 = DIRECTION('',(1.,0.,0.));
#30 = PCURVE('',#31,#36);
#31 = PLANE('',#32);
#32 = AXIS2_PLACEMENT_3D('',#33,#34,#35);
#33 = CARTESIAN_POINT('',(0.,0.,-6.55));
#34 = DIRECTION('',(0.,0.,1.));
#35 = DIRECTION('',(1.,0.,-0.));
#36 = DEFINITIONAL_REPRESENTATION('',(#37),#41);
#37 = CIRCLE('',#38,18.65);
#38 = AXIS2_PLACEMENT_2D('',#39,#40);
#39 = CARTESIAN_POINT('',(0.,0.));
#40 = DIRECTION('',(1.,-0.));
#41 = ( GEOMETRIC_REPRESENTATION_CONTEXT(2) 
PARAMETRIC_REPRESENTATION_CONTEXT() REPRESENTATION_CONTEXT('2D SPACE',''
  ) );
#42 = PCURVE('',#43,#48);
#43 = CONICAL_SURFACE('',#44,18.65,1.178097245096);
#44 = AXIS2_PLACEMENT_3D('',#45,#46,#47);
#45 = CARTESIAN_POINT('',(0.,0.,-6.55));
#46 = DIRECTION('',(0.,-0.,1.));
#47 = DIRECTION('',(1.,0.,0.));
#48 = DEFINITIONAL_REPRESENTATION('',(#49),#53);
#49 = LINE('',#50,#51);
#50 = CARTESIAN_POINT('',(0.,0.));
#51 = VECTOR('',#52,1.);
#52 = DIRECTION('',(1.,0.));
#53 = ( GEOMETRIC_REPRESENTATION_CONTEXT(2) 
PARAMETRIC_REPRESENTATION_CONTEXT() REPRESENTATION_CONTEXT('2D SPACE',''
  ) );
#54 = FACE_BOUND('',#55,.T.);
#55 = EDGE_LOOP('',(#56));
#56 = ORIENTED_EDGE('',*,*,#57,.F.);
#57 = EDGE_CURVE('',#58,#58,#60,.T.);
#58 = VERTEX_POINT('',#59);
#59 = CARTESIAN_POINT('',(17.3,0.,-6.55));
#60 = SURFACE_CURVE('',#61,(#66,#77),.PCURVE_S1.);
#61 = CIRCLE('',#62,17.3);
#62 = AXIS2_PLACEMENT_3D('',#63,#64,#65);
#63 = CARTESIAN_POINT('',(0.,0.,-6.55));
#64 = DIRECTION('',(0.,0.,-1.));
#65 = DIRECTION('',(1.,0.,0.));
#66 = PCURVE('',#31,#67);
#67 = DEFINITIONAL_REPRESENTATION('',(#68),#76);
#68 = ( BOUNDED_CURVE() B_SPLINE_CURVE(2,(#69,#70,#71,#72,#73,#74,#75),
.UNSPECIFIED.,.T.,.F.) B_SPLINE_CURVE_WITH_KNOTS((1,2,2,2,2,1),(
    -2.094395102393,0.,2.094395102393,4.188790204786,6.28318530718,
8.377580409573),.UNSPECIFIED.) CURVE() GEOMETRIC_REPRESENTATION_ITEM() 
RATIONAL_B_SPLINE_CURVE((1.,0.5,1.,0.5,1.,0.5,1.)) REPRESENTATION_ITEM(
  '') );
#69 = CARTESIAN_POINT('',(17.3,0.));
#70 = CARTESIAN_POINT('',(17.3,-29.96447897094));
#71 = CARTESIAN_POINT('',(-8.65,-14.98223948547));
#72 = CARTESIAN_POINT('',(-34.6,-4.23727792505E-15));
#73 = CARTESIAN_POINT('',(-8.65,14.982239485471));
#74 = CARTESIAN_POINT('',(17.3,29.964478970942));
#75 = CARTESIAN_POINT('',(17.3,0.));
#76 = ( GEOMETRIC_REPRESENTATION_CONTEXT(2) 
PARAMETRIC_REPRESENTATION_CONTEXT() REPRESENTATION_CONTEXT('2D SPACE',''
  ) );
#77 = PCURVE('',#78,#83);
#78 = CONICAL_SURFACE('',#79,17.05,0.785398163397);
#79 = AXIS2_PLACEMENT_3D('',#80,#81,#82);
#80 = CARTESIAN_POINT('',(0.,0.,-6.3));
#81 = DIRECTION('',(-0.,0.,-1.));
#82 = DIRECTION('',(1.,0.,0.));
#83 = DEFINITIONAL_REPRESENTATION('',(#84),#88);
#84 = LINE('',#85,#86);
#85 = CARTESIAN_POINT('',(-0.,0.25));
#86 = VECTOR('',#87,1.);
#87 = DIRECTION('',(1.,-0.));
#88 = ( GEOMETRIC_REPRESENTATION_CONTEXT(2) 
PARAMETRIC_REPRESENTATION_CONTEXT() REPRESENTATION_CONTEXT('2D SPACE',''
  ) );
#89 = ADVANCED_FACE('',(#90),#43,.T.);
#90 = FACE_BOUND('',#91,.T.);
#91 = EDGE_LOOP('',(#92,#113,#114,#115));
#92 = ORIENTED_EDGE('',*,*,#93,.F.);
#93 = EDGE_CURVE('',#22,#94,#96,.T.);
#94 = VERTEX_POINT('',#95);
#95 = CARTESIAN_POINT('',(19.076776695297,0.,-6.373223304703));
#96 = SEAM_CURVE('',#97,(#101,#107),.PCURVE_S1.);
#97 = LINE('',#98,#99);
#98 = CARTESIAN_POINT('',(18.65,0.,-6.55));
#99 = VECTOR('',#100,1.);
#100 = DIRECTION('',(0.923879532511,0.,0.382683432365));
#101 = PCURVE('',#43,#102);
#102 = DEFINITIONAL_REPRESENTATION('',(#103),#106);
#103 = B_SPLINE_CURVE_WITH_KNOTS('',1,(#104,#105),.UNSPECIFIED.,.F.,.F.,
  (2,2),(0.,0.461939766256),.PIECEWISE_BEZIER_KNOTS.);
#104 = CARTESIAN_POINT('',(0.,0.));
#105 = CARTESIAN_POINT('',(0.,0.176776695297));
#106 = ( GEOMETRIC_REPRESENTATION_CONTEXT(2) 
PARAMETRIC_REPRESENTATION_CONTEXT() REPRESENTATION_CONTEXT('2D SPACE',''
  ) );
#107 = PCURVE('',#43,#108);
#108 = DEFINITIONAL_REPRESENTATION('',(#109),#112);
#109 = B_SPLINE_CURVE_WITH_KNOTS('',1,(#110,#111),.UNSPECIFIED.,.F.,.F.,
  (2,2),(0.,0.461939766256),.PIECEWISE_BEZIER_KNOTS.);
#110 = CARTESIAN_POINT('',(6.28318530718,0.));
#111 = CARTESIAN_POINT('',(6.28318530718,0.176776695297));
#112 = ( GEOMETRIC_REPRESENTATION_CONTEXT(2) 
PARAMETRIC_REPRESENTATION_CONTEXT() REPRESENTATION_CONTEXT('2D SPACE',''
  ) );
#113 = ORIENTED_EDGE('',*,*,#21,.T.);
#114 = ORIENTED_EDGE('',*,*,#93,.T.);
#115 = ORIENTED_EDGE('',*,*,#116,.F.);
#116 = EDGE_CURVE('',#94,#94,#117,.T.);
#117 = SURFACE_CURVE('',#118,(#123,#130),.PCURVE_S1.);
#118 = CIRCLE('',#119,19.076776695297);
#119 = AXIS2_PLACEMENT_3D('',#120,#121,#122);
#120 = CARTESIAN_POINT('',(0.,0.,-6.373223304703));
#121 = DIRECTION('',(0.,-0.,1.));
#122 = DIRECTION('',(1.,0.,0.));
#123 = PCURVE('',#43,#124);
#124 = DEFINITIONAL_REPRESENTATION('',(#125),#129);
#125 = LINE('',#126,#127);
#126 = CARTESIAN_POINT('',(0.,0.176776695297));
#127 = VECTOR('',#128,1.);
#128 = DIRECTION('',(1.,0.));
#129 = ( GEOMETRIC_REPRESENTATION_CONTEXT(2) 
PARAMETRIC_REPRESENTATION_CONTEXT() REPRESENTATION_CONTEXT('2D SPACE',''
  ) );
#130 = PCURVE('',#131,#136);
#131 = CONICAL_SURFACE('',#132,18.9,0.785398163397);
#132 = AXIS2_PLACEMENT_3D('',#133,#134,#135);
#133 = CARTESIAN_POINT('',(0.,0.,-6.55));
#134 = DIRECTION('',(0.,0.,1.));
#135 = DIRECTION('',(1.,0.,-0.));
#136 = DEFINITIONAL_REPRESENTATION('',(#137),#141);
#137 = LINE('',#138,#139);
#138 = CARTESIAN_POINT('',(0.,0.176776695297));
#139 = VECTOR('',#140,1.);
#140 = DIRECTION('',(1.,0.));
#141 = ( GEOMETRIC_REPRESENTATION_CONTEXT(2) 
PARAMETRIC_REPRESENTATION_CONTEXT() REPRESENTATION_CONTEXT('2D SPACE',''
  ) );
#142 = ADVANCED_FACE('',(#143),#78,.F.);
#143 = FACE_BOUND('',#144,.T.);
#144 = EDGE_LOOP('',(#145,#166,#167,#168));
#145 = ORIENTED_EDGE('',*,*,#146,.F.);
#146 = EDGE_CURVE('',#58,#147,#149,.T.);
#147 = VERTEX_POINT('',#148);
#148 = CARTESIAN_POINT('',(17.05,0.,-6.3));
#149 = SEAM_CURVE('',#150,(#154,#160),.PCURVE_S1.);
#150 = LINE('',#151,#152);
#151 = CARTESIAN_POINT('',(17.05,0.,-6.3));
#152 = VECTOR('',#153,1.);
#153 = DIRECTION('',(-0.707106781187,0.,0.707106781187));
#154 = PCURVE('',#78,#155);
#155 = DEFINITIONAL_REPRESENTATION('',(#156),#159);
#156 = B_SPLINE_CURVE_WITH_KNOTS('',1,(#157,#158),.UNSPECIFIED.,.F.,.F.,
  (2,2),(-0.353553390593,0.),.PIECEWISE_BEZIER_KNOTS.);
#157 = CARTESIAN_POINT('',(0.,0.25));
#158 = CARTESIAN_POINT('',(0.,0.));
#159 = ( GEOMETRIC_REPRESENTATION_CONTEXT(2) 
PARAMETRIC_REPRESENTATION_CONTEXT() REPRESENTATION_CONTEXT('2D SPACE',''
  ) );
#160 = PCURVE('',#78,#161);
#161 = DEFINITIONAL_REPRESENTATION('',(#162),#165);
#162 = B_SPLINE_CURVE_WITH_KNOTS('',1,(#163,#164),.UNSPECIFIED.,.F.,.F.,
  (2,2),(-0.353553390593,0.),.PIECEWISE_BEZIER_KNOTS.);
#163 = CARTESIAN_POINT('',(6.28318530718,0.25));
#164 = CARTESIAN_POINT('',(6.28318530718,0.));
#165 = ( GEOMETRIC_REPRESENTATION_CONTEXT(2) 
PARAMETRIC_REPRESENTATION_CONTEXT() REPRESENTATION_CONTEXT('2D SPACE',''
  ) );
#166 = ORIENTED_EDGE('',*,*,#57,.T.);
#167 = ORIENTED_EDGE('',*,*,#146,.T.);
#168 = ORIENTED_EDGE('',*,*,#169,.F.);
#169 = EDGE_CURVE('',#147,#147,#170,.T.);
#170 = SURFACE_CURVE('',#171,(#176,#183),.PCURVE_S1.);
#171 = CIRCLE('',#172,17.05);
#172 = AXIS2_PLACEMENT_3D('',#173,#174,#175);
#173 = CARTESIAN_POINT('',(0.,0.,-6.3));
#174 = DIRECTION('',(0.,0.,-1.));
#175 = DIRECTION('',(1.,0.,0.));
#176 = PCURVE('',#78,#177);
#177 = DEFINITIONAL_REPRESENTATION('',(#178),#182);
#178 = LINE('',#179,#180);
#179 = CARTESIAN_POINT('',(0.,-0.));
#180 = VECTOR('',#181,1.);
#181 = DIRECTION('',(1.,-0.));
#182 = ( GEOMETRIC_REPRESENTATION_CONTEXT(2) 
PARAMETRIC_REPRESENTATION_CONTEXT() REPRESENTATION_CONTEXT('2D SPACE',''
  ) );
#183 = PCURVE('',#184,#189);
#184 = CYLINDRICAL_SURFACE('',#185,17.05);
#185 = AXIS2_PLACEMENT_3D('',#186,#187,#188);
#186 = CARTESIAN_POINT('',(0.,0.,-6.12));
#187 = DIRECTION('',(-0.,-0.,-1.));
#188 = DIRECTION('',(1.,0.,0.));
#189 = DEFINITIONAL_REPRESENTATION('',(#190),#194);
#190 = LINE('',#191,#192);
#191 = CARTESIAN_POINT('',(-6.28318530718,0.18));
#192 = VECTOR('',#193,1.);
#193 = DIRECTION('',(1.,-0.));
#194 = ( GEOMETRIC_REPRESENTATION_CONTEXT(2) 
PARAMETRIC_REPRESENTATION_CONTEXT() REPRESENTATION_CONTEXT('2D SPACE',''
  ) );
#195 = ADVANCED_FACE('',(#196),#131,.T.);
#196 = FACE_BOUND('',#197,.T.);
#197 = EDGE_LOOP('',(#198,#221,#222,#223,#251,#283,#368,#400,#467,#495,
    #562,#594,#679,#711,#739,#771,#856,#888,#955,#983,#1050,#1082,#1167,
    #1199));
#198 = ORIENTED_EDGE('',*,*,#199,.F.);
#199 = EDGE_CURVE('',#94,#200,#202,.T.);
#200 = VERTEX_POINT('',#201);
#201 = CARTESIAN_POINT('',(19.5,0.,-5.95));
#202 = SEAM_CURVE('',#203,(#207,#214),.PCURVE_S1.);
#203 = LINE('',#204,#205);
#204 = CARTESIAN_POINT('',(18.9,0.,-6.55));
#205 = VECTOR('',#206,1.);
#206 = DIRECTION('',(0.707106781187,0.,0.707106781187));
#207 = PCURVE('',#131,#208);
#208 = DEFINITIONAL_REPRESENTATION('',(#209),#213);
#209 = LINE('',#210,#211);
#210 = CARTESIAN_POINT('',(0.,0.));
#211 = VECTOR('',#212,1.);
#212 = DIRECTION('',(0.,1.));
#213 = ( GEOMETRIC_REPRESENTATION_CONTEXT(2) 
PARAMETRIC_REPRESENTATION_CONTEXT() REPRESENTATION_CONTEXT('2D SPACE',''
  ) );
#214 = PCURVE('',#131,#215);
#215 = DEFINITIONAL_REPRESENTATION('',(#216),#220);
#216 = LINE('',#217,#218);
#217 = CARTESIAN_POINT('',(6.28318530718,0.));
#218 = VECTOR('',#219,1.);
#219 = DIRECTION('',(0.,1.));
#220 = ( GEOMETRIC_REPRESENTATION_CONTEXT(2) 
PARAMETRIC_REPRESENTATION_CONTEXT() REPRESENTATION_CONTEXT('2D SPACE',''
  ) );
#221 = ORIENTED_EDGE('',*,*,#116,.T.);
#222 = ORIENTED_EDGE('',*,*,#199,.T.);
#223 = ORIENTED_EDGE('',*,*,#224,.F.);
#224 = EDGE_CURVE('',#225,#200,#227,.T.);
#225 = VERTEX_POINT('',#226);
#226 = CARTESIAN_POINT('',(12.266387551745,-15.15868518145,-5.95));
#227 = SURFACE_CURVE('',#228,(#233,#240),.PCURVE_S1.);
#228 = CIRCLE('',#229,19.5);
#229 = AXIS2_PLACEMENT_3D('',#230,#231,#232);
#230 = CARTESIAN_POINT('',(0.,0.,-5.95));
#231 = DIRECTION('',(0.,0.,1.));
#232 = DIRECTION('',(1.,0.,-0.));
#233 = PCURVE('',#131,#234);
#234 = DEFINITIONAL_REPRESENTATION('',(#235),#239);
#235 = LINE('',#236,#237);
#236 = CARTESIAN_POINT('',(0.,0.6));
#237 = VECTOR('',#238,1.);
#238 = DIRECTION('',(1.,0.));
#239 = ( GEOMETRIC_REPRESENTATION_CONTEXT(2) 
PARAMETRIC_REPRESENTATION_CONTEXT() REPRESENTATION_CONTEXT('2D SPACE',''
  ) );
#240 = PCURVE('',#241,#246);
#241 = CYLINDRICAL_SURFACE('',#242,19.5);
#242 = AXIS2_PLACEMENT_3D('',#243,#244,#245);
#243 = CARTESIAN_POINT('',(0.,0.,-5.95));
#244 = DIRECTION('',(0.,0.,1.));
#245 = DIRECTION('',(1.,0.,-0.));
#246 = DEFINITIONAL_REPRESENTATION('',(#247),#250);
#247 = B_SPLINE_CURVE_WITH_KNOTS('',1,(#248,#249),.UNSPECIFIED.,.F.,.F.,
  (2,2),(1.032172352393,6.28318530718),.PIECEWISE_BEZIER_KNOTS.);
#248 = CARTESIAN_POINT('',(1.032172352393,0.));
#249 = CARTESIAN_POINT('',(6.28318530718,0.));
#250 = ( GEOMETRIC_REPRESENTATION_CONTEXT(2) 
PARAMETRIC_REPRESENTATION_CONTEXT() REPRESENTATION_CONTEXT('2D SPACE',''
  ) );
#251 = ORIENTED_EDGE('',*,*,#252,.F.);
#252 = EDGE_CURVE('',#253,#225,#255,.T.);
#253 = VERTEX_POINT('',#254);
#254 = CARTESIAN_POINT('',(12.266609136837,-15.15191311577,
    -5.955124499397));
#255 = SURFACE_CURVE('',#256,(#261,#271),.PCURVE_S1.);
#256 = HYPERBOLA('',#257,12.755560271756,12.755560271756);
#257 = AXIS2_PLACEMENT_3D('',#258,#259,#260);
#258 = CARTESIAN_POINT('',(12.74873751727,-0.417144533869,-25.45));
#259 = DIRECTION('',(0.999465115264,-3.270295659162E-02,0.));
#260 = DIRECTION('',(0.,0.,1.));
#261 = PCURVE('',#131,#262);
#262 = DEFINITIONAL_REPRESENTATION('',(#263),#270);
#263 = B_SPLINE_CURVE_WITH_KNOTS('',5,(#264,#265,#266,#267,#268,#269),
  .UNSPECIFIED.,.F.,.F.,(6,6),(0.945878812974,0.987702642809),
  .PIECEWISE_BEZIER_KNOTS.);
#264 = CARTESIAN_POINT('',(5.420505801908,3.10862446895E-15));
#265 = CARTESIAN_POINT('',(5.414860443365,0.116659454438));
#266 = CARTESIAN_POINT('',(5.409258641996,0.234971933813));
#267 = CARTESIAN_POINT('',(5.403700324535,0.354954443526));
#268 = CARTESIAN_POINT('',(5.39818539572,0.476624470803));
#269 = CARTESIAN_POINT('',(5.392713740517,0.6));
#270 = ( GEOMETRIC_REPRESENTATION_CONTEXT(2) 
PARAMETRIC_REPRESENTATION_CONTEXT() REPRESENTATION_CONTEXT('2D SPACE',''
  ) );
#271 = PCURVE('',#272,#277);
#272 = PLANE('',#273);
#273 = AXIS2_PLACEMENT_3D('',#274,#275,#276);
#274 = CARTESIAN_POINT('',(12.3,-14.1314242555,-7.55));
#275 = DIRECTION('',(0.999465115264,-3.270295659162E-02,0.));
#276 = DIRECTION('',(-3.270295659162E-02,-0.999465115264,0.));
#277 = DEFINITIONAL_REPRESENTATION('',(#278),#282);
#278 = ( BOUNDED_CURVE() B_SPLINE_CURVE(2,(#279,#280,#281),
.UNSPECIFIED.,.F.,.F.) B_SPLINE_CURVE_WITH_KNOTS((3,3),(0.945878812974,
0.987702642809),.PIECEWISE_BEZIER_KNOTS.) CURVE() 
GEOMETRIC_REPRESENTATION_ITEM() RATIONAL_B_SPLINE_CURVE((1.,
1.000218662061,1.)) REPRESENTATION_ITEM('') );
#279 = CARTESIAN_POINT('',(0.224910188274,-1.));
#280 = CARTESIAN_POINT('',(0.620087777096,-1.291606130084));
#281 = CARTESIAN_POINT('',(1.027810686198,-1.6));
#282 = ( GEOMETRIC_REPRESENTATION_CONTEXT(2) 
PARAMETRIC_REPRESENTATION_CONTEXT() REPRESENTATION_CONTEXT('2D SPACE',''
  ) );
#283 = ORIENTED_EDGE('',*,*,#284,.T.);
#284 = EDGE_CURVE('',#253,#285,#287,.T.);
#285 = VERTEX_POINT('',#286);
#286 = CARTESIAN_POINT('',(12.050320888099,-15.0402614684,
    -6.177747963872));
#287 = SURFACE_CURVE('',#288,(#311,#337),.PCURVE_S1.);
#288 = B_SPLINE_CURVE_WITH_KNOTS('',6,(#289,#290,#291,#292,#293,#294,
    #295,#296,#297,#298,#299,#300,#301,#302,#303,#304,#305,#306,#307,
    #308,#309,#310),.UNSPECIFIED.,.F.,.F.,(7,5,5,5,7),(0.,0.320727107942
    ,0.461945620446,0.727977594149,1.),.UNSPECIFIED.);
#289 = CARTESIAN_POINT('',(12.266609136837,-15.15191311577,
    -5.955124499397));
#290 = CARTESIAN_POINT('',(12.267374890101,-15.12851022642,
    -5.972831991302));
#291 = CARTESIAN_POINT('',(12.266501297655,-15.10627004932,
    -5.990652859422));
#292 = CARTESIAN_POINT('',(12.26392994318,-15.08544472585,
    -6.008434914639));
#293 = CARTESIAN_POINT('',(12.259604218552,-15.06631903512,
    -6.025999286682));
#294 = CARTESIAN_POINT('',(12.253486406907,-15.04920793524,
    -6.043130642595));
#295 = CARTESIAN_POINT('',(12.242109155501,-15.02790341785,
    -6.066834218691));
#296 = CARTESIAN_POINT('',(12.238285930289,-15.02184059297,
    -6.073949398013));
#297 = CARTESIAN_POINT('',(12.234118709384,-15.01625402489,
    -6.080912610986));
#298 = CARTESIAN_POINT('',(12.229610710958,-15.01116965373,
    -6.087701783544));
#299 = CARTESIAN_POINT('',(12.224767805522,-15.0066119593,
    -6.094294168941));
#300 = CARTESIAN_POINT('',(12.209862158364,-14.99505013436,
    -6.112671985755));
#301 = CARTESIAN_POINT('',(12.19896739006,-14.98944244443,
    -6.123899752604));
#302 = CARTESIAN_POINT('',(12.186977222455,-14.98593006221,
    -6.13419294054));
#303 = CARTESIAN_POINT('',(12.173996166305,-14.98461963303,
    -6.143399404735));
#304 = CARTESIAN_POINT('',(12.160169137068,-14.98555209382,
    -6.151390981636));
#305 = CARTESIAN_POINT('',(12.130864125605,-14.99187971481,
    -6.164924451944));
#306 = CARTESIAN_POINT('',(12.115350913435,-14.99737603189,
    -6.170409482801));
#307 = CARTESIAN_POINT('',(12.099335439108,-15.00512347216,
    -6.174444011137));
#308 = CARTESIAN_POINT('',(12.083026596306,-15.01498676128,
    -6.176994912636));
#309 = CARTESIAN_POINT('',(12.06662829392,-15.02677271901,
    -6.178078223389));
#310 = CARTESIAN_POINT('',(12.050320888099,-15.0402614684,
    -6.177747963872));
#311 = PCURVE('',#131,#312);
#312 = DEFINITIONAL_REPRESENTATION('',(#313),#336);
#313 = B_SPLINE_CURVE_WITH_KNOTS('',6,(#314,#315,#316,#317,#318,#319,
    #320,#321,#322,#323,#324,#325,#326,#327,#328,#329,#330,#331,#332,
    #333,#334,#335),.UNSPECIFIED.,.F.,.F.,(7,5,5,5,7),(0.,0.320727107942
    ,0.461945620446,0.727977594149,1.),.UNSPECIFIED.);
#314 = CARTESIAN_POINT('',(5.392941092102,0.594875500603));
#315 = CARTESIAN_POINT('',(5.39372697972,0.577168008698));
#316 = CARTESIAN_POINT('',(5.394411694865,0.559347140578));
#317 = CARTESIAN_POINT('',(5.394984377504,0.541565085361));
#318 = CARTESIAN_POINT('',(5.395433052051,0.524000713318));
#319 = CARTESIAN_POINT('',(5.395745377699,0.506869357405));
#320 = CARTESIAN_POINT('',(5.395984310785,0.483165781309));
#321 = CARTESIAN_POINT('',(5.396028959851,0.476050601987));
#322 = CARTESIAN_POINT('',(5.396044358121,0.469087389014));
#323 = CARTESIAN_POINT('',(5.396029738975,0.462298216456));
#324 = CARTESIAN_POINT('',(5.395984491747,0.455705831059));
#325 = CARTESIAN_POINT('',(5.395764557545,0.437328014245));
#326 = CARTESIAN_POINT('',(5.395510800505,0.426100247396));
#327 = CARTESIAN_POINT('',(5.395144262715,0.41580705946));
#328 = CARTESIAN_POINT('',(5.394665441744,0.406600595265));
#329 = CARTESIAN_POINT('',(5.394078726854,0.398609018364));
#330 = CARTESIAN_POINT('',(5.39269203393,0.385075548056));
#331 = CARTESIAN_POINT('',(5.391887309685,0.379590517199));
#332 = CARTESIAN_POINT('',(5.390988348755,0.375555988863));
#333 = CARTESIAN_POINT('',(5.390008210594,0.373005087364));
#334 = CARTESIAN_POINT('',(5.388961749051,0.371921776611));
#335 = CARTESIAN_POINT('',(5.387863769037,0.372252036128));
#336 = ( GEOMETRIC_REPRESENTATION_CONTEXT(2) 
PARAMETRIC_REPRESENTATION_CONTEXT() REPRESENTATION_CONTEXT('2D SPACE',''
  ) );
#337 = PCURVE('',#338,#343);
#338 = CYLINDRICAL_SURFACE('',#339,0.22);
#339 = AXIS2_PLACEMENT_3D('',#340,#341,#342);
#340 = CARTESIAN_POINT('',(11.813013999505,-22.28743052879,
    -5.780241820044));
#341 = DIRECTION('',(3.269316925296E-02,0.999165995412,
    -2.446365257945E-02));
#342 = DIRECTION('',(0.999465115264,-3.270295659162E-02,
    -1.084202172486E-19));
#343 = DEFINITIONAL_REPRESENTATION('',(#344),#367);
#344 = B_SPLINE_CURVE_WITH_KNOTS('',6,(#345,#346,#347,#348,#349,#350,
    #351,#352,#353,#354,#355,#356,#357,#358,#359,#360,#361,#362,#363,
    #364,#365,#366),.UNSPECIFIED.,.F.,.F.,(7,5,5,5,7),(0.,0.320727107942
    ,0.461945620446,0.727977594149,1.),.UNSPECIFIED.);
#345 = CARTESIAN_POINT('',(0.,7.148674090461));
#346 = CARTESIAN_POINT('',(7.786075389616E-02,7.172515686526));
#347 = CARTESIAN_POINT('',(0.156371786257,7.195144718236));
#348 = CARTESIAN_POINT('',(0.235720051196,7.216303621583));
#349 = CARTESIAN_POINT('',(0.316043044872,7.235701628456));
#350 = CARTESIAN_POINT('',(0.397434913682,7.253017542484));
#351 = CARTESIAN_POINT('',(0.516241228941,7.274512209448));
#352 = CARTESIAN_POINT('',(0.55277097143,7.280619047839));
#353 = CARTESIAN_POINT('',(0.589511224192,7.286235062654));
#354 = CARTESIAN_POINT('',(0.626458528153,7.291333900628));
#355 = CARTESIAN_POINT('',(0.663605098079,7.295890737821));
#356 = CARTESIAN_POINT('',(0.771267671752,7.307405195824));
#357 = CARTESIAN_POINT('',(0.842272855702,7.312926696604));
#358 = CARTESIAN_POINT('',(0.91384440696,7.316295961873));
#359 = CARTESIAN_POINT('',(0.98584210108,7.317406130024));
#360 = CARTESIAN_POINT('',(1.058085053635,7.316217900665));
#361 = CARTESIAN_POINT('',(1.204225763734,7.309268561358));
#362 = CARTESIAN_POINT('',(1.278146916868,7.303403836044));
#363 = CARTESIAN_POINT('',(1.351857559149,7.295237959868));
#364 = CARTESIAN_POINT('',(1.42516402509,7.28491211338));
#365 = CARTESIAN_POINT('',(1.497916018071,7.272626374458));
#366 = CARTESIAN_POINT('',(1.569995865043,7.258607654618));
#367 = ( GEOMETRIC_REPRESENTATION_CONTEXT(2) 
PARAMETRIC_REPRESENTATION_CONTEXT() REPRESENTATION_CONTEXT('2D SPACE',''
  ) );
#368 = ORIENTED_EDGE('',*,*,#369,.F.);
#369 = EDGE_CURVE('',#370,#285,#372,.T.);
#370 = VERTEX_POINT('',#371);
#371 = CARTESIAN_POINT('',(10.22,-16.37787257459,-6.144997796694));
#372 = SURFACE_CURVE('',#373,(#378,#388),.PCURVE_S1.);
#373 = ELLIPSE('',#374,18.921013102467,18.909673924223);
#374 = AXIS2_PLACEMENT_3D('',#375,#376,#377);
#375 = CARTESIAN_POINT('',(0.,-0.46312466101,-6.534655636968));
#376 = DIRECTION('',(-0.,2.447673697503E-02,0.999700399793));
#377 = DIRECTION('',(0.,-0.999700399793,2.447673697503E-02));
#378 = PCURVE('',#131,#379);
#379 = DEFINITIONAL_REPRESENTATION('',(#380),#387);
#380 = B_SPLINE_CURVE_WITH_KNOTS('',5,(#381,#382,#383,#384,#385,#386),
  .UNSPECIFIED.,.F.,.F.,(6,6),(0.559386799256,0.705266922117),
  .PIECEWISE_BEZIER_KNOTS.);
#381 = CARTESIAN_POINT('',(5.258914601522,0.40787987604));
#382 = CARTESIAN_POINT('',(5.287488899405,0.400709437042));
#383 = CARTESIAN_POINT('',(5.316076461966,0.393121320541));
#384 = CARTESIAN_POINT('',(5.344678335857,0.385128241993));
#385 = CARTESIAN_POINT('',(5.37329552642,0.376744401551));
#386 = CARTESIAN_POINT('',(5.401928987653,0.367985333413));
#387 = ( GEOMETRIC_REPRESENTATION_CONTEXT(2) 
PARAMETRIC_REPRESENTATION_CONTEXT() REPRESENTATION_CONTEXT('2D SPACE',''
  ) );
#388 = PCURVE('',#389,#394);
#389 = PLANE('',#390);
#390 = AXIS2_PLACEMENT_3D('',#391,#392,#393);
#391 = CARTESIAN_POINT('',(-30.,-22.3,-6.));
#392 = DIRECTION('',(-0.,2.447673697503E-02,0.999700399793));
#393 = DIRECTION('',(0.,0.999700399793,-2.447673697503E-02));
#394 = DEFINITIONAL_REPRESENTATION('',(#395),#399);
#395 = ELLIPSE('',#396,18.921013102467,18.909673924223);
#396 = AXIS2_PLACEMENT_2D('',#397,#398);
#397 = CARTESIAN_POINT('',(21.843419632025,-30.));
#398 = DIRECTION('',(-1.,-0.));
#399 = ( GEOMETRIC_REPRESENTATION_CONTEXT(2) 
PARAMETRIC_REPRESENTATION_CONTEXT() REPRESENTATION_CONTEXT('2D SPACE',''
  ) );
#400 = ORIENTED_EDGE('',*,*,#401,.F.);
#401 = EDGE_CURVE('',#402,#370,#404,.T.);
#402 = VERTEX_POINT('',#403);
#403 = CARTESIAN_POINT('',(10.002627885501,-16.73909900156,-5.95));
#404 = SURFACE_CURVE('',#405,(#422,#442),.PCURVE_S1.);
#405 = B_SPLINE_CURVE_WITH_KNOTS('',8,(#406,#407,#408,#409,#410,#411,
    #412,#413,#414,#415,#416,#417,#418,#419,#420,#421),.UNSPECIFIED.,.F.
  ,.F.,(9,7,9),(0.,0.114678943853,1.),.UNSPECIFIED.);
#406 = CARTESIAN_POINT('',(10.002627885501,-16.73909900156,-5.95));
#407 = CARTESIAN_POINT('',(10.003294552887,-16.73356168513,
    -5.954411346774));
#408 = CARTESIAN_POINT('',(10.004056827763,-16.72798622197,
    -5.958805714642));
#409 = CARTESIAN_POINT('',(10.004914160953,-16.7223752661,
    -5.963181034697));
#410 = CARTESIAN_POINT('',(10.005865986965,-16.71673146529,
    -5.967535251374));
#411 = CARTESIAN_POINT('',(10.006911723986,-16.71105746095,
    -5.971866322457));
#412 = CARTESIAN_POINT('',(10.008050773888,-16.70535588819,
    -5.976172219073));
#413 = CARTESIAN_POINT('',(10.009282522222,-16.69962937583,
    -5.980450925695));
#414 = CARTESIAN_POINT('',(10.020826193249,-16.64949960237,
    -6.017506677212));
#415 = CARTESIAN_POINT('',(10.036518995309,-16.60385069428,
    -6.048527132426));
#416 = CARTESIAN_POINT('',(10.057393835539,-16.55803288585,
    -6.07693377342));
#417 = CARTESIAN_POINT('',(10.083158165926,-16.51325266447,
    -6.101807002108));
#418 = CARTESIAN_POINT('',(10.113332495249,-16.4710031103,
    -6.122085497005));
#419 = CARTESIAN_POINT('',(10.147135750514,-16.43306736604,
    -6.136633145632));
#420 = CARTESIAN_POINT('',(10.183262168145,-16.40147872003,
    -6.14441982212));
#421 = CARTESIAN_POINT('',(10.22,-16.37787257459,-6.144997796694));
#422 = PCURVE('',#131,#423);
#423 = DEFINITIONAL_REPRESENTATION('',(#424),#441);
#424 = B_SPLINE_CURVE_WITH_KNOTS('',8,(#425,#426,#427,#428,#429,#430,
    #431,#432,#433,#434,#435,#436,#437,#438,#439,#440),.UNSPECIFIED.,.F.
  ,.F.,(9,7,9),(0.,0.114678943853,1.),.UNSPECIFIED.);
#425 = CARTESIAN_POINT('',(5.251012954786,0.6));
#426 = CARTESIAN_POINT('',(5.251187963667,0.595588653226));
#427 = CARTESIAN_POINT('',(5.251368275261,0.591194285358));
#428 = CARTESIAN_POINT('',(5.251553799798,0.586818965303));
#429 = CARTESIAN_POINT('',(5.251744446633,0.582464748626));
#430 = CARTESIAN_POINT('',(5.251940124243,0.578133677543));
#431 = CARTESIAN_POINT('',(5.252140740229,0.573827780927));
#432 = CARTESIAN_POINT('',(5.252346201315,0.569549074305));
#433 = CARTESIAN_POINT('',(5.254179249524,0.532493322788));
#434 = CARTESIAN_POINT('',(5.256082969092,0.501472867574));
#435 = CARTESIAN_POINT('',(5.258227030098,0.47306622658));
#436 = CARTESIAN_POINT('',(5.260566783492,0.448192997892));
#437 = CARTESIAN_POINT('',(5.263040341261,0.427914502995));
#438 = CARTESIAN_POINT('',(5.265562472773,0.413366854368));
#439 = CARTESIAN_POINT('',(5.268016170198,0.40558017788));
#440 = CARTESIAN_POINT('',(5.270277990797,0.405002203306));
#441 = ( GEOMETRIC_REPRESENTATION_CONTEXT(2) 
PARAMETRIC_REPRESENTATION_CONTEXT() REPRESENTATION_CONTEXT('2D SPACE',''
  ) );
#442 = PCURVE('',#443,#448);
#443 = CYLINDRICAL_SURFACE('',#444,0.22);
#444 = AXIS2_PLACEMENT_3D('',#445,#446,#447);
#445 = CARTESIAN_POINT('',(10.22,-14.12603937336,-5.980065912045));
#446 = DIRECTION('',(0.,-0.999700399793,2.447673697503E-02));
#447 = DIRECTION('',(-1.,0.,0.));
#448 = DEFINITIONAL_REPRESENTATION('',(#449),#466);
#449 = B_SPLINE_CURVE_WITH_KNOTS('',8,(#450,#451,#452,#453,#454,#455,
    #456,#457,#458,#459,#460,#461,#462,#463,#464,#465),.UNSPECIFIED.,.F.
  ,.F.,(9,7,9),(0.,0.114678943853,1.),.UNSPECIFIED.);
#450 = CARTESIAN_POINT('',(0.154717745452,2.613012670414));
#451 = CARTESIAN_POINT('',(0.174382133894,2.607369037593));
#452 = CARTESIAN_POINT('',(0.194033079112,2.601687685049));
#453 = CARTESIAN_POINT('',(0.213672760049,2.595971316673));
#454 = CARTESIAN_POINT('',(0.233303362945,2.590222629726));
#455 = CARTESIAN_POINT('',(0.252927081342,2.584444314829));
#456 = CARTESIAN_POINT('',(0.272546116078,2.578639055968));
#457 = CARTESIAN_POINT('',(0.292162675292,2.572809530494));
#458 = CARTESIAN_POINT('',(0.463216736922,2.521787772035));
#459 = CARTESIAN_POINT('',(0.614427925502,2.475393260847));
#460 = CARTESIAN_POINT('',(0.7668330915,2.428893877566));
#461 = CARTESIAN_POINT('',(0.92140448254,2.383518256869));
#462 = CARTESIAN_POINT('',(1.078845371399,2.340785009291));
#463 = CARTESIAN_POINT('',(1.239595754291,2.302504551618));
#464 = CARTESIAN_POINT('',(1.403806182,2.27073477714));
#465 = CARTESIAN_POINT('',(1.570796326795,2.247121557175));
#466 = ( GEOMETRIC_REPRESENTATION_CONTEXT(2) 
PARAMETRIC_REPRESENTATION_CONTEXT() REPRESENTATION_CONTEXT('2D SPACE',''
  ) );
#467 = ORIENTED_EDGE('',*,*,#468,.F.);
#468 = EDGE_CURVE('',#469,#402,#471,.T.);
#469 = VERTEX_POINT('',#470);
#470 = CARTESIAN_POINT('',(-10.0026278855,-16.73909900156,-5.95));
#471 = SURFACE_CURVE('',#472,(#477,#484),.PCURVE_S1.);
#472 = CIRCLE('',#473,19.5);
#473 = AXIS2_PLACEMENT_3D('',#474,#475,#476);
#474 = CARTESIAN_POINT('',(0.,0.,-5.95));
#475 = DIRECTION('',(0.,0.,1.));
#476 = DIRECTION('',(1.,0.,-0.));
#477 = PCURVE('',#131,#478);
#478 = DEFINITIONAL_REPRESENTATION('',(#479),#483);
#479 = LINE('',#480,#481);
#480 = CARTESIAN_POINT('',(0.,0.6));
#481 = VECTOR('',#482,1.);
#482 = DIRECTION('',(1.,0.));
#483 = ( GEOMETRIC_REPRESENTATION_CONTEXT(2) 
PARAMETRIC_REPRESENTATION_CONTEXT() REPRESENTATION_CONTEXT('2D SPACE',''
  ) );
#484 = PCURVE('',#485,#490);
#485 = CYLINDRICAL_SURFACE('',#486,19.5);
#486 = AXIS2_PLACEMENT_3D('',#487,#488,#489);
#487 = CARTESIAN_POINT('',(0.,0.,-5.95));
#488 = DIRECTION('',(0.,0.,1.));
#489 = DIRECTION('',(1.,0.,-0.));
#490 = DEFINITIONAL_REPRESENTATION('',(#491),#494);
#491 = B_SPLINE_CURVE_WITH_KNOTS('',1,(#492,#493),.UNSPECIFIED.,.F.,.F.,
  (2,2),(1.032172352393,6.28318530718),.PIECEWISE_BEZIER_KNOTS.);
#492 = CARTESIAN_POINT('',(1.032172352393,0.));
#493 = CARTESIAN_POINT('',(6.28318530718,0.));
#494 = ( GEOMETRIC_REPRESENTATION_CONTEXT(2) 
PARAMETRIC_REPRESENTATION_CONTEXT() REPRESENTATION_CONTEXT('2D SPACE',''
  ) );
#495 = ORIENTED_EDGE('',*,*,#496,.T.);
#496 = EDGE_CURVE('',#469,#497,#499,.T.);
#497 = VERTEX_POINT('',#498);
#498 = CARTESIAN_POINT('',(-10.22,-16.37787257459,-6.144997796694));
#499 = SURFACE_CURVE('',#500,(#517,#537),.PCURVE_S1.);
#500 = B_SPLINE_CURVE_WITH_KNOTS('',8,(#501,#502,#503,#504,#505,#506,
    #507,#508,#509,#510,#511,#512,#513,#514,#515,#516),.UNSPECIFIED.,.F.
  ,.F.,(9,7,9),(0.,0.114678943853,1.),.UNSPECIFIED.);
#501 = CARTESIAN_POINT('',(-10.0026278855,-16.73909900156,-5.95));
#502 = CARTESIAN_POINT('',(-10.00329455288,-16.73356168513,
    -5.954411346774));
#503 = CARTESIAN_POINT('',(-10.00405682776,-16.72798622197,
    -5.958805714642));
#504 = CARTESIAN_POINT('',(-10.00491416095,-16.7223752661,
    -5.963181034697));
#505 = CARTESIAN_POINT('',(-10.00586598696,-16.71673146529,
    -5.967535251374));
#506 = CARTESIAN_POINT('',(-10.00691172398,-16.71105746095,
    -5.971866322457));
#507 = CARTESIAN_POINT('',(-10.00805077388,-16.70535588819,
    -5.976172219073));
#508 = CARTESIAN_POINT('',(-10.00928252222,-16.69962937583,
    -5.980450925695));
#509 = CARTESIAN_POINT('',(-10.02082619324,-16.64949960237,
    -6.017506677212));
#510 = CARTESIAN_POINT('',(-10.0365189953,-16.60385069428,
    -6.048527132426));
#511 = CARTESIAN_POINT('',(-10.05739383553,-16.55803288585,
    -6.07693377342));
#512 = CARTESIAN_POINT('',(-10.08315816592,-16.51325266447,
    -6.101807002108));
#513 = CARTESIAN_POINT('',(-10.11333249524,-16.4710031103,
    -6.122085497005));
#514 = CARTESIAN_POINT('',(-10.14713575051,-16.43306736604,
    -6.136633145632));
#515 = CARTESIAN_POINT('',(-10.18326216814,-16.40147872003,
    -6.14441982212));
#516 = CARTESIAN_POINT('',(-10.22,-16.37787257459,-6.144997796694));
#517 = PCURVE('',#131,#518);
#518 = DEFINITIONAL_REPRESENTATION('',(#519),#536);
#519 = B_SPLINE_CURVE_WITH_KNOTS('',8,(#520,#521,#522,#523,#524,#525,
    #526,#527,#528,#529,#530,#531,#532,#533,#534,#535),.UNSPECIFIED.,.F.
  ,.F.,(9,7,9),(0.,0.114678943853,1.),.UNSPECIFIED.);
#520 = CARTESIAN_POINT('',(4.173765005983,0.6));
#521 = CARTESIAN_POINT('',(4.173589997102,0.595588653226));
#522 = CARTESIAN_POINT('',(4.173409685508,0.591194285358));
#523 = CARTESIAN_POINT('',(4.173224160971,0.586818965303));
#524 = CARTESIAN_POINT('',(4.173033514136,0.582464748626));
#525 = CARTESIAN_POINT('',(4.172837836526,0.578133677543));
#526 = CARTESIAN_POINT('',(4.17263722054,0.573827780927));
#527 = CARTESIAN_POINT('',(4.172431759454,0.569549074305));
#528 = CARTESIAN_POINT('',(4.170598711245,0.532493322788));
#529 = CARTESIAN_POINT('',(4.168694991677,0.501472867574));
#530 = CARTESIAN_POINT('',(4.166550930671,0.47306622658));
#531 = CARTESIAN_POINT('',(4.164211177278,0.448192997892));
#532 = CARTESIAN_POINT('',(4.161737619508,0.427914502995));
#533 = CARTESIAN_POINT('',(4.159215487996,0.413366854368));
#534 = CARTESIAN_POINT('',(4.156761790571,0.40558017788));
#535 = CARTESIAN_POINT('',(4.154499969972,0.405002203306));
#536 = ( GEOMETRIC_REPRESENTATION_CONTEXT(2) 
PARAMETRIC_REPRESENTATION_CONTEXT() REPRESENTATION_CONTEXT('2D SPACE',''
  ) );
#537 = PCURVE('',#538,#543);
#538 = CYLINDRICAL_SURFACE('',#539,0.22);
#539 = AXIS2_PLACEMENT_3D('',#540,#541,#542);
#540 = CARTESIAN_POINT('',(-10.22,-14.12603937336,-5.980065912045));
#541 = DIRECTION('',(0.,-0.999700399793,2.447673697503E-02));
#542 = DIRECTION('',(1.,0.,-0.));
#543 = DEFINITIONAL_REPRESENTATION('',(#544),#561);
#544 = B_SPLINE_CURVE_WITH_KNOTS('',8,(#545,#546,#547,#548,#549,#550,
    #551,#552,#553,#554,#555,#556,#557,#558,#559,#560),.UNSPECIFIED.,.F.
  ,.F.,(9,7,9),(0.,0.114678943853,1.),.UNSPECIFIED.);
#545 = CARTESIAN_POINT('',(-0.154717745452,2.613012670414));
#546 = CARTESIAN_POINT('',(-0.174382133894,2.607369037593));
#547 = CARTESIAN_POINT('',(-0.194033079112,2.601687685049));
#548 = CARTESIAN_POINT('',(-0.213672760049,2.595971316673));
#549 = CARTESIAN_POINT('',(-0.233303362945,2.590222629726));
#550 = CARTESIAN_POINT('',(-0.252927081342,2.584444314829));
#551 = CARTESIAN_POINT('',(-0.272546116078,2.578639055968));
#552 = CARTESIAN_POINT('',(-0.292162675292,2.572809530494));
#553 = CARTESIAN_POINT('',(-0.463216736922,2.521787772035));
#554 = CARTESIAN_POINT('',(-0.614427925502,2.475393260847));
#555 = CARTESIAN_POINT('',(-0.766833091498,2.428893877566));
#556 = CARTESIAN_POINT('',(-0.921404482543,2.383518256869));
#557 = CARTESIAN_POINT('',(-1.078845371397,2.340785009291));
#558 = CARTESIAN_POINT('',(-1.239595754292,2.302504551618));
#559 = CARTESIAN_POINT('',(-1.403806181999,2.27073477714));
#560 = CARTESIAN_POINT('',(-1.570796326795,2.247121557175));
#561 = ( GEOMETRIC_REPRESENTATION_CONTEXT(2) 
PARAMETRIC_REPRESENTATION_CONTEXT() REPRESENTATION_CONTEXT('2D SPACE',''
  ) );
#562 = ORIENTED_EDGE('',*,*,#563,.F.);
#563 = EDGE_CURVE('',#564,#497,#566,.T.);
#564 = VERTEX_POINT('',#565);
#565 = CARTESIAN_POINT('',(-12.05032088809,-15.0402614684,
    -6.177747963872));
#566 = SURFACE_CURVE('',#567,(#572,#582),.PCURVE_S1.);
#567 = ELLIPSE('',#568,18.921013102467,18.909673924223);
#568 = AXIS2_PLACEMENT_3D('',#569,#570,#571);
#569 = CARTESIAN_POINT('',(0.,-0.46312466101,-6.534655636968));
#570 = DIRECTION('',(-0.,2.447673697503E-02,0.999700399793));
#571 = DIRECTION('',(0.,-0.999700399793,2.447673697503E-02));
#572 = PCURVE('',#131,#573);
#573 = DEFINITIONAL_REPRESENTATION('',(#574),#581);
#574 = B_SPLINE_CURVE_WITH_KNOTS('',5,(#575,#576,#577,#578,#579,#580),
  .UNSPECIFIED.,.F.,.F.,(6,6),(5.577918385062,5.723798507924),
  .PIECEWISE_BEZIER_KNOTS.);
#575 = CARTESIAN_POINT('',(4.022848973117,0.367985333413));
#576 = CARTESIAN_POINT('',(4.051482434349,0.376744401551));
#577 = CARTESIAN_POINT('',(4.080099624912,0.385128241993));
#578 = CARTESIAN_POINT('',(4.108701498804,0.393121320541));
#579 = CARTESIAN_POINT('',(4.137289061364,0.400709437042));
#580 = CARTESIAN_POINT('',(4.165863359247,0.40787987604));
#581 = ( GEOMETRIC_REPRESENTATION_CONTEXT(2) 
PARAMETRIC_REPRESENTATION_CONTEXT() REPRESENTATION_CONTEXT('2D SPACE',''
  ) );
#582 = PCURVE('',#583,#588);
#583 = PLANE('',#584);
#584 = AXIS2_PLACEMENT_3D('',#585,#586,#587);
#585 = CARTESIAN_POINT('',(-30.,-22.3,-6.));
#586 = DIRECTION('',(-0.,2.447673697503E-02,0.999700399793));
#587 = DIRECTION('',(0.,0.999700399793,-2.447673697503E-02));
#588 = DEFINITIONAL_REPRESENTATION('',(#589),#593);
#589 = ELLIPSE('',#590,18.921013102467,18.909673924223);
#590 = AXIS2_PLACEMENT_2D('',#591,#592);
#591 = CARTESIAN_POINT('',(21.843419632025,-30.));
#592 = DIRECTION('',(-1.,-0.));
#593 = ( GEOMETRIC_REPRESENTATION_CONTEXT(2) 
PARAMETRIC_REPRESENTATION_CONTEXT() REPRESENTATION_CONTEXT('2D SPACE',''
  ) );
#594 = ORIENTED_EDGE('',*,*,#595,.F.);
#595 = EDGE_CURVE('',#596,#564,#598,.T.);
#596 = VERTEX_POINT('',#597);
#597 = CARTESIAN_POINT('',(-12.26660913683,-15.15191311577,
    -5.955124499397));
#598 = SURFACE_CURVE('',#599,(#622,#648),.PCURVE_S1.);
#599 = B_SPLINE_CURVE_WITH_KNOTS('',6,(#600,#601,#602,#603,#604,#605,
    #606,#607,#608,#609,#610,#611,#612,#613,#614,#615,#616,#617,#618,
    #619,#620,#621),.UNSPECIFIED.,.F.,.F.,(7,5,5,5,7),(0.,0.320727107942
    ,0.461945620446,0.727977594149,1.),.UNSPECIFIED.);
#600 = CARTESIAN_POINT('',(-12.26660913683,-15.15191311577,
    -5.955124499397));
#601 = CARTESIAN_POINT('',(-12.2673748901,-15.12851022642,
    -5.972831991302));
#602 = CARTESIAN_POINT('',(-12.26650129765,-15.10627004932,
    -5.990652859422));
#603 = CARTESIAN_POINT('',(-12.26392994318,-15.08544472585,
    -6.008434914639));
#604 = CARTESIAN_POINT('',(-12.25960421855,-15.06631903512,
    -6.025999286682));
#605 = CARTESIAN_POINT('',(-12.2534864069,-15.04920793524,
    -6.043130642595));
#606 = CARTESIAN_POINT('',(-12.2421091555,-15.02790341785,
    -6.066834218691));
#607 = CARTESIAN_POINT('',(-12.23828593028,-15.02184059297,
    -6.073949398013));
#608 = CARTESIAN_POINT('',(-12.23411870938,-15.01625402489,
    -6.080912610986));
#609 = CARTESIAN_POINT('',(-12.22961071095,-15.01116965373,
    -6.087701783544));
#610 = CARTESIAN_POINT('',(-12.22476780552,-15.0066119593,
    -6.094294168941));
#611 = CARTESIAN_POINT('',(-12.20986215836,-14.99505013436,
    -6.112671985755));
#612 = CARTESIAN_POINT('',(-12.19896739006,-14.98944244443,
    -6.123899752604));
#613 = CARTESIAN_POINT('',(-12.18697722245,-14.98593006221,
    -6.13419294054));
#614 = CARTESIAN_POINT('',(-12.1739961663,-14.98461963303,
    -6.143399404735));
#615 = CARTESIAN_POINT('',(-12.16016913706,-14.98555209382,
    -6.151390981636));
#616 = CARTESIAN_POINT('',(-12.1308641256,-14.99187971481,
    -6.164924451944));
#617 = CARTESIAN_POINT('',(-12.11535091343,-14.99737603189,
    -6.170409482801));
#618 = CARTESIAN_POINT('',(-12.0993354391,-15.00512347216,
    -6.174444011137));
#619 = CARTESIAN_POINT('',(-12.0830265963,-15.01498676128,
    -6.176994912636));
#620 = CARTESIAN_POINT('',(-12.06662829392,-15.02677271901,
    -6.178078223389));
#621 = CARTESIAN_POINT('',(-12.05032088809,-15.0402614684,
    -6.177747963872));
#622 = PCURVE('',#131,#623);
#623 = DEFINITIONAL_REPRESENTATION('',(#624),#647);
#624 = B_SPLINE_CURVE_WITH_KNOTS('',6,(#625,#626,#627,#628,#629,#630,
    #631,#632,#633,#634,#635,#636,#637,#638,#639,#640,#641,#642,#643,
    #644,#645,#646),.UNSPECIFIED.,.F.,.F.,(7,5,5,5,7),(0.,0.320727107942
    ,0.461945620446,0.727977594149,1.),.UNSPECIFIED.);
#625 = CARTESIAN_POINT('',(4.031836868667,0.594875500603));
#626 = CARTESIAN_POINT('',(4.03105098105,0.577168008698));
#627 = CARTESIAN_POINT('',(4.030366265904,0.559347140578));
#628 = CARTESIAN_POINT('',(4.029793583265,0.541565085361));
#629 = CARTESIAN_POINT('',(4.029344908718,0.524000713318));
#630 = CARTESIAN_POINT('',(4.02903258307,0.506869357405));
#631 = CARTESIAN_POINT('',(4.028793649985,0.483165781309));
#632 = CARTESIAN_POINT('',(4.028749000918,0.476050601987));
#633 = CARTESIAN_POINT('',(4.028733602648,0.469087389014));
#634 = CARTESIAN_POINT('',(4.028748221794,0.462298216456));
#635 = CARTESIAN_POINT('',(4.028793469023,0.455705831059));
#636 = CARTESIAN_POINT('',(4.029013403224,0.437328014245));
#637 = CARTESIAN_POINT('',(4.029267160264,0.426100247396));
#638 = CARTESIAN_POINT('',(4.029633698055,0.41580705946));
#639 = CARTESIAN_POINT('',(4.030112519025,0.406600595265));
#640 = CARTESIAN_POINT('',(4.030699233916,0.398609018364));
#641 = CARTESIAN_POINT('',(4.032085926839,0.385075548056));
#642 = CARTESIAN_POINT('',(4.032890651085,0.379590517199));
#643 = CARTESIAN_POINT('',(4.033789612014,0.375555988863));
#644 = CARTESIAN_POINT('',(4.034769750175,0.373005087364));
#645 = CARTESIAN_POINT('',(4.035816211718,0.371921776611));
#646 = CARTESIAN_POINT('',(4.036914191732,0.372252036128));
#647 = ( GEOMETRIC_REPRESENTATION_CONTEXT(2) 
PARAMETRIC_REPRESENTATION_CONTEXT() REPRESENTATION_CONTEXT('2D SPACE',''
  ) );
#648 = PCURVE('',#649,#654);
#649 = CYLINDRICAL_SURFACE('',#650,0.22);
#650 = AXIS2_PLACEMENT_3D('',#651,#652,#653);
#651 = CARTESIAN_POINT('',(-11.8130139995,-22.28743052879,
    -5.780241820044));
#652 = DIRECTION('',(-3.269316925296E-02,0.999165995412,
    -2.446365257945E-02));
#653 = DIRECTION('',(-0.999465115264,-3.270295659162E-02,
    -1.084202172486E-19));
#654 = DEFINITIONAL_REPRESENTATION('',(#655),#678);
#655 = B_SPLINE_CURVE_WITH_KNOTS('',6,(#656,#657,#658,#659,#660,#661,
    #662,#663,#664,#665,#666,#667,#668,#669,#670,#671,#672,#673,#674,
    #675,#676,#677),.UNSPECIFIED.,.F.,.F.,(7,5,5,5,7),(0.,0.320727107942
    ,0.461945620446,0.727977594149,1.),.UNSPECIFIED.);
#656 = CARTESIAN_POINT('',(0.,7.148674090461));
#657 = CARTESIAN_POINT('',(-7.786075389616E-02,7.172515686526));
#658 = CARTESIAN_POINT('',(-0.156371786256,7.195144718236));
#659 = CARTESIAN_POINT('',(-0.235720051196,7.216303621583));
#660 = CARTESIAN_POINT('',(-0.316043044872,7.235701628456));
#661 = CARTESIAN_POINT('',(-0.397434913682,7.253017542484));
#662 = CARTESIAN_POINT('',(-0.516241228941,7.274512209448));
#663 = CARTESIAN_POINT('',(-0.55277097143,7.280619047839));
#664 = CARTESIAN_POINT('',(-0.589511224192,7.286235062654));
#665 = CARTESIAN_POINT('',(-0.626458528153,7.291333900628));
#666 = CARTESIAN_POINT('',(-0.663605098079,7.295890737821));
#667 = CARTESIAN_POINT('',(-0.771267671752,7.307405195824));
#668 = CARTESIAN_POINT('',(-0.842272855702,7.312926696604));
#669 = CARTESIAN_POINT('',(-0.91384440696,7.316295961873));
#670 = CARTESIAN_POINT('',(-0.98584210108,7.317406130024));
#671 = CARTESIAN_POINT('',(-1.058085053635,7.316217900665));
#672 = CARTESIAN_POINT('',(-1.204225763734,7.309268561358));
#673 = CARTESIAN_POINT('',(-1.278146916868,7.303403836044));
#674 = CARTESIAN_POINT('',(-1.351857559149,7.295237959868));
#675 = CARTESIAN_POINT('',(-1.42516402509,7.28491211338));
#676 = CARTESIAN_POINT('',(-1.497916018071,7.272626374458));
#677 = CARTESIAN_POINT('',(-1.569995865043,7.258607654618));
#678 = ( GEOMETRIC_REPRESENTATION_CONTEXT(2) 
PARAMETRIC_REPRESENTATION_CONTEXT() REPRESENTATION_CONTEXT('2D SPACE',''
  ) );
#679 = ORIENTED_EDGE('',*,*,#680,.T.);
#680 = EDGE_CURVE('',#596,#681,#683,.T.);
#681 = VERTEX_POINT('',#682);
#682 = CARTESIAN_POINT('',(-12.26638755174,-15.15868518145,-5.95));
#683 = SURFACE_CURVE('',#684,(#689,#699),.PCURVE_S1.);
#684 = HYPERBOLA('',#685,12.755560271756,12.755560271756);
#685 = AXIS2_PLACEMENT_3D('',#686,#687,#688);
#686 = CARTESIAN_POINT('',(-12.74873751727,-0.417144533869,-25.45));
#687 = DIRECTION('',(0.999465115264,3.270295659162E-02,-0.));
#688 = DIRECTION('',(0.,0.,1.));
#689 = PCURVE('',#131,#690);
#690 = DEFINITIONAL_REPRESENTATION('',(#691),#698);
#691 = B_SPLINE_CURVE_WITH_KNOTS('',5,(#692,#693,#694,#695,#696,#697),
  .UNSPECIFIED.,.F.,.F.,(6,6),(0.945878812974,0.987702642809),
  .PIECEWISE_BEZIER_KNOTS.);
#692 = CARTESIAN_POINT('',(4.004272158862,1.33226762955E-15));
#693 = CARTESIAN_POINT('',(4.009917517404,0.116659454438));
#694 = CARTESIAN_POINT('',(4.015519318774,0.234971933813));
#695 = CARTESIAN_POINT('',(4.021077636234,0.354954443526));
#696 = CARTESIAN_POINT('',(4.02659256505,0.476624470803));
#697 = CARTESIAN_POINT('',(4.032064220252,0.6));
#698 = ( GEOMETRIC_REPRESENTATION_CONTEXT(2) 
PARAMETRIC_REPRESENTATION_CONTEXT() REPRESENTATION_CONTEXT('2D SPACE',''
  ) );
#699 = PCURVE('',#700,#705);
#700 = PLANE('',#701);
#701 = AXIS2_PLACEMENT_3D('',#702,#703,#704);
#702 = CARTESIAN_POINT('',(-12.3,-14.1314242555,-7.55));
#703 = DIRECTION('',(0.999465115264,3.270295659162E-02,-0.));
#704 = DIRECTION('',(3.270295659162E-02,-0.999465115264,0.));
#705 = DEFINITIONAL_REPRESENTATION('',(#706),#710);
#706 = ( BOUNDED_CURVE() B_SPLINE_CURVE(2,(#707,#708,#709),
.UNSPECIFIED.,.F.,.F.) B_SPLINE_CURVE_WITH_KNOTS((3,3),(0.945878812974,
0.987702642809),.PIECEWISE_BEZIER_KNOTS.) CURVE() 
GEOMETRIC_REPRESENTATION_ITEM() RATIONAL_B_SPLINE_CURVE((1.,
1.000218662061,1.)) REPRESENTATION_ITEM('') );
#707 = CARTESIAN_POINT('',(0.224910188274,-1.));
#708 = CARTESIAN_POINT('',(0.620087777096,-1.291606130084));
#709 = CARTESIAN_POINT('',(1.027810686198,-1.6));
#710 = ( GEOMETRIC_REPRESENTATION_CONTEXT(2) 
PARAMETRIC_REPRESENTATION_CONTEXT() REPRESENTATION_CONTEXT('2D SPACE',''
  ) );
#711 = ORIENTED_EDGE('',*,*,#712,.F.);
#712 = EDGE_CURVE('',#713,#681,#715,.T.);
#713 = VERTEX_POINT('',#714);
#714 = CARTESIAN_POINT('',(-12.26638755174,15.158685181453,-5.95));
#715 = SURFACE_CURVE('',#716,(#721,#728),.PCURVE_S1.);
#716 = CIRCLE('',#717,19.5);
#717 = AXIS2_PLACEMENT_3D('',#718,#719,#720);
#718 = CARTESIAN_POINT('',(0.,0.,-5.95));
#719 = DIRECTION('',(0.,0.,1.));
#720 = DIRECTION('',(1.,0.,-0.));
#721 = PCURVE('',#131,#722);
#722 = DEFINITIONAL_REPRESENTATION('',(#723),#727);
#723 = LINE('',#724,#725);
#724 = CARTESIAN_POINT('',(0.,0.6));
#725 = VECTOR('',#726,1.);
#726 = DIRECTION('',(1.,0.));
#727 = ( GEOMETRIC_REPRESENTATION_CONTEXT(2) 
PARAMETRIC_REPRESENTATION_CONTEXT() REPRESENTATION_CONTEXT('2D SPACE',''
  ) );
#728 = PCURVE('',#729,#734);
#729 = CYLINDRICAL_SURFACE('',#730,19.5);
#730 = AXIS2_PLACEMENT_3D('',#731,#732,#733);
#731 = CARTESIAN_POINT('',(0.,0.,-5.95));
#732 = DIRECTION('',(0.,0.,1.));
#733 = DIRECTION('',(1.,0.,-0.));
#734 = DEFINITIONAL_REPRESENTATION('',(#735),#738);
#735 = B_SPLINE_CURVE_WITH_KNOTS('',1,(#736,#737),.UNSPECIFIED.,.F.,.F.,
  (2,2),(1.032172352393,6.28318530718),.PIECEWISE_BEZIER_KNOTS.);
#736 = CARTESIAN_POINT('',(1.032172352393,0.));
#737 = CARTESIAN_POINT('',(6.28318530718,0.));
#738 = ( GEOMETRIC_REPRESENTATION_CONTEXT(2) 
PARAMETRIC_REPRESENTATION_CONTEXT() REPRESENTATION_CONTEXT('2D SPACE',''
  ) );
#739 = ORIENTED_EDGE('',*,*,#740,.F.);
#740 = EDGE_CURVE('',#741,#713,#743,.T.);
#741 = VERTEX_POINT('',#742);
#742 = CARTESIAN_POINT('',(-12.26660913683,15.151913115777,
    -5.955124499397));
#743 = SURFACE_CURVE('',#744,(#749,#759),.PCURVE_S1.);
#744 = HYPERBOLA('',#745,12.755560271756,12.755560271756);
#745 = AXIS2_PLACEMENT_3D('',#746,#747,#748);
#746 = CARTESIAN_POINT('',(-12.74873751727,0.417144533869,-25.45));
#747 = DIRECTION('',(-0.999465115264,3.270295659162E-02,0.));
#748 = DIRECTION('',(0.,0.,1.));
#749 = PCURVE('',#131,#750);
#750 = DEFINITIONAL_REPRESENTATION('',(#751),#758);
#751 = B_SPLINE_CURVE_WITH_KNOTS('',5,(#752,#753,#754,#755,#756,#757),
  .UNSPECIFIED.,.F.,.F.,(6,6),(0.945878812974,0.987702642809),
  .PIECEWISE_BEZIER_KNOTS.);
#752 = CARTESIAN_POINT('',(2.278913148318,3.10862446895E-15));
#753 = CARTESIAN_POINT('',(2.273267789776,0.116659454438));
#754 = CARTESIAN_POINT('',(2.267665988406,0.234971933813));
#755 = CARTESIAN_POINT('',(2.262107670945,0.354954443526));
#756 = CARTESIAN_POINT('',(2.25659274213,0.476624470803));
#757 = CARTESIAN_POINT('',(2.251121086927,0.6));
#758 = ( GEOMETRIC_REPRESENTATION_CONTEXT(2) 
PARAMETRIC_REPRESENTATION_CONTEXT() REPRESENTATION_CONTEXT('2D SPACE',''
  ) );
#759 = PCURVE('',#760,#765);
#760 = PLANE('',#761);
#761 = AXIS2_PLACEMENT_3D('',#762,#763,#764);
#762 = CARTESIAN_POINT('',(-12.3,14.131424255502,-7.55));
#763 = DIRECTION('',(-0.999465115264,3.270295659162E-02,0.));
#764 = DIRECTION('',(3.270295659162E-02,0.999465115264,0.));
#765 = DEFINITIONAL_REPRESENTATION('',(#766),#770);
#766 = ( BOUNDED_CURVE() B_SPLINE_CURVE(2,(#767,#768,#769),
.UNSPECIFIED.,.F.,.F.) B_SPLINE_CURVE_WITH_KNOTS((3,3),(0.945878812974,
0.987702642809),.PIECEWISE_BEZIER_KNOTS.) CURVE() 
GEOMETRIC_REPRESENTATION_ITEM() RATIONAL_B_SPLINE_CURVE((1.,
1.000218662061,1.)) REPRESENTATION_ITEM('') );
#767 = CARTESIAN_POINT('',(0.224910188274,-1.));
#768 = CARTESIAN_POINT('',(0.620087777096,-1.291606130084));
#769 = CARTESIAN_POINT('',(1.027810686198,-1.6));
#770 = ( GEOMETRIC_REPRESENTATION_CONTEXT(2) 
PARAMETRIC_REPRESENTATION_CONTEXT() REPRESENTATION_CONTEXT('2D SPACE',''
  ) );
#771 = ORIENTED_EDGE('',*,*,#772,.T.);
#772 = EDGE_CURVE('',#741,#773,#775,.T.);
#773 = VERTEX_POINT('',#774);
#774 = CARTESIAN_POINT('',(-12.05032088809,15.040261468402,
    -6.177747963872));
#775 = SURFACE_CURVE('',#776,(#799,#825),.PCURVE_S1.);
#776 = B_SPLINE_CURVE_WITH_KNOTS('',6,(#777,#778,#779,#780,#781,#782,
    #783,#784,#785,#786,#787,#788,#789,#790,#791,#792,#793,#794,#795,
    #796,#797,#798),.UNSPECIFIED.,.F.,.F.,(7,5,5,5,7),(0.,0.320727107942
    ,0.461945620446,0.727977594149,1.),.UNSPECIFIED.);
#777 = CARTESIAN_POINT('',(-12.26660913683,15.151913115777,
    -5.955124499397));
#778 = CARTESIAN_POINT('',(-12.2673748901,15.128510226427,
    -5.972831991302));
#779 = CARTESIAN_POINT('',(-12.26650129765,15.106270049327,
    -5.990652859422));
#780 = CARTESIAN_POINT('',(-12.26392994318,15.085444725859,
    -6.008434914639));
#781 = CARTESIAN_POINT('',(-12.25960421855,15.06631903512,
    -6.025999286682));
#782 = CARTESIAN_POINT('',(-12.2534864069,15.049207935244,
    -6.043130642595));
#783 = CARTESIAN_POINT('',(-12.2421091555,15.027903417859,
    -6.066834218691));
#784 = CARTESIAN_POINT('',(-12.23828593028,15.021840592971,
    -6.073949398013));
#785 = CARTESIAN_POINT('',(-12.23411870938,15.016254024897,
    -6.080912610986));
#786 = CARTESIAN_POINT('',(-12.22961071095,15.011169653737,
    -6.087701783544));
#787 = CARTESIAN_POINT('',(-12.22476780552,15.006611959306,
    -6.094294168941));
#788 = CARTESIAN_POINT('',(-12.20986215836,14.995050134367,
    -6.112671985755));
#789 = CARTESIAN_POINT('',(-12.19896739006,14.989442444431,
    -6.123899752604));
#790 = CARTESIAN_POINT('',(-12.18697722245,14.985930062214,
    -6.13419294054));
#791 = CARTESIAN_POINT('',(-12.1739961663,14.984619633036,
    -6.143399404735));
#792 = CARTESIAN_POINT('',(-12.16016913706,14.985552093824,
    -6.151390981636));
#793 = CARTESIAN_POINT('',(-12.1308641256,14.991879714812,
    -6.164924451944));
#794 = CARTESIAN_POINT('',(-12.11535091343,14.997376031898,
    -6.170409482801));
#795 = CARTESIAN_POINT('',(-12.0993354391,15.005123472162,
    -6.174444011137));
#796 = CARTESIAN_POINT('',(-12.0830265963,15.014986761288,
    -6.176994912636));
#797 = CARTESIAN_POINT('',(-12.06662829392,15.026772719016,
    -6.178078223389));
#798 = CARTESIAN_POINT('',(-12.05032088809,15.040261468402,
    -6.177747963872));
#799 = PCURVE('',#131,#800);
#800 = DEFINITIONAL_REPRESENTATION('',(#801),#824);
#801 = B_SPLINE_CURVE_WITH_KNOTS('',6,(#802,#803,#804,#805,#806,#807,
    #808,#809,#810,#811,#812,#813,#814,#815,#816,#817,#818,#819,#820,
    #821,#822,#823),.UNSPECIFIED.,.F.,.F.,(7,5,5,5,7),(0.,0.320727107942
    ,0.461945620446,0.727977594149,1.),.UNSPECIFIED.);
#802 = CARTESIAN_POINT('',(2.251348438513,0.594875500603));
#803 = CARTESIAN_POINT('',(2.25213432613,0.577168008698));
#804 = CARTESIAN_POINT('',(2.252819041276,0.559347140578));
#805 = CARTESIAN_POINT('',(2.253391723915,0.541565085361));
#806 = CARTESIAN_POINT('',(2.253840398461,0.524000713318));
#807 = CARTESIAN_POINT('',(2.254152724109,0.506869357405));
#808 = CARTESIAN_POINT('',(2.254391657195,0.483165781309));
#809 = CARTESIAN_POINT('',(2.254436306261,0.476050601987));
#810 = CARTESIAN_POINT('',(2.254451704532,0.469087389014));
#811 = CARTESIAN_POINT('',(2.254437085385,0.462298216456));
#812 = CARTESIAN_POINT('',(2.254391838157,0.455705831059));
#813 = CARTESIAN_POINT('',(2.254171903955,0.437328014245));
#814 = CARTESIAN_POINT('',(2.253918146915,0.426100247396));
#815 = CARTESIAN_POINT('',(2.253551609125,0.41580705946));
#816 = CARTESIAN_POINT('',(2.253072788154,0.406600595265));
#817 = CARTESIAN_POINT('',(2.252486073264,0.398609018364));
#818 = CARTESIAN_POINT('',(2.251099380341,0.385075548056));
#819 = CARTESIAN_POINT('',(2.250294656095,0.379590517199));
#820 = CARTESIAN_POINT('',(2.249395695165,0.375555988863));
#821 = CARTESIAN_POINT('',(2.248415557004,0.373005087364));
#822 = CARTESIAN_POINT('',(2.247369095461,0.371921776611));
#823 = CARTESIAN_POINT('',(2.246271115447,0.372252036128));
#824 = ( GEOMETRIC_REPRESENTATION_CONTEXT(2) 
PARAMETRIC_REPRESENTATION_CONTEXT() REPRESENTATION_CONTEXT('2D SPACE',''
  ) );
#825 = PCURVE('',#826,#831);
#826 = CYLINDRICAL_SURFACE('',#827,0.22);
#827 = AXIS2_PLACEMENT_3D('',#828,#829,#830);
#828 = CARTESIAN_POINT('',(-12.08029354124,14.118854784297,
    -5.980241820044));
#829 = DIRECTION('',(3.269316925296E-02,0.999165995412,
    2.446365257945E-02));
#830 = DIRECTION('',(-0.999465115264,3.270295659162E-02,
    -1.084202172486E-19));
#831 = DEFINITIONAL_REPRESENTATION('',(#832),#855);
#832 = B_SPLINE_CURVE_WITH_KNOTS('',6,(#833,#834,#835,#836,#837,#838,
    #839,#840,#841,#842,#843,#844,#845,#846,#847,#848,#849,#850,#851,
    #852,#853,#854),.UNSPECIFIED.,.F.,.F.,(7,5,5,5,7),(0.,0.320727107942
    ,0.461945620446,0.727977594149,1.),.UNSPECIFIED.);
#833 = CARTESIAN_POINT('',(0.,1.026719970196));
#834 = CARTESIAN_POINT('',(-7.786075389616E-02,1.002878374131));
#835 = CARTESIAN_POINT('',(-0.156371786256,0.980249342421));
#836 = CARTESIAN_POINT('',(-0.235720051196,0.959090439074));
#837 = CARTESIAN_POINT('',(-0.316043044872,0.939692432201));
#838 = CARTESIAN_POINT('',(-0.397434913682,0.922376518173));
#839 = CARTESIAN_POINT('',(-0.516241228941,0.900881851209));
#840 = CARTESIAN_POINT('',(-0.55277097143,0.894775012818));
#841 = CARTESIAN_POINT('',(-0.589511224192,0.889158998003));
#842 = CARTESIAN_POINT('',(-0.626458528153,0.884060160029));
#843 = CARTESIAN_POINT('',(-0.663605098079,0.879503322837));
#844 = CARTESIAN_POINT('',(-0.771267671752,0.867988864833));
#845 = CARTESIAN_POINT('',(-0.842272855702,0.862467364053));
#846 = CARTESIAN_POINT('',(-0.91384440696,0.859098098784));
#847 = CARTESIAN_POINT('',(-0.98584210108,0.857987930634));
#848 = CARTESIAN_POINT('',(-1.058085053635,0.859176159992));
#849 = CARTESIAN_POINT('',(-1.204225763734,0.866125499299));
#850 = CARTESIAN_POINT('',(-1.278146916868,0.871990224613));
#851 = CARTESIAN_POINT('',(-1.351857559149,0.880156100789));
#852 = CARTESIAN_POINT('',(-1.42516402509,0.890481947277));
#853 = CARTESIAN_POINT('',(-1.497916018071,0.902767686199));
#854 = CARTESIAN_POINT('',(-1.569995865043,0.916786406039));
#855 = ( GEOMETRIC_REPRESENTATION_CONTEXT(2) 
PARAMETRIC_REPRESENTATION_CONTEXT() REPRESENTATION_CONTEXT('2D SPACE',''
  ) );
#856 = ORIENTED_EDGE('',*,*,#857,.T.);
#857 = EDGE_CURVE('',#773,#858,#860,.T.);
#858 = VERTEX_POINT('',#859);
#859 = CARTESIAN_POINT('',(-10.22,16.377872574594,-6.144997796694));
#860 = SURFACE_CURVE('',#861,(#866,#876),.PCURVE_S1.);
#861 = ELLIPSE('',#862,18.921013102467,18.909673924223);
#862 = AXIS2_PLACEMENT_3D('',#863,#864,#865);
#863 = CARTESIAN_POINT('',(0.,0.46312466101,-6.534655636968));
#864 = DIRECTION('',(0.,2.447673697503E-02,-0.999700399793));
#865 = DIRECTION('',(0.,0.999700399793,2.447673697503E-02));
#866 = PCURVE('',#131,#867);
#867 = DEFINITIONAL_REPRESENTATION('',(#868),#875);
#868 = B_SPLINE_CURVE_WITH_KNOTS('',5,(#869,#870,#871,#872,#873,#874),
  .UNSPECIFIED.,.F.,.F.,(6,6),(5.577918385062,5.723798507924),
  .PIECEWISE_BEZIER_KNOTS.);
#869 = CARTESIAN_POINT('',(2.260336334063,0.367985333413));
#870 = CARTESIAN_POINT('',(2.231702872831,0.376744401551));
#871 = CARTESIAN_POINT('',(2.203085682267,0.385128241993));
#872 = CARTESIAN_POINT('',(2.174483808376,0.393121320541));
#873 = CARTESIAN_POINT('',(2.145896245816,0.400709437042));
#874 = CARTESIAN_POINT('',(2.117321947933,0.40787987604));
#875 = ( GEOMETRIC_REPRESENTATION_CONTEXT(2) 
PARAMETRIC_REPRESENTATION_CONTEXT() REPRESENTATION_CONTEXT('2D SPACE',''
  ) );
#876 = PCURVE('',#877,#882);
#877 = PLANE('',#878);
#878 = AXIS2_PLACEMENT_3D('',#879,#880,#881);
#879 = CARTESIAN_POINT('',(-30.,22.3,-6.));
#880 = DIRECTION('',(0.,2.447673697503E-02,-0.999700399793));
#881 = DIRECTION('',(0.,-0.999700399793,-2.447673697503E-02));
#882 = DEFINITIONAL_REPRESENTATION('',(#883),#887);
#883 = ELLIPSE('',#884,18.921013102467,18.909673924223);
#884 = AXIS2_PLACEMENT_2D('',#885,#886);
#885 = CARTESIAN_POINT('',(21.843419632025,-30.));
#886 = DIRECTION('',(-1.,0.));
#887 = ( GEOMETRIC_REPRESENTATION_CONTEXT(2) 
PARAMETRIC_REPRESENTATION_CONTEXT() REPRESENTATION_CONTEXT('2D SPACE',''
  ) );
#888 = ORIENTED_EDGE('',*,*,#889,.F.);
#889 = EDGE_CURVE('',#890,#858,#892,.T.);
#890 = VERTEX_POINT('',#891);
#891 = CARTESIAN_POINT('',(-10.0026278855,16.739099001565,-5.95));
#892 = SURFACE_CURVE('',#893,(#910,#930),.PCURVE_S1.);
#893 = B_SPLINE_CURVE_WITH_KNOTS('',8,(#894,#895,#896,#897,#898,#899,
    #900,#901,#902,#903,#904,#905,#906,#907,#908,#909),.UNSPECIFIED.,.F.
  ,.F.,(9,7,9),(0.,0.114678943853,1.),.UNSPECIFIED.);
#894 = CARTESIAN_POINT('',(-10.0026278855,16.739099001565,-5.95));
#895 = CARTESIAN_POINT('',(-10.00329455288,16.733561685138,
    -5.954411346774));
#896 = CARTESIAN_POINT('',(-10.00405682776,16.72798622197,
    -5.958805714642));
#897 = CARTESIAN_POINT('',(-10.00491416095,16.722375266109,
    -5.963181034697));
#898 = CARTESIAN_POINT('',(-10.00586598696,16.716731465294,
    -5.967535251374));
#899 = CARTESIAN_POINT('',(-10.00691172398,16.711057460952,
    -5.971866322457));
#900 = CARTESIAN_POINT('',(-10.00805077388,16.705355888198,
    -5.976172219073));
#901 = CARTESIAN_POINT('',(-10.00928252222,16.699629375836,
    -5.980450925695));
#902 = CARTESIAN_POINT('',(-10.02082619324,16.64949960237,
    -6.017506677212));
#903 = CARTESIAN_POINT('',(-10.0365189953,16.603850694282,
    -6.048527132427));
#904 = CARTESIAN_POINT('',(-10.05739383553,16.558032885858,
    -6.07693377342));
#905 = CARTESIAN_POINT('',(-10.08315816592,16.513252664471,
    -6.101807002109));
#906 = CARTESIAN_POINT('',(-10.11333249524,16.471003110306,
    -6.122085497005));
#907 = CARTESIAN_POINT('',(-10.14713575051,16.433067366044,
    -6.136633145632));
#908 = CARTESIAN_POINT('',(-10.18326216814,16.401478720034,
    -6.14441982212));
#909 = CARTESIAN_POINT('',(-10.22,16.377872574594,-6.144997796694));
#910 = PCURVE('',#131,#911);
#911 = DEFINITIONAL_REPRESENTATION('',(#912),#929);
#912 = B_SPLINE_CURVE_WITH_KNOTS('',8,(#913,#914,#915,#916,#917,#918,
    #919,#920,#921,#922,#923,#924,#925,#926,#927,#928),.UNSPECIFIED.,.F.
  ,.F.,(9,7,9),(0.,0.114678943853,1.),.UNSPECIFIED.);
#913 = CARTESIAN_POINT('',(2.109420301196,0.6));
#914 = CARTESIAN_POINT('',(2.109595310078,0.595588653226));
#915 = CARTESIAN_POINT('',(2.109775621671,0.591194285358));
#916 = CARTESIAN_POINT('',(2.109961146208,0.586818965303));
#917 = CARTESIAN_POINT('',(2.110151793043,0.582464748626));
#918 = CARTESIAN_POINT('',(2.110347470654,0.578133677543));
#919 = CARTESIAN_POINT('',(2.11054808664,0.573827780927));
#920 = CARTESIAN_POINT('',(2.110753547725,0.569549074305));
#921 = CARTESIAN_POINT('',(2.112586595935,0.532493322788));
#922 = CARTESIAN_POINT('',(2.114490315502,0.501472867573));
#923 = CARTESIAN_POINT('',(2.116634376508,0.47306622658));
#924 = CARTESIAN_POINT('',(2.118974129902,0.448192997891));
#925 = CARTESIAN_POINT('',(2.121447687671,0.427914502995));
#926 = CARTESIAN_POINT('',(2.123969819183,0.413366854368));
#927 = CARTESIAN_POINT('',(2.126423516608,0.40558017788));
#928 = CARTESIAN_POINT('',(2.128685337207,0.405002203306));
#929 = ( GEOMETRIC_REPRESENTATION_CONTEXT(2) 
PARAMETRIC_REPRESENTATION_CONTEXT() REPRESENTATION_CONTEXT('2D SPACE',''
  ) );
#930 = PCURVE('',#931,#936);
#931 = CYLINDRICAL_SURFACE('',#932,0.22);
#932 = AXIS2_PLACEMENT_3D('',#933,#934,#935);
#933 = CARTESIAN_POINT('',(-10.22,22.294615117865,-5.780065912045));
#934 = DIRECTION('',(0.,-0.999700399793,-2.447673697503E-02));
#935 = DIRECTION('',(1.,0.,0.));
#936 = DEFINITIONAL_REPRESENTATION('',(#937),#954);
#937 = B_SPLINE_CURVE_WITH_KNOTS('',8,(#938,#939,#940,#941,#942,#943,
    #944,#945,#946,#947,#948,#949,#950,#951,#952,#953),.UNSPECIFIED.,.F.
  ,.F.,(9,7,9),(0.,0.114678943853,1.),.UNSPECIFIED.);
#938 = CARTESIAN_POINT('',(-0.154717745452,5.558011114498));
#939 = CARTESIAN_POINT('',(-0.174382133894,5.563654747319));
#940 = CARTESIAN_POINT('',(-0.194033079112,5.569336099863));
#941 = CARTESIAN_POINT('',(-0.213672760049,5.575052468239));
#942 = CARTESIAN_POINT('',(-0.233303362945,5.580801155186));
#943 = CARTESIAN_POINT('',(-0.252927081342,5.586579470083));
#944 = CARTESIAN_POINT('',(-0.272546116078,5.592384728944));
#945 = CARTESIAN_POINT('',(-0.292162675292,5.598214254418));
#946 = CARTESIAN_POINT('',(-0.463216736921,5.649236012877));
#947 = CARTESIAN_POINT('',(-0.614427925503,5.695630524066));
#948 = CARTESIAN_POINT('',(-0.766833091497,5.742129907345));
#949 = CARTESIAN_POINT('',(-0.921404482545,5.787505528044));
#950 = CARTESIAN_POINT('',(-1.078845371396,5.830238775621));
#951 = CARTESIAN_POINT('',(-1.239595754293,5.868519233294));
#952 = CARTESIAN_POINT('',(-1.403806181999,5.900289007772));
#953 = CARTESIAN_POINT('',(-1.570796326795,5.923902227737));
#954 = ( GEOMETRIC_REPRESENTATION_CONTEXT(2) 
PARAMETRIC_REPRESENTATION_CONTEXT() REPRESENTATION_CONTEXT('2D SPACE',''
  ) );
#955 = ORIENTED_EDGE('',*,*,#956,.F.);
#956 = EDGE_CURVE('',#957,#890,#959,.T.);
#957 = VERTEX_POINT('',#958);
#958 = CARTESIAN_POINT('',(10.002627885502,16.739099001565,-5.95));
#959 = SURFACE_CURVE('',#960,(#965,#972),.PCURVE_S1.);
#960 = CIRCLE('',#961,19.5);
#961 = AXIS2_PLACEMENT_3D('',#962,#963,#964);
#962 = CARTESIAN_POINT('',(0.,0.,-5.95));
#963 = DIRECTION('',(0.,0.,1.));
#964 = DIRECTION('',(1.,0.,-0.));
#965 = PCURVE('',#131,#966);
#966 = DEFINITIONAL_REPRESENTATION('',(#967),#971);
#967 = LINE('',#968,#969);
#968 = CARTESIAN_POINT('',(0.,0.6));
#969 = VECTOR('',#970,1.);
#970 = DIRECTION('',(1.,0.));
#971 = ( GEOMETRIC_REPRESENTATION_CONTEXT(2) 
PARAMETRIC_REPRESENTATION_CONTEXT() REPRESENTATION_CONTEXT('2D SPACE',''
  ) );
#972 = PCURVE('',#973,#978);
#973 = CYLINDRICAL_SURFACE('',#974,19.5);
#974 = AXIS2_PLACEMENT_3D('',#975,#976,#977);
#975 = CARTESIAN_POINT('',(0.,0.,-5.95));
#976 = DIRECTION('',(0.,0.,1.));
#977 = DIRECTION('',(1.,0.,-0.));
#978 = DEFINITIONAL_REPRESENTATION('',(#979),#982);
#979 = B_SPLINE_CURVE_WITH_KNOTS('',1,(#980,#981),.UNSPECIFIED.,.F.,.F.,
  (2,2),(1.032172352393,6.28318530718),.PIECEWISE_BEZIER_KNOTS.);
#980 = CARTESIAN_POINT('',(1.032172352393,0.));
#981 = CARTESIAN_POINT('',(6.28318530718,0.));
#982 = ( GEOMETRIC_REPRESENTATION_CONTEXT(2) 
PARAMETRIC_REPRESENTATION_CONTEXT() REPRESENTATION_CONTEXT('2D SPACE',''
  ) );
#983 = ORIENTED_EDGE('',*,*,#984,.T.);
#984 = EDGE_CURVE('',#957,#985,#987,.T.);
#985 = VERTEX_POINT('',#986);
#986 = CARTESIAN_POINT('',(10.22,16.377872574594,-6.144997796694));
#987 = SURFACE_CURVE('',#988,(#1005,#1025),.PCURVE_S1.);
#988 = B_SPLINE_CURVE_WITH_KNOTS('',8,(#989,#990,#991,#992,#993,#994,
    #995,#996,#997,#998,#999,#1000,#1001,#1002,#1003,#1004),
  .UNSPECIFIED.,.F.,.F.,(9,7,9),(0.,0.114678943853,1.),.UNSPECIFIED.);
#989 = CARTESIAN_POINT('',(10.002627885501,16.739099001565,-5.95));
#990 = CARTESIAN_POINT('',(10.003294552887,16.733561685138,
    -5.954411346774));
#991 = CARTESIAN_POINT('',(10.004056827763,16.72798622197,
    -5.958805714642));
#992 = CARTESIAN_POINT('',(10.004914160953,16.722375266109,
    -5.963181034697));
#993 = CARTESIAN_POINT('',(10.005865986965,16.716731465294,
    -5.967535251374));
#994 = CARTESIAN_POINT('',(10.006911723986,16.711057460952,
    -5.971866322457));
#995 = CARTESIAN_POINT('',(10.008050773888,16.705355888198,
    -5.976172219073));
#996 = CARTESIAN_POINT('',(10.009282522222,16.699629375836,
    -5.980450925695));
#997 = CARTESIAN_POINT('',(10.020826193249,16.64949960237,
    -6.017506677212));
#998 = CARTESIAN_POINT('',(10.036518995309,16.603850694282,
    -6.048527132426));
#999 = CARTESIAN_POINT('',(10.057393835539,16.558032885857,
    -6.07693377342));
#1000 = CARTESIAN_POINT('',(10.083158165927,16.513252664472,
    -6.101807002108));
#1001 = CARTESIAN_POINT('',(10.113332495249,16.471003110305,
    -6.122085497005));
#1002 = CARTESIAN_POINT('',(10.147135750514,16.433067366044,
    -6.136633145632));
#1003 = CARTESIAN_POINT('',(10.183262168145,16.401478720034,
    -6.14441982212));
#1004 = CARTESIAN_POINT('',(10.22,16.377872574594,-6.144997796694));
#1005 = PCURVE('',#131,#1006);
#1006 = DEFINITIONAL_REPRESENTATION('',(#1007),#1024);
#1007 = B_SPLINE_CURVE_WITH_KNOTS('',8,(#1008,#1009,#1010,#1011,#1012,
    #1013,#1014,#1015,#1016,#1017,#1018,#1019,#1020,#1021,#1022,#1023),
  .UNSPECIFIED.,.F.,.F.,(9,7,9),(0.,0.114678943853,1.),.UNSPECIFIED.);
#1008 = CARTESIAN_POINT('',(1.032172352393,0.6));
#1009 = CARTESIAN_POINT('',(1.031997343512,0.595588653226));
#1010 = CARTESIAN_POINT('',(1.031817031919,0.591194285358));
#1011 = CARTESIAN_POINT('',(1.031631507381,0.586818965303));
#1012 = CARTESIAN_POINT('',(1.031440860546,0.582464748626));
#1013 = CARTESIAN_POINT('',(1.031245182936,0.578133677543));
#1014 = CARTESIAN_POINT('',(1.03104456695,0.573827780927));
#1015 = CARTESIAN_POINT('',(1.030839105864,0.569549074305));
#1016 = CARTESIAN_POINT('',(1.029006057655,0.532493322788));
#1017 = CARTESIAN_POINT('',(1.027102338088,0.501472867574));
#1018 = CARTESIAN_POINT('',(1.024958277081,0.47306622658));
#1019 = CARTESIAN_POINT('',(1.022618523688,0.448192997892));
#1020 = CARTESIAN_POINT('',(1.020144965919,0.427914502995));
#1021 = CARTESIAN_POINT('',(1.017622834407,0.413366854368));
#1022 = CARTESIAN_POINT('',(1.015169136981,0.40558017788));
#1023 = CARTESIAN_POINT('',(1.012907316383,0.405002203306));
#1024 = ( GEOMETRIC_REPRESENTATION_CONTEXT(2) 
PARAMETRIC_REPRESENTATION_CONTEXT() REPRESENTATION_CONTEXT('2D SPACE',''
  ) );
#1025 = PCURVE('',#1026,#1031);
#1026 = CYLINDRICAL_SURFACE('',#1027,0.22);
#1027 = AXIS2_PLACEMENT_3D('',#1028,#1029,#1030);
#1028 = CARTESIAN_POINT('',(10.22,22.294615117865,-5.780065912045));
#1029 = DIRECTION('',(0.,-0.999700399793,-2.447673697503E-02));
#1030 = DIRECTION('',(-1.,-0.,0.));
#1031 = DEFINITIONAL_REPRESENTATION('',(#1032),#1049);
#1032 = B_SPLINE_CURVE_WITH_KNOTS('',8,(#1033,#1034,#1035,#1036,#1037,
    #1038,#1039,#1040,#1041,#1042,#1043,#1044,#1045,#1046,#1047,#1048),
  .UNSPECIFIED.,.F.,.F.,(9,7,9),(0.,0.114678943853,1.),.UNSPECIFIED.);
#1033 = CARTESIAN_POINT('',(0.154717745452,5.558011114498));
#1034 = CARTESIAN_POINT('',(0.174382133894,5.563654747319));
#1035 = CARTESIAN_POINT('',(0.194033079112,5.569336099863));
#1036 = CARTESIAN_POINT('',(0.213672760049,5.575052468239));
#1037 = CARTESIAN_POINT('',(0.233303362945,5.580801155186));
#1038 = CARTESIAN_POINT('',(0.252927081342,5.586579470083));
#1039 = CARTESIAN_POINT('',(0.272546116078,5.592384728944));
#1040 = CARTESIAN_POINT('',(0.292162675292,5.598214254418));
#1041 = CARTESIAN_POINT('',(0.463216736922,5.649236012877));
#1042 = CARTESIAN_POINT('',(0.614427925502,5.695630524066));
#1043 = CARTESIAN_POINT('',(0.766833091499,5.742129907345));
#1044 = CARTESIAN_POINT('',(0.921404482542,5.787505528044));
#1045 = CARTESIAN_POINT('',(1.078845371398,5.830238775621));
#1046 = CARTESIAN_POINT('',(1.239595754292,5.868519233294));
#1047 = CARTESIAN_POINT('',(1.403806181999,5.900289007772));
#1048 = CARTESIAN_POINT('',(1.570796326795,5.923902227737));
#1049 = ( GEOMETRIC_REPRESENTATION_CONTEXT(2) 
PARAMETRIC_REPRESENTATION_CONTEXT() REPRESENTATION_CONTEXT('2D SPACE',''
  ) );
#1050 = ORIENTED_EDGE('',*,*,#1051,.T.);
#1051 = EDGE_CURVE('',#985,#1052,#1054,.T.);
#1052 = VERTEX_POINT('',#1053);
#1053 = CARTESIAN_POINT('',(12.050320888099,15.040261468402,
    -6.177747963872));
#1054 = SURFACE_CURVE('',#1055,(#1060,#1070),.PCURVE_S1.);
#1055 = ELLIPSE('',#1056,18.921013102467,18.909673924223);
#1056 = AXIS2_PLACEMENT_3D('',#1057,#1058,#1059);
#1057 = CARTESIAN_POINT('',(0.,0.46312466101,-6.534655636968));
#1058 = DIRECTION('',(0.,2.447673697503E-02,-0.999700399793));
#1059 = DIRECTION('',(0.,0.999700399793,2.447673697503E-02));
#1060 = PCURVE('',#131,#1061);
#1061 = DEFINITIONAL_REPRESENTATION('',(#1062),#1069);
#1062 = B_SPLINE_CURVE_WITH_KNOTS('',5,(#1063,#1064,#1065,#1066,#1067,
    #1068),.UNSPECIFIED.,.F.,.F.,(6,6),(0.559386799256,0.705266922117),
  .PIECEWISE_BEZIER_KNOTS.);
#1063 = CARTESIAN_POINT('',(1.024270705657,0.40787987604));
#1064 = CARTESIAN_POINT('',(0.995696407774,0.400709437042));
#1065 = CARTESIAN_POINT('',(0.967108845214,0.393121320541));
#1066 = CARTESIAN_POINT('',(0.938506971323,0.385128241993));
#1067 = CARTESIAN_POINT('',(0.909889780759,0.376744401551));
#1068 = CARTESIAN_POINT('',(0.881256319527,0.367985333413));
#1069 = ( GEOMETRIC_REPRESENTATION_CONTEXT(2) 
PARAMETRIC_REPRESENTATION_CONTEXT() REPRESENTATION_CONTEXT('2D SPACE',''
  ) );
#1070 = PCURVE('',#1071,#1076);
#1071 = PLANE('',#1072);
#1072 = AXIS2_PLACEMENT_3D('',#1073,#1074,#1075);
#1073 = CARTESIAN_POINT('',(-30.,22.3,-6.));
#1074 = DIRECTION('',(0.,2.447673697503E-02,-0.999700399793));
#1075 = DIRECTION('',(0.,-0.999700399793,-2.447673697503E-02));
#1076 = DEFINITIONAL_REPRESENTATION('',(#1077),#1081);
#1077 = ELLIPSE('',#1078,18.921013102467,18.909673924223);
#1078 = AXIS2_PLACEMENT_2D('',#1079,#1080);
#1079 = CARTESIAN_POINT('',(21.843419632025,-30.));
#1080 = DIRECTION('',(-1.,0.));
#1081 = ( GEOMETRIC_REPRESENTATION_CONTEXT(2) 
PARAMETRIC_REPRESENTATION_CONTEXT() REPRESENTATION_CONTEXT('2D SPACE',''
  ) );
#1082 = ORIENTED_EDGE('',*,*,#1083,.F.);
#1083 = EDGE_CURVE('',#1084,#1052,#1086,.T.);
#1084 = VERTEX_POINT('',#1085);
#1085 = CARTESIAN_POINT('',(12.266609136837,15.151913115777,
    -5.955124499397));
#1086 = SURFACE_CURVE('',#1087,(#1110,#1136),.PCURVE_S1.);
#1087 = B_SPLINE_CURVE_WITH_KNOTS('',6,(#1088,#1089,#1090,#1091,#1092,
    #1093,#1094,#1095,#1096,#1097,#1098,#1099,#1100,#1101,#1102,#1103,
    #1104,#1105,#1106,#1107,#1108,#1109),.UNSPECIFIED.,.F.,.F.,(7,5,5,5,
    7),(0.,0.320727107942,0.461945620446,0.727977594149,1.),
  .UNSPECIFIED.);
#1088 = CARTESIAN_POINT('',(12.266609136837,15.151913115777,
    -5.955124499397));
#1089 = CARTESIAN_POINT('',(12.267374890101,15.128510226427,
    -5.972831991302));
#1090 = CARTESIAN_POINT('',(12.266501297655,15.106270049327,
    -5.990652859422));
#1091 = CARTESIAN_POINT('',(12.26392994318,15.085444725859,
    -6.008434914639));
#1092 = CARTESIAN_POINT('',(12.259604218552,15.06631903512,
    -6.025999286682));
#1093 = CARTESIAN_POINT('',(12.253486406907,15.049207935244,
    -6.043130642595));
#1094 = CARTESIAN_POINT('',(12.242109155501,15.027903417859,
    -6.066834218691));
#1095 = CARTESIAN_POINT('',(12.238285930289,15.021840592971,
    -6.073949398013));
#1096 = CARTESIAN_POINT('',(12.234118709384,15.016254024897,
    -6.080912610986));
#1097 = CARTESIAN_POINT('',(12.229610710958,15.011169653737,
    -6.087701783544));
#1098 = CARTESIAN_POINT('',(12.224767805522,15.006611959306,
    -6.094294168941));
#1099 = CARTESIAN_POINT('',(12.209862158364,14.995050134367,
    -6.112671985755));
#1100 = CARTESIAN_POINT('',(12.19896739006,14.989442444431,
    -6.123899752604));
#1101 = CARTESIAN_POINT('',(12.186977222455,14.985930062214,
    -6.13419294054));
#1102 = CARTESIAN_POINT('',(12.173996166305,14.984619633036,
    -6.143399404735));
#1103 = CARTESIAN_POINT('',(12.160169137068,14.985552093824,
    -6.151390981636));
#1104 = CARTESIAN_POINT('',(12.130864125605,14.991879714812,
    -6.164924451944));
#1105 = CARTESIAN_POINT('',(12.115350913435,14.997376031898,
    -6.170409482801));
#1106 = CARTESIAN_POINT('',(12.099335439108,15.005123472162,
    -6.174444011137));
#1107 = CARTESIAN_POINT('',(12.083026596306,15.014986761288,
    -6.176994912636));
#1108 = CARTESIAN_POINT('',(12.06662829392,15.026772719016,
    -6.178078223389));
#1109 = CARTESIAN_POINT('',(12.050320888099,15.040261468402,
    -6.177747963872));
#1110 = PCURVE('',#131,#1111);
#1111 = DEFINITIONAL_REPRESENTATION('',(#1112),#1135);
#1112 = B_SPLINE_CURVE_WITH_KNOTS('',6,(#1113,#1114,#1115,#1116,#1117,
    #1118,#1119,#1120,#1121,#1122,#1123,#1124,#1125,#1126,#1127,#1128,
    #1129,#1130,#1131,#1132,#1133,#1134),.UNSPECIFIED.,.F.,.F.,(7,5,5,5,
    7),(0.,0.320727107942,0.461945620446,0.727977594149,1.),
  .UNSPECIFIED.);
#1113 = CARTESIAN_POINT('',(0.890244215077,0.594875500603));
#1114 = CARTESIAN_POINT('',(0.88945832746,0.577168008698));
#1115 = CARTESIAN_POINT('',(0.888773612314,0.559347140578));
#1116 = CARTESIAN_POINT('',(0.888200929675,0.541565085361));
#1117 = CARTESIAN_POINT('',(0.887752255129,0.524000713318));
#1118 = CARTESIAN_POINT('',(0.88743992948,0.506869357405));
#1119 = CARTESIAN_POINT('',(0.887200996395,0.483165781309));
#1120 = CARTESIAN_POINT('',(0.887156347328,0.476050601987));
#1121 = CARTESIAN_POINT('',(0.887140949058,0.469087389014));
#1122 = CARTESIAN_POINT('',(0.887155568205,0.462298216456));
#1123 = CARTESIAN_POINT('',(0.887200815433,0.455705831059));
#1124 = CARTESIAN_POINT('',(0.887420749635,0.437328014245));
#1125 = CARTESIAN_POINT('',(0.887674506675,0.426100247396));
#1126 = CARTESIAN_POINT('',(0.888041044465,0.41580705946));
#1127 = CARTESIAN_POINT('',(0.888519865435,0.406600595265));
#1128 = CARTESIAN_POINT('',(0.889106580326,0.398609018364));
#1129 = CARTESIAN_POINT('',(0.890493273249,0.385075548056));
#1130 = CARTESIAN_POINT('',(0.891297997495,0.379590517199));
#1131 = CARTESIAN_POINT('',(0.892196958425,0.375555988863));
#1132 = CARTESIAN_POINT('',(0.893177096585,0.373005087364));
#1133 = CARTESIAN_POINT('',(0.894223558128,0.371921776611));
#1134 = CARTESIAN_POINT('',(0.895321538143,0.372252036128));
#1135 = ( GEOMETRIC_REPRESENTATION_CONTEXT(2) 
PARAMETRIC_REPRESENTATION_CONTEXT() REPRESENTATION_CONTEXT('2D SPACE',''
  ) );
#1136 = PCURVE('',#1137,#1142);
#1137 = CYLINDRICAL_SURFACE('',#1138,0.22);
#1138 = AXIS2_PLACEMENT_3D('',#1139,#1140,#1141);
#1139 = CARTESIAN_POINT('',(12.08029354124,14.118854784297,
    -5.980241820044));
#1140 = DIRECTION('',(-3.269316925296E-02,0.999165995412,
    2.446365257945E-02));
#1141 = DIRECTION('',(0.999465115264,3.270295659162E-02,
    -1.084202172486E-19));
#1142 = DEFINITIONAL_REPRESENTATION('',(#1143),#1166);
#1143 = B_SPLINE_CURVE_WITH_KNOTS('',6,(#1144,#1145,#1146,#1147,#1148,
    #1149,#1150,#1151,#1152,#1153,#1154,#1155,#1156,#1157,#1158,#1159,
    #1160,#1161,#1162,#1163,#1164,#1165),.UNSPECIFIED.,.F.,.F.,(7,5,5,5,
    7),(0.,0.320727107942,0.461945620446,0.727977594149,1.),
  .UNSPECIFIED.);
#1144 = CARTESIAN_POINT('',(0.,1.026719970196));
#1145 = CARTESIAN_POINT('',(7.786075389618E-02,1.002878374131));
#1146 = CARTESIAN_POINT('',(0.156371786256,0.980249342421));
#1147 = CARTESIAN_POINT('',(0.235720051196,0.959090439074));
#1148 = CARTESIAN_POINT('',(0.316043044872,0.939692432201));
#1149 = CARTESIAN_POINT('',(0.397434913682,0.922376518173));
#1150 = CARTESIAN_POINT('',(0.516241228941,0.900881851209));
#1151 = CARTESIAN_POINT('',(0.55277097143,0.894775012818));
#1152 = CARTESIAN_POINT('',(0.589511224192,0.889158998003));
#1153 = CARTESIAN_POINT('',(0.626458528153,0.884060160029));
#1154 = CARTESIAN_POINT('',(0.663605098079,0.879503322837));
#1155 = CARTESIAN_POINT('',(0.771267671752,0.867988864833));
#1156 = CARTESIAN_POINT('',(0.842272855702,0.862467364053));
#1157 = CARTESIAN_POINT('',(0.91384440696,0.859098098784));
#1158 = CARTESIAN_POINT('',(0.98584210108,0.857987930634));
#1159 = CARTESIAN_POINT('',(1.058085053635,0.859176159992));
#1160 = CARTESIAN_POINT('',(1.204225763734,0.866125499299));
#1161 = CARTESIAN_POINT('',(1.278146916868,0.871990224613));
#1162 = CARTESIAN_POINT('',(1.351857559149,0.880156100789));
#1163 = CARTESIAN_POINT('',(1.42516402509,0.890481947277));
#1164 = CARTESIAN_POINT('',(1.497916018071,0.902767686199));
#1165 = CARTESIAN_POINT('',(1.569995865043,0.916786406039));
#1166 = ( GEOMETRIC_REPRESENTATION_CONTEXT(2) 
PARAMETRIC_REPRESENTATION_CONTEXT() REPRESENTATION_CONTEXT('2D SPACE',''
  ) );
#1167 = ORIENTED_EDGE('',*,*,#1168,.T.);
#1168 = EDGE_CURVE('',#1084,#1169,#1171,.T.);
#1169 = VERTEX_POINT('',#1170);
#1170 = CARTESIAN_POINT('',(12.266387551745,15.158685181453,-5.95));
#1171 = SURFACE_CURVE('',#1172,(#1177,#1187),.PCURVE_S1.);
#1172 = HYPERBOLA('',#1173,12.755560271756,12.755560271756);
#1173 = AXIS2_PLACEMENT_3D('',#1174,#1175,#1176);
#1174 = CARTESIAN_POINT('',(12.74873751727,0.417144533869,-25.45));
#1175 = DIRECTION('',(-0.999465115264,-3.270295659162E-02,0.));
#1176 = DIRECTION('',(0.,0.,1.));
#1177 = PCURVE('',#131,#1178);
#1178 = DEFINITIONAL_REPRESENTATION('',(#1179),#1186);
#1179 = B_SPLINE_CURVE_WITH_KNOTS('',5,(#1180,#1181,#1182,#1183,#1184,
    #1185),.UNSPECIFIED.,.F.,.F.,(6,6),(0.945878812974,0.987702642809),
  .PIECEWISE_BEZIER_KNOTS.);
#1180 = CARTESIAN_POINT('',(0.862679505272,1.33226762955E-15));
#1181 = CARTESIAN_POINT('',(0.868324863814,0.116659454438));
#1182 = CARTESIAN_POINT('',(0.873926665184,0.234971933813));
#1183 = CARTESIAN_POINT('',(0.879484982644,0.354954443526));
#1184 = CARTESIAN_POINT('',(0.88499991146,0.476624470803));
#1185 = CARTESIAN_POINT('',(0.890471566662,0.6));
#1186 = ( GEOMETRIC_REPRESENTATION_CONTEXT(2) 
PARAMETRIC_REPRESENTATION_CONTEXT() REPRESENTATION_CONTEXT('2D SPACE',''
  ) );
#1187 = PCURVE('',#1188,#1193);
#1188 = PLANE('',#1189);
#1189 = AXIS2_PLACEMENT_3D('',#1190,#1191,#1192);
#1190 = CARTESIAN_POINT('',(12.3,14.131424255502,-7.55));
#1191 = DIRECTION('',(-0.999465115264,-3.270295659162E-02,0.));
#1192 = DIRECTION('',(-3.270295659162E-02,0.999465115264,0.));
#1193 = DEFINITIONAL_REPRESENTATION('',(#1194),#1198);
#1194 = ( BOUNDED_CURVE() B_SPLINE_CURVE(2,(#1195,#1196,#1197),
.UNSPECIFIED.,.F.,.F.) B_SPLINE_CURVE_WITH_KNOTS((3,3),(0.945878812974,
0.987702642809),.PIECEWISE_BEZIER_KNOTS.) CURVE() 
GEOMETRIC_REPRESENTATION_ITEM() RATIONAL_B_SPLINE_CURVE((1.,
1.000218662061,1.)) REPRESENTATION_ITEM('') );
#1195 = CARTESIAN_POINT('',(0.224910188274,-1.));
#1196 = CARTESIAN_POINT('',(0.620087777096,-1.291606130084));
#1197 = CARTESIAN_POINT('',(1.027810686198,-1.6));
#1198 = ( GEOMETRIC_REPRESENTATION_CONTEXT(2) 
PARAMETRIC_REPRESENTATION_CONTEXT() REPRESENTATION_CONTEXT('2D SPACE',''
  ) );
#1199 = ORIENTED_EDGE('',*,*,#1200,.F.);
#1200 = EDGE_CURVE('',#200,#1169,#1201,.T.);
#1201 = SURFACE_CURVE('',#1202,(#1207,#1214),.PCURVE_S1.);
#1202 = CIRCLE('',#1203,19.5);
#1203 = AXIS2_PLACEMENT_3D('',#1204,#1205,#1206);
#1204 = CARTESIAN_POINT('',(0.,0.,-5.95));
#1205 = DIRECTION('',(0.,0.,1.));
#1206 = DIRECTION('',(1.,0.,-0.));
#1207 = PCURVE('',#131,#1208);
#1208 = DEFINITIONAL_REPRESENTATION('',(#1209),#1213);
#1209 = LINE('',#1210,#1211);
#1210 = CARTESIAN_POINT('',(0.,0.6));
#1211 = VECTOR('',#1212,1.);
#1212 = DIRECTION('',(1.,0.));
#1213 = ( GEOMETRIC_REPRESENTATION_CONTEXT(2) 
PARAMETRIC_REPRESENTATION_CONTEXT() REPRESENTATION_CONTEXT('2D SPACE',''
  ) );
#1214 = PCURVE('',#241,#1215);
#1215 = DEFINITIONAL_REPRESENTATION('',(#1216),#1219);
#1216 = B_SPLINE_CURVE_WITH_KNOTS('',1,(#1217,#1218),.UNSPECIFIED.,.F.,
  .F.,(2,2),(0.,0.890471566662),.PIECEWISE_BEZIER_KNOTS.);
#1217 = CARTESIAN_POINT('',(6.28318530718,0.));
#1218 = CARTESIAN_POINT('',(7.173656873842,0.));
#1219 = ( GEOMETRIC_REPRESENTATION_CONTEXT(2) 
PARAMETRIC_REPRESENTATION_CONTEXT() REPRESENTATION_CONTEXT('2D SPACE',''
  ) );
#1220 = ADVANCED_FACE('',(#1221),#184,.F.);
#1221 = FACE_BOUND('',#1222,.T.);
#1222 = EDGE_LOOP('',(#1223,#1246,#1273,#1274));
#1223 = ORIENTED_EDGE('',*,*,#1224,.F.);
#1224 = EDGE_CURVE('',#1225,#147,#1227,.T.);
#1225 = VERTEX_POINT('',#1226);
#1226 = CARTESIAN_POINT('',(17.05,0.,-6.12));
#1227 = SEAM_CURVE('',#1228,(#1232,#1239),.PCURVE_S1.);
#1228 = LINE('',#1229,#1230);
#1229 = CARTESIAN_POINT('',(17.05,0.,-6.12));
#1230 = VECTOR('',#1231,1.);
#1231 = DIRECTION('',(0.,0.,-1.));
#1232 = PCURVE('',#184,#1233);
#1233 = DEFINITIONAL_REPRESENTATION('',(#1234),#1238);
#1234 = LINE('',#1235,#1236);
#1235 = CARTESIAN_POINT('',(-0.,0.));
#1236 = VECTOR('',#1237,1.);
#1237 = DIRECTION('',(-0.,1.));
#1238 = ( GEOMETRIC_REPRESENTATION_CONTEXT(2) 
PARAMETRIC_REPRESENTATION_CONTEXT() REPRESENTATION_CONTEXT('2D SPACE',''
  ) );
#1239 = PCURVE('',#184,#1240);
#1240 = DEFINITIONAL_REPRESENTATION('',(#1241),#1245);
#1241 = LINE('',#1242,#1243);
#1242 = CARTESIAN_POINT('',(-6.28318530718,0.));
#1243 = VECTOR('',#1244,1.);
#1244 = DIRECTION('',(-0.,1.));
#1245 = ( GEOMETRIC_REPRESENTATION_CONTEXT(2) 
PARAMETRIC_REPRESENTATION_CONTEXT() REPRESENTATION_CONTEXT('2D SPACE',''
  ) );
#1246 = ORIENTED_EDGE('',*,*,#1247,.T.);
#1247 = EDGE_CURVE('',#1225,#1225,#1248,.T.);
#1248 = SURFACE_CURVE('',#1249,(#1254,#1261),.PCURVE_S1.);
#1249 = CIRCLE('',#1250,17.05);
#1250 = AXIS2_PLACEMENT_3D('',#1251,#1252,#1253);
#1251 = CARTESIAN_POINT('',(0.,0.,-6.12));
#1252 = DIRECTION('',(0.,0.,1.));
#1253 = DIRECTION('',(1.,0.,-0.));
#1254 = PCURVE('',#184,#1255);
#1255 = DEFINITIONAL_REPRESENTATION('',(#1256),#1260);
#1256 = LINE('',#1257,#1258);
#1257 = CARTESIAN_POINT('',(-0.,0.));
#1258 = VECTOR('',#1259,1.);
#1259 = DIRECTION('',(-1.,0.));
#1260 = ( GEOMETRIC_REPRESENTATION_CONTEXT(2) 
PARAMETRIC_REPRESENTATION_CONTEXT() REPRESENTATION_CONTEXT('2D SPACE',''
  ) );
#1261 = PCURVE('',#1262,#1267);
#1262 = PLANE('',#1263);
#1263 = AXIS2_PLACEMENT_3D('',#1264,#1265,#1266);
#1264 = CARTESIAN_POINT('',(0.,0.,-6.12));
#1265 = DIRECTION('',(0.,0.,1.));
#1266 = DIRECTION('',(1.,0.,-0.));
#1267 = DEFINITIONAL_REPRESENTATION('',(#1268),#1272);
#1268 = CIRCLE('',#1269,17.05);
#1269 = AXIS2_PLACEMENT_2D('',#1270,#1271);
#1270 = CARTESIAN_POINT('',(0.,0.));
#1271 = DIRECTION('',(1.,-0.));
#1272 = ( GEOMETRIC_REPRESENTATION_CONTEXT(2) 
PARAMETRIC_REPRESENTATION_CONTEXT() REPRESENTATION_CONTEXT('2D SPACE',''
  ) );
#1273 = ORIENTED_EDGE('',*,*,#1224,.T.);
#1274 = ORIENTED_EDGE('',*,*,#169,.T.);
#1275 = ADVANCED_FACE('',(#1276,#1349),#241,.T.);
#1276 = FACE_BOUND('',#1277,.T.);
#1277 = EDGE_LOOP('',(#1278,#1299,#1328,#1347,#1348));
#1278 = ORIENTED_EDGE('',*,*,#1279,.T.);
#1279 = EDGE_CURVE('',#1169,#1280,#1282,.T.);
#1280 = VERTEX_POINT('',#1281);
#1281 = CARTESIAN_POINT('',(12.266387551745,15.158685181453,1.55));
#1282 = SURFACE_CURVE('',#1283,(#1287,#1293),.PCURVE_S1.);
#1283 = LINE('',#1284,#1285);
#1284 = CARTESIAN_POINT('',(12.266387551745,15.158685181453,-5.95));
#1285 = VECTOR('',#1286,1.);
#1286 = DIRECTION('',(0.,0.,1.));
#1287 = PCURVE('',#241,#1288);
#1288 = DEFINITIONAL_REPRESENTATION('',(#1289),#1292);
#1289 = B_SPLINE_CURVE_WITH_KNOTS('',1,(#1290,#1291),.UNSPECIFIED.,.F.,
  .F.,(2,2),(0.,7.5),.PIECEWISE_BEZIER_KNOTS.);
#1290 = CARTESIAN_POINT('',(7.173656873842,0.));
#1291 = CARTESIAN_POINT('',(7.173656873842,7.5));
#1292 = ( GEOMETRIC_REPRESENTATION_CONTEXT(2) 
PARAMETRIC_REPRESENTATION_CONTEXT() REPRESENTATION_CONTEXT('2D SPACE',''
  ) );
#1293 = PCURVE('',#1188,#1294);
#1294 = DEFINITIONAL_REPRESENTATION('',(#1295),#1298);
#1295 = B_SPLINE_CURVE_WITH_KNOTS('',1,(#1296,#1297),.UNSPECIFIED.,.F.,
  .F.,(2,2),(-5.999999999062E-07,7.5000006),.PIECEWISE_BEZIER_KNOTS.);
#1296 = CARTESIAN_POINT('',(1.027810686198,-1.5999994));
#1297 = CARTESIAN_POINT('',(1.027810686198,-9.1000006));
#1298 = ( GEOMETRIC_REPRESENTATION_CONTEXT(2) 
PARAMETRIC_REPRESENTATION_CONTEXT() REPRESENTATION_CONTEXT('2D SPACE',''
  ) );
#1299 = ORIENTED_EDGE('',*,*,#1300,.T.);
#1300 = EDGE_CURVE('',#1280,#1301,#1303,.T.);
#1301 = VERTEX_POINT('',#1302);
#1302 = CARTESIAN_POINT('',(12.266387551745,-15.15868518145,1.55));
#1303 = SURFACE_CURVE('',#1304,(#1309,#1316),.PCURVE_S1.);
#1304 = CIRCLE('',#1305,19.5);
#1305 = AXIS2_PLACEMENT_3D('',#1306,#1307,#1308);
#1306 = CARTESIAN_POINT('',(0.,0.,1.55));
#1307 = DIRECTION('',(0.,0.,-1.));
#1308 = DIRECTION('',(0.629045515474,0.777368470844,0.));
#1309 = PCURVE('',#241,#1310);
#1310 = DEFINITIONAL_REPRESENTATION('',(#1311),#1315);
#1311 = LINE('',#1312,#1313);
#1312 = CARTESIAN_POINT('',(7.173656873842,7.5));
#1313 = VECTOR('',#1314,1.);
#1314 = DIRECTION('',(-1.,-0.));
#1315 = ( GEOMETRIC_REPRESENTATION_CONTEXT(2) 
PARAMETRIC_REPRESENTATION_CONTEXT() REPRESENTATION_CONTEXT('2D SPACE',''
  ) );
#1316 = PCURVE('',#1317,#1322);
#1317 = CONICAL_SURFACE('',#1318,19.5,4.225458934946E-02);
#1318 = AXIS2_PLACEMENT_3D('',#1319,#1320,#1321);
#1319 = CARTESIAN_POINT('',(0.,0.,1.55));
#1320 = DIRECTION('',(-0.,-0.,-1.));
#1321 = DIRECTION('',(1.,0.,-0.));
#1322 = DEFINITIONAL_REPRESENTATION('',(#1323),#1327);
#1323 = LINE('',#1324,#1325);
#1324 = CARTESIAN_POINT('',(-7.173656873842,-0.));
#1325 = VECTOR('',#1326,1.);
#1326 = DIRECTION('',(1.,-0.));
#1327 = ( GEOMETRIC_REPRESENTATION_CONTEXT(2) 
PARAMETRIC_REPRESENTATION_CONTEXT() REPRESENTATION_CONTEXT('2D SPACE',''
  ) );
#1328 = ORIENTED_EDGE('',*,*,#1329,.F.);
#1329 = EDGE_CURVE('',#225,#1301,#1330,.T.);
#1330 = SURFACE_CURVE('',#1331,(#1335,#1341),.PCURVE_S1.);
#1331 = LINE('',#1332,#1333);
#1332 = CARTESIAN_POINT('',(12.266387551745,-15.15868518145,-5.95));
#1333 = VECTOR('',#1334,1.);
#1334 = DIRECTION('',(0.,0.,1.));
#1335 = PCURVE('',#241,#1336);
#1336 = DEFINITIONAL_REPRESENTATION('',(#1337),#1340);
#1337 = B_SPLINE_CURVE_WITH_KNOTS('',1,(#1338,#1339),.UNSPECIFIED.,.F.,
  .F.,(2,2),(-6.000000105644E-07,7.5000006),.PIECEWISE_BEZIER_KNOTS.);
#1338 = CARTESIAN_POINT('',(5.392713740517,-6.000000105644E-07));
#1339 = CARTESIAN_POINT('',(5.392713740517,7.5000006));
#1340 = ( GEOMETRIC_REPRESENTATION_CONTEXT(2) 
PARAMETRIC_REPRESENTATION_CONTEXT() REPRESENTATION_CONTEXT('2D SPACE',''
  ) );
#1341 = PCURVE('',#272,#1342);
#1342 = DEFINITIONAL_REPRESENTATION('',(#1343),#1346);
#1343 = B_SPLINE_CURVE_WITH_KNOTS('',1,(#1344,#1345),.UNSPECIFIED.,.F.,
  .F.,(2,2),(-6.000000105644E-07,7.5000006),.PIECEWISE_BEZIER_KNOTS.);
#1344 = CARTESIAN_POINT('',(1.027810686198,-1.5999994));
#1345 = CARTESIAN_POINT('',(1.027810686198,-9.1000006));
#1346 = ( GEOMETRIC_REPRESENTATION_CONTEXT(2) 
PARAMETRIC_REPRESENTATION_CONTEXT() REPRESENTATION_CONTEXT('2D SPACE',''
  ) );
#1347 = ORIENTED_EDGE('',*,*,#224,.T.);
#1348 = ORIENTED_EDGE('',*,*,#1200,.T.);
#1349 = FACE_BOUND('',#1350,.T.);
#1350 = EDGE_LOOP('',(#1351));
#1351 = ORIENTED_EDGE('',*,*,#1352,.T.);
#1352 = EDGE_CURVE('',#1353,#1353,#1355,.T.);
#1353 = VERTEX_POINT('',#1354);
#1354 = CARTESIAN_POINT('',(19.4592497286,1.26,-2.32));
#1355 = SURFACE_CURVE('',#1356,(#1413,#1508),.PCURVE_S1.);
#1356 = B_SPLINE_CURVE_WITH_KNOTS('',7,(#1357,#1358,#1359,#1360,#1361,
    #1362,#1363,#1364,#1365,#1366,#1367,#1368,#1369,#1370,#1371,#1372,
    #1373,#1374,#1375,#1376,#1377,#1378,#1379,#1380,#1381,#1382,#1383,
    #1384,#1385,#1386,#1387,#1388,#1389,#1390,#1391,#1392,#1393,#1394,
    #1395,#1396,#1397,#1398,#1399,#1400,#1401,#1402,#1403,#1404,#1405,
    #1406,#1407,#1408,#1409,#1410,#1411,#1412),.UNSPECIFIED.,.T.,.F.,(8,
    6,6,6,6,6,6,6,6,8),(0.,0.539918681376,1.,1.543535782842,
    2.005157796292,2.466780030775,3.010321906729,3.23943428791,
    3.548316803071,4.000729359301),.UNSPECIFIED.);
#1357 = CARTESIAN_POINT('',(19.4592497286,1.26,-2.32));
#1358 = CARTESIAN_POINT('',(19.4592497286,1.26,-2.456339366526));
#1359 = CARTESIAN_POINT('',(19.460364150579,1.242788738597,-2.5927011107
    ));
#1360 = CARTESIAN_POINT('',(19.462593903368,1.20835430851,
    -2.727510502189));
#1361 = CARTESIAN_POINT('',(19.465861143842,1.156404236812,
    -2.85906802489));
#1362 = CARTESIAN_POINT('',(19.470003021139,1.086489735534,
    -2.98534847624));
#1363 = CARTESIAN_POINT('',(19.47473445482,0.998110367186,
    -3.103798721404));
#1364 = CARTESIAN_POINT('',(19.483811868796,0.799643771035,
    -3.302265317555));
#1365 = CARTESIAN_POINT('',(19.488175069491,0.69330667663,
    -3.386767054843));
#1366 = CARTESIAN_POINT('',(19.492389820576,0.572805234274,
    -3.460058711966));
#1367 = CARTESIAN_POINT('',(19.496024302404,0.440133077758,
    -3.518469245783));
#1368 = CARTESIAN_POINT('',(19.498651003627,0.298115412476,
    -3.559123140728));
#1369 = CARTESIAN_POINT('',(19.5,0.15015688628,-3.58));
#1370 = CARTESIAN_POINT('',(19.5,-0.177393946308,-3.58));
#1371 = CARTESIAN_POINT('',(19.49811722666,-0.350705207911,
    -3.550862598306));
#1372 = CARTESIAN_POINT('',(19.494507948859,-0.514344446768,
    -3.495000503048));
#1373 = CARTESIAN_POINT('',(19.489676460282,-0.663558938635,
    -3.416012872159));
#1374 = CARTESIAN_POINT('',(19.484351521094,-0.79466707932,
    -3.318607630404));
#1375 = CARTESIAN_POINT('',(19.479177050565,-0.90543450857,
    -3.208497499628));
#1376 = CARTESIAN_POINT('',(19.470653139449,-1.072168403486,
    -2.993545457528));
#1377 = CARTESIAN_POINT('',(19.467069915308,-1.135368653033,
    -2.888488950584));
#1378 = CARTESIAN_POINT('',(19.464024822708,-1.185485101199,
    -2.778881461872));
#1379 = CARTESIAN_POINT('',(19.461657311614,-1.222815199991,
    -2.666132889776));
#1380 = CARTESIAN_POINT('',(19.460052357249,-1.247605317267,
    -2.551400032321));
#1381 = CARTESIAN_POINT('',(19.4592497286,-1.26,-2.435698293562));
#1382 = CARTESIAN_POINT('',(19.4592497286,-1.26,-2.20430165104));
#1383 = CARTESIAN_POINT('',(19.460052357282,-1.247605314802,
    -2.088600976882));
#1384 = CARTESIAN_POINT('',(19.4616572846,-1.222815582168,-1.97386863839
    ));
#1385 = CARTESIAN_POINT('',(19.464024788354,-1.185485692715,
    -1.861119416697));
#1386 = CARTESIAN_POINT('',(19.467069917112,-1.135368725559,
    -1.751510641304));
#1387 = CARTESIAN_POINT('',(19.470653181457,-1.072167581765,
    -1.646453483115));
#1388 = CARTESIAN_POINT('',(19.479177050565,-0.90543450857,
    -1.431502500372));
#1389 = CARTESIAN_POINT('',(19.484351521094,-0.794667079319,
    -1.321392369596));
#1390 = CARTESIAN_POINT('',(19.489676460282,-0.663558938635,
    -1.223987127841));
#1391 = CARTESIAN_POINT('',(19.494507948859,-0.514344446767,
    -1.144999496952));
#1392 = CARTESIAN_POINT('',(19.49811722666,-0.350705207911,
    -1.089137401694));
#1393 = CARTESIAN_POINT('',(19.5,-0.177393946308,-1.06));
#1394 = CARTESIAN_POINT('',(19.5,7.4774642477E-02,-1.06));
#1395 = CARTESIAN_POINT('',(19.499665673352,0.149441296643,
    -1.065177105405));
#1396 = CARTESIAN_POINT('',(19.498997989299,0.223387864359,
    -1.075504283844));
#1397 = CARTESIAN_POINT('',(19.498016089378,0.296009829785,
    -1.090834632963));
#1398 = CARTESIAN_POINT('',(19.496753914505,0.366729766705,
    -1.110903834733));
#1399 = CARTESIAN_POINT('',(19.495256832052,0.435016845845,
    -1.135332609769));
#1400 = CARTESIAN_POINT('',(19.491315265821,0.588562521255,
    -1.201777756868));
#1401 = CARTESIAN_POINT('',(19.488722470852,0.67143525506,
    -1.246948901896));
#1402 = CARTESIAN_POINT('',(19.48591094481,0.748601665223,
    -1.298241344167));
#1403 = CARTESIAN_POINT('',(19.482993093725,0.819756396955,
    -1.354790158165));
#1404 = CARTESIAN_POINT('',(19.480073048953,0.884697008565,
    -1.415759571216));
#1405 = CARTESIAN_POINT('',(19.477240471356,0.94331540502,
    -1.480338257808));
#1406 = CARTESIAN_POINT('',(19.470653139449,1.072168403486,
    -1.646454542472));
#1407 = CARTESIAN_POINT('',(19.467069915308,1.135368653033,
    -1.751511049416));
#1408 = CARTESIAN_POINT('',(19.464024822708,1.185485101199,
    -1.861118538128));
#1409 = CARTESIAN_POINT('',(19.461657311614,1.222815199991,
    -1.973867110224));
#1410 = CARTESIAN_POINT('',(19.460052357249,1.247605317267,
    -2.088599967679));
#1411 = CARTESIAN_POINT('',(19.4592497286,1.26,-2.204301706438));
#1412 = CARTESIAN_POINT('',(19.4592497286,1.26,-2.32));
#1413 = PCURVE('',#241,#1414);
#1414 = DEFINITIONAL_REPRESENTATION('',(#1415),#1507);
#1415 = B_SPLINE_CURVE_WITH_KNOTS('',3,(#1416,#1417,#1418,#1419,#1420,
    #1421,#1422,#1423,#1424,#1425,#1426,#1427,#1428,#1429,#1430,#1431,
    #1432,#1433,#1434,#1435,#1436,#1437,#1438,#1439,#1440,#1441,#1442,
    #1443,#1444,#1445,#1446,#1447,#1448,#1449,#1450,#1451,#1452,#1453,
    #1454,#1455,#1456,#1457,#1458,#1459,#1460,#1461,#1462,#1463,#1464,
    #1465,#1466,#1467,#1468,#1469,#1470,#1471,#1472,#1473,#1474,#1475,
    #1476,#1477,#1478,#1479,#1480,#1481,#1482,#1483,#1484,#1485,#1486,
    #1487,#1488,#1489,#1490,#1491,#1492,#1493,#1494,#1495,#1496,#1497,
    #1498,#1499,#1500,#1501,#1502,#1503,#1504,#1505,#1506),
  .UNSPECIFIED.,.T.,.F.,(4,1,1,1,1,1,1,1,1,1,1,1,1,1,1,1,1,1,1,1,1,1,1,1
    ,1,1,1,1,1,1,1,1,1,1,1,1,1,1,1,1,1,1,1,1,1,1,1,1,1,1,1,1,1,1,1,1,1,1
    ,1,1,1,1,1,1,1,1,1,1,1,1,1,1,1,1,1,1,1,1,1,1,1,1,1,1,1,1,1,1,4),(0.,
    4.546283362842E-02,9.092566725683E-02,0.136388500885,0.181851334514,
    0.227314168142,0.27277700177,0.318239835399,0.363702669027,
    0.409165502656,0.454628336284,0.500091169913,0.545554003541,
    0.591016837169,0.636479670798,0.681942504426,0.727405338055,
    0.772868171683,0.818331005311,0.86379383894,0.909256672568,
    0.954719506197,1.000182339825,1.045645173454,1.091108007082,
    1.13657084071,1.182033674339,1.227496507967,1.272959341596,
    1.318422175224,1.363885008852,1.409347842481,1.454810676109,
    1.500273509738,1.545736343366,1.591199176995,1.636662010623,
    1.682124844251,1.72758767788,1.773050511508,1.818513345137,
    1.863976178765,1.909439012393,1.954901846022,2.00036467965,
    2.045827513279,2.091290346907,2.136753180536,2.182216014164,
    2.227678847792,2.273141681421,2.318604515049,2.364067348678,
    2.409530182306,2.454993015934,2.500455849563,2.545918683191,
    2.59138151682,2.636844350448,2.682307184077,2.727770017705,
    2.773232851333,2.818695684962,2.86415851859,2.909621352219,
    2.955084185847,3.000547019475,3.046009853104,3.091472686732,
    3.136935520361,3.182398353989,3.227861187618,3.273324021246,
    3.318786854874,3.364249688503,3.409712522131,3.45517535576,
    3.500638189388,3.546101023016,3.591563856645,3.637026690273,
    3.682489523902,3.72795235753,3.773415191158,3.818878024787,
    3.864340858415,3.909803692044,3.955266525672,4.000729359301),
  .QUASI_UNIFORM_KNOTS.);
#1416 = CARTESIAN_POINT('',(6.347845739615,3.63));
#1417 = CARTESIAN_POINT('',(6.347845696724,3.603213523415));
#1418 = CARTESIAN_POINT('',(6.347757980389,3.549635921433));
#1419 = CARTESIAN_POINT('',(6.34736258199,3.469464491189));
#1420 = CARTESIAN_POINT('',(6.346702613917,3.389693367613));
#1421 = CARTESIAN_POINT('',(6.34577667776,3.310540432933));
#1422 = CARTESIAN_POINT('',(6.344583031237,3.232234596583));
#1423 = CARTESIAN_POINT('',(6.343119595508,3.155019183489));
#1424 = CARTESIAN_POINT('',(6.341384030059,3.079153842854));
#1425 = CARTESIAN_POINT('',(6.339373855281,3.004918131907));
#1426 = CARTESIAN_POINT('',(6.337086340152,2.932610708633));
#1427 = CARTESIAN_POINT('',(6.3345193122,2.862565405836));
#1428 = CARTESIAN_POINT('',(6.331668550543,2.795105326159));
#1429 = CARTESIAN_POINT('',(6.328537968674,2.730729290098));
#1430 = CARTESIAN_POINT('',(6.325100776614,2.669406881433));
#1431 = CARTESIAN_POINT('',(6.321358133392,2.611807696085));
#1432 = CARTESIAN_POINT('',(6.317329060452,2.558776252462));
#1433 = CARTESIAN_POINT('',(6.313032789628,2.511032354928));
#1434 = CARTESIAN_POINT('',(6.308493091526,2.469249471267));
#1435 = CARTESIAN_POINT('',(6.303736546716,2.434031843751));
#1436 = CARTESIAN_POINT('',(6.298793130086,2.40591871635));
#1437 = CARTESIAN_POINT('',(6.293693661339,2.385381395507));
#1438 = CARTESIAN_POINT('',(6.28847753542,2.37282185941));
#1439 = CARTESIAN_POINT('',(6.283162519683,2.368572305828));
#1440 = CARTESIAN_POINT('',(6.277856055851,2.372889330427));
#1441 = CARTESIAN_POINT('',(6.272659847229,2.385449307509));
#1442 = CARTESIAN_POINT('',(6.267588103813,2.405883980879));
#1443 = CARTESIAN_POINT('',(6.262675965652,2.43377711786));
#1444 = CARTESIAN_POINT('',(6.257950262964,2.468666580411));
#1445 = CARTESIAN_POINT('',(6.253437148545,2.510044896673));
#1446 = CARTESIAN_POINT('',(6.249159815196,2.557360703768));
#1447 = CARTESIAN_POINT('',(6.245138911343,2.610018501105));
#1448 = CARTESIAN_POINT('',(6.24139198995,2.66738459234));
#1449 = CARTESIAN_POINT('',(6.237934038248,2.72877027003));
#1450 = CARTESIAN_POINT('',(6.234774564819,2.79350015466));
#1451 = CARTESIAN_POINT('',(6.23192729258,2.860662993211));
#1452 = CARTESIAN_POINT('',(6.229372569749,2.930053343675));
#1453 = CARTESIAN_POINT('',(6.227090604097,3.001753393913));
#1454 = CARTESIAN_POINT('',(6.225083066127,3.075333558182));
#1455 = CARTESIAN_POINT('',(6.223345986131,3.150532609523));
#1456 = CARTESIAN_POINT('',(6.221877098352,3.227071918667));
#1457 = CARTESIAN_POINT('',(6.220673952911,3.304701783055));
#1458 = CARTESIAN_POINT('',(6.219734499274,3.383185658334));
#1459 = CARTESIAN_POINT('',(6.219057005242,3.462301059349));
#1460 = CARTESIAN_POINT('',(6.21864015167,3.541836250124));
#1461 = CARTESIAN_POINT('',(6.218483077903,3.621587477854));
#1462 = CARTESIAN_POINT('',(6.21858543774,3.701358611359));
#1463 = CARTESIAN_POINT('',(6.218947456623,3.780955766181));
#1464 = CARTESIAN_POINT('',(6.219569892065,3.86017661626));
#1465 = CARTESIAN_POINT('',(6.220453973557,3.938811619197));
#1466 = CARTESIAN_POINT('',(6.221601351034,4.016640722727));
#1467 = CARTESIAN_POINT('',(6.22301402427,4.093430752729));
#1468 = CARTESIAN_POINT('',(6.224694329217,4.168934161109));
#1469 = CARTESIAN_POINT('',(6.226644704863,4.242881297663));
#1470 = CARTESIAN_POINT('',(6.228868270505,4.314996871188));
#1471 = CARTESIAN_POINT('',(6.23136637034,4.384925774597));
#1472 = CARTESIAN_POINT('',(6.234147428119,4.452496909831));
#1473 = CARTESIAN_POINT('',(6.237242768097,4.51783716608));
#1474 = CARTESIAN_POINT('',(6.240638215783,4.579979285018));
#1475 = CARTESIAN_POINT('',(6.244325341092,4.638252613725));
#1476 = CARTESIAN_POINT('',(6.248289760493,4.69195655616));
#1477 = CARTESIAN_POINT('',(6.252514582927,4.740449656482));
#1478 = CARTESIAN_POINT('',(6.256979770231,4.78312722138));
#1479 = CARTESIAN_POINT('',(6.261662612425,4.819428833567));
#1480 = CARTESIAN_POINT('',(6.26653774338,4.848837446604));
#1481 = CARTESIAN_POINT('',(6.271577792622,4.870881954157));
#1482 = CARTESIAN_POINT('',(6.276751863453,4.885133977055));
#1483 = CARTESIAN_POINT('',(6.282031980307,4.891224007488));
#1484 = CARTESIAN_POINT('',(6.287369743636,4.888785615612));
#1485 = CARTESIAN_POINT('',(6.292645790134,4.877842595206));
#1486 = CARTESIAN_POINT('',(6.297825736989,4.85865445397));
#1487 = CARTESIAN_POINT('',(6.302856966001,4.831614866217));
#1488 = CARTESIAN_POINT('',(6.307695651603,4.797264732414));
#1489 = CARTESIAN_POINT('',(6.312296820179,4.756326727896));
#1490 = CARTESIAN_POINT('',(6.316640400285,4.709457194292));
#1491 = CARTESIAN_POINT('',(6.320716198007,4.657228820422));
#1492 = CARTESIAN_POINT('',(6.324514288664,4.600219210874));
#1493 = CARTESIAN_POINT('',(6.328027248909,4.538991327833));
#1494 = CARTESIAN_POINT('',(6.331249738744,4.474093440729));
#1495 = CARTESIAN_POINT('',(6.334177502092,4.406083915987));
#1496 = CARTESIAN_POINT('',(6.336811439009,4.335436376587));
#1497 = CARTESIAN_POINT('',(6.339158197321,4.262433431637));
#1498 = CARTESIAN_POINT('',(6.341219869091,4.18743462848));
#1499 = CARTESIAN_POINT('',(6.342999643355,4.110745037744));
#1500 = CARTESIAN_POINT('',(6.344500210276,4.032654139097));
#1501 = CARTESIAN_POINT('',(6.345724099193,3.953429196821));
#1502 = CARTESIAN_POINT('',(6.346673506862,3.87332081506));
#1503 = CARTESIAN_POINT('',(6.347350242893,3.792564867581));
#1504 = CARTESIAN_POINT('',(6.347755728253,3.711386332845));
#1505 = CARTESIAN_POINT('',(6.347845693762,3.657127921863));
#1506 = CARTESIAN_POINT('',(6.347845739615,3.63));
#1507 = ( GEOMETRIC_REPRESENTATION_CONTEXT(2) 
PARAMETRIC_REPRESENTATION_CONTEXT() REPRESENTATION_CONTEXT('2D SPACE',''
  ) );
#1508 = PCURVE('',#1509,#1514);
#1509 = CYLINDRICAL_SURFACE('',#1510,1.26);
#1510 = AXIS2_PLACEMENT_3D('',#1511,#1512,#1513);
#1511 = CARTESIAN_POINT('',(13.65,0.,-2.32));
#1512 = DIRECTION('',(-1.,-0.,-0.));
#1513 = DIRECTION('',(0.,1.,0.));
#1514 = DEFINITIONAL_REPRESENTATION('',(#1515),#1607);
#1515 = B_SPLINE_CURVE_WITH_KNOTS('',3,(#1516,#1517,#1518,#1519,#1520,
    #1521,#1522,#1523,#1524,#1525,#1526,#1527,#1528,#1529,#1530,#1531,
    #1532,#1533,#1534,#1535,#1536,#1537,#1538,#1539,#1540,#1541,#1542,
    #1543,#1544,#1545,#1546,#1547,#1548,#1549,#1550,#1551,#1552,#1553,
    #1554,#1555,#1556,#1557,#1558,#1559,#1560,#1561,#1562,#1563,#1564,
    #1565,#1566,#1567,#1568,#1569,#1570,#1571,#1572,#1573,#1574,#1575,
    #1576,#1577,#1578,#1579,#1580,#1581,#1582,#1583,#1584,#1585,#1586,
    #1587,#1588,#1589,#1590,#1591,#1592,#1593,#1594,#1595,#1596,#1597,
    #1598,#1599,#1600,#1601,#1602,#1603,#1604,#1605,#1606),
  .UNSPECIFIED.,.F.,.F.,(4,1,1,1,1,1,1,1,1,1,1,1,1,1,1,1,1,1,1,1,1,1,1,1
    ,1,1,1,1,1,1,1,1,1,1,1,1,1,1,1,1,1,1,1,1,1,1,1,1,1,1,1,1,1,1,1,1,1,1
    ,1,1,1,1,1,1,1,1,1,1,1,1,1,1,1,1,1,1,1,1,1,1,1,1,1,1,1,1,1,1,4),(0.,
    4.546283362842E-02,9.092566725683E-02,0.136388500885,0.181851334514,
    0.227314168142,0.27277700177,0.318239835399,0.363702669027,
    0.409165502656,0.454628336284,0.500091169913,0.545554003541,
    0.591016837169,0.636479670798,0.681942504426,0.727405338055,
    0.772868171683,0.818331005311,0.86379383894,0.909256672568,
    0.954719506197,1.000182339825,1.045645173454,1.091108007082,
    1.13657084071,1.182033674339,1.227496507967,1.272959341596,
    1.318422175224,1.363885008852,1.409347842481,1.454810676109,
    1.500273509738,1.545736343366,1.591199176995,1.636662010623,
    1.682124844251,1.72758767788,1.773050511508,1.818513345137,
    1.863976178765,1.909439012393,1.954901846022,2.00036467965,
    2.045827513279,2.091290346907,2.136753180536,2.182216014164,
    2.227678847792,2.273141681421,2.318604515049,2.364067348678,
    2.409530182306,2.454993015934,2.500455849563,2.545918683191,
    2.59138151682,2.636844350448,2.682307184077,2.727770017705,
    2.773232851333,2.818695684962,2.86415851859,2.909621352219,
    2.955084185847,3.000547019475,3.046009853104,3.091472686732,
    3.136935520361,3.182398353989,3.227861187618,3.273324021246,
    3.318786854874,3.364249688503,3.409712522131,3.45517535576,
    3.500638189388,3.546101023016,3.591563856645,3.637026690273,
    3.682489523902,3.72795235753,3.773415191158,3.818878024787,
    3.864340858415,3.909803692044,3.955266525672,4.000729359301),
  .QUASI_UNIFORM_KNOTS.);
#1516 = CARTESIAN_POINT('',(-6.28318530718,-5.8092497286));
#1517 = CARTESIAN_POINT('',(-6.261925889205,-5.809249441241));
#1518 = CARTESIAN_POINT('',(-6.219404460527,-5.809360574809));
#1519 = CARTESIAN_POINT('',(-6.15551642978,-5.809857057476));
#1520 = CARTESIAN_POINT('',(-6.091423676834,-5.810679364537));
#1521 = CARTESIAN_POINT('',(-6.027029904437,-5.811818691902));
#1522 = CARTESIAN_POINT('',(-5.962239116938,-5.81326284286));
#1523 = CARTESIAN_POINT('',(-5.896955047118,-5.814995578008));
#1524 = CARTESIAN_POINT('',(-5.831079843657,-5.816996512862));
#1525 = CARTESIAN_POINT('',(-5.764514245643,-5.819240796369));
#1526 = CARTESIAN_POINT('',(-5.697152478443,-5.821699036516));
#1527 = CARTESIAN_POINT('',(-5.628896392388,-5.824336425535));
#1528 = CARTESIAN_POINT('',(-5.559597144735,-5.82711483892));
#1529 = CARTESIAN_POINT('',(-5.489266248046,-5.829983909304));
#1530 = CARTESIAN_POINT('',(-5.417251036194,-5.832914521766));
#1531 = CARTESIAN_POINT('',(-5.343549623125,-5.835843446708));
#1532 = CARTESIAN_POINT('',(-5.268406601805,-5.8386909345));
#1533 = CARTESIAN_POINT('',(-5.191962901214,-5.841378136061));
#1534 = CARTESIAN_POINT('',(-5.114355551713,-5.843825929331));
#1535 = CARTESIAN_POINT('',(-5.035693448077,-5.845958757563));
#1536 = CARTESIAN_POINT('',(-4.956076152743,-5.847707059893));
#1537 = CARTESIAN_POINT('',(-4.875561611352,-5.849009908316));
#1538 = CARTESIAN_POINT('',(-4.79429248557,-5.849817355999));
#1539 = CARTESIAN_POINT('',(-4.712036749406,-5.850092404889));
#1540 = CARTESIAN_POINT('',(-4.629910768168,-5.84981299775));
#1541 = CARTESIAN_POINT('',(-4.548946721463,-5.849005583231));
#1542 = CARTESIAN_POINT('',(-4.468867800544,-5.847709305103));
#1543 = CARTESIAN_POINT('',(-4.389762758433,-5.845974534204));
#1544 = CARTESIAN_POINT('',(-4.311637862629,-5.843860889424));
#1545 = CARTESIAN_POINT('',(-4.234538103596,-5.841435172748));
#1546 = CARTESIAN_POINT('',(-4.158515883362,-5.838769148078));
#1547 = CARTESIAN_POINT('',(-4.083642538169,-5.835937323652));
#1548 = CARTESIAN_POINT('',(-4.010003182418,-5.833014472831));
#1549 = CARTESIAN_POINT('',(-3.937717704915,-5.830074098132));
#1550 = CARTESIAN_POINT('',(-3.866876231179,-5.827183587946));
#1551 = CARTESIAN_POINT('',(-3.797793068496,-5.824412167044));
#1552 = CARTESIAN_POINT('',(-3.730069260092,-5.8217915714));
#1553 = CARTESIAN_POINT('',(-3.663161762483,-5.819343426213));
#1554 = CARTESIAN_POINT('',(-3.597074258217,-5.817105849399));
#1555 = CARTESIAN_POINT('',(-3.53167131889,-5.815106458681));
#1556 = CARTESIAN_POINT('',(-3.466860204637,-5.813369935075));
#1557 = CARTESIAN_POINT('',(-3.402540576153,-5.811916306423));
#1558 = CARTESIAN_POINT('',(-3.33861667263,-5.810761696996));
#1559 = CARTESIAN_POINT('',(-3.274992974139,-5.809918395428));
#1560 = CARTESIAN_POINT('',(-3.211574233369,-5.809395085874));
#1561 = CARTESIAN_POINT('',(-3.148264854647,-5.80919701059));
#1562 = CARTESIAN_POINT('',(-3.084966397902,-5.809326146251));
#1563 = CARTESIAN_POINT('',(-3.021578951726,-5.8097811981));
#1564 = CARTESIAN_POINT('',(-2.958006703691,-5.810557624573));
#1565 = CARTESIAN_POINT('',(-2.894154154054,-5.811647485088));
#1566 = CARTESIAN_POINT('',(-2.82992594804,-5.813039267188));
#1567 = CARTESIAN_POINT('',(-2.765226223941,-5.814717683231));
#1568 = CARTESIAN_POINT('',(-2.699956548348,-5.8166635136));
#1569 = CARTESIAN_POINT('',(-2.634019779589,-5.818853198501));
#1570 = CARTESIAN_POINT('',(-2.567300968391,-5.82125929308));
#1571 = CARTESIAN_POINT('',(-2.499733036296,-5.823847624895));
#1572 = CARTESIAN_POINT('',(-2.431044669589,-5.826586682849));
#1573 = CARTESIAN_POINT('',(-2.360527689166,-5.829458330884));
#1574 = CARTESIAN_POINT('',(-2.288544558932,-5.832393386311));
#1575 = CARTESIAN_POINT('',(-2.215179416794,-5.835325968092));
#1576 = CARTESIAN_POINT('',(-2.140559806265,-5.838183137998));
#1577 = CARTESIAN_POINT('',(-2.064774210416,-5.840890355666));
#1578 = CARTESIAN_POINT('',(-1.987897511314,-5.843372829203));
#1579 = CARTESIAN_POINT('',(-1.90998642828,-5.845558041501));
#1580 = CARTESIAN_POINT('',(-1.831084695053,-5.847377946257));
#1581 = CARTESIAN_POINT('',(-1.751217003521,-5.848771273837));
#1582 = CARTESIAN_POINT('',(-1.670415976578,-5.849685388685));
#1583 = CARTESIAN_POINT('',(-1.588626222265,-5.850079187621));
#1584 = CARTESIAN_POINT('',(-1.50606510862,-5.849921336224));
#1585 = CARTESIAN_POINT('',(-1.424022665193,-5.849216358118));
#1586 = CARTESIAN_POINT('',(-1.342496144386,-5.847995154076));
#1587 = CARTESIAN_POINT('',(-1.261805563168,-5.846306531048));
#1588 = CARTESIAN_POINT('',(-1.182193155242,-5.844215439918));
#1589 = CARTESIAN_POINT('',(-1.104005633975,-5.841802650387));
#1590 = CARTESIAN_POINT('',(-1.027263173392,-5.839145964951));
#1591 = CARTESIAN_POINT('',(-0.951871494786,-5.836318411326));
#1592 = CARTESIAN_POINT('',(-0.877781401096,-5.833391916269));
#1593 = CARTESIAN_POINT('',(-0.804948760027,-5.83043478295));
#1594 = CARTESIAN_POINT('',(-0.733337723984,-5.827510646686));
#1595 = CARTESIAN_POINT('',(-0.662944143629,-5.824678544357));
#1596 = CARTESIAN_POINT('',(-0.59369731181,-5.821988101574));
#1597 = CARTESIAN_POINT('',(-0.525385081064,-5.819477283686));
#1598 = CARTESIAN_POINT('',(-0.457912737617,-5.817183037049));
#1599 = CARTESIAN_POINT('',(-0.391162486335,-5.815135975443));
#1600 = CARTESIAN_POINT('',(-0.325028666988,-5.813362163767));
#1601 = CARTESIAN_POINT('',(-0.259406557907,-5.811882975782));
#1602 = CARTESIAN_POINT('',(-0.194193960286,-5.810715482994));
#1603 = CARTESIAN_POINT('',(-0.129289504566,-5.80987253503));
#1604 = CARTESIAN_POINT('',(-6.459215857744E-02,-5.809363433051));
#1605 = CARTESIAN_POINT('',(-2.153041537841E-02,-5.80924943079));
#1606 = CARTESIAN_POINT('',(0.,-5.8092497286));
#1607 = ( GEOMETRIC_REPRESENTATION_CONTEXT(2) 
PARAMETRIC_REPRESENTATION_CONTEXT() REPRESENTATION_CONTEXT('2D SPACE',''
  ) );
#1608 = ADVANCED_FACE('',(#1609,#1837),#1188,.F.);
#1609 = FACE_BOUND('',#1610,.F.);
#1610 = EDGE_LOOP('',(#1611,#1641,#1669,#1690,#1691,#1692,#1719,#1751,
    #1783,#1811));
#1611 = ORIENTED_EDGE('',*,*,#1612,.F.);
#1612 = EDGE_CURVE('',#1613,#1615,#1617,.T.);
#1613 = VERTEX_POINT('',#1614);
#1614 = CARTESIAN_POINT('',(12.023737801904,22.574527217444,
    -5.620366245693));
#1615 = VERTEX_POINT('',#1616);
#1616 = CARTESIAN_POINT('',(12.023737801904,22.574527217444,
    0.530366245693));
#1617 = SURFACE_CURVE('',#1618,(#1622,#1629),.PCURVE_S1.);
#1618 = LINE('',#1619,#1620);
#1619 = CARTESIAN_POINT('',(12.023737801904,22.574527217444,-7.55));
#1620 = VECTOR('',#1621,1.);
#1621 = DIRECTION('',(0.,0.,1.));
#1622 = PCURVE('',#1188,#1623);
#1623 = DEFINITIONAL_REPRESENTATION('',(#1624),#1628);
#1624 = LINE('',#1625,#1626);
#1625 = CARTESIAN_POINT('',(8.447621465717,0.));
#1626 = VECTOR('',#1627,1.);
#1627 = DIRECTION('',(0.,-1.));
#1628 = ( GEOMETRIC_REPRESENTATION_CONTEXT(2) 
PARAMETRIC_REPRESENTATION_CONTEXT() REPRESENTATION_CONTEXT('2D SPACE',''
  ) );
#1629 = PCURVE('',#1630,#1635);
#1630 = CYLINDRICAL_SURFACE('',#1631,0.75);
#1631 = AXIS2_PLACEMENT_3D('',#1632,#1633,#1634);
#1632 = CARTESIAN_POINT('',(11.274138965456,22.55,-7.55));
#1633 = DIRECTION('',(0.,0.,1.));
#1634 = DIRECTION('',(0.999465115264,3.270295659162E-02,-0.));
#1635 = DEFINITIONAL_REPRESENTATION('',(#1636),#1640);
#1636 = LINE('',#1637,#1638);
#1637 = CARTESIAN_POINT('',(0.,0.));
#1638 = VECTOR('',#1639,1.);
#1639 = DIRECTION('',(0.,1.));
#1640 = ( GEOMETRIC_REPRESENTATION_CONTEXT(2) 
PARAMETRIC_REPRESENTATION_CONTEXT() REPRESENTATION_CONTEXT('2D SPACE',''
  ) );
#1641 = ORIENTED_EDGE('',*,*,#1642,.T.);
#1642 = EDGE_CURVE('',#1613,#1643,#1645,.T.);
#1643 = VERTEX_POINT('',#1644);
#1644 = CARTESIAN_POINT('',(12.034267342658,22.252724244259,
    -5.781267725571));
#1645 = SURFACE_CURVE('',#1646,(#1650,#1657),.PCURVE_S1.);
#1646 = LINE('',#1647,#1648);
#1647 = CARTESIAN_POINT('',(12.026907272226,22.477662121741,
    -5.66879878683));
#1648 = VECTOR('',#1649,1.);
#1649 = DIRECTION('',(2.925354238666E-02,-0.894044397223,-0.447022198612
    ));
#1650 = PCURVE('',#1188,#1651);
#1651 = DEFINITIONAL_REPRESENTATION('',(#1652),#1656);
#1652 = LINE('',#1653,#1654);
#1653 = CARTESIAN_POINT('',(8.350704530625,-1.88120121317));
#1654 = VECTOR('',#1655,1.);
#1655 = DIRECTION('',(-0.894522863849,0.447022198612));
#1656 = ( GEOMETRIC_REPRESENTATION_CONTEXT(2) 
PARAMETRIC_REPRESENTATION_CONTEXT() REPRESENTATION_CONTEXT('2D SPACE',''
  ) );
#1657 = PCURVE('',#1658,#1663);
#1658 = CYLINDRICAL_SURFACE('',#1659,0.22);
#1659 = AXIS2_PLACEMENT_3D('',#1660,#1661,#1662);
#1660 = CARTESIAN_POINT('',(11.807024946867,22.470467471291,
    -5.66879878683));
#1661 = DIRECTION('',(2.925354238666E-02,-0.894044397223,-0.447022198612
    ));
#1662 = DIRECTION('',(0.,0.4472135955,-0.894427191));
#1663 = DEFINITIONAL_REPRESENTATION('',(#1664),#1668);
#1664 = LINE('',#1665,#1666);
#1665 = CARTESIAN_POINT('',(1.556170598563,0.));
#1666 = VECTOR('',#1667,1.);
#1667 = DIRECTION('',(0.,1.));
#1668 = ( GEOMETRIC_REPRESENTATION_CONTEXT(2) 
PARAMETRIC_REPRESENTATION_CONTEXT() REPRESENTATION_CONTEXT('2D SPACE',''
  ) );
#1669 = ORIENTED_EDGE('',*,*,#1670,.F.);
#1670 = EDGE_CURVE('',#1084,#1643,#1671,.T.);
#1671 = SURFACE_CURVE('',#1672,(#1676,#1683),.PCURVE_S1.);
#1672 = LINE('',#1673,#1674);
#1673 = CARTESIAN_POINT('',(12.300175866598,14.126049434748,
    -5.980241820044));
#1674 = VECTOR('',#1675,1.);
#1675 = DIRECTION('',(-3.269316925296E-02,0.999165995412,
    2.446365257945E-02));
#1676 = PCURVE('',#1188,#1677);
#1677 = DEFINITIONAL_REPRESENTATION('',(#1678),#1682);
#1678 = LINE('',#1679,#1680);
#1679 = CARTESIAN_POINT('',(-5.377697202784E-03,-1.569758179956));
#1680 = VECTOR('',#1681,1.);
#1681 = DIRECTION('',(0.999700720067,-2.446365257945E-02));
#1682 = ( GEOMETRIC_REPRESENTATION_CONTEXT(2) 
PARAMETRIC_REPRESENTATION_CONTEXT() REPRESENTATION_CONTEXT('2D SPACE',''
  ) );
#1683 = PCURVE('',#1137,#1684);
#1684 = DEFINITIONAL_REPRESENTATION('',(#1685),#1689);
#1685 = LINE('',#1686,#1687);
#1686 = CARTESIAN_POINT('',(0.,0.));
#1687 = VECTOR('',#1688,1.);
#1688 = DIRECTION('',(0.,1.));
#1689 = ( GEOMETRIC_REPRESENTATION_CONTEXT(2) 
PARAMETRIC_REPRESENTATION_CONTEXT() REPRESENTATION_CONTEXT('2D SPACE',''
  ) );
#1690 = ORIENTED_EDGE('',*,*,#1168,.T.);
#1691 = ORIENTED_EDGE('',*,*,#1279,.T.);
#1692 = ORIENTED_EDGE('',*,*,#1693,.T.);
#1693 = EDGE_CURVE('',#1280,#1694,#1696,.T.);
#1694 = VERTEX_POINT('',#1695);
#1695 = CARTESIAN_POINT('',(12.266711599582,15.148781657655,
    1.727242480214));
#1696 = SURFACE_CURVE('',#1697,(#1702,#1709),.PCURVE_S1.);
#1697 = HYPERBOLA('',#1698,301.69427963191,12.755560271756);
#1698 = AXIS2_PLACEMENT_3D('',#1699,#1700,#1701);
#1699 = CARTESIAN_POINT('',(12.74873751727,0.417144533869,
    462.76364546008));
#1700 = DIRECTION('',(-0.999465115264,-3.270295659162E-02,0.));
#1701 = DIRECTION('',(-0.,0.,-1.));
#1702 = PCURVE('',#1188,#1703);
#1703 = DEFINITIONAL_REPRESENTATION('',(#1704),#1708);
#1704 = ( BOUNDED_CURVE() B_SPLINE_CURVE(2,(#1705,#1706,#1707),
.UNSPECIFIED.,.F.,.F.) B_SPLINE_CURVE_WITH_KNOTS((3,3),(-0.987702642809,
-0.987194400326),.PIECEWISE_BEZIER_KNOTS.) CURVE() 
GEOMETRIC_REPRESENTATION_ITEM() RATIONAL_B_SPLINE_CURVE((1.,
1.000000032289,1.)) REPRESENTATION_ITEM('') );
#1705 = CARTESIAN_POINT('',(1.027810686198,-9.1));
#1706 = CARTESIAN_POINT('',(1.022855322096,-9.188651018444));
#1707 = CARTESIAN_POINT('',(1.017901862322,-9.277242480214));
#1708 = ( GEOMETRIC_REPRESENTATION_CONTEXT(2) 
PARAMETRIC_REPRESENTATION_CONTEXT() REPRESENTATION_CONTEXT('2D SPACE',''
  ) );
#1709 = PCURVE('',#1317,#1710);
#1710 = DEFINITIONAL_REPRESENTATION('',(#1711),#1718);
#1711 = B_SPLINE_CURVE_WITH_KNOTS('',5,(#1712,#1713,#1714,#1715,#1716,
    #1717),.UNSPECIFIED.,.F.,.F.,(6,6),(-0.987702642809,-0.987194400326)
  ,.PIECEWISE_BEZIER_KNOTS.);
#1712 = CARTESIAN_POINT('',(-7.173656873842,1.023298481807E-13));
#1713 = CARTESIAN_POINT('',(-7.173590382379,-3.546040814539E-02));
#1714 = CARTESIAN_POINT('',(-7.173523884526,-7.091485947629E-02));
#1715 = CARTESIAN_POINT('',(-7.173457380283,-0.106363354756));
#1716 = CARTESIAN_POINT('',(-7.173390869648,-0.141805894748));
#1717 = CARTESIAN_POINT('',(-7.173324352623,-0.177242480214));
#1718 = ( GEOMETRIC_REPRESENTATION_CONTEXT(2) 
PARAMETRIC_REPRESENTATION_CONTEXT() REPRESENTATION_CONTEXT('2D SPACE',''
  ) );
#1719 = ORIENTED_EDGE('',*,*,#1720,.T.);
#1720 = EDGE_CURVE('',#1694,#1721,#1723,.T.);
#1721 = VERTEX_POINT('',#1722);
#1722 = CARTESIAN_POINT('',(12.267682914695,15.1190964037,1.903725980916
    ));
#1723 = SURFACE_CURVE('',#1724,(#1729,#1736),.PCURVE_S1.);
#1724 = HYPERBOLA('',#1725,100.27726034438,12.755560271756);
#1725 = AXIS2_PLACEMENT_3D('',#1726,#1727,#1728);
#1726 = CARTESIAN_POINT('',(12.74873751727,0.417144533869,
    154.96669888044));
#1727 = DIRECTION('',(-0.999465115264,-3.270295659162E-02,0.));
#1728 = DIRECTION('',(-0.,0.,-1.));
#1729 = PCURVE('',#1188,#1730);
#1730 = DEFINITIONAL_REPRESENTATION('',(#1731),#1735);
#1731 = ( BOUNDED_CURVE() B_SPLINE_CURVE(2,(#1732,#1733,#1734),
.UNSPECIFIED.,.F.,.F.) B_SPLINE_CURVE_WITH_KNOTS((3,3),(-0.987194400326,
-0.985669801125),.PIECEWISE_BEZIER_KNOTS.) CURVE() 
GEOMETRIC_REPRESENTATION_ITEM() RATIONAL_B_SPLINE_CURVE((1.,
1.00000029055,1.)) REPRESENTATION_ITEM('') );
#1732 = CARTESIAN_POINT('',(1.017901862322,-9.277242480214));
#1733 = CARTESIAN_POINT('',(1.00304273549,-9.365573226803));
#1734 = CARTESIAN_POINT('',(0.98820072168,-9.453725980916));
#1735 = ( GEOMETRIC_REPRESENTATION_CONTEXT(2) 
PARAMETRIC_REPRESENTATION_CONTEXT() REPRESENTATION_CONTEXT('2D SPACE',''
  ) );
#1736 = PCURVE('',#1737,#1742);
#1737 = CONICAL_SURFACE('',#1738,19.492506231335,0.126523431618);
#1738 = AXIS2_PLACEMENT_3D('',#1739,#1740,#1741);
#1739 = CARTESIAN_POINT('',(0.,0.,1.727242480214));
#1740 = DIRECTION('',(-0.,-0.,-1.));
#1741 = DIRECTION('',(1.,0.,-0.));
#1742 = DEFINITIONAL_REPRESENTATION('',(#1743),#1750);
#1743 = B_SPLINE_CURVE_WITH_KNOTS('',5,(#1744,#1745,#1746,#1747,#1748,
    #1749),.UNSPECIFIED.,.F.,.F.,(6,6),(-0.987194400326,-0.985669801125)
  ,.PIECEWISE_BEZIER_KNOTS.);
#1744 = CARTESIAN_POINT('',(-7.173324352623,3.998714735574E-14));
#1745 = CARTESIAN_POINT('',(-7.173124818333,-3.533230548062E-02));
#1746 = CARTESIAN_POINT('',(-7.172925226535,-7.064680145083E-02));
#1747 = CARTESIAN_POINT('',(-7.172725577222,-0.105943494754));
#1748 = CARTESIAN_POINT('',(-7.172525870391,-0.141222392228));
#1749 = CARTESIAN_POINT('',(-7.172326106035,-0.176483500703));
#1750 = ( GEOMETRIC_REPRESENTATION_CONTEXT(2) 
PARAMETRIC_REPRESENTATION_CONTEXT() REPRESENTATION_CONTEXT('2D SPACE',''
  ) );
#1751 = ORIENTED_EDGE('',*,*,#1752,.T.);
#1752 = EDGE_CURVE('',#1721,#1753,#1755,.T.);
#1753 = VERTEX_POINT('',#1754);
#1754 = CARTESIAN_POINT('',(12.269099215238,15.07581154103,
    2.057076766824));
#1755 = SURFACE_CURVE('',#1756,(#1761,#1768),.PCURVE_S1.);
#1756 = HYPERBOLA('',#1757,59.820763927092,12.755560271756);
#1757 = AXIS2_PLACEMENT_3D('',#1758,#1759,#1760);
#1758 = CARTESIAN_POINT('',(12.74873751727,0.417144533869,93.21399848293
    ));
#1759 = DIRECTION('',(-0.999465115264,-3.270295659162E-02,0.));
#1760 = DIRECTION('',(-0.,0.,-1.));
#1761 = PCURVE('',#1188,#1762);
#1762 = DEFINITIONAL_REPRESENTATION('',(#1763),#1767);
#1763 = ( BOUNDED_CURVE() B_SPLINE_CURVE(2,(#1764,#1765,#1766),
.UNSPECIFIED.,.F.,.F.) B_SPLINE_CURVE_WITH_KNOTS((3,3),(-0.985669801125,
-0.983129231076),.PIECEWISE_BEZIER_KNOTS.) CURVE() 
GEOMETRIC_REPRESENTATION_ITEM() RATIONAL_B_SPLINE_CURVE((1.,
1.000000806812,1.)) REPRESENTATION_ITEM('') );
#1764 = CARTESIAN_POINT('',(0.98820072168,-9.453725980916));
#1765 = CARTESIAN_POINT('',(0.963468213133,-9.541357575917));
#1766 = CARTESIAN_POINT('',(0.938783097031,-9.628694772664));
#1767 = ( GEOMETRIC_REPRESENTATION_CONTEXT(2) 
PARAMETRIC_REPRESENTATION_CONTEXT() REPRESENTATION_CONTEXT('2D SPACE',''
  ) );
#1768 = PCURVE('',#1769,#1774);
#1769 = CONICAL_SURFACE('',#1770,19.470057014808,0.21008341004);
#1770 = AXIS2_PLACEMENT_3D('',#1771,#1772,#1773);
#1771 = CARTESIAN_POINT('',(0.,0.,1.903725980916));
#1772 = DIRECTION('',(-0.,-0.,-1.));
#1773 = DIRECTION('',(1.,0.,-0.));
#1774 = DEFINITIONAL_REPRESENTATION('',(#1775),#1782);
#1775 = B_SPLINE_CURVE_WITH_KNOTS('',5,(#1776,#1777,#1778,#1779,#1780,
    #1781),.UNSPECIFIED.,.F.,.F.,(6,6),(-0.985669801125,-0.983443590761)
  ,.PIECEWISE_BEZIER_KNOTS.);
#1776 = CARTESIAN_POINT('',(-7.172326106035,1.869014272658E-14));
#1777 = CARTESIAN_POINT('',(-7.172034411353,-3.071538531509E-02));
#1778 = CARTESIAN_POINT('',(-7.171742594019,-6.140814388722E-02));
#1779 = CARTESIAN_POINT('',(-7.171450654015,-9.207828840185E-02));
#1780 = CARTESIAN_POINT('',(-7.171158591326,-0.122725831526));
#1781 = CARTESIAN_POINT('',(-7.170866405933,-0.153350785907));
#1782 = ( GEOMETRIC_REPRESENTATION_CONTEXT(2) 
PARAMETRIC_REPRESENTATION_CONTEXT() REPRESENTATION_CONTEXT('2D SPACE',''
  ) );
#1783 = ORIENTED_EDGE('',*,*,#1784,.F.);
#1784 = EDGE_CURVE('',#1785,#1753,#1787,.T.);
#1785 = VERTEX_POINT('',#1786);
#1786 = CARTESIAN_POINT('',(12.041325089062,22.03702596928,0.79911686306
    ));
#1787 = SURFACE_CURVE('',#1788,(#1792,#1799),.PCURVE_S1.);
#1788 = LINE('',#1789,#1790);
#1789 = CARTESIAN_POINT('',(12.040535893497,22.061145300336,
    0.794758262749));
#1790 = VECTOR('',#1791,1.);
#1791 = DIRECTION('',(3.218225831519E-02,-0.983551576639,0.177737442144)
  );
#1792 = PCURVE('',#1188,#1793);
#1793 = DEFINITIONAL_REPRESENTATION('',(#1794),#1798);
#1794 = LINE('',#1795,#1796);
#1795 = CARTESIAN_POINT('',(7.9339648015,-8.344758262749));
#1796 = VECTOR('',#1797,1.);
#1797 = DIRECTION('',(-0.984077944911,-0.177737442144));
#1798 = ( GEOMETRIC_REPRESENTATION_CONTEXT(2) 
PARAMETRIC_REPRESENTATION_CONTEXT() REPRESENTATION_CONTEXT('2D SPACE',''
  ) );
#1799 = PCURVE('',#1800,#1805);
#1800 = CYLINDRICAL_SURFACE('',#1801,0.22);
#1801 = AXIS2_PLACEMENT_3D('',#1802,#1803,#1804);
#1802 = CARTESIAN_POINT('',(11.820653568139,22.053950649886,
    0.794758262749));
#1803 = DIRECTION('',(3.218225831519E-02,-0.983551576639,0.177737442144)
  );
#1804 = DIRECTION('',(0.,0.177829554836,0.984061303693));
#1805 = DEFINITIONAL_REPRESENTATION('',(#1806),#1810);
#1806 = LINE('',#1807,#1808);
#1807 = CARTESIAN_POINT('',(-1.564980741801,0.));
#1808 = VECTOR('',#1809,1.);
#1809 = DIRECTION('',(-0.,1.));
#1810 = ( GEOMETRIC_REPRESENTATION_CONTEXT(2) 
PARAMETRIC_REPRESENTATION_CONTEXT() REPRESENTATION_CONTEXT('2D SPACE',''
  ) );
#1811 = ORIENTED_EDGE('',*,*,#1812,.F.);
#1812 = EDGE_CURVE('',#1615,#1785,#1813,.T.);
#1813 = SURFACE_CURVE('',#1814,(#1818,#1825),.PCURVE_S1.);
#1814 = LINE('',#1815,#1816);
#1815 = CARTESIAN_POINT('',(12.026907272226,22.477662121741,
    0.57879878683));
#1816 = VECTOR('',#1817,1.);
#1817 = DIRECTION('',(2.925354238666E-02,-0.894044397223,0.447022198612)
  );
#1818 = PCURVE('',#1188,#1819);
#1819 = DEFINITIONAL_REPRESENTATION('',(#1820),#1824);
#1820 = LINE('',#1821,#1822);
#1821 = CARTESIAN_POINT('',(8.350704530625,-8.12879878683));
#1822 = VECTOR('',#1823,1.);
#1823 = DIRECTION('',(-0.894522863849,-0.447022198612));
#1824 = ( GEOMETRIC_REPRESENTATION_CONTEXT(2) 
PARAMETRIC_REPRESENTATION_CONTEXT() REPRESENTATION_CONTEXT('2D SPACE',''
  ) );
#1825 = PCURVE('',#1826,#1831);
#1826 = CYLINDRICAL_SURFACE('',#1827,0.22);
#1827 = AXIS2_PLACEMENT_3D('',#1828,#1829,#1830);
#1828 = CARTESIAN_POINT('',(11.807024946867,22.470467471291,
    0.57879878683));
#1829 = DIRECTION('',(2.925354238666E-02,-0.894044397223,0.447022198612)
  );
#1830 = DIRECTION('',(0.999465115264,3.270295659162E-02,0.));
#1831 = DEFINITIONAL_REPRESENTATION('',(#1832),#1836);
#1832 = LINE('',#1833,#1834);
#1833 = CARTESIAN_POINT('',(0.,0.));
#1834 = VECTOR('',#1835,1.);
#1835 = DIRECTION('',(0.,1.));
#1836 = ( GEOMETRIC_REPRESENTATION_CONTEXT(2) 
PARAMETRIC_REPRESENTATION_CONTEXT() REPRESENTATION_CONTEXT('2D SPACE',''
  ) );
#1837 = FACE_BOUND('',#1838,.F.);
#1838 = EDGE_LOOP('',(#1839));
#1839 = ORIENTED_EDGE('',*,*,#1840,.F.);
#1840 = EDGE_CURVE('',#1841,#1841,#1843,.T.);
#1841 = VERTEX_POINT('',#1842);
#1842 = CARTESIAN_POINT('',(12.046626653028,21.875,-4.3));
#1843 = SURFACE_CURVE('',#1844,(#1849,#1856),.PCURVE_S1.);
#1844 = ELLIPSE('',#1845,0.52528096477,0.525);
#1845 = AXIS2_PLACEMENT_3D('',#1846,#1847,#1848);
#1846 = CARTESIAN_POINT('',(12.063804893617,21.35,-4.3));
#1847 = DIRECTION('',(-0.999465115264,-3.270295659162E-02,0.));
#1848 = DIRECTION('',(-3.270295659162E-02,0.999465115264,0.));
#1849 = PCURVE('',#1188,#1850);
#1850 = DEFINITIONAL_REPRESENTATION('',(#1851),#1855);
#1851 = ELLIPSE('',#1852,0.52528096477,0.525);
#1852 = AXIS2_PLACEMENT_2D('',#1853,#1854);
#1853 = CARTESIAN_POINT('',(7.222438916829,-3.25));
#1854 = DIRECTION('',(1.,0.));
#1855 = ( GEOMETRIC_REPRESENTATION_CONTEXT(2) 
PARAMETRIC_REPRESENTATION_CONTEXT() REPRESENTATION_CONTEXT('2D SPACE',''
  ) );
#1856 = PCURVE('',#1857,#1862);
#1857 = CYLINDRICAL_SURFACE('',#1858,0.525);
#1858 = AXIS2_PLACEMENT_3D('',#1859,#1860,#1861);
#1859 = CARTESIAN_POINT('',(-15.,21.35,-4.3));
#1860 = DIRECTION('',(-1.,-0.,-0.));
#1861 = DIRECTION('',(0.,1.,0.));
#1862 = DEFINITIONAL_REPRESENTATION('',(#1863),#1878);
#1863 = B_SPLINE_CURVE_WITH_KNOTS('',7,(#1864,#1865,#1866,#1867,#1868,
    #1869,#1870,#1871,#1872,#1873,#1874,#1875,#1876,#1877),
  .UNSPECIFIED.,.F.,.F.,(8,6,8),(0.,3.14159265359,6.28318530718),
  .UNSPECIFIED.);
#1864 = CARTESIAN_POINT('',(-6.28318530718,-27.04662665302));
#1865 = CARTESIAN_POINT('',(-5.834386356667,-27.04662665302));
#1866 = CARTESIAN_POINT('',(-5.385587406154,-27.050664057));
#1867 = CARTESIAN_POINT('',(-4.936788455641,-27.05873146248));
#1868 = CARTESIAN_POINT('',(-4.487989505128,-27.06887832474));
#1869 = CARTESIAN_POINT('',(-4.039190554616,-27.07694573022));
#1870 = CARTESIAN_POINT('',(-3.590391604103,-27.0809831342));
#1871 = CARTESIAN_POINT('',(-2.692793703077,-27.0809831342));
#1872 = CARTESIAN_POINT('',(-2.243994752564,-27.07694573022));
#1873 = CARTESIAN_POINT('',(-1.795195802053,-27.06887832476));
#1874 = CARTESIAN_POINT('',(-1.346396851538,-27.05873146247));
#1875 = CARTESIAN_POINT('',(-0.897597901026,-27.050664057));
#1876 = CARTESIAN_POINT('',(-0.448798950513,-27.04662665302));
#1877 = CARTESIAN_POINT('',(-1.68753899743E-14,-27.04662665302));
#1878 = ( GEOMETRIC_REPRESENTATION_CONTEXT(2) 
PARAMETRIC_REPRESENTATION_CONTEXT() REPRESENTATION_CONTEXT('2D SPACE',''
  ) );
#1879 = ADVANCED_FACE('',(#1880),#1137,.T.);
#1880 = FACE_BOUND('',#1881,.T.);
#1881 = EDGE_LOOP('',(#1882,#1883,#1906,#1950));
#1882 = ORIENTED_EDGE('',*,*,#1083,.T.);
#1883 = ORIENTED_EDGE('',*,*,#1884,.T.);
#1884 = EDGE_CURVE('',#1052,#1885,#1887,.T.);
#1885 = VERTEX_POINT('',#1886);
#1886 = CARTESIAN_POINT('',(11.8143850173,22.250914475943,
    -6.001201813525));
#1887 = SURFACE_CURVE('',#1888,(#1892,#1899),.PCURVE_S1.);
#1888 = LINE('',#1889,#1890);
#1889 = CARTESIAN_POINT('',(12.08029354124,14.124239666432,
    -6.200175907999));
#1890 = VECTOR('',#1891,1.);
#1891 = DIRECTION('',(-3.269316925296E-02,0.999165995412,
    2.446365257945E-02));
#1892 = PCURVE('',#1137,#1893);
#1893 = DEFINITIONAL_REPRESENTATION('',(#1894),#1898);
#1894 = LINE('',#1895,#1896);
#1895 = CARTESIAN_POINT('',(1.569995865043,0.));
#1896 = VECTOR('',#1897,1.);
#1897 = DIRECTION('',(0.,1.));
#1898 = ( GEOMETRIC_REPRESENTATION_CONTEXT(2) 
PARAMETRIC_REPRESENTATION_CONTEXT() REPRESENTATION_CONTEXT('2D SPACE',''
  ) );
#1899 = PCURVE('',#1071,#1900);
#1900 = DEFINITIONAL_REPRESENTATION('',(#1901),#1905);
#1901 = LINE('',#1902,#1903);
#1902 = CARTESIAN_POINT('',(8.178210527132,-42.08029354124));
#1903 = VECTOR('',#1904,1.);
#1904 = DIRECTION('',(-0.999465435462,3.269316925296E-02));
#1905 = ( GEOMETRIC_REPRESENTATION_CONTEXT(2) 
PARAMETRIC_REPRESENTATION_CONTEXT() REPRESENTATION_CONTEXT('2D SPACE',''
  ) );
#1906 = ORIENTED_EDGE('',*,*,#1907,.F.);
#1907 = EDGE_CURVE('',#1643,#1885,#1908,.T.);
#1908 = SURFACE_CURVE('',#1909,(#1914,#1921),.PCURVE_S1.);
#1909 = CIRCLE('',#1910,0.22);
#1910 = AXIS2_PLACEMENT_3D('',#1911,#1912,#1913);
#1911 = CARTESIAN_POINT('',(11.8143850173,22.245529593809,
    -5.781267725571));
#1912 = DIRECTION('',(-3.269316925294E-02,0.999165995412,
    2.446365257942E-02));
#1913 = DIRECTION('',(0.999465115264,3.27029565916E-02,
    -4.03702678925E-15));
#1914 = PCURVE('',#1137,#1915);
#1915 = DEFINITIONAL_REPRESENTATION('',(#1916),#1920);
#1916 = LINE('',#1917,#1918);
#1917 = CARTESIAN_POINT('',(0.,8.13345815093));
#1918 = VECTOR('',#1919,1.);
#1919 = DIRECTION('',(1.,-3.394321371704E-15));
#1920 = ( GEOMETRIC_REPRESENTATION_CONTEXT(2) 
PARAMETRIC_REPRESENTATION_CONTEXT() REPRESENTATION_CONTEXT('2D SPACE',''
  ) );
#1921 = PCURVE('',#1922,#1927);
#1922 = SPHERICAL_SURFACE('',#1923,0.22);
#1923 = AXIS2_PLACEMENT_3D('',#1924,#1925,#1926);
#1924 = CARTESIAN_POINT('',(11.8143850173,22.245529593809,
    -5.781267725571));
#1925 = DIRECTION('',(-1.614869854E-14,-0.4472135955,0.894427191));
#1926 = DIRECTION('',(0.999572023547,2.616516374368E-02,
    1.308258187186E-02));
#1927 = DEFINITIONAL_REPRESENTATION('',(#1928),#1949);
#1928 = B_SPLINE_CURVE_WITH_KNOTS('',7,(#1929,#1930,#1931,#1932,#1933,
    #1934,#1935,#1936,#1937,#1938,#1939,#1940,#1941,#1942,#1943,#1944,
    #1945,#1946,#1947,#1948),.UNSPECIFIED.,.F.,.F.,(8,6,6,8),(0.,
    0.784997932521,1.177496898782,1.569995865043),.UNSPECIFIED.);
#1929 = CARTESIAN_POINT('',(0.,-1.462572823154E-02));
#1930 = CARTESIAN_POINT('',(-4.766626072421E-02,-0.116136159921));
#1931 = CARTESIAN_POINT('',(-9.549750362708E-02,-0.217608662903));
#1932 = CARTESIAN_POINT('',(-0.145100969198,-0.318659834496));
#1933 = CARTESIAN_POINT('',(-0.198101971119,-0.418929020589));
#1934 = CARTESIAN_POINT('',(-0.256682371038,-0.517844401266));
#1935 = CARTESIAN_POINT('',(-0.323901747664,-0.614734636422));
#1936 = CARTESIAN_POINT('',(-0.447708184461,-0.754182495704));
#1937 = CARTESIAN_POINT('',(-0.492807279434,-0.799683404147));
#1938 = CARTESIAN_POINT('',(-0.542563247459,-0.843965551706));
#1939 = CARTESIAN_POINT('',(-0.598059743959,-0.886705134429));
#1940 = CARTESIAN_POINT('',(-0.660578141031,-0.927475849839));
#1941 = CARTESIAN_POINT('',(-0.73198128144,-0.965621742387));
#1942 = CARTESIAN_POINT('',(-0.895344635574,-1.034836621784));
#1943 = CARTESIAN_POINT('',(-0.987307186045,-1.065909068135));
#1944 = CARTESIAN_POINT('',(-1.090922748598,-1.092509534831));
#1945 = CARTESIAN_POINT('',(-1.207055744436,-1.113577473009));
#1946 = CARTESIAN_POINT('',(-1.335260824602,-1.127497286593));
#1947 = CARTESIAN_POINT('',(-1.468250122499,-1.13346104735));
#1948 = CARTESIAN_POINT('',(-1.600054043172,-1.131627899474));
#1949 = ( GEOMETRIC_REPRESENTATION_CONTEXT(2) 
PARAMETRIC_REPRESENTATION_CONTEXT() REPRESENTATION_CONTEXT('2D SPACE',''
  ) );
#1950 = ORIENTED_EDGE('',*,*,#1670,.F.);
#1951 = ADVANCED_FACE('',(#1952,#2170),#272,.T.);
#1952 = FACE_BOUND('',#1953,.T.);
#1953 = EDGE_LOOP('',(#1954,#1984,#2012,#2033,#2034,#2035,#2062,#2089,
    #2116,#2144));
#1954 = ORIENTED_EDGE('',*,*,#1955,.F.);
#1955 = EDGE_CURVE('',#1956,#1958,#1960,.T.);
#1956 = VERTEX_POINT('',#1957);
#1957 = CARTESIAN_POINT('',(12.023737801904,-22.57452721744,
    -5.620366245693));
#1958 = VERTEX_POINT('',#1959);
#1959 = CARTESIAN_POINT('',(12.023737801904,-22.57452721744,
    0.530366238978));
#1960 = SURFACE_CURVE('',#1961,(#1965,#1972),.PCURVE_S1.);
#1961 = LINE('',#1962,#1963);
#1962 = CARTESIAN_POINT('',(12.023737801904,-22.57452721744,-7.55));
#1963 = VECTOR('',#1964,1.);
#1964 = DIRECTION('',(0.,0.,1.));
#1965 = PCURVE('',#272,#1966);
#1966 = DEFINITIONAL_REPRESENTATION('',(#1967),#1971);
#1967 = LINE('',#1968,#1969);
#1968 = CARTESIAN_POINT('',(8.447621465717,0.));
#1969 = VECTOR('',#1970,1.);
#1970 = DIRECTION('',(0.,-1.));
#1971 = ( GEOMETRIC_REPRESENTATION_CONTEXT(2) 
PARAMETRIC_REPRESENTATION_CONTEXT() REPRESENTATION_CONTEXT('2D SPACE',''
  ) );
#1972 = PCURVE('',#1973,#1978);
#1973 = CYLINDRICAL_SURFACE('',#1974,0.75);
#1974 = AXIS2_PLACEMENT_3D('',#1975,#1976,#1977);
#1975 = CARTESIAN_POINT('',(11.274138965456,-22.55,-7.55));
#1976 = DIRECTION('',(0.,0.,1.));
#1977 = DIRECTION('',(0.999465115264,-3.270295659162E-02,0.));
#1978 = DEFINITIONAL_REPRESENTATION('',(#1979),#1983);
#1979 = LINE('',#1980,#1981);
#1980 = CARTESIAN_POINT('',(-0.,0.));
#1981 = VECTOR('',#1982,1.);
#1982 = DIRECTION('',(-0.,1.));
#1983 = ( GEOMETRIC_REPRESENTATION_CONTEXT(2) 
PARAMETRIC_REPRESENTATION_CONTEXT() REPRESENTATION_CONTEXT('2D SPACE',''
  ) );
#1984 = ORIENTED_EDGE('',*,*,#1985,.T.);
#1985 = EDGE_CURVE('',#1956,#1986,#1988,.T.);
#1986 = VERTEX_POINT('',#1987);
#1987 = CARTESIAN_POINT('',(12.034267342658,-22.25272424425,
    -5.781267725571));
#1988 = SURFACE_CURVE('',#1989,(#1993,#2000),.PCURVE_S1.);
#1989 = LINE('',#1990,#1991);
#1990 = CARTESIAN_POINT('',(12.026907272226,-22.47766212174,
    -5.66879878683));
#1991 = VECTOR('',#1992,1.);
#1992 = DIRECTION('',(2.925354238666E-02,0.894044397223,-0.447022198612)
  );
#1993 = PCURVE('',#272,#1994);
#1994 = DEFINITIONAL_REPRESENTATION('',(#1995),#1999);
#1995 = LINE('',#1996,#1997);
#1996 = CARTESIAN_POINT('',(8.350704530625,-1.88120121317));
#1997 = VECTOR('',#1998,1.);
#1998 = DIRECTION('',(-0.894522863849,0.447022198612));
#1999 = ( GEOMETRIC_REPRESENTATION_CONTEXT(2) 
PARAMETRIC_REPRESENTATION_CONTEXT() REPRESENTATION_CONTEXT('2D SPACE',''
  ) );
#2000 = PCURVE('',#2001,#2006);
#2001 = CYLINDRICAL_SURFACE('',#2002,0.22);
#2002 = AXIS2_PLACEMENT_3D('',#2003,#2004,#2005);
#2003 = CARTESIAN_POINT('',(11.807024946867,-22.47046747129,
    -5.66879878683));
#2004 = DIRECTION('',(2.925354238666E-02,0.894044397223,-0.447022198612)
  );
#2005 = DIRECTION('',(0.,-0.4472135955,-0.894427191));
#2006 = DEFINITIONAL_REPRESENTATION('',(#2007),#2011);
#2007 = LINE('',#2008,#2009);
#2008 = CARTESIAN_POINT('',(-1.556170598563,0.));
#2009 = VECTOR('',#2010,1.);
#2010 = DIRECTION('',(-0.,1.));
#2011 = ( GEOMETRIC_REPRESENTATION_CONTEXT(2) 
PARAMETRIC_REPRESENTATION_CONTEXT() REPRESENTATION_CONTEXT('2D SPACE',''
  ) );
#2012 = ORIENTED_EDGE('',*,*,#2013,.T.);
#2013 = EDGE_CURVE('',#1986,#253,#2014,.T.);
#2014 = SURFACE_CURVE('',#2015,(#2019,#2026),.PCURVE_S1.);
#2015 = LINE('',#2016,#2017);
#2016 = CARTESIAN_POINT('',(12.032896324863,-22.29462517924,
    -5.780241820044));
#2017 = VECTOR('',#2018,1.);
#2018 = DIRECTION('',(3.269316925296E-02,0.999165995412,
    -2.446365257945E-02));
#2019 = PCURVE('',#272,#2020);
#2020 = DEFINITIONAL_REPRESENTATION('',(#2021),#2025);
#2021 = LINE('',#2022,#2023);
#2022 = CARTESIAN_POINT('',(8.167569632068,-1.769758179956));
#2023 = VECTOR('',#2024,1.);
#2024 = DIRECTION('',(-0.999700720067,2.446365257945E-02));
#2025 = ( GEOMETRIC_REPRESENTATION_CONTEXT(2) 
PARAMETRIC_REPRESENTATION_CONTEXT() REPRESENTATION_CONTEXT('2D SPACE',''
  ) );
#2026 = PCURVE('',#338,#2027);
#2027 = DEFINITIONAL_REPRESENTATION('',(#2028),#2032);
#2028 = LINE('',#2029,#2030);
#2029 = CARTESIAN_POINT('',(0.,0.));
#2030 = VECTOR('',#2031,1.);
#2031 = DIRECTION('',(0.,1.));
#2032 = ( GEOMETRIC_REPRESENTATION_CONTEXT(2) 
PARAMETRIC_REPRESENTATION_CONTEXT() REPRESENTATION_CONTEXT('2D SPACE',''
  ) );
#2033 = ORIENTED_EDGE('',*,*,#252,.T.);
#2034 = ORIENTED_EDGE('',*,*,#1329,.T.);
#2035 = ORIENTED_EDGE('',*,*,#2036,.T.);
#2036 = EDGE_CURVE('',#1301,#2037,#2039,.T.);
#2037 = VERTEX_POINT('',#2038);
#2038 = CARTESIAN_POINT('',(12.266711599582,-15.14878165765,
    1.727242480214));
#2039 = SURFACE_CURVE('',#2040,(#2045,#2052),.PCURVE_S1.);
#2040 = HYPERBOLA('',#2041,301.69427963191,12.755560271756);
#2041 = AXIS2_PLACEMENT_3D('',#2042,#2043,#2044);
#2042 = CARTESIAN_POINT('',(12.74873751727,-0.417144533869,
    462.76364546008));
#2043 = DIRECTION('',(0.999465115264,-3.270295659162E-02,0.));
#2044 = DIRECTION('',(0.,-0.,-1.));
#2045 = PCURVE('',#272,#2046);
#2046 = DEFINITIONAL_REPRESENTATION('',(#2047),#2051);
#2047 = ( BOUNDED_CURVE() B_SPLINE_CURVE(2,(#2048,#2049,#2050),
.UNSPECIFIED.,.F.,.F.) B_SPLINE_CURVE_WITH_KNOTS((3,3),(-0.987702642809,
-0.987194400326),.PIECEWISE_BEZIER_KNOTS.) CURVE() 
GEOMETRIC_REPRESENTATION_ITEM() RATIONAL_B_SPLINE_CURVE((1.,
1.000000032289,1.)) REPRESENTATION_ITEM('') );
#2048 = CARTESIAN_POINT('',(1.027810686198,-9.1));
#2049 = CARTESIAN_POINT('',(1.022855322098,-9.188651018413));
#2050 = CARTESIAN_POINT('',(1.017901862322,-9.277242480214));
#2051 = ( GEOMETRIC_REPRESENTATION_CONTEXT(2) 
PARAMETRIC_REPRESENTATION_CONTEXT() REPRESENTATION_CONTEXT('2D SPACE',''
  ) );
#2052 = PCURVE('',#1317,#2053);
#2053 = DEFINITIONAL_REPRESENTATION('',(#2054),#2061);
#2054 = B_SPLINE_CURVE_WITH_KNOTS('',5,(#2055,#2056,#2057,#2058,#2059,
    #2060),.UNSPECIFIED.,.F.,.F.,(6,6),(-0.987702642809,-0.987194400326)
  ,.PIECEWISE_BEZIER_KNOTS.);
#2055 = CARTESIAN_POINT('',(-5.392713740517,2.158138244775E-13));
#2056 = CARTESIAN_POINT('',(-5.39278023198,-3.546040814528E-02));
#2057 = CARTESIAN_POINT('',(-5.392846729833,-7.091485947633E-02));
#2058 = CARTESIAN_POINT('',(-5.392913234077,-0.106363354756));
#2059 = CARTESIAN_POINT('',(-5.392979744711,-0.141805894747));
#2060 = CARTESIAN_POINT('',(-5.393046261736,-0.177242480214));
#2061 = ( GEOMETRIC_REPRESENTATION_CONTEXT(2) 
PARAMETRIC_REPRESENTATION_CONTEXT() REPRESENTATION_CONTEXT('2D SPACE',''
  ) );
#2062 = ORIENTED_EDGE('',*,*,#2063,.T.);
#2063 = EDGE_CURVE('',#2037,#2064,#2066,.T.);
#2064 = VERTEX_POINT('',#2065);
#2065 = CARTESIAN_POINT('',(12.267682914695,-15.1190964037,
    1.903725980916));
#2066 = SURFACE_CURVE('',#2067,(#2072,#2079),.PCURVE_S1.);
#2067 = HYPERBOLA('',#2068,100.27726034438,12.755560271756);
#2068 = AXIS2_PLACEMENT_3D('',#2069,#2070,#2071);
#2069 = CARTESIAN_POINT('',(12.74873751727,-0.417144533869,
    154.96669888044));
#2070 = DIRECTION('',(0.999465115264,-3.270295659162E-02,0.));
#2071 = DIRECTION('',(0.,-0.,-1.));
#2072 = PCURVE('',#272,#2073);
#2073 = DEFINITIONAL_REPRESENTATION('',(#2074),#2078);
#2074 = ( BOUNDED_CURVE() B_SPLINE_CURVE(2,(#2075,#2076,#2077),
.UNSPECIFIED.,.F.,.F.) B_SPLINE_CURVE_WITH_KNOTS((3,3),(-0.987194400326,
-0.985669801125),.PIECEWISE_BEZIER_KNOTS.) CURVE() 
GEOMETRIC_REPRESENTATION_ITEM() RATIONAL_B_SPLINE_CURVE((1.,
1.00000029055,1.)) REPRESENTATION_ITEM('') );
#2075 = CARTESIAN_POINT('',(1.017901862322,-9.277242480214));
#2076 = CARTESIAN_POINT('',(1.00304273549,-9.365573226809));
#2077 = CARTESIAN_POINT('',(0.98820072168,-9.453725980916));
#2078 = ( GEOMETRIC_REPRESENTATION_CONTEXT(2) 
PARAMETRIC_REPRESENTATION_CONTEXT() REPRESENTATION_CONTEXT('2D SPACE',''
  ) );
#2079 = PCURVE('',#1737,#2080);
#2080 = DEFINITIONAL_REPRESENTATION('',(#2081),#2088);
#2081 = B_SPLINE_CURVE_WITH_KNOTS('',5,(#2082,#2083,#2084,#2085,#2086,
    #2087),.UNSPECIFIED.,.F.,.F.,(6,6),(-0.987194400326,-0.985669801125)
  ,.PIECEWISE_BEZIER_KNOTS.);
#2082 = CARTESIAN_POINT('',(-5.393046261736,3.998714735574E-14));
#2083 = CARTESIAN_POINT('',(-5.393245796026,-3.533230548062E-02));
#2084 = CARTESIAN_POINT('',(-5.393445387825,-7.064680145091E-02));
#2085 = CARTESIAN_POINT('',(-5.393645037137,-0.105943494754));
#2086 = CARTESIAN_POINT('',(-5.393844743968,-0.141222392228));
#2087 = CARTESIAN_POINT('',(-5.394044508324,-0.176483500703));
#2088 = ( GEOMETRIC_REPRESENTATION_CONTEXT(2) 
PARAMETRIC_REPRESENTATION_CONTEXT() REPRESENTATION_CONTEXT('2D SPACE',''
  ) );
#2089 = ORIENTED_EDGE('',*,*,#2090,.T.);
#2090 = EDGE_CURVE('',#2064,#2091,#2093,.T.);
#2091 = VERTEX_POINT('',#2092);
#2092 = CARTESIAN_POINT('',(12.269099215238,-15.07581154103,
    2.057076766824));
#2093 = SURFACE_CURVE('',#2094,(#2099,#2106),.PCURVE_S1.);
#2094 = HYPERBOLA('',#2095,59.820763927092,12.755560271756);
#2095 = AXIS2_PLACEMENT_3D('',#2096,#2097,#2098);
#2096 = CARTESIAN_POINT('',(12.74873751727,-0.417144533869,
    93.21399848293));
#2097 = DIRECTION('',(0.999465115264,-3.270295659162E-02,0.));
#2098 = DIRECTION('',(0.,-0.,-1.));
#2099 = PCURVE('',#272,#2100);
#2100 = DEFINITIONAL_REPRESENTATION('',(#2101),#2105);
#2101 = ( BOUNDED_CURVE() B_SPLINE_CURVE(2,(#2102,#2103,#2104),
.UNSPECIFIED.,.F.,.F.) B_SPLINE_CURVE_WITH_KNOTS((3,3),(-0.985669801125,
-0.983129231076),.PIECEWISE_BEZIER_KNOTS.) CURVE() 
GEOMETRIC_REPRESENTATION_ITEM() RATIONAL_B_SPLINE_CURVE((1.,
1.000000806812,1.)) REPRESENTATION_ITEM('') );
#2102 = CARTESIAN_POINT('',(0.98820072168,-9.453725980916));
#2103 = CARTESIAN_POINT('',(0.963468213132,-9.541357575917));
#2104 = CARTESIAN_POINT('',(0.938783097031,-9.628694772664));
#2105 = ( GEOMETRIC_REPRESENTATION_CONTEXT(2) 
PARAMETRIC_REPRESENTATION_CONTEXT() REPRESENTATION_CONTEXT('2D SPACE',''
  ) );
#2106 = PCURVE('',#1769,#2107);
#2107 = DEFINITIONAL_REPRESENTATION('',(#2108),#2115);
#2108 = B_SPLINE_CURVE_WITH_KNOTS('',5,(#2109,#2110,#2111,#2112,#2113,
    #2114),.UNSPECIFIED.,.F.,.F.,(6,6),(-0.985669801125,-0.983129231076)
  ,.PIECEWISE_BEZIER_KNOTS.);
#2109 = CARTESIAN_POINT('',(-5.394044508324,6.164243185926E-14));
#2110 = CARTESIAN_POINT('',(-5.394377392756,-3.505265685368E-02));
#2111 = CARTESIAN_POINT('',(-5.394710436925,-7.007584561715E-02));
#2112 = CARTESIAN_POINT('',(-5.395043640857,-0.105069585144));
#2113 = CARTESIAN_POINT('',(-5.395377004575,-0.140033894258));
#2114 = CARTESIAN_POINT('',(-5.395710528105,-0.174968791747));
#2115 = ( GEOMETRIC_REPRESENTATION_CONTEXT(2) 
PARAMETRIC_REPRESENTATION_CONTEXT() REPRESENTATION_CONTEXT('2D SPACE',''
  ) );
#2116 = ORIENTED_EDGE('',*,*,#2117,.T.);
#2117 = EDGE_CURVE('',#2091,#2118,#2120,.T.);
#2118 = VERTEX_POINT('',#2119);
#2119 = CARTESIAN_POINT('',(12.041325089062,-22.03702596928,
    0.79911686306));
#2120 = SURFACE_CURVE('',#2121,(#2125,#2132),.PCURVE_S1.);
#2121 = LINE('',#2122,#2123);
#2122 = CARTESIAN_POINT('',(12.301271343579,-14.09256955583,
    2.234758262749));
#2123 = VECTOR('',#2124,1.);
#2124 = DIRECTION('',(-3.218225831519E-02,-0.983551576639,
    -0.177737442144));
#2125 = PCURVE('',#272,#2126);
#2126 = DEFINITIONAL_REPRESENTATION('',(#2127),#2131);
#2127 = LINE('',#2128,#2129);
#2128 = CARTESIAN_POINT('',(-3.887549357202E-02,-9.784758262749));
#2129 = VECTOR('',#2130,1.);
#2130 = DIRECTION('',(0.984077944911,0.177737442144));
#2131 = ( GEOMETRIC_REPRESENTATION_CONTEXT(2) 
PARAMETRIC_REPRESENTATION_CONTEXT() REPRESENTATION_CONTEXT('2D SPACE',''
  ) );
#2132 = PCURVE('',#2133,#2138);
#2133 = CYLINDRICAL_SURFACE('',#2134,0.22);
#2134 = AXIS2_PLACEMENT_3D('',#2135,#2136,#2137);
#2135 = CARTESIAN_POINT('',(12.081389018221,-14.08537490538,
    2.234758262749));
#2136 = DIRECTION('',(-3.218225831519E-02,-0.983551576639,
    -0.177737442144));
#2137 = DIRECTION('',(0.,-0.177829554836,0.984061303693));
#2138 = DEFINITIONAL_REPRESENTATION('',(#2139),#2143);
#2139 = LINE('',#2140,#2141);
#2140 = CARTESIAN_POINT('',(-1.564980741801,0.));
#2141 = VECTOR('',#2142,1.);
#2142 = DIRECTION('',(-0.,1.));
#2143 = ( GEOMETRIC_REPRESENTATION_CONTEXT(2) 
PARAMETRIC_REPRESENTATION_CONTEXT() REPRESENTATION_CONTEXT('2D SPACE',''
  ) );
#2144 = ORIENTED_EDGE('',*,*,#2145,.T.);
#2145 = EDGE_CURVE('',#2118,#1958,#2146,.T.);
#2146 = SURFACE_CURVE('',#2147,(#2151,#2158),.PCURVE_S1.);
#2147 = LINE('',#2148,#2149);
#2148 = CARTESIAN_POINT('',(12.04243402024,-22.00313490429,
    0.816062395552));
#2149 = VECTOR('',#2150,1.);
#2150 = DIRECTION('',(-2.925354238666E-02,-0.894044397223,
    -0.447022198612));
#2151 = PCURVE('',#272,#2152);
#2152 = DEFINITIONAL_REPRESENTATION('',(#2153),#2157);
#2153 = LINE('',#2154,#2155);
#2154 = CARTESIAN_POINT('',(7.87592335998,-8.366062395552));
#2155 = VECTOR('',#2156,1.);
#2156 = DIRECTION('',(0.894522863849,0.447022198612));
#2157 = ( GEOMETRIC_REPRESENTATION_CONTEXT(2) 
PARAMETRIC_REPRESENTATION_CONTEXT() REPRESENTATION_CONTEXT('2D SPACE',''
  ) );
#2158 = PCURVE('',#2159,#2164);
#2159 = CYLINDRICAL_SURFACE('',#2160,0.22);
#2160 = AXIS2_PLACEMENT_3D('',#2161,#2162,#2163);
#2161 = CARTESIAN_POINT('',(11.822551694882,-21.99594025384,
    0.816062395552));
#2162 = DIRECTION('',(-2.925354238666E-02,-0.894044397223,
    -0.447022198612));
#2163 = DIRECTION('',(0.,-0.4472135955,0.894427191));
#2164 = DEFINITIONAL_REPRESENTATION('',(#2165),#2169);
#2165 = LINE('',#2166,#2167);
#2166 = CARTESIAN_POINT('',(-1.556170598563,0.));
#2167 = VECTOR('',#2168,1.);
#2168 = DIRECTION('',(-0.,1.));
#2169 = ( GEOMETRIC_REPRESENTATION_CONTEXT(2) 
PARAMETRIC_REPRESENTATION_CONTEXT() REPRESENTATION_CONTEXT('2D SPACE',''
  ) );
#2170 = FACE_BOUND('',#2171,.T.);
#2171 = EDGE_LOOP('',(#2172));
#2172 = ORIENTED_EDGE('',*,*,#2173,.F.);
#2173 = EDGE_CURVE('',#2174,#2174,#2176,.T.);
#2174 = VERTEX_POINT('',#2175);
#2175 = CARTESIAN_POINT('',(12.080983134207,-20.825,-4.3));
#2176 = SURFACE_CURVE('',#2177,(#2182,#2189),.PCURVE_S1.);
#2177 = ELLIPSE('',#2178,0.52528096477,0.525);
#2178 = AXIS2_PLACEMENT_3D('',#2179,#2180,#2181);
#2179 = CARTESIAN_POINT('',(12.063804893617,-21.35,-4.3));
#2180 = DIRECTION('',(0.999465115264,-3.270295659162E-02,0.));
#2181 = DIRECTION('',(-3.270295659162E-02,-0.999465115264,0.));
#2182 = PCURVE('',#272,#2183);
#2183 = DEFINITIONAL_REPRESENTATION('',(#2184),#2188);
#2184 = ELLIPSE('',#2185,0.52528096477,0.525);
#2185 = AXIS2_PLACEMENT_2D('',#2186,#2187);
#2186 = CARTESIAN_POINT('',(7.222438916829,-3.25));
#2187 = DIRECTION('',(1.,0.));
#2188 = ( GEOMETRIC_REPRESENTATION_CONTEXT(2) 
PARAMETRIC_REPRESENTATION_CONTEXT() REPRESENTATION_CONTEXT('2D SPACE',''
  ) );
#2189 = PCURVE('',#2190,#2195);
#2190 = CYLINDRICAL_SURFACE('',#2191,0.525);
#2191 = AXIS2_PLACEMENT_3D('',#2192,#2193,#2194);
#2192 = CARTESIAN_POINT('',(-15.,-21.35,-4.3));
#2193 = DIRECTION('',(-1.,-0.,-0.));
#2194 = DIRECTION('',(0.,1.,0.));
#2195 = DEFINITIONAL_REPRESENTATION('',(#2196),#2211);
#2196 = B_SPLINE_CURVE_WITH_KNOTS('',7,(#2197,#2198,#2199,#2200,#2201,
    #2202,#2203,#2204,#2205,#2206,#2207,#2208,#2209,#2210),
  .UNSPECIFIED.,.F.,.F.,(8,6,8),(3.14159265359,6.28318530718,
    9.424777960769),.UNSPECIFIED.);
#2197 = CARTESIAN_POINT('',(0.,-27.0809831342));
#2198 = CARTESIAN_POINT('',(-0.448798950513,-27.0809831342));
#2199 = CARTESIAN_POINT('',(-0.897597901026,-27.07694573022));
#2200 = CARTESIAN_POINT('',(-1.346396851538,-27.06887832476));
#2201 = CARTESIAN_POINT('',(-1.795195802052,-27.05873146247));
#2202 = CARTESIAN_POINT('',(-2.243994752564,-27.050664057));
#2203 = CARTESIAN_POINT('',(-2.692793703077,-27.04662665302));
#2204 = CARTESIAN_POINT('',(-3.590391604103,-27.04662665302));
#2205 = CARTESIAN_POINT('',(-4.039190554616,-27.050664057));
#2206 = CARTESIAN_POINT('',(-4.487989505127,-27.05873146248));
#2207 = CARTESIAN_POINT('',(-4.936788455641,-27.06887832474));
#2208 = CARTESIAN_POINT('',(-5.385587406154,-27.07694573022));
#2209 = CARTESIAN_POINT('',(-5.834386356667,-27.0809831342));
#2210 = CARTESIAN_POINT('',(-6.28318530718,-27.0809831342));
#2211 = ( GEOMETRIC_REPRESENTATION_CONTEXT(2) 
PARAMETRIC_REPRESENTATION_CONTEXT() REPRESENTATION_CONTEXT('2D SPACE',''
  ) );
#2212 = ADVANCED_FACE('',(#2213),#1071,.T.);
#2213 = FACE_BOUND('',#2214,.T.);
#2214 = EDGE_LOOP('',(#2215,#2216,#2217,#2240));
#2215 = ORIENTED_EDGE('',*,*,#1884,.F.);
#2216 = ORIENTED_EDGE('',*,*,#1051,.F.);
#2217 = ORIENTED_EDGE('',*,*,#2218,.F.);
#2218 = EDGE_CURVE('',#2219,#985,#2221,.T.);
#2219 = VERTEX_POINT('',#2220);
#2220 = CARTESIAN_POINT('',(10.22,22.250914475943,-6.001201813525));
#2221 = SURFACE_CURVE('',#2222,(#2226,#2233),.PCURVE_S1.);
#2222 = LINE('',#2223,#2224);
#2223 = CARTESIAN_POINT('',(10.22,22.3,-6.));
#2224 = VECTOR('',#2225,1.);
#2225 = DIRECTION('',(0.,-0.999700399793,-2.447673697503E-02));
#2226 = PCURVE('',#1071,#2227);
#2227 = DEFINITIONAL_REPRESENTATION('',(#2228),#2232);
#2228 = LINE('',#2229,#2230);
#2229 = CARTESIAN_POINT('',(0.,-40.22));
#2230 = VECTOR('',#2231,1.);
#2231 = DIRECTION('',(1.,0.));
#2232 = ( GEOMETRIC_REPRESENTATION_CONTEXT(2) 
PARAMETRIC_REPRESENTATION_CONTEXT() REPRESENTATION_CONTEXT('2D SPACE',''
  ) );
#2233 = PCURVE('',#1026,#2234);
#2234 = DEFINITIONAL_REPRESENTATION('',(#2235),#2239);
#2235 = LINE('',#2236,#2237);
#2236 = CARTESIAN_POINT('',(1.570796326795,0.));
#2237 = VECTOR('',#2238,1.);
#2238 = DIRECTION('',(0.,1.));
#2239 = ( GEOMETRIC_REPRESENTATION_CONTEXT(2) 
PARAMETRIC_REPRESENTATION_CONTEXT() REPRESENTATION_CONTEXT('2D SPACE',''
  ) );
#2240 = ORIENTED_EDGE('',*,*,#2241,.T.);
#2241 = EDGE_CURVE('',#2219,#1885,#2242,.T.);
#2242 = SURFACE_CURVE('',#2243,(#2247,#2254),.PCURVE_S1.);
#2243 = LINE('',#2244,#2245);
#2244 = CARTESIAN_POINT('',(10.,22.250914475943,-6.001201813525));
#2245 = VECTOR('',#2246,1.);
#2246 = DIRECTION('',(1.,0.,0.));
#2247 = PCURVE('',#1071,#2248);
#2248 = DEFINITIONAL_REPRESENTATION('',(#2249),#2253);
#2249 = LINE('',#2250,#2251);
#2250 = CARTESIAN_POINT('',(4.910023449716E-02,-40.));
#2251 = VECTOR('',#2252,1.);
#2252 = DIRECTION('',(0.,-1.));
#2253 = ( GEOMETRIC_REPRESENTATION_CONTEXT(2) 
PARAMETRIC_REPRESENTATION_CONTEXT() REPRESENTATION_CONTEXT('2D SPACE',''
  ) );
#2254 = PCURVE('',#2255,#2260);
#2255 = CYLINDRICAL_SURFACE('',#2256,0.22);
#2256 = AXIS2_PLACEMENT_3D('',#2257,#2258,#2259);
#2257 = CARTESIAN_POINT('',(10.,22.245529593809,-5.781267725571));
#2258 = DIRECTION('',(1.,0.,0.));
#2259 = DIRECTION('',(0.,0.4472135955,-0.894427191));
#2260 = DEFINITIONAL_REPRESENTATION('',(#2261),#2265);
#2261 = LINE('',#2262,#2263);
#2262 = CARTESIAN_POINT('',(-0.439168427321,0.));
#2263 = VECTOR('',#2264,1.);
#2264 = DIRECTION('',(-0.,1.));
#2265 = ( GEOMETRIC_REPRESENTATION_CONTEXT(2) 
PARAMETRIC_REPRESENTATION_CONTEXT() REPRESENTATION_CONTEXT('2D SPACE',''
  ) );
#2266 = ADVANCED_FACE('',(#2267),#338,.T.);
#2267 = FACE_BOUND('',#2268,.T.);
#2268 = EDGE_LOOP('',(#2269,#2270,#2316,#2337));
#2269 = ORIENTED_EDGE('',*,*,#2013,.F.);
#2270 = ORIENTED_EDGE('',*,*,#2271,.T.);
#2271 = EDGE_CURVE('',#1986,#2272,#2274,.T.);
#2272 = VERTEX_POINT('',#2273);
#2273 = CARTESIAN_POINT('',(11.8143850173,-22.25091447594,
    -6.001201813525));
#2274 = SURFACE_CURVE('',#2275,(#2280,#2287),.PCURVE_S1.);
#2275 = CIRCLE('',#2276,0.22);
#2276 = AXIS2_PLACEMENT_3D('',#2277,#2278,#2279);
#2277 = CARTESIAN_POINT('',(11.8143850173,-22.2455295938,-5.781267725571
    ));
#2278 = DIRECTION('',(3.269316925294E-02,0.999165995412,
    -2.446365257939E-02));
#2279 = DIRECTION('',(0.999465115264,-3.27029565916E-02,
    -8.074270418934E-15));
#2280 = PCURVE('',#338,#2281);
#2281 = DEFINITIONAL_REPRESENTATION('',(#2282),#2286);
#2282 = LINE('',#2283,#2284);
#2283 = CARTESIAN_POINT('',(0.,4.19359097276E-02));
#2284 = VECTOR('',#2285,1.);
#2285 = DIRECTION('',(1.,5.431798132583E-15));
#2286 = ( GEOMETRIC_REPRESENTATION_CONTEXT(2) 
PARAMETRIC_REPRESENTATION_CONTEXT() REPRESENTATION_CONTEXT('2D SPACE',''
  ) );
#2287 = PCURVE('',#2288,#2293);
#2288 = SPHERICAL_SURFACE('',#2289,0.22);
#2289 = AXIS2_PLACEMENT_3D('',#2290,#2291,#2292);
#2290 = CARTESIAN_POINT('',(11.8143850173,-22.2455295938,-5.781267725571
    ));
#2291 = DIRECTION('',(-1.614869854E-14,0.4472135955,0.894427191));
#2292 = DIRECTION('',(0.999572023547,-2.616516374368E-02,
    1.308258187185E-02));
#2293 = DEFINITIONAL_REPRESENTATION('',(#2294),#2315);
#2294 = B_SPLINE_CURVE_WITH_KNOTS('',7,(#2295,#2296,#2297,#2298,#2299,
    #2300,#2301,#2302,#2303,#2304,#2305,#2306,#2307,#2308,#2309,#2310,
    #2311,#2312,#2313,#2314),.UNSPECIFIED.,.F.,.F.,(8,6,6,8),(0.,
    0.784997932521,1.177496898782,1.569995865043),.UNSPECIFIED.);
#2295 = CARTESIAN_POINT('',(1.615042589357E-14,-1.462572823154E-02));
#2296 = CARTESIAN_POINT('',(4.766626072422E-02,-0.116136159921));
#2297 = CARTESIAN_POINT('',(9.549750362698E-02,-0.217608662903));
#2298 = CARTESIAN_POINT('',(0.145100969198,-0.318659834496));
#2299 = CARTESIAN_POINT('',(0.198101971119,-0.418929020589));
#2300 = CARTESIAN_POINT('',(0.256682371038,-0.517844401266));
#2301 = CARTESIAN_POINT('',(0.323901747664,-0.614734636422));
#2302 = CARTESIAN_POINT('',(0.447708184461,-0.754182495704));
#2303 = CARTESIAN_POINT('',(0.492807279434,-0.799683404147));
#2304 = CARTESIAN_POINT('',(0.542563247459,-0.843965551707));
#2305 = CARTESIAN_POINT('',(0.59805974396,-0.886705134429));
#2306 = CARTESIAN_POINT('',(0.660578141031,-0.927475849839));
#2307 = CARTESIAN_POINT('',(0.73198128144,-0.965621742387));
#2308 = CARTESIAN_POINT('',(0.895344635574,-1.034836621784));
#2309 = CARTESIAN_POINT('',(0.987307186045,-1.065909068136));
#2310 = CARTESIAN_POINT('',(1.090922748599,-1.09250953483));
#2311 = CARTESIAN_POINT('',(1.207055744436,-1.11357747301));
#2312 = CARTESIAN_POINT('',(1.335260824602,-1.127497286592));
#2313 = CARTESIAN_POINT('',(1.468250122499,-1.13346104735));
#2314 = CARTESIAN_POINT('',(1.600054043172,-1.131627899474));
#2315 = ( GEOMETRIC_REPRESENTATION_CONTEXT(2) 
PARAMETRIC_REPRESENTATION_CONTEXT() REPRESENTATION_CONTEXT('2D SPACE',''
  ) );
#2316 = ORIENTED_EDGE('',*,*,#2317,.T.);
#2317 = EDGE_CURVE('',#2272,#285,#2318,.T.);
#2318 = SURFACE_CURVE('',#2319,(#2323,#2330),.PCURVE_S1.);
#2319 = LINE('',#2320,#2321);
#2320 = CARTESIAN_POINT('',(11.813013999505,-22.29281541093,
    -6.000175907999));
#2321 = VECTOR('',#2322,1.);
#2322 = DIRECTION('',(3.269316925296E-02,0.999165995412,
    -2.446365257945E-02));
#2323 = PCURVE('',#338,#2324);
#2324 = DEFINITIONAL_REPRESENTATION('',(#2325),#2329);
#2325 = LINE('',#2326,#2327);
#2326 = CARTESIAN_POINT('',(1.569995865043,0.));
#2327 = VECTOR('',#2328,1.);
#2328 = DIRECTION('',(0.,1.));
#2329 = ( GEOMETRIC_REPRESENTATION_CONTEXT(2) 
PARAMETRIC_REPRESENTATION_CONTEXT() REPRESENTATION_CONTEXT('2D SPACE',''
  ) );
#2330 = PCURVE('',#389,#2331);
#2331 = DEFINITIONAL_REPRESENTATION('',(#2332),#2336);
#2332 = LINE('',#2333,#2334);
#2333 = CARTESIAN_POINT('',(7.186742219741E-03,-41.8130139995));
#2334 = VECTOR('',#2335,1.);
#2335 = DIRECTION('',(0.999465435462,-3.269316925296E-02));
#2336 = ( GEOMETRIC_REPRESENTATION_CONTEXT(2) 
PARAMETRIC_REPRESENTATION_CONTEXT() REPRESENTATION_CONTEXT('2D SPACE',''
  ) );
#2337 = ORIENTED_EDGE('',*,*,#284,.F.);
#2338 = ADVANCED_FACE('',(#2339),#1026,.T.);
#2339 = FACE_BOUND('',#2340,.T.);
#2340 = EDGE_LOOP('',(#2341,#2371,#2396,#2397,#2398));
#2341 = ORIENTED_EDGE('',*,*,#2342,.F.);
#2342 = EDGE_CURVE('',#2343,#2345,#2347,.T.);
#2343 = VERTEX_POINT('',#2344);
#2344 = CARTESIAN_POINT('',(10.,22.245529593809,-5.781267725571));
#2345 = VERTEX_POINT('',#2346);
#2346 = CARTESIAN_POINT('',(10.,16.740669042783,-5.916049129899));
#2347 = SURFACE_CURVE('',#2348,(#2352,#2359),.PCURVE_S1.);
#2348 = LINE('',#2349,#2350);
#2349 = CARTESIAN_POINT('',(10.,22.294615117865,-5.780065912045));
#2350 = VECTOR('',#2351,1.);
#2351 = DIRECTION('',(0.,-0.999700399793,-2.447673697503E-02));
#2352 = PCURVE('',#1026,#2353);
#2353 = DEFINITIONAL_REPRESENTATION('',(#2354),#2358);
#2354 = LINE('',#2355,#2356);
#2355 = CARTESIAN_POINT('',(0.,0.));
#2356 = VECTOR('',#2357,1.);
#2357 = DIRECTION('',(0.,1.));
#2358 = ( GEOMETRIC_REPRESENTATION_CONTEXT(2) 
PARAMETRIC_REPRESENTATION_CONTEXT() REPRESENTATION_CONTEXT('2D SPACE',''
  ) );
#2359 = PCURVE('',#2360,#2365);
#2360 = PLANE('',#2361);
#2361 = AXIS2_PLACEMENT_3D('',#2362,#2363,#2364);
#2362 = CARTESIAN_POINT('',(10.,23.3,-7.55));
#2363 = DIRECTION('',(1.,0.,-0.));
#2364 = DIRECTION('',(0.,-1.,0.));
#2365 = DEFINITIONAL_REPRESENTATION('',(#2366),#2370);
#2366 = LINE('',#2367,#2368);
#2367 = CARTESIAN_POINT('',(1.005384882135,-1.769934087955));
#2368 = VECTOR('',#2369,1.);
#2369 = DIRECTION('',(0.999700399793,2.447673697503E-02));
#2370 = ( GEOMETRIC_REPRESENTATION_CONTEXT(2) 
PARAMETRIC_REPRESENTATION_CONTEXT() REPRESENTATION_CONTEXT('2D SPACE',''
  ) );
#2371 = ORIENTED_EDGE('',*,*,#2372,.T.);
#2372 = EDGE_CURVE('',#2343,#2219,#2373,.T.);
#2373 = SURFACE_CURVE('',#2374,(#2379,#2385),.PCURVE_S1.);
#2374 = CIRCLE('',#2375,0.22);
#2375 = AXIS2_PLACEMENT_3D('',#2376,#2377,#2378);
#2376 = CARTESIAN_POINT('',(10.22,22.245529593809,-5.781267725571));
#2377 = DIRECTION('',(0.,-0.999700399793,-2.447673697503E-02));
#2378 = DIRECTION('',(0.,2.447673697503E-02,-0.999700399793));
#2379 = PCURVE('',#1026,#2380);
#2380 = DEFINITIONAL_REPRESENTATION('',(#2381),#2384);
#2381 = B_SPLINE_CURVE_WITH_KNOTS('',1,(#2382,#2383),.UNSPECIFIED.,.F.,
  .F.,(2,2),(4.712388980385,6.28318530718),.PIECEWISE_BEZIER_KNOTS.);
#2382 = CARTESIAN_POINT('',(0.,4.910023449716E-02));
#2383 = CARTESIAN_POINT('',(1.570796326795,4.910023449716E-02));
#2384 = ( GEOMETRIC_REPRESENTATION_CONTEXT(2) 
PARAMETRIC_REPRESENTATION_CONTEXT() REPRESENTATION_CONTEXT('2D SPACE',''
  ) );
#2385 = PCURVE('',#2386,#2391);
#2386 = SPHERICAL_SURFACE('',#2387,0.22);
#2387 = AXIS2_PLACEMENT_3D('',#2388,#2389,#2390);
#2388 = CARTESIAN_POINT('',(10.22,22.245529593809,-5.781267725571));
#2389 = DIRECTION('',(1.,0.,0.));
#2390 = DIRECTION('',(0.,0.4472135955,-0.894427191));
#2391 = DEFINITIONAL_REPRESENTATION('',(#2392),#2395);
#2392 = B_SPLINE_CURVE_WITH_KNOTS('',1,(#2393,#2394),.UNSPECIFIED.,.F.,
  .F.,(2,2),(4.712388980385,6.28318530718),.PIECEWISE_BEZIER_KNOTS.);
#2393 = CARTESIAN_POINT('',(-0.439168427321,-1.570796326795));
#2394 = CARTESIAN_POINT('',(-0.439168427321,0.));
#2395 = ( GEOMETRIC_REPRESENTATION_CONTEXT(2) 
PARAMETRIC_REPRESENTATION_CONTEXT() REPRESENTATION_CONTEXT('2D SPACE',''
  ) );
#2396 = ORIENTED_EDGE('',*,*,#2218,.T.);
#2397 = ORIENTED_EDGE('',*,*,#984,.F.);
#2398 = ORIENTED_EDGE('',*,*,#2399,.F.);
#2399 = EDGE_CURVE('',#2345,#957,#2400,.T.);
#2400 = SURFACE_CURVE('',#2401,(#2410,#2422),.PCURVE_S1.);
#2401 = B_SPLINE_CURVE_WITH_KNOTS('',4,(#2402,#2403,#2404,#2405,#2406,
    #2407,#2408,#2409),.UNSPECIFIED.,.F.,.F.,(5,3,5),(0.,0.794062280063,
    1.),.UNSPECIFIED.);
#2402 = CARTESIAN_POINT('',(10.,16.740669042783,-5.916049129899));
#2403 = CARTESIAN_POINT('',(10.,16.740669042783,-5.922808997935));
#2404 = CARTESIAN_POINT('',(10.00027677874,16.740503709701,
    -5.929572381313));
#2405 = CARTESIAN_POINT('',(10.000830235558,16.740173103347,
    -5.936322462168));
#2406 = CARTESIAN_POINT('',(10.001873048774,16.739550041109,
    -5.944785372333));
#2407 = CARTESIAN_POINT('',(10.00210627334,16.739410688619,
    -5.946526186962));
#2408 = CARTESIAN_POINT('',(10.002357931713,16.739260315344,
    -5.948264692803));
#2409 = CARTESIAN_POINT('',(10.00262797884,16.739098945789,-5.9500006));
#2410 = PCURVE('',#1026,#2411);
#2411 = DEFINITIONAL_REPRESENTATION('',(#2412),#2421);
#2412 = B_SPLINE_CURVE_WITH_KNOTS('',4,(#2413,#2414,#2415,#2416,#2417,
    #2418,#2419,#2420),.UNSPECIFIED.,.F.,.F.,(5,3,5),(0.,0.794062280063,
    1.),.UNSPECIFIED.);
#2413 = CARTESIAN_POINT('',(0.,5.555610537147));
#2414 = CARTESIAN_POINT('',(3.071746717447E-02,5.555775996659));
#2415 = CARTESIAN_POINT('',(6.143249688802E-02,5.556106825763));
#2416 = CARTESIAN_POINT('',(9.214606555611E-02,5.556602553022));
#2417 = CARTESIAN_POINT('',(0.130824540261,5.557432573016));
#2418 = CARTESIAN_POINT('',(0.138789866772,5.557614493218));
#2419 = CARTESIAN_POINT('',(0.146755180379,5.557807374391));
#2420 = CARTESIAN_POINT('',(0.154720498589,5.558011184943));
#2421 = ( GEOMETRIC_REPRESENTATION_CONTEXT(2) 
PARAMETRIC_REPRESENTATION_CONTEXT() REPRESENTATION_CONTEXT('2D SPACE',''
  ) );
#2422 = PCURVE('',#973,#2423);
#2423 = DEFINITIONAL_REPRESENTATION('',(#2424),#2433);
#2424 = B_SPLINE_CURVE_WITH_KNOTS('',4,(#2425,#2426,#2427,#2428,#2429,
    #2430,#2431,#2432),.UNSPECIFIED.,.F.,.F.,(5,3,5),(0.,0.794062280063,
    0.999982204895),.UNSPECIFIED.);
#2425 = CARTESIAN_POINT('',(1.032329335888,3.395087010109E-02));
#2426 = CARTESIAN_POINT('',(1.032329335888,2.719100206485E-02));
#2427 = CARTESIAN_POINT('',(1.032312802576,2.042761868666E-02));
#2428 = CARTESIAN_POINT('',(1.032279741955,1.367753783184E-02));
#2429 = CARTESIAN_POINT('',(1.03221744717,5.214778265115E-03));
#2430 = CARTESIAN_POINT('',(1.032203515898,3.474113885997E-03));
#2431 = CARTESIAN_POINT('',(1.03218848343,1.735757870366E-03));
#2432 = CARTESIAN_POINT('',(1.032172352393,-1.095596650274E-14));
#2433 = ( GEOMETRIC_REPRESENTATION_CONTEXT(2) 
PARAMETRIC_REPRESENTATION_CONTEXT() REPRESENTATION_CONTEXT('2D SPACE',''
  ) );
#2434 = ADVANCED_FACE('',(#2435),#389,.F.);
#2435 = FACE_BOUND('',#2436,.F.);
#2436 = EDGE_LOOP('',(#2437,#2438,#2461,#2487));
#2437 = ORIENTED_EDGE('',*,*,#369,.F.);
#2438 = ORIENTED_EDGE('',*,*,#2439,.T.);
#2439 = EDGE_CURVE('',#370,#2440,#2442,.T.);
#2440 = VERTEX_POINT('',#2441);
#2441 = CARTESIAN_POINT('',(10.22,-22.25091447594,-6.001201813525));
#2442 = SURFACE_CURVE('',#2443,(#2447,#2454),.PCURVE_S1.);
#2443 = LINE('',#2444,#2445);
#2444 = CARTESIAN_POINT('',(10.22,-14.1314242555,-6.2));
#2445 = VECTOR('',#2446,1.);
#2446 = DIRECTION('',(0.,-0.999700399793,2.447673697503E-02));
#2447 = PCURVE('',#389,#2448);
#2448 = DEFINITIONAL_REPRESENTATION('',(#2449),#2453);
#2449 = LINE('',#2450,#2451);
#2450 = CARTESIAN_POINT('',(8.171023784912,-40.22));
#2451 = VECTOR('',#2452,1.);
#2452 = DIRECTION('',(-1.,-0.));
#2453 = ( GEOMETRIC_REPRESENTATION_CONTEXT(2) 
PARAMETRIC_REPRESENTATION_CONTEXT() REPRESENTATION_CONTEXT('2D SPACE',''
  ) );
#2454 = PCURVE('',#443,#2455);
#2455 = DEFINITIONAL_REPRESENTATION('',(#2456),#2460);
#2456 = LINE('',#2457,#2458);
#2457 = CARTESIAN_POINT('',(1.570796326795,0.));
#2458 = VECTOR('',#2459,1.);
#2459 = DIRECTION('',(0.,1.));
#2460 = ( GEOMETRIC_REPRESENTATION_CONTEXT(2) 
PARAMETRIC_REPRESENTATION_CONTEXT() REPRESENTATION_CONTEXT('2D SPACE',''
  ) );
#2461 = ORIENTED_EDGE('',*,*,#2462,.T.);
#2462 = EDGE_CURVE('',#2440,#2272,#2463,.T.);
#2463 = SURFACE_CURVE('',#2464,(#2468,#2475),.PCURVE_S1.);
#2464 = LINE('',#2465,#2466);
#2465 = CARTESIAN_POINT('',(10.,-22.25091447594,-6.001201813525));
#2466 = VECTOR('',#2467,1.);
#2467 = DIRECTION('',(1.,0.,0.));
#2468 = PCURVE('',#389,#2469);
#2469 = DEFINITIONAL_REPRESENTATION('',(#2470),#2474);
#2470 = LINE('',#2471,#2472);
#2471 = CARTESIAN_POINT('',(4.910023449716E-02,-40.));
#2472 = VECTOR('',#2473,1.);
#2473 = DIRECTION('',(0.,-1.));
#2474 = ( GEOMETRIC_REPRESENTATION_CONTEXT(2) 
PARAMETRIC_REPRESENTATION_CONTEXT() REPRESENTATION_CONTEXT('2D SPACE',''
  ) );
#2475 = PCURVE('',#2476,#2481);
#2476 = CYLINDRICAL_SURFACE('',#2477,0.22);
#2477 = AXIS2_PLACEMENT_3D('',#2478,#2479,#2480);
#2478 = CARTESIAN_POINT('',(10.,-22.2455295938,-5.781267725571));
#2479 = DIRECTION('',(1.,0.,0.));
#2480 = DIRECTION('',(0.,-0.4472135955,-0.894427191));
#2481 = DEFINITIONAL_REPRESENTATION('',(#2482),#2486);
#2482 = LINE('',#2483,#2484);
#2483 = CARTESIAN_POINT('',(0.439168427321,0.));
#2484 = VECTOR('',#2485,1.);
#2485 = DIRECTION('',(0.,1.));
#2486 = ( GEOMETRIC_REPRESENTATION_CONTEXT(2) 
PARAMETRIC_REPRESENTATION_CONTEXT() REPRESENTATION_CONTEXT('2D SPACE',''
  ) );
#2487 = ORIENTED_EDGE('',*,*,#2317,.T.);
#2488 = ADVANCED_FACE('',(#2489),#973,.T.);
#2489 = FACE_BOUND('',#2490,.T.);
#2490 = EDGE_LOOP('',(#2491,#2519,#2548,#2567,#2568,#2569));
#2491 = ORIENTED_EDGE('',*,*,#2492,.T.);
#2492 = EDGE_CURVE('',#2493,#2495,#2497,.T.);
#2493 = VERTEX_POINT('',#2494);
#2494 = CARTESIAN_POINT('',(-10.,16.740669042783,-5.916049129899));
#2495 = VERTEX_POINT('',#2496);
#2496 = CARTESIAN_POINT('',(-10.,16.740669042783,1.55));
#2497 = SURFACE_CURVE('',#2498,(#2502,#2508),.PCURVE_S1.);
#2498 = LINE('',#2499,#2500);
#2499 = CARTESIAN_POINT('',(-10.,16.740669042783,-5.95));
#2500 = VECTOR('',#2501,1.);
#2501 = DIRECTION('',(0.,0.,1.));
#2502 = PCURVE('',#973,#2503);
#2503 = DEFINITIONAL_REPRESENTATION('',(#2504),#2507);
#2504 = B_SPLINE_CURVE_WITH_KNOTS('',1,(#2505,#2506),.UNSPECIFIED.,.F.,
  .F.,(2,2),(-6.000000105644E-07,7.5000006),.PIECEWISE_BEZIER_KNOTS.);
#2505 = CARTESIAN_POINT('',(2.109263317702,-6.000000105644E-07));
#2506 = CARTESIAN_POINT('',(2.109263317702,7.5000006));
#2507 = ( GEOMETRIC_REPRESENTATION_CONTEXT(2) 
PARAMETRIC_REPRESENTATION_CONTEXT() REPRESENTATION_CONTEXT('2D SPACE',''
  ) );
#2508 = PCURVE('',#2509,#2514);
#2509 = PLANE('',#2510);
#2510 = AXIS2_PLACEMENT_3D('',#2511,#2512,#2513);
#2511 = CARTESIAN_POINT('',(-10.,23.3,-7.55));
#2512 = DIRECTION('',(1.,0.,-0.));
#2513 = DIRECTION('',(0.,-1.,0.));
#2514 = DEFINITIONAL_REPRESENTATION('',(#2515),#2518);
#2515 = B_SPLINE_CURVE_WITH_KNOTS('',1,(#2516,#2517),.UNSPECIFIED.,.F.,
  .F.,(2,2),(-6.000000105644E-07,7.5000006),.PIECEWISE_BEZIER_KNOTS.);
#2516 = CARTESIAN_POINT('',(6.559330957217,-1.5999994));
#2517 = CARTESIAN_POINT('',(6.559330957217,-9.1000006));
#2518 = ( GEOMETRIC_REPRESENTATION_CONTEXT(2) 
PARAMETRIC_REPRESENTATION_CONTEXT() REPRESENTATION_CONTEXT('2D SPACE',''
  ) );
#2519 = ORIENTED_EDGE('',*,*,#2520,.T.);
#2520 = EDGE_CURVE('',#2495,#2521,#2523,.T.);
#2521 = VERTEX_POINT('',#2522);
#2522 = CARTESIAN_POINT('',(10.,16.740669042783,1.55));
#2523 = SURFACE_CURVE('',#2524,(#2529,#2536),.PCURVE_S1.);
#2524 = CIRCLE('',#2525,19.5);
#2525 = AXIS2_PLACEMENT_3D('',#2526,#2527,#2528);
#2526 = CARTESIAN_POINT('',(0.,0.,1.55));
#2527 = DIRECTION('',(0.,0.,-1.));
#2528 = DIRECTION('',(0.629045515474,0.777368470844,0.));
#2529 = PCURVE('',#973,#2530);
#2530 = DEFINITIONAL_REPRESENTATION('',(#2531),#2535);
#2531 = LINE('',#2532,#2533);
#2532 = CARTESIAN_POINT('',(7.173656873842,7.5));
#2533 = VECTOR('',#2534,1.);
#2534 = DIRECTION('',(-1.,-0.));
#2535 = ( GEOMETRIC_REPRESENTATION_CONTEXT(2) 
PARAMETRIC_REPRESENTATION_CONTEXT() REPRESENTATION_CONTEXT('2D SPACE',''
  ) );
#2536 = PCURVE('',#2537,#2542);
#2537 = CONICAL_SURFACE('',#2538,19.5,4.225458934946E-02);
#2538 = AXIS2_PLACEMENT_3D('',#2539,#2540,#2541);
#2539 = CARTESIAN_POINT('',(0.,0.,1.55));
#2540 = DIRECTION('',(-0.,-0.,-1.));
#2541 = DIRECTION('',(1.,0.,-0.));
#2542 = DEFINITIONAL_REPRESENTATION('',(#2543),#2547);
#2543 = LINE('',#2544,#2545);
#2544 = CARTESIAN_POINT('',(-7.173656873842,-0.));
#2545 = VECTOR('',#2546,1.);
#2546 = DIRECTION('',(1.,-0.));
#2547 = ( GEOMETRIC_REPRESENTATION_CONTEXT(2) 
PARAMETRIC_REPRESENTATION_CONTEXT() REPRESENTATION_CONTEXT('2D SPACE',''
  ) );
#2548 = ORIENTED_EDGE('',*,*,#2549,.F.);
#2549 = EDGE_CURVE('',#2345,#2521,#2550,.T.);
#2550 = SURFACE_CURVE('',#2551,(#2555,#2561),.PCURVE_S1.);
#2551 = LINE('',#2552,#2553);
#2552 = CARTESIAN_POINT('',(10.,16.740669042783,-5.95));
#2553 = VECTOR('',#2554,1.);
#2554 = DIRECTION('',(0.,0.,1.));
#2555 = PCURVE('',#973,#2556);
#2556 = DEFINITIONAL_REPRESENTATION('',(#2557),#2560);
#2557 = B_SPLINE_CURVE_WITH_KNOTS('',1,(#2558,#2559),.UNSPECIFIED.,.F.,
  .F.,(2,2),(3.39508701011E-02,7.5),.PIECEWISE_BEZIER_KNOTS.);
#2558 = CARTESIAN_POINT('',(1.032329335888,3.39508701011E-02));
#2559 = CARTESIAN_POINT('',(1.032329335888,7.5));
#2560 = ( GEOMETRIC_REPRESENTATION_CONTEXT(2) 
PARAMETRIC_REPRESENTATION_CONTEXT() REPRESENTATION_CONTEXT('2D SPACE',''
  ) );
#2561 = PCURVE('',#2360,#2562);
#2562 = DEFINITIONAL_REPRESENTATION('',(#2563),#2566);
#2563 = B_SPLINE_CURVE_WITH_KNOTS('',1,(#2564,#2565),.UNSPECIFIED.,.F.,
  .F.,(2,2),(-5.999999999062E-07,7.5000006),.PIECEWISE_BEZIER_KNOTS.);
#2564 = CARTESIAN_POINT('',(6.559330957217,-1.5999994));
#2565 = CARTESIAN_POINT('',(6.559330957217,-9.1000006));
#2566 = ( GEOMETRIC_REPRESENTATION_CONTEXT(2) 
PARAMETRIC_REPRESENTATION_CONTEXT() REPRESENTATION_CONTEXT('2D SPACE',''
  ) );
#2567 = ORIENTED_EDGE('',*,*,#2399,.T.);
#2568 = ORIENTED_EDGE('',*,*,#956,.T.);
#2569 = ORIENTED_EDGE('',*,*,#2570,.F.);
#2570 = EDGE_CURVE('',#2493,#890,#2571,.T.);
#2571 = SURFACE_CURVE('',#2572,(#2581,#2593),.PCURVE_S1.);
#2572 = B_SPLINE_CURVE_WITH_KNOTS('',4,(#2573,#2574,#2575,#2576,#2577,
    #2578,#2579,#2580),.UNSPECIFIED.,.F.,.F.,(5,3,5),(0.,0.817805598373,
    1.),.UNSPECIFIED.);
#2573 = CARTESIAN_POINT('',(-10.,16.740669042783,-5.916049129899));
#2574 = CARTESIAN_POINT('',(-10.,16.740669042783,-5.923011125276));
#2575 = CARTESIAN_POINT('',(-10.0002935782,16.740493674594,
    -5.929976849704));
#2576 = CARTESIAN_POINT('',(-10.00088062449,16.740143003603,
    -5.936927929768));
#2577 = CARTESIAN_POINT('',(-10.00195445176,16.739501402275,
    -5.945387394613));
#2578 = CARTESIAN_POINT('',(-10.00216454701,16.739375868272,
    -5.946927029907));
#2579 = CARTESIAN_POINT('',(-10.00238906644,16.739241710454,
    -5.948464831939));
#2580 = CARTESIAN_POINT('',(-10.00262797884,16.739098945789,-5.9500006)
  );
#2581 = PCURVE('',#973,#2582);
#2582 = DEFINITIONAL_REPRESENTATION('',(#2583),#2592);
#2583 = B_SPLINE_CURVE_WITH_KNOTS('',4,(#2584,#2585,#2586,#2587,#2588,
    #2589,#2590,#2591),.UNSPECIFIED.,.F.,.F.,(5,3,5),(0.,0.817805598373,
    1.),.UNSPECIFIED.);
#2584 = CARTESIAN_POINT('',(2.109263317702,3.395087010109E-02));
#2585 = CARTESIAN_POINT('',(2.109263317702,2.698887472413E-02));
#2586 = CARTESIAN_POINT('',(2.109280854526,2.002315029592E-02));
#2587 = CARTESIAN_POINT('',(2.109315921607,1.307207023249E-02));
#2588 = CARTESIAN_POINT('',(2.109380070457,4.612605387276E-03));
#2589 = CARTESIAN_POINT('',(2.109392621345,3.072970093421E-03));
#2590 = CARTESIAN_POINT('',(2.109406034057,1.535168061485E-03));
#2591 = CARTESIAN_POINT('',(2.109420306772,-6.00000010956E-07));
#2592 = ( GEOMETRIC_REPRESENTATION_CONTEXT(2) 
PARAMETRIC_REPRESENTATION_CONTEXT() REPRESENTATION_CONTEXT('2D SPACE',''
  ) );
#2593 = PCURVE('',#931,#2594);
#2594 = DEFINITIONAL_REPRESENTATION('',(#2595),#2604);
#2595 = B_SPLINE_CURVE_WITH_KNOTS('',4,(#2596,#2597,#2598,#2599,#2600,
    #2601,#2602,#2603),.UNSPECIFIED.,.F.,.F.,(5,3,5),(0.,0.817805598373,
    1.),.UNSPECIFIED.);
#2596 = CARTESIAN_POINT('',(0.,5.555610537147));
#2597 = CARTESIAN_POINT('',(-3.163595255323E-02,5.555780944077));
#2598 = CARTESIAN_POINT('',(-6.326931959751E-02,5.556126757931));
#2599 = CARTESIAN_POINT('',(-9.490116824648E-02,5.556647463619));
#2600 = CARTESIAN_POINT('',(-0.133579595282,5.557495932819));
#2601 = CARTESIAN_POINT('',(-0.140626567534,5.55765911446));
#2602 = CARTESIAN_POINT('',(-0.147673531258,5.55783087246));
#2603 = CARTESIAN_POINT('',(-0.154720498589,5.558011184943));
#2604 = ( GEOMETRIC_REPRESENTATION_CONTEXT(2) 
PARAMETRIC_REPRESENTATION_CONTEXT() REPRESENTATION_CONTEXT('2D SPACE',''
  ) );
#2605 = ADVANCED_FACE('',(#2606),#443,.T.);
#2606 = FACE_BOUND('',#2607,.T.);
#2607 = EDGE_LOOP('',(#2608,#2609,#2610,#2637,#2665));
#2608 = ORIENTED_EDGE('',*,*,#401,.T.);
#2609 = ORIENTED_EDGE('',*,*,#2439,.T.);
#2610 = ORIENTED_EDGE('',*,*,#2611,.F.);
#2611 = EDGE_CURVE('',#2612,#2440,#2614,.T.);
#2612 = VERTEX_POINT('',#2613);
#2613 = CARTESIAN_POINT('',(10.,-22.2455295938,-5.781267725571));
#2614 = SURFACE_CURVE('',#2615,(#2620,#2626),.PCURVE_S1.);
#2615 = CIRCLE('',#2616,0.22);
#2616 = AXIS2_PLACEMENT_3D('',#2617,#2618,#2619);
#2617 = CARTESIAN_POINT('',(10.22,-22.2455295938,-5.781267725571));
#2618 = DIRECTION('',(0.,-0.999700399793,2.447673697503E-02));
#2619 = DIRECTION('',(-0.,-2.447673697503E-02,-0.999700399793));
#2620 = PCURVE('',#443,#2621);
#2621 = DEFINITIONAL_REPRESENTATION('',(#2622),#2625);
#2622 = B_SPLINE_CURVE_WITH_KNOTS('',1,(#2623,#2624),.UNSPECIFIED.,.F.,
  .F.,(2,2),(4.712388980385,6.28318530718),.PIECEWISE_BEZIER_KNOTS.);
#2623 = CARTESIAN_POINT('',(0.,8.121923550415));
#2624 = CARTESIAN_POINT('',(1.570796326795,8.121923550415));
#2625 = ( GEOMETRIC_REPRESENTATION_CONTEXT(2) 
PARAMETRIC_REPRESENTATION_CONTEXT() REPRESENTATION_CONTEXT('2D SPACE',''
  ) );
#2626 = PCURVE('',#2627,#2632);
#2627 = SPHERICAL_SURFACE('',#2628,0.22);
#2628 = AXIS2_PLACEMENT_3D('',#2629,#2630,#2631);
#2629 = CARTESIAN_POINT('',(10.22,-22.2455295938,-5.781267725571));
#2630 = DIRECTION('',(1.,-0.,-0.));
#2631 = DIRECTION('',(-0.,-2.447673697503E-02,-0.999700399793));
#2632 = DEFINITIONAL_REPRESENTATION('',(#2633),#2636);
#2633 = B_SPLINE_CURVE_WITH_KNOTS('',1,(#2634,#2635),.UNSPECIFIED.,.F.,
  .F.,(2,2),(4.712388980385,6.28318530718),.PIECEWISE_BEZIER_KNOTS.);
#2634 = CARTESIAN_POINT('',(0.,-1.570796326795));
#2635 = CARTESIAN_POINT('',(0.,0.));
#2636 = ( GEOMETRIC_REPRESENTATION_CONTEXT(2) 
PARAMETRIC_REPRESENTATION_CONTEXT() REPRESENTATION_CONTEXT('2D SPACE',''
  ) );
#2637 = ORIENTED_EDGE('',*,*,#2638,.F.);
#2638 = EDGE_CURVE('',#2639,#2612,#2641,.T.);
#2639 = VERTEX_POINT('',#2640);
#2640 = CARTESIAN_POINT('',(10.,-16.74066904278,-5.916049129899));
#2641 = SURFACE_CURVE('',#2642,(#2646,#2653),.PCURVE_S1.);
#2642 = LINE('',#2643,#2644);
#2643 = CARTESIAN_POINT('',(10.,-14.12603937336,-5.980065912045));
#2644 = VECTOR('',#2645,1.);
#2645 = DIRECTION('',(0.,-0.999700399793,2.447673697503E-02));
#2646 = PCURVE('',#443,#2647);
#2647 = DEFINITIONAL_REPRESENTATION('',(#2648),#2652);
#2648 = LINE('',#2649,#2650);
#2649 = CARTESIAN_POINT('',(0.,0.));
#2650 = VECTOR('',#2651,1.);
#2651 = DIRECTION('',(0.,1.));
#2652 = ( GEOMETRIC_REPRESENTATION_CONTEXT(2) 
PARAMETRIC_REPRESENTATION_CONTEXT() REPRESENTATION_CONTEXT('2D SPACE',''
  ) );
#2653 = PCURVE('',#2654,#2659);
#2654 = PLANE('',#2655);
#2655 = AXIS2_PLACEMENT_3D('',#2656,#2657,#2658);
#2656 = CARTESIAN_POINT('',(10.,-23.3,-7.55));
#2657 = DIRECTION('',(-1.,0.,0.));
#2658 = DIRECTION('',(0.,1.,0.));
#2659 = DEFINITIONAL_REPRESENTATION('',(#2660),#2664);
#2660 = LINE('',#2661,#2662);
#2661 = CARTESIAN_POINT('',(9.173960626632,-1.569934087955));
#2662 = VECTOR('',#2663,1.);
#2663 = DIRECTION('',(-0.999700399793,-2.447673697503E-02));
#2664 = ( GEOMETRIC_REPRESENTATION_CONTEXT(2) 
PARAMETRIC_REPRESENTATION_CONTEXT() REPRESENTATION_CONTEXT('2D SPACE',''
  ) );
#2665 = ORIENTED_EDGE('',*,*,#2666,.T.);
#2666 = EDGE_CURVE('',#2639,#402,#2667,.T.);
#2667 = SURFACE_CURVE('',#2668,(#2680,#2695),.PCURVE_S1.);
#2668 = B_SPLINE_CURVE_WITH_KNOTS('',4,(#2669,#2670,#2671,#2672,#2673,
    #2674,#2675,#2676,#2677,#2678,#2679),.UNSPECIFIED.,.F.,.F.,(5,3,3,5)
  ,(0.,0.788128428049,0.847499634473,1.),.UNSPECIFIED.);
#2669 = CARTESIAN_POINT('',(10.,-16.74066904278,-5.916049129899));
#2670 = CARTESIAN_POINT('',(10.,-16.74066904278,-5.92275848107));
#2671 = CARTESIAN_POINT('',(10.000272657424,-16.74050617155,
    -5.929471295162));
#2672 = CARTESIAN_POINT('',(10.00081787388,-16.74018048757,
    -5.936171128844));
#2673 = CARTESIAN_POINT('',(10.001695086436,-16.73965637052,
    -5.943344154968));
#2674 = CARTESIAN_POINT('',(10.001758074474,-16.73961873601,
    -5.943846491777));
#2675 = CARTESIAN_POINT('',(10.001822596959,-16.73958018424,
    -5.944348655297));
#2676 = CARTESIAN_POINT('',(10.002058323858,-16.73943933724,
    -5.946140028423));
#2677 = CARTESIAN_POINT('',(10.002238112421,-16.73933191032,
    -5.947428229029));
#2678 = CARTESIAN_POINT('',(10.002428003026,-16.73921844348,
    -5.948715122329));
#2679 = CARTESIAN_POINT('',(10.002627977381,-16.73909894666,
    -5.950000590625));
#2680 = PCURVE('',#443,#2681);
#2681 = DEFINITIONAL_REPRESENTATION('',(#2682),#2694);
#2682 = B_SPLINE_CURVE_WITH_KNOTS('',4,(#2683,#2684,#2685,#2686,#2687,
    #2688,#2689,#2690,#2691,#2692,#2693),.UNSPECIFIED.,.F.,.F.,(5,3,3,5)
  ,(0.,0.788128428049,0.847499634473,1.),.UNSPECIFIED.);
#2683 = CARTESIAN_POINT('',(0.,2.615413247765));
#2684 = CARTESIAN_POINT('',(3.048791385507E-02,2.615249024741));
#2685 = CARTESIAN_POINT('',(6.097342656701E-02,2.614921894526));
#2686 = CARTESIAN_POINT('',(9.145749272115E-02,2.61443231805));
#2687 = CARTESIAN_POINT('',(0.124237487779,2.613732785749));
#2688 = CARTESIAN_POINT('',(0.126533873006,2.61368286695));
#2689 = CARTESIAN_POINT('',(0.128830256044,2.613632035413));
#2690 = CARTESIAN_POINT('',(0.1370251023,2.613447383635));
#2691 = CARTESIAN_POINT('',(0.142923555608,2.613308457955));
#2692 = CARTESIAN_POINT('',(0.148822004325,2.613163526157));
#2693 = CARTESIAN_POINT('',(0.154720455571,2.61301260107));
#2694 = ( GEOMETRIC_REPRESENTATION_CONTEXT(2) 
PARAMETRIC_REPRESENTATION_CONTEXT() REPRESENTATION_CONTEXT('2D SPACE',''
  ) );
#2695 = PCURVE('',#485,#2696);
#2696 = DEFINITIONAL_REPRESENTATION('',(#2697),#2709);
#2697 = B_SPLINE_CURVE_WITH_KNOTS('',4,(#2698,#2699,#2700,#2701,#2702,
    #2703,#2704,#2705,#2706,#2707,#2708),.UNSPECIFIED.,.F.,.F.,(5,3,3,5)
  ,(0.,0.788128428049,0.847499634473,1.),.UNSPECIFIED.);
#2698 = CARTESIAN_POINT('',(5.250855971291,3.395087010109E-02));
#2699 = CARTESIAN_POINT('',(5.250855971291,2.724151892998E-02));
#2700 = CARTESIAN_POINT('',(5.250872258418,2.052870483759E-02));
#2701 = CARTESIAN_POINT('',(5.250904826802,1.382887115553E-02));
#2702 = CARTESIAN_POINT('',(5.250957229947,6.655845032304E-03));
#2703 = CARTESIAN_POINT('',(5.250960992753,6.153508223365E-03));
#2704 = CARTESIAN_POINT('',(5.250964847236,5.651344703053E-03));
#2705 = CARTESIAN_POINT('',(5.250978929277,3.859971576558E-03));
#2706 = CARTESIAN_POINT('',(5.250989669711,2.571770970566E-03));
#2707 = CARTESIAN_POINT('',(5.251001013733,1.284877671479E-03));
#2708 = CARTESIAN_POINT('',(5.251012960275,-5.906250180043E-07));
#2709 = ( GEOMETRIC_REPRESENTATION_CONTEXT(2) 
PARAMETRIC_REPRESENTATION_CONTEXT() REPRESENTATION_CONTEXT('2D SPACE',''
  ) );
#2710 = ADVANCED_FACE('',(#2711),#931,.T.);
#2711 = FACE_BOUND('',#2712,.F.);
#2712 = EDGE_LOOP('',(#2713,#2736,#2763,#2784,#2785));
#2713 = ORIENTED_EDGE('',*,*,#2714,.F.);
#2714 = EDGE_CURVE('',#2715,#2493,#2717,.T.);
#2715 = VERTEX_POINT('',#2716);
#2716 = CARTESIAN_POINT('',(-10.,22.245529593809,-5.781267725571));
#2717 = SURFACE_CURVE('',#2718,(#2722,#2729),.PCURVE_S1.);
#2718 = LINE('',#2719,#2720);
#2719 = CARTESIAN_POINT('',(-10.,22.294615117865,-5.780065912045));
#2720 = VECTOR('',#2721,1.);
#2721 = DIRECTION('',(0.,-0.999700399793,-2.447673697503E-02));
#2722 = PCURVE('',#931,#2723);
#2723 = DEFINITIONAL_REPRESENTATION('',(#2724),#2728);
#2724 = LINE('',#2725,#2726);
#2725 = CARTESIAN_POINT('',(-0.,0.));
#2726 = VECTOR('',#2727,1.);
#2727 = DIRECTION('',(-0.,1.));
#2728 = ( GEOMETRIC_REPRESENTATION_CONTEXT(2) 
PARAMETRIC_REPRESENTATION_CONTEXT() REPRESENTATION_CONTEXT('2D SPACE',''
  ) );
#2729 = PCURVE('',#2509,#2730);
#2730 = DEFINITIONAL_REPRESENTATION('',(#2731),#2735);
#2731 = LINE('',#2732,#2733);
#2732 = CARTESIAN_POINT('',(1.005384882135,-1.769934087955));
#2733 = VECTOR('',#2734,1.);
#2734 = DIRECTION('',(0.999700399793,2.447673697503E-02));
#2735 = ( GEOMETRIC_REPRESENTATION_CONTEXT(2) 
PARAMETRIC_REPRESENTATION_CONTEXT() REPRESENTATION_CONTEXT('2D SPACE',''
  ) );
#2736 = ORIENTED_EDGE('',*,*,#2737,.T.);
#2737 = EDGE_CURVE('',#2715,#2738,#2740,.T.);
#2738 = VERTEX_POINT('',#2739);
#2739 = CARTESIAN_POINT('',(-10.22,22.250914475943,-6.001201813525));
#2740 = SURFACE_CURVE('',#2741,(#2746,#2752),.PCURVE_S1.);
#2741 = CIRCLE('',#2742,0.22);
#2742 = AXIS2_PLACEMENT_3D('',#2743,#2744,#2745);
#2743 = CARTESIAN_POINT('',(-10.22,22.245529593809,-5.781267725571));
#2744 = DIRECTION('',(0.,0.999700399793,2.447673697503E-02));
#2745 = DIRECTION('',(0.,2.447673697503E-02,-0.999700399793));
#2746 = PCURVE('',#931,#2747);
#2747 = DEFINITIONAL_REPRESENTATION('',(#2748),#2751);
#2748 = B_SPLINE_CURVE_WITH_KNOTS('',1,(#2749,#2750),.UNSPECIFIED.,.F.,
  .F.,(2,2),(4.712388980385,6.28318530718),.PIECEWISE_BEZIER_KNOTS.);
#2749 = CARTESIAN_POINT('',(0.,4.910023449716E-02));
#2750 = CARTESIAN_POINT('',(-1.570796326795,4.910023449716E-02));
#2751 = ( GEOMETRIC_REPRESENTATION_CONTEXT(2) 
PARAMETRIC_REPRESENTATION_CONTEXT() REPRESENTATION_CONTEXT('2D SPACE',''
  ) );
#2752 = PCURVE('',#2753,#2758);
#2753 = SPHERICAL_SURFACE('',#2754,0.22);
#2754 = AXIS2_PLACEMENT_3D('',#2755,#2756,#2757);
#2755 = CARTESIAN_POINT('',(-10.22,22.245529593809,-5.781267725571));
#2756 = DIRECTION('',(-1.,-0.,-0.));
#2757 = DIRECTION('',(0.,0.4472135955,-0.894427191));
#2758 = DEFINITIONAL_REPRESENTATION('',(#2759),#2762);
#2759 = B_SPLINE_CURVE_WITH_KNOTS('',1,(#2760,#2761),.UNSPECIFIED.,.F.,
  .F.,(2,2),(4.712388980385,6.28318530718),.PIECEWISE_BEZIER_KNOTS.);
#2760 = CARTESIAN_POINT('',(0.439168427321,-1.570796326795));
#2761 = CARTESIAN_POINT('',(0.439168427321,0.));
#2762 = ( GEOMETRIC_REPRESENTATION_CONTEXT(2) 
PARAMETRIC_REPRESENTATION_CONTEXT() REPRESENTATION_CONTEXT('2D SPACE',''
  ) );
#2763 = ORIENTED_EDGE('',*,*,#2764,.T.);
#2764 = EDGE_CURVE('',#2738,#858,#2765,.T.);
#2765 = SURFACE_CURVE('',#2766,(#2770,#2777),.PCURVE_S1.);
#2766 = LINE('',#2767,#2768);
#2767 = CARTESIAN_POINT('',(-10.22,22.3,-6.));
#2768 = VECTOR('',#2769,1.);
#2769 = DIRECTION('',(0.,-0.999700399793,-2.447673697503E-02));
#2770 = PCURVE('',#931,#2771);
#2771 = DEFINITIONAL_REPRESENTATION('',(#2772),#2776);
#2772 = LINE('',#2773,#2774);
#2773 = CARTESIAN_POINT('',(-1.570796326795,0.));
#2774 = VECTOR('',#2775,1.);
#2775 = DIRECTION('',(-0.,1.));
#2776 = ( GEOMETRIC_REPRESENTATION_CONTEXT(2) 
PARAMETRIC_REPRESENTATION_CONTEXT() REPRESENTATION_CONTEXT('2D SPACE',''
  ) );
#2777 = PCURVE('',#877,#2778);
#2778 = DEFINITIONAL_REPRESENTATION('',(#2779),#2783);
#2779 = LINE('',#2780,#2781);
#2780 = CARTESIAN_POINT('',(0.,-19.78));
#2781 = VECTOR('',#2782,1.);
#2782 = DIRECTION('',(1.,0.));
#2783 = ( GEOMETRIC_REPRESENTATION_CONTEXT(2) 
PARAMETRIC_REPRESENTATION_CONTEXT() REPRESENTATION_CONTEXT('2D SPACE',''
  ) );
#2784 = ORIENTED_EDGE('',*,*,#889,.F.);
#2785 = ORIENTED_EDGE('',*,*,#2570,.F.);
#2786 = ADVANCED_FACE('',(#2787),#485,.T.);
#2787 = FACE_BOUND('',#2788,.T.);
#2788 = EDGE_LOOP('',(#2789,#2790,#2811,#2840,#2866,#2911));
#2789 = ORIENTED_EDGE('',*,*,#2666,.F.);
#2790 = ORIENTED_EDGE('',*,*,#2791,.T.);
#2791 = EDGE_CURVE('',#2639,#2792,#2794,.T.);
#2792 = VERTEX_POINT('',#2793);
#2793 = CARTESIAN_POINT('',(10.,-16.74066904278,1.55));
#2794 = SURFACE_CURVE('',#2795,(#2799,#2805),.PCURVE_S1.);
#2795 = LINE('',#2796,#2797);
#2796 = CARTESIAN_POINT('',(10.,-16.74066904278,-5.95));
#2797 = VECTOR('',#2798,1.);
#2798 = DIRECTION('',(0.,0.,1.));
#2799 = PCURVE('',#485,#2800);
#2800 = DEFINITIONAL_REPRESENTATION('',(#2801),#2804);
#2801 = B_SPLINE_CURVE_WITH_KNOTS('',1,(#2802,#2803),.UNSPECIFIED.,.F.,
  .F.,(2,2),(-6.000000105644E-07,7.5000006),.PIECEWISE_BEZIER_KNOTS.);
#2802 = CARTESIAN_POINT('',(5.250855971291,-6.000000105644E-07));
#2803 = CARTESIAN_POINT('',(5.250855971291,7.5000006));
#2804 = ( GEOMETRIC_REPRESENTATION_CONTEXT(2) 
PARAMETRIC_REPRESENTATION_CONTEXT() REPRESENTATION_CONTEXT('2D SPACE',''
  ) );
#2805 = PCURVE('',#2654,#2806);
#2806 = DEFINITIONAL_REPRESENTATION('',(#2807),#2810);
#2807 = B_SPLINE_CURVE_WITH_KNOTS('',1,(#2808,#2809),.UNSPECIFIED.,.F.,
  .F.,(2,2),(-6.000000105644E-07,7.5000006),.PIECEWISE_BEZIER_KNOTS.);
#2808 = CARTESIAN_POINT('',(6.559330957217,-1.5999994));
#2809 = CARTESIAN_POINT('',(6.559330957217,-9.1000006));
#2810 = ( GEOMETRIC_REPRESENTATION_CONTEXT(2) 
PARAMETRIC_REPRESENTATION_CONTEXT() REPRESENTATION_CONTEXT('2D SPACE',''
  ) );
#2811 = ORIENTED_EDGE('',*,*,#2812,.T.);
#2812 = EDGE_CURVE('',#2792,#2813,#2815,.T.);
#2813 = VERTEX_POINT('',#2814);
#2814 = CARTESIAN_POINT('',(-10.,-16.74066904278,1.55));
#2815 = SURFACE_CURVE('',#2816,(#2821,#2828),.PCURVE_S1.);
#2816 = CIRCLE('',#2817,19.5);
#2817 = AXIS2_PLACEMENT_3D('',#2818,#2819,#2820);
#2818 = CARTESIAN_POINT('',(0.,0.,1.55));
#2819 = DIRECTION('',(0.,0.,-1.));
#2820 = DIRECTION('',(0.629045515474,0.777368470844,0.));
#2821 = PCURVE('',#485,#2822);
#2822 = DEFINITIONAL_REPRESENTATION('',(#2823),#2827);
#2823 = LINE('',#2824,#2825);
#2824 = CARTESIAN_POINT('',(7.173656873842,7.5));
#2825 = VECTOR('',#2826,1.);
#2826 = DIRECTION('',(-1.,-0.));
#2827 = ( GEOMETRIC_REPRESENTATION_CONTEXT(2) 
PARAMETRIC_REPRESENTATION_CONTEXT() REPRESENTATION_CONTEXT('2D SPACE',''
  ) );
#2828 = PCURVE('',#2829,#2834);
#2829 = CONICAL_SURFACE('',#2830,19.5,4.225458934946E-02);
#2830 = AXIS2_PLACEMENT_3D('',#2831,#2832,#2833);
#2831 = CARTESIAN_POINT('',(0.,0.,1.55));
#2832 = DIRECTION('',(-0.,-0.,-1.));
#2833 = DIRECTION('',(1.,0.,-0.));
#2834 = DEFINITIONAL_REPRESENTATION('',(#2835),#2839);
#2835 = LINE('',#2836,#2837);
#2836 = CARTESIAN_POINT('',(-7.173656873842,-0.));
#2837 = VECTOR('',#2838,1.);
#2838 = DIRECTION('',(1.,-0.));
#2839 = ( GEOMETRIC_REPRESENTATION_CONTEXT(2) 
PARAMETRIC_REPRESENTATION_CONTEXT() REPRESENTATION_CONTEXT('2D SPACE',''
  ) );
#2840 = ORIENTED_EDGE('',*,*,#2841,.F.);
#2841 = EDGE_CURVE('',#2842,#2813,#2844,.T.);
#2842 = VERTEX_POINT('',#2843);
#2843 = CARTESIAN_POINT('',(-10.,-16.74066904278,-5.916049129899));
#2844 = SURFACE_CURVE('',#2845,(#2849,#2855),.PCURVE_S1.);
#2845 = LINE('',#2846,#2847);
#2846 = CARTESIAN_POINT('',(-10.,-16.74066904278,-5.95));
#2847 = VECTOR('',#2848,1.);
#2848 = DIRECTION('',(0.,0.,1.));
#2849 = PCURVE('',#485,#2850);
#2850 = DEFINITIONAL_REPRESENTATION('',(#2851),#2854);
#2851 = B_SPLINE_CURVE_WITH_KNOTS('',1,(#2852,#2853),.UNSPECIFIED.,.F.,
  .F.,(2,2),(-5.999999999062E-07,7.5000006),.PIECEWISE_BEZIER_KNOTS.);
#2852 = CARTESIAN_POINT('',(4.173921989478,-5.999999999062E-07));
#2853 = CARTESIAN_POINT('',(4.173921989478,7.5000006));
#2854 = ( GEOMETRIC_REPRESENTATION_CONTEXT(2) 
PARAMETRIC_REPRESENTATION_CONTEXT() REPRESENTATION_CONTEXT('2D SPACE',''
  ) );
#2855 = PCURVE('',#2856,#2861);
#2856 = PLANE('',#2857);
#2857 = AXIS2_PLACEMENT_3D('',#2858,#2859,#2860);
#2858 = CARTESIAN_POINT('',(-10.,-23.3,-7.55));
#2859 = DIRECTION('',(-1.,0.,0.));
#2860 = DIRECTION('',(0.,1.,0.));
#2861 = DEFINITIONAL_REPRESENTATION('',(#2862),#2865);
#2862 = B_SPLINE_CURVE_WITH_KNOTS('',1,(#2863,#2864),.UNSPECIFIED.,.F.,
  .F.,(2,2),(-5.999999999062E-07,7.5000006),.PIECEWISE_BEZIER_KNOTS.);
#2863 = CARTESIAN_POINT('',(6.559330957217,-1.5999994));
#2864 = CARTESIAN_POINT('',(6.559330957217,-9.1000006));
#2865 = ( GEOMETRIC_REPRESENTATION_CONTEXT(2) 
PARAMETRIC_REPRESENTATION_CONTEXT() REPRESENTATION_CONTEXT('2D SPACE',''
  ) );
#2866 = ORIENTED_EDGE('',*,*,#2867,.T.);
#2867 = EDGE_CURVE('',#2842,#469,#2868,.T.);
#2868 = SURFACE_CURVE('',#2869,(#2881,#2896),.PCURVE_S1.);
#2869 = B_SPLINE_CURVE_WITH_KNOTS('',4,(#2870,#2871,#2872,#2873,#2874,
    #2875,#2876,#2877,#2878,#2879,#2880),.UNSPECIFIED.,.F.,.F.,(5,3,3,5)
  ,(0.,0.776260072881,0.847499398855,1.),.UNSPECIFIED.);
#2870 = CARTESIAN_POINT('',(-10.,-16.74066904278,-5.916049129899));
#2871 = CARTESIAN_POINT('',(-10.,-16.74066904278,-5.922657447392));
#2872 = CARTESIAN_POINT('',(-10.00026450754,-16.74051103986,
    -5.929269124153));
#2873 = CARTESIAN_POINT('',(-10.00079342866,-16.74019508987,
    -5.935868449133));
#2874 = CARTESIAN_POINT('',(-10.00165749698,-16.73967882966,
    -5.943042887049));
#2875 = CARTESIAN_POINT('',(-10.00173234002,-16.73963411216,
    -5.943645722386));
#2876 = CARTESIAN_POINT('',(-10.00180939254,-16.73958807389,
    -5.944248310235));
#2877 = CARTESIAN_POINT('',(-10.00205832416,-16.73943933705,
    -5.946140030774));
#2878 = CARTESIAN_POINT('',(-10.00223811307,-16.73933190993,
    -5.947428233727));
#2879 = CARTESIAN_POINT('',(-10.00242800406,-16.73921844285,
    -5.948715129368));
#2880 = CARTESIAN_POINT('',(-10.00262797884,-16.73909894578,-5.9500006)
  );
#2881 = PCURVE('',#485,#2882);
#2882 = DEFINITIONAL_REPRESENTATION('',(#2883),#2895);
#2883 = B_SPLINE_CURVE_WITH_KNOTS('',4,(#2884,#2885,#2886,#2887,#2888,
    #2889,#2890,#2891,#2892,#2893,#2894),.UNSPECIFIED.,.F.,.F.,(5,3,3,5)
  ,(0.,0.776260072881,0.847499398855,1.),.UNSPECIFIED.);
#2884 = CARTESIAN_POINT('',(4.173921989478,3.395087010109E-02));
#2885 = CARTESIAN_POINT('',(4.173921989478,2.73425526081E-02));
#2886 = CARTESIAN_POINT('',(4.173906189182,2.073087584701E-02));
#2887 = CARTESIAN_POINT('',(4.173874594197,1.413155086677E-02));
#2888 = CARTESIAN_POINT('',(4.173822976356,6.957112951298E-03));
#2889 = CARTESIAN_POINT('',(4.173818505356,6.354277613886E-03));
#2890 = CARTESIAN_POINT('',(4.173813902349,5.751689764606E-03));
#2891 = CARTESIAN_POINT('',(4.173799031474,3.859969225663E-03));
#2892 = CARTESIAN_POINT('',(4.173788291019,2.571766273111E-03));
#2893 = CARTESIAN_POINT('',(4.173776946975,1.284870632453E-03));
#2894 = CARTESIAN_POINT('',(4.173765000407,-6.E-07));
#2895 = ( GEOMETRIC_REPRESENTATION_CONTEXT(2) 
PARAMETRIC_REPRESENTATION_CONTEXT() REPRESENTATION_CONTEXT('2D SPACE',''
  ) );
#2896 = PCURVE('',#538,#2897);
#2897 = DEFINITIONAL_REPRESENTATION('',(#2898),#2910);
#2898 = B_SPLINE_CURVE_WITH_KNOTS('',4,(#2899,#2900,#2901,#2902,#2903,
    #2904,#2905,#2906,#2907,#2908,#2909),.UNSPECIFIED.,.F.,.F.,(5,3,3,5)
  ,(0.,0.776260072881,0.847499398855,1.),.UNSPECIFIED.);
#2899 = CARTESIAN_POINT('',(0.,2.615413247765));
#2900 = CARTESIAN_POINT('',(-3.002880745321E-02,2.615251497716));
#2901 = CARTESIAN_POINT('',(-6.005528557914E-02,2.614931709864));
#2902 = CARTESIAN_POINT('',(-9.008034629009E-02,2.614454324592));
#2903 = CARTESIAN_POINT('',(-0.122860364413,2.613762612216));
#2904 = CARTESIAN_POINT('',(-0.125615791745,2.613703152672));
#2905 = CARTESIAN_POINT('',(-0.128371215803,2.613642378816));
#2906 = CARTESIAN_POINT('',(-0.137025113054,2.613447383393));
#2907 = CARTESIAN_POINT('',(-0.142923577117,2.613308457448));
#2908 = CARTESIAN_POINT('',(-0.148822036588,2.613163525364));
#2909 = CARTESIAN_POINT('',(-0.154720498589,2.613012599969));
#2910 = ( GEOMETRIC_REPRESENTATION_CONTEXT(2) 
PARAMETRIC_REPRESENTATION_CONTEXT() REPRESENTATION_CONTEXT('2D SPACE',''
  ) );
#2911 = ORIENTED_EDGE('',*,*,#468,.T.);
#2912 = ADVANCED_FACE('',(#2913),#877,.T.);
#2913 = FACE_BOUND('',#2914,.T.);
#2914 = EDGE_LOOP('',(#2915,#2916,#2939,#2965));
#2915 = ORIENTED_EDGE('',*,*,#857,.F.);
#2916 = ORIENTED_EDGE('',*,*,#2917,.T.);
#2917 = EDGE_CURVE('',#773,#2918,#2920,.T.);
#2918 = VERTEX_POINT('',#2919);
#2919 = CARTESIAN_POINT('',(-11.8143850173,22.250914475943,
    -6.001201813525));
#2920 = SURFACE_CURVE('',#2921,(#2925,#2932),.PCURVE_S1.);
#2921 = LINE('',#2922,#2923);
#2922 = CARTESIAN_POINT('',(-12.08029354124,14.124239666432,
    -6.200175907999));
#2923 = VECTOR('',#2924,1.);
#2924 = DIRECTION('',(3.269316925296E-02,0.999165995412,
    2.446365257945E-02));
#2925 = PCURVE('',#877,#2926);
#2926 = DEFINITIONAL_REPRESENTATION('',(#2927),#2931);
#2927 = LINE('',#2928,#2929);
#2928 = CARTESIAN_POINT('',(8.178210527132,-17.91970645876));
#2929 = VECTOR('',#2930,1.);
#2930 = DIRECTION('',(-0.999465435462,-3.269316925296E-02));
#2931 = ( GEOMETRIC_REPRESENTATION_CONTEXT(2) 
PARAMETRIC_REPRESENTATION_CONTEXT() REPRESENTATION_CONTEXT('2D SPACE',''
  ) );
#2932 = PCURVE('',#826,#2933);
#2933 = DEFINITIONAL_REPRESENTATION('',(#2934),#2938);
#2934 = LINE('',#2935,#2936);
#2935 = CARTESIAN_POINT('',(-1.569995865043,0.));
#2936 = VECTOR('',#2937,1.);
#2937 = DIRECTION('',(-0.,1.));
#2938 = ( GEOMETRIC_REPRESENTATION_CONTEXT(2) 
PARAMETRIC_REPRESENTATION_CONTEXT() REPRESENTATION_CONTEXT('2D SPACE',''
  ) );
#2939 = ORIENTED_EDGE('',*,*,#2940,.T.);
#2940 = EDGE_CURVE('',#2918,#2738,#2941,.T.);
#2941 = SURFACE_CURVE('',#2942,(#2946,#2953),.PCURVE_S1.);
#2942 = LINE('',#2943,#2944);
#2943 = CARTESIAN_POINT('',(-12.03272045826,22.250914475943,
    -6.001201813525));
#2944 = VECTOR('',#2945,1.);
#2945 = DIRECTION('',(1.,0.,0.));
#2946 = PCURVE('',#877,#2947);
#2947 = DEFINITIONAL_REPRESENTATION('',(#2948),#2952);
#2948 = LINE('',#2949,#2950);
#2949 = CARTESIAN_POINT('',(4.910023449716E-02,-17.96727954173));
#2950 = VECTOR('',#2951,1.);
#2951 = DIRECTION('',(0.,-1.));
#2952 = ( GEOMETRIC_REPRESENTATION_CONTEXT(2) 
PARAMETRIC_REPRESENTATION_CONTEXT() REPRESENTATION_CONTEXT('2D SPACE',''
  ) );
#2953 = PCURVE('',#2954,#2959);
#2954 = CYLINDRICAL_SURFACE('',#2955,0.22);
#2955 = AXIS2_PLACEMENT_3D('',#2956,#2957,#2958);
#2956 = CARTESIAN_POINT('',(-12.03272045826,22.245529593809,
    -5.781267725571));
#2957 = DIRECTION('',(1.,0.,0.));
#2958 = DIRECTION('',(0.,2.447673697503E-02,-0.999700399793));
#2959 = DEFINITIONAL_REPRESENTATION('',(#2960),#2964);
#2960 = LINE('',#2961,#2962);
#2961 = CARTESIAN_POINT('',(0.,0.));
#2962 = VECTOR('',#2963,1.);
#2963 = DIRECTION('',(0.,1.));
#2964 = ( GEOMETRIC_REPRESENTATION_CONTEXT(2) 
PARAMETRIC_REPRESENTATION_CONTEXT() REPRESENTATION_CONTEXT('2D SPACE',''
  ) );
#2965 = ORIENTED_EDGE('',*,*,#2764,.T.);
#2966 = ADVANCED_FACE('',(#2967),#538,.T.);
#2967 = FACE_BOUND('',#2968,.F.);
#2968 = EDGE_LOOP('',(#2969,#2970,#2993,#3020,#3041));
#2969 = ORIENTED_EDGE('',*,*,#496,.T.);
#2970 = ORIENTED_EDGE('',*,*,#2971,.T.);
#2971 = EDGE_CURVE('',#497,#2972,#2974,.T.);
#2972 = VERTEX_POINT('',#2973);
#2973 = CARTESIAN_POINT('',(-10.22,-22.25091447594,-6.001201813525));
#2974 = SURFACE_CURVE('',#2975,(#2979,#2986),.PCURVE_S1.);
#2975 = LINE('',#2976,#2977);
#2976 = CARTESIAN_POINT('',(-10.22,-14.1314242555,-6.2));
#2977 = VECTOR('',#2978,1.);
#2978 = DIRECTION('',(0.,-0.999700399793,2.447673697503E-02));
#2979 = PCURVE('',#538,#2980);
#2980 = DEFINITIONAL_REPRESENTATION('',(#2981),#2985);
#2981 = LINE('',#2982,#2983);
#2982 = CARTESIAN_POINT('',(-1.570796326795,0.));
#2983 = VECTOR('',#2984,1.);
#2984 = DIRECTION('',(-0.,1.));
#2985 = ( GEOMETRIC_REPRESENTATION_CONTEXT(2) 
PARAMETRIC_REPRESENTATION_CONTEXT() REPRESENTATION_CONTEXT('2D SPACE',''
  ) );
#2986 = PCURVE('',#583,#2987);
#2987 = DEFINITIONAL_REPRESENTATION('',(#2988),#2992);
#2988 = LINE('',#2989,#2990);
#2989 = CARTESIAN_POINT('',(8.171023784912,-19.78));
#2990 = VECTOR('',#2991,1.);
#2991 = DIRECTION('',(-1.,-0.));
#2992 = ( GEOMETRIC_REPRESENTATION_CONTEXT(2) 
PARAMETRIC_REPRESENTATION_CONTEXT() REPRESENTATION_CONTEXT('2D SPACE',''
  ) );
#2993 = ORIENTED_EDGE('',*,*,#2994,.F.);
#2994 = EDGE_CURVE('',#2995,#2972,#2997,.T.);
#2995 = VERTEX_POINT('',#2996);
#2996 = CARTESIAN_POINT('',(-10.,-22.2455295938,-5.781267725571));
#2997 = SURFACE_CURVE('',#2998,(#3003,#3009),.PCURVE_S1.);
#2998 = CIRCLE('',#2999,0.22);
#2999 = AXIS2_PLACEMENT_3D('',#3000,#3001,#3002);
#3000 = CARTESIAN_POINT('',(-10.22,-22.2455295938,-5.781267725571));
#3001 = DIRECTION('',(0.,0.999700399793,-2.447673697503E-02));
#3002 = DIRECTION('',(0.,-2.447673697503E-02,-0.999700399793));
#3003 = PCURVE('',#538,#3004);
#3004 = DEFINITIONAL_REPRESENTATION('',(#3005),#3008);
#3005 = B_SPLINE_CURVE_WITH_KNOTS('',1,(#3006,#3007),.UNSPECIFIED.,.F.,
  .F.,(2,2),(4.712388980385,6.28318530718),.PIECEWISE_BEZIER_KNOTS.);
#3006 = CARTESIAN_POINT('',(0.,8.121923550415));
#3007 = CARTESIAN_POINT('',(-1.570796326795,8.121923550415));
#3008 = ( GEOMETRIC_REPRESENTATION_CONTEXT(2) 
PARAMETRIC_REPRESENTATION_CONTEXT() REPRESENTATION_CONTEXT('2D SPACE',''
  ) );
#3009 = PCURVE('',#3010,#3015);
#3010 = SPHERICAL_SURFACE('',#3011,0.22);
#3011 = AXIS2_PLACEMENT_3D('',#3012,#3013,#3014);
#3012 = CARTESIAN_POINT('',(-10.22,-22.2455295938,-5.781267725571));
#3013 = DIRECTION('',(-1.,0.,0.));
#3014 = DIRECTION('',(-0.,-2.447673697503E-02,-0.999700399793));
#3015 = DEFINITIONAL_REPRESENTATION('',(#3016),#3019);
#3016 = B_SPLINE_CURVE_WITH_KNOTS('',1,(#3017,#3018),.UNSPECIFIED.,.F.,
  .F.,(2,2),(4.712388980385,6.28318530718),.PIECEWISE_BEZIER_KNOTS.);
#3017 = CARTESIAN_POINT('',(0.,-1.570796326795));
#3018 = CARTESIAN_POINT('',(0.,0.));
#3019 = ( GEOMETRIC_REPRESENTATION_CONTEXT(2) 
PARAMETRIC_REPRESENTATION_CONTEXT() REPRESENTATION_CONTEXT('2D SPACE',''
  ) );
#3020 = ORIENTED_EDGE('',*,*,#3021,.F.);
#3021 = EDGE_CURVE('',#2842,#2995,#3022,.T.);
#3022 = SURFACE_CURVE('',#3023,(#3027,#3034),.PCURVE_S1.);
#3023 = LINE('',#3024,#3025);
#3024 = CARTESIAN_POINT('',(-10.,-14.12603937336,-5.980065912045));
#3025 = VECTOR('',#3026,1.);
#3026 = DIRECTION('',(0.,-0.999700399793,2.447673697503E-02));
#3027 = PCURVE('',#538,#3028);
#3028 = DEFINITIONAL_REPRESENTATION('',(#3029),#3033);
#3029 = LINE('',#3030,#3031);
#3030 = CARTESIAN_POINT('',(-0.,0.));
#3031 = VECTOR('',#3032,1.);
#3032 = DIRECTION('',(-0.,1.));
#3033 = ( GEOMETRIC_REPRESENTATION_CONTEXT(2) 
PARAMETRIC_REPRESENTATION_CONTEXT() REPRESENTATION_CONTEXT('2D SPACE',''
  ) );
#3034 = PCURVE('',#2856,#3035);
#3035 = DEFINITIONAL_REPRESENTATION('',(#3036),#3040);
#3036 = LINE('',#3037,#3038);
#3037 = CARTESIAN_POINT('',(9.173960626632,-1.569934087955));
#3038 = VECTOR('',#3039,1.);
#3039 = DIRECTION('',(-0.999700399793,-2.447673697503E-02));
#3040 = ( GEOMETRIC_REPRESENTATION_CONTEXT(2) 
PARAMETRIC_REPRESENTATION_CONTEXT() REPRESENTATION_CONTEXT('2D SPACE',''
  ) );
#3041 = ORIENTED_EDGE('',*,*,#2867,.T.);
#3042 = ADVANCED_FACE('',(#3043),#826,.T.);
#3043 = FACE_BOUND('',#3044,.F.);
#3044 = EDGE_LOOP('',(#3045,#3046,#3047,#3093));
#3045 = ORIENTED_EDGE('',*,*,#772,.T.);
#3046 = ORIENTED_EDGE('',*,*,#2917,.T.);
#3047 = ORIENTED_EDGE('',*,*,#3048,.F.);
#3048 = EDGE_CURVE('',#3049,#2918,#3051,.T.);
#3049 = VERTEX_POINT('',#3050);
#3050 = CARTESIAN_POINT('',(-12.03426734265,22.252724244259,
    -5.781267725571));
#3051 = SURFACE_CURVE('',#3052,(#3057,#3064),.PCURVE_S1.);
#3052 = CIRCLE('',#3053,0.22);
#3053 = AXIS2_PLACEMENT_3D('',#3054,#3055,#3056);
#3054 = CARTESIAN_POINT('',(-11.8143850173,22.245529593809,
    -5.781267725571));
#3055 = DIRECTION('',(-3.269316925294E-02,-0.999165995412,
    -2.446365257942E-02));
#3056 = DIRECTION('',(-0.999465115264,3.27029565916E-02,
    1.084202172486E-19));
#3057 = PCURVE('',#826,#3058);
#3058 = DEFINITIONAL_REPRESENTATION('',(#3059),#3063);
#3059 = LINE('',#3060,#3061);
#3060 = CARTESIAN_POINT('',(-0.,8.13345815093));
#3061 = VECTOR('',#3062,1.);
#3062 = DIRECTION('',(-1.,-3.394321371704E-15));
#3063 = ( GEOMETRIC_REPRESENTATION_CONTEXT(2) 
PARAMETRIC_REPRESENTATION_CONTEXT() REPRESENTATION_CONTEXT('2D SPACE',''
  ) );
#3064 = PCURVE('',#3065,#3070);
#3065 = SPHERICAL_SURFACE('',#3066,0.22);
#3066 = AXIS2_PLACEMENT_3D('',#3067,#3068,#3069);
#3067 = CARTESIAN_POINT('',(-11.8143850173,22.245529593809,
    -5.781267725571));
#3068 = DIRECTION('',(-8.074349270001E-15,-0.4472135955,0.894427191));
#3069 = DIRECTION('',(-0.999572023547,2.616516374369E-02,
    1.308258187184E-02));
#3070 = DEFINITIONAL_REPRESENTATION('',(#3071),#3092);
#3071 = B_SPLINE_CURVE_WITH_KNOTS('',7,(#3072,#3073,#3074,#3075,#3076,
    #3077,#3078,#3079,#3080,#3081,#3082,#3083,#3084,#3085,#3086,#3087,
    #3088,#3089,#3090,#3091),.UNSPECIFIED.,.F.,.F.,(8,6,6,8),(0.,
    0.784997932521,1.177496898782,1.569995865043),.UNSPECIFIED.);
#3072 = CARTESIAN_POINT('',(0.,-1.462572823151E-02));
#3073 = CARTESIAN_POINT('',(4.766626072421E-02,-0.116136159921));
#3074 = CARTESIAN_POINT('',(9.549750362753E-02,-0.217608662903));
#3075 = CARTESIAN_POINT('',(0.145100969197,-0.318659834496));
#3076 = CARTESIAN_POINT('',(0.19810197112,-0.418929020588));
#3077 = CARTESIAN_POINT('',(0.256682371037,-0.517844401266));
#3078 = CARTESIAN_POINT('',(0.323901747664,-0.614734636422));
#3079 = CARTESIAN_POINT('',(0.447708184461,-0.754182495704));
#3080 = CARTESIAN_POINT('',(0.492807279433,-0.799683404148));
#3081 = CARTESIAN_POINT('',(0.542563247461,-0.843965551705));
#3082 = CARTESIAN_POINT('',(0.598059743957,-0.88670513443));
#3083 = CARTESIAN_POINT('',(0.660578141032,-0.927475849839));
#3084 = CARTESIAN_POINT('',(0.73198128144,-0.965621742387));
#3085 = CARTESIAN_POINT('',(0.895344635574,-1.034836621784));
#3086 = CARTESIAN_POINT('',(0.987307186046,-1.065909068135));
#3087 = CARTESIAN_POINT('',(1.090922748597,-1.09250953483));
#3088 = CARTESIAN_POINT('',(1.207055744437,-1.113577473011));
#3089 = CARTESIAN_POINT('',(1.335260824602,-1.127497286592));
#3090 = CARTESIAN_POINT('',(1.468250122499,-1.13346104735));
#3091 = CARTESIAN_POINT('',(1.600054043172,-1.131627899474));
#3092 = ( GEOMETRIC_REPRESENTATION_CONTEXT(2) 
PARAMETRIC_REPRESENTATION_CONTEXT() REPRESENTATION_CONTEXT('2D SPACE',''
  ) );
#3093 = ORIENTED_EDGE('',*,*,#3094,.F.);
#3094 = EDGE_CURVE('',#741,#3049,#3095,.T.);
#3095 = SURFACE_CURVE('',#3096,(#3100,#3107),.PCURVE_S1.);
#3096 = LINE('',#3097,#3098);
#3097 = CARTESIAN_POINT('',(-12.30017586659,14.126049434748,
    -5.980241820044));
#3098 = VECTOR('',#3099,1.);
#3099 = DIRECTION('',(3.269316925296E-02,0.999165995412,
    2.446365257945E-02));
#3100 = PCURVE('',#826,#3101);
#3101 = DEFINITIONAL_REPRESENTATION('',(#3102),#3106);
#3102 = LINE('',#3103,#3104);
#3103 = CARTESIAN_POINT('',(-0.,0.));
#3104 = VECTOR('',#3105,1.);
#3105 = DIRECTION('',(-0.,1.));
#3106 = ( GEOMETRIC_REPRESENTATION_CONTEXT(2) 
PARAMETRIC_REPRESENTATION_CONTEXT() REPRESENTATION_CONTEXT('2D SPACE',''
  ) );
#3107 = PCURVE('',#760,#3108);
#3108 = DEFINITIONAL_REPRESENTATION('',(#3109),#3113);
#3109 = LINE('',#3110,#3111);
#3110 = CARTESIAN_POINT('',(-5.377697202784E-03,-1.569758179956));
#3111 = VECTOR('',#3112,1.);
#3112 = DIRECTION('',(0.999700720067,-2.446365257945E-02));
#3113 = ( GEOMETRIC_REPRESENTATION_CONTEXT(2) 
PARAMETRIC_REPRESENTATION_CONTEXT() REPRESENTATION_CONTEXT('2D SPACE',''
  ) );
#3114 = ADVANCED_FACE('',(#3115),#583,.F.);
#3115 = FACE_BOUND('',#3116,.F.);
#3116 = EDGE_LOOP('',(#3117,#3140,#3166,#3167));
#3117 = ORIENTED_EDGE('',*,*,#3118,.F.);
#3118 = EDGE_CURVE('',#3119,#564,#3121,.T.);
#3119 = VERTEX_POINT('',#3120);
#3120 = CARTESIAN_POINT('',(-11.8143850173,-22.25091447594,
    -6.001201813525));
#3121 = SURFACE_CURVE('',#3122,(#3126,#3133),.PCURVE_S1.);
#3122 = LINE('',#3123,#3124);
#3123 = CARTESIAN_POINT('',(-11.8130139995,-22.29281541093,
    -6.000175907999));
#3124 = VECTOR('',#3125,1.);
#3125 = DIRECTION('',(-3.269316925296E-02,0.999165995412,
    -2.446365257945E-02));
#3126 = PCURVE('',#583,#3127);
#3127 = DEFINITIONAL_REPRESENTATION('',(#3128),#3132);
#3128 = LINE('',#3129,#3130);
#3129 = CARTESIAN_POINT('',(7.186742219741E-03,-18.18698600049));
#3130 = VECTOR('',#3131,1.);
#3131 = DIRECTION('',(0.999465435462,3.269316925296E-02));
#3132 = ( GEOMETRIC_REPRESENTATION_CONTEXT(2) 
PARAMETRIC_REPRESENTATION_CONTEXT() REPRESENTATION_CONTEXT('2D SPACE',''
  ) );
#3133 = PCURVE('',#649,#3134);
#3134 = DEFINITIONAL_REPRESENTATION('',(#3135),#3139);
#3135 = LINE('',#3136,#3137);
#3136 = CARTESIAN_POINT('',(-1.569995865043,0.));
#3137 = VECTOR('',#3138,1.);
#3138 = DIRECTION('',(-0.,1.));
#3139 = ( GEOMETRIC_REPRESENTATION_CONTEXT(2) 
PARAMETRIC_REPRESENTATION_CONTEXT() REPRESENTATION_CONTEXT('2D SPACE',''
  ) );
#3140 = ORIENTED_EDGE('',*,*,#3141,.T.);
#3141 = EDGE_CURVE('',#3119,#2972,#3142,.T.);
#3142 = SURFACE_CURVE('',#3143,(#3147,#3154),.PCURVE_S1.);
#3143 = LINE('',#3144,#3145);
#3144 = CARTESIAN_POINT('',(-12.03272045826,-22.25091447594,
    -6.001201813525));
#3145 = VECTOR('',#3146,1.);
#3146 = DIRECTION('',(1.,0.,0.));
#3147 = PCURVE('',#583,#3148);
#3148 = DEFINITIONAL_REPRESENTATION('',(#3149),#3153);
#3149 = LINE('',#3150,#3151);
#3150 = CARTESIAN_POINT('',(4.910023449716E-02,-17.96727954173));
#3151 = VECTOR('',#3152,1.);
#3152 = DIRECTION('',(0.,-1.));
#3153 = ( GEOMETRIC_REPRESENTATION_CONTEXT(2) 
PARAMETRIC_REPRESENTATION_CONTEXT() REPRESENTATION_CONTEXT('2D SPACE',''
  ) );
#3154 = PCURVE('',#3155,#3160);
#3155 = CYLINDRICAL_SURFACE('',#3156,0.22);
#3156 = AXIS2_PLACEMENT_3D('',#3157,#3158,#3159);
#3157 = CARTESIAN_POINT('',(-12.03272045826,-22.2455295938,
    -5.781267725571));
#3158 = DIRECTION('',(1.,0.,0.));
#3159 = DIRECTION('',(0.,-2.447673697503E-02,-0.999700399793));
#3160 = DEFINITIONAL_REPRESENTATION('',(#3161),#3165);
#3161 = LINE('',#3162,#3163);
#3162 = CARTESIAN_POINT('',(-0.,0.));
#3163 = VECTOR('',#3164,1.);
#3164 = DIRECTION('',(-0.,1.));
#3165 = ( GEOMETRIC_REPRESENTATION_CONTEXT(2) 
PARAMETRIC_REPRESENTATION_CONTEXT() REPRESENTATION_CONTEXT('2D SPACE',''
  ) );
#3166 = ORIENTED_EDGE('',*,*,#2971,.F.);
#3167 = ORIENTED_EDGE('',*,*,#563,.F.);
#3168 = ADVANCED_FACE('',(#3169,#3400),#760,.T.);
#3169 = FACE_BOUND('',#3170,.T.);
#3170 = EDGE_LOOP('',(#3171,#3201,#3227,#3228,#3229,#3250,#3282,#3314,
    #3346,#3374));
#3171 = ORIENTED_EDGE('',*,*,#3172,.F.);
#3172 = EDGE_CURVE('',#3173,#3175,#3177,.T.);
#3173 = VERTEX_POINT('',#3174);
#3174 = CARTESIAN_POINT('',(-12.0237378019,22.574527217444,
    -5.620366238978));
#3175 = VERTEX_POINT('',#3176);
#3176 = CARTESIAN_POINT('',(-12.0237378019,22.574527217444,
    0.530366238978));
#3177 = SURFACE_CURVE('',#3178,(#3182,#3189),.PCURVE_S1.);
#3178 = LINE('',#3179,#3180);
#3179 = CARTESIAN_POINT('',(-12.0237378019,22.574527217444,-7.55));
#3180 = VECTOR('',#3181,1.);
#3181 = DIRECTION('',(0.,0.,1.));
#3182 = PCURVE('',#760,#3183);
#3183 = DEFINITIONAL_REPRESENTATION('',(#3184),#3188);
#3184 = LINE('',#3185,#3186);
#3185 = CARTESIAN_POINT('',(8.447621465717,0.));
#3186 = VECTOR('',#3187,1.);
#3187 = DIRECTION('',(0.,-1.));
#3188 = ( GEOMETRIC_REPRESENTATION_CONTEXT(2) 
PARAMETRIC_REPRESENTATION_CONTEXT() REPRESENTATION_CONTEXT('2D SPACE',''
  ) );
#3189 = PCURVE('',#3190,#3195);
#3190 = CYLINDRICAL_SURFACE('',#3191,0.75);
#3191 = AXIS2_PLACEMENT_3D('',#3192,#3193,#3194);
#3192 = CARTESIAN_POINT('',(-11.27413896545,22.55,-7.55));
#3193 = DIRECTION('',(0.,0.,1.));
#3194 = DIRECTION('',(-0.999465115264,3.270295659162E-02,0.));
#3195 = DEFINITIONAL_REPRESENTATION('',(#3196),#3200);
#3196 = LINE('',#3197,#3198);
#3197 = CARTESIAN_POINT('',(-0.,0.));
#3198 = VECTOR('',#3199,1.);
#3199 = DIRECTION('',(-0.,1.));
#3200 = ( GEOMETRIC_REPRESENTATION_CONTEXT(2) 
PARAMETRIC_REPRESENTATION_CONTEXT() REPRESENTATION_CONTEXT('2D SPACE',''
  ) );
#3201 = ORIENTED_EDGE('',*,*,#3202,.F.);
#3202 = EDGE_CURVE('',#3049,#3173,#3203,.T.);
#3203 = SURFACE_CURVE('',#3204,(#3208,#3215),.PCURVE_S1.);
#3204 = LINE('',#3205,#3206);
#3205 = CARTESIAN_POINT('',(-12.03588992858,22.203134904297,
    -5.806062395552));
#3206 = VECTOR('',#3207,1.);
#3207 = DIRECTION('',(2.925354238666E-02,0.894044397223,0.447022198612)
  );
#3208 = PCURVE('',#760,#3209);
#3209 = DEFINITIONAL_REPRESENTATION('',(#3210),#3214);
#3210 = LINE('',#3211,#3212);
#3211 = CARTESIAN_POINT('',(8.076030394178,-1.743937604448));
#3212 = VECTOR('',#3213,1.);
#3213 = DIRECTION('',(0.894522863849,-0.447022198612));
#3214 = ( GEOMETRIC_REPRESENTATION_CONTEXT(2) 
PARAMETRIC_REPRESENTATION_CONTEXT() REPRESENTATION_CONTEXT('2D SPACE',''
  ) );
#3215 = PCURVE('',#3216,#3221);
#3216 = CYLINDRICAL_SURFACE('',#3217,0.22);
#3217 = AXIS2_PLACEMENT_3D('',#3218,#3219,#3220);
#3218 = CARTESIAN_POINT('',(-11.81600760322,22.195940253847,
    -5.806062395552));
#3219 = DIRECTION('',(2.925354238666E-02,0.894044397223,0.447022198612)
  );
#3220 = DIRECTION('',(0.,0.4472135955,-0.894427191));
#3221 = DEFINITIONAL_REPRESENTATION('',(#3222),#3226);
#3222 = LINE('',#3223,#3224);
#3223 = CARTESIAN_POINT('',(1.556170598563,0.));
#3224 = VECTOR('',#3225,1.);
#3225 = DIRECTION('',(0.,1.));
#3226 = ( GEOMETRIC_REPRESENTATION_CONTEXT(2) 
PARAMETRIC_REPRESENTATION_CONTEXT() REPRESENTATION_CONTEXT('2D SPACE',''
  ) );
#3227 = ORIENTED_EDGE('',*,*,#3094,.F.);
#3228 = ORIENTED_EDGE('',*,*,#740,.T.);
#3229 = ORIENTED_EDGE('',*,*,#3230,.T.);
#3230 = EDGE_CURVE('',#713,#3231,#3233,.T.);
#3231 = VERTEX_POINT('',#3232);
#3232 = CARTESIAN_POINT('',(-12.26638755174,15.158685181453,1.55));
#3233 = SURFACE_CURVE('',#3234,(#3238,#3244),.PCURVE_S1.);
#3234 = LINE('',#3235,#3236);
#3235 = CARTESIAN_POINT('',(-12.26638755174,15.158685181453,-5.95));
#3236 = VECTOR('',#3237,1.);
#3237 = DIRECTION('',(0.,0.,1.));
#3238 = PCURVE('',#760,#3239);
#3239 = DEFINITIONAL_REPRESENTATION('',(#3240),#3243);
#3240 = B_SPLINE_CURVE_WITH_KNOTS('',1,(#3241,#3242),.UNSPECIFIED.,.F.,
  .F.,(2,2),(-6.000000105644E-07,7.5000006),.PIECEWISE_BEZIER_KNOTS.);
#3241 = CARTESIAN_POINT('',(1.027810686198,-1.5999994));
#3242 = CARTESIAN_POINT('',(1.027810686198,-9.1000006));
#3243 = ( GEOMETRIC_REPRESENTATION_CONTEXT(2) 
PARAMETRIC_REPRESENTATION_CONTEXT() REPRESENTATION_CONTEXT('2D SPACE',''
  ) );
#3244 = PCURVE('',#729,#3245);
#3245 = DEFINITIONAL_REPRESENTATION('',(#3246),#3249);
#3246 = B_SPLINE_CURVE_WITH_KNOTS('',1,(#3247,#3248),.UNSPECIFIED.,.F.,
  .F.,(2,2),(-6.000000105644E-07,7.5000006),.PIECEWISE_BEZIER_KNOTS.);
#3247 = CARTESIAN_POINT('',(2.251121086927,-6.000000105644E-07));
#3248 = CARTESIAN_POINT('',(2.251121086927,7.5000006));
#3249 = ( GEOMETRIC_REPRESENTATION_CONTEXT(2) 
PARAMETRIC_REPRESENTATION_CONTEXT() REPRESENTATION_CONTEXT('2D SPACE',''
  ) );
#3250 = ORIENTED_EDGE('',*,*,#3251,.T.);
#3251 = EDGE_CURVE('',#3231,#3252,#3254,.T.);
#3252 = VERTEX_POINT('',#3253);
#3253 = CARTESIAN_POINT('',(-12.26671159958,15.148781657655,
    1.727242480214));
#3254 = SURFACE_CURVE('',#3255,(#3260,#3267),.PCURVE_S1.);
#3255 = HYPERBOLA('',#3256,301.69427963191,12.755560271756);
#3256 = AXIS2_PLACEMENT_3D('',#3257,#3258,#3259);
#3257 = CARTESIAN_POINT('',(-12.74873751727,0.417144533869,
    462.76364546008));
#3258 = DIRECTION('',(-0.999465115264,3.270295659162E-02,0.));
#3259 = DIRECTION('',(-0.,0.,-1.));
#3260 = PCURVE('',#760,#3261);
#3261 = DEFINITIONAL_REPRESENTATION('',(#3262),#3266);
#3262 = ( BOUNDED_CURVE() B_SPLINE_CURVE(2,(#3263,#3264,#3265),
.UNSPECIFIED.,.F.,.F.) B_SPLINE_CURVE_WITH_KNOTS((3,3),(-0.987702642809,
-0.987194400326),.PIECEWISE_BEZIER_KNOTS.) CURVE() 
GEOMETRIC_REPRESENTATION_ITEM() RATIONAL_B_SPLINE_CURVE((1.,
1.000000032289,1.)) REPRESENTATION_ITEM('') );
#3263 = CARTESIAN_POINT('',(1.027810686198,-9.1));
#3264 = CARTESIAN_POINT('',(1.022855322094,-9.188651018451));
#3265 = CARTESIAN_POINT('',(1.017901862322,-9.277242480214));
#3266 = ( GEOMETRIC_REPRESENTATION_CONTEXT(2) 
PARAMETRIC_REPRESENTATION_CONTEXT() REPRESENTATION_CONTEXT('2D SPACE',''
  ) );
#3267 = PCURVE('',#3268,#3273);
#3268 = CONICAL_SURFACE('',#3269,19.5,4.225458934946E-02);
#3269 = AXIS2_PLACEMENT_3D('',#3270,#3271,#3272);
#3270 = CARTESIAN_POINT('',(0.,0.,1.55));
#3271 = DIRECTION('',(-0.,-0.,-1.));
#3272 = DIRECTION('',(1.,0.,-0.));
#3273 = DEFINITIONAL_REPRESENTATION('',(#3274),#3281);
#3274 = B_SPLINE_CURVE_WITH_KNOTS('',5,(#3275,#3276,#3277,#3278,#3279,
    #3280),.UNSPECIFIED.,.F.,.F.,(6,6),(-0.987702642809,-0.987194400326)
  ,.PIECEWISE_BEZIER_KNOTS.);
#3275 = CARTESIAN_POINT('',(-2.251121086927,2.727057524613E-13));
#3276 = CARTESIAN_POINT('',(-2.25118757839,-3.546040814525E-02));
#3277 = CARTESIAN_POINT('',(-2.251254076243,-7.091485947627E-02));
#3278 = CARTESIAN_POINT('',(-2.251320580487,-0.106363354756));
#3279 = CARTESIAN_POINT('',(-2.251387091121,-0.141805894747));
#3280 = CARTESIAN_POINT('',(-2.251453608146,-0.177242480214));
#3281 = ( GEOMETRIC_REPRESENTATION_CONTEXT(2) 
PARAMETRIC_REPRESENTATION_CONTEXT() REPRESENTATION_CONTEXT('2D SPACE',''
  ) );
#3282 = ORIENTED_EDGE('',*,*,#3283,.T.);
#3283 = EDGE_CURVE('',#3252,#3284,#3286,.T.);
#3284 = VERTEX_POINT('',#3285);
#3285 = CARTESIAN_POINT('',(-12.26768291469,15.1190964037,1.903725980916
    ));
#3286 = SURFACE_CURVE('',#3287,(#3292,#3299),.PCURVE_S1.);
#3287 = HYPERBOLA('',#3288,100.27726034438,12.755560271756);
#3288 = AXIS2_PLACEMENT_3D('',#3289,#3290,#3291);
#3289 = CARTESIAN_POINT('',(-12.74873751727,0.417144533869,
    154.96669888044));
#3290 = DIRECTION('',(-0.999465115264,3.270295659162E-02,0.));
#3291 = DIRECTION('',(-0.,0.,-1.));
#3292 = PCURVE('',#760,#3293);
#3293 = DEFINITIONAL_REPRESENTATION('',(#3294),#3298);
#3294 = ( BOUNDED_CURVE() B_SPLINE_CURVE(2,(#3295,#3296,#3297),
.UNSPECIFIED.,.F.,.F.) B_SPLINE_CURVE_WITH_KNOTS((3,3),(-0.987194400326,
-0.985669801125),.PIECEWISE_BEZIER_KNOTS.) CURVE() 
GEOMETRIC_REPRESENTATION_ITEM() RATIONAL_B_SPLINE_CURVE((1.,
1.00000029055,1.)) REPRESENTATION_ITEM('') );
#3295 = CARTESIAN_POINT('',(1.017901862322,-9.277242480214));
#3296 = CARTESIAN_POINT('',(1.003042735488,-9.365573226827));
#3297 = CARTESIAN_POINT('',(0.98820072168,-9.453725980916));
#3298 = ( GEOMETRIC_REPRESENTATION_CONTEXT(2) 
PARAMETRIC_REPRESENTATION_CONTEXT() REPRESENTATION_CONTEXT('2D SPACE',''
  ) );
#3299 = PCURVE('',#3300,#3305);
#3300 = CONICAL_SURFACE('',#3301,19.492506231335,0.126523431618);
#3301 = AXIS2_PLACEMENT_3D('',#3302,#3303,#3304);
#3302 = CARTESIAN_POINT('',(0.,0.,1.727242480214));
#3303 = DIRECTION('',(-0.,-0.,-1.));
#3304 = DIRECTION('',(1.,0.,-0.));
#3305 = DEFINITIONAL_REPRESENTATION('',(#3306),#3313);
#3306 = B_SPLINE_CURVE_WITH_KNOTS('',5,(#3307,#3308,#3309,#3310,#3311,
    #3312),.UNSPECIFIED.,.F.,.F.,(6,6),(-0.987194400326,-0.985669801125)
  ,.PIECEWISE_BEZIER_KNOTS.);
#3307 = CARTESIAN_POINT('',(-2.251453608146,1.201799510692E-14));
#3308 = CARTESIAN_POINT('',(-2.251653142436,-3.533230548063E-02));
#3309 = CARTESIAN_POINT('',(-2.251852734235,-7.064680145074E-02));
#3310 = CARTESIAN_POINT('',(-2.252052383547,-0.105943494754));
#3311 = CARTESIAN_POINT('',(-2.252252090378,-0.141222392228));
#3312 = CARTESIAN_POINT('',(-2.252451854734,-0.176483500703));
#3313 = ( GEOMETRIC_REPRESENTATION_CONTEXT(2) 
PARAMETRIC_REPRESENTATION_CONTEXT() REPRESENTATION_CONTEXT('2D SPACE',''
  ) );
#3314 = ORIENTED_EDGE('',*,*,#3315,.T.);
#3315 = EDGE_CURVE('',#3284,#3316,#3318,.T.);
#3316 = VERTEX_POINT('',#3317);
#3317 = CARTESIAN_POINT('',(-12.26909921523,15.07581154103,
    2.057076766824));
#3318 = SURFACE_CURVE('',#3319,(#3324,#3331),.PCURVE_S1.);
#3319 = HYPERBOLA('',#3320,59.820763927092,12.755560271756);
#3320 = AXIS2_PLACEMENT_3D('',#3321,#3322,#3323);
#3321 = CARTESIAN_POINT('',(-12.74873751727,0.417144533869,
    93.21399848293));
#3322 = DIRECTION('',(-0.999465115264,3.270295659162E-02,0.));
#3323 = DIRECTION('',(-0.,0.,-1.));
#3324 = PCURVE('',#760,#3325);
#3325 = DEFINITIONAL_REPRESENTATION('',(#3326),#3330);
#3326 = ( BOUNDED_CURVE() B_SPLINE_CURVE(2,(#3327,#3328,#3329),
.UNSPECIFIED.,.F.,.F.) B_SPLINE_CURVE_WITH_KNOTS((3,3),(-0.985669801125,
-0.983129231076),.PIECEWISE_BEZIER_KNOTS.) CURVE() 
GEOMETRIC_REPRESENTATION_ITEM() RATIONAL_B_SPLINE_CURVE((1.,
1.000000806812,1.)) REPRESENTATION_ITEM('') );
#3327 = CARTESIAN_POINT('',(0.98820072168,-9.453725980916));
#3328 = CARTESIAN_POINT('',(0.963468213132,-9.541357575915));
#3329 = CARTESIAN_POINT('',(0.938783097031,-9.628694772664));
#3330 = ( GEOMETRIC_REPRESENTATION_CONTEXT(2) 
PARAMETRIC_REPRESENTATION_CONTEXT() REPRESENTATION_CONTEXT('2D SPACE',''
  ) );
#3331 = PCURVE('',#3332,#3337);
#3332 = CONICAL_SURFACE('',#3333,19.470057014808,0.21008341004);
#3333 = AXIS2_PLACEMENT_3D('',#3334,#3335,#3336);
#3334 = CARTESIAN_POINT('',(0.,0.,1.903725980916));
#3335 = DIRECTION('',(-0.,-0.,-1.));
#3336 = DIRECTION('',(1.,0.,-0.));
#3337 = DEFINITIONAL_REPRESENTATION('',(#3338),#3345);
#3338 = B_SPLINE_CURVE_WITH_KNOTS('',5,(#3339,#3340,#3341,#3342,#3343,
    #3344),.UNSPECIFIED.,.F.,.F.,(6,6),(-0.985669801125,-0.983129231076)
  ,.PIECEWISE_BEZIER_KNOTS.);
#3339 = CARTESIAN_POINT('',(-2.252451854734,4.660040351135E-14));
#3340 = CARTESIAN_POINT('',(-2.252784739167,-3.505265685369E-02));
#3341 = CARTESIAN_POINT('',(-2.253117783336,-7.007584561724E-02));
#3342 = CARTESIAN_POINT('',(-2.253450987267,-0.105069585144));
#3343 = CARTESIAN_POINT('',(-2.253784350985,-0.140033894258));
#3344 = CARTESIAN_POINT('',(-2.254117874515,-0.174968791747));
#3345 = ( GEOMETRIC_REPRESENTATION_CONTEXT(2) 
PARAMETRIC_REPRESENTATION_CONTEXT() REPRESENTATION_CONTEXT('2D SPACE',''
  ) );
#3346 = ORIENTED_EDGE('',*,*,#3347,.F.);
#3347 = EDGE_CURVE('',#3348,#3316,#3350,.T.);
#3348 = VERTEX_POINT('',#3349);
#3349 = CARTESIAN_POINT('',(-12.04132508906,22.03702596928,0.79911686306
    ));
#3350 = SURFACE_CURVE('',#3351,(#3355,#3362),.PCURVE_S1.);
#3351 = LINE('',#3352,#3353);
#3352 = CARTESIAN_POINT('',(-12.04053589349,22.061145300336,
    0.794758262749));
#3353 = VECTOR('',#3354,1.);
#3354 = DIRECTION('',(-3.218225831519E-02,-0.983551576639,0.177737442144
    ));
#3355 = PCURVE('',#760,#3356);
#3356 = DEFINITIONAL_REPRESENTATION('',(#3357),#3361);
#3357 = LINE('',#3358,#3359);
#3358 = CARTESIAN_POINT('',(7.9339648015,-8.344758262749));
#3359 = VECTOR('',#3360,1.);
#3360 = DIRECTION('',(-0.984077944911,-0.177737442144));
#3361 = ( GEOMETRIC_REPRESENTATION_CONTEXT(2) 
PARAMETRIC_REPRESENTATION_CONTEXT() REPRESENTATION_CONTEXT('2D SPACE',''
  ) );
#3362 = PCURVE('',#3363,#3368);
#3363 = CYLINDRICAL_SURFACE('',#3364,0.22);
#3364 = AXIS2_PLACEMENT_3D('',#3365,#3366,#3367);
#3365 = CARTESIAN_POINT('',(-11.82065356813,22.053950649886,
    0.794758262749));
#3366 = DIRECTION('',(-3.218225831519E-02,-0.983551576639,0.177737442144
    ));
#3367 = DIRECTION('',(0.,0.177829554836,0.984061303693));
#3368 = DEFINITIONAL_REPRESENTATION('',(#3369),#3373);
#3369 = LINE('',#3370,#3371);
#3370 = CARTESIAN_POINT('',(1.564980741801,0.));
#3371 = VECTOR('',#3372,1.);
#3372 = DIRECTION('',(0.,1.));
#3373 = ( GEOMETRIC_REPRESENTATION_CONTEXT(2) 
PARAMETRIC_REPRESENTATION_CONTEXT() REPRESENTATION_CONTEXT('2D SPACE',''
  ) );
#3374 = ORIENTED_EDGE('',*,*,#3375,.T.);
#3375 = EDGE_CURVE('',#3348,#3175,#3376,.T.);
#3376 = SURFACE_CURVE('',#3377,(#3381,#3388),.PCURVE_S1.);
#3377 = LINE('',#3378,#3379);
#3378 = CARTESIAN_POINT('',(-12.04243402024,22.003134904297,
    0.816062395552));
#3379 = VECTOR('',#3380,1.);
#3380 = DIRECTION('',(2.925354238666E-02,0.894044397223,-0.447022198612)
  );
#3381 = PCURVE('',#760,#3382);
#3382 = DEFINITIONAL_REPRESENTATION('',(#3383),#3387);
#3383 = LINE('',#3384,#3385);
#3384 = CARTESIAN_POINT('',(7.87592335998,-8.366062395552));
#3385 = VECTOR('',#3386,1.);
#3386 = DIRECTION('',(0.894522863849,0.447022198612));
#3387 = ( GEOMETRIC_REPRESENTATION_CONTEXT(2) 
PARAMETRIC_REPRESENTATION_CONTEXT() REPRESENTATION_CONTEXT('2D SPACE',''
  ) );
#3388 = PCURVE('',#3389,#3394);
#3389 = CYLINDRICAL_SURFACE('',#3390,0.22);
#3390 = AXIS2_PLACEMENT_3D('',#3391,#3392,#3393);
#3391 = CARTESIAN_POINT('',(-11.82255169488,21.995940253847,
    0.816062395552));
#3392 = DIRECTION('',(2.925354238666E-02,0.894044397223,-0.447022198612)
  );
#3393 = DIRECTION('',(0.,0.4472135955,0.894427191));
#3394 = DEFINITIONAL_REPRESENTATION('',(#3395),#3399);
#3395 = LINE('',#3396,#3397);
#3396 = CARTESIAN_POINT('',(-1.556170598563,0.));
#3397 = VECTOR('',#3398,1.);
#3398 = DIRECTION('',(-0.,1.));
#3399 = ( GEOMETRIC_REPRESENTATION_CONTEXT(2) 
PARAMETRIC_REPRESENTATION_CONTEXT() REPRESENTATION_CONTEXT('2D SPACE',''
  ) );
#3400 = FACE_BOUND('',#3401,.T.);
#3401 = EDGE_LOOP('',(#3402));
#3402 = ORIENTED_EDGE('',*,*,#3403,.F.);
#3403 = EDGE_CURVE('',#3404,#3404,#3406,.T.);
#3404 = VERTEX_POINT('',#3405);
#3405 = CARTESIAN_POINT('',(-12.04662665302,21.875,-4.3));
#3406 = SURFACE_CURVE('',#3407,(#3412,#3419),.PCURVE_S1.);
#3407 = ELLIPSE('',#3408,0.52528096477,0.525);
#3408 = AXIS2_PLACEMENT_3D('',#3409,#3410,#3411);
#3409 = CARTESIAN_POINT('',(-12.06380489361,21.35,-4.3));
#3410 = DIRECTION('',(-0.999465115264,3.270295659162E-02,0.));
#3411 = DIRECTION('',(-3.270295659162E-02,-0.999465115264,0.));
#3412 = PCURVE('',#760,#3413);
#3413 = DEFINITIONAL_REPRESENTATION('',(#3414),#3418);
#3414 = ELLIPSE('',#3415,0.52528096477,0.525);
#3415 = AXIS2_PLACEMENT_2D('',#3416,#3417);
#3416 = CARTESIAN_POINT('',(7.222438916829,-3.25));
#3417 = DIRECTION('',(-1.,-0.));
#3418 = ( GEOMETRIC_REPRESENTATION_CONTEXT(2) 
PARAMETRIC_REPRESENTATION_CONTEXT() REPRESENTATION_CONTEXT('2D SPACE',''
  ) );
#3419 = PCURVE('',#3420,#3425);
#3420 = CYLINDRICAL_SURFACE('',#3421,0.525);
#3421 = AXIS2_PLACEMENT_3D('',#3422,#3423,#3424);
#3422 = CARTESIAN_POINT('',(-15.,21.35,-4.3));
#3423 = DIRECTION('',(-1.,-0.,-0.));
#3424 = DIRECTION('',(0.,1.,0.));
#3425 = DEFINITIONAL_REPRESENTATION('',(#3426),#3441);
#3426 = B_SPLINE_CURVE_WITH_KNOTS('',7,(#3427,#3428,#3429,#3430,#3431,
    #3432,#3433,#3434,#3435,#3436,#3437,#3438,#3439,#3440),
  .UNSPECIFIED.,.F.,.F.,(8,6,8),(3.14159265359,6.28318530718,
    9.424777960769),.UNSPECIFIED.);
#3427 = CARTESIAN_POINT('',(-6.28318530718,-2.953373346972));
#3428 = CARTESIAN_POINT('',(-5.834386356667,-2.953373346972));
#3429 = CARTESIAN_POINT('',(-5.385587406154,-2.949335942997));
#3430 = CARTESIAN_POINT('',(-4.936788455641,-2.941268537515));
#3431 = CARTESIAN_POINT('',(-4.487989505128,-2.931121675251));
#3432 = CARTESIAN_POINT('',(-4.039190554616,-2.923054269769));
#3433 = CARTESIAN_POINT('',(-3.590391604103,-2.919016865793));
#3434 = CARTESIAN_POINT('',(-2.692793703077,-2.919016865793));
#3435 = CARTESIAN_POINT('',(-2.243994752564,-2.923054269769));
#3436 = CARTESIAN_POINT('',(-1.795195802053,-2.93112167525));
#3437 = CARTESIAN_POINT('',(-1.346396851538,-2.941268537515));
#3438 = CARTESIAN_POINT('',(-0.897597901026,-2.949335942997));
#3439 = CARTESIAN_POINT('',(-0.448798950513,-2.953373346972));
#3440 = CARTESIAN_POINT('',(-1.68753899743E-14,-2.953373346972));
#3441 = ( GEOMETRIC_REPRESENTATION_CONTEXT(2) 
PARAMETRIC_REPRESENTATION_CONTEXT() REPRESENTATION_CONTEXT('2D SPACE',''
  ) );
#3442 = ADVANCED_FACE('',(#3443),#649,.T.);
#3443 = FACE_BOUND('',#3444,.F.);
#3444 = EDGE_LOOP('',(#3445,#3472,#3473,#3474));
#3445 = ORIENTED_EDGE('',*,*,#3446,.F.);
#3446 = EDGE_CURVE('',#3119,#3447,#3449,.T.);
#3447 = VERTEX_POINT('',#3448);
#3448 = CARTESIAN_POINT('',(-12.03426734265,-22.25272424425,
    -5.781267725571));
#3449 = SURFACE_CURVE('',#3450,(#3455,#3461),.PCURVE_S1.);
#3450 = CIRCLE('',#3451,0.22);
#3451 = AXIS2_PLACEMENT_3D('',#3452,#3453,#3454);
#3452 = CARTESIAN_POINT('',(-11.8143850173,-22.2455295938,
    -5.781267725571));
#3453 = DIRECTION('',(-3.269316925295E-02,0.999165995412,
    -2.446365257939E-02));
#3454 = DIRECTION('',(-0.999465435462,-3.268337437268E-02,
    8.002221046744E-04));
#3455 = PCURVE('',#649,#3456);
#3456 = DEFINITIONAL_REPRESENTATION('',(#3457),#3460);
#3457 = B_SPLINE_CURVE_WITH_KNOTS('',1,(#3458,#3459),.UNSPECIFIED.,.F.,
  .F.,(2,2),(4.712388980385,6.282384845427),.PIECEWISE_BEZIER_KNOTS.);
#3458 = CARTESIAN_POINT('',(-1.569995865043,4.193590972761E-02));
#3459 = CARTESIAN_POINT('',(1.7763568394E-15,4.193590972761E-02));
#3460 = ( GEOMETRIC_REPRESENTATION_CONTEXT(2) 
PARAMETRIC_REPRESENTATION_CONTEXT() REPRESENTATION_CONTEXT('2D SPACE',''
  ) );
#3461 = PCURVE('',#3462,#3467);
#3462 = SPHERICAL_SURFACE('',#3463,0.22);
#3463 = AXIS2_PLACEMENT_3D('',#3464,#3465,#3466);
#3464 = CARTESIAN_POINT('',(-11.8143850173,-22.2455295938,
    -5.781267725571));
#3465 = DIRECTION('',(-8.074349270001E-15,2.447673697497E-02,
    0.999700399793));
#3466 = DIRECTION('',(-1.718805884691E-14,-0.999700399793,
    2.447673697497E-02));
#3467 = DEFINITIONAL_REPRESENTATION('',(#3468),#3471);
#3468 = B_SPLINE_CURVE_WITH_KNOTS('',1,(#3469,#3470),.UNSPECIFIED.,.F.,
  .F.,(2,2),(4.712388980385,6.282384845427),.PIECEWISE_BEZIER_KNOTS.);
#3469 = CARTESIAN_POINT('',(-1.53809733076,-1.570796326795));
#3470 = CARTESIAN_POINT('',(-1.53809733076,-8.004617522781E-04));
#3471 = ( GEOMETRIC_REPRESENTATION_CONTEXT(2) 
PARAMETRIC_REPRESENTATION_CONTEXT() REPRESENTATION_CONTEXT('2D SPACE',''
  ) );
#3472 = ORIENTED_EDGE('',*,*,#3118,.T.);
#3473 = ORIENTED_EDGE('',*,*,#595,.F.);
#3474 = ORIENTED_EDGE('',*,*,#3475,.F.);
#3475 = EDGE_CURVE('',#3447,#596,#3476,.T.);
#3476 = SURFACE_CURVE('',#3477,(#3481,#3488),.PCURVE_S1.);
#3477 = LINE('',#3478,#3479);
#3478 = CARTESIAN_POINT('',(-12.03289632486,-22.29462517924,
    -5.780241820044));
#3479 = VECTOR('',#3480,1.);
#3480 = DIRECTION('',(-3.269316925296E-02,0.999165995412,
    -2.446365257945E-02));
#3481 = PCURVE('',#649,#3482);
#3482 = DEFINITIONAL_REPRESENTATION('',(#3483),#3487);
#3483 = LINE('',#3484,#3485);
#3484 = CARTESIAN_POINT('',(-0.,0.));
#3485 = VECTOR('',#3486,1.);
#3486 = DIRECTION('',(-0.,1.));
#3487 = ( GEOMETRIC_REPRESENTATION_CONTEXT(2) 
PARAMETRIC_REPRESENTATION_CONTEXT() REPRESENTATION_CONTEXT('2D SPACE',''
  ) );
#3488 = PCURVE('',#700,#3489);
#3489 = DEFINITIONAL_REPRESENTATION('',(#3490),#3494);
#3490 = LINE('',#3491,#3492);
#3491 = CARTESIAN_POINT('',(8.167569632068,-1.769758179956));
#3492 = VECTOR('',#3493,1.);
#3493 = DIRECTION('',(-0.999700720067,2.446365257945E-02));
#3494 = ( GEOMETRIC_REPRESENTATION_CONTEXT(2) 
PARAMETRIC_REPRESENTATION_CONTEXT() REPRESENTATION_CONTEXT('2D SPACE',''
  ) );
#3495 = ADVANCED_FACE('',(#3496),#729,.T.);
#3496 = FACE_BOUND('',#3497,.T.);
#3497 = EDGE_LOOP('',(#3498,#3499,#3520,#3542));
#3498 = ORIENTED_EDGE('',*,*,#712,.T.);
#3499 = ORIENTED_EDGE('',*,*,#3500,.T.);
#3500 = EDGE_CURVE('',#681,#3501,#3503,.T.);
#3501 = VERTEX_POINT('',#3502);
#3502 = CARTESIAN_POINT('',(-12.26638755174,-15.15868518145,1.55));
#3503 = SURFACE_CURVE('',#3504,(#3508,#3514),.PCURVE_S1.);
#3504 = LINE('',#3505,#3506);
#3505 = CARTESIAN_POINT('',(-12.26638755174,-15.15868518145,-5.95));
#3506 = VECTOR('',#3507,1.);
#3507 = DIRECTION('',(0.,0.,1.));
#3508 = PCURVE('',#729,#3509);
#3509 = DEFINITIONAL_REPRESENTATION('',(#3510),#3513);
#3510 = B_SPLINE_CURVE_WITH_KNOTS('',1,(#3511,#3512),.UNSPECIFIED.,.F.,
  .F.,(2,2),(-5.999999999062E-07,7.5000006),.PIECEWISE_BEZIER_KNOTS.);
#3511 = CARTESIAN_POINT('',(4.032064220252,-5.999999999062E-07));
#3512 = CARTESIAN_POINT('',(4.032064220252,7.5000006));
#3513 = ( GEOMETRIC_REPRESENTATION_CONTEXT(2) 
PARAMETRIC_REPRESENTATION_CONTEXT() REPRESENTATION_CONTEXT('2D SPACE',''
  ) );
#3514 = PCURVE('',#700,#3515);
#3515 = DEFINITIONAL_REPRESENTATION('',(#3516),#3519);
#3516 = B_SPLINE_CURVE_WITH_KNOTS('',1,(#3517,#3518),.UNSPECIFIED.,.F.,
  .F.,(2,2),(-5.999999999062E-07,7.5000006),.PIECEWISE_BEZIER_KNOTS.);
#3517 = CARTESIAN_POINT('',(1.027810686198,-1.5999994));
#3518 = CARTESIAN_POINT('',(1.027810686198,-9.1000006));
#3519 = ( GEOMETRIC_REPRESENTATION_CONTEXT(2) 
PARAMETRIC_REPRESENTATION_CONTEXT() REPRESENTATION_CONTEXT('2D SPACE',''
  ) );
#3520 = ORIENTED_EDGE('',*,*,#3521,.T.);
#3521 = EDGE_CURVE('',#3501,#3231,#3522,.T.);
#3522 = SURFACE_CURVE('',#3523,(#3528,#3535),.PCURVE_S1.);
#3523 = CIRCLE('',#3524,19.5);
#3524 = AXIS2_PLACEMENT_3D('',#3525,#3526,#3527);
#3525 = CARTESIAN_POINT('',(0.,0.,1.55));
#3526 = DIRECTION('',(0.,0.,-1.));
#3527 = DIRECTION('',(0.629045515474,0.777368470844,0.));
#3528 = PCURVE('',#729,#3529);
#3529 = DEFINITIONAL_REPRESENTATION('',(#3530),#3534);
#3530 = LINE('',#3531,#3532);
#3531 = CARTESIAN_POINT('',(7.173656873842,7.5));
#3532 = VECTOR('',#3533,1.);
#3533 = DIRECTION('',(-1.,-0.));
#3534 = ( GEOMETRIC_REPRESENTATION_CONTEXT(2) 
PARAMETRIC_REPRESENTATION_CONTEXT() REPRESENTATION_CONTEXT('2D SPACE',''
  ) );
#3535 = PCURVE('',#3268,#3536);
#3536 = DEFINITIONAL_REPRESENTATION('',(#3537),#3541);
#3537 = LINE('',#3538,#3539);
#3538 = CARTESIAN_POINT('',(-7.173656873842,-0.));
#3539 = VECTOR('',#3540,1.);
#3540 = DIRECTION('',(1.,-0.));
#3541 = ( GEOMETRIC_REPRESENTATION_CONTEXT(2) 
PARAMETRIC_REPRESENTATION_CONTEXT() REPRESENTATION_CONTEXT('2D SPACE',''
  ) );
#3542 = ORIENTED_EDGE('',*,*,#3230,.F.);
#3543 = ADVANCED_FACE('',(#3544,#3740),#700,.F.);
#3544 = FACE_BOUND('',#3545,.F.);
#3545 = EDGE_LOOP('',(#3546,#3576,#3602,#3603,#3604,#3605,#3632,#3659,
    #3686,#3714));
#3546 = ORIENTED_EDGE('',*,*,#3547,.F.);
#3547 = EDGE_CURVE('',#3548,#3550,#3552,.T.);
#3548 = VERTEX_POINT('',#3549);
#3549 = CARTESIAN_POINT('',(-12.0237378019,-22.57452721744,
    -5.620366238978));
#3550 = VERTEX_POINT('',#3551);
#3551 = CARTESIAN_POINT('',(-12.0237378019,-22.57452721744,
    0.530366245693));
#3552 = SURFACE_CURVE('',#3553,(#3557,#3564),.PCURVE_S1.);
#3553 = LINE('',#3554,#3555);
#3554 = CARTESIAN_POINT('',(-12.0237378019,-22.57452721744,-7.55));
#3555 = VECTOR('',#3556,1.);
#3556 = DIRECTION('',(0.,0.,1.));
#3557 = PCURVE('',#700,#3558);
#3558 = DEFINITIONAL_REPRESENTATION('',(#3559),#3563);
#3559 = LINE('',#3560,#3561);
#3560 = CARTESIAN_POINT('',(8.447621465717,0.));
#3561 = VECTOR('',#3562,1.);
#3562 = DIRECTION('',(0.,-1.));
#3563 = ( GEOMETRIC_REPRESENTATION_CONTEXT(2) 
PARAMETRIC_REPRESENTATION_CONTEXT() REPRESENTATION_CONTEXT('2D SPACE',''
  ) );
#3564 = PCURVE('',#3565,#3570);
#3565 = CYLINDRICAL_SURFACE('',#3566,0.75);
#3566 = AXIS2_PLACEMENT_3D('',#3567,#3568,#3569);
#3567 = CARTESIAN_POINT('',(-11.27413896545,-22.55,-7.55));
#3568 = DIRECTION('',(0.,0.,1.));
#3569 = DIRECTION('',(-0.999465115264,-3.270295659162E-02,0.));
#3570 = DEFINITIONAL_REPRESENTATION('',(#3571),#3575);
#3571 = LINE('',#3572,#3573);
#3572 = CARTESIAN_POINT('',(0.,0.));
#3573 = VECTOR('',#3574,1.);
#3574 = DIRECTION('',(0.,1.));
#3575 = ( GEOMETRIC_REPRESENTATION_CONTEXT(2) 
PARAMETRIC_REPRESENTATION_CONTEXT() REPRESENTATION_CONTEXT('2D SPACE',''
  ) );
#3576 = ORIENTED_EDGE('',*,*,#3577,.F.);
#3577 = EDGE_CURVE('',#3447,#3548,#3578,.T.);
#3578 = SURFACE_CURVE('',#3579,(#3583,#3590),.PCURVE_S1.);
#3579 = LINE('',#3580,#3581);
#3580 = CARTESIAN_POINT('',(-12.03588992858,-22.20313490429,
    -5.806062395552));
#3581 = VECTOR('',#3582,1.);
#3582 = DIRECTION('',(2.925354238666E-02,-0.894044397223,0.447022198612)
  );
#3583 = PCURVE('',#700,#3584);
#3584 = DEFINITIONAL_REPRESENTATION('',(#3585),#3589);
#3585 = LINE('',#3586,#3587);
#3586 = CARTESIAN_POINT('',(8.076030394178,-1.743937604448));
#3587 = VECTOR('',#3588,1.);
#3588 = DIRECTION('',(0.894522863849,-0.447022198612));
#3589 = ( GEOMETRIC_REPRESENTATION_CONTEXT(2) 
PARAMETRIC_REPRESENTATION_CONTEXT() REPRESENTATION_CONTEXT('2D SPACE',''
  ) );
#3590 = PCURVE('',#3591,#3596);
#3591 = CYLINDRICAL_SURFACE('',#3592,0.22);
#3592 = AXIS2_PLACEMENT_3D('',#3593,#3594,#3595);
#3593 = CARTESIAN_POINT('',(-11.81600760322,-22.19594025384,
    -5.806062395552));
#3594 = DIRECTION('',(2.925354238666E-02,-0.894044397223,0.447022198612)
  );
#3595 = DIRECTION('',(-0.999465115264,-3.270295659162E-02,
    1.734723475977E-18));
#3596 = DEFINITIONAL_REPRESENTATION('',(#3597),#3601);
#3597 = LINE('',#3598,#3599);
#3598 = CARTESIAN_POINT('',(0.,0.));
#3599 = VECTOR('',#3600,1.);
#3600 = DIRECTION('',(0.,1.));
#3601 = ( GEOMETRIC_REPRESENTATION_CONTEXT(2) 
PARAMETRIC_REPRESENTATION_CONTEXT() REPRESENTATION_CONTEXT('2D SPACE',''
  ) );
#3602 = ORIENTED_EDGE('',*,*,#3475,.T.);
#3603 = ORIENTED_EDGE('',*,*,#680,.T.);
#3604 = ORIENTED_EDGE('',*,*,#3500,.T.);
#3605 = ORIENTED_EDGE('',*,*,#3606,.T.);
#3606 = EDGE_CURVE('',#3501,#3607,#3609,.T.);
#3607 = VERTEX_POINT('',#3608);
#3608 = CARTESIAN_POINT('',(-12.26671159958,-15.14878165765,
    1.727242480214));
#3609 = SURFACE_CURVE('',#3610,(#3615,#3622),.PCURVE_S1.);
#3610 = HYPERBOLA('',#3611,301.69427963191,12.755560271756);
#3611 = AXIS2_PLACEMENT_3D('',#3612,#3613,#3614);
#3612 = CARTESIAN_POINT('',(-12.74873751727,-0.417144533869,
    462.76364546008));
#3613 = DIRECTION('',(0.999465115264,3.270295659162E-02,0.));
#3614 = DIRECTION('',(0.,-0.,-1.));
#3615 = PCURVE('',#700,#3616);
#3616 = DEFINITIONAL_REPRESENTATION('',(#3617),#3621);
#3617 = ( BOUNDED_CURVE() B_SPLINE_CURVE(2,(#3618,#3619,#3620),
.UNSPECIFIED.,.F.,.F.) B_SPLINE_CURVE_WITH_KNOTS((3,3),(-0.987702642809,
-0.987194400326),.PIECEWISE_BEZIER_KNOTS.) CURVE() 
GEOMETRIC_REPRESENTATION_ITEM() RATIONAL_B_SPLINE_CURVE((1.,
1.000000032289,1.)) REPRESENTATION_ITEM('') );
#3618 = CARTESIAN_POINT('',(1.027810686198,-9.1));
#3619 = CARTESIAN_POINT('',(1.022855322097,-9.188651018528));
#3620 = CARTESIAN_POINT('',(1.017901862322,-9.277242480214));
#3621 = ( GEOMETRIC_REPRESENTATION_CONTEXT(2) 
PARAMETRIC_REPRESENTATION_CONTEXT() REPRESENTATION_CONTEXT('2D SPACE',''
  ) );
#3622 = PCURVE('',#3268,#3623);
#3623 = DEFINITIONAL_REPRESENTATION('',(#3624),#3631);
#3624 = B_SPLINE_CURVE_WITH_KNOTS('',5,(#3625,#3626,#3627,#3628,#3629,
    #3630),.UNSPECIFIED.,.F.,.F.,(6,6),(-0.987702642809,-0.987194400326)
  ,.PIECEWISE_BEZIER_KNOTS.);
#3625 = CARTESIAN_POINT('',(-4.032064220252,3.864896084288E-13));
#3626 = CARTESIAN_POINT('',(-4.031997728789,-3.546040814518E-02));
#3627 = CARTESIAN_POINT('',(-4.031931230936,-7.091485947627E-02));
#3628 = CARTESIAN_POINT('',(-4.031864726693,-0.106363354756));
#3629 = CARTESIAN_POINT('',(-4.031798216059,-0.141805894748));
#3630 = CARTESIAN_POINT('',(-4.031731699034,-0.177242480214));
#3631 = ( GEOMETRIC_REPRESENTATION_CONTEXT(2) 
PARAMETRIC_REPRESENTATION_CONTEXT() REPRESENTATION_CONTEXT('2D SPACE',''
  ) );
#3632 = ORIENTED_EDGE('',*,*,#3633,.T.);
#3633 = EDGE_CURVE('',#3607,#3634,#3636,.T.);
#3634 = VERTEX_POINT('',#3635);
#3635 = CARTESIAN_POINT('',(-12.26768291469,-15.1190964037,
    1.903725980916));
#3636 = SURFACE_CURVE('',#3637,(#3642,#3649),.PCURVE_S1.);
#3637 = HYPERBOLA('',#3638,100.27726034438,12.755560271756);
#3638 = AXIS2_PLACEMENT_3D('',#3639,#3640,#3641);
#3639 = CARTESIAN_POINT('',(-12.74873751727,-0.417144533869,
    154.96669888044));
#3640 = DIRECTION('',(0.999465115264,3.270295659162E-02,0.));
#3641 = DIRECTION('',(0.,-0.,-1.));
#3642 = PCURVE('',#700,#3643);
#3643 = DEFINITIONAL_REPRESENTATION('',(#3644),#3648);
#3644 = ( BOUNDED_CURVE() B_SPLINE_CURVE(2,(#3645,#3646,#3647),
.UNSPECIFIED.,.F.,.F.) B_SPLINE_CURVE_WITH_KNOTS((3,3),(-0.987194400326,
-0.985669801125),.PIECEWISE_BEZIER_KNOTS.) CURVE() 
GEOMETRIC_REPRESENTATION_ITEM() RATIONAL_B_SPLINE_CURVE((1.,
1.00000029055,1.)) REPRESENTATION_ITEM('') );
#3645 = CARTESIAN_POINT('',(1.017901862322,-9.277242480214));
#3646 = CARTESIAN_POINT('',(1.003042735489,-9.365573226809));
#3647 = CARTESIAN_POINT('',(0.98820072168,-9.453725980916));
#3648 = ( GEOMETRIC_REPRESENTATION_CONTEXT(2) 
PARAMETRIC_REPRESENTATION_CONTEXT() REPRESENTATION_CONTEXT('2D SPACE',''
  ) );
#3649 = PCURVE('',#3300,#3650);
#3650 = DEFINITIONAL_REPRESENTATION('',(#3651),#3658);
#3651 = B_SPLINE_CURVE_WITH_KNOTS('',5,(#3652,#3653,#3654,#3655,#3656,
    #3657),.UNSPECIFIED.,.F.,.F.,(6,6),(-0.987194400326,-0.985669801125)
  ,.PIECEWISE_BEZIER_KNOTS.);
#3652 = CARTESIAN_POINT('',(-4.031731699034,1.201799510692E-14));
#3653 = CARTESIAN_POINT('',(-4.031532164743,-3.533230548063E-02));
#3654 = CARTESIAN_POINT('',(-4.031332572945,-7.064680145076E-02));
#3655 = CARTESIAN_POINT('',(-4.031132923633,-0.105943494754));
#3656 = CARTESIAN_POINT('',(-4.030933216801,-0.141222392228));
#3657 = CARTESIAN_POINT('',(-4.030733452445,-0.176483500703));
#3658 = ( GEOMETRIC_REPRESENTATION_CONTEXT(2) 
PARAMETRIC_REPRESENTATION_CONTEXT() REPRESENTATION_CONTEXT('2D SPACE',''
  ) );
#3659 = ORIENTED_EDGE('',*,*,#3660,.T.);
#3660 = EDGE_CURVE('',#3634,#3661,#3663,.T.);
#3661 = VERTEX_POINT('',#3662);
#3662 = CARTESIAN_POINT('',(-12.26909921523,-15.07581154103,
    2.057076766824));
#3663 = SURFACE_CURVE('',#3664,(#3669,#3676),.PCURVE_S1.);
#3664 = HYPERBOLA('',#3665,59.820763927092,12.755560271756);
#3665 = AXIS2_PLACEMENT_3D('',#3666,#3667,#3668);
#3666 = CARTESIAN_POINT('',(-12.74873751727,-0.417144533869,
    93.21399848293));
#3667 = DIRECTION('',(0.999465115264,3.270295659162E-02,0.));
#3668 = DIRECTION('',(0.,-0.,-1.));
#3669 = PCURVE('',#700,#3670);
#3670 = DEFINITIONAL_REPRESENTATION('',(#3671),#3675);
#3671 = ( BOUNDED_CURVE() B_SPLINE_CURVE(2,(#3672,#3673,#3674),
.UNSPECIFIED.,.F.,.F.) B_SPLINE_CURVE_WITH_KNOTS((3,3),(-0.985669801125,
-0.983129231076),.PIECEWISE_BEZIER_KNOTS.) CURVE() 
GEOMETRIC_REPRESENTATION_ITEM() RATIONAL_B_SPLINE_CURVE((1.,
1.000000806812,1.)) REPRESENTATION_ITEM('') );
#3672 = CARTESIAN_POINT('',(0.98820072168,-9.453725980916));
#3673 = CARTESIAN_POINT('',(0.963468213132,-9.541357575918));
#3674 = CARTESIAN_POINT('',(0.938783097031,-9.628694772664));
#3675 = ( GEOMETRIC_REPRESENTATION_CONTEXT(2) 
PARAMETRIC_REPRESENTATION_CONTEXT() REPRESENTATION_CONTEXT('2D SPACE',''
  ) );
#3676 = PCURVE('',#3332,#3677);
#3677 = DEFINITIONAL_REPRESENTATION('',(#3678),#3685);
#3678 = B_SPLINE_CURVE_WITH_KNOTS('',5,(#3679,#3680,#3681,#3682,#3683,
    #3684),.UNSPECIFIED.,.F.,.F.,(6,6),(-0.985669801125,-0.983129231076)
  ,.PIECEWISE_BEZIER_KNOTS.);
#3679 = CARTESIAN_POINT('',(-4.030733452445,6.164243185926E-14));
#3680 = CARTESIAN_POINT('',(-4.030400568013,-3.505265685368E-02));
#3681 = CARTESIAN_POINT('',(-4.030067523844,-7.007584561718E-02));
#3682 = CARTESIAN_POINT('',(-4.029734319913,-0.105069585144));
#3683 = CARTESIAN_POINT('',(-4.029400956195,-0.140033894258));
#3684 = CARTESIAN_POINT('',(-4.029067432664,-0.174968791747));
#3685 = ( GEOMETRIC_REPRESENTATION_CONTEXT(2) 
PARAMETRIC_REPRESENTATION_CONTEXT() REPRESENTATION_CONTEXT('2D SPACE',''
  ) );
#3686 = ORIENTED_EDGE('',*,*,#3687,.T.);
#3687 = EDGE_CURVE('',#3661,#3688,#3690,.T.);
#3688 = VERTEX_POINT('',#3689);
#3689 = CARTESIAN_POINT('',(-12.04132508906,-22.03702596928,
    0.79911686306));
#3690 = SURFACE_CURVE('',#3691,(#3695,#3702),.PCURVE_S1.);
#3691 = LINE('',#3692,#3693);
#3692 = CARTESIAN_POINT('',(-12.30127134357,-14.09256955583,
    2.234758262749));
#3693 = VECTOR('',#3694,1.);
#3694 = DIRECTION('',(3.218225831519E-02,-0.983551576639,-0.177737442144
    ));
#3695 = PCURVE('',#700,#3696);
#3696 = DEFINITIONAL_REPRESENTATION('',(#3697),#3701);
#3697 = LINE('',#3698,#3699);
#3698 = CARTESIAN_POINT('',(-3.887549357202E-02,-9.784758262749));
#3699 = VECTOR('',#3700,1.);
#3700 = DIRECTION('',(0.984077944911,0.177737442144));
#3701 = ( GEOMETRIC_REPRESENTATION_CONTEXT(2) 
PARAMETRIC_REPRESENTATION_CONTEXT() REPRESENTATION_CONTEXT('2D SPACE',''
  ) );
#3702 = PCURVE('',#3703,#3708);
#3703 = CYLINDRICAL_SURFACE('',#3704,0.22);
#3704 = AXIS2_PLACEMENT_3D('',#3705,#3706,#3707);
#3705 = CARTESIAN_POINT('',(-12.08138901822,-14.08537490538,
    2.234758262749));
#3706 = DIRECTION('',(3.218225831519E-02,-0.983551576639,-0.177737442144
    ));
#3707 = DIRECTION('',(0.,-0.177829554836,0.984061303693));
#3708 = DEFINITIONAL_REPRESENTATION('',(#3709),#3713);
#3709 = LINE('',#3710,#3711);
#3710 = CARTESIAN_POINT('',(1.564980741801,0.));
#3711 = VECTOR('',#3712,1.);
#3712 = DIRECTION('',(0.,1.));
#3713 = ( GEOMETRIC_REPRESENTATION_CONTEXT(2) 
PARAMETRIC_REPRESENTATION_CONTEXT() REPRESENTATION_CONTEXT('2D SPACE',''
  ) );
#3714 = ORIENTED_EDGE('',*,*,#3715,.F.);
#3715 = EDGE_CURVE('',#3550,#3688,#3716,.T.);
#3716 = SURFACE_CURVE('',#3717,(#3721,#3728),.PCURVE_S1.);
#3717 = LINE('',#3718,#3719);
#3718 = CARTESIAN_POINT('',(-12.02690727222,-22.47766212174,
    0.57879878683));
#3719 = VECTOR('',#3720,1.);
#3720 = DIRECTION('',(-2.925354238666E-02,0.894044397223,0.447022198612)
  );
#3721 = PCURVE('',#700,#3722);
#3722 = DEFINITIONAL_REPRESENTATION('',(#3723),#3727);
#3723 = LINE('',#3724,#3725);
#3724 = CARTESIAN_POINT('',(8.350704530625,-8.12879878683));
#3725 = VECTOR('',#3726,1.);
#3726 = DIRECTION('',(-0.894522863849,-0.447022198612));
#3727 = ( GEOMETRIC_REPRESENTATION_CONTEXT(2) 
PARAMETRIC_REPRESENTATION_CONTEXT() REPRESENTATION_CONTEXT('2D SPACE',''
  ) );
#3728 = PCURVE('',#3729,#3734);
#3729 = CYLINDRICAL_SURFACE('',#3730,0.22);
#3730 = AXIS2_PLACEMENT_3D('',#3731,#3732,#3733);
#3731 = CARTESIAN_POINT('',(-11.80702494686,-22.47046747129,
    0.57879878683));
#3732 = DIRECTION('',(-2.925354238666E-02,0.894044397223,0.447022198612)
  );
#3733 = DIRECTION('',(0.,-0.4472135955,0.894427191));
#3734 = DEFINITIONAL_REPRESENTATION('',(#3735),#3739);
#3735 = LINE('',#3736,#3737);
#3736 = CARTESIAN_POINT('',(-1.556170598563,0.));
#3737 = VECTOR('',#3738,1.);
#3738 = DIRECTION('',(-0.,1.));
#3739 = ( GEOMETRIC_REPRESENTATION_CONTEXT(2) 
PARAMETRIC_REPRESENTATION_CONTEXT() REPRESENTATION_CONTEXT('2D SPACE',''
  ) );
#3740 = FACE_BOUND('',#3741,.F.);
#3741 = EDGE_LOOP('',(#3742));
#3742 = ORIENTED_EDGE('',*,*,#3743,.F.);
#3743 = EDGE_CURVE('',#3744,#3744,#3746,.T.);
#3744 = VERTEX_POINT('',#3745);
#3745 = CARTESIAN_POINT('',(-12.0809831342,-20.825,-4.3));
#3746 = SURFACE_CURVE('',#3747,(#3752,#3759),.PCURVE_S1.);
#3747 = ELLIPSE('',#3748,0.52528096477,0.525);
#3748 = AXIS2_PLACEMENT_3D('',#3749,#3750,#3751);
#3749 = CARTESIAN_POINT('',(-12.06380489361,-21.35,-4.3));
#3750 = DIRECTION('',(0.999465115264,3.270295659162E-02,-0.));
#3751 = DIRECTION('',(-3.270295659162E-02,0.999465115264,-0.));
#3752 = PCURVE('',#700,#3753);
#3753 = DEFINITIONAL_REPRESENTATION('',(#3754),#3758);
#3754 = ELLIPSE('',#3755,0.52528096477,0.525);
#3755 = AXIS2_PLACEMENT_2D('',#3756,#3757);
#3756 = CARTESIAN_POINT('',(7.222438916829,-3.25));
#3757 = DIRECTION('',(-1.,0.));
#3758 = ( GEOMETRIC_REPRESENTATION_CONTEXT(2) 
PARAMETRIC_REPRESENTATION_CONTEXT() REPRESENTATION_CONTEXT('2D SPACE',''
  ) );
#3759 = PCURVE('',#3760,#3765);
#3760 = CYLINDRICAL_SURFACE('',#3761,0.525);
#3761 = AXIS2_PLACEMENT_3D('',#3762,#3763,#3764);
#3762 = CARTESIAN_POINT('',(-15.,-21.35,-4.3));
#3763 = DIRECTION('',(-1.,-0.,-0.));
#3764 = DIRECTION('',(0.,1.,0.));
#3765 = DEFINITIONAL_REPRESENTATION('',(#3766),#3781);
#3766 = B_SPLINE_CURVE_WITH_KNOTS('',7,(#3767,#3768,#3769,#3770,#3771,
    #3772,#3773,#3774,#3775,#3776,#3777,#3778,#3779,#3780),
  .UNSPECIFIED.,.F.,.F.,(8,6,8),(0.,3.14159265359,6.28318530718),
  .UNSPECIFIED.);
#3767 = CARTESIAN_POINT('',(0.,-2.919016865793));
#3768 = CARTESIAN_POINT('',(-0.448798950513,-2.919016865793));
#3769 = CARTESIAN_POINT('',(-0.897597901026,-2.923054269769));
#3770 = CARTESIAN_POINT('',(-1.346396851538,-2.93112167525));
#3771 = CARTESIAN_POINT('',(-1.795195802052,-2.941268537515));
#3772 = CARTESIAN_POINT('',(-2.243994752564,-2.949335942997));
#3773 = CARTESIAN_POINT('',(-2.692793703077,-2.953373346972));
#3774 = CARTESIAN_POINT('',(-3.590391604103,-2.953373346972));
#3775 = CARTESIAN_POINT('',(-4.039190554616,-2.949335942997));
#3776 = CARTESIAN_POINT('',(-4.487989505127,-2.941268537515));
#3777 = CARTESIAN_POINT('',(-4.936788455641,-2.931121675251));
#3778 = CARTESIAN_POINT('',(-5.385587406154,-2.923054269769));
#3779 = CARTESIAN_POINT('',(-5.834386356667,-2.919016865793));
#3780 = CARTESIAN_POINT('',(-6.28318530718,-2.919016865793));
#3781 = ( GEOMETRIC_REPRESENTATION_CONTEXT(2) 
PARAMETRIC_REPRESENTATION_CONTEXT() REPRESENTATION_CONTEXT('2D SPACE',''
  ) );
#3782 = ADVANCED_FACE('',(#3783,#3786,#3821,#3856,#3891,#3922),#1262,.F.
  );
#3783 = FACE_BOUND('',#3784,.T.);
#3784 = EDGE_LOOP('',(#3785));
#3785 = ORIENTED_EDGE('',*,*,#1247,.F.);
#3786 = FACE_BOUND('',#3787,.T.);
#3787 = EDGE_LOOP('',(#3788));
#3788 = ORIENTED_EDGE('',*,*,#3789,.F.);
#3789 = EDGE_CURVE('',#3790,#3790,#3792,.T.);
#3790 = VERTEX_POINT('',#3791);
#3791 = CARTESIAN_POINT('',(12.009419177103,-11.3844191771,-6.12));
#3792 = SURFACE_CURVE('',#3793,(#3798,#3809),.PCURVE_S1.);
#3793 = CIRCLE('',#3794,0.625);
#3794 = AXIS2_PLACEMENT_3D('',#3795,#3796,#3797);
#3795 = CARTESIAN_POINT('',(11.384419177103,-11.3844191771,-6.12));
#3796 = DIRECTION('',(0.,0.,-1.));
#3797 = DIRECTION('',(1.,0.,0.));
#3798 = PCURVE('',#1262,#3799);
#3799 = DEFINITIONAL_REPRESENTATION('',(#3800),#3808);
#3800 = ( BOUNDED_CURVE() B_SPLINE_CURVE(2,(#3801,#3802,#3803,#3804,
#3805,#3806,#3807),.UNSPECIFIED.,.T.,.F.) B_SPLINE_CURVE_WITH_KNOTS((1,2
    ,2,2,2,1),(-2.094395102393,0.,2.094395102393,4.188790204786,
6.28318530718,8.377580409573),.UNSPECIFIED.) CURVE() 
GEOMETRIC_REPRESENTATION_ITEM() RATIONAL_B_SPLINE_CURVE((1.,0.5,1.,0.5,
1.,0.5,1.)) REPRESENTATION_ITEM('') );
#3801 = CARTESIAN_POINT('',(12.009419177103,-11.3844191771));
#3802 = CARTESIAN_POINT('',(12.009419177103,-12.46695093183));
#3803 = CARTESIAN_POINT('',(11.071919177103,-11.92568505446));
#3804 = CARTESIAN_POINT('',(10.134419177103,-11.3844191771));
#3805 = CARTESIAN_POINT('',(11.071919177103,-10.84315329973));
#3806 = CARTESIAN_POINT('',(12.009419177103,-10.30188742237));
#3807 = CARTESIAN_POINT('',(12.009419177103,-11.3844191771));
#3808 = ( GEOMETRIC_REPRESENTATION_CONTEXT(2) 
PARAMETRIC_REPRESENTATION_CONTEXT() REPRESENTATION_CONTEXT('2D SPACE',''
  ) );
#3809 = PCURVE('',#3810,#3815);
#3810 = CYLINDRICAL_SURFACE('',#3811,0.625);
#3811 = AXIS2_PLACEMENT_3D('',#3812,#3813,#3814);
#3812 = CARTESIAN_POINT('',(11.384419177103,-11.3844191771,-6.13));
#3813 = DIRECTION('',(-0.,-0.,-1.));
#3814 = DIRECTION('',(1.,0.,0.));
#3815 = DEFINITIONAL_REPRESENTATION('',(#3816),#3820);
#3816 = LINE('',#3817,#3818);
#3817 = CARTESIAN_POINT('',(-6.28318530718,-1.E-02));
#3818 = VECTOR('',#3819,1.);
#3819 = DIRECTION('',(1.,-0.));
#3820 = ( GEOMETRIC_REPRESENTATION_CONTEXT(2) 
PARAMETRIC_REPRESENTATION_CONTEXT() REPRESENTATION_CONTEXT('2D SPACE',''
  ) );
#3821 = FACE_BOUND('',#3822,.T.);
#3822 = EDGE_LOOP('',(#3823));
#3823 = ORIENTED_EDGE('',*,*,#3824,.F.);
#3824 = EDGE_CURVE('',#3825,#3825,#3827,.T.);
#3825 = VERTEX_POINT('',#3826);
#3826 = CARTESIAN_POINT('',(-10.7594191771,-11.3844191771,-6.12));
#3827 = SURFACE_CURVE('',#3828,(#3833,#3844),.PCURVE_S1.);
#3828 = CIRCLE('',#3829,0.625);
#3829 = AXIS2_PLACEMENT_3D('',#3830,#3831,#3832);
#3830 = CARTESIAN_POINT('',(-11.3844191771,-11.3844191771,-6.12));
#3831 = DIRECTION('',(0.,0.,-1.));
#3832 = DIRECTION('',(1.,0.,0.));
#3833 = PCURVE('',#1262,#3834);
#3834 = DEFINITIONAL_REPRESENTATION('',(#3835),#3843);
#3835 = ( BOUNDED_CURVE() B_SPLINE_CURVE(2,(#3836,#3837,#3838,#3839,
#3840,#3841,#3842),.UNSPECIFIED.,.T.,.F.) B_SPLINE_CURVE_WITH_KNOTS((1,2
    ,2,2,2,1),(-2.094395102393,0.,2.094395102393,4.188790204786,
6.28318530718,8.377580409573),.UNSPECIFIED.) CURVE() 
GEOMETRIC_REPRESENTATION_ITEM() RATIONAL_B_SPLINE_CURVE((1.,0.5,1.,0.5,
1.,0.5,1.)) REPRESENTATION_ITEM('') );
#3836 = CARTESIAN_POINT('',(-10.7594191771,-11.3844191771));
#3837 = CARTESIAN_POINT('',(-10.7594191771,-12.46695093183));
#3838 = CARTESIAN_POINT('',(-11.6969191771,-11.92568505446));
#3839 = CARTESIAN_POINT('',(-12.6344191771,-11.3844191771));
#3840 = CARTESIAN_POINT('',(-11.6969191771,-10.84315329973));
#3841 = CARTESIAN_POINT('',(-10.7594191771,-10.30188742237));
#3842 = CARTESIAN_POINT('',(-10.7594191771,-11.3844191771));
#3843 = ( GEOMETRIC_REPRESENTATION_CONTEXT(2) 
PARAMETRIC_REPRESENTATION_CONTEXT() REPRESENTATION_CONTEXT('2D SPACE',''
  ) );
#3844 = PCURVE('',#3845,#3850);
#3845 = CYLINDRICAL_SURFACE('',#3846,0.625);
#3846 = AXIS2_PLACEMENT_3D('',#3847,#3848,#3849);
#3847 = CARTESIAN_POINT('',(-11.3844191771,-11.3844191771,-6.13));
#3848 = DIRECTION('',(-0.,-0.,-1.));
#3849 = DIRECTION('',(1.,0.,0.));
#3850 = DEFINITIONAL_REPRESENTATION('',(#3851),#3855);
#3851 = LINE('',#3852,#3853);
#3852 = CARTESIAN_POINT('',(-6.28318530718,-1.E-02));
#3853 = VECTOR('',#3854,1.);
#3854 = DIRECTION('',(1.,-0.));
#3855 = ( GEOMETRIC_REPRESENTATION_CONTEXT(2) 
PARAMETRIC_REPRESENTATION_CONTEXT() REPRESENTATION_CONTEXT('2D SPACE',''
  ) );
#3856 = FACE_BOUND('',#3857,.T.);
#3857 = EDGE_LOOP('',(#3858));
#3858 = ORIENTED_EDGE('',*,*,#3859,.F.);
#3859 = EDGE_CURVE('',#3860,#3860,#3862,.T.);
#3860 = VERTEX_POINT('',#3861);
#3861 = CARTESIAN_POINT('',(12.009419177103,11.384419177103,-6.12));
#3862 = SURFACE_CURVE('',#3863,(#3868,#3879),.PCURVE_S1.);
#3863 = CIRCLE('',#3864,0.625);
#3864 = AXIS2_PLACEMENT_3D('',#3865,#3866,#3867);
#3865 = CARTESIAN_POINT('',(11.384419177103,11.384419177103,-6.12));
#3866 = DIRECTION('',(0.,0.,-1.));
#3867 = DIRECTION('',(1.,0.,0.));
#3868 = PCURVE('',#1262,#3869);
#3869 = DEFINITIONAL_REPRESENTATION('',(#3870),#3878);
#3870 = ( BOUNDED_CURVE() B_SPLINE_CURVE(2,(#3871,#3872,#3873,#3874,
#3875,#3876,#3877),.UNSPECIFIED.,.T.,.F.) B_SPLINE_CURVE_WITH_KNOTS((1,2
    ,2,2,2,1),(-2.094395102393,0.,2.094395102393,4.188790204786,
6.28318530718,8.377580409573),.UNSPECIFIED.) CURVE() 
GEOMETRIC_REPRESENTATION_ITEM() RATIONAL_B_SPLINE_CURVE((1.,0.5,1.,0.5,
1.,0.5,1.)) REPRESENTATION_ITEM('') );
#3871 = CARTESIAN_POINT('',(12.009419177103,11.384419177103));
#3872 = CARTESIAN_POINT('',(12.009419177103,10.301887422373));
#3873 = CARTESIAN_POINT('',(11.071919177103,10.843153299738));
#3874 = CARTESIAN_POINT('',(10.134419177103,11.384419177103));
#3875 = CARTESIAN_POINT('',(11.071919177103,11.925685054469));
#3876 = CARTESIAN_POINT('',(12.009419177103,12.466950931834));
#3877 = CARTESIAN_POINT('',(12.009419177103,11.384419177103));
#3878 = ( GEOMETRIC_REPRESENTATION_CONTEXT(2) 
PARAMETRIC_REPRESENTATION_CONTEXT() REPRESENTATION_CONTEXT('2D SPACE',''
  ) );
#3879 = PCURVE('',#3880,#3885);
#3880 = CYLINDRICAL_SURFACE('',#3881,0.625);
#3881 = AXIS2_PLACEMENT_3D('',#3882,#3883,#3884);
#3882 = CARTESIAN_POINT('',(11.384419177103,11.384419177103,-6.13));
#3883 = DIRECTION('',(-0.,-0.,-1.));
#3884 = DIRECTION('',(1.,0.,0.));
#3885 = DEFINITIONAL_REPRESENTATION('',(#3886),#3890);
#3886 = LINE('',#3887,#3888);
#3887 = CARTESIAN_POINT('',(-6.28318530718,-1.E-02));
#3888 = VECTOR('',#3889,1.);
#3889 = DIRECTION('',(1.,-0.));
#3890 = ( GEOMETRIC_REPRESENTATION_CONTEXT(2) 
PARAMETRIC_REPRESENTATION_CONTEXT() REPRESENTATION_CONTEXT('2D SPACE',''
  ) );
#3891 = FACE_BOUND('',#3892,.T.);
#3892 = EDGE_LOOP('',(#3893));
#3893 = ORIENTED_EDGE('',*,*,#3894,.T.);
#3894 = EDGE_CURVE('',#3895,#3895,#3897,.T.);
#3895 = VERTEX_POINT('',#3896);
#3896 = CARTESIAN_POINT('',(14.7,0.,-6.12));
#3897 = SURFACE_CURVE('',#3898,(#3903,#3910),.PCURVE_S1.);
#3898 = CIRCLE('',#3899,14.7);
#3899 = AXIS2_PLACEMENT_3D('',#3900,#3901,#3902);
#3900 = CARTESIAN_POINT('',(0.,0.,-6.12));
#3901 = DIRECTION('',(0.,0.,1.));
#3902 = DIRECTION('',(1.,0.,-0.));
#3903 = PCURVE('',#1262,#3904);
#3904 = DEFINITIONAL_REPRESENTATION('',(#3905),#3909);
#3905 = CIRCLE('',#3906,14.7);
#3906 = AXIS2_PLACEMENT_2D('',#3907,#3908);
#3907 = CARTESIAN_POINT('',(0.,0.));
#3908 = DIRECTION('',(1.,-0.));
#3909 = ( GEOMETRIC_REPRESENTATION_CONTEXT(2) 
PARAMETRIC_REPRESENTATION_CONTEXT() REPRESENTATION_CONTEXT('2D SPACE',''
  ) );
#3910 = PCURVE('',#3911,#3916);
#3911 = CYLINDRICAL_SURFACE('',#3912,14.7);
#3912 = AXIS2_PLACEMENT_3D('',#3913,#3914,#3915);
#3913 = CARTESIAN_POINT('',(0.,0.,-0.45));
#3914 = DIRECTION('',(-0.,-0.,-1.));
#3915 = DIRECTION('',(1.,0.,0.));
#3916 = DEFINITIONAL_REPRESENTATION('',(#3917),#3921);
#3917 = LINE('',#3918,#3919);
#3918 = CARTESIAN_POINT('',(-0.,5.67));
#3919 = VECTOR('',#3920,1.);
#3920 = DIRECTION('',(-1.,0.));
#3921 = ( GEOMETRIC_REPRESENTATION_CONTEXT(2) 
PARAMETRIC_REPRESENTATION_CONTEXT() REPRESENTATION_CONTEXT('2D SPACE',''
  ) );
#3922 = FACE_BOUND('',#3923,.T.);
#3923 = EDGE_LOOP('',(#3924));
#3924 = ORIENTED_EDGE('',*,*,#3925,.F.);
#3925 = EDGE_CURVE('',#3926,#3926,#3928,.T.);
#3926 = VERTEX_POINT('',#3927);
#3927 = CARTESIAN_POINT('',(-10.7594191771,11.384419177103,-6.12));
#3928 = SURFACE_CURVE('',#3929,(#3934,#3945),.PCURVE_S1.);
#3929 = CIRCLE('',#3930,0.625);
#3930 = AXIS2_PLACEMENT_3D('',#3931,#3932,#3933);
#3931 = CARTESIAN_POINT('',(-11.3844191771,11.384419177103,-6.12));
#3932 = DIRECTION('',(0.,0.,-1.));
#3933 = DIRECTION('',(1.,0.,0.));
#3934 = PCURVE('',#1262,#3935);
#3935 = DEFINITIONAL_REPRESENTATION('',(#3936),#3944);
#3936 = ( BOUNDED_CURVE() B_SPLINE_CURVE(2,(#3937,#3938,#3939,#3940,
#3941,#3942,#3943),.UNSPECIFIED.,.T.,.F.) B_SPLINE_CURVE_WITH_KNOTS((1,2
    ,2,2,2,1),(-2.094395102393,0.,2.094395102393,4.188790204786,
6.28318530718,8.377580409573),.UNSPECIFIED.) CURVE() 
GEOMETRIC_REPRESENTATION_ITEM() RATIONAL_B_SPLINE_CURVE((1.,0.5,1.,0.5,
1.,0.5,1.)) REPRESENTATION_ITEM('') );
#3937 = CARTESIAN_POINT('',(-10.7594191771,11.384419177103));
#3938 = CARTESIAN_POINT('',(-10.7594191771,10.301887422373));
#3939 = CARTESIAN_POINT('',(-11.6969191771,10.843153299738));
#3940 = CARTESIAN_POINT('',(-12.6344191771,11.384419177103));
#3941 = CARTESIAN_POINT('',(-11.6969191771,11.925685054469));
#3942 = CARTESIAN_POINT('',(-10.7594191771,12.466950931834));
#3943 = CARTESIAN_POINT('',(-10.7594191771,11.384419177103));
#3944 = ( GEOMETRIC_REPRESENTATION_CONTEXT(2) 
PARAMETRIC_REPRESENTATION_CONTEXT() REPRESENTATION_CONTEXT('2D SPACE',''
  ) );
#3945 = PCURVE('',#3946,#3951);
#3946 = CYLINDRICAL_SURFACE('',#3947,0.625);
#3947 = AXIS2_PLACEMENT_3D('',#3948,#3949,#3950);
#3948 = CARTESIAN_POINT('',(-11.3844191771,11.384419177103,-6.13));
#3949 = DIRECTION('',(-0.,-0.,-1.));
#3950 = DIRECTION('',(1.,0.,0.));
#3951 = DEFINITIONAL_REPRESENTATION('',(#3952),#3956);
#3952 = LINE('',#3953,#3954);
#3953 = CARTESIAN_POINT('',(-6.28318530718,-1.E-02));
#3954 = VECTOR('',#3955,1.);
#3955 = DIRECTION('',(1.,-0.));
#3956 = ( GEOMETRIC_REPRESENTATION_CONTEXT(2) 
PARAMETRIC_REPRESENTATION_CONTEXT() REPRESENTATION_CONTEXT('2D SPACE',''
  ) );
#3957 = ADVANCED_FACE('',(#3958),#1317,.T.);
#3958 = FACE_BOUND('',#3959,.T.);
#3959 = EDGE_LOOP('',(#3960,#3961,#3983,#3984));
#3960 = ORIENTED_EDGE('',*,*,#1693,.T.);
#3961 = ORIENTED_EDGE('',*,*,#3962,.T.);
#3962 = EDGE_CURVE('',#1694,#2037,#3963,.T.);
#3963 = SURFACE_CURVE('',#3964,(#3969,#3976),.PCURVE_S1.);
#3964 = CIRCLE('',#3965,19.492506231335);
#3965 = AXIS2_PLACEMENT_3D('',#3966,#3967,#3968);
#3966 = CARTESIAN_POINT('',(0.,0.,1.727242480214));
#3967 = DIRECTION('',(0.,0.,-1.));
#3968 = DIRECTION('',(0.629303972204,0.777159256889,0.));
#3969 = PCURVE('',#1317,#3970);
#3970 = DEFINITIONAL_REPRESENTATION('',(#3971),#3975);
#3971 = LINE('',#3972,#3973);
#3972 = CARTESIAN_POINT('',(-7.173324352623,-0.177242480214));
#3973 = VECTOR('',#3974,1.);
#3974 = DIRECTION('',(1.,-0.));
#3975 = ( GEOMETRIC_REPRESENTATION_CONTEXT(2) 
PARAMETRIC_REPRESENTATION_CONTEXT() REPRESENTATION_CONTEXT('2D SPACE',''
  ) );
#3976 = PCURVE('',#1737,#3977);
#3977 = DEFINITIONAL_REPRESENTATION('',(#3978),#3982);
#3978 = LINE('',#3979,#3980);
#3979 = CARTESIAN_POINT('',(-7.173324352623,-0.));
#3980 = VECTOR('',#3981,1.);
#3981 = DIRECTION('',(1.,-0.));
#3982 = ( GEOMETRIC_REPRESENTATION_CONTEXT(2) 
PARAMETRIC_REPRESENTATION_CONTEXT() REPRESENTATION_CONTEXT('2D SPACE',''
  ) );
#3983 = ORIENTED_EDGE('',*,*,#2036,.F.);
#3984 = ORIENTED_EDGE('',*,*,#1300,.F.);
#3985 = ADVANCED_FACE('',(#3986),#1509,.F.);
#3986 = FACE_BOUND('',#3987,.T.);
#3987 = EDGE_LOOP('',(#3988,#4021,#4042,#4043));
#3988 = ORIENTED_EDGE('',*,*,#3989,.T.);
#3989 = EDGE_CURVE('',#3990,#3990,#3992,.T.);
#3990 = VERTEX_POINT('',#3991);
#3991 = CARTESIAN_POINT('',(18.85,1.26,-2.32));
#3992 = SURFACE_CURVE('',#3993,(#3998,#4005),.PCURVE_S1.);
#3993 = CIRCLE('',#3994,1.26);
#3994 = AXIS2_PLACEMENT_3D('',#3995,#3996,#3997);
#3995 = CARTESIAN_POINT('',(18.85,0.,-2.32));
#3996 = DIRECTION('',(-1.,0.,0.));
#3997 = DIRECTION('',(0.,1.,0.));
#3998 = PCURVE('',#1509,#3999);
#3999 = DEFINITIONAL_REPRESENTATION('',(#4000),#4004);
#4000 = LINE('',#4001,#4002);
#4001 = CARTESIAN_POINT('',(-6.28318530718,-5.2));
#4002 = VECTOR('',#4003,1.);
#4003 = DIRECTION('',(1.,-0.));
#4004 = ( GEOMETRIC_REPRESENTATION_CONTEXT(2) 
PARAMETRIC_REPRESENTATION_CONTEXT() REPRESENTATION_CONTEXT('2D SPACE',''
  ) );
#4005 = PCURVE('',#4006,#4011);
#4006 = PLANE('',#4007);
#4007 = AXIS2_PLACEMENT_3D('',#4008,#4009,#4010);
#4008 = CARTESIAN_POINT('',(18.85,-1.7,-3.82));
#4009 = DIRECTION('',(1.,0.,0.));
#4010 = DIRECTION('',(0.,0.,1.));
#4011 = DEFINITIONAL_REPRESENTATION('',(#4012),#4020);
#4012 = ( BOUNDED_CURVE() B_SPLINE_CURVE(2,(#4013,#4014,#4015,#4016,
#4017,#4018,#4019),.UNSPECIFIED.,.T.,.F.) B_SPLINE_CURVE_WITH_KNOTS((1,2
    ,2,2,2,1),(-2.094395102393,0.,2.094395102393,4.188790204786,
6.28318530718,8.377580409573),.UNSPECIFIED.) CURVE() 
GEOMETRIC_REPRESENTATION_ITEM() RATIONAL_B_SPLINE_CURVE((1.,0.5,1.,0.5,
1.,0.5,1.)) REPRESENTATION_ITEM('') );
#4013 = CARTESIAN_POINT('',(1.5,-2.96));
#4014 = CARTESIAN_POINT('',(-0.682384017537,-2.96));
#4015 = CARTESIAN_POINT('',(0.408807991232,-1.07));
#4016 = CARTESIAN_POINT('',(1.5,0.82));
#4017 = CARTESIAN_POINT('',(2.591192008768,-1.07));
#4018 = CARTESIAN_POINT('',(3.682384017537,-2.96));
#4019 = CARTESIAN_POINT('',(1.5,-2.96));
#4020 = ( GEOMETRIC_REPRESENTATION_CONTEXT(2) 
PARAMETRIC_REPRESENTATION_CONTEXT() REPRESENTATION_CONTEXT('2D SPACE',''
  ) );
#4021 = ORIENTED_EDGE('',*,*,#4022,.T.);
#4022 = EDGE_CURVE('',#3990,#1353,#4023,.T.);
#4023 = SEAM_CURVE('',#4024,(#4028,#4035),.PCURVE_S1.);
#4024 = LINE('',#4025,#4026);
#4025 = CARTESIAN_POINT('',(13.65,1.26,-2.32));
#4026 = VECTOR('',#4027,1.);
#4027 = DIRECTION('',(1.,0.,0.));
#4028 = PCURVE('',#1509,#4029);
#4029 = DEFINITIONAL_REPRESENTATION('',(#4030),#4034);
#4030 = LINE('',#4031,#4032);
#4031 = CARTESIAN_POINT('',(-6.28318530718,0.));
#4032 = VECTOR('',#4033,1.);
#4033 = DIRECTION('',(-0.,-1.));
#4034 = ( GEOMETRIC_REPRESENTATION_CONTEXT(2) 
PARAMETRIC_REPRESENTATION_CONTEXT() REPRESENTATION_CONTEXT('2D SPACE',''
  ) );
#4035 = PCURVE('',#1509,#4036);
#4036 = DEFINITIONAL_REPRESENTATION('',(#4037),#4041);
#4037 = LINE('',#4038,#4039);
#4038 = CARTESIAN_POINT('',(-0.,0.));
#4039 = VECTOR('',#4040,1.);
#4040 = DIRECTION('',(-0.,-1.));
#4041 = ( GEOMETRIC_REPRESENTATION_CONTEXT(2) 
PARAMETRIC_REPRESENTATION_CONTEXT() REPRESENTATION_CONTEXT('2D SPACE',''
  ) );
#4042 = ORIENTED_EDGE('',*,*,#1352,.F.);
#4043 = ORIENTED_EDGE('',*,*,#4022,.F.);
#4044 = ADVANCED_FACE('',(#4045),#1630,.T.);
#4045 = FACE_BOUND('',#4046,.T.);
#4046 = EDGE_LOOP('',(#4047,#4048,#4111,#4139));
#4047 = ORIENTED_EDGE('',*,*,#1612,.F.);
#4048 = ORIENTED_EDGE('',*,*,#4049,.F.);
#4049 = EDGE_CURVE('',#4050,#1613,#4052,.T.);
#4050 = VERTEX_POINT('',#4051);
#4051 = CARTESIAN_POINT('',(11.274138965456,23.3,-5.364032522475));
#4052 = SURFACE_CURVE('',#4053,(#4063,#4076),.PCURVE_S1.);
#4053 = ( BOUNDED_CURVE() B_SPLINE_CURVE(8,(#4054,#4055,#4056,#4057,
    #4058,#4059,#4060,#4061,#4062),.UNSPECIFIED.,.F.,.F.) 
B_SPLINE_CURVE_WITH_KNOTS((9,9),(2.052241316687,3.164826236953),
.PIECEWISE_BEZIER_KNOTS.) CURVE() GEOMETRIC_REPRESENTATION_ITEM() 
RATIONAL_B_SPLINE_CURVE((1.,1.,1.,1.,1.,1.,1.,1.,1.)) 
REPRESENTATION_ITEM('') );
#4054 = CARTESIAN_POINT('',(11.274138965456,23.3,-5.364032522475));
#4055 = CARTESIAN_POINT('',(11.418086511974,23.3,-5.364032522475));
#4056 = CARTESIAN_POINT('',(11.566491128002,23.26844693001,
    -5.375235772467));
#4057 = CARTESIAN_POINT('',(11.709768876818,23.20176126325,
    -5.398893886037));
#4058 = CARTESIAN_POINT('',(11.833127320477,23.101224926068,
    -5.435443682752));
#4059 = CARTESIAN_POINT('',(11.924260715771,22.978333219176,
    -5.477955027314));
#4060 = CARTESIAN_POINT('',(11.985004790551,22.848979995525,
    -5.523407464422));
#4061 = CARTESIAN_POINT('',(12.019171730402,22.714075125525,
    -5.571059706863));
#4062 = CARTESIAN_POINT('',(12.023737801904,22.574527217444,
    -5.620366245693));
#4063 = PCURVE('',#1630,#4064);
#4064 = DEFINITIONAL_REPRESENTATION('',(#4065),#4075);
#4065 = B_SPLINE_CURVE_WITH_KNOTS('',8,(#4066,#4067,#4068,#4069,#4070,
    #4071,#4072,#4073,#4074),.UNSPECIFIED.,.F.,.F.,(9,9),(2.052241316687
    ,3.164826236953),.PIECEWISE_BEZIER_KNOTS.);
#4066 = CARTESIAN_POINT('',(1.538087538185,2.185967477525));
#4067 = CARTESIAN_POINT('',(1.346157476161,2.185967477525));
#4068 = CARTESIAN_POINT('',(1.148313798356,2.174764064518));
#4069 = CARTESIAN_POINT('',(0.946337760062,2.151107149325));
#4070 = CARTESIAN_POINT('',(0.747179961629,2.114554227423));
#4071 = CARTESIAN_POINT('',(0.552329964201,2.072046860709));
#4072 = CARTESIAN_POINT('',(0.367422733711,2.026591841753));
#4073 = CARTESIAN_POINT('',(0.186163453431,1.978940293137));
#4074 = CARTESIAN_POINT('',(-1.157706697414E-16,1.929633754307));
#4075 = ( GEOMETRIC_REPRESENTATION_CONTEXT(2) 
PARAMETRIC_REPRESENTATION_CONTEXT() REPRESENTATION_CONTEXT('2D SPACE',''
  ) );
#4076 = PCURVE('',#4077,#4105);
#4077 = ( BOUNDED_SURFACE() B_SPLINE_SURFACE(2,8,(
    (#4078,#4079,#4080,#4081,#4082,#4083,#4084,#4085,#4086)
    ,(#4087,#4088,#4089,#4090,#4091,#4092,#4093,#4094,#4095)
    ,(#4096,#4097,#4098,#4099,#4100,#4101,#4102,#4103,#4104
)),.UNSPECIFIED.,.F.,.F.,.F.) B_SPLINE_SURFACE_WITH_KNOTS((3,3),(9,9),(
    0.,1.112584920266),(2.052241316687,3.164826236953),
.PIECEWISE_BEZIER_KNOTS.) GEOMETRIC_REPRESENTATION_ITEM() 
RATIONAL_B_SPLINE_SURFACE((
    (1.,1.,1.,1.,1.,1.,1.,1.,1.)
    ,(0.850650808352,0.850650808352,0.845194349467,0.833582180432
      ,0.817083026032,0.793499949726,0.76833888983,0.741465849487
      ,0.712258813248)
,(1.,1.,1.,1.,1.,1.,1.,1.,1.))) REPRESENTATION_ITEM('') SURFACE() );
#4078 = CARTESIAN_POINT('',(11.274138965456,23.17838699101,
    -5.560806504495));
#4079 = CARTESIAN_POINT('',(11.379560348351,23.17838699101,
    -5.560806504495));
#4080 = CARTESIAN_POINT('',(11.492535237565,23.154544857233,
    -5.572727571383));
#4081 = CARTESIAN_POINT('',(11.60233322971,23.101111278445,
    -5.599444360778));
#4082 = CARTESIAN_POINT('',(11.692023430767,23.020228731756,
    -5.639885634122));
#4083 = CARTESIAN_POINT('',(11.749373721851,22.926876720983,
    -5.686561639509));
#4084 = CARTESIAN_POINT('',(11.782164002206,22.839421864514,
    -5.730289067743));
#4085 = CARTESIAN_POINT('',(11.801058363048,22.754037202187,
    -5.772981398907));
#4086 = CARTESIAN_POINT('',(11.803868321683,22.665339542323,
    -5.817330228839));
#4087 = CARTESIAN_POINT('',(11.274138965456,23.3,-5.5));
#4088 = CARTESIAN_POINT('',(11.406181272687,23.3,-5.5));
#4089 = CARTESIAN_POINT('',(11.545383344402,23.273409949551,
    -5.513295025225));
#4090 = CARTESIAN_POINT('',(11.682683137404,23.215713534757,
    -5.542143232621));
#4091 = CARTESIAN_POINT('',(11.801438597532,23.12486376604,
    -5.58756811698));
#4092 = CARTESIAN_POINT('',(11.888510232408,23.020928756701,
    -5.639535621649));
#4093 = CARTESIAN_POINT('',(11.95397034968,22.913012034635,
    -5.693493982682));
#4094 = CARTESIAN_POINT('',(11.9991345695,22.796506184506,
    -5.751746907747));
#4095 = CARTESIAN_POINT('',(12.020568510908,22.671386832641,
    -5.814306583679));
#4096 = CARTESIAN_POINT('',(11.274138965456,23.3,-5.364032522475));
#4097 = CARTESIAN_POINT('',(11.418086511974,23.3,-5.364032522475));
#4098 = CARTESIAN_POINT('',(11.566491128002,23.26844693001,
    -5.375235772467));
#4099 = CARTESIAN_POINT('',(11.709768876818,23.20176126325,
    -5.398893886037));
#4100 = CARTESIAN_POINT('',(11.833127320477,23.101224926068,
    -5.435443682752));
#4101 = CARTESIAN_POINT('',(11.924260715771,22.978333219176,
    -5.477955027314));
#4102 = CARTESIAN_POINT('',(11.985004790551,22.848979995525,
    -5.523407464422));
#4103 = CARTESIAN_POINT('',(12.019171730402,22.714075125525,
    -5.571059706863));
#4104 = CARTESIAN_POINT('',(12.023737801904,22.574527217444,
    -5.620366245693));
#4105 = DEFINITIONAL_REPRESENTATION('',(#4106),#4110);
#4106 = LINE('',#4107,#4108);
#4107 = CARTESIAN_POINT('',(1.112584920266,0.));
#4108 = VECTOR('',#4109,1.);
#4109 = DIRECTION('',(0.,1.));
#4110 = ( GEOMETRIC_REPRESENTATION_CONTEXT(2) 
PARAMETRIC_REPRESENTATION_CONTEXT() REPRESENTATION_CONTEXT('2D SPACE',''
  ) );
#4111 = ORIENTED_EDGE('',*,*,#4112,.T.);
#4112 = EDGE_CURVE('',#4050,#4113,#4115,.T.);
#4113 = VERTEX_POINT('',#4114);
#4114 = CARTESIAN_POINT('',(11.274138965456,23.3,0.274032522475));
#4115 = SURFACE_CURVE('',#4116,(#4120,#4127),.PCURVE_S1.);
#4116 = LINE('',#4117,#4118);
#4117 = CARTESIAN_POINT('',(11.274138965456,23.3,-7.55));
#4118 = VECTOR('',#4119,1.);
#4119 = DIRECTION('',(0.,0.,1.));
#4120 = PCURVE('',#1630,#4121);
#4121 = DEFINITIONAL_REPRESENTATION('',(#4122),#4126);
#4122 = LINE('',#4123,#4124);
#4123 = CARTESIAN_POINT('',(1.538087538185,0.));
#4124 = VECTOR('',#4125,1.);
#4125 = DIRECTION('',(0.,1.));
#4126 = ( GEOMETRIC_REPRESENTATION_CONTEXT(2) 
PARAMETRIC_REPRESENTATION_CONTEXT() REPRESENTATION_CONTEXT('2D SPACE',''
  ) );
#4127 = PCURVE('',#4128,#4133);
#4128 = PLANE('',#4129);
#4129 = AXIS2_PLACEMENT_3D('',#4130,#4131,#4132);
#4130 = CARTESIAN_POINT('',(-30.,23.3,0.41));
#4131 = DIRECTION('',(-0.,1.,0.));
#4132 = DIRECTION('',(0.,0.,-1.));
#4133 = DEFINITIONAL_REPRESENTATION('',(#4134),#4138);
#4134 = LINE('',#4135,#4136);
#4135 = CARTESIAN_POINT('',(7.96,-41.27413896545));
#4136 = VECTOR('',#4137,1.);
#4137 = DIRECTION('',(-1.,0.));
#4138 = ( GEOMETRIC_REPRESENTATION_CONTEXT(2) 
PARAMETRIC_REPRESENTATION_CONTEXT() REPRESENTATION_CONTEXT('2D SPACE',''
  ) );
#4139 = ORIENTED_EDGE('',*,*,#4140,.T.);
#4140 = EDGE_CURVE('',#4113,#1615,#4141,.T.);
#4141 = SURFACE_CURVE('',#4142,(#4152,#4165),.PCURVE_S1.);
#4142 = ( BOUNDED_CURVE() B_SPLINE_CURVE(8,(#4143,#4144,#4145,#4146,
    #4147,#4148,#4149,#4150,#4151),.UNSPECIFIED.,.F.,.F.) 
B_SPLINE_CURVE_WITH_KNOTS((9,9),(2.275848114437,3.388433034703),
.PIECEWISE_BEZIER_KNOTS.) CURVE() GEOMETRIC_REPRESENTATION_ITEM() 
RATIONAL_B_SPLINE_CURVE((1.,1.,1.,1.,1.,1.,1.,1.,1.)) 
REPRESENTATION_ITEM('') );
#4143 = CARTESIAN_POINT('',(11.274138965456,23.3,0.274032522475));
#4144 = CARTESIAN_POINT('',(11.418086511974,23.3,0.274032522475));
#4145 = CARTESIAN_POINT('',(11.566491128002,23.26844693001,
    0.285235772467));
#4146 = CARTESIAN_POINT('',(11.709768876818,23.20176126325,
    0.308893886037));
#4147 = CARTESIAN_POINT('',(11.833127320477,23.101224926068,
    0.345443682752));
#4148 = CARTESIAN_POINT('',(11.924260715771,22.978333219176,
    0.387955027314));
#4149 = CARTESIAN_POINT('',(11.985004790551,22.848979995525,
    0.433407464422));
#4150 = CARTESIAN_POINT('',(12.019171730402,22.714075125525,
    0.481059706863));
#4151 = CARTESIAN_POINT('',(12.023737801904,22.574527217444,
    0.530366245693));
#4152 = PCURVE('',#1630,#4153);
#4153 = DEFINITIONAL_REPRESENTATION('',(#4154),#4164);
#4154 = B_SPLINE_CURVE_WITH_KNOTS('',8,(#4155,#4156,#4157,#4158,#4159,
    #4160,#4161,#4162,#4163),.UNSPECIFIED.,.F.,.F.,(9,9),(2.275848114437
    ,3.388433034703),.PIECEWISE_BEZIER_KNOTS.);
#4155 = CARTESIAN_POINT('',(1.538087538185,7.824032522475));
#4156 = CARTESIAN_POINT('',(1.346157476161,7.824032522475));
#4157 = CARTESIAN_POINT('',(1.148313798356,7.835235935483));
#4158 = CARTESIAN_POINT('',(0.946337760062,7.858892850674));
#4159 = CARTESIAN_POINT('',(0.747179961629,7.895445772577));
#4160 = CARTESIAN_POINT('',(0.552329964201,7.937953139291));
#4161 = CARTESIAN_POINT('',(0.367422733711,7.983408158247));
#4162 = CARTESIAN_POINT('',(0.186163453431,8.031059706863));
#4163 = CARTESIAN_POINT('',(1.157706697415E-16,8.080366245693));
#4164 = ( GEOMETRIC_REPRESENTATION_CONTEXT(2) 
PARAMETRIC_REPRESENTATION_CONTEXT() REPRESENTATION_CONTEXT('2D SPACE',''
  ) );
#4165 = PCURVE('',#4166,#4194);
#4166 = ( BOUNDED_SURFACE() B_SPLINE_SURFACE(2,8,(
    (#4167,#4168,#4169,#4170,#4171,#4172,#4173,#4174,#4175)
    ,(#4176,#4177,#4178,#4179,#4180,#4181,#4182,#4183,#4184)
    ,(#4185,#4186,#4187,#4188,#4189,#4190,#4191,#4192,#4193
)),.UNSPECIFIED.,.F.,.F.,.F.) B_SPLINE_SURFACE_WITH_KNOTS((3,3),(9,9),(
    0.,1.112584920266),(2.275848114437,3.388433034703),
.PIECEWISE_BEZIER_KNOTS.) GEOMETRIC_REPRESENTATION_ITEM() 
RATIONAL_B_SPLINE_SURFACE((
    (1.,1.,1.,1.,1.,1.,1.,1.,1.)
    ,(0.850650808352,0.850650808352,0.845194349467,0.833582180432
      ,0.817083026032,0.793499949726,0.76833888983,0.741465849487
      ,0.712258813248)
,(1.,1.,1.,1.,1.,1.,1.,1.,1.))) REPRESENTATION_ITEM('') SURFACE() );
#4167 = CARTESIAN_POINT('',(11.274138965456,23.3,0.274032522475));
#4168 = CARTESIAN_POINT('',(11.418086511974,23.3,0.274032522475));
#4169 = CARTESIAN_POINT('',(11.566491128002,23.26844693001,
    0.285235772467));
#4170 = CARTESIAN_POINT('',(11.709768876818,23.20176126325,
    0.308893886037));
#4171 = CARTESIAN_POINT('',(11.833127320477,23.101224926068,
    0.345443682752));
#4172 = CARTESIAN_POINT('',(11.924260715771,22.978333219176,
    0.387955027314));
#4173 = CARTESIAN_POINT('',(11.985004790551,22.848979995525,
    0.433407464422));
#4174 = CARTESIAN_POINT('',(12.019171730402,22.714075125525,
    0.481059706863));
#4175 = CARTESIAN_POINT('',(12.023737801904,22.574527217444,
    0.530366245693));
#4176 = CARTESIAN_POINT('',(11.274138965456,23.3,0.41));
#4177 = CARTESIAN_POINT('',(11.406181272687,23.3,0.41));
#4178 = CARTESIAN_POINT('',(11.545383344402,23.273409949551,
    0.423295025225));
#4179 = CARTESIAN_POINT('',(11.682683137404,23.215713534757,
    0.452143232621));
#4180 = CARTESIAN_POINT('',(11.801438597532,23.12486376604,0.49756811698
    ));
#4181 = CARTESIAN_POINT('',(11.888510232408,23.020928756701,
    0.549535621649));
#4182 = CARTESIAN_POINT('',(11.95397034968,22.913012034635,
    0.603493982682));
#4183 = CARTESIAN_POINT('',(11.9991345695,22.796506184506,0.661746907747
    ));
#4184 = CARTESIAN_POINT('',(12.020568510908,22.671386832641,
    0.724306583679));
#4185 = CARTESIAN_POINT('',(11.274138965456,23.17838699101,
    0.470806504495));
#4186 = CARTESIAN_POINT('',(11.379560348351,23.17838699101,
    0.470806504495));
#4187 = CARTESIAN_POINT('',(11.492535237565,23.154544857233,
    0.482727571383));
#4188 = CARTESIAN_POINT('',(11.60233322971,23.101111278444,
    0.509444360778));
#4189 = CARTESIAN_POINT('',(11.692023430767,23.020228731756,
    0.549885634122));
#4190 = CARTESIAN_POINT('',(11.749373721851,22.926876720983,
    0.596561639509));
#4191 = CARTESIAN_POINT('',(11.782164002206,22.839421864514,
    0.640289067743));
#4192 = CARTESIAN_POINT('',(11.801058363048,22.754037202187,
    0.682981398907));
#4193 = CARTESIAN_POINT('',(11.803868321683,22.665339542323,
    0.727330228839));
#4194 = DEFINITIONAL_REPRESENTATION('',(#4195),#4199);
#4195 = LINE('',#4196,#4197);
#4196 = CARTESIAN_POINT('',(0.,0.));
#4197 = VECTOR('',#4198,1.);
#4198 = DIRECTION('',(0.,1.));
#4199 = ( GEOMETRIC_REPRESENTATION_CONTEXT(2) 
PARAMETRIC_REPRESENTATION_CONTEXT() REPRESENTATION_CONTEXT('2D SPACE',''
  ) );
#4200 = ADVANCED_FACE('',(#4201),#1658,.T.);
#4201 = FACE_BOUND('',#4202,.T.);
#4202 = EDGE_LOOP('',(#4203,#4226,#4227,#4249));
#4203 = ORIENTED_EDGE('',*,*,#4204,.T.);
#4204 = EDGE_CURVE('',#4205,#1613,#4207,.T.);
#4205 = VERTEX_POINT('',#4206);
#4206 = CARTESIAN_POINT('',(11.803868321683,22.665339542323,
    -5.817330228839));
#4207 = SURFACE_CURVE('',#4208,(#4212,#4220),.PCURVE_S1.);
#4208 = ( BOUNDED_CURVE() B_SPLINE_CURVE(2,(#4209,#4210,#4211),
.UNSPECIFIED.,.F.,.F.) B_SPLINE_CURVE_WITH_KNOTS((3,3),(0.,
1.112584920266),.PIECEWISE_BEZIER_KNOTS.) CURVE() 
GEOMETRIC_REPRESENTATION_ITEM() RATIONAL_B_SPLINE_CURVE((1.,
0.712258813248,1.)) REPRESENTATION_ITEM('') );
#4209 = CARTESIAN_POINT('',(11.803868321683,22.665339542323,
    -5.817330228839));
#4210 = CARTESIAN_POINT('',(12.020568510908,22.671386832641,
    -5.814306583679));
#4211 = CARTESIAN_POINT('',(12.023737801904,22.574527217444,
    -5.620366245693));
#4212 = PCURVE('',#1658,#4213);
#4213 = DEFINITIONAL_REPRESENTATION('',(#4214),#4219);
#4214 = B_SPLINE_CURVE_WITH_KNOTS('',3,(#4215,#4216,#4217,#4218),
  .UNSPECIFIED.,.F.,.F.,(4,4),(0.,1.112584920266),
  .PIECEWISE_BEZIER_KNOTS.);
#4215 = CARTESIAN_POINT('',(0.,-0.108344838359));
#4216 = CARTESIAN_POINT('',(0.467944623006,-0.108344838359));
#4217 = CARTESIAN_POINT('',(1.088225975557,-0.108344838359));
#4218 = CARTESIAN_POINT('',(1.556170598563,-0.108344838359));
#4219 = ( GEOMETRIC_REPRESENTATION_CONTEXT(2) 
PARAMETRIC_REPRESENTATION_CONTEXT() REPRESENTATION_CONTEXT('2D SPACE',''
  ) );
#4220 = PCURVE('',#4077,#4221);
#4221 = DEFINITIONAL_REPRESENTATION('',(#4222),#4225);
#4222 = B_SPLINE_CURVE_WITH_KNOTS('',1,(#4223,#4224),.UNSPECIFIED.,.F.,
  .F.,(2,2),(0.,1.112584920266),.PIECEWISE_BEZIER_KNOTS.);
#4223 = CARTESIAN_POINT('',(0.,3.164826236953));
#4224 = CARTESIAN_POINT('',(1.112584920266,3.164826236953));
#4225 = ( GEOMETRIC_REPRESENTATION_CONTEXT(2) 
PARAMETRIC_REPRESENTATION_CONTEXT() REPRESENTATION_CONTEXT('2D SPACE',''
  ) );
#4226 = ORIENTED_EDGE('',*,*,#1642,.T.);
#4227 = ORIENTED_EDGE('',*,*,#4228,.F.);
#4228 = EDGE_CURVE('',#4229,#1643,#4231,.T.);
#4229 = VERTEX_POINT('',#4230);
#4230 = CARTESIAN_POINT('',(11.8143850173,22.343916584819,
    -5.978041707591));
#4231 = SURFACE_CURVE('',#4232,(#4237,#4243),.PCURVE_S1.);
#4232 = CIRCLE('',#4233,0.22);
#4233 = AXIS2_PLACEMENT_3D('',#4234,#4235,#4236);
#4234 = CARTESIAN_POINT('',(11.8143850173,22.245529593809,
    -5.781267725571));
#4235 = DIRECTION('',(2.925354238664E-02,-0.894044397223,-0.447022198612
    ));
#4236 = DIRECTION('',(0.999572023547,2.616516374368E-02,
    1.308258187186E-02));
#4237 = PCURVE('',#1658,#4238);
#4238 = DEFINITIONAL_REPRESENTATION('',(#4239),#4242);
#4239 = B_SPLINE_CURVE_WITH_KNOTS('',1,(#4240,#4241),.UNSPECIFIED.,.F.,
  .F.,(2,2),(4.712388980385,6.268559578948),.PIECEWISE_BEZIER_KNOTS.);
#4240 = CARTESIAN_POINT('',(0.,0.25159586949));
#4241 = CARTESIAN_POINT('',(1.556170598563,0.25159586949));
#4242 = ( GEOMETRIC_REPRESENTATION_CONTEXT(2) 
PARAMETRIC_REPRESENTATION_CONTEXT() REPRESENTATION_CONTEXT('2D SPACE',''
  ) );
#4243 = PCURVE('',#1922,#4244);
#4244 = DEFINITIONAL_REPRESENTATION('',(#4245),#4248);
#4245 = B_SPLINE_CURVE_WITH_KNOTS('',1,(#4246,#4247),.UNSPECIFIED.,.F.,
  .F.,(2,2),(4.712388980385,6.268559578948),.PIECEWISE_BEZIER_KNOTS.);
#4246 = CARTESIAN_POINT('',(0.,-1.570796326795));
#4247 = CARTESIAN_POINT('',(0.,-1.462572823154E-02));
#4248 = ( GEOMETRIC_REPRESENTATION_CONTEXT(2) 
PARAMETRIC_REPRESENTATION_CONTEXT() REPRESENTATION_CONTEXT('2D SPACE',''
  ) );
#4249 = ORIENTED_EDGE('',*,*,#4250,.F.);
#4250 = EDGE_CURVE('',#4205,#4229,#4251,.T.);
#4251 = SURFACE_CURVE('',#4252,(#4256,#4263),.PCURVE_S1.);
#4252 = LINE('',#4253,#4254);
#4253 = CARTESIAN_POINT('',(11.807024946867,22.568854462301,
    -5.86557276885));
#4254 = VECTOR('',#4255,1.);
#4255 = DIRECTION('',(2.925354238666E-02,-0.894044397223,-0.447022198612
    ));
#4256 = PCURVE('',#1658,#4257);
#4257 = DEFINITIONAL_REPRESENTATION('',(#4258),#4262);
#4258 = LINE('',#4259,#4260);
#4259 = CARTESIAN_POINT('',(0.,0.));
#4260 = VECTOR('',#4261,1.);
#4261 = DIRECTION('',(0.,1.));
#4262 = ( GEOMETRIC_REPRESENTATION_CONTEXT(2) 
PARAMETRIC_REPRESENTATION_CONTEXT() REPRESENTATION_CONTEXT('2D SPACE',''
  ) );
#4263 = PCURVE('',#4264,#4269);
#4264 = PLANE('',#4265);
#4265 = AXIS2_PLACEMENT_3D('',#4266,#4267,#4268);
#4266 = CARTESIAN_POINT('',(-30.,23.3,-5.5));
#4267 = DIRECTION('',(0.,0.4472135955,-0.894427191));
#4268 = DIRECTION('',(0.,-0.894427191,-0.4472135955));
#4269 = DEFINITIONAL_REPRESENTATION('',(#4270),#4274);
#4270 = LINE('',#4271,#4272);
#4271 = CARTESIAN_POINT('',(0.817445561871,-41.80702494686));
#4272 = VECTOR('',#4273,1.);
#4273 = DIRECTION('',(0.999572023547,-2.925354238666E-02));
#4274 = ( GEOMETRIC_REPRESENTATION_CONTEXT(2) 
PARAMETRIC_REPRESENTATION_CONTEXT() REPRESENTATION_CONTEXT('2D SPACE',''
  ) );
#4275 = ADVANCED_FACE('',(#4276),#1826,.T.);
#4276 = FACE_BOUND('',#4277,.T.);
#4277 = EDGE_LOOP('',(#4278,#4301,#4329,#4383));
#4278 = ORIENTED_EDGE('',*,*,#4279,.T.);
#4279 = EDGE_CURVE('',#1615,#4280,#4282,.T.);
#4280 = VERTEX_POINT('',#4281);
#4281 = CARTESIAN_POINT('',(11.803868321683,22.665339542323,
    0.727330228839));
#4282 = SURFACE_CURVE('',#4283,(#4287,#4295),.PCURVE_S1.);
#4283 = ( BOUNDED_CURVE() B_SPLINE_CURVE(2,(#4284,#4285,#4286),
.UNSPECIFIED.,.F.,.F.) B_SPLINE_CURVE_WITH_KNOTS((3,3),(0.,
1.112584920266),.PIECEWISE_BEZIER_KNOTS.) CURVE() 
GEOMETRIC_REPRESENTATION_ITEM() RATIONAL_B_SPLINE_CURVE((1.,
0.712258813248,1.)) REPRESENTATION_ITEM('') );
#4284 = CARTESIAN_POINT('',(12.023737801904,22.574527217444,
    0.530366245693));
#4285 = CARTESIAN_POINT('',(12.020568510908,22.671386832641,
    0.724306583679));
#4286 = CARTESIAN_POINT('',(11.803868321683,22.665339542323,
    0.727330228839));
#4287 = PCURVE('',#1826,#4288);
#4288 = DEFINITIONAL_REPRESENTATION('',(#4289),#4294);
#4289 = B_SPLINE_CURVE_WITH_KNOTS('',3,(#4290,#4291,#4292,#4293),
  .UNSPECIFIED.,.F.,.F.,(4,4),(0.,1.112584920266),
  .PIECEWISE_BEZIER_KNOTS.);
#4290 = CARTESIAN_POINT('',(2.22044604925E-16,-0.108344838359));
#4291 = CARTESIAN_POINT('',(0.467944623006,-0.108344838359));
#4292 = CARTESIAN_POINT('',(1.088225975557,-0.108344838359));
#4293 = CARTESIAN_POINT('',(1.556170598563,-0.108344838359));
#4294 = ( GEOMETRIC_REPRESENTATION_CONTEXT(2) 
PARAMETRIC_REPRESENTATION_CONTEXT() REPRESENTATION_CONTEXT('2D SPACE',''
  ) );
#4295 = PCURVE('',#4166,#4296);
#4296 = DEFINITIONAL_REPRESENTATION('',(#4297),#4300);
#4297 = B_SPLINE_CURVE_WITH_KNOTS('',1,(#4298,#4299),.UNSPECIFIED.,.F.,
  .F.,(2,2),(0.,1.112584920266),.PIECEWISE_BEZIER_KNOTS.);
#4298 = CARTESIAN_POINT('',(0.,3.388433034703));
#4299 = CARTESIAN_POINT('',(1.112584920266,3.388433034703));
#4300 = ( GEOMETRIC_REPRESENTATION_CONTEXT(2) 
PARAMETRIC_REPRESENTATION_CONTEXT() REPRESENTATION_CONTEXT('2D SPACE',''
  ) );
#4301 = ORIENTED_EDGE('',*,*,#4302,.T.);
#4302 = EDGE_CURVE('',#4280,#4303,#4305,.T.);
#4303 = VERTEX_POINT('',#4304);
#4304 = CARTESIAN_POINT('',(11.821442763704,22.12821830984,0.99589084508
    ));
#4305 = SURFACE_CURVE('',#4306,(#4310,#4317),.PCURVE_S1.);
#4306 = LINE('',#4307,#4308);
#4307 = CARTESIAN_POINT('',(11.807024946867,22.568854462301,
    0.77557276885));
#4308 = VECTOR('',#4309,1.);
#4309 = DIRECTION('',(2.925354238666E-02,-0.894044397223,0.447022198612)
  );
#4310 = PCURVE('',#1826,#4311);
#4311 = DEFINITIONAL_REPRESENTATION('',(#4312),#4316);
#4312 = LINE('',#4313,#4314);
#4313 = CARTESIAN_POINT('',(1.556170598563,0.));
#4314 = VECTOR('',#4315,1.);
#4315 = DIRECTION('',(0.,1.));
#4316 = ( GEOMETRIC_REPRESENTATION_CONTEXT(2) 
PARAMETRIC_REPRESENTATION_CONTEXT() REPRESENTATION_CONTEXT('2D SPACE',''
  ) );
#4317 = PCURVE('',#4318,#4323);
#4318 = PLANE('',#4319);
#4319 = AXIS2_PLACEMENT_3D('',#4320,#4321,#4322);
#4320 = CARTESIAN_POINT('',(-30.,22.1,1.01));
#4321 = DIRECTION('',(-0.,0.4472135955,0.894427191));
#4322 = DIRECTION('',(0.,0.894427191,-0.4472135955));
#4323 = DEFINITIONAL_REPRESENTATION('',(#4324),#4328);
#4324 = LINE('',#4325,#4326);
#4325 = CARTESIAN_POINT('',(0.524195224629,-41.80702494686));
#4326 = VECTOR('',#4327,1.);
#4327 = DIRECTION('',(-0.999572023547,-2.925354238666E-02));
#4328 = ( GEOMETRIC_REPRESENTATION_CONTEXT(2) 
PARAMETRIC_REPRESENTATION_CONTEXT() REPRESENTATION_CONTEXT('2D SPACE',''
  ) );
#4329 = ORIENTED_EDGE('',*,*,#4330,.T.);
#4330 = EDGE_CURVE('',#4303,#1785,#4331,.T.);
#4331 = SURFACE_CURVE('',#4332,(#4337,#4344),.PCURVE_S1.);
#4332 = CIRCLE('',#4333,0.22);
#4333 = AXIS2_PLACEMENT_3D('',#4334,#4335,#4336);
#4334 = CARTESIAN_POINT('',(11.821442763704,22.02983131883,0.79911686306
    ));
#4335 = DIRECTION('',(-2.925354238668E-02,0.894044397223,-0.447022198612
    ));
#4336 = DIRECTION('',(1.734723475977E-18,0.4472135955,0.894427191));
#4337 = PCURVE('',#1826,#4338);
#4338 = DEFINITIONAL_REPRESENTATION('',(#4339),#4343);
#4339 = LINE('',#4340,#4341);
#4340 = CARTESIAN_POINT('',(1.556170598563,0.492857126368));
#4341 = VECTOR('',#4342,1.);
#4342 = DIRECTION('',(-1.,4.423282870805E-15));
#4343 = ( GEOMETRIC_REPRESENTATION_CONTEXT(2) 
PARAMETRIC_REPRESENTATION_CONTEXT() REPRESENTATION_CONTEXT('2D SPACE',''
  ) );
#4344 = PCURVE('',#4345,#4350);
#4345 = SPHERICAL_SURFACE('',#4346,0.22);
#4346 = AXIS2_PLACEMENT_3D('',#4347,#4348,#4349);
#4347 = CARTESIAN_POINT('',(11.821442763704,22.02983131883,0.79911686306
    ));
#4348 = DIRECTION('',(-1.614869854E-14,-0.177829554836,-0.984061303693)
  );
#4349 = DIRECTION('',(-5.51467434052E-14,0.984061303693,-0.177829554836)
  );
#4350 = DEFINITIONAL_REPRESENTATION('',(#4351),#4382);
#4351 = B_SPLINE_CURVE_WITH_KNOTS('',8,(#4352,#4353,#4354,#4355,#4356,
    #4357,#4358,#4359,#4360,#4361,#4362,#4363,#4364,#4365,#4366,#4367,
    #4368,#4369,#4370,#4371,#4372,#4373,#4374,#4375,#4376,#4377,#4378,
    #4379,#4380,#4381),.UNSPECIFIED.,.F.,.F.,(9,7,7,7,9),(0.,
    0.19452132482,0.534933643256,1.04555212091,1.556170598563),
  .UNSPECIFIED.);
#4352 = CARTESIAN_POINT('',(2.873127117243E-14,-1.285929127983));
#4353 = CARTESIAN_POINT('',(8.648457063535E-02,-1.285217823255));
#4354 = CARTESIAN_POINT('',(0.172486986808,-1.282201266504));
#4355 = CARTESIAN_POINT('',(0.256211085367,-1.276901190842));
#4356 = CARTESIAN_POINT('',(0.335882974683,-1.26944814638));
#4357 = CARTESIAN_POINT('',(0.410459661221,-1.260062551717));
#4358 = CARTESIAN_POINT('',(0.479611359933,-1.248991952307));
#4359 = CARTESIAN_POINT('',(0.543401913215,-1.236457205741));
#4360 = CARTESIAN_POINT('',(0.704798945776,-1.198515753351));
#4361 = CARTESIAN_POINT('',(0.791888253541,-1.170504890989));
#4362 = CARTESIAN_POINT('',(0.864775256687,-1.139704061467));
#4363 = CARTESIAN_POINT('',(0.926884605461,-1.106941316222));
#4364 = CARTESIAN_POINT('',(0.980401223941,-1.072676715233));
#4365 = CARTESIAN_POINT('',(1.027125033801,-1.037272119352));
#4366 = CARTESIAN_POINT('',(1.068357769457,-1.000963608525));
#4367 = CARTESIAN_POINT('',(1.160238385187,-0.908384968418));
#4368 = CARTESIAN_POINT('',(1.205285493602,-0.851211115811));
#4369 = CARTESIAN_POINT('',(1.243648932189,-0.7930118414));
#4370 = CARTESIAN_POINT('',(1.277164463385,-0.73407406323));
#4371 = CARTESIAN_POINT('',(1.307016733052,-0.674582219727));
#4372 = CARTESIAN_POINT('',(1.334066060123,-0.614673970109));
#4373 = CARTESIAN_POINT('',(1.358915713298,-0.554437165437));
#4374 = CARTESIAN_POINT('',(1.405172455599,-0.433453853823));
#4375 = CARTESIAN_POINT('',(1.426579545613,-0.372707118929));
#4376 = CARTESIAN_POINT('',(1.4467357228,-0.311776192556));
#4377 = CARTESIAN_POINT('',(1.465978686188,-0.250711274962));
#4378 = CARTESIAN_POINT('',(1.484569616809,-0.189550806846));
#4379 = CARTESIAN_POINT('',(1.502732724745,-0.128327682437));
#4380 = CARTESIAN_POINT('',(1.520678191931,-6.70727478911E-02));
#4381 = CARTESIAN_POINT('',(1.538608510707,-5.815584993971E-03));
#4382 = ( GEOMETRIC_REPRESENTATION_CONTEXT(2) 
PARAMETRIC_REPRESENTATION_CONTEXT() REPRESENTATION_CONTEXT('2D SPACE',''
  ) );
#4383 = ORIENTED_EDGE('',*,*,#1812,.F.);
#4384 = ADVANCED_FACE('',(#4385),#1800,.T.);
#4385 = FACE_BOUND('',#4386,.F.);
#4386 = EDGE_LOOP('',(#4387,#4417,#4437,#4438,#4467,#4522));
#4387 = ORIENTED_EDGE('',*,*,#4388,.F.);
#4388 = EDGE_CURVE('',#4389,#4391,#4393,.T.);
#4389 = VERTEX_POINT('',#4390);
#4390 = CARTESIAN_POINT('',(11.821442763704,22.068953820894,
    1.015610349873));
#4391 = VERTEX_POINT('',#4392);
#4392 = CARTESIAN_POINT('',(12.046955346686,15.176856492878,
    2.261080113926));
#4393 = SURFACE_CURVE('',#4394,(#4398,#4405),.PCURVE_S1.);
#4394 = LINE('',#4395,#4396);
#4395 = CARTESIAN_POINT('',(11.820653568139,22.09307315195,
    1.011251749561));
#4396 = VECTOR('',#4397,1.);
#4397 = DIRECTION('',(3.218225831519E-02,-0.983551576639,0.177737442144)
  );
#4398 = PCURVE('',#1800,#4399);
#4399 = DEFINITIONAL_REPRESENTATION('',(#4400),#4404);
#4400 = LINE('',#4401,#4402);
#4401 = CARTESIAN_POINT('',(-0.,0.));
#4402 = VECTOR('',#4403,1.);
#4403 = DIRECTION('',(-0.,1.));
#4404 = ( GEOMETRIC_REPRESENTATION_CONTEXT(2) 
PARAMETRIC_REPRESENTATION_CONTEXT() REPRESENTATION_CONTEXT('2D SPACE',''
  ) );
#4405 = PCURVE('',#4406,#4411);
#4406 = PLANE('',#4407);
#4407 = AXIS2_PLACEMENT_3D('',#4408,#4409,#4410);
#4408 = CARTESIAN_POINT('',(-30.,14.131424255502,2.45));
#4409 = DIRECTION('',(-0.,0.177829554836,0.984061303693));
#4410 = DIRECTION('',(0.,0.984061303693,-0.177829554836));
#4411 = DEFINITIONAL_REPRESENTATION('',(#4412),#4416);
#4412 = LINE('',#4413,#4414);
#4413 = CARTESIAN_POINT('',(8.090602553484,-41.82065356813));
#4414 = VECTOR('',#4415,1.);
#4415 = DIRECTION('',(-0.999482016972,-3.218225831519E-02));
#4416 = ( GEOMETRIC_REPRESENTATION_CONTEXT(2) 
PARAMETRIC_REPRESENTATION_CONTEXT() REPRESENTATION_CONTEXT('2D SPACE',''
  ) );
#4417 = ORIENTED_EDGE('',*,*,#4418,.T.);
#4418 = EDGE_CURVE('',#4389,#1785,#4419,.T.);
#4419 = SURFACE_CURVE('',#4420,(#4425,#4431),.PCURVE_S1.);
#4420 = CIRCLE('',#4421,0.22);
#4421 = AXIS2_PLACEMENT_3D('',#4422,#4423,#4424);
#4422 = CARTESIAN_POINT('',(11.821442763704,22.02983131883,0.79911686306
    ));
#4423 = DIRECTION('',(-3.21822583152E-02,0.983551576639,-0.177737442144)
  );
#4424 = DIRECTION('',(0.999482016972,3.166931507345E-02,
    -5.722956669816E-03));
#4425 = PCURVE('',#1800,#4426);
#4426 = DEFINITIONAL_REPRESENTATION('',(#4427),#4430);
#4427 = B_SPLINE_CURVE_WITH_KNOTS('',1,(#4428,#4429),.UNSPECIFIED.,.F.,
  .F.,(2,2),(4.712388980385,6.277369722186),.PIECEWISE_BEZIER_KNOTS.);
#4428 = CARTESIAN_POINT('',(0.,2.452269065373E-02));
#4429 = CARTESIAN_POINT('',(-1.564980741801,2.452269065373E-02));
#4430 = ( GEOMETRIC_REPRESENTATION_CONTEXT(2) 
PARAMETRIC_REPRESENTATION_CONTEXT() REPRESENTATION_CONTEXT('2D SPACE',''
  ) );
#4431 = PCURVE('',#4345,#4432);
#4432 = DEFINITIONAL_REPRESENTATION('',(#4433),#4436);
#4433 = B_SPLINE_CURVE_WITH_KNOTS('',1,(#4434,#4435),.UNSPECIFIED.,.F.,
  .F.,(2,2),(4.712388980385,6.277369722186),.PIECEWISE_BEZIER_KNOTS.);
#4434 = CARTESIAN_POINT('',(1.538608510707,-1.570796326795));
#4435 = CARTESIAN_POINT('',(1.538608510707,-5.815584993971E-03));
#4436 = ( GEOMETRIC_REPRESENTATION_CONTEXT(2) 
PARAMETRIC_REPRESENTATION_CONTEXT() REPRESENTATION_CONTEXT('2D SPACE',''
  ) );
#4437 = ORIENTED_EDGE('',*,*,#1784,.T.);
#4438 = ORIENTED_EDGE('',*,*,#4439,.F.);
#4439 = EDGE_CURVE('',#4440,#1753,#4442,.T.);
#4440 = VERTEX_POINT('',#4441);
#4441 = CARTESIAN_POINT('',(12.268331049685,15.070493249961,
    2.078694772664));
#4442 = SURFACE_CURVE('',#4443,(#4449,#4458),.PCURVE_S1.);
#4443 = B_SPLINE_CURVE_WITH_KNOTS('',4,(#4444,#4445,#4446,#4447,#4448),
  .UNSPECIFIED.,.F.,.F.,(5,5),(0.,1.),.PIECEWISE_BEZIER_KNOTS.);
#4444 = CARTESIAN_POINT('',(12.268331049685,15.070493249961,
    2.078694772664));
#4445 = CARTESIAN_POINT('',(12.268766174975,15.071613198702,
    2.073333194096));
#4446 = CARTESIAN_POINT('',(12.269038847168,15.072874720563,
    2.067937652787));
#4447 = CARTESIAN_POINT('',(12.269149484202,15.074275225002,
    2.062516216211));
#4448 = CARTESIAN_POINT('',(12.269099215238,15.07581154103,
    2.057076766824));
#4449 = PCURVE('',#1800,#4450);
#4450 = DEFINITIONAL_REPRESENTATION('',(#4451),#4457);
#4451 = B_SPLINE_CURVE_WITH_KNOTS('',4,(#4452,#4453,#4454,#4455,#4456),
  .UNSPECIFIED.,.F.,.F.,(5,5),(0.,1.),.PIECEWISE_BEZIER_KNOTS.);
#4452 = CARTESIAN_POINT('',(-1.47242358164,7.111201399591));
#4453 = CARTESIAN_POINT('',(-1.495612794514,7.109160922295));
#4454 = CARTESIAN_POINT('',(-1.518768903662,7.106969935975));
#4455 = CARTESIAN_POINT('',(-1.541891491077,7.104632435906));
#4456 = CARTESIAN_POINT('',(-1.564980741801,7.102152978265));
#4457 = ( GEOMETRIC_REPRESENTATION_CONTEXT(2) 
PARAMETRIC_REPRESENTATION_CONTEXT() REPRESENTATION_CONTEXT('2D SPACE',''
  ) );
#4458 = PCURVE('',#1769,#4459);
#4459 = DEFINITIONAL_REPRESENTATION('',(#4460),#4466);
#4460 = B_SPLINE_CURVE_WITH_KNOTS('',4,(#4461,#4462,#4463,#4464,#4465),
  .UNSPECIFIED.,.F.,.F.,(5,5),(0.,1.),.PIECEWISE_BEZIER_KNOTS.);
#4461 = CARTESIAN_POINT('',(-7.170724317247,-0.174968791747));
#4462 = CARTESIAN_POINT('',(-7.170743336702,-0.16960721318));
#4463 = CARTESIAN_POINT('',(-7.170773435704,-0.164211671871));
#4464 = CARTESIAN_POINT('',(-7.170814509443,-0.158790235295));
#4465 = CARTESIAN_POINT('',(-7.170866405933,-0.153350785907));
#4466 = ( GEOMETRIC_REPRESENTATION_CONTEXT(2) 
PARAMETRIC_REPRESENTATION_CONTEXT() REPRESENTATION_CONTEXT('2D SPACE',''
  ) );
#4467 = ORIENTED_EDGE('',*,*,#4468,.F.);
#4468 = EDGE_CURVE('',#4469,#4440,#4471,.T.);
#4469 = VERTEX_POINT('',#4470);
#4470 = CARTESIAN_POINT('',(12.147027385971,15.10174903205,
    2.251399612228));
#4471 = SURFACE_CURVE('',#4472,(#4485,#4501),.PCURVE_S1.);
#4472 = B_SPLINE_CURVE_WITH_KNOTS('',6,(#4473,#4474,#4475,#4476,#4477,
    #4478,#4479,#4480,#4481,#4482,#4483,#4484),.UNSPECIFIED.,.F.,.F.,(7,
    5,7),(0.,0.292973657846,1.),.UNSPECIFIED.);
#4473 = CARTESIAN_POINT('',(12.147027385971,15.10174903205,
    2.251399612228));
#4474 = CARTESIAN_POINT('',(12.156995659531,15.095174875597,
    2.247663739531));
#4475 = CARTESIAN_POINT('',(12.166673997616,15.089088784827,
    2.243239352516));
#4476 = CARTESIAN_POINT('',(12.176011505859,15.083528515221,
    2.23813955828));
#4477 = CARTESIAN_POINT('',(12.18495938421,15.078527461391,
    2.232385081842));
#4478 = CARTESIAN_POINT('',(12.193472386738,15.074113379814,
    2.226004044856));
#4479 = CARTESIAN_POINT('',(12.220907941046,15.061121535172,
    2.202205657679));
#4480 = CARTESIAN_POINT('',(12.237545191162,15.05547261956,
    2.181930587361));
#4481 = CARTESIAN_POINT('',(12.250839460443,15.053665068617,
    2.158707818847));
#4482 = CARTESIAN_POINT('',(12.26044021276,15.055729190046,
    2.133255919053));
#4483 = CARTESIAN_POINT('',(12.266248119501,15.061453515525,
    2.106341510649));
#4484 = CARTESIAN_POINT('',(12.268331049685,15.070493249961,
    2.078694772664));
#4485 = PCURVE('',#1800,#4486);
#4486 = DEFINITIONAL_REPRESENTATION('',(#4487),#4500);
#4487 = B_SPLINE_CURVE_WITH_KNOTS('',6,(#4488,#4489,#4490,#4491,#4492,
    #4493,#4494,#4495,#4496,#4497,#4498,#4499),.UNSPECIFIED.,.F.,.F.,(7,
    5,7),(0.,0.292973657846,1.),.UNSPECIFIED.);
#4488 = CARTESIAN_POINT('',(-0.460144169722,7.107252016428));
#4489 = CARTESIAN_POINT('',(-0.509740441121,7.11337483547));
#4490 = CARTESIAN_POINT('',(-0.5594279735,7.118885911188));
#4491 = CARTESIAN_POINT('',(-0.609184068437,7.123748800844));
#4492 = CARTESIAN_POINT('',(-0.658984586715,7.127932772233));
#4493 = CARTESIAN_POINT('',(-0.708803360396,7.131414067582));
#4494 = CARTESIAN_POINT('',(-0.878812653652,7.140845290495));
#4495 = CARTESIAN_POINT('',(-0.998992051889,7.143333075494));
#4496 = CARTESIAN_POINT('',(-1.11866779608,7.141411179208));
#4497 = CARTESIAN_POINT('',(-1.237558425217,7.135166227645));
#4498 = CARTESIAN_POINT('',(-1.355501238019,7.124939271744));
#4499 = CARTESIAN_POINT('',(-1.47242358164,7.111201399591));
#4500 = ( GEOMETRIC_REPRESENTATION_CONTEXT(2) 
PARAMETRIC_REPRESENTATION_CONTEXT() REPRESENTATION_CONTEXT('2D SPACE',''
  ) );
#4501 = PCURVE('',#4502,#4507);
#4502 = CONICAL_SURFACE('',#4503,19.432748481411,0.292501031711);
#4503 = AXIS2_PLACEMENT_3D('',#4504,#4505,#4506);
#4504 = CARTESIAN_POINT('',(0.,0.,2.078694772664));
#4505 = DIRECTION('',(-0.,-0.,-1.));
#4506 = DIRECTION('',(1.,0.,-0.));
#4507 = DEFINITIONAL_REPRESENTATION('',(#4508),#4521);
#4508 = B_SPLINE_CURVE_WITH_KNOTS('',6,(#4509,#4510,#4511,#4512,#4513,
    #4514,#4515,#4516,#4517,#4518,#4519,#4520),.UNSPECIFIED.,.F.,.F.,(7,
    5,7),(0.,0.292973657846,1.),.UNSPECIFIED.);
#4509 = CARTESIAN_POINT('',(-7.176596466499,-0.172704839564));
#4510 = CARTESIAN_POINT('',(-7.17598308314,-0.168968966868));
#4511 = CARTESIAN_POINT('',(-7.175397225882,-0.164544579852));
#4512 = CARTESIAN_POINT('',(-7.174842184035,-0.159444785616));
#4513 = CARTESIAN_POINT('',(-7.174321014445,-0.153690309179));
#4514 = CARTESIAN_POINT('',(-7.1738364402,-0.147309272192));
#4515 = CARTESIAN_POINT('',(-7.172315174158,-0.123510885015));
#4516 = CARTESIAN_POINT('',(-7.171465684595,-0.103235814698));
#4517 = CARTESIAN_POINT('',(-7.170875515622,-8.001304618287E-02));
#4518 = CARTESIAN_POINT('',(-7.17055936016,-5.456114638956E-02));
#4519 = CARTESIAN_POINT('',(-7.170513763773,-2.764673798564E-02));
#4520 = CARTESIAN_POINT('',(-7.170724317247,0.));
#4521 = ( GEOMETRIC_REPRESENTATION_CONTEXT(2) 
PARAMETRIC_REPRESENTATION_CONTEXT() REPRESENTATION_CONTEXT('2D SPACE',''
  ) );
#4522 = ORIENTED_EDGE('',*,*,#4523,.F.);
#4523 = EDGE_CURVE('',#4391,#4469,#4524,.T.);
#4524 = SURFACE_CURVE('',#4525,(#4532,#4542),.PCURVE_S1.);
#4525 = B_SPLINE_CURVE_WITH_KNOTS('',5,(#4526,#4527,#4528,#4529,#4530,
    #4531),.UNSPECIFIED.,.F.,.F.,(6,6),(0.,1.),
  .PIECEWISE_BEZIER_KNOTS.);
#4526 = CARTESIAN_POINT('',(12.046955346686,15.176856492878,
    2.261080113926));
#4527 = CARTESIAN_POINT('',(12.06751824255,15.15891226335,2.264322812665
    ));
#4528 = CARTESIAN_POINT('',(12.088188229064,15.142072918025,
    2.265064384786));
#4529 = CARTESIAN_POINT('',(12.108606201877,15.126697459842,
    2.263167184326));
#4530 = CARTESIAN_POINT('',(12.128353859633,15.113160715085,
    2.258576234622));
#4531 = CARTESIAN_POINT('',(12.147027385971,15.10174903205,
    2.251399612228));
#4532 = PCURVE('',#1800,#4533);
#4533 = DEFINITIONAL_REPRESENTATION('',(#4534),#4541);
#4534 = B_SPLINE_CURVE_WITH_KNOTS('',5,(#4535,#4536,#4537,#4538,#4539,
    #4540),.UNSPECIFIED.,.F.,.F.,(6,6),(0.,1.),
  .PIECEWISE_BEZIER_KNOTS.);
#4535 = CARTESIAN_POINT('',(-8.074349270001E-15,7.031879998305));
#4536 = CARTESIAN_POINT('',(-9.075184249898E-02,7.050767182955));
#4537 = CARTESIAN_POINT('',(-0.182215807977,7.068126559576));
#4538 = CARTESIAN_POINT('',(-0.274363389309,7.083569008632));
#4539 = CARTESIAN_POINT('',(-0.367085318051,7.096702635846));
#4540 = CARTESIAN_POINT('',(-0.460144169722,7.107252016428));
#4541 = ( GEOMETRIC_REPRESENTATION_CONTEXT(2) 
PARAMETRIC_REPRESENTATION_CONTEXT() REPRESENTATION_CONTEXT('2D SPACE',''
  ) );
#4542 = PCURVE('',#4543,#4548);
#4543 = CONICAL_SURFACE('',#4544,19.380740392012,0.373396817671);
#4544 = AXIS2_PLACEMENT_3D('',#4545,#4546,#4547);
#4545 = CARTESIAN_POINT('',(0.,0.,2.251399612228));
#4546 = DIRECTION('',(-0.,-0.,-1.));
#4547 = DIRECTION('',(1.,0.,-0.));
#4548 = DEFINITIONAL_REPRESENTATION('',(#4549),#4556);
#4549 = B_SPLINE_CURVE_WITH_KNOTS('',5,(#4550,#4551,#4552,#4553,#4554,
    #4555),.UNSPECIFIED.,.F.,.F.,(6,6),(0.,1.),
  .PIECEWISE_BEZIER_KNOTS.);
#4550 = CARTESIAN_POINT('',(-0.899864838406,-9.68050169831E-03));
#4551 = CARTESIAN_POINT('',(-0.898457911275,-1.29232004376E-02));
#4552 = CARTESIAN_POINT('',(-0.897081875497,-1.366477255864E-02));
#4553 = CARTESIAN_POINT('',(-0.895763124312,-1.176757209805E-02));
#4554 = CARTESIAN_POINT('',(-0.894530984312,-7.176622394139E-03));
#4555 = CARTESIAN_POINT('',(-0.89341115932,0.));
#4556 = ( GEOMETRIC_REPRESENTATION_CONTEXT(2) 
PARAMETRIC_REPRESENTATION_CONTEXT() REPRESENTATION_CONTEXT('2D SPACE',''
  ) );
#4557 = ADVANCED_FACE('',(#4558),#1769,.T.);
#4558 = FACE_BOUND('',#4559,.T.);
#4559 = EDGE_LOOP('',(#4560,#4584,#4611,#4612,#4634,#4635));
#4560 = ORIENTED_EDGE('',*,*,#4561,.T.);
#4561 = EDGE_CURVE('',#4440,#4562,#4564,.T.);
#4562 = VERTEX_POINT('',#4563);
#4563 = CARTESIAN_POINT('',(12.268331049685,-15.07049324996,
    2.078694772664));
#4564 = SURFACE_CURVE('',#4565,(#4570,#4577),.PCURVE_S1.);
#4565 = CIRCLE('',#4566,19.432748481411);
#4566 = AXIS2_PLACEMENT_3D('',#4567,#4568,#4569);
#4567 = CARTESIAN_POINT('',(0.,0.,2.078694772664));
#4568 = DIRECTION('',(0.,0.,-1.));
#4569 = DIRECTION('',(0.631322484384,0.775520419275,0.));
#4570 = PCURVE('',#1769,#4571);
#4571 = DEFINITIONAL_REPRESENTATION('',(#4572),#4576);
#4572 = LINE('',#4573,#4574);
#4573 = CARTESIAN_POINT('',(-7.170724317247,-0.174968791747));
#4574 = VECTOR('',#4575,1.);
#4575 = DIRECTION('',(1.,-0.));
#4576 = ( GEOMETRIC_REPRESENTATION_CONTEXT(2) 
PARAMETRIC_REPRESENTATION_CONTEXT() REPRESENTATION_CONTEXT('2D SPACE',''
  ) );
#4577 = PCURVE('',#4502,#4578);
#4578 = DEFINITIONAL_REPRESENTATION('',(#4579),#4583);
#4579 = LINE('',#4580,#4581);
#4580 = CARTESIAN_POINT('',(-7.170724317247,-0.));
#4581 = VECTOR('',#4582,1.);
#4582 = DIRECTION('',(1.,-0.));
#4583 = ( GEOMETRIC_REPRESENTATION_CONTEXT(2) 
PARAMETRIC_REPRESENTATION_CONTEXT() REPRESENTATION_CONTEXT('2D SPACE',''
  ) );
#4584 = ORIENTED_EDGE('',*,*,#4585,.T.);
#4585 = EDGE_CURVE('',#4562,#2091,#4586,.T.);
#4586 = SURFACE_CURVE('',#4587,(#4593,#4602),.PCURVE_S1.);
#4587 = B_SPLINE_CURVE_WITH_KNOTS('',4,(#4588,#4589,#4590,#4591,#4592),
  .UNSPECIFIED.,.F.,.F.,(5,5),(0.,1.),.PIECEWISE_BEZIER_KNOTS.);
#4588 = CARTESIAN_POINT('',(12.268331049685,-15.07049324996,
    2.078694772664));
#4589 = CARTESIAN_POINT('',(12.268766174975,-15.0716131987,
    2.073333194096));
#4590 = CARTESIAN_POINT('',(12.269038847168,-15.07287472056,
    2.067937652787));
#4591 = CARTESIAN_POINT('',(12.269149484202,-15.074275225,2.062516216211
    ));
#4592 = CARTESIAN_POINT('',(12.269099215238,-15.07581154103,
    2.057076766824));
#4593 = PCURVE('',#1769,#4594);
#4594 = DEFINITIONAL_REPRESENTATION('',(#4595),#4601);
#4595 = B_SPLINE_CURVE_WITH_KNOTS('',4,(#4596,#4597,#4598,#4599,#4600),
  .UNSPECIFIED.,.F.,.F.,(5,5),(0.,1.),.PIECEWISE_BEZIER_KNOTS.);
#4596 = CARTESIAN_POINT('',(-5.395646297112,-0.174968791747));
#4597 = CARTESIAN_POINT('',(-5.395627277657,-0.16960721318));
#4598 = CARTESIAN_POINT('',(-5.395597178655,-0.164211671871));
#4599 = CARTESIAN_POINT('',(-5.395556104916,-0.158790235295));
#4600 = CARTESIAN_POINT('',(-5.395504208426,-0.153350785907));
#4601 = ( GEOMETRIC_REPRESENTATION_CONTEXT(2) 
PARAMETRIC_REPRESENTATION_CONTEXT() REPRESENTATION_CONTEXT('2D SPACE',''
  ) );
#4602 = PCURVE('',#2133,#4603);
#4603 = DEFINITIONAL_REPRESENTATION('',(#4604),#4610);
#4604 = B_SPLINE_CURVE_WITH_KNOTS('',4,(#4605,#4606,#4607,#4608,#4609),
  .UNSPECIFIED.,.F.,.F.,(5,5),(0.,1.),.PIECEWISE_BEZIER_KNOTS.);
#4605 = CARTESIAN_POINT('',(-1.472423581639,0.990636809774));
#4606 = CARTESIAN_POINT('',(-1.495612794514,0.99267728707));
#4607 = CARTESIAN_POINT('',(-1.518768903662,0.99486827339));
#4608 = CARTESIAN_POINT('',(-1.541891491077,0.997205773459));
#4609 = CARTESIAN_POINT('',(-1.564980741801,0.9996852311));
#4610 = ( GEOMETRIC_REPRESENTATION_CONTEXT(2) 
PARAMETRIC_REPRESENTATION_CONTEXT() REPRESENTATION_CONTEXT('2D SPACE',''
  ) );
#4611 = ORIENTED_EDGE('',*,*,#2090,.F.);
#4612 = ORIENTED_EDGE('',*,*,#4613,.T.);
#4613 = EDGE_CURVE('',#2064,#1721,#4614,.T.);
#4614 = SURFACE_CURVE('',#4615,(#4620,#4627),.PCURVE_S1.);
#4615 = CIRCLE('',#4616,19.470057014808);
#4616 = AXIS2_PLACEMENT_3D('',#4617,#4618,#4619);
#4617 = CARTESIAN_POINT('',(0.,0.,1.903725980916));
#4618 = DIRECTION('',(0.,-0.,1.));
#4619 = DIRECTION('',(0.515997274594,0.856590224443,0.));
#4620 = PCURVE('',#1769,#4621);
#4621 = DEFINITIONAL_REPRESENTATION('',(#4622),#4626);
#4622 = LINE('',#4623,#4624);
#4623 = CARTESIAN_POINT('',(-1.028624847593,-0.));
#4624 = VECTOR('',#4625,1.);
#4625 = DIRECTION('',(-1.,-0.));
#4626 = ( GEOMETRIC_REPRESENTATION_CONTEXT(2) 
PARAMETRIC_REPRESENTATION_CONTEXT() REPRESENTATION_CONTEXT('2D SPACE',''
  ) );
#4627 = PCURVE('',#1737,#4628);
#4628 = DEFINITIONAL_REPRESENTATION('',(#4629),#4633);
#4629 = LINE('',#4630,#4631);
#4630 = CARTESIAN_POINT('',(-1.028624847593,-0.176483500703));
#4631 = VECTOR('',#4632,1.);
#4632 = DIRECTION('',(-1.,-0.));
#4633 = ( GEOMETRIC_REPRESENTATION_CONTEXT(2) 
PARAMETRIC_REPRESENTATION_CONTEXT() REPRESENTATION_CONTEXT('2D SPACE',''
  ) );
#4634 = ORIENTED_EDGE('',*,*,#1752,.T.);
#4635 = ORIENTED_EDGE('',*,*,#4439,.F.);
#4636 = ADVANCED_FACE('',(#4637),#1737,.T.);
#4637 = FACE_BOUND('',#4638,.T.);
#4638 = EDGE_LOOP('',(#4639,#4640,#4641,#4642));
#4639 = ORIENTED_EDGE('',*,*,#4613,.F.);
#4640 = ORIENTED_EDGE('',*,*,#2063,.F.);
#4641 = ORIENTED_EDGE('',*,*,#3962,.F.);
#4642 = ORIENTED_EDGE('',*,*,#1720,.T.);
#4643 = ADVANCED_FACE('',(#4644),#1857,.F.);
#4644 = FACE_BOUND('',#4645,.T.);
#4645 = EDGE_LOOP('',(#4646,#4674,#4695,#4696));
#4646 = ORIENTED_EDGE('',*,*,#4647,.T.);
#4647 = EDGE_CURVE('',#4648,#4648,#4650,.T.);
#4648 = VERTEX_POINT('',#4649);
#4649 = CARTESIAN_POINT('',(10.,21.875,-4.3));
#4650 = SURFACE_CURVE('',#4651,(#4656,#4663),.PCURVE_S1.);
#4651 = CIRCLE('',#4652,0.525);
#4652 = AXIS2_PLACEMENT_3D('',#4653,#4654,#4655);
#4653 = CARTESIAN_POINT('',(10.,21.35,-4.3));
#4654 = DIRECTION('',(-1.,0.,0.));
#4655 = DIRECTION('',(0.,1.,0.));
#4656 = PCURVE('',#1857,#4657);
#4657 = DEFINITIONAL_REPRESENTATION('',(#4658),#4662);
#4658 = LINE('',#4659,#4660);
#4659 = CARTESIAN_POINT('',(-6.28318530718,-25.));
#4660 = VECTOR('',#4661,1.);
#4661 = DIRECTION('',(1.,-0.));
#4662 = ( GEOMETRIC_REPRESENTATION_CONTEXT(2) 
PARAMETRIC_REPRESENTATION_CONTEXT() REPRESENTATION_CONTEXT('2D SPACE',''
  ) );
#4663 = PCURVE('',#2360,#4664);
#4664 = DEFINITIONAL_REPRESENTATION('',(#4665),#4673);
#4665 = ( BOUNDED_CURVE() B_SPLINE_CURVE(2,(#4666,#4667,#4668,#4669,
#4670,#4671,#4672),.UNSPECIFIED.,.T.,.F.) B_SPLINE_CURVE_WITH_KNOTS((1,2
    ,2,2,2,1),(-2.094395102393,0.,2.094395102393,4.188790204786,
6.28318530718,8.377580409573),.UNSPECIFIED.) CURVE() 
GEOMETRIC_REPRESENTATION_ITEM() RATIONAL_B_SPLINE_CURVE((1.,0.5,1.,0.5,
1.,0.5,1.)) REPRESENTATION_ITEM('') );
#4666 = CARTESIAN_POINT('',(1.425,-3.25));
#4667 = CARTESIAN_POINT('',(1.425,-2.340673326026));
#4668 = CARTESIAN_POINT('',(2.2125,-2.795336663013));
#4669 = CARTESIAN_POINT('',(3.,-3.25));
#4670 = CARTESIAN_POINT('',(2.2125,-3.704663336987));
#4671 = CARTESIAN_POINT('',(1.425,-4.159326673974));
#4672 = CARTESIAN_POINT('',(1.425,-3.25));
#4673 = ( GEOMETRIC_REPRESENTATION_CONTEXT(2) 
PARAMETRIC_REPRESENTATION_CONTEXT() REPRESENTATION_CONTEXT('2D SPACE',''
  ) );
#4674 = ORIENTED_EDGE('',*,*,#4675,.T.);
#4675 = EDGE_CURVE('',#4648,#1841,#4676,.T.);
#4676 = SEAM_CURVE('',#4677,(#4681,#4688),.PCURVE_S1.);
#4677 = LINE('',#4678,#4679);
#4678 = CARTESIAN_POINT('',(-15.,21.875,-4.3));
#4679 = VECTOR('',#4680,1.);
#4680 = DIRECTION('',(1.,0.,0.));
#4681 = PCURVE('',#1857,#4682);
#4682 = DEFINITIONAL_REPRESENTATION('',(#4683),#4687);
#4683 = LINE('',#4684,#4685);
#4684 = CARTESIAN_POINT('',(-6.28318530718,0.));
#4685 = VECTOR('',#4686,1.);
#4686 = DIRECTION('',(-0.,-1.));
#4687 = ( GEOMETRIC_REPRESENTATION_CONTEXT(2) 
PARAMETRIC_REPRESENTATION_CONTEXT() REPRESENTATION_CONTEXT('2D SPACE',''
  ) );
#4688 = PCURVE('',#1857,#4689);
#4689 = DEFINITIONAL_REPRESENTATION('',(#4690),#4694);
#4690 = LINE('',#4691,#4692);
#4691 = CARTESIAN_POINT('',(-0.,0.));
#4692 = VECTOR('',#4693,1.);
#4693 = DIRECTION('',(-0.,-1.));
#4694 = ( GEOMETRIC_REPRESENTATION_CONTEXT(2) 
PARAMETRIC_REPRESENTATION_CONTEXT() REPRESENTATION_CONTEXT('2D SPACE',''
  ) );
#4695 = ORIENTED_EDGE('',*,*,#1840,.F.);
#4696 = ORIENTED_EDGE('',*,*,#4675,.F.);
#4697 = ADVANCED_FACE('',(#4698),#1922,.T.);
#4698 = FACE_BOUND('',#4699,.F.);
#4699 = EDGE_LOOP('',(#4700,#4701,#4721));
#4700 = ORIENTED_EDGE('',*,*,#4228,.F.);
#4701 = ORIENTED_EDGE('',*,*,#4702,.T.);
#4702 = EDGE_CURVE('',#4229,#1885,#4703,.T.);
#4703 = SURFACE_CURVE('',#4704,(#4709,#4715),.PCURVE_S1.);
#4704 = CIRCLE('',#4705,0.22);
#4705 = AXIS2_PLACEMENT_3D('',#4706,#4707,#4708);
#4706 = CARTESIAN_POINT('',(11.8143850173,22.245529593809,
    -5.781267725571));
#4707 = DIRECTION('',(-1.,3.502940322078E-14,-5.400922314086E-16));
#4708 = DIRECTION('',(-3.108971413646E-14,-0.894427191,-0.4472135955));
#4709 = PCURVE('',#1922,#4710);
#4710 = DEFINITIONAL_REPRESENTATION('',(#4711),#4714);
#4711 = B_SPLINE_CURVE_WITH_KNOTS('',1,(#4712,#4713),.UNSPECIFIED.,.F.,
  .F.,(2,2),(4.712388980385,5.151557407706),.PIECEWISE_BEZIER_KNOTS.);
#4712 = CARTESIAN_POINT('',(-1.600054043172,-1.570796326795));
#4713 = CARTESIAN_POINT('',(-1.600054043172,-1.131627899474));
#4714 = ( GEOMETRIC_REPRESENTATION_CONTEXT(2) 
PARAMETRIC_REPRESENTATION_CONTEXT() REPRESENTATION_CONTEXT('2D SPACE',''
  ) );
#4715 = PCURVE('',#2255,#4716);
#4716 = DEFINITIONAL_REPRESENTATION('',(#4717),#4720);
#4717 = B_SPLINE_CURVE_WITH_KNOTS('',1,(#4718,#4719),.UNSPECIFIED.,.F.,
  .F.,(2,2),(4.712388980385,5.151557407706),.PIECEWISE_BEZIER_KNOTS.);
#4718 = CARTESIAN_POINT('',(0.,1.8143850173));
#4719 = CARTESIAN_POINT('',(-0.439168427321,1.8143850173));
#4720 = ( GEOMETRIC_REPRESENTATION_CONTEXT(2) 
PARAMETRIC_REPRESENTATION_CONTEXT() REPRESENTATION_CONTEXT('2D SPACE',''
  ) );
#4721 = ORIENTED_EDGE('',*,*,#1907,.F.);
#4722 = ADVANCED_FACE('',(#4723),#1973,.T.);
#4723 = FACE_BOUND('',#4724,.F.);
#4724 = EDGE_LOOP('',(#4725,#4726,#4789,#4817));
#4725 = ORIENTED_EDGE('',*,*,#1955,.F.);
#4726 = ORIENTED_EDGE('',*,*,#4727,.F.);
#4727 = EDGE_CURVE('',#4728,#1956,#4730,.T.);
#4728 = VERTEX_POINT('',#4729);
#4729 = CARTESIAN_POINT('',(11.274138965456,-23.3,-5.364032522475));
#4730 = SURFACE_CURVE('',#4731,(#4741,#4754),.PCURVE_S1.);
#4731 = ( BOUNDED_CURVE() B_SPLINE_CURVE(8,(#4732,#4733,#4734,#4735,
    #4736,#4737,#4738,#4739,#4740),.UNSPECIFIED.,.F.,.F.) 
B_SPLINE_CURVE_WITH_KNOTS((9,9),(2.052241316687,3.164826236953),
.PIECEWISE_BEZIER_KNOTS.) CURVE() GEOMETRIC_REPRESENTATION_ITEM() 
RATIONAL_B_SPLINE_CURVE((1.,1.,1.,1.,1.,1.,1.,1.,1.)) 
REPRESENTATION_ITEM('') );
#4732 = CARTESIAN_POINT('',(11.274138965456,-23.3,-5.364032522475));
#4733 = CARTESIAN_POINT('',(11.418086511974,-23.3,-5.364032522475));
#4734 = CARTESIAN_POINT('',(11.566491128002,-23.26844693001,
    -5.375235772467));
#4735 = CARTESIAN_POINT('',(11.709768876818,-23.20176126325,
    -5.398893886037));
#4736 = CARTESIAN_POINT('',(11.833127320477,-23.10122492606,
    -5.435443682752));
#4737 = CARTESIAN_POINT('',(11.924260715771,-22.97833321917,
    -5.477955027314));
#4738 = CARTESIAN_POINT('',(11.985004790551,-22.84897999552,
    -5.523407464422));
#4739 = CARTESIAN_POINT('',(12.019171730402,-22.71407512552,
    -5.571059706863));
#4740 = CARTESIAN_POINT('',(12.023737801904,-22.57452721744,
    -5.620366245693));
#4741 = PCURVE('',#1973,#4742);
#4742 = DEFINITIONAL_REPRESENTATION('',(#4743),#4753);
#4743 = B_SPLINE_CURVE_WITH_KNOTS('',8,(#4744,#4745,#4746,#4747,#4748,
    #4749,#4750,#4751,#4752),.UNSPECIFIED.,.F.,.F.,(9,9),(2.052241316687
    ,3.164826236953),.PIECEWISE_BEZIER_KNOTS.);
#4744 = CARTESIAN_POINT('',(-1.538087538185,2.185967477525));
#4745 = CARTESIAN_POINT('',(-1.346157476161,2.185967477525));
#4746 = CARTESIAN_POINT('',(-1.148313798356,2.174764064518));
#4747 = CARTESIAN_POINT('',(-0.946337760062,2.151107149325));
#4748 = CARTESIAN_POINT('',(-0.747179961629,2.114554227423));
#4749 = CARTESIAN_POINT('',(-0.552329964201,2.072046860709));
#4750 = CARTESIAN_POINT('',(-0.367422733711,2.026591841753));
#4751 = CARTESIAN_POINT('',(-0.186163453431,1.978940293137));
#4752 = CARTESIAN_POINT('',(1.157706697414E-16,1.929633754307));
#4753 = ( GEOMETRIC_REPRESENTATION_CONTEXT(2) 
PARAMETRIC_REPRESENTATION_CONTEXT() REPRESENTATION_CONTEXT('2D SPACE',''
  ) );
#4754 = PCURVE('',#4755,#4783);
#4755 = ( BOUNDED_SURFACE() B_SPLINE_SURFACE(2,8,(
    (#4756,#4757,#4758,#4759,#4760,#4761,#4762,#4763,#4764)
    ,(#4765,#4766,#4767,#4768,#4769,#4770,#4771,#4772,#4773)
    ,(#4774,#4775,#4776,#4777,#4778,#4779,#4780,#4781,#4782
)),.UNSPECIFIED.,.F.,.F.,.F.) B_SPLINE_SURFACE_WITH_KNOTS((3,3),(9,9),(
    0.,1.112584920266),(2.052241316687,3.164826236953),
.PIECEWISE_BEZIER_KNOTS.) GEOMETRIC_REPRESENTATION_ITEM() 
RATIONAL_B_SPLINE_SURFACE((
    (1.,1.,1.,1.,1.,1.,1.,1.,1.)
    ,(0.850650808352,0.850650808352,0.845194349467,0.833582180432
      ,0.817083026032,0.793499949726,0.76833888983,0.741465849487
      ,0.712258813248)
,(1.,1.,1.,1.,1.,1.,1.,1.,1.))) REPRESENTATION_ITEM('') SURFACE() );
#4756 = CARTESIAN_POINT('',(11.274138965456,-23.17838699101,
    -5.560806504495));
#4757 = CARTESIAN_POINT('',(11.379560348351,-23.17838699101,
    -5.560806504495));
#4758 = CARTESIAN_POINT('',(11.492535237565,-23.15454485723,
    -5.572727571383));
#4759 = CARTESIAN_POINT('',(11.60233322971,-23.10111127844,
    -5.599444360778));
#4760 = CARTESIAN_POINT('',(11.692023430767,-23.02022873175,
    -5.639885634122));
#4761 = CARTESIAN_POINT('',(11.749373721851,-22.92687672098,
    -5.686561639509));
#4762 = CARTESIAN_POINT('',(11.782164002206,-22.83942186451,
    -5.730289067743));
#4763 = CARTESIAN_POINT('',(11.801058363048,-22.75403720218,
    -5.772981398907));
#4764 = CARTESIAN_POINT('',(11.803868321683,-22.66533954232,
    -5.817330228839));
#4765 = CARTESIAN_POINT('',(11.274138965456,-23.3,-5.5));
#4766 = CARTESIAN_POINT('',(11.406181272687,-23.3,-5.5));
#4767 = CARTESIAN_POINT('',(11.545383344402,-23.27340994955,
    -5.513295025225));
#4768 = CARTESIAN_POINT('',(11.682683137404,-23.21571353475,
    -5.542143232621));
#4769 = CARTESIAN_POINT('',(11.801438597532,-23.12486376604,
    -5.58756811698));
#4770 = CARTESIAN_POINT('',(11.888510232408,-23.0209287567,
    -5.639535621649));
#4771 = CARTESIAN_POINT('',(11.95397034968,-22.91301203463,
    -5.693493982682));
#4772 = CARTESIAN_POINT('',(11.9991345695,-22.7965061845,-5.751746907747
    ));
#4773 = CARTESIAN_POINT('',(12.020568510908,-22.67138683264,
    -5.814306583679));
#4774 = CARTESIAN_POINT('',(11.274138965456,-23.3,-5.364032522475));
#4775 = CARTESIAN_POINT('',(11.418086511974,-23.3,-5.364032522475));
#4776 = CARTESIAN_POINT('',(11.566491128002,-23.26844693001,
    -5.375235772467));
#4777 = CARTESIAN_POINT('',(11.709768876818,-23.20176126325,
    -5.398893886037));
#4778 = CARTESIAN_POINT('',(11.833127320477,-23.10122492606,
    -5.435443682752));
#4779 = CARTESIAN_POINT('',(11.924260715771,-22.97833321917,
    -5.477955027314));
#4780 = CARTESIAN_POINT('',(11.985004790551,-22.84897999552,
    -5.523407464422));
#4781 = CARTESIAN_POINT('',(12.019171730402,-22.71407512552,
    -5.571059706863));
#4782 = CARTESIAN_POINT('',(12.023737801904,-22.57452721744,
    -5.620366245693));
#4783 = DEFINITIONAL_REPRESENTATION('',(#4784),#4788);
#4784 = LINE('',#4785,#4786);
#4785 = CARTESIAN_POINT('',(1.112584920266,0.));
#4786 = VECTOR('',#4787,1.);
#4787 = DIRECTION('',(0.,1.));
#4788 = ( GEOMETRIC_REPRESENTATION_CONTEXT(2) 
PARAMETRIC_REPRESENTATION_CONTEXT() REPRESENTATION_CONTEXT('2D SPACE',''
  ) );
#4789 = ORIENTED_EDGE('',*,*,#4790,.T.);
#4790 = EDGE_CURVE('',#4728,#4791,#4793,.T.);
#4791 = VERTEX_POINT('',#4792);
#4792 = CARTESIAN_POINT('',(11.274138965456,-23.3,0.274032522475));
#4793 = SURFACE_CURVE('',#4794,(#4798,#4805),.PCURVE_S1.);
#4794 = LINE('',#4795,#4796);
#4795 = CARTESIAN_POINT('',(11.274138965456,-23.3,-7.55));
#4796 = VECTOR('',#4797,1.);
#4797 = DIRECTION('',(0.,0.,1.));
#4798 = PCURVE('',#1973,#4799);
#4799 = DEFINITIONAL_REPRESENTATION('',(#4800),#4804);
#4800 = LINE('',#4801,#4802);
#4801 = CARTESIAN_POINT('',(-1.538087538185,0.));
#4802 = VECTOR('',#4803,1.);
#4803 = DIRECTION('',(-0.,1.));
#4804 = ( GEOMETRIC_REPRESENTATION_CONTEXT(2) 
PARAMETRIC_REPRESENTATION_CONTEXT() REPRESENTATION_CONTEXT('2D SPACE',''
  ) );
#4805 = PCURVE('',#4806,#4811);
#4806 = PLANE('',#4807);
#4807 = AXIS2_PLACEMENT_3D('',#4808,#4809,#4810);
#4808 = CARTESIAN_POINT('',(-30.,-23.3,0.41));
#4809 = DIRECTION('',(-0.,1.,0.));
#4810 = DIRECTION('',(0.,0.,-1.));
#4811 = DEFINITIONAL_REPRESENTATION('',(#4812),#4816);
#4812 = LINE('',#4813,#4814);
#4813 = CARTESIAN_POINT('',(7.96,-41.27413896545));
#4814 = VECTOR('',#4815,1.);
#4815 = DIRECTION('',(-1.,0.));
#4816 = ( GEOMETRIC_REPRESENTATION_CONTEXT(2) 
PARAMETRIC_REPRESENTATION_CONTEXT() REPRESENTATION_CONTEXT('2D SPACE',''
  ) );
#4817 = ORIENTED_EDGE('',*,*,#4818,.F.);
#4818 = EDGE_CURVE('',#1958,#4791,#4819,.T.);
#4819 = SURFACE_CURVE('',#4820,(#4830,#4843),.PCURVE_S1.);
#4820 = ( BOUNDED_CURVE() B_SPLINE_CURVE(8,(#4821,#4822,#4823,#4824,
    #4825,#4826,#4827,#4828,#4829),.UNSPECIFIED.,.F.,.F.) 
B_SPLINE_CURVE_WITH_KNOTS((9,9),(0.639347471151,1.751932391417),
.PIECEWISE_BEZIER_KNOTS.) CURVE() GEOMETRIC_REPRESENTATION_ITEM() 
RATIONAL_B_SPLINE_CURVE((1.,1.,1.,1.,1.,1.,1.,1.,1.)) 
REPRESENTATION_ITEM('') );
#4821 = CARTESIAN_POINT('',(12.023737801904,-22.57452721744,
    0.530366245693));
#4822 = CARTESIAN_POINT('',(12.019171730402,-22.71407512552,
    0.481059706863));
#4823 = CARTESIAN_POINT('',(11.985004790551,-22.84897999552,
    0.433407464422));
#4824 = CARTESIAN_POINT('',(11.924260715771,-22.97833321917,
    0.387955027314));
#4825 = CARTESIAN_POINT('',(11.833127320477,-23.10122492606,
    0.345443682752));
#4826 = CARTESIAN_POINT('',(11.709768876818,-23.20176126325,
    0.308893886037));
#4827 = CARTESIAN_POINT('',(11.566491128002,-23.26844693001,
    0.285235772467));
#4828 = CARTESIAN_POINT('',(11.418086511974,-23.3,0.274032522475));
#4829 = CARTESIAN_POINT('',(11.274138965456,-23.3,0.274032522475));
#4830 = PCURVE('',#1973,#4831);
#4831 = DEFINITIONAL_REPRESENTATION('',(#4832),#4842);
#4832 = B_SPLINE_CURVE_WITH_KNOTS('',8,(#4833,#4834,#4835,#4836,#4837,
    #4838,#4839,#4840,#4841),.UNSPECIFIED.,.F.,.F.,(9,9),(0.639347471151
    ,1.751932391417),.PIECEWISE_BEZIER_KNOTS.);
#4833 = CARTESIAN_POINT('',(1.287858708565E-14,8.080366245693));
#4834 = CARTESIAN_POINT('',(-0.186163453431,8.031059706863));
#4835 = CARTESIAN_POINT('',(-0.367422733711,7.983408158247));
#4836 = CARTESIAN_POINT('',(-0.552329964201,7.937953139292));
#4837 = CARTESIAN_POINT('',(-0.747179961629,7.895445772576));
#4838 = CARTESIAN_POINT('',(-0.946337760062,7.858892850675));
#4839 = CARTESIAN_POINT('',(-1.148313798356,7.835235935482));
#4840 = CARTESIAN_POINT('',(-1.346157476161,7.824032522475));
#4841 = CARTESIAN_POINT('',(-1.538087538185,7.824032522475));
#4842 = ( GEOMETRIC_REPRESENTATION_CONTEXT(2) 
PARAMETRIC_REPRESENTATION_CONTEXT() REPRESENTATION_CONTEXT('2D SPACE',''
  ) );
#4843 = PCURVE('',#4844,#4872);
#4844 = ( BOUNDED_SURFACE() B_SPLINE_SURFACE(2,8,(
    (#4845,#4846,#4847,#4848,#4849,#4850,#4851,#4852,#4853)
    ,(#4854,#4855,#4856,#4857,#4858,#4859,#4860,#4861,#4862)
    ,(#4863,#4864,#4865,#4866,#4867,#4868,#4869,#4870,#4871
)),.UNSPECIFIED.,.F.,.F.,.F.) B_SPLINE_SURFACE_WITH_KNOTS((3,3),(9,9),(
    0.,1.112584920266),(0.639347471151,1.751932391417),
.PIECEWISE_BEZIER_KNOTS.) GEOMETRIC_REPRESENTATION_ITEM() 
RATIONAL_B_SPLINE_SURFACE((
    (1.,1.,1.,1.,1.,1.,1.,1.,1.)
    ,(0.712258813248,0.741465849487,0.76833888983,0.793499949726
      ,0.817083026032,0.833582180432,0.845194349467,0.850650808352
      ,0.850650808352)
,(1.,1.,1.,1.,1.,1.,1.,1.,1.))) REPRESENTATION_ITEM('') SURFACE() );
#4845 = CARTESIAN_POINT('',(11.803868321683,-22.66533954232,
    0.727330228839));
#4846 = CARTESIAN_POINT('',(11.801058363048,-22.75403720218,
    0.682981398907));
#4847 = CARTESIAN_POINT('',(11.782164002206,-22.83942186451,
    0.640289067743));
#4848 = CARTESIAN_POINT('',(11.749373721851,-22.92687672098,
    0.596561639509));
#4849 = CARTESIAN_POINT('',(11.692023430767,-23.02022873175,
    0.549885634122));
#4850 = CARTESIAN_POINT('',(11.60233322971,-23.10111127844,
    0.509444360778));
#4851 = CARTESIAN_POINT('',(11.492535237565,-23.15454485723,
    0.482727571383));
#4852 = CARTESIAN_POINT('',(11.379560348351,-23.17838699101,
    0.470806504495));
#4853 = CARTESIAN_POINT('',(11.274138965456,-23.17838699101,
    0.470806504495));
#4854 = CARTESIAN_POINT('',(12.020568510908,-22.67138683264,
    0.724306583679));
#4855 = CARTESIAN_POINT('',(11.9991345695,-22.7965061845,0.661746907747)
  );
#4856 = CARTESIAN_POINT('',(11.95397034968,-22.91301203463,
    0.603493982682));
#4857 = CARTESIAN_POINT('',(11.888510232408,-23.0209287567,
    0.549535621649));
#4858 = CARTESIAN_POINT('',(11.801438597532,-23.12486376604,
    0.49756811698));
#4859 = CARTESIAN_POINT('',(11.682683137404,-23.21571353475,
    0.452143232621));
#4860 = CARTESIAN_POINT('',(11.545383344402,-23.27340994955,
    0.423295025225));
#4861 = CARTESIAN_POINT('',(11.406181272687,-23.3,0.41));
#4862 = CARTESIAN_POINT('',(11.274138965456,-23.3,0.41));
#4863 = CARTESIAN_POINT('',(12.023737801904,-22.57452721744,
    0.530366245693));
#4864 = CARTESIAN_POINT('',(12.019171730402,-22.71407512552,
    0.481059706863));
#4865 = CARTESIAN_POINT('',(11.985004790551,-22.84897999552,
    0.433407464422));
#4866 = CARTESIAN_POINT('',(11.924260715771,-22.97833321917,
    0.387955027314));
#4867 = CARTESIAN_POINT('',(11.833127320477,-23.10122492606,
    0.345443682752));
#4868 = CARTESIAN_POINT('',(11.709768876818,-23.20176126325,
    0.308893886037));
#4869 = CARTESIAN_POINT('',(11.566491128002,-23.26844693001,
    0.285235772467));
#4870 = CARTESIAN_POINT('',(11.418086511974,-23.3,0.274032522475));
#4871 = CARTESIAN_POINT('',(11.274138965456,-23.3,0.274032522475));
#4872 = DEFINITIONAL_REPRESENTATION('',(#4873),#4877);
#4873 = LINE('',#4874,#4875);
#4874 = CARTESIAN_POINT('',(1.112584920266,0.));
#4875 = VECTOR('',#4876,1.);
#4876 = DIRECTION('',(0.,1.));
#4877 = ( GEOMETRIC_REPRESENTATION_CONTEXT(2) 
PARAMETRIC_REPRESENTATION_CONTEXT() REPRESENTATION_CONTEXT('2D SPACE',''
  ) );
#4878 = ADVANCED_FACE('',(#4879),#2001,.T.);
#4879 = FACE_BOUND('',#4880,.F.);
#4880 = EDGE_LOOP('',(#4881,#4904,#4905,#4927));
#4881 = ORIENTED_EDGE('',*,*,#4882,.T.);
#4882 = EDGE_CURVE('',#4883,#1956,#4885,.T.);
#4883 = VERTEX_POINT('',#4884);
#4884 = CARTESIAN_POINT('',(11.803868321683,-22.66533954232,
    -5.817330228839));
#4885 = SURFACE_CURVE('',#4886,(#4890,#4898),.PCURVE_S1.);
#4886 = ( BOUNDED_CURVE() B_SPLINE_CURVE(2,(#4887,#4888,#4889),
.UNSPECIFIED.,.F.,.F.) B_SPLINE_CURVE_WITH_KNOTS((3,3),(0.,
1.112584920266),.PIECEWISE_BEZIER_KNOTS.) CURVE() 
GEOMETRIC_REPRESENTATION_ITEM() RATIONAL_B_SPLINE_CURVE((1.,
0.712258813248,1.)) REPRESENTATION_ITEM('') );
#4887 = CARTESIAN_POINT('',(11.803868321683,-22.66533954232,
    -5.817330228839));
#4888 = CARTESIAN_POINT('',(12.020568510908,-22.67138683264,
    -5.814306583679));
#4889 = CARTESIAN_POINT('',(12.023737801904,-22.57452721744,
    -5.620366245693));
#4890 = PCURVE('',#2001,#4891);
#4891 = DEFINITIONAL_REPRESENTATION('',(#4892),#4897);
#4892 = B_SPLINE_CURVE_WITH_KNOTS('',3,(#4893,#4894,#4895,#4896),
  .UNSPECIFIED.,.F.,.F.,(4,4),(0.,1.112584920266),
  .PIECEWISE_BEZIER_KNOTS.);
#4893 = CARTESIAN_POINT('',(0.,-0.108344838359));
#4894 = CARTESIAN_POINT('',(-0.467944623006,-0.108344838359));
#4895 = CARTESIAN_POINT('',(-1.088225975557,-0.108344838359));
#4896 = CARTESIAN_POINT('',(-1.556170598563,-0.108344838359));
#4897 = ( GEOMETRIC_REPRESENTATION_CONTEXT(2) 
PARAMETRIC_REPRESENTATION_CONTEXT() REPRESENTATION_CONTEXT('2D SPACE',''
  ) );
#4898 = PCURVE('',#4755,#4899);
#4899 = DEFINITIONAL_REPRESENTATION('',(#4900),#4903);
#4900 = B_SPLINE_CURVE_WITH_KNOTS('',1,(#4901,#4902),.UNSPECIFIED.,.F.,
  .F.,(2,2),(0.,1.112584920266),.PIECEWISE_BEZIER_KNOTS.);
#4901 = CARTESIAN_POINT('',(0.,3.164826236953));
#4902 = CARTESIAN_POINT('',(1.112584920266,3.164826236953));
#4903 = ( GEOMETRIC_REPRESENTATION_CONTEXT(2) 
PARAMETRIC_REPRESENTATION_CONTEXT() REPRESENTATION_CONTEXT('2D SPACE',''
  ) );
#4904 = ORIENTED_EDGE('',*,*,#1985,.T.);
#4905 = ORIENTED_EDGE('',*,*,#4906,.F.);
#4906 = EDGE_CURVE('',#4907,#1986,#4909,.T.);
#4907 = VERTEX_POINT('',#4908);
#4908 = CARTESIAN_POINT('',(11.8143850173,-22.34391658481,
    -5.978041707591));
#4909 = SURFACE_CURVE('',#4910,(#4915,#4921),.PCURVE_S1.);
#4910 = CIRCLE('',#4911,0.22);
#4911 = AXIS2_PLACEMENT_3D('',#4912,#4913,#4914);
#4912 = CARTESIAN_POINT('',(11.8143850173,-22.2455295938,-5.781267725571
    ));
#4913 = DIRECTION('',(-2.925354238664E-02,-0.894044397223,0.447022198612
    ));
#4914 = DIRECTION('',(0.999572023547,-2.616516374368E-02,
    1.308258187185E-02));
#4915 = PCURVE('',#2001,#4916);
#4916 = DEFINITIONAL_REPRESENTATION('',(#4917),#4920);
#4917 = B_SPLINE_CURVE_WITH_KNOTS('',1,(#4918,#4919),.UNSPECIFIED.,.F.,
  .F.,(2,2),(4.712388980385,6.268559578948),.PIECEWISE_BEZIER_KNOTS.);
#4918 = CARTESIAN_POINT('',(0.,0.25159586949));
#4919 = CARTESIAN_POINT('',(-1.556170598563,0.25159586949));
#4920 = ( GEOMETRIC_REPRESENTATION_CONTEXT(2) 
PARAMETRIC_REPRESENTATION_CONTEXT() REPRESENTATION_CONTEXT('2D SPACE',''
  ) );
#4921 = PCURVE('',#2288,#4922);
#4922 = DEFINITIONAL_REPRESENTATION('',(#4923),#4926);
#4923 = B_SPLINE_CURVE_WITH_KNOTS('',1,(#4924,#4925),.UNSPECIFIED.,.F.,
  .F.,(2,2),(4.712388980385,6.268559578948),.PIECEWISE_BEZIER_KNOTS.);
#4924 = CARTESIAN_POINT('',(0.,-1.570796326795));
#4925 = CARTESIAN_POINT('',(0.,-1.462572823154E-02));
#4926 = ( GEOMETRIC_REPRESENTATION_CONTEXT(2) 
PARAMETRIC_REPRESENTATION_CONTEXT() REPRESENTATION_CONTEXT('2D SPACE',''
  ) );
#4927 = ORIENTED_EDGE('',*,*,#4928,.F.);
#4928 = EDGE_CURVE('',#4883,#4907,#4929,.T.);
#4929 = SURFACE_CURVE('',#4930,(#4934,#4941),.PCURVE_S1.);
#4930 = LINE('',#4931,#4932);
#4931 = CARTESIAN_POINT('',(11.807024946867,-22.5688544623,
    -5.86557276885));
#4932 = VECTOR('',#4933,1.);
#4933 = DIRECTION('',(2.925354238666E-02,0.894044397223,-0.447022198612)
  );
#4934 = PCURVE('',#2001,#4935);
#4935 = DEFINITIONAL_REPRESENTATION('',(#4936),#4940);
#4936 = LINE('',#4937,#4938);
#4937 = CARTESIAN_POINT('',(-0.,0.));
#4938 = VECTOR('',#4939,1.);
#4939 = DIRECTION('',(-0.,1.));
#4940 = ( GEOMETRIC_REPRESENTATION_CONTEXT(2) 
PARAMETRIC_REPRESENTATION_CONTEXT() REPRESENTATION_CONTEXT('2D SPACE',''
  ) );
#4941 = PCURVE('',#4942,#4947);
#4942 = PLANE('',#4943);
#4943 = AXIS2_PLACEMENT_3D('',#4944,#4945,#4946);
#4944 = CARTESIAN_POINT('',(-30.,-23.3,-5.5));
#4945 = DIRECTION('',(-0.,0.4472135955,0.894427191));
#4946 = DIRECTION('',(0.,0.894427191,-0.4472135955));
#4947 = DEFINITIONAL_REPRESENTATION('',(#4948),#4952);
#4948 = LINE('',#4949,#4950);
#4949 = CARTESIAN_POINT('',(0.817445561871,-41.80702494686));
#4950 = VECTOR('',#4951,1.);
#4951 = DIRECTION('',(0.999572023547,-2.925354238666E-02));
#4952 = ( GEOMETRIC_REPRESENTATION_CONTEXT(2) 
PARAMETRIC_REPRESENTATION_CONTEXT() REPRESENTATION_CONTEXT('2D SPACE',''
  ) );
#4953 = ADVANCED_FACE('',(#4954),#2159,.T.);
#4954 = FACE_BOUND('',#4955,.F.);
#4955 = EDGE_LOOP('',(#4956,#4986,#5040,#5041));
#4956 = ORIENTED_EDGE('',*,*,#4957,.F.);
#4957 = EDGE_CURVE('',#4958,#4960,#4962,.T.);
#4958 = VERTEX_POINT('',#4959);
#4959 = CARTESIAN_POINT('',(11.821442763704,-22.12821830984,
    0.99589084508));
#4960 = VERTEX_POINT('',#4961);
#4961 = CARTESIAN_POINT('',(11.803855476546,-22.665719558,0.727140220998
    ));
#4962 = SURFACE_CURVE('',#4963,(#4967,#4974),.PCURVE_S1.);
#4963 = LINE('',#4964,#4965);
#4964 = CARTESIAN_POINT('',(11.822551694882,-22.09432724485,
    1.012836377572));
#4965 = VECTOR('',#4966,1.);
#4966 = DIRECTION('',(-2.925354238666E-02,-0.894044397223,
    -0.447022198612));
#4967 = PCURVE('',#2159,#4968);
#4968 = DEFINITIONAL_REPRESENTATION('',(#4969),#4973);
#4969 = LINE('',#4970,#4971);
#4970 = CARTESIAN_POINT('',(-0.,0.));
#4971 = VECTOR('',#4972,1.);
#4972 = DIRECTION('',(-0.,1.));
#4973 = ( GEOMETRIC_REPRESENTATION_CONTEXT(2) 
PARAMETRIC_REPRESENTATION_CONTEXT() REPRESENTATION_CONTEXT('2D SPACE',''
  ) );
#4974 = PCURVE('',#4975,#4980);
#4975 = PLANE('',#4976);
#4976 = AXIS2_PLACEMENT_3D('',#4977,#4978,#4979);
#4977 = CARTESIAN_POINT('',(-30.,-22.1,1.01));
#4978 = DIRECTION('',(0.,0.4472135955,-0.894427191));
#4979 = DIRECTION('',(0.,-0.894427191,-0.4472135955));
#4980 = DEFINITIONAL_REPRESENTATION('',(#4981),#4985);
#4981 = LINE('',#4982,#4983);
#4982 = CARTESIAN_POINT('',(-6.342333059759E-03,-41.82255169488));
#4983 = VECTOR('',#4984,1.);
#4984 = DIRECTION('',(0.999572023547,2.925354238666E-02));
#4985 = ( GEOMETRIC_REPRESENTATION_CONTEXT(2) 
PARAMETRIC_REPRESENTATION_CONTEXT() REPRESENTATION_CONTEXT('2D SPACE',''
  ) );
#4986 = ORIENTED_EDGE('',*,*,#4987,.T.);
#4987 = EDGE_CURVE('',#4958,#2118,#4988,.T.);
#4988 = SURFACE_CURVE('',#4989,(#4994,#5001),.PCURVE_S1.);
#4989 = CIRCLE('',#4990,0.22);
#4990 = AXIS2_PLACEMENT_3D('',#4991,#4992,#4993);
#4991 = CARTESIAN_POINT('',(11.821442763704,-22.02983131883,
    0.79911686306));
#4992 = DIRECTION('',(2.925354238663E-02,0.894044397223,0.447022198612)
  );
#4993 = DIRECTION('',(-8.075137780672E-15,-0.4472135955,0.894427191));
#4994 = PCURVE('',#2159,#4995);
#4995 = DEFINITIONAL_REPRESENTATION('',(#4996),#5000);
#4996 = LINE('',#4997,#4998);
#4997 = CARTESIAN_POINT('',(-0.,3.790758612022E-02));
#4998 = VECTOR('',#4999,1.);
#4999 = DIRECTION('',(-1.,-6.795446668455E-15));
#5000 = ( GEOMETRIC_REPRESENTATION_CONTEXT(2) 
PARAMETRIC_REPRESENTATION_CONTEXT() REPRESENTATION_CONTEXT('2D SPACE',''
  ) );
#5001 = PCURVE('',#5002,#5007);
#5002 = SPHERICAL_SURFACE('',#5003,0.22);
#5003 = AXIS2_PLACEMENT_3D('',#5004,#5005,#5006);
#5004 = CARTESIAN_POINT('',(11.821442763704,-22.02983131883,
    0.79911686306));
#5005 = DIRECTION('',(-8.074349270001E-15,0.177829554836,-0.984061303693
    ));
#5006 = DIRECTION('',(-5.630464287503E-14,-0.984061303693,
    -0.177829554836));
#5007 = DEFINITIONAL_REPRESENTATION('',(#5008),#5039);
#5008 = B_SPLINE_CURVE_WITH_KNOTS('',8,(#5009,#5010,#5011,#5012,#5013,
    #5014,#5015,#5016,#5017,#5018,#5019,#5020,#5021,#5022,#5023,#5024,
    #5025,#5026,#5027,#5028,#5029,#5030,#5031,#5032,#5033,#5034,#5035,
    #5036,#5037,#5038),.UNSPECIFIED.,.F.,.F.,(9,7,7,7,9),(0.,
    0.19452132482,0.534933643256,1.04555212091,1.556170598563),
  .UNSPECIFIED.);
#5009 = CARTESIAN_POINT('',(0.,-1.285929127983));
#5010 = CARTESIAN_POINT('',(-8.648457063532E-02,-1.285217823255));
#5011 = CARTESIAN_POINT('',(-0.172486986808,-1.282201266503));
#5012 = CARTESIAN_POINT('',(-0.256211085367,-1.276901190842));
#5013 = CARTESIAN_POINT('',(-0.335882974683,-1.269448146381));
#5014 = CARTESIAN_POINT('',(-0.410459661221,-1.260062551716));
#5015 = CARTESIAN_POINT('',(-0.479611359933,-1.248991952307));
#5016 = CARTESIAN_POINT('',(-0.543401913215,-1.236457205741));
#5017 = CARTESIAN_POINT('',(-0.704798945776,-1.198515753351));
#5018 = CARTESIAN_POINT('',(-0.791888253541,-1.170504890988));
#5019 = CARTESIAN_POINT('',(-0.864775256687,-1.139704061473));
#5020 = CARTESIAN_POINT('',(-0.926884605467,-1.106941316222));
#5021 = CARTESIAN_POINT('',(-0.98040122394,-1.072676715239));
#5022 = CARTESIAN_POINT('',(-1.027125033802,-1.037272119351));
#5023 = CARTESIAN_POINT('',(-1.068357769457,-1.000963608525));
#5024 = CARTESIAN_POINT('',(-1.160238385187,-0.908384968418));
#5025 = CARTESIAN_POINT('',(-1.205285493602,-0.851211115811));
#5026 = CARTESIAN_POINT('',(-1.243648932189,-0.7930118414));
#5027 = CARTESIAN_POINT('',(-1.277164463385,-0.73407406323));
#5028 = CARTESIAN_POINT('',(-1.307016733053,-0.674582219727));
#5029 = CARTESIAN_POINT('',(-1.334066060123,-0.614673970109));
#5030 = CARTESIAN_POINT('',(-1.358915713298,-0.554437165437));
#5031 = CARTESIAN_POINT('',(-1.405172455599,-0.433453853823));
#5032 = CARTESIAN_POINT('',(-1.426579545613,-0.372707118929));
#5033 = CARTESIAN_POINT('',(-1.4467357228,-0.311776192556));
#5034 = CARTESIAN_POINT('',(-1.465978686188,-0.250711274962));
#5035 = CARTESIAN_POINT('',(-1.484569616809,-0.189550806846));
#5036 = CARTESIAN_POINT('',(-1.502732724745,-0.128327682437));
#5037 = CARTESIAN_POINT('',(-1.520678191931,-6.70727478911E-02));
#5038 = CARTESIAN_POINT('',(-1.538608510707,-5.815584993967E-03));
#5039 = ( GEOMETRIC_REPRESENTATION_CONTEXT(2) 
PARAMETRIC_REPRESENTATION_CONTEXT() REPRESENTATION_CONTEXT('2D SPACE',''
  ) );
#5040 = ORIENTED_EDGE('',*,*,#2145,.T.);
#5041 = ORIENTED_EDGE('',*,*,#5042,.F.);
#5042 = EDGE_CURVE('',#4960,#1958,#5043,.T.);
#5043 = SURFACE_CURVE('',#5044,(#5049,#5055),.PCURVE_S1.);
#5044 = CIRCLE('',#5045,0.22);
#5045 = AXIS2_PLACEMENT_3D('',#5046,#5047,#5048);
#5046 = CARTESIAN_POINT('',(11.803855476546,-22.56733256699,
    0.530366238978));
#5047 = DIRECTION('',(2.925354238666E-02,0.894044397223,0.447022198612)
  );
#5048 = DIRECTION('',(0.,-0.4472135955,0.894427191));
#5049 = PCURVE('',#2159,#5050);
#5050 = DEFINITIONAL_REPRESENTATION('',(#5051),#5054);
#5051 = B_SPLINE_CURVE_WITH_KNOTS('',1,(#5052,#5053),.UNSPECIFIED.,.F.,
  .F.,(2,2),(0.,1.556170598563),.PIECEWISE_BEZIER_KNOTS.);
#5052 = CARTESIAN_POINT('',(0.,0.639109550847));
#5053 = CARTESIAN_POINT('',(-1.556170598563,0.639109550847));
#5054 = ( GEOMETRIC_REPRESENTATION_CONTEXT(2) 
PARAMETRIC_REPRESENTATION_CONTEXT() REPRESENTATION_CONTEXT('2D SPACE',''
  ) );
#5055 = PCURVE('',#4844,#5056);
#5056 = DEFINITIONAL_REPRESENTATION('',(#5057),#5064);
#5057 = B_SPLINE_CURVE_WITH_KNOTS('',5,(#5058,#5059,#5060,#5061,#5062,
    #5063),.UNSPECIFIED.,.F.,.F.,(6,6),(0.,1.556170598563),
  .PIECEWISE_BEZIER_KNOTS.);
#5058 = CARTESIAN_POINT('',(0.,0.639347471151));
#5059 = CARTESIAN_POINT('',(0.24666336659,0.639347471151));
#5060 = CARTESIAN_POINT('',(0.454133932076,0.639347471151));
#5061 = CARTESIAN_POINT('',(0.65844959071,0.639347471151));
#5062 = CARTESIAN_POINT('',(0.865921553677,0.639347471151));
#5063 = CARTESIAN_POINT('',(1.112584920266,0.639347471151));
#5064 = ( GEOMETRIC_REPRESENTATION_CONTEXT(2) 
PARAMETRIC_REPRESENTATION_CONTEXT() REPRESENTATION_CONTEXT('2D SPACE',''
  ) );
#5065 = ADVANCED_FACE('',(#5066),#2133,.T.);
#5066 = FACE_BOUND('',#5067,.F.);
#5067 = EDGE_LOOP('',(#5068,#5098,#5130,#5178,#5179,#5180));
#5068 = ORIENTED_EDGE('',*,*,#5069,.F.);
#5069 = EDGE_CURVE('',#5070,#5072,#5074,.T.);
#5070 = VERTEX_POINT('',#5071);
#5071 = CARTESIAN_POINT('',(12.046955346686,-15.17685649287,
    2.261080113926));
#5072 = VERTEX_POINT('',#5073);
#5073 = CARTESIAN_POINT('',(11.821442763704,-22.06895382089,
    1.015610349873));
#5074 = SURFACE_CURVE('',#5075,(#5079,#5086),.PCURVE_S1.);
#5075 = LINE('',#5076,#5077);
#5076 = CARTESIAN_POINT('',(12.081389018221,-14.12449740745,
    2.451251749561));
#5077 = VECTOR('',#5078,1.);
#5078 = DIRECTION('',(-3.218225831519E-02,-0.983551576639,
    -0.177737442144));
#5079 = PCURVE('',#2133,#5080);
#5080 = DEFINITIONAL_REPRESENTATION('',(#5081),#5085);
#5081 = LINE('',#5082,#5083);
#5082 = CARTESIAN_POINT('',(-0.,0.));
#5083 = VECTOR('',#5084,1.);
#5084 = DIRECTION('',(-0.,1.));
#5085 = ( GEOMETRIC_REPRESENTATION_CONTEXT(2) 
PARAMETRIC_REPRESENTATION_CONTEXT() REPRESENTATION_CONTEXT('2D SPACE',''
  ) );
#5086 = PCURVE('',#5087,#5092);
#5087 = PLANE('',#5088);
#5088 = AXIS2_PLACEMENT_3D('',#5089,#5090,#5091);
#5089 = CARTESIAN_POINT('',(-30.,-14.1314242555,2.45));
#5090 = DIRECTION('',(0.,0.177829554836,-0.984061303693));
#5091 = DIRECTION('',(0.,-0.984061303693,-0.177829554836));
#5092 = DEFINITIONAL_REPRESENTATION('',(#5093),#5097);
#5093 = LINE('',#5094,#5095);
#5094 = CARTESIAN_POINT('',(-7.039041190035E-03,-42.08138901822));
#5095 = VECTOR('',#5096,1.);
#5096 = DIRECTION('',(0.999482016972,3.218225831519E-02));
#5097 = ( GEOMETRIC_REPRESENTATION_CONTEXT(2) 
PARAMETRIC_REPRESENTATION_CONTEXT() REPRESENTATION_CONTEXT('2D SPACE',''
  ) );
#5098 = ORIENTED_EDGE('',*,*,#5099,.T.);
#5099 = EDGE_CURVE('',#5070,#5100,#5102,.T.);
#5100 = VERTEX_POINT('',#5101);
#5101 = CARTESIAN_POINT('',(12.147027385972,-15.10174903204,
    2.251399612228));
#5102 = SURFACE_CURVE('',#5103,(#5110,#5120),.PCURVE_S1.);
#5103 = B_SPLINE_CURVE_WITH_KNOTS('',5,(#5104,#5105,#5106,#5107,#5108,
    #5109),.UNSPECIFIED.,.F.,.F.,(6,6),(0.,1.),
  .PIECEWISE_BEZIER_KNOTS.);
#5104 = CARTESIAN_POINT('',(12.046955346686,-15.17685649287,
    2.261080113926));
#5105 = CARTESIAN_POINT('',(12.06751824255,-15.15891226335,
    2.264322812665));
#5106 = CARTESIAN_POINT('',(12.088188229064,-15.14207291802,
    2.265064384787));
#5107 = CARTESIAN_POINT('',(12.108606201877,-15.12669745984,
    2.263167184326));
#5108 = CARTESIAN_POINT('',(12.128353859633,-15.11316071508,
    2.258576234622));
#5109 = CARTESIAN_POINT('',(12.147027385972,-15.10174903205,
    2.251399612228));
#5110 = PCURVE('',#2133,#5111);
#5111 = DEFINITIONAL_REPRESENTATION('',(#5112),#5119);
#5112 = B_SPLINE_CURVE_WITH_KNOTS('',5,(#5113,#5114,#5115,#5116,#5117,
    #5118),.UNSPECIFIED.,.F.,.F.,(6,6),(0.,1.),
  .PIECEWISE_BEZIER_KNOTS.);
#5113 = CARTESIAN_POINT('',(7.993605777301E-15,1.06995821106));
#5114 = CARTESIAN_POINT('',(-9.075184249904E-02,1.05107102641));
#5115 = CARTESIAN_POINT('',(-0.182215807977,1.033711649789));
#5116 = CARTESIAN_POINT('',(-0.27436338931,1.018269200733));
#5117 = CARTESIAN_POINT('',(-0.367085318051,1.005135573519));
#5118 = CARTESIAN_POINT('',(-0.460144169723,0.994586192937));
#5119 = ( GEOMETRIC_REPRESENTATION_CONTEXT(2) 
PARAMETRIC_REPRESENTATION_CONTEXT() REPRESENTATION_CONTEXT('2D SPACE',''
  ) );
#5120 = PCURVE('',#4543,#5121);
#5121 = DEFINITIONAL_REPRESENTATION('',(#5122),#5129);
#5122 = B_SPLINE_CURVE_WITH_KNOTS('',5,(#5123,#5124,#5125,#5126,#5127,
    #5128),.UNSPECIFIED.,.F.,.F.,(6,6),(0.,1.),
  .PIECEWISE_BEZIER_KNOTS.);
#5123 = CARTESIAN_POINT('',(-5.383320468774,-9.680501698309E-03));
#5124 = CARTESIAN_POINT('',(-5.384727395905,-1.29232004376E-02));
#5125 = CARTESIAN_POINT('',(-5.386103431683,-1.366477255869E-02));
#5126 = CARTESIAN_POINT('',(-5.387422182868,-1.176757209796E-02));
#5127 = CARTESIAN_POINT('',(-5.388654322868,-7.176622394148E-03));
#5128 = CARTESIAN_POINT('',(-5.38977414786,6.596612856002E-15));
#5129 = ( GEOMETRIC_REPRESENTATION_CONTEXT(2) 
PARAMETRIC_REPRESENTATION_CONTEXT() REPRESENTATION_CONTEXT('2D SPACE',''
  ) );
#5130 = ORIENTED_EDGE('',*,*,#5131,.T.);
#5131 = EDGE_CURVE('',#5100,#4562,#5132,.T.);
#5132 = SURFACE_CURVE('',#5133,(#5146,#5162),.PCURVE_S1.);
#5133 = B_SPLINE_CURVE_WITH_KNOTS('',6,(#5134,#5135,#5136,#5137,#5138,
    #5139,#5140,#5141,#5142,#5143,#5144,#5145),.UNSPECIFIED.,.F.,.F.,(7,
    5,7),(0.,0.292973657846,1.),.UNSPECIFIED.);
#5134 = CARTESIAN_POINT('',(12.147027385972,-15.10174903204,
    2.251399612228));
#5135 = CARTESIAN_POINT('',(12.156995659531,-15.09517487559,
    2.247663739531));
#5136 = CARTESIAN_POINT('',(12.166673997616,-15.08908878482,
    2.243239352516));
#5137 = CARTESIAN_POINT('',(12.17601150586,-15.08352851522,
    2.238139558279));
#5138 = CARTESIAN_POINT('',(12.18495938421,-15.07852746139,
    2.232385081842));
#5139 = CARTESIAN_POINT('',(12.193472386738,-15.07411337981,
    2.226004044856));
#5140 = CARTESIAN_POINT('',(12.220907941046,-15.06112153517,
    2.202205657679));
#5141 = CARTESIAN_POINT('',(12.237545191162,-15.05547261956,
    2.181930587361));
#5142 = CARTESIAN_POINT('',(12.250839460443,-15.05366506861,
    2.158707818846));
#5143 = CARTESIAN_POINT('',(12.26044021276,-15.05572919004,
    2.133255919053));
#5144 = CARTESIAN_POINT('',(12.266248119501,-15.06145351552,
    2.106341510649));
#5145 = CARTESIAN_POINT('',(12.268331049685,-15.07049324996,
    2.078694772664));
#5146 = PCURVE('',#2133,#5147);
#5147 = DEFINITIONAL_REPRESENTATION('',(#5148),#5161);
#5148 = B_SPLINE_CURVE_WITH_KNOTS('',6,(#5149,#5150,#5151,#5152,#5153,
    #5154,#5155,#5156,#5157,#5158,#5159,#5160),.UNSPECIFIED.,.F.,.F.,(7,
    5,7),(0.,0.292973657846,1.),.UNSPECIFIED.);
#5149 = CARTESIAN_POINT('',(-0.460144169724,0.994586192937));
#5150 = CARTESIAN_POINT('',(-0.509740441122,0.988463373895));
#5151 = CARTESIAN_POINT('',(-0.559427973501,0.982952298178));
#5152 = CARTESIAN_POINT('',(-0.609184068439,0.978089408521));
#5153 = CARTESIAN_POINT('',(-0.658984586716,0.973905437132));
#5154 = CARTESIAN_POINT('',(-0.708803360397,0.970424141783));
#5155 = CARTESIAN_POINT('',(-0.878812653653,0.96099291887));
#5156 = CARTESIAN_POINT('',(-0.99899205189,0.958505133871));
#5157 = CARTESIAN_POINT('',(-1.118667796081,0.960427030158));
#5158 = CARTESIAN_POINT('',(-1.237558425218,0.96667198172));
#5159 = CARTESIAN_POINT('',(-1.355501238019,0.976898937621));
#5160 = CARTESIAN_POINT('',(-1.47242358164,0.990636809774));
#5161 = ( GEOMETRIC_REPRESENTATION_CONTEXT(2) 
PARAMETRIC_REPRESENTATION_CONTEXT() REPRESENTATION_CONTEXT('2D SPACE',''
  ) );
#5162 = PCURVE('',#4502,#5163);
#5163 = DEFINITIONAL_REPRESENTATION('',(#5164),#5177);
#5164 = B_SPLINE_CURVE_WITH_KNOTS('',6,(#5165,#5166,#5167,#5168,#5169,
    #5170,#5171,#5172,#5173,#5174,#5175,#5176),.UNSPECIFIED.,.F.,.F.,(7,
    5,7),(0.,0.292973657846,1.),.UNSPECIFIED.);
#5165 = CARTESIAN_POINT('',(-5.38977414786,-0.172704839564));
#5166 = CARTESIAN_POINT('',(-5.39038753122,-0.168968966868));
#5167 = CARTESIAN_POINT('',(-5.390973388477,-0.164544579852));
#5168 = CARTESIAN_POINT('',(-5.391528430324,-0.159444785616));
#5169 = CARTESIAN_POINT('',(-5.392049599914,-0.153690309179));
#5170 = CARTESIAN_POINT('',(-5.392534174159,-0.147309272192));
#5171 = CARTESIAN_POINT('',(-5.394055440201,-0.123510885015));
#5172 = CARTESIAN_POINT('',(-5.394904929765,-0.103235814697));
#5173 = CARTESIAN_POINT('',(-5.395495098737,-8.001304618275E-02));
#5174 = CARTESIAN_POINT('',(-5.3958112542,-5.456114638944E-02));
#5175 = CARTESIAN_POINT('',(-5.395856850586,-2.764673798559E-02));
#5176 = CARTESIAN_POINT('',(-5.395646297112,6.274059299888E-15));
#5177 = ( GEOMETRIC_REPRESENTATION_CONTEXT(2) 
PARAMETRIC_REPRESENTATION_CONTEXT() REPRESENTATION_CONTEXT('2D SPACE',''
  ) );
#5178 = ORIENTED_EDGE('',*,*,#4585,.T.);
#5179 = ORIENTED_EDGE('',*,*,#2117,.T.);
#5180 = ORIENTED_EDGE('',*,*,#5181,.F.);
#5181 = EDGE_CURVE('',#5072,#2118,#5182,.T.);
#5182 = SURFACE_CURVE('',#5183,(#5188,#5194),.PCURVE_S1.);
#5183 = CIRCLE('',#5184,0.22);
#5184 = AXIS2_PLACEMENT_3D('',#5185,#5186,#5187);
#5185 = CARTESIAN_POINT('',(11.821442763704,-22.02983131883,
    0.79911686306));
#5186 = DIRECTION('',(3.218225831514E-02,0.983551576639,0.177737442144)
  );
#5187 = DIRECTION('',(0.999482016972,-3.166931507339E-02,
    -5.722956669797E-03));
#5188 = PCURVE('',#2133,#5189);
#5189 = DEFINITIONAL_REPRESENTATION('',(#5190),#5193);
#5190 = B_SPLINE_CURVE_WITH_KNOTS('',1,(#5191,#5192),.UNSPECIFIED.,.F.,
  .F.,(2,2),(4.712388980385,6.277369722186),.PIECEWISE_BEZIER_KNOTS.);
#5191 = CARTESIAN_POINT('',(0.,8.077315518711));
#5192 = CARTESIAN_POINT('',(-1.564980741801,8.077315518711));
#5193 = ( GEOMETRIC_REPRESENTATION_CONTEXT(2) 
PARAMETRIC_REPRESENTATION_CONTEXT() REPRESENTATION_CONTEXT('2D SPACE',''
  ) );
#5194 = PCURVE('',#5002,#5195);
#5195 = DEFINITIONAL_REPRESENTATION('',(#5196),#5199);
#5196 = B_SPLINE_CURVE_WITH_KNOTS('',1,(#5197,#5198),.UNSPECIFIED.,.F.,
  .F.,(2,2),(4.712388980385,6.277369722186),.PIECEWISE_BEZIER_KNOTS.);
#5197 = CARTESIAN_POINT('',(-1.538608510707,-1.570796326795));
#5198 = CARTESIAN_POINT('',(-1.538608510707,-5.815584993967E-03));
#5199 = ( GEOMETRIC_REPRESENTATION_CONTEXT(2) 
PARAMETRIC_REPRESENTATION_CONTEXT() REPRESENTATION_CONTEXT('2D SPACE',''
  ) );
#5200 = ADVANCED_FACE('',(#5201),#2190,.F.);
#5201 = FACE_BOUND('',#5202,.T.);
#5202 = EDGE_LOOP('',(#5203,#5227,#5248,#5249));
#5203 = ORIENTED_EDGE('',*,*,#5204,.T.);
#5204 = EDGE_CURVE('',#5205,#5205,#5207,.T.);
#5205 = VERTEX_POINT('',#5206);
#5206 = CARTESIAN_POINT('',(10.,-20.825,-4.3));
#5207 = SURFACE_CURVE('',#5208,(#5213,#5220),.PCURVE_S1.);
#5208 = CIRCLE('',#5209,0.525);
#5209 = AXIS2_PLACEMENT_3D('',#5210,#5211,#5212);
#5210 = CARTESIAN_POINT('',(10.,-21.35,-4.3));
#5211 = DIRECTION('',(-1.,0.,0.));
#5212 = DIRECTION('',(0.,1.,0.));
#5213 = PCURVE('',#2190,#5214);
#5214 = DEFINITIONAL_REPRESENTATION('',(#5215),#5219);
#5215 = LINE('',#5216,#5217);
#5216 = CARTESIAN_POINT('',(-6.28318530718,-25.));
#5217 = VECTOR('',#5218,1.);
#5218 = DIRECTION('',(1.,-0.));
#5219 = ( GEOMETRIC_REPRESENTATION_CONTEXT(2) 
PARAMETRIC_REPRESENTATION_CONTEXT() REPRESENTATION_CONTEXT('2D SPACE',''
  ) );
#5220 = PCURVE('',#2654,#5221);
#5221 = DEFINITIONAL_REPRESENTATION('',(#5222),#5226);
#5222 = CIRCLE('',#5223,0.525);
#5223 = AXIS2_PLACEMENT_2D('',#5224,#5225);
#5224 = CARTESIAN_POINT('',(1.95,-3.25));
#5225 = DIRECTION('',(1.,0.));
#5226 = ( GEOMETRIC_REPRESENTATION_CONTEXT(2) 
PARAMETRIC_REPRESENTATION_CONTEXT() REPRESENTATION_CONTEXT('2D SPACE',''
  ) );
#5227 = ORIENTED_EDGE('',*,*,#5228,.T.);
#5228 = EDGE_CURVE('',#5205,#2174,#5229,.T.);
#5229 = SEAM_CURVE('',#5230,(#5234,#5241),.PCURVE_S1.);
#5230 = LINE('',#5231,#5232);
#5231 = CARTESIAN_POINT('',(-15.,-20.825,-4.3));
#5232 = VECTOR('',#5233,1.);
#5233 = DIRECTION('',(1.,0.,0.));
#5234 = PCURVE('',#2190,#5235);
#5235 = DEFINITIONAL_REPRESENTATION('',(#5236),#5240);
#5236 = LINE('',#5237,#5238);
#5237 = CARTESIAN_POINT('',(-6.28318530718,0.));
#5238 = VECTOR('',#5239,1.);
#5239 = DIRECTION('',(-0.,-1.));
#5240 = ( GEOMETRIC_REPRESENTATION_CONTEXT(2) 
PARAMETRIC_REPRESENTATION_CONTEXT() REPRESENTATION_CONTEXT('2D SPACE',''
  ) );
#5241 = PCURVE('',#2190,#5242);
#5242 = DEFINITIONAL_REPRESENTATION('',(#5243),#5247);
#5243 = LINE('',#5244,#5245);
#5244 = CARTESIAN_POINT('',(-0.,0.));
#5245 = VECTOR('',#5246,1.);
#5246 = DIRECTION('',(-0.,-1.));
#5247 = ( GEOMETRIC_REPRESENTATION_CONTEXT(2) 
PARAMETRIC_REPRESENTATION_CONTEXT() REPRESENTATION_CONTEXT('2D SPACE',''
  ) );
#5248 = ORIENTED_EDGE('',*,*,#2173,.T.);
#5249 = ORIENTED_EDGE('',*,*,#5228,.F.);
#5250 = ADVANCED_FACE('',(#5251),#2255,.T.);
#5251 = FACE_BOUND('',#5252,.F.);
#5252 = EDGE_LOOP('',(#5253,#5276,#5298,#5299));
#5253 = ORIENTED_EDGE('',*,*,#5254,.F.);
#5254 = EDGE_CURVE('',#5255,#4229,#5257,.T.);
#5255 = VERTEX_POINT('',#5256);
#5256 = CARTESIAN_POINT('',(10.22,22.343916584819,-5.978041707591));
#5257 = SURFACE_CURVE('',#5258,(#5262,#5269),.PCURVE_S1.);
#5258 = LINE('',#5259,#5260);
#5259 = CARTESIAN_POINT('',(10.,22.343916584819,-5.978041707591));
#5260 = VECTOR('',#5261,1.);
#5261 = DIRECTION('',(1.,0.,0.));
#5262 = PCURVE('',#2255,#5263);
#5263 = DEFINITIONAL_REPRESENTATION('',(#5264),#5268);
#5264 = LINE('',#5265,#5266);
#5265 = CARTESIAN_POINT('',(-0.,0.));
#5266 = VECTOR('',#5267,1.);
#5267 = DIRECTION('',(-0.,1.));
#5268 = ( GEOMETRIC_REPRESENTATION_CONTEXT(2) 
PARAMETRIC_REPRESENTATION_CONTEXT() REPRESENTATION_CONTEXT('2D SPACE',''
  ) );
#5269 = PCURVE('',#4264,#5270);
#5270 = DEFINITIONAL_REPRESENTATION('',(#5271),#5275);
#5271 = LINE('',#5272,#5273);
#5272 = CARTESIAN_POINT('',(1.068933754253,-40.));
#5273 = VECTOR('',#5274,1.);
#5274 = DIRECTION('',(0.,-1.));
#5275 = ( GEOMETRIC_REPRESENTATION_CONTEXT(2) 
PARAMETRIC_REPRESENTATION_CONTEXT() REPRESENTATION_CONTEXT('2D SPACE',''
  ) );
#5276 = ORIENTED_EDGE('',*,*,#5277,.T.);
#5277 = EDGE_CURVE('',#5255,#2219,#5278,.T.);
#5278 = SURFACE_CURVE('',#5279,(#5284,#5291),.PCURVE_S1.);
#5279 = CIRCLE('',#5280,0.22);
#5280 = AXIS2_PLACEMENT_3D('',#5281,#5282,#5283);
#5281 = CARTESIAN_POINT('',(10.22,22.245529593809,-5.781267725571));
#5282 = DIRECTION('',(-1.,0.,-0.));
#5283 = DIRECTION('',(0.,0.4472135955,-0.894427191));
#5284 = PCURVE('',#2255,#5285);
#5285 = DEFINITIONAL_REPRESENTATION('',(#5286),#5290);
#5286 = LINE('',#5287,#5288);
#5287 = CARTESIAN_POINT('',(-0.,0.22));
#5288 = VECTOR('',#5289,1.);
#5289 = DIRECTION('',(-1.,0.));
#5290 = ( GEOMETRIC_REPRESENTATION_CONTEXT(2) 
PARAMETRIC_REPRESENTATION_CONTEXT() REPRESENTATION_CONTEXT('2D SPACE',''
  ) );
#5291 = PCURVE('',#2386,#5292);
#5292 = DEFINITIONAL_REPRESENTATION('',(#5293),#5297);
#5293 = LINE('',#5294,#5295);
#5294 = CARTESIAN_POINT('',(-0.,0.));
#5295 = VECTOR('',#5296,1.);
#5296 = DIRECTION('',(-1.,0.));
#5297 = ( GEOMETRIC_REPRESENTATION_CONTEXT(2) 
PARAMETRIC_REPRESENTATION_CONTEXT() REPRESENTATION_CONTEXT('2D SPACE',''
  ) );
#5298 = ORIENTED_EDGE('',*,*,#2241,.T.);
#5299 = ORIENTED_EDGE('',*,*,#4702,.F.);
#5300 = ADVANCED_FACE('',(#5301),#2288,.T.);
#5301 = FACE_BOUND('',#5302,.T.);
#5302 = EDGE_LOOP('',(#5303,#5304,#5324));
#5303 = ORIENTED_EDGE('',*,*,#4906,.F.);
#5304 = ORIENTED_EDGE('',*,*,#5305,.T.);
#5305 = EDGE_CURVE('',#4907,#2272,#5306,.T.);
#5306 = SURFACE_CURVE('',#5307,(#5312,#5318),.PCURVE_S1.);
#5307 = CIRCLE('',#5308,0.22);
#5308 = AXIS2_PLACEMENT_3D('',#5309,#5310,#5311);
#5309 = CARTESIAN_POINT('',(11.8143850173,-22.2455295938,-5.781267725571
    ));
#5310 = DIRECTION('',(1.,2.464761465559E-15,1.682241310902E-14));
#5311 = DIRECTION('',(5.318662177345E-15,0.894427191,-0.4472135955));
#5312 = PCURVE('',#2288,#5313);
#5313 = DEFINITIONAL_REPRESENTATION('',(#5314),#5317);
#5314 = B_SPLINE_CURVE_WITH_KNOTS('',1,(#5315,#5316),.UNSPECIFIED.,.F.,
  .F.,(2,2),(4.712388980385,5.151557407706),.PIECEWISE_BEZIER_KNOTS.);
#5315 = CARTESIAN_POINT('',(1.600054043172,-1.570796326795));
#5316 = CARTESIAN_POINT('',(1.600054043172,-1.131627899474));
#5317 = ( GEOMETRIC_REPRESENTATION_CONTEXT(2) 
PARAMETRIC_REPRESENTATION_CONTEXT() REPRESENTATION_CONTEXT('2D SPACE',''
  ) );
#5318 = PCURVE('',#2476,#5319);
#5319 = DEFINITIONAL_REPRESENTATION('',(#5320),#5323);
#5320 = B_SPLINE_CURVE_WITH_KNOTS('',1,(#5321,#5322),.UNSPECIFIED.,.F.,
  .F.,(2,2),(4.712388980385,5.151557407706),.PIECEWISE_BEZIER_KNOTS.);
#5321 = CARTESIAN_POINT('',(0.,1.8143850173));
#5322 = CARTESIAN_POINT('',(0.439168427321,1.8143850173));
#5323 = ( GEOMETRIC_REPRESENTATION_CONTEXT(2) 
PARAMETRIC_REPRESENTATION_CONTEXT() REPRESENTATION_CONTEXT('2D SPACE',''
  ) );
#5324 = ORIENTED_EDGE('',*,*,#2271,.F.);
#5325 = ADVANCED_FACE('',(#5326,#5499),#2360,.F.);
#5326 = FACE_BOUND('',#5327,.F.);
#5327 = EDGE_LOOP('',(#5328,#5329,#5330,#5358,#5386,#5414,#5442,#5474));
#5328 = ORIENTED_EDGE('',*,*,#2549,.F.);
#5329 = ORIENTED_EDGE('',*,*,#2342,.F.);
#5330 = ORIENTED_EDGE('',*,*,#5331,.T.);
#5331 = EDGE_CURVE('',#2343,#5332,#5334,.T.);
#5332 = VERTEX_POINT('',#5333);
#5333 = CARTESIAN_POINT('',(10.,22.55,-5.629032522475));
#5334 = SURFACE_CURVE('',#5335,(#5339,#5346),.PCURVE_S1.);
#5335 = LINE('',#5336,#5337);
#5336 = CARTESIAN_POINT('',(10.,22.20161300899,-5.80322601798));
#5337 = VECTOR('',#5338,1.);
#5338 = DIRECTION('',(-0.,0.894427191,0.4472135955));
#5339 = PCURVE('',#2360,#5340);
#5340 = DEFINITIONAL_REPRESENTATION('',(#5341),#5345);
#5341 = LINE('',#5342,#5343);
#5342 = CARTESIAN_POINT('',(1.09838699101,-1.74677398202));
#5343 = VECTOR('',#5344,1.);
#5344 = DIRECTION('',(-0.894427191,-0.4472135955));
#5345 = ( GEOMETRIC_REPRESENTATION_CONTEXT(2) 
PARAMETRIC_REPRESENTATION_CONTEXT() REPRESENTATION_CONTEXT('2D SPACE',''
  ) );
#5346 = PCURVE('',#5347,#5352);
#5347 = CYLINDRICAL_SURFACE('',#5348,0.22);
#5348 = AXIS2_PLACEMENT_3D('',#5349,#5350,#5351);
#5349 = CARTESIAN_POINT('',(10.22,22.20161300899,-5.80322601798));
#5350 = DIRECTION('',(-0.,0.894427191,0.4472135955));
#5351 = DIRECTION('',(0.,0.4472135955,-0.894427191));
#5352 = DEFINITIONAL_REPRESENTATION('',(#5353),#5357);
#5353 = LINE('',#5354,#5355);
#5354 = CARTESIAN_POINT('',(1.570796326795,0.));
#5355 = VECTOR('',#5356,1.);
#5356 = DIRECTION('',(0.,1.));
#5357 = ( GEOMETRIC_REPRESENTATION_CONTEXT(2) 
PARAMETRIC_REPRESENTATION_CONTEXT() REPRESENTATION_CONTEXT('2D SPACE',''
  ) );
#5358 = ORIENTED_EDGE('',*,*,#5359,.T.);
#5359 = EDGE_CURVE('',#5332,#5360,#5362,.T.);
#5360 = VERTEX_POINT('',#5361);
#5361 = CARTESIAN_POINT('',(10.,22.55,0.539032522475));
#5362 = SURFACE_CURVE('',#5363,(#5367,#5374),.PCURVE_S1.);
#5363 = LINE('',#5364,#5365);
#5364 = CARTESIAN_POINT('',(10.,22.55,-7.55));
#5365 = VECTOR('',#5366,1.);
#5366 = DIRECTION('',(0.,0.,1.));
#5367 = PCURVE('',#2360,#5368);
#5368 = DEFINITIONAL_REPRESENTATION('',(#5369),#5373);
#5369 = LINE('',#5370,#5371);
#5370 = CARTESIAN_POINT('',(0.75,0.));
#5371 = VECTOR('',#5372,1.);
#5372 = DIRECTION('',(0.,-1.));
#5373 = ( GEOMETRIC_REPRESENTATION_CONTEXT(2) 
PARAMETRIC_REPRESENTATION_CONTEXT() REPRESENTATION_CONTEXT('2D SPACE',''
  ) );
#5374 = PCURVE('',#5375,#5380);
#5375 = CYLINDRICAL_SURFACE('',#5376,0.75);
#5376 = AXIS2_PLACEMENT_3D('',#5377,#5378,#5379);
#5377 = CARTESIAN_POINT('',(10.75,22.55,-7.55));
#5378 = DIRECTION('',(0.,0.,1.));
#5379 = DIRECTION('',(-0.,1.,0.));
#5380 = DEFINITIONAL_REPRESENTATION('',(#5381),#5385);
#5381 = LINE('',#5382,#5383);
#5382 = CARTESIAN_POINT('',(1.570796326795,0.));
#5383 = VECTOR('',#5384,1.);
#5384 = DIRECTION('',(0.,1.));
#5385 = ( GEOMETRIC_REPRESENTATION_CONTEXT(2) 
PARAMETRIC_REPRESENTATION_CONTEXT() REPRESENTATION_CONTEXT('2D SPACE',''
  ) );
#5386 = ORIENTED_EDGE('',*,*,#5387,.F.);
#5387 = EDGE_CURVE('',#5388,#5360,#5390,.T.);
#5388 = VERTEX_POINT('',#5389);
#5389 = CARTESIAN_POINT('',(10.,22.02983131883,0.79911686306));
#5390 = SURFACE_CURVE('',#5391,(#5395,#5402),.PCURVE_S1.);
#5391 = LINE('',#5392,#5393);
#5392 = CARTESIAN_POINT('',(10.,22.00161300899,0.81322601798));
#5393 = VECTOR('',#5394,1.);
#5394 = DIRECTION('',(-0.,0.894427191,-0.4472135955));
#5395 = PCURVE('',#2360,#5396);
#5396 = DEFINITIONAL_REPRESENTATION('',(#5397),#5401);
#5397 = LINE('',#5398,#5399);
#5398 = CARTESIAN_POINT('',(1.29838699101,-8.36322601798));
#5399 = VECTOR('',#5400,1.);
#5400 = DIRECTION('',(-0.894427191,0.4472135955));
#5401 = ( GEOMETRIC_REPRESENTATION_CONTEXT(2) 
PARAMETRIC_REPRESENTATION_CONTEXT() REPRESENTATION_CONTEXT('2D SPACE',''
  ) );
#5402 = PCURVE('',#5403,#5408);
#5403 = CYLINDRICAL_SURFACE('',#5404,0.22);
#5404 = AXIS2_PLACEMENT_3D('',#5405,#5406,#5407);
#5405 = CARTESIAN_POINT('',(10.22,22.00161300899,0.81322601798));
#5406 = DIRECTION('',(-0.,0.894427191,-0.4472135955));
#5407 = DIRECTION('',(-1.,-0.,0.));
#5408 = DEFINITIONAL_REPRESENTATION('',(#5409),#5413);
#5409 = LINE('',#5410,#5411);
#5410 = CARTESIAN_POINT('',(0.,0.));
#5411 = VECTOR('',#5412,1.);
#5412 = DIRECTION('',(0.,1.));
#5413 = ( GEOMETRIC_REPRESENTATION_CONTEXT(2) 
PARAMETRIC_REPRESENTATION_CONTEXT() REPRESENTATION_CONTEXT('2D SPACE',''
  ) );
#5414 = ORIENTED_EDGE('',*,*,#5415,.F.);
#5415 = EDGE_CURVE('',#5416,#5388,#5418,.T.);
#5416 = VERTEX_POINT('',#5417);
#5417 = CARTESIAN_POINT('',(10.,16.727484665327,1.757303046622));
#5418 = SURFACE_CURVE('',#5419,(#5423,#5430),.PCURVE_S1.);
#5419 = LINE('',#5420,#5421);
#5420 = CARTESIAN_POINT('',(10.,14.092301753438,2.233506513187));
#5421 = VECTOR('',#5422,1.);
#5422 = DIRECTION('',(-0.,0.984061303693,-0.177829554836));
#5423 = PCURVE('',#2360,#5424);
#5424 = DEFINITIONAL_REPRESENTATION('',(#5425),#5429);
#5425 = LINE('',#5426,#5427);
#5426 = CARTESIAN_POINT('',(9.207698246562,-9.783506513187));
#5427 = VECTOR('',#5428,1.);
#5428 = DIRECTION('',(-0.984061303693,0.177829554836));
#5429 = ( GEOMETRIC_REPRESENTATION_CONTEXT(2) 
PARAMETRIC_REPRESENTATION_CONTEXT() REPRESENTATION_CONTEXT('2D SPACE',''
  ) );
#5430 = PCURVE('',#5431,#5436);
#5431 = CYLINDRICAL_SURFACE('',#5432,0.22);
#5432 = AXIS2_PLACEMENT_3D('',#5433,#5434,#5435);
#5433 = CARTESIAN_POINT('',(10.22,14.092301753438,2.233506513187));
#5434 = DIRECTION('',(-0.,0.984061303693,-0.177829554836));
#5435 = DIRECTION('',(0.,0.177829554836,0.984061303693));
#5436 = DEFINITIONAL_REPRESENTATION('',(#5437),#5441);
#5437 = LINE('',#5438,#5439);
#5438 = CARTESIAN_POINT('',(-1.570796326795,0.));
#5439 = VECTOR('',#5440,1.);
#5440 = DIRECTION('',(-0.,1.));
#5441 = ( GEOMETRIC_REPRESENTATION_CONTEXT(2) 
PARAMETRIC_REPRESENTATION_CONTEXT() REPRESENTATION_CONTEXT('2D SPACE',''
  ) );
#5442 = ORIENTED_EDGE('',*,*,#5443,.T.);
#5443 = EDGE_CURVE('',#5416,#5444,#5446,.T.);
#5444 = VERTEX_POINT('',#5445);
#5445 = CARTESIAN_POINT('',(10.,16.731939492439,1.727242480214));
#5446 = SURFACE_CURVE('',#5447,(#5452,#5459),.PCURVE_S1.);
#5447 = HYPERBOLA('',#5448,78.614547858339,10.);
#5448 = AXIS2_PLACEMENT_3D('',#5449,#5450,#5451);
#5449 = CARTESIAN_POINT('',(10.,0.,154.96669888044));
#5450 = DIRECTION('',(1.,0.,0.));
#5451 = DIRECTION('',(0.,-0.,-1.));
#5452 = PCURVE('',#2360,#5453);
#5453 = DEFINITIONAL_REPRESENTATION('',(#5454),#5458);
#5454 = ( BOUNDED_CURVE() B_SPLINE_CURVE(2,(#5455,#5456,#5457),
.UNSPECIFIED.,.F.,.F.) B_SPLINE_CURVE_WITH_KNOTS((3,3),(1.285806345942,
1.287149094165),.PIECEWISE_BEZIER_KNOTS.) CURVE() 
GEOMETRIC_REPRESENTATION_ITEM() RATIONAL_B_SPLINE_CURVE((1.,
1.000000225372,1.)) REPRESENTATION_ITEM('') );
#5455 = CARTESIAN_POINT('',(6.594218959896,-9.453725980916));
#5456 = CARTESIAN_POINT('',(6.581147269641,-9.365553262419));
#5457 = CARTESIAN_POINT('',(6.568060507561,-9.277242480214));
#5458 = ( GEOMETRIC_REPRESENTATION_CONTEXT(2) 
PARAMETRIC_REPRESENTATION_CONTEXT() REPRESENTATION_CONTEXT('2D SPACE',''
  ) );
#5459 = PCURVE('',#5460,#5465);
#5460 = CONICAL_SURFACE('',#5461,19.492506231335,0.126523431618);
#5461 = AXIS2_PLACEMENT_3D('',#5462,#5463,#5464);
#5462 = CARTESIAN_POINT('',(0.,0.,1.727242480214));
#5463 = DIRECTION('',(-0.,-0.,-1.));
#5464 = DIRECTION('',(1.,0.,-0.));
#5465 = DEFINITIONAL_REPRESENTATION('',(#5466),#5473);
#5466 = B_SPLINE_CURVE_WITH_KNOTS('',5,(#5467,#5468,#5469,#5470,#5471,
    #5472),.UNSPECIFIED.,.F.,.F.,(6,6),(1.286920531246,1.287149094165),
  .PIECEWISE_BEZIER_KNOTS.);
#5467 = CARTESIAN_POINT('',(-1.031982405337,-3.00605664083E-02));
#5468 = CARTESIAN_POINT('',(-1.032005861301,-2.404925356031E-02));
#5469 = CARTESIAN_POINT('',(-1.032029316115,-1.803754052166E-02));
#5470 = CARTESIAN_POINT('',(-1.032052769778,-1.202542726618E-02));
#5471 = CARTESIAN_POINT('',(-1.032076222291,-6.012913767692E-03));
#5472 = CARTESIAN_POINT('',(-1.032099673654,-1.639587686953E-14));
#5473 = ( GEOMETRIC_REPRESENTATION_CONTEXT(2) 
PARAMETRIC_REPRESENTATION_CONTEXT() REPRESENTATION_CONTEXT('2D SPACE',''
  ) );
#5474 = ORIENTED_EDGE('',*,*,#5475,.T.);
#5475 = EDGE_CURVE('',#5444,#2521,#5476,.T.);
#5476 = SURFACE_CURVE('',#5477,(#5482,#5489),.PCURVE_S1.);
#5477 = HYPERBOLA('',#5478,236.51981818465,10.);
#5478 = AXIS2_PLACEMENT_3D('',#5479,#5480,#5481);
#5479 = CARTESIAN_POINT('',(10.,0.,462.76364546008));
#5480 = DIRECTION('',(1.,0.,0.));
#5481 = DIRECTION('',(0.,-0.,-1.));
#5482 = PCURVE('',#2360,#5483);
#5483 = DEFINITIONAL_REPRESENTATION('',(#5484),#5488);
#5484 = ( BOUNDED_CURVE() B_SPLINE_CURVE(2,(#5485,#5486,#5487),
.UNSPECIFIED.,.F.,.F.) B_SPLINE_CURVE_WITH_KNOTS((3,3),(1.287149094165,
1.287596849456),.PIECEWISE_BEZIER_KNOTS.) CURVE() 
GEOMETRIC_REPRESENTATION_ITEM() RATIONAL_B_SPLINE_CURVE((1.,
1.000000025061,1.)) REPRESENTATION_ITEM('') );
#5485 = CARTESIAN_POINT('',(6.568060507561,-9.277242480214));
#5486 = CARTESIAN_POINT('',(6.563696571231,-9.188644352191));
#5487 = CARTESIAN_POINT('',(6.559330957217,-9.1));
#5488 = ( GEOMETRIC_REPRESENTATION_CONTEXT(2) 
PARAMETRIC_REPRESENTATION_CONTEXT() REPRESENTATION_CONTEXT('2D SPACE',''
  ) );
#5489 = PCURVE('',#2537,#5490);
#5490 = DEFINITIONAL_REPRESENTATION('',(#5491),#5498);
#5491 = B_SPLINE_CURVE_WITH_KNOTS('',5,(#5492,#5493,#5494,#5495,#5496,
    #5497),.UNSPECIFIED.,.F.,.F.,(6,6),(1.287149094165,1.287596849456),
  .PIECEWISE_BEZIER_KNOTS.);
#5492 = CARTESIAN_POINT('',(-1.032099673654,-0.177242480214));
#5493 = CARTESIAN_POINT('',(-1.032145614929,-0.141803228434));
#5494 = CARTESIAN_POINT('',(-1.032191551789,-0.106359355116));
#5495 = CARTESIAN_POINT('',(-1.032237484236,-7.091085966502E-02));
#5496 = CARTESIAN_POINT('',(-1.032283412269,-3.545774149071E-02));
#5497 = CARTESIAN_POINT('',(-1.032329335888,-1.130406795144E-14));
#5498 = ( GEOMETRIC_REPRESENTATION_CONTEXT(2) 
PARAMETRIC_REPRESENTATION_CONTEXT() REPRESENTATION_CONTEXT('2D SPACE',''
  ) );
#5499 = FACE_BOUND('',#5500,.F.);
#5500 = EDGE_LOOP('',(#5501));
#5501 = ORIENTED_EDGE('',*,*,#4647,.T.);
#5502 = ADVANCED_FACE('',(#5503),#2386,.T.);
#5503 = FACE_BOUND('',#5504,.F.);
#5504 = EDGE_LOOP('',(#5505,#5525,#5526));
#5505 = ORIENTED_EDGE('',*,*,#5506,.F.);
#5506 = EDGE_CURVE('',#2343,#5255,#5507,.T.);
#5507 = SURFACE_CURVE('',#5508,(#5513,#5519),.PCURVE_S1.);
#5508 = CIRCLE('',#5509,0.22);
#5509 = AXIS2_PLACEMENT_3D('',#5510,#5511,#5512);
#5510 = CARTESIAN_POINT('',(10.22,22.245529593809,-5.781267725571));
#5511 = DIRECTION('',(0.,-0.894427191,-0.4472135955));
#5512 = DIRECTION('',(0.,0.4472135955,-0.894427191));
#5513 = PCURVE('',#2386,#5514);
#5514 = DEFINITIONAL_REPRESENTATION('',(#5515),#5518);
#5515 = B_SPLINE_CURVE_WITH_KNOTS('',1,(#5516,#5517),.UNSPECIFIED.,.F.,
  .F.,(2,2),(4.712388980385,6.28318530718),.PIECEWISE_BEZIER_KNOTS.);
#5516 = CARTESIAN_POINT('',(0.,-1.570796326795));
#5517 = CARTESIAN_POINT('',(0.,0.));
#5518 = ( GEOMETRIC_REPRESENTATION_CONTEXT(2) 
PARAMETRIC_REPRESENTATION_CONTEXT() REPRESENTATION_CONTEXT('2D SPACE',''
  ) );
#5519 = PCURVE('',#5347,#5520);
#5520 = DEFINITIONAL_REPRESENTATION('',(#5521),#5524);
#5521 = B_SPLINE_CURVE_WITH_KNOTS('',1,(#5522,#5523),.UNSPECIFIED.,.F.,
  .F.,(2,2),(4.712388980385,6.28318530718),.PIECEWISE_BEZIER_KNOTS.);
#5522 = CARTESIAN_POINT('',(1.570796326795,4.910023449716E-02));
#5523 = CARTESIAN_POINT('',(0.,4.910023449716E-02));
#5524 = ( GEOMETRIC_REPRESENTATION_CONTEXT(2) 
PARAMETRIC_REPRESENTATION_CONTEXT() REPRESENTATION_CONTEXT('2D SPACE',''
  ) );
#5525 = ORIENTED_EDGE('',*,*,#2372,.T.);
#5526 = ORIENTED_EDGE('',*,*,#5277,.F.);
#5527 = ADVANCED_FACE('',(#5528),#2476,.T.);
#5528 = FACE_BOUND('',#5529,.T.);
#5529 = EDGE_LOOP('',(#5530,#5553,#5575,#5576));
#5530 = ORIENTED_EDGE('',*,*,#5531,.F.);
#5531 = EDGE_CURVE('',#5532,#4907,#5534,.T.);
#5532 = VERTEX_POINT('',#5533);
#5533 = CARTESIAN_POINT('',(10.22,-22.34391658481,-5.978041707591));
#5534 = SURFACE_CURVE('',#5535,(#5539,#5546),.PCURVE_S1.);
#5535 = LINE('',#5536,#5537);
#5536 = CARTESIAN_POINT('',(10.,-22.34391658481,-5.978041707591));
#5537 = VECTOR('',#5538,1.);
#5538 = DIRECTION('',(1.,0.,0.));
#5539 = PCURVE('',#2476,#5540);
#5540 = DEFINITIONAL_REPRESENTATION('',(#5541),#5545);
#5541 = LINE('',#5542,#5543);
#5542 = CARTESIAN_POINT('',(0.,0.));
#5543 = VECTOR('',#5544,1.);
#5544 = DIRECTION('',(0.,1.));
#5545 = ( GEOMETRIC_REPRESENTATION_CONTEXT(2) 
PARAMETRIC_REPRESENTATION_CONTEXT() REPRESENTATION_CONTEXT('2D SPACE',''
  ) );
#5546 = PCURVE('',#4942,#5547);
#5547 = DEFINITIONAL_REPRESENTATION('',(#5548),#5552);
#5548 = LINE('',#5549,#5550);
#5549 = CARTESIAN_POINT('',(1.068933754253,-40.));
#5550 = VECTOR('',#5551,1.);
#5551 = DIRECTION('',(0.,-1.));
#5552 = ( GEOMETRIC_REPRESENTATION_CONTEXT(2) 
PARAMETRIC_REPRESENTATION_CONTEXT() REPRESENTATION_CONTEXT('2D SPACE',''
  ) );
#5553 = ORIENTED_EDGE('',*,*,#5554,.F.);
#5554 = EDGE_CURVE('',#2440,#5532,#5555,.T.);
#5555 = SURFACE_CURVE('',#5556,(#5561,#5568),.PCURVE_S1.);
#5556 = CIRCLE('',#5557,0.22);
#5557 = AXIS2_PLACEMENT_3D('',#5558,#5559,#5560);
#5558 = CARTESIAN_POINT('',(10.22,-22.2455295938,-5.781267725571));
#5559 = DIRECTION('',(-1.,0.,0.));
#5560 = DIRECTION('',(-0.,-2.447673697503E-02,-0.999700399793));
#5561 = PCURVE('',#2476,#5562);
#5562 = DEFINITIONAL_REPRESENTATION('',(#5563),#5567);
#5563 = LINE('',#5564,#5565);
#5564 = CARTESIAN_POINT('',(0.439168427321,0.22));
#5565 = VECTOR('',#5566,1.);
#5566 = DIRECTION('',(-1.,-0.));
#5567 = ( GEOMETRIC_REPRESENTATION_CONTEXT(2) 
PARAMETRIC_REPRESENTATION_CONTEXT() REPRESENTATION_CONTEXT('2D SPACE',''
  ) );
#5568 = PCURVE('',#2627,#5569);
#5569 = DEFINITIONAL_REPRESENTATION('',(#5570),#5574);
#5570 = LINE('',#5571,#5572);
#5571 = CARTESIAN_POINT('',(-0.,0.));
#5572 = VECTOR('',#5573,1.);
#5573 = DIRECTION('',(-1.,0.));
#5574 = ( GEOMETRIC_REPRESENTATION_CONTEXT(2) 
PARAMETRIC_REPRESENTATION_CONTEXT() REPRESENTATION_CONTEXT('2D SPACE',''
  ) );
#5575 = ORIENTED_EDGE('',*,*,#2462,.T.);
#5576 = ORIENTED_EDGE('',*,*,#5305,.F.);
#5577 = ADVANCED_FACE('',(#5578,#5746),#2509,.T.);
#5578 = FACE_BOUND('',#5579,.T.);
#5579 = EDGE_LOOP('',(#5580,#5581,#5582,#5610,#5638,#5666,#5694,#5721));
#5580 = ORIENTED_EDGE('',*,*,#2492,.F.);
#5581 = ORIENTED_EDGE('',*,*,#2714,.F.);
#5582 = ORIENTED_EDGE('',*,*,#5583,.F.);
#5583 = EDGE_CURVE('',#5584,#2715,#5586,.T.);
#5584 = VERTEX_POINT('',#5585);
#5585 = CARTESIAN_POINT('',(-10.,22.55,-5.629032522475));
#5586 = SURFACE_CURVE('',#5587,(#5591,#5598),.PCURVE_S1.);
#5587 = LINE('',#5588,#5589);
#5588 = CARTESIAN_POINT('',(-10.,22.45161300899,-5.67822601798));
#5589 = VECTOR('',#5590,1.);
#5590 = DIRECTION('',(0.,-0.894427191,-0.4472135955));
#5591 = PCURVE('',#2509,#5592);
#5592 = DEFINITIONAL_REPRESENTATION('',(#5593),#5597);
#5593 = LINE('',#5594,#5595);
#5594 = CARTESIAN_POINT('',(0.84838699101,-1.87177398202));
#5595 = VECTOR('',#5596,1.);
#5596 = DIRECTION('',(0.894427191,0.4472135955));
#5597 = ( GEOMETRIC_REPRESENTATION_CONTEXT(2) 
PARAMETRIC_REPRESENTATION_CONTEXT() REPRESENTATION_CONTEXT('2D SPACE',''
  ) );
#5598 = PCURVE('',#5599,#5604);
#5599 = CYLINDRICAL_SURFACE('',#5600,0.22);
#5600 = AXIS2_PLACEMENT_3D('',#5601,#5602,#5603);
#5601 = CARTESIAN_POINT('',(-10.22,22.45161300899,-5.67822601798));
#5602 = DIRECTION('',(0.,-0.894427191,-0.4472135955));
#5603 = DIRECTION('',(0.,0.4472135955,-0.894427191));
#5604 = DEFINITIONAL_REPRESENTATION('',(#5605),#5609);
#5605 = LINE('',#5606,#5607);
#5606 = CARTESIAN_POINT('',(1.570796326795,0.));
#5607 = VECTOR('',#5608,1.);
#5608 = DIRECTION('',(0.,1.));
#5609 = ( GEOMETRIC_REPRESENTATION_CONTEXT(2) 
PARAMETRIC_REPRESENTATION_CONTEXT() REPRESENTATION_CONTEXT('2D SPACE',''
  ) );
#5610 = ORIENTED_EDGE('',*,*,#5611,.T.);
#5611 = EDGE_CURVE('',#5584,#5612,#5614,.T.);
#5612 = VERTEX_POINT('',#5613);
#5613 = CARTESIAN_POINT('',(-10.,22.55,0.539032522475));
#5614 = SURFACE_CURVE('',#5615,(#5619,#5626),.PCURVE_S1.);
#5615 = LINE('',#5616,#5617);
#5616 = CARTESIAN_POINT('',(-10.,22.55,-7.55));
#5617 = VECTOR('',#5618,1.);
#5618 = DIRECTION('',(0.,0.,1.));
#5619 = PCURVE('',#2509,#5620);
#5620 = DEFINITIONAL_REPRESENTATION('',(#5621),#5625);
#5621 = LINE('',#5622,#5623);
#5622 = CARTESIAN_POINT('',(0.75,0.));
#5623 = VECTOR('',#5624,1.);
#5624 = DIRECTION('',(0.,-1.));
#5625 = ( GEOMETRIC_REPRESENTATION_CONTEXT(2) 
PARAMETRIC_REPRESENTATION_CONTEXT() REPRESENTATION_CONTEXT('2D SPACE',''
  ) );
#5626 = PCURVE('',#5627,#5632);
#5627 = CYLINDRICAL_SURFACE('',#5628,0.75);
#5628 = AXIS2_PLACEMENT_3D('',#5629,#5630,#5631);
#5629 = CARTESIAN_POINT('',(-10.75,22.55,-7.55));
#5630 = DIRECTION('',(0.,0.,1.));
#5631 = DIRECTION('',(-0.,1.,0.));
#5632 = DEFINITIONAL_REPRESENTATION('',(#5633),#5637);
#5633 = LINE('',#5634,#5635);
#5634 = CARTESIAN_POINT('',(-1.570796326795,0.));
#5635 = VECTOR('',#5636,1.);
#5636 = DIRECTION('',(-0.,1.));
#5637 = ( GEOMETRIC_REPRESENTATION_CONTEXT(2) 
PARAMETRIC_REPRESENTATION_CONTEXT() REPRESENTATION_CONTEXT('2D SPACE',''
  ) );
#5638 = ORIENTED_EDGE('',*,*,#5639,.T.);
#5639 = EDGE_CURVE('',#5612,#5640,#5642,.T.);
#5640 = VERTEX_POINT('',#5641);
#5641 = CARTESIAN_POINT('',(-10.,22.02983131883,0.79911686306));
#5642 = SURFACE_CURVE('',#5643,(#5647,#5654),.PCURVE_S1.);
#5643 = LINE('',#5644,#5645);
#5644 = CARTESIAN_POINT('',(-10.,22.45161300899,0.58822601798));
#5645 = VECTOR('',#5646,1.);
#5646 = DIRECTION('',(0.,-0.894427191,0.4472135955));
#5647 = PCURVE('',#2509,#5648);
#5648 = DEFINITIONAL_REPRESENTATION('',(#5649),#5653);
#5649 = LINE('',#5650,#5651);
#5650 = CARTESIAN_POINT('',(0.84838699101,-8.13822601798));
#5651 = VECTOR('',#5652,1.);
#5652 = DIRECTION('',(0.894427191,-0.4472135955));
#5653 = ( GEOMETRIC_REPRESENTATION_CONTEXT(2) 
PARAMETRIC_REPRESENTATION_CONTEXT() REPRESENTATION_CONTEXT('2D SPACE',''
  ) );
#5654 = PCURVE('',#5655,#5660);
#5655 = CYLINDRICAL_SURFACE('',#5656,0.22);
#5656 = AXIS2_PLACEMENT_3D('',#5657,#5658,#5659);
#5657 = CARTESIAN_POINT('',(-10.22,22.45161300899,0.58822601798));
#5658 = DIRECTION('',(0.,-0.894427191,0.4472135955));
#5659 = DIRECTION('',(0.,0.4472135955,0.894427191));
#5660 = DEFINITIONAL_REPRESENTATION('',(#5661),#5665);
#5661 = LINE('',#5662,#5663);
#5662 = CARTESIAN_POINT('',(-1.570796326795,0.));
#5663 = VECTOR('',#5664,1.);
#5664 = DIRECTION('',(-0.,1.));
#5665 = ( GEOMETRIC_REPRESENTATION_CONTEXT(2) 
PARAMETRIC_REPRESENTATION_CONTEXT() REPRESENTATION_CONTEXT('2D SPACE',''
  ) );
#5666 = ORIENTED_EDGE('',*,*,#5667,.F.);
#5667 = EDGE_CURVE('',#5668,#5640,#5670,.T.);
#5668 = VERTEX_POINT('',#5669);
#5669 = CARTESIAN_POINT('',(-10.,16.727484665327,1.757303046622));
#5670 = SURFACE_CURVE('',#5671,(#5675,#5682),.PCURVE_S1.);
#5671 = LINE('',#5672,#5673);
#5672 = CARTESIAN_POINT('',(-10.,14.092301753438,2.233506513187));
#5673 = VECTOR('',#5674,1.);
#5674 = DIRECTION('',(-0.,0.984061303693,-0.177829554836));
#5675 = PCURVE('',#2509,#5676);
#5676 = DEFINITIONAL_REPRESENTATION('',(#5677),#5681);
#5677 = LINE('',#5678,#5679);
#5678 = CARTESIAN_POINT('',(9.207698246562,-9.783506513187));
#5679 = VECTOR('',#5680,1.);
#5680 = DIRECTION('',(-0.984061303693,0.177829554836));
#5681 = ( GEOMETRIC_REPRESENTATION_CONTEXT(2) 
PARAMETRIC_REPRESENTATION_CONTEXT() REPRESENTATION_CONTEXT('2D SPACE',''
  ) );
#5682 = PCURVE('',#5683,#5688);
#5683 = CYLINDRICAL_SURFACE('',#5684,0.22);
#5684 = AXIS2_PLACEMENT_3D('',#5685,#5686,#5687);
#5685 = CARTESIAN_POINT('',(-10.22,14.092301753438,2.233506513187));
#5686 = DIRECTION('',(-0.,0.984061303693,-0.177829554836));
#5687 = DIRECTION('',(0.,0.177829554836,0.984061303693));
#5688 = DEFINITIONAL_REPRESENTATION('',(#5689),#5693);
#5689 = LINE('',#5690,#5691);
#5690 = CARTESIAN_POINT('',(1.570796326795,0.));
#5691 = VECTOR('',#5692,1.);
#5692 = DIRECTION('',(0.,1.));
#5693 = ( GEOMETRIC_REPRESENTATION_CONTEXT(2) 
PARAMETRIC_REPRESENTATION_CONTEXT() REPRESENTATION_CONTEXT('2D SPACE',''
  ) );
#5694 = ORIENTED_EDGE('',*,*,#5695,.T.);
#5695 = EDGE_CURVE('',#5668,#5696,#5698,.T.);
#5696 = VERTEX_POINT('',#5697);
#5697 = CARTESIAN_POINT('',(-10.,16.731939492439,1.727242480214));
#5698 = SURFACE_CURVE('',#5699,(#5704,#5711),.PCURVE_S1.);
#5699 = HYPERBOLA('',#5700,78.614547858339,10.);
#5700 = AXIS2_PLACEMENT_3D('',#5701,#5702,#5703);
#5701 = CARTESIAN_POINT('',(-10.,0.,154.96669888044));
#5702 = DIRECTION('',(1.,0.,0.));
#5703 = DIRECTION('',(0.,-0.,-1.));
#5704 = PCURVE('',#2509,#5705);
#5705 = DEFINITIONAL_REPRESENTATION('',(#5706),#5710);
#5706 = ( BOUNDED_CURVE() B_SPLINE_CURVE(2,(#5707,#5708,#5709),
.UNSPECIFIED.,.F.,.F.) B_SPLINE_CURVE_WITH_KNOTS((3,3),(1.285806345942,
1.287149094165),.PIECEWISE_BEZIER_KNOTS.) CURVE() 
GEOMETRIC_REPRESENTATION_ITEM() RATIONAL_B_SPLINE_CURVE((1.,
1.000000225372,1.)) REPRESENTATION_ITEM('') );
#5707 = CARTESIAN_POINT('',(6.594218959896,-9.453725980916));
#5708 = CARTESIAN_POINT('',(6.581147269639,-9.365553262417));
#5709 = CARTESIAN_POINT('',(6.568060507561,-9.277242480214));
#5710 = ( GEOMETRIC_REPRESENTATION_CONTEXT(2) 
PARAMETRIC_REPRESENTATION_CONTEXT() REPRESENTATION_CONTEXT('2D SPACE',''
  ) );
#5711 = PCURVE('',#5460,#5712);
#5712 = DEFINITIONAL_REPRESENTATION('',(#5713),#5720);
#5713 = B_SPLINE_CURVE_WITH_KNOTS('',5,(#5714,#5715,#5716,#5717,#5718,
    #5719),.UNSPECIFIED.,.F.,.F.,(6,6),(1.285806345942,1.287149094165),
  .PIECEWISE_BEZIER_KNOTS.);
#5714 = CARTESIAN_POINT('',(-2.11018223057,-0.176483500703));
#5715 = CARTESIAN_POINT('',(-2.110044301008,-0.141214408002));
#5716 = CARTESIAN_POINT('',(-2.109906411173,-0.105931516883));
#5717 = CARTESIAN_POINT('',(-2.109768561056,-7.063482204521E-02));
#5718 = CARTESIAN_POINT('',(-2.109630750647,-3.53243181869E-02));
#5719 = CARTESIAN_POINT('',(-2.109492979935,-1.595115714191E-14));
#5720 = ( GEOMETRIC_REPRESENTATION_CONTEXT(2) 
PARAMETRIC_REPRESENTATION_CONTEXT() REPRESENTATION_CONTEXT('2D SPACE',''
  ) );
#5721 = ORIENTED_EDGE('',*,*,#5722,.T.);
#5722 = EDGE_CURVE('',#5696,#2495,#5723,.T.);
#5723 = SURFACE_CURVE('',#5724,(#5729,#5736),.PCURVE_S1.);
#5724 = HYPERBOLA('',#5725,236.51981818465,10.);
#5725 = AXIS2_PLACEMENT_3D('',#5726,#5727,#5728);
#5726 = CARTESIAN_POINT('',(-10.,0.,462.76364546008));
#5727 = DIRECTION('',(1.,0.,0.));
#5728 = DIRECTION('',(0.,-0.,-1.));
#5729 = PCURVE('',#2509,#5730);
#5730 = DEFINITIONAL_REPRESENTATION('',(#5731),#5735);
#5731 = ( BOUNDED_CURVE() B_SPLINE_CURVE(2,(#5732,#5733,#5734),
.UNSPECIFIED.,.F.,.F.) B_SPLINE_CURVE_WITH_KNOTS((3,3),(1.287149094165,
1.287596849456),.PIECEWISE_BEZIER_KNOTS.) CURVE() 
GEOMETRIC_REPRESENTATION_ITEM() RATIONAL_B_SPLINE_CURVE((1.,
1.000000025061,1.)) REPRESENTATION_ITEM('') );
#5732 = CARTESIAN_POINT('',(6.568060507561,-9.277242480214));
#5733 = CARTESIAN_POINT('',(6.563696571231,-9.188644352174));
#5734 = CARTESIAN_POINT('',(6.559330957217,-9.1));
#5735 = ( GEOMETRIC_REPRESENTATION_CONTEXT(2) 
PARAMETRIC_REPRESENTATION_CONTEXT() REPRESENTATION_CONTEXT('2D SPACE',''
  ) );
#5736 = PCURVE('',#2537,#5737);
#5737 = DEFINITIONAL_REPRESENTATION('',(#5738),#5745);
#5738 = B_SPLINE_CURVE_WITH_KNOTS('',5,(#5739,#5740,#5741,#5742,#5743,
    #5744),.UNSPECIFIED.,.F.,.F.,(6,6),(1.287149094165,1.287596849456),
  .PIECEWISE_BEZIER_KNOTS.);
#5739 = CARTESIAN_POINT('',(-2.109492979935,-0.177242480214));
#5740 = CARTESIAN_POINT('',(-2.109447038661,-0.141803228434));
#5741 = CARTESIAN_POINT('',(-2.1094011018,-0.106359355115));
#5742 = CARTESIAN_POINT('',(-2.109355169354,-7.091085966498E-02));
#5743 = CARTESIAN_POINT('',(-2.109309241321,-3.545774149048E-02));
#5744 = CARTESIAN_POINT('',(-2.109263317702,2.73005632132E-13));
#5745 = ( GEOMETRIC_REPRESENTATION_CONTEXT(2) 
PARAMETRIC_REPRESENTATION_CONTEXT() REPRESENTATION_CONTEXT('2D SPACE',''
  ) );
#5746 = FACE_BOUND('',#5747,.T.);
#5747 = EDGE_LOOP('',(#5748));
#5748 = ORIENTED_EDGE('',*,*,#5749,.T.);
#5749 = EDGE_CURVE('',#5750,#5750,#5752,.T.);
#5750 = VERTEX_POINT('',#5751);
#5751 = CARTESIAN_POINT('',(-10.,21.875,-4.3));
#5752 = SURFACE_CURVE('',#5753,(#5758,#5769),.PCURVE_S1.);
#5753 = CIRCLE('',#5754,0.525);
#5754 = AXIS2_PLACEMENT_3D('',#5755,#5756,#5757);
#5755 = CARTESIAN_POINT('',(-10.,21.35,-4.3));
#5756 = DIRECTION('',(-1.,0.,0.));
#5757 = DIRECTION('',(0.,1.,0.));
#5758 = PCURVE('',#2509,#5759);
#5759 = DEFINITIONAL_REPRESENTATION('',(#5760),#5768);
#5760 = ( BOUNDED_CURVE() B_SPLINE_CURVE(2,(#5761,#5762,#5763,#5764,
#5765,#5766,#5767),.UNSPECIFIED.,.T.,.F.) B_SPLINE_CURVE_WITH_KNOTS((1,2
    ,2,2,2,1),(-2.094395102393,0.,2.094395102393,4.188790204786,
6.28318530718,8.377580409573),.UNSPECIFIED.) CURVE() 
GEOMETRIC_REPRESENTATION_ITEM() RATIONAL_B_SPLINE_CURVE((1.,0.5,1.,0.5,
1.,0.5,1.)) REPRESENTATION_ITEM('') );
#5761 = CARTESIAN_POINT('',(1.425,-3.25));
#5762 = CARTESIAN_POINT('',(1.425,-2.340673326026));
#5763 = CARTESIAN_POINT('',(2.2125,-2.795336663013));
#5764 = CARTESIAN_POINT('',(3.,-3.25));
#5765 = CARTESIAN_POINT('',(2.2125,-3.704663336987));
#5766 = CARTESIAN_POINT('',(1.425,-4.159326673974));
#5767 = CARTESIAN_POINT('',(1.425,-3.25));
#5768 = ( GEOMETRIC_REPRESENTATION_CONTEXT(2) 
PARAMETRIC_REPRESENTATION_CONTEXT() REPRESENTATION_CONTEXT('2D SPACE',''
  ) );
#5769 = PCURVE('',#3420,#5770);
#5770 = DEFINITIONAL_REPRESENTATION('',(#5771),#5775);
#5771 = LINE('',#5772,#5773);
#5772 = CARTESIAN_POINT('',(-6.28318530718,-5.));
#5773 = VECTOR('',#5774,1.);
#5774 = DIRECTION('',(1.,-0.));
#5775 = ( GEOMETRIC_REPRESENTATION_CONTEXT(2) 
PARAMETRIC_REPRESENTATION_CONTEXT() REPRESENTATION_CONTEXT('2D SPACE',''
  ) );
#5776 = ADVANCED_FACE('',(#5777),#2537,.T.);
#5777 = FACE_BOUND('',#5778,.T.);
#5778 = EDGE_LOOP('',(#5779,#5780,#5802,#5803));
#5779 = ORIENTED_EDGE('',*,*,#5722,.F.);
#5780 = ORIENTED_EDGE('',*,*,#5781,.T.);
#5781 = EDGE_CURVE('',#5696,#5444,#5782,.T.);
#5782 = SURFACE_CURVE('',#5783,(#5788,#5795),.PCURVE_S1.);
#5783 = CIRCLE('',#5784,19.492506231335);
#5784 = AXIS2_PLACEMENT_3D('',#5785,#5786,#5787);
#5785 = CARTESIAN_POINT('',(0.,0.,1.727242480214));
#5786 = DIRECTION('',(0.,0.,-1.));
#5787 = DIRECTION('',(0.629303972204,0.777159256889,0.));
#5788 = PCURVE('',#2537,#5789);
#5789 = DEFINITIONAL_REPRESENTATION('',(#5790),#5794);
#5790 = LINE('',#5791,#5792);
#5791 = CARTESIAN_POINT('',(-7.173324352623,-0.177242480214));
#5792 = VECTOR('',#5793,1.);
#5793 = DIRECTION('',(1.,-0.));
#5794 = ( GEOMETRIC_REPRESENTATION_CONTEXT(2) 
PARAMETRIC_REPRESENTATION_CONTEXT() REPRESENTATION_CONTEXT('2D SPACE',''
  ) );
#5795 = PCURVE('',#5460,#5796);
#5796 = DEFINITIONAL_REPRESENTATION('',(#5797),#5801);
#5797 = LINE('',#5798,#5799);
#5798 = CARTESIAN_POINT('',(-7.173324352623,-0.));
#5799 = VECTOR('',#5800,1.);
#5800 = DIRECTION('',(1.,-0.));
#5801 = ( GEOMETRIC_REPRESENTATION_CONTEXT(2) 
PARAMETRIC_REPRESENTATION_CONTEXT() REPRESENTATION_CONTEXT('2D SPACE',''
  ) );
#5802 = ORIENTED_EDGE('',*,*,#5475,.T.);
#5803 = ORIENTED_EDGE('',*,*,#2520,.F.);
#5804 = ADVANCED_FACE('',(#5805,#5978),#2654,.T.);
#5805 = FACE_BOUND('',#5806,.T.);
#5806 = EDGE_LOOP('',(#5807,#5808,#5809,#5837,#5865,#5893,#5921,#5953));
#5807 = ORIENTED_EDGE('',*,*,#2791,.F.);
#5808 = ORIENTED_EDGE('',*,*,#2638,.T.);
#5809 = ORIENTED_EDGE('',*,*,#5810,.T.);
#5810 = EDGE_CURVE('',#2612,#5811,#5813,.T.);
#5811 = VERTEX_POINT('',#5812);
#5812 = CARTESIAN_POINT('',(10.,-22.55,-5.629032522475));
#5813 = SURFACE_CURVE('',#5814,(#5818,#5825),.PCURVE_S1.);
#5814 = LINE('',#5815,#5816);
#5815 = CARTESIAN_POINT('',(10.,-22.20161300899,-5.80322601798));
#5816 = VECTOR('',#5817,1.);
#5817 = DIRECTION('',(0.,-0.894427191,0.4472135955));
#5818 = PCURVE('',#2654,#5819);
#5819 = DEFINITIONAL_REPRESENTATION('',(#5820),#5824);
#5820 = LINE('',#5821,#5822);
#5821 = CARTESIAN_POINT('',(1.09838699101,-1.74677398202));
#5822 = VECTOR('',#5823,1.);
#5823 = DIRECTION('',(-0.894427191,-0.4472135955));
#5824 = ( GEOMETRIC_REPRESENTATION_CONTEXT(2) 
PARAMETRIC_REPRESENTATION_CONTEXT() REPRESENTATION_CONTEXT('2D SPACE',''
  ) );
#5825 = PCURVE('',#5826,#5831);
#5826 = CYLINDRICAL_SURFACE('',#5827,0.22);
#5827 = AXIS2_PLACEMENT_3D('',#5828,#5829,#5830);
#5828 = CARTESIAN_POINT('',(10.22,-22.20161300899,-5.80322601798));
#5829 = DIRECTION('',(0.,-0.894427191,0.4472135955));
#5830 = DIRECTION('',(-0.,-0.4472135955,-0.894427191));
#5831 = DEFINITIONAL_REPRESENTATION('',(#5832),#5836);
#5832 = LINE('',#5833,#5834);
#5833 = CARTESIAN_POINT('',(-1.570796326795,0.));
#5834 = VECTOR('',#5835,1.);
#5835 = DIRECTION('',(-0.,1.));
#5836 = ( GEOMETRIC_REPRESENTATION_CONTEXT(2) 
PARAMETRIC_REPRESENTATION_CONTEXT() REPRESENTATION_CONTEXT('2D SPACE',''
  ) );
#5837 = ORIENTED_EDGE('',*,*,#5838,.T.);
#5838 = EDGE_CURVE('',#5811,#5839,#5841,.T.);
#5839 = VERTEX_POINT('',#5840);
#5840 = CARTESIAN_POINT('',(10.,-22.55,0.539032522475));
#5841 = SURFACE_CURVE('',#5842,(#5846,#5853),.PCURVE_S1.);
#5842 = LINE('',#5843,#5844);
#5843 = CARTESIAN_POINT('',(10.,-22.55,-7.55));
#5844 = VECTOR('',#5845,1.);
#5845 = DIRECTION('',(0.,0.,1.));
#5846 = PCURVE('',#2654,#5847);
#5847 = DEFINITIONAL_REPRESENTATION('',(#5848),#5852);
#5848 = LINE('',#5849,#5850);
#5849 = CARTESIAN_POINT('',(0.75,0.));
#5850 = VECTOR('',#5851,1.);
#5851 = DIRECTION('',(0.,-1.));
#5852 = ( GEOMETRIC_REPRESENTATION_CONTEXT(2) 
PARAMETRIC_REPRESENTATION_CONTEXT() REPRESENTATION_CONTEXT('2D SPACE',''
  ) );
#5853 = PCURVE('',#5854,#5859);
#5854 = CYLINDRICAL_SURFACE('',#5855,0.75);
#5855 = AXIS2_PLACEMENT_3D('',#5856,#5857,#5858);
#5856 = CARTESIAN_POINT('',(10.75,-22.55,-7.55));
#5857 = DIRECTION('',(0.,0.,1.));
#5858 = DIRECTION('',(0.,-1.,0.));
#5859 = DEFINITIONAL_REPRESENTATION('',(#5860),#5864);
#5860 = LINE('',#5861,#5862);
#5861 = CARTESIAN_POINT('',(-1.570796326795,0.));
#5862 = VECTOR('',#5863,1.);
#5863 = DIRECTION('',(-0.,1.));
#5864 = ( GEOMETRIC_REPRESENTATION_CONTEXT(2) 
PARAMETRIC_REPRESENTATION_CONTEXT() REPRESENTATION_CONTEXT('2D SPACE',''
  ) );
#5865 = ORIENTED_EDGE('',*,*,#5866,.T.);
#5866 = EDGE_CURVE('',#5839,#5867,#5869,.T.);
#5867 = VERTEX_POINT('',#5868);
#5868 = CARTESIAN_POINT('',(10.,-22.02983131883,0.79911686306));
#5869 = SURFACE_CURVE('',#5870,(#5874,#5881),.PCURVE_S1.);
#5870 = LINE('',#5871,#5872);
#5871 = CARTESIAN_POINT('',(10.,-22.45161300899,0.58822601798));
#5872 = VECTOR('',#5873,1.);
#5873 = DIRECTION('',(0.,0.894427191,0.4472135955));
#5874 = PCURVE('',#2654,#5875);
#5875 = DEFINITIONAL_REPRESENTATION('',(#5876),#5880);
#5876 = LINE('',#5877,#5878);
#5877 = CARTESIAN_POINT('',(0.84838699101,-8.13822601798));
#5878 = VECTOR('',#5879,1.);
#5879 = DIRECTION('',(0.894427191,-0.4472135955));
#5880 = ( GEOMETRIC_REPRESENTATION_CONTEXT(2) 
PARAMETRIC_REPRESENTATION_CONTEXT() REPRESENTATION_CONTEXT('2D SPACE',''
  ) );
#5881 = PCURVE('',#5882,#5887);
#5882 = CYLINDRICAL_SURFACE('',#5883,0.22);
#5883 = AXIS2_PLACEMENT_3D('',#5884,#5885,#5886);
#5884 = CARTESIAN_POINT('',(10.22,-22.45161300899,0.58822601798));
#5885 = DIRECTION('',(0.,0.894427191,0.4472135955));
#5886 = DIRECTION('',(0.,-0.4472135955,0.894427191));
#5887 = DEFINITIONAL_REPRESENTATION('',(#5888),#5892);
#5888 = LINE('',#5889,#5890);
#5889 = CARTESIAN_POINT('',(-1.570796326795,0.));
#5890 = VECTOR('',#5891,1.);
#5891 = DIRECTION('',(-0.,1.));
#5892 = ( GEOMETRIC_REPRESENTATION_CONTEXT(2) 
PARAMETRIC_REPRESENTATION_CONTEXT() REPRESENTATION_CONTEXT('2D SPACE',''
  ) );
#5893 = ORIENTED_EDGE('',*,*,#5894,.T.);
#5894 = EDGE_CURVE('',#5867,#5895,#5897,.T.);
#5895 = VERTEX_POINT('',#5896);
#5896 = CARTESIAN_POINT('',(10.,-16.72748466532,1.757303046622));
#5897 = SURFACE_CURVE('',#5898,(#5902,#5909),.PCURVE_S1.);
#5898 = LINE('',#5899,#5900);
#5899 = CARTESIAN_POINT('',(10.,-22.06087749793,0.793506513187));
#5900 = VECTOR('',#5901,1.);
#5901 = DIRECTION('',(0.,0.984061303693,0.177829554836));
#5902 = PCURVE('',#2654,#5903);
#5903 = DEFINITIONAL_REPRESENTATION('',(#5904),#5908);
#5904 = LINE('',#5905,#5906);
#5905 = CARTESIAN_POINT('',(1.239122502064,-8.343506513187));
#5906 = VECTOR('',#5907,1.);
#5907 = DIRECTION('',(0.984061303693,-0.177829554836));
#5908 = ( GEOMETRIC_REPRESENTATION_CONTEXT(2) 
PARAMETRIC_REPRESENTATION_CONTEXT() REPRESENTATION_CONTEXT('2D SPACE',''
  ) );
#5909 = PCURVE('',#5910,#5915);
#5910 = CYLINDRICAL_SURFACE('',#5911,0.22);
#5911 = AXIS2_PLACEMENT_3D('',#5912,#5913,#5914);
#5912 = CARTESIAN_POINT('',(10.22,-22.06087749793,0.793506513187));
#5913 = DIRECTION('',(0.,0.984061303693,0.177829554836));
#5914 = DIRECTION('',(0.,-0.177829554836,0.984061303693));
#5915 = DEFINITIONAL_REPRESENTATION('',(#5916),#5920);
#5916 = LINE('',#5917,#5918);
#5917 = CARTESIAN_POINT('',(-1.570796326795,0.));
#5918 = VECTOR('',#5919,1.);
#5919 = DIRECTION('',(-0.,1.));
#5920 = ( GEOMETRIC_REPRESENTATION_CONTEXT(2) 
PARAMETRIC_REPRESENTATION_CONTEXT() REPRESENTATION_CONTEXT('2D SPACE',''
  ) );
#5921 = ORIENTED_EDGE('',*,*,#5922,.T.);
#5922 = EDGE_CURVE('',#5895,#5923,#5925,.T.);
#5923 = VERTEX_POINT('',#5924);
#5924 = CARTESIAN_POINT('',(10.,-16.73193949243,1.727242480214));
#5925 = SURFACE_CURVE('',#5926,(#5931,#5938),.PCURVE_S1.);
#5926 = HYPERBOLA('',#5927,78.614547858339,10.);
#5927 = AXIS2_PLACEMENT_3D('',#5928,#5929,#5930);
#5928 = CARTESIAN_POINT('',(10.,0.,154.96669888044));
#5929 = DIRECTION('',(-1.,0.,0.));
#5930 = DIRECTION('',(-0.,0.,-1.));
#5931 = PCURVE('',#2654,#5932);
#5932 = DEFINITIONAL_REPRESENTATION('',(#5933),#5937);
#5933 = ( BOUNDED_CURVE() B_SPLINE_CURVE(2,(#5934,#5935,#5936),
.UNSPECIFIED.,.F.,.F.) B_SPLINE_CURVE_WITH_KNOTS((3,3),(1.285806345942,
1.287149094165),.PIECEWISE_BEZIER_KNOTS.) CURVE() 
GEOMETRIC_REPRESENTATION_ITEM() RATIONAL_B_SPLINE_CURVE((1.,
1.000000225372,1.)) REPRESENTATION_ITEM('') );
#5934 = CARTESIAN_POINT('',(6.594218959896,-9.453725980916));
#5935 = CARTESIAN_POINT('',(6.58114726964,-9.365553262419));
#5936 = CARTESIAN_POINT('',(6.568060507561,-9.277242480214));
#5937 = ( GEOMETRIC_REPRESENTATION_CONTEXT(2) 
PARAMETRIC_REPRESENTATION_CONTEXT() REPRESENTATION_CONTEXT('2D SPACE',''
  ) );
#5938 = PCURVE('',#5939,#5944);
#5939 = CONICAL_SURFACE('',#5940,19.492506231335,0.126523431618);
#5940 = AXIS2_PLACEMENT_3D('',#5941,#5942,#5943);
#5941 = CARTESIAN_POINT('',(0.,0.,1.727242480214));
#5942 = DIRECTION('',(-0.,-0.,-1.));
#5943 = DIRECTION('',(1.,0.,-0.));
#5944 = DEFINITIONAL_REPRESENTATION('',(#5945),#5952);
#5945 = B_SPLINE_CURVE_WITH_KNOTS('',5,(#5946,#5947,#5948,#5949,#5950,
    #5951),.UNSPECIFIED.,.F.,.F.,(6,6),(1.285806345942,1.287149094165),
  .PIECEWISE_BEZIER_KNOTS.);
#5946 = CARTESIAN_POINT('',(-5.25177488416,-0.176483500703));
#5947 = CARTESIAN_POINT('',(-5.251636954598,-0.141214408002));
#5948 = CARTESIAN_POINT('',(-5.251499064763,-0.105931516883));
#5949 = CARTESIAN_POINT('',(-5.251361214646,-7.063482204516E-02));
#5950 = CARTESIAN_POINT('',(-5.251223404236,-3.532431818686E-02));
#5951 = CARTESIAN_POINT('',(-5.251085633525,1.201799510692E-14));
#5952 = ( GEOMETRIC_REPRESENTATION_CONTEXT(2) 
PARAMETRIC_REPRESENTATION_CONTEXT() REPRESENTATION_CONTEXT('2D SPACE',''
  ) );
#5953 = ORIENTED_EDGE('',*,*,#5954,.T.);
#5954 = EDGE_CURVE('',#5923,#2792,#5955,.T.);
#5955 = SURFACE_CURVE('',#5956,(#5961,#5968),.PCURVE_S1.);
#5956 = HYPERBOLA('',#5957,236.51981818465,10.);
#5957 = AXIS2_PLACEMENT_3D('',#5958,#5959,#5960);
#5958 = CARTESIAN_POINT('',(10.,0.,462.76364546008));
#5959 = DIRECTION('',(-1.,0.,0.));
#5960 = DIRECTION('',(-0.,0.,-1.));
#5961 = PCURVE('',#2654,#5962);
#5962 = DEFINITIONAL_REPRESENTATION('',(#5963),#5967);
#5963 = ( BOUNDED_CURVE() B_SPLINE_CURVE(2,(#5964,#5965,#5966),
.UNSPECIFIED.,.F.,.F.) B_SPLINE_CURVE_WITH_KNOTS((3,3),(1.287149094165,
1.287596849456),.PIECEWISE_BEZIER_KNOTS.) CURVE() 
GEOMETRIC_REPRESENTATION_ITEM() RATIONAL_B_SPLINE_CURVE((1.,
1.000000025061,1.)) REPRESENTATION_ITEM('') );
#5964 = CARTESIAN_POINT('',(6.568060507561,-9.277242480214));
#5965 = CARTESIAN_POINT('',(6.563696571228,-9.188644352179));
#5966 = CARTESIAN_POINT('',(6.559330957217,-9.1));
#5967 = ( GEOMETRIC_REPRESENTATION_CONTEXT(2) 
PARAMETRIC_REPRESENTATION_CONTEXT() REPRESENTATION_CONTEXT('2D SPACE',''
  ) );
#5968 = PCURVE('',#2829,#5969);
#5969 = DEFINITIONAL_REPRESENTATION('',(#5970),#5977);
#5970 = B_SPLINE_CURVE_WITH_KNOTS('',5,(#5971,#5972,#5973,#5974,#5975,
    #5976),.UNSPECIFIED.,.F.,.F.,(6,6),(1.287149094165,1.287596849456),
  .PIECEWISE_BEZIER_KNOTS.);
#5971 = CARTESIAN_POINT('',(-5.251085633525,-0.177242480214));
#5972 = CARTESIAN_POINT('',(-5.251039692251,-0.141803228434));
#5973 = CARTESIAN_POINT('',(-5.25099375539,-0.106359355115));
#5974 = CARTESIAN_POINT('',(-5.250947822944,-7.091085966521E-02));
#5975 = CARTESIAN_POINT('',(-5.250901894911,-3.545774149052E-02));
#5976 = CARTESIAN_POINT('',(-5.250855971291,2.161137041482E-13));
#5977 = ( GEOMETRIC_REPRESENTATION_CONTEXT(2) 
PARAMETRIC_REPRESENTATION_CONTEXT() REPRESENTATION_CONTEXT('2D SPACE',''
  ) );
#5978 = FACE_BOUND('',#5979,.T.);
#5979 = EDGE_LOOP('',(#5980));
#5980 = ORIENTED_EDGE('',*,*,#5204,.F.);
#5981 = ADVANCED_FACE('',(#5982),#2627,.T.);
#5982 = FACE_BOUND('',#5983,.F.);
#5983 = EDGE_LOOP('',(#5984,#5985,#6005));
#5984 = ORIENTED_EDGE('',*,*,#2611,.F.);
#5985 = ORIENTED_EDGE('',*,*,#5986,.T.);
#5986 = EDGE_CURVE('',#2612,#5532,#5987,.T.);
#5987 = SURFACE_CURVE('',#5988,(#5993,#5999),.PCURVE_S1.);
#5988 = CIRCLE('',#5989,0.22);
#5989 = AXIS2_PLACEMENT_3D('',#5990,#5991,#5992);
#5990 = CARTESIAN_POINT('',(10.22,-22.2455295938,-5.781267725571));
#5991 = DIRECTION('',(0.,-0.894427191,0.4472135955));
#5992 = DIRECTION('',(-0.,-0.4472135955,-0.894427191));
#5993 = PCURVE('',#2627,#5994);
#5994 = DEFINITIONAL_REPRESENTATION('',(#5995),#5998);
#5995 = B_SPLINE_CURVE_WITH_KNOTS('',1,(#5996,#5997),.UNSPECIFIED.,.F.,
  .F.,(2,2),(4.712388980385,6.28318530718),.PIECEWISE_BEZIER_KNOTS.);
#5996 = CARTESIAN_POINT('',(-0.439168427321,-1.570796326795));
#5997 = CARTESIAN_POINT('',(-0.439168427321,0.));
#5998 = ( GEOMETRIC_REPRESENTATION_CONTEXT(2) 
PARAMETRIC_REPRESENTATION_CONTEXT() REPRESENTATION_CONTEXT('2D SPACE',''
  ) );
#5999 = PCURVE('',#5826,#6000);
#6000 = DEFINITIONAL_REPRESENTATION('',(#6001),#6004);
#6001 = B_SPLINE_CURVE_WITH_KNOTS('',1,(#6002,#6003),.UNSPECIFIED.,.F.,
  .F.,(2,2),(4.712388980385,6.28318530718),.PIECEWISE_BEZIER_KNOTS.);
#6002 = CARTESIAN_POINT('',(-1.570796326795,4.910023449716E-02));
#6003 = CARTESIAN_POINT('',(0.,4.910023449716E-02));
#6004 = ( GEOMETRIC_REPRESENTATION_CONTEXT(2) 
PARAMETRIC_REPRESENTATION_CONTEXT() REPRESENTATION_CONTEXT('2D SPACE',''
  ) );
#6005 = ORIENTED_EDGE('',*,*,#5554,.F.);
#6006 = ADVANCED_FACE('',(#6007),#2753,.T.);
#6007 = FACE_BOUND('',#6008,.T.);
#6008 = EDGE_LOOP('',(#6009,#6031,#6032));
#6009 = ORIENTED_EDGE('',*,*,#6010,.F.);
#6010 = EDGE_CURVE('',#2715,#6011,#6013,.T.);
#6011 = VERTEX_POINT('',#6012);
#6012 = CARTESIAN_POINT('',(-10.22,22.343916584819,-5.978041707591));
#6013 = SURFACE_CURVE('',#6014,(#6019,#6025),.PCURVE_S1.);
#6014 = CIRCLE('',#6015,0.22);
#6015 = AXIS2_PLACEMENT_3D('',#6016,#6017,#6018);
#6016 = CARTESIAN_POINT('',(-10.22,22.245529593809,-5.781267725571));
#6017 = DIRECTION('',(0.,0.894427191,0.4472135955));
#6018 = DIRECTION('',(0.,0.4472135955,-0.894427191));
#6019 = PCURVE('',#2753,#6020);
#6020 = DEFINITIONAL_REPRESENTATION('',(#6021),#6024);
#6021 = B_SPLINE_CURVE_WITH_KNOTS('',1,(#6022,#6023),.UNSPECIFIED.,.F.,
  .F.,(2,2),(4.712388980385,6.28318530718),.PIECEWISE_BEZIER_KNOTS.);
#6022 = CARTESIAN_POINT('',(0.,-1.570796326795));
#6023 = CARTESIAN_POINT('',(0.,0.));
#6024 = ( GEOMETRIC_REPRESENTATION_CONTEXT(2) 
PARAMETRIC_REPRESENTATION_CONTEXT() REPRESENTATION_CONTEXT('2D SPACE',''
  ) );
#6025 = PCURVE('',#5599,#6026);
#6026 = DEFINITIONAL_REPRESENTATION('',(#6027),#6030);
#6027 = B_SPLINE_CURVE_WITH_KNOTS('',1,(#6028,#6029),.UNSPECIFIED.,.F.,
  .F.,(2,2),(4.712388980385,6.28318530718),.PIECEWISE_BEZIER_KNOTS.);
#6028 = CARTESIAN_POINT('',(1.570796326795,0.23040826269));
#6029 = CARTESIAN_POINT('',(0.,0.23040826269));
#6030 = ( GEOMETRIC_REPRESENTATION_CONTEXT(2) 
PARAMETRIC_REPRESENTATION_CONTEXT() REPRESENTATION_CONTEXT('2D SPACE',''
  ) );
#6031 = ORIENTED_EDGE('',*,*,#2737,.T.);
#6032 = ORIENTED_EDGE('',*,*,#6033,.F.);
#6033 = EDGE_CURVE('',#6011,#2738,#6034,.T.);
#6034 = SURFACE_CURVE('',#6035,(#6040,#6047),.PCURVE_S1.);
#6035 = CIRCLE('',#6036,0.22);
#6036 = AXIS2_PLACEMENT_3D('',#6037,#6038,#6039);
#6037 = CARTESIAN_POINT('',(-10.22,22.245529593809,-5.781267725571));
#6038 = DIRECTION('',(-1.,0.,-0.));
#6039 = DIRECTION('',(0.,0.4472135955,-0.894427191));
#6040 = PCURVE('',#2753,#6041);
#6041 = DEFINITIONAL_REPRESENTATION('',(#6042),#6046);
#6042 = LINE('',#6043,#6044);
#6043 = CARTESIAN_POINT('',(0.,0.));
#6044 = VECTOR('',#6045,1.);
#6045 = DIRECTION('',(1.,0.));
#6046 = ( GEOMETRIC_REPRESENTATION_CONTEXT(2) 
PARAMETRIC_REPRESENTATION_CONTEXT() REPRESENTATION_CONTEXT('2D SPACE',''
  ) );
#6047 = PCURVE('',#2954,#6048);
#6048 = DEFINITIONAL_REPRESENTATION('',(#6049),#6053);
#6049 = LINE('',#6050,#6051);
#6050 = CARTESIAN_POINT('',(0.439168427321,1.812720458265));
#6051 = VECTOR('',#6052,1.);
#6052 = DIRECTION('',(-1.,-0.));
#6053 = ( GEOMETRIC_REPRESENTATION_CONTEXT(2) 
PARAMETRIC_REPRESENTATION_CONTEXT() REPRESENTATION_CONTEXT('2D SPACE',''
  ) );
#6054 = ADVANCED_FACE('',(#6055,#6223),#2856,.F.);
#6055 = FACE_BOUND('',#6056,.F.);
#6056 = EDGE_LOOP('',(#6057,#6058,#6059,#6087,#6115,#6143,#6171,#6198));
#6057 = ORIENTED_EDGE('',*,*,#2841,.F.);
#6058 = ORIENTED_EDGE('',*,*,#3021,.T.);
#6059 = ORIENTED_EDGE('',*,*,#6060,.F.);
#6060 = EDGE_CURVE('',#6061,#2995,#6063,.T.);
#6061 = VERTEX_POINT('',#6062);
#6062 = CARTESIAN_POINT('',(-10.,-22.55,-5.629032522475));
#6063 = SURFACE_CURVE('',#6064,(#6068,#6075),.PCURVE_S1.);
#6064 = LINE('',#6065,#6066);
#6065 = CARTESIAN_POINT('',(-10.,-22.45161300899,-5.67822601798));
#6066 = VECTOR('',#6067,1.);
#6067 = DIRECTION('',(-0.,0.894427191,-0.4472135955));
#6068 = PCURVE('',#2856,#6069);
#6069 = DEFINITIONAL_REPRESENTATION('',(#6070),#6074);
#6070 = LINE('',#6071,#6072);
#6071 = CARTESIAN_POINT('',(0.84838699101,-1.87177398202));
#6072 = VECTOR('',#6073,1.);
#6073 = DIRECTION('',(0.894427191,0.4472135955));
#6074 = ( GEOMETRIC_REPRESENTATION_CONTEXT(2) 
PARAMETRIC_REPRESENTATION_CONTEXT() REPRESENTATION_CONTEXT('2D SPACE',''
  ) );
#6075 = PCURVE('',#6076,#6081);
#6076 = CYLINDRICAL_SURFACE('',#6077,0.22);
#6077 = AXIS2_PLACEMENT_3D('',#6078,#6079,#6080);
#6078 = CARTESIAN_POINT('',(-10.22,-22.45161300899,-5.67822601798));
#6079 = DIRECTION('',(-0.,0.894427191,-0.4472135955));
#6080 = DIRECTION('',(1.,0.,-0.));
#6081 = DEFINITIONAL_REPRESENTATION('',(#6082),#6086);
#6082 = LINE('',#6083,#6084);
#6083 = CARTESIAN_POINT('',(0.,0.));
#6084 = VECTOR('',#6085,1.);
#6085 = DIRECTION('',(0.,1.));
#6086 = ( GEOMETRIC_REPRESENTATION_CONTEXT(2) 
PARAMETRIC_REPRESENTATION_CONTEXT() REPRESENTATION_CONTEXT('2D SPACE',''
  ) );
#6087 = ORIENTED_EDGE('',*,*,#6088,.T.);
#6088 = EDGE_CURVE('',#6061,#6089,#6091,.T.);
#6089 = VERTEX_POINT('',#6090);
#6090 = CARTESIAN_POINT('',(-10.,-22.55,0.539032522475));
#6091 = SURFACE_CURVE('',#6092,(#6096,#6103),.PCURVE_S1.);
#6092 = LINE('',#6093,#6094);
#6093 = CARTESIAN_POINT('',(-10.,-22.55,-7.55));
#6094 = VECTOR('',#6095,1.);
#6095 = DIRECTION('',(0.,0.,1.));
#6096 = PCURVE('',#2856,#6097);
#6097 = DEFINITIONAL_REPRESENTATION('',(#6098),#6102);
#6098 = LINE('',#6099,#6100);
#6099 = CARTESIAN_POINT('',(0.75,0.));
#6100 = VECTOR('',#6101,1.);
#6101 = DIRECTION('',(0.,-1.));
#6102 = ( GEOMETRIC_REPRESENTATION_CONTEXT(2) 
PARAMETRIC_REPRESENTATION_CONTEXT() REPRESENTATION_CONTEXT('2D SPACE',''
  ) );
#6103 = PCURVE('',#6104,#6109);
#6104 = CYLINDRICAL_SURFACE('',#6105,0.75);
#6105 = AXIS2_PLACEMENT_3D('',#6106,#6107,#6108);
#6106 = CARTESIAN_POINT('',(-10.75,-22.55,-7.55));
#6107 = DIRECTION('',(0.,0.,1.));
#6108 = DIRECTION('',(0.,-1.,0.));
#6109 = DEFINITIONAL_REPRESENTATION('',(#6110),#6114);
#6110 = LINE('',#6111,#6112);
#6111 = CARTESIAN_POINT('',(1.570796326795,0.));
#6112 = VECTOR('',#6113,1.);
#6113 = DIRECTION('',(0.,1.));
#6114 = ( GEOMETRIC_REPRESENTATION_CONTEXT(2) 
PARAMETRIC_REPRESENTATION_CONTEXT() REPRESENTATION_CONTEXT('2D SPACE',''
  ) );
#6115 = ORIENTED_EDGE('',*,*,#6116,.F.);
#6116 = EDGE_CURVE('',#6117,#6089,#6119,.T.);
#6117 = VERTEX_POINT('',#6118);
#6118 = CARTESIAN_POINT('',(-10.,-22.02983131883,0.79911686306));
#6119 = SURFACE_CURVE('',#6120,(#6124,#6131),.PCURVE_S1.);
#6120 = LINE('',#6121,#6122);
#6121 = CARTESIAN_POINT('',(-10.,-22.00161300899,0.81322601798));
#6122 = VECTOR('',#6123,1.);
#6123 = DIRECTION('',(-0.,-0.894427191,-0.4472135955));
#6124 = PCURVE('',#2856,#6125);
#6125 = DEFINITIONAL_REPRESENTATION('',(#6126),#6130);
#6126 = LINE('',#6127,#6128);
#6127 = CARTESIAN_POINT('',(1.29838699101,-8.36322601798));
#6128 = VECTOR('',#6129,1.);
#6129 = DIRECTION('',(-0.894427191,0.4472135955));
#6130 = ( GEOMETRIC_REPRESENTATION_CONTEXT(2) 
PARAMETRIC_REPRESENTATION_CONTEXT() REPRESENTATION_CONTEXT('2D SPACE',''
  ) );
#6131 = PCURVE('',#6132,#6137);
#6132 = CYLINDRICAL_SURFACE('',#6133,0.22);
#6133 = AXIS2_PLACEMENT_3D('',#6134,#6135,#6136);
#6134 = CARTESIAN_POINT('',(-10.22,-22.00161300899,0.81322601798));
#6135 = DIRECTION('',(-0.,-0.894427191,-0.4472135955));
#6136 = DIRECTION('',(-0.,-0.4472135955,0.894427191));
#6137 = DEFINITIONAL_REPRESENTATION('',(#6138),#6142);
#6138 = LINE('',#6139,#6140);
#6139 = CARTESIAN_POINT('',(-1.570796326795,0.));
#6140 = VECTOR('',#6141,1.);
#6141 = DIRECTION('',(-0.,1.));
#6142 = ( GEOMETRIC_REPRESENTATION_CONTEXT(2) 
PARAMETRIC_REPRESENTATION_CONTEXT() REPRESENTATION_CONTEXT('2D SPACE',''
  ) );
#6143 = ORIENTED_EDGE('',*,*,#6144,.T.);
#6144 = EDGE_CURVE('',#6117,#6145,#6147,.T.);
#6145 = VERTEX_POINT('',#6146);
#6146 = CARTESIAN_POINT('',(-10.,-16.72748466532,1.757303046622));
#6147 = SURFACE_CURVE('',#6148,(#6152,#6159),.PCURVE_S1.);
#6148 = LINE('',#6149,#6150);
#6149 = CARTESIAN_POINT('',(-10.,-22.06087749793,0.793506513187));
#6150 = VECTOR('',#6151,1.);
#6151 = DIRECTION('',(0.,0.984061303693,0.177829554836));
#6152 = PCURVE('',#2856,#6153);
#6153 = DEFINITIONAL_REPRESENTATION('',(#6154),#6158);
#6154 = LINE('',#6155,#6156);
#6155 = CARTESIAN_POINT('',(1.239122502064,-8.343506513187));
#6156 = VECTOR('',#6157,1.);
#6157 = DIRECTION('',(0.984061303693,-0.177829554836));
#6158 = ( GEOMETRIC_REPRESENTATION_CONTEXT(2) 
PARAMETRIC_REPRESENTATION_CONTEXT() REPRESENTATION_CONTEXT('2D SPACE',''
  ) );
#6159 = PCURVE('',#6160,#6165);
#6160 = CYLINDRICAL_SURFACE('',#6161,0.22);
#6161 = AXIS2_PLACEMENT_3D('',#6162,#6163,#6164);
#6162 = CARTESIAN_POINT('',(-10.22,-22.06087749793,0.793506513187));
#6163 = DIRECTION('',(0.,0.984061303693,0.177829554836));
#6164 = DIRECTION('',(0.,-0.177829554836,0.984061303693));
#6165 = DEFINITIONAL_REPRESENTATION('',(#6166),#6170);
#6166 = LINE('',#6167,#6168);
#6167 = CARTESIAN_POINT('',(1.570796326795,0.));
#6168 = VECTOR('',#6169,1.);
#6169 = DIRECTION('',(0.,1.));
#6170 = ( GEOMETRIC_REPRESENTATION_CONTEXT(2) 
PARAMETRIC_REPRESENTATION_CONTEXT() REPRESENTATION_CONTEXT('2D SPACE',''
  ) );
#6171 = ORIENTED_EDGE('',*,*,#6172,.T.);
#6172 = EDGE_CURVE('',#6145,#6173,#6175,.T.);
#6173 = VERTEX_POINT('',#6174);
#6174 = CARTESIAN_POINT('',(-10.,-16.73193949243,1.727242480214));
#6175 = SURFACE_CURVE('',#6176,(#6181,#6188),.PCURVE_S1.);
#6176 = HYPERBOLA('',#6177,78.614547858339,10.);
#6177 = AXIS2_PLACEMENT_3D('',#6178,#6179,#6180);
#6178 = CARTESIAN_POINT('',(-10.,0.,154.96669888044));
#6179 = DIRECTION('',(-1.,0.,0.));
#6180 = DIRECTION('',(-0.,0.,-1.));
#6181 = PCURVE('',#2856,#6182);
#6182 = DEFINITIONAL_REPRESENTATION('',(#6183),#6187);
#6183 = ( BOUNDED_CURVE() B_SPLINE_CURVE(2,(#6184,#6185,#6186),
.UNSPECIFIED.,.F.,.F.) B_SPLINE_CURVE_WITH_KNOTS((3,3),(1.285806345942,
1.287149094165),.PIECEWISE_BEZIER_KNOTS.) CURVE() 
GEOMETRIC_REPRESENTATION_ITEM() RATIONAL_B_SPLINE_CURVE((1.,
1.000000225372,1.)) REPRESENTATION_ITEM('') );
#6184 = CARTESIAN_POINT('',(6.594218959896,-9.453725980916));
#6185 = CARTESIAN_POINT('',(6.581147269639,-9.365553262417));
#6186 = CARTESIAN_POINT('',(6.568060507561,-9.277242480214));
#6187 = ( GEOMETRIC_REPRESENTATION_CONTEXT(2) 
PARAMETRIC_REPRESENTATION_CONTEXT() REPRESENTATION_CONTEXT('2D SPACE',''
  ) );
#6188 = PCURVE('',#5939,#6189);
#6189 = DEFINITIONAL_REPRESENTATION('',(#6190),#6197);
#6190 = B_SPLINE_CURVE_WITH_KNOTS('',5,(#6191,#6192,#6193,#6194,#6195,
    #6196),.UNSPECIFIED.,.F.,.F.,(6,6),(1.285806345942,1.287149094165),
  .PIECEWISE_BEZIER_KNOTS.);
#6191 = CARTESIAN_POINT('',(-4.173003076609,-0.176483500703));
#6192 = CARTESIAN_POINT('',(-4.173141006172,-0.141214408002));
#6193 = CARTESIAN_POINT('',(-4.173278896007,-0.105931516883));
#6194 = CARTESIAN_POINT('',(-4.173416746124,-7.063482204521E-02));
#6195 = CARTESIAN_POINT('',(-4.173554556533,-3.53243181869E-02));
#6196 = CARTESIAN_POINT('',(-4.173692327244,-1.595115714191E-14));
#6197 = ( GEOMETRIC_REPRESENTATION_CONTEXT(2) 
PARAMETRIC_REPRESENTATION_CONTEXT() REPRESENTATION_CONTEXT('2D SPACE',''
  ) );
#6198 = ORIENTED_EDGE('',*,*,#6199,.T.);
#6199 = EDGE_CURVE('',#6173,#2813,#6200,.T.);
#6200 = SURFACE_CURVE('',#6201,(#6206,#6213),.PCURVE_S1.);
#6201 = HYPERBOLA('',#6202,236.51981818465,10.);
#6202 = AXIS2_PLACEMENT_3D('',#6203,#6204,#6205);
#6203 = CARTESIAN_POINT('',(-10.,0.,462.76364546008));
#6204 = DIRECTION('',(-1.,0.,0.));
#6205 = DIRECTION('',(-0.,0.,-1.));
#6206 = PCURVE('',#2856,#6207);
#6207 = DEFINITIONAL_REPRESENTATION('',(#6208),#6212);
#6208 = ( BOUNDED_CURVE() B_SPLINE_CURVE(2,(#6209,#6210,#6211),
.UNSPECIFIED.,.F.,.F.) B_SPLINE_CURVE_WITH_KNOTS((3,3),(1.287149094165,
1.287596849456),.PIECEWISE_BEZIER_KNOTS.) CURVE() 
GEOMETRIC_REPRESENTATION_ITEM() RATIONAL_B_SPLINE_CURVE((1.,
1.000000025061,1.)) REPRESENTATION_ITEM('') );
#6209 = CARTESIAN_POINT('',(6.568060507561,-9.277242480214));
#6210 = CARTESIAN_POINT('',(6.563696571231,-9.188644352174));
#6211 = CARTESIAN_POINT('',(6.559330957217,-9.1));
#6212 = ( GEOMETRIC_REPRESENTATION_CONTEXT(2) 
PARAMETRIC_REPRESENTATION_CONTEXT() REPRESENTATION_CONTEXT('2D SPACE',''
  ) );
#6213 = PCURVE('',#2829,#6214);
#6214 = DEFINITIONAL_REPRESENTATION('',(#6215),#6222);
#6215 = B_SPLINE_CURVE_WITH_KNOTS('',5,(#6216,#6217,#6218,#6219,#6220,
    #6221),.UNSPECIFIED.,.F.,.F.,(6,6),(1.287149094165,1.287596849456),
  .PIECEWISE_BEZIER_KNOTS.);
#6216 = CARTESIAN_POINT('',(-4.173692327244,-0.177242480214));
#6217 = CARTESIAN_POINT('',(-4.173738268519,-0.141803228434));
#6218 = CARTESIAN_POINT('',(-4.173784205379,-0.106359355115));
#6219 = CARTESIAN_POINT('',(-4.173830137826,-7.091085966498E-02));
#6220 = CARTESIAN_POINT('',(-4.173876065858,-3.545774149048E-02));
#6221 = CARTESIAN_POINT('',(-4.173921989478,2.73005632132E-13));
#6222 = ( GEOMETRIC_REPRESENTATION_CONTEXT(2) 
PARAMETRIC_REPRESENTATION_CONTEXT() REPRESENTATION_CONTEXT('2D SPACE',''
  ) );
#6223 = FACE_BOUND('',#6224,.F.);
#6224 = EDGE_LOOP('',(#6225));
#6225 = ORIENTED_EDGE('',*,*,#6226,.F.);
#6226 = EDGE_CURVE('',#6227,#6227,#6229,.T.);
#6227 = VERTEX_POINT('',#6228);
#6228 = CARTESIAN_POINT('',(-10.,-20.825,-4.3));
#6229 = SURFACE_CURVE('',#6230,(#6235,#6242),.PCURVE_S1.);
#6230 = CIRCLE('',#6231,0.525);
#6231 = AXIS2_PLACEMENT_3D('',#6232,#6233,#6234);
#6232 = CARTESIAN_POINT('',(-10.,-21.35,-4.3));
#6233 = DIRECTION('',(-1.,0.,0.));
#6234 = DIRECTION('',(0.,1.,0.));
#6235 = PCURVE('',#2856,#6236);
#6236 = DEFINITIONAL_REPRESENTATION('',(#6237),#6241);
#6237 = CIRCLE('',#6238,0.525);
#6238 = AXIS2_PLACEMENT_2D('',#6239,#6240);
#6239 = CARTESIAN_POINT('',(1.95,-3.25));
#6240 = DIRECTION('',(1.,0.));
#6241 = ( GEOMETRIC_REPRESENTATION_CONTEXT(2) 
PARAMETRIC_REPRESENTATION_CONTEXT() REPRESENTATION_CONTEXT('2D SPACE',''
  ) );
#6242 = PCURVE('',#3760,#6243);
#6243 = DEFINITIONAL_REPRESENTATION('',(#6244),#6248);
#6244 = LINE('',#6245,#6246);
#6245 = CARTESIAN_POINT('',(-6.28318530718,-5.));
#6246 = VECTOR('',#6247,1.);
#6247 = DIRECTION('',(1.,-0.));
#6248 = ( GEOMETRIC_REPRESENTATION_CONTEXT(2) 
PARAMETRIC_REPRESENTATION_CONTEXT() REPRESENTATION_CONTEXT('2D SPACE',''
  ) );
#6249 = ADVANCED_FACE('',(#6250),#2829,.T.);
#6250 = FACE_BOUND('',#6251,.T.);
#6251 = EDGE_LOOP('',(#6252,#6253,#6275,#6276));
#6252 = ORIENTED_EDGE('',*,*,#5954,.F.);
#6253 = ORIENTED_EDGE('',*,*,#6254,.T.);
#6254 = EDGE_CURVE('',#5923,#6173,#6255,.T.);
#6255 = SURFACE_CURVE('',#6256,(#6261,#6268),.PCURVE_S1.);
#6256 = CIRCLE('',#6257,19.492506231335);
#6257 = AXIS2_PLACEMENT_3D('',#6258,#6259,#6260);
#6258 = CARTESIAN_POINT('',(0.,0.,1.727242480214));
#6259 = DIRECTION('',(0.,0.,-1.));
#6260 = DIRECTION('',(0.629303972204,0.777159256889,0.));
#6261 = PCURVE('',#2829,#6262);
#6262 = DEFINITIONAL_REPRESENTATION('',(#6263),#6267);
#6263 = LINE('',#6264,#6265);
#6264 = CARTESIAN_POINT('',(-7.173324352623,-0.177242480214));
#6265 = VECTOR('',#6266,1.);
#6266 = DIRECTION('',(1.,-0.));
#6267 = ( GEOMETRIC_REPRESENTATION_CONTEXT(2) 
PARAMETRIC_REPRESENTATION_CONTEXT() REPRESENTATION_CONTEXT('2D SPACE',''
  ) );
#6268 = PCURVE('',#5939,#6269);
#6269 = DEFINITIONAL_REPRESENTATION('',(#6270),#6274);
#6270 = LINE('',#6271,#6272);
#6271 = CARTESIAN_POINT('',(-7.173324352623,-0.));
#6272 = VECTOR('',#6273,1.);
#6273 = DIRECTION('',(1.,-0.));
#6274 = ( GEOMETRIC_REPRESENTATION_CONTEXT(2) 
PARAMETRIC_REPRESENTATION_CONTEXT() REPRESENTATION_CONTEXT('2D SPACE',''
  ) );
#6275 = ORIENTED_EDGE('',*,*,#6199,.T.);
#6276 = ORIENTED_EDGE('',*,*,#2812,.F.);
#6277 = ADVANCED_FACE('',(#6278),#2954,.T.);
#6278 = FACE_BOUND('',#6279,.T.);
#6279 = EDGE_LOOP('',(#6280,#6302,#6328,#6329));
#6280 = ORIENTED_EDGE('',*,*,#6281,.F.);
#6281 = EDGE_CURVE('',#6282,#2918,#6284,.T.);
#6282 = VERTEX_POINT('',#6283);
#6283 = CARTESIAN_POINT('',(-11.8143850173,22.343916584819,
    -5.978041707591));
#6284 = SURFACE_CURVE('',#6285,(#6290,#6296),.PCURVE_S1.);
#6285 = CIRCLE('',#6286,0.22);
#6286 = AXIS2_PLACEMENT_3D('',#6287,#6288,#6289);
#6287 = CARTESIAN_POINT('',(-11.8143850173,22.245529593809,
    -5.781267725571));
#6288 = DIRECTION('',(-1.,2.942310762675E-14,5.684156892475E-15));
#6289 = DIRECTION('',(-2.885885974635E-14,-0.894427191,-0.4472135955));
#6290 = PCURVE('',#2954,#6291);
#6291 = DEFINITIONAL_REPRESENTATION('',(#6292),#6295);
#6292 = B_SPLINE_CURVE_WITH_KNOTS('',1,(#6293,#6294),.UNSPECIFIED.,.F.,
  .F.,(2,2),(4.712388980385,5.151557407706),.PIECEWISE_BEZIER_KNOTS.);
#6293 = CARTESIAN_POINT('',(0.439168427321,0.218335440965));
#6294 = CARTESIAN_POINT('',(-3.730349362741E-14,0.218335440965));
#6295 = ( GEOMETRIC_REPRESENTATION_CONTEXT(2) 
PARAMETRIC_REPRESENTATION_CONTEXT() REPRESENTATION_CONTEXT('2D SPACE',''
  ) );
#6296 = PCURVE('',#3065,#6297);
#6297 = DEFINITIONAL_REPRESENTATION('',(#6298),#6301);
#6298 = B_SPLINE_CURVE_WITH_KNOTS('',1,(#6299,#6300),.UNSPECIFIED.,.F.,
  .F.,(2,2),(4.712388980385,5.151557407706),.PIECEWISE_BEZIER_KNOTS.);
#6299 = CARTESIAN_POINT('',(1.600054043172,-1.570796326795));
#6300 = CARTESIAN_POINT('',(1.600054043172,-1.131627899474));
#6301 = ( GEOMETRIC_REPRESENTATION_CONTEXT(2) 
PARAMETRIC_REPRESENTATION_CONTEXT() REPRESENTATION_CONTEXT('2D SPACE',''
  ) );
#6302 = ORIENTED_EDGE('',*,*,#6303,.T.);
#6303 = EDGE_CURVE('',#6282,#6011,#6304,.T.);
#6304 = SURFACE_CURVE('',#6305,(#6309,#6316),.PCURVE_S1.);
#6305 = LINE('',#6306,#6307);
#6306 = CARTESIAN_POINT('',(-12.03272045826,22.343916584819,
    -5.978041707591));
#6307 = VECTOR('',#6308,1.);
#6308 = DIRECTION('',(1.,0.,0.));
#6309 = PCURVE('',#2954,#6310);
#6310 = DEFINITIONAL_REPRESENTATION('',(#6311),#6315);
#6311 = LINE('',#6312,#6313);
#6312 = CARTESIAN_POINT('',(0.439168427321,0.));
#6313 = VECTOR('',#6314,1.);
#6314 = DIRECTION('',(0.,1.));
#6315 = ( GEOMETRIC_REPRESENTATION_CONTEXT(2) 
PARAMETRIC_REPRESENTATION_CONTEXT() REPRESENTATION_CONTEXT('2D SPACE',''
  ) );
#6316 = PCURVE('',#6317,#6322);
#6317 = PLANE('',#6318);
#6318 = AXIS2_PLACEMENT_3D('',#6319,#6320,#6321);
#6319 = CARTESIAN_POINT('',(-30.,23.3,-5.5));
#6320 = DIRECTION('',(0.,0.4472135955,-0.894427191));
#6321 = DIRECTION('',(0.,-0.894427191,-0.4472135955));
#6322 = DEFINITIONAL_REPRESENTATION('',(#6323),#6327);
#6323 = LINE('',#6324,#6325);
#6324 = CARTESIAN_POINT('',(1.068933754253,-17.96727954173));
#6325 = VECTOR('',#6326,1.);
#6326 = DIRECTION('',(0.,-1.));
#6327 = ( GEOMETRIC_REPRESENTATION_CONTEXT(2) 
PARAMETRIC_REPRESENTATION_CONTEXT() REPRESENTATION_CONTEXT('2D SPACE',''
  ) );
#6328 = ORIENTED_EDGE('',*,*,#6033,.T.);
#6329 = ORIENTED_EDGE('',*,*,#2940,.F.);
#6330 = ADVANCED_FACE('',(#6331),#3010,.T.);
#6331 = FACE_BOUND('',#6332,.T.);
#6332 = EDGE_LOOP('',(#6333,#6334,#6356));
#6333 = ORIENTED_EDGE('',*,*,#2994,.F.);
#6334 = ORIENTED_EDGE('',*,*,#6335,.T.);
#6335 = EDGE_CURVE('',#2995,#6336,#6338,.T.);
#6336 = VERTEX_POINT('',#6337);
#6337 = CARTESIAN_POINT('',(-10.22,-22.34391658481,-5.978041707591));
#6338 = SURFACE_CURVE('',#6339,(#6344,#6350),.PCURVE_S1.);
#6339 = CIRCLE('',#6340,0.22);
#6340 = AXIS2_PLACEMENT_3D('',#6341,#6342,#6343);
#6341 = CARTESIAN_POINT('',(-10.22,-22.2455295938,-5.781267725571));
#6342 = DIRECTION('',(0.,0.894427191,-0.4472135955));
#6343 = DIRECTION('',(0.,-0.4472135955,-0.894427191));
#6344 = PCURVE('',#3010,#6345);
#6345 = DEFINITIONAL_REPRESENTATION('',(#6346),#6349);
#6346 = B_SPLINE_CURVE_WITH_KNOTS('',1,(#6347,#6348),.UNSPECIFIED.,.F.,
  .F.,(2,2),(4.712388980385,6.28318530718),.PIECEWISE_BEZIER_KNOTS.);
#6347 = CARTESIAN_POINT('',(0.439168427321,-1.570796326795));
#6348 = CARTESIAN_POINT('',(0.439168427321,0.));
#6349 = ( GEOMETRIC_REPRESENTATION_CONTEXT(2) 
PARAMETRIC_REPRESENTATION_CONTEXT() REPRESENTATION_CONTEXT('2D SPACE',''
  ) );
#6350 = PCURVE('',#6076,#6351);
#6351 = DEFINITIONAL_REPRESENTATION('',(#6352),#6355);
#6352 = B_SPLINE_CURVE_WITH_KNOTS('',1,(#6353,#6354),.UNSPECIFIED.,.F.,
  .F.,(2,2),(4.712388980385,6.28318530718),.PIECEWISE_BEZIER_KNOTS.);
#6353 = CARTESIAN_POINT('',(0.,0.23040826269));
#6354 = CARTESIAN_POINT('',(1.570796326795,0.23040826269));
#6355 = ( GEOMETRIC_REPRESENTATION_CONTEXT(2) 
PARAMETRIC_REPRESENTATION_CONTEXT() REPRESENTATION_CONTEXT('2D SPACE',''
  ) );
#6356 = ORIENTED_EDGE('',*,*,#6357,.F.);
#6357 = EDGE_CURVE('',#2972,#6336,#6358,.T.);
#6358 = SURFACE_CURVE('',#6359,(#6364,#6371),.PCURVE_S1.);
#6359 = CIRCLE('',#6360,0.22);
#6360 = AXIS2_PLACEMENT_3D('',#6361,#6362,#6363);
#6361 = CARTESIAN_POINT('',(-10.22,-22.2455295938,-5.781267725571));
#6362 = DIRECTION('',(-1.,0.,0.));
#6363 = DIRECTION('',(-0.,-2.447673697503E-02,-0.999700399793));
#6364 = PCURVE('',#3010,#6365);
#6365 = DEFINITIONAL_REPRESENTATION('',(#6366),#6370);
#6366 = LINE('',#6367,#6368);
#6367 = CARTESIAN_POINT('',(0.,0.));
#6368 = VECTOR('',#6369,1.);
#6369 = DIRECTION('',(1.,0.));
#6370 = ( GEOMETRIC_REPRESENTATION_CONTEXT(2) 
PARAMETRIC_REPRESENTATION_CONTEXT() REPRESENTATION_CONTEXT('2D SPACE',''
  ) );
#6371 = PCURVE('',#3155,#6372);
#6372 = DEFINITIONAL_REPRESENTATION('',(#6373),#6377);
#6373 = LINE('',#6374,#6375);
#6374 = CARTESIAN_POINT('',(-0.,1.812720458265));
#6375 = VECTOR('',#6376,1.);
#6376 = DIRECTION('',(-1.,0.));
#6377 = ( GEOMETRIC_REPRESENTATION_CONTEXT(2) 
PARAMETRIC_REPRESENTATION_CONTEXT() REPRESENTATION_CONTEXT('2D SPACE',''
  ) );
#6378 = ADVANCED_FACE('',(#6379),#3065,.T.);
#6379 = FACE_BOUND('',#6380,.T.);
#6380 = EDGE_LOOP('',(#6381,#6401,#6402));
#6381 = ORIENTED_EDGE('',*,*,#6382,.F.);
#6382 = EDGE_CURVE('',#6282,#3049,#6383,.T.);
#6383 = SURFACE_CURVE('',#6384,(#6389,#6395),.PCURVE_S1.);
#6384 = CIRCLE('',#6385,0.22);
#6385 = AXIS2_PLACEMENT_3D('',#6386,#6387,#6388);
#6386 = CARTESIAN_POINT('',(-11.8143850173,22.245529593809,
    -5.781267725571));
#6387 = DIRECTION('',(2.925354238665E-02,0.894044397223,0.447022198612)
  );
#6388 = DIRECTION('',(-0.999572023547,2.616516374369E-02,
    1.308258187184E-02));
#6389 = PCURVE('',#3065,#6390);
#6390 = DEFINITIONAL_REPRESENTATION('',(#6391),#6394);
#6391 = B_SPLINE_CURVE_WITH_KNOTS('',1,(#6392,#6393),.UNSPECIFIED.,.F.,
  .F.,(2,2),(4.712388980385,6.268559578948),.PIECEWISE_BEZIER_KNOTS.);
#6392 = CARTESIAN_POINT('',(0.,-1.570796326795));
#6393 = CARTESIAN_POINT('',(0.,-1.462572823151E-02));
#6394 = ( GEOMETRIC_REPRESENTATION_CONTEXT(2) 
PARAMETRIC_REPRESENTATION_CONTEXT() REPRESENTATION_CONTEXT('2D SPACE',''
  ) );
#6395 = PCURVE('',#3216,#6396);
#6396 = DEFINITIONAL_REPRESENTATION('',(#6397),#6400);
#6397 = B_SPLINE_CURVE_WITH_KNOTS('',1,(#6398,#6399),.UNSPECIFIED.,.F.,
  .F.,(2,2),(4.712388980385,6.268559578948),.PIECEWISE_BEZIER_KNOTS.);
#6398 = CARTESIAN_POINT('',(0.,5.546630582974E-02));
#6399 = CARTESIAN_POINT('',(1.556170598563,5.546630582974E-02));
#6400 = ( GEOMETRIC_REPRESENTATION_CONTEXT(2) 
PARAMETRIC_REPRESENTATION_CONTEXT() REPRESENTATION_CONTEXT('2D SPACE',''
  ) );
#6401 = ORIENTED_EDGE('',*,*,#6281,.T.);
#6402 = ORIENTED_EDGE('',*,*,#3048,.F.);
#6403 = ADVANCED_FACE('',(#6404),#3155,.T.);
#6404 = FACE_BOUND('',#6405,.F.);
#6405 = EDGE_LOOP('',(#6406,#6428,#6454,#6455));
#6406 = ORIENTED_EDGE('',*,*,#6407,.T.);
#6407 = EDGE_CURVE('',#3119,#6408,#6410,.T.);
#6408 = VERTEX_POINT('',#6409);
#6409 = CARTESIAN_POINT('',(-11.8143850173,-22.34391658481,
    -5.978041707591));
#6410 = SURFACE_CURVE('',#6411,(#6416,#6422),.PCURVE_S1.);
#6411 = CIRCLE('',#6412,0.22);
#6412 = AXIS2_PLACEMENT_3D('',#6413,#6414,#6415);
#6413 = CARTESIAN_POINT('',(-11.8143850173,-22.2455295938,
    -5.781267725571));
#6414 = DIRECTION('',(-1.,1.69852755776E-14,-8.492637788798E-15));
#6415 = DIRECTION('',(-1.718805884691E-14,-0.999700399793,
    2.447673697497E-02));
#6416 = PCURVE('',#3155,#6417);
#6417 = DEFINITIONAL_REPRESENTATION('',(#6418),#6421);
#6418 = B_SPLINE_CURVE_WITH_KNOTS('',1,(#6419,#6420),.UNSPECIFIED.,.F.,
  .F.,(2,2),(4.712388980385,5.151557407706),.PIECEWISE_BEZIER_KNOTS.);
#6419 = CARTESIAN_POINT('',(0.,0.218335440965));
#6420 = CARTESIAN_POINT('',(-0.439168427321,0.218335440965));
#6421 = ( GEOMETRIC_REPRESENTATION_CONTEXT(2) 
PARAMETRIC_REPRESENTATION_CONTEXT() REPRESENTATION_CONTEXT('2D SPACE',''
  ) );
#6422 = PCURVE('',#3462,#6423);
#6423 = DEFINITIONAL_REPRESENTATION('',(#6424),#6427);
#6424 = B_SPLINE_CURVE_WITH_KNOTS('',1,(#6425,#6426),.UNSPECIFIED.,.F.,
  .F.,(2,2),(4.712388980385,5.151557407706),.PIECEWISE_BEZIER_KNOTS.);
#6425 = CARTESIAN_POINT('',(0.,-1.570796326795));
#6426 = CARTESIAN_POINT('',(0.,-1.131627899474));
#6427 = ( GEOMETRIC_REPRESENTATION_CONTEXT(2) 
PARAMETRIC_REPRESENTATION_CONTEXT() REPRESENTATION_CONTEXT('2D SPACE',''
  ) );
#6428 = ORIENTED_EDGE('',*,*,#6429,.T.);
#6429 = EDGE_CURVE('',#6408,#6336,#6430,.T.);
#6430 = SURFACE_CURVE('',#6431,(#6435,#6442),.PCURVE_S1.);
#6431 = LINE('',#6432,#6433);
#6432 = CARTESIAN_POINT('',(-12.03272045826,-22.34391658481,
    -5.978041707591));
#6433 = VECTOR('',#6434,1.);
#6434 = DIRECTION('',(1.,0.,0.));
#6435 = PCURVE('',#3155,#6436);
#6436 = DEFINITIONAL_REPRESENTATION('',(#6437),#6441);
#6437 = LINE('',#6438,#6439);
#6438 = CARTESIAN_POINT('',(-0.439168427321,0.));
#6439 = VECTOR('',#6440,1.);
#6440 = DIRECTION('',(-0.,1.));
#6441 = ( GEOMETRIC_REPRESENTATION_CONTEXT(2) 
PARAMETRIC_REPRESENTATION_CONTEXT() REPRESENTATION_CONTEXT('2D SPACE',''
  ) );
#6442 = PCURVE('',#6443,#6448);
#6443 = PLANE('',#6444);
#6444 = AXIS2_PLACEMENT_3D('',#6445,#6446,#6447);
#6445 = CARTESIAN_POINT('',(-30.,-23.3,-5.5));
#6446 = DIRECTION('',(-0.,0.4472135955,0.894427191));
#6447 = DIRECTION('',(0.,0.894427191,-0.4472135955));
#6448 = DEFINITIONAL_REPRESENTATION('',(#6449),#6453);
#6449 = LINE('',#6450,#6451);
#6450 = CARTESIAN_POINT('',(1.068933754253,-17.96727954173));
#6451 = VECTOR('',#6452,1.);
#6452 = DIRECTION('',(0.,-1.));
#6453 = ( GEOMETRIC_REPRESENTATION_CONTEXT(2) 
PARAMETRIC_REPRESENTATION_CONTEXT() REPRESENTATION_CONTEXT('2D SPACE',''
  ) );
#6454 = ORIENTED_EDGE('',*,*,#6357,.F.);
#6455 = ORIENTED_EDGE('',*,*,#3141,.F.);
#6456 = ADVANCED_FACE('',(#6457),#3190,.T.);
#6457 = FACE_BOUND('',#6458,.F.);
#6458 = EDGE_LOOP('',(#6459,#6460,#6523,#6551));
#6459 = ORIENTED_EDGE('',*,*,#3172,.F.);
#6460 = ORIENTED_EDGE('',*,*,#6461,.T.);
#6461 = EDGE_CURVE('',#3173,#6462,#6464,.T.);
#6462 = VERTEX_POINT('',#6463);
#6463 = CARTESIAN_POINT('',(-11.27413896545,23.3,-5.364032522475));
#6464 = SURFACE_CURVE('',#6465,(#6475,#6488),.PCURVE_S1.);
#6465 = ( BOUNDED_CURVE() B_SPLINE_CURVE(8,(#6466,#6467,#6468,#6469,
    #6470,#6471,#6472,#6473,#6474),.UNSPECIFIED.,.F.,.F.) 
B_SPLINE_CURVE_WITH_KNOTS((9,9),(0.415644933983,1.528229854249),
.PIECEWISE_BEZIER_KNOTS.) CURVE() GEOMETRIC_REPRESENTATION_ITEM() 
RATIONAL_B_SPLINE_CURVE((1.,1.,1.,1.,1.,1.,1.,1.,1.)) 
REPRESENTATION_ITEM('') );
#6466 = CARTESIAN_POINT('',(-12.0237378019,22.574527217444,
    -5.620366245693));
#6467 = CARTESIAN_POINT('',(-12.0191717304,22.714075125525,
    -5.571059706863));
#6468 = CARTESIAN_POINT('',(-11.98500479055,22.848979995524,
    -5.523407464422));
#6469 = CARTESIAN_POINT('',(-11.92426071577,22.978333219176,
    -5.477955027314));
#6470 = CARTESIAN_POINT('',(-11.83312732047,23.101224926068,
    -5.435443682752));
#6471 = CARTESIAN_POINT('',(-11.70976887681,23.20176126325,
    -5.398893886037));
#6472 = CARTESIAN_POINT('',(-11.566491128,23.26844693001,-5.375235772467
    ));
#6473 = CARTESIAN_POINT('',(-11.41808651197,23.3,-5.364032522475));
#6474 = CARTESIAN_POINT('',(-11.27413896545,23.3,-5.364032522475));
#6475 = PCURVE('',#3190,#6476);
#6476 = DEFINITIONAL_REPRESENTATION('',(#6477),#6487);
#6477 = B_SPLINE_CURVE_WITH_KNOTS('',8,(#6478,#6479,#6480,#6481,#6482,
    #6483,#6484,#6485,#6486),.UNSPECIFIED.,.F.,.F.,(9,9),(0.415644933983
    ,1.528229854249),.PIECEWISE_BEZIER_KNOTS.);
#6478 = CARTESIAN_POINT('',(-3.219646771413E-15,1.929633754307));
#6479 = CARTESIAN_POINT('',(-0.186163453431,1.978940293137));
#6480 = CARTESIAN_POINT('',(-0.367422733711,2.026591841753));
#6481 = CARTESIAN_POINT('',(-0.552329964202,2.072046860708));
#6482 = CARTESIAN_POINT('',(-0.747179961629,2.114554227424));
#6483 = CARTESIAN_POINT('',(-0.946337760062,2.151107149325));
#6484 = CARTESIAN_POINT('',(-1.148313798356,2.174764064518));
#6485 = CARTESIAN_POINT('',(-1.346157476161,2.185967477525));
#6486 = CARTESIAN_POINT('',(-1.538087538185,2.185967477525));
#6487 = ( GEOMETRIC_REPRESENTATION_CONTEXT(2) 
PARAMETRIC_REPRESENTATION_CONTEXT() REPRESENTATION_CONTEXT('2D SPACE',''
  ) );
#6488 = PCURVE('',#6489,#6517);
#6489 = ( BOUNDED_SURFACE() B_SPLINE_SURFACE(2,8,(
    (#6490,#6491,#6492,#6493,#6494,#6495,#6496,#6497,#6498)
    ,(#6499,#6500,#6501,#6502,#6503,#6504,#6505,#6506,#6507)
    ,(#6508,#6509,#6510,#6511,#6512,#6513,#6514,#6515,#6516
)),.UNSPECIFIED.,.F.,.F.,.F.) B_SPLINE_SURFACE_WITH_KNOTS((3,3),(9,9),(
    0.,1.112584920266),(0.415644933983,1.528229854249),
.PIECEWISE_BEZIER_KNOTS.) GEOMETRIC_REPRESENTATION_ITEM() 
RATIONAL_B_SPLINE_SURFACE((
    (1.,1.,1.,1.,1.,1.,1.,1.,1.)
    ,(0.712258813248,0.741465849487,0.76833888983,0.793499949726
      ,0.817083026032,0.833582180432,0.845194349467,0.850650808352
      ,0.850650808352)
,(1.,1.,1.,1.,1.,1.,1.,1.,1.))) REPRESENTATION_ITEM('') SURFACE() );
#6490 = CARTESIAN_POINT('',(-11.80386832168,22.665339542323,
    -5.817330228839));
#6491 = CARTESIAN_POINT('',(-11.80105836304,22.754037202187,
    -5.772981398907));
#6492 = CARTESIAN_POINT('',(-11.7821640022,22.839421864514,
    -5.730289067743));
#6493 = CARTESIAN_POINT('',(-11.74937372185,22.926876720983,
    -5.686561639508));
#6494 = CARTESIAN_POINT('',(-11.69202343076,23.020228731756,
    -5.639885634122));
#6495 = CARTESIAN_POINT('',(-11.60233322971,23.101111278444,
    -5.599444360778));
#6496 = CARTESIAN_POINT('',(-11.49253523756,23.154544857233,
    -5.572727571383));
#6497 = CARTESIAN_POINT('',(-11.37956034835,23.17838699101,
    -5.560806504495));
#6498 = CARTESIAN_POINT('',(-11.27413896545,23.17838699101,
    -5.560806504495));
#6499 = CARTESIAN_POINT('',(-12.0205685109,22.671386832641,
    -5.814306583679));
#6500 = CARTESIAN_POINT('',(-11.9991345695,22.796506184506,
    -5.751746907747));
#6501 = CARTESIAN_POINT('',(-11.95397034968,22.913012034635,
    -5.693493982682));
#6502 = CARTESIAN_POINT('',(-11.8885102324,23.020928756701,
    -5.639535621649));
#6503 = CARTESIAN_POINT('',(-11.80143859753,23.12486376604,
    -5.58756811698));
#6504 = CARTESIAN_POINT('',(-11.6826831374,23.215713534757,
    -5.542143232621));
#6505 = CARTESIAN_POINT('',(-11.5453833444,23.273409949551,
    -5.513295025225));
#6506 = CARTESIAN_POINT('',(-11.40618127268,23.3,-5.5));
#6507 = CARTESIAN_POINT('',(-11.27413896545,23.3,-5.5));
#6508 = CARTESIAN_POINT('',(-12.0237378019,22.574527217444,
    -5.620366245693));
#6509 = CARTESIAN_POINT('',(-12.0191717304,22.714075125525,
    -5.571059706863));
#6510 = CARTESIAN_POINT('',(-11.98500479055,22.848979995524,
    -5.523407464422));
#6511 = CARTESIAN_POINT('',(-11.92426071577,22.978333219176,
    -5.477955027314));
#6512 = CARTESIAN_POINT('',(-11.83312732047,23.101224926068,
    -5.435443682752));
#6513 = CARTESIAN_POINT('',(-11.70976887681,23.20176126325,
    -5.398893886037));
#6514 = CARTESIAN_POINT('',(-11.566491128,23.26844693001,-5.375235772467
    ));
#6515 = CARTESIAN_POINT('',(-11.41808651197,23.3,-5.364032522475));
#6516 = CARTESIAN_POINT('',(-11.27413896545,23.3,-5.364032522475));
#6517 = DEFINITIONAL_REPRESENTATION('',(#6518),#6522);
#6518 = LINE('',#6519,#6520);
#6519 = CARTESIAN_POINT('',(1.112584920266,0.));
#6520 = VECTOR('',#6521,1.);
#6521 = DIRECTION('',(0.,1.));
#6522 = ( GEOMETRIC_REPRESENTATION_CONTEXT(2) 
PARAMETRIC_REPRESENTATION_CONTEXT() REPRESENTATION_CONTEXT('2D SPACE',''
  ) );
#6523 = ORIENTED_EDGE('',*,*,#6524,.T.);
#6524 = EDGE_CURVE('',#6462,#6525,#6527,.T.);
#6525 = VERTEX_POINT('',#6526);
#6526 = CARTESIAN_POINT('',(-11.27413896545,23.3,0.274032522475));
#6527 = SURFACE_CURVE('',#6528,(#6532,#6539),.PCURVE_S1.);
#6528 = LINE('',#6529,#6530);
#6529 = CARTESIAN_POINT('',(-11.27413896545,23.3,-7.55));
#6530 = VECTOR('',#6531,1.);
#6531 = DIRECTION('',(0.,0.,1.));
#6532 = PCURVE('',#3190,#6533);
#6533 = DEFINITIONAL_REPRESENTATION('',(#6534),#6538);
#6534 = LINE('',#6535,#6536);
#6535 = CARTESIAN_POINT('',(-1.538087538185,0.));
#6536 = VECTOR('',#6537,1.);
#6537 = DIRECTION('',(-0.,1.));
#6538 = ( GEOMETRIC_REPRESENTATION_CONTEXT(2) 
PARAMETRIC_REPRESENTATION_CONTEXT() REPRESENTATION_CONTEXT('2D SPACE',''
  ) );
#6539 = PCURVE('',#6540,#6545);
#6540 = PLANE('',#6541);
#6541 = AXIS2_PLACEMENT_3D('',#6542,#6543,#6544);
#6542 = CARTESIAN_POINT('',(-30.,23.3,0.41));
#6543 = DIRECTION('',(-0.,1.,0.));
#6544 = DIRECTION('',(0.,0.,-1.));
#6545 = DEFINITIONAL_REPRESENTATION('',(#6546),#6550);
#6546 = LINE('',#6547,#6548);
#6547 = CARTESIAN_POINT('',(7.96,-18.72586103454));
#6548 = VECTOR('',#6549,1.);
#6549 = DIRECTION('',(-1.,0.));
#6550 = ( GEOMETRIC_REPRESENTATION_CONTEXT(2) 
PARAMETRIC_REPRESENTATION_CONTEXT() REPRESENTATION_CONTEXT('2D SPACE',''
  ) );
#6551 = ORIENTED_EDGE('',*,*,#6552,.F.);
#6552 = EDGE_CURVE('',#3175,#6525,#6553,.T.);
#6553 = SURFACE_CURVE('',#6554,(#6564,#6577),.PCURVE_S1.);
#6554 = ( BOUNDED_CURVE() B_SPLINE_CURVE(8,(#6555,#6556,#6557,#6558,
    #6559,#6560,#6561,#6562,#6563),.UNSPECIFIED.,.F.,.F.) 
B_SPLINE_CURVE_WITH_KNOTS((9,9),(0.639347471151,1.751932391417),
.PIECEWISE_BEZIER_KNOTS.) CURVE() GEOMETRIC_REPRESENTATION_ITEM() 
RATIONAL_B_SPLINE_CURVE((1.,1.,1.,1.,1.,1.,1.,1.,1.)) 
REPRESENTATION_ITEM('') );
#6555 = CARTESIAN_POINT('',(-12.0237378019,22.574527217444,
    0.530366245693));
#6556 = CARTESIAN_POINT('',(-12.0191717304,22.714075125525,
    0.481059706863));
#6557 = CARTESIAN_POINT('',(-11.98500479055,22.848979995524,
    0.433407464422));
#6558 = CARTESIAN_POINT('',(-11.92426071577,22.978333219176,
    0.387955027314));
#6559 = CARTESIAN_POINT('',(-11.83312732047,23.101224926068,
    0.345443682752));
#6560 = CARTESIAN_POINT('',(-11.70976887681,23.20176126325,
    0.308893886037));
#6561 = CARTESIAN_POINT('',(-11.566491128,23.26844693001,0.285235772467)
  );
#6562 = CARTESIAN_POINT('',(-11.41808651197,23.3,0.274032522475));
#6563 = CARTESIAN_POINT('',(-11.27413896545,23.3,0.274032522475));
#6564 = PCURVE('',#3190,#6565);
#6565 = DEFINITIONAL_REPRESENTATION('',(#6566),#6576);
#6566 = B_SPLINE_CURVE_WITH_KNOTS('',8,(#6567,#6568,#6569,#6570,#6571,
    #6572,#6573,#6574,#6575),.UNSPECIFIED.,.F.,.F.,(9,9),(0.639347471151
    ,1.751932391417),.PIECEWISE_BEZIER_KNOTS.);
#6567 = CARTESIAN_POINT('',(3.759229662308E-17,8.080366245693));
#6568 = CARTESIAN_POINT('',(-0.186163453431,8.031059706863));
#6569 = CARTESIAN_POINT('',(-0.367422733711,7.983408158247));
#6570 = CARTESIAN_POINT('',(-0.552329964202,7.937953139292));
#6571 = CARTESIAN_POINT('',(-0.747179961629,7.895445772576));
#6572 = CARTESIAN_POINT('',(-0.946337760062,7.858892850675));
#6573 = CARTESIAN_POINT('',(-1.148313798356,7.835235935482));
#6574 = CARTESIAN_POINT('',(-1.346157476161,7.824032522475));
#6575 = CARTESIAN_POINT('',(-1.538087538185,7.824032522475));
#6576 = ( GEOMETRIC_REPRESENTATION_CONTEXT(2) 
PARAMETRIC_REPRESENTATION_CONTEXT() REPRESENTATION_CONTEXT('2D SPACE',''
  ) );
#6577 = PCURVE('',#6578,#6606);
#6578 = ( BOUNDED_SURFACE() B_SPLINE_SURFACE(2,8,(
    (#6579,#6580,#6581,#6582,#6583,#6584,#6585,#6586,#6587)
    ,(#6588,#6589,#6590,#6591,#6592,#6593,#6594,#6595,#6596)
    ,(#6597,#6598,#6599,#6600,#6601,#6602,#6603,#6604,#6605
)),.UNSPECIFIED.,.F.,.F.,.F.) B_SPLINE_SURFACE_WITH_KNOTS((3,3),(9,9),(
    0.,1.112584920266),(0.639347471151,1.751932391417),
.PIECEWISE_BEZIER_KNOTS.) GEOMETRIC_REPRESENTATION_ITEM() 
RATIONAL_B_SPLINE_SURFACE((
    (1.,1.,1.,1.,1.,1.,1.,1.,1.)
    ,(0.712258813248,0.741465849487,0.76833888983,0.793499949726
      ,0.817083026032,0.833582180432,0.845194349467,0.850650808352
      ,0.850650808352)
,(1.,1.,1.,1.,1.,1.,1.,1.,1.))) REPRESENTATION_ITEM('') SURFACE() );
#6579 = CARTESIAN_POINT('',(-11.80386832168,22.665339542323,
    0.727330228839));
#6580 = CARTESIAN_POINT('',(-11.80105836304,22.754037202187,
    0.682981398907));
#6581 = CARTESIAN_POINT('',(-11.7821640022,22.839421864514,
    0.640289067743));
#6582 = CARTESIAN_POINT('',(-11.74937372185,22.926876720983,
    0.596561639508));
#6583 = CARTESIAN_POINT('',(-11.69202343076,23.020228731756,
    0.549885634122));
#6584 = CARTESIAN_POINT('',(-11.60233322971,23.101111278445,
    0.509444360778));
#6585 = CARTESIAN_POINT('',(-11.49253523756,23.154544857233,
    0.482727571383));
#6586 = CARTESIAN_POINT('',(-11.37956034835,23.17838699101,
    0.470806504495));
#6587 = CARTESIAN_POINT('',(-11.27413896545,23.17838699101,
    0.470806504495));
#6588 = CARTESIAN_POINT('',(-12.0205685109,22.671386832641,
    0.724306583679));
#6589 = CARTESIAN_POINT('',(-11.9991345695,22.796506184506,
    0.661746907747));
#6590 = CARTESIAN_POINT('',(-11.95397034968,22.913012034635,
    0.603493982682));
#6591 = CARTESIAN_POINT('',(-11.8885102324,23.020928756701,
    0.549535621649));
#6592 = CARTESIAN_POINT('',(-11.80143859753,23.124863766039,
    0.49756811698));
#6593 = CARTESIAN_POINT('',(-11.6826831374,23.215713534757,
    0.452143232621));
#6594 = CARTESIAN_POINT('',(-11.5453833444,23.273409949551,
    0.423295025225));
#6595 = CARTESIAN_POINT('',(-11.40618127268,23.3,0.41));
#6596 = CARTESIAN_POINT('',(-11.27413896545,23.3,0.41));
#6597 = CARTESIAN_POINT('',(-12.0237378019,22.574527217444,
    0.530366245693));
#6598 = CARTESIAN_POINT('',(-12.0191717304,22.714075125525,
    0.481059706863));
#6599 = CARTESIAN_POINT('',(-11.98500479055,22.848979995524,
    0.433407464422));
#6600 = CARTESIAN_POINT('',(-11.92426071577,22.978333219176,
    0.387955027314));
#6601 = CARTESIAN_POINT('',(-11.83312732047,23.101224926068,
    0.345443682752));
#6602 = CARTESIAN_POINT('',(-11.70976887681,23.20176126325,
    0.308893886037));
#6603 = CARTESIAN_POINT('',(-11.566491128,23.26844693001,0.285235772467)
  );
#6604 = CARTESIAN_POINT('',(-11.41808651197,23.3,0.274032522475));
#6605 = CARTESIAN_POINT('',(-11.27413896545,23.3,0.274032522475));
#6606 = DEFINITIONAL_REPRESENTATION('',(#6607),#6611);
#6607 = LINE('',#6608,#6609);
#6608 = CARTESIAN_POINT('',(1.112584920266,0.));
#6609 = VECTOR('',#6610,1.);
#6610 = DIRECTION('',(0.,1.));
#6611 = ( GEOMETRIC_REPRESENTATION_CONTEXT(2) 
PARAMETRIC_REPRESENTATION_CONTEXT() REPRESENTATION_CONTEXT('2D SPACE',''
  ) );
#6612 = ADVANCED_FACE('',(#6613),#3216,.T.);
#6613 = FACE_BOUND('',#6614,.T.);
#6614 = EDGE_LOOP('',(#6615,#6616,#6617,#6643));
#6615 = ORIENTED_EDGE('',*,*,#6382,.T.);
#6616 = ORIENTED_EDGE('',*,*,#3202,.T.);
#6617 = ORIENTED_EDGE('',*,*,#6618,.F.);
#6618 = EDGE_CURVE('',#6619,#3173,#6621,.T.);
#6619 = VERTEX_POINT('',#6620);
#6620 = CARTESIAN_POINT('',(-11.80385547654,22.665719558004,
    -5.817140220998));
#6621 = SURFACE_CURVE('',#6622,(#6627,#6633),.PCURVE_S1.);
#6622 = CIRCLE('',#6623,0.22);
#6623 = AXIS2_PLACEMENT_3D('',#6624,#6625,#6626);
#6624 = CARTESIAN_POINT('',(-11.80385547654,22.567332566994,
    -5.620366238978));
#6625 = DIRECTION('',(2.925354238666E-02,0.894044397223,0.447022198612)
  );
#6626 = DIRECTION('',(0.,0.4472135955,-0.894427191));
#6627 = PCURVE('',#3216,#6628);
#6628 = DEFINITIONAL_REPRESENTATION('',(#6629),#6632);
#6629 = B_SPLINE_CURVE_WITH_KNOTS('',1,(#6630,#6631),.UNSPECIFIED.,.F.,
  .F.,(2,2),(0.,1.556170598563),.PIECEWISE_BEZIER_KNOTS.);
#6630 = CARTESIAN_POINT('',(0.,0.415407013679));
#6631 = CARTESIAN_POINT('',(1.556170598563,0.415407013679));
#6632 = ( GEOMETRIC_REPRESENTATION_CONTEXT(2) 
PARAMETRIC_REPRESENTATION_CONTEXT() REPRESENTATION_CONTEXT('2D SPACE',''
  ) );
#6633 = PCURVE('',#6489,#6634);
#6634 = DEFINITIONAL_REPRESENTATION('',(#6635),#6642);
#6635 = B_SPLINE_CURVE_WITH_KNOTS('',5,(#6636,#6637,#6638,#6639,#6640,
    #6641),.UNSPECIFIED.,.F.,.F.,(6,6),(0.,1.556170598563),
  .PIECEWISE_BEZIER_KNOTS.);
#6636 = CARTESIAN_POINT('',(0.,0.415644933983));
#6637 = CARTESIAN_POINT('',(0.24666336659,0.415644933983));
#6638 = CARTESIAN_POINT('',(0.454133932076,0.415644933983));
#6639 = CARTESIAN_POINT('',(0.65844959071,0.415644933983));
#6640 = CARTESIAN_POINT('',(0.865921553677,0.415644933983));
#6641 = CARTESIAN_POINT('',(1.112584920266,0.415644933983));
#6642 = ( GEOMETRIC_REPRESENTATION_CONTEXT(2) 
PARAMETRIC_REPRESENTATION_CONTEXT() REPRESENTATION_CONTEXT('2D SPACE',''
  ) );
#6643 = ORIENTED_EDGE('',*,*,#6644,.F.);
#6644 = EDGE_CURVE('',#6282,#6619,#6645,.T.);
#6645 = SURFACE_CURVE('',#6646,(#6650,#6657),.PCURVE_S1.);
#6646 = LINE('',#6647,#6648);
#6647 = CARTESIAN_POINT('',(-11.81600760322,22.294327244857,
    -6.002836377572));
#6648 = VECTOR('',#6649,1.);
#6649 = DIRECTION('',(2.925354238666E-02,0.894044397223,0.447022198612)
  );
#6650 = PCURVE('',#3216,#6651);
#6651 = DEFINITIONAL_REPRESENTATION('',(#6652),#6656);
#6652 = LINE('',#6653,#6654);
#6653 = CARTESIAN_POINT('',(0.,0.));
#6654 = VECTOR('',#6655,1.);
#6655 = DIRECTION('',(0.,1.));
#6656 = ( GEOMETRIC_REPRESENTATION_CONTEXT(2) 
PARAMETRIC_REPRESENTATION_CONTEXT() REPRESENTATION_CONTEXT('2D SPACE',''
  ) );
#6657 = PCURVE('',#6317,#6658);
#6658 = DEFINITIONAL_REPRESENTATION('',(#6659),#6663);
#6659 = LINE('',#6660,#6661);
#6660 = CARTESIAN_POINT('',(1.12437632181,-18.18399239677));
#6661 = VECTOR('',#6662,1.);
#6662 = DIRECTION('',(-0.999572023547,-2.925354238666E-02));
#6663 = ( GEOMETRIC_REPRESENTATION_CONTEXT(2) 
PARAMETRIC_REPRESENTATION_CONTEXT() REPRESENTATION_CONTEXT('2D SPACE',''
  ) );
#6664 = ADVANCED_FACE('',(#6665),#3389,.T.);
#6665 = FACE_BOUND('',#6666,.F.);
#6666 = EDGE_LOOP('',(#6667,#6697,#6747,#6748));
#6667 = ORIENTED_EDGE('',*,*,#6668,.F.);
#6668 = EDGE_CURVE('',#6669,#6671,#6673,.T.);
#6669 = VERTEX_POINT('',#6670);
#6670 = CARTESIAN_POINT('',(-11.8214427637,22.12821830984,0.99589084508)
  );
#6671 = VERTEX_POINT('',#6672);
#6672 = CARTESIAN_POINT('',(-11.80385547654,22.665719558004,
    0.727140220998));
#6673 = SURFACE_CURVE('',#6674,(#6678,#6685),.PCURVE_S1.);
#6674 = LINE('',#6675,#6676);
#6675 = CARTESIAN_POINT('',(-11.82255169488,22.094327244857,
    1.012836377572));
#6676 = VECTOR('',#6677,1.);
#6677 = DIRECTION('',(2.925354238666E-02,0.894044397223,-0.447022198612)
  );
#6678 = PCURVE('',#3389,#6679);
#6679 = DEFINITIONAL_REPRESENTATION('',(#6680),#6684);
#6680 = LINE('',#6681,#6682);
#6681 = CARTESIAN_POINT('',(-0.,0.));
#6682 = VECTOR('',#6683,1.);
#6683 = DIRECTION('',(-0.,1.));
#6684 = ( GEOMETRIC_REPRESENTATION_CONTEXT(2) 
PARAMETRIC_REPRESENTATION_CONTEXT() REPRESENTATION_CONTEXT('2D SPACE',''
  ) );
#6685 = PCURVE('',#6686,#6691);
#6686 = PLANE('',#6687);
#6687 = AXIS2_PLACEMENT_3D('',#6688,#6689,#6690);
#6688 = CARTESIAN_POINT('',(-30.,22.1,1.01));
#6689 = DIRECTION('',(-0.,0.4472135955,0.894427191));
#6690 = DIRECTION('',(0.,0.894427191,-0.4472135955));
#6691 = DEFINITIONAL_REPRESENTATION('',(#6692),#6696);
#6692 = LINE('',#6693,#6694);
#6693 = CARTESIAN_POINT('',(-6.342333059759E-03,-18.17744830511));
#6694 = VECTOR('',#6695,1.);
#6695 = DIRECTION('',(0.999572023547,-2.925354238666E-02));
#6696 = ( GEOMETRIC_REPRESENTATION_CONTEXT(2) 
PARAMETRIC_REPRESENTATION_CONTEXT() REPRESENTATION_CONTEXT('2D SPACE',''
  ) );
#6697 = ORIENTED_EDGE('',*,*,#6698,.F.);
#6698 = EDGE_CURVE('',#3348,#6669,#6699,.T.);
#6699 = SURFACE_CURVE('',#6700,(#6705,#6712),.PCURVE_S1.);
#6700 = CIRCLE('',#6701,0.22);
#6701 = AXIS2_PLACEMENT_3D('',#6702,#6703,#6704);
#6702 = CARTESIAN_POINT('',(-11.8214427637,22.02983131883,0.79911686306)
  );
#6703 = DIRECTION('',(2.92535423867E-02,0.894044397223,-0.447022198612)
  );
#6704 = DIRECTION('',(-0.999465115264,3.270295659165E-02,
    -1.564373630636E-14));
#6705 = PCURVE('',#3389,#6706);
#6706 = DEFINITIONAL_REPRESENTATION('',(#6707),#6711);
#6707 = LINE('',#6708,#6709);
#6708 = CARTESIAN_POINT('',(-1.556170598563,3.790758612021E-02));
#6709 = VECTOR('',#6710,1.);
#6710 = DIRECTION('',(1.,3.121268154802E-15));
#6711 = ( GEOMETRIC_REPRESENTATION_CONTEXT(2) 
PARAMETRIC_REPRESENTATION_CONTEXT() REPRESENTATION_CONTEXT('2D SPACE',''
  ) );
#6712 = PCURVE('',#6713,#6718);
#6713 = SPHERICAL_SURFACE('',#6714,0.22);
#6714 = AXIS2_PLACEMENT_3D('',#6715,#6716,#6717);
#6715 = CARTESIAN_POINT('',(-11.8214427637,22.02983131883,0.79911686306)
  );
#6716 = DIRECTION('',(-1.614869854E-14,-0.177829554836,-0.984061303693)
  );
#6717 = DIRECTION('',(-0.999482016972,3.166931507348E-02,
    -5.722956669788E-03));
#6718 = DEFINITIONAL_REPRESENTATION('',(#6719),#6746);
#6719 = B_SPLINE_CURVE_WITH_KNOTS('',7,(#6720,#6721,#6722,#6723,#6724,
    #6725,#6726,#6727,#6728,#6729,#6730,#6731,#6732,#6733,#6734,#6735,
    #6736,#6737,#6738,#6739,#6740,#6741,#6742,#6743,#6744,#6745),
  .UNSPECIFIED.,.F.,.F.,(8,6,6,6,8),(0.,0.778085299282,1.167127948923,
    1.361649273743,1.556170598563),.UNSPECIFIED.);
#6720 = CARTESIAN_POINT('',(1.614897162665E-14,-5.815584993931E-03));
#6721 = CARTESIAN_POINT('',(3.122558916068E-02,-0.112494725822));
#6722 = CARTESIAN_POINT('',(6.24912308128E-02,-0.219168273978));
#6723 = CARTESIAN_POINT('',(9.499768461392E-02,-0.325658461505));
#6724 = CARTESIAN_POINT('',(0.129773099554,-0.431821851185));
#6725 = CARTESIAN_POINT('',(0.168736245769,-0.537360187265));
#6726 = CARTESIAN_POINT('',(0.213739943678,-0.642021046944));
#6727 = CARTESIAN_POINT('',(0.300376966663,-0.796105267601));
#6728 = CARTESIAN_POINT('',(0.332444783107,-0.846980273919));
#6729 = CARTESIAN_POINT('',(0.3685552874,-0.897243165449));
#6730 = CARTESIAN_POINT('',(0.409875127335,-0.946685094845));
#6731 = CARTESIAN_POINT('',(0.458083099186,-0.995044310321));
#6732 = CARTESIAN_POINT('',(0.51588204853,-1.041867734544));
#6733 = CARTESIAN_POINT('',(0.623793913899,-1.108371973335));
#6734 = CARTESIAN_POINT('',(0.663296665494,-1.129918078523));
#6735 = CARTESIAN_POINT('',(0.706906946198,-1.150720480515));
#6736 = CARTESIAN_POINT('',(0.755264122291,-1.170628912254));
#6737 = CARTESIAN_POINT('',(0.809170428481,-1.189441028086));
#6738 = CARTESIAN_POINT('',(0.869442676016,-1.206892437645));
#6739 = CARTESIAN_POINT('',(1.003590858924,-1.238428190281));
#6740 = CARTESIAN_POINT('',(1.077465914725,-1.252513206316));
#6741 = CARTESIAN_POINT('',(1.158558610343,-1.264592158957));
#6742 = CARTESIAN_POINT('',(1.246892461706,-1.274304133804));
#6743 = CARTESIAN_POINT('',(1.341572364729,-1.281229619239));
#6744 = CARTESIAN_POINT('',(1.439769001409,-1.285116208294));
#6745 = CARTESIAN_POINT('',(1.538608510707,-1.285929127983));
#6746 = ( GEOMETRIC_REPRESENTATION_CONTEXT(2) 
PARAMETRIC_REPRESENTATION_CONTEXT() REPRESENTATION_CONTEXT('2D SPACE',''
  ) );
#6747 = ORIENTED_EDGE('',*,*,#3375,.T.);
#6748 = ORIENTED_EDGE('',*,*,#6749,.F.);
#6749 = EDGE_CURVE('',#6671,#3175,#6750,.T.);
#6750 = SURFACE_CURVE('',#6751,(#6756,#6762),.PCURVE_S1.);
#6751 = CIRCLE('',#6752,0.22);
#6752 = AXIS2_PLACEMENT_3D('',#6753,#6754,#6755);
#6753 = CARTESIAN_POINT('',(-11.80385547654,22.567332566994,
    0.530366238978));
#6754 = DIRECTION('',(-2.925354238666E-02,-0.894044397223,0.447022198612
    ));
#6755 = DIRECTION('',(0.,0.4472135955,0.894427191));
#6756 = PCURVE('',#3389,#6757);
#6757 = DEFINITIONAL_REPRESENTATION('',(#6758),#6761);
#6758 = B_SPLINE_CURVE_WITH_KNOTS('',1,(#6759,#6760),.UNSPECIFIED.,.F.,
  .F.,(2,2),(0.,1.556170598563),.PIECEWISE_BEZIER_KNOTS.);
#6759 = CARTESIAN_POINT('',(0.,0.639109550847));
#6760 = CARTESIAN_POINT('',(-1.556170598563,0.639109550847));
#6761 = ( GEOMETRIC_REPRESENTATION_CONTEXT(2) 
PARAMETRIC_REPRESENTATION_CONTEXT() REPRESENTATION_CONTEXT('2D SPACE',''
  ) );
#6762 = PCURVE('',#6578,#6763);
#6763 = DEFINITIONAL_REPRESENTATION('',(#6764),#6771);
#6764 = B_SPLINE_CURVE_WITH_KNOTS('',5,(#6765,#6766,#6767,#6768,#6769,
    #6770),.UNSPECIFIED.,.F.,.F.,(6,6),(0.,1.556170598563),
  .PIECEWISE_BEZIER_KNOTS.);
#6765 = CARTESIAN_POINT('',(0.,0.639347471151));
#6766 = CARTESIAN_POINT('',(0.24666336659,0.639347471151));
#6767 = CARTESIAN_POINT('',(0.454133932076,0.639347471151));
#6768 = CARTESIAN_POINT('',(0.65844959071,0.639347471151));
#6769 = CARTESIAN_POINT('',(0.865921553677,0.639347471151));
#6770 = CARTESIAN_POINT('',(1.112584920266,0.639347471151));
#6771 = ( GEOMETRIC_REPRESENTATION_CONTEXT(2) 
PARAMETRIC_REPRESENTATION_CONTEXT() REPRESENTATION_CONTEXT('2D SPACE',''
  ) );
#6772 = ADVANCED_FACE('',(#6773),#3363,.T.);
#6773 = FACE_BOUND('',#6774,.T.);
#6774 = EDGE_LOOP('',(#6775,#6805,#6825,#6826,#6855,#6910));
#6775 = ORIENTED_EDGE('',*,*,#6776,.F.);
#6776 = EDGE_CURVE('',#6777,#6779,#6781,.T.);
#6777 = VERTEX_POINT('',#6778);
#6778 = CARTESIAN_POINT('',(-11.8214427637,22.068953820894,
    1.015610349873));
#6779 = VERTEX_POINT('',#6780);
#6780 = CARTESIAN_POINT('',(-12.04695534668,15.176856492878,
    2.261080113926));
#6781 = SURFACE_CURVE('',#6782,(#6786,#6793),.PCURVE_S1.);
#6782 = LINE('',#6783,#6784);
#6783 = CARTESIAN_POINT('',(-11.82065356813,22.09307315195,
    1.011251749561));
#6784 = VECTOR('',#6785,1.);
#6785 = DIRECTION('',(-3.218225831519E-02,-0.983551576639,0.177737442144
    ));
#6786 = PCURVE('',#3363,#6787);
#6787 = DEFINITIONAL_REPRESENTATION('',(#6788),#6792);
#6788 = LINE('',#6789,#6790);
#6789 = CARTESIAN_POINT('',(0.,0.));
#6790 = VECTOR('',#6791,1.);
#6791 = DIRECTION('',(0.,1.));
#6792 = ( GEOMETRIC_REPRESENTATION_CONTEXT(2) 
PARAMETRIC_REPRESENTATION_CONTEXT() REPRESENTATION_CONTEXT('2D SPACE',''
  ) );
#6793 = PCURVE('',#6794,#6799);
#6794 = PLANE('',#6795);
#6795 = AXIS2_PLACEMENT_3D('',#6796,#6797,#6798);
#6796 = CARTESIAN_POINT('',(-30.,14.131424255502,2.45));
#6797 = DIRECTION('',(-0.,0.177829554836,0.984061303693));
#6798 = DIRECTION('',(0.,0.984061303693,-0.177829554836));
#6799 = DEFINITIONAL_REPRESENTATION('',(#6800),#6804);
#6800 = LINE('',#6801,#6802);
#6801 = CARTESIAN_POINT('',(8.090602553484,-18.17934643186));
#6802 = VECTOR('',#6803,1.);
#6803 = DIRECTION('',(-0.999482016972,3.218225831519E-02));
#6804 = ( GEOMETRIC_REPRESENTATION_CONTEXT(2) 
PARAMETRIC_REPRESENTATION_CONTEXT() REPRESENTATION_CONTEXT('2D SPACE',''
  ) );
#6805 = ORIENTED_EDGE('',*,*,#6806,.T.);
#6806 = EDGE_CURVE('',#6777,#3348,#6807,.T.);
#6807 = SURFACE_CURVE('',#6808,(#6813,#6819),.PCURVE_S1.);
#6808 = CIRCLE('',#6809,0.22);
#6809 = AXIS2_PLACEMENT_3D('',#6810,#6811,#6812);
#6810 = CARTESIAN_POINT('',(-11.8214427637,22.02983131883,0.79911686306)
  );
#6811 = DIRECTION('',(-3.218225831522E-02,-0.983551576639,0.177737442144
    ));
#6812 = DIRECTION('',(-0.999482016972,3.166931507348E-02,
    -5.722956669788E-03));
#6813 = PCURVE('',#3363,#6814);
#6814 = DEFINITIONAL_REPRESENTATION('',(#6815),#6818);
#6815 = B_SPLINE_CURVE_WITH_KNOTS('',1,(#6816,#6817),.UNSPECIFIED.,.F.,
  .F.,(2,2),(4.712388980385,6.277369722186),.PIECEWISE_BEZIER_KNOTS.);
#6816 = CARTESIAN_POINT('',(0.,2.452269065373E-02));
#6817 = CARTESIAN_POINT('',(1.564980741801,2.452269065373E-02));
#6818 = ( GEOMETRIC_REPRESENTATION_CONTEXT(2) 
PARAMETRIC_REPRESENTATION_CONTEXT() REPRESENTATION_CONTEXT('2D SPACE',''
  ) );
#6819 = PCURVE('',#6713,#6820);
#6820 = DEFINITIONAL_REPRESENTATION('',(#6821),#6824);
#6821 = B_SPLINE_CURVE_WITH_KNOTS('',1,(#6822,#6823),.UNSPECIFIED.,.F.,
  .F.,(2,2),(4.712388980385,6.277369722186),.PIECEWISE_BEZIER_KNOTS.);
#6822 = CARTESIAN_POINT('',(0.,-1.570796326795));
#6823 = CARTESIAN_POINT('',(0.,-5.815584993931E-03));
#6824 = ( GEOMETRIC_REPRESENTATION_CONTEXT(2) 
PARAMETRIC_REPRESENTATION_CONTEXT() REPRESENTATION_CONTEXT('2D SPACE',''
  ) );
#6825 = ORIENTED_EDGE('',*,*,#3347,.T.);
#6826 = ORIENTED_EDGE('',*,*,#6827,.F.);
#6827 = EDGE_CURVE('',#6828,#3316,#6830,.T.);
#6828 = VERTEX_POINT('',#6829);
#6829 = CARTESIAN_POINT('',(-12.26833104968,15.070493249961,
    2.078694772664));
#6830 = SURFACE_CURVE('',#6831,(#6837,#6846),.PCURVE_S1.);
#6831 = B_SPLINE_CURVE_WITH_KNOTS('',4,(#6832,#6833,#6834,#6835,#6836),
  .UNSPECIFIED.,.F.,.F.,(5,5),(0.,1.),.PIECEWISE_BEZIER_KNOTS.);
#6832 = CARTESIAN_POINT('',(-12.26833104968,15.070493249961,
    2.078694772664));
#6833 = CARTESIAN_POINT('',(-12.26876617497,15.071613198702,
    2.073333194096));
#6834 = CARTESIAN_POINT('',(-12.26903884716,15.072874720563,
    2.067937652787));
#6835 = CARTESIAN_POINT('',(-12.2691494842,15.074275225002,
    2.062516216211));
#6836 = CARTESIAN_POINT('',(-12.26909921523,15.07581154103,
    2.057076766824));
#6837 = PCURVE('',#3363,#6838);
#6838 = DEFINITIONAL_REPRESENTATION('',(#6839),#6845);
#6839 = B_SPLINE_CURVE_WITH_KNOTS('',4,(#6840,#6841,#6842,#6843,#6844),
  .UNSPECIFIED.,.F.,.F.,(5,5),(0.,1.),.PIECEWISE_BEZIER_KNOTS.);
#6840 = CARTESIAN_POINT('',(1.472423581639,7.111201399591));
#6841 = CARTESIAN_POINT('',(1.495612794514,7.109160922295));
#6842 = CARTESIAN_POINT('',(1.518768903662,7.106969935975));
#6843 = CARTESIAN_POINT('',(1.541891491077,7.104632435906));
#6844 = CARTESIAN_POINT('',(1.564980741801,7.102152978265));
#6845 = ( GEOMETRIC_REPRESENTATION_CONTEXT(2) 
PARAMETRIC_REPRESENTATION_CONTEXT() REPRESENTATION_CONTEXT('2D SPACE',''
  ) );
#6846 = PCURVE('',#3332,#6847);
#6847 = DEFINITIONAL_REPRESENTATION('',(#6848),#6854);
#6848 = B_SPLINE_CURVE_WITH_KNOTS('',4,(#6849,#6850,#6851,#6852,#6853),
  .UNSPECIFIED.,.F.,.F.,(5,5),(0.,1.),.PIECEWISE_BEZIER_KNOTS.);
#6849 = CARTESIAN_POINT('',(-2.254053643522,-0.174968791747));
#6850 = CARTESIAN_POINT('',(-2.254034624068,-0.16960721318));
#6851 = CARTESIAN_POINT('',(-2.254004525066,-0.164211671871));
#6852 = CARTESIAN_POINT('',(-2.253963451326,-0.158790235295));
#6853 = CARTESIAN_POINT('',(-2.253911554836,-0.153350785907));
#6854 = ( GEOMETRIC_REPRESENTATION_CONTEXT(2) 
PARAMETRIC_REPRESENTATION_CONTEXT() REPRESENTATION_CONTEXT('2D SPACE',''
  ) );
#6855 = ORIENTED_EDGE('',*,*,#6856,.F.);
#6856 = EDGE_CURVE('',#6857,#6828,#6859,.T.);
#6857 = VERTEX_POINT('',#6858);
#6858 = CARTESIAN_POINT('',(-12.14702738597,15.10174903205,
    2.251399612228));
#6859 = SURFACE_CURVE('',#6860,(#6873,#6889),.PCURVE_S1.);
#6860 = B_SPLINE_CURVE_WITH_KNOTS('',6,(#6861,#6862,#6863,#6864,#6865,
    #6866,#6867,#6868,#6869,#6870,#6871,#6872),.UNSPECIFIED.,.F.,.F.,(7,
    5,7),(0.,0.292973657846,1.),.UNSPECIFIED.);
#6861 = CARTESIAN_POINT('',(-12.14702738597,15.10174903205,
    2.251399612228));
#6862 = CARTESIAN_POINT('',(-12.15699565953,15.095174875597,
    2.247663739531));
#6863 = CARTESIAN_POINT('',(-12.16667399761,15.089088784827,
    2.243239352516));
#6864 = CARTESIAN_POINT('',(-12.17601150585,15.083528515221,
    2.23813955828));
#6865 = CARTESIAN_POINT('',(-12.18495938421,15.078527461391,
    2.232385081842));
#6866 = CARTESIAN_POINT('',(-12.19347238673,15.074113379814,
    2.226004044856));
#6867 = CARTESIAN_POINT('',(-12.22090794104,15.061121535172,
    2.202205657679));
#6868 = CARTESIAN_POINT('',(-12.23754519116,15.05547261956,
    2.181930587361));
#6869 = CARTESIAN_POINT('',(-12.25083946044,15.053665068616,
    2.158707818847));
#6870 = CARTESIAN_POINT('',(-12.26044021275,15.055729190046,
    2.133255919053));
#6871 = CARTESIAN_POINT('',(-12.2662481195,15.061453515525,
    2.106341510649));
#6872 = CARTESIAN_POINT('',(-12.26833104968,15.070493249961,
    2.078694772664));
#6873 = PCURVE('',#3363,#6874);
#6874 = DEFINITIONAL_REPRESENTATION('',(#6875),#6888);
#6875 = B_SPLINE_CURVE_WITH_KNOTS('',6,(#6876,#6877,#6878,#6879,#6880,
    #6881,#6882,#6883,#6884,#6885,#6886,#6887),.UNSPECIFIED.,.F.,.F.,(7,
    5,7),(0.,0.292973657846,1.),.UNSPECIFIED.);
#6876 = CARTESIAN_POINT('',(0.460144169723,7.107252016428));
#6877 = CARTESIAN_POINT('',(0.509740441121,7.11337483547));
#6878 = CARTESIAN_POINT('',(0.5594279735,7.118885911188));
#6879 = CARTESIAN_POINT('',(0.609184068438,7.123748800844));
#6880 = CARTESIAN_POINT('',(0.658984586715,7.127932772233));
#6881 = CARTESIAN_POINT('',(0.708803360396,7.131414067582));
#6882 = CARTESIAN_POINT('',(0.878812653652,7.140845290495));
#6883 = CARTESIAN_POINT('',(0.99899205189,7.143333075494));
#6884 = CARTESIAN_POINT('',(1.11866779608,7.141411179208));
#6885 = CARTESIAN_POINT('',(1.237558425217,7.135166227645));
#6886 = CARTESIAN_POINT('',(1.355501238019,7.124939271744));
#6887 = CARTESIAN_POINT('',(1.47242358164,7.111201399591));
#6888 = ( GEOMETRIC_REPRESENTATION_CONTEXT(2) 
PARAMETRIC_REPRESENTATION_CONTEXT() REPRESENTATION_CONTEXT('2D SPACE',''
  ) );
#6889 = PCURVE('',#6890,#6895);
#6890 = CONICAL_SURFACE('',#6891,19.432748481411,0.292501031711);
#6891 = AXIS2_PLACEMENT_3D('',#6892,#6893,#6894);
#6892 = CARTESIAN_POINT('',(0.,0.,2.078694772664));
#6893 = DIRECTION('',(-0.,-0.,-1.));
#6894 = DIRECTION('',(1.,0.,-0.));
#6895 = DEFINITIONAL_REPRESENTATION('',(#6896),#6909);
#6896 = B_SPLINE_CURVE_WITH_KNOTS('',6,(#6897,#6898,#6899,#6900,#6901,
    #6902,#6903,#6904,#6905,#6906,#6907,#6908),.UNSPECIFIED.,.F.,.F.,(7,
    5,7),(0.,0.292973657846,1.),.UNSPECIFIED.);
#6897 = CARTESIAN_POINT('',(-2.24818149427,-0.172704839564));
#6898 = CARTESIAN_POINT('',(-2.24879487763,-0.168968966868));
#6899 = CARTESIAN_POINT('',(-2.249380734887,-0.164544579852));
#6900 = CARTESIAN_POINT('',(-2.249935776735,-0.159444785616));
#6901 = CARTESIAN_POINT('',(-2.250456946324,-0.153690309179));
#6902 = CARTESIAN_POINT('',(-2.250941520569,-0.147309272192));
#6903 = CARTESIAN_POINT('',(-2.252462786611,-0.123510885015));
#6904 = CARTESIAN_POINT('',(-2.253312276175,-0.103235814697));
#6905 = CARTESIAN_POINT('',(-2.253902445147,-8.001304618293E-02));
#6906 = CARTESIAN_POINT('',(-2.25421860061,-5.456114638949E-02));
#6907 = CARTESIAN_POINT('',(-2.254264196997,-2.764673798564E-02));
#6908 = CARTESIAN_POINT('',(-2.254053643522,1.214095297712E-14));
#6909 = ( GEOMETRIC_REPRESENTATION_CONTEXT(2) 
PARAMETRIC_REPRESENTATION_CONTEXT() REPRESENTATION_CONTEXT('2D SPACE',''
  ) );
#6910 = ORIENTED_EDGE('',*,*,#6911,.F.);
#6911 = EDGE_CURVE('',#6779,#6857,#6912,.T.);
#6912 = SURFACE_CURVE('',#6913,(#6920,#6930),.PCURVE_S1.);
#6913 = B_SPLINE_CURVE_WITH_KNOTS('',5,(#6914,#6915,#6916,#6917,#6918,
    #6919),.UNSPECIFIED.,.F.,.F.,(6,6),(0.,1.),
  .PIECEWISE_BEZIER_KNOTS.);
#6914 = CARTESIAN_POINT('',(-12.04695534668,15.176856492878,
    2.261080113926));
#6915 = CARTESIAN_POINT('',(-12.06751824255,15.15891226335,
    2.264322812665));
#6916 = CARTESIAN_POINT('',(-12.08818822906,15.142072918025,
    2.265064384787));
#6917 = CARTESIAN_POINT('',(-12.10860620187,15.126697459842,
    2.263167184326));
#6918 = CARTESIAN_POINT('',(-12.12835385963,15.113160715085,
    2.258576234622));
#6919 = CARTESIAN_POINT('',(-12.14702738597,15.10174903205,
    2.251399612228));
#6920 = PCURVE('',#3363,#6921);
#6921 = DEFINITIONAL_REPRESENTATION('',(#6922),#6929);
#6922 = B_SPLINE_CURVE_WITH_KNOTS('',5,(#6923,#6924,#6925,#6926,#6927,
    #6928),.UNSPECIFIED.,.F.,.F.,(6,6),(0.,1.),
  .PIECEWISE_BEZIER_KNOTS.);
#6923 = CARTESIAN_POINT('',(8.074349270001E-15,7.031879998305));
#6924 = CARTESIAN_POINT('',(9.075184249905E-02,7.050767182955));
#6925 = CARTESIAN_POINT('',(0.182215807977,7.068126559577));
#6926 = CARTESIAN_POINT('',(0.27436338931,7.083569008632));
#6927 = CARTESIAN_POINT('',(0.367085318051,7.096702635846));
#6928 = CARTESIAN_POINT('',(0.460144169723,7.107252016428));
#6929 = ( GEOMETRIC_REPRESENTATION_CONTEXT(2) 
PARAMETRIC_REPRESENTATION_CONTEXT() REPRESENTATION_CONTEXT('2D SPACE',''
  ) );
#6930 = PCURVE('',#4543,#6931);
#6931 = DEFINITIONAL_REPRESENTATION('',(#6932),#6939);
#6932 = B_SPLINE_CURVE_WITH_KNOTS('',5,(#6933,#6934,#6935,#6936,#6937,
    #6938),.UNSPECIFIED.,.F.,.F.,(6,6),(0.,1.),
  .PIECEWISE_BEZIER_KNOTS.);
#6933 = CARTESIAN_POINT('',(-2.241727815184,-9.680501698311E-03));
#6934 = CARTESIAN_POINT('',(-2.243134742315,-1.29232004376E-02));
#6935 = CARTESIAN_POINT('',(-2.244510778093,-1.366477255868E-02));
#6936 = CARTESIAN_POINT('',(-2.245829529278,-1.176757209798E-02));
#6937 = CARTESIAN_POINT('',(-2.247061669278,-7.176622394142E-03));
#6938 = CARTESIAN_POINT('',(-2.24818149427,1.280822908045E-14));
#6939 = ( GEOMETRIC_REPRESENTATION_CONTEXT(2) 
PARAMETRIC_REPRESENTATION_CONTEXT() REPRESENTATION_CONTEXT('2D SPACE',''
  ) );
#6940 = ADVANCED_FACE('',(#6941),#3332,.T.);
#6941 = FACE_BOUND('',#6942,.T.);
#6942 = EDGE_LOOP('',(#6943,#6972,#6993,#6994,#6995,#7017));
#6943 = ORIENTED_EDGE('',*,*,#6944,.F.);
#6944 = EDGE_CURVE('',#6945,#3661,#6947,.T.);
#6945 = VERTEX_POINT('',#6946);
#6946 = CARTESIAN_POINT('',(-12.26833104968,-15.07049324996,
    2.078694772664));
#6947 = SURFACE_CURVE('',#6948,(#6954,#6963),.PCURVE_S1.);
#6948 = B_SPLINE_CURVE_WITH_KNOTS('',4,(#6949,#6950,#6951,#6952,#6953),
  .UNSPECIFIED.,.F.,.F.,(5,5),(0.,1.),.PIECEWISE_BEZIER_KNOTS.);
#6949 = CARTESIAN_POINT('',(-12.26833104968,-15.07049324996,
    2.078694772664));
#6950 = CARTESIAN_POINT('',(-12.26876617497,-15.0716131987,
    2.073333194096));
#6951 = CARTESIAN_POINT('',(-12.26903884716,-15.07287472056,
    2.067937652787));
#6952 = CARTESIAN_POINT('',(-12.2691494842,-15.074275225,2.062516216211)
  );
#6953 = CARTESIAN_POINT('',(-12.26909921523,-15.07581154103,
    2.057076766824));
#6954 = PCURVE('',#3332,#6955);
#6955 = DEFINITIONAL_REPRESENTATION('',(#6956),#6962);
#6956 = B_SPLINE_CURVE_WITH_KNOTS('',4,(#6957,#6958,#6959,#6960,#6961),
  .UNSPECIFIED.,.F.,.F.,(5,5),(0.,1.),.PIECEWISE_BEZIER_KNOTS.);
#6957 = CARTESIAN_POINT('',(-4.029131663658,-0.174968791747));
#6958 = CARTESIAN_POINT('',(-4.029150683112,-0.16960721318));
#6959 = CARTESIAN_POINT('',(-4.029180782114,-0.164211671871));
#6960 = CARTESIAN_POINT('',(-4.029221855853,-0.158790235295));
#6961 = CARTESIAN_POINT('',(-4.029273752344,-0.153350785907));
#6962 = ( GEOMETRIC_REPRESENTATION_CONTEXT(2) 
PARAMETRIC_REPRESENTATION_CONTEXT() REPRESENTATION_CONTEXT('2D SPACE',''
  ) );
#6963 = PCURVE('',#3703,#6964);
#6964 = DEFINITIONAL_REPRESENTATION('',(#6965),#6971);
#6965 = B_SPLINE_CURVE_WITH_KNOTS('',4,(#6966,#6967,#6968,#6969,#6970),
  .UNSPECIFIED.,.F.,.F.,(5,5),(0.,1.),.PIECEWISE_BEZIER_KNOTS.);
#6966 = CARTESIAN_POINT('',(1.472423581639,0.990636809774));
#6967 = CARTESIAN_POINT('',(1.495612794514,0.99267728707));
#6968 = CARTESIAN_POINT('',(1.518768903662,0.99486827339));
#6969 = CARTESIAN_POINT('',(1.541891491077,0.997205773459));
#6970 = CARTESIAN_POINT('',(1.564980741801,0.9996852311));
#6971 = ( GEOMETRIC_REPRESENTATION_CONTEXT(2) 
PARAMETRIC_REPRESENTATION_CONTEXT() REPRESENTATION_CONTEXT('2D SPACE',''
  ) );
#6972 = ORIENTED_EDGE('',*,*,#6973,.F.);
#6973 = EDGE_CURVE('',#6828,#6945,#6974,.T.);
#6974 = SURFACE_CURVE('',#6975,(#6980,#6986),.PCURVE_S1.);
#6975 = CIRCLE('',#6976,19.432748481411);
#6976 = AXIS2_PLACEMENT_3D('',#6977,#6978,#6979);
#6977 = CARTESIAN_POINT('',(0.,0.,2.078694772664));
#6978 = DIRECTION('',(0.,0.,1.));
#6979 = DIRECTION('',(1.,0.,-0.));
#6980 = PCURVE('',#3332,#6981);
#6981 = DEFINITIONAL_REPRESENTATION('',(#6982),#6985);
#6982 = B_SPLINE_CURVE_WITH_KNOTS('',1,(#6983,#6984),.UNSPECIFIED.,.F.,
  .F.,(2,2),(0.984382373876,6.28318530718),.PIECEWISE_BEZIER_KNOTS.);
#6983 = CARTESIAN_POINT('',(-0.984382373876,-0.174968791747));
#6984 = CARTESIAN_POINT('',(-6.28318530718,-0.174968791747));
#6985 = ( GEOMETRIC_REPRESENTATION_CONTEXT(2) 
PARAMETRIC_REPRESENTATION_CONTEXT() REPRESENTATION_CONTEXT('2D SPACE',''
  ) );
#6986 = PCURVE('',#6890,#6987);
#6987 = DEFINITIONAL_REPRESENTATION('',(#6988),#6992);
#6988 = LINE('',#6989,#6990);
#6989 = CARTESIAN_POINT('',(-0.,-0.));
#6990 = VECTOR('',#6991,1.);
#6991 = DIRECTION('',(-1.,-0.));
#6992 = ( GEOMETRIC_REPRESENTATION_CONTEXT(2) 
PARAMETRIC_REPRESENTATION_CONTEXT() REPRESENTATION_CONTEXT('2D SPACE',''
  ) );
#6993 = ORIENTED_EDGE('',*,*,#6827,.T.);
#6994 = ORIENTED_EDGE('',*,*,#3315,.F.);
#6995 = ORIENTED_EDGE('',*,*,#6996,.T.);
#6996 = EDGE_CURVE('',#3284,#3634,#6997,.T.);
#6997 = SURFACE_CURVE('',#6998,(#7003,#7010),.PCURVE_S1.);
#6998 = CIRCLE('',#6999,19.470057014808);
#6999 = AXIS2_PLACEMENT_3D('',#7000,#7001,#7002);
#7000 = CARTESIAN_POINT('',(0.,0.,1.903725980916));
#7001 = DIRECTION('',(0.,-0.,1.));
#7002 = DIRECTION('',(0.515997274594,0.856590224443,0.));
#7003 = PCURVE('',#3332,#7004);
#7004 = DEFINITIONAL_REPRESENTATION('',(#7005),#7009);
#7005 = LINE('',#7006,#7007);
#7006 = CARTESIAN_POINT('',(-1.028624847593,-0.));
#7007 = VECTOR('',#7008,1.);
#7008 = DIRECTION('',(-1.,-0.));
#7009 = ( GEOMETRIC_REPRESENTATION_CONTEXT(2) 
PARAMETRIC_REPRESENTATION_CONTEXT() REPRESENTATION_CONTEXT('2D SPACE',''
  ) );
#7010 = PCURVE('',#3300,#7011);
#7011 = DEFINITIONAL_REPRESENTATION('',(#7012),#7016);
#7012 = LINE('',#7013,#7014);
#7013 = CARTESIAN_POINT('',(-1.028624847593,-0.176483500703));
#7014 = VECTOR('',#7015,1.);
#7015 = DIRECTION('',(-1.,-0.));
#7016 = ( GEOMETRIC_REPRESENTATION_CONTEXT(2) 
PARAMETRIC_REPRESENTATION_CONTEXT() REPRESENTATION_CONTEXT('2D SPACE',''
  ) );
#7017 = ORIENTED_EDGE('',*,*,#3660,.T.);
#7018 = ADVANCED_FACE('',(#7019),#3300,.T.);
#7019 = FACE_BOUND('',#7020,.T.);
#7020 = EDGE_LOOP('',(#7021,#7022,#7023,#7045));
#7021 = ORIENTED_EDGE('',*,*,#6996,.F.);
#7022 = ORIENTED_EDGE('',*,*,#3283,.F.);
#7023 = ORIENTED_EDGE('',*,*,#7024,.F.);
#7024 = EDGE_CURVE('',#3607,#3252,#7025,.T.);
#7025 = SURFACE_CURVE('',#7026,(#7031,#7038),.PCURVE_S1.);
#7026 = CIRCLE('',#7027,19.492506231335);
#7027 = AXIS2_PLACEMENT_3D('',#7028,#7029,#7030);
#7028 = CARTESIAN_POINT('',(0.,0.,1.727242480214));
#7029 = DIRECTION('',(0.,0.,-1.));
#7030 = DIRECTION('',(0.629303972204,0.777159256889,0.));
#7031 = PCURVE('',#3300,#7032);
#7032 = DEFINITIONAL_REPRESENTATION('',(#7033),#7037);
#7033 = LINE('',#7034,#7035);
#7034 = CARTESIAN_POINT('',(-7.173324352623,-0.));
#7035 = VECTOR('',#7036,1.);
#7036 = DIRECTION('',(1.,-0.));
#7037 = ( GEOMETRIC_REPRESENTATION_CONTEXT(2) 
PARAMETRIC_REPRESENTATION_CONTEXT() REPRESENTATION_CONTEXT('2D SPACE',''
  ) );
#7038 = PCURVE('',#3268,#7039);
#7039 = DEFINITIONAL_REPRESENTATION('',(#7040),#7044);
#7040 = LINE('',#7041,#7042);
#7041 = CARTESIAN_POINT('',(-7.173324352623,-0.177242480214));
#7042 = VECTOR('',#7043,1.);
#7043 = DIRECTION('',(1.,-0.));
#7044 = ( GEOMETRIC_REPRESENTATION_CONTEXT(2) 
PARAMETRIC_REPRESENTATION_CONTEXT() REPRESENTATION_CONTEXT('2D SPACE',''
  ) );
#7045 = ORIENTED_EDGE('',*,*,#3633,.T.);
#7046 = ADVANCED_FACE('',(#7047),#3268,.T.);
#7047 = FACE_BOUND('',#7048,.T.);
#7048 = EDGE_LOOP('',(#7049,#7050,#7051,#7052));
#7049 = ORIENTED_EDGE('',*,*,#3606,.T.);
#7050 = ORIENTED_EDGE('',*,*,#7024,.T.);
#7051 = ORIENTED_EDGE('',*,*,#3251,.F.);
#7052 = ORIENTED_EDGE('',*,*,#3521,.F.);
#7053 = ADVANCED_FACE('',(#7054),#3420,.F.);
#7054 = FACE_BOUND('',#7055,.T.);
#7055 = EDGE_LOOP('',(#7056,#7057,#7078,#7079));
#7056 = ORIENTED_EDGE('',*,*,#3403,.T.);
#7057 = ORIENTED_EDGE('',*,*,#7058,.T.);
#7058 = EDGE_CURVE('',#3404,#5750,#7059,.T.);
#7059 = SEAM_CURVE('',#7060,(#7064,#7071),.PCURVE_S1.);
#7060 = LINE('',#7061,#7062);
#7061 = CARTESIAN_POINT('',(-15.,21.875,-4.3));
#7062 = VECTOR('',#7063,1.);
#7063 = DIRECTION('',(1.,0.,0.));
#7064 = PCURVE('',#3420,#7065);
#7065 = DEFINITIONAL_REPRESENTATION('',(#7066),#7070);
#7066 = LINE('',#7067,#7068);
#7067 = CARTESIAN_POINT('',(-6.28318530718,0.));
#7068 = VECTOR('',#7069,1.);
#7069 = DIRECTION('',(-0.,-1.));
#7070 = ( GEOMETRIC_REPRESENTATION_CONTEXT(2) 
PARAMETRIC_REPRESENTATION_CONTEXT() REPRESENTATION_CONTEXT('2D SPACE',''
  ) );
#7071 = PCURVE('',#3420,#7072);
#7072 = DEFINITIONAL_REPRESENTATION('',(#7073),#7077);
#7073 = LINE('',#7074,#7075);
#7074 = CARTESIAN_POINT('',(-0.,0.));
#7075 = VECTOR('',#7076,1.);
#7076 = DIRECTION('',(-0.,-1.));
#7077 = ( GEOMETRIC_REPRESENTATION_CONTEXT(2) 
PARAMETRIC_REPRESENTATION_CONTEXT() REPRESENTATION_CONTEXT('2D SPACE',''
  ) );
#7078 = ORIENTED_EDGE('',*,*,#5749,.F.);
#7079 = ORIENTED_EDGE('',*,*,#7058,.F.);
#7080 = ADVANCED_FACE('',(#7081),#3462,.T.);
#7081 = FACE_BOUND('',#7082,.F.);
#7082 = EDGE_LOOP('',(#7083,#7084,#7085));
#7083 = ORIENTED_EDGE('',*,*,#6407,.F.);
#7084 = ORIENTED_EDGE('',*,*,#3446,.T.);
#7085 = ORIENTED_EDGE('',*,*,#7086,.F.);
#7086 = EDGE_CURVE('',#6408,#3447,#7087,.T.);
#7087 = SURFACE_CURVE('',#7088,(#7093,#7120),.PCURVE_S1.);
#7088 = CIRCLE('',#7089,0.22);
#7089 = AXIS2_PLACEMENT_3D('',#7090,#7091,#7092);
#7090 = CARTESIAN_POINT('',(-11.8143850173,-22.2455295938,
    -5.781267725571));
#7091 = DIRECTION('',(-2.925354238664E-02,0.894044397223,-0.447022198612
    ));
#7092 = DIRECTION('',(0.,-0.4472135955,-0.894427191));
#7093 = PCURVE('',#3462,#7094);
#7094 = DEFINITIONAL_REPRESENTATION('',(#7095),#7119);
#7095 = B_SPLINE_CURVE_WITH_KNOTS('',8,(#7096,#7097,#7098,#7099,#7100,
    #7101,#7102,#7103,#7104,#7105,#7106,#7107,#7108,#7109,#7110,#7111,
    #7112,#7113,#7114,#7115,#7116,#7117,#7118),.UNSPECIFIED.,.F.,.F.,(9,
    7,7,9),(0.,0.389042649641,0.972606624102,1.556170598563),
  .UNSPECIFIED.);
#7096 = CARTESIAN_POINT('',(0.,-1.131627899474));
#7097 = CARTESIAN_POINT('',(-0.114325047937,-1.130205290019));
#7098 = CARTESIAN_POINT('',(-0.227855774256,-1.123036456512));
#7099 = CARTESIAN_POINT('',(-0.336901616518,-1.110181014244));
#7100 = CARTESIAN_POINT('',(-0.437834172414,-1.092177110608));
#7101 = CARTESIAN_POINT('',(-0.529457623564,-1.069847373367));
#7102 = CARTESIAN_POINT('',(-0.61226083152,-1.043997371161));
#7103 = CARTESIAN_POINT('',(-0.686909493996,-1.015224983652));
#7104 = CARTESIAN_POINT('',(-0.855477632361,-0.937310221246));
#7105 = CARTESIAN_POINT('',(-0.940361480804,-0.885170876279));
#7106 = CARTESIAN_POINT('',(-1.012060437216,-0.829384517789));
#7107 = CARTESIAN_POINT('',(-1.074303758654,-0.771068853832));
#7108 = CARTESIAN_POINT('',(-1.129125982261,-0.710854695713));
#7109 = CARTESIAN_POINT('',(-1.178321373307,-0.649226667502));
#7110 = CARTESIAN_POINT('',(-1.223084424993,-0.586505070058));
#7111 = CARTESIAN_POINT('',(-1.305694151294,-0.459375153876));
#7112 = CARTESIAN_POINT('',(-1.343540458593,-0.394966957177));
#7113 = CARTESIAN_POINT('',(-1.378885415514,-0.329961097136));
#7114 = CARTESIAN_POINT('',(-1.412418224101,-0.264526853621));
#7115 = CARTESIAN_POINT('',(-1.444669086372,-0.198790509032));
#7116 = CARTESIAN_POINT('',(-1.476088252167,-0.132858448889));
#7117 = CARTESIAN_POINT('',(-1.507095111402,-6.683006507738E-02));
#7118 = CARTESIAN_POINT('',(-1.53809733076,-8.004617522777E-04));
#7119 = ( GEOMETRIC_REPRESENTATION_CONTEXT(2) 
PARAMETRIC_REPRESENTATION_CONTEXT() REPRESENTATION_CONTEXT('2D SPACE',''
  ) );
#7120 = PCURVE('',#3591,#7121);
#7121 = DEFINITIONAL_REPRESENTATION('',(#7122),#7126);
#7122 = LINE('',#7123,#7124);
#7123 = CARTESIAN_POINT('',(1.556170598563,5.546630582974E-02));
#7124 = VECTOR('',#7125,1.);
#7125 = DIRECTION('',(-1.,6.474401943961E-15));
#7126 = ( GEOMETRIC_REPRESENTATION_CONTEXT(2) 
PARAMETRIC_REPRESENTATION_CONTEXT() REPRESENTATION_CONTEXT('2D SPACE',''
  ) );
#7127 = ADVANCED_FACE('',(#7128),#3565,.T.);
#7128 = FACE_BOUND('',#7129,.T.);
#7129 = EDGE_LOOP('',(#7130,#7131,#7194,#7222));
#7130 = ORIENTED_EDGE('',*,*,#3547,.F.);
#7131 = ORIENTED_EDGE('',*,*,#7132,.T.);
#7132 = EDGE_CURVE('',#3548,#7133,#7135,.T.);
#7133 = VERTEX_POINT('',#7134);
#7134 = CARTESIAN_POINT('',(-11.27413896545,-23.3,-5.364032522475));
#7135 = SURFACE_CURVE('',#7136,(#7146,#7159),.PCURVE_S1.);
#7136 = ( BOUNDED_CURVE() B_SPLINE_CURVE(8,(#7137,#7138,#7139,#7140,
    #7141,#7142,#7143,#7144,#7145),.UNSPECIFIED.,.F.,.F.) 
B_SPLINE_CURVE_WITH_KNOTS((9,9),(0.415644933983,1.528229854249),
.PIECEWISE_BEZIER_KNOTS.) CURVE() GEOMETRIC_REPRESENTATION_ITEM() 
RATIONAL_B_SPLINE_CURVE((1.,1.,1.,1.,1.,1.,1.,1.,1.)) 
REPRESENTATION_ITEM('') );
#7137 = CARTESIAN_POINT('',(-12.0237378019,-22.57452721744,
    -5.620366245693));
#7138 = CARTESIAN_POINT('',(-12.0191717304,-22.71407512552,
    -5.571059706863));
#7139 = CARTESIAN_POINT('',(-11.98500479055,-22.84897999552,
    -5.523407464422));
#7140 = CARTESIAN_POINT('',(-11.92426071577,-22.97833321917,
    -5.477955027314));
#7141 = CARTESIAN_POINT('',(-11.83312732047,-23.10122492606,
    -5.435443682752));
#7142 = CARTESIAN_POINT('',(-11.70976887681,-23.20176126325,
    -5.398893886037));
#7143 = CARTESIAN_POINT('',(-11.566491128,-23.26844693001,
    -5.375235772467));
#7144 = CARTESIAN_POINT('',(-11.41808651197,-23.3,-5.364032522475));
#7145 = CARTESIAN_POINT('',(-11.27413896545,-23.3,-5.364032522475));
#7146 = PCURVE('',#3565,#7147);
#7147 = DEFINITIONAL_REPRESENTATION('',(#7148),#7158);
#7148 = B_SPLINE_CURVE_WITH_KNOTS('',8,(#7149,#7150,#7151,#7152,#7153,
    #7154,#7155,#7156,#7157),.UNSPECIFIED.,.F.,.F.,(9,9),(0.415644933983
    ,1.528229854249),.PIECEWISE_BEZIER_KNOTS.);
#7149 = CARTESIAN_POINT('',(3.441691376338E-15,1.929633754307));
#7150 = CARTESIAN_POINT('',(0.186163453431,1.978940293137));
#7151 = CARTESIAN_POINT('',(0.367422733711,2.026591841753));
#7152 = CARTESIAN_POINT('',(0.552329964202,2.072046860709));
#7153 = CARTESIAN_POINT('',(0.747179961629,2.114554227423));
#7154 = CARTESIAN_POINT('',(0.946337760062,2.151107149325));
#7155 = CARTESIAN_POINT('',(1.148313798356,2.174764064518));
#7156 = CARTESIAN_POINT('',(1.346157476161,2.185967477525));
#7157 = CARTESIAN_POINT('',(1.538087538185,2.185967477525));
#7158 = ( GEOMETRIC_REPRESENTATION_CONTEXT(2) 
PARAMETRIC_REPRESENTATION_CONTEXT() REPRESENTATION_CONTEXT('2D SPACE',''
  ) );
#7159 = PCURVE('',#7160,#7188);
#7160 = ( BOUNDED_SURFACE() B_SPLINE_SURFACE(2,8,(
    (#7161,#7162,#7163,#7164,#7165,#7166,#7167,#7168,#7169)
    ,(#7170,#7171,#7172,#7173,#7174,#7175,#7176,#7177,#7178)
    ,(#7179,#7180,#7181,#7182,#7183,#7184,#7185,#7186,#7187
)),.UNSPECIFIED.,.F.,.F.,.F.) B_SPLINE_SURFACE_WITH_KNOTS((3,3),(9,9),(
    0.,1.112584920266),(0.415644933983,1.528229854249),
.PIECEWISE_BEZIER_KNOTS.) GEOMETRIC_REPRESENTATION_ITEM() 
RATIONAL_B_SPLINE_SURFACE((
    (1.,1.,1.,1.,1.,1.,1.,1.,1.)
    ,(0.712258813248,0.741465849487,0.76833888983,0.793499949726
      ,0.817083026032,0.833582180432,0.845194349467,0.850650808352
      ,0.850650808352)
,(1.,1.,1.,1.,1.,1.,1.,1.,1.))) REPRESENTATION_ITEM('') SURFACE() );
#7161 = CARTESIAN_POINT('',(-12.0237378019,-22.57452721744,
    -5.620366245693));
#7162 = CARTESIAN_POINT('',(-12.0191717304,-22.71407512552,
    -5.571059706863));
#7163 = CARTESIAN_POINT('',(-11.98500479055,-22.84897999552,
    -5.523407464422));
#7164 = CARTESIAN_POINT('',(-11.92426071577,-22.97833321917,
    -5.477955027314));
#7165 = CARTESIAN_POINT('',(-11.83312732047,-23.10122492606,
    -5.435443682752));
#7166 = CARTESIAN_POINT('',(-11.70976887681,-23.20176126325,
    -5.398893886037));
#7167 = CARTESIAN_POINT('',(-11.566491128,-23.26844693001,
    -5.375235772467));
#7168 = CARTESIAN_POINT('',(-11.41808651197,-23.3,-5.364032522475));
#7169 = CARTESIAN_POINT('',(-11.27413896545,-23.3,-5.364032522475));
#7170 = CARTESIAN_POINT('',(-12.0205685109,-22.67138683264,
    -5.814306583679));
#7171 = CARTESIAN_POINT('',(-11.9991345695,-22.7965061845,
    -5.751746907747));
#7172 = CARTESIAN_POINT('',(-11.95397034968,-22.91301203463,
    -5.693493982682));
#7173 = CARTESIAN_POINT('',(-11.8885102324,-23.0209287567,
    -5.639535621649));
#7174 = CARTESIAN_POINT('',(-11.80143859753,-23.12486376604,
    -5.58756811698));
#7175 = CARTESIAN_POINT('',(-11.6826831374,-23.21571353475,
    -5.542143232621));
#7176 = CARTESIAN_POINT('',(-11.5453833444,-23.27340994955,
    -5.513295025225));
#7177 = CARTESIAN_POINT('',(-11.40618127268,-23.3,-5.5));
#7178 = CARTESIAN_POINT('',(-11.27413896545,-23.3,-5.5));
#7179 = CARTESIAN_POINT('',(-11.80386832168,-22.66533954232,
    -5.817330228839));
#7180 = CARTESIAN_POINT('',(-11.80105836304,-22.75403720218,
    -5.772981398907));
#7181 = CARTESIAN_POINT('',(-11.7821640022,-22.83942186451,
    -5.730289067743));
#7182 = CARTESIAN_POINT('',(-11.74937372185,-22.92687672098,
    -5.686561639508));
#7183 = CARTESIAN_POINT('',(-11.69202343076,-23.02022873175,
    -5.639885634122));
#7184 = CARTESIAN_POINT('',(-11.60233322971,-23.10111127844,
    -5.599444360778));
#7185 = CARTESIAN_POINT('',(-11.49253523756,-23.15454485723,
    -5.572727571383));
#7186 = CARTESIAN_POINT('',(-11.37956034835,-23.17838699101,
    -5.560806504495));
#7187 = CARTESIAN_POINT('',(-11.27413896545,-23.17838699101,
    -5.560806504495));
#7188 = DEFINITIONAL_REPRESENTATION('',(#7189),#7193);
#7189 = LINE('',#7190,#7191);
#7190 = CARTESIAN_POINT('',(0.,0.));
#7191 = VECTOR('',#7192,1.);
#7192 = DIRECTION('',(0.,1.));
#7193 = ( GEOMETRIC_REPRESENTATION_CONTEXT(2) 
PARAMETRIC_REPRESENTATION_CONTEXT() REPRESENTATION_CONTEXT('2D SPACE',''
  ) );
#7194 = ORIENTED_EDGE('',*,*,#7195,.T.);
#7195 = EDGE_CURVE('',#7133,#7196,#7198,.T.);
#7196 = VERTEX_POINT('',#7197);
#7197 = CARTESIAN_POINT('',(-11.27413896545,-23.3,0.274032522475));
#7198 = SURFACE_CURVE('',#7199,(#7203,#7210),.PCURVE_S1.);
#7199 = LINE('',#7200,#7201);
#7200 = CARTESIAN_POINT('',(-11.27413896545,-23.3,-7.55));
#7201 = VECTOR('',#7202,1.);
#7202 = DIRECTION('',(0.,0.,1.));
#7203 = PCURVE('',#3565,#7204);
#7204 = DEFINITIONAL_REPRESENTATION('',(#7205),#7209);
#7205 = LINE('',#7206,#7207);
#7206 = CARTESIAN_POINT('',(1.538087538185,0.));
#7207 = VECTOR('',#7208,1.);
#7208 = DIRECTION('',(0.,1.));
#7209 = ( GEOMETRIC_REPRESENTATION_CONTEXT(2) 
PARAMETRIC_REPRESENTATION_CONTEXT() REPRESENTATION_CONTEXT('2D SPACE',''
  ) );
#7210 = PCURVE('',#7211,#7216);
#7211 = PLANE('',#7212);
#7212 = AXIS2_PLACEMENT_3D('',#7213,#7214,#7215);
#7213 = CARTESIAN_POINT('',(-30.,-23.3,0.41));
#7214 = DIRECTION('',(-0.,1.,0.));
#7215 = DIRECTION('',(0.,0.,-1.));
#7216 = DEFINITIONAL_REPRESENTATION('',(#7217),#7221);
#7217 = LINE('',#7218,#7219);
#7218 = CARTESIAN_POINT('',(7.96,-18.72586103454));
#7219 = VECTOR('',#7220,1.);
#7220 = DIRECTION('',(-1.,0.));
#7221 = ( GEOMETRIC_REPRESENTATION_CONTEXT(2) 
PARAMETRIC_REPRESENTATION_CONTEXT() REPRESENTATION_CONTEXT('2D SPACE',''
  ) );
#7222 = ORIENTED_EDGE('',*,*,#7223,.T.);
#7223 = EDGE_CURVE('',#7196,#3550,#7224,.T.);
#7224 = SURFACE_CURVE('',#7225,(#7235,#7248),.PCURVE_S1.);
#7225 = ( BOUNDED_CURVE() B_SPLINE_CURVE(8,(#7226,#7227,#7228,#7229,
    #7230,#7231,#7232,#7233,#7234),.UNSPECIFIED.,.F.,.F.) 
B_SPLINE_CURVE_WITH_KNOTS((9,9),(2.275848114437,3.388433034703),
.PIECEWISE_BEZIER_KNOTS.) CURVE() GEOMETRIC_REPRESENTATION_ITEM() 
RATIONAL_B_SPLINE_CURVE((1.,1.,1.,1.,1.,1.,1.,1.,1.)) 
REPRESENTATION_ITEM('') );
#7226 = CARTESIAN_POINT('',(-11.27413896545,-23.3,0.274032522475));
#7227 = CARTESIAN_POINT('',(-11.41808651197,-23.3,0.274032522475));
#7228 = CARTESIAN_POINT('',(-11.566491128,-23.26844693001,0.285235772467
    ));
#7229 = CARTESIAN_POINT('',(-11.70976887681,-23.20176126325,
    0.308893886037));
#7230 = CARTESIAN_POINT('',(-11.83312732047,-23.10122492606,
    0.345443682752));
#7231 = CARTESIAN_POINT('',(-11.92426071577,-22.97833321917,
    0.387955027314));
#7232 = CARTESIAN_POINT('',(-11.98500479055,-22.84897999552,
    0.433407464422));
#7233 = CARTESIAN_POINT('',(-12.0191717304,-22.71407512552,
    0.481059706863));
#7234 = CARTESIAN_POINT('',(-12.0237378019,-22.57452721744,
    0.530366245693));
#7235 = PCURVE('',#3565,#7236);
#7236 = DEFINITIONAL_REPRESENTATION('',(#7237),#7247);
#7237 = B_SPLINE_CURVE_WITH_KNOTS('',8,(#7238,#7239,#7240,#7241,#7242,
    #7243,#7244,#7245,#7246),.UNSPECIFIED.,.F.,.F.,(9,9),(2.275848114437
    ,3.388433034703),.PIECEWISE_BEZIER_KNOTS.);
#7238 = CARTESIAN_POINT('',(1.538087538185,7.824032522475));
#7239 = CARTESIAN_POINT('',(1.346157476161,7.824032522475));
#7240 = CARTESIAN_POINT('',(1.148313798356,7.835235935482));
#7241 = CARTESIAN_POINT('',(0.946337760062,7.858892850675));
#7242 = CARTESIAN_POINT('',(0.747179961629,7.895445772576));
#7243 = CARTESIAN_POINT('',(0.552329964201,7.937953139292));
#7244 = CARTESIAN_POINT('',(0.367422733711,7.983408158247));
#7245 = CARTESIAN_POINT('',(0.186163453431,8.031059706863));
#7246 = CARTESIAN_POINT('',(0.,8.080366245693));
#7247 = ( GEOMETRIC_REPRESENTATION_CONTEXT(2) 
PARAMETRIC_REPRESENTATION_CONTEXT() REPRESENTATION_CONTEXT('2D SPACE',''
  ) );
#7248 = PCURVE('',#7249,#7277);
#7249 = ( BOUNDED_SURFACE() B_SPLINE_SURFACE(2,8,(
    (#7250,#7251,#7252,#7253,#7254,#7255,#7256,#7257,#7258)
    ,(#7259,#7260,#7261,#7262,#7263,#7264,#7265,#7266,#7267)
    ,(#7268,#7269,#7270,#7271,#7272,#7273,#7274,#7275,#7276
)),.UNSPECIFIED.,.F.,.F.,.F.) B_SPLINE_SURFACE_WITH_KNOTS((3,3),(9,9),(
    0.,1.112584920266),(2.275848114437,3.388433034703),
.PIECEWISE_BEZIER_KNOTS.) GEOMETRIC_REPRESENTATION_ITEM() 
RATIONAL_B_SPLINE_SURFACE((
    (1.,1.,1.,1.,1.,1.,1.,1.,1.)
    ,(0.850650808352,0.850650808352,0.845194349467,0.833582180432
      ,0.817083026032,0.793499949726,0.76833888983,0.741465849487
      ,0.712258813248)
,(1.,1.,1.,1.,1.,1.,1.,1.,1.))) REPRESENTATION_ITEM('') SURFACE() );
#7250 = CARTESIAN_POINT('',(-11.27413896545,-23.17838699101,
    0.470806504495));
#7251 = CARTESIAN_POINT('',(-11.37956034835,-23.17838699101,
    0.470806504495));
#7252 = CARTESIAN_POINT('',(-11.49253523756,-23.15454485723,
    0.482727571383));
#7253 = CARTESIAN_POINT('',(-11.60233322971,-23.10111127844,
    0.509444360778));
#7254 = CARTESIAN_POINT('',(-11.69202343076,-23.02022873175,
    0.549885634122));
#7255 = CARTESIAN_POINT('',(-11.74937372185,-22.92687672098,
    0.596561639508));
#7256 = CARTESIAN_POINT('',(-11.7821640022,-22.83942186451,
    0.640289067743));
#7257 = CARTESIAN_POINT('',(-11.80105836304,-22.75403720218,
    0.682981398907));
#7258 = CARTESIAN_POINT('',(-11.80386832168,-22.66533954232,
    0.727330228839));
#7259 = CARTESIAN_POINT('',(-11.27413896545,-23.3,0.41));
#7260 = CARTESIAN_POINT('',(-11.40618127268,-23.3,0.41));
#7261 = CARTESIAN_POINT('',(-11.5453833444,-23.27340994955,
    0.423295025225));
#7262 = CARTESIAN_POINT('',(-11.6826831374,-23.21571353475,
    0.452143232621));
#7263 = CARTESIAN_POINT('',(-11.80143859753,-23.12486376604,
    0.49756811698));
#7264 = CARTESIAN_POINT('',(-11.8885102324,-23.0209287567,0.549535621649
    ));
#7265 = CARTESIAN_POINT('',(-11.95397034968,-22.91301203463,
    0.603493982682));
#7266 = CARTESIAN_POINT('',(-11.9991345695,-22.7965061845,0.661746907747
    ));
#7267 = CARTESIAN_POINT('',(-12.0205685109,-22.67138683264,
    0.724306583679));
#7268 = CARTESIAN_POINT('',(-11.27413896545,-23.3,0.274032522475));
#7269 = CARTESIAN_POINT('',(-11.41808651197,-23.3,0.274032522475));
#7270 = CARTESIAN_POINT('',(-11.566491128,-23.26844693001,0.285235772467
    ));
#7271 = CARTESIAN_POINT('',(-11.70976887681,-23.20176126325,
    0.308893886037));
#7272 = CARTESIAN_POINT('',(-11.83312732047,-23.10122492606,
    0.345443682752));
#7273 = CARTESIAN_POINT('',(-11.92426071577,-22.97833321917,
    0.387955027314));
#7274 = CARTESIAN_POINT('',(-11.98500479055,-22.84897999552,
    0.433407464422));
#7275 = CARTESIAN_POINT('',(-12.0191717304,-22.71407512552,
    0.481059706863));
#7276 = CARTESIAN_POINT('',(-12.0237378019,-22.57452721744,
    0.530366245693));
#7277 = DEFINITIONAL_REPRESENTATION('',(#7278),#7282);
#7278 = LINE('',#7279,#7280);
#7279 = CARTESIAN_POINT('',(1.112584920266,0.));
#7280 = VECTOR('',#7281,1.);
#7281 = DIRECTION('',(0.,1.));
#7282 = ( GEOMETRIC_REPRESENTATION_CONTEXT(2) 
PARAMETRIC_REPRESENTATION_CONTEXT() REPRESENTATION_CONTEXT('2D SPACE',''
  ) );
#7283 = ADVANCED_FACE('',(#7284),#3591,.T.);
#7284 = FACE_BOUND('',#7285,.T.);
#7285 = EDGE_LOOP('',(#7286,#7287,#7288,#7311));
#7286 = ORIENTED_EDGE('',*,*,#3577,.F.);
#7287 = ORIENTED_EDGE('',*,*,#7086,.F.);
#7288 = ORIENTED_EDGE('',*,*,#7289,.T.);
#7289 = EDGE_CURVE('',#6408,#7290,#7292,.T.);
#7290 = VERTEX_POINT('',#7291);
#7291 = CARTESIAN_POINT('',(-11.80385547654,-22.665719558,
    -5.817140220998));
#7292 = SURFACE_CURVE('',#7293,(#7297,#7304),.PCURVE_S1.);
#7293 = LINE('',#7294,#7295);
#7294 = CARTESIAN_POINT('',(-11.81600760322,-22.29432724485,
    -6.002836377572));
#7295 = VECTOR('',#7296,1.);
#7296 = DIRECTION('',(2.925354238666E-02,-0.894044397223,0.447022198612)
  );
#7297 = PCURVE('',#3591,#7298);
#7298 = DEFINITIONAL_REPRESENTATION('',(#7299),#7303);
#7299 = LINE('',#7300,#7301);
#7300 = CARTESIAN_POINT('',(1.556170598563,0.));
#7301 = VECTOR('',#7302,1.);
#7302 = DIRECTION('',(0.,1.));
#7303 = ( GEOMETRIC_REPRESENTATION_CONTEXT(2) 
PARAMETRIC_REPRESENTATION_CONTEXT() REPRESENTATION_CONTEXT('2D SPACE',''
  ) );
#7304 = PCURVE('',#6443,#7305);
#7305 = DEFINITIONAL_REPRESENTATION('',(#7306),#7310);
#7306 = LINE('',#7307,#7308);
#7307 = CARTESIAN_POINT('',(1.12437632181,-18.18399239677));
#7308 = VECTOR('',#7309,1.);
#7309 = DIRECTION('',(-0.999572023547,-2.925354238666E-02));
#7310 = ( GEOMETRIC_REPRESENTATION_CONTEXT(2) 
PARAMETRIC_REPRESENTATION_CONTEXT() REPRESENTATION_CONTEXT('2D SPACE',''
  ) );
#7311 = ORIENTED_EDGE('',*,*,#7312,.F.);
#7312 = EDGE_CURVE('',#3548,#7290,#7313,.T.);
#7313 = SURFACE_CURVE('',#7314,(#7319,#7325),.PCURVE_S1.);
#7314 = CIRCLE('',#7315,0.22);
#7315 = AXIS2_PLACEMENT_3D('',#7316,#7317,#7318);
#7316 = CARTESIAN_POINT('',(-11.80385547654,-22.56733256699,
    -5.620366238978));
#7317 = DIRECTION('',(2.925354238666E-02,-0.894044397223,0.447022198612)
  );
#7318 = DIRECTION('',(-0.999465115264,-3.270295659162E-02,
    3.469446951954E-18));
#7319 = PCURVE('',#3591,#7320);
#7320 = DEFINITIONAL_REPRESENTATION('',(#7321),#7324);
#7321 = B_SPLINE_CURVE_WITH_KNOTS('',1,(#7322,#7323),.UNSPECIFIED.,.F.,
  .F.,(2,2),(0.,1.556170598563),.PIECEWISE_BEZIER_KNOTS.);
#7322 = CARTESIAN_POINT('',(0.,0.415407013679));
#7323 = CARTESIAN_POINT('',(1.556170598563,0.415407013679));
#7324 = ( GEOMETRIC_REPRESENTATION_CONTEXT(2) 
PARAMETRIC_REPRESENTATION_CONTEXT() REPRESENTATION_CONTEXT('2D SPACE',''
  ) );
#7325 = PCURVE('',#7160,#7326);
#7326 = DEFINITIONAL_REPRESENTATION('',(#7327),#7334);
#7327 = B_SPLINE_CURVE_WITH_KNOTS('',5,(#7328,#7329,#7330,#7331,#7332,
    #7333),.UNSPECIFIED.,.F.,.F.,(6,6),(0.,1.556170598563),
  .PIECEWISE_BEZIER_KNOTS.);
#7328 = CARTESIAN_POINT('',(-1.110223024625E-16,0.415644933983));
#7329 = CARTESIAN_POINT('',(0.24666336659,0.415644933983));
#7330 = CARTESIAN_POINT('',(0.454135329557,0.415644933983));
#7331 = CARTESIAN_POINT('',(0.65845098819,0.415644933983));
#7332 = CARTESIAN_POINT('',(0.865921553677,0.415644933983));
#7333 = CARTESIAN_POINT('',(1.112584920266,0.415644933983));
#7334 = ( GEOMETRIC_REPRESENTATION_CONTEXT(2) 
PARAMETRIC_REPRESENTATION_CONTEXT() REPRESENTATION_CONTEXT('2D SPACE',''
  ) );
#7335 = ADVANCED_FACE('',(#7336),#3729,.T.);
#7336 = FACE_BOUND('',#7337,.F.);
#7337 = EDGE_LOOP('',(#7338,#7361,#7362,#7418));
#7338 = ORIENTED_EDGE('',*,*,#7339,.T.);
#7339 = EDGE_CURVE('',#7340,#3550,#7342,.T.);
#7340 = VERTEX_POINT('',#7341);
#7341 = CARTESIAN_POINT('',(-11.80386832168,-22.66533954232,
    0.727330228839));
#7342 = SURFACE_CURVE('',#7343,(#7347,#7355),.PCURVE_S1.);
#7343 = ( BOUNDED_CURVE() B_SPLINE_CURVE(2,(#7344,#7345,#7346),
.UNSPECIFIED.,.F.,.F.) B_SPLINE_CURVE_WITH_KNOTS((3,3),(0.,
1.112584920266),.PIECEWISE_BEZIER_KNOTS.) CURVE() 
GEOMETRIC_REPRESENTATION_ITEM() RATIONAL_B_SPLINE_CURVE((1.,
0.712258813248,1.)) REPRESENTATION_ITEM('') );
#7344 = CARTESIAN_POINT('',(-11.80386832168,-22.66533954232,
    0.727330228839));
#7345 = CARTESIAN_POINT('',(-12.0205685109,-22.67138683264,
    0.724306583679));
#7346 = CARTESIAN_POINT('',(-12.0237378019,-22.57452721744,
    0.530366245693));
#7347 = PCURVE('',#3729,#7348);
#7348 = DEFINITIONAL_REPRESENTATION('',(#7349),#7354);
#7349 = B_SPLINE_CURVE_WITH_KNOTS('',3,(#7350,#7351,#7352,#7353),
  .UNSPECIFIED.,.F.,.F.,(4,4),(0.,1.112584920266),
  .PIECEWISE_BEZIER_KNOTS.);
#7350 = CARTESIAN_POINT('',(0.,-0.108344838359));
#7351 = CARTESIAN_POINT('',(-0.467944623006,-0.108344838359));
#7352 = CARTESIAN_POINT('',(-1.088225975557,-0.108344838359));
#7353 = CARTESIAN_POINT('',(-1.556170598563,-0.108344838359));
#7354 = ( GEOMETRIC_REPRESENTATION_CONTEXT(2) 
PARAMETRIC_REPRESENTATION_CONTEXT() REPRESENTATION_CONTEXT('2D SPACE',''
  ) );
#7355 = PCURVE('',#7249,#7356);
#7356 = DEFINITIONAL_REPRESENTATION('',(#7357),#7360);
#7357 = B_SPLINE_CURVE_WITH_KNOTS('',1,(#7358,#7359),.UNSPECIFIED.,.F.,
  .F.,(2,2),(0.,1.112584920266),.PIECEWISE_BEZIER_KNOTS.);
#7358 = CARTESIAN_POINT('',(0.,3.388433034703));
#7359 = CARTESIAN_POINT('',(1.112584920266,3.388433034703));
#7360 = ( GEOMETRIC_REPRESENTATION_CONTEXT(2) 
PARAMETRIC_REPRESENTATION_CONTEXT() REPRESENTATION_CONTEXT('2D SPACE',''
  ) );
#7361 = ORIENTED_EDGE('',*,*,#3715,.T.);
#7362 = ORIENTED_EDGE('',*,*,#7363,.F.);
#7363 = EDGE_CURVE('',#7364,#3688,#7366,.T.);
#7364 = VERTEX_POINT('',#7365);
#7365 = CARTESIAN_POINT('',(-11.8214427637,-22.12821830984,0.99589084508
    ));
#7366 = SURFACE_CURVE('',#7367,(#7372,#7379),.PCURVE_S1.);
#7367 = CIRCLE('',#7368,0.22);
#7368 = AXIS2_PLACEMENT_3D('',#7369,#7370,#7371);
#7369 = CARTESIAN_POINT('',(-11.8214427637,-22.02983131883,0.79911686306
    ));
#7370 = DIRECTION('',(2.92535423867E-02,-0.894044397223,-0.447022198612)
  );
#7371 = DIRECTION('',(8.075137780672E-15,-0.4472135955,0.894427191));
#7372 = PCURVE('',#3729,#7373);
#7373 = DEFINITIONAL_REPRESENTATION('',(#7374),#7378);
#7374 = LINE('',#7375,#7376);
#7375 = CARTESIAN_POINT('',(-0.,0.492857126368));
#7376 = VECTOR('',#7377,1.);
#7377 = DIRECTION('',(-1.,1.498208714305E-15));
#7378 = ( GEOMETRIC_REPRESENTATION_CONTEXT(2) 
PARAMETRIC_REPRESENTATION_CONTEXT() REPRESENTATION_CONTEXT('2D SPACE',''
  ) );
#7379 = PCURVE('',#7380,#7385);
#7380 = SPHERICAL_SURFACE('',#7381,0.22);
#7381 = AXIS2_PLACEMENT_3D('',#7382,#7383,#7384);
#7382 = CARTESIAN_POINT('',(-11.8214427637,-22.02983131883,0.79911686306
    ));
#7383 = DIRECTION('',(-8.074349270001E-15,0.177829554836,-0.984061303693
    ));
#7384 = DIRECTION('',(1.15789946983E-15,-0.984061303693,-0.177829554836)
  );
#7385 = DEFINITIONAL_REPRESENTATION('',(#7386),#7417);
#7386 = B_SPLINE_CURVE_WITH_KNOTS('',8,(#7387,#7388,#7389,#7390,#7391,
    #7392,#7393,#7394,#7395,#7396,#7397,#7398,#7399,#7400,#7401,#7402,
    #7403,#7404,#7405,#7406,#7407,#7408,#7409,#7410,#7411,#7412,#7413,
    #7414,#7415,#7416),.UNSPECIFIED.,.F.,.F.,(9,7,7,7,9),(0.,
    0.19452132482,0.534933643256,1.04555212091,1.556170598563),
  .UNSPECIFIED.);
#7387 = CARTESIAN_POINT('',(0.,-1.285929127983));
#7388 = CARTESIAN_POINT('',(8.648457063532E-02,-1.285217823255));
#7389 = CARTESIAN_POINT('',(0.172486986808,-1.282201266504));
#7390 = CARTESIAN_POINT('',(0.256211085367,-1.276901190842));
#7391 = CARTESIAN_POINT('',(0.335882974683,-1.26944814638));
#7392 = CARTESIAN_POINT('',(0.410459661221,-1.260062551717));
#7393 = CARTESIAN_POINT('',(0.479611359933,-1.248991952306));
#7394 = CARTESIAN_POINT('',(0.543401913215,-1.236457205741));
#7395 = CARTESIAN_POINT('',(0.704798945775,-1.198515753351));
#7396 = CARTESIAN_POINT('',(0.791888253541,-1.170504890989));
#7397 = CARTESIAN_POINT('',(0.864775256688,-1.139704061466));
#7398 = CARTESIAN_POINT('',(0.926884605467,-1.106941316223));
#7399 = CARTESIAN_POINT('',(0.980401223938,-1.072676715236));
#7400 = CARTESIAN_POINT('',(1.027125033802,-1.037272119351));
#7401 = CARTESIAN_POINT('',(1.068357769457,-1.000963608525));
#7402 = CARTESIAN_POINT('',(1.160238385187,-0.908384968418));
#7403 = CARTESIAN_POINT('',(1.205285493602,-0.851211115811));
#7404 = CARTESIAN_POINT('',(1.243648932189,-0.7930118414));
#7405 = CARTESIAN_POINT('',(1.277164463384,-0.73407406323));
#7406 = CARTESIAN_POINT('',(1.307016733052,-0.674582219727));
#7407 = CARTESIAN_POINT('',(1.334066060123,-0.614673970109));
#7408 = CARTESIAN_POINT('',(1.358915713298,-0.554437165437));
#7409 = CARTESIAN_POINT('',(1.405172455599,-0.433453853823));
#7410 = CARTESIAN_POINT('',(1.426579545612,-0.372707118929));
#7411 = CARTESIAN_POINT('',(1.4467357228,-0.311776192556));
#7412 = CARTESIAN_POINT('',(1.465978686188,-0.250711274962));
#7413 = CARTESIAN_POINT('',(1.484569616809,-0.189550806846));
#7414 = CARTESIAN_POINT('',(1.502732724745,-0.128327682436));
#7415 = CARTESIAN_POINT('',(1.520678191931,-6.707274789107E-02));
#7416 = CARTESIAN_POINT('',(1.538608510707,-5.815584993935E-03));
#7417 = ( GEOMETRIC_REPRESENTATION_CONTEXT(2) 
PARAMETRIC_REPRESENTATION_CONTEXT() REPRESENTATION_CONTEXT('2D SPACE',''
  ) );
#7418 = ORIENTED_EDGE('',*,*,#7419,.F.);
#7419 = EDGE_CURVE('',#7340,#7364,#7420,.T.);
#7420 = SURFACE_CURVE('',#7421,(#7425,#7432),.PCURVE_S1.);
#7421 = LINE('',#7422,#7423);
#7422 = CARTESIAN_POINT('',(-11.80702494686,-22.5688544623,0.77557276885
    ));
#7423 = VECTOR('',#7424,1.);
#7424 = DIRECTION('',(-2.925354238666E-02,0.894044397223,0.447022198612)
  );
#7425 = PCURVE('',#3729,#7426);
#7426 = DEFINITIONAL_REPRESENTATION('',(#7427),#7431);
#7427 = LINE('',#7428,#7429);
#7428 = CARTESIAN_POINT('',(-0.,0.));
#7429 = VECTOR('',#7430,1.);
#7430 = DIRECTION('',(-0.,1.));
#7431 = ( GEOMETRIC_REPRESENTATION_CONTEXT(2) 
PARAMETRIC_REPRESENTATION_CONTEXT() REPRESENTATION_CONTEXT('2D SPACE',''
  ) );
#7432 = PCURVE('',#7433,#7438);
#7433 = PLANE('',#7434);
#7434 = AXIS2_PLACEMENT_3D('',#7435,#7436,#7437);
#7435 = CARTESIAN_POINT('',(-30.,-22.1,1.01));
#7436 = DIRECTION('',(0.,0.4472135955,-0.894427191));
#7437 = DIRECTION('',(0.,-0.894427191,-0.4472135955));
#7438 = DEFINITIONAL_REPRESENTATION('',(#7439),#7443);
#7439 = LINE('',#7440,#7441);
#7440 = CARTESIAN_POINT('',(0.524195224629,-18.19297505313));
#7441 = VECTOR('',#7442,1.);
#7442 = DIRECTION('',(-0.999572023547,2.925354238666E-02));
#7443 = ( GEOMETRIC_REPRESENTATION_CONTEXT(2) 
PARAMETRIC_REPRESENTATION_CONTEXT() REPRESENTATION_CONTEXT('2D SPACE',''
  ) );
#7444 = ADVANCED_FACE('',(#7445),#3703,.T.);
#7445 = FACE_BOUND('',#7446,.T.);
#7446 = EDGE_LOOP('',(#7447,#7477,#7509,#7557,#7558,#7559));
#7447 = ORIENTED_EDGE('',*,*,#7448,.F.);
#7448 = EDGE_CURVE('',#7449,#7451,#7453,.T.);
#7449 = VERTEX_POINT('',#7450);
#7450 = CARTESIAN_POINT('',(-12.04695534668,-15.17685649287,
    2.261080113926));
#7451 = VERTEX_POINT('',#7452);
#7452 = CARTESIAN_POINT('',(-11.8214427637,-22.06895382089,
    1.015610349873));
#7453 = SURFACE_CURVE('',#7454,(#7458,#7465),.PCURVE_S1.);
#7454 = LINE('',#7455,#7456);
#7455 = CARTESIAN_POINT('',(-12.08138901822,-14.12449740745,
    2.451251749561));
#7456 = VECTOR('',#7457,1.);
#7457 = DIRECTION('',(3.218225831519E-02,-0.983551576639,-0.177737442144
    ));
#7458 = PCURVE('',#3703,#7459);
#7459 = DEFINITIONAL_REPRESENTATION('',(#7460),#7464);
#7460 = LINE('',#7461,#7462);
#7461 = CARTESIAN_POINT('',(0.,0.));
#7462 = VECTOR('',#7463,1.);
#7463 = DIRECTION('',(0.,1.));
#7464 = ( GEOMETRIC_REPRESENTATION_CONTEXT(2) 
PARAMETRIC_REPRESENTATION_CONTEXT() REPRESENTATION_CONTEXT('2D SPACE',''
  ) );
#7465 = PCURVE('',#7466,#7471);
#7466 = PLANE('',#7467);
#7467 = AXIS2_PLACEMENT_3D('',#7468,#7469,#7470);
#7468 = CARTESIAN_POINT('',(-30.,-14.1314242555,2.45));
#7469 = DIRECTION('',(0.,0.177829554836,-0.984061303693));
#7470 = DIRECTION('',(0.,-0.984061303693,-0.177829554836));
#7471 = DEFINITIONAL_REPRESENTATION('',(#7472),#7476);
#7472 = LINE('',#7473,#7474);
#7473 = CARTESIAN_POINT('',(-7.039041190035E-03,-17.91861098177));
#7474 = VECTOR('',#7475,1.);
#7475 = DIRECTION('',(0.999482016972,-3.218225831519E-02));
#7476 = ( GEOMETRIC_REPRESENTATION_CONTEXT(2) 
PARAMETRIC_REPRESENTATION_CONTEXT() REPRESENTATION_CONTEXT('2D SPACE',''
  ) );
#7477 = ORIENTED_EDGE('',*,*,#7478,.T.);
#7478 = EDGE_CURVE('',#7449,#7479,#7481,.T.);
#7479 = VERTEX_POINT('',#7480);
#7480 = CARTESIAN_POINT('',(-12.14702738597,-15.10174903205,
    2.251399612228));
#7481 = SURFACE_CURVE('',#7482,(#7489,#7499),.PCURVE_S1.);
#7482 = B_SPLINE_CURVE_WITH_KNOTS('',5,(#7483,#7484,#7485,#7486,#7487,
    #7488),.UNSPECIFIED.,.F.,.F.,(6,6),(0.,1.),
  .PIECEWISE_BEZIER_KNOTS.);
#7483 = CARTESIAN_POINT('',(-12.04695534668,-15.17685649287,
    2.261080113926));
#7484 = CARTESIAN_POINT('',(-12.06751824255,-15.15891226335,
    2.264322812665));
#7485 = CARTESIAN_POINT('',(-12.08818822906,-15.14207291802,
    2.265064384787));
#7486 = CARTESIAN_POINT('',(-12.10860620187,-15.12669745984,
    2.263167184326));
#7487 = CARTESIAN_POINT('',(-12.12835385963,-15.11316071508,
    2.258576234622));
#7488 = CARTESIAN_POINT('',(-12.14702738597,-15.10174903204,
    2.251399612228));
#7489 = PCURVE('',#3703,#7490);
#7490 = DEFINITIONAL_REPRESENTATION('',(#7491),#7498);
#7491 = B_SPLINE_CURVE_WITH_KNOTS('',5,(#7492,#7493,#7494,#7495,#7496,
    #7497),.UNSPECIFIED.,.F.,.F.,(6,6),(0.,1.),
  .PIECEWISE_BEZIER_KNOTS.);
#7492 = CARTESIAN_POINT('',(-7.993605777301E-15,1.06995821106));
#7493 = CARTESIAN_POINT('',(9.075184249916E-02,1.05107102641));
#7494 = CARTESIAN_POINT('',(0.182215807978,1.033711649788));
#7495 = CARTESIAN_POINT('',(0.27436338931,1.018269200733));
#7496 = CARTESIAN_POINT('',(0.367085318052,1.005135573519));
#7497 = CARTESIAN_POINT('',(0.460144169724,0.994586192937));
#7498 = ( GEOMETRIC_REPRESENTATION_CONTEXT(2) 
PARAMETRIC_REPRESENTATION_CONTEXT() REPRESENTATION_CONTEXT('2D SPACE',''
  ) );
#7499 = PCURVE('',#4543,#7500);
#7500 = DEFINITIONAL_REPRESENTATION('',(#7501),#7508);
#7501 = B_SPLINE_CURVE_WITH_KNOTS('',5,(#7502,#7503,#7504,#7505,#7506,
    #7507),.UNSPECIFIED.,.F.,.F.,(6,6),(0.,1.),
  .PIECEWISE_BEZIER_KNOTS.);
#7502 = CARTESIAN_POINT('',(-4.041457491995,-9.680501698308E-03));
#7503 = CARTESIAN_POINT('',(-4.040050564864,-1.29232004376E-02));
#7504 = CARTESIAN_POINT('',(-4.038674529087,-1.366477255876E-02));
#7505 = CARTESIAN_POINT('',(-4.037355777902,-1.176757209783E-02));
#7506 = CARTESIAN_POINT('',(-4.036123637901,-7.17662239416E-03));
#7507 = CARTESIAN_POINT('',(-4.035003812909,1.935317181684E-14));
#7508 = ( GEOMETRIC_REPRESENTATION_CONTEXT(2) 
PARAMETRIC_REPRESENTATION_CONTEXT() REPRESENTATION_CONTEXT('2D SPACE',''
  ) );
#7509 = ORIENTED_EDGE('',*,*,#7510,.T.);
#7510 = EDGE_CURVE('',#7479,#6945,#7511,.T.);
#7511 = SURFACE_CURVE('',#7512,(#7525,#7541),.PCURVE_S1.);
#7512 = B_SPLINE_CURVE_WITH_KNOTS('',6,(#7513,#7514,#7515,#7516,#7517,
    #7518,#7519,#7520,#7521,#7522,#7523,#7524),.UNSPECIFIED.,.F.,.F.,(7,
    5,7),(0.,0.292973657846,1.),.UNSPECIFIED.);
#7513 = CARTESIAN_POINT('',(-12.14702738597,-15.10174903205,
    2.251399612228));
#7514 = CARTESIAN_POINT('',(-12.15699565953,-15.09517487559,
    2.247663739531));
#7515 = CARTESIAN_POINT('',(-12.16667399761,-15.08908878482,
    2.243239352516));
#7516 = CARTESIAN_POINT('',(-12.17601150585,-15.08352851522,
    2.23813955828));
#7517 = CARTESIAN_POINT('',(-12.18495938421,-15.07852746139,
    2.232385081842));
#7518 = CARTESIAN_POINT('',(-12.19347238673,-15.07411337981,
    2.226004044856));
#7519 = CARTESIAN_POINT('',(-12.22090794104,-15.06112153517,
    2.202205657679));
#7520 = CARTESIAN_POINT('',(-12.23754519116,-15.05547261956,
    2.181930587361));
#7521 = CARTESIAN_POINT('',(-12.25083946044,-15.05366506861,
    2.158707818847));
#7522 = CARTESIAN_POINT('',(-12.26044021276,-15.05572919004,
    2.133255919053));
#7523 = CARTESIAN_POINT('',(-12.2662481195,-15.06145351552,
    2.106341510649));
#7524 = CARTESIAN_POINT('',(-12.26833104968,-15.07049324996,
    2.078694772664));
#7525 = PCURVE('',#3703,#7526);
#7526 = DEFINITIONAL_REPRESENTATION('',(#7527),#7540);
#7527 = B_SPLINE_CURVE_WITH_KNOTS('',6,(#7528,#7529,#7530,#7531,#7532,
    #7533,#7534,#7535,#7536,#7537,#7538,#7539),.UNSPECIFIED.,.F.,.F.,(7,
    5,7),(0.,0.292973657846,1.),.UNSPECIFIED.);
#7528 = CARTESIAN_POINT('',(0.460144169722,0.994586192937));
#7529 = CARTESIAN_POINT('',(0.509740441121,0.988463373895));
#7530 = CARTESIAN_POINT('',(0.559427973499,0.982952298178));
#7531 = CARTESIAN_POINT('',(0.609184068437,0.978089408521));
#7532 = CARTESIAN_POINT('',(0.658984586715,0.973905437132));
#7533 = CARTESIAN_POINT('',(0.708803360395,0.970424141783));
#7534 = CARTESIAN_POINT('',(0.878812653652,0.96099291887));
#7535 = CARTESIAN_POINT('',(0.998992051889,0.958505133871));
#7536 = CARTESIAN_POINT('',(1.11866779608,0.960427030158));
#7537 = CARTESIAN_POINT('',(1.237558425217,0.96667198172));
#7538 = CARTESIAN_POINT('',(1.355501238019,0.976898937621));
#7539 = CARTESIAN_POINT('',(1.47242358164,0.990636809774));
#7540 = ( GEOMETRIC_REPRESENTATION_CONTEXT(2) 
PARAMETRIC_REPRESENTATION_CONTEXT() REPRESENTATION_CONTEXT('2D SPACE',''
  ) );
#7541 = PCURVE('',#6890,#7542);
#7542 = DEFINITIONAL_REPRESENTATION('',(#7543),#7556);
#7543 = B_SPLINE_CURVE_WITH_KNOTS('',6,(#7544,#7545,#7546,#7547,#7548,
    #7549,#7550,#7551,#7552,#7553,#7554,#7555),.UNSPECIFIED.,.F.,.F.,(7,
    5,7),(0.,0.292973657846,1.),.UNSPECIFIED.);
#7544 = CARTESIAN_POINT('',(-4.035003812909,-0.172704839564));
#7545 = CARTESIAN_POINT('',(-4.03439042955,-0.168968966868));
#7546 = CARTESIAN_POINT('',(-4.033804572293,-0.164544579852));
#7547 = CARTESIAN_POINT('',(-4.033249530445,-0.159444785616));
#7548 = CARTESIAN_POINT('',(-4.032728360855,-0.153690309179));
#7549 = CARTESIAN_POINT('',(-4.032243786611,-0.147309272192));
#7550 = CARTESIAN_POINT('',(-4.030722520568,-0.123510885015));
#7551 = CARTESIAN_POINT('',(-4.029873031005,-0.103235814698));
#7552 = CARTESIAN_POINT('',(-4.029282862032,-8.001304618293E-02));
#7553 = CARTESIAN_POINT('',(-4.02896670657,-5.456114638955E-02));
#7554 = CARTESIAN_POINT('',(-4.028921110183,-2.764673798566E-02));
#7555 = CARTESIAN_POINT('',(-4.029131663658,1.214095297712E-14));
#7556 = ( GEOMETRIC_REPRESENTATION_CONTEXT(2) 
PARAMETRIC_REPRESENTATION_CONTEXT() REPRESENTATION_CONTEXT('2D SPACE',''
  ) );
#7557 = ORIENTED_EDGE('',*,*,#6944,.T.);
#7558 = ORIENTED_EDGE('',*,*,#3687,.T.);
#7559 = ORIENTED_EDGE('',*,*,#7560,.F.);
#7560 = EDGE_CURVE('',#7451,#3688,#7561,.T.);
#7561 = SURFACE_CURVE('',#7562,(#7567,#7573),.PCURVE_S1.);
#7562 = CIRCLE('',#7563,0.22);
#7563 = AXIS2_PLACEMENT_3D('',#7564,#7565,#7566);
#7564 = CARTESIAN_POINT('',(-11.8214427637,-22.02983131883,0.79911686306
    ));
#7565 = DIRECTION('',(3.218225831523E-02,-0.983551576639,-0.177737442144
    ));
#7566 = DIRECTION('',(-0.999482016972,-3.166931507348E-02,
    -5.722956669798E-03));
#7567 = PCURVE('',#3703,#7568);
#7568 = DEFINITIONAL_REPRESENTATION('',(#7569),#7572);
#7569 = B_SPLINE_CURVE_WITH_KNOTS('',1,(#7570,#7571),.UNSPECIFIED.,.F.,
  .F.,(2,2),(4.712388980385,6.277369722186),.PIECEWISE_BEZIER_KNOTS.);
#7570 = CARTESIAN_POINT('',(0.,8.077315518711));
#7571 = CARTESIAN_POINT('',(1.564980741801,8.077315518711));
#7572 = ( GEOMETRIC_REPRESENTATION_CONTEXT(2) 
PARAMETRIC_REPRESENTATION_CONTEXT() REPRESENTATION_CONTEXT('2D SPACE',''
  ) );
#7573 = PCURVE('',#7380,#7574);
#7574 = DEFINITIONAL_REPRESENTATION('',(#7575),#7578);
#7575 = B_SPLINE_CURVE_WITH_KNOTS('',1,(#7576,#7577),.UNSPECIFIED.,.F.,
  .F.,(2,2),(4.712388980385,6.277369722186),.PIECEWISE_BEZIER_KNOTS.);
#7576 = CARTESIAN_POINT('',(1.538608510707,-1.570796326795));
#7577 = CARTESIAN_POINT('',(1.538608510707,-5.815584993934E-03));
#7578 = ( GEOMETRIC_REPRESENTATION_CONTEXT(2) 
PARAMETRIC_REPRESENTATION_CONTEXT() REPRESENTATION_CONTEXT('2D SPACE',''
  ) );
#7579 = ADVANCED_FACE('',(#7580),#3760,.F.);
#7580 = FACE_BOUND('',#7581,.T.);
#7581 = EDGE_LOOP('',(#7582,#7583,#7604,#7605));
#7582 = ORIENTED_EDGE('',*,*,#3743,.F.);
#7583 = ORIENTED_EDGE('',*,*,#7584,.T.);
#7584 = EDGE_CURVE('',#3744,#6227,#7585,.T.);
#7585 = SEAM_CURVE('',#7586,(#7590,#7597),.PCURVE_S1.);
#7586 = LINE('',#7587,#7588);
#7587 = CARTESIAN_POINT('',(-15.,-20.825,-4.3));
#7588 = VECTOR('',#7589,1.);
#7589 = DIRECTION('',(1.,0.,0.));
#7590 = PCURVE('',#3760,#7591);
#7591 = DEFINITIONAL_REPRESENTATION('',(#7592),#7596);
#7592 = LINE('',#7593,#7594);
#7593 = CARTESIAN_POINT('',(-6.28318530718,0.));
#7594 = VECTOR('',#7595,1.);
#7595 = DIRECTION('',(-0.,-1.));
#7596 = ( GEOMETRIC_REPRESENTATION_CONTEXT(2) 
PARAMETRIC_REPRESENTATION_CONTEXT() REPRESENTATION_CONTEXT('2D SPACE',''
  ) );
#7597 = PCURVE('',#3760,#7598);
#7598 = DEFINITIONAL_REPRESENTATION('',(#7599),#7603);
#7599 = LINE('',#7600,#7601);
#7600 = CARTESIAN_POINT('',(-0.,0.));
#7601 = VECTOR('',#7602,1.);
#7602 = DIRECTION('',(-0.,-1.));
#7603 = ( GEOMETRIC_REPRESENTATION_CONTEXT(2) 
PARAMETRIC_REPRESENTATION_CONTEXT() REPRESENTATION_CONTEXT('2D SPACE',''
  ) );
#7604 = ORIENTED_EDGE('',*,*,#6226,.F.);
#7605 = ORIENTED_EDGE('',*,*,#7584,.F.);
#7606 = ADVANCED_FACE('',(#7607),#3810,.F.);
#7607 = FACE_BOUND('',#7608,.T.);
#7608 = EDGE_LOOP('',(#7609,#7610,#7633,#7660));
#7609 = ORIENTED_EDGE('',*,*,#3789,.T.);
#7610 = ORIENTED_EDGE('',*,*,#7611,.T.);
#7611 = EDGE_CURVE('',#3790,#7612,#7614,.T.);
#7612 = VERTEX_POINT('',#7613);
#7613 = CARTESIAN_POINT('',(12.009419177103,-11.3844191771,-2.93));
#7614 = SEAM_CURVE('',#7615,(#7619,#7626),.PCURVE_S1.);
#7615 = LINE('',#7616,#7617);
#7616 = CARTESIAN_POINT('',(12.009419177103,-11.3844191771,-6.13));
#7617 = VECTOR('',#7618,1.);
#7618 = DIRECTION('',(0.,0.,1.));
#7619 = PCURVE('',#3810,#7620);
#7620 = DEFINITIONAL_REPRESENTATION('',(#7621),#7625);
#7621 = LINE('',#7622,#7623);
#7622 = CARTESIAN_POINT('',(-6.28318530718,0.));
#7623 = VECTOR('',#7624,1.);
#7624 = DIRECTION('',(-0.,-1.));
#7625 = ( GEOMETRIC_REPRESENTATION_CONTEXT(2) 
PARAMETRIC_REPRESENTATION_CONTEXT() REPRESENTATION_CONTEXT('2D SPACE',''
  ) );
#7626 = PCURVE('',#3810,#7627);
#7627 = DEFINITIONAL_REPRESENTATION('',(#7628),#7632);
#7628 = LINE('',#7629,#7630);
#7629 = CARTESIAN_POINT('',(-0.,0.));
#7630 = VECTOR('',#7631,1.);
#7631 = DIRECTION('',(-0.,-1.));
#7632 = ( GEOMETRIC_REPRESENTATION_CONTEXT(2) 
PARAMETRIC_REPRESENTATION_CONTEXT() REPRESENTATION_CONTEXT('2D SPACE',''
  ) );
#7633 = ORIENTED_EDGE('',*,*,#7634,.T.);
#7634 = EDGE_CURVE('',#7612,#7612,#7635,.T.);
#7635 = SURFACE_CURVE('',#7636,(#7641,#7648),.PCURVE_S1.);
#7636 = CIRCLE('',#7637,0.625);
#7637 = AXIS2_PLACEMENT_3D('',#7638,#7639,#7640);
#7638 = CARTESIAN_POINT('',(11.384419177103,-11.3844191771,-2.93));
#7639 = DIRECTION('',(0.,0.,1.));
#7640 = DIRECTION('',(1.,0.,0.));
#7641 = PCURVE('',#3810,#7642);
#7642 = DEFINITIONAL_REPRESENTATION('',(#7643),#7647);
#7643 = LINE('',#7644,#7645);
#7644 = CARTESIAN_POINT('',(-0.,-3.2));
#7645 = VECTOR('',#7646,1.);
#7646 = DIRECTION('',(-1.,0.));
#7647 = ( GEOMETRIC_REPRESENTATION_CONTEXT(2) 
PARAMETRIC_REPRESENTATION_CONTEXT() REPRESENTATION_CONTEXT('2D SPACE',''
  ) );
#7648 = PCURVE('',#7649,#7654);
#7649 = PLANE('',#7650);
#7650 = AXIS2_PLACEMENT_3D('',#7651,#7652,#7653);
#7651 = CARTESIAN_POINT('',(11.384419177103,-11.3844191771,-2.93));
#7652 = DIRECTION('',(0.,0.,1.));
#7653 = DIRECTION('',(1.,0.,-0.));
#7654 = DEFINITIONAL_REPRESENTATION('',(#7655),#7659);
#7655 = CIRCLE('',#7656,0.625);
#7656 = AXIS2_PLACEMENT_2D('',#7657,#7658);
#7657 = CARTESIAN_POINT('',(0.,0.));
#7658 = DIRECTION('',(1.,0.));
#7659 = ( GEOMETRIC_REPRESENTATION_CONTEXT(2) 
PARAMETRIC_REPRESENTATION_CONTEXT() REPRESENTATION_CONTEXT('2D SPACE',''
  ) );
#7660 = ORIENTED_EDGE('',*,*,#7611,.F.);
#7661 = ADVANCED_FACE('',(#7662),#3845,.F.);
#7662 = FACE_BOUND('',#7663,.T.);
#7663 = EDGE_LOOP('',(#7664,#7665,#7688,#7715));
#7664 = ORIENTED_EDGE('',*,*,#3824,.T.);
#7665 = ORIENTED_EDGE('',*,*,#7666,.T.);
#7666 = EDGE_CURVE('',#3825,#7667,#7669,.T.);
#7667 = VERTEX_POINT('',#7668);
#7668 = CARTESIAN_POINT('',(-10.7594191771,-11.3844191771,-2.93));
#7669 = SEAM_CURVE('',#7670,(#7674,#7681),.PCURVE_S1.);
#7670 = LINE('',#7671,#7672);
#7671 = CARTESIAN_POINT('',(-10.7594191771,-11.3844191771,-6.13));
#7672 = VECTOR('',#7673,1.);
#7673 = DIRECTION('',(0.,0.,1.));
#7674 = PCURVE('',#3845,#7675);
#7675 = DEFINITIONAL_REPRESENTATION('',(#7676),#7680);
#7676 = LINE('',#7677,#7678);
#7677 = CARTESIAN_POINT('',(-6.28318530718,0.));
#7678 = VECTOR('',#7679,1.);
#7679 = DIRECTION('',(-0.,-1.));
#7680 = ( GEOMETRIC_REPRESENTATION_CONTEXT(2) 
PARAMETRIC_REPRESENTATION_CONTEXT() REPRESENTATION_CONTEXT('2D SPACE',''
  ) );
#7681 = PCURVE('',#3845,#7682);
#7682 = DEFINITIONAL_REPRESENTATION('',(#7683),#7687);
#7683 = LINE('',#7684,#7685);
#7684 = CARTESIAN_POINT('',(-0.,0.));
#7685 = VECTOR('',#7686,1.);
#7686 = DIRECTION('',(-0.,-1.));
#7687 = ( GEOMETRIC_REPRESENTATION_CONTEXT(2) 
PARAMETRIC_REPRESENTATION_CONTEXT() REPRESENTATION_CONTEXT('2D SPACE',''
  ) );
#7688 = ORIENTED_EDGE('',*,*,#7689,.T.);
#7689 = EDGE_CURVE('',#7667,#7667,#7690,.T.);
#7690 = SURFACE_CURVE('',#7691,(#7696,#7703),.PCURVE_S1.);
#7691 = CIRCLE('',#7692,0.625);
#7692 = AXIS2_PLACEMENT_3D('',#7693,#7694,#7695);
#7693 = CARTESIAN_POINT('',(-11.3844191771,-11.3844191771,-2.93));
#7694 = DIRECTION('',(0.,0.,1.));
#7695 = DIRECTION('',(1.,0.,0.));
#7696 = PCURVE('',#3845,#7697);
#7697 = DEFINITIONAL_REPRESENTATION('',(#7698),#7702);
#7698 = LINE('',#7699,#7700);
#7699 = CARTESIAN_POINT('',(-0.,-3.2));
#7700 = VECTOR('',#7701,1.);
#7701 = DIRECTION('',(-1.,0.));
#7702 = ( GEOMETRIC_REPRESENTATION_CONTEXT(2) 
PARAMETRIC_REPRESENTATION_CONTEXT() REPRESENTATION_CONTEXT('2D SPACE',''
  ) );
#7703 = PCURVE('',#7704,#7709);
#7704 = PLANE('',#7705);
#7705 = AXIS2_PLACEMENT_3D('',#7706,#7707,#7708);
#7706 = CARTESIAN_POINT('',(-11.3844191771,-11.3844191771,-2.93));
#7707 = DIRECTION('',(0.,0.,1.));
#7708 = DIRECTION('',(1.,0.,-0.));
#7709 = DEFINITIONAL_REPRESENTATION('',(#7710),#7714);
#7710 = CIRCLE('',#7711,0.625);
#7711 = AXIS2_PLACEMENT_2D('',#7712,#7713);
#7712 = CARTESIAN_POINT('',(0.,-1.7763568394E-15));
#7713 = DIRECTION('',(1.,0.));
#7714 = ( GEOMETRIC_REPRESENTATION_CONTEXT(2) 
PARAMETRIC_REPRESENTATION_CONTEXT() REPRESENTATION_CONTEXT('2D SPACE',''
  ) );
#7715 = ORIENTED_EDGE('',*,*,#7666,.F.);
#7716 = ADVANCED_FACE('',(#7717),#3880,.F.);
#7717 = FACE_BOUND('',#7718,.T.);
#7718 = EDGE_LOOP('',(#7719,#7720,#7743,#7770));
#7719 = ORIENTED_EDGE('',*,*,#3859,.T.);
#7720 = ORIENTED_EDGE('',*,*,#7721,.T.);
#7721 = EDGE_CURVE('',#3860,#7722,#7724,.T.);
#7722 = VERTEX_POINT('',#7723);
#7723 = CARTESIAN_POINT('',(12.009419177103,11.384419177103,-2.93));
#7724 = SEAM_CURVE('',#7725,(#7729,#7736),.PCURVE_S1.);
#7725 = LINE('',#7726,#7727);
#7726 = CARTESIAN_POINT('',(12.009419177103,11.384419177103,-6.13));
#7727 = VECTOR('',#7728,1.);
#7728 = DIRECTION('',(0.,0.,1.));
#7729 = PCURVE('',#3880,#7730);
#7730 = DEFINITIONAL_REPRESENTATION('',(#7731),#7735);
#7731 = LINE('',#7732,#7733);
#7732 = CARTESIAN_POINT('',(-6.28318530718,0.));
#7733 = VECTOR('',#7734,1.);
#7734 = DIRECTION('',(-0.,-1.));
#7735 = ( GEOMETRIC_REPRESENTATION_CONTEXT(2) 
PARAMETRIC_REPRESENTATION_CONTEXT() REPRESENTATION_CONTEXT('2D SPACE',''
  ) );
#7736 = PCURVE('',#3880,#7737);
#7737 = DEFINITIONAL_REPRESENTATION('',(#7738),#7742);
#7738 = LINE('',#7739,#7740);
#7739 = CARTESIAN_POINT('',(-0.,0.));
#7740 = VECTOR('',#7741,1.);
#7741 = DIRECTION('',(-0.,-1.));
#7742 = ( GEOMETRIC_REPRESENTATION_CONTEXT(2) 
PARAMETRIC_REPRESENTATION_CONTEXT() REPRESENTATION_CONTEXT('2D SPACE',''
  ) );
#7743 = ORIENTED_EDGE('',*,*,#7744,.T.);
#7744 = EDGE_CURVE('',#7722,#7722,#7745,.T.);
#7745 = SURFACE_CURVE('',#7746,(#7751,#7758),.PCURVE_S1.);
#7746 = CIRCLE('',#7747,0.625);
#7747 = AXIS2_PLACEMENT_3D('',#7748,#7749,#7750);
#7748 = CARTESIAN_POINT('',(11.384419177103,11.384419177103,-2.93));
#7749 = DIRECTION('',(0.,0.,1.));
#7750 = DIRECTION('',(1.,0.,0.));
#7751 = PCURVE('',#3880,#7752);
#7752 = DEFINITIONAL_REPRESENTATION('',(#7753),#7757);
#7753 = LINE('',#7754,#7755);
#7754 = CARTESIAN_POINT('',(-0.,-3.2));
#7755 = VECTOR('',#7756,1.);
#7756 = DIRECTION('',(-1.,0.));
#7757 = ( GEOMETRIC_REPRESENTATION_CONTEXT(2) 
PARAMETRIC_REPRESENTATION_CONTEXT() REPRESENTATION_CONTEXT('2D SPACE',''
  ) );
#7758 = PCURVE('',#7759,#7764);
#7759 = PLANE('',#7760);
#7760 = AXIS2_PLACEMENT_3D('',#7761,#7762,#7763);
#7761 = CARTESIAN_POINT('',(11.384419177103,11.384419177103,-2.93));
#7762 = DIRECTION('',(0.,0.,1.));
#7763 = DIRECTION('',(1.,0.,-0.));
#7764 = DEFINITIONAL_REPRESENTATION('',(#7765),#7769);
#7765 = CIRCLE('',#7766,0.625);
#7766 = AXIS2_PLACEMENT_2D('',#7767,#7768);
#7767 = CARTESIAN_POINT('',(-1.7763568394E-15,0.));
#7768 = DIRECTION('',(1.,0.));
#7769 = ( GEOMETRIC_REPRESENTATION_CONTEXT(2) 
PARAMETRIC_REPRESENTATION_CONTEXT() REPRESENTATION_CONTEXT('2D SPACE',''
  ) );
#7770 = ORIENTED_EDGE('',*,*,#7721,.F.);
#7771 = ADVANCED_FACE('',(#7772),#3911,.F.);
#7772 = FACE_BOUND('',#7773,.T.);
#7773 = EDGE_LOOP('',(#7774,#7803,#7826,#7859,#7885,#7918,#7939,#7940,
    #7941,#7969,#7995,#8021));
#7774 = ORIENTED_EDGE('',*,*,#7775,.T.);
#7775 = EDGE_CURVE('',#7776,#7776,#7778,.T.);
#7776 = VERTEX_POINT('',#7777);
#7777 = CARTESIAN_POINT('',(14.7,0.,-0.45));
#7778 = SURFACE_CURVE('',#7779,(#7784,#7791),.PCURVE_S1.);
#7779 = CIRCLE('',#7780,14.7);
#7780 = AXIS2_PLACEMENT_3D('',#7781,#7782,#7783);
#7781 = CARTESIAN_POINT('',(0.,0.,-0.45));
#7782 = DIRECTION('',(0.,0.,1.));
#7783 = DIRECTION('',(1.,0.,-0.));
#7784 = PCURVE('',#3911,#7785);
#7785 = DEFINITIONAL_REPRESENTATION('',(#7786),#7790);
#7786 = LINE('',#7787,#7788);
#7787 = CARTESIAN_POINT('',(-0.,0.));
#7788 = VECTOR('',#7789,1.);
#7789 = DIRECTION('',(-1.,0.));
#7790 = ( GEOMETRIC_REPRESENTATION_CONTEXT(2) 
PARAMETRIC_REPRESENTATION_CONTEXT() REPRESENTATION_CONTEXT('2D SPACE',''
  ) );
#7791 = PCURVE('',#7792,#7797);
#7792 = PLANE('',#7793);
#7793 = AXIS2_PLACEMENT_3D('',#7794,#7795,#7796);
#7794 = CARTESIAN_POINT('',(0.,0.,-0.45));
#7795 = DIRECTION('',(0.,0.,1.));
#7796 = DIRECTION('',(1.,0.,-0.));
#7797 = DEFINITIONAL_REPRESENTATION('',(#7798),#7802);
#7798 = CIRCLE('',#7799,14.7);
#7799 = AXIS2_PLACEMENT_2D('',#7800,#7801);
#7800 = CARTESIAN_POINT('',(0.,0.));
#7801 = DIRECTION('',(1.,-0.));
#7802 = ( GEOMETRIC_REPRESENTATION_CONTEXT(2) 
PARAMETRIC_REPRESENTATION_CONTEXT() REPRESENTATION_CONTEXT('2D SPACE',''
  ) );
#7803 = ORIENTED_EDGE('',*,*,#7804,.T.);
#7804 = EDGE_CURVE('',#7776,#7805,#7807,.T.);
#7805 = VERTEX_POINT('',#7806);
#7806 = CARTESIAN_POINT('',(14.7,0.,-0.82));
#7807 = SEAM_CURVE('',#7808,(#7812,#7819),.PCURVE_S1.);
#7808 = LINE('',#7809,#7810);
#7809 = CARTESIAN_POINT('',(14.7,0.,-0.45));
#7810 = VECTOR('',#7811,1.);
#7811 = DIRECTION('',(0.,0.,-1.));
#7812 = PCURVE('',#3911,#7813);
#7813 = DEFINITIONAL_REPRESENTATION('',(#7814),#7818);
#7814 = LINE('',#7815,#7816);
#7815 = CARTESIAN_POINT('',(-0.,0.));
#7816 = VECTOR('',#7817,1.);
#7817 = DIRECTION('',(-0.,1.));
#7818 = ( GEOMETRIC_REPRESENTATION_CONTEXT(2) 
PARAMETRIC_REPRESENTATION_CONTEXT() REPRESENTATION_CONTEXT('2D SPACE',''
  ) );
#7819 = PCURVE('',#3911,#7820);
#7820 = DEFINITIONAL_REPRESENTATION('',(#7821),#7825);
#7821 = LINE('',#7822,#7823);
#7822 = CARTESIAN_POINT('',(-6.28318530718,0.));
#7823 = VECTOR('',#7824,1.);
#7824 = DIRECTION('',(-0.,1.));
#7825 = ( GEOMETRIC_REPRESENTATION_CONTEXT(2) 
PARAMETRIC_REPRESENTATION_CONTEXT() REPRESENTATION_CONTEXT('2D SPACE',''
  ) );
#7826 = ORIENTED_EDGE('',*,*,#7827,.T.);
#7827 = EDGE_CURVE('',#7805,#7828,#7830,.T.);
#7828 = VERTEX_POINT('',#7829);
#7829 = CARTESIAN_POINT('',(14.601369798755,-1.7,-0.82));
#7830 = SURFACE_CURVE('',#7831,(#7836,#7843),.PCURVE_S1.);
#7831 = CIRCLE('',#7832,14.7);
#7832 = AXIS2_PLACEMENT_3D('',#7833,#7834,#7835);
#7833 = CARTESIAN_POINT('',(0.,0.,-0.82));
#7834 = DIRECTION('',(0.,0.,-1.));
#7835 = DIRECTION('',(1.,0.,0.));
#7836 = PCURVE('',#3911,#7837);
#7837 = DEFINITIONAL_REPRESENTATION('',(#7838),#7842);
#7838 = LINE('',#7839,#7840);
#7839 = CARTESIAN_POINT('',(-6.28318530718,0.37));
#7840 = VECTOR('',#7841,1.);
#7841 = DIRECTION('',(1.,-0.));
#7842 = ( GEOMETRIC_REPRESENTATION_CONTEXT(2) 
PARAMETRIC_REPRESENTATION_CONTEXT() REPRESENTATION_CONTEXT('2D SPACE',''
  ) );
#7843 = PCURVE('',#7844,#7849);
#7844 = PLANE('',#7845);
#7845 = AXIS2_PLACEMENT_3D('',#7846,#7847,#7848);
#7846 = CARTESIAN_POINT('',(12.85,-1.7,-0.82));
#7847 = DIRECTION('',(0.,0.,1.));
#7848 = DIRECTION('',(1.,0.,0.));
#7849 = DEFINITIONAL_REPRESENTATION('',(#7850),#7858);
#7850 = ( BOUNDED_CURVE() B_SPLINE_CURVE(2,(#7851,#7852,#7853,#7854,
#7855,#7856,#7857),.UNSPECIFIED.,.T.,.F.) B_SPLINE_CURVE_WITH_KNOTS((1,2
    ,2,2,2,1),(-2.094395102393,0.,2.094395102393,4.188790204786,
6.28318530718,8.377580409573),.UNSPECIFIED.) CURVE() 
GEOMETRIC_REPRESENTATION_ITEM() RATIONAL_B_SPLINE_CURVE((1.,0.5,1.,0.5,
1.,0.5,1.)) REPRESENTATION_ITEM('') );
#7851 = CARTESIAN_POINT('',(1.85,1.7));
#7852 = CARTESIAN_POINT('',(1.85,-23.76114687126));
#7853 = CARTESIAN_POINT('',(-20.2,-11.03057343563));
#7854 = CARTESIAN_POINT('',(-42.25,1.7));
#7855 = CARTESIAN_POINT('',(-20.2,14.430573435631));
#7856 = CARTESIAN_POINT('',(1.85,27.161146871263));
#7857 = CARTESIAN_POINT('',(1.85,1.7));
#7858 = ( GEOMETRIC_REPRESENTATION_CONTEXT(2) 
PARAMETRIC_REPRESENTATION_CONTEXT() REPRESENTATION_CONTEXT('2D SPACE',''
  ) );
#7859 = ORIENTED_EDGE('',*,*,#7860,.T.);
#7860 = EDGE_CURVE('',#7828,#7861,#7863,.T.);
#7861 = VERTEX_POINT('',#7862);
#7862 = CARTESIAN_POINT('',(14.601369798755,-1.7,-3.82));
#7863 = SURFACE_CURVE('',#7864,(#7868,#7874),.PCURVE_S1.);
#7864 = LINE('',#7865,#7866);
#7865 = CARTESIAN_POINT('',(14.601369798755,-1.7,-0.45));
#7866 = VECTOR('',#7867,1.);
#7867 = DIRECTION('',(-0.,-0.,-1.));
#7868 = PCURVE('',#3911,#7869);
#7869 = DEFINITIONAL_REPRESENTATION('',(#7870),#7873);
#7870 = B_SPLINE_CURVE_WITH_KNOTS('',1,(#7871,#7872),.UNSPECIFIED.,.F.,
  .F.,(2,2),(7.E-02,3.67),.PIECEWISE_BEZIER_KNOTS.);
#7871 = CARTESIAN_POINT('',(-6.167279708218,7.E-02));
#7872 = CARTESIAN_POINT('',(-6.167279708218,3.67));
#7873 = ( GEOMETRIC_REPRESENTATION_CONTEXT(2) 
PARAMETRIC_REPRESENTATION_CONTEXT() REPRESENTATION_CONTEXT('2D SPACE',''
  ) );
#7874 = PCURVE('',#7875,#7880);
#7875 = PLANE('',#7876);
#7876 = AXIS2_PLACEMENT_3D('',#7877,#7878,#7879);
#7877 = CARTESIAN_POINT('',(12.85,-1.7,-3.82));
#7878 = DIRECTION('',(0.,1.,0.));
#7879 = DIRECTION('',(0.,0.,1.));
#7880 = DEFINITIONAL_REPRESENTATION('',(#7881),#7884);
#7881 = B_SPLINE_CURVE_WITH_KNOTS('',1,(#7882,#7883),.UNSPECIFIED.,.F.,
  .F.,(2,2),(7.E-02,3.67),.PIECEWISE_BEZIER_KNOTS.);
#7882 = CARTESIAN_POINT('',(3.3,1.751369798755));
#7883 = CARTESIAN_POINT('',(-0.3,1.751369798755));
#7884 = ( GEOMETRIC_REPRESENTATION_CONTEXT(2) 
PARAMETRIC_REPRESENTATION_CONTEXT() REPRESENTATION_CONTEXT('2D SPACE',''
  ) );
#7885 = ORIENTED_EDGE('',*,*,#7886,.F.);
#7886 = EDGE_CURVE('',#7887,#7861,#7889,.T.);
#7887 = VERTEX_POINT('',#7888);
#7888 = CARTESIAN_POINT('',(14.7,0.,-3.82));
#7889 = SURFACE_CURVE('',#7890,(#7895,#7902),.PCURVE_S1.);
#7890 = CIRCLE('',#7891,14.7);
#7891 = AXIS2_PLACEMENT_3D('',#7892,#7893,#7894);
#7892 = CARTESIAN_POINT('',(0.,0.,-3.82));
#7893 = DIRECTION('',(0.,0.,-1.));
#7894 = DIRECTION('',(1.,0.,0.));
#7895 = PCURVE('',#3911,#7896);
#7896 = DEFINITIONAL_REPRESENTATION('',(#7897),#7901);
#7897 = LINE('',#7898,#7899);
#7898 = CARTESIAN_POINT('',(-6.28318530718,3.37));
#7899 = VECTOR('',#7900,1.);
#7900 = DIRECTION('',(1.,-0.));
#7901 = ( GEOMETRIC_REPRESENTATION_CONTEXT(2) 
PARAMETRIC_REPRESENTATION_CONTEXT() REPRESENTATION_CONTEXT('2D SPACE',''
  ) );
#7902 = PCURVE('',#7903,#7908);
#7903 = PLANE('',#7904);
#7904 = AXIS2_PLACEMENT_3D('',#7905,#7906,#7907);
#7905 = CARTESIAN_POINT('',(12.85,-1.7,-3.82));
#7906 = DIRECTION('',(0.,0.,1.));
#7907 = DIRECTION('',(1.,0.,0.));
#7908 = DEFINITIONAL_REPRESENTATION('',(#7909),#7917);
#7909 = ( BOUNDED_CURVE() B_SPLINE_CURVE(2,(#7910,#7911,#7912,#7913,
#7914,#7915,#7916),.UNSPECIFIED.,.T.,.F.) B_SPLINE_CURVE_WITH_KNOTS((1,2
    ,2,2,2,1),(-2.094395102393,0.,2.094395102393,4.188790204786,
6.28318530718,8.377580409573),.UNSPECIFIED.) CURVE() 
GEOMETRIC_REPRESENTATION_ITEM() RATIONAL_B_SPLINE_CURVE((1.,0.5,1.,0.5,
1.,0.5,1.)) REPRESENTATION_ITEM('') );
#7910 = CARTESIAN_POINT('',(1.85,1.7));
#7911 = CARTESIAN_POINT('',(1.85,-23.76114687126));
#7912 = CARTESIAN_POINT('',(-20.2,-11.03057343563));
#7913 = CARTESIAN_POINT('',(-42.25,1.7));
#7914 = CARTESIAN_POINT('',(-20.2,14.430573435631));
#7915 = CARTESIAN_POINT('',(1.85,27.161146871263));
#7916 = CARTESIAN_POINT('',(1.85,1.7));
#7917 = ( GEOMETRIC_REPRESENTATION_CONTEXT(2) 
PARAMETRIC_REPRESENTATION_CONTEXT() REPRESENTATION_CONTEXT('2D SPACE',''
  ) );
#7918 = ORIENTED_EDGE('',*,*,#7919,.T.);
#7919 = EDGE_CURVE('',#7887,#3895,#7920,.T.);
#7920 = SEAM_CURVE('',#7921,(#7925,#7932),.PCURVE_S1.);
#7921 = LINE('',#7922,#7923);
#7922 = CARTESIAN_POINT('',(14.7,0.,-0.45));
#7923 = VECTOR('',#7924,1.);
#7924 = DIRECTION('',(0.,0.,-1.));
#7925 = PCURVE('',#3911,#7926);
#7926 = DEFINITIONAL_REPRESENTATION('',(#7927),#7931);
#7927 = LINE('',#7928,#7929);
#7928 = CARTESIAN_POINT('',(-0.,0.));
#7929 = VECTOR('',#7930,1.);
#7930 = DIRECTION('',(-0.,1.));
#7931 = ( GEOMETRIC_REPRESENTATION_CONTEXT(2) 
PARAMETRIC_REPRESENTATION_CONTEXT() REPRESENTATION_CONTEXT('2D SPACE',''
  ) );
#7932 = PCURVE('',#3911,#7933);
#7933 = DEFINITIONAL_REPRESENTATION('',(#7934),#7938);
#7934 = LINE('',#7935,#7936);
#7935 = CARTESIAN_POINT('',(-6.28318530718,0.));
#7936 = VECTOR('',#7937,1.);
#7937 = DIRECTION('',(-0.,1.));
#7938 = ( GEOMETRIC_REPRESENTATION_CONTEXT(2) 
PARAMETRIC_REPRESENTATION_CONTEXT() REPRESENTATION_CONTEXT('2D SPACE',''
  ) );
#7939 = ORIENTED_EDGE('',*,*,#3894,.F.);
#7940 = ORIENTED_EDGE('',*,*,#7919,.F.);
#7941 = ORIENTED_EDGE('',*,*,#7942,.F.);
#7942 = EDGE_CURVE('',#7943,#7887,#7945,.T.);
#7943 = VERTEX_POINT('',#7944);
#7944 = CARTESIAN_POINT('',(14.601369798755,1.7,-3.82));
#7945 = SURFACE_CURVE('',#7946,(#7951,#7958),.PCURVE_S1.);
#7946 = CIRCLE('',#7947,14.7);
#7947 = AXIS2_PLACEMENT_3D('',#7948,#7949,#7950);
#7948 = CARTESIAN_POINT('',(0.,0.,-3.82));
#7949 = DIRECTION('',(0.,0.,-1.));
#7950 = DIRECTION('',(1.,0.,0.));
#7951 = PCURVE('',#3911,#7952);
#7952 = DEFINITIONAL_REPRESENTATION('',(#7953),#7957);
#7953 = LINE('',#7954,#7955);
#7954 = CARTESIAN_POINT('',(-6.28318530718,3.37));
#7955 = VECTOR('',#7956,1.);
#7956 = DIRECTION('',(1.,-0.));
#7957 = ( GEOMETRIC_REPRESENTATION_CONTEXT(2) 
PARAMETRIC_REPRESENTATION_CONTEXT() REPRESENTATION_CONTEXT('2D SPACE',''
  ) );
#7958 = PCURVE('',#7903,#7959);
#7959 = DEFINITIONAL_REPRESENTATION('',(#7960),#7968);
#7960 = ( BOUNDED_CURVE() B_SPLINE_CURVE(2,(#7961,#7962,#7963,#7964,
#7965,#7966,#7967),.UNSPECIFIED.,.T.,.F.) B_SPLINE_CURVE_WITH_KNOTS((1,2
    ,2,2,2,1),(-2.094395102393,0.,2.094395102393,4.188790204786,
6.28318530718,8.377580409573),.UNSPECIFIED.) CURVE() 
GEOMETRIC_REPRESENTATION_ITEM() RATIONAL_B_SPLINE_CURVE((1.,0.5,1.,0.5,
1.,0.5,1.)) REPRESENTATION_ITEM('') );
#7961 = CARTESIAN_POINT('',(1.85,1.7));
#7962 = CARTESIAN_POINT('',(1.85,-23.76114687126));
#7963 = CARTESIAN_POINT('',(-20.2,-11.03057343563));
#7964 = CARTESIAN_POINT('',(-42.25,1.7));
#7965 = CARTESIAN_POINT('',(-20.2,14.430573435631));
#7966 = CARTESIAN_POINT('',(1.85,27.161146871263));
#7967 = CARTESIAN_POINT('',(1.85,1.7));
#7968 = ( GEOMETRIC_REPRESENTATION_CONTEXT(2) 
PARAMETRIC_REPRESENTATION_CONTEXT() REPRESENTATION_CONTEXT('2D SPACE',''
  ) );
#7969 = ORIENTED_EDGE('',*,*,#7970,.F.);
#7970 = EDGE_CURVE('',#7971,#7943,#7973,.T.);
#7971 = VERTEX_POINT('',#7972);
#7972 = CARTESIAN_POINT('',(14.601369798755,1.7,-0.82));
#7973 = SURFACE_CURVE('',#7974,(#7978,#7984),.PCURVE_S1.);
#7974 = LINE('',#7975,#7976);
#7975 = CARTESIAN_POINT('',(14.601369798755,1.7,-0.45));
#7976 = VECTOR('',#7977,1.);
#7977 = DIRECTION('',(-0.,-0.,-1.));
#7978 = PCURVE('',#3911,#7979);
#7979 = DEFINITIONAL_REPRESENTATION('',(#7980),#7983);
#7980 = B_SPLINE_CURVE_WITH_KNOTS('',1,(#7981,#7982),.UNSPECIFIED.,.F.,
  .F.,(2,2),(7.E-02,3.67),.PIECEWISE_BEZIER_KNOTS.);
#7981 = CARTESIAN_POINT('',(-0.115905598962,7.E-02));
#7982 = CARTESIAN_POINT('',(-0.115905598962,3.67));
#7983 = ( GEOMETRIC_REPRESENTATION_CONTEXT(2) 
PARAMETRIC_REPRESENTATION_CONTEXT() REPRESENTATION_CONTEXT('2D SPACE',''
  ) );
#7984 = PCURVE('',#7985,#7990);
#7985 = PLANE('',#7986);
#7986 = AXIS2_PLACEMENT_3D('',#7987,#7988,#7989);
#7987 = CARTESIAN_POINT('',(12.85,1.7,-3.82));
#7988 = DIRECTION('',(0.,1.,0.));
#7989 = DIRECTION('',(0.,0.,1.));
#7990 = DEFINITIONAL_REPRESENTATION('',(#7991),#7994);
#7991 = B_SPLINE_CURVE_WITH_KNOTS('',1,(#7992,#7993),.UNSPECIFIED.,.F.,
  .F.,(2,2),(7.E-02,3.67),.PIECEWISE_BEZIER_KNOTS.);
#7992 = CARTESIAN_POINT('',(3.3,1.751369798755));
#7993 = CARTESIAN_POINT('',(-0.3,1.751369798755));
#7994 = ( GEOMETRIC_REPRESENTATION_CONTEXT(2) 
PARAMETRIC_REPRESENTATION_CONTEXT() REPRESENTATION_CONTEXT('2D SPACE',''
  ) );
#7995 = ORIENTED_EDGE('',*,*,#7996,.T.);
#7996 = EDGE_CURVE('',#7971,#7805,#7997,.T.);
#7997 = SURFACE_CURVE('',#7998,(#8003,#8010),.PCURVE_S1.);
#7998 = CIRCLE('',#7999,14.7);
#7999 = AXIS2_PLACEMENT_3D('',#8000,#8001,#8002);
#8000 = CARTESIAN_POINT('',(0.,0.,-0.82));
#8001 = DIRECTION('',(0.,0.,-1.));
#8002 = DIRECTION('',(1.,0.,0.));
#8003 = PCURVE('',#3911,#8004);
#8004 = DEFINITIONAL_REPRESENTATION('',(#8005),#8009);
#8005 = LINE('',#8006,#8007);
#8006 = CARTESIAN_POINT('',(-6.28318530718,0.37));
#8007 = VECTOR('',#8008,1.);
#8008 = DIRECTION('',(1.,-0.));
#8009 = ( GEOMETRIC_REPRESENTATION_CONTEXT(2) 
PARAMETRIC_REPRESENTATION_CONTEXT() REPRESENTATION_CONTEXT('2D SPACE',''
  ) );
#8010 = PCURVE('',#7844,#8011);
#8011 = DEFINITIONAL_REPRESENTATION('',(#8012),#8020);
#8012 = ( BOUNDED_CURVE() B_SPLINE_CURVE(2,(#8013,#8014,#8015,#8016,
#8017,#8018,#8019),.UNSPECIFIED.,.T.,.F.) B_SPLINE_CURVE_WITH_KNOTS((1,2
    ,2,2,2,1),(-2.094395102393,0.,2.094395102393,4.188790204786,
6.28318530718,8.377580409573),.UNSPECIFIED.) CURVE() 
GEOMETRIC_REPRESENTATION_ITEM() RATIONAL_B_SPLINE_CURVE((1.,0.5,1.,0.5,
1.,0.5,1.)) REPRESENTATION_ITEM('') );
#8013 = CARTESIAN_POINT('',(1.85,1.7));
#8014 = CARTESIAN_POINT('',(1.85,-23.76114687126));
#8015 = CARTESIAN_POINT('',(-20.2,-11.03057343563));
#8016 = CARTESIAN_POINT('',(-42.25,1.7));
#8017 = CARTESIAN_POINT('',(-20.2,14.430573435631));
#8018 = CARTESIAN_POINT('',(1.85,27.161146871263));
#8019 = CARTESIAN_POINT('',(1.85,1.7));
#8020 = ( GEOMETRIC_REPRESENTATION_CONTEXT(2) 
PARAMETRIC_REPRESENTATION_CONTEXT() REPRESENTATION_CONTEXT('2D SPACE',''
  ) );
#8021 = ORIENTED_EDGE('',*,*,#7804,.F.);
#8022 = ADVANCED_FACE('',(#8023),#3946,.F.);
#8023 = FACE_BOUND('',#8024,.T.);
#8024 = EDGE_LOOP('',(#8025,#8026,#8049,#8076));
#8025 = ORIENTED_EDGE('',*,*,#3925,.T.);
#8026 = ORIENTED_EDGE('',*,*,#8027,.T.);
#8027 = EDGE_CURVE('',#3926,#8028,#8030,.T.);
#8028 = VERTEX_POINT('',#8029);
#8029 = CARTESIAN_POINT('',(-10.7594191771,11.384419177103,-2.93));
#8030 = SEAM_CURVE('',#8031,(#8035,#8042),.PCURVE_S1.);
#8031 = LINE('',#8032,#8033);
#8032 = CARTESIAN_POINT('',(-10.7594191771,11.384419177103,-6.13));
#8033 = VECTOR('',#8034,1.);
#8034 = DIRECTION('',(0.,0.,1.));
#8035 = PCURVE('',#3946,#8036);
#8036 = DEFINITIONAL_REPRESENTATION('',(#8037),#8041);
#8037 = LINE('',#8038,#8039);
#8038 = CARTESIAN_POINT('',(-6.28318530718,0.));
#8039 = VECTOR('',#8040,1.);
#8040 = DIRECTION('',(-0.,-1.));
#8041 = ( GEOMETRIC_REPRESENTATION_CONTEXT(2) 
PARAMETRIC_REPRESENTATION_CONTEXT() REPRESENTATION_CONTEXT('2D SPACE',''
  ) );
#8042 = PCURVE('',#3946,#8043);
#8043 = DEFINITIONAL_REPRESENTATION('',(#8044),#8048);
#8044 = LINE('',#8045,#8046);
#8045 = CARTESIAN_POINT('',(-0.,0.));
#8046 = VECTOR('',#8047,1.);
#8047 = DIRECTION('',(-0.,-1.));
#8048 = ( GEOMETRIC_REPRESENTATION_CONTEXT(2) 
PARAMETRIC_REPRESENTATION_CONTEXT() REPRESENTATION_CONTEXT('2D SPACE',''
  ) );
#8049 = ORIENTED_EDGE('',*,*,#8050,.T.);
#8050 = EDGE_CURVE('',#8028,#8028,#8051,.T.);
#8051 = SURFACE_CURVE('',#8052,(#8057,#8064),.PCURVE_S1.);
#8052 = CIRCLE('',#8053,0.625);
#8053 = AXIS2_PLACEMENT_3D('',#8054,#8055,#8056);
#8054 = CARTESIAN_POINT('',(-11.3844191771,11.384419177103,-2.93));
#8055 = DIRECTION('',(0.,0.,1.));
#8056 = DIRECTION('',(1.,0.,0.));
#8057 = PCURVE('',#3946,#8058);
#8058 = DEFINITIONAL_REPRESENTATION('',(#8059),#8063);
#8059 = LINE('',#8060,#8061);
#8060 = CARTESIAN_POINT('',(-0.,-3.2));
#8061 = VECTOR('',#8062,1.);
#8062 = DIRECTION('',(-1.,0.));
#8063 = ( GEOMETRIC_REPRESENTATION_CONTEXT(2) 
PARAMETRIC_REPRESENTATION_CONTEXT() REPRESENTATION_CONTEXT('2D SPACE',''
  ) );
#8064 = PCURVE('',#8065,#8070);
#8065 = PLANE('',#8066);
#8066 = AXIS2_PLACEMENT_3D('',#8067,#8068,#8069);
#8067 = CARTESIAN_POINT('',(-11.3844191771,11.384419177103,-2.93));
#8068 = DIRECTION('',(0.,0.,1.));
#8069 = DIRECTION('',(1.,0.,-0.));
#8070 = DEFINITIONAL_REPRESENTATION('',(#8071),#8075);
#8071 = CIRCLE('',#8072,0.625);
#8072 = AXIS2_PLACEMENT_2D('',#8073,#8074);
#8073 = CARTESIAN_POINT('',(0.,-1.7763568394E-15));
#8074 = DIRECTION('',(1.,0.));
#8075 = ( GEOMETRIC_REPRESENTATION_CONTEXT(2) 
PARAMETRIC_REPRESENTATION_CONTEXT() REPRESENTATION_CONTEXT('2D SPACE',''
  ) );
#8076 = ORIENTED_EDGE('',*,*,#8027,.F.);
#8077 = ADVANCED_FACE('',(#8078,#8172),#4006,.F.);
#8078 = FACE_BOUND('',#8079,.F.);
#8079 = EDGE_LOOP('',(#8080,#8105,#8128,#8151));
#8080 = ORIENTED_EDGE('',*,*,#8081,.F.);
#8081 = EDGE_CURVE('',#8082,#8084,#8086,.T.);
#8082 = VERTEX_POINT('',#8083);
#8083 = CARTESIAN_POINT('',(18.85,-1.7,-3.82));
#8084 = VERTEX_POINT('',#8085);
#8085 = CARTESIAN_POINT('',(18.85,-1.7,-0.82));
#8086 = SURFACE_CURVE('',#8087,(#8091,#8098),.PCURVE_S1.);
#8087 = LINE('',#8088,#8089);
#8088 = CARTESIAN_POINT('',(18.85,-1.7,-3.82));
#8089 = VECTOR('',#8090,1.);
#8090 = DIRECTION('',(0.,0.,1.));
#8091 = PCURVE('',#4006,#8092);
#8092 = DEFINITIONAL_REPRESENTATION('',(#8093),#8097);
#8093 = LINE('',#8094,#8095);
#8094 = CARTESIAN_POINT('',(0.,0.));
#8095 = VECTOR('',#8096,1.);
#8096 = DIRECTION('',(1.,0.));
#8097 = ( GEOMETRIC_REPRESENTATION_CONTEXT(2) 
PARAMETRIC_REPRESENTATION_CONTEXT() REPRESENTATION_CONTEXT('2D SPACE',''
  ) );
#8098 = PCURVE('',#7875,#8099);
#8099 = DEFINITIONAL_REPRESENTATION('',(#8100),#8104);
#8100 = LINE('',#8101,#8102);
#8101 = CARTESIAN_POINT('',(0.,6.));
#8102 = VECTOR('',#8103,1.);
#8103 = DIRECTION('',(1.,0.));
#8104 = ( GEOMETRIC_REPRESENTATION_CONTEXT(2) 
PARAMETRIC_REPRESENTATION_CONTEXT() REPRESENTATION_CONTEXT('2D SPACE',''
  ) );
#8105 = ORIENTED_EDGE('',*,*,#8106,.T.);
#8106 = EDGE_CURVE('',#8082,#8107,#8109,.T.);
#8107 = VERTEX_POINT('',#8108);
#8108 = CARTESIAN_POINT('',(18.85,1.7,-3.82));
#8109 = SURFACE_CURVE('',#8110,(#8114,#8121),.PCURVE_S1.);
#8110 = LINE('',#8111,#8112);
#8111 = CARTESIAN_POINT('',(18.85,-1.7,-3.82));
#8112 = VECTOR('',#8113,1.);
#8113 = DIRECTION('',(0.,1.,0.));
#8114 = PCURVE('',#4006,#8115);
#8115 = DEFINITIONAL_REPRESENTATION('',(#8116),#8120);
#8116 = LINE('',#8117,#8118);
#8117 = CARTESIAN_POINT('',(0.,0.));
#8118 = VECTOR('',#8119,1.);
#8119 = DIRECTION('',(0.,-1.));
#8120 = ( GEOMETRIC_REPRESENTATION_CONTEXT(2) 
PARAMETRIC_REPRESENTATION_CONTEXT() REPRESENTATION_CONTEXT('2D SPACE',''
  ) );
#8121 = PCURVE('',#7903,#8122);
#8122 = DEFINITIONAL_REPRESENTATION('',(#8123),#8127);
#8123 = LINE('',#8124,#8125);
#8124 = CARTESIAN_POINT('',(6.,0.));
#8125 = VECTOR('',#8126,1.);
#8126 = DIRECTION('',(0.,1.));
#8127 = ( GEOMETRIC_REPRESENTATION_CONTEXT(2) 
PARAMETRIC_REPRESENTATION_CONTEXT() REPRESENTATION_CONTEXT('2D SPACE',''
  ) );
#8128 = ORIENTED_EDGE('',*,*,#8129,.T.);
#8129 = EDGE_CURVE('',#8107,#8130,#8132,.T.);
#8130 = VERTEX_POINT('',#8131);
#8131 = CARTESIAN_POINT('',(18.85,1.7,-0.82));
#8132 = SURFACE_CURVE('',#8133,(#8137,#8144),.PCURVE_S1.);
#8133 = LINE('',#8134,#8135);
#8134 = CARTESIAN_POINT('',(18.85,1.7,-3.82));
#8135 = VECTOR('',#8136,1.);
#8136 = DIRECTION('',(0.,0.,1.));
#8137 = PCURVE('',#4006,#8138);
#8138 = DEFINITIONAL_REPRESENTATION('',(#8139),#8143);
#8139 = LINE('',#8140,#8141);
#8140 = CARTESIAN_POINT('',(0.,-3.4));
#8141 = VECTOR('',#8142,1.);
#8142 = DIRECTION('',(1.,0.));
#8143 = ( GEOMETRIC_REPRESENTATION_CONTEXT(2) 
PARAMETRIC_REPRESENTATION_CONTEXT() REPRESENTATION_CONTEXT('2D SPACE',''
  ) );
#8144 = PCURVE('',#7985,#8145);
#8145 = DEFINITIONAL_REPRESENTATION('',(#8146),#8150);
#8146 = LINE('',#8147,#8148);
#8147 = CARTESIAN_POINT('',(0.,6.));
#8148 = VECTOR('',#8149,1.);
#8149 = DIRECTION('',(1.,0.));
#8150 = ( GEOMETRIC_REPRESENTATION_CONTEXT(2) 
PARAMETRIC_REPRESENTATION_CONTEXT() REPRESENTATION_CONTEXT('2D SPACE',''
  ) );
#8151 = ORIENTED_EDGE('',*,*,#8152,.F.);
#8152 = EDGE_CURVE('',#8084,#8130,#8153,.T.);
#8153 = SURFACE_CURVE('',#8154,(#8158,#8165),.PCURVE_S1.);
#8154 = LINE('',#8155,#8156);
#8155 = CARTESIAN_POINT('',(18.85,-1.7,-0.82));
#8156 = VECTOR('',#8157,1.);
#8157 = DIRECTION('',(0.,1.,0.));
#8158 = PCURVE('',#4006,#8159);
#8159 = DEFINITIONAL_REPRESENTATION('',(#8160),#8164);
#8160 = LINE('',#8161,#8162);
#8161 = CARTESIAN_POINT('',(3.,0.));
#8162 = VECTOR('',#8163,1.);
#8163 = DIRECTION('',(0.,-1.));
#8164 = ( GEOMETRIC_REPRESENTATION_CONTEXT(2) 
PARAMETRIC_REPRESENTATION_CONTEXT() REPRESENTATION_CONTEXT('2D SPACE',''
  ) );
#8165 = PCURVE('',#7844,#8166);
#8166 = DEFINITIONAL_REPRESENTATION('',(#8167),#8171);
#8167 = LINE('',#8168,#8169);
#8168 = CARTESIAN_POINT('',(6.,0.));
#8169 = VECTOR('',#8170,1.);
#8170 = DIRECTION('',(0.,1.));
#8171 = ( GEOMETRIC_REPRESENTATION_CONTEXT(2) 
PARAMETRIC_REPRESENTATION_CONTEXT() REPRESENTATION_CONTEXT('2D SPACE',''
  ) );
#8172 = FACE_BOUND('',#8173,.F.);
#8173 = EDGE_LOOP('',(#8174));
#8174 = ORIENTED_EDGE('',*,*,#3989,.T.);
#8175 = ADVANCED_FACE('',(#8176),#4077,.T.);
#8176 = FACE_BOUND('',#8177,.T.);
#8177 = EDGE_LOOP('',(#8178,#8237,#8238,#8239));
#8178 = ORIENTED_EDGE('',*,*,#8179,.T.);
#8179 = EDGE_CURVE('',#8180,#4050,#8182,.T.);
#8180 = VERTEX_POINT('',#8181);
#8181 = CARTESIAN_POINT('',(11.274138965456,23.17838699101,
    -5.560806504495));
#8182 = SURFACE_CURVE('',#8183,(#8188,#8226),.PCURVE_S1.);
#8183 = CIRCLE('',#8184,0.22);
#8184 = AXIS2_PLACEMENT_3D('',#8185,#8186,#8187);
#8185 = CARTESIAN_POINT('',(11.274138965456,23.08,-5.364032522475));
#8186 = DIRECTION('',(1.,0.,0.));
#8187 = DIRECTION('',(0.,0.4472135955,-0.894427191));
#8188 = PCURVE('',#4077,#8189);
#8189 = DEFINITIONAL_REPRESENTATION('',(#8190),#8225);
#8190 = B_SPLINE_CURVE_WITH_KNOTS('',9,(#8191,#8192,#8193,#8194,#8195,
    #8196,#8197,#8198,#8199,#8200,#8201,#8202,#8203,#8204,#8205,#8206,
    #8207,#8208,#8209,#8210,#8211,#8212,#8213,#8214,#8215,#8216,#8217,
    #8218,#8219,#8220,#8221,#8222,#8223,#8224),.UNSPECIFIED.,.F.,.F.,(10
    ,8,8,8,10),(0.,0.276787179449,0.553574358897,0.830361538346,
    1.107148717794),.UNSPECIFIED.);
#8191 = CARTESIAN_POINT('',(0.,2.052241316687));
#8192 = CARTESIAN_POINT('',(3.254190369676E-02,2.052241316687));
#8193 = CARTESIAN_POINT('',(6.476460608254E-02,2.052241316687));
#8194 = CARTESIAN_POINT('',(9.66952034175E-02,2.052241316687));
#8195 = CARTESIAN_POINT('',(0.128353398249,2.052241316687));
#8196 = CARTESIAN_POINT('',(0.15978664153,2.052241316687));
#8197 = CARTESIAN_POINT('',(0.190984423372,2.052241316687));
#8198 = CARTESIAN_POINT('',(0.222003438702,2.052241316687));
#8199 = CARTESIAN_POINT('',(0.252846641954,2.052241316687));
#8200 = CARTESIAN_POINT('',(0.3142381886,2.052241316687));
#8201 = CARTESIAN_POINT('',(0.344785978242,2.052241316687));
#8202 = CARTESIAN_POINT('',(0.375207152219,2.052241316687));
#8203 = CARTESIAN_POINT('',(0.40552787929,2.052241316687));
#8204 = CARTESIAN_POINT('',(0.435764033112,2.052241316687));
#8205 = CARTESIAN_POINT('',(0.465935575489,2.052241316687));
#8206 = CARTESIAN_POINT('',(0.496068241994,2.052241316687));
#8207 = CARTESIAN_POINT('',(0.526180340476,2.052241316687));
#8208 = CARTESIAN_POINT('',(0.58640457979,2.052241316687));
#8209 = CARTESIAN_POINT('',(0.616516678273,2.052241316687));
#8210 = CARTESIAN_POINT('',(0.646649344777,2.052241316687));
#8211 = CARTESIAN_POINT('',(0.676820887154,2.052241316687));
#8212 = CARTESIAN_POINT('',(0.707057040977,2.052241316687));
#8213 = CARTESIAN_POINT('',(0.737377768048,2.052241316687));
#8214 = CARTESIAN_POINT('',(0.767798942024,2.052241316687));
#8215 = CARTESIAN_POINT('',(0.798346731666,2.052241316687));
#8216 = CARTESIAN_POINT('',(0.859738278312,2.052241316687));
#8217 = CARTESIAN_POINT('',(0.890581481564,2.052241316687));
#8218 = CARTESIAN_POINT('',(0.921600496895,2.052241316687));
#8219 = CARTESIAN_POINT('',(0.952798278735,2.052241316687));
#8220 = CARTESIAN_POINT('',(0.984231522018,2.052241316687));
#8221 = CARTESIAN_POINT('',(1.015889716849,2.052241316687));
#8222 = CARTESIAN_POINT('',(1.047820314184,2.052241316687));
#8223 = CARTESIAN_POINT('',(1.080043016569,2.052241316687));
#8224 = CARTESIAN_POINT('',(1.112584920266,2.052241316687));
#8225 = ( GEOMETRIC_REPRESENTATION_CONTEXT(2) 
PARAMETRIC_REPRESENTATION_CONTEXT() REPRESENTATION_CONTEXT('2D SPACE',''
  ) );
#8226 = PCURVE('',#8227,#8232);
#8227 = CYLINDRICAL_SURFACE('',#8228,0.22);
#8228 = AXIS2_PLACEMENT_3D('',#8229,#8230,#8231);
#8229 = CARTESIAN_POINT('',(10.75,23.08,-5.364032522475));
#8230 = DIRECTION('',(1.,0.,0.));
#8231 = DIRECTION('',(0.,0.4472135955,-0.894427191));
#8232 = DEFINITIONAL_REPRESENTATION('',(#8233),#8236);
#8233 = B_SPLINE_CURVE_WITH_KNOTS('',1,(#8234,#8235),.UNSPECIFIED.,.F.,
  .F.,(2,2),(0.,1.107148717794),.PIECEWISE_BEZIER_KNOTS.);
#8234 = CARTESIAN_POINT('',(0.,0.524138965456));
#8235 = CARTESIAN_POINT('',(1.107148717794,0.524138965456));
#8236 = ( GEOMETRIC_REPRESENTATION_CONTEXT(2) 
PARAMETRIC_REPRESENTATION_CONTEXT() REPRESENTATION_CONTEXT('2D SPACE',''
  ) );
#8237 = ORIENTED_EDGE('',*,*,#4049,.T.);
#8238 = ORIENTED_EDGE('',*,*,#4204,.F.);
#8239 = ORIENTED_EDGE('',*,*,#8240,.F.);
#8240 = EDGE_CURVE('',#8180,#4205,#8241,.T.);
#8241 = SURFACE_CURVE('',#8242,(#8252,#8259),.PCURVE_S1.);
#8242 = ( BOUNDED_CURVE() B_SPLINE_CURVE(8,(#8243,#8244,#8245,#8246,
    #8247,#8248,#8249,#8250,#8251),.UNSPECIFIED.,.F.,.F.) 
B_SPLINE_CURVE_WITH_KNOTS((9,9),(2.052241316687,3.164826236953),
.PIECEWISE_BEZIER_KNOTS.) CURVE() GEOMETRIC_REPRESENTATION_ITEM() 
RATIONAL_B_SPLINE_CURVE((1.,1.,1.,1.,1.,1.,1.,1.,1.)) 
REPRESENTATION_ITEM('') );
#8243 = CARTESIAN_POINT('',(11.274138965456,23.17838699101,
    -5.560806504495));
#8244 = CARTESIAN_POINT('',(11.379560348351,23.17838699101,
    -5.560806504495));
#8245 = CARTESIAN_POINT('',(11.492535237565,23.154544857233,
    -5.572727571383));
#8246 = CARTESIAN_POINT('',(11.60233322971,23.101111278445,
    -5.599444360778));
#8247 = CARTESIAN_POINT('',(11.692023430767,23.020228731756,
    -5.639885634122));
#8248 = CARTESIAN_POINT('',(11.749373721851,22.926876720983,
    -5.686561639509));
#8249 = CARTESIAN_POINT('',(11.782164002206,22.839421864514,
    -5.730289067743));
#8250 = CARTESIAN_POINT('',(11.801058363048,22.754037202187,
    -5.772981398907));
#8251 = CARTESIAN_POINT('',(11.803868321683,22.665339542323,
    -5.817330228839));
#8252 = PCURVE('',#4077,#8253);
#8253 = DEFINITIONAL_REPRESENTATION('',(#8254),#8258);
#8254 = LINE('',#8255,#8256);
#8255 = CARTESIAN_POINT('',(0.,0.));
#8256 = VECTOR('',#8257,1.);
#8257 = DIRECTION('',(0.,1.));
#8258 = ( GEOMETRIC_REPRESENTATION_CONTEXT(2) 
PARAMETRIC_REPRESENTATION_CONTEXT() REPRESENTATION_CONTEXT('2D SPACE',''
  ) );
#8259 = PCURVE('',#4264,#8260);
#8260 = DEFINITIONAL_REPRESENTATION('',(#8261),#8271);
#8261 = B_SPLINE_CURVE_WITH_KNOTS('',8,(#8262,#8263,#8264,#8265,#8266,
    #8267,#8268,#8269,#8270),.UNSPECIFIED.,.F.,.F.,(9,9),(2.052241316687
    ,3.164826236953),.PIECEWISE_BEZIER_KNOTS.);
#8262 = CARTESIAN_POINT('',(0.135967477525,-41.27413896545));
#8263 = CARTESIAN_POINT('',(0.135967477525,-41.37956034835));
#8264 = CARTESIAN_POINT('',(0.162623793452,-41.49253523756));
#8265 = CARTESIAN_POINT('',(0.222364350678,-41.60233322971));
#8266 = CARTESIAN_POINT('',(0.312793786972,-41.69202343076));
#8267 = CARTESIAN_POINT('',(0.417164507935,-41.74937372185));
#8268 = CARTESIAN_POINT('',(0.514942009949,-41.7821640022));
#8269 = CARTESIAN_POINT('',(0.610404964548,-41.80105836304));
#8270 = CARTESIAN_POINT('',(0.709571962999,-41.80386832168));
#8271 = ( GEOMETRIC_REPRESENTATION_CONTEXT(2) 
PARAMETRIC_REPRESENTATION_CONTEXT() REPRESENTATION_CONTEXT('2D SPACE',''
  ) );
#8272 = ADVANCED_FACE('',(#8273),#4166,.T.);
#8273 = FACE_BOUND('',#8274,.T.);
#8274 = EDGE_LOOP('',(#8275,#8334,#8367,#8368));
#8275 = ORIENTED_EDGE('',*,*,#8276,.T.);
#8276 = EDGE_CURVE('',#4113,#8277,#8279,.T.);
#8277 = VERTEX_POINT('',#8278);
#8278 = CARTESIAN_POINT('',(11.274138965456,23.17838699101,
    0.470806504495));
#8279 = SURFACE_CURVE('',#8280,(#8285,#8323),.PCURVE_S1.);
#8280 = CIRCLE('',#8281,0.22);
#8281 = AXIS2_PLACEMENT_3D('',#8282,#8283,#8284);
#8282 = CARTESIAN_POINT('',(11.274138965456,23.08,0.274032522475));
#8283 = DIRECTION('',(1.,0.,0.));
#8284 = DIRECTION('',(-0.,1.,0.));
#8285 = PCURVE('',#4166,#8286);
#8286 = DEFINITIONAL_REPRESENTATION('',(#8287),#8322);
#8287 = B_SPLINE_CURVE_WITH_KNOTS('',9,(#8288,#8289,#8290,#8291,#8292,
    #8293,#8294,#8295,#8296,#8297,#8298,#8299,#8300,#8301,#8302,#8303,
    #8304,#8305,#8306,#8307,#8308,#8309,#8310,#8311,#8312,#8313,#8314,
    #8315,#8316,#8317,#8318,#8319,#8320,#8321),.UNSPECIFIED.,.F.,.F.,(10
    ,8,8,8,10),(0.,0.276787179449,0.553574358897,0.830361538346,
    1.107148717794),.UNSPECIFIED.);
#8288 = CARTESIAN_POINT('',(-1.387778780781E-16,2.275848114437));
#8289 = CARTESIAN_POINT('',(3.254190369676E-02,2.275848114437));
#8290 = CARTESIAN_POINT('',(6.476460608254E-02,2.275848114437));
#8291 = CARTESIAN_POINT('',(9.669520341753E-02,2.275848114437));
#8292 = CARTESIAN_POINT('',(0.128353398249,2.275848114437));
#8293 = CARTESIAN_POINT('',(0.159786641531,2.275848114437));
#8294 = CARTESIAN_POINT('',(0.190984423372,2.275848114437));
#8295 = CARTESIAN_POINT('',(0.222003438702,2.275848114437));
#8296 = CARTESIAN_POINT('',(0.252846641954,2.275848114437));
#8297 = CARTESIAN_POINT('',(0.3142381886,2.275848114437));
#8298 = CARTESIAN_POINT('',(0.344785978242,2.275848114437));
#8299 = CARTESIAN_POINT('',(0.375207152219,2.275848114436));
#8300 = CARTESIAN_POINT('',(0.40552787929,2.275848114438));
#8301 = CARTESIAN_POINT('',(0.435764033112,2.275848114436));
#8302 = CARTESIAN_POINT('',(0.465935575489,2.275848114437));
#8303 = CARTESIAN_POINT('',(0.496068241994,2.275848114437));
#8304 = CARTESIAN_POINT('',(0.526180340476,2.275848114437));
#8305 = CARTESIAN_POINT('',(0.58640457979,2.275848114437));
#8306 = CARTESIAN_POINT('',(0.616516678272,2.275848114437));
#8307 = CARTESIAN_POINT('',(0.646649344778,2.275848114437));
#8308 = CARTESIAN_POINT('',(0.676820887154,2.275848114436));
#8309 = CARTESIAN_POINT('',(0.707057040977,2.275848114437));
#8310 = CARTESIAN_POINT('',(0.737377768048,2.275848114437));
#8311 = CARTESIAN_POINT('',(0.767798942024,2.275848114437));
#8312 = CARTESIAN_POINT('',(0.798346731666,2.275848114437));
#8313 = CARTESIAN_POINT('',(0.859738278312,2.275848114437));
#8314 = CARTESIAN_POINT('',(0.890581481564,2.275848114437));
#8315 = CARTESIAN_POINT('',(0.921600496895,2.275848114437));
#8316 = CARTESIAN_POINT('',(0.952798278735,2.275848114437));
#8317 = CARTESIAN_POINT('',(0.984231522018,2.275848114437));
#8318 = CARTESIAN_POINT('',(1.015889716849,2.275848114437));
#8319 = CARTESIAN_POINT('',(1.047820314184,2.275848114437));
#8320 = CARTESIAN_POINT('',(1.080043016569,2.275848114437));
#8321 = CARTESIAN_POINT('',(1.112584920266,2.275848114437));
#8322 = ( GEOMETRIC_REPRESENTATION_CONTEXT(2) 
PARAMETRIC_REPRESENTATION_CONTEXT() REPRESENTATION_CONTEXT('2D SPACE',''
  ) );
#8323 = PCURVE('',#8324,#8329);
#8324 = CYLINDRICAL_SURFACE('',#8325,0.22);
#8325 = AXIS2_PLACEMENT_3D('',#8326,#8327,#8328);
#8326 = CARTESIAN_POINT('',(10.75,23.08,0.274032522475));
#8327 = DIRECTION('',(1.,0.,0.));
#8328 = DIRECTION('',(-0.,1.,0.));
#8329 = DEFINITIONAL_REPRESENTATION('',(#8330),#8333);
#8330 = B_SPLINE_CURVE_WITH_KNOTS('',1,(#8331,#8332),.UNSPECIFIED.,.F.,
  .F.,(2,2),(0.,1.107148717794),.PIECEWISE_BEZIER_KNOTS.);
#8331 = CARTESIAN_POINT('',(0.,0.524138965456));
#8332 = CARTESIAN_POINT('',(1.107148717794,0.524138965456));
#8333 = ( GEOMETRIC_REPRESENTATION_CONTEXT(2) 
PARAMETRIC_REPRESENTATION_CONTEXT() REPRESENTATION_CONTEXT('2D SPACE',''
  ) );
#8334 = ORIENTED_EDGE('',*,*,#8335,.T.);
#8335 = EDGE_CURVE('',#8277,#4280,#8336,.T.);
#8336 = SURFACE_CURVE('',#8337,(#8347,#8354),.PCURVE_S1.);
#8337 = ( BOUNDED_CURVE() B_SPLINE_CURVE(8,(#8338,#8339,#8340,#8341,
    #8342,#8343,#8344,#8345,#8346),.UNSPECIFIED.,.F.,.F.) 
B_SPLINE_CURVE_WITH_KNOTS((9,9),(2.275848114437,3.388433034703),
.PIECEWISE_BEZIER_KNOTS.) CURVE() GEOMETRIC_REPRESENTATION_ITEM() 
RATIONAL_B_SPLINE_CURVE((1.,1.,1.,1.,1.,1.,1.,1.,1.)) 
REPRESENTATION_ITEM('') );
#8338 = CARTESIAN_POINT('',(11.274138965456,23.17838699101,
    0.470806504495));
#8339 = CARTESIAN_POINT('',(11.379560348351,23.17838699101,
    0.470806504495));
#8340 = CARTESIAN_POINT('',(11.492535237565,23.154544857233,
    0.482727571383));
#8341 = CARTESIAN_POINT('',(11.60233322971,23.101111278444,
    0.509444360778));
#8342 = CARTESIAN_POINT('',(11.692023430767,23.020228731756,
    0.549885634122));
#8343 = CARTESIAN_POINT('',(11.749373721851,22.926876720983,
    0.596561639509));
#8344 = CARTESIAN_POINT('',(11.782164002206,22.839421864514,
    0.640289067743));
#8345 = CARTESIAN_POINT('',(11.801058363048,22.754037202187,
    0.682981398907));
#8346 = CARTESIAN_POINT('',(11.803868321683,22.665339542323,
    0.727330228839));
#8347 = PCURVE('',#4166,#8348);
#8348 = DEFINITIONAL_REPRESENTATION('',(#8349),#8353);
#8349 = LINE('',#8350,#8351);
#8350 = CARTESIAN_POINT('',(1.112584920266,0.));
#8351 = VECTOR('',#8352,1.);
#8352 = DIRECTION('',(0.,1.));
#8353 = ( GEOMETRIC_REPRESENTATION_CONTEXT(2) 
PARAMETRIC_REPRESENTATION_CONTEXT() REPRESENTATION_CONTEXT('2D SPACE',''
  ) );
#8354 = PCURVE('',#4318,#8355);
#8355 = DEFINITIONAL_REPRESENTATION('',(#8356),#8366);
#8356 = B_SPLINE_CURVE_WITH_KNOTS('',8,(#8357,#8358,#8359,#8360,#8361,
    #8362,#8363,#8364,#8365),.UNSPECIFIED.,.F.,.F.,(9,9),(2.275848114437
    ,3.388433034703),.PIECEWISE_BEZIER_KNOTS.);
#8357 = CARTESIAN_POINT('',(1.205673308975,-41.27413896545));
#8358 = CARTESIAN_POINT('',(1.205673308975,-41.37956034835));
#8359 = CARTESIAN_POINT('',(1.179016993048,-41.49253523756));
#8360 = CARTESIAN_POINT('',(1.119276435822,-41.6023332297));
#8361 = CARTESIAN_POINT('',(1.028846999528,-41.69202343076));
#8362 = CARTESIAN_POINT('',(0.924476278565,-41.74937372185));
#8363 = CARTESIAN_POINT('',(0.826698776551,-41.7821640022));
#8364 = CARTESIAN_POINT('',(0.731235821952,-41.80105836304));
#8365 = CARTESIAN_POINT('',(0.632068823501,-41.80386832168));
#8366 = ( GEOMETRIC_REPRESENTATION_CONTEXT(2) 
PARAMETRIC_REPRESENTATION_CONTEXT() REPRESENTATION_CONTEXT('2D SPACE',''
  ) );
#8367 = ORIENTED_EDGE('',*,*,#4279,.F.);
#8368 = ORIENTED_EDGE('',*,*,#4140,.F.);
#8369 = ADVANCED_FACE('',(#8370),#4128,.T.);
#8370 = FACE_BOUND('',#8371,.T.);
#8371 = EDGE_LOOP('',(#8372,#8397,#8418,#8419));
#8372 = ORIENTED_EDGE('',*,*,#8373,.T.);
#8373 = EDGE_CURVE('',#8374,#8376,#8378,.T.);
#8374 = VERTEX_POINT('',#8375);
#8375 = CARTESIAN_POINT('',(10.75,23.3,-5.364032522475));
#8376 = VERTEX_POINT('',#8377);
#8377 = CARTESIAN_POINT('',(10.75,23.3,0.274032522475));
#8378 = SURFACE_CURVE('',#8379,(#8383,#8390),.PCURVE_S1.);
#8379 = LINE('',#8380,#8381);
#8380 = CARTESIAN_POINT('',(10.75,23.3,-7.55));
#8381 = VECTOR('',#8382,1.);
#8382 = DIRECTION('',(0.,0.,1.));
#8383 = PCURVE('',#4128,#8384);
#8384 = DEFINITIONAL_REPRESENTATION('',(#8385),#8389);
#8385 = LINE('',#8386,#8387);
#8386 = CARTESIAN_POINT('',(7.96,-40.75));
#8387 = VECTOR('',#8388,1.);
#8388 = DIRECTION('',(-1.,0.));
#8389 = ( GEOMETRIC_REPRESENTATION_CONTEXT(2) 
PARAMETRIC_REPRESENTATION_CONTEXT() REPRESENTATION_CONTEXT('2D SPACE',''
  ) );
#8390 = PCURVE('',#5375,#8391);
#8391 = DEFINITIONAL_REPRESENTATION('',(#8392),#8396);
#8392 = LINE('',#8393,#8394);
#8393 = CARTESIAN_POINT('',(0.,0.));
#8394 = VECTOR('',#8395,1.);
#8395 = DIRECTION('',(0.,1.));
#8396 = ( GEOMETRIC_REPRESENTATION_CONTEXT(2) 
PARAMETRIC_REPRESENTATION_CONTEXT() REPRESENTATION_CONTEXT('2D SPACE',''
  ) );
#8397 = ORIENTED_EDGE('',*,*,#8398,.T.);
#8398 = EDGE_CURVE('',#8376,#4113,#8399,.T.);
#8399 = SURFACE_CURVE('',#8400,(#8404,#8411),.PCURVE_S1.);
#8400 = LINE('',#8401,#8402);
#8401 = CARTESIAN_POINT('',(10.75,23.3,0.274032522475));
#8402 = VECTOR('',#8403,1.);
#8403 = DIRECTION('',(1.,0.,0.));
#8404 = PCURVE('',#4128,#8405);
#8405 = DEFINITIONAL_REPRESENTATION('',(#8406),#8410);
#8406 = LINE('',#8407,#8408);
#8407 = CARTESIAN_POINT('',(0.135967477525,-40.75));
#8408 = VECTOR('',#8409,1.);
#8409 = DIRECTION('',(0.,-1.));
#8410 = ( GEOMETRIC_REPRESENTATION_CONTEXT(2) 
PARAMETRIC_REPRESENTATION_CONTEXT() REPRESENTATION_CONTEXT('2D SPACE',''
  ) );
#8411 = PCURVE('',#8324,#8412);
#8412 = DEFINITIONAL_REPRESENTATION('',(#8413),#8417);
#8413 = LINE('',#8414,#8415);
#8414 = CARTESIAN_POINT('',(0.,0.));
#8415 = VECTOR('',#8416,1.);
#8416 = DIRECTION('',(0.,1.));
#8417 = ( GEOMETRIC_REPRESENTATION_CONTEXT(2) 
PARAMETRIC_REPRESENTATION_CONTEXT() REPRESENTATION_CONTEXT('2D SPACE',''
  ) );
#8418 = ORIENTED_EDGE('',*,*,#4112,.F.);
#8419 = ORIENTED_EDGE('',*,*,#8420,.F.);
#8420 = EDGE_CURVE('',#8374,#4050,#8421,.T.);
#8421 = SURFACE_CURVE('',#8422,(#8426,#8433),.PCURVE_S1.);
#8422 = LINE('',#8423,#8424);
#8423 = CARTESIAN_POINT('',(10.75,23.3,-5.364032522475));
#8424 = VECTOR('',#8425,1.);
#8425 = DIRECTION('',(1.,0.,0.));
#8426 = PCURVE('',#4128,#8427);
#8427 = DEFINITIONAL_REPRESENTATION('',(#8428),#8432);
#8428 = LINE('',#8429,#8430);
#8429 = CARTESIAN_POINT('',(5.774032522475,-40.75));
#8430 = VECTOR('',#8431,1.);
#8431 = DIRECTION('',(0.,-1.));
#8432 = ( GEOMETRIC_REPRESENTATION_CONTEXT(2) 
PARAMETRIC_REPRESENTATION_CONTEXT() REPRESENTATION_CONTEXT('2D SPACE',''
  ) );
#8433 = PCURVE('',#8227,#8434);
#8434 = DEFINITIONAL_REPRESENTATION('',(#8435),#8439);
#8435 = LINE('',#8436,#8437);
#8436 = CARTESIAN_POINT('',(1.107148717794,0.));
#8437 = VECTOR('',#8438,1.);
#8438 = DIRECTION('',(0.,1.));
#8439 = ( GEOMETRIC_REPRESENTATION_CONTEXT(2) 
PARAMETRIC_REPRESENTATION_CONTEXT() REPRESENTATION_CONTEXT('2D SPACE',''
  ) );
#8440 = ADVANCED_FACE('',(#8441),#4264,.T.);
#8441 = FACE_BOUND('',#8442,.T.);
#8442 = EDGE_LOOP('',(#8443,#8466,#8529,#8550,#8551,#8552));
#8443 = ORIENTED_EDGE('',*,*,#8444,.T.);
#8444 = EDGE_CURVE('',#5255,#8445,#8447,.T.);
#8445 = VERTEX_POINT('',#8446);
#8446 = CARTESIAN_POINT('',(10.22,22.64838699101,-5.825806504495));
#8447 = SURFACE_CURVE('',#8448,(#8452,#8459),.PCURVE_S1.);
#8448 = LINE('',#8449,#8450);
#8449 = CARTESIAN_POINT('',(10.22,22.3,-6.));
#8450 = VECTOR('',#8451,1.);
#8451 = DIRECTION('',(-0.,0.894427191,0.4472135955));
#8452 = PCURVE('',#4264,#8453);
#8453 = DEFINITIONAL_REPRESENTATION('',(#8454),#8458);
#8454 = LINE('',#8455,#8456);
#8455 = CARTESIAN_POINT('',(1.11803398875,-40.22));
#8456 = VECTOR('',#8457,1.);
#8457 = DIRECTION('',(-1.,0.));
#8458 = ( GEOMETRIC_REPRESENTATION_CONTEXT(2) 
PARAMETRIC_REPRESENTATION_CONTEXT() REPRESENTATION_CONTEXT('2D SPACE',''
  ) );
#8459 = PCURVE('',#5347,#8460);
#8460 = DEFINITIONAL_REPRESENTATION('',(#8461),#8465);
#8461 = LINE('',#8462,#8463);
#8462 = CARTESIAN_POINT('',(0.,0.));
#8463 = VECTOR('',#8464,1.);
#8464 = DIRECTION('',(0.,1.));
#8465 = ( GEOMETRIC_REPRESENTATION_CONTEXT(2) 
PARAMETRIC_REPRESENTATION_CONTEXT() REPRESENTATION_CONTEXT('2D SPACE',''
  ) );
#8466 = ORIENTED_EDGE('',*,*,#8467,.T.);
#8467 = EDGE_CURVE('',#8445,#8468,#8470,.T.);
#8468 = VERTEX_POINT('',#8469);
#8469 = CARTESIAN_POINT('',(10.75,23.17838699101,-5.560806504495));
#8470 = SURFACE_CURVE('',#8471,(#8481,#8494),.PCURVE_S1.);
#8471 = ( BOUNDED_CURVE() B_SPLINE_CURVE(8,(#8472,#8473,#8474,#8475,
    #8476,#8477,#8478,#8479,#8480),.UNSPECIFIED.,.F.,.F.) 
B_SPLINE_CURVE_WITH_KNOTS((9,9),(0.389763001135,1.528102351231),
.PIECEWISE_BEZIER_KNOTS.) CURVE() GEOMETRIC_REPRESENTATION_ITEM() 
RATIONAL_B_SPLINE_CURVE((1.,1.,1.,1.,1.,1.,1.,1.,1.)) 
REPRESENTATION_ITEM('') );
#8472 = CARTESIAN_POINT('',(10.219999535031,22.647982431064,
    -5.826008784468));
#8473 = CARTESIAN_POINT('',(10.219899613367,22.738274956216,
    -5.780862521892));
#8474 = CARTESIAN_POINT('',(10.236552453842,22.825703527071,
    -5.737148236464));
#8475 = CARTESIAN_POINT('',(10.267441656995,22.91590452464,
    -5.69204773768));
#8476 = CARTESIAN_POINT('',(10.323965099724,23.013079962888,
    -5.643460018556));
#8477 = CARTESIAN_POINT('',(10.414726840289,23.0977132273,-5.60114338635
    ));
#8478 = CARTESIAN_POINT('',(10.526956186885,23.153552991812,
    -5.573223504094));
#8479 = CARTESIAN_POINT('',(10.642420440502,23.17838699101,
    -5.560806504495));
#8480 = CARTESIAN_POINT('',(10.75,23.17838699101,-5.560806504495));
#8481 = PCURVE('',#4264,#8482);
#8482 = DEFINITIONAL_REPRESENTATION('',(#8483),#8493);
#8483 = B_SPLINE_CURVE_WITH_KNOTS('',8,(#8484,#8485,#8486,#8487,#8488,
    #8489,#8490,#8491,#8492),.UNSPECIFIED.,.F.,.F.,(9,9),(0.389763001135
    ,1.528102351231),.PIECEWISE_BEZIER_KNOTS.);
#8484 = CARTESIAN_POINT('',(0.728977803333,-40.21999953503));
#8485 = CARTESIAN_POINT('',(0.628027691283,-40.21989961336));
#8486 = CARTESIAN_POINT('',(0.530279577478,-40.23655245384));
#8487 = CARTESIAN_POINT('',(0.429431796378,-40.26744165699));
#8488 = CARTESIAN_POINT('',(0.320786353545,-40.32396509972));
#8489 = CARTESIAN_POINT('',(0.226163487353,-40.41472684028));
#8490 = CARTESIAN_POINT('',(0.163732732705,-40.52695618688));
#8491 = CARTESIAN_POINT('',(0.135967477525,-40.6424204405));
#8492 = CARTESIAN_POINT('',(0.135967477525,-40.75));
#8493 = ( GEOMETRIC_REPRESENTATION_CONTEXT(2) 
PARAMETRIC_REPRESENTATION_CONTEXT() REPRESENTATION_CONTEXT('2D SPACE',''
  ) );
#8494 = PCURVE('',#8495,#8523);
#8495 = ( BOUNDED_SURFACE() B_SPLINE_SURFACE(2,8,(
    (#8496,#8497,#8498,#8499,#8500,#8501,#8502,#8503,#8504)
    ,(#8505,#8506,#8507,#8508,#8509,#8510,#8511,#8512,#8513)
    ,(#8514,#8515,#8516,#8517,#8518,#8519,#8520,#8521,#8522
)),.UNSPECIFIED.,.F.,.F.,.F.) B_SPLINE_SURFACE_WITH_KNOTS((3,3),(9,9),(
    0.,1.138339350096),(0.389763001135,1.528102351231),
.PIECEWISE_BEZIER_KNOTS.) GEOMETRIC_REPRESENTATION_ITEM() 
RATIONAL_B_SPLINE_SURFACE((
    (1.,1.,1.,1.,1.,1.,1.,1.,1.)
    ,(0.707106781187,0.737063922972,0.764779788115,0.790872696687
      ,0.815571138552,0.8327768945,0.844946619707,0.850650808352
      ,0.850650808352)
,(1.,1.,1.,1.,1.,1.,1.,1.,1.))) REPRESENTATION_ITEM('') SURFACE() );
#8496 = CARTESIAN_POINT('',(10.219999535031,22.647982431064,
    -5.826008784468));
#8497 = CARTESIAN_POINT('',(10.219899613367,22.738274956216,
    -5.780862521892));
#8498 = CARTESIAN_POINT('',(10.236552453842,22.825703527071,
    -5.737148236464));
#8499 = CARTESIAN_POINT('',(10.267441656995,22.91590452464,
    -5.69204773768));
#8500 = CARTESIAN_POINT('',(10.323965099724,23.013079962888,
    -5.643460018556));
#8501 = CARTESIAN_POINT('',(10.414726840289,23.0977132273,-5.60114338635
    ));
#8502 = CARTESIAN_POINT('',(10.526956186885,23.153552991812,
    -5.573223504094));
#8503 = CARTESIAN_POINT('',(10.642420440502,23.17838699101,
    -5.560806504495));
#8504 = CARTESIAN_POINT('',(10.75,23.17838699101,-5.560806504495));
#8505 = CARTESIAN_POINT('',(10.,22.64838699101,-5.825806504495));
#8506 = CARTESIAN_POINT('',(10.01788327188,22.776679894593,
    -5.761660052704));
#8507 = CARTESIAN_POINT('',(10.06076740693,22.896717287438,
    -5.701641356281));
#8508 = CARTESIAN_POINT('',(10.124972764384,23.008349696588,
    -5.645825151706));
#8509 = CARTESIAN_POINT('',(10.211701132997,23.116537563572,
    -5.591731218214));
#8510 = CARTESIAN_POINT('',(10.332221004083,23.211878532698,
    -5.544060733651));
#8511 = CARTESIAN_POINT('',(10.47267631881,23.272225097186,
    -5.513887451407));
#8512 = CARTESIAN_POINT('',(10.615072134251,23.3,-5.5));
#8513 = CARTESIAN_POINT('',(10.75,23.3,-5.5));
#8514 = CARTESIAN_POINT('',(10.,22.55,-5.629032522475));
#8515 = CARTESIAN_POINT('',(10.,22.692098900019,-5.578824288516));
#8516 = CARTESIAN_POINT('',(10.030804889325,22.830488309595,
    -5.529931311534));
#8517 = CARTESIAN_POINT('',(10.089305266061,22.964133262208,
    -5.482948303609));
#8518 = CARTESIAN_POINT('',(10.179855623575,23.092172198929,
    -5.438711164512));
#8519 = CARTESIAN_POINT('',(10.304826528795,23.197293361981,
    -5.400458749843));
#8520 = CARTESIAN_POINT('',(10.451099507501,23.267027057795,
    -5.375737212155));
#8521 = CARTESIAN_POINT('',(10.602841599882,23.3,-5.364032522475));
#8522 = CARTESIAN_POINT('',(10.75,23.3,-5.364032522475));
#8523 = DEFINITIONAL_REPRESENTATION('',(#8524),#8528);
#8524 = LINE('',#8525,#8526);
#8525 = CARTESIAN_POINT('',(0.,0.));
#8526 = VECTOR('',#8527,1.);
#8527 = DIRECTION('',(0.,1.));
#8528 = ( GEOMETRIC_REPRESENTATION_CONTEXT(2) 
PARAMETRIC_REPRESENTATION_CONTEXT() REPRESENTATION_CONTEXT('2D SPACE',''
  ) );
#8529 = ORIENTED_EDGE('',*,*,#8530,.T.);
#8530 = EDGE_CURVE('',#8468,#8180,#8531,.T.);
#8531 = SURFACE_CURVE('',#8532,(#8536,#8543),.PCURVE_S1.);
#8532 = LINE('',#8533,#8534);
#8533 = CARTESIAN_POINT('',(10.75,23.17838699101,-5.560806504495));
#8534 = VECTOR('',#8535,1.);
#8535 = DIRECTION('',(1.,0.,0.));
#8536 = PCURVE('',#4264,#8537);
#8537 = DEFINITIONAL_REPRESENTATION('',(#8538),#8542);
#8538 = LINE('',#8539,#8540);
#8539 = CARTESIAN_POINT('',(0.135967477525,-40.75));
#8540 = VECTOR('',#8541,1.);
#8541 = DIRECTION('',(0.,-1.));
#8542 = ( GEOMETRIC_REPRESENTATION_CONTEXT(2) 
PARAMETRIC_REPRESENTATION_CONTEXT() REPRESENTATION_CONTEXT('2D SPACE',''
  ) );
#8543 = PCURVE('',#8227,#8544);
#8544 = DEFINITIONAL_REPRESENTATION('',(#8545),#8549);
#8545 = LINE('',#8546,#8547);
#8546 = CARTESIAN_POINT('',(0.,0.));
#8547 = VECTOR('',#8548,1.);
#8548 = DIRECTION('',(0.,1.));
#8549 = ( GEOMETRIC_REPRESENTATION_CONTEXT(2) 
PARAMETRIC_REPRESENTATION_CONTEXT() REPRESENTATION_CONTEXT('2D SPACE',''
  ) );
#8550 = ORIENTED_EDGE('',*,*,#8240,.T.);
#8551 = ORIENTED_EDGE('',*,*,#4250,.T.);
#8552 = ORIENTED_EDGE('',*,*,#5254,.F.);
#8553 = ADVANCED_FACE('',(#8554),#4318,.T.);
#8554 = FACE_BOUND('',#8555,.T.);
#8555 = EDGE_LOOP('',(#8556,#8581,#8607,#8608,#8609,#8632));
#8556 = ORIENTED_EDGE('',*,*,#8557,.F.);
#8557 = EDGE_CURVE('',#8558,#8560,#8562,.T.);
#8558 = VERTEX_POINT('',#8559);
#8559 = CARTESIAN_POINT('',(10.22,22.12821830984,0.99589084508));
#8560 = VERTEX_POINT('',#8561);
#8561 = CARTESIAN_POINT('',(10.22,22.64838699101,0.735806504495));
#8562 = SURFACE_CURVE('',#8563,(#8567,#8574),.PCURVE_S1.);
#8563 = LINE('',#8564,#8565);
#8564 = CARTESIAN_POINT('',(10.22,22.1,1.01));
#8565 = VECTOR('',#8566,1.);
#8566 = DIRECTION('',(-0.,0.894427191,-0.4472135955));
#8567 = PCURVE('',#4318,#8568);
#8568 = DEFINITIONAL_REPRESENTATION('',(#8569),#8573);
#8569 = LINE('',#8570,#8571);
#8570 = CARTESIAN_POINT('',(0.,-40.22));
#8571 = VECTOR('',#8572,1.);
#8572 = DIRECTION('',(1.,0.));
#8573 = ( GEOMETRIC_REPRESENTATION_CONTEXT(2) 
PARAMETRIC_REPRESENTATION_CONTEXT() REPRESENTATION_CONTEXT('2D SPACE',''
  ) );
#8574 = PCURVE('',#5403,#8575);
#8575 = DEFINITIONAL_REPRESENTATION('',(#8576),#8580);
#8576 = LINE('',#8577,#8578);
#8577 = CARTESIAN_POINT('',(1.570796326795,0.));
#8578 = VECTOR('',#8579,1.);
#8579 = DIRECTION('',(0.,1.));
#8580 = ( GEOMETRIC_REPRESENTATION_CONTEXT(2) 
PARAMETRIC_REPRESENTATION_CONTEXT() REPRESENTATION_CONTEXT('2D SPACE',''
  ) );
#8581 = ORIENTED_EDGE('',*,*,#8582,.T.);
#8582 = EDGE_CURVE('',#8558,#4303,#8583,.T.);
#8583 = SURFACE_CURVE('',#8584,(#8588,#8595),.PCURVE_S1.);
#8584 = LINE('',#8585,#8586);
#8585 = CARTESIAN_POINT('',(10.,22.12821830984,0.99589084508));
#8586 = VECTOR('',#8587,1.);
#8587 = DIRECTION('',(1.,0.,0.));
#8588 = PCURVE('',#4318,#8589);
#8589 = DEFINITIONAL_REPRESENTATION('',(#8590),#8594);
#8590 = LINE('',#8591,#8592);
#8591 = CARTESIAN_POINT('',(3.154902950621E-02,-40.));
#8592 = VECTOR('',#8593,1.);
#8593 = DIRECTION('',(0.,-1.));
#8594 = ( GEOMETRIC_REPRESENTATION_CONTEXT(2) 
PARAMETRIC_REPRESENTATION_CONTEXT() REPRESENTATION_CONTEXT('2D SPACE',''
  ) );
#8595 = PCURVE('',#8596,#8601);
#8596 = CYLINDRICAL_SURFACE('',#8597,0.22);
#8597 = AXIS2_PLACEMENT_3D('',#8598,#8599,#8600);
#8598 = CARTESIAN_POINT('',(10.,22.02983131883,0.79911686306));
#8599 = DIRECTION('',(1.,0.,0.));
#8600 = DIRECTION('',(-0.,0.177829554836,0.984061303693));
#8601 = DEFINITIONAL_REPRESENTATION('',(#8602),#8606);
#8602 = LINE('',#8603,#8604);
#8603 = CARTESIAN_POINT('',(-0.284867198812,0.));
#8604 = VECTOR('',#8605,1.);
#8605 = DIRECTION('',(-0.,1.));
#8606 = ( GEOMETRIC_REPRESENTATION_CONTEXT(2) 
PARAMETRIC_REPRESENTATION_CONTEXT() REPRESENTATION_CONTEXT('2D SPACE',''
  ) );
#8607 = ORIENTED_EDGE('',*,*,#4302,.F.);
#8608 = ORIENTED_EDGE('',*,*,#8335,.F.);
#8609 = ORIENTED_EDGE('',*,*,#8610,.F.);
#8610 = EDGE_CURVE('',#8611,#8277,#8613,.T.);
#8611 = VERTEX_POINT('',#8612);
#8612 = CARTESIAN_POINT('',(10.75,23.17838699101,0.470806504495));
#8613 = SURFACE_CURVE('',#8614,(#8618,#8625),.PCURVE_S1.);
#8614 = LINE('',#8615,#8616);
#8615 = CARTESIAN_POINT('',(10.75,23.17838699101,0.470806504495));
#8616 = VECTOR('',#8617,1.);
#8617 = DIRECTION('',(1.,0.,0.));
#8618 = PCURVE('',#4318,#8619);
#8619 = DEFINITIONAL_REPRESENTATION('',(#8620),#8624);
#8620 = LINE('',#8621,#8622);
#8621 = CARTESIAN_POINT('',(1.205673308975,-40.75));
#8622 = VECTOR('',#8623,1.);
#8623 = DIRECTION('',(0.,-1.));
#8624 = ( GEOMETRIC_REPRESENTATION_CONTEXT(2) 
PARAMETRIC_REPRESENTATION_CONTEXT() REPRESENTATION_CONTEXT('2D SPACE',''
  ) );
#8625 = PCURVE('',#8324,#8626);
#8626 = DEFINITIONAL_REPRESENTATION('',(#8627),#8631);
#8627 = LINE('',#8628,#8629);
#8628 = CARTESIAN_POINT('',(1.107148717794,0.));
#8629 = VECTOR('',#8630,1.);
#8630 = DIRECTION('',(0.,1.));
#8631 = ( GEOMETRIC_REPRESENTATION_CONTEXT(2) 
PARAMETRIC_REPRESENTATION_CONTEXT() REPRESENTATION_CONTEXT('2D SPACE',''
  ) );
#8632 = ORIENTED_EDGE('',*,*,#8633,.F.);
#8633 = EDGE_CURVE('',#8560,#8611,#8634,.T.);
#8634 = SURFACE_CURVE('',#8635,(#8645,#8658),.PCURVE_S1.);
#8635 = ( BOUNDED_CURVE() B_SPLINE_CURVE(8,(#8636,#8637,#8638,#8639,
    #8640,#8641,#8642,#8643,#8644),.UNSPECIFIED.,.F.,.F.) 
B_SPLINE_CURVE_WITH_KNOTS((9,9),(0.613369798885,1.751709148981),
.PIECEWISE_BEZIER_KNOTS.) CURVE() GEOMETRIC_REPRESENTATION_ITEM() 
RATIONAL_B_SPLINE_CURVE((1.,1.,1.,1.,1.,1.,1.,1.,1.)) 
REPRESENTATION_ITEM('') );
#8636 = CARTESIAN_POINT('',(10.219999535031,22.647982431064,
    0.736008784468));
#8637 = CARTESIAN_POINT('',(10.219899613367,22.738274956216,
    0.690862521892));
#8638 = CARTESIAN_POINT('',(10.236552453842,22.825703527071,
    0.647148236464));
#8639 = CARTESIAN_POINT('',(10.267441656995,22.91590452464,0.60204773768
    ));
#8640 = CARTESIAN_POINT('',(10.323965099724,23.013079962888,
    0.553460018556));
#8641 = CARTESIAN_POINT('',(10.414726840289,23.0977132273,0.51114338635)
  );
#8642 = CARTESIAN_POINT('',(10.526956186885,23.153552991812,
    0.483223504094));
#8643 = CARTESIAN_POINT('',(10.642420440502,23.17838699101,
    0.470806504495));
#8644 = CARTESIAN_POINT('',(10.75,23.17838699101,0.470806504495));
#8645 = PCURVE('',#4318,#8646);
#8646 = DEFINITIONAL_REPRESENTATION('',(#8647),#8657);
#8647 = B_SPLINE_CURVE_WITH_KNOTS('',8,(#8648,#8649,#8650,#8651,#8652,
    #8653,#8654,#8655,#8656),.UNSPECIFIED.,.F.,.F.,(9,9),(0.613369798885
    ,1.751709148981),.PIECEWISE_BEZIER_KNOTS.);
#8648 = CARTESIAN_POINT('',(0.612662983167,-40.21999953503));
#8649 = CARTESIAN_POINT('',(0.713613095217,-40.21989961336));
#8650 = CARTESIAN_POINT('',(0.811361209021,-40.23655245384));
#8651 = CARTESIAN_POINT('',(0.912208990122,-40.26744165699));
#8652 = CARTESIAN_POINT('',(1.020854432955,-40.32396509972));
#8653 = CARTESIAN_POINT('',(1.115477299147,-40.41472684028));
#8654 = CARTESIAN_POINT('',(1.177908053795,-40.52695618688));
#8655 = CARTESIAN_POINT('',(1.205673308975,-40.6424204405));
#8656 = CARTESIAN_POINT('',(1.205673308975,-40.75));
#8657 = ( GEOMETRIC_REPRESENTATION_CONTEXT(2) 
PARAMETRIC_REPRESENTATION_CONTEXT() REPRESENTATION_CONTEXT('2D SPACE',''
  ) );
#8658 = PCURVE('',#8659,#8687);
#8659 = ( BOUNDED_SURFACE() B_SPLINE_SURFACE(2,8,(
    (#8660,#8661,#8662,#8663,#8664,#8665,#8666,#8667,#8668)
    ,(#8669,#8670,#8671,#8672,#8673,#8674,#8675,#8676,#8677)
    ,(#8678,#8679,#8680,#8681,#8682,#8683,#8684,#8685,#8686
)),.UNSPECIFIED.,.F.,.F.,.F.) B_SPLINE_SURFACE_WITH_KNOTS((3,3),(9,9),(
    0.,1.138339350096),(0.613369798885,1.751709148981),
.PIECEWISE_BEZIER_KNOTS.) GEOMETRIC_REPRESENTATION_ITEM() 
RATIONAL_B_SPLINE_SURFACE((
    (1.,1.,1.,1.,1.,1.,1.,1.,1.)
    ,(0.707106781187,0.737063922972,0.764779788115,0.790872696687
      ,0.815571138552,0.8327768945,0.844946619707,0.850650808352
      ,0.850650808352)
,(1.,1.,1.,1.,1.,1.,1.,1.,1.))) REPRESENTATION_ITEM('') SURFACE() );
#8660 = CARTESIAN_POINT('',(10.,22.55,0.539032522475));
#8661 = CARTESIAN_POINT('',(10.,22.692098900019,0.488824288516));
#8662 = CARTESIAN_POINT('',(10.030804889325,22.830488309595,
    0.439931311534));
#8663 = CARTESIAN_POINT('',(10.089305266061,22.964133262208,
    0.392948303609));
#8664 = CARTESIAN_POINT('',(10.179855623575,23.092172198929,
    0.348711164512));
#8665 = CARTESIAN_POINT('',(10.304826528795,23.197293361981,
    0.310458749843));
#8666 = CARTESIAN_POINT('',(10.451099507501,23.267027057795,
    0.285737212155));
#8667 = CARTESIAN_POINT('',(10.602841599882,23.3,0.274032522475));
#8668 = CARTESIAN_POINT('',(10.75,23.3,0.274032522475));
#8669 = CARTESIAN_POINT('',(10.,22.64838699101,0.735806504495));
#8670 = CARTESIAN_POINT('',(10.01788327188,22.776679894593,
    0.671660052704));
#8671 = CARTESIAN_POINT('',(10.06076740693,22.896717287438,
    0.611641356281));
#8672 = CARTESIAN_POINT('',(10.124972764384,23.008349696588,
    0.555825151706));
#8673 = CARTESIAN_POINT('',(10.211701132997,23.116537563572,
    0.501731218214));
#8674 = CARTESIAN_POINT('',(10.332221004083,23.211878532698,
    0.454060733651));
#8675 = CARTESIAN_POINT('',(10.47267631881,23.272225097186,
    0.423887451407));
#8676 = CARTESIAN_POINT('',(10.615072134251,23.3,0.41));
#8677 = CARTESIAN_POINT('',(10.75,23.3,0.41));
#8678 = CARTESIAN_POINT('',(10.219999535031,22.647982431064,
    0.736008784468));
#8679 = CARTESIAN_POINT('',(10.219899613367,22.738274956216,
    0.690862521892));
#8680 = CARTESIAN_POINT('',(10.236552453842,22.825703527071,
    0.647148236464));
#8681 = CARTESIAN_POINT('',(10.267441656995,22.91590452464,0.60204773768
    ));
#8682 = CARTESIAN_POINT('',(10.323965099724,23.013079962888,
    0.553460018556));
#8683 = CARTESIAN_POINT('',(10.414726840289,23.0977132273,0.51114338635)
  );
#8684 = CARTESIAN_POINT('',(10.526956186885,23.153552991812,
    0.483223504094));
#8685 = CARTESIAN_POINT('',(10.642420440502,23.17838699101,
    0.470806504495));
#8686 = CARTESIAN_POINT('',(10.75,23.17838699101,0.470806504495));
#8687 = DEFINITIONAL_REPRESENTATION('',(#8688),#8692);
#8688 = LINE('',#8689,#8690);
#8689 = CARTESIAN_POINT('',(1.138339350096,0.));
#8690 = VECTOR('',#8691,1.);
#8691 = DIRECTION('',(0.,1.));
#8692 = ( GEOMETRIC_REPRESENTATION_CONTEXT(2) 
PARAMETRIC_REPRESENTATION_CONTEXT() REPRESENTATION_CONTEXT('2D SPACE',''
  ) );
#8693 = ADVANCED_FACE('',(#8694),#4345,.T.);
#8694 = FACE_BOUND('',#8695,.T.);
#8695 = EDGE_LOOP('',(#8696,#8716,#8717));
#8696 = ORIENTED_EDGE('',*,*,#8697,.F.);
#8697 = EDGE_CURVE('',#4389,#4303,#8698,.T.);
#8698 = SURFACE_CURVE('',#8699,(#8704,#8710),.PCURVE_S1.);
#8699 = CIRCLE('',#8700,0.22);
#8700 = AXIS2_PLACEMENT_3D('',#8701,#8702,#8703);
#8701 = CARTESIAN_POINT('',(11.821442763704,22.02983131883,0.79911686306
    ));
#8702 = DIRECTION('',(-1.,-5.139606033722E-14,2.569803016861E-14));
#8703 = DIRECTION('',(-5.51467434052E-14,0.984061303693,-0.177829554836)
  );
#8704 = PCURVE('',#4345,#8705);
#8705 = DEFINITIONAL_REPRESENTATION('',(#8706),#8709);
#8706 = B_SPLINE_CURVE_WITH_KNOTS('',1,(#8707,#8708),.UNSPECIFIED.,.F.,
  .F.,(2,2),(4.712388980385,4.997256179197),.PIECEWISE_BEZIER_KNOTS.);
#8707 = CARTESIAN_POINT('',(0.,-1.570796326795));
#8708 = CARTESIAN_POINT('',(0.,-1.285929127983));
#8709 = ( GEOMETRIC_REPRESENTATION_CONTEXT(2) 
PARAMETRIC_REPRESENTATION_CONTEXT() REPRESENTATION_CONTEXT('2D SPACE',''
  ) );
#8710 = PCURVE('',#8596,#8711);
#8711 = DEFINITIONAL_REPRESENTATION('',(#8712),#8715);
#8712 = B_SPLINE_CURVE_WITH_KNOTS('',1,(#8713,#8714),.UNSPECIFIED.,.F.,
  .F.,(2,2),(4.712388980385,4.997256179197),.PIECEWISE_BEZIER_KNOTS.);
#8713 = CARTESIAN_POINT('',(0.,1.821442763704));
#8714 = CARTESIAN_POINT('',(-0.284867198812,1.821442763704));
#8715 = ( GEOMETRIC_REPRESENTATION_CONTEXT(2) 
PARAMETRIC_REPRESENTATION_CONTEXT() REPRESENTATION_CONTEXT('2D SPACE',''
  ) );
#8716 = ORIENTED_EDGE('',*,*,#4418,.T.);
#8717 = ORIENTED_EDGE('',*,*,#4330,.F.);
#8718 = ADVANCED_FACE('',(#8719),#4406,.T.);
#8719 = FACE_BOUND('',#8720,.T.);
#8720 = EDGE_LOOP('',(#8721,#8746,#8778,#8810,#8835,#8836));
#8721 = ORIENTED_EDGE('',*,*,#8722,.F.);
#8722 = EDGE_CURVE('',#8723,#8725,#8727,.T.);
#8723 = VERTEX_POINT('',#8724);
#8724 = CARTESIAN_POINT('',(10.22,16.544491094517,2.013935092092));
#8725 = VERTEX_POINT('',#8726);
#8726 = CARTESIAN_POINT('',(10.22,22.068953820894,1.015610349873));
#8727 = SURFACE_CURVE('',#8728,(#8732,#8739),.PCURVE_S1.);
#8728 = LINE('',#8729,#8730);
#8729 = CARTESIAN_POINT('',(10.22,14.131424255502,2.45));
#8730 = VECTOR('',#8731,1.);
#8731 = DIRECTION('',(-0.,0.984061303693,-0.177829554836));
#8732 = PCURVE('',#4406,#8733);
#8733 = DEFINITIONAL_REPRESENTATION('',(#8734),#8738);
#8734 = LINE('',#8735,#8736);
#8735 = CARTESIAN_POINT('',(0.,-40.22));
#8736 = VECTOR('',#8737,1.);
#8737 = DIRECTION('',(1.,0.));
#8738 = ( GEOMETRIC_REPRESENTATION_CONTEXT(2) 
PARAMETRIC_REPRESENTATION_CONTEXT() REPRESENTATION_CONTEXT('2D SPACE',''
  ) );
#8739 = PCURVE('',#5431,#8740);
#8740 = DEFINITIONAL_REPRESENTATION('',(#8741),#8745);
#8741 = LINE('',#8742,#8743);
#8742 = CARTESIAN_POINT('',(-0.,0.));
#8743 = VECTOR('',#8744,1.);
#8744 = DIRECTION('',(-0.,1.));
#8745 = ( GEOMETRIC_REPRESENTATION_CONTEXT(2) 
PARAMETRIC_REPRESENTATION_CONTEXT() REPRESENTATION_CONTEXT('2D SPACE',''
  ) );
#8746 = ORIENTED_EDGE('',*,*,#8747,.F.);
#8747 = EDGE_CURVE('',#8748,#8723,#8750,.T.);
#8748 = VERTEX_POINT('',#8749);
#8749 = CARTESIAN_POINT('',(10.753648873824,16.186128302973,
    2.078694772664));
#8750 = SURFACE_CURVE('',#8751,(#8756,#8763),.PCURVE_S1.);
#8751 = ELLIPSE('',#8752,19.142122448778,18.823032469334);
#8752 = AXIS2_PLACEMENT_3D('',#8753,#8754,#8755);
#8753 = CARTESIAN_POINT('',(0.,0.725841199765,4.872520688668));
#8754 = DIRECTION('',(0.,0.177829554836,0.984061303693));
#8755 = DIRECTION('',(0.,0.984061303693,-0.177829554836));
#8756 = PCURVE('',#4406,#8757);
#8757 = DEFINITIONAL_REPRESENTATION('',(#8758),#8762);
#8758 = ELLIPSE('',#8759,19.142122448778,18.823032469334);
#8759 = AXIS2_PLACEMENT_2D('',#8760,#8761);
#8760 = CARTESIAN_POINT('',(-13.62271131424,-30.));
#8761 = DIRECTION('',(1.,0.));
#8762 = ( GEOMETRIC_REPRESENTATION_CONTEXT(2) 
PARAMETRIC_REPRESENTATION_CONTEXT() REPRESENTATION_CONTEXT('2D SPACE',''
  ) );
#8763 = PCURVE('',#8764,#8769);
#8764 = CONICAL_SURFACE('',#8765,19.470057014808,0.21008341004);
#8765 = AXIS2_PLACEMENT_3D('',#8766,#8767,#8768);
#8766 = CARTESIAN_POINT('',(0.,0.,1.903725980916));
#8767 = DIRECTION('',(-0.,-0.,-1.));
#8768 = DIRECTION('',(1.,0.,-0.));
#8769 = DEFINITIONAL_REPRESENTATION('',(#8770),#8777);
#8770 = B_SPLINE_CURVE_WITH_KNOTS('',5,(#8771,#8772,#8773,#8774,#8775,
    #8776),.UNSPECIFIED.,.F.,.F.,(6,6),(5.675093125672,5.709237099559),
  .PIECEWISE_BEZIER_KNOTS.);
#8771 = CARTESIAN_POINT('',(-0.984382373876,-0.174968791747));
#8772 = CARTESIAN_POINT('',(-0.990996910464,-0.161688599774));
#8773 = CARTESIAN_POINT('',(-0.997610242217,-0.148571261443));
#8774 = CARTESIAN_POINT('',(-1.004222389422,-0.135618066939));
#8775 = CARTESIAN_POINT('',(-1.010833372553,-0.122830274797));
#8776 = CARTESIAN_POINT('',(-1.017443212265,-0.110209111176));
#8777 = ( GEOMETRIC_REPRESENTATION_CONTEXT(2) 
PARAMETRIC_REPRESENTATION_CONTEXT() REPRESENTATION_CONTEXT('2D SPACE',''
  ) );
#8778 = ORIENTED_EDGE('',*,*,#8779,.F.);
#8779 = EDGE_CURVE('',#8780,#8748,#8782,.T.);
#8780 = VERTEX_POINT('',#8781);
#8781 = CARTESIAN_POINT('',(11.985292149451,15.230425806092,
    2.251399612228));
#8782 = SURFACE_CURVE('',#8783,(#8788,#8795),.PCURVE_S1.);
#8783 = ELLIPSE('',#8784,18.908398355119,18.579451334362);
#8784 = AXIS2_PLACEMENT_3D('',#8785,#8786,#8787);
#8785 = CARTESIAN_POINT('',(0.,1.012570047562,4.820705966179));
#8786 = DIRECTION('',(0.,0.177829554836,0.984061303693));
#8787 = DIRECTION('',(0.,0.984061303693,-0.177829554836));
#8788 = PCURVE('',#4406,#8789);
#8789 = DEFINITIONAL_REPRESENTATION('',(#8790),#8794);
#8790 = ELLIPSE('',#8791,18.908398355119,18.579451334362);
#8791 = AXIS2_PLACEMENT_2D('',#8792,#8793);
#8792 = CARTESIAN_POINT('',(-13.33133836144,-30.));
#8793 = DIRECTION('',(1.,0.));
#8794 = ( GEOMETRIC_REPRESENTATION_CONTEXT(2) 
PARAMETRIC_REPRESENTATION_CONTEXT() REPRESENTATION_CONTEXT('2D SPACE',''
  ) );
#8795 = PCURVE('',#8796,#8801);
#8796 = CONICAL_SURFACE('',#8797,19.432748481411,0.292501031711);
#8797 = AXIS2_PLACEMENT_3D('',#8798,#8799,#8800);
#8798 = CARTESIAN_POINT('',(0.,0.,2.078694772664));
#8799 = DIRECTION('',(-0.,-0.,-1.));
#8800 = DIRECTION('',(1.,0.,-0.));
#8801 = DEFINITIONAL_REPRESENTATION('',(#8802),#8809);
#8802 = B_SPLINE_CURVE_WITH_KNOTS('',5,(#8803,#8804,#8805,#8806,#8807,
    #8808),.UNSPECIFIED.,.F.,.F.,(6,6),(5.582053128352,5.665938010347),
  .PIECEWISE_BEZIER_KNOTS.);
#8803 = CARTESIAN_POINT('',(-0.904075327294,-0.172704839564));
#8804 = CARTESIAN_POINT('',(-0.920158666229,-0.136314331576));
#8805 = CARTESIAN_POINT('',(-0.936230637523,-0.100827792047));
#8806 = CARTESIAN_POINT('',(-0.952291639109,-6.626656017181E-02));
#8807 = CARTESIAN_POINT('',(-0.968342078967,-3.265091416747E-02));
#8808 = CARTESIAN_POINT('',(-0.984382373876,6.274059299888E-15));
#8809 = ( GEOMETRIC_REPRESENTATION_CONTEXT(2) 
PARAMETRIC_REPRESENTATION_CONTEXT() REPRESENTATION_CONTEXT('2D SPACE',''
  ) );
#8810 = ORIENTED_EDGE('',*,*,#8811,.F.);
#8811 = EDGE_CURVE('',#4391,#8780,#8812,.T.);
#8812 = SURFACE_CURVE('',#8813,(#8818,#8825),.PCURVE_S1.);
#8813 = ELLIPSE('',#8814,18.69259536951,18.348501811576);
#8814 = AXIS2_PLACEMENT_3D('',#8815,#8816,#8817);
#8815 = CARTESIAN_POINT('',(0.,1.302301531183,4.76834863787));
#8816 = DIRECTION('',(0.,0.177829554836,0.984061303693));
#8817 = DIRECTION('',(0.,0.984061303693,-0.177829554836));
#8818 = PCURVE('',#4406,#8819);
#8819 = DEFINITIONAL_REPRESENTATION('',(#8820),#8824);
#8820 = ELLIPSE('',#8821,18.69259536951,18.348501811576);
#8821 = AXIS2_PLACEMENT_2D('',#8822,#8823);
#8822 = CARTESIAN_POINT('',(-13.03691413956,-30.));
#8823 = DIRECTION('',(1.,0.));
#8824 = ( GEOMETRIC_REPRESENTATION_CONTEXT(2) 
PARAMETRIC_REPRESENTATION_CONTEXT() REPRESENTATION_CONTEXT('2D SPACE',''
  ) );
#8825 = PCURVE('',#4543,#8826);
#8826 = DEFINITIONAL_REPRESENTATION('',(#8827),#8834);
#8827 = B_SPLINE_CURVE_WITH_KNOTS('',5,(#8828,#8829,#8830,#8831,#8832,
    #8833),.UNSPECIFIED.,.F.,.F.,(6,6),(5.551582921731,5.571378702347),
  .PIECEWISE_BEZIER_KNOTS.);
#8828 = CARTESIAN_POINT('',(-0.885325681857,-4.347308838517E-02));
#8829 = CARTESIAN_POINT('',(-0.889077266046,-3.468097082619E-02));
#8830 = CARTESIAN_POINT('',(-0.89282801604,-2.593731768036E-02));
#8831 = CARTESIAN_POINT('',(-0.896577938464,-1.724241606381E-02));
#8832 = CARTESIAN_POINT('',(-0.900327039982,-8.596549927157E-03));
#8833 = CARTESIAN_POINT('',(-0.904075327294,6.596612856002E-15));
#8834 = ( GEOMETRIC_REPRESENTATION_CONTEXT(2) 
PARAMETRIC_REPRESENTATION_CONTEXT() REPRESENTATION_CONTEXT('2D SPACE',''
  ) );
#8835 = ORIENTED_EDGE('',*,*,#4388,.F.);
#8836 = ORIENTED_EDGE('',*,*,#8837,.F.);
#8837 = EDGE_CURVE('',#8725,#4389,#8838,.T.);
#8838 = SURFACE_CURVE('',#8839,(#8843,#8850),.PCURVE_S1.);
#8839 = LINE('',#8840,#8841);
#8840 = CARTESIAN_POINT('',(10.,22.068953820894,1.015610349873));
#8841 = VECTOR('',#8842,1.);
#8842 = DIRECTION('',(1.,0.,0.));
#8843 = PCURVE('',#4406,#8844);
#8844 = DEFINITIONAL_REPRESENTATION('',(#8845),#8849);
#8845 = LINE('',#8846,#8847);
#8846 = CARTESIAN_POINT('',(8.066092565168,-40.));
#8847 = VECTOR('',#8848,1.);
#8848 = DIRECTION('',(0.,-1.));
#8849 = ( GEOMETRIC_REPRESENTATION_CONTEXT(2) 
PARAMETRIC_REPRESENTATION_CONTEXT() REPRESENTATION_CONTEXT('2D SPACE',''
  ) );
#8850 = PCURVE('',#8596,#8851);
#8851 = DEFINITIONAL_REPRESENTATION('',(#8852),#8856);
#8852 = LINE('',#8853,#8854);
#8853 = CARTESIAN_POINT('',(-0.,0.));
#8854 = VECTOR('',#8855,1.);
#8855 = DIRECTION('',(-0.,1.));
#8856 = ( GEOMETRIC_REPRESENTATION_CONTEXT(2) 
PARAMETRIC_REPRESENTATION_CONTEXT() REPRESENTATION_CONTEXT('2D SPACE',''
  ) );
#8857 = ADVANCED_FACE('',(#8858),#4543,.T.);
#8858 = FACE_BOUND('',#8859,.T.);
#8859 = EDGE_LOOP('',(#8860,#8887,#8888,#8911,#8934,#8961,#8962,#8983,
    #8984,#8985,#9009,#9034,#9035,#9057,#9058,#9085));
#8860 = ORIENTED_EDGE('',*,*,#8861,.F.);
#8861 = EDGE_CURVE('',#5070,#8862,#8864,.T.);
#8862 = VERTEX_POINT('',#8863);
#8863 = CARTESIAN_POINT('',(11.985292149451,-15.23042580609,
    2.251399612228));
#8864 = SURFACE_CURVE('',#8865,(#8870,#8880),.PCURVE_S1.);
#8865 = ELLIPSE('',#8866,18.69259536951,18.348501811576);
#8866 = AXIS2_PLACEMENT_3D('',#8867,#8868,#8869);
#8867 = CARTESIAN_POINT('',(0.,-1.302301531183,4.76834863787));
#8868 = DIRECTION('',(0.,0.177829554836,-0.984061303693));
#8869 = DIRECTION('',(0.,-0.984061303693,-0.177829554836));
#8870 = PCURVE('',#4543,#8871);
#8871 = DEFINITIONAL_REPRESENTATION('',(#8872),#8879);
#8872 = B_SPLINE_CURVE_WITH_KNOTS('',5,(#8873,#8874,#8875,#8876,#8877,
    #8878),.UNSPECIFIED.,.F.,.F.,(6,6),(5.551582921731,5.571378702347),
  .PIECEWISE_BEZIER_KNOTS.);
#8873 = CARTESIAN_POINT('',(-5.397859625323,-4.347308838517E-02));
#8874 = CARTESIAN_POINT('',(-5.394108041134,-3.468097082619E-02));
#8875 = CARTESIAN_POINT('',(-5.39035729114,-2.593731768036E-02));
#8876 = CARTESIAN_POINT('',(-5.386607368716,-1.72424160638E-02));
#8877 = CARTESIAN_POINT('',(-5.382858267197,-8.596549927152E-03));
#8878 = CARTESIAN_POINT('',(-5.379109979886,1.280822908045E-14));
#8879 = ( GEOMETRIC_REPRESENTATION_CONTEXT(2) 
PARAMETRIC_REPRESENTATION_CONTEXT() REPRESENTATION_CONTEXT('2D SPACE',''
  ) );
#8880 = PCURVE('',#5087,#8881);
#8881 = DEFINITIONAL_REPRESENTATION('',(#8882),#8886);
#8882 = ELLIPSE('',#8883,18.69259536951,18.348501811576);
#8883 = AXIS2_PLACEMENT_2D('',#8884,#8885);
#8884 = CARTESIAN_POINT('',(-13.03691413956,-30.));
#8885 = DIRECTION('',(1.,0.));
#8886 = ( GEOMETRIC_REPRESENTATION_CONTEXT(2) 
PARAMETRIC_REPRESENTATION_CONTEXT() REPRESENTATION_CONTEXT('2D SPACE',''
  ) );
#8887 = ORIENTED_EDGE('',*,*,#5099,.T.);
#8888 = ORIENTED_EDGE('',*,*,#8889,.T.);
#8889 = EDGE_CURVE('',#5100,#8890,#8892,.T.);
#8890 = VERTEX_POINT('',#8891);
#8891 = CARTESIAN_POINT('',(19.380740392012,0.,2.251399612228));
#8892 = SURFACE_CURVE('',#8893,(#8898,#8905),.PCURVE_S1.);
#8893 = CIRCLE('',#8894,19.380740392012);
#8894 = AXIS2_PLACEMENT_3D('',#8895,#8896,#8897);
#8895 = CARTESIAN_POINT('',(0.,0.,2.251399612228));
#8896 = DIRECTION('',(0.,0.,1.));
#8897 = DIRECTION('',(1.,0.,-0.));
#8898 = PCURVE('',#4543,#8899);
#8899 = DEFINITIONAL_REPRESENTATION('',(#8900),#8904);
#8900 = LINE('',#8901,#8902);
#8901 = CARTESIAN_POINT('',(-0.,-0.));
#8902 = VECTOR('',#8903,1.);
#8903 = DIRECTION('',(-1.,-0.));
#8904 = ( GEOMETRIC_REPRESENTATION_CONTEXT(2) 
PARAMETRIC_REPRESENTATION_CONTEXT() REPRESENTATION_CONTEXT('2D SPACE',''
  ) );
#8905 = PCURVE('',#4502,#8906);
#8906 = DEFINITIONAL_REPRESENTATION('',(#8907),#8910);
#8907 = B_SPLINE_CURVE_WITH_KNOTS('',1,(#8908,#8909),.UNSPECIFIED.,.F.,
  .F.,(2,2),(5.38977414786,6.28318530718),.PIECEWISE_BEZIER_KNOTS.);
#8908 = CARTESIAN_POINT('',(-5.38977414786,-0.172704839564));
#8909 = CARTESIAN_POINT('',(-6.28318530718,-0.172704839564));
#8910 = ( GEOMETRIC_REPRESENTATION_CONTEXT(2) 
PARAMETRIC_REPRESENTATION_CONTEXT() REPRESENTATION_CONTEXT('2D SPACE',''
  ) );
#8911 = ORIENTED_EDGE('',*,*,#8912,.T.);
#8912 = EDGE_CURVE('',#8890,#8913,#8915,.T.);
#8913 = VERTEX_POINT('',#8914);
#8914 = CARTESIAN_POINT('',(19.314255453233,0.,2.421100950972));
#8915 = SEAM_CURVE('',#8916,(#8920,#8927),.PCURVE_S1.);
#8916 = LINE('',#8917,#8918);
#8917 = CARTESIAN_POINT('',(19.380740392012,0.,2.251399612228));
#8918 = VECTOR('',#8919,1.);
#8919 = DIRECTION('',(-0.364780285653,0.,0.931093627515));
#8920 = PCURVE('',#4543,#8921);
#8921 = DEFINITIONAL_REPRESENTATION('',(#8922),#8926);
#8922 = LINE('',#8923,#8924);
#8923 = CARTESIAN_POINT('',(-0.,-0.));
#8924 = VECTOR('',#8925,1.);
#8925 = DIRECTION('',(-0.,-1.));
#8926 = ( GEOMETRIC_REPRESENTATION_CONTEXT(2) 
PARAMETRIC_REPRESENTATION_CONTEXT() REPRESENTATION_CONTEXT('2D SPACE',''
  ) );
#8927 = PCURVE('',#4543,#8928);
#8928 = DEFINITIONAL_REPRESENTATION('',(#8929),#8933);
#8929 = LINE('',#8930,#8931);
#8930 = CARTESIAN_POINT('',(-6.28318530718,-0.));
#8931 = VECTOR('',#8932,1.);
#8932 = DIRECTION('',(-0.,-1.));
#8933 = ( GEOMETRIC_REPRESENTATION_CONTEXT(2) 
PARAMETRIC_REPRESENTATION_CONTEXT() REPRESENTATION_CONTEXT('2D SPACE',''
  ) );
#8934 = ORIENTED_EDGE('',*,*,#8935,.F.);
#8935 = EDGE_CURVE('',#8913,#8913,#8936,.T.);
#8936 = SURFACE_CURVE('',#8937,(#8942,#8949),.PCURVE_S1.);
#8937 = CIRCLE('',#8938,19.314255453233);
#8938 = AXIS2_PLACEMENT_3D('',#8939,#8940,#8941);
#8939 = CARTESIAN_POINT('',(0.,0.,2.421100950972));
#8940 = DIRECTION('',(0.,0.,1.));
#8941 = DIRECTION('',(1.,0.,-0.));
#8942 = PCURVE('',#4543,#8943);
#8943 = DEFINITIONAL_REPRESENTATION('',(#8944),#8948);
#8944 = LINE('',#8945,#8946);
#8945 = CARTESIAN_POINT('',(-0.,-0.169701338744));
#8946 = VECTOR('',#8947,1.);
#8947 = DIRECTION('',(-1.,-0.));
#8948 = ( GEOMETRIC_REPRESENTATION_CONTEXT(2) 
PARAMETRIC_REPRESENTATION_CONTEXT() REPRESENTATION_CONTEXT('2D SPACE',''
  ) );
#8949 = PCURVE('',#8950,#8955);
#8950 = CONICAL_SURFACE('',#8951,19.314255453233,0.452458655499);
#8951 = AXIS2_PLACEMENT_3D('',#8952,#8953,#8954);
#8952 = CARTESIAN_POINT('',(0.,0.,2.421100950972));
#8953 = DIRECTION('',(-0.,-0.,-1.));
#8954 = DIRECTION('',(1.,0.,-0.));
#8955 = DEFINITIONAL_REPRESENTATION('',(#8956),#8960);
#8956 = LINE('',#8957,#8958);
#8957 = CARTESIAN_POINT('',(-0.,-0.));
#8958 = VECTOR('',#8959,1.);
#8959 = DIRECTION('',(-1.,-0.));
#8960 = ( GEOMETRIC_REPRESENTATION_CONTEXT(2) 
PARAMETRIC_REPRESENTATION_CONTEXT() REPRESENTATION_CONTEXT('2D SPACE',''
  ) );
#8961 = ORIENTED_EDGE('',*,*,#8912,.F.);
#8962 = ORIENTED_EDGE('',*,*,#8963,.T.);
#8963 = EDGE_CURVE('',#8890,#4469,#8964,.T.);
#8964 = SURFACE_CURVE('',#8965,(#8970,#8977),.PCURVE_S1.);
#8965 = CIRCLE('',#8966,19.380740392012);
#8966 = AXIS2_PLACEMENT_3D('',#8967,#8968,#8969);
#8967 = CARTESIAN_POINT('',(0.,0.,2.251399612228));
#8968 = DIRECTION('',(0.,0.,1.));
#8969 = DIRECTION('',(1.,0.,-0.));
#8970 = PCURVE('',#4543,#8971);
#8971 = DEFINITIONAL_REPRESENTATION('',(#8972),#8976);
#8972 = LINE('',#8973,#8974);
#8973 = CARTESIAN_POINT('',(-0.,-0.));
#8974 = VECTOR('',#8975,1.);
#8975 = DIRECTION('',(-1.,-0.));
#8976 = ( GEOMETRIC_REPRESENTATION_CONTEXT(2) 
PARAMETRIC_REPRESENTATION_CONTEXT() REPRESENTATION_CONTEXT('2D SPACE',''
  ) );
#8977 = PCURVE('',#4502,#8978);
#8978 = DEFINITIONAL_REPRESENTATION('',(#8979),#8982);
#8979 = B_SPLINE_CURVE_WITH_KNOTS('',1,(#8980,#8981),.UNSPECIFIED.,.F.,
  .F.,(2,2),(0.,0.89341115932),.PIECEWISE_BEZIER_KNOTS.);
#8980 = CARTESIAN_POINT('',(-6.28318530718,-0.172704839564));
#8981 = CARTESIAN_POINT('',(-7.176596466499,-0.172704839564));
#8982 = ( GEOMETRIC_REPRESENTATION_CONTEXT(2) 
PARAMETRIC_REPRESENTATION_CONTEXT() REPRESENTATION_CONTEXT('2D SPACE',''
  ) );
#8983 = ORIENTED_EDGE('',*,*,#4523,.F.);
#8984 = ORIENTED_EDGE('',*,*,#8811,.T.);
#8985 = ORIENTED_EDGE('',*,*,#8986,.T.);
#8986 = EDGE_CURVE('',#8780,#8987,#8989,.T.);
#8987 = VERTEX_POINT('',#8988);
#8988 = CARTESIAN_POINT('',(-11.98529214945,15.230425806092,
    2.251399612228));
#8989 = SURFACE_CURVE('',#8990,(#8995,#9002),.PCURVE_S1.);
#8990 = CIRCLE('',#8991,19.380740392012);
#8991 = AXIS2_PLACEMENT_3D('',#8992,#8993,#8994);
#8992 = CARTESIAN_POINT('',(0.,0.,2.251399612228));
#8993 = DIRECTION('',(0.,0.,1.));
#8994 = DIRECTION('',(1.,0.,-0.));
#8995 = PCURVE('',#4543,#8996);
#8996 = DEFINITIONAL_REPRESENTATION('',(#8997),#9001);
#8997 = LINE('',#8998,#8999);
#8998 = CARTESIAN_POINT('',(-0.,-0.));
#8999 = VECTOR('',#9000,1.);
#9000 = DIRECTION('',(-1.,-0.));
#9001 = ( GEOMETRIC_REPRESENTATION_CONTEXT(2) 
PARAMETRIC_REPRESENTATION_CONTEXT() REPRESENTATION_CONTEXT('2D SPACE',''
  ) );
#9002 = PCURVE('',#8796,#9003);
#9003 = DEFINITIONAL_REPRESENTATION('',(#9004),#9008);
#9004 = LINE('',#9005,#9006);
#9005 = CARTESIAN_POINT('',(-0.,-0.172704839564));
#9006 = VECTOR('',#9007,1.);
#9007 = DIRECTION('',(-1.,-0.));
#9008 = ( GEOMETRIC_REPRESENTATION_CONTEXT(2) 
PARAMETRIC_REPRESENTATION_CONTEXT() REPRESENTATION_CONTEXT('2D SPACE',''
  ) );
#9009 = ORIENTED_EDGE('',*,*,#9010,.T.);
#9010 = EDGE_CURVE('',#8987,#6779,#9011,.T.);
#9011 = SURFACE_CURVE('',#9012,(#9017,#9027),.PCURVE_S1.);
#9012 = ELLIPSE('',#9013,18.69259536951,18.348501811576);
#9013 = AXIS2_PLACEMENT_3D('',#9014,#9015,#9016);
#9014 = CARTESIAN_POINT('',(0.,1.302301531183,4.76834863787));
#9015 = DIRECTION('',(0.,0.177829554836,0.984061303693));
#9016 = DIRECTION('',(0.,0.984061303693,-0.177829554836));
#9017 = PCURVE('',#4543,#9018);
#9018 = DEFINITIONAL_REPRESENTATION('',(#9019),#9026);
#9019 = B_SPLINE_CURVE_WITH_KNOTS('',5,(#9020,#9021,#9022,#9023,#9024,
    #9025),.UNSPECIFIED.,.F.,.F.,(6,6),(0.711806604833,0.731602385448),
  .PIECEWISE_BEZIER_KNOTS.);
#9020 = CARTESIAN_POINT('',(-2.237517326296,1.935317181684E-14));
#9021 = CARTESIAN_POINT('',(-2.241265613608,-8.596549927147E-03));
#9022 = CARTESIAN_POINT('',(-2.245014715126,-1.72424160638E-02));
#9023 = CARTESIAN_POINT('',(-2.24876463755,-2.593731768036E-02));
#9024 = CARTESIAN_POINT('',(-2.252515387544,-3.468097082619E-02));
#9025 = CARTESIAN_POINT('',(-2.256266971733,-4.347308838517E-02));
#9026 = ( GEOMETRIC_REPRESENTATION_CONTEXT(2) 
PARAMETRIC_REPRESENTATION_CONTEXT() REPRESENTATION_CONTEXT('2D SPACE',''
  ) );
#9027 = PCURVE('',#6794,#9028);
#9028 = DEFINITIONAL_REPRESENTATION('',(#9029),#9033);
#9029 = ELLIPSE('',#9030,18.69259536951,18.348501811576);
#9030 = AXIS2_PLACEMENT_2D('',#9031,#9032);
#9031 = CARTESIAN_POINT('',(-13.03691413956,-30.));
#9032 = DIRECTION('',(1.,0.));
#9033 = ( GEOMETRIC_REPRESENTATION_CONTEXT(2) 
PARAMETRIC_REPRESENTATION_CONTEXT() REPRESENTATION_CONTEXT('2D SPACE',''
  ) );
#9034 = ORIENTED_EDGE('',*,*,#6911,.T.);
#9035 = ORIENTED_EDGE('',*,*,#9036,.T.);
#9036 = EDGE_CURVE('',#6857,#7479,#9037,.T.);
#9037 = SURFACE_CURVE('',#9038,(#9043,#9050),.PCURVE_S1.);
#9038 = CIRCLE('',#9039,19.380740392012);
#9039 = AXIS2_PLACEMENT_3D('',#9040,#9041,#9042);
#9040 = CARTESIAN_POINT('',(0.,0.,2.251399612228));
#9041 = DIRECTION('',(0.,0.,1.));
#9042 = DIRECTION('',(1.,0.,-0.));
#9043 = PCURVE('',#4543,#9044);
#9044 = DEFINITIONAL_REPRESENTATION('',(#9045),#9049);
#9045 = LINE('',#9046,#9047);
#9046 = CARTESIAN_POINT('',(-0.,-0.));
#9047 = VECTOR('',#9048,1.);
#9048 = DIRECTION('',(-1.,-0.));
#9049 = ( GEOMETRIC_REPRESENTATION_CONTEXT(2) 
PARAMETRIC_REPRESENTATION_CONTEXT() REPRESENTATION_CONTEXT('2D SPACE',''
  ) );
#9050 = PCURVE('',#6890,#9051);
#9051 = DEFINITIONAL_REPRESENTATION('',(#9052),#9056);
#9052 = LINE('',#9053,#9054);
#9053 = CARTESIAN_POINT('',(-0.,-0.172704839564));
#9054 = VECTOR('',#9055,1.);
#9055 = DIRECTION('',(-1.,-0.));
#9056 = ( GEOMETRIC_REPRESENTATION_CONTEXT(2) 
PARAMETRIC_REPRESENTATION_CONTEXT() REPRESENTATION_CONTEXT('2D SPACE',''
  ) );
#9057 = ORIENTED_EDGE('',*,*,#7478,.F.);
#9058 = ORIENTED_EDGE('',*,*,#9059,.F.);
#9059 = EDGE_CURVE('',#9060,#7449,#9062,.T.);
#9060 = VERTEX_POINT('',#9061);
#9061 = CARTESIAN_POINT('',(-11.98529214945,-15.23042580609,
    2.251399612228));
#9062 = SURFACE_CURVE('',#9063,(#9068,#9078),.PCURVE_S1.);
#9063 = ELLIPSE('',#9064,18.69259536951,18.348501811576);
#9064 = AXIS2_PLACEMENT_3D('',#9065,#9066,#9067);
#9065 = CARTESIAN_POINT('',(0.,-1.302301531183,4.76834863787));
#9066 = DIRECTION('',(0.,0.177829554836,-0.984061303693));
#9067 = DIRECTION('',(0.,-0.984061303693,-0.177829554836));
#9068 = PCURVE('',#4543,#9069);
#9069 = DEFINITIONAL_REPRESENTATION('',(#9070),#9077);
#9070 = B_SPLINE_CURVE_WITH_KNOTS('',5,(#9071,#9072,#9073,#9074,#9075,
    #9076),.UNSPECIFIED.,.F.,.F.,(6,6),(0.711806604833,0.731602385448),
  .PIECEWISE_BEZIER_KNOTS.);
#9071 = CARTESIAN_POINT('',(-4.045667980883,2.556478804129E-14));
#9072 = CARTESIAN_POINT('',(-4.041919693572,-8.596549927142E-03));
#9073 = CARTESIAN_POINT('',(-4.038170592054,-1.72424160638E-02));
#9074 = CARTESIAN_POINT('',(-4.034420669629,-2.593731768036E-02));
#9075 = CARTESIAN_POINT('',(-4.030669919635,-3.468097082618E-02));
#9076 = CARTESIAN_POINT('',(-4.026918335446,-4.347308838517E-02));
#9077 = ( GEOMETRIC_REPRESENTATION_CONTEXT(2) 
PARAMETRIC_REPRESENTATION_CONTEXT() REPRESENTATION_CONTEXT('2D SPACE',''
  ) );
#9078 = PCURVE('',#7466,#9079);
#9079 = DEFINITIONAL_REPRESENTATION('',(#9080),#9084);
#9080 = ELLIPSE('',#9081,18.69259536951,18.348501811576);
#9081 = AXIS2_PLACEMENT_2D('',#9082,#9083);
#9082 = CARTESIAN_POINT('',(-13.03691413956,-30.));
#9083 = DIRECTION('',(1.,0.));
#9084 = ( GEOMETRIC_REPRESENTATION_CONTEXT(2) 
PARAMETRIC_REPRESENTATION_CONTEXT() REPRESENTATION_CONTEXT('2D SPACE',''
  ) );
#9085 = ORIENTED_EDGE('',*,*,#9086,.T.);
#9086 = EDGE_CURVE('',#9060,#8862,#9087,.T.);
#9087 = SURFACE_CURVE('',#9088,(#9093,#9100),.PCURVE_S1.);
#9088 = CIRCLE('',#9089,19.380740392012);
#9089 = AXIS2_PLACEMENT_3D('',#9090,#9091,#9092);
#9090 = CARTESIAN_POINT('',(0.,0.,2.251399612228));
#9091 = DIRECTION('',(0.,0.,1.));
#9092 = DIRECTION('',(1.,0.,-0.));
#9093 = PCURVE('',#4543,#9094);
#9094 = DEFINITIONAL_REPRESENTATION('',(#9095),#9099);
#9095 = LINE('',#9096,#9097);
#9096 = CARTESIAN_POINT('',(-0.,-0.));
#9097 = VECTOR('',#9098,1.);
#9098 = DIRECTION('',(-1.,-0.));
#9099 = ( GEOMETRIC_REPRESENTATION_CONTEXT(2) 
PARAMETRIC_REPRESENTATION_CONTEXT() REPRESENTATION_CONTEXT('2D SPACE',''
  ) );
#9100 = PCURVE('',#9101,#9106);
#9101 = CONICAL_SURFACE('',#9102,19.432748481411,0.292501031711);
#9102 = AXIS2_PLACEMENT_3D('',#9103,#9104,#9105);
#9103 = CARTESIAN_POINT('',(0.,0.,2.078694772664));
#9104 = DIRECTION('',(-0.,-0.,-1.));
#9105 = DIRECTION('',(1.,0.,-0.));
#9106 = DEFINITIONAL_REPRESENTATION('',(#9107),#9111);
#9107 = LINE('',#9108,#9109);
#9108 = CARTESIAN_POINT('',(-0.,-0.172704839564));
#9109 = VECTOR('',#9110,1.);
#9110 = DIRECTION('',(-1.,-0.));
#9111 = ( GEOMETRIC_REPRESENTATION_CONTEXT(2) 
PARAMETRIC_REPRESENTATION_CONTEXT() REPRESENTATION_CONTEXT('2D SPACE',''
  ) );
#9112 = ADVANCED_FACE('',(#9113),#4502,.T.);
#9113 = FACE_BOUND('',#9114,.T.);
#9114 = EDGE_LOOP('',(#9115,#9116,#9117,#9118,#9119));
#9115 = ORIENTED_EDGE('',*,*,#8963,.F.);
#9116 = ORIENTED_EDGE('',*,*,#8889,.F.);
#9117 = ORIENTED_EDGE('',*,*,#5131,.T.);
#9118 = ORIENTED_EDGE('',*,*,#4561,.F.);
#9119 = ORIENTED_EDGE('',*,*,#4468,.F.);
#9120 = ADVANCED_FACE('',(#9121),#4755,.F.);
#9121 = FACE_BOUND('',#9122,.F.);
#9122 = EDGE_LOOP('',(#9123,#9182,#9183,#9184));
#9123 = ORIENTED_EDGE('',*,*,#9124,.T.);
#9124 = EDGE_CURVE('',#9125,#4728,#9127,.T.);
#9125 = VERTEX_POINT('',#9126);
#9126 = CARTESIAN_POINT('',(11.274138965456,-23.17838699101,
    -5.560806504495));
#9127 = SURFACE_CURVE('',#9128,(#9133,#9171),.PCURVE_S1.);
#9128 = CIRCLE('',#9129,0.22);
#9129 = AXIS2_PLACEMENT_3D('',#9130,#9131,#9132);
#9130 = CARTESIAN_POINT('',(11.274138965456,-23.08,-5.364032522475));
#9131 = DIRECTION('',(-1.,-0.,0.));
#9132 = DIRECTION('',(0.,-0.4472135955,-0.894427191));
#9133 = PCURVE('',#4755,#9134);
#9134 = DEFINITIONAL_REPRESENTATION('',(#9135),#9170);
#9135 = B_SPLINE_CURVE_WITH_KNOTS('',9,(#9136,#9137,#9138,#9139,#9140,
    #9141,#9142,#9143,#9144,#9145,#9146,#9147,#9148,#9149,#9150,#9151,
    #9152,#9153,#9154,#9155,#9156,#9157,#9158,#9159,#9160,#9161,#9162,
    #9163,#9164,#9165,#9166,#9167,#9168,#9169),.UNSPECIFIED.,.F.,.F.,(10
    ,8,8,8,10),(0.,0.276787179449,0.553574358897,0.830361538346,
    1.107148717794),.UNSPECIFIED.);
#9136 = CARTESIAN_POINT('',(0.,2.052241316687));
#9137 = CARTESIAN_POINT('',(3.254190369676E-02,2.052241316687));
#9138 = CARTESIAN_POINT('',(6.476460608254E-02,2.052241316687));
#9139 = CARTESIAN_POINT('',(9.66952034175E-02,2.052241316687));
#9140 = CARTESIAN_POINT('',(0.128353398249,2.052241316687));
#9141 = CARTESIAN_POINT('',(0.15978664153,2.052241316687));
#9142 = CARTESIAN_POINT('',(0.190984423372,2.052241316687));
#9143 = CARTESIAN_POINT('',(0.222003438702,2.052241316687));
#9144 = CARTESIAN_POINT('',(0.252846641954,2.052241316687));
#9145 = CARTESIAN_POINT('',(0.3142381886,2.052241316687));
#9146 = CARTESIAN_POINT('',(0.344785978242,2.052241316687));
#9147 = CARTESIAN_POINT('',(0.375207152219,2.052241316687));
#9148 = CARTESIAN_POINT('',(0.40552787929,2.052241316687));
#9149 = CARTESIAN_POINT('',(0.435764033112,2.052241316687));
#9150 = CARTESIAN_POINT('',(0.465935575489,2.052241316687));
#9151 = CARTESIAN_POINT('',(0.496068241994,2.052241316687));
#9152 = CARTESIAN_POINT('',(0.526180340476,2.052241316687));
#9153 = CARTESIAN_POINT('',(0.58640457979,2.052241316687));
#9154 = CARTESIAN_POINT('',(0.616516678273,2.052241316687));
#9155 = CARTESIAN_POINT('',(0.646649344777,2.052241316687));
#9156 = CARTESIAN_POINT('',(0.676820887154,2.052241316687));
#9157 = CARTESIAN_POINT('',(0.707057040977,2.052241316687));
#9158 = CARTESIAN_POINT('',(0.737377768048,2.052241316687));
#9159 = CARTESIAN_POINT('',(0.767798942024,2.052241316687));
#9160 = CARTESIAN_POINT('',(0.798346731666,2.052241316687));
#9161 = CARTESIAN_POINT('',(0.859738278312,2.052241316687));
#9162 = CARTESIAN_POINT('',(0.890581481564,2.052241316687));
#9163 = CARTESIAN_POINT('',(0.921600496895,2.052241316687));
#9164 = CARTESIAN_POINT('',(0.952798278735,2.052241316687));
#9165 = CARTESIAN_POINT('',(0.984231522018,2.052241316687));
#9166 = CARTESIAN_POINT('',(1.015889716849,2.052241316687));
#9167 = CARTESIAN_POINT('',(1.047820314184,2.052241316687));
#9168 = CARTESIAN_POINT('',(1.080043016569,2.052241316687));
#9169 = CARTESIAN_POINT('',(1.112584920266,2.052241316687));
#9170 = ( GEOMETRIC_REPRESENTATION_CONTEXT(2) 
PARAMETRIC_REPRESENTATION_CONTEXT() REPRESENTATION_CONTEXT('2D SPACE',''
  ) );
#9171 = PCURVE('',#9172,#9177);
#9172 = CYLINDRICAL_SURFACE('',#9173,0.22);
#9173 = AXIS2_PLACEMENT_3D('',#9174,#9175,#9176);
#9174 = CARTESIAN_POINT('',(10.75,-23.08,-5.364032522475));
#9175 = DIRECTION('',(1.,0.,0.));
#9176 = DIRECTION('',(0.,-0.4472135955,-0.894427191));
#9177 = DEFINITIONAL_REPRESENTATION('',(#9178),#9181);
#9178 = B_SPLINE_CURVE_WITH_KNOTS('',1,(#9179,#9180),.UNSPECIFIED.,.F.,
  .F.,(2,2),(0.,1.107148717794),.PIECEWISE_BEZIER_KNOTS.);
#9179 = CARTESIAN_POINT('',(0.,0.524138965456));
#9180 = CARTESIAN_POINT('',(-1.107148717794,0.524138965456));
#9181 = ( GEOMETRIC_REPRESENTATION_CONTEXT(2) 
PARAMETRIC_REPRESENTATION_CONTEXT() REPRESENTATION_CONTEXT('2D SPACE',''
  ) );
#9182 = ORIENTED_EDGE('',*,*,#4727,.T.);
#9183 = ORIENTED_EDGE('',*,*,#4882,.F.);
#9184 = ORIENTED_EDGE('',*,*,#9185,.F.);
#9185 = EDGE_CURVE('',#9125,#4883,#9186,.T.);
#9186 = SURFACE_CURVE('',#9187,(#9197,#9204),.PCURVE_S1.);
#9187 = ( BOUNDED_CURVE() B_SPLINE_CURVE(8,(#9188,#9189,#9190,#9191,
    #9192,#9193,#9194,#9195,#9196),.UNSPECIFIED.,.F.,.F.) 
B_SPLINE_CURVE_WITH_KNOTS((9,9),(2.052241316687,3.164826236953),
.PIECEWISE_BEZIER_KNOTS.) CURVE() GEOMETRIC_REPRESENTATION_ITEM() 
RATIONAL_B_SPLINE_CURVE((1.,1.,1.,1.,1.,1.,1.,1.,1.)) 
REPRESENTATION_ITEM('') );
#9188 = CARTESIAN_POINT('',(11.274138965456,-23.17838699101,
    -5.560806504495));
#9189 = CARTESIAN_POINT('',(11.379560348351,-23.17838699101,
    -5.560806504495));
#9190 = CARTESIAN_POINT('',(11.492535237565,-23.15454485723,
    -5.572727571383));
#9191 = CARTESIAN_POINT('',(11.60233322971,-23.10111127844,
    -5.599444360778));
#9192 = CARTESIAN_POINT('',(11.692023430767,-23.02022873175,
    -5.639885634122));
#9193 = CARTESIAN_POINT('',(11.749373721851,-22.92687672098,
    -5.686561639509));
#9194 = CARTESIAN_POINT('',(11.782164002206,-22.83942186451,
    -5.730289067743));
#9195 = CARTESIAN_POINT('',(11.801058363048,-22.75403720218,
    -5.772981398907));
#9196 = CARTESIAN_POINT('',(11.803868321683,-22.66533954232,
    -5.817330228839));
#9197 = PCURVE('',#4755,#9198);
#9198 = DEFINITIONAL_REPRESENTATION('',(#9199),#9203);
#9199 = LINE('',#9200,#9201);
#9200 = CARTESIAN_POINT('',(0.,0.));
#9201 = VECTOR('',#9202,1.);
#9202 = DIRECTION('',(0.,1.));
#9203 = ( GEOMETRIC_REPRESENTATION_CONTEXT(2) 
PARAMETRIC_REPRESENTATION_CONTEXT() REPRESENTATION_CONTEXT('2D SPACE',''
  ) );
#9204 = PCURVE('',#4942,#9205);
#9205 = DEFINITIONAL_REPRESENTATION('',(#9206),#9216);
#9206 = B_SPLINE_CURVE_WITH_KNOTS('',8,(#9207,#9208,#9209,#9210,#9211,
    #9212,#9213,#9214,#9215),.UNSPECIFIED.,.F.,.F.,(9,9),(2.052241316687
    ,3.164826236953),.PIECEWISE_BEZIER_KNOTS.);
#9207 = CARTESIAN_POINT('',(0.135967477525,-41.27413896545));
#9208 = CARTESIAN_POINT('',(0.135967477525,-41.37956034835));
#9209 = CARTESIAN_POINT('',(0.162623793452,-41.49253523756));
#9210 = CARTESIAN_POINT('',(0.222364350678,-41.60233322971));
#9211 = CARTESIAN_POINT('',(0.312793786972,-41.69202343076));
#9212 = CARTESIAN_POINT('',(0.417164507935,-41.74937372185));
#9213 = CARTESIAN_POINT('',(0.514942009949,-41.7821640022));
#9214 = CARTESIAN_POINT('',(0.610404964548,-41.80105836304));
#9215 = CARTESIAN_POINT('',(0.709571962999,-41.80386832168));
#9216 = ( GEOMETRIC_REPRESENTATION_CONTEXT(2) 
PARAMETRIC_REPRESENTATION_CONTEXT() REPRESENTATION_CONTEXT('2D SPACE',''
  ) );
#9217 = ADVANCED_FACE('',(#9218),#4844,.F.);
#9218 = FACE_BOUND('',#9219,.F.);
#9219 = EDGE_LOOP('',(#9220,#9221,#9222,#9254));
#9220 = ORIENTED_EDGE('',*,*,#5042,.T.);
#9221 = ORIENTED_EDGE('',*,*,#4818,.T.);
#9222 = ORIENTED_EDGE('',*,*,#9223,.F.);
#9223 = EDGE_CURVE('',#9224,#4791,#9226,.T.);
#9224 = VERTEX_POINT('',#9225);
#9225 = CARTESIAN_POINT('',(11.274138965456,-23.17838699101,
    0.470806504495));
#9226 = SURFACE_CURVE('',#9227,(#9231,#9237),.PCURVE_S1.);
#9227 = ( BOUNDED_CURVE() B_SPLINE_CURVE(2,(#9228,#9229,#9230),
.UNSPECIFIED.,.F.,.F.) B_SPLINE_CURVE_WITH_KNOTS((3,3),(0.,
1.112584920266),.PIECEWISE_BEZIER_KNOTS.) CURVE() 
GEOMETRIC_REPRESENTATION_ITEM() RATIONAL_B_SPLINE_CURVE((1.,
0.850650808352,1.)) REPRESENTATION_ITEM('') );
#9228 = CARTESIAN_POINT('',(11.274138965456,-23.17838699101,
    0.470806504495));
#9229 = CARTESIAN_POINT('',(11.274138965456,-23.3,0.41));
#9230 = CARTESIAN_POINT('',(11.274138965456,-23.3,0.274032522475));
#9231 = PCURVE('',#4844,#9232);
#9232 = DEFINITIONAL_REPRESENTATION('',(#9233),#9236);
#9233 = B_SPLINE_CURVE_WITH_KNOTS('',1,(#9234,#9235),.UNSPECIFIED.,.F.,
  .F.,(2,2),(0.,1.112584920266),.PIECEWISE_BEZIER_KNOTS.);
#9234 = CARTESIAN_POINT('',(0.,1.751932391417));
#9235 = CARTESIAN_POINT('',(1.112584920266,1.751932391417));
#9236 = ( GEOMETRIC_REPRESENTATION_CONTEXT(2) 
PARAMETRIC_REPRESENTATION_CONTEXT() REPRESENTATION_CONTEXT('2D SPACE',''
  ) );
#9237 = PCURVE('',#9238,#9243);
#9238 = CYLINDRICAL_SURFACE('',#9239,0.22);
#9239 = AXIS2_PLACEMENT_3D('',#9240,#9241,#9242);
#9240 = CARTESIAN_POINT('',(11.274138965456,-23.08,0.274032522475));
#9241 = DIRECTION('',(-1.,-0.,-0.));
#9242 = DIRECTION('',(0.,-0.4472135955,0.894427191));
#9243 = DEFINITIONAL_REPRESENTATION('',(#9244),#9253);
#9244 = B_SPLINE_CURVE_WITH_KNOTS('',7,(#9245,#9246,#9247,#9248,#9249,
    #9250,#9251,#9252),.UNSPECIFIED.,.F.,.F.,(8,8),(0.,1.112584920266),
  .PIECEWISE_BEZIER_KNOTS.);
#9245 = CARTESIAN_POINT('',(0.,0.));
#9246 = CARTESIAN_POINT('',(-0.150208889177,0.));
#9247 = CARTESIAN_POINT('',(-0.307896460783,0.));
#9248 = CARTESIAN_POINT('',(-0.470957493901,0.));
#9249 = CARTESIAN_POINT('',(-0.636191223893,0.));
#9250 = CARTESIAN_POINT('',(-0.799252257011,0.));
#9251 = CARTESIAN_POINT('',(-0.956939828617,0.));
#9252 = CARTESIAN_POINT('',(-1.107148717794,0.));
#9253 = ( GEOMETRIC_REPRESENTATION_CONTEXT(2) 
PARAMETRIC_REPRESENTATION_CONTEXT() REPRESENTATION_CONTEXT('2D SPACE',''
  ) );
#9254 = ORIENTED_EDGE('',*,*,#9255,.F.);
#9255 = EDGE_CURVE('',#4960,#9224,#9256,.T.);
#9256 = SURFACE_CURVE('',#9257,(#9267,#9274),.PCURVE_S1.);
#9257 = ( BOUNDED_CURVE() B_SPLINE_CURVE(8,(#9258,#9259,#9260,#9261,
    #9262,#9263,#9264,#9265,#9266),.UNSPECIFIED.,.F.,.F.) 
B_SPLINE_CURVE_WITH_KNOTS((9,9),(0.639347471151,1.751932391417),
.PIECEWISE_BEZIER_KNOTS.) CURVE() GEOMETRIC_REPRESENTATION_ITEM() 
RATIONAL_B_SPLINE_CURVE((1.,1.,1.,1.,1.,1.,1.,1.,1.)) 
REPRESENTATION_ITEM('') );
#9258 = CARTESIAN_POINT('',(11.803868321683,-22.66533954232,
    0.727330228839));
#9259 = CARTESIAN_POINT('',(11.801058363048,-22.75403720218,
    0.682981398907));
#9260 = CARTESIAN_POINT('',(11.782164002206,-22.83942186451,
    0.640289067743));
#9261 = CARTESIAN_POINT('',(11.749373721851,-22.92687672098,
    0.596561639509));
#9262 = CARTESIAN_POINT('',(11.692023430767,-23.02022873175,
    0.549885634122));
#9263 = CARTESIAN_POINT('',(11.60233322971,-23.10111127844,
    0.509444360778));
#9264 = CARTESIAN_POINT('',(11.492535237565,-23.15454485723,
    0.482727571383));
#9265 = CARTESIAN_POINT('',(11.379560348351,-23.17838699101,
    0.470806504495));
#9266 = CARTESIAN_POINT('',(11.274138965456,-23.17838699101,
    0.470806504495));
#9267 = PCURVE('',#4844,#9268);
#9268 = DEFINITIONAL_REPRESENTATION('',(#9269),#9273);
#9269 = LINE('',#9270,#9271);
#9270 = CARTESIAN_POINT('',(0.,0.));
#9271 = VECTOR('',#9272,1.);
#9272 = DIRECTION('',(0.,1.));
#9273 = ( GEOMETRIC_REPRESENTATION_CONTEXT(2) 
PARAMETRIC_REPRESENTATION_CONTEXT() REPRESENTATION_CONTEXT('2D SPACE',''
  ) );
#9274 = PCURVE('',#4975,#9275);
#9275 = DEFINITIONAL_REPRESENTATION('',(#9276),#9286);
#9276 = B_SPLINE_CURVE_WITH_KNOTS('',8,(#9277,#9278,#9279,#9280,#9281,
    #9282,#9283,#9284,#9285),.UNSPECIFIED.,.F.,.F.,(9,9),(0.639347471151
    ,1.751932391417),.PIECEWISE_BEZIER_KNOTS.);
#9277 = CARTESIAN_POINT('',(0.632068823501,-41.80386832168));
#9278 = CARTESIAN_POINT('',(0.731235821952,-41.80105836304));
#9279 = CARTESIAN_POINT('',(0.826698776551,-41.7821640022));
#9280 = CARTESIAN_POINT('',(0.924476278565,-41.74937372185));
#9281 = CARTESIAN_POINT('',(1.028846999528,-41.69202343076));
#9282 = CARTESIAN_POINT('',(1.119276435822,-41.60233322971));
#9283 = CARTESIAN_POINT('',(1.179016993048,-41.49253523756));
#9284 = CARTESIAN_POINT('',(1.205673308975,-41.37956034835));
#9285 = CARTESIAN_POINT('',(1.205673308975,-41.27413896545));
#9286 = ( GEOMETRIC_REPRESENTATION_CONTEXT(2) 
PARAMETRIC_REPRESENTATION_CONTEXT() REPRESENTATION_CONTEXT('2D SPACE',''
  ) );
#9287 = ADVANCED_FACE('',(#9288),#4806,.F.);
#9288 = FACE_BOUND('',#9289,.F.);
#9289 = EDGE_LOOP('',(#9290,#9315,#9336,#9337));
#9290 = ORIENTED_EDGE('',*,*,#9291,.T.);
#9291 = EDGE_CURVE('',#9292,#9294,#9296,.T.);
#9292 = VERTEX_POINT('',#9293);
#9293 = CARTESIAN_POINT('',(10.75,-23.3,-5.364032522475));
#9294 = VERTEX_POINT('',#9295);
#9295 = CARTESIAN_POINT('',(10.75,-23.3,0.274032522475));
#9296 = SURFACE_CURVE('',#9297,(#9301,#9308),.PCURVE_S1.);
#9297 = LINE('',#9298,#9299);
#9298 = CARTESIAN_POINT('',(10.75,-23.3,-7.55));
#9299 = VECTOR('',#9300,1.);
#9300 = DIRECTION('',(0.,0.,1.));
#9301 = PCURVE('',#4806,#9302);
#9302 = DEFINITIONAL_REPRESENTATION('',(#9303),#9307);
#9303 = LINE('',#9304,#9305);
#9304 = CARTESIAN_POINT('',(7.96,-40.75));
#9305 = VECTOR('',#9306,1.);
#9306 = DIRECTION('',(-1.,0.));
#9307 = ( GEOMETRIC_REPRESENTATION_CONTEXT(2) 
PARAMETRIC_REPRESENTATION_CONTEXT() REPRESENTATION_CONTEXT('2D SPACE',''
  ) );
#9308 = PCURVE('',#5854,#9309);
#9309 = DEFINITIONAL_REPRESENTATION('',(#9310),#9314);
#9310 = LINE('',#9311,#9312);
#9311 = CARTESIAN_POINT('',(-0.,0.));
#9312 = VECTOR('',#9313,1.);
#9313 = DIRECTION('',(-0.,1.));
#9314 = ( GEOMETRIC_REPRESENTATION_CONTEXT(2) 
PARAMETRIC_REPRESENTATION_CONTEXT() REPRESENTATION_CONTEXT('2D SPACE',''
  ) );
#9315 = ORIENTED_EDGE('',*,*,#9316,.F.);
#9316 = EDGE_CURVE('',#4791,#9294,#9317,.T.);
#9317 = SURFACE_CURVE('',#9318,(#9322,#9329),.PCURVE_S1.);
#9318 = LINE('',#9319,#9320);
#9319 = CARTESIAN_POINT('',(11.274138965456,-23.3,0.274032522475));
#9320 = VECTOR('',#9321,1.);
#9321 = DIRECTION('',(-1.,-0.,-0.));
#9322 = PCURVE('',#4806,#9323);
#9323 = DEFINITIONAL_REPRESENTATION('',(#9324),#9328);
#9324 = LINE('',#9325,#9326);
#9325 = CARTESIAN_POINT('',(0.135967477525,-41.27413896545));
#9326 = VECTOR('',#9327,1.);
#9327 = DIRECTION('',(0.,1.));
#9328 = ( GEOMETRIC_REPRESENTATION_CONTEXT(2) 
PARAMETRIC_REPRESENTATION_CONTEXT() REPRESENTATION_CONTEXT('2D SPACE',''
  ) );
#9329 = PCURVE('',#9238,#9330);
#9330 = DEFINITIONAL_REPRESENTATION('',(#9331),#9335);
#9331 = LINE('',#9332,#9333);
#9332 = CARTESIAN_POINT('',(-1.107148717794,0.));
#9333 = VECTOR('',#9334,1.);
#9334 = DIRECTION('',(-0.,1.));
#9335 = ( GEOMETRIC_REPRESENTATION_CONTEXT(2) 
PARAMETRIC_REPRESENTATION_CONTEXT() REPRESENTATION_CONTEXT('2D SPACE',''
  ) );
#9336 = ORIENTED_EDGE('',*,*,#4790,.F.);
#9337 = ORIENTED_EDGE('',*,*,#9338,.F.);
#9338 = EDGE_CURVE('',#9292,#4728,#9339,.T.);
#9339 = SURFACE_CURVE('',#9340,(#9344,#9351),.PCURVE_S1.);
#9340 = LINE('',#9341,#9342);
#9341 = CARTESIAN_POINT('',(10.75,-23.3,-5.364032522475));
#9342 = VECTOR('',#9343,1.);
#9343 = DIRECTION('',(1.,0.,0.));
#9344 = PCURVE('',#4806,#9345);
#9345 = DEFINITIONAL_REPRESENTATION('',(#9346),#9350);
#9346 = LINE('',#9347,#9348);
#9347 = CARTESIAN_POINT('',(5.774032522475,-40.75));
#9348 = VECTOR('',#9349,1.);
#9349 = DIRECTION('',(0.,-1.));
#9350 = ( GEOMETRIC_REPRESENTATION_CONTEXT(2) 
PARAMETRIC_REPRESENTATION_CONTEXT() REPRESENTATION_CONTEXT('2D SPACE',''
  ) );
#9351 = PCURVE('',#9172,#9352);
#9352 = DEFINITIONAL_REPRESENTATION('',(#9353),#9357);
#9353 = LINE('',#9354,#9355);
#9354 = CARTESIAN_POINT('',(-1.107148717794,0.));
#9355 = VECTOR('',#9356,1.);
#9356 = DIRECTION('',(-0.,1.));
#9357 = ( GEOMETRIC_REPRESENTATION_CONTEXT(2) 
PARAMETRIC_REPRESENTATION_CONTEXT() REPRESENTATION_CONTEXT('2D SPACE',''
  ) );
#9358 = ADVANCED_FACE('',(#9359),#4942,.F.);
#9359 = FACE_BOUND('',#9360,.F.);
#9360 = EDGE_LOOP('',(#9361,#9384,#9447,#9468,#9469,#9470));
#9361 = ORIENTED_EDGE('',*,*,#9362,.T.);
#9362 = EDGE_CURVE('',#5532,#9363,#9365,.T.);
#9363 = VERTEX_POINT('',#9364);
#9364 = CARTESIAN_POINT('',(10.22,-22.64838699101,-5.825806504495));
#9365 = SURFACE_CURVE('',#9366,(#9370,#9377),.PCURVE_S1.);
#9366 = LINE('',#9367,#9368);
#9367 = CARTESIAN_POINT('',(10.22,-22.3,-6.));
#9368 = VECTOR('',#9369,1.);
#9369 = DIRECTION('',(0.,-0.894427191,0.4472135955));
#9370 = PCURVE('',#4942,#9371);
#9371 = DEFINITIONAL_REPRESENTATION('',(#9372),#9376);
#9372 = LINE('',#9373,#9374);
#9373 = CARTESIAN_POINT('',(1.11803398875,-40.22));
#9374 = VECTOR('',#9375,1.);
#9375 = DIRECTION('',(-1.,-0.));
#9376 = ( GEOMETRIC_REPRESENTATION_CONTEXT(2) 
PARAMETRIC_REPRESENTATION_CONTEXT() REPRESENTATION_CONTEXT('2D SPACE',''
  ) );
#9377 = PCURVE('',#5826,#9378);
#9378 = DEFINITIONAL_REPRESENTATION('',(#9379),#9383);
#9379 = LINE('',#9380,#9381);
#9380 = CARTESIAN_POINT('',(-0.,0.));
#9381 = VECTOR('',#9382,1.);
#9382 = DIRECTION('',(-0.,1.));
#9383 = ( GEOMETRIC_REPRESENTATION_CONTEXT(2) 
PARAMETRIC_REPRESENTATION_CONTEXT() REPRESENTATION_CONTEXT('2D SPACE',''
  ) );
#9384 = ORIENTED_EDGE('',*,*,#9385,.T.);
#9385 = EDGE_CURVE('',#9363,#9386,#9388,.T.);
#9386 = VERTEX_POINT('',#9387);
#9387 = CARTESIAN_POINT('',(10.75,-23.17838699101,-5.560806504495));
#9388 = SURFACE_CURVE('',#9389,(#9399,#9412),.PCURVE_S1.);
#9389 = ( BOUNDED_CURVE() B_SPLINE_CURVE(8,(#9390,#9391,#9392,#9393,
    #9394,#9395,#9396,#9397,#9398),.UNSPECIFIED.,.F.,.F.) 
B_SPLINE_CURVE_WITH_KNOTS((9,9),(0.389763001135,1.528102351231),
.PIECEWISE_BEZIER_KNOTS.) CURVE() GEOMETRIC_REPRESENTATION_ITEM() 
RATIONAL_B_SPLINE_CURVE((1.,1.,1.,1.,1.,1.,1.,1.,1.)) 
REPRESENTATION_ITEM('') );
#9390 = CARTESIAN_POINT('',(10.219999535031,-22.64798243106,
    -5.826008784468));
#9391 = CARTESIAN_POINT('',(10.219899613367,-22.73827495621,
    -5.780862521892));
#9392 = CARTESIAN_POINT('',(10.236552453842,-22.82570352707,
    -5.737148236464));
#9393 = CARTESIAN_POINT('',(10.267441656995,-22.91590452464,
    -5.69204773768));
#9394 = CARTESIAN_POINT('',(10.323965099724,-23.01307996288,
    -5.643460018556));
#9395 = CARTESIAN_POINT('',(10.414726840289,-23.0977132273,
    -5.60114338635));
#9396 = CARTESIAN_POINT('',(10.526956186885,-23.15355299181,
    -5.573223504094));
#9397 = CARTESIAN_POINT('',(10.642420440502,-23.17838699101,
    -5.560806504495));
#9398 = CARTESIAN_POINT('',(10.75,-23.17838699101,-5.560806504495));
#9399 = PCURVE('',#4942,#9400);
#9400 = DEFINITIONAL_REPRESENTATION('',(#9401),#9411);
#9401 = B_SPLINE_CURVE_WITH_KNOTS('',8,(#9402,#9403,#9404,#9405,#9406,
    #9407,#9408,#9409,#9410),.UNSPECIFIED.,.F.,.F.,(9,9),(0.389763001135
    ,1.528102351231),.PIECEWISE_BEZIER_KNOTS.);
#9402 = CARTESIAN_POINT('',(0.728977803333,-40.21999953503));
#9403 = CARTESIAN_POINT('',(0.628027691283,-40.21989961336));
#9404 = CARTESIAN_POINT('',(0.530279577478,-40.23655245384));
#9405 = CARTESIAN_POINT('',(0.429431796378,-40.26744165699));
#9406 = CARTESIAN_POINT('',(0.320786353545,-40.32396509972));
#9407 = CARTESIAN_POINT('',(0.226163487353,-40.41472684028));
#9408 = CARTESIAN_POINT('',(0.163732732705,-40.52695618688));
#9409 = CARTESIAN_POINT('',(0.135967477525,-40.6424204405));
#9410 = CARTESIAN_POINT('',(0.135967477525,-40.75));
#9411 = ( GEOMETRIC_REPRESENTATION_CONTEXT(2) 
PARAMETRIC_REPRESENTATION_CONTEXT() REPRESENTATION_CONTEXT('2D SPACE',''
  ) );
#9412 = PCURVE('',#9413,#9441);
#9413 = ( BOUNDED_SURFACE() B_SPLINE_SURFACE(2,8,(
    (#9414,#9415,#9416,#9417,#9418,#9419,#9420,#9421,#9422)
    ,(#9423,#9424,#9425,#9426,#9427,#9428,#9429,#9430,#9431)
    ,(#9432,#9433,#9434,#9435,#9436,#9437,#9438,#9439,#9440
)),.UNSPECIFIED.,.F.,.F.,.F.) B_SPLINE_SURFACE_WITH_KNOTS((3,3),(9,9),(
    0.,1.138339350096),(0.389763001135,1.528102351231),
.PIECEWISE_BEZIER_KNOTS.) GEOMETRIC_REPRESENTATION_ITEM() 
RATIONAL_B_SPLINE_SURFACE((
    (1.,1.,1.,1.,1.,1.,1.,1.,1.)
    ,(0.707106781187,0.737063922972,0.764779788115,0.790872696687
      ,0.815571138552,0.8327768945,0.844946619707,0.850650808352
      ,0.850650808352)
,(1.,1.,1.,1.,1.,1.,1.,1.,1.))) REPRESENTATION_ITEM('') SURFACE() );
#9414 = CARTESIAN_POINT('',(10.219999535031,-22.64798243106,
    -5.826008784468));
#9415 = CARTESIAN_POINT('',(10.219899613367,-22.73827495621,
    -5.780862521892));
#9416 = CARTESIAN_POINT('',(10.236552453842,-22.82570352707,
    -5.737148236464));
#9417 = CARTESIAN_POINT('',(10.267441656995,-22.91590452464,
    -5.69204773768));
#9418 = CARTESIAN_POINT('',(10.323965099724,-23.01307996288,
    -5.643460018556));
#9419 = CARTESIAN_POINT('',(10.414726840289,-23.0977132273,
    -5.60114338635));
#9420 = CARTESIAN_POINT('',(10.526956186885,-23.15355299181,
    -5.573223504094));
#9421 = CARTESIAN_POINT('',(10.642420440502,-23.17838699101,
    -5.560806504495));
#9422 = CARTESIAN_POINT('',(10.75,-23.17838699101,-5.560806504495));
#9423 = CARTESIAN_POINT('',(10.,-22.64838699101,-5.825806504495));
#9424 = CARTESIAN_POINT('',(10.01788327188,-22.77667989459,
    -5.761660052704));
#9425 = CARTESIAN_POINT('',(10.06076740693,-22.89671728743,
    -5.701641356281));
#9426 = CARTESIAN_POINT('',(10.124972764384,-23.00834969658,
    -5.645825151706));
#9427 = CARTESIAN_POINT('',(10.211701132997,-23.11653756357,
    -5.591731218214));
#9428 = CARTESIAN_POINT('',(10.332221004083,-23.21187853269,
    -5.544060733651));
#9429 = CARTESIAN_POINT('',(10.47267631881,-23.27222509718,
    -5.513887451407));
#9430 = CARTESIAN_POINT('',(10.615072134251,-23.3,-5.5));
#9431 = CARTESIAN_POINT('',(10.75,-23.3,-5.5));
#9432 = CARTESIAN_POINT('',(10.,-22.55,-5.629032522475));
#9433 = CARTESIAN_POINT('',(10.,-22.69209890001,-5.578824288516));
#9434 = CARTESIAN_POINT('',(10.030804889325,-22.83048830959,
    -5.529931311534));
#9435 = CARTESIAN_POINT('',(10.089305266061,-22.9641332622,
    -5.482948303609));
#9436 = CARTESIAN_POINT('',(10.179855623575,-23.09217219892,
    -5.438711164512));
#9437 = CARTESIAN_POINT('',(10.304826528795,-23.19729336198,
    -5.400458749843));
#9438 = CARTESIAN_POINT('',(10.451099507501,-23.26702705779,
    -5.375737212155));
#9439 = CARTESIAN_POINT('',(10.602841599882,-23.3,-5.364032522475));
#9440 = CARTESIAN_POINT('',(10.75,-23.3,-5.364032522475));
#9441 = DEFINITIONAL_REPRESENTATION('',(#9442),#9446);
#9442 = LINE('',#9443,#9444);
#9443 = CARTESIAN_POINT('',(0.,0.));
#9444 = VECTOR('',#9445,1.);
#9445 = DIRECTION('',(0.,1.));
#9446 = ( GEOMETRIC_REPRESENTATION_CONTEXT(2) 
PARAMETRIC_REPRESENTATION_CONTEXT() REPRESENTATION_CONTEXT('2D SPACE',''
  ) );
#9447 = ORIENTED_EDGE('',*,*,#9448,.T.);
#9448 = EDGE_CURVE('',#9386,#9125,#9449,.T.);
#9449 = SURFACE_CURVE('',#9450,(#9454,#9461),.PCURVE_S1.);
#9450 = LINE('',#9451,#9452);
#9451 = CARTESIAN_POINT('',(10.75,-23.17838699101,-5.560806504495));
#9452 = VECTOR('',#9453,1.);
#9453 = DIRECTION('',(1.,0.,0.));
#9454 = PCURVE('',#4942,#9455);
#9455 = DEFINITIONAL_REPRESENTATION('',(#9456),#9460);
#9456 = LINE('',#9457,#9458);
#9457 = CARTESIAN_POINT('',(0.135967477525,-40.75));
#9458 = VECTOR('',#9459,1.);
#9459 = DIRECTION('',(0.,-1.));
#9460 = ( GEOMETRIC_REPRESENTATION_CONTEXT(2) 
PARAMETRIC_REPRESENTATION_CONTEXT() REPRESENTATION_CONTEXT('2D SPACE',''
  ) );
#9461 = PCURVE('',#9172,#9462);
#9462 = DEFINITIONAL_REPRESENTATION('',(#9463),#9467);
#9463 = LINE('',#9464,#9465);
#9464 = CARTESIAN_POINT('',(-0.,0.));
#9465 = VECTOR('',#9466,1.);
#9466 = DIRECTION('',(-0.,1.));
#9467 = ( GEOMETRIC_REPRESENTATION_CONTEXT(2) 
PARAMETRIC_REPRESENTATION_CONTEXT() REPRESENTATION_CONTEXT('2D SPACE',''
  ) );
#9468 = ORIENTED_EDGE('',*,*,#9185,.T.);
#9469 = ORIENTED_EDGE('',*,*,#4928,.T.);
#9470 = ORIENTED_EDGE('',*,*,#5531,.F.);
#9471 = ADVANCED_FACE('',(#9472),#4975,.F.);
#9472 = FACE_BOUND('',#9473,.F.);
#9473 = EDGE_LOOP('',(#9474,#9475,#9476,#9499,#9562,#9585));
#9474 = ORIENTED_EDGE('',*,*,#4957,.T.);
#9475 = ORIENTED_EDGE('',*,*,#9255,.T.);
#9476 = ORIENTED_EDGE('',*,*,#9477,.T.);
#9477 = EDGE_CURVE('',#9224,#9478,#9480,.T.);
#9478 = VERTEX_POINT('',#9479);
#9479 = CARTESIAN_POINT('',(10.75,-23.17838699101,0.470806504495));
#9480 = SURFACE_CURVE('',#9481,(#9485,#9492),.PCURVE_S1.);
#9481 = LINE('',#9482,#9483);
#9482 = CARTESIAN_POINT('',(11.274138965456,-23.17838699101,
    0.470806504495));
#9483 = VECTOR('',#9484,1.);
#9484 = DIRECTION('',(-1.,-0.,-0.));
#9485 = PCURVE('',#4975,#9486);
#9486 = DEFINITIONAL_REPRESENTATION('',(#9487),#9491);
#9487 = LINE('',#9488,#9489);
#9488 = CARTESIAN_POINT('',(1.205673308975,-41.27413896545));
#9489 = VECTOR('',#9490,1.);
#9490 = DIRECTION('',(0.,1.));
#9491 = ( GEOMETRIC_REPRESENTATION_CONTEXT(2) 
PARAMETRIC_REPRESENTATION_CONTEXT() REPRESENTATION_CONTEXT('2D SPACE',''
  ) );
#9492 = PCURVE('',#9238,#9493);
#9493 = DEFINITIONAL_REPRESENTATION('',(#9494),#9498);
#9494 = LINE('',#9495,#9496);
#9495 = CARTESIAN_POINT('',(-0.,0.));
#9496 = VECTOR('',#9497,1.);
#9497 = DIRECTION('',(-0.,1.));
#9498 = ( GEOMETRIC_REPRESENTATION_CONTEXT(2) 
PARAMETRIC_REPRESENTATION_CONTEXT() REPRESENTATION_CONTEXT('2D SPACE',''
  ) );
#9499 = ORIENTED_EDGE('',*,*,#9500,.T.);
#9500 = EDGE_CURVE('',#9478,#9501,#9503,.T.);
#9501 = VERTEX_POINT('',#9502);
#9502 = CARTESIAN_POINT('',(10.219999535031,-22.64798243106,
    0.736008784468));
#9503 = SURFACE_CURVE('',#9504,(#9514,#9527),.PCURVE_S1.);
#9504 = ( BOUNDED_CURVE() B_SPLINE_CURVE(8,(#9505,#9506,#9507,#9508,
    #9509,#9510,#9511,#9512,#9513),.UNSPECIFIED.,.F.,.F.) 
B_SPLINE_CURVE_WITH_KNOTS((9,9),(2.276071356873,3.414410706969),
.PIECEWISE_BEZIER_KNOTS.) CURVE() GEOMETRIC_REPRESENTATION_ITEM() 
RATIONAL_B_SPLINE_CURVE((1.,1.,1.,1.,1.,1.,1.,1.,1.)) 
REPRESENTATION_ITEM('') );
#9505 = CARTESIAN_POINT('',(10.75,-23.17838699101,0.470806504495));
#9506 = CARTESIAN_POINT('',(10.642420440502,-23.17838699101,
    0.470806504495));
#9507 = CARTESIAN_POINT('',(10.526956186885,-23.15355299181,
    0.483223504094));
#9508 = CARTESIAN_POINT('',(10.414726840289,-23.0977132273,0.51114338635
    ));
#9509 = CARTESIAN_POINT('',(10.323965099724,-23.01307996288,
    0.553460018556));
#9510 = CARTESIAN_POINT('',(10.267441656995,-22.91590452464,
    0.60204773768));
#9511 = CARTESIAN_POINT('',(10.236552453842,-22.82570352707,
    0.647148236464));
#9512 = CARTESIAN_POINT('',(10.219899613367,-22.73827495621,
    0.690862521892));
#9513 = CARTESIAN_POINT('',(10.219999535031,-22.64798243106,
    0.736008784468));
#9514 = PCURVE('',#4975,#9515);
#9515 = DEFINITIONAL_REPRESENTATION('',(#9516),#9526);
#9516 = B_SPLINE_CURVE_WITH_KNOTS('',8,(#9517,#9518,#9519,#9520,#9521,
    #9522,#9523,#9524,#9525),.UNSPECIFIED.,.F.,.F.,(9,9),(2.276071356873
    ,3.414410706969),.PIECEWISE_BEZIER_KNOTS.);
#9517 = CARTESIAN_POINT('',(1.205673308975,-40.75));
#9518 = CARTESIAN_POINT('',(1.205673308975,-40.6424204405));
#9519 = CARTESIAN_POINT('',(1.177908053795,-40.52695618688));
#9520 = CARTESIAN_POINT('',(1.115477299147,-40.41472684028));
#9521 = CARTESIAN_POINT('',(1.020854432955,-40.32396509972));
#9522 = CARTESIAN_POINT('',(0.912208990122,-40.26744165699));
#9523 = CARTESIAN_POINT('',(0.811361209021,-40.23655245384));
#9524 = CARTESIAN_POINT('',(0.713613095217,-40.21989961336));
#9525 = CARTESIAN_POINT('',(0.612662983167,-40.21999953503));
#9526 = ( GEOMETRIC_REPRESENTATION_CONTEXT(2) 
PARAMETRIC_REPRESENTATION_CONTEXT() REPRESENTATION_CONTEXT('2D SPACE',''
  ) );
#9527 = PCURVE('',#9528,#9556);
#9528 = ( BOUNDED_SURFACE() B_SPLINE_SURFACE(2,8,(
    (#9529,#9530,#9531,#9532,#9533,#9534,#9535,#9536,#9537)
    ,(#9538,#9539,#9540,#9541,#9542,#9543,#9544,#9545,#9546)
    ,(#9547,#9548,#9549,#9550,#9551,#9552,#9553,#9554,#9555
)),.UNSPECIFIED.,.F.,.F.,.F.) B_SPLINE_SURFACE_WITH_KNOTS((3,3),(9,9),(
    0.,1.138339350096),(2.276071356873,3.414410706969),
.PIECEWISE_BEZIER_KNOTS.) GEOMETRIC_REPRESENTATION_ITEM() 
RATIONAL_B_SPLINE_SURFACE((
    (1.,1.,1.,1.,1.,1.,1.,1.,1.)
    ,(0.850650808352,0.850650808352,0.844946619707,0.8327768945
      ,0.815571138552,0.790872696687,0.764779788115,0.737063922972
      ,0.707106781187)
,(1.,1.,1.,1.,1.,1.,1.,1.,1.))) REPRESENTATION_ITEM('') SURFACE() );
#9529 = CARTESIAN_POINT('',(10.75,-23.17838699101,0.470806504495));
#9530 = CARTESIAN_POINT('',(10.642420440502,-23.17838699101,
    0.470806504495));
#9531 = CARTESIAN_POINT('',(10.526956186885,-23.15355299181,
    0.483223504094));
#9532 = CARTESIAN_POINT('',(10.414726840289,-23.0977132273,0.51114338635
    ));
#9533 = CARTESIAN_POINT('',(10.323965099724,-23.01307996288,
    0.553460018556));
#9534 = CARTESIAN_POINT('',(10.267441656995,-22.91590452464,
    0.60204773768));
#9535 = CARTESIAN_POINT('',(10.236552453842,-22.82570352707,
    0.647148236464));
#9536 = CARTESIAN_POINT('',(10.219899613367,-22.73827495621,
    0.690862521892));
#9537 = CARTESIAN_POINT('',(10.219999535031,-22.64798243106,
    0.736008784468));
#9538 = CARTESIAN_POINT('',(10.75,-23.3,0.41));
#9539 = CARTESIAN_POINT('',(10.615072134251,-23.3,0.41));
#9540 = CARTESIAN_POINT('',(10.47267631881,-23.27222509718,
    0.423887451407));
#9541 = CARTESIAN_POINT('',(10.332221004083,-23.21187853269,
    0.454060733651));
#9542 = CARTESIAN_POINT('',(10.211701132997,-23.11653756357,
    0.501731218214));
#9543 = CARTESIAN_POINT('',(10.124972764384,-23.00834969658,
    0.555825151706));
#9544 = CARTESIAN_POINT('',(10.06076740693,-22.89671728743,
    0.611641356281));
#9545 = CARTESIAN_POINT('',(10.01788327188,-22.77667989459,
    0.671660052704));
#9546 = CARTESIAN_POINT('',(10.,-22.64838699101,0.735806504495));
#9547 = CARTESIAN_POINT('',(10.75,-23.3,0.274032522475));
#9548 = CARTESIAN_POINT('',(10.602841599882,-23.3,0.274032522475));
#9549 = CARTESIAN_POINT('',(10.451099507501,-23.26702705779,
    0.285737212155));
#9550 = CARTESIAN_POINT('',(10.304826528795,-23.19729336198,
    0.310458749843));
#9551 = CARTESIAN_POINT('',(10.179855623575,-23.09217219892,
    0.348711164512));
#9552 = CARTESIAN_POINT('',(10.089305266061,-22.9641332622,
    0.392948303609));
#9553 = CARTESIAN_POINT('',(10.030804889325,-22.83048830959,
    0.439931311534));
#9554 = CARTESIAN_POINT('',(10.,-22.69209890001,0.488824288516));
#9555 = CARTESIAN_POINT('',(10.,-22.55,0.539032522475));
#9556 = DEFINITIONAL_REPRESENTATION('',(#9557),#9561);
#9557 = LINE('',#9558,#9559);
#9558 = CARTESIAN_POINT('',(0.,0.));
#9559 = VECTOR('',#9560,1.);
#9560 = DIRECTION('',(0.,1.));
#9561 = ( GEOMETRIC_REPRESENTATION_CONTEXT(2) 
PARAMETRIC_REPRESENTATION_CONTEXT() REPRESENTATION_CONTEXT('2D SPACE',''
  ) );
#9562 = ORIENTED_EDGE('',*,*,#9563,.T.);
#9563 = EDGE_CURVE('',#9501,#9564,#9566,.T.);
#9564 = VERTEX_POINT('',#9565);
#9565 = CARTESIAN_POINT('',(10.22,-22.12821830984,0.99589084508));
#9566 = SURFACE_CURVE('',#9567,(#9571,#9578),.PCURVE_S1.);
#9567 = LINE('',#9568,#9569);
#9568 = CARTESIAN_POINT('',(10.22,-22.55,0.785));
#9569 = VECTOR('',#9570,1.);
#9570 = DIRECTION('',(0.,0.894427191,0.4472135955));
#9571 = PCURVE('',#4975,#9572);
#9572 = DEFINITIONAL_REPRESENTATION('',(#9573),#9577);
#9573 = LINE('',#9574,#9575);
#9574 = CARTESIAN_POINT('',(0.503115294937,-40.22));
#9575 = VECTOR('',#9576,1.);
#9576 = DIRECTION('',(-1.,0.));
#9577 = ( GEOMETRIC_REPRESENTATION_CONTEXT(2) 
PARAMETRIC_REPRESENTATION_CONTEXT() REPRESENTATION_CONTEXT('2D SPACE',''
  ) );
#9578 = PCURVE('',#5882,#9579);
#9579 = DEFINITIONAL_REPRESENTATION('',(#9580),#9584);
#9580 = LINE('',#9581,#9582);
#9581 = CARTESIAN_POINT('',(-0.,0.));
#9582 = VECTOR('',#9583,1.);
#9583 = DIRECTION('',(-0.,1.));
#9584 = ( GEOMETRIC_REPRESENTATION_CONTEXT(2) 
PARAMETRIC_REPRESENTATION_CONTEXT() REPRESENTATION_CONTEXT('2D SPACE',''
  ) );
#9585 = ORIENTED_EDGE('',*,*,#9586,.T.);
#9586 = EDGE_CURVE('',#9564,#4958,#9587,.T.);
#9587 = SURFACE_CURVE('',#9588,(#9592,#9599),.PCURVE_S1.);
#9588 = LINE('',#9589,#9590);
#9589 = CARTESIAN_POINT('',(10.,-22.12821830984,0.99589084508));
#9590 = VECTOR('',#9591,1.);
#9591 = DIRECTION('',(1.,0.,0.));
#9592 = PCURVE('',#4975,#9593);
#9593 = DEFINITIONAL_REPRESENTATION('',(#9594),#9598);
#9594 = LINE('',#9595,#9596);
#9595 = CARTESIAN_POINT('',(3.154902950621E-02,-40.));
#9596 = VECTOR('',#9597,1.);
#9597 = DIRECTION('',(0.,-1.));
#9598 = ( GEOMETRIC_REPRESENTATION_CONTEXT(2) 
PARAMETRIC_REPRESENTATION_CONTEXT() REPRESENTATION_CONTEXT('2D SPACE',''
  ) );
#9599 = PCURVE('',#9600,#9605);
#9600 = CYLINDRICAL_SURFACE('',#9601,0.22);
#9601 = AXIS2_PLACEMENT_3D('',#9602,#9603,#9604);
#9602 = CARTESIAN_POINT('',(10.,-22.02983131883,0.79911686306));
#9603 = DIRECTION('',(1.,0.,0.));
#9604 = DIRECTION('',(0.,-0.177829554836,0.984061303693));
#9605 = DEFINITIONAL_REPRESENTATION('',(#9606),#9610);
#9606 = LINE('',#9607,#9608);
#9607 = CARTESIAN_POINT('',(0.284867198812,0.));
#9608 = VECTOR('',#9609,1.);
#9609 = DIRECTION('',(0.,1.));
#9610 = ( GEOMETRIC_REPRESENTATION_CONTEXT(2) 
PARAMETRIC_REPRESENTATION_CONTEXT() REPRESENTATION_CONTEXT('2D SPACE',''
  ) );
#9611 = ADVANCED_FACE('',(#9612),#5002,.T.);
#9612 = FACE_BOUND('',#9613,.F.);
#9613 = EDGE_LOOP('',(#9614,#9634,#9635));
#9614 = ORIENTED_EDGE('',*,*,#9615,.F.);
#9615 = EDGE_CURVE('',#5072,#4958,#9616,.T.);
#9616 = SURFACE_CURVE('',#9617,(#9622,#9628),.PCURVE_S1.);
#9617 = CIRCLE('',#9618,0.22);
#9618 = AXIS2_PLACEMENT_3D('',#9619,#9620,#9621);
#9619 = CARTESIAN_POINT('',(11.821442763704,-22.02983131883,
    0.79911686306));
#9620 = DIRECTION('',(1.,-5.397136233532E-14,-1.795828424676E-14));
#9621 = DIRECTION('',(-5.630464287503E-14,-0.984061303693,
    -0.177829554836));
#9622 = PCURVE('',#5002,#9623);
#9623 = DEFINITIONAL_REPRESENTATION('',(#9624),#9627);
#9624 = B_SPLINE_CURVE_WITH_KNOTS('',1,(#9625,#9626),.UNSPECIFIED.,.F.,
  .F.,(2,2),(4.712388980385,4.997256179197),.PIECEWISE_BEZIER_KNOTS.);
#9625 = CARTESIAN_POINT('',(0.,-1.570796326795));
#9626 = CARTESIAN_POINT('',(0.,-1.285929127983));
#9627 = ( GEOMETRIC_REPRESENTATION_CONTEXT(2) 
PARAMETRIC_REPRESENTATION_CONTEXT() REPRESENTATION_CONTEXT('2D SPACE',''
  ) );
#9628 = PCURVE('',#9600,#9629);
#9629 = DEFINITIONAL_REPRESENTATION('',(#9630),#9633);
#9630 = B_SPLINE_CURVE_WITH_KNOTS('',1,(#9631,#9632),.UNSPECIFIED.,.F.,
  .F.,(2,2),(4.712388980385,4.997256179197),.PIECEWISE_BEZIER_KNOTS.);
#9631 = CARTESIAN_POINT('',(0.,1.821442763704));
#9632 = CARTESIAN_POINT('',(0.284867198812,1.821442763704));
#9633 = ( GEOMETRIC_REPRESENTATION_CONTEXT(2) 
PARAMETRIC_REPRESENTATION_CONTEXT() REPRESENTATION_CONTEXT('2D SPACE',''
  ) );
#9634 = ORIENTED_EDGE('',*,*,#5181,.T.);
#9635 = ORIENTED_EDGE('',*,*,#4987,.F.);
#9636 = ADVANCED_FACE('',(#9637),#5087,.F.);
#9637 = FACE_BOUND('',#9638,.F.);
#9638 = EDGE_LOOP('',(#9639,#9664,#9696,#9721,#9722,#9723));
#9639 = ORIENTED_EDGE('',*,*,#9640,.T.);
#9640 = EDGE_CURVE('',#9641,#9643,#9645,.T.);
#9641 = VERTEX_POINT('',#9642);
#9642 = CARTESIAN_POINT('',(10.22,-22.06895382089,1.015610349873));
#9643 = VERTEX_POINT('',#9644);
#9644 = CARTESIAN_POINT('',(10.22,-16.54449109451,2.013935092092));
#9645 = SURFACE_CURVE('',#9646,(#9650,#9657),.PCURVE_S1.);
#9646 = LINE('',#9647,#9648);
#9647 = CARTESIAN_POINT('',(10.22,-22.1,1.01));
#9648 = VECTOR('',#9649,1.);
#9649 = DIRECTION('',(0.,0.984061303693,0.177829554836));
#9650 = PCURVE('',#5087,#9651);
#9651 = DEFINITIONAL_REPRESENTATION('',(#9652),#9656);
#9652 = LINE('',#9653,#9654);
#9653 = CARTESIAN_POINT('',(8.097641594674,-40.22));
#9654 = VECTOR('',#9655,1.);
#9655 = DIRECTION('',(-1.,0.));
#9656 = ( GEOMETRIC_REPRESENTATION_CONTEXT(2) 
PARAMETRIC_REPRESENTATION_CONTEXT() REPRESENTATION_CONTEXT('2D SPACE',''
  ) );
#9657 = PCURVE('',#5910,#9658);
#9658 = DEFINITIONAL_REPRESENTATION('',(#9659),#9663);
#9659 = LINE('',#9660,#9661);
#9660 = CARTESIAN_POINT('',(-0.,0.));
#9661 = VECTOR('',#9662,1.);
#9662 = DIRECTION('',(-0.,1.));
#9663 = ( GEOMETRIC_REPRESENTATION_CONTEXT(2) 
PARAMETRIC_REPRESENTATION_CONTEXT() REPRESENTATION_CONTEXT('2D SPACE',''
  ) );
#9664 = ORIENTED_EDGE('',*,*,#9665,.F.);
#9665 = EDGE_CURVE('',#9666,#9643,#9668,.T.);
#9666 = VERTEX_POINT('',#9667);
#9667 = CARTESIAN_POINT('',(10.753648873824,-16.18612830297,
    2.078694772664));
#9668 = SURFACE_CURVE('',#9669,(#9674,#9681),.PCURVE_S1.);
#9669 = ELLIPSE('',#9670,19.142122448778,18.823032469334);
#9670 = AXIS2_PLACEMENT_3D('',#9671,#9672,#9673);
#9671 = CARTESIAN_POINT('',(0.,-0.725841199765,4.872520688668));
#9672 = DIRECTION('',(0.,0.177829554836,-0.984061303693));
#9673 = DIRECTION('',(0.,-0.984061303693,-0.177829554836));
#9674 = PCURVE('',#5087,#9675);
#9675 = DEFINITIONAL_REPRESENTATION('',(#9676),#9680);
#9676 = ELLIPSE('',#9677,19.142122448778,18.823032469334);
#9677 = AXIS2_PLACEMENT_2D('',#9678,#9679);
#9678 = CARTESIAN_POINT('',(-13.62271131424,-30.));
#9679 = DIRECTION('',(1.,0.));
#9680 = ( GEOMETRIC_REPRESENTATION_CONTEXT(2) 
PARAMETRIC_REPRESENTATION_CONTEXT() REPRESENTATION_CONTEXT('2D SPACE',''
  ) );
#9681 = PCURVE('',#9682,#9687);
#9682 = CONICAL_SURFACE('',#9683,19.470057014808,0.21008341004);
#9683 = AXIS2_PLACEMENT_3D('',#9684,#9685,#9686);
#9684 = CARTESIAN_POINT('',(0.,0.,1.903725980916));
#9685 = DIRECTION('',(-0.,-0.,-1.));
#9686 = DIRECTION('',(1.,0.,-0.));
#9687 = DEFINITIONAL_REPRESENTATION('',(#9688),#9695);
#9688 = B_SPLINE_CURVE_WITH_KNOTS('',5,(#9689,#9690,#9691,#9692,#9693,
    #9694),.UNSPECIFIED.,.F.,.F.,(6,6),(5.675093125672,5.720914013117),
  .PIECEWISE_BEZIER_KNOTS.);
#9689 = CARTESIAN_POINT('',(-5.298802933303,-0.174968791747));
#9690 = CARTESIAN_POINT('',(-5.289926288263,-0.157146900726));
#9691 = CARTESIAN_POINT('',(-5.281051813054,-0.139618299085));
#9692 = CARTESIAN_POINT('',(-5.272179458651,-0.122386104996));
#9693 = CARTESIAN_POINT('',(-5.263309175411,-0.105453333982));
#9694 = CARTESIAN_POINT('',(-5.25444091312,-8.882289574391E-02));
#9695 = ( GEOMETRIC_REPRESENTATION_CONTEXT(2) 
PARAMETRIC_REPRESENTATION_CONTEXT() REPRESENTATION_CONTEXT('2D SPACE',''
  ) );
#9696 = ORIENTED_EDGE('',*,*,#9697,.F.);
#9697 = EDGE_CURVE('',#8862,#9666,#9698,.T.);
#9698 = SURFACE_CURVE('',#9699,(#9704,#9711),.PCURVE_S1.);
#9699 = ELLIPSE('',#9700,18.908398355119,18.579451334362);
#9700 = AXIS2_PLACEMENT_3D('',#9701,#9702,#9703);
#9701 = CARTESIAN_POINT('',(0.,-1.012570047562,4.820705966179));
#9702 = DIRECTION('',(0.,0.177829554836,-0.984061303693));
#9703 = DIRECTION('',(0.,-0.984061303693,-0.177829554836));
#9704 = PCURVE('',#5087,#9705);
#9705 = DEFINITIONAL_REPRESENTATION('',(#9706),#9710);
#9706 = ELLIPSE('',#9707,18.908398355119,18.579451334362);
#9707 = AXIS2_PLACEMENT_2D('',#9708,#9709);
#9708 = CARTESIAN_POINT('',(-13.33133836144,-30.));
#9709 = DIRECTION('',(1.,0.));
#9710 = ( GEOMETRIC_REPRESENTATION_CONTEXT(2) 
PARAMETRIC_REPRESENTATION_CONTEXT() REPRESENTATION_CONTEXT('2D SPACE',''
  ) );
#9711 = PCURVE('',#9101,#9712);
#9712 = DEFINITIONAL_REPRESENTATION('',(#9713),#9720);
#9713 = B_SPLINE_CURVE_WITH_KNOTS('',5,(#9714,#9715,#9716,#9717,#9718,
    #9719),.UNSPECIFIED.,.F.,.F.,(6,6),(5.582053128352,5.665938010347),
  .PIECEWISE_BEZIER_KNOTS.);
#9714 = CARTESIAN_POINT('',(-5.379109979886,-0.172704839564));
#9715 = CARTESIAN_POINT('',(-5.363026640951,-0.136314331576));
#9716 = CARTESIAN_POINT('',(-5.346954669657,-0.100827792047));
#9717 = CARTESIAN_POINT('',(-5.330893668071,-6.626656017181E-02));
#9718 = CARTESIAN_POINT('',(-5.314843228213,-3.265091416746E-02));
#9719 = CARTESIAN_POINT('',(-5.298802933303,1.214095297712E-14));
#9720 = ( GEOMETRIC_REPRESENTATION_CONTEXT(2) 
PARAMETRIC_REPRESENTATION_CONTEXT() REPRESENTATION_CONTEXT('2D SPACE',''
  ) );
#9721 = ORIENTED_EDGE('',*,*,#8861,.F.);
#9722 = ORIENTED_EDGE('',*,*,#5069,.T.);
#9723 = ORIENTED_EDGE('',*,*,#9724,.F.);
#9724 = EDGE_CURVE('',#9641,#5072,#9725,.T.);
#9725 = SURFACE_CURVE('',#9726,(#9730,#9737),.PCURVE_S1.);
#9726 = LINE('',#9727,#9728);
#9727 = CARTESIAN_POINT('',(10.,-22.06895382089,1.015610349873));
#9728 = VECTOR('',#9729,1.);
#9729 = DIRECTION('',(1.,0.,0.));
#9730 = PCURVE('',#5087,#9731);
#9731 = DEFINITIONAL_REPRESENTATION('',(#9732),#9736);
#9732 = LINE('',#9733,#9734);
#9733 = CARTESIAN_POINT('',(8.066092565168,-40.));
#9734 = VECTOR('',#9735,1.);
#9735 = DIRECTION('',(0.,-1.));
#9736 = ( GEOMETRIC_REPRESENTATION_CONTEXT(2) 
PARAMETRIC_REPRESENTATION_CONTEXT() REPRESENTATION_CONTEXT('2D SPACE',''
  ) );
#9737 = PCURVE('',#9600,#9738);
#9738 = DEFINITIONAL_REPRESENTATION('',(#9739),#9743);
#9739 = LINE('',#9740,#9741);
#9740 = CARTESIAN_POINT('',(0.,0.));
#9741 = VECTOR('',#9742,1.);
#9742 = DIRECTION('',(0.,1.));
#9743 = ( GEOMETRIC_REPRESENTATION_CONTEXT(2) 
PARAMETRIC_REPRESENTATION_CONTEXT() REPRESENTATION_CONTEXT('2D SPACE',''
  ) );
#9744 = ADVANCED_FACE('',(#9745),#5347,.T.);
#9745 = FACE_BOUND('',#9746,.T.);
#9746 = EDGE_LOOP('',(#9747,#9748,#9749,#9773));
#9747 = ORIENTED_EDGE('',*,*,#5506,.F.);
#9748 = ORIENTED_EDGE('',*,*,#5331,.T.);
#9749 = ORIENTED_EDGE('',*,*,#9750,.F.);
#9750 = EDGE_CURVE('',#8445,#5332,#9751,.T.);
#9751 = SURFACE_CURVE('',#9752,(#9757,#9763),.PCURVE_S1.);
#9752 = CIRCLE('',#9753,0.22);
#9753 = AXIS2_PLACEMENT_3D('',#9754,#9755,#9756);
#9754 = CARTESIAN_POINT('',(10.22,22.55,-5.629032522475));
#9755 = DIRECTION('',(0.,0.894427191,0.4472135955));
#9756 = DIRECTION('',(0.,0.4472135955,-0.894427191));
#9757 = PCURVE('',#5347,#9758);
#9758 = DEFINITIONAL_REPRESENTATION('',(#9759),#9762);
#9759 = B_SPLINE_CURVE_WITH_KNOTS('',1,(#9760,#9761),.UNSPECIFIED.,.F.,
  .F.,(2,2),(0.,1.570796326795),.PIECEWISE_BEZIER_KNOTS.);
#9760 = CARTESIAN_POINT('',(0.,0.389508497187));
#9761 = CARTESIAN_POINT('',(1.570796326795,0.389508497187));
#9762 = ( GEOMETRIC_REPRESENTATION_CONTEXT(2) 
PARAMETRIC_REPRESENTATION_CONTEXT() REPRESENTATION_CONTEXT('2D SPACE',''
  ) );
#9763 = PCURVE('',#8495,#9764);
#9764 = DEFINITIONAL_REPRESENTATION('',(#9765),#9772);
#9765 = B_SPLINE_CURVE_WITH_KNOTS('',5,(#9766,#9767,#9768,#9769,#9770,
    #9771),.UNSPECIFIED.,.F.,.F.,(6,6),(0.,1.570796326795),
  .PIECEWISE_BEZIER_KNOTS.);
#9766 = CARTESIAN_POINT('',(0.,0.389763001135));
#9767 = CARTESIAN_POINT('',(0.252875423819,0.389763001135));
#9768 = CARTESIAN_POINT('',(0.464775841999,0.389763001135));
#9769 = CARTESIAN_POINT('',(0.673561884666,0.389763001135));
#9770 = CARTESIAN_POINT('',(0.885463926277,0.389763001135));
#9771 = CARTESIAN_POINT('',(1.138339350096,0.389763001135));
#9772 = ( GEOMETRIC_REPRESENTATION_CONTEXT(2) 
PARAMETRIC_REPRESENTATION_CONTEXT() REPRESENTATION_CONTEXT('2D SPACE',''
  ) );
#9773 = ORIENTED_EDGE('',*,*,#8444,.F.);
#9774 = ADVANCED_FACE('',(#9775),#5460,.T.);
#9775 = FACE_BOUND('',#9776,.T.);
#9776 = EDGE_LOOP('',(#9777,#9803,#9845,#9846,#9847,#9848));
#9777 = ORIENTED_EDGE('',*,*,#9778,.F.);
#9778 = EDGE_CURVE('',#9779,#9781,#9783,.T.);
#9779 = VERTEX_POINT('',#9780);
#9780 = CARTESIAN_POINT('',(10.046496355831,16.677860508235,
    1.903725980916));
#9781 = VERTEX_POINT('',#9782);
#9782 = CARTESIAN_POINT('',(-10.04649635583,16.677860508235,
    1.903725980916));
#9783 = SURFACE_CURVE('',#9784,(#9789,#9796),.PCURVE_S1.);
#9784 = CIRCLE('',#9785,19.470057014808);
#9785 = AXIS2_PLACEMENT_3D('',#9786,#9787,#9788);
#9786 = CARTESIAN_POINT('',(0.,0.,1.903725980916));
#9787 = DIRECTION('',(0.,-0.,1.));
#9788 = DIRECTION('',(0.515997274594,0.856590224443,0.));
#9789 = PCURVE('',#5460,#9790);
#9790 = DEFINITIONAL_REPRESENTATION('',(#9791),#9795);
#9791 = LINE('',#9792,#9793);
#9792 = CARTESIAN_POINT('',(-1.028624847593,-0.176483500703));
#9793 = VECTOR('',#9794,1.);
#9794 = DIRECTION('',(-1.,-0.));
#9795 = ( GEOMETRIC_REPRESENTATION_CONTEXT(2) 
PARAMETRIC_REPRESENTATION_CONTEXT() REPRESENTATION_CONTEXT('2D SPACE',''
  ) );
#9796 = PCURVE('',#8764,#9797);
#9797 = DEFINITIONAL_REPRESENTATION('',(#9798),#9802);
#9798 = LINE('',#9799,#9800);
#9799 = CARTESIAN_POINT('',(-1.028624847593,-0.));
#9800 = VECTOR('',#9801,1.);
#9801 = DIRECTION('',(-1.,-0.));
#9802 = ( GEOMETRIC_REPRESENTATION_CONTEXT(2) 
PARAMETRIC_REPRESENTATION_CONTEXT() REPRESENTATION_CONTEXT('2D SPACE',''
  ) );
#9803 = ORIENTED_EDGE('',*,*,#9804,.T.);
#9804 = EDGE_CURVE('',#9779,#5416,#9805,.T.);
#9805 = SURFACE_CURVE('',#9806,(#9817,#9831),.PCURVE_S1.);
#9806 = B_SPLINE_CURVE_WITH_KNOTS('',5,(#9807,#9808,#9809,#9810,#9811,
    #9812,#9813,#9814,#9815,#9816),.UNSPECIFIED.,.F.,.F.,(6,4,6),(0.,
    0.167575088746,1.),.UNSPECIFIED.);
#9807 = CARTESIAN_POINT('',(10.046496355831,16.677860508235,
    1.903725980916));
#9808 = CARTESIAN_POINT('',(10.043500234079,16.680311032037,
    1.899377778238));
#9809 = CARTESIAN_POINT('',(10.040610914808,16.682707099944,
    1.894955632545));
#9810 = CARTESIAN_POINT('',(10.037831255769,16.685046498518,
    1.890463787667));
#9811 = CARTESIAN_POINT('',(10.035163929692,16.687327107811,
    1.885906593562));
#9812 = CARTESIAN_POINT('',(10.019931919801,16.700573668289,
    1.858348277549));
#9813 = CARTESIAN_POINT('',(10.010086106389,16.710099383574,
    1.833906160265));
#9814 = CARTESIAN_POINT('',(10.003376977258,16.717877293887,
    1.808505671199));
#9815 = CARTESIAN_POINT('',(10.,16.723712143383,1.78275861843));
#9816 = CARTESIAN_POINT('',(10.,16.727484665327,1.757303046622));
#9817 = PCURVE('',#5460,#9818);
#9818 = DEFINITIONAL_REPRESENTATION('',(#9819),#9830);
#9819 = B_SPLINE_CURVE_WITH_KNOTS('',5,(#9820,#9821,#9822,#9823,#9824,
    #9825,#9826,#9827,#9828,#9829),.UNSPECIFIED.,.F.,.F.,(6,4,6),(0.,
    0.167575088746,1.),.UNSPECIFIED.);
#9820 = CARTESIAN_POINT('',(-1.028624847593,-0.176483500703));
#9821 = CARTESIAN_POINT('',(-1.028821606761,-0.172135298024));
#9822 = CARTESIAN_POINT('',(-1.029012209956,-0.167713152331));
#9823 = CARTESIAN_POINT('',(-1.029196473207,-0.163221307453));
#9824 = CARTESIAN_POINT('',(-1.029374223316,-0.158664113348));
#9825 = CARTESIAN_POINT('',(-1.0303951062,-0.131105797336));
#9826 = CARTESIAN_POINT('',(-1.031080162326,-0.106663680051));
#9827 = CARTESIAN_POINT('',(-1.031580683102,-8.126319098552E-02));
#9828 = CARTESIAN_POINT('',(-1.031883078452,-5.551613821617E-02));
#9829 = CARTESIAN_POINT('',(-1.031982405337,-3.006056640831E-02));
#9830 = ( GEOMETRIC_REPRESENTATION_CONTEXT(2) 
PARAMETRIC_REPRESENTATION_CONTEXT() REPRESENTATION_CONTEXT('2D SPACE',''
  ) );
#9831 = PCURVE('',#5431,#9832);
#9832 = DEFINITIONAL_REPRESENTATION('',(#9833),#9844);
#9833 = B_SPLINE_CURVE_WITH_KNOTS('',5,(#9834,#9835,#9836,#9837,#9838,
    #9839,#9840,#9841,#9842,#9843),.UNSPECIFIED.,.F.,.F.,(6,4,6),(0.,
    0.167575088746,1.),.UNSPECIFIED.);
#9834 = CARTESIAN_POINT('',(-0.908614972618,2.602993044269));
#9835 = CARTESIAN_POINT('',(-0.930765068992,2.606177748863));
#9836 = CARTESIAN_POINT('',(-0.95291223835,2.609322014771));
#9837 = CARTESIAN_POINT('',(-0.975057588779,2.612422909157));
#9838 = CARTESIAN_POINT('',(-0.997202240575,2.61547757231));
#9839 = CARTESIAN_POINT('',(-1.129352465503,2.633413682951));
#9840 = CARTESIAN_POINT('',(-1.239365562258,2.64713410159));
#9841 = CARTESIAN_POINT('',(-1.349533160861,2.659304999815));
#9842 = CARTESIAN_POINT('',(-1.459982793697,2.669625436349));
#9843 = CARTESIAN_POINT('',(-1.570796326795,2.677864582214));
#9844 = ( GEOMETRIC_REPRESENTATION_CONTEXT(2) 
PARAMETRIC_REPRESENTATION_CONTEXT() REPRESENTATION_CONTEXT('2D SPACE',''
  ) );
#9845 = ORIENTED_EDGE('',*,*,#5443,.T.);
#9846 = ORIENTED_EDGE('',*,*,#5781,.F.);
#9847 = ORIENTED_EDGE('',*,*,#5695,.F.);
#9848 = ORIENTED_EDGE('',*,*,#9849,.F.);
#9849 = EDGE_CURVE('',#9781,#5668,#9850,.T.);
#9850 = SURFACE_CURVE('',#9851,(#9862,#9876),.PCURVE_S1.);
#9851 = B_SPLINE_CURVE_WITH_KNOTS('',5,(#9852,#9853,#9854,#9855,#9856,
    #9857,#9858,#9859,#9860,#9861),.UNSPECIFIED.,.F.,.F.,(6,4,6),(0.,
    0.167575088746,1.),.UNSPECIFIED.);
#9852 = CARTESIAN_POINT('',(-10.04649635583,16.677860508235,
    1.903725980916));
#9853 = CARTESIAN_POINT('',(-10.04350023407,16.680311032037,
    1.899377778238));
#9854 = CARTESIAN_POINT('',(-10.0406109148,16.682707099944,
    1.894955632545));
#9855 = CARTESIAN_POINT('',(-10.03783125576,16.685046498518,
    1.890463787667));
#9856 = CARTESIAN_POINT('',(-10.03516392969,16.687327107811,
    1.885906593562));
#9857 = CARTESIAN_POINT('',(-10.0199319198,16.700573668289,
    1.858348277549));
#9858 = CARTESIAN_POINT('',(-10.01008610638,16.710099383574,
    1.833906160265));
#9859 = CARTESIAN_POINT('',(-10.00337697725,16.717877293887,
    1.808505671199));
#9860 = CARTESIAN_POINT('',(-10.,16.723712143383,1.78275861843));
#9861 = CARTESIAN_POINT('',(-10.,16.727484665327,1.757303046622));
#9862 = PCURVE('',#5460,#9863);
#9863 = DEFINITIONAL_REPRESENTATION('',(#9864),#9875);
#9864 = B_SPLINE_CURVE_WITH_KNOTS('',5,(#9865,#9866,#9867,#9868,#9869,
    #9870,#9871,#9872,#9873,#9874),.UNSPECIFIED.,.F.,.F.,(6,4,6),(0.,
    0.167575088746,1.),.UNSPECIFIED.);
#9865 = CARTESIAN_POINT('',(-2.112967805996,-0.176483500703));
#9866 = CARTESIAN_POINT('',(-2.112771046829,-0.172135298024));
#9867 = CARTESIAN_POINT('',(-2.112580443634,-0.167713152331));
#9868 = CARTESIAN_POINT('',(-2.112396180383,-0.163221307453));
#9869 = CARTESIAN_POINT('',(-2.112218430273,-0.158664113348));
#9870 = CARTESIAN_POINT('',(-2.11119754739,-0.131105797336));
#9871 = CARTESIAN_POINT('',(-2.110512491264,-0.106663680051));
#9872 = CARTESIAN_POINT('',(-2.110011970488,-8.126319098551E-02));
#9873 = CARTESIAN_POINT('',(-2.109709575138,-5.551613821617E-02));
#9874 = CARTESIAN_POINT('',(-2.109610248253,-3.006056640831E-02));
#9875 = ( GEOMETRIC_REPRESENTATION_CONTEXT(2) 
PARAMETRIC_REPRESENTATION_CONTEXT() REPRESENTATION_CONTEXT('2D SPACE',''
  ) );
#9876 = PCURVE('',#5683,#9877);
#9877 = DEFINITIONAL_REPRESENTATION('',(#9878),#9889);
#9878 = B_SPLINE_CURVE_WITH_KNOTS('',5,(#9879,#9880,#9881,#9882,#9883,
    #9884,#9885,#9886,#9887,#9888),.UNSPECIFIED.,.F.,.F.,(6,4,6),(0.,
    0.167575088746,1.),.UNSPECIFIED.);
#9879 = CARTESIAN_POINT('',(0.908614972618,2.602993044269));
#9880 = CARTESIAN_POINT('',(0.930765068992,2.606177748863));
#9881 = CARTESIAN_POINT('',(0.95291223835,2.609322014771));
#9882 = CARTESIAN_POINT('',(0.975057588779,2.612422909157));
#9883 = CARTESIAN_POINT('',(0.997202240575,2.61547757231));
#9884 = CARTESIAN_POINT('',(1.129352465503,2.633413682951));
#9885 = CARTESIAN_POINT('',(1.239365562258,2.64713410159));
#9886 = CARTESIAN_POINT('',(1.349533160861,2.659304999815));
#9887 = CARTESIAN_POINT('',(1.459982793697,2.669625436349));
#9888 = CARTESIAN_POINT('',(1.570796326795,2.677864582214));
#9889 = ( GEOMETRIC_REPRESENTATION_CONTEXT(2) 
PARAMETRIC_REPRESENTATION_CONTEXT() REPRESENTATION_CONTEXT('2D SPACE',''
  ) );
#9890 = ADVANCED_FACE('',(#9891),#5375,.T.);
#9891 = FACE_BOUND('',#9892,.T.);
#9892 = EDGE_LOOP('',(#9893,#9894,#9927,#9928));
#9893 = ORIENTED_EDGE('',*,*,#8373,.F.);
#9894 = ORIENTED_EDGE('',*,*,#9895,.F.);
#9895 = EDGE_CURVE('',#5332,#8374,#9896,.T.);
#9896 = SURFACE_CURVE('',#9897,(#9907,#9920),.PCURVE_S1.);
#9897 = ( BOUNDED_CURVE() B_SPLINE_CURVE(8,(#9898,#9899,#9900,#9901,
    #9902,#9903,#9904,#9905,#9906),.UNSPECIFIED.,.F.,.F.) 
B_SPLINE_CURVE_WITH_KNOTS((9,9),(0.389763001135,1.528102351231),
.PIECEWISE_BEZIER_KNOTS.) CURVE() GEOMETRIC_REPRESENTATION_ITEM() 
RATIONAL_B_SPLINE_CURVE((1.,1.,1.,1.,1.,1.,1.,1.,1.)) 
REPRESENTATION_ITEM('') );
#9898 = CARTESIAN_POINT('',(10.,22.55,-5.629032522475));
#9899 = CARTESIAN_POINT('',(10.,22.692098900019,-5.578824288516));
#9900 = CARTESIAN_POINT('',(10.030804889325,22.830488309595,
    -5.529931311534));
#9901 = CARTESIAN_POINT('',(10.089305266061,22.964133262208,
    -5.482948303609));
#9902 = CARTESIAN_POINT('',(10.179855623575,23.092172198929,
    -5.438711164512));
#9903 = CARTESIAN_POINT('',(10.304826528795,23.197293361981,
    -5.400458749843));
#9904 = CARTESIAN_POINT('',(10.451099507501,23.267027057795,
    -5.375737212155));
#9905 = CARTESIAN_POINT('',(10.602841599882,23.3,-5.364032522475));
#9906 = CARTESIAN_POINT('',(10.75,23.3,-5.364032522475));
#9907 = PCURVE('',#5375,#9908);
#9908 = DEFINITIONAL_REPRESENTATION('',(#9909),#9919);
#9909 = B_SPLINE_CURVE_WITH_KNOTS('',8,(#9910,#9911,#9912,#9913,#9914,
    #9915,#9916,#9917,#9918),.UNSPECIFIED.,.F.,.F.,(9,9),(0.389763001135
    ,1.528102351231),.PIECEWISE_BEZIER_KNOTS.);
#9910 = CARTESIAN_POINT('',(1.570796326795,1.920967477525));
#9911 = CARTESIAN_POINT('',(1.38133112677,1.971175711484));
#9912 = CARTESIAN_POINT('',(1.196819418101,2.020067792492));
#9913 = CARTESIAN_POINT('',(1.008213064631,2.067054180184));
#9914 = CARTESIAN_POINT('',(0.808902904262,2.111286007641));
#9915 = CARTESIAN_POINT('',(0.605231247271,2.149542726059));
#9916 = CARTESIAN_POINT('',(0.398500446768,2.174262519617));
#9917 = CARTESIAN_POINT('',(0.196211200157,2.185967477525));
#9918 = CARTESIAN_POINT('',(-3.485411073658E-16,2.185967477525));
#9919 = ( GEOMETRIC_REPRESENTATION_CONTEXT(2) 
PARAMETRIC_REPRESENTATION_CONTEXT() REPRESENTATION_CONTEXT('2D SPACE',''
  ) );
#9920 = PCURVE('',#8495,#9921);
#9921 = DEFINITIONAL_REPRESENTATION('',(#9922),#9926);
#9922 = LINE('',#9923,#9924);
#9923 = CARTESIAN_POINT('',(1.138339350096,0.));
#9924 = VECTOR('',#9925,1.);
#9925 = DIRECTION('',(0.,1.));
#9926 = ( GEOMETRIC_REPRESENTATION_CONTEXT(2) 
PARAMETRIC_REPRESENTATION_CONTEXT() REPRESENTATION_CONTEXT('2D SPACE',''
  ) );
#9927 = ORIENTED_EDGE('',*,*,#5359,.T.);
#9928 = ORIENTED_EDGE('',*,*,#9929,.T.);
#9929 = EDGE_CURVE('',#5360,#8376,#9930,.T.);
#9930 = SURFACE_CURVE('',#9931,(#9941,#9954),.PCURVE_S1.);
#9931 = ( BOUNDED_CURVE() B_SPLINE_CURVE(8,(#9932,#9933,#9934,#9935,
    #9936,#9937,#9938,#9939,#9940),.UNSPECIFIED.,.F.,.F.) 
B_SPLINE_CURVE_WITH_KNOTS((9,9),(0.613369798885,1.751709148981),
.PIECEWISE_BEZIER_KNOTS.) CURVE() GEOMETRIC_REPRESENTATION_ITEM() 
RATIONAL_B_SPLINE_CURVE((1.,1.,1.,1.,1.,1.,1.,1.,1.)) 
REPRESENTATION_ITEM('') );
#9932 = CARTESIAN_POINT('',(10.,22.55,0.539032522475));
#9933 = CARTESIAN_POINT('',(10.,22.692098900019,0.488824288516));
#9934 = CARTESIAN_POINT('',(10.030804889325,22.830488309595,
    0.439931311534));
#9935 = CARTESIAN_POINT('',(10.089305266061,22.964133262208,
    0.392948303609));
#9936 = CARTESIAN_POINT('',(10.179855623575,23.092172198929,
    0.348711164512));
#9937 = CARTESIAN_POINT('',(10.304826528795,23.197293361981,
    0.310458749843));
#9938 = CARTESIAN_POINT('',(10.451099507501,23.267027057795,
    0.285737212155));
#9939 = CARTESIAN_POINT('',(10.602841599882,23.3,0.274032522475));
#9940 = CARTESIAN_POINT('',(10.75,23.3,0.274032522475));
#9941 = PCURVE('',#5375,#9942);
#9942 = DEFINITIONAL_REPRESENTATION('',(#9943),#9953);
#9943 = B_SPLINE_CURVE_WITH_KNOTS('',8,(#9944,#9945,#9946,#9947,#9948,
    #9949,#9950,#9951,#9952),.UNSPECIFIED.,.F.,.F.,(9,9),(0.613369798885
    ,1.751709148981),.PIECEWISE_BEZIER_KNOTS.);
#9944 = CARTESIAN_POINT('',(1.570796326795,8.089032522475));
#9945 = CARTESIAN_POINT('',(1.38133112677,8.038824288516));
#9946 = CARTESIAN_POINT('',(1.196819418101,7.989932207508));
#9947 = CARTESIAN_POINT('',(1.008213064632,7.942945819816));
#9948 = CARTESIAN_POINT('',(0.808902904261,7.898713992359));
#9949 = CARTESIAN_POINT('',(0.605231247271,7.86045727394));
#9950 = CARTESIAN_POINT('',(0.398500446768,7.835737480383));
#9951 = CARTESIAN_POINT('',(0.196211200157,7.824032522475));
#9952 = CARTESIAN_POINT('',(0.,7.824032522475));
#9953 = ( GEOMETRIC_REPRESENTATION_CONTEXT(2) 
PARAMETRIC_REPRESENTATION_CONTEXT() REPRESENTATION_CONTEXT('2D SPACE',''
  ) );
#9954 = PCURVE('',#8659,#9955);
#9955 = DEFINITIONAL_REPRESENTATION('',(#9956),#9960);
#9956 = LINE('',#9957,#9958);
#9957 = CARTESIAN_POINT('',(0.,0.));
#9958 = VECTOR('',#9959,1.);
#9959 = DIRECTION('',(0.,1.));
#9960 = ( GEOMETRIC_REPRESENTATION_CONTEXT(2) 
PARAMETRIC_REPRESENTATION_CONTEXT() REPRESENTATION_CONTEXT('2D SPACE',''
  ) );
#9961 = ADVANCED_FACE('',(#9962),#5431,.T.);
#9962 = FACE_BOUND('',#9963,.F.);
#9963 = EDGE_LOOP('',(#9964,#9965,#9998,#9999,#10000));
#9964 = ORIENTED_EDGE('',*,*,#8722,.F.);
#9965 = ORIENTED_EDGE('',*,*,#9966,.T.);
#9966 = EDGE_CURVE('',#8723,#9779,#9967,.T.);
#9967 = SURFACE_CURVE('',#9968,(#9976,#9987),.PCURVE_S1.);
#9968 = B_SPLINE_CURVE_WITH_KNOTS('',6,(#9969,#9970,#9971,#9972,#9973,
    #9974,#9975),.UNSPECIFIED.,.F.,.F.,(7,7),(0.,1.),
  .PIECEWISE_BEZIER_KNOTS.);
#9969 = CARTESIAN_POINT('',(10.22,16.544491094517,2.013935092092));
#9970 = CARTESIAN_POINT('',(10.186215828134,16.566350586533,
    2.009984866919));
#9971 = CARTESIAN_POINT('',(10.152629258939,16.589620143809,
    1.99945350498));
#9972 = CARTESIAN_POINT('',(10.120708756854,16.61330634137,
    1.982658322001));
#9973 = CARTESIAN_POINT('',(10.091760690094,16.63643008274,1.96040600218
    ));
#9974 = CARTESIAN_POINT('',(10.066775322887,16.658179475942,
    1.933715657678));
#9975 = CARTESIAN_POINT('',(10.046496355831,16.677860508235,
    1.903725980916));
#9976 = PCURVE('',#5431,#9977);
#9977 = DEFINITIONAL_REPRESENTATION('',(#9978),#9986);
#9978 = B_SPLINE_CURVE_WITH_KNOTS('',6,(#9979,#9980,#9981,#9982,#9983,
    #9984,#9985),.UNSPECIFIED.,.F.,.F.,(7,7),(0.,1.),
  .PIECEWISE_BEZIER_KNOTS.);
#9979 = CARTESIAN_POINT('',(0.,2.452150927953));
#9980 = CARTESIAN_POINT('',(-0.153564417571,2.474364474949));
#9981 = CARTESIAN_POINT('',(-0.306228703682,2.499135933223));
#9982 = CARTESIAN_POINT('',(-0.457850003314,2.525431283587));
#9983 = CARTESIAN_POINT('',(-0.608578420715,2.552143582794));
#9984 = CARTESIAN_POINT('',(-0.758694137673,2.578292651104));
#9985 = CARTESIAN_POINT('',(-0.908614972618,2.602993044269));
#9986 = ( GEOMETRIC_REPRESENTATION_CONTEXT(2) 
PARAMETRIC_REPRESENTATION_CONTEXT() REPRESENTATION_CONTEXT('2D SPACE',''
  ) );
#9987 = PCURVE('',#8764,#9988);
#9988 = DEFINITIONAL_REPRESENTATION('',(#9989),#9997);
#9989 = B_SPLINE_CURVE_WITH_KNOTS('',6,(#9990,#9991,#9992,#9993,#9994,
    #9995,#9996),.UNSPECIFIED.,.F.,.F.,(7,7),(0.,1.),
  .PIECEWISE_BEZIER_KNOTS.);
#9990 = CARTESIAN_POINT('',(-1.017443212265,-0.110209111176));
#9991 = CARTESIAN_POINT('',(-1.019511987856,-0.106258886002));
#9992 = CARTESIAN_POINT('',(-1.021610010547,-9.57275240636E-02));
#9993 = CARTESIAN_POINT('',(-1.023645527352,-7.893234108442E-02));
#9994 = CARTESIAN_POINT('',(-1.025534323715,-5.668002126326E-02));
#9995 = CARTESIAN_POINT('',(-1.0272110806,-2.998967676157E-02));
#9996 = CARTESIAN_POINT('',(-1.028624847593,0.));
#9997 = ( GEOMETRIC_REPRESENTATION_CONTEXT(2) 
PARAMETRIC_REPRESENTATION_CONTEXT() REPRESENTATION_CONTEXT('2D SPACE',''
  ) );
#9998 = ORIENTED_EDGE('',*,*,#9804,.T.);
#9999 = ORIENTED_EDGE('',*,*,#5415,.T.);
#10000 = ORIENTED_EDGE('',*,*,#10001,.T.);
#10001 = EDGE_CURVE('',#5388,#8725,#10002,.T.);
#10002 = SURFACE_CURVE('',#10003,(#10008,#10014),.PCURVE_S1.);
#10003 = CIRCLE('',#10004,0.22);
#10004 = AXIS2_PLACEMENT_3D('',#10005,#10006,#10007);
#10005 = CARTESIAN_POINT('',(10.22,22.02983131883,0.79911686306));
#10006 = DIRECTION('',(0.,0.984061303693,-0.177829554836));
#10007 = DIRECTION('',(0.,0.177829554836,0.984061303693));
#10008 = PCURVE('',#5431,#10009);
#10009 = DEFINITIONAL_REPRESENTATION('',(#10010),#10013);
#10010 = B_SPLINE_CURVE_WITH_KNOTS('',1,(#10011,#10012),.UNSPECIFIED.,
  .F.,.F.,(2,2),(4.712388980385,6.28318530718),
  .PIECEWISE_BEZIER_KNOTS.);
#10011 = CARTESIAN_POINT('',(-1.570796326795,8.066092565168));
#10012 = CARTESIAN_POINT('',(0.,8.066092565168));
#10013 = ( GEOMETRIC_REPRESENTATION_CONTEXT(2) 
PARAMETRIC_REPRESENTATION_CONTEXT() REPRESENTATION_CONTEXT('2D SPACE',''
  ) );
#10014 = PCURVE('',#10015,#10020);
#10015 = SPHERICAL_SURFACE('',#10016,0.22);
#10016 = AXIS2_PLACEMENT_3D('',#10017,#10018,#10019);
#10017 = CARTESIAN_POINT('',(10.22,22.02983131883,0.79911686306));
#10018 = DIRECTION('',(1.,0.,0.));
#10019 = DIRECTION('',(-0.,0.4472135955,0.894427191));
#10020 = DEFINITIONAL_REPRESENTATION('',(#10021),#10024);
#10021 = B_SPLINE_CURVE_WITH_KNOTS('',1,(#10022,#10023),.UNSPECIFIED.,
  .F.,.F.,(2,2),(4.712388980385,6.28318530718),
  .PIECEWISE_BEZIER_KNOTS.);
#10022 = CARTESIAN_POINT('',(0.284867198812,-1.570796326795));
#10023 = CARTESIAN_POINT('',(0.284867198812,0.));
#10024 = ( GEOMETRIC_REPRESENTATION_CONTEXT(2) 
PARAMETRIC_REPRESENTATION_CONTEXT() REPRESENTATION_CONTEXT('2D SPACE',''
  ) );
#10025 = ADVANCED_FACE('',(#10026),#5403,.T.);
#10026 = FACE_BOUND('',#10027,.T.);
#10027 = EDGE_LOOP('',(#10028,#10048,#10049,#10073));
#10028 = ORIENTED_EDGE('',*,*,#10029,.T.);
#10029 = EDGE_CURVE('',#5388,#8558,#10030,.T.);
#10030 = SURFACE_CURVE('',#10031,(#10036,#10042),.PCURVE_S1.);
#10031 = CIRCLE('',#10032,0.22);
#10032 = AXIS2_PLACEMENT_3D('',#10033,#10034,#10035);
#10033 = CARTESIAN_POINT('',(10.22,22.02983131883,0.79911686306));
#10034 = DIRECTION('',(0.,0.894427191,-0.4472135955));
#10035 = DIRECTION('',(0.,0.4472135955,0.894427191));
#10036 = PCURVE('',#5403,#10037);
#10037 = DEFINITIONAL_REPRESENTATION('',(#10038),#10041);
#10038 = B_SPLINE_CURVE_WITH_KNOTS('',1,(#10039,#10040),.UNSPECIFIED.,
  .F.,.F.,(2,2),(4.712388980385,6.28318530718),
  .PIECEWISE_BEZIER_KNOTS.);
#10039 = CARTESIAN_POINT('',(0.,3.154902950619E-02));
#10040 = CARTESIAN_POINT('',(1.570796326795,3.154902950619E-02));
#10041 = ( GEOMETRIC_REPRESENTATION_CONTEXT(2) 
PARAMETRIC_REPRESENTATION_CONTEXT() REPRESENTATION_CONTEXT('2D SPACE',''
  ) );
#10042 = PCURVE('',#10015,#10043);
#10043 = DEFINITIONAL_REPRESENTATION('',(#10044),#10047);
#10044 = B_SPLINE_CURVE_WITH_KNOTS('',1,(#10045,#10046),.UNSPECIFIED.,
  .F.,.F.,(2,2),(4.712388980385,6.28318530718),
  .PIECEWISE_BEZIER_KNOTS.);
#10045 = CARTESIAN_POINT('',(0.,-1.570796326795));
#10046 = CARTESIAN_POINT('',(0.,0.));
#10047 = ( GEOMETRIC_REPRESENTATION_CONTEXT(2) 
PARAMETRIC_REPRESENTATION_CONTEXT() REPRESENTATION_CONTEXT('2D SPACE',''
  ) );
#10048 = ORIENTED_EDGE('',*,*,#8557,.T.);
#10049 = ORIENTED_EDGE('',*,*,#10050,.F.);
#10050 = EDGE_CURVE('',#5360,#8560,#10051,.T.);
#10051 = SURFACE_CURVE('',#10052,(#10057,#10063),.PCURVE_S1.);
#10052 = CIRCLE('',#10053,0.22);
#10053 = AXIS2_PLACEMENT_3D('',#10054,#10055,#10056);
#10054 = CARTESIAN_POINT('',(10.22,22.55,0.539032522475));
#10055 = DIRECTION('',(-0.,0.894427191,-0.4472135955));
#10056 = DIRECTION('',(-1.,-0.,0.));
#10057 = PCURVE('',#5403,#10058);
#10058 = DEFINITIONAL_REPRESENTATION('',(#10059),#10062);
#10059 = B_SPLINE_CURVE_WITH_KNOTS('',1,(#10060,#10061),.UNSPECIFIED.,
  .F.,.F.,(2,2),(0.,1.570796326795),.PIECEWISE_BEZIER_KNOTS.);
#10060 = CARTESIAN_POINT('',(0.,0.613115294937));
#10061 = CARTESIAN_POINT('',(1.570796326795,0.613115294937));
#10062 = ( GEOMETRIC_REPRESENTATION_CONTEXT(2) 
PARAMETRIC_REPRESENTATION_CONTEXT() REPRESENTATION_CONTEXT('2D SPACE',''
  ) );
#10063 = PCURVE('',#8659,#10064);
#10064 = DEFINITIONAL_REPRESENTATION('',(#10065),#10072);
#10065 = B_SPLINE_CURVE_WITH_KNOTS('',5,(#10066,#10067,#10068,#10069,
    #10070,#10071),.UNSPECIFIED.,.F.,.F.,(6,6),(0.,1.570796326795),
  .PIECEWISE_BEZIER_KNOTS.);
#10066 = CARTESIAN_POINT('',(0.,0.613369798885));
#10067 = CARTESIAN_POINT('',(0.252875423819,0.613369798885));
#10068 = CARTESIAN_POINT('',(0.46477746543,0.613369798885));
#10069 = CARTESIAN_POINT('',(0.673563508097,0.613369798885));
#10070 = CARTESIAN_POINT('',(0.885463926277,0.613369798885));
#10071 = CARTESIAN_POINT('',(1.138339350096,0.613369798885));
#10072 = ( GEOMETRIC_REPRESENTATION_CONTEXT(2) 
PARAMETRIC_REPRESENTATION_CONTEXT() REPRESENTATION_CONTEXT('2D SPACE',''
  ) );
#10073 = ORIENTED_EDGE('',*,*,#5387,.F.);
#10074 = ADVANCED_FACE('',(#10075),#5599,.T.);
#10075 = FACE_BOUND('',#10076,.T.);
#10076 = EDGE_LOOP('',(#10077,#10128,#10129,#10130));
#10077 = ORIENTED_EDGE('',*,*,#10078,.T.);
#10078 = EDGE_CURVE('',#10079,#5584,#10081,.T.);
#10079 = VERTEX_POINT('',#10080);
#10080 = CARTESIAN_POINT('',(-10.21999953503,22.647982431064,
    -5.826008784468));
#10081 = SURFACE_CURVE('',#10082,(#10086,#10094),.PCURVE_S1.);
#10082 = ( BOUNDED_CURVE() B_SPLINE_CURVE(2,(#10083,#10084,#10085),
.UNSPECIFIED.,.F.,.F.) B_SPLINE_CURVE_WITH_KNOTS((3,3),(0.,
1.138339350096),.PIECEWISE_BEZIER_KNOTS.) CURVE() 
GEOMETRIC_REPRESENTATION_ITEM() RATIONAL_B_SPLINE_CURVE((1.,
0.707106781187,1.)) REPRESENTATION_ITEM('') );
#10083 = CARTESIAN_POINT('',(-10.21999953503,22.647982431064,
    -5.826008784468));
#10084 = CARTESIAN_POINT('',(-10.,22.64838699101,-5.825806504495));
#10085 = CARTESIAN_POINT('',(-10.,22.55,-5.629032522475));
#10086 = PCURVE('',#5599,#10087);
#10087 = DEFINITIONAL_REPRESENTATION('',(#10088),#10093);
#10088 = B_SPLINE_CURVE_WITH_KNOTS('',3,(#10089,#10090,#10091,#10092),
  .UNSPECIFIED.,.F.,.F.,(4,4),(0.,1.138339350096),
  .PIECEWISE_BEZIER_KNOTS.);
#10089 = CARTESIAN_POINT('',(0.,-0.11));
#10090 = CARTESIAN_POINT('',(0.471404520791,-0.11));
#10091 = CARTESIAN_POINT('',(1.099391806004,-0.11));
#10092 = CARTESIAN_POINT('',(1.570796326795,-0.11));
#10093 = ( GEOMETRIC_REPRESENTATION_CONTEXT(2) 
PARAMETRIC_REPRESENTATION_CONTEXT() REPRESENTATION_CONTEXT('2D SPACE',''
  ) );
#10094 = PCURVE('',#10095,#10123);
#10095 = ( BOUNDED_SURFACE() B_SPLINE_SURFACE(2,8,(
    (#10096,#10097,#10098,#10099,#10100,#10101,#10102,#10103,#10104)
    ,(#10105,#10106,#10107,#10108,#10109,#10110,#10111,#10112,#10113)
    ,(#10114,#10115,#10116,#10117,#10118,#10119,#10120,#10121,#10122
)),.UNSPECIFIED.,.F.,.F.,.F.) B_SPLINE_SURFACE_WITH_KNOTS((3,3),(9,9),(
    0.,1.138339350096),(2.052368819705,3.190708169801),
.PIECEWISE_BEZIER_KNOTS.) GEOMETRIC_REPRESENTATION_ITEM() 
RATIONAL_B_SPLINE_SURFACE((
    (1.,1.,1.,1.,1.,1.,1.,1.,1.)
    ,(0.850650808352,0.850650808352,0.844946619707,0.8327768945
      ,0.815571138552,0.790872696687,0.764779788115,0.737063922972
      ,0.707106781187)
,(1.,1.,1.,1.,1.,1.,1.,1.,1.))) REPRESENTATION_ITEM('') SURFACE() );
#10096 = CARTESIAN_POINT('',(-10.75,23.17838699101,-5.560806504495));
#10097 = CARTESIAN_POINT('',(-10.6424204405,23.17838699101,
    -5.560806504495));
#10098 = CARTESIAN_POINT('',(-10.52695618688,23.153552991812,
    -5.573223504094));
#10099 = CARTESIAN_POINT('',(-10.41472684028,23.0977132273,
    -5.60114338635));
#10100 = CARTESIAN_POINT('',(-10.32396509972,23.013079962888,
    -5.643460018556));
#10101 = CARTESIAN_POINT('',(-10.26744165699,22.91590452464,
    -5.69204773768));
#10102 = CARTESIAN_POINT('',(-10.23655245384,22.825703527071,
    -5.737148236464));
#10103 = CARTESIAN_POINT('',(-10.21989961336,22.738274956216,
    -5.780862521892));
#10104 = CARTESIAN_POINT('',(-10.21999953503,22.647982431064,
    -5.826008784468));
#10105 = CARTESIAN_POINT('',(-10.75,23.3,-5.5));
#10106 = CARTESIAN_POINT('',(-10.61507213425,23.3,-5.5));
#10107 = CARTESIAN_POINT('',(-10.47267631881,23.272225097186,
    -5.513887451407));
#10108 = CARTESIAN_POINT('',(-10.33222100408,23.211878532697,
    -5.544060733651));
#10109 = CARTESIAN_POINT('',(-10.21170113299,23.116537563572,
    -5.591731218214));
#10110 = CARTESIAN_POINT('',(-10.12497276438,23.008349696588,
    -5.645825151706));
#10111 = CARTESIAN_POINT('',(-10.06076740693,22.896717287438,
    -5.701641356281));
#10112 = CARTESIAN_POINT('',(-10.01788327188,22.776679894593,
    -5.761660052704));
#10113 = CARTESIAN_POINT('',(-10.,22.64838699101,-5.825806504495));
#10114 = CARTESIAN_POINT('',(-10.75,23.3,-5.364032522475));
#10115 = CARTESIAN_POINT('',(-10.60284159988,23.3,-5.364032522475));
#10116 = CARTESIAN_POINT('',(-10.4510995075,23.267027057795,
    -5.375737212155));
#10117 = CARTESIAN_POINT('',(-10.30482652879,23.197293361981,
    -5.400458749843));
#10118 = CARTESIAN_POINT('',(-10.17985562357,23.092172198929,
    -5.438711164512));
#10119 = CARTESIAN_POINT('',(-10.08930526606,22.964133262208,
    -5.482948303609));
#10120 = CARTESIAN_POINT('',(-10.03080488932,22.830488309595,
    -5.529931311534));
#10121 = CARTESIAN_POINT('',(-10.,22.692098900019,-5.578824288516));
#10122 = CARTESIAN_POINT('',(-10.,22.55,-5.629032522475));
#10123 = DEFINITIONAL_REPRESENTATION('',(#10124),#10127);
#10124 = B_SPLINE_CURVE_WITH_KNOTS('',1,(#10125,#10126),.UNSPECIFIED.,
  .F.,.F.,(2,2),(0.,1.138339350096),.PIECEWISE_BEZIER_KNOTS.);
#10125 = CARTESIAN_POINT('',(0.,3.190708169801));
#10126 = CARTESIAN_POINT('',(1.138339350096,3.190708169801));
#10127 = ( GEOMETRIC_REPRESENTATION_CONTEXT(2) 
PARAMETRIC_REPRESENTATION_CONTEXT() REPRESENTATION_CONTEXT('2D SPACE',''
  ) );
#10128 = ORIENTED_EDGE('',*,*,#5583,.T.);
#10129 = ORIENTED_EDGE('',*,*,#6010,.T.);
#10130 = ORIENTED_EDGE('',*,*,#10131,.F.);
#10131 = EDGE_CURVE('',#10079,#6011,#10132,.T.);
#10132 = SURFACE_CURVE('',#10133,(#10137,#10144),.PCURVE_S1.);
#10133 = LINE('',#10134,#10135);
#10134 = CARTESIAN_POINT('',(-10.22,22.55,-5.875));
#10135 = VECTOR('',#10136,1.);
#10136 = DIRECTION('',(0.,-0.894427191,-0.4472135955));
#10137 = PCURVE('',#5599,#10138);
#10138 = DEFINITIONAL_REPRESENTATION('',(#10139),#10143);
#10139 = LINE('',#10140,#10141);
#10140 = CARTESIAN_POINT('',(0.,0.));
#10141 = VECTOR('',#10142,1.);
#10142 = DIRECTION('',(0.,1.));
#10143 = ( GEOMETRIC_REPRESENTATION_CONTEXT(2) 
PARAMETRIC_REPRESENTATION_CONTEXT() REPRESENTATION_CONTEXT('2D SPACE',''
  ) );
#10144 = PCURVE('',#6317,#10145);
#10145 = DEFINITIONAL_REPRESENTATION('',(#10146),#10150);
#10146 = LINE('',#10147,#10148);
#10147 = CARTESIAN_POINT('',(0.838525491562,-19.78));
#10148 = VECTOR('',#10149,1.);
#10149 = DIRECTION('',(1.,0.));
#10150 = ( GEOMETRIC_REPRESENTATION_CONTEXT(2) 
PARAMETRIC_REPRESENTATION_CONTEXT() REPRESENTATION_CONTEXT('2D SPACE',''
  ) );
#10151 = ADVANCED_FACE('',(#10152),#5627,.T.);
#10152 = FACE_BOUND('',#10153,.F.);
#10153 = EDGE_LOOP('',(#10154,#10179,#10212,#10213));
#10154 = ORIENTED_EDGE('',*,*,#10155,.F.);
#10155 = EDGE_CURVE('',#10156,#10158,#10160,.T.);
#10156 = VERTEX_POINT('',#10157);
#10157 = CARTESIAN_POINT('',(-10.75,23.3,-5.364032522475));
#10158 = VERTEX_POINT('',#10159);
#10159 = CARTESIAN_POINT('',(-10.75,23.3,0.274032522475));
#10160 = SURFACE_CURVE('',#10161,(#10165,#10172),.PCURVE_S1.);
#10161 = LINE('',#10162,#10163);
#10162 = CARTESIAN_POINT('',(-10.75,23.3,-7.55));
#10163 = VECTOR('',#10164,1.);
#10164 = DIRECTION('',(0.,0.,1.));
#10165 = PCURVE('',#5627,#10166);
#10166 = DEFINITIONAL_REPRESENTATION('',(#10167),#10171);
#10167 = LINE('',#10168,#10169);
#10168 = CARTESIAN_POINT('',(-0.,0.));
#10169 = VECTOR('',#10170,1.);
#10170 = DIRECTION('',(-0.,1.));
#10171 = ( GEOMETRIC_REPRESENTATION_CONTEXT(2) 
PARAMETRIC_REPRESENTATION_CONTEXT() REPRESENTATION_CONTEXT('2D SPACE',''
  ) );
#10172 = PCURVE('',#6540,#10173);
#10173 = DEFINITIONAL_REPRESENTATION('',(#10174),#10178);
#10174 = LINE('',#10175,#10176);
#10175 = CARTESIAN_POINT('',(7.96,-19.25));
#10176 = VECTOR('',#10177,1.);
#10177 = DIRECTION('',(-1.,0.));
#10178 = ( GEOMETRIC_REPRESENTATION_CONTEXT(2) 
PARAMETRIC_REPRESENTATION_CONTEXT() REPRESENTATION_CONTEXT('2D SPACE',''
  ) );
#10179 = ORIENTED_EDGE('',*,*,#10180,.T.);
#10180 = EDGE_CURVE('',#10156,#5584,#10181,.T.);
#10181 = SURFACE_CURVE('',#10182,(#10192,#10205),.PCURVE_S1.);
#10182 = ( BOUNDED_CURVE() B_SPLINE_CURVE(8,(#10183,#10184,#10185,#10186
    ,#10187,#10188,#10189,#10190,#10191),.UNSPECIFIED.,.F.,.F.) 
B_SPLINE_CURVE_WITH_KNOTS((9,9),(2.052368819705,3.190708169801),
.PIECEWISE_BEZIER_KNOTS.) CURVE() GEOMETRIC_REPRESENTATION_ITEM() 
RATIONAL_B_SPLINE_CURVE((1.,1.,1.,1.,1.,1.,1.,1.,1.)) 
REPRESENTATION_ITEM('') );
#10183 = CARTESIAN_POINT('',(-10.75,23.3,-5.364032522475));
#10184 = CARTESIAN_POINT('',(-10.60284159988,23.3,-5.364032522475));
#10185 = CARTESIAN_POINT('',(-10.4510995075,23.267027057795,
    -5.375737212155));
#10186 = CARTESIAN_POINT('',(-10.30482652879,23.197293361981,
    -5.400458749843));
#10187 = CARTESIAN_POINT('',(-10.17985562357,23.092172198929,
    -5.438711164512));
#10188 = CARTESIAN_POINT('',(-10.08930526606,22.964133262208,
    -5.482948303609));
#10189 = CARTESIAN_POINT('',(-10.03080488932,22.830488309595,
    -5.529931311534));
#10190 = CARTESIAN_POINT('',(-10.,22.692098900019,-5.578824288516));
#10191 = CARTESIAN_POINT('',(-10.,22.55,-5.629032522475));
#10192 = PCURVE('',#5627,#10193);
#10193 = DEFINITIONAL_REPRESENTATION('',(#10194),#10204);
#10194 = B_SPLINE_CURVE_WITH_KNOTS('',8,(#10195,#10196,#10197,#10198,
    #10199,#10200,#10201,#10202,#10203),.UNSPECIFIED.,.F.,.F.,(9,9),(
    2.052368819705,3.190708169801),.PIECEWISE_BEZIER_KNOTS.);
#10195 = CARTESIAN_POINT('',(5.725615702346E-17,2.185967477525));
#10196 = CARTESIAN_POINT('',(-0.196211200157,2.185967477525));
#10197 = CARTESIAN_POINT('',(-0.398500446768,2.174262519617));
#10198 = CARTESIAN_POINT('',(-0.605231247271,2.14954272606));
#10199 = CARTESIAN_POINT('',(-0.808902904262,2.111286007641));
#10200 = CARTESIAN_POINT('',(-1.008213064631,2.067054180184));
#10201 = CARTESIAN_POINT('',(-1.196819418101,2.020067792492));
#10202 = CARTESIAN_POINT('',(-1.38133112677,1.971175711484));
#10203 = CARTESIAN_POINT('',(-1.570796326795,1.920967477525));
#10204 = ( GEOMETRIC_REPRESENTATION_CONTEXT(2) 
PARAMETRIC_REPRESENTATION_CONTEXT() REPRESENTATION_CONTEXT('2D SPACE',''
  ) );
#10205 = PCURVE('',#10095,#10206);
#10206 = DEFINITIONAL_REPRESENTATION('',(#10207),#10211);
#10207 = LINE('',#10208,#10209);
#10208 = CARTESIAN_POINT('',(1.138339350096,0.));
#10209 = VECTOR('',#10210,1.);
#10210 = DIRECTION('',(0.,1.));
#10211 = ( GEOMETRIC_REPRESENTATION_CONTEXT(2) 
PARAMETRIC_REPRESENTATION_CONTEXT() REPRESENTATION_CONTEXT('2D SPACE',''
  ) );
#10212 = ORIENTED_EDGE('',*,*,#5611,.T.);
#10213 = ORIENTED_EDGE('',*,*,#10214,.F.);
#10214 = EDGE_CURVE('',#10158,#5612,#10215,.T.);
#10215 = SURFACE_CURVE('',#10216,(#10226,#10239),.PCURVE_S1.);
#10216 = ( BOUNDED_CURVE() B_SPLINE_CURVE(8,(#10217,#10218,#10219,#10220
    ,#10221,#10222,#10223,#10224,#10225),.UNSPECIFIED.,.F.,.F.) 
B_SPLINE_CURVE_WITH_KNOTS((9,9),(2.276071356873,3.414410706969),
.PIECEWISE_BEZIER_KNOTS.) CURVE() GEOMETRIC_REPRESENTATION_ITEM() 
RATIONAL_B_SPLINE_CURVE((1.,1.,1.,1.,1.,1.,1.,1.,1.)) 
REPRESENTATION_ITEM('') );
#10217 = CARTESIAN_POINT('',(-10.75,23.3,0.274032522475));
#10218 = CARTESIAN_POINT('',(-10.60284159988,23.3,0.274032522475));
#10219 = CARTESIAN_POINT('',(-10.4510995075,23.267027057795,
    0.285737212155));
#10220 = CARTESIAN_POINT('',(-10.30482652879,23.197293361981,
    0.310458749843));
#10221 = CARTESIAN_POINT('',(-10.17985562357,23.092172198929,
    0.348711164512));
#10222 = CARTESIAN_POINT('',(-10.08930526606,22.964133262208,
    0.392948303609));
#10223 = CARTESIAN_POINT('',(-10.03080488932,22.830488309595,
    0.439931311534));
#10224 = CARTESIAN_POINT('',(-10.,22.692098900019,0.488824288516));
#10225 = CARTESIAN_POINT('',(-10.,22.55,0.539032522475));
#10226 = PCURVE('',#5627,#10227);
#10227 = DEFINITIONAL_REPRESENTATION('',(#10228),#10238);
#10228 = B_SPLINE_CURVE_WITH_KNOTS('',8,(#10229,#10230,#10231,#10232,
    #10233,#10234,#10235,#10236,#10237),.UNSPECIFIED.,.F.,.F.,(9,9),(
    2.276071356873,3.414410706969),.PIECEWISE_BEZIER_KNOTS.);
#10229 = CARTESIAN_POINT('',(-3.868330528266E-16,7.824032522475));
#10230 = CARTESIAN_POINT('',(-0.196211200157,7.824032522475));
#10231 = CARTESIAN_POINT('',(-0.398500446768,7.835737480383));
#10232 = CARTESIAN_POINT('',(-0.605231247271,7.860457273941));
#10233 = CARTESIAN_POINT('',(-0.808902904261,7.898713992358));
#10234 = CARTESIAN_POINT('',(-1.008213064632,7.942945819816));
#10235 = CARTESIAN_POINT('',(-1.196819418101,7.989932207508));
#10236 = CARTESIAN_POINT('',(-1.38133112677,8.038824288516));
#10237 = CARTESIAN_POINT('',(-1.570796326795,8.089032522475));
#10238 = ( GEOMETRIC_REPRESENTATION_CONTEXT(2) 
PARAMETRIC_REPRESENTATION_CONTEXT() REPRESENTATION_CONTEXT('2D SPACE',''
  ) );
#10239 = PCURVE('',#10240,#10268);
#10240 = ( BOUNDED_SURFACE() B_SPLINE_SURFACE(2,8,(
    (#10241,#10242,#10243,#10244,#10245,#10246,#10247,#10248,#10249)
    ,(#10250,#10251,#10252,#10253,#10254,#10255,#10256,#10257,#10258)
    ,(#10259,#10260,#10261,#10262,#10263,#10264,#10265,#10266,#10267
)),.UNSPECIFIED.,.F.,.F.,.F.) B_SPLINE_SURFACE_WITH_KNOTS((3,3),(9,9),(
    0.,1.138339350096),(2.276071356873,3.414410706969),
.PIECEWISE_BEZIER_KNOTS.) GEOMETRIC_REPRESENTATION_ITEM() 
RATIONAL_B_SPLINE_SURFACE((
    (1.,1.,1.,1.,1.,1.,1.,1.,1.)
    ,(0.850650808352,0.850650808352,0.844946619707,0.8327768945
      ,0.815571138552,0.790872696687,0.764779788115,0.737063922972
      ,0.707106781187)
,(1.,1.,1.,1.,1.,1.,1.,1.,1.))) REPRESENTATION_ITEM('') SURFACE() );
#10241 = CARTESIAN_POINT('',(-10.75,23.17838699101,0.470806504495));
#10242 = CARTESIAN_POINT('',(-10.6424204405,23.17838699101,
    0.470806504495));
#10243 = CARTESIAN_POINT('',(-10.52695618688,23.153552991812,
    0.483223504094));
#10244 = CARTESIAN_POINT('',(-10.41472684028,23.0977132273,0.51114338635
    ));
#10245 = CARTESIAN_POINT('',(-10.32396509972,23.013079962888,
    0.553460018556));
#10246 = CARTESIAN_POINT('',(-10.26744165699,22.91590452464,
    0.60204773768));
#10247 = CARTESIAN_POINT('',(-10.23655245384,22.825703527071,
    0.647148236464));
#10248 = CARTESIAN_POINT('',(-10.21989961336,22.738274956216,
    0.690862521892));
#10249 = CARTESIAN_POINT('',(-10.21999953503,22.647982431064,
    0.736008784468));
#10250 = CARTESIAN_POINT('',(-10.75,23.3,0.41));
#10251 = CARTESIAN_POINT('',(-10.61507213425,23.3,0.41));
#10252 = CARTESIAN_POINT('',(-10.47267631881,23.272225097186,
    0.423887451407));
#10253 = CARTESIAN_POINT('',(-10.33222100408,23.211878532698,
    0.454060733651));
#10254 = CARTESIAN_POINT('',(-10.21170113299,23.116537563572,
    0.501731218214));
#10255 = CARTESIAN_POINT('',(-10.12497276438,23.008349696588,
    0.555825151706));
#10256 = CARTESIAN_POINT('',(-10.06076740693,22.896717287438,
    0.611641356281));
#10257 = CARTESIAN_POINT('',(-10.01788327188,22.776679894593,
    0.671660052704));
#10258 = CARTESIAN_POINT('',(-10.,22.64838699101,0.735806504495));
#10259 = CARTESIAN_POINT('',(-10.75,23.3,0.274032522475));
#10260 = CARTESIAN_POINT('',(-10.60284159988,23.3,0.274032522475));
#10261 = CARTESIAN_POINT('',(-10.4510995075,23.267027057795,
    0.285737212155));
#10262 = CARTESIAN_POINT('',(-10.30482652879,23.197293361981,
    0.310458749843));
#10263 = CARTESIAN_POINT('',(-10.17985562357,23.092172198929,
    0.348711164512));
#10264 = CARTESIAN_POINT('',(-10.08930526606,22.964133262208,
    0.392948303609));
#10265 = CARTESIAN_POINT('',(-10.03080488932,22.830488309595,
    0.439931311534));
#10266 = CARTESIAN_POINT('',(-10.,22.692098900019,0.488824288516));
#10267 = CARTESIAN_POINT('',(-10.,22.55,0.539032522475));
#10268 = DEFINITIONAL_REPRESENTATION('',(#10269),#10273);
#10269 = LINE('',#10270,#10271);
#10270 = CARTESIAN_POINT('',(1.138339350096,0.));
#10271 = VECTOR('',#10272,1.);
#10272 = DIRECTION('',(0.,1.));
#10273 = ( GEOMETRIC_REPRESENTATION_CONTEXT(2) 
PARAMETRIC_REPRESENTATION_CONTEXT() REPRESENTATION_CONTEXT('2D SPACE',''
  ) );
#10274 = ADVANCED_FACE('',(#10275),#5683,.T.);
#10275 = FACE_BOUND('',#10276,.T.);
#10276 = EDGE_LOOP('',(#10277,#10302,#10335,#10336,#10337));
#10277 = ORIENTED_EDGE('',*,*,#10278,.F.);
#10278 = EDGE_CURVE('',#10279,#10281,#10283,.T.);
#10279 = VERTEX_POINT('',#10280);
#10280 = CARTESIAN_POINT('',(-10.22,16.544491094517,2.013935092092));
#10281 = VERTEX_POINT('',#10282);
#10282 = CARTESIAN_POINT('',(-10.22,22.068953820894,1.015610349873));
#10283 = SURFACE_CURVE('',#10284,(#10288,#10295),.PCURVE_S1.);
#10284 = LINE('',#10285,#10286);
#10285 = CARTESIAN_POINT('',(-10.22,14.131424255502,2.45));
#10286 = VECTOR('',#10287,1.);
#10287 = DIRECTION('',(-0.,0.984061303693,-0.177829554836));
#10288 = PCURVE('',#5683,#10289);
#10289 = DEFINITIONAL_REPRESENTATION('',(#10290),#10294);
#10290 = LINE('',#10291,#10292);
#10291 = CARTESIAN_POINT('',(0.,0.));
#10292 = VECTOR('',#10293,1.);
#10293 = DIRECTION('',(0.,1.));
#10294 = ( GEOMETRIC_REPRESENTATION_CONTEXT(2) 
PARAMETRIC_REPRESENTATION_CONTEXT() REPRESENTATION_CONTEXT('2D SPACE',''
  ) );
#10295 = PCURVE('',#6794,#10296);
#10296 = DEFINITIONAL_REPRESENTATION('',(#10297),#10301);
#10297 = LINE('',#10298,#10299);
#10298 = CARTESIAN_POINT('',(0.,-19.78));
#10299 = VECTOR('',#10300,1.);
#10300 = DIRECTION('',(1.,0.));
#10301 = ( GEOMETRIC_REPRESENTATION_CONTEXT(2) 
PARAMETRIC_REPRESENTATION_CONTEXT() REPRESENTATION_CONTEXT('2D SPACE',''
  ) );
#10302 = ORIENTED_EDGE('',*,*,#10303,.T.);
#10303 = EDGE_CURVE('',#10279,#9781,#10304,.T.);
#10304 = SURFACE_CURVE('',#10305,(#10313,#10324),.PCURVE_S1.);
#10305 = B_SPLINE_CURVE_WITH_KNOTS('',6,(#10306,#10307,#10308,#10309,
    #10310,#10311,#10312),.UNSPECIFIED.,.F.,.F.,(7,7),(0.,1.),
  .PIECEWISE_BEZIER_KNOTS.);
#10306 = CARTESIAN_POINT('',(-10.22,16.544491094517,2.013935092092));
#10307 = CARTESIAN_POINT('',(-10.18621582813,16.566350586533,
    2.009984866919));
#10308 = CARTESIAN_POINT('',(-10.15262925893,16.589620143809,
    1.99945350498));
#10309 = CARTESIAN_POINT('',(-10.12070875685,16.61330634137,
    1.982658322001));
#10310 = CARTESIAN_POINT('',(-10.09176069009,16.63643008274,
    1.96040600218));
#10311 = CARTESIAN_POINT('',(-10.06677532288,16.658179475942,
    1.933715657678));
#10312 = CARTESIAN_POINT('',(-10.04649635583,16.677860508235,
    1.903725980916));
#10313 = PCURVE('',#5683,#10314);
#10314 = DEFINITIONAL_REPRESENTATION('',(#10315),#10323);
#10315 = B_SPLINE_CURVE_WITH_KNOTS('',6,(#10316,#10317,#10318,#10319,
    #10320,#10321,#10322),.UNSPECIFIED.,.F.,.F.,(7,7),(0.,1.),
  .PIECEWISE_BEZIER_KNOTS.);
#10316 = CARTESIAN_POINT('',(0.,2.452150927953));
#10317 = CARTESIAN_POINT('',(0.153564417571,2.474364474949));
#10318 = CARTESIAN_POINT('',(0.306228703682,2.499135933223));
#10319 = CARTESIAN_POINT('',(0.457850003314,2.525431283587));
#10320 = CARTESIAN_POINT('',(0.608578420715,2.552143582794));
#10321 = CARTESIAN_POINT('',(0.758694137673,2.578292651104));
#10322 = CARTESIAN_POINT('',(0.908614972618,2.602993044269));
#10323 = ( GEOMETRIC_REPRESENTATION_CONTEXT(2) 
PARAMETRIC_REPRESENTATION_CONTEXT() REPRESENTATION_CONTEXT('2D SPACE',''
  ) );
#10324 = PCURVE('',#8764,#10325);
#10325 = DEFINITIONAL_REPRESENTATION('',(#10326),#10334);
#10326 = B_SPLINE_CURVE_WITH_KNOTS('',6,(#10327,#10328,#10329,#10330,
    #10331,#10332,#10333),.UNSPECIFIED.,.F.,.F.,(7,7),(0.,1.),
  .PIECEWISE_BEZIER_KNOTS.);
#10327 = CARTESIAN_POINT('',(-2.124149441324,-0.110209111176));
#10328 = CARTESIAN_POINT('',(-2.122080665734,-0.106258886002));
#10329 = CARTESIAN_POINT('',(-2.119982643043,-9.572752406364E-02));
#10330 = CARTESIAN_POINT('',(-2.117947126238,-7.893234108433E-02));
#10331 = CARTESIAN_POINT('',(-2.116058329875,-5.668002126334E-02));
#10332 = CARTESIAN_POINT('',(-2.11438157299,-2.998967676155E-02));
#10333 = CARTESIAN_POINT('',(-2.112967805996,1.869014272658E-14));
#10334 = ( GEOMETRIC_REPRESENTATION_CONTEXT(2) 
PARAMETRIC_REPRESENTATION_CONTEXT() REPRESENTATION_CONTEXT('2D SPACE',''
  ) );
#10335 = ORIENTED_EDGE('',*,*,#9849,.T.);
#10336 = ORIENTED_EDGE('',*,*,#5667,.T.);
#10337 = ORIENTED_EDGE('',*,*,#10338,.T.);
#10338 = EDGE_CURVE('',#5640,#10281,#10339,.T.);
#10339 = SURFACE_CURVE('',#10340,(#10345,#10351),.PCURVE_S1.);
#10340 = CIRCLE('',#10341,0.22);
#10341 = AXIS2_PLACEMENT_3D('',#10342,#10343,#10344);
#10342 = CARTESIAN_POINT('',(-10.22,22.02983131883,0.79911686306));
#10343 = DIRECTION('',(0.,-0.984061303693,0.177829554836));
#10344 = DIRECTION('',(0.,0.177829554836,0.984061303693));
#10345 = PCURVE('',#5683,#10346);
#10346 = DEFINITIONAL_REPRESENTATION('',(#10347),#10350);
#10347 = B_SPLINE_CURVE_WITH_KNOTS('',1,(#10348,#10349),.UNSPECIFIED.,
  .F.,.F.,(2,2),(4.712388980385,6.28318530718),
  .PIECEWISE_BEZIER_KNOTS.);
#10348 = CARTESIAN_POINT('',(1.570796326795,8.066092565168));
#10349 = CARTESIAN_POINT('',(0.,8.066092565168));
#10350 = ( GEOMETRIC_REPRESENTATION_CONTEXT(2) 
PARAMETRIC_REPRESENTATION_CONTEXT() REPRESENTATION_CONTEXT('2D SPACE',''
  ) );
#10351 = PCURVE('',#10352,#10357);
#10352 = SPHERICAL_SURFACE('',#10353,0.22);
#10353 = AXIS2_PLACEMENT_3D('',#10354,#10355,#10356);
#10354 = CARTESIAN_POINT('',(-10.22,22.02983131883,0.79911686306));
#10355 = DIRECTION('',(-1.,-0.,-0.));
#10356 = DIRECTION('',(-0.,0.177829554836,0.984061303693));
#10357 = DEFINITIONAL_REPRESENTATION('',(#10358),#10361);
#10358 = B_SPLINE_CURVE_WITH_KNOTS('',1,(#10359,#10360),.UNSPECIFIED.,
  .F.,.F.,(2,2),(4.712388980385,6.28318530718),
  .PIECEWISE_BEZIER_KNOTS.);
#10359 = CARTESIAN_POINT('',(0.,-1.570796326795));
#10360 = CARTESIAN_POINT('',(0.,0.));
#10361 = ( GEOMETRIC_REPRESENTATION_CONTEXT(2) 
PARAMETRIC_REPRESENTATION_CONTEXT() REPRESENTATION_CONTEXT('2D SPACE',''
  ) );
#10362 = ADVANCED_FACE('',(#10363),#5655,.T.);
#10363 = FACE_BOUND('',#10364,.F.);
#10364 = EDGE_LOOP('',(#10365,#10388,#10389,#10411));
#10365 = ORIENTED_EDGE('',*,*,#10366,.T.);
#10366 = EDGE_CURVE('',#10367,#5612,#10369,.T.);
#10367 = VERTEX_POINT('',#10368);
#10368 = CARTESIAN_POINT('',(-10.21999953503,22.647982431064,
    0.736008784468));
#10369 = SURFACE_CURVE('',#10370,(#10374,#10382),.PCURVE_S1.);
#10370 = ( BOUNDED_CURVE() B_SPLINE_CURVE(2,(#10371,#10372,#10373),
.UNSPECIFIED.,.F.,.F.) B_SPLINE_CURVE_WITH_KNOTS((3,3),(0.,
1.138339350096),.PIECEWISE_BEZIER_KNOTS.) CURVE() 
GEOMETRIC_REPRESENTATION_ITEM() RATIONAL_B_SPLINE_CURVE((1.,
0.707106781187,1.)) REPRESENTATION_ITEM('') );
#10371 = CARTESIAN_POINT('',(-10.21999953503,22.647982431064,
    0.736008784468));
#10372 = CARTESIAN_POINT('',(-10.,22.64838699101,0.735806504495));
#10373 = CARTESIAN_POINT('',(-10.,22.55,0.539032522475));
#10374 = PCURVE('',#5655,#10375);
#10375 = DEFINITIONAL_REPRESENTATION('',(#10376),#10381);
#10376 = B_SPLINE_CURVE_WITH_KNOTS('',3,(#10377,#10378,#10379,#10380),
  .UNSPECIFIED.,.F.,.F.,(4,4),(0.,1.138339350096),
  .PIECEWISE_BEZIER_KNOTS.);
#10377 = CARTESIAN_POINT('',(0.,-0.11));
#10378 = CARTESIAN_POINT('',(-0.471404520791,-0.11));
#10379 = CARTESIAN_POINT('',(-1.099391806004,-0.11));
#10380 = CARTESIAN_POINT('',(-1.570796326795,-0.11));
#10381 = ( GEOMETRIC_REPRESENTATION_CONTEXT(2) 
PARAMETRIC_REPRESENTATION_CONTEXT() REPRESENTATION_CONTEXT('2D SPACE',''
  ) );
#10382 = PCURVE('',#10240,#10383);
#10383 = DEFINITIONAL_REPRESENTATION('',(#10384),#10387);
#10384 = B_SPLINE_CURVE_WITH_KNOTS('',1,(#10385,#10386),.UNSPECIFIED.,
  .F.,.F.,(2,2),(0.,1.138339350096),.PIECEWISE_BEZIER_KNOTS.);
#10385 = CARTESIAN_POINT('',(0.,3.414410706969));
#10386 = CARTESIAN_POINT('',(1.138339350096,3.414410706969));
#10387 = ( GEOMETRIC_REPRESENTATION_CONTEXT(2) 
PARAMETRIC_REPRESENTATION_CONTEXT() REPRESENTATION_CONTEXT('2D SPACE',''
  ) );
#10388 = ORIENTED_EDGE('',*,*,#5639,.T.);
#10389 = ORIENTED_EDGE('',*,*,#10390,.T.);
#10390 = EDGE_CURVE('',#5640,#10391,#10393,.T.);
#10391 = VERTEX_POINT('',#10392);
#10392 = CARTESIAN_POINT('',(-10.22,22.12821830984,0.99589084508));
#10393 = SURFACE_CURVE('',#10394,(#10399,#10405),.PCURVE_S1.);
#10394 = CIRCLE('',#10395,0.22);
#10395 = AXIS2_PLACEMENT_3D('',#10396,#10397,#10398);
#10396 = CARTESIAN_POINT('',(-10.22,22.02983131883,0.79911686306));
#10397 = DIRECTION('',(0.,-0.894427191,0.4472135955));
#10398 = DIRECTION('',(0.,0.4472135955,0.894427191));
#10399 = PCURVE('',#5655,#10400);
#10400 = DEFINITIONAL_REPRESENTATION('',(#10401),#10404);
#10401 = B_SPLINE_CURVE_WITH_KNOTS('',1,(#10402,#10403),.UNSPECIFIED.,
  .F.,.F.,(2,2),(4.712388980385,6.28318530718),
  .PIECEWISE_BEZIER_KNOTS.);
#10402 = CARTESIAN_POINT('',(-1.570796326795,0.471566265431));
#10403 = CARTESIAN_POINT('',(0.,0.471566265431));
#10404 = ( GEOMETRIC_REPRESENTATION_CONTEXT(2) 
PARAMETRIC_REPRESENTATION_CONTEXT() REPRESENTATION_CONTEXT('2D SPACE',''
  ) );
#10405 = PCURVE('',#10352,#10406);
#10406 = DEFINITIONAL_REPRESENTATION('',(#10407),#10410);
#10407 = B_SPLINE_CURVE_WITH_KNOTS('',1,(#10408,#10409),.UNSPECIFIED.,
  .F.,.F.,(2,2),(4.712388980385,6.28318530718),
  .PIECEWISE_BEZIER_KNOTS.);
#10408 = CARTESIAN_POINT('',(0.284867198812,-1.570796326795));
#10409 = CARTESIAN_POINT('',(0.284867198812,0.));
#10410 = ( GEOMETRIC_REPRESENTATION_CONTEXT(2) 
PARAMETRIC_REPRESENTATION_CONTEXT() REPRESENTATION_CONTEXT('2D SPACE',''
  ) );
#10411 = ORIENTED_EDGE('',*,*,#10412,.F.);
#10412 = EDGE_CURVE('',#10367,#10391,#10413,.T.);
#10413 = SURFACE_CURVE('',#10414,(#10418,#10425),.PCURVE_S1.);
#10414 = LINE('',#10415,#10416);
#10415 = CARTESIAN_POINT('',(-10.22,22.55,0.785));
#10416 = VECTOR('',#10417,1.);
#10417 = DIRECTION('',(0.,-0.894427191,0.4472135955));
#10418 = PCURVE('',#5655,#10419);
#10419 = DEFINITIONAL_REPRESENTATION('',(#10420),#10424);
#10420 = LINE('',#10421,#10422);
#10421 = CARTESIAN_POINT('',(-0.,0.));
#10422 = VECTOR('',#10423,1.);
#10423 = DIRECTION('',(-0.,1.));
#10424 = ( GEOMETRIC_REPRESENTATION_CONTEXT(2) 
PARAMETRIC_REPRESENTATION_CONTEXT() REPRESENTATION_CONTEXT('2D SPACE',''
  ) );
#10425 = PCURVE('',#6686,#10426);
#10426 = DEFINITIONAL_REPRESENTATION('',(#10427),#10431);
#10427 = LINE('',#10428,#10429);
#10428 = CARTESIAN_POINT('',(0.503115294937,-19.78));
#10429 = VECTOR('',#10430,1.);
#10430 = DIRECTION('',(-1.,-0.));
#10431 = ( GEOMETRIC_REPRESENTATION_CONTEXT(2) 
PARAMETRIC_REPRESENTATION_CONTEXT() REPRESENTATION_CONTEXT('2D SPACE',''
  ) );
#10432 = ADVANCED_FACE('',(#10433),#5826,.T.);
#10433 = FACE_BOUND('',#10434,.F.);
#10434 = EDGE_LOOP('',(#10435,#10436,#10437,#10461));
#10435 = ORIENTED_EDGE('',*,*,#5986,.F.);
#10436 = ORIENTED_EDGE('',*,*,#5810,.T.);
#10437 = ORIENTED_EDGE('',*,*,#10438,.F.);
#10438 = EDGE_CURVE('',#9363,#5811,#10439,.T.);
#10439 = SURFACE_CURVE('',#10440,(#10445,#10451),.PCURVE_S1.);
#10440 = CIRCLE('',#10441,0.22);
#10441 = AXIS2_PLACEMENT_3D('',#10442,#10443,#10444);
#10442 = CARTESIAN_POINT('',(10.22,-22.55,-5.629032522475));
#10443 = DIRECTION('',(-0.,0.894427191,-0.4472135955));
#10444 = DIRECTION('',(0.,-0.4472135955,-0.894427191));
#10445 = PCURVE('',#5826,#10446);
#10446 = DEFINITIONAL_REPRESENTATION('',(#10447),#10450);
#10447 = B_SPLINE_CURVE_WITH_KNOTS('',1,(#10448,#10449),.UNSPECIFIED.,
  .F.,.F.,(2,2),(0.,1.570796326795),.PIECEWISE_BEZIER_KNOTS.);
#10448 = CARTESIAN_POINT('',(0.,0.389508497187));
#10449 = CARTESIAN_POINT('',(-1.570796326795,0.389508497187));
#10450 = ( GEOMETRIC_REPRESENTATION_CONTEXT(2) 
PARAMETRIC_REPRESENTATION_CONTEXT() REPRESENTATION_CONTEXT('2D SPACE',''
  ) );
#10451 = PCURVE('',#9413,#10452);
#10452 = DEFINITIONAL_REPRESENTATION('',(#10453),#10460);
#10453 = B_SPLINE_CURVE_WITH_KNOTS('',5,(#10454,#10455,#10456,#10457,
    #10458,#10459),.UNSPECIFIED.,.F.,.F.,(6,6),(0.,1.570796326795),
  .PIECEWISE_BEZIER_KNOTS.);
#10454 = CARTESIAN_POINT('',(0.,0.389763001135));
#10455 = CARTESIAN_POINT('',(0.252875423819,0.389763001135));
#10456 = CARTESIAN_POINT('',(0.464775841999,0.389763001135));
#10457 = CARTESIAN_POINT('',(0.673561884666,0.389763001135));
#10458 = CARTESIAN_POINT('',(0.885463926277,0.389763001135));
#10459 = CARTESIAN_POINT('',(1.138339350096,0.389763001135));
#10460 = ( GEOMETRIC_REPRESENTATION_CONTEXT(2) 
PARAMETRIC_REPRESENTATION_CONTEXT() REPRESENTATION_CONTEXT('2D SPACE',''
  ) );
#10461 = ORIENTED_EDGE('',*,*,#9362,.F.);
#10462 = ADVANCED_FACE('',(#10463),#5939,.T.);
#10463 = FACE_BOUND('',#10464,.T.);
#10464 = EDGE_LOOP('',(#10465,#10491,#10533,#10534,#10535,#10536));
#10465 = ORIENTED_EDGE('',*,*,#10466,.F.);
#10466 = EDGE_CURVE('',#10467,#10469,#10471,.T.);
#10467 = VERTEX_POINT('',#10468);
#10468 = CARTESIAN_POINT('',(-10.04649635583,-16.67786050823,
    1.903725980916));
#10469 = VERTEX_POINT('',#10470);
#10470 = CARTESIAN_POINT('',(10.046496355831,-16.67786050823,
    1.903725980916));
#10471 = SURFACE_CURVE('',#10472,(#10477,#10484),.PCURVE_S1.);
#10472 = CIRCLE('',#10473,19.470057014808);
#10473 = AXIS2_PLACEMENT_3D('',#10474,#10475,#10476);
#10474 = CARTESIAN_POINT('',(0.,0.,1.903725980916));
#10475 = DIRECTION('',(0.,-0.,1.));
#10476 = DIRECTION('',(0.515997274594,0.856590224443,0.));
#10477 = PCURVE('',#5939,#10478);
#10478 = DEFINITIONAL_REPRESENTATION('',(#10479),#10483);
#10479 = LINE('',#10480,#10481);
#10480 = CARTESIAN_POINT('',(-1.028624847593,-0.176483500703));
#10481 = VECTOR('',#10482,1.);
#10482 = DIRECTION('',(-1.,-0.));
#10483 = ( GEOMETRIC_REPRESENTATION_CONTEXT(2) 
PARAMETRIC_REPRESENTATION_CONTEXT() REPRESENTATION_CONTEXT('2D SPACE',''
  ) );
#10484 = PCURVE('',#9682,#10485);
#10485 = DEFINITIONAL_REPRESENTATION('',(#10486),#10490);
#10486 = LINE('',#10487,#10488);
#10487 = CARTESIAN_POINT('',(-1.028624847593,-0.));
#10488 = VECTOR('',#10489,1.);
#10489 = DIRECTION('',(-1.,-0.));
#10490 = ( GEOMETRIC_REPRESENTATION_CONTEXT(2) 
PARAMETRIC_REPRESENTATION_CONTEXT() REPRESENTATION_CONTEXT('2D SPACE',''
  ) );
#10491 = ORIENTED_EDGE('',*,*,#10492,.T.);
#10492 = EDGE_CURVE('',#10467,#6145,#10493,.T.);
#10493 = SURFACE_CURVE('',#10494,(#10505,#10519),.PCURVE_S1.);
#10494 = B_SPLINE_CURVE_WITH_KNOTS('',5,(#10495,#10496,#10497,#10498,
    #10499,#10500,#10501,#10502,#10503,#10504),.UNSPECIFIED.,.F.,.F.,(6,
    4,6),(0.,0.167575088746,1.),.UNSPECIFIED.);
#10495 = CARTESIAN_POINT('',(-10.04649635583,-16.67786050823,
    1.903725980916));
#10496 = CARTESIAN_POINT('',(-10.04350023407,-16.68031103203,
    1.899377778238));
#10497 = CARTESIAN_POINT('',(-10.0406109148,-16.68270709994,
    1.894955632545));
#10498 = CARTESIAN_POINT('',(-10.03783125576,-16.68504649851,
    1.890463787667));
#10499 = CARTESIAN_POINT('',(-10.03516392969,-16.68732710781,
    1.885906593562));
#10500 = CARTESIAN_POINT('',(-10.0199319198,-16.70057366828,
    1.858348277549));
#10501 = CARTESIAN_POINT('',(-10.01008610638,-16.71009938357,
    1.833906160265));
#10502 = CARTESIAN_POINT('',(-10.00337697725,-16.71787729388,
    1.808505671199));
#10503 = CARTESIAN_POINT('',(-10.,-16.72371214338,1.78275861843));
#10504 = CARTESIAN_POINT('',(-10.,-16.72748466532,1.757303046622));
#10505 = PCURVE('',#5939,#10506);
#10506 = DEFINITIONAL_REPRESENTATION('',(#10507),#10518);
#10507 = B_SPLINE_CURVE_WITH_KNOTS('',5,(#10508,#10509,#10510,#10511,
    #10512,#10513,#10514,#10515,#10516,#10517),.UNSPECIFIED.,.F.,.F.,(6,
    4,6),(0.,0.167575088746,1.),.UNSPECIFIED.);
#10508 = CARTESIAN_POINT('',(-4.170217501183,-0.176483500703));
#10509 = CARTESIAN_POINT('',(-4.170414260351,-0.172135298024));
#10510 = CARTESIAN_POINT('',(-4.170604863545,-0.167713152331));
#10511 = CARTESIAN_POINT('',(-4.170789126797,-0.163221307453));
#10512 = CARTESIAN_POINT('',(-4.170966876906,-0.158664113348));
#10513 = CARTESIAN_POINT('',(-4.17198775979,-0.131105797336));
#10514 = CARTESIAN_POINT('',(-4.172672815916,-0.106663680051));
#10515 = CARTESIAN_POINT('',(-4.173173336692,-8.126319098553E-02));
#10516 = CARTESIAN_POINT('',(-4.173475732041,-5.551613821617E-02));
#10517 = CARTESIAN_POINT('',(-4.173575058927,-3.006056640831E-02));
#10518 = ( GEOMETRIC_REPRESENTATION_CONTEXT(2) 
PARAMETRIC_REPRESENTATION_CONTEXT() REPRESENTATION_CONTEXT('2D SPACE',''
  ) );
#10519 = PCURVE('',#6160,#10520);
#10520 = DEFINITIONAL_REPRESENTATION('',(#10521),#10532);
#10521 = B_SPLINE_CURVE_WITH_KNOTS('',5,(#10522,#10523,#10524,#10525,
    #10526,#10527,#10528,#10529,#10530,#10531),.UNSPECIFIED.,.F.,.F.,(6,
    4,6),(0.,0.167575088746,1.),.UNSPECIFIED.);
#10522 = CARTESIAN_POINT('',(0.908614972618,5.494648550405));
#10523 = CARTESIAN_POINT('',(0.930765068991,5.491463845812));
#10524 = CARTESIAN_POINT('',(0.95291223835,5.488319579904));
#10525 = CARTESIAN_POINT('',(0.975057588779,5.485218685517));
#10526 = CARTESIAN_POINT('',(0.997202240575,5.482164022365));
#10527 = CARTESIAN_POINT('',(1.129352465503,5.464227911723));
#10528 = CARTESIAN_POINT('',(1.239365562258,5.450507493084));
#10529 = CARTESIAN_POINT('',(1.349533160861,5.438336594859));
#10530 = CARTESIAN_POINT('',(1.459982793697,5.428016158325));
#10531 = CARTESIAN_POINT('',(1.570796326795,5.41977701246));
#10532 = ( GEOMETRIC_REPRESENTATION_CONTEXT(2) 
PARAMETRIC_REPRESENTATION_CONTEXT() REPRESENTATION_CONTEXT('2D SPACE',''
  ) );
#10533 = ORIENTED_EDGE('',*,*,#6172,.T.);
#10534 = ORIENTED_EDGE('',*,*,#6254,.F.);
#10535 = ORIENTED_EDGE('',*,*,#5922,.F.);
#10536 = ORIENTED_EDGE('',*,*,#10537,.F.);
#10537 = EDGE_CURVE('',#10469,#5895,#10538,.T.);
#10538 = SURFACE_CURVE('',#10539,(#10550,#10564),.PCURVE_S1.);
#10539 = B_SPLINE_CURVE_WITH_KNOTS('',5,(#10540,#10541,#10542,#10543,
    #10544,#10545,#10546,#10547,#10548,#10549),.UNSPECIFIED.,.F.,.F.,(6,
    4,6),(0.,0.167575088746,1.),.UNSPECIFIED.);
#10540 = CARTESIAN_POINT('',(10.046496355831,-16.67786050823,
    1.903725980916));
#10541 = CARTESIAN_POINT('',(10.043500234079,-16.68031103203,
    1.899377778238));
#10542 = CARTESIAN_POINT('',(10.040610914808,-16.68270709994,
    1.894955632545));
#10543 = CARTESIAN_POINT('',(10.037831255769,-16.68504649851,
    1.890463787667));
#10544 = CARTESIAN_POINT('',(10.035163929692,-16.68732710781,
    1.885906593562));
#10545 = CARTESIAN_POINT('',(10.019931919801,-16.70057366828,
    1.858348277549));
#10546 = CARTESIAN_POINT('',(10.010086106389,-16.71009938357,
    1.833906160265));
#10547 = CARTESIAN_POINT('',(10.003376977258,-16.71787729388,
    1.808505671199));
#10548 = CARTESIAN_POINT('',(10.,-16.72371214338,1.78275861843));
#10549 = CARTESIAN_POINT('',(10.,-16.72748466532,1.757303046622));
#10550 = PCURVE('',#5939,#10551);
#10551 = DEFINITIONAL_REPRESENTATION('',(#10552),#10563);
#10552 = B_SPLINE_CURVE_WITH_KNOTS('',5,(#10553,#10554,#10555,#10556,
    #10557,#10558,#10559,#10560,#10561,#10562),.UNSPECIFIED.,.F.,.F.,(6,
    4,6),(0.,0.167575088746,1.),.UNSPECIFIED.);
#10553 = CARTESIAN_POINT('',(-5.254560459586,-0.176483500703));
#10554 = CARTESIAN_POINT('',(-5.254363700419,-0.172135298024));
#10555 = CARTESIAN_POINT('',(-5.254173097224,-0.167713152331));
#10556 = CARTESIAN_POINT('',(-5.253988833973,-0.163221307453));
#10557 = CARTESIAN_POINT('',(-5.253811083863,-0.158664113348));
#10558 = CARTESIAN_POINT('',(-5.25279020098,-0.131105797336));
#10559 = CARTESIAN_POINT('',(-5.252105144853,-0.106663680051));
#10560 = CARTESIAN_POINT('',(-5.251604624078,-8.126319098551E-02));
#10561 = CARTESIAN_POINT('',(-5.251302228728,-5.551613821617E-02));
#10562 = CARTESIAN_POINT('',(-5.251202901843,-3.006056640831E-02));
#10563 = ( GEOMETRIC_REPRESENTATION_CONTEXT(2) 
PARAMETRIC_REPRESENTATION_CONTEXT() REPRESENTATION_CONTEXT('2D SPACE',''
  ) );
#10564 = PCURVE('',#5910,#10565);
#10565 = DEFINITIONAL_REPRESENTATION('',(#10566),#10577);
#10566 = B_SPLINE_CURVE_WITH_KNOTS('',5,(#10567,#10568,#10569,#10570,
    #10571,#10572,#10573,#10574,#10575,#10576),.UNSPECIFIED.,.F.,.F.,(6,
    4,6),(0.,0.167575088746,1.),.UNSPECIFIED.);
#10567 = CARTESIAN_POINT('',(-0.908614972618,5.494648550405));
#10568 = CARTESIAN_POINT('',(-0.930765068992,5.491463845812));
#10569 = CARTESIAN_POINT('',(-0.95291223835,5.488319579904));
#10570 = CARTESIAN_POINT('',(-0.975057588779,5.485218685517));
#10571 = CARTESIAN_POINT('',(-0.997202240575,5.482164022365));
#10572 = CARTESIAN_POINT('',(-1.129352465503,5.464227911723));
#10573 = CARTESIAN_POINT('',(-1.239365562258,5.450507493084));
#10574 = CARTESIAN_POINT('',(-1.349533160861,5.438336594859));
#10575 = CARTESIAN_POINT('',(-1.459982793697,5.428016158325));
#10576 = CARTESIAN_POINT('',(-1.570796326795,5.41977701246));
#10577 = ( GEOMETRIC_REPRESENTATION_CONTEXT(2) 
PARAMETRIC_REPRESENTATION_CONTEXT() REPRESENTATION_CONTEXT('2D SPACE',''
  ) );
#10578 = ADVANCED_FACE('',(#10579),#5854,.T.);
#10579 = FACE_BOUND('',#10580,.F.);
#10580 = EDGE_LOOP('',(#10581,#10582,#10615,#10616));
#10581 = ORIENTED_EDGE('',*,*,#9291,.F.);
#10582 = ORIENTED_EDGE('',*,*,#10583,.F.);
#10583 = EDGE_CURVE('',#5811,#9292,#10584,.T.);
#10584 = SURFACE_CURVE('',#10585,(#10595,#10608),.PCURVE_S1.);
#10585 = ( BOUNDED_CURVE() B_SPLINE_CURVE(8,(#10586,#10587,#10588,#10589
    ,#10590,#10591,#10592,#10593,#10594),.UNSPECIFIED.,.F.,.F.) 
B_SPLINE_CURVE_WITH_KNOTS((9,9),(0.389763001135,1.528102351231),
.PIECEWISE_BEZIER_KNOTS.) CURVE() GEOMETRIC_REPRESENTATION_ITEM() 
RATIONAL_B_SPLINE_CURVE((1.,1.,1.,1.,1.,1.,1.,1.,1.)) 
REPRESENTATION_ITEM('') );
#10586 = CARTESIAN_POINT('',(10.,-22.55,-5.629032522475));
#10587 = CARTESIAN_POINT('',(10.,-22.69209890001,-5.578824288516));
#10588 = CARTESIAN_POINT('',(10.030804889325,-22.83048830959,
    -5.529931311534));
#10589 = CARTESIAN_POINT('',(10.089305266061,-22.9641332622,
    -5.482948303609));
#10590 = CARTESIAN_POINT('',(10.179855623575,-23.09217219892,
    -5.438711164512));
#10591 = CARTESIAN_POINT('',(10.304826528795,-23.19729336198,
    -5.400458749843));
#10592 = CARTESIAN_POINT('',(10.451099507501,-23.26702705779,
    -5.375737212155));
#10593 = CARTESIAN_POINT('',(10.602841599882,-23.3,-5.364032522475));
#10594 = CARTESIAN_POINT('',(10.75,-23.3,-5.364032522475));
#10595 = PCURVE('',#5854,#10596);
#10596 = DEFINITIONAL_REPRESENTATION('',(#10597),#10607);
#10597 = B_SPLINE_CURVE_WITH_KNOTS('',8,(#10598,#10599,#10600,#10601,
    #10602,#10603,#10604,#10605,#10606),.UNSPECIFIED.,.F.,.F.,(9,9),(
    0.389763001135,1.528102351231),.PIECEWISE_BEZIER_KNOTS.);
#10598 = CARTESIAN_POINT('',(-1.570796326795,1.920967477525));
#10599 = CARTESIAN_POINT('',(-1.38133112677,1.971175711484));
#10600 = CARTESIAN_POINT('',(-1.196819418101,2.020067792492));
#10601 = CARTESIAN_POINT('',(-1.008213064631,2.067054180184));
#10602 = CARTESIAN_POINT('',(-0.808902904262,2.111286007641));
#10603 = CARTESIAN_POINT('',(-0.605231247271,2.149542726059));
#10604 = CARTESIAN_POINT('',(-0.398500446768,2.174262519617));
#10605 = CARTESIAN_POINT('',(-0.196211200157,2.185967477525));
#10606 = CARTESIAN_POINT('',(3.485411073658E-16,2.185967477525));
#10607 = ( GEOMETRIC_REPRESENTATION_CONTEXT(2) 
PARAMETRIC_REPRESENTATION_CONTEXT() REPRESENTATION_CONTEXT('2D SPACE',''
  ) );
#10608 = PCURVE('',#9413,#10609);
#10609 = DEFINITIONAL_REPRESENTATION('',(#10610),#10614);
#10610 = LINE('',#10611,#10612);
#10611 = CARTESIAN_POINT('',(1.138339350096,0.));
#10612 = VECTOR('',#10613,1.);
#10613 = DIRECTION('',(0.,1.));
#10614 = ( GEOMETRIC_REPRESENTATION_CONTEXT(2) 
PARAMETRIC_REPRESENTATION_CONTEXT() REPRESENTATION_CONTEXT('2D SPACE',''
  ) );
#10615 = ORIENTED_EDGE('',*,*,#5838,.T.);
#10616 = ORIENTED_EDGE('',*,*,#10617,.F.);
#10617 = EDGE_CURVE('',#9294,#5839,#10618,.T.);
#10618 = SURFACE_CURVE('',#10619,(#10629,#10642),.PCURVE_S1.);
#10619 = ( BOUNDED_CURVE() B_SPLINE_CURVE(8,(#10620,#10621,#10622,#10623
    ,#10624,#10625,#10626,#10627,#10628),.UNSPECIFIED.,.F.,.F.) 
B_SPLINE_CURVE_WITH_KNOTS((9,9),(2.276071356873,3.414410706969),
.PIECEWISE_BEZIER_KNOTS.) CURVE() GEOMETRIC_REPRESENTATION_ITEM() 
RATIONAL_B_SPLINE_CURVE((1.,1.,1.,1.,1.,1.,1.,1.,1.)) 
REPRESENTATION_ITEM('') );
#10620 = CARTESIAN_POINT('',(10.75,-23.3,0.274032522475));
#10621 = CARTESIAN_POINT('',(10.602841599882,-23.3,0.274032522475));
#10622 = CARTESIAN_POINT('',(10.451099507501,-23.26702705779,
    0.285737212155));
#10623 = CARTESIAN_POINT('',(10.304826528795,-23.19729336198,
    0.310458749843));
#10624 = CARTESIAN_POINT('',(10.179855623575,-23.09217219892,
    0.348711164512));
#10625 = CARTESIAN_POINT('',(10.089305266061,-22.9641332622,
    0.392948303609));
#10626 = CARTESIAN_POINT('',(10.030804889325,-22.83048830959,
    0.439931311534));
#10627 = CARTESIAN_POINT('',(10.,-22.69209890001,0.488824288516));
#10628 = CARTESIAN_POINT('',(10.,-22.55,0.539032522475));
#10629 = PCURVE('',#5854,#10630);
#10630 = DEFINITIONAL_REPRESENTATION('',(#10631),#10641);
#10631 = B_SPLINE_CURVE_WITH_KNOTS('',8,(#10632,#10633,#10634,#10635,
    #10636,#10637,#10638,#10639,#10640),.UNSPECIFIED.,.F.,.F.,(9,9),(
    2.276071356873,3.414410706969),.PIECEWISE_BEZIER_KNOTS.);
#10632 = CARTESIAN_POINT('',(-2.22044604925E-16,7.824032522475));
#10633 = CARTESIAN_POINT('',(-0.196211200157,7.824032522475));
#10634 = CARTESIAN_POINT('',(-0.398500446768,7.835737480383));
#10635 = CARTESIAN_POINT('',(-0.605231247271,7.860457273941));
#10636 = CARTESIAN_POINT('',(-0.808902904261,7.898713992359));
#10637 = CARTESIAN_POINT('',(-1.008213064632,7.942945819816));
#10638 = CARTESIAN_POINT('',(-1.196819418101,7.989932207508));
#10639 = CARTESIAN_POINT('',(-1.38133112677,8.038824288516));
#10640 = CARTESIAN_POINT('',(-1.570796326795,8.089032522475));
#10641 = ( GEOMETRIC_REPRESENTATION_CONTEXT(2) 
PARAMETRIC_REPRESENTATION_CONTEXT() REPRESENTATION_CONTEXT('2D SPACE',''
  ) );
#10642 = PCURVE('',#9528,#10643);
#10643 = DEFINITIONAL_REPRESENTATION('',(#10644),#10648);
#10644 = LINE('',#10645,#10646);
#10645 = CARTESIAN_POINT('',(1.138339350096,0.));
#10646 = VECTOR('',#10647,1.);
#10647 = DIRECTION('',(0.,1.));
#10648 = ( GEOMETRIC_REPRESENTATION_CONTEXT(2) 
PARAMETRIC_REPRESENTATION_CONTEXT() REPRESENTATION_CONTEXT('2D SPACE',''
  ) );
#10649 = ADVANCED_FACE('',(#10650),#5910,.T.);
#10650 = FACE_BOUND('',#10651,.F.);
#10651 = EDGE_LOOP('',(#10652,#10677,#10678,#10679,#10712));
#10652 = ORIENTED_EDGE('',*,*,#10653,.F.);
#10653 = EDGE_CURVE('',#5867,#9641,#10654,.T.);
#10654 = SURFACE_CURVE('',#10655,(#10660,#10666),.PCURVE_S1.);
#10655 = CIRCLE('',#10656,0.22);
#10656 = AXIS2_PLACEMENT_3D('',#10657,#10658,#10659);
#10657 = CARTESIAN_POINT('',(10.22,-22.02983131883,0.79911686306));
#10658 = DIRECTION('',(0.,0.984061303693,0.177829554836));
#10659 = DIRECTION('',(0.,-0.177829554836,0.984061303693));
#10660 = PCURVE('',#5910,#10661);
#10661 = DEFINITIONAL_REPRESENTATION('',(#10662),#10665);
#10662 = B_SPLINE_CURVE_WITH_KNOTS('',1,(#10663,#10664),.UNSPECIFIED.,
  .F.,.F.,(2,2),(4.712388980385,6.28318530718),
  .PIECEWISE_BEZIER_KNOTS.);
#10663 = CARTESIAN_POINT('',(-1.570796326795,3.15490295062E-02));
#10664 = CARTESIAN_POINT('',(0.,3.15490295062E-02));
#10665 = ( GEOMETRIC_REPRESENTATION_CONTEXT(2) 
PARAMETRIC_REPRESENTATION_CONTEXT() REPRESENTATION_CONTEXT('2D SPACE',''
  ) );
#10666 = PCURVE('',#10667,#10672);
#10667 = SPHERICAL_SURFACE('',#10668,0.22);
#10668 = AXIS2_PLACEMENT_3D('',#10669,#10670,#10671);
#10669 = CARTESIAN_POINT('',(10.22,-22.02983131883,0.79911686306));
#10670 = DIRECTION('',(1.,-0.,-0.));
#10671 = DIRECTION('',(0.,-0.177829554836,0.984061303693));
#10672 = DEFINITIONAL_REPRESENTATION('',(#10673),#10676);
#10673 = B_SPLINE_CURVE_WITH_KNOTS('',1,(#10674,#10675),.UNSPECIFIED.,
  .F.,.F.,(2,2),(4.712388980385,6.28318530718),
  .PIECEWISE_BEZIER_KNOTS.);
#10674 = CARTESIAN_POINT('',(0.,-1.570796326795));
#10675 = CARTESIAN_POINT('',(0.,0.));
#10676 = ( GEOMETRIC_REPRESENTATION_CONTEXT(2) 
PARAMETRIC_REPRESENTATION_CONTEXT() REPRESENTATION_CONTEXT('2D SPACE',''
  ) );
#10677 = ORIENTED_EDGE('',*,*,#5894,.T.);
#10678 = ORIENTED_EDGE('',*,*,#10537,.F.);
#10679 = ORIENTED_EDGE('',*,*,#10680,.F.);
#10680 = EDGE_CURVE('',#9643,#10469,#10681,.T.);
#10681 = SURFACE_CURVE('',#10682,(#10690,#10701),.PCURVE_S1.);
#10682 = B_SPLINE_CURVE_WITH_KNOTS('',6,(#10683,#10684,#10685,#10686,
    #10687,#10688,#10689),.UNSPECIFIED.,.F.,.F.,(7,7),(0.,1.),
  .PIECEWISE_BEZIER_KNOTS.);
#10683 = CARTESIAN_POINT('',(10.22,-16.54449109451,2.013935092092));
#10684 = CARTESIAN_POINT('',(10.186215828134,-16.56635058653,
    2.009984866919));
#10685 = CARTESIAN_POINT('',(10.152629258939,-16.5896201438,
    1.99945350498));
#10686 = CARTESIAN_POINT('',(10.120708756854,-16.61330634136,
    1.982658322001));
#10687 = CARTESIAN_POINT('',(10.091760690094,-16.63643008274,
    1.96040600218));
#10688 = CARTESIAN_POINT('',(10.066775322887,-16.65817947594,
    1.933715657678));
#10689 = CARTESIAN_POINT('',(10.046496355831,-16.67786050823,
    1.903725980916));
#10690 = PCURVE('',#5910,#10691);
#10691 = DEFINITIONAL_REPRESENTATION('',(#10692),#10700);
#10692 = B_SPLINE_CURVE_WITH_KNOTS('',6,(#10693,#10694,#10695,#10696,
    #10697,#10698,#10699),.UNSPECIFIED.,.F.,.F.,(7,7),(0.,1.),
  .PIECEWISE_BEZIER_KNOTS.);
#10693 = CARTESIAN_POINT('',(0.,5.645490666721));
#10694 = CARTESIAN_POINT('',(-0.153564417571,5.623277119726));
#10695 = CARTESIAN_POINT('',(-0.306228703681,5.598505661451));
#10696 = CARTESIAN_POINT('',(-0.457850003314,5.572210311087));
#10697 = CARTESIAN_POINT('',(-0.608578420714,5.54549801188));
#10698 = CARTESIAN_POINT('',(-0.758694137673,5.51934894357));
#10699 = CARTESIAN_POINT('',(-0.908614972618,5.494648550405));
#10700 = ( GEOMETRIC_REPRESENTATION_CONTEXT(2) 
PARAMETRIC_REPRESENTATION_CONTEXT() REPRESENTATION_CONTEXT('2D SPACE',''
  ) );
#10701 = PCURVE('',#9682,#10702);
#10702 = DEFINITIONAL_REPRESENTATION('',(#10703),#10711);
#10703 = B_SPLINE_CURVE_WITH_KNOTS('',6,(#10704,#10705,#10706,#10707,
    #10708,#10709,#10710),.UNSPECIFIED.,.F.,.F.,(7,7),(0.,1.),
  .PIECEWISE_BEZIER_KNOTS.);
#10704 = CARTESIAN_POINT('',(-5.265742094914,-0.110209111176));
#10705 = CARTESIAN_POINT('',(-5.263673319323,-0.106258886002));
#10706 = CARTESIAN_POINT('',(-5.261575296633,-9.572752406368E-02));
#10707 = CARTESIAN_POINT('',(-5.259539779828,-7.893234108424E-02));
#10708 = CARTESIAN_POINT('',(-5.257650983465,-5.668002126346E-02));
#10709 = CARTESIAN_POINT('',(-5.25597422658,-2.998967676155E-02));
#10710 = CARTESIAN_POINT('',(-5.254560459586,1.869014272658E-14));
#10711 = ( GEOMETRIC_REPRESENTATION_CONTEXT(2) 
PARAMETRIC_REPRESENTATION_CONTEXT() REPRESENTATION_CONTEXT('2D SPACE',''
  ) );
#10712 = ORIENTED_EDGE('',*,*,#9640,.F.);
#10713 = ADVANCED_FACE('',(#10714),#5882,.T.);
#10714 = FACE_BOUND('',#10715,.F.);
#10715 = EDGE_LOOP('',(#10716,#10737,#10738,#10758));
#10716 = ORIENTED_EDGE('',*,*,#10717,.T.);
#10717 = EDGE_CURVE('',#9501,#5839,#10718,.T.);
#10718 = SURFACE_CURVE('',#10719,(#10723,#10731),.PCURVE_S1.);
#10719 = ( BOUNDED_CURVE() B_SPLINE_CURVE(2,(#10720,#10721,#10722),
.UNSPECIFIED.,.F.,.F.) B_SPLINE_CURVE_WITH_KNOTS((3,3),(0.,
1.138339350096),.PIECEWISE_BEZIER_KNOTS.) CURVE() 
GEOMETRIC_REPRESENTATION_ITEM() RATIONAL_B_SPLINE_CURVE((1.,
0.707106781187,1.)) REPRESENTATION_ITEM('') );
#10720 = CARTESIAN_POINT('',(10.219999535031,-22.64798243106,
    0.736008784468));
#10721 = CARTESIAN_POINT('',(10.,-22.64838699101,0.735806504495));
#10722 = CARTESIAN_POINT('',(10.,-22.55,0.539032522475));
#10723 = PCURVE('',#5882,#10724);
#10724 = DEFINITIONAL_REPRESENTATION('',(#10725),#10730);
#10725 = B_SPLINE_CURVE_WITH_KNOTS('',3,(#10726,#10727,#10728,#10729),
  .UNSPECIFIED.,.F.,.F.,(4,4),(0.,1.138339350096),
  .PIECEWISE_BEZIER_KNOTS.);
#10726 = CARTESIAN_POINT('',(1.110223024625E-16,-0.11));
#10727 = CARTESIAN_POINT('',(-0.471404520791,-0.11));
#10728 = CARTESIAN_POINT('',(-1.099391806004,-0.11));
#10729 = CARTESIAN_POINT('',(-1.570796326795,-0.11));
#10730 = ( GEOMETRIC_REPRESENTATION_CONTEXT(2) 
PARAMETRIC_REPRESENTATION_CONTEXT() REPRESENTATION_CONTEXT('2D SPACE',''
  ) );
#10731 = PCURVE('',#9528,#10732);
#10732 = DEFINITIONAL_REPRESENTATION('',(#10733),#10736);
#10733 = B_SPLINE_CURVE_WITH_KNOTS('',1,(#10734,#10735),.UNSPECIFIED.,
  .F.,.F.,(2,2),(0.,1.138339350096),.PIECEWISE_BEZIER_KNOTS.);
#10734 = CARTESIAN_POINT('',(0.,3.414410706969));
#10735 = CARTESIAN_POINT('',(1.138339350096,3.414410706969));
#10736 = ( GEOMETRIC_REPRESENTATION_CONTEXT(2) 
PARAMETRIC_REPRESENTATION_CONTEXT() REPRESENTATION_CONTEXT('2D SPACE',''
  ) );
#10737 = ORIENTED_EDGE('',*,*,#5866,.T.);
#10738 = ORIENTED_EDGE('',*,*,#10739,.T.);
#10739 = EDGE_CURVE('',#5867,#9564,#10740,.T.);
#10740 = SURFACE_CURVE('',#10741,(#10746,#10752),.PCURVE_S1.);
#10741 = CIRCLE('',#10742,0.22);
#10742 = AXIS2_PLACEMENT_3D('',#10743,#10744,#10745);
#10743 = CARTESIAN_POINT('',(10.22,-22.02983131883,0.79911686306));
#10744 = DIRECTION('',(0.,0.894427191,0.4472135955));
#10745 = DIRECTION('',(0.,-0.4472135955,0.894427191));
#10746 = PCURVE('',#5882,#10747);
#10747 = DEFINITIONAL_REPRESENTATION('',(#10748),#10751);
#10748 = B_SPLINE_CURVE_WITH_KNOTS('',1,(#10749,#10750),.UNSPECIFIED.,
  .F.,.F.,(2,2),(4.712388980385,6.28318530718),
  .PIECEWISE_BEZIER_KNOTS.);
#10749 = CARTESIAN_POINT('',(-1.570796326795,0.471566265431));
#10750 = CARTESIAN_POINT('',(0.,0.471566265431));
#10751 = ( GEOMETRIC_REPRESENTATION_CONTEXT(2) 
PARAMETRIC_REPRESENTATION_CONTEXT() REPRESENTATION_CONTEXT('2D SPACE',''
  ) );
#10752 = PCURVE('',#10667,#10753);
#10753 = DEFINITIONAL_REPRESENTATION('',(#10754),#10757);
#10754 = B_SPLINE_CURVE_WITH_KNOTS('',1,(#10755,#10756),.UNSPECIFIED.,
  .F.,.F.,(2,2),(4.712388980385,6.28318530718),
  .PIECEWISE_BEZIER_KNOTS.);
#10755 = CARTESIAN_POINT('',(0.284867198812,-1.570796326795));
#10756 = CARTESIAN_POINT('',(0.284867198812,0.));
#10757 = ( GEOMETRIC_REPRESENTATION_CONTEXT(2) 
PARAMETRIC_REPRESENTATION_CONTEXT() REPRESENTATION_CONTEXT('2D SPACE',''
  ) );
#10758 = ORIENTED_EDGE('',*,*,#9563,.F.);
#10759 = ADVANCED_FACE('',(#10760),#6076,.T.);
#10760 = FACE_BOUND('',#10761,.T.);
#10761 = EDGE_LOOP('',(#10762,#10813,#10834,#10835));
#10762 = ORIENTED_EDGE('',*,*,#10763,.T.);
#10763 = EDGE_CURVE('',#6061,#10764,#10766,.T.);
#10764 = VERTEX_POINT('',#10765);
#10765 = CARTESIAN_POINT('',(-10.21999953503,-22.64798243106,
    -5.826008784468));
#10766 = SURFACE_CURVE('',#10767,(#10771,#10779),.PCURVE_S1.);
#10767 = ( BOUNDED_CURVE() B_SPLINE_CURVE(2,(#10768,#10769,#10770),
.UNSPECIFIED.,.F.,.F.) B_SPLINE_CURVE_WITH_KNOTS((3,3),(0.,
1.138339350096),.PIECEWISE_BEZIER_KNOTS.) CURVE() 
GEOMETRIC_REPRESENTATION_ITEM() RATIONAL_B_SPLINE_CURVE((1.,
0.707106781187,1.)) REPRESENTATION_ITEM('') );
#10768 = CARTESIAN_POINT('',(-10.,-22.55,-5.629032522475));
#10769 = CARTESIAN_POINT('',(-10.,-22.64838699101,-5.825806504495));
#10770 = CARTESIAN_POINT('',(-10.21999953503,-22.64798243106,
    -5.826008784468));
#10771 = PCURVE('',#6076,#10772);
#10772 = DEFINITIONAL_REPRESENTATION('',(#10773),#10778);
#10773 = B_SPLINE_CURVE_WITH_KNOTS('',3,(#10774,#10775,#10776,#10777),
  .UNSPECIFIED.,.F.,.F.,(4,4),(0.,1.138339350096),
  .PIECEWISE_BEZIER_KNOTS.);
#10774 = CARTESIAN_POINT('',(1.110223024625E-16,-0.11));
#10775 = CARTESIAN_POINT('',(0.471404520791,-0.11));
#10776 = CARTESIAN_POINT('',(1.099391806004,-0.11));
#10777 = CARTESIAN_POINT('',(1.570796326795,-0.11));
#10778 = ( GEOMETRIC_REPRESENTATION_CONTEXT(2) 
PARAMETRIC_REPRESENTATION_CONTEXT() REPRESENTATION_CONTEXT('2D SPACE',''
  ) );
#10779 = PCURVE('',#10780,#10808);
#10780 = ( BOUNDED_SURFACE() B_SPLINE_SURFACE(2,8,(
    (#10781,#10782,#10783,#10784,#10785,#10786,#10787,#10788,#10789)
    ,(#10790,#10791,#10792,#10793,#10794,#10795,#10796,#10797,#10798)
    ,(#10799,#10800,#10801,#10802,#10803,#10804,#10805,#10806,#10807
)),.UNSPECIFIED.,.F.,.F.,.F.) B_SPLINE_SURFACE_WITH_KNOTS((3,3),(9,9),(
    0.,1.138339350096),(2.052368819705,3.190708169801),
.PIECEWISE_BEZIER_KNOTS.) GEOMETRIC_REPRESENTATION_ITEM() 
RATIONAL_B_SPLINE_SURFACE((
    (1.,1.,1.,1.,1.,1.,1.,1.,1.)
    ,(0.850650808352,0.850650808352,0.844946619707,0.8327768945
      ,0.815571138552,0.790872696687,0.764779788115,0.737063922972
      ,0.707106781187)
,(1.,1.,1.,1.,1.,1.,1.,1.,1.))) REPRESENTATION_ITEM('') SURFACE() );
#10781 = CARTESIAN_POINT('',(-10.75,-23.3,-5.364032522475));
#10782 = CARTESIAN_POINT('',(-10.60284159988,-23.3,-5.364032522475));
#10783 = CARTESIAN_POINT('',(-10.4510995075,-23.26702705779,
    -5.375737212155));
#10784 = CARTESIAN_POINT('',(-10.30482652879,-23.19729336198,
    -5.400458749843));
#10785 = CARTESIAN_POINT('',(-10.17985562357,-23.09217219892,
    -5.438711164512));
#10786 = CARTESIAN_POINT('',(-10.08930526606,-22.9641332622,
    -5.482948303609));
#10787 = CARTESIAN_POINT('',(-10.03080488932,-22.83048830959,
    -5.529931311534));
#10788 = CARTESIAN_POINT('',(-10.,-22.69209890001,-5.578824288516));
#10789 = CARTESIAN_POINT('',(-10.,-22.55,-5.629032522475));
#10790 = CARTESIAN_POINT('',(-10.75,-23.3,-5.5));
#10791 = CARTESIAN_POINT('',(-10.61507213425,-23.3,-5.5));
#10792 = CARTESIAN_POINT('',(-10.47267631881,-23.27222509718,
    -5.513887451407));
#10793 = CARTESIAN_POINT('',(-10.33222100408,-23.21187853269,
    -5.544060733651));
#10794 = CARTESIAN_POINT('',(-10.21170113299,-23.11653756357,
    -5.591731218214));
#10795 = CARTESIAN_POINT('',(-10.12497276438,-23.00834969658,
    -5.645825151706));
#10796 = CARTESIAN_POINT('',(-10.06076740693,-22.89671728743,
    -5.701641356281));
#10797 = CARTESIAN_POINT('',(-10.01788327188,-22.77667989459,
    -5.761660052704));
#10798 = CARTESIAN_POINT('',(-10.,-22.64838699101,-5.825806504495));
#10799 = CARTESIAN_POINT('',(-10.75,-23.17838699101,-5.560806504495));
#10800 = CARTESIAN_POINT('',(-10.6424204405,-23.17838699101,
    -5.560806504495));
#10801 = CARTESIAN_POINT('',(-10.52695618688,-23.15355299181,
    -5.573223504094));
#10802 = CARTESIAN_POINT('',(-10.41472684028,-23.0977132273,
    -5.60114338635));
#10803 = CARTESIAN_POINT('',(-10.32396509972,-23.01307996288,
    -5.643460018556));
#10804 = CARTESIAN_POINT('',(-10.26744165699,-22.91590452463,
    -5.69204773768));
#10805 = CARTESIAN_POINT('',(-10.23655245384,-22.82570352707,
    -5.737148236464));
#10806 = CARTESIAN_POINT('',(-10.21989961336,-22.73827495621,
    -5.780862521892));
#10807 = CARTESIAN_POINT('',(-10.21999953503,-22.64798243106,
    -5.826008784468));
#10808 = DEFINITIONAL_REPRESENTATION('',(#10809),#10812);
#10809 = B_SPLINE_CURVE_WITH_KNOTS('',1,(#10810,#10811),.UNSPECIFIED.,
  .F.,.F.,(2,2),(0.,1.138339350096),.PIECEWISE_BEZIER_KNOTS.);
#10810 = CARTESIAN_POINT('',(0.,3.190708169801));
#10811 = CARTESIAN_POINT('',(1.138339350096,3.190708169801));
#10812 = ( GEOMETRIC_REPRESENTATION_CONTEXT(2) 
PARAMETRIC_REPRESENTATION_CONTEXT() REPRESENTATION_CONTEXT('2D SPACE',''
  ) );
#10813 = ORIENTED_EDGE('',*,*,#10814,.T.);
#10814 = EDGE_CURVE('',#10764,#6336,#10815,.T.);
#10815 = SURFACE_CURVE('',#10816,(#10820,#10827),.PCURVE_S1.);
#10816 = LINE('',#10817,#10818);
#10817 = CARTESIAN_POINT('',(-10.22,-22.55,-5.875));
#10818 = VECTOR('',#10819,1.);
#10819 = DIRECTION('',(-0.,0.894427191,-0.4472135955));
#10820 = PCURVE('',#6076,#10821);
#10821 = DEFINITIONAL_REPRESENTATION('',(#10822),#10826);
#10822 = LINE('',#10823,#10824);
#10823 = CARTESIAN_POINT('',(1.570796326795,0.));
#10824 = VECTOR('',#10825,1.);
#10825 = DIRECTION('',(0.,1.));
#10826 = ( GEOMETRIC_REPRESENTATION_CONTEXT(2) 
PARAMETRIC_REPRESENTATION_CONTEXT() REPRESENTATION_CONTEXT('2D SPACE',''
  ) );
#10827 = PCURVE('',#6443,#10828);
#10828 = DEFINITIONAL_REPRESENTATION('',(#10829),#10833);
#10829 = LINE('',#10830,#10831);
#10830 = CARTESIAN_POINT('',(0.838525491562,-19.78));
#10831 = VECTOR('',#10832,1.);
#10832 = DIRECTION('',(1.,0.));
#10833 = ( GEOMETRIC_REPRESENTATION_CONTEXT(2) 
PARAMETRIC_REPRESENTATION_CONTEXT() REPRESENTATION_CONTEXT('2D SPACE',''
  ) );
#10834 = ORIENTED_EDGE('',*,*,#6335,.F.);
#10835 = ORIENTED_EDGE('',*,*,#6060,.F.);
#10836 = ADVANCED_FACE('',(#10837),#6104,.T.);
#10837 = FACE_BOUND('',#10838,.T.);
#10838 = EDGE_LOOP('',(#10839,#10864,#10897,#10898));
#10839 = ORIENTED_EDGE('',*,*,#10840,.F.);
#10840 = EDGE_CURVE('',#10841,#10843,#10845,.T.);
#10841 = VERTEX_POINT('',#10842);
#10842 = CARTESIAN_POINT('',(-10.75,-23.3,-5.364032522475));
#10843 = VERTEX_POINT('',#10844);
#10844 = CARTESIAN_POINT('',(-10.75,-23.3,0.274032522475));
#10845 = SURFACE_CURVE('',#10846,(#10850,#10857),.PCURVE_S1.);
#10846 = LINE('',#10847,#10848);
#10847 = CARTESIAN_POINT('',(-10.75,-23.3,-7.55));
#10848 = VECTOR('',#10849,1.);
#10849 = DIRECTION('',(0.,0.,1.));
#10850 = PCURVE('',#6104,#10851);
#10851 = DEFINITIONAL_REPRESENTATION('',(#10852),#10856);
#10852 = LINE('',#10853,#10854);
#10853 = CARTESIAN_POINT('',(0.,0.));
#10854 = VECTOR('',#10855,1.);
#10855 = DIRECTION('',(0.,1.));
#10856 = ( GEOMETRIC_REPRESENTATION_CONTEXT(2) 
PARAMETRIC_REPRESENTATION_CONTEXT() REPRESENTATION_CONTEXT('2D SPACE',''
  ) );
#10857 = PCURVE('',#7211,#10858);
#10858 = DEFINITIONAL_REPRESENTATION('',(#10859),#10863);
#10859 = LINE('',#10860,#10861);
#10860 = CARTESIAN_POINT('',(7.96,-19.25));
#10861 = VECTOR('',#10862,1.);
#10862 = DIRECTION('',(-1.,0.));
#10863 = ( GEOMETRIC_REPRESENTATION_CONTEXT(2) 
PARAMETRIC_REPRESENTATION_CONTEXT() REPRESENTATION_CONTEXT('2D SPACE',''
  ) );
#10864 = ORIENTED_EDGE('',*,*,#10865,.T.);
#10865 = EDGE_CURVE('',#10841,#6061,#10866,.T.);
#10866 = SURFACE_CURVE('',#10867,(#10877,#10890),.PCURVE_S1.);
#10867 = ( BOUNDED_CURVE() B_SPLINE_CURVE(8,(#10868,#10869,#10870,#10871
    ,#10872,#10873,#10874,#10875,#10876),.UNSPECIFIED.,.F.,.F.) 
B_SPLINE_CURVE_WITH_KNOTS((9,9),(2.052368819705,3.190708169801),
.PIECEWISE_BEZIER_KNOTS.) CURVE() GEOMETRIC_REPRESENTATION_ITEM() 
RATIONAL_B_SPLINE_CURVE((1.,1.,1.,1.,1.,1.,1.,1.,1.)) 
REPRESENTATION_ITEM('') );
#10868 = CARTESIAN_POINT('',(-10.75,-23.3,-5.364032522475));
#10869 = CARTESIAN_POINT('',(-10.60284159988,-23.3,-5.364032522475));
#10870 = CARTESIAN_POINT('',(-10.4510995075,-23.26702705779,
    -5.375737212155));
#10871 = CARTESIAN_POINT('',(-10.30482652879,-23.19729336198,
    -5.400458749843));
#10872 = CARTESIAN_POINT('',(-10.17985562357,-23.09217219892,
    -5.438711164512));
#10873 = CARTESIAN_POINT('',(-10.08930526606,-22.9641332622,
    -5.482948303609));
#10874 = CARTESIAN_POINT('',(-10.03080488932,-22.83048830959,
    -5.529931311534));
#10875 = CARTESIAN_POINT('',(-10.,-22.69209890001,-5.578824288516));
#10876 = CARTESIAN_POINT('',(-10.,-22.55,-5.629032522475));
#10877 = PCURVE('',#6104,#10878);
#10878 = DEFINITIONAL_REPRESENTATION('',(#10879),#10889);
#10879 = B_SPLINE_CURVE_WITH_KNOTS('',8,(#10880,#10881,#10882,#10883,
    #10884,#10885,#10886,#10887,#10888),.UNSPECIFIED.,.F.,.F.,(9,9),(
    2.052368819705,3.190708169801),.PIECEWISE_BEZIER_KNOTS.);
#10880 = CARTESIAN_POINT('',(0.,2.185967477525));
#10881 = CARTESIAN_POINT('',(0.196211200157,2.185967477525));
#10882 = CARTESIAN_POINT('',(0.398500446768,2.174262519617));
#10883 = CARTESIAN_POINT('',(0.605231247271,2.14954272606));
#10884 = CARTESIAN_POINT('',(0.808902904262,2.111286007641));
#10885 = CARTESIAN_POINT('',(1.008213064631,2.067054180184));
#10886 = CARTESIAN_POINT('',(1.196819418101,2.020067792492));
#10887 = CARTESIAN_POINT('',(1.38133112677,1.971175711484));
#10888 = CARTESIAN_POINT('',(1.570796326795,1.920967477525));
#10889 = ( GEOMETRIC_REPRESENTATION_CONTEXT(2) 
PARAMETRIC_REPRESENTATION_CONTEXT() REPRESENTATION_CONTEXT('2D SPACE',''
  ) );
#10890 = PCURVE('',#10780,#10891);
#10891 = DEFINITIONAL_REPRESENTATION('',(#10892),#10896);
#10892 = LINE('',#10893,#10894);
#10893 = CARTESIAN_POINT('',(0.,0.));
#10894 = VECTOR('',#10895,1.);
#10895 = DIRECTION('',(0.,1.));
#10896 = ( GEOMETRIC_REPRESENTATION_CONTEXT(2) 
PARAMETRIC_REPRESENTATION_CONTEXT() REPRESENTATION_CONTEXT('2D SPACE',''
  ) );
#10897 = ORIENTED_EDGE('',*,*,#6088,.T.);
#10898 = ORIENTED_EDGE('',*,*,#10899,.T.);
#10899 = EDGE_CURVE('',#6089,#10843,#10900,.T.);
#10900 = SURFACE_CURVE('',#10901,(#10911,#10924),.PCURVE_S1.);
#10901 = ( BOUNDED_CURVE() B_SPLINE_CURVE(8,(#10902,#10903,#10904,#10905
    ,#10906,#10907,#10908,#10909,#10910),.UNSPECIFIED.,.F.,.F.) 
B_SPLINE_CURVE_WITH_KNOTS((9,9),(0.613369798885,1.751709148981),
.PIECEWISE_BEZIER_KNOTS.) CURVE() GEOMETRIC_REPRESENTATION_ITEM() 
RATIONAL_B_SPLINE_CURVE((1.,1.,1.,1.,1.,1.,1.,1.,1.)) 
REPRESENTATION_ITEM('') );
#10902 = CARTESIAN_POINT('',(-10.,-22.55,0.539032522475));
#10903 = CARTESIAN_POINT('',(-10.,-22.69209890001,0.488824288516));
#10904 = CARTESIAN_POINT('',(-10.03080488932,-22.83048830959,
    0.439931311534));
#10905 = CARTESIAN_POINT('',(-10.08930526606,-22.9641332622,
    0.392948303609));
#10906 = CARTESIAN_POINT('',(-10.17985562357,-23.09217219892,
    0.348711164512));
#10907 = CARTESIAN_POINT('',(-10.30482652879,-23.19729336198,
    0.310458749843));
#10908 = CARTESIAN_POINT('',(-10.4510995075,-23.26702705779,
    0.285737212155));
#10909 = CARTESIAN_POINT('',(-10.60284159988,-23.3,0.274032522475));
#10910 = CARTESIAN_POINT('',(-10.75,-23.3,0.274032522475));
#10911 = PCURVE('',#6104,#10912);
#10912 = DEFINITIONAL_REPRESENTATION('',(#10913),#10923);
#10913 = B_SPLINE_CURVE_WITH_KNOTS('',8,(#10914,#10915,#10916,#10917,
    #10918,#10919,#10920,#10921,#10922),.UNSPECIFIED.,.F.,.F.,(9,9),(
    0.613369798885,1.751709148981),.PIECEWISE_BEZIER_KNOTS.);
#10914 = CARTESIAN_POINT('',(1.570796326795,8.089032522475));
#10915 = CARTESIAN_POINT('',(1.38133112677,8.038824288516));
#10916 = CARTESIAN_POINT('',(1.196819418101,7.989932207508));
#10917 = CARTESIAN_POINT('',(1.008213064631,7.942945819816));
#10918 = CARTESIAN_POINT('',(0.808902904262,7.898713992358));
#10919 = CARTESIAN_POINT('',(0.605231247271,7.860457273941));
#10920 = CARTESIAN_POINT('',(0.398500446768,7.835737480383));
#10921 = CARTESIAN_POINT('',(0.196211200157,7.824032522475));
#10922 = CARTESIAN_POINT('',(4.440892098501E-16,7.824032522475));
#10923 = ( GEOMETRIC_REPRESENTATION_CONTEXT(2) 
PARAMETRIC_REPRESENTATION_CONTEXT() REPRESENTATION_CONTEXT('2D SPACE',''
  ) );
#10924 = PCURVE('',#10925,#10953);
#10925 = ( BOUNDED_SURFACE() B_SPLINE_SURFACE(2,8,(
    (#10926,#10927,#10928,#10929,#10930,#10931,#10932,#10933,#10934)
    ,(#10935,#10936,#10937,#10938,#10939,#10940,#10941,#10942,#10943)
    ,(#10944,#10945,#10946,#10947,#10948,#10949,#10950,#10951,#10952
)),.UNSPECIFIED.,.F.,.F.,.F.) B_SPLINE_SURFACE_WITH_KNOTS((3,3),(9,9),(
    0.,1.138339350096),(0.613369798885,1.751709148981),
.PIECEWISE_BEZIER_KNOTS.) GEOMETRIC_REPRESENTATION_ITEM() 
RATIONAL_B_SPLINE_SURFACE((
    (1.,1.,1.,1.,1.,1.,1.,1.,1.)
    ,(0.707106781187,0.737063922972,0.764779788115,0.790872696687
      ,0.815571138552,0.8327768945,0.844946619707,0.850650808352
      ,0.850650808352)
,(1.,1.,1.,1.,1.,1.,1.,1.,1.))) REPRESENTATION_ITEM('') SURFACE() );
#10926 = CARTESIAN_POINT('',(-10.21999953503,-22.64798243106,
    0.736008784468));
#10927 = CARTESIAN_POINT('',(-10.21989961336,-22.73827495621,
    0.690862521892));
#10928 = CARTESIAN_POINT('',(-10.23655245384,-22.82570352707,
    0.647148236464));
#10929 = CARTESIAN_POINT('',(-10.26744165699,-22.91590452464,
    0.60204773768));
#10930 = CARTESIAN_POINT('',(-10.32396509972,-23.01307996288,
    0.553460018556));
#10931 = CARTESIAN_POINT('',(-10.41472684028,-23.0977132273,
    0.51114338635));
#10932 = CARTESIAN_POINT('',(-10.52695618688,-23.15355299181,
    0.483223504094));
#10933 = CARTESIAN_POINT('',(-10.6424204405,-23.17838699101,
    0.470806504495));
#10934 = CARTESIAN_POINT('',(-10.75,-23.17838699101,0.470806504495));
#10935 = CARTESIAN_POINT('',(-10.,-22.64838699101,0.735806504495));
#10936 = CARTESIAN_POINT('',(-10.01788327188,-22.77667989459,
    0.671660052704));
#10937 = CARTESIAN_POINT('',(-10.06076740693,-22.89671728743,
    0.611641356281));
#10938 = CARTESIAN_POINT('',(-10.12497276438,-23.00834969658,
    0.555825151706));
#10939 = CARTESIAN_POINT('',(-10.21170113299,-23.11653756357,
    0.501731218214));
#10940 = CARTESIAN_POINT('',(-10.33222100408,-23.21187853269,
    0.454060733651));
#10941 = CARTESIAN_POINT('',(-10.47267631881,-23.27222509718,
    0.423887451407));
#10942 = CARTESIAN_POINT('',(-10.61507213425,-23.3,0.41));
#10943 = CARTESIAN_POINT('',(-10.75,-23.3,0.41));
#10944 = CARTESIAN_POINT('',(-10.,-22.55,0.539032522475));
#10945 = CARTESIAN_POINT('',(-10.,-22.69209890001,0.488824288516));
#10946 = CARTESIAN_POINT('',(-10.03080488932,-22.83048830959,
    0.439931311534));
#10947 = CARTESIAN_POINT('',(-10.08930526606,-22.9641332622,
    0.392948303609));
#10948 = CARTESIAN_POINT('',(-10.17985562357,-23.09217219892,
    0.348711164512));
#10949 = CARTESIAN_POINT('',(-10.30482652879,-23.19729336198,
    0.310458749843));
#10950 = CARTESIAN_POINT('',(-10.4510995075,-23.26702705779,
    0.285737212155));
#10951 = CARTESIAN_POINT('',(-10.60284159988,-23.3,0.274032522475));
#10952 = CARTESIAN_POINT('',(-10.75,-23.3,0.274032522475));
#10953 = DEFINITIONAL_REPRESENTATION('',(#10954),#10958);
#10954 = LINE('',#10955,#10956);
#10955 = CARTESIAN_POINT('',(1.138339350096,0.));
#10956 = VECTOR('',#10957,1.);
#10957 = DIRECTION('',(0.,1.));
#10958 = ( GEOMETRIC_REPRESENTATION_CONTEXT(2) 
PARAMETRIC_REPRESENTATION_CONTEXT() REPRESENTATION_CONTEXT('2D SPACE',''
  ) );
#10959 = ADVANCED_FACE('',(#10960),#6160,.T.);
#10960 = FACE_BOUND('',#10961,.T.);
#10961 = EDGE_LOOP('',(#10962,#10989,#10990,#10991,#11026));
#10962 = ORIENTED_EDGE('',*,*,#10963,.F.);
#10963 = EDGE_CURVE('',#6117,#10964,#10966,.T.);
#10964 = VERTEX_POINT('',#10965);
#10965 = CARTESIAN_POINT('',(-10.22,-22.06895382089,1.015610349873));
#10966 = SURFACE_CURVE('',#10967,(#10972,#10978),.PCURVE_S1.);
#10967 = CIRCLE('',#10968,0.22);
#10968 = AXIS2_PLACEMENT_3D('',#10969,#10970,#10971);
#10969 = CARTESIAN_POINT('',(-10.22,-22.02983131883,0.79911686306));
#10970 = DIRECTION('',(-0.,-0.984061303693,-0.177829554836));
#10971 = DIRECTION('',(0.,-0.177829554836,0.984061303693));
#10972 = PCURVE('',#6160,#10973);
#10973 = DEFINITIONAL_REPRESENTATION('',(#10974),#10977);
#10974 = B_SPLINE_CURVE_WITH_KNOTS('',1,(#10975,#10976),.UNSPECIFIED.,
  .F.,.F.,(2,2),(4.712388980385,6.28318530718),
  .PIECEWISE_BEZIER_KNOTS.);
#10975 = CARTESIAN_POINT('',(1.570796326795,3.15490295062E-02));
#10976 = CARTESIAN_POINT('',(0.,3.15490295062E-02));
#10977 = ( GEOMETRIC_REPRESENTATION_CONTEXT(2) 
PARAMETRIC_REPRESENTATION_CONTEXT() REPRESENTATION_CONTEXT('2D SPACE',''
  ) );
#10978 = PCURVE('',#10979,#10984);
#10979 = SPHERICAL_SURFACE('',#10980,0.22);
#10980 = AXIS2_PLACEMENT_3D('',#10981,#10982,#10983);
#10981 = CARTESIAN_POINT('',(-10.22,-22.02983131883,0.79911686306));
#10982 = DIRECTION('',(-1.,0.,0.));
#10983 = DIRECTION('',(0.,-0.177829554836,0.984061303693));
#10984 = DEFINITIONAL_REPRESENTATION('',(#10985),#10988);
#10985 = B_SPLINE_CURVE_WITH_KNOTS('',1,(#10986,#10987),.UNSPECIFIED.,
  .F.,.F.,(2,2),(4.712388980385,6.28318530718),
  .PIECEWISE_BEZIER_KNOTS.);
#10986 = CARTESIAN_POINT('',(0.,-1.570796326795));
#10987 = CARTESIAN_POINT('',(0.,0.));
#10988 = ( GEOMETRIC_REPRESENTATION_CONTEXT(2) 
PARAMETRIC_REPRESENTATION_CONTEXT() REPRESENTATION_CONTEXT('2D SPACE',''
  ) );
#10989 = ORIENTED_EDGE('',*,*,#6144,.T.);
#10990 = ORIENTED_EDGE('',*,*,#10492,.F.);
#10991 = ORIENTED_EDGE('',*,*,#10992,.F.);
#10992 = EDGE_CURVE('',#10993,#10467,#10995,.T.);
#10993 = VERTEX_POINT('',#10994);
#10994 = CARTESIAN_POINT('',(-10.22,-16.54449109451,2.013935092092));
#10995 = SURFACE_CURVE('',#10996,(#11004,#11015),.PCURVE_S1.);
#10996 = B_SPLINE_CURVE_WITH_KNOTS('',6,(#10997,#10998,#10999,#11000,
    #11001,#11002,#11003),.UNSPECIFIED.,.F.,.F.,(7,7),(0.,1.),
  .PIECEWISE_BEZIER_KNOTS.);
#10997 = CARTESIAN_POINT('',(-10.22,-16.54449109451,2.013935092092));
#10998 = CARTESIAN_POINT('',(-10.18621582813,-16.56635058653,
    2.009984866919));
#10999 = CARTESIAN_POINT('',(-10.15262925893,-16.5896201438,
    1.99945350498));
#11000 = CARTESIAN_POINT('',(-10.12070875685,-16.61330634137,
    1.982658322001));
#11001 = CARTESIAN_POINT('',(-10.09176069009,-16.63643008274,
    1.96040600218));
#11002 = CARTESIAN_POINT('',(-10.06677532288,-16.65817947594,
    1.933715657678));
#11003 = CARTESIAN_POINT('',(-10.04649635583,-16.67786050823,
    1.903725980916));
#11004 = PCURVE('',#6160,#11005);
#11005 = DEFINITIONAL_REPRESENTATION('',(#11006),#11014);
#11006 = B_SPLINE_CURVE_WITH_KNOTS('',6,(#11007,#11008,#11009,#11010,
    #11011,#11012,#11013),.UNSPECIFIED.,.F.,.F.,(7,7),(0.,1.),
  .PIECEWISE_BEZIER_KNOTS.);
#11007 = CARTESIAN_POINT('',(0.,5.645490666721));
#11008 = CARTESIAN_POINT('',(0.153564417571,5.623277119726));
#11009 = CARTESIAN_POINT('',(0.306228703682,5.598505661451));
#11010 = CARTESIAN_POINT('',(0.457850003314,5.572210311087));
#11011 = CARTESIAN_POINT('',(0.608578420715,5.54549801188));
#11012 = CARTESIAN_POINT('',(0.758694137673,5.51934894357));
#11013 = CARTESIAN_POINT('',(0.908614972618,5.494648550405));
#11014 = ( GEOMETRIC_REPRESENTATION_CONTEXT(2) 
PARAMETRIC_REPRESENTATION_CONTEXT() REPRESENTATION_CONTEXT('2D SPACE',''
  ) );
#11015 = PCURVE('',#9682,#11016);
#11016 = DEFINITIONAL_REPRESENTATION('',(#11017),#11025);
#11017 = B_SPLINE_CURVE_WITH_KNOTS('',6,(#11018,#11019,#11020,#11021,
    #11022,#11023,#11024),.UNSPECIFIED.,.F.,.F.,(7,7),(0.,1.),
  .PIECEWISE_BEZIER_KNOTS.);
#11018 = CARTESIAN_POINT('',(-4.159035865855,-0.110209111176));
#11019 = CARTESIAN_POINT('',(-4.161104641446,-0.106258886002));
#11020 = CARTESIAN_POINT('',(-4.163202664137,-9.572752406359E-02));
#11021 = CARTESIAN_POINT('',(-4.165238180941,-7.893234108442E-02));
#11022 = CARTESIAN_POINT('',(-4.167126977305,-5.668002126322E-02));
#11023 = CARTESIAN_POINT('',(-4.16880373419,-2.998967676154E-02));
#11024 = CARTESIAN_POINT('',(-4.170217501183,4.660040351135E-14));
#11025 = ( GEOMETRIC_REPRESENTATION_CONTEXT(2) 
PARAMETRIC_REPRESENTATION_CONTEXT() REPRESENTATION_CONTEXT('2D SPACE',''
  ) );
#11026 = ORIENTED_EDGE('',*,*,#11027,.F.);
#11027 = EDGE_CURVE('',#10964,#10993,#11028,.T.);
#11028 = SURFACE_CURVE('',#11029,(#11033,#11040),.PCURVE_S1.);
#11029 = LINE('',#11030,#11031);
#11030 = CARTESIAN_POINT('',(-10.22,-22.1,1.01));
#11031 = VECTOR('',#11032,1.);
#11032 = DIRECTION('',(0.,0.984061303693,0.177829554836));
#11033 = PCURVE('',#6160,#11034);
#11034 = DEFINITIONAL_REPRESENTATION('',(#11035),#11039);
#11035 = LINE('',#11036,#11037);
#11036 = CARTESIAN_POINT('',(0.,0.));
#11037 = VECTOR('',#11038,1.);
#11038 = DIRECTION('',(0.,1.));
#11039 = ( GEOMETRIC_REPRESENTATION_CONTEXT(2) 
PARAMETRIC_REPRESENTATION_CONTEXT() REPRESENTATION_CONTEXT('2D SPACE',''
  ) );
#11040 = PCURVE('',#7466,#11041);
#11041 = DEFINITIONAL_REPRESENTATION('',(#11042),#11046);
#11042 = LINE('',#11043,#11044);
#11043 = CARTESIAN_POINT('',(8.097641594674,-19.78));
#11044 = VECTOR('',#11045,1.);
#11045 = DIRECTION('',(-1.,0.));
#11046 = ( GEOMETRIC_REPRESENTATION_CONTEXT(2) 
PARAMETRIC_REPRESENTATION_CONTEXT() REPRESENTATION_CONTEXT('2D SPACE',''
  ) );
#11047 = ADVANCED_FACE('',(#11048),#6132,.T.);
#11048 = FACE_BOUND('',#11049,.F.);
#11049 = EDGE_LOOP('',(#11050,#11072,#11073,#11099));
#11050 = ORIENTED_EDGE('',*,*,#11051,.F.);
#11051 = EDGE_CURVE('',#6117,#11052,#11054,.T.);
#11052 = VERTEX_POINT('',#11053);
#11053 = CARTESIAN_POINT('',(-10.22,-22.12821830984,0.99589084508));
#11054 = SURFACE_CURVE('',#11055,(#11060,#11066),.PCURVE_S1.);
#11055 = CIRCLE('',#11056,0.22);
#11056 = AXIS2_PLACEMENT_3D('',#11057,#11058,#11059);
#11057 = CARTESIAN_POINT('',(-10.22,-22.02983131883,0.79911686306));
#11058 = DIRECTION('',(-0.,-0.894427191,-0.4472135955));
#11059 = DIRECTION('',(0.,-0.4472135955,0.894427191));
#11060 = PCURVE('',#6132,#11061);
#11061 = DEFINITIONAL_REPRESENTATION('',(#11062),#11065);
#11062 = B_SPLINE_CURVE_WITH_KNOTS('',1,(#11063,#11064),.UNSPECIFIED.,
  .F.,.F.,(2,2),(4.712388980385,6.28318530718),
  .PIECEWISE_BEZIER_KNOTS.);
#11063 = CARTESIAN_POINT('',(-1.570796326795,3.15490295062E-02));
#11064 = CARTESIAN_POINT('',(0.,3.15490295062E-02));
#11065 = ( GEOMETRIC_REPRESENTATION_CONTEXT(2) 
PARAMETRIC_REPRESENTATION_CONTEXT() REPRESENTATION_CONTEXT('2D SPACE',''
  ) );
#11066 = PCURVE('',#10979,#11067);
#11067 = DEFINITIONAL_REPRESENTATION('',(#11068),#11071);
#11068 = B_SPLINE_CURVE_WITH_KNOTS('',1,(#11069,#11070),.UNSPECIFIED.,
  .F.,.F.,(2,2),(4.712388980385,6.28318530718),
  .PIECEWISE_BEZIER_KNOTS.);
#11069 = CARTESIAN_POINT('',(-0.284867198812,-1.570796326795));
#11070 = CARTESIAN_POINT('',(-0.284867198812,0.));
#11071 = ( GEOMETRIC_REPRESENTATION_CONTEXT(2) 
PARAMETRIC_REPRESENTATION_CONTEXT() REPRESENTATION_CONTEXT('2D SPACE',''
  ) );
#11072 = ORIENTED_EDGE('',*,*,#6116,.T.);
#11073 = ORIENTED_EDGE('',*,*,#11074,.F.);
#11074 = EDGE_CURVE('',#11075,#6089,#11077,.T.);
#11075 = VERTEX_POINT('',#11076);
#11076 = CARTESIAN_POINT('',(-10.22,-22.64838699101,0.735806504495));
#11077 = SURFACE_CURVE('',#11078,(#11083,#11089),.PCURVE_S1.);
#11078 = CIRCLE('',#11079,0.22);
#11079 = AXIS2_PLACEMENT_3D('',#11080,#11081,#11082);
#11080 = CARTESIAN_POINT('',(-10.22,-22.55,0.539032522475));
#11081 = DIRECTION('',(0.,0.894427191,0.4472135955));
#11082 = DIRECTION('',(0.,-0.4472135955,0.894427191));
#11083 = PCURVE('',#6132,#11084);
#11084 = DEFINITIONAL_REPRESENTATION('',(#11085),#11088);
#11085 = B_SPLINE_CURVE_WITH_KNOTS('',1,(#11086,#11087),.UNSPECIFIED.,
  .F.,.F.,(2,2),(0.,1.570796326795),.PIECEWISE_BEZIER_KNOTS.);
#11086 = CARTESIAN_POINT('',(0.,0.613115294937));
#11087 = CARTESIAN_POINT('',(-1.570796326795,0.613115294937));
#11088 = ( GEOMETRIC_REPRESENTATION_CONTEXT(2) 
PARAMETRIC_REPRESENTATION_CONTEXT() REPRESENTATION_CONTEXT('2D SPACE',''
  ) );
#11089 = PCURVE('',#10925,#11090);
#11090 = DEFINITIONAL_REPRESENTATION('',(#11091),#11098);
#11091 = B_SPLINE_CURVE_WITH_KNOTS('',5,(#11092,#11093,#11094,#11095,
    #11096,#11097),.UNSPECIFIED.,.F.,.F.,(6,6),(0.,1.570796326795),
  .PIECEWISE_BEZIER_KNOTS.);
#11092 = CARTESIAN_POINT('',(0.,0.613369798885));
#11093 = CARTESIAN_POINT('',(0.252875423819,0.613369798885));
#11094 = CARTESIAN_POINT('',(0.464775841999,0.613369798885));
#11095 = CARTESIAN_POINT('',(0.673561884666,0.613369798885));
#11096 = CARTESIAN_POINT('',(0.885463926277,0.613369798885));
#11097 = CARTESIAN_POINT('',(1.138339350096,0.613369798885));
#11098 = ( GEOMETRIC_REPRESENTATION_CONTEXT(2) 
PARAMETRIC_REPRESENTATION_CONTEXT() REPRESENTATION_CONTEXT('2D SPACE',''
  ) );
#11099 = ORIENTED_EDGE('',*,*,#11100,.F.);
#11100 = EDGE_CURVE('',#11052,#11075,#11101,.T.);
#11101 = SURFACE_CURVE('',#11102,(#11106,#11113),.PCURVE_S1.);
#11102 = LINE('',#11103,#11104);
#11103 = CARTESIAN_POINT('',(-10.22,-22.1,1.01));
#11104 = VECTOR('',#11105,1.);
#11105 = DIRECTION('',(-0.,-0.894427191,-0.4472135955));
#11106 = PCURVE('',#6132,#11107);
#11107 = DEFINITIONAL_REPRESENTATION('',(#11108),#11112);
#11108 = LINE('',#11109,#11110);
#11109 = CARTESIAN_POINT('',(-0.,0.));
#11110 = VECTOR('',#11111,1.);
#11111 = DIRECTION('',(-0.,1.));
#11112 = ( GEOMETRIC_REPRESENTATION_CONTEXT(2) 
PARAMETRIC_REPRESENTATION_CONTEXT() REPRESENTATION_CONTEXT('2D SPACE',''
  ) );
#11113 = PCURVE('',#7433,#11114);
#11114 = DEFINITIONAL_REPRESENTATION('',(#11115),#11119);
#11115 = LINE('',#11116,#11117);
#11116 = CARTESIAN_POINT('',(0.,-19.78));
#11117 = VECTOR('',#11118,1.);
#11118 = DIRECTION('',(1.,0.));
#11119 = ( GEOMETRIC_REPRESENTATION_CONTEXT(2) 
PARAMETRIC_REPRESENTATION_CONTEXT() REPRESENTATION_CONTEXT('2D SPACE',''
  ) );
#11120 = ADVANCED_FACE('',(#11121),#6317,.T.);
#11121 = FACE_BOUND('',#11122,.T.);
#11122 = EDGE_LOOP('',(#11123,#11124,#11159,#11187,#11220,#11221));
#11123 = ORIENTED_EDGE('',*,*,#6644,.T.);
#11124 = ORIENTED_EDGE('',*,*,#11125,.T.);
#11125 = EDGE_CURVE('',#6619,#11126,#11128,.T.);
#11126 = VERTEX_POINT('',#11127);
#11127 = CARTESIAN_POINT('',(-11.27413896545,23.17838699101,
    -5.560806504495));
#11128 = SURFACE_CURVE('',#11129,(#11139,#11152),.PCURVE_S1.);
#11129 = ( BOUNDED_CURVE() B_SPLINE_CURVE(8,(#11130,#11131,#11132,#11133
    ,#11134,#11135,#11136,#11137,#11138),.UNSPECIFIED.,.F.,.F.) 
B_SPLINE_CURVE_WITH_KNOTS((9,9),(0.415644933983,1.528229854249),
.PIECEWISE_BEZIER_KNOTS.) CURVE() GEOMETRIC_REPRESENTATION_ITEM() 
RATIONAL_B_SPLINE_CURVE((1.,1.,1.,1.,1.,1.,1.,1.,1.)) 
REPRESENTATION_ITEM('') );
#11130 = CARTESIAN_POINT('',(-11.80386832168,22.665339542323,
    -5.817330228839));
#11131 = CARTESIAN_POINT('',(-11.80105836304,22.754037202187,
    -5.772981398907));
#11132 = CARTESIAN_POINT('',(-11.7821640022,22.839421864514,
    -5.730289067743));
#11133 = CARTESIAN_POINT('',(-11.74937372185,22.926876720983,
    -5.686561639508));
#11134 = CARTESIAN_POINT('',(-11.69202343076,23.020228731756,
    -5.639885634122));
#11135 = CARTESIAN_POINT('',(-11.60233322971,23.101111278444,
    -5.599444360778));
#11136 = CARTESIAN_POINT('',(-11.49253523756,23.154544857233,
    -5.572727571383));
#11137 = CARTESIAN_POINT('',(-11.37956034835,23.17838699101,
    -5.560806504495));
#11138 = CARTESIAN_POINT('',(-11.27413896545,23.17838699101,
    -5.560806504495));
#11139 = PCURVE('',#6317,#11140);
#11140 = DEFINITIONAL_REPRESENTATION('',(#11141),#11151);
#11141 = B_SPLINE_CURVE_WITH_KNOTS('',8,(#11142,#11143,#11144,#11145,
    #11146,#11147,#11148,#11149,#11150),.UNSPECIFIED.,.F.,.F.,(9,9),(
    0.415644933983,1.528229854249),.PIECEWISE_BEZIER_KNOTS.);
#11142 = CARTESIAN_POINT('',(0.709571962999,-18.19613167831));
#11143 = CARTESIAN_POINT('',(0.610404964548,-18.19894163695));
#11144 = CARTESIAN_POINT('',(0.514942009949,-18.21783599779));
#11145 = CARTESIAN_POINT('',(0.417164507935,-18.25062627814));
#11146 = CARTESIAN_POINT('',(0.312793786972,-18.30797656923));
#11147 = CARTESIAN_POINT('',(0.222364350678,-18.39766677028));
#11148 = CARTESIAN_POINT('',(0.162623793452,-18.50746476243));
#11149 = CARTESIAN_POINT('',(0.135967477525,-18.62043965164));
#11150 = CARTESIAN_POINT('',(0.135967477525,-18.72586103454));
#11151 = ( GEOMETRIC_REPRESENTATION_CONTEXT(2) 
PARAMETRIC_REPRESENTATION_CONTEXT() REPRESENTATION_CONTEXT('2D SPACE',''
  ) );
#11152 = PCURVE('',#6489,#11153);
#11153 = DEFINITIONAL_REPRESENTATION('',(#11154),#11158);
#11154 = LINE('',#11155,#11156);
#11155 = CARTESIAN_POINT('',(0.,0.));
#11156 = VECTOR('',#11157,1.);
#11157 = DIRECTION('',(0.,1.));
#11158 = ( GEOMETRIC_REPRESENTATION_CONTEXT(2) 
PARAMETRIC_REPRESENTATION_CONTEXT() REPRESENTATION_CONTEXT('2D SPACE',''
  ) );
#11159 = ORIENTED_EDGE('',*,*,#11160,.T.);
#11160 = EDGE_CURVE('',#11126,#11161,#11163,.T.);
#11161 = VERTEX_POINT('',#11162);
#11162 = CARTESIAN_POINT('',(-10.75,23.17838699101,-5.560806504495));
#11163 = SURFACE_CURVE('',#11164,(#11168,#11175),.PCURVE_S1.);
#11164 = LINE('',#11165,#11166);
#11165 = CARTESIAN_POINT('',(-11.27413896545,23.17838699101,
    -5.560806504495));
#11166 = VECTOR('',#11167,1.);
#11167 = DIRECTION('',(1.,0.,0.));
#11168 = PCURVE('',#6317,#11169);
#11169 = DEFINITIONAL_REPRESENTATION('',(#11170),#11174);
#11170 = LINE('',#11171,#11172);
#11171 = CARTESIAN_POINT('',(0.135967477525,-18.72586103454));
#11172 = VECTOR('',#11173,1.);
#11173 = DIRECTION('',(0.,-1.));
#11174 = ( GEOMETRIC_REPRESENTATION_CONTEXT(2) 
PARAMETRIC_REPRESENTATION_CONTEXT() REPRESENTATION_CONTEXT('2D SPACE',''
  ) );
#11175 = PCURVE('',#11176,#11181);
#11176 = CYLINDRICAL_SURFACE('',#11177,0.22);
#11177 = AXIS2_PLACEMENT_3D('',#11178,#11179,#11180);
#11178 = CARTESIAN_POINT('',(-11.27413896545,23.08,-5.364032522475));
#11179 = DIRECTION('',(1.,0.,0.));
#11180 = DIRECTION('',(0.,0.4472135955,-0.894427191));
#11181 = DEFINITIONAL_REPRESENTATION('',(#11182),#11186);
#11182 = LINE('',#11183,#11184);
#11183 = CARTESIAN_POINT('',(0.,0.));
#11184 = VECTOR('',#11185,1.);
#11185 = DIRECTION('',(0.,1.));
#11186 = ( GEOMETRIC_REPRESENTATION_CONTEXT(2) 
PARAMETRIC_REPRESENTATION_CONTEXT() REPRESENTATION_CONTEXT('2D SPACE',''
  ) );
#11187 = ORIENTED_EDGE('',*,*,#11188,.T.);
#11188 = EDGE_CURVE('',#11161,#10079,#11189,.T.);
#11189 = SURFACE_CURVE('',#11190,(#11200,#11213),.PCURVE_S1.);
#11190 = ( BOUNDED_CURVE() B_SPLINE_CURVE(8,(#11191,#11192,#11193,#11194
    ,#11195,#11196,#11197,#11198,#11199),.UNSPECIFIED.,.F.,.F.) 
B_SPLINE_CURVE_WITH_KNOTS((9,9),(2.052368819705,3.190708169801),
.PIECEWISE_BEZIER_KNOTS.) CURVE() GEOMETRIC_REPRESENTATION_ITEM() 
RATIONAL_B_SPLINE_CURVE((1.,1.,1.,1.,1.,1.,1.,1.,1.)) 
REPRESENTATION_ITEM('') );
#11191 = CARTESIAN_POINT('',(-10.75,23.17838699101,-5.560806504495));
#11192 = CARTESIAN_POINT('',(-10.6424204405,23.17838699101,
    -5.560806504495));
#11193 = CARTESIAN_POINT('',(-10.52695618688,23.153552991812,
    -5.573223504094));
#11194 = CARTESIAN_POINT('',(-10.41472684028,23.0977132273,
    -5.60114338635));
#11195 = CARTESIAN_POINT('',(-10.32396509972,23.013079962888,
    -5.643460018556));
#11196 = CARTESIAN_POINT('',(-10.26744165699,22.91590452464,
    -5.69204773768));
#11197 = CARTESIAN_POINT('',(-10.23655245384,22.825703527071,
    -5.737148236464));
#11198 = CARTESIAN_POINT('',(-10.21989961336,22.738274956216,
    -5.780862521892));
#11199 = CARTESIAN_POINT('',(-10.21999953503,22.647982431064,
    -5.826008784468));
#11200 = PCURVE('',#6317,#11201);
#11201 = DEFINITIONAL_REPRESENTATION('',(#11202),#11212);
#11202 = B_SPLINE_CURVE_WITH_KNOTS('',8,(#11203,#11204,#11205,#11206,
    #11207,#11208,#11209,#11210,#11211),.UNSPECIFIED.,.F.,.F.,(9,9),(
    2.052368819705,3.190708169801),.PIECEWISE_BEZIER_KNOTS.);
#11203 = CARTESIAN_POINT('',(0.135967477525,-19.25));
#11204 = CARTESIAN_POINT('',(0.135967477525,-19.35757955949));
#11205 = CARTESIAN_POINT('',(0.163732732705,-19.47304381311));
#11206 = CARTESIAN_POINT('',(0.226163487353,-19.58527315971));
#11207 = CARTESIAN_POINT('',(0.320786353545,-19.67603490027));
#11208 = CARTESIAN_POINT('',(0.429431796378,-19.732558343));
#11209 = CARTESIAN_POINT('',(0.530279577478,-19.76344754615));
#11210 = CARTESIAN_POINT('',(0.628027691283,-19.78010038663));
#11211 = CARTESIAN_POINT('',(0.728977803333,-19.78000046496));
#11212 = ( GEOMETRIC_REPRESENTATION_CONTEXT(2) 
PARAMETRIC_REPRESENTATION_CONTEXT() REPRESENTATION_CONTEXT('2D SPACE',''
  ) );
#11213 = PCURVE('',#10095,#11214);
#11214 = DEFINITIONAL_REPRESENTATION('',(#11215),#11219);
#11215 = LINE('',#11216,#11217);
#11216 = CARTESIAN_POINT('',(0.,0.));
#11217 = VECTOR('',#11218,1.);
#11218 = DIRECTION('',(0.,1.));
#11219 = ( GEOMETRIC_REPRESENTATION_CONTEXT(2) 
PARAMETRIC_REPRESENTATION_CONTEXT() REPRESENTATION_CONTEXT('2D SPACE',''
  ) );
#11220 = ORIENTED_EDGE('',*,*,#10131,.T.);
#11221 = ORIENTED_EDGE('',*,*,#6303,.F.);
#11222 = ADVANCED_FACE('',(#11223),#6443,.F.);
#11223 = FACE_BOUND('',#11224,.F.);
#11224 = EDGE_LOOP('',(#11225,#11226,#11261,#11289,#11322,#11323));
#11225 = ORIENTED_EDGE('',*,*,#7289,.T.);
#11226 = ORIENTED_EDGE('',*,*,#11227,.T.);
#11227 = EDGE_CURVE('',#7290,#11228,#11230,.T.);
#11228 = VERTEX_POINT('',#11229);
#11229 = CARTESIAN_POINT('',(-11.27413896545,-23.17838699101,
    -5.560806504495));
#11230 = SURFACE_CURVE('',#11231,(#11241,#11254),.PCURVE_S1.);
#11231 = ( BOUNDED_CURVE() B_SPLINE_CURVE(8,(#11232,#11233,#11234,#11235
    ,#11236,#11237,#11238,#11239,#11240),.UNSPECIFIED.,.F.,.F.) 
B_SPLINE_CURVE_WITH_KNOTS((9,9),(0.415644933983,1.528229854249),
.PIECEWISE_BEZIER_KNOTS.) CURVE() GEOMETRIC_REPRESENTATION_ITEM() 
RATIONAL_B_SPLINE_CURVE((1.,1.,1.,1.,1.,1.,1.,1.,1.)) 
REPRESENTATION_ITEM('') );
#11232 = CARTESIAN_POINT('',(-11.80386832168,-22.66533954232,
    -5.817330228839));
#11233 = CARTESIAN_POINT('',(-11.80105836304,-22.75403720218,
    -5.772981398907));
#11234 = CARTESIAN_POINT('',(-11.7821640022,-22.83942186451,
    -5.730289067743));
#11235 = CARTESIAN_POINT('',(-11.74937372185,-22.92687672098,
    -5.686561639508));
#11236 = CARTESIAN_POINT('',(-11.69202343076,-23.02022873175,
    -5.639885634122));
#11237 = CARTESIAN_POINT('',(-11.60233322971,-23.10111127844,
    -5.599444360778));
#11238 = CARTESIAN_POINT('',(-11.49253523756,-23.15454485723,
    -5.572727571383));
#11239 = CARTESIAN_POINT('',(-11.37956034835,-23.17838699101,
    -5.560806504495));
#11240 = CARTESIAN_POINT('',(-11.27413896545,-23.17838699101,
    -5.560806504495));
#11241 = PCURVE('',#6443,#11242);
#11242 = DEFINITIONAL_REPRESENTATION('',(#11243),#11253);
#11243 = B_SPLINE_CURVE_WITH_KNOTS('',8,(#11244,#11245,#11246,#11247,
    #11248,#11249,#11250,#11251,#11252),.UNSPECIFIED.,.F.,.F.,(9,9),(
    0.415644933983,1.528229854249),.PIECEWISE_BEZIER_KNOTS.);
#11244 = CARTESIAN_POINT('',(0.709571962999,-18.19613167831));
#11245 = CARTESIAN_POINT('',(0.610404964548,-18.19894163695));
#11246 = CARTESIAN_POINT('',(0.514942009949,-18.21783599779));
#11247 = CARTESIAN_POINT('',(0.417164507935,-18.25062627814));
#11248 = CARTESIAN_POINT('',(0.312793786972,-18.30797656923));
#11249 = CARTESIAN_POINT('',(0.222364350678,-18.39766677029));
#11250 = CARTESIAN_POINT('',(0.162623793452,-18.50746476243));
#11251 = CARTESIAN_POINT('',(0.135967477525,-18.62043965164));
#11252 = CARTESIAN_POINT('',(0.135967477525,-18.72586103454));
#11253 = ( GEOMETRIC_REPRESENTATION_CONTEXT(2) 
PARAMETRIC_REPRESENTATION_CONTEXT() REPRESENTATION_CONTEXT('2D SPACE',''
  ) );
#11254 = PCURVE('',#7160,#11255);
#11255 = DEFINITIONAL_REPRESENTATION('',(#11256),#11260);
#11256 = LINE('',#11257,#11258);
#11257 = CARTESIAN_POINT('',(1.112584920266,0.));
#11258 = VECTOR('',#11259,1.);
#11259 = DIRECTION('',(0.,1.));
#11260 = ( GEOMETRIC_REPRESENTATION_CONTEXT(2) 
PARAMETRIC_REPRESENTATION_CONTEXT() REPRESENTATION_CONTEXT('2D SPACE',''
  ) );
#11261 = ORIENTED_EDGE('',*,*,#11262,.T.);
#11262 = EDGE_CURVE('',#11228,#11263,#11265,.T.);
#11263 = VERTEX_POINT('',#11264);
#11264 = CARTESIAN_POINT('',(-10.75,-23.17838699101,-5.560806504495));
#11265 = SURFACE_CURVE('',#11266,(#11270,#11277),.PCURVE_S1.);
#11266 = LINE('',#11267,#11268);
#11267 = CARTESIAN_POINT('',(-11.27413896545,-23.17838699101,
    -5.560806504495));
#11268 = VECTOR('',#11269,1.);
#11269 = DIRECTION('',(1.,0.,0.));
#11270 = PCURVE('',#6443,#11271);
#11271 = DEFINITIONAL_REPRESENTATION('',(#11272),#11276);
#11272 = LINE('',#11273,#11274);
#11273 = CARTESIAN_POINT('',(0.135967477525,-18.72586103454));
#11274 = VECTOR('',#11275,1.);
#11275 = DIRECTION('',(0.,-1.));
#11276 = ( GEOMETRIC_REPRESENTATION_CONTEXT(2) 
PARAMETRIC_REPRESENTATION_CONTEXT() REPRESENTATION_CONTEXT('2D SPACE',''
  ) );
#11277 = PCURVE('',#11278,#11283);
#11278 = CYLINDRICAL_SURFACE('',#11279,0.22);
#11279 = AXIS2_PLACEMENT_3D('',#11280,#11281,#11282);
#11280 = CARTESIAN_POINT('',(-11.27413896545,-23.08,-5.364032522475));
#11281 = DIRECTION('',(1.,0.,0.));
#11282 = DIRECTION('',(0.,-1.,0.));
#11283 = DEFINITIONAL_REPRESENTATION('',(#11284),#11288);
#11284 = LINE('',#11285,#11286);
#11285 = CARTESIAN_POINT('',(1.107148717794,0.));
#11286 = VECTOR('',#11287,1.);
#11287 = DIRECTION('',(0.,1.));
#11288 = ( GEOMETRIC_REPRESENTATION_CONTEXT(2) 
PARAMETRIC_REPRESENTATION_CONTEXT() REPRESENTATION_CONTEXT('2D SPACE',''
  ) );
#11289 = ORIENTED_EDGE('',*,*,#11290,.T.);
#11290 = EDGE_CURVE('',#11263,#10764,#11291,.T.);
#11291 = SURFACE_CURVE('',#11292,(#11302,#11315),.PCURVE_S1.);
#11292 = ( BOUNDED_CURVE() B_SPLINE_CURVE(8,(#11293,#11294,#11295,#11296
    ,#11297,#11298,#11299,#11300,#11301),.UNSPECIFIED.,.F.,.F.) 
B_SPLINE_CURVE_WITH_KNOTS((9,9),(2.052368819705,3.190708169801),
.PIECEWISE_BEZIER_KNOTS.) CURVE() GEOMETRIC_REPRESENTATION_ITEM() 
RATIONAL_B_SPLINE_CURVE((1.,1.,1.,1.,1.,1.,1.,1.,1.)) 
REPRESENTATION_ITEM('') );
#11293 = CARTESIAN_POINT('',(-10.75,-23.17838699101,-5.560806504495));
#11294 = CARTESIAN_POINT('',(-10.6424204405,-23.17838699101,
    -5.560806504495));
#11295 = CARTESIAN_POINT('',(-10.52695618688,-23.15355299181,
    -5.573223504094));
#11296 = CARTESIAN_POINT('',(-10.41472684028,-23.0977132273,
    -5.60114338635));
#11297 = CARTESIAN_POINT('',(-10.32396509972,-23.01307996288,
    -5.643460018556));
#11298 = CARTESIAN_POINT('',(-10.26744165699,-22.91590452463,
    -5.69204773768));
#11299 = CARTESIAN_POINT('',(-10.23655245384,-22.82570352707,
    -5.737148236464));
#11300 = CARTESIAN_POINT('',(-10.21989961336,-22.73827495621,
    -5.780862521892));
#11301 = CARTESIAN_POINT('',(-10.21999953503,-22.64798243106,
    -5.826008784468));
#11302 = PCURVE('',#6443,#11303);
#11303 = DEFINITIONAL_REPRESENTATION('',(#11304),#11314);
#11304 = B_SPLINE_CURVE_WITH_KNOTS('',8,(#11305,#11306,#11307,#11308,
    #11309,#11310,#11311,#11312,#11313),.UNSPECIFIED.,.F.,.F.,(9,9),(
    2.052368819705,3.190708169801),.PIECEWISE_BEZIER_KNOTS.);
#11305 = CARTESIAN_POINT('',(0.135967477525,-19.25));
#11306 = CARTESIAN_POINT('',(0.135967477525,-19.35757955949));
#11307 = CARTESIAN_POINT('',(0.163732732705,-19.47304381311));
#11308 = CARTESIAN_POINT('',(0.226163487353,-19.58527315971));
#11309 = CARTESIAN_POINT('',(0.320786353545,-19.67603490027));
#11310 = CARTESIAN_POINT('',(0.429431796378,-19.732558343));
#11311 = CARTESIAN_POINT('',(0.530279577478,-19.76344754615));
#11312 = CARTESIAN_POINT('',(0.628027691283,-19.78010038663));
#11313 = CARTESIAN_POINT('',(0.728977803333,-19.78000046496));
#11314 = ( GEOMETRIC_REPRESENTATION_CONTEXT(2) 
PARAMETRIC_REPRESENTATION_CONTEXT() REPRESENTATION_CONTEXT('2D SPACE',''
  ) );
#11315 = PCURVE('',#10780,#11316);
#11316 = DEFINITIONAL_REPRESENTATION('',(#11317),#11321);
#11317 = LINE('',#11318,#11319);
#11318 = CARTESIAN_POINT('',(1.138339350096,0.));
#11319 = VECTOR('',#11320,1.);
#11320 = DIRECTION('',(0.,1.));
#11321 = ( GEOMETRIC_REPRESENTATION_CONTEXT(2) 
PARAMETRIC_REPRESENTATION_CONTEXT() REPRESENTATION_CONTEXT('2D SPACE',''
  ) );
#11322 = ORIENTED_EDGE('',*,*,#10814,.T.);
#11323 = ORIENTED_EDGE('',*,*,#6429,.F.);
#11324 = ADVANCED_FACE('',(#11325),#6489,.T.);
#11325 = FACE_BOUND('',#11326,.T.);
#11326 = EDGE_LOOP('',(#11327,#11328,#11329,#11354));
#11327 = ORIENTED_EDGE('',*,*,#6618,.T.);
#11328 = ORIENTED_EDGE('',*,*,#6461,.T.);
#11329 = ORIENTED_EDGE('',*,*,#11330,.F.);
#11330 = EDGE_CURVE('',#11126,#6462,#11331,.T.);
#11331 = SURFACE_CURVE('',#11332,(#11336,#11342),.PCURVE_S1.);
#11332 = ( BOUNDED_CURVE() B_SPLINE_CURVE(2,(#11333,#11334,#11335),
.UNSPECIFIED.,.F.,.F.) B_SPLINE_CURVE_WITH_KNOTS((3,3),(0.,
1.112584920266),.PIECEWISE_BEZIER_KNOTS.) CURVE() 
GEOMETRIC_REPRESENTATION_ITEM() RATIONAL_B_SPLINE_CURVE((1.,
0.850650808352,1.)) REPRESENTATION_ITEM('') );
#11333 = CARTESIAN_POINT('',(-11.27413896545,23.17838699101,
    -5.560806504495));
#11334 = CARTESIAN_POINT('',(-11.27413896545,23.3,-5.5));
#11335 = CARTESIAN_POINT('',(-11.27413896545,23.3,-5.364032522475));
#11336 = PCURVE('',#6489,#11337);
#11337 = DEFINITIONAL_REPRESENTATION('',(#11338),#11341);
#11338 = B_SPLINE_CURVE_WITH_KNOTS('',1,(#11339,#11340),.UNSPECIFIED.,
  .F.,.F.,(2,2),(0.,1.112584920266),.PIECEWISE_BEZIER_KNOTS.);
#11339 = CARTESIAN_POINT('',(0.,1.528229854249));
#11340 = CARTESIAN_POINT('',(1.112584920266,1.528229854249));
#11341 = ( GEOMETRIC_REPRESENTATION_CONTEXT(2) 
PARAMETRIC_REPRESENTATION_CONTEXT() REPRESENTATION_CONTEXT('2D SPACE',''
  ) );
#11342 = PCURVE('',#11176,#11343);
#11343 = DEFINITIONAL_REPRESENTATION('',(#11344),#11353);
#11344 = B_SPLINE_CURVE_WITH_KNOTS('',7,(#11345,#11346,#11347,#11348,
    #11349,#11350,#11351,#11352),.UNSPECIFIED.,.F.,.F.,(8,8),(0.,
    1.112584920266),.PIECEWISE_BEZIER_KNOTS.);
#11345 = CARTESIAN_POINT('',(-3.330669073875E-16,0.));
#11346 = CARTESIAN_POINT('',(0.150208889177,0.));
#11347 = CARTESIAN_POINT('',(0.307896460783,0.));
#11348 = CARTESIAN_POINT('',(0.470957493901,0.));
#11349 = CARTESIAN_POINT('',(0.636191223893,0.));
#11350 = CARTESIAN_POINT('',(0.799252257011,0.));
#11351 = CARTESIAN_POINT('',(0.956939828617,0.));
#11352 = CARTESIAN_POINT('',(1.107148717794,0.));
#11353 = ( GEOMETRIC_REPRESENTATION_CONTEXT(2) 
PARAMETRIC_REPRESENTATION_CONTEXT() REPRESENTATION_CONTEXT('2D SPACE',''
  ) );
#11354 = ORIENTED_EDGE('',*,*,#11125,.F.);
#11355 = ADVANCED_FACE('',(#11356),#6578,.F.);
#11356 = FACE_BOUND('',#11357,.F.);
#11357 = EDGE_LOOP('',(#11358,#11359,#11360,#11392));
#11358 = ORIENTED_EDGE('',*,*,#6749,.T.);
#11359 = ORIENTED_EDGE('',*,*,#6552,.T.);
#11360 = ORIENTED_EDGE('',*,*,#11361,.F.);
#11361 = EDGE_CURVE('',#11362,#6525,#11364,.T.);
#11362 = VERTEX_POINT('',#11363);
#11363 = CARTESIAN_POINT('',(-11.27413896545,23.17838699101,
    0.470806504495));
#11364 = SURFACE_CURVE('',#11365,(#11369,#11375),.PCURVE_S1.);
#11365 = ( BOUNDED_CURVE() B_SPLINE_CURVE(2,(#11366,#11367,#11368),
.UNSPECIFIED.,.F.,.F.) B_SPLINE_CURVE_WITH_KNOTS((3,3),(0.,
1.112584920266),.PIECEWISE_BEZIER_KNOTS.) CURVE() 
GEOMETRIC_REPRESENTATION_ITEM() RATIONAL_B_SPLINE_CURVE((1.,
0.850650808352,1.)) REPRESENTATION_ITEM('') );
#11366 = CARTESIAN_POINT('',(-11.27413896545,23.17838699101,
    0.470806504495));
#11367 = CARTESIAN_POINT('',(-11.27413896545,23.3,0.41));
#11368 = CARTESIAN_POINT('',(-11.27413896545,23.3,0.274032522475));
#11369 = PCURVE('',#6578,#11370);
#11370 = DEFINITIONAL_REPRESENTATION('',(#11371),#11374);
#11371 = B_SPLINE_CURVE_WITH_KNOTS('',1,(#11372,#11373),.UNSPECIFIED.,
  .F.,.F.,(2,2),(0.,1.112584920266),.PIECEWISE_BEZIER_KNOTS.);
#11372 = CARTESIAN_POINT('',(0.,1.751932391417));
#11373 = CARTESIAN_POINT('',(1.112584920266,1.751932391417));
#11374 = ( GEOMETRIC_REPRESENTATION_CONTEXT(2) 
PARAMETRIC_REPRESENTATION_CONTEXT() REPRESENTATION_CONTEXT('2D SPACE',''
  ) );
#11375 = PCURVE('',#11376,#11381);
#11376 = CYLINDRICAL_SURFACE('',#11377,0.22);
#11377 = AXIS2_PLACEMENT_3D('',#11378,#11379,#11380);
#11378 = CARTESIAN_POINT('',(-11.27413896545,23.08,0.274032522475));
#11379 = DIRECTION('',(1.,0.,0.));
#11380 = DIRECTION('',(-0.,0.4472135955,0.894427191));
#11381 = DEFINITIONAL_REPRESENTATION('',(#11382),#11391);
#11382 = B_SPLINE_CURVE_WITH_KNOTS('',7,(#11383,#11384,#11385,#11386,
    #11387,#11388,#11389,#11390),.UNSPECIFIED.,.F.,.F.,(8,8),(0.,
    1.112584920266),.PIECEWISE_BEZIER_KNOTS.);
#11383 = CARTESIAN_POINT('',(-3.330669073875E-16,0.));
#11384 = CARTESIAN_POINT('',(-0.150208889177,0.));
#11385 = CARTESIAN_POINT('',(-0.307896460783,0.));
#11386 = CARTESIAN_POINT('',(-0.470957493901,0.));
#11387 = CARTESIAN_POINT('',(-0.636191223893,0.));
#11388 = CARTESIAN_POINT('',(-0.799252257011,0.));
#11389 = CARTESIAN_POINT('',(-0.956939828617,0.));
#11390 = CARTESIAN_POINT('',(-1.107148717794,0.));
#11391 = ( GEOMETRIC_REPRESENTATION_CONTEXT(2) 
PARAMETRIC_REPRESENTATION_CONTEXT() REPRESENTATION_CONTEXT('2D SPACE',''
  ) );
#11392 = ORIENTED_EDGE('',*,*,#11393,.F.);
#11393 = EDGE_CURVE('',#6671,#11362,#11394,.T.);
#11394 = SURFACE_CURVE('',#11395,(#11405,#11412),.PCURVE_S1.);
#11395 = ( BOUNDED_CURVE() B_SPLINE_CURVE(8,(#11396,#11397,#11398,#11399
    ,#11400,#11401,#11402,#11403,#11404),.UNSPECIFIED.,.F.,.F.) 
B_SPLINE_CURVE_WITH_KNOTS((9,9),(0.639347471151,1.751932391417),
.PIECEWISE_BEZIER_KNOTS.) CURVE() GEOMETRIC_REPRESENTATION_ITEM() 
RATIONAL_B_SPLINE_CURVE((1.,1.,1.,1.,1.,1.,1.,1.,1.)) 
REPRESENTATION_ITEM('') );
#11396 = CARTESIAN_POINT('',(-11.80386832168,22.665339542323,
    0.727330228839));
#11397 = CARTESIAN_POINT('',(-11.80105836304,22.754037202187,
    0.682981398907));
#11398 = CARTESIAN_POINT('',(-11.7821640022,22.839421864514,
    0.640289067743));
#11399 = CARTESIAN_POINT('',(-11.74937372185,22.926876720983,
    0.596561639508));
#11400 = CARTESIAN_POINT('',(-11.69202343076,23.020228731756,
    0.549885634122));
#11401 = CARTESIAN_POINT('',(-11.60233322971,23.101111278445,
    0.509444360778));
#11402 = CARTESIAN_POINT('',(-11.49253523756,23.154544857233,
    0.482727571383));
#11403 = CARTESIAN_POINT('',(-11.37956034835,23.17838699101,
    0.470806504495));
#11404 = CARTESIAN_POINT('',(-11.27413896545,23.17838699101,
    0.470806504495));
#11405 = PCURVE('',#6578,#11406);
#11406 = DEFINITIONAL_REPRESENTATION('',(#11407),#11411);
#11407 = LINE('',#11408,#11409);
#11408 = CARTESIAN_POINT('',(0.,0.));
#11409 = VECTOR('',#11410,1.);
#11410 = DIRECTION('',(0.,1.));
#11411 = ( GEOMETRIC_REPRESENTATION_CONTEXT(2) 
PARAMETRIC_REPRESENTATION_CONTEXT() REPRESENTATION_CONTEXT('2D SPACE',''
  ) );
#11412 = PCURVE('',#6686,#11413);
#11413 = DEFINITIONAL_REPRESENTATION('',(#11414),#11424);
#11414 = B_SPLINE_CURVE_WITH_KNOTS('',8,(#11415,#11416,#11417,#11418,
    #11419,#11420,#11421,#11422,#11423),.UNSPECIFIED.,.F.,.F.,(9,9),(
    0.639347471151,1.751932391417),.PIECEWISE_BEZIER_KNOTS.);
#11415 = CARTESIAN_POINT('',(0.632068823501,-18.19613167831));
#11416 = CARTESIAN_POINT('',(0.731235821952,-18.19894163695));
#11417 = CARTESIAN_POINT('',(0.826698776551,-18.21783599779));
#11418 = CARTESIAN_POINT('',(0.924476278565,-18.25062627814));
#11419 = CARTESIAN_POINT('',(1.028846999527,-18.30797656923));
#11420 = CARTESIAN_POINT('',(1.119276435822,-18.39766677029));
#11421 = CARTESIAN_POINT('',(1.179016993048,-18.50746476243));
#11422 = CARTESIAN_POINT('',(1.205673308975,-18.62043965164));
#11423 = CARTESIAN_POINT('',(1.205673308975,-18.72586103454));
#11424 = ( GEOMETRIC_REPRESENTATION_CONTEXT(2) 
PARAMETRIC_REPRESENTATION_CONTEXT() REPRESENTATION_CONTEXT('2D SPACE',''
  ) );
#11425 = ADVANCED_FACE('',(#11426),#6540,.T.);
#11426 = FACE_BOUND('',#11427,.T.);
#11427 = EDGE_LOOP('',(#11428,#11429,#11450,#11451));
#11428 = ORIENTED_EDGE('',*,*,#6524,.T.);
#11429 = ORIENTED_EDGE('',*,*,#11430,.T.);
#11430 = EDGE_CURVE('',#6525,#10158,#11431,.T.);
#11431 = SURFACE_CURVE('',#11432,(#11436,#11443),.PCURVE_S1.);
#11432 = LINE('',#11433,#11434);
#11433 = CARTESIAN_POINT('',(-11.27413896545,23.3,0.274032522475));
#11434 = VECTOR('',#11435,1.);
#11435 = DIRECTION('',(1.,0.,0.));
#11436 = PCURVE('',#6540,#11437);
#11437 = DEFINITIONAL_REPRESENTATION('',(#11438),#11442);
#11438 = LINE('',#11439,#11440);
#11439 = CARTESIAN_POINT('',(0.135967477525,-18.72586103454));
#11440 = VECTOR('',#11441,1.);
#11441 = DIRECTION('',(0.,-1.));
#11442 = ( GEOMETRIC_REPRESENTATION_CONTEXT(2) 
PARAMETRIC_REPRESENTATION_CONTEXT() REPRESENTATION_CONTEXT('2D SPACE',''
  ) );
#11443 = PCURVE('',#11376,#11444);
#11444 = DEFINITIONAL_REPRESENTATION('',(#11445),#11449);
#11445 = LINE('',#11446,#11447);
#11446 = CARTESIAN_POINT('',(-1.107148717794,0.));
#11447 = VECTOR('',#11448,1.);
#11448 = DIRECTION('',(-0.,1.));
#11449 = ( GEOMETRIC_REPRESENTATION_CONTEXT(2) 
PARAMETRIC_REPRESENTATION_CONTEXT() REPRESENTATION_CONTEXT('2D SPACE',''
  ) );
#11450 = ORIENTED_EDGE('',*,*,#10155,.F.);
#11451 = ORIENTED_EDGE('',*,*,#11452,.F.);
#11452 = EDGE_CURVE('',#6462,#10156,#11453,.T.);
#11453 = SURFACE_CURVE('',#11454,(#11458,#11465),.PCURVE_S1.);
#11454 = LINE('',#11455,#11456);
#11455 = CARTESIAN_POINT('',(-11.27413896545,23.3,-5.364032522475));
#11456 = VECTOR('',#11457,1.);
#11457 = DIRECTION('',(1.,0.,0.));
#11458 = PCURVE('',#6540,#11459);
#11459 = DEFINITIONAL_REPRESENTATION('',(#11460),#11464);
#11460 = LINE('',#11461,#11462);
#11461 = CARTESIAN_POINT('',(5.774032522475,-18.72586103454));
#11462 = VECTOR('',#11463,1.);
#11463 = DIRECTION('',(0.,-1.));
#11464 = ( GEOMETRIC_REPRESENTATION_CONTEXT(2) 
PARAMETRIC_REPRESENTATION_CONTEXT() REPRESENTATION_CONTEXT('2D SPACE',''
  ) );
#11465 = PCURVE('',#11176,#11466);
#11466 = DEFINITIONAL_REPRESENTATION('',(#11467),#11471);
#11467 = LINE('',#11468,#11469);
#11468 = CARTESIAN_POINT('',(1.107148717794,0.));
#11469 = VECTOR('',#11470,1.);
#11470 = DIRECTION('',(0.,1.));
#11471 = ( GEOMETRIC_REPRESENTATION_CONTEXT(2) 
PARAMETRIC_REPRESENTATION_CONTEXT() REPRESENTATION_CONTEXT('2D SPACE',''
  ) );
#11472 = ADVANCED_FACE('',(#11473),#6686,.T.);
#11473 = FACE_BOUND('',#11474,.T.);
#11474 = EDGE_LOOP('',(#11475,#11476,#11502,#11503,#11538,#11559));
#11475 = ORIENTED_EDGE('',*,*,#6668,.F.);
#11476 = ORIENTED_EDGE('',*,*,#11477,.T.);
#11477 = EDGE_CURVE('',#6669,#10391,#11478,.T.);
#11478 = SURFACE_CURVE('',#11479,(#11483,#11490),.PCURVE_S1.);
#11479 = LINE('',#11480,#11481);
#11480 = CARTESIAN_POINT('',(-12.03926454991,22.12821830984,
    0.99589084508));
#11481 = VECTOR('',#11482,1.);
#11482 = DIRECTION('',(1.,0.,0.));
#11483 = PCURVE('',#6686,#11484);
#11484 = DEFINITIONAL_REPRESENTATION('',(#11485),#11489);
#11485 = LINE('',#11486,#11487);
#11486 = CARTESIAN_POINT('',(3.154902950621E-02,-17.96073545008));
#11487 = VECTOR('',#11488,1.);
#11488 = DIRECTION('',(0.,-1.));
#11489 = ( GEOMETRIC_REPRESENTATION_CONTEXT(2) 
PARAMETRIC_REPRESENTATION_CONTEXT() REPRESENTATION_CONTEXT('2D SPACE',''
  ) );
#11490 = PCURVE('',#11491,#11496);
#11491 = CYLINDRICAL_SURFACE('',#11492,0.22);
#11492 = AXIS2_PLACEMENT_3D('',#11493,#11494,#11495);
#11493 = CARTESIAN_POINT('',(-12.03926454991,22.02983131883,
    0.79911686306));
#11494 = DIRECTION('',(1.,0.,0.));
#11495 = DIRECTION('',(-0.,0.177829554836,0.984061303693));
#11496 = DEFINITIONAL_REPRESENTATION('',(#11497),#11501);
#11497 = LINE('',#11498,#11499);
#11498 = CARTESIAN_POINT('',(-0.284867198812,0.));
#11499 = VECTOR('',#11500,1.);
#11500 = DIRECTION('',(-0.,1.));
#11501 = ( GEOMETRIC_REPRESENTATION_CONTEXT(2) 
PARAMETRIC_REPRESENTATION_CONTEXT() REPRESENTATION_CONTEXT('2D SPACE',''
  ) );
#11502 = ORIENTED_EDGE('',*,*,#10412,.F.);
#11503 = ORIENTED_EDGE('',*,*,#11504,.F.);
#11504 = EDGE_CURVE('',#11505,#10367,#11507,.T.);
#11505 = VERTEX_POINT('',#11506);
#11506 = CARTESIAN_POINT('',(-10.75,23.17838699101,0.470806504495));
#11507 = SURFACE_CURVE('',#11508,(#11518,#11531),.PCURVE_S1.);
#11508 = ( BOUNDED_CURVE() B_SPLINE_CURVE(8,(#11509,#11510,#11511,#11512
    ,#11513,#11514,#11515,#11516,#11517),.UNSPECIFIED.,.F.,.F.) 
B_SPLINE_CURVE_WITH_KNOTS((9,9),(2.276071356873,3.414410706969),
.PIECEWISE_BEZIER_KNOTS.) CURVE() GEOMETRIC_REPRESENTATION_ITEM() 
RATIONAL_B_SPLINE_CURVE((1.,1.,1.,1.,1.,1.,1.,1.,1.)) 
REPRESENTATION_ITEM('') );
#11509 = CARTESIAN_POINT('',(-10.75,23.17838699101,0.470806504495));
#11510 = CARTESIAN_POINT('',(-10.6424204405,23.17838699101,
    0.470806504495));
#11511 = CARTESIAN_POINT('',(-10.52695618688,23.153552991812,
    0.483223504094));
#11512 = CARTESIAN_POINT('',(-10.41472684028,23.0977132273,0.51114338635
    ));
#11513 = CARTESIAN_POINT('',(-10.32396509972,23.013079962888,
    0.553460018556));
#11514 = CARTESIAN_POINT('',(-10.26744165699,22.91590452464,
    0.60204773768));
#11515 = CARTESIAN_POINT('',(-10.23655245384,22.825703527071,
    0.647148236464));
#11516 = CARTESIAN_POINT('',(-10.21989961336,22.738274956216,
    0.690862521892));
#11517 = CARTESIAN_POINT('',(-10.21999953503,22.647982431064,
    0.736008784468));
#11518 = PCURVE('',#6686,#11519);
#11519 = DEFINITIONAL_REPRESENTATION('',(#11520),#11530);
#11520 = B_SPLINE_CURVE_WITH_KNOTS('',8,(#11521,#11522,#11523,#11524,
    #11525,#11526,#11527,#11528,#11529),.UNSPECIFIED.,.F.,.F.,(9,9),(
    2.276071356873,3.414410706969),.PIECEWISE_BEZIER_KNOTS.);
#11521 = CARTESIAN_POINT('',(1.205673308975,-19.25));
#11522 = CARTESIAN_POINT('',(1.205673308975,-19.35757955949));
#11523 = CARTESIAN_POINT('',(1.177908053795,-19.47304381311));
#11524 = CARTESIAN_POINT('',(1.115477299147,-19.58527315971));
#11525 = CARTESIAN_POINT('',(1.020854432955,-19.67603490027));
#11526 = CARTESIAN_POINT('',(0.912208990122,-19.732558343));
#11527 = CARTESIAN_POINT('',(0.811361209021,-19.76344754615));
#11528 = CARTESIAN_POINT('',(0.713613095217,-19.78010038663));
#11529 = CARTESIAN_POINT('',(0.612662983167,-19.78000046496));
#11530 = ( GEOMETRIC_REPRESENTATION_CONTEXT(2) 
PARAMETRIC_REPRESENTATION_CONTEXT() REPRESENTATION_CONTEXT('2D SPACE',''
  ) );
#11531 = PCURVE('',#10240,#11532);
#11532 = DEFINITIONAL_REPRESENTATION('',(#11533),#11537);
#11533 = LINE('',#11534,#11535);
#11534 = CARTESIAN_POINT('',(0.,0.));
#11535 = VECTOR('',#11536,1.);
#11536 = DIRECTION('',(0.,1.));
#11537 = ( GEOMETRIC_REPRESENTATION_CONTEXT(2) 
PARAMETRIC_REPRESENTATION_CONTEXT() REPRESENTATION_CONTEXT('2D SPACE',''
  ) );
#11538 = ORIENTED_EDGE('',*,*,#11539,.F.);
#11539 = EDGE_CURVE('',#11362,#11505,#11540,.T.);
#11540 = SURFACE_CURVE('',#11541,(#11545,#11552),.PCURVE_S1.);
#11541 = LINE('',#11542,#11543);
#11542 = CARTESIAN_POINT('',(-11.27413896545,23.17838699101,
    0.470806504495));
#11543 = VECTOR('',#11544,1.);
#11544 = DIRECTION('',(1.,0.,0.));
#11545 = PCURVE('',#6686,#11546);
#11546 = DEFINITIONAL_REPRESENTATION('',(#11547),#11551);
#11547 = LINE('',#11548,#11549);
#11548 = CARTESIAN_POINT('',(1.205673308975,-18.72586103454));
#11549 = VECTOR('',#11550,1.);
#11550 = DIRECTION('',(0.,-1.));
#11551 = ( GEOMETRIC_REPRESENTATION_CONTEXT(2) 
PARAMETRIC_REPRESENTATION_CONTEXT() REPRESENTATION_CONTEXT('2D SPACE',''
  ) );
#11552 = PCURVE('',#11376,#11553);
#11553 = DEFINITIONAL_REPRESENTATION('',(#11554),#11558);
#11554 = LINE('',#11555,#11556);
#11555 = CARTESIAN_POINT('',(-0.,0.));
#11556 = VECTOR('',#11557,1.);
#11557 = DIRECTION('',(-0.,1.));
#11558 = ( GEOMETRIC_REPRESENTATION_CONTEXT(2) 
PARAMETRIC_REPRESENTATION_CONTEXT() REPRESENTATION_CONTEXT('2D SPACE',''
  ) );
#11559 = ORIENTED_EDGE('',*,*,#11393,.F.);
#11560 = ADVANCED_FACE('',(#11561),#6713,.T.);
#11561 = FACE_BOUND('',#11562,.T.);
#11562 = EDGE_LOOP('',(#11563,#11564,#11584));
#11563 = ORIENTED_EDGE('',*,*,#6806,.F.);
#11564 = ORIENTED_EDGE('',*,*,#11565,.T.);
#11565 = EDGE_CURVE('',#6777,#6669,#11566,.T.);
#11566 = SURFACE_CURVE('',#11567,(#11572,#11578),.PCURVE_S1.);
#11567 = CIRCLE('',#11568,0.22);
#11568 = AXIS2_PLACEMENT_3D('',#11569,#11570,#11571);
#11569 = CARTESIAN_POINT('',(-11.8214427637,22.02983131883,0.79911686306
    ));
#11570 = DIRECTION('',(-1.,-5.277207622782E-14,2.594668977178E-14));
#11571 = DIRECTION('',(-5.654504642294E-14,0.984061303693,
    -0.177829554836));
#11572 = PCURVE('',#6713,#11573);
#11573 = DEFINITIONAL_REPRESENTATION('',(#11574),#11577);
#11574 = B_SPLINE_CURVE_WITH_KNOTS('',1,(#11575,#11576),.UNSPECIFIED.,
  .F.,.F.,(2,2),(4.712388980385,4.997256179197),
  .PIECEWISE_BEZIER_KNOTS.);
#11575 = CARTESIAN_POINT('',(1.538608510707,-1.570796326795));
#11576 = CARTESIAN_POINT('',(1.538608510707,-1.285929127983));
#11577 = ( GEOMETRIC_REPRESENTATION_CONTEXT(2) 
PARAMETRIC_REPRESENTATION_CONTEXT() REPRESENTATION_CONTEXT('2D SPACE',''
  ) );
#11578 = PCURVE('',#11491,#11579);
#11579 = DEFINITIONAL_REPRESENTATION('',(#11580),#11583);
#11580 = B_SPLINE_CURVE_WITH_KNOTS('',1,(#11581,#11582),.UNSPECIFIED.,
  .F.,.F.,(2,2),(4.712388980385,4.997256179197),
  .PIECEWISE_BEZIER_KNOTS.);
#11581 = CARTESIAN_POINT('',(0.,0.217821786214));
#11582 = CARTESIAN_POINT('',(-0.284867198812,0.217821786214));
#11583 = ( GEOMETRIC_REPRESENTATION_CONTEXT(2) 
PARAMETRIC_REPRESENTATION_CONTEXT() REPRESENTATION_CONTEXT('2D SPACE',''
  ) );
#11584 = ORIENTED_EDGE('',*,*,#6698,.F.);
#11585 = ADVANCED_FACE('',(#11586),#6794,.T.);
#11586 = FACE_BOUND('',#11587,.T.);
#11587 = EDGE_LOOP('',(#11588,#11615,#11616,#11637,#11638,#11639));
#11588 = ORIENTED_EDGE('',*,*,#11589,.F.);
#11589 = EDGE_CURVE('',#10279,#11590,#11592,.T.);
#11590 = VERTEX_POINT('',#11591);
#11591 = CARTESIAN_POINT('',(-10.75364887382,16.186128302973,
    2.078694772664));
#11592 = SURFACE_CURVE('',#11593,(#11598,#11605),.PCURVE_S1.);
#11593 = ELLIPSE('',#11594,19.142122448778,18.823032469334);
#11594 = AXIS2_PLACEMENT_3D('',#11595,#11596,#11597);
#11595 = CARTESIAN_POINT('',(0.,0.725841199765,4.872520688668));
#11596 = DIRECTION('',(0.,0.177829554836,0.984061303693));
#11597 = DIRECTION('',(0.,0.984061303693,-0.177829554836));
#11598 = PCURVE('',#6794,#11599);
#11599 = DEFINITIONAL_REPRESENTATION('',(#11600),#11604);
#11600 = ELLIPSE('',#11601,19.142122448778,18.823032469334);
#11601 = AXIS2_PLACEMENT_2D('',#11602,#11603);
#11602 = CARTESIAN_POINT('',(-13.62271131424,-30.));
#11603 = DIRECTION('',(1.,0.));
#11604 = ( GEOMETRIC_REPRESENTATION_CONTEXT(2) 
PARAMETRIC_REPRESENTATION_CONTEXT() REPRESENTATION_CONTEXT('2D SPACE',''
  ) );
#11605 = PCURVE('',#8764,#11606);
#11606 = DEFINITIONAL_REPRESENTATION('',(#11607),#11614);
#11607 = B_SPLINE_CURVE_WITH_KNOTS('',5,(#11608,#11609,#11610,#11611,
    #11612,#11613),.UNSPECIFIED.,.F.,.F.,(6,6),(0.562271294063,
    0.608092181508),.PIECEWISE_BEZIER_KNOTS.);
#11608 = CARTESIAN_POINT('',(-2.11284825953,-8.882289574391E-02));
#11609 = CARTESIAN_POINT('',(-2.121716521821,-0.105453333982));
#11610 = CARTESIAN_POINT('',(-2.130586805061,-0.122386104996));
#11611 = CARTESIAN_POINT('',(-2.139459159464,-0.139618299085));
#11612 = CARTESIAN_POINT('',(-2.148333634673,-0.157146900726));
#11613 = CARTESIAN_POINT('',(-2.157210279713,-0.174968791747));
#11614 = ( GEOMETRIC_REPRESENTATION_CONTEXT(2) 
PARAMETRIC_REPRESENTATION_CONTEXT() REPRESENTATION_CONTEXT('2D SPACE',''
  ) );
#11615 = ORIENTED_EDGE('',*,*,#10278,.T.);
#11616 = ORIENTED_EDGE('',*,*,#11617,.F.);
#11617 = EDGE_CURVE('',#6777,#10281,#11618,.T.);
#11618 = SURFACE_CURVE('',#11619,(#11623,#11630),.PCURVE_S1.);
#11619 = LINE('',#11620,#11621);
#11620 = CARTESIAN_POINT('',(-12.03926454991,22.068953820894,
    1.015610349873));
#11621 = VECTOR('',#11622,1.);
#11622 = DIRECTION('',(1.,0.,0.));
#11623 = PCURVE('',#6794,#11624);
#11624 = DEFINITIONAL_REPRESENTATION('',(#11625),#11629);
#11625 = LINE('',#11626,#11627);
#11626 = CARTESIAN_POINT('',(8.066092565168,-17.96073545008));
#11627 = VECTOR('',#11628,1.);
#11628 = DIRECTION('',(0.,-1.));
#11629 = ( GEOMETRIC_REPRESENTATION_CONTEXT(2) 
PARAMETRIC_REPRESENTATION_CONTEXT() REPRESENTATION_CONTEXT('2D SPACE',''
  ) );
#11630 = PCURVE('',#11491,#11631);
#11631 = DEFINITIONAL_REPRESENTATION('',(#11632),#11636);
#11632 = LINE('',#11633,#11634);
#11633 = CARTESIAN_POINT('',(-0.,0.));
#11634 = VECTOR('',#11635,1.);
#11635 = DIRECTION('',(-0.,1.));
#11636 = ( GEOMETRIC_REPRESENTATION_CONTEXT(2) 
PARAMETRIC_REPRESENTATION_CONTEXT() REPRESENTATION_CONTEXT('2D SPACE',''
  ) );
#11637 = ORIENTED_EDGE('',*,*,#6776,.T.);
#11638 = ORIENTED_EDGE('',*,*,#9010,.F.);
#11639 = ORIENTED_EDGE('',*,*,#11640,.F.);
#11640 = EDGE_CURVE('',#11590,#8987,#11641,.T.);
#11641 = SURFACE_CURVE('',#11642,(#11647,#11654),.PCURVE_S1.);
#11642 = ELLIPSE('',#11643,18.908398355119,18.579451334362);
#11643 = AXIS2_PLACEMENT_3D('',#11644,#11645,#11646);
#11644 = CARTESIAN_POINT('',(0.,1.012570047562,4.820705966179));
#11645 = DIRECTION('',(0.,0.177829554836,0.984061303693));
#11646 = DIRECTION('',(0.,0.984061303693,-0.177829554836));
#11647 = PCURVE('',#6794,#11648);
#11648 = DEFINITIONAL_REPRESENTATION('',(#11649),#11653);
#11649 = ELLIPSE('',#11650,18.908398355119,18.579451334362);
#11650 = AXIS2_PLACEMENT_2D('',#11651,#11652);
#11651 = CARTESIAN_POINT('',(-13.33133836144,-30.));
#11652 = DIRECTION('',(1.,0.));
#11653 = ( GEOMETRIC_REPRESENTATION_CONTEXT(2) 
PARAMETRIC_REPRESENTATION_CONTEXT() REPRESENTATION_CONTEXT('2D SPACE',''
  ) );
#11654 = PCURVE('',#8796,#11655);
#11655 = DEFINITIONAL_REPRESENTATION('',(#11656),#11663);
#11656 = B_SPLINE_CURVE_WITH_KNOTS('',5,(#11657,#11658,#11659,#11660,
    #11661,#11662),.UNSPECIFIED.,.F.,.F.,(6,6),(0.617247296833,
    0.701132178827),.PIECEWISE_BEZIER_KNOTS.);
#11657 = CARTESIAN_POINT('',(-2.157210279713,2.004367476763E-14));
#11658 = CARTESIAN_POINT('',(-2.173250574623,-3.265091416746E-02));
#11659 = CARTESIAN_POINT('',(-2.189301014481,-6.626656017181E-02));
#11660 = CARTESIAN_POINT('',(-2.205362016067,-0.100827792047));
#11661 = CARTESIAN_POINT('',(-2.221433987361,-0.136314331576));
#11662 = CARTESIAN_POINT('',(-2.237517326296,-0.172704839564));
#11663 = ( GEOMETRIC_REPRESENTATION_CONTEXT(2) 
PARAMETRIC_REPRESENTATION_CONTEXT() REPRESENTATION_CONTEXT('2D SPACE',''
  ) );
#11664 = ADVANCED_FACE('',(#11665),#6890,.T.);
#11665 = FACE_BOUND('',#11666,.T.);
#11666 = EDGE_LOOP('',(#11667,#11668,#11669,#11670));
#11667 = ORIENTED_EDGE('',*,*,#9036,.F.);
#11668 = ORIENTED_EDGE('',*,*,#6856,.T.);
#11669 = ORIENTED_EDGE('',*,*,#6973,.T.);
#11670 = ORIENTED_EDGE('',*,*,#7510,.F.);
#11671 = ADVANCED_FACE('',(#11672),#7160,.T.);
#11672 = FACE_BOUND('',#11673,.T.);
#11673 = EDGE_LOOP('',(#11674,#11675,#11676,#11701));
#11674 = ORIENTED_EDGE('',*,*,#7312,.T.);
#11675 = ORIENTED_EDGE('',*,*,#11227,.T.);
#11676 = ORIENTED_EDGE('',*,*,#11677,.F.);
#11677 = EDGE_CURVE('',#7133,#11228,#11678,.T.);
#11678 = SURFACE_CURVE('',#11679,(#11683,#11689),.PCURVE_S1.);
#11679 = ( BOUNDED_CURVE() B_SPLINE_CURVE(2,(#11680,#11681,#11682),
.UNSPECIFIED.,.F.,.F.) B_SPLINE_CURVE_WITH_KNOTS((3,3),(0.,
1.112584920266),.PIECEWISE_BEZIER_KNOTS.) CURVE() 
GEOMETRIC_REPRESENTATION_ITEM() RATIONAL_B_SPLINE_CURVE((1.,
0.850650808352,1.)) REPRESENTATION_ITEM('') );
#11680 = CARTESIAN_POINT('',(-11.27413896545,-23.3,-5.364032522475));
#11681 = CARTESIAN_POINT('',(-11.27413896545,-23.3,-5.5));
#11682 = CARTESIAN_POINT('',(-11.27413896545,-23.17838699101,
    -5.560806504495));
#11683 = PCURVE('',#7160,#11684);
#11684 = DEFINITIONAL_REPRESENTATION('',(#11685),#11688);
#11685 = B_SPLINE_CURVE_WITH_KNOTS('',1,(#11686,#11687),.UNSPECIFIED.,
  .F.,.F.,(2,2),(0.,1.112584920266),.PIECEWISE_BEZIER_KNOTS.);
#11686 = CARTESIAN_POINT('',(0.,1.528229854249));
#11687 = CARTESIAN_POINT('',(1.112584920266,1.528229854249));
#11688 = ( GEOMETRIC_REPRESENTATION_CONTEXT(2) 
PARAMETRIC_REPRESENTATION_CONTEXT() REPRESENTATION_CONTEXT('2D SPACE',''
  ) );
#11689 = PCURVE('',#11278,#11690);
#11690 = DEFINITIONAL_REPRESENTATION('',(#11691),#11700);
#11691 = B_SPLINE_CURVE_WITH_KNOTS('',7,(#11692,#11693,#11694,#11695,
    #11696,#11697,#11698,#11699),.UNSPECIFIED.,.F.,.F.,(8,8),(0.,
    1.112584920266),.PIECEWISE_BEZIER_KNOTS.);
#11692 = CARTESIAN_POINT('',(-3.330669073875E-16,0.));
#11693 = CARTESIAN_POINT('',(0.150208889177,0.));
#11694 = CARTESIAN_POINT('',(0.307896460783,0.));
#11695 = CARTESIAN_POINT('',(0.470957493901,0.));
#11696 = CARTESIAN_POINT('',(0.636191223893,0.));
#11697 = CARTESIAN_POINT('',(0.799252257011,0.));
#11698 = CARTESIAN_POINT('',(0.956939828617,0.));
#11699 = CARTESIAN_POINT('',(1.107148717794,0.));
#11700 = ( GEOMETRIC_REPRESENTATION_CONTEXT(2) 
PARAMETRIC_REPRESENTATION_CONTEXT() REPRESENTATION_CONTEXT('2D SPACE',''
  ) );
#11701 = ORIENTED_EDGE('',*,*,#7132,.F.);
#11702 = ADVANCED_FACE('',(#11703),#7249,.F.);
#11703 = FACE_BOUND('',#11704,.F.);
#11704 = EDGE_LOOP('',(#11705,#11764,#11765,#11766));
#11705 = ORIENTED_EDGE('',*,*,#11706,.T.);
#11706 = EDGE_CURVE('',#11707,#7196,#11709,.T.);
#11707 = VERTEX_POINT('',#11708);
#11708 = CARTESIAN_POINT('',(-11.27413896545,-23.17838699101,
    0.470806504495));
#11709 = SURFACE_CURVE('',#11710,(#11715,#11753),.PCURVE_S1.);
#11710 = CIRCLE('',#11711,0.22);
#11711 = AXIS2_PLACEMENT_3D('',#11712,#11713,#11714);
#11712 = CARTESIAN_POINT('',(-11.27413896545,-23.08,0.274032522475));
#11713 = DIRECTION('',(1.,0.,0.));
#11714 = DIRECTION('',(0.,-0.4472135955,0.894427191));
#11715 = PCURVE('',#7249,#11716);
#11716 = DEFINITIONAL_REPRESENTATION('',(#11717),#11752);
#11717 = B_SPLINE_CURVE_WITH_KNOTS('',9,(#11718,#11719,#11720,#11721,
    #11722,#11723,#11724,#11725,#11726,#11727,#11728,#11729,#11730,
    #11731,#11732,#11733,#11734,#11735,#11736,#11737,#11738,#11739,
    #11740,#11741,#11742,#11743,#11744,#11745,#11746,#11747,#11748,
    #11749,#11750,#11751),.UNSPECIFIED.,.F.,.F.,(10,8,8,8,10),(0.,
    0.276787179449,0.553574358897,0.830361538346,1.107148717794),
  .UNSPECIFIED.);
#11718 = CARTESIAN_POINT('',(1.387778780781E-16,2.275848114437));
#11719 = CARTESIAN_POINT('',(3.254190369676E-02,2.275848114437));
#11720 = CARTESIAN_POINT('',(6.476460608254E-02,2.275848114437));
#11721 = CARTESIAN_POINT('',(9.669520341753E-02,2.275848114437));
#11722 = CARTESIAN_POINT('',(0.128353398249,2.275848114437));
#11723 = CARTESIAN_POINT('',(0.159786641531,2.275848114437));
#11724 = CARTESIAN_POINT('',(0.190984423372,2.275848114437));
#11725 = CARTESIAN_POINT('',(0.222003438702,2.275848114437));
#11726 = CARTESIAN_POINT('',(0.252846641954,2.275848114437));
#11727 = CARTESIAN_POINT('',(0.3142381886,2.275848114437));
#11728 = CARTESIAN_POINT('',(0.344785978242,2.275848114437));
#11729 = CARTESIAN_POINT('',(0.375207152219,2.275848114436));
#11730 = CARTESIAN_POINT('',(0.40552787929,2.275848114438));
#11731 = CARTESIAN_POINT('',(0.435764033112,2.275848114436));
#11732 = CARTESIAN_POINT('',(0.465935575489,2.275848114437));
#11733 = CARTESIAN_POINT('',(0.496068241994,2.275848114437));
#11734 = CARTESIAN_POINT('',(0.526180340476,2.275848114437));
#11735 = CARTESIAN_POINT('',(0.58640457979,2.275848114437));
#11736 = CARTESIAN_POINT('',(0.616516678272,2.275848114437));
#11737 = CARTESIAN_POINT('',(0.646649344778,2.275848114437));
#11738 = CARTESIAN_POINT('',(0.676820887154,2.275848114436));
#11739 = CARTESIAN_POINT('',(0.707057040977,2.275848114437));
#11740 = CARTESIAN_POINT('',(0.737377768047,2.275848114437));
#11741 = CARTESIAN_POINT('',(0.767798942024,2.275848114437));
#11742 = CARTESIAN_POINT('',(0.798346731666,2.275848114437));
#11743 = CARTESIAN_POINT('',(0.859738278312,2.275848114437));
#11744 = CARTESIAN_POINT('',(0.890581481565,2.275848114437));
#11745 = CARTESIAN_POINT('',(0.921600496895,2.275848114437));
#11746 = CARTESIAN_POINT('',(0.952798278736,2.275848114437));
#11747 = CARTESIAN_POINT('',(0.984231522018,2.275848114437));
#11748 = CARTESIAN_POINT('',(1.015889716849,2.275848114437));
#11749 = CARTESIAN_POINT('',(1.047820314184,2.275848114437));
#11750 = CARTESIAN_POINT('',(1.080043016569,2.275848114437));
#11751 = CARTESIAN_POINT('',(1.112584920266,2.275848114437));
#11752 = ( GEOMETRIC_REPRESENTATION_CONTEXT(2) 
PARAMETRIC_REPRESENTATION_CONTEXT() REPRESENTATION_CONTEXT('2D SPACE',''
  ) );
#11753 = PCURVE('',#11754,#11759);
#11754 = CYLINDRICAL_SURFACE('',#11755,0.22);
#11755 = AXIS2_PLACEMENT_3D('',#11756,#11757,#11758);
#11756 = CARTESIAN_POINT('',(-10.75,-23.08,0.274032522475));
#11757 = DIRECTION('',(-1.,-0.,-0.));
#11758 = DIRECTION('',(0.,-0.4472135955,0.894427191));
#11759 = DEFINITIONAL_REPRESENTATION('',(#11760),#11763);
#11760 = B_SPLINE_CURVE_WITH_KNOTS('',1,(#11761,#11762),.UNSPECIFIED.,
  .F.,.F.,(2,2),(0.,1.107148717794),.PIECEWISE_BEZIER_KNOTS.);
#11761 = CARTESIAN_POINT('',(0.,0.524138965456));
#11762 = CARTESIAN_POINT('',(-1.107148717794,0.524138965456));
#11763 = ( GEOMETRIC_REPRESENTATION_CONTEXT(2) 
PARAMETRIC_REPRESENTATION_CONTEXT() REPRESENTATION_CONTEXT('2D SPACE',''
  ) );
#11764 = ORIENTED_EDGE('',*,*,#7223,.T.);
#11765 = ORIENTED_EDGE('',*,*,#7339,.F.);
#11766 = ORIENTED_EDGE('',*,*,#11767,.F.);
#11767 = EDGE_CURVE('',#11707,#7340,#11768,.T.);
#11768 = SURFACE_CURVE('',#11769,(#11779,#11786),.PCURVE_S1.);
#11769 = ( BOUNDED_CURVE() B_SPLINE_CURVE(8,(#11770,#11771,#11772,#11773
    ,#11774,#11775,#11776,#11777,#11778),.UNSPECIFIED.,.F.,.F.) 
B_SPLINE_CURVE_WITH_KNOTS((9,9),(2.275848114437,3.388433034703),
.PIECEWISE_BEZIER_KNOTS.) CURVE() GEOMETRIC_REPRESENTATION_ITEM() 
RATIONAL_B_SPLINE_CURVE((1.,1.,1.,1.,1.,1.,1.,1.,1.)) 
REPRESENTATION_ITEM('') );
#11770 = CARTESIAN_POINT('',(-11.27413896545,-23.17838699101,
    0.470806504495));
#11771 = CARTESIAN_POINT('',(-11.37956034835,-23.17838699101,
    0.470806504495));
#11772 = CARTESIAN_POINT('',(-11.49253523756,-23.15454485723,
    0.482727571383));
#11773 = CARTESIAN_POINT('',(-11.60233322971,-23.10111127844,
    0.509444360778));
#11774 = CARTESIAN_POINT('',(-11.69202343076,-23.02022873175,
    0.549885634122));
#11775 = CARTESIAN_POINT('',(-11.74937372185,-22.92687672098,
    0.596561639508));
#11776 = CARTESIAN_POINT('',(-11.7821640022,-22.83942186451,
    0.640289067743));
#11777 = CARTESIAN_POINT('',(-11.80105836304,-22.75403720218,
    0.682981398907));
#11778 = CARTESIAN_POINT('',(-11.80386832168,-22.66533954232,
    0.727330228839));
#11779 = PCURVE('',#7249,#11780);
#11780 = DEFINITIONAL_REPRESENTATION('',(#11781),#11785);
#11781 = LINE('',#11782,#11783);
#11782 = CARTESIAN_POINT('',(0.,0.));
#11783 = VECTOR('',#11784,1.);
#11784 = DIRECTION('',(0.,1.));
#11785 = ( GEOMETRIC_REPRESENTATION_CONTEXT(2) 
PARAMETRIC_REPRESENTATION_CONTEXT() REPRESENTATION_CONTEXT('2D SPACE',''
  ) );
#11786 = PCURVE('',#7433,#11787);
#11787 = DEFINITIONAL_REPRESENTATION('',(#11788),#11798);
#11788 = B_SPLINE_CURVE_WITH_KNOTS('',8,(#11789,#11790,#11791,#11792,
    #11793,#11794,#11795,#11796,#11797),.UNSPECIFIED.,.F.,.F.,(9,9),(
    2.275848114437,3.388433034703),.PIECEWISE_BEZIER_KNOTS.);
#11789 = CARTESIAN_POINT('',(1.205673308975,-18.72586103454));
#11790 = CARTESIAN_POINT('',(1.205673308975,-18.62043965164));
#11791 = CARTESIAN_POINT('',(1.179016993048,-18.50746476243));
#11792 = CARTESIAN_POINT('',(1.119276435822,-18.39766677029));
#11793 = CARTESIAN_POINT('',(1.028846999528,-18.30797656923));
#11794 = CARTESIAN_POINT('',(0.924476278565,-18.25062627814));
#11795 = CARTESIAN_POINT('',(0.826698776551,-18.21783599779));
#11796 = CARTESIAN_POINT('',(0.731235821952,-18.19894163695));
#11797 = CARTESIAN_POINT('',(0.632068823501,-18.19613167831));
#11798 = ( GEOMETRIC_REPRESENTATION_CONTEXT(2) 
PARAMETRIC_REPRESENTATION_CONTEXT() REPRESENTATION_CONTEXT('2D SPACE',''
  ) );
#11799 = ADVANCED_FACE('',(#11800),#7211,.F.);
#11800 = FACE_BOUND('',#11801,.F.);
#11801 = EDGE_LOOP('',(#11802,#11803,#11824,#11825));
#11802 = ORIENTED_EDGE('',*,*,#7195,.T.);
#11803 = ORIENTED_EDGE('',*,*,#11804,.F.);
#11804 = EDGE_CURVE('',#10843,#7196,#11805,.T.);
#11805 = SURFACE_CURVE('',#11806,(#11810,#11817),.PCURVE_S1.);
#11806 = LINE('',#11807,#11808);
#11807 = CARTESIAN_POINT('',(-10.75,-23.3,0.274032522475));
#11808 = VECTOR('',#11809,1.);
#11809 = DIRECTION('',(-1.,-0.,-0.));
#11810 = PCURVE('',#7211,#11811);
#11811 = DEFINITIONAL_REPRESENTATION('',(#11812),#11816);
#11812 = LINE('',#11813,#11814);
#11813 = CARTESIAN_POINT('',(0.135967477525,-19.25));
#11814 = VECTOR('',#11815,1.);
#11815 = DIRECTION('',(0.,1.));
#11816 = ( GEOMETRIC_REPRESENTATION_CONTEXT(2) 
PARAMETRIC_REPRESENTATION_CONTEXT() REPRESENTATION_CONTEXT('2D SPACE',''
  ) );
#11817 = PCURVE('',#11754,#11818);
#11818 = DEFINITIONAL_REPRESENTATION('',(#11819),#11823);
#11819 = LINE('',#11820,#11821);
#11820 = CARTESIAN_POINT('',(-1.107148717794,0.));
#11821 = VECTOR('',#11822,1.);
#11822 = DIRECTION('',(-0.,1.));
#11823 = ( GEOMETRIC_REPRESENTATION_CONTEXT(2) 
PARAMETRIC_REPRESENTATION_CONTEXT() REPRESENTATION_CONTEXT('2D SPACE',''
  ) );
#11824 = ORIENTED_EDGE('',*,*,#10840,.F.);
#11825 = ORIENTED_EDGE('',*,*,#11826,.F.);
#11826 = EDGE_CURVE('',#7133,#10841,#11827,.T.);
#11827 = SURFACE_CURVE('',#11828,(#11832,#11839),.PCURVE_S1.);
#11828 = LINE('',#11829,#11830);
#11829 = CARTESIAN_POINT('',(-11.27413896545,-23.3,-5.364032522475));
#11830 = VECTOR('',#11831,1.);
#11831 = DIRECTION('',(1.,0.,0.));
#11832 = PCURVE('',#7211,#11833);
#11833 = DEFINITIONAL_REPRESENTATION('',(#11834),#11838);
#11834 = LINE('',#11835,#11836);
#11835 = CARTESIAN_POINT('',(5.774032522475,-18.72586103454));
#11836 = VECTOR('',#11837,1.);
#11837 = DIRECTION('',(0.,-1.));
#11838 = ( GEOMETRIC_REPRESENTATION_CONTEXT(2) 
PARAMETRIC_REPRESENTATION_CONTEXT() REPRESENTATION_CONTEXT('2D SPACE',''
  ) );
#11839 = PCURVE('',#11278,#11840);
#11840 = DEFINITIONAL_REPRESENTATION('',(#11841),#11845);
#11841 = LINE('',#11842,#11843);
#11842 = CARTESIAN_POINT('',(0.,0.));
#11843 = VECTOR('',#11844,1.);
#11844 = DIRECTION('',(0.,1.));
#11845 = ( GEOMETRIC_REPRESENTATION_CONTEXT(2) 
PARAMETRIC_REPRESENTATION_CONTEXT() REPRESENTATION_CONTEXT('2D SPACE',''
  ) );
#11846 = ADVANCED_FACE('',(#11847),#7433,.F.);
#11847 = FACE_BOUND('',#11848,.F.);
#11848 = EDGE_LOOP('',(#11849,#11850,#11885,#11906,#11907,#11908));
#11849 = ORIENTED_EDGE('',*,*,#11100,.T.);
#11850 = ORIENTED_EDGE('',*,*,#11851,.T.);
#11851 = EDGE_CURVE('',#11075,#11852,#11854,.T.);
#11852 = VERTEX_POINT('',#11853);
#11853 = CARTESIAN_POINT('',(-10.75,-23.17838699101,0.470806504495));
#11854 = SURFACE_CURVE('',#11855,(#11865,#11878),.PCURVE_S1.);
#11855 = ( BOUNDED_CURVE() B_SPLINE_CURVE(8,(#11856,#11857,#11858,#11859
    ,#11860,#11861,#11862,#11863,#11864),.UNSPECIFIED.,.F.,.F.) 
B_SPLINE_CURVE_WITH_KNOTS((9,9),(0.613369798885,1.751709148981),
.PIECEWISE_BEZIER_KNOTS.) CURVE() GEOMETRIC_REPRESENTATION_ITEM() 
RATIONAL_B_SPLINE_CURVE((1.,1.,1.,1.,1.,1.,1.,1.,1.)) 
REPRESENTATION_ITEM('') );
#11856 = CARTESIAN_POINT('',(-10.21999953503,-22.64798243106,
    0.736008784468));
#11857 = CARTESIAN_POINT('',(-10.21989961336,-22.73827495621,
    0.690862521892));
#11858 = CARTESIAN_POINT('',(-10.23655245384,-22.82570352707,
    0.647148236464));
#11859 = CARTESIAN_POINT('',(-10.26744165699,-22.91590452464,
    0.60204773768));
#11860 = CARTESIAN_POINT('',(-10.32396509972,-23.01307996288,
    0.553460018556));
#11861 = CARTESIAN_POINT('',(-10.41472684028,-23.0977132273,
    0.51114338635));
#11862 = CARTESIAN_POINT('',(-10.52695618688,-23.15355299181,
    0.483223504094));
#11863 = CARTESIAN_POINT('',(-10.6424204405,-23.17838699101,
    0.470806504495));
#11864 = CARTESIAN_POINT('',(-10.75,-23.17838699101,0.470806504495));
#11865 = PCURVE('',#7433,#11866);
#11866 = DEFINITIONAL_REPRESENTATION('',(#11867),#11877);
#11867 = B_SPLINE_CURVE_WITH_KNOTS('',8,(#11868,#11869,#11870,#11871,
    #11872,#11873,#11874,#11875,#11876),.UNSPECIFIED.,.F.,.F.,(9,9),(
    0.613369798885,1.751709148981),.PIECEWISE_BEZIER_KNOTS.);
#11868 = CARTESIAN_POINT('',(0.612662983167,-19.78000046496));
#11869 = CARTESIAN_POINT('',(0.713613095217,-19.78010038663));
#11870 = CARTESIAN_POINT('',(0.811361209021,-19.76344754615));
#11871 = CARTESIAN_POINT('',(0.912208990122,-19.732558343));
#11872 = CARTESIAN_POINT('',(1.020854432955,-19.67603490027));
#11873 = CARTESIAN_POINT('',(1.115477299147,-19.58527315971));
#11874 = CARTESIAN_POINT('',(1.177908053795,-19.47304381311));
#11875 = CARTESIAN_POINT('',(1.205673308975,-19.35757955949));
#11876 = CARTESIAN_POINT('',(1.205673308975,-19.25));
#11877 = ( GEOMETRIC_REPRESENTATION_CONTEXT(2) 
PARAMETRIC_REPRESENTATION_CONTEXT() REPRESENTATION_CONTEXT('2D SPACE',''
  ) );
#11878 = PCURVE('',#10925,#11879);
#11879 = DEFINITIONAL_REPRESENTATION('',(#11880),#11884);
#11880 = LINE('',#11881,#11882);
#11881 = CARTESIAN_POINT('',(0.,0.));
#11882 = VECTOR('',#11883,1.);
#11883 = DIRECTION('',(0.,1.));
#11884 = ( GEOMETRIC_REPRESENTATION_CONTEXT(2) 
PARAMETRIC_REPRESENTATION_CONTEXT() REPRESENTATION_CONTEXT('2D SPACE',''
  ) );
#11885 = ORIENTED_EDGE('',*,*,#11886,.T.);
#11886 = EDGE_CURVE('',#11852,#11707,#11887,.T.);
#11887 = SURFACE_CURVE('',#11888,(#11892,#11899),.PCURVE_S1.);
#11888 = LINE('',#11889,#11890);
#11889 = CARTESIAN_POINT('',(-10.75,-23.17838699101,0.470806504495));
#11890 = VECTOR('',#11891,1.);
#11891 = DIRECTION('',(-1.,-0.,-0.));
#11892 = PCURVE('',#7433,#11893);
#11893 = DEFINITIONAL_REPRESENTATION('',(#11894),#11898);
#11894 = LINE('',#11895,#11896);
#11895 = CARTESIAN_POINT('',(1.205673308975,-19.25));
#11896 = VECTOR('',#11897,1.);
#11897 = DIRECTION('',(0.,1.));
#11898 = ( GEOMETRIC_REPRESENTATION_CONTEXT(2) 
PARAMETRIC_REPRESENTATION_CONTEXT() REPRESENTATION_CONTEXT('2D SPACE',''
  ) );
#11899 = PCURVE('',#11754,#11900);
#11900 = DEFINITIONAL_REPRESENTATION('',(#11901),#11905);
#11901 = LINE('',#11902,#11903);
#11902 = CARTESIAN_POINT('',(-0.,0.));
#11903 = VECTOR('',#11904,1.);
#11904 = DIRECTION('',(-0.,1.));
#11905 = ( GEOMETRIC_REPRESENTATION_CONTEXT(2) 
PARAMETRIC_REPRESENTATION_CONTEXT() REPRESENTATION_CONTEXT('2D SPACE',''
  ) );
#11906 = ORIENTED_EDGE('',*,*,#11767,.T.);
#11907 = ORIENTED_EDGE('',*,*,#7419,.T.);
#11908 = ORIENTED_EDGE('',*,*,#11909,.T.);
#11909 = EDGE_CURVE('',#7364,#11052,#11910,.T.);
#11910 = SURFACE_CURVE('',#11911,(#11915,#11922),.PCURVE_S1.);
#11911 = LINE('',#11912,#11913);
#11912 = CARTESIAN_POINT('',(-12.03926454991,-22.12821830984,
    0.99589084508));
#11913 = VECTOR('',#11914,1.);
#11914 = DIRECTION('',(1.,0.,0.));
#11915 = PCURVE('',#7433,#11916);
#11916 = DEFINITIONAL_REPRESENTATION('',(#11917),#11921);
#11917 = LINE('',#11918,#11919);
#11918 = CARTESIAN_POINT('',(3.154902950621E-02,-17.96073545008));
#11919 = VECTOR('',#11920,1.);
#11920 = DIRECTION('',(0.,-1.));
#11921 = ( GEOMETRIC_REPRESENTATION_CONTEXT(2) 
PARAMETRIC_REPRESENTATION_CONTEXT() REPRESENTATION_CONTEXT('2D SPACE',''
  ) );
#11922 = PCURVE('',#11923,#11928);
#11923 = CYLINDRICAL_SURFACE('',#11924,0.22);
#11924 = AXIS2_PLACEMENT_3D('',#11925,#11926,#11927);
#11925 = CARTESIAN_POINT('',(-12.03926454991,-22.02983131883,
    0.79911686306));
#11926 = DIRECTION('',(1.,0.,0.));
#11927 = DIRECTION('',(0.,-0.177829554836,0.984061303693));
#11928 = DEFINITIONAL_REPRESENTATION('',(#11929),#11933);
#11929 = LINE('',#11930,#11931);
#11930 = CARTESIAN_POINT('',(0.284867198812,0.));
#11931 = VECTOR('',#11932,1.);
#11932 = DIRECTION('',(0.,1.));
#11933 = ( GEOMETRIC_REPRESENTATION_CONTEXT(2) 
PARAMETRIC_REPRESENTATION_CONTEXT() REPRESENTATION_CONTEXT('2D SPACE',''
  ) );
#11934 = ADVANCED_FACE('',(#11935),#7380,.T.);
#11935 = FACE_BOUND('',#11936,.T.);
#11936 = EDGE_LOOP('',(#11937,#11957,#11958));
#11937 = ORIENTED_EDGE('',*,*,#11938,.F.);
#11938 = EDGE_CURVE('',#7451,#7364,#11939,.T.);
#11939 = SURFACE_CURVE('',#11940,(#11945,#11951),.PCURVE_S1.);
#11940 = CIRCLE('',#11941,0.22);
#11941 = AXIS2_PLACEMENT_3D('',#11942,#11943,#11944);
#11942 = CARTESIAN_POINT('',(-11.8214427637,-22.02983131883,
    0.79911686306));
#11943 = DIRECTION('',(1.,2.5753019981E-15,-7.739745921849E-15));
#11944 = DIRECTION('',(1.15789946983E-15,-0.984061303693,-0.177829554836
    ));
#11945 = PCURVE('',#7380,#11946);
#11946 = DEFINITIONAL_REPRESENTATION('',(#11947),#11950);
#11947 = B_SPLINE_CURVE_WITH_KNOTS('',1,(#11948,#11949),.UNSPECIFIED.,
  .F.,.F.,(2,2),(4.712388980385,4.997256179197),
  .PIECEWISE_BEZIER_KNOTS.);
#11948 = CARTESIAN_POINT('',(0.,-1.570796326795));
#11949 = CARTESIAN_POINT('',(0.,-1.285929127983));
#11950 = ( GEOMETRIC_REPRESENTATION_CONTEXT(2) 
PARAMETRIC_REPRESENTATION_CONTEXT() REPRESENTATION_CONTEXT('2D SPACE',''
  ) );
#11951 = PCURVE('',#11923,#11952);
#11952 = DEFINITIONAL_REPRESENTATION('',(#11953),#11956);
#11953 = B_SPLINE_CURVE_WITH_KNOTS('',1,(#11954,#11955),.UNSPECIFIED.,
  .F.,.F.,(2,2),(4.712388980385,4.997256179197),
  .PIECEWISE_BEZIER_KNOTS.);
#11954 = CARTESIAN_POINT('',(0.,0.217821786214));
#11955 = CARTESIAN_POINT('',(0.284867198812,0.217821786214));
#11956 = ( GEOMETRIC_REPRESENTATION_CONTEXT(2) 
PARAMETRIC_REPRESENTATION_CONTEXT() REPRESENTATION_CONTEXT('2D SPACE',''
  ) );
#11957 = ORIENTED_EDGE('',*,*,#7560,.T.);
#11958 = ORIENTED_EDGE('',*,*,#7363,.F.);
#11959 = ADVANCED_FACE('',(#11960),#7466,.F.);
#11960 = FACE_BOUND('',#11961,.F.);
#11961 = EDGE_LOOP('',(#11962,#11983,#11984,#11985,#12012,#12037));
#11962 = ORIENTED_EDGE('',*,*,#11963,.F.);
#11963 = EDGE_CURVE('',#7451,#10964,#11964,.T.);
#11964 = SURFACE_CURVE('',#11965,(#11969,#11976),.PCURVE_S1.);
#11965 = LINE('',#11966,#11967);
#11966 = CARTESIAN_POINT('',(-12.03926454991,-22.06895382089,
    1.015610349873));
#11967 = VECTOR('',#11968,1.);
#11968 = DIRECTION('',(1.,0.,0.));
#11969 = PCURVE('',#7466,#11970);
#11970 = DEFINITIONAL_REPRESENTATION('',(#11971),#11975);
#11971 = LINE('',#11972,#11973);
#11972 = CARTESIAN_POINT('',(8.066092565168,-17.96073545008));
#11973 = VECTOR('',#11974,1.);
#11974 = DIRECTION('',(0.,-1.));
#11975 = ( GEOMETRIC_REPRESENTATION_CONTEXT(2) 
PARAMETRIC_REPRESENTATION_CONTEXT() REPRESENTATION_CONTEXT('2D SPACE',''
  ) );
#11976 = PCURVE('',#11923,#11977);
#11977 = DEFINITIONAL_REPRESENTATION('',(#11978),#11982);
#11978 = LINE('',#11979,#11980);
#11979 = CARTESIAN_POINT('',(0.,0.));
#11980 = VECTOR('',#11981,1.);
#11981 = DIRECTION('',(0.,1.));
#11982 = ( GEOMETRIC_REPRESENTATION_CONTEXT(2) 
PARAMETRIC_REPRESENTATION_CONTEXT() REPRESENTATION_CONTEXT('2D SPACE',''
  ) );
#11983 = ORIENTED_EDGE('',*,*,#7448,.F.);
#11984 = ORIENTED_EDGE('',*,*,#9059,.F.);
#11985 = ORIENTED_EDGE('',*,*,#11986,.F.);
#11986 = EDGE_CURVE('',#11987,#9060,#11989,.T.);
#11987 = VERTEX_POINT('',#11988);
#11988 = CARTESIAN_POINT('',(-10.75364887382,-16.18612830297,
    2.078694772664));
#11989 = SURFACE_CURVE('',#11990,(#11995,#12002),.PCURVE_S1.);
#11990 = ELLIPSE('',#11991,18.908398355119,18.579451334362);
#11991 = AXIS2_PLACEMENT_3D('',#11992,#11993,#11994);
#11992 = CARTESIAN_POINT('',(0.,-1.012570047562,4.820705966179));
#11993 = DIRECTION('',(0.,0.177829554836,-0.984061303693));
#11994 = DIRECTION('',(0.,-0.984061303693,-0.177829554836));
#11995 = PCURVE('',#7466,#11996);
#11996 = DEFINITIONAL_REPRESENTATION('',(#11997),#12001);
#11997 = ELLIPSE('',#11998,18.908398355119,18.579451334362);
#11998 = AXIS2_PLACEMENT_2D('',#11999,#12000);
#11999 = CARTESIAN_POINT('',(-13.33133836144,-30.));
#12000 = DIRECTION('',(1.,0.));
#12001 = ( GEOMETRIC_REPRESENTATION_CONTEXT(2) 
PARAMETRIC_REPRESENTATION_CONTEXT() REPRESENTATION_CONTEXT('2D SPACE',''
  ) );
#12002 = PCURVE('',#9101,#12003);
#12003 = DEFINITIONAL_REPRESENTATION('',(#12004),#12011);
#12004 = B_SPLINE_CURVE_WITH_KNOTS('',5,(#12005,#12006,#12007,#12008,
    #12009,#12010),.UNSPECIFIED.,.F.,.F.,(6,6),(0.617247296833,
    0.701132178827),.PIECEWISE_BEZIER_KNOTS.);
#12005 = CARTESIAN_POINT('',(-4.125975027466,2.004367476763E-14));
#12006 = CARTESIAN_POINT('',(-4.109934732557,-3.265091416746E-02));
#12007 = CARTESIAN_POINT('',(-4.093884292698,-6.626656017181E-02));
#12008 = CARTESIAN_POINT('',(-4.077823291112,-0.100827792047));
#12009 = CARTESIAN_POINT('',(-4.061751319819,-0.136314331576));
#12010 = CARTESIAN_POINT('',(-4.045667980883,-0.172704839564));
#12011 = ( GEOMETRIC_REPRESENTATION_CONTEXT(2) 
PARAMETRIC_REPRESENTATION_CONTEXT() REPRESENTATION_CONTEXT('2D SPACE',''
  ) );
#12012 = ORIENTED_EDGE('',*,*,#12013,.F.);
#12013 = EDGE_CURVE('',#10993,#11987,#12014,.T.);
#12014 = SURFACE_CURVE('',#12015,(#12020,#12027),.PCURVE_S1.);
#12015 = ELLIPSE('',#12016,19.142122448778,18.823032469334);
#12016 = AXIS2_PLACEMENT_3D('',#12017,#12018,#12019);
#12017 = CARTESIAN_POINT('',(0.,-0.725841199765,4.872520688668));
#12018 = DIRECTION('',(0.,0.177829554836,-0.984061303693));
#12019 = DIRECTION('',(0.,-0.984061303693,-0.177829554836));
#12020 = PCURVE('',#7466,#12021);
#12021 = DEFINITIONAL_REPRESENTATION('',(#12022),#12026);
#12022 = ELLIPSE('',#12023,19.142122448778,18.823032469334);
#12023 = AXIS2_PLACEMENT_2D('',#12024,#12025);
#12024 = CARTESIAN_POINT('',(-13.62271131424,-30.));
#12025 = DIRECTION('',(1.,0.));
#12026 = ( GEOMETRIC_REPRESENTATION_CONTEXT(2) 
PARAMETRIC_REPRESENTATION_CONTEXT() REPRESENTATION_CONTEXT('2D SPACE',''
  ) );
#12027 = PCURVE('',#9682,#12028);
#12028 = DEFINITIONAL_REPRESENTATION('',(#12029),#12036);
#12029 = B_SPLINE_CURVE_WITH_KNOTS('',5,(#12030,#12031,#12032,#12033,
    #12034,#12035),.UNSPECIFIED.,.F.,.F.,(6,6),(0.562271294063,
    0.608092181508),.PIECEWISE_BEZIER_KNOTS.);
#12030 = CARTESIAN_POINT('',(-4.17033704765,-8.882289574391E-02));
#12031 = CARTESIAN_POINT('',(-4.161468785358,-0.105453333982));
#12032 = CARTESIAN_POINT('',(-4.152598502119,-0.122386104996));
#12033 = CARTESIAN_POINT('',(-4.143726147716,-0.139618299085));
#12034 = CARTESIAN_POINT('',(-4.134851672507,-0.157146900726));
#12035 = CARTESIAN_POINT('',(-4.125975027466,-0.174968791747));
#12036 = ( GEOMETRIC_REPRESENTATION_CONTEXT(2) 
PARAMETRIC_REPRESENTATION_CONTEXT() REPRESENTATION_CONTEXT('2D SPACE',''
  ) );
#12037 = ORIENTED_EDGE('',*,*,#11027,.F.);
#12038 = ADVANCED_FACE('',(#12039),#7649,.F.);
#12039 = FACE_BOUND('',#12040,.F.);
#12040 = EDGE_LOOP('',(#12041));
#12041 = ORIENTED_EDGE('',*,*,#7634,.T.);
#12042 = ADVANCED_FACE('',(#12043),#7704,.F.);
#12043 = FACE_BOUND('',#12044,.F.);
#12044 = EDGE_LOOP('',(#12045));
#12045 = ORIENTED_EDGE('',*,*,#7689,.T.);
#12046 = ADVANCED_FACE('',(#12047),#7759,.F.);
#12047 = FACE_BOUND('',#12048,.F.);
#12048 = EDGE_LOOP('',(#12049));
#12049 = ORIENTED_EDGE('',*,*,#7744,.T.);
#12050 = ADVANCED_FACE('',(#12051,#12082),#7792,.F.);
#12051 = FACE_BOUND('',#12052,.T.);
#12052 = EDGE_LOOP('',(#12053));
#12053 = ORIENTED_EDGE('',*,*,#12054,.T.);
#12054 = EDGE_CURVE('',#12055,#12055,#12057,.T.);
#12055 = VERTEX_POINT('',#12056);
#12056 = CARTESIAN_POINT('',(14.35,0.,-0.45));
#12057 = SURFACE_CURVE('',#12058,(#12063,#12070),.PCURVE_S1.);
#12058 = CIRCLE('',#12059,14.35);
#12059 = AXIS2_PLACEMENT_3D('',#12060,#12061,#12062);
#12060 = CARTESIAN_POINT('',(0.,0.,-0.45));
#12061 = DIRECTION('',(0.,0.,1.));
#12062 = DIRECTION('',(1.,0.,-0.));
#12063 = PCURVE('',#7792,#12064);
#12064 = DEFINITIONAL_REPRESENTATION('',(#12065),#12069);
#12065 = CIRCLE('',#12066,14.35);
#12066 = AXIS2_PLACEMENT_2D('',#12067,#12068);
#12067 = CARTESIAN_POINT('',(0.,0.));
#12068 = DIRECTION('',(1.,-0.));
#12069 = ( GEOMETRIC_REPRESENTATION_CONTEXT(2) 
PARAMETRIC_REPRESENTATION_CONTEXT() REPRESENTATION_CONTEXT('2D SPACE',''
  ) );
#12070 = PCURVE('',#12071,#12076);
#12071 = CYLINDRICAL_SURFACE('',#12072,14.35);
#12072 = AXIS2_PLACEMENT_3D('',#12073,#12074,#12075);
#12073 = CARTESIAN_POINT('',(0.,0.,0.));
#12074 = DIRECTION('',(-0.,-0.,-1.));
#12075 = DIRECTION('',(1.,0.,0.));
#12076 = DEFINITIONAL_REPRESENTATION('',(#12077),#12081);
#12077 = LINE('',#12078,#12079);
#12078 = CARTESIAN_POINT('',(-0.,0.45));
#12079 = VECTOR('',#12080,1.);
#12080 = DIRECTION('',(-1.,0.));
#12081 = ( GEOMETRIC_REPRESENTATION_CONTEXT(2) 
PARAMETRIC_REPRESENTATION_CONTEXT() REPRESENTATION_CONTEXT('2D SPACE',''
  ) );
#12082 = FACE_BOUND('',#12083,.T.);
#12083 = EDGE_LOOP('',(#12084));
#12084 = ORIENTED_EDGE('',*,*,#7775,.F.);
#12085 = ADVANCED_FACE('',(#12086),#7844,.F.);
#12086 = FACE_BOUND('',#12087,.F.);
#12087 = EDGE_LOOP('',(#12088,#12109,#12110,#12111,#12132));
#12088 = ORIENTED_EDGE('',*,*,#12089,.F.);
#12089 = EDGE_CURVE('',#7971,#8130,#12090,.T.);
#12090 = SURFACE_CURVE('',#12091,(#12095,#12102),.PCURVE_S1.);
#12091 = LINE('',#12092,#12093);
#12092 = CARTESIAN_POINT('',(12.85,1.7,-0.82));
#12093 = VECTOR('',#12094,1.);
#12094 = DIRECTION('',(1.,0.,0.));
#12095 = PCURVE('',#7844,#12096);
#12096 = DEFINITIONAL_REPRESENTATION('',(#12097),#12101);
#12097 = LINE('',#12098,#12099);
#12098 = CARTESIAN_POINT('',(0.,3.4));
#12099 = VECTOR('',#12100,1.);
#12100 = DIRECTION('',(1.,0.));
#12101 = ( GEOMETRIC_REPRESENTATION_CONTEXT(2) 
PARAMETRIC_REPRESENTATION_CONTEXT() REPRESENTATION_CONTEXT('2D SPACE',''
  ) );
#12102 = PCURVE('',#7985,#12103);
#12103 = DEFINITIONAL_REPRESENTATION('',(#12104),#12108);
#12104 = LINE('',#12105,#12106);
#12105 = CARTESIAN_POINT('',(3.,0.));
#12106 = VECTOR('',#12107,1.);
#12107 = DIRECTION('',(0.,1.));
#12108 = ( GEOMETRIC_REPRESENTATION_CONTEXT(2) 
PARAMETRIC_REPRESENTATION_CONTEXT() REPRESENTATION_CONTEXT('2D SPACE',''
  ) );
#12109 = ORIENTED_EDGE('',*,*,#7996,.T.);
#12110 = ORIENTED_EDGE('',*,*,#7827,.T.);
#12111 = ORIENTED_EDGE('',*,*,#12112,.T.);
#12112 = EDGE_CURVE('',#7828,#8084,#12113,.T.);
#12113 = SURFACE_CURVE('',#12114,(#12118,#12125),.PCURVE_S1.);
#12114 = LINE('',#12115,#12116);
#12115 = CARTESIAN_POINT('',(12.85,-1.7,-0.82));
#12116 = VECTOR('',#12117,1.);
#12117 = DIRECTION('',(1.,0.,0.));
#12118 = PCURVE('',#7844,#12119);
#12119 = DEFINITIONAL_REPRESENTATION('',(#12120),#12124);
#12120 = LINE('',#12121,#12122);
#12121 = CARTESIAN_POINT('',(0.,0.));
#12122 = VECTOR('',#12123,1.);
#12123 = DIRECTION('',(1.,0.));
#12124 = ( GEOMETRIC_REPRESENTATION_CONTEXT(2) 
PARAMETRIC_REPRESENTATION_CONTEXT() REPRESENTATION_CONTEXT('2D SPACE',''
  ) );
#12125 = PCURVE('',#7875,#12126);
#12126 = DEFINITIONAL_REPRESENTATION('',(#12127),#12131);
#12127 = LINE('',#12128,#12129);
#12128 = CARTESIAN_POINT('',(3.,0.));
#12129 = VECTOR('',#12130,1.);
#12130 = DIRECTION('',(0.,1.));
#12131 = ( GEOMETRIC_REPRESENTATION_CONTEXT(2) 
PARAMETRIC_REPRESENTATION_CONTEXT() REPRESENTATION_CONTEXT('2D SPACE',''
  ) );
#12132 = ORIENTED_EDGE('',*,*,#8152,.T.);
#12133 = ADVANCED_FACE('',(#12134),#7985,.F.);
#12134 = FACE_BOUND('',#12135,.F.);
#12135 = EDGE_LOOP('',(#12136,#12157,#12158,#12159));
#12136 = ORIENTED_EDGE('',*,*,#12137,.F.);
#12137 = EDGE_CURVE('',#7943,#8107,#12138,.T.);
#12138 = SURFACE_CURVE('',#12139,(#12143,#12150),.PCURVE_S1.);
#12139 = LINE('',#12140,#12141);
#12140 = CARTESIAN_POINT('',(12.85,1.7,-3.82));
#12141 = VECTOR('',#12142,1.);
#12142 = DIRECTION('',(1.,0.,0.));
#12143 = PCURVE('',#7985,#12144);
#12144 = DEFINITIONAL_REPRESENTATION('',(#12145),#12149);
#12145 = LINE('',#12146,#12147);
#12146 = CARTESIAN_POINT('',(0.,0.));
#12147 = VECTOR('',#12148,1.);
#12148 = DIRECTION('',(0.,1.));
#12149 = ( GEOMETRIC_REPRESENTATION_CONTEXT(2) 
PARAMETRIC_REPRESENTATION_CONTEXT() REPRESENTATION_CONTEXT('2D SPACE',''
  ) );
#12150 = PCURVE('',#7903,#12151);
#12151 = DEFINITIONAL_REPRESENTATION('',(#12152),#12156);
#12152 = LINE('',#12153,#12154);
#12153 = CARTESIAN_POINT('',(0.,3.4));
#12154 = VECTOR('',#12155,1.);
#12155 = DIRECTION('',(1.,0.));
#12156 = ( GEOMETRIC_REPRESENTATION_CONTEXT(2) 
PARAMETRIC_REPRESENTATION_CONTEXT() REPRESENTATION_CONTEXT('2D SPACE',''
  ) );
#12157 = ORIENTED_EDGE('',*,*,#7970,.F.);
#12158 = ORIENTED_EDGE('',*,*,#12089,.T.);
#12159 = ORIENTED_EDGE('',*,*,#8129,.F.);
#12160 = ADVANCED_FACE('',(#12161),#7903,.T.);
#12161 = FACE_BOUND('',#12162,.T.);
#12162 = EDGE_LOOP('',(#12163,#12164,#12165,#12166,#12187));
#12163 = ORIENTED_EDGE('',*,*,#12137,.F.);
#12164 = ORIENTED_EDGE('',*,*,#7942,.T.);
#12165 = ORIENTED_EDGE('',*,*,#7886,.T.);
#12166 = ORIENTED_EDGE('',*,*,#12167,.T.);
#12167 = EDGE_CURVE('',#7861,#8082,#12168,.T.);
#12168 = SURFACE_CURVE('',#12169,(#12173,#12180),.PCURVE_S1.);
#12169 = LINE('',#12170,#12171);
#12170 = CARTESIAN_POINT('',(12.85,-1.7,-3.82));
#12171 = VECTOR('',#12172,1.);
#12172 = DIRECTION('',(1.,0.,0.));
#12173 = PCURVE('',#7903,#12174);
#12174 = DEFINITIONAL_REPRESENTATION('',(#12175),#12179);
#12175 = LINE('',#12176,#12177);
#12176 = CARTESIAN_POINT('',(0.,0.));
#12177 = VECTOR('',#12178,1.);
#12178 = DIRECTION('',(1.,0.));
#12179 = ( GEOMETRIC_REPRESENTATION_CONTEXT(2) 
PARAMETRIC_REPRESENTATION_CONTEXT() REPRESENTATION_CONTEXT('2D SPACE',''
  ) );
#12180 = PCURVE('',#7875,#12181);
#12181 = DEFINITIONAL_REPRESENTATION('',(#12182),#12186);
#12182 = LINE('',#12183,#12184);
#12183 = CARTESIAN_POINT('',(0.,0.));
#12184 = VECTOR('',#12185,1.);
#12185 = DIRECTION('',(0.,1.));
#12186 = ( GEOMETRIC_REPRESENTATION_CONTEXT(2) 
PARAMETRIC_REPRESENTATION_CONTEXT() REPRESENTATION_CONTEXT('2D SPACE',''
  ) );
#12187 = ORIENTED_EDGE('',*,*,#8106,.T.);
#12188 = ADVANCED_FACE('',(#12189),#7875,.T.);
#12189 = FACE_BOUND('',#12190,.T.);
#12190 = EDGE_LOOP('',(#12191,#12192,#12193,#12194));
#12191 = ORIENTED_EDGE('',*,*,#12167,.F.);
#12192 = ORIENTED_EDGE('',*,*,#7860,.F.);
#12193 = ORIENTED_EDGE('',*,*,#12112,.T.);
#12194 = ORIENTED_EDGE('',*,*,#8081,.F.);
#12195 = ADVANCED_FACE('',(#12196),#8065,.F.);
#12196 = FACE_BOUND('',#12197,.F.);
#12197 = EDGE_LOOP('',(#12198));
#12198 = ORIENTED_EDGE('',*,*,#8050,.T.);
#12199 = ADVANCED_FACE('',(#12200),#8227,.T.);
#12200 = FACE_BOUND('',#12201,.T.);
#12201 = EDGE_LOOP('',(#12202,#12227,#12228,#12229));
#12202 = ORIENTED_EDGE('',*,*,#12203,.T.);
#12203 = EDGE_CURVE('',#8468,#8374,#12204,.T.);
#12204 = SURFACE_CURVE('',#12205,(#12209,#12221),.PCURVE_S1.);
#12205 = ( BOUNDED_CURVE() B_SPLINE_CURVE(2,(#12206,#12207,#12208),
.UNSPECIFIED.,.F.,.F.) B_SPLINE_CURVE_WITH_KNOTS((3,3),(0.,
1.138339350096),.PIECEWISE_BEZIER_KNOTS.) CURVE() 
GEOMETRIC_REPRESENTATION_ITEM() RATIONAL_B_SPLINE_CURVE((1.,
0.850650808352,1.)) REPRESENTATION_ITEM('') );
#12206 = CARTESIAN_POINT('',(10.75,23.17838699101,-5.560806504495));
#12207 = CARTESIAN_POINT('',(10.75,23.3,-5.5));
#12208 = CARTESIAN_POINT('',(10.75,23.3,-5.364032522475));
#12209 = PCURVE('',#8227,#12210);
#12210 = DEFINITIONAL_REPRESENTATION('',(#12211),#12220);
#12211 = B_SPLINE_CURVE_WITH_KNOTS('',7,(#12212,#12213,#12214,#12215,
    #12216,#12217,#12218,#12219),.UNSPECIFIED.,.F.,.F.,(8,8),(0.,
    1.138339350096),.PIECEWISE_BEZIER_KNOTS.);
#12212 = CARTESIAN_POINT('',(0.,0.));
#12213 = CARTESIAN_POINT('',(0.150208889177,0.));
#12214 = CARTESIAN_POINT('',(0.307896460783,0.));
#12215 = CARTESIAN_POINT('',(0.470957493901,0.));
#12216 = CARTESIAN_POINT('',(0.636191223893,0.));
#12217 = CARTESIAN_POINT('',(0.799252257011,0.));
#12218 = CARTESIAN_POINT('',(0.956939828617,0.));
#12219 = CARTESIAN_POINT('',(1.107148717794,0.));
#12220 = ( GEOMETRIC_REPRESENTATION_CONTEXT(2) 
PARAMETRIC_REPRESENTATION_CONTEXT() REPRESENTATION_CONTEXT('2D SPACE',''
  ) );
#12221 = PCURVE('',#8495,#12222);
#12222 = DEFINITIONAL_REPRESENTATION('',(#12223),#12226);
#12223 = B_SPLINE_CURVE_WITH_KNOTS('',1,(#12224,#12225),.UNSPECIFIED.,
  .F.,.F.,(2,2),(0.,1.138339350096),.PIECEWISE_BEZIER_KNOTS.);
#12224 = CARTESIAN_POINT('',(0.,1.528102351231));
#12225 = CARTESIAN_POINT('',(1.138339350096,1.528102351231));
#12226 = ( GEOMETRIC_REPRESENTATION_CONTEXT(2) 
PARAMETRIC_REPRESENTATION_CONTEXT() REPRESENTATION_CONTEXT('2D SPACE',''
  ) );
#12227 = ORIENTED_EDGE('',*,*,#8420,.T.);
#12228 = ORIENTED_EDGE('',*,*,#8179,.F.);
#12229 = ORIENTED_EDGE('',*,*,#8530,.F.);
#12230 = ADVANCED_FACE('',(#12231),#8324,.T.);
#12231 = FACE_BOUND('',#12232,.T.);
#12232 = EDGE_LOOP('',(#12233,#12258,#12259,#12260));
#12233 = ORIENTED_EDGE('',*,*,#12234,.T.);
#12234 = EDGE_CURVE('',#8376,#8611,#12235,.T.);
#12235 = SURFACE_CURVE('',#12236,(#12240,#12252),.PCURVE_S1.);
#12236 = ( BOUNDED_CURVE() B_SPLINE_CURVE(2,(#12237,#12238,#12239),
.UNSPECIFIED.,.F.,.F.) B_SPLINE_CURVE_WITH_KNOTS((3,3),(0.,
1.138339350096),.PIECEWISE_BEZIER_KNOTS.) CURVE() 
GEOMETRIC_REPRESENTATION_ITEM() RATIONAL_B_SPLINE_CURVE((1.,
0.850650808352,1.)) REPRESENTATION_ITEM('') );
#12237 = CARTESIAN_POINT('',(10.75,23.3,0.274032522475));
#12238 = CARTESIAN_POINT('',(10.75,23.3,0.41));
#12239 = CARTESIAN_POINT('',(10.75,23.17838699101,0.470806504495));
#12240 = PCURVE('',#8324,#12241);
#12241 = DEFINITIONAL_REPRESENTATION('',(#12242),#12251);
#12242 = B_SPLINE_CURVE_WITH_KNOTS('',7,(#12243,#12244,#12245,#12246,
    #12247,#12248,#12249,#12250),.UNSPECIFIED.,.F.,.F.,(8,8),(0.,
    1.138339350096),.PIECEWISE_BEZIER_KNOTS.);
#12243 = CARTESIAN_POINT('',(0.,0.));
#12244 = CARTESIAN_POINT('',(0.150208889177,0.));
#12245 = CARTESIAN_POINT('',(0.307896460783,0.));
#12246 = CARTESIAN_POINT('',(0.470957493901,0.));
#12247 = CARTESIAN_POINT('',(0.636191223893,0.));
#12248 = CARTESIAN_POINT('',(0.799252257011,0.));
#12249 = CARTESIAN_POINT('',(0.956939828617,0.));
#12250 = CARTESIAN_POINT('',(1.107148717794,0.));
#12251 = ( GEOMETRIC_REPRESENTATION_CONTEXT(2) 
PARAMETRIC_REPRESENTATION_CONTEXT() REPRESENTATION_CONTEXT('2D SPACE',''
  ) );
#12252 = PCURVE('',#8659,#12253);
#12253 = DEFINITIONAL_REPRESENTATION('',(#12254),#12257);
#12254 = B_SPLINE_CURVE_WITH_KNOTS('',1,(#12255,#12256),.UNSPECIFIED.,
  .F.,.F.,(2,2),(0.,1.138339350096),.PIECEWISE_BEZIER_KNOTS.);
#12255 = CARTESIAN_POINT('',(0.,1.751709148981));
#12256 = CARTESIAN_POINT('',(1.138339350096,1.751709148981));
#12257 = ( GEOMETRIC_REPRESENTATION_CONTEXT(2) 
PARAMETRIC_REPRESENTATION_CONTEXT() REPRESENTATION_CONTEXT('2D SPACE',''
  ) );
#12258 = ORIENTED_EDGE('',*,*,#8610,.T.);
#12259 = ORIENTED_EDGE('',*,*,#8276,.F.);
#12260 = ORIENTED_EDGE('',*,*,#8398,.F.);
#12261 = ADVANCED_FACE('',(#12262),#8495,.T.);
#12262 = FACE_BOUND('',#12263,.T.);
#12263 = EDGE_LOOP('',(#12264,#12265,#12266,#12267));
#12264 = ORIENTED_EDGE('',*,*,#9750,.T.);
#12265 = ORIENTED_EDGE('',*,*,#9895,.T.);
#12266 = ORIENTED_EDGE('',*,*,#12203,.F.);
#12267 = ORIENTED_EDGE('',*,*,#8467,.F.);
#12268 = ADVANCED_FACE('',(#12269),#8596,.T.);
#12269 = FACE_BOUND('',#12270,.F.);
#12270 = EDGE_LOOP('',(#12271,#12272,#12294,#12295));
#12271 = ORIENTED_EDGE('',*,*,#8837,.F.);
#12272 = ORIENTED_EDGE('',*,*,#12273,.F.);
#12273 = EDGE_CURVE('',#8558,#8725,#12274,.T.);
#12274 = SURFACE_CURVE('',#12275,(#12280,#12287),.PCURVE_S1.);
#12275 = CIRCLE('',#12276,0.22);
#12276 = AXIS2_PLACEMENT_3D('',#12277,#12278,#12279);
#12277 = CARTESIAN_POINT('',(10.22,22.02983131883,0.79911686306));
#12278 = DIRECTION('',(1.,0.,0.));
#12279 = DIRECTION('',(-0.,0.4472135955,0.894427191));
#12280 = PCURVE('',#8596,#12281);
#12281 = DEFINITIONAL_REPRESENTATION('',(#12282),#12286);
#12282 = LINE('',#12283,#12284);
#12283 = CARTESIAN_POINT('',(-0.284867198812,0.22));
#12284 = VECTOR('',#12285,1.);
#12285 = DIRECTION('',(1.,-0.));
#12286 = ( GEOMETRIC_REPRESENTATION_CONTEXT(2) 
PARAMETRIC_REPRESENTATION_CONTEXT() REPRESENTATION_CONTEXT('2D SPACE',''
  ) );
#12287 = PCURVE('',#10015,#12288);
#12288 = DEFINITIONAL_REPRESENTATION('',(#12289),#12293);
#12289 = LINE('',#12290,#12291);
#12290 = CARTESIAN_POINT('',(0.,0.));
#12291 = VECTOR('',#12292,1.);
#12292 = DIRECTION('',(1.,0.));
#12293 = ( GEOMETRIC_REPRESENTATION_CONTEXT(2) 
PARAMETRIC_REPRESENTATION_CONTEXT() REPRESENTATION_CONTEXT('2D SPACE',''
  ) );
#12294 = ORIENTED_EDGE('',*,*,#8582,.T.);
#12295 = ORIENTED_EDGE('',*,*,#8697,.F.);
#12296 = ADVANCED_FACE('',(#12297),#8659,.T.);
#12297 = FACE_BOUND('',#12298,.T.);
#12298 = EDGE_LOOP('',(#12299,#12300,#12301,#12302));
#12299 = ORIENTED_EDGE('',*,*,#10050,.T.);
#12300 = ORIENTED_EDGE('',*,*,#8633,.T.);
#12301 = ORIENTED_EDGE('',*,*,#12234,.F.);
#12302 = ORIENTED_EDGE('',*,*,#9929,.F.);
#12303 = ADVANCED_FACE('',(#12304),#8796,.T.);
#12304 = FACE_BOUND('',#12305,.T.);
#12305 = EDGE_LOOP('',(#12306,#12307,#12308,#12329));
#12306 = ORIENTED_EDGE('',*,*,#8986,.F.);
#12307 = ORIENTED_EDGE('',*,*,#8779,.T.);
#12308 = ORIENTED_EDGE('',*,*,#12309,.T.);
#12309 = EDGE_CURVE('',#8748,#11590,#12310,.T.);
#12310 = SURFACE_CURVE('',#12311,(#12316,#12323),.PCURVE_S1.);
#12311 = CIRCLE('',#12312,19.432748481411);
#12312 = AXIS2_PLACEMENT_3D('',#12313,#12314,#12315);
#12313 = CARTESIAN_POINT('',(0.,0.,2.078694772664));
#12314 = DIRECTION('',(0.,0.,1.));
#12315 = DIRECTION('',(1.,0.,-0.));
#12316 = PCURVE('',#8796,#12317);
#12317 = DEFINITIONAL_REPRESENTATION('',(#12318),#12322);
#12318 = LINE('',#12319,#12320);
#12319 = CARTESIAN_POINT('',(-0.,-0.));
#12320 = VECTOR('',#12321,1.);
#12321 = DIRECTION('',(-1.,-0.));
#12322 = ( GEOMETRIC_REPRESENTATION_CONTEXT(2) 
PARAMETRIC_REPRESENTATION_CONTEXT() REPRESENTATION_CONTEXT('2D SPACE',''
  ) );
#12323 = PCURVE('',#8764,#12324);
#12324 = DEFINITIONAL_REPRESENTATION('',(#12325),#12328);
#12325 = B_SPLINE_CURVE_WITH_KNOTS('',1,(#12326,#12327),.UNSPECIFIED.,
  .F.,.F.,(2,2),(0.984382373876,6.28318530718),
  .PIECEWISE_BEZIER_KNOTS.);
#12326 = CARTESIAN_POINT('',(-0.984382373876,-0.174968791747));
#12327 = CARTESIAN_POINT('',(-6.28318530718,-0.174968791747));
#12328 = ( GEOMETRIC_REPRESENTATION_CONTEXT(2) 
PARAMETRIC_REPRESENTATION_CONTEXT() REPRESENTATION_CONTEXT('2D SPACE',''
  ) );
#12329 = ORIENTED_EDGE('',*,*,#11640,.T.);
#12330 = ADVANCED_FACE('',(#12331),#8764,.T.);
#12331 = FACE_BOUND('',#12332,.T.);
#12332 = EDGE_LOOP('',(#12333,#12334,#12335,#12336,#12337,#12338));
#12333 = ORIENTED_EDGE('',*,*,#11589,.T.);
#12334 = ORIENTED_EDGE('',*,*,#12309,.F.);
#12335 = ORIENTED_EDGE('',*,*,#8747,.T.);
#12336 = ORIENTED_EDGE('',*,*,#9966,.T.);
#12337 = ORIENTED_EDGE('',*,*,#9778,.T.);
#12338 = ORIENTED_EDGE('',*,*,#10303,.F.);
#12339 = ADVANCED_FACE('',(#12340),#9101,.T.);
#12340 = FACE_BOUND('',#12341,.T.);
#12341 = EDGE_LOOP('',(#12342,#12343,#12344,#12365));
#12342 = ORIENTED_EDGE('',*,*,#9086,.F.);
#12343 = ORIENTED_EDGE('',*,*,#11986,.F.);
#12344 = ORIENTED_EDGE('',*,*,#12345,.T.);
#12345 = EDGE_CURVE('',#11987,#9666,#12346,.T.);
#12346 = SURFACE_CURVE('',#12347,(#12352,#12359),.PCURVE_S1.);
#12347 = CIRCLE('',#12348,19.432748481411);
#12348 = AXIS2_PLACEMENT_3D('',#12349,#12350,#12351);
#12349 = CARTESIAN_POINT('',(0.,0.,2.078694772664));
#12350 = DIRECTION('',(0.,0.,1.));
#12351 = DIRECTION('',(1.,0.,-0.));
#12352 = PCURVE('',#9101,#12353);
#12353 = DEFINITIONAL_REPRESENTATION('',(#12354),#12358);
#12354 = LINE('',#12355,#12356);
#12355 = CARTESIAN_POINT('',(-0.,-0.));
#12356 = VECTOR('',#12357,1.);
#12357 = DIRECTION('',(-1.,-0.));
#12358 = ( GEOMETRIC_REPRESENTATION_CONTEXT(2) 
PARAMETRIC_REPRESENTATION_CONTEXT() REPRESENTATION_CONTEXT('2D SPACE',''
  ) );
#12359 = PCURVE('',#9682,#12360);
#12360 = DEFINITIONAL_REPRESENTATION('',(#12361),#12364);
#12361 = B_SPLINE_CURVE_WITH_KNOTS('',1,(#12362,#12363),.UNSPECIFIED.,
  .F.,.F.,(2,2),(0.984382373876,6.28318530718),
  .PIECEWISE_BEZIER_KNOTS.);
#12362 = CARTESIAN_POINT('',(-0.984382373876,-0.174968791747));
#12363 = CARTESIAN_POINT('',(-6.28318530718,-0.174968791747));
#12364 = ( GEOMETRIC_REPRESENTATION_CONTEXT(2) 
PARAMETRIC_REPRESENTATION_CONTEXT() REPRESENTATION_CONTEXT('2D SPACE',''
  ) );
#12365 = ORIENTED_EDGE('',*,*,#9697,.F.);
#12366 = ADVANCED_FACE('',(#12367),#8950,.T.);
#12367 = FACE_BOUND('',#12368,.T.);
#12368 = EDGE_LOOP('',(#12369,#12370,#12393,#12420));
#12369 = ORIENTED_EDGE('',*,*,#8935,.T.);
#12370 = ORIENTED_EDGE('',*,*,#12371,.T.);
#12371 = EDGE_CURVE('',#8913,#12372,#12374,.T.);
#12372 = VERTEX_POINT('',#12373);
#12373 = CARTESIAN_POINT('',(19.23357836379,0.,2.587072101709));
#12374 = SEAM_CURVE('',#12375,(#12379,#12386),.PCURVE_S1.);
#12375 = LINE('',#12376,#12377);
#12376 = CARTESIAN_POINT('',(19.314255453233,0.,2.421100950972));
#12377 = VECTOR('',#12378,1.);
#12378 = DIRECTION('',(-0.43717810642,0.,0.899374951434));
#12379 = PCURVE('',#8950,#12380);
#12380 = DEFINITIONAL_REPRESENTATION('',(#12381),#12385);
#12381 = LINE('',#12382,#12383);
#12382 = CARTESIAN_POINT('',(-0.,-0.));
#12383 = VECTOR('',#12384,1.);
#12384 = DIRECTION('',(-0.,-1.));
#12385 = ( GEOMETRIC_REPRESENTATION_CONTEXT(2) 
PARAMETRIC_REPRESENTATION_CONTEXT() REPRESENTATION_CONTEXT('2D SPACE',''
  ) );
#12386 = PCURVE('',#8950,#12387);
#12387 = DEFINITIONAL_REPRESENTATION('',(#12388),#12392);
#12388 = LINE('',#12389,#12390);
#12389 = CARTESIAN_POINT('',(-6.28318530718,-0.));
#12390 = VECTOR('',#12391,1.);
#12391 = DIRECTION('',(-0.,-1.));
#12392 = ( GEOMETRIC_REPRESENTATION_CONTEXT(2) 
PARAMETRIC_REPRESENTATION_CONTEXT() REPRESENTATION_CONTEXT('2D SPACE',''
  ) );
#12393 = ORIENTED_EDGE('',*,*,#12394,.F.);
#12394 = EDGE_CURVE('',#12372,#12372,#12395,.T.);
#12395 = SURFACE_CURVE('',#12396,(#12401,#12408),.PCURVE_S1.);
#12396 = CIRCLE('',#12397,19.23357836379);
#12397 = AXIS2_PLACEMENT_3D('',#12398,#12399,#12400);
#12398 = CARTESIAN_POINT('',(0.,0.,2.587072101709));
#12399 = DIRECTION('',(0.,0.,1.));
#12400 = DIRECTION('',(1.,0.,-0.));
#12401 = PCURVE('',#8950,#12402);
#12402 = DEFINITIONAL_REPRESENTATION('',(#12403),#12407);
#12403 = LINE('',#12404,#12405);
#12404 = CARTESIAN_POINT('',(-0.,-0.165971150738));
#12405 = VECTOR('',#12406,1.);
#12406 = DIRECTION('',(-1.,-0.));
#12407 = ( GEOMETRIC_REPRESENTATION_CONTEXT(2) 
PARAMETRIC_REPRESENTATION_CONTEXT() REPRESENTATION_CONTEXT('2D SPACE',''
  ) );
#12408 = PCURVE('',#12409,#12414);
#12409 = CONICAL_SURFACE('',#12410,19.23357836379,0.529448847274);
#12410 = AXIS2_PLACEMENT_3D('',#12411,#12412,#12413);
#12411 = CARTESIAN_POINT('',(0.,0.,2.587072101709));
#12412 = DIRECTION('',(-0.,-0.,-1.));
#12413 = DIRECTION('',(1.,0.,-0.));
#12414 = DEFINITIONAL_REPRESENTATION('',(#12415),#12419);
#12415 = LINE('',#12416,#12417);
#12416 = CARTESIAN_POINT('',(-0.,-0.));
#12417 = VECTOR('',#12418,1.);
#12418 = DIRECTION('',(-1.,-0.));
#12419 = ( GEOMETRIC_REPRESENTATION_CONTEXT(2) 
PARAMETRIC_REPRESENTATION_CONTEXT() REPRESENTATION_CONTEXT('2D SPACE',''
  ) );
#12420 = ORIENTED_EDGE('',*,*,#12371,.F.);
#12421 = ADVANCED_FACE('',(#12422),#9172,.T.);
#12422 = FACE_BOUND('',#12423,.F.);
#12423 = EDGE_LOOP('',(#12424,#12449,#12450,#12451));
#12424 = ORIENTED_EDGE('',*,*,#12425,.T.);
#12425 = EDGE_CURVE('',#9386,#9292,#12426,.T.);
#12426 = SURFACE_CURVE('',#12427,(#12431,#12443),.PCURVE_S1.);
#12427 = ( BOUNDED_CURVE() B_SPLINE_CURVE(2,(#12428,#12429,#12430),
.UNSPECIFIED.,.F.,.F.) B_SPLINE_CURVE_WITH_KNOTS((3,3),(0.,
1.138339350096),.PIECEWISE_BEZIER_KNOTS.) CURVE() 
GEOMETRIC_REPRESENTATION_ITEM() RATIONAL_B_SPLINE_CURVE((1.,
0.850650808352,1.)) REPRESENTATION_ITEM('') );
#12428 = CARTESIAN_POINT('',(10.75,-23.17838699101,-5.560806504495));
#12429 = CARTESIAN_POINT('',(10.75,-23.3,-5.5));
#12430 = CARTESIAN_POINT('',(10.75,-23.3,-5.364032522475));
#12431 = PCURVE('',#9172,#12432);
#12432 = DEFINITIONAL_REPRESENTATION('',(#12433),#12442);
#12433 = B_SPLINE_CURVE_WITH_KNOTS('',7,(#12434,#12435,#12436,#12437,
    #12438,#12439,#12440,#12441),.UNSPECIFIED.,.F.,.F.,(8,8),(0.,
    1.138339350096),.PIECEWISE_BEZIER_KNOTS.);
#12434 = CARTESIAN_POINT('',(0.,0.));
#12435 = CARTESIAN_POINT('',(-0.150208889177,0.));
#12436 = CARTESIAN_POINT('',(-0.307896460783,0.));
#12437 = CARTESIAN_POINT('',(-0.470957493901,0.));
#12438 = CARTESIAN_POINT('',(-0.636191223893,0.));
#12439 = CARTESIAN_POINT('',(-0.799252257011,0.));
#12440 = CARTESIAN_POINT('',(-0.956939828617,0.));
#12441 = CARTESIAN_POINT('',(-1.107148717794,0.));
#12442 = ( GEOMETRIC_REPRESENTATION_CONTEXT(2) 
PARAMETRIC_REPRESENTATION_CONTEXT() REPRESENTATION_CONTEXT('2D SPACE',''
  ) );
#12443 = PCURVE('',#9413,#12444);
#12444 = DEFINITIONAL_REPRESENTATION('',(#12445),#12448);
#12445 = B_SPLINE_CURVE_WITH_KNOTS('',1,(#12446,#12447),.UNSPECIFIED.,
  .F.,.F.,(2,2),(0.,1.138339350096),.PIECEWISE_BEZIER_KNOTS.);
#12446 = CARTESIAN_POINT('',(0.,1.528102351231));
#12447 = CARTESIAN_POINT('',(1.138339350096,1.528102351231));
#12448 = ( GEOMETRIC_REPRESENTATION_CONTEXT(2) 
PARAMETRIC_REPRESENTATION_CONTEXT() REPRESENTATION_CONTEXT('2D SPACE',''
  ) );
#12449 = ORIENTED_EDGE('',*,*,#9338,.T.);
#12450 = ORIENTED_EDGE('',*,*,#9124,.F.);
#12451 = ORIENTED_EDGE('',*,*,#9448,.F.);
#12452 = ADVANCED_FACE('',(#12453),#9238,.T.);
#12453 = FACE_BOUND('',#12454,.F.);
#12454 = EDGE_LOOP('',(#12455,#12456,#12457,#12509));
#12455 = ORIENTED_EDGE('',*,*,#9223,.T.);
#12456 = ORIENTED_EDGE('',*,*,#9316,.T.);
#12457 = ORIENTED_EDGE('',*,*,#12458,.F.);
#12458 = EDGE_CURVE('',#9478,#9294,#12459,.T.);
#12459 = SURFACE_CURVE('',#12460,(#12465,#12471),.PCURVE_S1.);
#12460 = CIRCLE('',#12461,0.22);
#12461 = AXIS2_PLACEMENT_3D('',#12462,#12463,#12464);
#12462 = CARTESIAN_POINT('',(10.75,-23.08,0.274032522475));
#12463 = DIRECTION('',(1.,0.,0.));
#12464 = DIRECTION('',(0.,-0.4472135955,0.894427191));
#12465 = PCURVE('',#9238,#12466);
#12466 = DEFINITIONAL_REPRESENTATION('',(#12467),#12470);
#12467 = B_SPLINE_CURVE_WITH_KNOTS('',1,(#12468,#12469),.UNSPECIFIED.,
  .F.,.F.,(2,2),(0.,1.107148717794),.PIECEWISE_BEZIER_KNOTS.);
#12468 = CARTESIAN_POINT('',(0.,0.524138965456));
#12469 = CARTESIAN_POINT('',(-1.107148717794,0.524138965456));
#12470 = ( GEOMETRIC_REPRESENTATION_CONTEXT(2) 
PARAMETRIC_REPRESENTATION_CONTEXT() REPRESENTATION_CONTEXT('2D SPACE',''
  ) );
#12471 = PCURVE('',#9528,#12472);
#12472 = DEFINITIONAL_REPRESENTATION('',(#12473),#12508);
#12473 = B_SPLINE_CURVE_WITH_KNOTS('',9,(#12474,#12475,#12476,#12477,
    #12478,#12479,#12480,#12481,#12482,#12483,#12484,#12485,#12486,
    #12487,#12488,#12489,#12490,#12491,#12492,#12493,#12494,#12495,
    #12496,#12497,#12498,#12499,#12500,#12501,#12502,#12503,#12504,
    #12505,#12506,#12507),.UNSPECIFIED.,.F.,.F.,(10,8,8,8,10),(0.,
    0.276787179449,0.553574358897,0.830361538346,1.107148717794),
  .UNSPECIFIED.);
#12474 = CARTESIAN_POINT('',(8.326672684689E-17,2.276071356873));
#12475 = CARTESIAN_POINT('',(3.329519287048E-02,2.276071356874));
#12476 = CARTESIAN_POINT('',(6.626379546792E-02,2.276071356873));
#12477 = CARTESIAN_POINT('',(9.893353128439E-02,2.276071356874));
#12478 = CARTESIAN_POINT('',(0.131324558947,2.276071356873));
#12479 = CARTESIAN_POINT('',(0.163485427818,2.276071356874));
#12480 = CARTESIAN_POINT('',(0.195405384721,2.276071356873));
#12481 = CARTESIAN_POINT('',(0.227142436975,2.276071356873));
#12482 = CARTESIAN_POINT('',(0.258699607404,2.276071356874));
#12483 = CARTESIAN_POINT('',(0.321512262903,2.276071356873));
#12484 = CARTESIAN_POINT('',(0.352767181404,2.276071356874));
#12485 = CARTESIAN_POINT('',(0.383892553303,2.276071356873));
#12486 = CARTESIAN_POINT('',(0.414915153125,2.276071356874));
#12487 = CARTESIAN_POINT('',(0.445851221972,2.276071356873));
#12488 = CARTESIAN_POINT('',(0.476721183729,2.276071356874));
#12489 = CARTESIAN_POINT('',(0.507551369705,2.276071356873));
#12490 = CARTESIAN_POINT('',(0.538360511544,2.276071356874));
#12491 = CARTESIAN_POINT('',(0.599978838552,2.276071356874));
#12492 = CARTESIAN_POINT('',(0.630787980391,2.276071356873));
#12493 = CARTESIAN_POINT('',(0.661618166367,2.276071356874));
#12494 = CARTESIAN_POINT('',(0.692488128124,2.276071356873));
#12495 = CARTESIAN_POINT('',(0.723424196971,2.276071356874));
#12496 = CARTESIAN_POINT('',(0.754446796792,2.276071356873));
#12497 = CARTESIAN_POINT('',(0.785572168692,2.276071356874));
#12498 = CARTESIAN_POINT('',(0.816827087193,2.276071356873));
#12499 = CARTESIAN_POINT('',(0.879639742692,2.276071356874));
#12500 = CARTESIAN_POINT('',(0.911196913121,2.276071356873));
#12501 = CARTESIAN_POINT('',(0.942933965375,2.276071356874));
#12502 = CARTESIAN_POINT('',(0.974853922277,2.276071356873));
#12503 = CARTESIAN_POINT('',(1.007014791149,2.276071356874));
#12504 = CARTESIAN_POINT('',(1.039405818811,2.276071356873));
#12505 = CARTESIAN_POINT('',(1.072075554628,2.276071356874));
#12506 = CARTESIAN_POINT('',(1.105044157225,2.276071356873));
#12507 = CARTESIAN_POINT('',(1.138339350096,2.276071356873));
#12508 = ( GEOMETRIC_REPRESENTATION_CONTEXT(2) 
PARAMETRIC_REPRESENTATION_CONTEXT() REPRESENTATION_CONTEXT('2D SPACE',''
  ) );
#12509 = ORIENTED_EDGE('',*,*,#9477,.F.);
#12510 = ADVANCED_FACE('',(#12511),#9413,.F.);
#12511 = FACE_BOUND('',#12512,.F.);
#12512 = EDGE_LOOP('',(#12513,#12514,#12515,#12516));
#12513 = ORIENTED_EDGE('',*,*,#10438,.T.);
#12514 = ORIENTED_EDGE('',*,*,#10583,.T.);
#12515 = ORIENTED_EDGE('',*,*,#12425,.F.);
#12516 = ORIENTED_EDGE('',*,*,#9385,.F.);
#12517 = ADVANCED_FACE('',(#12518),#9600,.T.);
#12518 = FACE_BOUND('',#12519,.T.);
#12519 = EDGE_LOOP('',(#12520,#12521,#12543,#12544));
#12520 = ORIENTED_EDGE('',*,*,#9724,.F.);
#12521 = ORIENTED_EDGE('',*,*,#12522,.T.);
#12522 = EDGE_CURVE('',#9641,#9564,#12523,.T.);
#12523 = SURFACE_CURVE('',#12524,(#12529,#12536),.PCURVE_S1.);
#12524 = CIRCLE('',#12525,0.22);
#12525 = AXIS2_PLACEMENT_3D('',#12526,#12527,#12528);
#12526 = CARTESIAN_POINT('',(10.22,-22.02983131883,0.79911686306));
#12527 = DIRECTION('',(1.,0.,-0.));
#12528 = DIRECTION('',(0.,-0.177829554836,0.984061303693));
#12529 = PCURVE('',#9600,#12530);
#12530 = DEFINITIONAL_REPRESENTATION('',(#12531),#12535);
#12531 = LINE('',#12532,#12533);
#12532 = CARTESIAN_POINT('',(0.,0.22));
#12533 = VECTOR('',#12534,1.);
#12534 = DIRECTION('',(1.,0.));
#12535 = ( GEOMETRIC_REPRESENTATION_CONTEXT(2) 
PARAMETRIC_REPRESENTATION_CONTEXT() REPRESENTATION_CONTEXT('2D SPACE',''
  ) );
#12536 = PCURVE('',#10667,#12537);
#12537 = DEFINITIONAL_REPRESENTATION('',(#12538),#12542);
#12538 = LINE('',#12539,#12540);
#12539 = CARTESIAN_POINT('',(0.,0.));
#12540 = VECTOR('',#12541,1.);
#12541 = DIRECTION('',(1.,0.));
#12542 = ( GEOMETRIC_REPRESENTATION_CONTEXT(2) 
PARAMETRIC_REPRESENTATION_CONTEXT() REPRESENTATION_CONTEXT('2D SPACE',''
  ) );
#12543 = ORIENTED_EDGE('',*,*,#9586,.T.);
#12544 = ORIENTED_EDGE('',*,*,#9615,.F.);
#12545 = ADVANCED_FACE('',(#12546),#9528,.F.);
#12546 = FACE_BOUND('',#12547,.F.);
#12547 = EDGE_LOOP('',(#12548,#12549,#12550,#12551));
#12548 = ORIENTED_EDGE('',*,*,#12458,.T.);
#12549 = ORIENTED_EDGE('',*,*,#10617,.T.);
#12550 = ORIENTED_EDGE('',*,*,#10717,.F.);
#12551 = ORIENTED_EDGE('',*,*,#9500,.F.);
#12552 = ADVANCED_FACE('',(#12553),#9682,.T.);
#12553 = FACE_BOUND('',#12554,.T.);
#12554 = EDGE_LOOP('',(#12555,#12556,#12557,#12558,#12559,#12560));
#12555 = ORIENTED_EDGE('',*,*,#9665,.F.);
#12556 = ORIENTED_EDGE('',*,*,#12345,.F.);
#12557 = ORIENTED_EDGE('',*,*,#12013,.F.);
#12558 = ORIENTED_EDGE('',*,*,#10992,.T.);
#12559 = ORIENTED_EDGE('',*,*,#10466,.T.);
#12560 = ORIENTED_EDGE('',*,*,#10680,.F.);
#12561 = ADVANCED_FACE('',(#12562),#10015,.T.);
#12562 = FACE_BOUND('',#12563,.T.);
#12563 = EDGE_LOOP('',(#12564,#12565,#12566));
#12564 = ORIENTED_EDGE('',*,*,#10029,.F.);
#12565 = ORIENTED_EDGE('',*,*,#10001,.T.);
#12566 = ORIENTED_EDGE('',*,*,#12273,.F.);
#12567 = ADVANCED_FACE('',(#12568),#10095,.T.);
#12568 = FACE_BOUND('',#12569,.T.);
#12569 = EDGE_LOOP('',(#12570,#12622,#12623,#12624));
#12570 = ORIENTED_EDGE('',*,*,#12571,.T.);
#12571 = EDGE_CURVE('',#11161,#10156,#12572,.T.);
#12572 = SURFACE_CURVE('',#12573,(#12578,#12616),.PCURVE_S1.);
#12573 = CIRCLE('',#12574,0.22);
#12574 = AXIS2_PLACEMENT_3D('',#12575,#12576,#12577);
#12575 = CARTESIAN_POINT('',(-10.75,23.08,-5.364032522475));
#12576 = DIRECTION('',(1.,0.,0.));
#12577 = DIRECTION('',(0.,0.4472135955,-0.894427191));
#12578 = PCURVE('',#10095,#12579);
#12579 = DEFINITIONAL_REPRESENTATION('',(#12580),#12615);
#12580 = B_SPLINE_CURVE_WITH_KNOTS('',9,(#12581,#12582,#12583,#12584,
    #12585,#12586,#12587,#12588,#12589,#12590,#12591,#12592,#12593,
    #12594,#12595,#12596,#12597,#12598,#12599,#12600,#12601,#12602,
    #12603,#12604,#12605,#12606,#12607,#12608,#12609,#12610,#12611,
    #12612,#12613,#12614),.UNSPECIFIED.,.F.,.F.,(10,8,8,8,10),(0.,
    0.276787179449,0.553574358897,0.830361538346,1.107148717794),
  .UNSPECIFIED.);
#12581 = CARTESIAN_POINT('',(0.,2.052368819705));
#12582 = CARTESIAN_POINT('',(3.329519287047E-02,2.052368819705));
#12583 = CARTESIAN_POINT('',(6.626379546791E-02,2.052368819705));
#12584 = CARTESIAN_POINT('',(9.893353128435E-02,2.052368819705));
#12585 = CARTESIAN_POINT('',(0.131324558947,2.052368819705));
#12586 = CARTESIAN_POINT('',(0.163485427818,2.052368819705));
#12587 = CARTESIAN_POINT('',(0.195405384721,2.052368819705));
#12588 = CARTESIAN_POINT('',(0.227142436975,2.052368819705));
#12589 = CARTESIAN_POINT('',(0.258699607404,2.052368819705));
#12590 = CARTESIAN_POINT('',(0.321512262903,2.052368819705));
#12591 = CARTESIAN_POINT('',(0.352767181404,2.052368819705));
#12592 = CARTESIAN_POINT('',(0.383892553303,2.052368819705));
#12593 = CARTESIAN_POINT('',(0.414915153125,2.052368819705));
#12594 = CARTESIAN_POINT('',(0.445851221972,2.052368819705));
#12595 = CARTESIAN_POINT('',(0.476721183729,2.052368819705));
#12596 = CARTESIAN_POINT('',(0.507551369705,2.052368819705));
#12597 = CARTESIAN_POINT('',(0.538360511544,2.052368819705));
#12598 = CARTESIAN_POINT('',(0.599978838552,2.052368819705));
#12599 = CARTESIAN_POINT('',(0.630787980391,2.052368819705));
#12600 = CARTESIAN_POINT('',(0.661618166367,2.052368819705));
#12601 = CARTESIAN_POINT('',(0.692488128124,2.052368819705));
#12602 = CARTESIAN_POINT('',(0.723424196971,2.052368819705));
#12603 = CARTESIAN_POINT('',(0.754446796792,2.052368819705));
#12604 = CARTESIAN_POINT('',(0.785572168692,2.052368819705));
#12605 = CARTESIAN_POINT('',(0.816827087193,2.052368819705));
#12606 = CARTESIAN_POINT('',(0.879639742692,2.052368819705));
#12607 = CARTESIAN_POINT('',(0.911196913121,2.052368819705));
#12608 = CARTESIAN_POINT('',(0.942933965375,2.052368819705));
#12609 = CARTESIAN_POINT('',(0.974853922277,2.052368819705));
#12610 = CARTESIAN_POINT('',(1.007014791149,2.052368819706));
#12611 = CARTESIAN_POINT('',(1.039405818811,2.052368819705));
#12612 = CARTESIAN_POINT('',(1.072075554628,2.052368819705));
#12613 = CARTESIAN_POINT('',(1.105044157225,2.052368819705));
#12614 = CARTESIAN_POINT('',(1.138339350096,2.052368819705));
#12615 = ( GEOMETRIC_REPRESENTATION_CONTEXT(2) 
PARAMETRIC_REPRESENTATION_CONTEXT() REPRESENTATION_CONTEXT('2D SPACE',''
  ) );
#12616 = PCURVE('',#11176,#12617);
#12617 = DEFINITIONAL_REPRESENTATION('',(#12618),#12621);
#12618 = B_SPLINE_CURVE_WITH_KNOTS('',1,(#12619,#12620),.UNSPECIFIED.,
  .F.,.F.,(2,2),(0.,1.107148717794),.PIECEWISE_BEZIER_KNOTS.);
#12619 = CARTESIAN_POINT('',(0.,0.524138965456));
#12620 = CARTESIAN_POINT('',(1.107148717794,0.524138965456));
#12621 = ( GEOMETRIC_REPRESENTATION_CONTEXT(2) 
PARAMETRIC_REPRESENTATION_CONTEXT() REPRESENTATION_CONTEXT('2D SPACE',''
  ) );
#12622 = ORIENTED_EDGE('',*,*,#10180,.T.);
#12623 = ORIENTED_EDGE('',*,*,#10078,.F.);
#12624 = ORIENTED_EDGE('',*,*,#11188,.F.);
#12625 = ADVANCED_FACE('',(#12626),#10240,.F.);
#12626 = FACE_BOUND('',#12627,.F.);
#12627 = EDGE_LOOP('',(#12628,#12680,#12681,#12682));
#12628 = ORIENTED_EDGE('',*,*,#12629,.T.);
#12629 = EDGE_CURVE('',#11505,#10158,#12630,.T.);
#12630 = SURFACE_CURVE('',#12631,(#12636,#12674),.PCURVE_S1.);
#12631 = CIRCLE('',#12632,0.22);
#12632 = AXIS2_PLACEMENT_3D('',#12633,#12634,#12635);
#12633 = CARTESIAN_POINT('',(-10.75,23.08,0.274032522475));
#12634 = DIRECTION('',(-1.,0.,-0.));
#12635 = DIRECTION('',(-0.,0.4472135955,0.894427191));
#12636 = PCURVE('',#10240,#12637);
#12637 = DEFINITIONAL_REPRESENTATION('',(#12638),#12673);
#12638 = B_SPLINE_CURVE_WITH_KNOTS('',9,(#12639,#12640,#12641,#12642,
    #12643,#12644,#12645,#12646,#12647,#12648,#12649,#12650,#12651,
    #12652,#12653,#12654,#12655,#12656,#12657,#12658,#12659,#12660,
    #12661,#12662,#12663,#12664,#12665,#12666,#12667,#12668,#12669,
    #12670,#12671,#12672),.UNSPECIFIED.,.F.,.F.,(10,8,8,8,10),(0.,
    0.276787179449,0.553574358897,0.830361538346,1.107148717794),
  .UNSPECIFIED.);
#12639 = CARTESIAN_POINT('',(0.,2.276071356873));
#12640 = CARTESIAN_POINT('',(3.329519287048E-02,2.276071356874));
#12641 = CARTESIAN_POINT('',(6.626379546792E-02,2.276071356873));
#12642 = CARTESIAN_POINT('',(9.893353128438E-02,2.276071356874));
#12643 = CARTESIAN_POINT('',(0.131324558947,2.276071356873));
#12644 = CARTESIAN_POINT('',(0.163485427818,2.276071356874));
#12645 = CARTESIAN_POINT('',(0.195405384721,2.276071356874));
#12646 = CARTESIAN_POINT('',(0.227142436975,2.276071356873));
#12647 = CARTESIAN_POINT('',(0.258699607404,2.276071356874));
#12648 = CARTESIAN_POINT('',(0.321512262903,2.276071356873));
#12649 = CARTESIAN_POINT('',(0.352767181404,2.276071356874));
#12650 = CARTESIAN_POINT('',(0.383892553303,2.276071356873));
#12651 = CARTESIAN_POINT('',(0.414915153125,2.276071356874));
#12652 = CARTESIAN_POINT('',(0.445851221972,2.276071356873));
#12653 = CARTESIAN_POINT('',(0.476721183729,2.276071356874));
#12654 = CARTESIAN_POINT('',(0.507551369705,2.276071356873));
#12655 = CARTESIAN_POINT('',(0.538360511544,2.276071356874));
#12656 = CARTESIAN_POINT('',(0.599978838552,2.276071356874));
#12657 = CARTESIAN_POINT('',(0.630787980391,2.276071356873));
#12658 = CARTESIAN_POINT('',(0.661618166367,2.276071356874));
#12659 = CARTESIAN_POINT('',(0.692488128124,2.276071356873));
#12660 = CARTESIAN_POINT('',(0.723424196971,2.276071356874));
#12661 = CARTESIAN_POINT('',(0.754446796792,2.276071356873));
#12662 = CARTESIAN_POINT('',(0.785572168692,2.276071356874));
#12663 = CARTESIAN_POINT('',(0.816827087193,2.276071356873));
#12664 = CARTESIAN_POINT('',(0.879639742692,2.276071356874));
#12665 = CARTESIAN_POINT('',(0.911196913121,2.276071356873));
#12666 = CARTESIAN_POINT('',(0.942933965375,2.276071356874));
#12667 = CARTESIAN_POINT('',(0.974853922277,2.276071356873));
#12668 = CARTESIAN_POINT('',(1.007014791149,2.276071356874));
#12669 = CARTESIAN_POINT('',(1.039405818811,2.276071356873));
#12670 = CARTESIAN_POINT('',(1.072075554628,2.276071356874));
#12671 = CARTESIAN_POINT('',(1.105044157225,2.276071356873));
#12672 = CARTESIAN_POINT('',(1.138339350096,2.276071356873));
#12673 = ( GEOMETRIC_REPRESENTATION_CONTEXT(2) 
PARAMETRIC_REPRESENTATION_CONTEXT() REPRESENTATION_CONTEXT('2D SPACE',''
  ) );
#12674 = PCURVE('',#11376,#12675);
#12675 = DEFINITIONAL_REPRESENTATION('',(#12676),#12679);
#12676 = B_SPLINE_CURVE_WITH_KNOTS('',1,(#12677,#12678),.UNSPECIFIED.,
  .F.,.F.,(2,2),(0.,1.107148717794),.PIECEWISE_BEZIER_KNOTS.);
#12677 = CARTESIAN_POINT('',(0.,0.524138965456));
#12678 = CARTESIAN_POINT('',(-1.107148717794,0.524138965456));
#12679 = ( GEOMETRIC_REPRESENTATION_CONTEXT(2) 
PARAMETRIC_REPRESENTATION_CONTEXT() REPRESENTATION_CONTEXT('2D SPACE',''
  ) );
#12680 = ORIENTED_EDGE('',*,*,#10214,.T.);
#12681 = ORIENTED_EDGE('',*,*,#10366,.F.);
#12682 = ORIENTED_EDGE('',*,*,#11504,.F.);
#12683 = ADVANCED_FACE('',(#12684),#10352,.T.);
#12684 = FACE_BOUND('',#12685,.T.);
#12685 = EDGE_LOOP('',(#12686,#12687,#12688));
#12686 = ORIENTED_EDGE('',*,*,#10338,.F.);
#12687 = ORIENTED_EDGE('',*,*,#10390,.T.);
#12688 = ORIENTED_EDGE('',*,*,#12689,.F.);
#12689 = EDGE_CURVE('',#10281,#10391,#12690,.T.);
#12690 = SURFACE_CURVE('',#12691,(#12696,#12703),.PCURVE_S1.);
#12691 = CIRCLE('',#12692,0.22);
#12692 = AXIS2_PLACEMENT_3D('',#12693,#12694,#12695);
#12693 = CARTESIAN_POINT('',(-10.22,22.02983131883,0.79911686306));
#12694 = DIRECTION('',(-1.,0.,-0.));
#12695 = DIRECTION('',(-0.,0.177829554836,0.984061303693));
#12696 = PCURVE('',#10352,#12697);
#12697 = DEFINITIONAL_REPRESENTATION('',(#12698),#12702);
#12698 = LINE('',#12699,#12700);
#12699 = CARTESIAN_POINT('',(0.,0.));
#12700 = VECTOR('',#12701,1.);
#12701 = DIRECTION('',(1.,0.));
#12702 = ( GEOMETRIC_REPRESENTATION_CONTEXT(2) 
PARAMETRIC_REPRESENTATION_CONTEXT() REPRESENTATION_CONTEXT('2D SPACE',''
  ) );
#12703 = PCURVE('',#11491,#12704);
#12704 = DEFINITIONAL_REPRESENTATION('',(#12705),#12709);
#12705 = LINE('',#12706,#12707);
#12706 = CARTESIAN_POINT('',(-0.,1.819264549918));
#12707 = VECTOR('',#12708,1.);
#12708 = DIRECTION('',(-1.,0.));
#12709 = ( GEOMETRIC_REPRESENTATION_CONTEXT(2) 
PARAMETRIC_REPRESENTATION_CONTEXT() REPRESENTATION_CONTEXT('2D SPACE',''
  ) );
#12710 = ADVANCED_FACE('',(#12711),#10667,.T.);
#12711 = FACE_BOUND('',#12712,.T.);
#12712 = EDGE_LOOP('',(#12713,#12714,#12715));
#12713 = ORIENTED_EDGE('',*,*,#10653,.F.);
#12714 = ORIENTED_EDGE('',*,*,#10739,.T.);
#12715 = ORIENTED_EDGE('',*,*,#12522,.F.);
#12716 = ADVANCED_FACE('',(#12717),#10780,.T.);
#12717 = FACE_BOUND('',#12718,.T.);
#12718 = EDGE_LOOP('',(#12719,#12771,#12772,#12773));
#12719 = ORIENTED_EDGE('',*,*,#12720,.T.);
#12720 = EDGE_CURVE('',#10841,#11263,#12721,.T.);
#12721 = SURFACE_CURVE('',#12722,(#12727,#12765),.PCURVE_S1.);
#12722 = CIRCLE('',#12723,0.22);
#12723 = AXIS2_PLACEMENT_3D('',#12724,#12725,#12726);
#12724 = CARTESIAN_POINT('',(-10.75,-23.08,-5.364032522475));
#12725 = DIRECTION('',(1.,0.,0.));
#12726 = DIRECTION('',(0.,-1.,0.));
#12727 = PCURVE('',#10780,#12728);
#12728 = DEFINITIONAL_REPRESENTATION('',(#12729),#12764);
#12729 = B_SPLINE_CURVE_WITH_KNOTS('',9,(#12730,#12731,#12732,#12733,
    #12734,#12735,#12736,#12737,#12738,#12739,#12740,#12741,#12742,
    #12743,#12744,#12745,#12746,#12747,#12748,#12749,#12750,#12751,
    #12752,#12753,#12754,#12755,#12756,#12757,#12758,#12759,#12760,
    #12761,#12762,#12763),.UNSPECIFIED.,.F.,.F.,(10,8,8,8,10),(0.,
    0.276787179449,0.553574358897,0.830361538346,1.107148717794),
  .UNSPECIFIED.);
#12730 = CARTESIAN_POINT('',(-8.326672684689E-17,2.052368819705));
#12731 = CARTESIAN_POINT('',(3.329519287047E-02,2.052368819705));
#12732 = CARTESIAN_POINT('',(6.626379546792E-02,2.052368819705));
#12733 = CARTESIAN_POINT('',(9.893353128437E-02,2.052368819705));
#12734 = CARTESIAN_POINT('',(0.131324558947,2.052368819705));
#12735 = CARTESIAN_POINT('',(0.163485427818,2.052368819705));
#12736 = CARTESIAN_POINT('',(0.195405384721,2.052368819705));
#12737 = CARTESIAN_POINT('',(0.227142436975,2.052368819705));
#12738 = CARTESIAN_POINT('',(0.258699607404,2.052368819705));
#12739 = CARTESIAN_POINT('',(0.321512262903,2.052368819705));
#12740 = CARTESIAN_POINT('',(0.352767181404,2.052368819705));
#12741 = CARTESIAN_POINT('',(0.383892553303,2.052368819705));
#12742 = CARTESIAN_POINT('',(0.414915153125,2.052368819705));
#12743 = CARTESIAN_POINT('',(0.445851221972,2.052368819705));
#12744 = CARTESIAN_POINT('',(0.476721183729,2.052368819705));
#12745 = CARTESIAN_POINT('',(0.507551369705,2.052368819705));
#12746 = CARTESIAN_POINT('',(0.538360511544,2.052368819705));
#12747 = CARTESIAN_POINT('',(0.599978838552,2.052368819705));
#12748 = CARTESIAN_POINT('',(0.630787980391,2.052368819705));
#12749 = CARTESIAN_POINT('',(0.661618166367,2.052368819705));
#12750 = CARTESIAN_POINT('',(0.692488128124,2.052368819705));
#12751 = CARTESIAN_POINT('',(0.723424196971,2.052368819705));
#12752 = CARTESIAN_POINT('',(0.754446796792,2.052368819705));
#12753 = CARTESIAN_POINT('',(0.785572168692,2.052368819705));
#12754 = CARTESIAN_POINT('',(0.816827087193,2.052368819705));
#12755 = CARTESIAN_POINT('',(0.879639742692,2.052368819705));
#12756 = CARTESIAN_POINT('',(0.911196913121,2.052368819705));
#12757 = CARTESIAN_POINT('',(0.942933965375,2.052368819705));
#12758 = CARTESIAN_POINT('',(0.974853922278,2.052368819705));
#12759 = CARTESIAN_POINT('',(1.007014791149,2.052368819706));
#12760 = CARTESIAN_POINT('',(1.039405818811,2.052368819705));
#12761 = CARTESIAN_POINT('',(1.072075554628,2.052368819705));
#12762 = CARTESIAN_POINT('',(1.105044157225,2.052368819705));
#12763 = CARTESIAN_POINT('',(1.138339350096,2.052368819705));
#12764 = ( GEOMETRIC_REPRESENTATION_CONTEXT(2) 
PARAMETRIC_REPRESENTATION_CONTEXT() REPRESENTATION_CONTEXT('2D SPACE',''
  ) );
#12765 = PCURVE('',#11278,#12766);
#12766 = DEFINITIONAL_REPRESENTATION('',(#12767),#12770);
#12767 = B_SPLINE_CURVE_WITH_KNOTS('',1,(#12768,#12769),.UNSPECIFIED.,
  .F.,.F.,(2,2),(0.,1.107148717794),.PIECEWISE_BEZIER_KNOTS.);
#12768 = CARTESIAN_POINT('',(0.,0.524138965456));
#12769 = CARTESIAN_POINT('',(1.107148717794,0.524138965456));
#12770 = ( GEOMETRIC_REPRESENTATION_CONTEXT(2) 
PARAMETRIC_REPRESENTATION_CONTEXT() REPRESENTATION_CONTEXT('2D SPACE',''
  ) );
#12771 = ORIENTED_EDGE('',*,*,#11290,.T.);
#12772 = ORIENTED_EDGE('',*,*,#10763,.F.);
#12773 = ORIENTED_EDGE('',*,*,#10865,.F.);
#12774 = ADVANCED_FACE('',(#12775),#10925,.F.);
#12775 = FACE_BOUND('',#12776,.F.);
#12776 = EDGE_LOOP('',(#12777,#12778,#12779,#12804));
#12777 = ORIENTED_EDGE('',*,*,#11074,.T.);
#12778 = ORIENTED_EDGE('',*,*,#10899,.T.);
#12779 = ORIENTED_EDGE('',*,*,#12780,.F.);
#12780 = EDGE_CURVE('',#11852,#10843,#12781,.T.);
#12781 = SURFACE_CURVE('',#12782,(#12786,#12792),.PCURVE_S1.);
#12782 = ( BOUNDED_CURVE() B_SPLINE_CURVE(2,(#12783,#12784,#12785),
.UNSPECIFIED.,.F.,.F.) B_SPLINE_CURVE_WITH_KNOTS((3,3),(0.,
1.138339350096),.PIECEWISE_BEZIER_KNOTS.) CURVE() 
GEOMETRIC_REPRESENTATION_ITEM() RATIONAL_B_SPLINE_CURVE((1.,
0.850650808352,1.)) REPRESENTATION_ITEM('') );
#12783 = CARTESIAN_POINT('',(-10.75,-23.17838699101,0.470806504495));
#12784 = CARTESIAN_POINT('',(-10.75,-23.3,0.41));
#12785 = CARTESIAN_POINT('',(-10.75,-23.3,0.274032522475));
#12786 = PCURVE('',#10925,#12787);
#12787 = DEFINITIONAL_REPRESENTATION('',(#12788),#12791);
#12788 = B_SPLINE_CURVE_WITH_KNOTS('',1,(#12789,#12790),.UNSPECIFIED.,
  .F.,.F.,(2,2),(0.,1.138339350096),.PIECEWISE_BEZIER_KNOTS.);
#12789 = CARTESIAN_POINT('',(0.,1.751709148981));
#12790 = CARTESIAN_POINT('',(1.138339350096,1.751709148981));
#12791 = ( GEOMETRIC_REPRESENTATION_CONTEXT(2) 
PARAMETRIC_REPRESENTATION_CONTEXT() REPRESENTATION_CONTEXT('2D SPACE',''
  ) );
#12792 = PCURVE('',#11754,#12793);
#12793 = DEFINITIONAL_REPRESENTATION('',(#12794),#12803);
#12794 = B_SPLINE_CURVE_WITH_KNOTS('',7,(#12795,#12796,#12797,#12798,
    #12799,#12800,#12801,#12802),.UNSPECIFIED.,.F.,.F.,(8,8),(0.,
    1.138339350096),.PIECEWISE_BEZIER_KNOTS.);
#12795 = CARTESIAN_POINT('',(0.,0.));
#12796 = CARTESIAN_POINT('',(-0.150208889177,0.));
#12797 = CARTESIAN_POINT('',(-0.307896460783,0.));
#12798 = CARTESIAN_POINT('',(-0.470957493901,0.));
#12799 = CARTESIAN_POINT('',(-0.636191223893,0.));
#12800 = CARTESIAN_POINT('',(-0.799252257011,0.));
#12801 = CARTESIAN_POINT('',(-0.956939828617,0.));
#12802 = CARTESIAN_POINT('',(-1.107148717794,0.));
#12803 = ( GEOMETRIC_REPRESENTATION_CONTEXT(2) 
PARAMETRIC_REPRESENTATION_CONTEXT() REPRESENTATION_CONTEXT('2D SPACE',''
  ) );
#12804 = ORIENTED_EDGE('',*,*,#11851,.F.);
#12805 = ADVANCED_FACE('',(#12806),#10979,.T.);
#12806 = FACE_BOUND('',#12807,.F.);
#12807 = EDGE_LOOP('',(#12808,#12809,#12810));
#12808 = ORIENTED_EDGE('',*,*,#10963,.F.);
#12809 = ORIENTED_EDGE('',*,*,#11051,.T.);
#12810 = ORIENTED_EDGE('',*,*,#12811,.F.);
#12811 = EDGE_CURVE('',#10964,#11052,#12812,.T.);
#12812 = SURFACE_CURVE('',#12813,(#12818,#12825),.PCURVE_S1.);
#12813 = CIRCLE('',#12814,0.22);
#12814 = AXIS2_PLACEMENT_3D('',#12815,#12816,#12817);
#12815 = CARTESIAN_POINT('',(-10.22,-22.02983131883,0.79911686306));
#12816 = DIRECTION('',(1.,0.,-0.));
#12817 = DIRECTION('',(0.,-0.177829554836,0.984061303693));
#12818 = PCURVE('',#10979,#12819);
#12819 = DEFINITIONAL_REPRESENTATION('',(#12820),#12824);
#12820 = LINE('',#12821,#12822);
#12821 = CARTESIAN_POINT('',(-0.,0.));
#12822 = VECTOR('',#12823,1.);
#12823 = DIRECTION('',(-1.,0.));
#12824 = ( GEOMETRIC_REPRESENTATION_CONTEXT(2) 
PARAMETRIC_REPRESENTATION_CONTEXT() REPRESENTATION_CONTEXT('2D SPACE',''
  ) );
#12825 = PCURVE('',#11923,#12826);
#12826 = DEFINITIONAL_REPRESENTATION('',(#12827),#12831);
#12827 = LINE('',#12828,#12829);
#12828 = CARTESIAN_POINT('',(0.,1.819264549918));
#12829 = VECTOR('',#12830,1.);
#12830 = DIRECTION('',(1.,0.));
#12831 = ( GEOMETRIC_REPRESENTATION_CONTEXT(2) 
PARAMETRIC_REPRESENTATION_CONTEXT() REPRESENTATION_CONTEXT('2D SPACE',''
  ) );
#12832 = ADVANCED_FACE('',(#12833),#11176,.T.);
#12833 = FACE_BOUND('',#12834,.T.);
#12834 = EDGE_LOOP('',(#12835,#12836,#12837,#12838));
#12835 = ORIENTED_EDGE('',*,*,#11330,.T.);
#12836 = ORIENTED_EDGE('',*,*,#11452,.T.);
#12837 = ORIENTED_EDGE('',*,*,#12571,.F.);
#12838 = ORIENTED_EDGE('',*,*,#11160,.F.);
#12839 = ADVANCED_FACE('',(#12840),#11278,.T.);
#12840 = FACE_BOUND('',#12841,.T.);
#12841 = EDGE_LOOP('',(#12842,#12843,#12844,#12845));
#12842 = ORIENTED_EDGE('',*,*,#11677,.T.);
#12843 = ORIENTED_EDGE('',*,*,#11262,.T.);
#12844 = ORIENTED_EDGE('',*,*,#12720,.F.);
#12845 = ORIENTED_EDGE('',*,*,#11826,.F.);
#12846 = ADVANCED_FACE('',(#12847),#11376,.T.);
#12847 = FACE_BOUND('',#12848,.F.);
#12848 = EDGE_LOOP('',(#12849,#12850,#12851,#12852));
#12849 = ORIENTED_EDGE('',*,*,#11361,.T.);
#12850 = ORIENTED_EDGE('',*,*,#11430,.T.);
#12851 = ORIENTED_EDGE('',*,*,#12629,.F.);
#12852 = ORIENTED_EDGE('',*,*,#11539,.F.);
#12853 = ADVANCED_FACE('',(#12854),#11491,.T.);
#12854 = FACE_BOUND('',#12855,.F.);
#12855 = EDGE_LOOP('',(#12856,#12857,#12858,#12859));
#12856 = ORIENTED_EDGE('',*,*,#11565,.T.);
#12857 = ORIENTED_EDGE('',*,*,#11477,.T.);
#12858 = ORIENTED_EDGE('',*,*,#12689,.F.);
#12859 = ORIENTED_EDGE('',*,*,#11617,.F.);
#12860 = ADVANCED_FACE('',(#12861),#11754,.T.);
#12861 = FACE_BOUND('',#12862,.F.);
#12862 = EDGE_LOOP('',(#12863,#12864,#12865,#12866));
#12863 = ORIENTED_EDGE('',*,*,#12780,.T.);
#12864 = ORIENTED_EDGE('',*,*,#11804,.T.);
#12865 = ORIENTED_EDGE('',*,*,#11706,.F.);
#12866 = ORIENTED_EDGE('',*,*,#11886,.F.);
#12867 = ADVANCED_FACE('',(#12868),#11923,.T.);
#12868 = FACE_BOUND('',#12869,.T.);
#12869 = EDGE_LOOP('',(#12870,#12871,#12872,#12873));
#12870 = ORIENTED_EDGE('',*,*,#11938,.T.);
#12871 = ORIENTED_EDGE('',*,*,#11909,.T.);
#12872 = ORIENTED_EDGE('',*,*,#12811,.F.);
#12873 = ORIENTED_EDGE('',*,*,#11963,.F.);
#12874 = ADVANCED_FACE('',(#12875),#12071,.F.);
#12875 = FACE_BOUND('',#12876,.T.);
#12876 = EDGE_LOOP('',(#12877,#12906,#12927,#12928));
#12877 = ORIENTED_EDGE('',*,*,#12878,.T.);
#12878 = EDGE_CURVE('',#12879,#12879,#12881,.T.);
#12879 = VERTEX_POINT('',#12880);
#12880 = CARTESIAN_POINT('',(14.35,0.,0.));
#12881 = SURFACE_CURVE('',#12882,(#12887,#12894),.PCURVE_S1.);
#12882 = CIRCLE('',#12883,14.35);
#12883 = AXIS2_PLACEMENT_3D('',#12884,#12885,#12886);
#12884 = CARTESIAN_POINT('',(0.,0.,0.));
#12885 = DIRECTION('',(0.,0.,1.));
#12886 = DIRECTION('',(1.,0.,-0.));
#12887 = PCURVE('',#12071,#12888);
#12888 = DEFINITIONAL_REPRESENTATION('',(#12889),#12893);
#12889 = LINE('',#12890,#12891);
#12890 = CARTESIAN_POINT('',(-0.,0.));
#12891 = VECTOR('',#12892,1.);
#12892 = DIRECTION('',(-1.,0.));
#12893 = ( GEOMETRIC_REPRESENTATION_CONTEXT(2) 
PARAMETRIC_REPRESENTATION_CONTEXT() REPRESENTATION_CONTEXT('2D SPACE',''
  ) );
#12894 = PCURVE('',#12895,#12900);
#12895 = PLANE('',#12896);
#12896 = AXIS2_PLACEMENT_3D('',#12897,#12898,#12899);
#12897 = CARTESIAN_POINT('',(0.,0.,0.));
#12898 = DIRECTION('',(0.,0.,1.));
#12899 = DIRECTION('',(1.,0.,-0.));
#12900 = DEFINITIONAL_REPRESENTATION('',(#12901),#12905);
#12901 = CIRCLE('',#12902,14.35);
#12902 = AXIS2_PLACEMENT_2D('',#12903,#12904);
#12903 = CARTESIAN_POINT('',(0.,0.));
#12904 = DIRECTION('',(1.,-0.));
#12905 = ( GEOMETRIC_REPRESENTATION_CONTEXT(2) 
PARAMETRIC_REPRESENTATION_CONTEXT() REPRESENTATION_CONTEXT('2D SPACE',''
  ) );
#12906 = ORIENTED_EDGE('',*,*,#12907,.T.);
#12907 = EDGE_CURVE('',#12879,#12055,#12908,.T.);
#12908 = SEAM_CURVE('',#12909,(#12913,#12920),.PCURVE_S1.);
#12909 = LINE('',#12910,#12911);
#12910 = CARTESIAN_POINT('',(14.35,0.,0.));
#12911 = VECTOR('',#12912,1.);
#12912 = DIRECTION('',(0.,0.,-1.));
#12913 = PCURVE('',#12071,#12914);
#12914 = DEFINITIONAL_REPRESENTATION('',(#12915),#12919);
#12915 = LINE('',#12916,#12917);
#12916 = CARTESIAN_POINT('',(-0.,0.));
#12917 = VECTOR('',#12918,1.);
#12918 = DIRECTION('',(-0.,1.));
#12919 = ( GEOMETRIC_REPRESENTATION_CONTEXT(2) 
PARAMETRIC_REPRESENTATION_CONTEXT() REPRESENTATION_CONTEXT('2D SPACE',''
  ) );
#12920 = PCURVE('',#12071,#12921);
#12921 = DEFINITIONAL_REPRESENTATION('',(#12922),#12926);
#12922 = LINE('',#12923,#12924);
#12923 = CARTESIAN_POINT('',(-6.28318530718,0.));
#12924 = VECTOR('',#12925,1.);
#12925 = DIRECTION('',(-0.,1.));
#12926 = ( GEOMETRIC_REPRESENTATION_CONTEXT(2) 
PARAMETRIC_REPRESENTATION_CONTEXT() REPRESENTATION_CONTEXT('2D SPACE',''
  ) );
#12927 = ORIENTED_EDGE('',*,*,#12054,.F.);
#12928 = ORIENTED_EDGE('',*,*,#12907,.F.);
#12929 = ADVANCED_FACE('',(#12930),#12409,.T.);
#12930 = FACE_BOUND('',#12931,.T.);
#12931 = EDGE_LOOP('',(#12932,#12933,#12956,#12983));
#12932 = ORIENTED_EDGE('',*,*,#12394,.T.);
#12933 = ORIENTED_EDGE('',*,*,#12934,.T.);
#12934 = EDGE_CURVE('',#12372,#12935,#12937,.T.);
#12935 = VERTEX_POINT('',#12936);
#12936 = CARTESIAN_POINT('',(19.139054595364,0.,2.748602350493));
#12937 = SEAM_CURVE('',#12938,(#12942,#12949),.PCURVE_S1.);
#12938 = LINE('',#12939,#12940);
#12939 = CARTESIAN_POINT('',(19.23357836379,0.,2.587072101709));
#12940 = VECTOR('',#12941,1.);
#12941 = DIRECTION('',(-0.505057725977,0.,0.863085565533));
#12942 = PCURVE('',#12409,#12943);
#12943 = DEFINITIONAL_REPRESENTATION('',(#12944),#12948);
#12944 = LINE('',#12945,#12946);
#12945 = CARTESIAN_POINT('',(-0.,-0.));
#12946 = VECTOR('',#12947,1.);
#12947 = DIRECTION('',(-0.,-1.));
#12948 = ( GEOMETRIC_REPRESENTATION_CONTEXT(2) 
PARAMETRIC_REPRESENTATION_CONTEXT() REPRESENTATION_CONTEXT('2D SPACE',''
  ) );
#12949 = PCURVE('',#12409,#12950);
#12950 = DEFINITIONAL_REPRESENTATION('',(#12951),#12955);
#12951 = LINE('',#12952,#12953);
#12952 = CARTESIAN_POINT('',(-6.28318530718,-0.));
#12953 = VECTOR('',#12954,1.);
#12954 = DIRECTION('',(-0.,-1.));
#12955 = ( GEOMETRIC_REPRESENTATION_CONTEXT(2) 
PARAMETRIC_REPRESENTATION_CONTEXT() REPRESENTATION_CONTEXT('2D SPACE',''
  ) );
#12956 = ORIENTED_EDGE('',*,*,#12957,.F.);
#12957 = EDGE_CURVE('',#12935,#12935,#12958,.T.);
#12958 = SURFACE_CURVE('',#12959,(#12964,#12971),.PCURVE_S1.);
#12959 = CIRCLE('',#12960,19.139054595364);
#12960 = AXIS2_PLACEMENT_3D('',#12961,#12962,#12963);
#12961 = CARTESIAN_POINT('',(0.,0.,2.748602350493));
#12962 = DIRECTION('',(0.,0.,1.));
#12963 = DIRECTION('',(1.,0.,-0.));
#12964 = PCURVE('',#12409,#12965);
#12965 = DEFINITIONAL_REPRESENTATION('',(#12966),#12970);
#12966 = LINE('',#12967,#12968);
#12967 = CARTESIAN_POINT('',(-0.,-0.161530248784));
#12968 = VECTOR('',#12969,1.);
#12969 = DIRECTION('',(-1.,-0.));
#12970 = ( GEOMETRIC_REPRESENTATION_CONTEXT(2) 
PARAMETRIC_REPRESENTATION_CONTEXT() REPRESENTATION_CONTEXT('2D SPACE',''
  ) );
#12971 = PCURVE('',#12972,#12977);
#12972 = CONICAL_SURFACE('',#12973,19.139054595364,0.604205175301);
#12973 = AXIS2_PLACEMENT_3D('',#12974,#12975,#12976);
#12974 = CARTESIAN_POINT('',(0.,0.,2.748602350493));
#12975 = DIRECTION('',(-0.,-0.,-1.));
#12976 = DIRECTION('',(1.,0.,-0.));
#12977 = DEFINITIONAL_REPRESENTATION('',(#12978),#12982);
#12978 = LINE('',#12979,#12980);
#12979 = CARTESIAN_POINT('',(-0.,-0.));
#12980 = VECTOR('',#12981,1.);
#12981 = DIRECTION('',(-1.,-0.));
#12982 = ( GEOMETRIC_REPRESENTATION_CONTEXT(2) 
PARAMETRIC_REPRESENTATION_CONTEXT() REPRESENTATION_CONTEXT('2D SPACE',''
  ) );
#12983 = ORIENTED_EDGE('',*,*,#12934,.F.);
#12984 = ADVANCED_FACE('',(#12985,#13016),#12895,.F.);
#12985 = FACE_BOUND('',#12986,.T.);
#12986 = EDGE_LOOP('',(#12987));
#12987 = ORIENTED_EDGE('',*,*,#12988,.T.);
#12988 = EDGE_CURVE('',#12989,#12989,#12991,.T.);
#12989 = VERTEX_POINT('',#12990);
#12990 = CARTESIAN_POINT('',(13.65,0.,0.));
#12991 = SURFACE_CURVE('',#12992,(#12997,#13004),.PCURVE_S1.);
#12992 = CIRCLE('',#12993,13.65);
#12993 = AXIS2_PLACEMENT_3D('',#12994,#12995,#12996);
#12994 = CARTESIAN_POINT('',(0.,0.,0.));
#12995 = DIRECTION('',(0.,0.,1.));
#12996 = DIRECTION('',(1.,0.,-0.));
#12997 = PCURVE('',#12895,#12998);
#12998 = DEFINITIONAL_REPRESENTATION('',(#12999),#13003);
#12999 = CIRCLE('',#13000,13.65);
#13000 = AXIS2_PLACEMENT_2D('',#13001,#13002);
#13001 = CARTESIAN_POINT('',(0.,0.));
#13002 = DIRECTION('',(1.,-0.));
#13003 = ( GEOMETRIC_REPRESENTATION_CONTEXT(2) 
PARAMETRIC_REPRESENTATION_CONTEXT() REPRESENTATION_CONTEXT('2D SPACE',''
  ) );
#13004 = PCURVE('',#13005,#13010);
#13005 = CYLINDRICAL_SURFACE('',#13006,13.65);
#13006 = AXIS2_PLACEMENT_3D('',#13007,#13008,#13009);
#13007 = CARTESIAN_POINT('',(0.,0.,5.E-02));
#13008 = DIRECTION('',(-0.,-0.,-1.));
#13009 = DIRECTION('',(1.,0.,0.));
#13010 = DEFINITIONAL_REPRESENTATION('',(#13011),#13015);
#13011 = LINE('',#13012,#13013);
#13012 = CARTESIAN_POINT('',(-0.,5.E-02));
#13013 = VECTOR('',#13014,1.);
#13014 = DIRECTION('',(-1.,0.));
#13015 = ( GEOMETRIC_REPRESENTATION_CONTEXT(2) 
PARAMETRIC_REPRESENTATION_CONTEXT() REPRESENTATION_CONTEXT('2D SPACE',''
  ) );
#13016 = FACE_BOUND('',#13017,.T.);
#13017 = EDGE_LOOP('',(#13018));
#13018 = ORIENTED_EDGE('',*,*,#12878,.F.);
#13019 = ADVANCED_FACE('',(#13020),#12972,.T.);
#13020 = FACE_BOUND('',#13021,.T.);
#13021 = EDGE_LOOP('',(#13022,#13023,#13046,#13073));
#13022 = ORIENTED_EDGE('',*,*,#12957,.T.);
#13023 = ORIENTED_EDGE('',*,*,#13024,.T.);
#13024 = EDGE_CURVE('',#12935,#13025,#13027,.T.);
#13025 = VERTEX_POINT('',#13026);
#13026 = CARTESIAN_POINT('',(19.031088913246,0.,2.905));
#13027 = SEAM_CURVE('',#13028,(#13032,#13039),.PCURVE_S1.);
#13028 = LINE('',#13029,#13030);
#13029 = CARTESIAN_POINT('',(19.139054595364,0.,2.748602350493));
#13030 = VECTOR('',#13031,1.);
#13031 = DIRECTION('',(-0.568108151689,0.,0.822953903925));
#13032 = PCURVE('',#12972,#13033);
#13033 = DEFINITIONAL_REPRESENTATION('',(#13034),#13038);
#13034 = LINE('',#13035,#13036);
#13035 = CARTESIAN_POINT('',(-0.,-0.));
#13036 = VECTOR('',#13037,1.);
#13037 = DIRECTION('',(-0.,-1.));
#13038 = ( GEOMETRIC_REPRESENTATION_CONTEXT(2) 
PARAMETRIC_REPRESENTATION_CONTEXT() REPRESENTATION_CONTEXT('2D SPACE',''
  ) );
#13039 = PCURVE('',#12972,#13040);
#13040 = DEFINITIONAL_REPRESENTATION('',(#13041),#13045);
#13041 = LINE('',#13042,#13043);
#13042 = CARTESIAN_POINT('',(-6.28318530718,-0.));
#13043 = VECTOR('',#13044,1.);
#13044 = DIRECTION('',(-0.,-1.));
#13045 = ( GEOMETRIC_REPRESENTATION_CONTEXT(2) 
PARAMETRIC_REPRESENTATION_CONTEXT() REPRESENTATION_CONTEXT('2D SPACE',''
  ) );
#13046 = ORIENTED_EDGE('',*,*,#13047,.F.);
#13047 = EDGE_CURVE('',#13025,#13025,#13048,.T.);
#13048 = SURFACE_CURVE('',#13049,(#13054,#13061),.PCURVE_S1.);
#13049 = CIRCLE('',#13050,19.031088913246);
#13050 = AXIS2_PLACEMENT_3D('',#13051,#13052,#13053);
#13051 = CARTESIAN_POINT('',(0.,0.,2.905));
#13052 = DIRECTION('',(0.,0.,1.));
#13053 = DIRECTION('',(1.,0.,-0.));
#13054 = PCURVE('',#12972,#13055);
#13055 = DEFINITIONAL_REPRESENTATION('',(#13056),#13060);
#13056 = LINE('',#13057,#13058);
#13057 = CARTESIAN_POINT('',(-0.,-0.156397649507));
#13058 = VECTOR('',#13059,1.);
#13059 = DIRECTION('',(-1.,-0.));
#13060 = ( GEOMETRIC_REPRESENTATION_CONTEXT(2) 
PARAMETRIC_REPRESENTATION_CONTEXT() REPRESENTATION_CONTEXT('2D SPACE',''
  ) );
#13061 = PCURVE('',#13062,#13067);
#13062 = CONICAL_SURFACE('',#13063,19.031088913246,0.676637046948);
#13063 = AXIS2_PLACEMENT_3D('',#13064,#13065,#13066);
#13064 = CARTESIAN_POINT('',(0.,0.,2.905));
#13065 = DIRECTION('',(-0.,-0.,-1.));
#13066 = DIRECTION('',(1.,0.,-0.));
#13067 = DEFINITIONAL_REPRESENTATION('',(#13068),#13072);
#13068 = LINE('',#13069,#13070);
#13069 = CARTESIAN_POINT('',(-0.,-0.));
#13070 = VECTOR('',#13071,1.);
#13071 = DIRECTION('',(-1.,-0.));
#13072 = ( GEOMETRIC_REPRESENTATION_CONTEXT(2) 
PARAMETRIC_REPRESENTATION_CONTEXT() REPRESENTATION_CONTEXT('2D SPACE',''
  ) );
#13073 = ORIENTED_EDGE('',*,*,#13024,.F.);
#13074 = ADVANCED_FACE('',(#13075),#13005,.F.);
#13075 = FACE_BOUND('',#13076,.T.);
#13076 = EDGE_LOOP('',(#13077,#13106,#13127,#13128));
#13077 = ORIENTED_EDGE('',*,*,#13078,.T.);
#13078 = EDGE_CURVE('',#13079,#13079,#13081,.T.);
#13079 = VERTEX_POINT('',#13080);
#13080 = CARTESIAN_POINT('',(13.65,0.,5.E-02));
#13081 = SURFACE_CURVE('',#13082,(#13087,#13094),.PCURVE_S1.);
#13082 = CIRCLE('',#13083,13.65);
#13083 = AXIS2_PLACEMENT_3D('',#13084,#13085,#13086);
#13084 = CARTESIAN_POINT('',(0.,0.,5.E-02));
#13085 = DIRECTION('',(0.,0.,1.));
#13086 = DIRECTION('',(1.,0.,-0.));
#13087 = PCURVE('',#13005,#13088);
#13088 = DEFINITIONAL_REPRESENTATION('',(#13089),#13093);
#13089 = LINE('',#13090,#13091);
#13090 = CARTESIAN_POINT('',(-0.,0.));
#13091 = VECTOR('',#13092,1.);
#13092 = DIRECTION('',(-1.,0.));
#13093 = ( GEOMETRIC_REPRESENTATION_CONTEXT(2) 
PARAMETRIC_REPRESENTATION_CONTEXT() REPRESENTATION_CONTEXT('2D SPACE',''
  ) );
#13094 = PCURVE('',#13095,#13100);
#13095 = CONICAL_SURFACE('',#13096,14.45,0.340218111645);
#13096 = AXIS2_PLACEMENT_3D('',#13097,#13098,#13099);
#13097 = CARTESIAN_POINT('',(0.,0.,2.31));
#13098 = DIRECTION('',(0.,0.,1.));
#13099 = DIRECTION('',(1.,0.,0.));
#13100 = DEFINITIONAL_REPRESENTATION('',(#13101),#13105);
#13101 = LINE('',#13102,#13103);
#13102 = CARTESIAN_POINT('',(0.,-2.26));
#13103 = VECTOR('',#13104,1.);
#13104 = DIRECTION('',(1.,-0.));
#13105 = ( GEOMETRIC_REPRESENTATION_CONTEXT(2) 
PARAMETRIC_REPRESENTATION_CONTEXT() REPRESENTATION_CONTEXT('2D SPACE',''
  ) );
#13106 = ORIENTED_EDGE('',*,*,#13107,.T.);
#13107 = EDGE_CURVE('',#13079,#12989,#13108,.T.);
#13108 = SEAM_CURVE('',#13109,(#13113,#13120),.PCURVE_S1.);
#13109 = LINE('',#13110,#13111);
#13110 = CARTESIAN_POINT('',(13.65,0.,5.E-02));
#13111 = VECTOR('',#13112,1.);
#13112 = DIRECTION('',(0.,0.,-1.));
#13113 = PCURVE('',#13005,#13114);
#13114 = DEFINITIONAL_REPRESENTATION('',(#13115),#13119);
#13115 = LINE('',#13116,#13117);
#13116 = CARTESIAN_POINT('',(-0.,0.));
#13117 = VECTOR('',#13118,1.);
#13118 = DIRECTION('',(-0.,1.));
#13119 = ( GEOMETRIC_REPRESENTATION_CONTEXT(2) 
PARAMETRIC_REPRESENTATION_CONTEXT() REPRESENTATION_CONTEXT('2D SPACE',''
  ) );
#13120 = PCURVE('',#13005,#13121);
#13121 = DEFINITIONAL_REPRESENTATION('',(#13122),#13126);
#13122 = LINE('',#13123,#13124);
#13123 = CARTESIAN_POINT('',(-6.28318530718,0.));
#13124 = VECTOR('',#13125,1.);
#13125 = DIRECTION('',(-0.,1.));
#13126 = ( GEOMETRIC_REPRESENTATION_CONTEXT(2) 
PARAMETRIC_REPRESENTATION_CONTEXT() REPRESENTATION_CONTEXT('2D SPACE',''
  ) );
#13127 = ORIENTED_EDGE('',*,*,#12988,.F.);
#13128 = ORIENTED_EDGE('',*,*,#13107,.F.);
#13129 = ADVANCED_FACE('',(#13130),#13062,.T.);
#13130 = FACE_BOUND('',#13131,.T.);
#13131 = EDGE_LOOP('',(#13132,#13133,#13156,#13183));
#13132 = ORIENTED_EDGE('',*,*,#13047,.T.);
#13133 = ORIENTED_EDGE('',*,*,#13134,.T.);
#13134 = EDGE_CURVE('',#13025,#13135,#13137,.T.);
#13135 = VERTEX_POINT('',#13136);
#13136 = CARTESIAN_POINT('',(18.910143643059,0.,3.055595331483));
#13137 = SEAM_CURVE('',#13138,(#13142,#13149),.PCURVE_S1.);
#13138 = LINE('',#13139,#13140);
#13139 = CARTESIAN_POINT('',(19.031088913246,0.,2.905));
#13140 = VECTOR('',#13141,1.);
#13141 = DIRECTION('',(-0.62617453275,0.,0.779682919227));
#13142 = PCURVE('',#13062,#13143);
#13143 = DEFINITIONAL_REPRESENTATION('',(#13144),#13148);
#13144 = LINE('',#13145,#13146);
#13145 = CARTESIAN_POINT('',(-0.,-0.));
#13146 = VECTOR('',#13147,1.);
#13147 = DIRECTION('',(-0.,-1.));
#13148 = ( GEOMETRIC_REPRESENTATION_CONTEXT(2) 
PARAMETRIC_REPRESENTATION_CONTEXT() REPRESENTATION_CONTEXT('2D SPACE',''
  ) );
#13149 = PCURVE('',#13062,#13150);
#13150 = DEFINITIONAL_REPRESENTATION('',(#13151),#13155);
#13151 = LINE('',#13152,#13153);
#13152 = CARTESIAN_POINT('',(-6.28318530718,-0.));
#13153 = VECTOR('',#13154,1.);
#13154 = DIRECTION('',(-0.,-1.));
#13155 = ( GEOMETRIC_REPRESENTATION_CONTEXT(2) 
PARAMETRIC_REPRESENTATION_CONTEXT() REPRESENTATION_CONTEXT('2D SPACE',''
  ) );
#13156 = ORIENTED_EDGE('',*,*,#13157,.F.);
#13157 = EDGE_CURVE('',#13135,#13135,#13158,.T.);
#13158 = SURFACE_CURVE('',#13159,(#13164,#13171),.PCURVE_S1.);
#13159 = CIRCLE('',#13160,18.910143643059);
#13160 = AXIS2_PLACEMENT_3D('',#13161,#13162,#13163);
#13161 = CARTESIAN_POINT('',(0.,0.,3.055595331483));
#13162 = DIRECTION('',(0.,0.,1.));
#13163 = DIRECTION('',(1.,0.,-0.));
#13164 = PCURVE('',#13062,#13165);
#13165 = DEFINITIONAL_REPRESENTATION('',(#13166),#13170);
#13166 = LINE('',#13167,#13168);
#13167 = CARTESIAN_POINT('',(-0.,-0.150595331483));
#13168 = VECTOR('',#13169,1.);
#13169 = DIRECTION('',(-1.,-0.));
#13170 = ( GEOMETRIC_REPRESENTATION_CONTEXT(2) 
PARAMETRIC_REPRESENTATION_CONTEXT() REPRESENTATION_CONTEXT('2D SPACE',''
  ) );
#13171 = PCURVE('',#13172,#13177);
#13172 = CONICAL_SURFACE('',#13173,18.910143643059,0.746718160626);
#13173 = AXIS2_PLACEMENT_3D('',#13174,#13175,#13176);
#13174 = CARTESIAN_POINT('',(0.,0.,3.055595331483));
#13175 = DIRECTION('',(-0.,-0.,-1.));
#13176 = DIRECTION('',(1.,0.,-0.));
#13177 = DEFINITIONAL_REPRESENTATION('',(#13178),#13182);
#13178 = LINE('',#13179,#13180);
#13179 = CARTESIAN_POINT('',(-0.,-0.));
#13180 = VECTOR('',#13181,1.);
#13181 = DIRECTION('',(-1.,-0.));
#13182 = ( GEOMETRIC_REPRESENTATION_CONTEXT(2) 
PARAMETRIC_REPRESENTATION_CONTEXT() REPRESENTATION_CONTEXT('2D SPACE',''
  ) );
#13183 = ORIENTED_EDGE('',*,*,#13134,.F.);
#13184 = ADVANCED_FACE('',(#13185),#13095,.F.);
#13185 = FACE_BOUND('',#13186,.T.);
#13186 = EDGE_LOOP('',(#13187,#13216,#13237,#13238));
#13187 = ORIENTED_EDGE('',*,*,#13188,.T.);
#13188 = EDGE_CURVE('',#13189,#13189,#13191,.T.);
#13189 = VERTEX_POINT('',#13190);
#13190 = CARTESIAN_POINT('',(14.45,0.,2.31));
#13191 = SURFACE_CURVE('',#13192,(#13197,#13204),.PCURVE_S1.);
#13192 = CIRCLE('',#13193,14.45);
#13193 = AXIS2_PLACEMENT_3D('',#13194,#13195,#13196);
#13194 = CARTESIAN_POINT('',(0.,0.,2.31));
#13195 = DIRECTION('',(0.,0.,1.));
#13196 = DIRECTION('',(1.,0.,-0.));
#13197 = PCURVE('',#13095,#13198);
#13198 = DEFINITIONAL_REPRESENTATION('',(#13199),#13203);
#13199 = LINE('',#13200,#13201);
#13200 = CARTESIAN_POINT('',(0.,-0.));
#13201 = VECTOR('',#13202,1.);
#13202 = DIRECTION('',(1.,-0.));
#13203 = ( GEOMETRIC_REPRESENTATION_CONTEXT(2) 
PARAMETRIC_REPRESENTATION_CONTEXT() REPRESENTATION_CONTEXT('2D SPACE',''
  ) );
#13204 = PCURVE('',#13205,#13210);
#13205 = PLANE('',#13206);
#13206 = AXIS2_PLACEMENT_3D('',#13207,#13208,#13209);
#13207 = CARTESIAN_POINT('',(0.,0.,2.31));
#13208 = DIRECTION('',(0.,0.,1.));
#13209 = DIRECTION('',(1.,0.,-0.));
#13210 = DEFINITIONAL_REPRESENTATION('',(#13211),#13215);
#13211 = CIRCLE('',#13212,14.45);
#13212 = AXIS2_PLACEMENT_2D('',#13213,#13214);
#13213 = CARTESIAN_POINT('',(0.,0.));
#13214 = DIRECTION('',(1.,0.));
#13215 = ( GEOMETRIC_REPRESENTATION_CONTEXT(2) 
PARAMETRIC_REPRESENTATION_CONTEXT() REPRESENTATION_CONTEXT('2D SPACE',''
  ) );
#13216 = ORIENTED_EDGE('',*,*,#13217,.T.);
#13217 = EDGE_CURVE('',#13189,#13079,#13218,.T.);
#13218 = SEAM_CURVE('',#13219,(#13223,#13230),.PCURVE_S1.);
#13219 = LINE('',#13220,#13221);
#13220 = CARTESIAN_POINT('',(14.45,0.,2.31));
#13221 = VECTOR('',#13222,1.);
#13222 = DIRECTION('',(-0.333692709977,0.,-0.942681905686));
#13223 = PCURVE('',#13095,#13224);
#13224 = DEFINITIONAL_REPRESENTATION('',(#13225),#13229);
#13225 = LINE('',#13226,#13227);
#13226 = CARTESIAN_POINT('',(0.,-0.));
#13227 = VECTOR('',#13228,1.);
#13228 = DIRECTION('',(0.,-1.));
#13229 = ( GEOMETRIC_REPRESENTATION_CONTEXT(2) 
PARAMETRIC_REPRESENTATION_CONTEXT() REPRESENTATION_CONTEXT('2D SPACE',''
  ) );
#13230 = PCURVE('',#13095,#13231);
#13231 = DEFINITIONAL_REPRESENTATION('',(#13232),#13236);
#13232 = LINE('',#13233,#13234);
#13233 = CARTESIAN_POINT('',(6.28318530718,-0.));
#13234 = VECTOR('',#13235,1.);
#13235 = DIRECTION('',(0.,-1.));
#13236 = ( GEOMETRIC_REPRESENTATION_CONTEXT(2) 
PARAMETRIC_REPRESENTATION_CONTEXT() REPRESENTATION_CONTEXT('2D SPACE',''
  ) );
#13237 = ORIENTED_EDGE('',*,*,#13078,.F.);
#13238 = ORIENTED_EDGE('',*,*,#13217,.F.);
#13239 = ADVANCED_FACE('',(#13240),#13172,.T.);
#13240 = FACE_BOUND('',#13241,.T.);
#13241 = EDGE_LOOP('',(#13242,#13243,#13266,#13293));
#13242 = ORIENTED_EDGE('',*,*,#13157,.T.);
#13243 = ORIENTED_EDGE('',*,*,#13244,.T.);
#13244 = EDGE_CURVE('',#13135,#13245,#13247,.T.);
#13245 = VERTEX_POINT('',#13246);
#13246 = CARTESIAN_POINT('',(18.776736691019,0.,3.199743472614));
#13247 = SEAM_CURVE('',#13248,(#13252,#13259),.PCURVE_S1.);
#13248 = LINE('',#13249,#13250);
#13249 = CARTESIAN_POINT('',(18.910143643059,0.,3.055595331483));
#13250 = VECTOR('',#13251,1.);
#13251 = DIRECTION('',(-0.679233808213,0.,0.733921953467));
#13252 = PCURVE('',#13172,#13253);
#13253 = DEFINITIONAL_REPRESENTATION('',(#13254),#13258);
#13254 = LINE('',#13255,#13256);
#13255 = CARTESIAN_POINT('',(-0.,-0.));
#13256 = VECTOR('',#13257,1.);
#13257 = DIRECTION('',(-0.,-1.));
#13258 = ( GEOMETRIC_REPRESENTATION_CONTEXT(2) 
PARAMETRIC_REPRESENTATION_CONTEXT() REPRESENTATION_CONTEXT('2D SPACE',''
  ) );
#13259 = PCURVE('',#13172,#13260);
#13260 = DEFINITIONAL_REPRESENTATION('',(#13261),#13265);
#13261 = LINE('',#13262,#13263);
#13262 = CARTESIAN_POINT('',(-6.28318530718,-0.));
#13263 = VECTOR('',#13264,1.);
#13264 = DIRECTION('',(-0.,-1.));
#13265 = ( GEOMETRIC_REPRESENTATION_CONTEXT(2) 
PARAMETRIC_REPRESENTATION_CONTEXT() REPRESENTATION_CONTEXT('2D SPACE',''
  ) );
#13266 = ORIENTED_EDGE('',*,*,#13267,.F.);
#13267 = EDGE_CURVE('',#13245,#13245,#13268,.T.);
#13268 = SURFACE_CURVE('',#13269,(#13274,#13281),.PCURVE_S1.);
#13269 = CIRCLE('',#13270,18.776736691019);
#13270 = AXIS2_PLACEMENT_3D('',#13271,#13272,#13273);
#13271 = CARTESIAN_POINT('',(0.,0.,3.199743472614));
#13272 = DIRECTION('',(0.,0.,1.));
#13273 = DIRECTION('',(1.,0.,-0.));
#13274 = PCURVE('',#13172,#13275);
#13275 = DEFINITIONAL_REPRESENTATION('',(#13276),#13280);
#13276 = LINE('',#13277,#13278);
#13277 = CARTESIAN_POINT('',(-0.,-0.144148141131));
#13278 = VECTOR('',#13279,1.);
#13279 = DIRECTION('',(-1.,-0.));
#13280 = ( GEOMETRIC_REPRESENTATION_CONTEXT(2) 
PARAMETRIC_REPRESENTATION_CONTEXT() REPRESENTATION_CONTEXT('2D SPACE',''
  ) );
#13281 = PCURVE('',#13282,#13287);
#13282 = CONICAL_SURFACE('',#13283,18.776736691019,0.814477179991);
#13283 = AXIS2_PLACEMENT_3D('',#13284,#13285,#13286);
#13284 = CARTESIAN_POINT('',(0.,0.,3.199743472614));
#13285 = DIRECTION('',(-0.,-0.,-1.));
#13286 = DIRECTION('',(1.,0.,-0.));
#13287 = DEFINITIONAL_REPRESENTATION('',(#13288),#13292);
#13288 = LINE('',#13289,#13290);
#13289 = CARTESIAN_POINT('',(-0.,-0.));
#13290 = VECTOR('',#13291,1.);
#13291 = DIRECTION('',(-1.,-0.));
#13292 = ( GEOMETRIC_REPRESENTATION_CONTEXT(2) 
PARAMETRIC_REPRESENTATION_CONTEXT() REPRESENTATION_CONTEXT('2D SPACE',''
  ) );
#13293 = ORIENTED_EDGE('',*,*,#13244,.F.);
#13294 = ADVANCED_FACE('',(#13295,#13326),#13205,.T.);
#13295 = FACE_BOUND('',#13296,.T.);
#13296 = EDGE_LOOP('',(#13297));
#13297 = ORIENTED_EDGE('',*,*,#13298,.T.);
#13298 = EDGE_CURVE('',#13299,#13299,#13301,.T.);
#13299 = VERTEX_POINT('',#13300);
#13300 = CARTESIAN_POINT('',(15.45,0.,2.31));
#13301 = SURFACE_CURVE('',#13302,(#13307,#13314),.PCURVE_S1.);
#13302 = CIRCLE('',#13303,15.45);
#13303 = AXIS2_PLACEMENT_3D('',#13304,#13305,#13306);
#13304 = CARTESIAN_POINT('',(0.,0.,2.31));
#13305 = DIRECTION('',(0.,0.,1.));
#13306 = DIRECTION('',(1.,0.,-0.));
#13307 = PCURVE('',#13205,#13308);
#13308 = DEFINITIONAL_REPRESENTATION('',(#13309),#13313);
#13309 = CIRCLE('',#13310,15.45);
#13310 = AXIS2_PLACEMENT_2D('',#13311,#13312);
#13311 = CARTESIAN_POINT('',(0.,0.));
#13312 = DIRECTION('',(1.,0.));
#13313 = ( GEOMETRIC_REPRESENTATION_CONTEXT(2) 
PARAMETRIC_REPRESENTATION_CONTEXT() REPRESENTATION_CONTEXT('2D SPACE',''
  ) );
#13314 = PCURVE('',#13315,#13320);
#13315 = CYLINDRICAL_SURFACE('',#13316,15.45);
#13316 = AXIS2_PLACEMENT_3D('',#13317,#13318,#13319);
#13317 = CARTESIAN_POINT('',(0.,0.,5.36));
#13318 = DIRECTION('',(-0.,-0.,-1.));
#13319 = DIRECTION('',(1.,0.,0.));
#13320 = DEFINITIONAL_REPRESENTATION('',(#13321),#13325);
#13321 = LINE('',#13322,#13323);
#13322 = CARTESIAN_POINT('',(-0.,3.05));
#13323 = VECTOR('',#13324,1.);
#13324 = DIRECTION('',(-1.,0.));
#13325 = ( GEOMETRIC_REPRESENTATION_CONTEXT(2) 
PARAMETRIC_REPRESENTATION_CONTEXT() REPRESENTATION_CONTEXT('2D SPACE',''
  ) );
#13326 = FACE_BOUND('',#13327,.T.);
#13327 = EDGE_LOOP('',(#13328));
#13328 = ORIENTED_EDGE('',*,*,#13188,.F.);
#13329 = ADVANCED_FACE('',(#13330),#13282,.T.);
#13330 = FACE_BOUND('',#13331,.T.);
#13331 = EDGE_LOOP('',(#13332,#13333,#13356,#13383));
#13332 = ORIENTED_EDGE('',*,*,#13267,.T.);
#13333 = ORIENTED_EDGE('',*,*,#13334,.T.);
#13334 = EDGE_CURVE('',#13245,#13335,#13337,.T.);
#13335 = VERTEX_POINT('',#13336);
#13336 = CARTESIAN_POINT('',(18.631439326176,0.,3.336827158921));
#13337 = SEAM_CURVE('',#13338,(#13342,#13349),.PCURVE_S1.);
#13338 = LINE('',#13339,#13340);
#13339 = CARTESIAN_POINT('',(18.776736691019,0.,3.199743472614));
#13340 = VECTOR('',#13341,1.);
#13341 = DIRECTION('',(-0.727366913438,0.,0.686248769205));
#13342 = PCURVE('',#13282,#13343);
#13343 = DEFINITIONAL_REPRESENTATION('',(#13344),#13348);
#13344 = LINE('',#13345,#13346);
#13345 = CARTESIAN_POINT('',(-0.,-0.));
#13346 = VECTOR('',#13347,1.);
#13347 = DIRECTION('',(-0.,-1.));
#13348 = ( GEOMETRIC_REPRESENTATION_CONTEXT(2) 
PARAMETRIC_REPRESENTATION_CONTEXT() REPRESENTATION_CONTEXT('2D SPACE',''
  ) );
#13349 = PCURVE('',#13282,#13350);
#13350 = DEFINITIONAL_REPRESENTATION('',(#13351),#13355);
#13351 = LINE('',#13352,#13353);
#13352 = CARTESIAN_POINT('',(-6.28318530718,-0.));
#13353 = VECTOR('',#13354,1.);
#13354 = DIRECTION('',(-0.,-1.));
#13355 = ( GEOMETRIC_REPRESENTATION_CONTEXT(2) 
PARAMETRIC_REPRESENTATION_CONTEXT() REPRESENTATION_CONTEXT('2D SPACE',''
  ) );
#13356 = ORIENTED_EDGE('',*,*,#13357,.F.);
#13357 = EDGE_CURVE('',#13335,#13335,#13358,.T.);
#13358 = SURFACE_CURVE('',#13359,(#13364,#13371),.PCURVE_S1.);
#13359 = CIRCLE('',#13360,18.631439326176);
#13360 = AXIS2_PLACEMENT_3D('',#13361,#13362,#13363);
#13361 = CARTESIAN_POINT('',(0.,0.,3.336827158921));
#13362 = DIRECTION('',(0.,0.,1.));
#13363 = DIRECTION('',(1.,0.,-0.));
#13364 = PCURVE('',#13282,#13365);
#13365 = DEFINITIONAL_REPRESENTATION('',(#13366),#13370);
#13366 = LINE('',#13367,#13368);
#13367 = CARTESIAN_POINT('',(-0.,-0.137083686308));
#13368 = VECTOR('',#13369,1.);
#13369 = DIRECTION('',(-1.,-0.));
#13370 = ( GEOMETRIC_REPRESENTATION_CONTEXT(2) 
PARAMETRIC_REPRESENTATION_CONTEXT() REPRESENTATION_CONTEXT('2D SPACE',''
  ) );
#13371 = PCURVE('',#13372,#13377);
#13372 = CONICAL_SURFACE('',#13373,18.631439326176,0.879987710058);
#13373 = AXIS2_PLACEMENT_3D('',#13374,#13375,#13376);
#13374 = CARTESIAN_POINT('',(0.,0.,3.336827158921));
#13375 = DIRECTION('',(-0.,-0.,-1.));
#13376 = DIRECTION('',(1.,0.,-0.));
#13377 = DEFINITIONAL_REPRESENTATION('',(#13378),#13382);
#13378 = LINE('',#13379,#13380);
#13379 = CARTESIAN_POINT('',(-0.,-0.));
#13380 = VECTOR('',#13381,1.);
#13381 = DIRECTION('',(-1.,-0.));
#13382 = ( GEOMETRIC_REPRESENTATION_CONTEXT(2) 
PARAMETRIC_REPRESENTATION_CONTEXT() REPRESENTATION_CONTEXT('2D SPACE',''
  ) );
#13383 = ORIENTED_EDGE('',*,*,#13334,.F.);
#13384 = ADVANCED_FACE('',(#13385),#13315,.F.);
#13385 = FACE_BOUND('',#13386,.T.);
#13386 = EDGE_LOOP('',(#13387,#13420,#13441,#13442));
#13387 = ORIENTED_EDGE('',*,*,#13388,.F.);
#13388 = EDGE_CURVE('',#13389,#13389,#13391,.T.);
#13389 = VERTEX_POINT('',#13390);
#13390 = CARTESIAN_POINT('',(15.45,0.,4.26));
#13391 = SURFACE_CURVE('',#13392,(#13397,#13404),.PCURVE_S1.);
#13392 = CIRCLE('',#13393,15.45);
#13393 = AXIS2_PLACEMENT_3D('',#13394,#13395,#13396);
#13394 = CARTESIAN_POINT('',(0.,0.,4.26));
#13395 = DIRECTION('',(0.,0.,-1.));
#13396 = DIRECTION('',(1.,0.,0.));
#13397 = PCURVE('',#13315,#13398);
#13398 = DEFINITIONAL_REPRESENTATION('',(#13399),#13403);
#13399 = LINE('',#13400,#13401);
#13400 = CARTESIAN_POINT('',(-6.28318530718,1.1));
#13401 = VECTOR('',#13402,1.);
#13402 = DIRECTION('',(1.,-0.));
#13403 = ( GEOMETRIC_REPRESENTATION_CONTEXT(2) 
PARAMETRIC_REPRESENTATION_CONTEXT() REPRESENTATION_CONTEXT('2D SPACE',''
  ) );
#13404 = PCURVE('',#13405,#13410);
#13405 = PLANE('',#13406);
#13406 = AXIS2_PLACEMENT_3D('',#13407,#13408,#13409);
#13407 = CARTESIAN_POINT('',(0.,0.,4.26));
#13408 = DIRECTION('',(0.,0.,1.));
#13409 = DIRECTION('',(1.,0.,-0.));
#13410 = DEFINITIONAL_REPRESENTATION('',(#13411),#13419);
#13411 = ( BOUNDED_CURVE() B_SPLINE_CURVE(2,(#13412,#13413,#13414,#13415
    ,#13416,#13417,#13418),.UNSPECIFIED.,.T.,.F.) 
B_SPLINE_CURVE_WITH_KNOTS((1,2,2,2,2,1),(-2.094395102393,0.,
    2.094395102393,4.188790204786,6.28318530718,8.377580409573),
.UNSPECIFIED.) CURVE() GEOMETRIC_REPRESENTATION_ITEM() 
RATIONAL_B_SPLINE_CURVE((1.,0.5,1.,0.5,1.,0.5,1.)) REPRESENTATION_ITEM(
  '') );
#13412 = CARTESIAN_POINT('',(15.45,0.));
#13413 = CARTESIAN_POINT('',(15.45,-26.76018497693));
#13414 = CARTESIAN_POINT('',(-7.725,-13.38009248847));
#13415 = CARTESIAN_POINT('',(-30.9,-3.784158609365E-15));
#13416 = CARTESIAN_POINT('',(-7.725,13.38009248847));
#13417 = CARTESIAN_POINT('',(15.45,26.760184976939));
#13418 = CARTESIAN_POINT('',(15.45,0.));
#13419 = ( GEOMETRIC_REPRESENTATION_CONTEXT(2) 
PARAMETRIC_REPRESENTATION_CONTEXT() REPRESENTATION_CONTEXT('2D SPACE',''
  ) );
#13420 = ORIENTED_EDGE('',*,*,#13421,.T.);
#13421 = EDGE_CURVE('',#13389,#13299,#13422,.T.);
#13422 = SEAM_CURVE('',#13423,(#13427,#13434),.PCURVE_S1.);
#13423 = LINE('',#13424,#13425);
#13424 = CARTESIAN_POINT('',(15.45,0.,5.36));
#13425 = VECTOR('',#13426,1.);
#13426 = DIRECTION('',(0.,0.,-1.));
#13427 = PCURVE('',#13315,#13428);
#13428 = DEFINITIONAL_REPRESENTATION('',(#13429),#13433);
#13429 = LINE('',#13430,#13431);
#13430 = CARTESIAN_POINT('',(-0.,0.));
#13431 = VECTOR('',#13432,1.);
#13432 = DIRECTION('',(-0.,1.));
#13433 = ( GEOMETRIC_REPRESENTATION_CONTEXT(2) 
PARAMETRIC_REPRESENTATION_CONTEXT() REPRESENTATION_CONTEXT('2D SPACE',''
  ) );
#13434 = PCURVE('',#13315,#13435);
#13435 = DEFINITIONAL_REPRESENTATION('',(#13436),#13440);
#13436 = LINE('',#13437,#13438);
#13437 = CARTESIAN_POINT('',(-6.28318530718,0.));
#13438 = VECTOR('',#13439,1.);
#13439 = DIRECTION('',(-0.,1.));
#13440 = ( GEOMETRIC_REPRESENTATION_CONTEXT(2) 
PARAMETRIC_REPRESENTATION_CONTEXT() REPRESENTATION_CONTEXT('2D SPACE',''
  ) );
#13441 = ORIENTED_EDGE('',*,*,#13298,.F.);
#13442 = ORIENTED_EDGE('',*,*,#13421,.F.);
#13443 = ADVANCED_FACE('',(#13444),#13372,.T.);
#13444 = FACE_BOUND('',#13445,.T.);
#13445 = EDGE_LOOP('',(#13446,#13447,#13470,#13497));
#13446 = ORIENTED_EDGE('',*,*,#13357,.T.);
#13447 = ORIENTED_EDGE('',*,*,#13448,.T.);
#13448 = EDGE_CURVE('',#13335,#13449,#13451,.T.);
#13449 = VERTEX_POINT('',#13450);
#13450 = CARTESIAN_POINT('',(18.474873734153,0.,3.466259377016));
#13451 = SEAM_CURVE('',#13452,(#13456,#13463),.PCURVE_S1.);
#13452 = LINE('',#13453,#13454);
#13453 = CARTESIAN_POINT('',(18.631439326176,0.,3.336827158921));
#13454 = VECTOR('',#13455,1.);
#13455 = DIRECTION('',(-0.77073104829,0.,0.637160616487));
#13456 = PCURVE('',#13372,#13457);
#13457 = DEFINITIONAL_REPRESENTATION('',(#13458),#13462);
#13458 = LINE('',#13459,#13460);
#13459 = CARTESIAN_POINT('',(-0.,-0.));
#13460 = VECTOR('',#13461,1.);
#13461 = DIRECTION('',(-0.,-1.));
#13462 = ( GEOMETRIC_REPRESENTATION_CONTEXT(2) 
PARAMETRIC_REPRESENTATION_CONTEXT() REPRESENTATION_CONTEXT('2D SPACE',''
  ) );
#13463 = PCURVE('',#13372,#13464);
#13464 = DEFINITIONAL_REPRESENTATION('',(#13465),#13469);
#13465 = LINE('',#13466,#13467);
#13466 = CARTESIAN_POINT('',(-6.28318530718,-0.));
#13467 = VECTOR('',#13468,1.);
#13468 = DIRECTION('',(-0.,-1.));
#13469 = ( GEOMETRIC_REPRESENTATION_CONTEXT(2) 
PARAMETRIC_REPRESENTATION_CONTEXT() REPRESENTATION_CONTEXT('2D SPACE',''
  ) );
#13470 = ORIENTED_EDGE('',*,*,#13471,.F.);
#13471 = EDGE_CURVE('',#13449,#13449,#13472,.T.);
#13472 = SURFACE_CURVE('',#13473,(#13478,#13485),.PCURVE_S1.);
#13473 = CIRCLE('',#13474,18.474873734153);
#13474 = AXIS2_PLACEMENT_3D('',#13475,#13476,#13477);
#13475 = CARTESIAN_POINT('',(0.,0.,3.466259377016));
#13476 = DIRECTION('',(0.,0.,1.));
#13477 = DIRECTION('',(1.,0.,-0.));
#13478 = PCURVE('',#13372,#13479);
#13479 = DEFINITIONAL_REPRESENTATION('',(#13480),#13484);
#13480 = LINE('',#13481,#13482);
#13481 = CARTESIAN_POINT('',(-0.,-0.129432218094));
#13482 = VECTOR('',#13483,1.);
#13483 = DIRECTION('',(-1.,-0.));
#13484 = ( GEOMETRIC_REPRESENTATION_CONTEXT(2) 
PARAMETRIC_REPRESENTATION_CONTEXT() REPRESENTATION_CONTEXT('2D SPACE',''
  ) );
#13485 = PCURVE('',#13486,#13491);
#13486 = CONICAL_SURFACE('',#13487,18.474873734153,0.943358554156);
#13487 = AXIS2_PLACEMENT_3D('',#13488,#13489,#13490);
#13488 = CARTESIAN_POINT('',(0.,0.,3.466259377016));
#13489 = DIRECTION('',(-0.,-0.,-1.));
#13490 = DIRECTION('',(1.,0.,-0.));
#13491 = DEFINITIONAL_REPRESENTATION('',(#13492),#13496);
#13492 = LINE('',#13493,#13494);
#13493 = CARTESIAN_POINT('',(-0.,-0.));
#13494 = VECTOR('',#13495,1.);
#13495 = DIRECTION('',(-1.,-0.));
#13496 = ( GEOMETRIC_REPRESENTATION_CONTEXT(2) 
PARAMETRIC_REPRESENTATION_CONTEXT() REPRESENTATION_CONTEXT('2D SPACE',''
  ) );
#13497 = ORIENTED_EDGE('',*,*,#13448,.F.);
#13498 = ADVANCED_FACE('',(#13499,#13530),#13405,.T.);
#13499 = FACE_BOUND('',#13500,.T.);
#13500 = EDGE_LOOP('',(#13501));
#13501 = ORIENTED_EDGE('',*,*,#13502,.T.);
#13502 = EDGE_CURVE('',#13503,#13503,#13505,.T.);
#13503 = VERTEX_POINT('',#13504);
#13504 = CARTESIAN_POINT('',(16.,0.,4.26));
#13505 = SURFACE_CURVE('',#13506,(#13511,#13518),.PCURVE_S1.);
#13506 = CIRCLE('',#13507,16.);
#13507 = AXIS2_PLACEMENT_3D('',#13508,#13509,#13510);
#13508 = CARTESIAN_POINT('',(0.,0.,4.26));
#13509 = DIRECTION('',(0.,0.,1.));
#13510 = DIRECTION('',(1.,0.,-0.));
#13511 = PCURVE('',#13405,#13512);
#13512 = DEFINITIONAL_REPRESENTATION('',(#13513),#13517);
#13513 = CIRCLE('',#13514,16.);
#13514 = AXIS2_PLACEMENT_2D('',#13515,#13516);
#13515 = CARTESIAN_POINT('',(0.,0.));
#13516 = DIRECTION('',(1.,0.));
#13517 = ( GEOMETRIC_REPRESENTATION_CONTEXT(2) 
PARAMETRIC_REPRESENTATION_CONTEXT() REPRESENTATION_CONTEXT('2D SPACE',''
  ) );
#13518 = PCURVE('',#13519,#13524);
#13519 = CONICAL_SURFACE('',#13520,16.228910952306,1.545454263473);
#13520 = AXIS2_PLACEMENT_3D('',#13521,#13522,#13523);
#13521 = CARTESIAN_POINT('',(0.,0.,4.254197681977));
#13522 = DIRECTION('',(-0.,-0.,-1.));
#13523 = DIRECTION('',(1.,0.,-0.));
#13524 = DEFINITIONAL_REPRESENTATION('',(#13525),#13529);
#13525 = LINE('',#13526,#13527);
#13526 = CARTESIAN_POINT('',(-0.,-5.802318023385E-03));
#13527 = VECTOR('',#13528,1.);
#13528 = DIRECTION('',(-1.,-0.));
#13529 = ( GEOMETRIC_REPRESENTATION_CONTEXT(2) 
PARAMETRIC_REPRESENTATION_CONTEXT() REPRESENTATION_CONTEXT('2D SPACE',''
  ) );
#13530 = FACE_BOUND('',#13531,.T.);
#13531 = EDGE_LOOP('',(#13532));
#13532 = ORIENTED_EDGE('',*,*,#13388,.T.);
#13533 = ADVANCED_FACE('',(#13534),#13486,.T.);
#13534 = FACE_BOUND('',#13535,.T.);
#13535 = EDGE_LOOP('',(#13536,#13537,#13560,#13587));
#13536 = ORIENTED_EDGE('',*,*,#13471,.T.);
#13537 = ORIENTED_EDGE('',*,*,#13538,.T.);
#13538 = EDGE_CURVE('',#13449,#13539,#13541,.T.);
#13539 = VERTEX_POINT('',#13540);
#13540 = CARTESIAN_POINT('',(18.30771035285,0.,3.587485878268));
#13541 = SEAM_CURVE('',#13542,(#13546,#13553),.PCURVE_S1.);
#13542 = LINE('',#13543,#13544);
#13543 = CARTESIAN_POINT('',(18.474873734153,0.,3.466259377016));
#13544 = VECTOR('',#13545,1.);
#13545 = DIRECTION('',(-0.809534377126,0.,0.587072476148));
#13546 = PCURVE('',#13486,#13547);
#13547 = DEFINITIONAL_REPRESENTATION('',(#13548),#13552);
#13548 = LINE('',#13549,#13550);
#13549 = CARTESIAN_POINT('',(-0.,-0.));
#13550 = VECTOR('',#13551,1.);
#13551 = DIRECTION('',(-0.,-1.));
#13552 = ( GEOMETRIC_REPRESENTATION_CONTEXT(2) 
PARAMETRIC_REPRESENTATION_CONTEXT() REPRESENTATION_CONTEXT('2D SPACE',''
  ) );
#13553 = PCURVE('',#13486,#13554);
#13554 = DEFINITIONAL_REPRESENTATION('',(#13555),#13559);
#13555 = LINE('',#13556,#13557);
#13556 = CARTESIAN_POINT('',(-6.28318530718,-0.));
#13557 = VECTOR('',#13558,1.);
#13558 = DIRECTION('',(-0.,-1.));
#13559 = ( GEOMETRIC_REPRESENTATION_CONTEXT(2) 
PARAMETRIC_REPRESENTATION_CONTEXT() REPRESENTATION_CONTEXT('2D SPACE',''
  ) );
#13560 = ORIENTED_EDGE('',*,*,#13561,.F.);
#13561 = EDGE_CURVE('',#13539,#13539,#13562,.T.);
#13562 = SURFACE_CURVE('',#13563,(#13568,#13575),.PCURVE_S1.);
#13563 = CIRCLE('',#13564,18.30771035285);
#13564 = AXIS2_PLACEMENT_3D('',#13565,#13566,#13567);
#13565 = CARTESIAN_POINT('',(0.,0.,3.587485878268));
#13566 = DIRECTION('',(0.,0.,1.));
#13567 = DIRECTION('',(1.,0.,-0.));
#13568 = PCURVE('',#13486,#13569);
#13569 = DEFINITIONAL_REPRESENTATION('',(#13570),#13574);
#13570 = LINE('',#13571,#13572);
#13571 = CARTESIAN_POINT('',(-0.,-0.121226501252));
#13572 = VECTOR('',#13573,1.);
#13573 = DIRECTION('',(-1.,-0.));
#13574 = ( GEOMETRIC_REPRESENTATION_CONTEXT(2) 
PARAMETRIC_REPRESENTATION_CONTEXT() REPRESENTATION_CONTEXT('2D SPACE',''
  ) );
#13575 = PCURVE('',#13576,#13581);
#13576 = CONICAL_SURFACE('',#13577,18.30771035285,1.004724893141);
#13577 = AXIS2_PLACEMENT_3D('',#13578,#13579,#13580);
#13578 = CARTESIAN_POINT('',(0.,0.,3.587485878268));
#13579 = DIRECTION('',(-0.,-0.,-1.));
#13580 = DIRECTION('',(1.,0.,-0.));
#13581 = DEFINITIONAL_REPRESENTATION('',(#13582),#13586);
#13582 = LINE('',#13583,#13584);
#13583 = CARTESIAN_POINT('',(-0.,-0.));
#13584 = VECTOR('',#13585,1.);
#13585 = DIRECTION('',(-1.,-0.));
#13586 = ( GEOMETRIC_REPRESENTATION_CONTEXT(2) 
PARAMETRIC_REPRESENTATION_CONTEXT() REPRESENTATION_CONTEXT('2D SPACE',''
  ) );
#13587 = ORIENTED_EDGE('',*,*,#13538,.F.);
#13588 = ADVANCED_FACE('',(#13589),#13519,.T.);
#13589 = FACE_BOUND('',#13590,.T.);
#13590 = EDGE_LOOP('',(#13591,#13620,#13641,#13642));
#13591 = ORIENTED_EDGE('',*,*,#13592,.T.);
#13592 = EDGE_CURVE('',#13593,#13593,#13595,.T.);
#13593 = VERTEX_POINT('',#13594);
#13594 = CARTESIAN_POINT('',(16.228910952306,0.,4.254197681977));
#13595 = SURFACE_CURVE('',#13596,(#13601,#13608),.PCURVE_S1.);
#13596 = CIRCLE('',#13597,16.228910952306);
#13597 = AXIS2_PLACEMENT_3D('',#13598,#13599,#13600);
#13598 = CARTESIAN_POINT('',(0.,0.,4.254197681977));
#13599 = DIRECTION('',(0.,0.,1.));
#13600 = DIRECTION('',(1.,0.,-0.));
#13601 = PCURVE('',#13519,#13602);
#13602 = DEFINITIONAL_REPRESENTATION('',(#13603),#13607);
#13603 = LINE('',#13604,#13605);
#13604 = CARTESIAN_POINT('',(-0.,-0.));
#13605 = VECTOR('',#13606,1.);
#13606 = DIRECTION('',(-1.,-0.));
#13607 = ( GEOMETRIC_REPRESENTATION_CONTEXT(2) 
PARAMETRIC_REPRESENTATION_CONTEXT() REPRESENTATION_CONTEXT('2D SPACE',''
  ) );
#13608 = PCURVE('',#13609,#13614);
#13609 = CONICAL_SURFACE('',#13610,16.45684167277,1.49468316154);
#13610 = AXIS2_PLACEMENT_3D('',#13611,#13612,#13613);
#13611 = CARTESIAN_POINT('',(0.,0.,4.236815574323));
#13612 = DIRECTION('',(-0.,-0.,-1.));
#13613 = DIRECTION('',(1.,0.,-0.));
#13614 = DEFINITIONAL_REPRESENTATION('',(#13615),#13619);
#13615 = LINE('',#13616,#13617);
#13616 = CARTESIAN_POINT('',(-0.,-1.738210765359E-02));
#13617 = VECTOR('',#13618,1.);
#13618 = DIRECTION('',(-1.,-0.));
#13619 = ( GEOMETRIC_REPRESENTATION_CONTEXT(2) 
PARAMETRIC_REPRESENTATION_CONTEXT() REPRESENTATION_CONTEXT('2D SPACE',''
  ) );
#13620 = ORIENTED_EDGE('',*,*,#13621,.T.);
#13621 = EDGE_CURVE('',#13593,#13503,#13622,.T.);
#13622 = SEAM_CURVE('',#13623,(#13627,#13634),.PCURVE_S1.);
#13623 = LINE('',#13624,#13625);
#13624 = CARTESIAN_POINT('',(16.228910952306,0.,4.254197681977));
#13625 = VECTOR('',#13626,1.);
#13626 = DIRECTION('',(-0.999678907098,0.,2.533935087786E-02));
#13627 = PCURVE('',#13519,#13628);
#13628 = DEFINITIONAL_REPRESENTATION('',(#13629),#13633);
#13629 = LINE('',#13630,#13631);
#13630 = CARTESIAN_POINT('',(-0.,-0.));
#13631 = VECTOR('',#13632,1.);
#13632 = DIRECTION('',(-0.,-1.));
#13633 = ( GEOMETRIC_REPRESENTATION_CONTEXT(2) 
PARAMETRIC_REPRESENTATION_CONTEXT() REPRESENTATION_CONTEXT('2D SPACE',''
  ) );
#13634 = PCURVE('',#13519,#13635);
#13635 = DEFINITIONAL_REPRESENTATION('',(#13636),#13640);
#13636 = LINE('',#13637,#13638);
#13637 = CARTESIAN_POINT('',(-6.28318530718,-0.));
#13638 = VECTOR('',#13639,1.);
#13639 = DIRECTION('',(-0.,-1.));
#13640 = ( GEOMETRIC_REPRESENTATION_CONTEXT(2) 
PARAMETRIC_REPRESENTATION_CONTEXT() REPRESENTATION_CONTEXT('2D SPACE',''
  ) );
#13641 = ORIENTED_EDGE('',*,*,#13502,.F.);
#13642 = ORIENTED_EDGE('',*,*,#13621,.F.);
#13643 = ADVANCED_FACE('',(#13644),#13576,.T.);
#13644 = FACE_BOUND('',#13645,.T.);
#13645 = EDGE_LOOP('',(#13646,#13647,#13670,#13697));
#13646 = ORIENTED_EDGE('',*,*,#13561,.T.);
#13647 = ORIENTED_EDGE('',*,*,#13648,.T.);
#13648 = EDGE_CURVE('',#13539,#13649,#13651,.T.);
#13649 = VERTEX_POINT('',#13650);
#13650 = CARTESIAN_POINT('',(18.130665001531,0.,3.699987552189));
#13651 = SEAM_CURVE('',#13652,(#13656,#13663),.PCURVE_S1.);
#13652 = LINE('',#13653,#13654);
#13653 = CARTESIAN_POINT('',(18.30771035285,0.,3.587485878268));
#13654 = VECTOR('',#13655,1.);
#13655 = DIRECTION('',(-0.844014453228,0.,0.536320429167));
#13656 = PCURVE('',#13576,#13657);
#13657 = DEFINITIONAL_REPRESENTATION('',(#13658),#13662);
#13658 = LINE('',#13659,#13660);
#13659 = CARTESIAN_POINT('',(-0.,-0.));
#13660 = VECTOR('',#13661,1.);
#13661 = DIRECTION('',(-0.,-1.));
#13662 = ( GEOMETRIC_REPRESENTATION_CONTEXT(2) 
PARAMETRIC_REPRESENTATION_CONTEXT() REPRESENTATION_CONTEXT('2D SPACE',''
  ) );
#13663 = PCURVE('',#13576,#13664);
#13664 = DEFINITIONAL_REPRESENTATION('',(#13665),#13669);
#13665 = LINE('',#13666,#13667);
#13666 = CARTESIAN_POINT('',(-6.28318530718,-0.));
#13667 = VECTOR('',#13668,1.);
#13668 = DIRECTION('',(-0.,-1.));
#13669 = ( GEOMETRIC_REPRESENTATION_CONTEXT(2) 
PARAMETRIC_REPRESENTATION_CONTEXT() REPRESENTATION_CONTEXT('2D SPACE',''
  ) );
#13670 = ORIENTED_EDGE('',*,*,#13671,.F.);
#13671 = EDGE_CURVE('',#13649,#13649,#13672,.T.);
#13672 = SURFACE_CURVE('',#13673,(#13678,#13685),.PCURVE_S1.);
#13673 = CIRCLE('',#13674,18.130665001531);
#13674 = AXIS2_PLACEMENT_3D('',#13675,#13676,#13677);
#13675 = CARTESIAN_POINT('',(0.,0.,3.699987552189));
#13676 = DIRECTION('',(0.,0.,1.));
#13677 = DIRECTION('',(1.,0.,-0.));
#13678 = PCURVE('',#13576,#13679);
#13679 = DEFINITIONAL_REPRESENTATION('',(#13680),#13684);
#13680 = LINE('',#13681,#13682);
#13681 = CARTESIAN_POINT('',(-0.,-0.112501673921));
#13682 = VECTOR('',#13683,1.);
#13683 = DIRECTION('',(-1.,-0.));
#13684 = ( GEOMETRIC_REPRESENTATION_CONTEXT(2) 
PARAMETRIC_REPRESENTATION_CONTEXT() REPRESENTATION_CONTEXT('2D SPACE',''
  ) );
#13685 = PCURVE('',#13686,#13691);
#13686 = CONICAL_SURFACE('',#13687,18.130665001531,1.064240731315);
#13687 = AXIS2_PLACEMENT_3D('',#13688,#13689,#13690);
#13688 = CARTESIAN_POINT('',(0.,0.,3.699987552189));
#13689 = DIRECTION('',(-0.,-0.,-1.));
#13690 = DIRECTION('',(1.,0.,-0.));
#13691 = DEFINITIONAL_REPRESENTATION('',(#13692),#13696);
#13692 = LINE('',#13693,#13694);
#13693 = CARTESIAN_POINT('',(-0.,-0.));
#13694 = VECTOR('',#13695,1.);
#13695 = DIRECTION('',(-1.,-0.));
#13696 = ( GEOMETRIC_REPRESENTATION_CONTEXT(2) 
PARAMETRIC_REPRESENTATION_CONTEXT() REPRESENTATION_CONTEXT('2D SPACE',''
  ) );
#13697 = ORIENTED_EDGE('',*,*,#13648,.F.);
#13698 = ADVANCED_FACE('',(#13699),#13609,.T.);
#13699 = FACE_BOUND('',#13700,.T.);
#13700 = EDGE_LOOP('',(#13701,#13730,#13751,#13752));
#13701 = ORIENTED_EDGE('',*,*,#13702,.T.);
#13702 = EDGE_CURVE('',#13703,#13703,#13705,.T.);
#13703 = VERTEX_POINT('',#13704);
#13704 = CARTESIAN_POINT('',(16.45684167277,0.,4.236815574323));
#13705 = SURFACE_CURVE('',#13706,(#13711,#13718),.PCURVE_S1.);
#13706 = CIRCLE('',#13707,16.45684167277);
#13707 = AXIS2_PLACEMENT_3D('',#13708,#13709,#13710);
#13708 = CARTESIAN_POINT('',(0.,0.,4.236815574323));
#13709 = DIRECTION('',(0.,0.,1.));
#13710 = DIRECTION('',(1.,0.,-0.));
#13711 = PCURVE('',#13609,#13712);
#13712 = DEFINITIONAL_REPRESENTATION('',(#13713),#13717);
#13713 = LINE('',#13714,#13715);
#13714 = CARTESIAN_POINT('',(-0.,-0.));
#13715 = VECTOR('',#13716,1.);
#13716 = DIRECTION('',(-1.,-0.));
#13717 = ( GEOMETRIC_REPRESENTATION_CONTEXT(2) 
PARAMETRIC_REPRESENTATION_CONTEXT() REPRESENTATION_CONTEXT('2D SPACE',''
  ) );
#13718 = PCURVE('',#13719,#13724);
#13719 = CONICAL_SURFACE('',#13720,16.682816127056,1.443650841141);
#13720 = AXIS2_PLACEMENT_3D('',#13721,#13722,#13723);
#13721 = CARTESIAN_POINT('',(0.,0.,4.207928109893));
#13722 = DIRECTION('',(-0.,-0.,-1.));
#13723 = DIRECTION('',(1.,0.,-0.));
#13724 = DEFINITIONAL_REPRESENTATION('',(#13725),#13729);
#13725 = LINE('',#13726,#13727);
#13726 = CARTESIAN_POINT('',(-0.,-2.888746443027E-02));
#13727 = VECTOR('',#13728,1.);
#13728 = DIRECTION('',(-1.,-0.));
#13729 = ( GEOMETRIC_REPRESENTATION_CONTEXT(2) 
PARAMETRIC_REPRESENTATION_CONTEXT() REPRESENTATION_CONTEXT('2D SPACE',''
  ) );
#13730 = ORIENTED_EDGE('',*,*,#13731,.T.);
#13731 = EDGE_CURVE('',#13703,#13593,#13732,.T.);
#13732 = SEAM_CURVE('',#13733,(#13737,#13744),.PCURVE_S1.);
#13733 = LINE('',#13734,#13735);
#13734 = CARTESIAN_POINT('',(16.45684167277,0.,4.236815574323));
#13735 = VECTOR('',#13736,1.);
#13736 = DIRECTION('',(-0.997104791156,0.,7.603969656416E-02));
#13737 = PCURVE('',#13609,#13738);
#13738 = DEFINITIONAL_REPRESENTATION('',(#13739),#13743);
#13739 = LINE('',#13740,#13741);
#13740 = CARTESIAN_POINT('',(-0.,-0.));
#13741 = VECTOR('',#13742,1.);
#13742 = DIRECTION('',(-0.,-1.));
#13743 = ( GEOMETRIC_REPRESENTATION_CONTEXT(2) 
PARAMETRIC_REPRESENTATION_CONTEXT() REPRESENTATION_CONTEXT('2D SPACE',''
  ) );
#13744 = PCURVE('',#13609,#13745);
#13745 = DEFINITIONAL_REPRESENTATION('',(#13746),#13750);
#13746 = LINE('',#13747,#13748);
#13747 = CARTESIAN_POINT('',(-6.28318530718,-0.));
#13748 = VECTOR('',#13749,1.);
#13749 = DIRECTION('',(-0.,-1.));
#13750 = ( GEOMETRIC_REPRESENTATION_CONTEXT(2) 
PARAMETRIC_REPRESENTATION_CONTEXT() REPRESENTATION_CONTEXT('2D SPACE',''
  ) );
#13751 = ORIENTED_EDGE('',*,*,#13592,.F.);
#13752 = ORIENTED_EDGE('',*,*,#13731,.F.);
#13753 = ADVANCED_FACE('',(#13754),#13686,.T.);
#13754 = FACE_BOUND('',#13755,.T.);
#13755 = EDGE_LOOP('',(#13756,#13757,#13780,#13807));
#13756 = ORIENTED_EDGE('',*,*,#13671,.T.);
#13757 = ORIENTED_EDGE('',*,*,#13758,.T.);
#13758 = EDGE_CURVE('',#13649,#13759,#13761,.T.);
#13759 = VERTEX_POINT('',#13760);
#13760 = CARTESIAN_POINT('',(17.944495815569,0.,3.80328264934));
#13761 = SEAM_CURVE('',#13762,(#13766,#13773),.PCURVE_S1.);
#13762 = LINE('',#13763,#13764);
#13763 = CARTESIAN_POINT('',(18.130665001531,0.,3.699987552189));
#13764 = VECTOR('',#13765,1.);
#13765 = DIRECTION('',(-0.874420807155,0.,0.485168271854));
#13766 = PCURVE('',#13686,#13767);
#13767 = DEFINITIONAL_REPRESENTATION('',(#13768),#13772);
#13768 = LINE('',#13769,#13770);
#13769 = CARTESIAN_POINT('',(-0.,-0.));
#13770 = VECTOR('',#13771,1.);
#13771 = DIRECTION('',(-0.,-1.));
#13772 = ( GEOMETRIC_REPRESENTATION_CONTEXT(2) 
PARAMETRIC_REPRESENTATION_CONTEXT() REPRESENTATION_CONTEXT('2D SPACE',''
  ) );
#13773 = PCURVE('',#13686,#13774);
#13774 = DEFINITIONAL_REPRESENTATION('',(#13775),#13779);
#13775 = LINE('',#13776,#13777);
#13776 = CARTESIAN_POINT('',(-6.28318530718,-0.));
#13777 = VECTOR('',#13778,1.);
#13778 = DIRECTION('',(-0.,-1.));
#13779 = ( GEOMETRIC_REPRESENTATION_CONTEXT(2) 
PARAMETRIC_REPRESENTATION_CONTEXT() REPRESENTATION_CONTEXT('2D SPACE',''
  ) );
#13780 = ORIENTED_EDGE('',*,*,#13781,.F.);
#13781 = EDGE_CURVE('',#13759,#13759,#13782,.T.);
#13782 = SURFACE_CURVE('',#13783,(#13788,#13795),.PCURVE_S1.);
#13783 = CIRCLE('',#13784,17.944495815569);
#13784 = AXIS2_PLACEMENT_3D('',#13785,#13786,#13787);
#13785 = CARTESIAN_POINT('',(0.,0.,3.80328264934));
#13786 = DIRECTION('',(0.,0.,1.));
#13787 = DIRECTION('',(1.,0.,-0.));
#13788 = PCURVE('',#13686,#13789);
#13789 = DEFINITIONAL_REPRESENTATION('',(#13790),#13794);
#13790 = LINE('',#13791,#13792);
#13791 = CARTESIAN_POINT('',(-0.,-0.103295097151));
#13792 = VECTOR('',#13793,1.);
#13793 = DIRECTION('',(-1.,-0.));
#13794 = ( GEOMETRIC_REPRESENTATION_CONTEXT(2) 
PARAMETRIC_REPRESENTATION_CONTEXT() REPRESENTATION_CONTEXT('2D SPACE',''
  ) );
#13795 = PCURVE('',#13796,#13801);
#13796 = CONICAL_SURFACE('',#13797,17.944495815569,1.122072726115);
#13797 = AXIS2_PLACEMENT_3D('',#13798,#13799,#13800);
#13798 = CARTESIAN_POINT('',(0.,0.,3.80328264934));
#13799 = DIRECTION('',(-0.,-0.,-1.));
#13800 = DIRECTION('',(1.,0.,-0.));
#13801 = DEFINITIONAL_REPRESENTATION('',(#13802),#13806);
#13802 = LINE('',#13803,#13804);
#13803 = CARTESIAN_POINT('',(-0.,-0.));
#13804 = VECTOR('',#13805,1.);
#13805 = DIRECTION('',(-1.,-0.));
#13806 = ( GEOMETRIC_REPRESENTATION_CONTEXT(2) 
PARAMETRIC_REPRESENTATION_CONTEXT() REPRESENTATION_CONTEXT('2D SPACE',''
  ) );
#13807 = ORIENTED_EDGE('',*,*,#13758,.F.);
#13808 = ADVANCED_FACE('',(#13809),#13719,.T.);
#13809 = FACE_BOUND('',#13810,.T.);
#13810 = EDGE_LOOP('',(#13811,#13840,#13861,#13862));
#13811 = ORIENTED_EDGE('',*,*,#13812,.T.);
#13812 = EDGE_CURVE('',#13813,#13813,#13815,.T.);
#13813 = VERTEX_POINT('',#13814);
#13814 = CARTESIAN_POINT('',(16.682816127056,0.,4.207928109893));
#13815 = SURFACE_CURVE('',#13816,(#13821,#13828),.PCURVE_S1.);
#13816 = CIRCLE('',#13817,16.682816127056);
#13817 = AXIS2_PLACEMENT_3D('',#13818,#13819,#13820);
#13818 = CARTESIAN_POINT('',(0.,0.,4.207928109893));
#13819 = DIRECTION('',(0.,0.,1.));
#13820 = DIRECTION('',(1.,0.,-0.));
#13821 = PCURVE('',#13719,#13822);
#13822 = DEFINITIONAL_REPRESENTATION('',(#13823),#13827);
#13823 = LINE('',#13824,#13825);
#13824 = CARTESIAN_POINT('',(-0.,-0.));
#13825 = VECTOR('',#13826,1.);
#13826 = DIRECTION('',(-1.,-0.));
#13827 = ( GEOMETRIC_REPRESENTATION_CONTEXT(2) 
PARAMETRIC_REPRESENTATION_CONTEXT() REPRESENTATION_CONTEXT('2D SPACE',''
  ) );
#13828 = PCURVE('',#13829,#13834);
#13829 = CONICAL_SURFACE('',#13830,16.905866657859,1.392182217788);
#13830 = AXIS2_PLACEMENT_3D('',#13831,#13832,#13833);
#13831 = CARTESIAN_POINT('',(0.,0.,4.167658989243));
#13832 = DIRECTION('',(-0.,-0.,-1.));
#13833 = DIRECTION('',(1.,0.,-0.));
#13834 = DEFINITIONAL_REPRESENTATION('',(#13835),#13839);
#13835 = LINE('',#13836,#13837);
#13836 = CARTESIAN_POINT('',(-0.,-4.026912064938E-02));
#13837 = VECTOR('',#13838,1.);
#13838 = DIRECTION('',(-1.,-0.));
#13839 = ( GEOMETRIC_REPRESENTATION_CONTEXT(2) 
PARAMETRIC_REPRESENTATION_CONTEXT() REPRESENTATION_CONTEXT('2D SPACE',''
  ) );
#13840 = ORIENTED_EDGE('',*,*,#13841,.T.);
#13841 = EDGE_CURVE('',#13813,#13703,#13842,.T.);
#13842 = SEAM_CURVE('',#13843,(#13847,#13854),.PCURVE_S1.);
#13843 = LINE('',#13844,#13845);
#13844 = CARTESIAN_POINT('',(16.682816127056,0.,4.207928109893));
#13845 = VECTOR('',#13846,1.);
#13846 = DIRECTION('',(-0.991927895987,0.,0.126803190667));
#13847 = PCURVE('',#13719,#13848);
#13848 = DEFINITIONAL_REPRESENTATION('',(#13849),#13853);
#13849 = LINE('',#13850,#13851);
#13850 = CARTESIAN_POINT('',(-0.,-0.));
#13851 = VECTOR('',#13852,1.);
#13852 = DIRECTION('',(-0.,-1.));
#13853 = ( GEOMETRIC_REPRESENTATION_CONTEXT(2) 
PARAMETRIC_REPRESENTATION_CONTEXT() REPRESENTATION_CONTEXT('2D SPACE',''
  ) );
#13854 = PCURVE('',#13719,#13855);
#13855 = DEFINITIONAL_REPRESENTATION('',(#13856),#13860);
#13856 = LINE('',#13857,#13858);
#13857 = CARTESIAN_POINT('',(-6.28318530718,-0.));
#13858 = VECTOR('',#13859,1.);
#13859 = DIRECTION('',(-0.,-1.));
#13860 = ( GEOMETRIC_REPRESENTATION_CONTEXT(2) 
PARAMETRIC_REPRESENTATION_CONTEXT() REPRESENTATION_CONTEXT('2D SPACE',''
  ) );
#13861 = ORIENTED_EDGE('',*,*,#13702,.F.);
#13862 = ORIENTED_EDGE('',*,*,#13841,.F.);
#13863 = ADVANCED_FACE('',(#13864),#13796,.T.);
#13864 = FACE_BOUND('',#13865,.T.);
#13865 = EDGE_LOOP('',(#13866,#13867,#13890,#13917));
#13866 = ORIENTED_EDGE('',*,*,#13781,.T.);
#13867 = ORIENTED_EDGE('',*,*,#13868,.T.);
#13868 = EDGE_CURVE('',#13759,#13869,#13871,.T.);
#13869 = VERTEX_POINT('',#13870);
#13870 = CARTESIAN_POINT('',(17.75,0.,3.896928844256));
#13871 = SEAM_CURVE('',#13872,(#13876,#13883),.PCURVE_S1.);
#13872 = LINE('',#13873,#13874);
#13873 = CARTESIAN_POINT('',(17.944495815569,0.,3.80328264934));
#13874 = VECTOR('',#13875,1.);
#13875 = DIRECTION('',(-0.901001558412,0.,0.433815850032));
#13876 = PCURVE('',#13796,#13877);
#13877 = DEFINITIONAL_REPRESENTATION('',(#13878),#13882);
#13878 = LINE('',#13879,#13880);
#13879 = CARTESIAN_POINT('',(-0.,-0.));
#13880 = VECTOR('',#13881,1.);
#13881 = DIRECTION('',(-0.,-1.));
#13882 = ( GEOMETRIC_REPRESENTATION_CONTEXT(2) 
PARAMETRIC_REPRESENTATION_CONTEXT() REPRESENTATION_CONTEXT('2D SPACE',''
  ) );
#13883 = PCURVE('',#13796,#13884);
#13884 = DEFINITIONAL_REPRESENTATION('',(#13885),#13889);
#13885 = LINE('',#13886,#13887);
#13886 = CARTESIAN_POINT('',(-6.28318530718,-0.));
#13887 = VECTOR('',#13888,1.);
#13888 = DIRECTION('',(-0.,-1.));
#13889 = ( GEOMETRIC_REPRESENTATION_CONTEXT(2) 
PARAMETRIC_REPRESENTATION_CONTEXT() REPRESENTATION_CONTEXT('2D SPACE',''
  ) );
#13890 = ORIENTED_EDGE('',*,*,#13891,.F.);
#13891 = EDGE_CURVE('',#13869,#13869,#13892,.T.);
#13892 = SURFACE_CURVE('',#13893,(#13898,#13905),.PCURVE_S1.);
#13893 = CIRCLE('',#13894,17.75);
#13894 = AXIS2_PLACEMENT_3D('',#13895,#13896,#13897);
#13895 = CARTESIAN_POINT('',(0.,0.,3.896928844256));
#13896 = DIRECTION('',(0.,0.,1.));
#13897 = DIRECTION('',(1.,0.,-0.));
#13898 = PCURVE('',#13796,#13899);
#13899 = DEFINITIONAL_REPRESENTATION('',(#13900),#13904);
#13900 = LINE('',#13901,#13902);
#13901 = CARTESIAN_POINT('',(-0.,-9.364619491593E-02));
#13902 = VECTOR('',#13903,1.);
#13903 = DIRECTION('',(-1.,-0.));
#13904 = ( GEOMETRIC_REPRESENTATION_CONTEXT(2) 
PARAMETRIC_REPRESENTATION_CONTEXT() REPRESENTATION_CONTEXT('2D SPACE',''
  ) );
#13905 = PCURVE('',#13906,#13911);
#13906 = CONICAL_SURFACE('',#13907,17.75,1.178395364659);
#13907 = AXIS2_PLACEMENT_3D('',#13908,#13909,#13910);
#13908 = CARTESIAN_POINT('',(0.,0.,3.896928844256));
#13909 = DIRECTION('',(-0.,-0.,-1.));
#13910 = DIRECTION('',(1.,0.,-0.));
#13911 = DEFINITIONAL_REPRESENTATION('',(#13912),#13916);
#13912 = LINE('',#13913,#13914);
#13913 = CARTESIAN_POINT('',(-0.,-0.));
#13914 = VECTOR('',#13915,1.);
#13915 = DIRECTION('',(-1.,-0.));
#13916 = ( GEOMETRIC_REPRESENTATION_CONTEXT(2) 
PARAMETRIC_REPRESENTATION_CONTEXT() REPRESENTATION_CONTEXT('2D SPACE',''
  ) );
#13917 = ORIENTED_EDGE('',*,*,#13868,.F.);
#13918 = ADVANCED_FACE('',(#13919),#13829,.T.);
#13919 = FACE_BOUND('',#13920,.T.);
#13920 = EDGE_LOOP('',(#13921,#13950,#13971,#13972));
#13921 = ORIENTED_EDGE('',*,*,#13922,.T.);
#13922 = EDGE_CURVE('',#13923,#13923,#13925,.T.);
#13923 = VERTEX_POINT('',#13924);
#13924 = CARTESIAN_POINT('',(16.905866657859,0.,4.167658989243));
#13925 = SURFACE_CURVE('',#13926,(#13931,#13938),.PCURVE_S1.);
#13926 = CIRCLE('',#13927,16.905866657859);
#13927 = AXIS2_PLACEMENT_3D('',#13928,#13929,#13930);
#13928 = CARTESIAN_POINT('',(0.,0.,4.167658989243));
#13929 = DIRECTION('',(0.,0.,1.));
#13930 = DIRECTION('',(1.,0.,-0.));
#13931 = PCURVE('',#13829,#13932);
#13932 = DEFINITIONAL_REPRESENTATION('',(#13933),#13937);
#13933 = LINE('',#13934,#13935);
#13934 = CARTESIAN_POINT('',(-0.,-0.));
#13935 = VECTOR('',#13936,1.);
#13936 = DIRECTION('',(-1.,-0.));
#13937 = ( GEOMETRIC_REPRESENTATION_CONTEXT(2) 
PARAMETRIC_REPRESENTATION_CONTEXT() REPRESENTATION_CONTEXT('2D SPACE',''
  ) );
#13938 = PCURVE('',#13939,#13944);
#13939 = CONICAL_SURFACE('',#13940,17.125038128561,1.340100928998);
#13940 = AXIS2_PLACEMENT_3D('',#13941,#13942,#13943);
#13941 = CARTESIAN_POINT('',(0.,0.,4.116180650932));
#13942 = DIRECTION('',(-0.,-0.,-1.));
#13943 = DIRECTION('',(1.,0.,-0.));
#13944 = DEFINITIONAL_REPRESENTATION('',(#13945),#13949);
#13945 = LINE('',#13946,#13947);
#13946 = CARTESIAN_POINT('',(-0.,-5.147833831164E-02));
#13947 = VECTOR('',#13948,1.);
#13948 = DIRECTION('',(-1.,-0.));
#13949 = ( GEOMETRIC_REPRESENTATION_CONTEXT(2) 
PARAMETRIC_REPRESENTATION_CONTEXT() REPRESENTATION_CONTEXT('2D SPACE',''
  ) );
#13950 = ORIENTED_EDGE('',*,*,#13951,.T.);
#13951 = EDGE_CURVE('',#13923,#13813,#13952,.T.);
#13952 = SEAM_CURVE('',#13953,(#13957,#13964),.PCURVE_S1.);
#13953 = LINE('',#13954,#13955);
#13954 = CARTESIAN_POINT('',(16.905866657859,0.,4.167658989243));
#13955 = VECTOR('',#13956,1.);
#13956 = DIRECTION('',(-0.984090863351,0.,0.177665901819));
#13957 = PCURVE('',#13829,#13958);
#13958 = DEFINITIONAL_REPRESENTATION('',(#13959),#13963);
#13959 = LINE('',#13960,#13961);
#13960 = CARTESIAN_POINT('',(-0.,-0.));
#13961 = VECTOR('',#13962,1.);
#13962 = DIRECTION('',(-0.,-1.));
#13963 = ( GEOMETRIC_REPRESENTATION_CONTEXT(2) 
PARAMETRIC_REPRESENTATION_CONTEXT() REPRESENTATION_CONTEXT('2D SPACE',''
  ) );
#13964 = PCURVE('',#13829,#13965);
#13965 = DEFINITIONAL_REPRESENTATION('',(#13966),#13970);
#13966 = LINE('',#13967,#13968);
#13967 = CARTESIAN_POINT('',(-6.28318530718,-0.));
#13968 = VECTOR('',#13969,1.);
#13969 = DIRECTION('',(-0.,-1.));
#13970 = ( GEOMETRIC_REPRESENTATION_CONTEXT(2) 
PARAMETRIC_REPRESENTATION_CONTEXT() REPRESENTATION_CONTEXT('2D SPACE',''
  ) );
#13971 = ORIENTED_EDGE('',*,*,#13812,.F.);
#13972 = ORIENTED_EDGE('',*,*,#13951,.F.);
#13973 = ADVANCED_FACE('',(#13974),#13906,.T.);
#13974 = FACE_BOUND('',#13975,.T.);
#13975 = EDGE_LOOP('',(#13976,#13977,#14000,#14027));
#13976 = ORIENTED_EDGE('',*,*,#13891,.T.);
#13977 = ORIENTED_EDGE('',*,*,#13978,.T.);
#13978 = EDGE_CURVE('',#13869,#13979,#13981,.T.);
#13979 = VERTEX_POINT('',#13980);
#13980 = CARTESIAN_POINT('',(17.548010415767,0.,3.980525129554));
#13981 = SEAM_CURVE('',#13982,(#13986,#13993),.PCURVE_S1.);
#13982 = LINE('',#13983,#13984);
#13983 = CARTESIAN_POINT('',(17.75,0.,3.896928844256));
#13984 = VECTOR('',#13985,1.);
#13985 = DIRECTION('',(-0.923993576872,0.,0.382407988801));
#13986 = PCURVE('',#13906,#13987);
#13987 = DEFINITIONAL_REPRESENTATION('',(#13988),#13992);
#13988 = LINE('',#13989,#13990);
#13989 = CARTESIAN_POINT('',(-0.,-0.));
#13990 = VECTOR('',#13991,1.);
#13991 = DIRECTION('',(-0.,-1.));
#13992 = ( GEOMETRIC_REPRESENTATION_CONTEXT(2) 
PARAMETRIC_REPRESENTATION_CONTEXT() REPRESENTATION_CONTEXT('2D SPACE',''
  ) );
#13993 = PCURVE('',#13906,#13994);
#13994 = DEFINITIONAL_REPRESENTATION('',(#13995),#13999);
#13995 = LINE('',#13996,#13997);
#13996 = CARTESIAN_POINT('',(-6.28318530718,-0.));
#13997 = VECTOR('',#13998,1.);
#13998 = DIRECTION('',(-0.,-1.));
#13999 = ( GEOMETRIC_REPRESENTATION_CONTEXT(2) 
PARAMETRIC_REPRESENTATION_CONTEXT() REPRESENTATION_CONTEXT('2D SPACE',''
  ) );
#14000 = ORIENTED_EDGE('',*,*,#14001,.F.);
#14001 = EDGE_CURVE('',#13979,#13979,#14002,.T.);
#14002 = SURFACE_CURVE('',#14003,(#14008,#14015),.PCURVE_S1.);
#14003 = CIRCLE('',#14004,17.548010415767);
#14004 = AXIS2_PLACEMENT_3D('',#14005,#14006,#14007);
#14005 = CARTESIAN_POINT('',(0.,0.,3.980525129554));
#14006 = DIRECTION('',(0.,0.,1.));
#14007 = DIRECTION('',(1.,0.,-0.));
#14008 = PCURVE('',#13906,#14009);
#14009 = DEFINITIONAL_REPRESENTATION('',(#14010),#14014);
#14010 = LINE('',#14011,#14012);
#14011 = CARTESIAN_POINT('',(-0.,-8.359628529776E-02));
#14012 = VECTOR('',#14013,1.);
#14013 = DIRECTION('',(-1.,-0.));
#14014 = ( GEOMETRIC_REPRESENTATION_CONTEXT(2) 
PARAMETRIC_REPRESENTATION_CONTEXT() REPRESENTATION_CONTEXT('2D SPACE',''
  ) );
#14015 = PCURVE('',#14016,#14021);
#14016 = CONICAL_SURFACE('',#14017,17.548010415767,1.233387359515);
#14017 = AXIS2_PLACEMENT_3D('',#14018,#14019,#14020);
#14018 = CARTESIAN_POINT('',(0.,0.,3.980525129554));
#14019 = DIRECTION('',(-0.,-0.,-1.));
#14020 = DIRECTION('',(1.,0.,-0.));
#14021 = DEFINITIONAL_REPRESENTATION('',(#14022),#14026);
#14022 = LINE('',#14023,#14024);
#14023 = CARTESIAN_POINT('',(-0.,-0.));
#14024 = VECTOR('',#14025,1.);
#14025 = DIRECTION('',(-1.,-0.));
#14026 = ( GEOMETRIC_REPRESENTATION_CONTEXT(2) 
PARAMETRIC_REPRESENTATION_CONTEXT() REPRESENTATION_CONTEXT('2D SPACE',''
  ) );
#14027 = ORIENTED_EDGE('',*,*,#13978,.F.);
#14028 = ADVANCED_FACE('',(#14029),#13939,.T.);
#14029 = FACE_BOUND('',#14030,.T.);
#14030 = EDGE_LOOP('',(#14031,#14060,#14081,#14082));
#14031 = ORIENTED_EDGE('',*,*,#14032,.T.);
#14032 = EDGE_CURVE('',#14033,#14033,#14035,.T.);
#14033 = VERTEX_POINT('',#14034);
#14034 = CARTESIAN_POINT('',(17.125038128561,0.,4.116180650932));
#14035 = SURFACE_CURVE('',#14036,(#14041,#14048),.PCURVE_S1.);
#14036 = CIRCLE('',#14037,17.125038128561);
#14037 = AXIS2_PLACEMENT_3D('',#14038,#14039,#14040);
#14038 = CARTESIAN_POINT('',(0.,0.,4.116180650932));
#14039 = DIRECTION('',(0.,0.,1.));
#14040 = DIRECTION('',(1.,0.,-0.));
#14041 = PCURVE('',#13939,#14042);
#14042 = DEFINITIONAL_REPRESENTATION('',(#14043),#14047);
#14043 = LINE('',#14044,#14045);
#14044 = CARTESIAN_POINT('',(-0.,-0.));
#14045 = VECTOR('',#14046,1.);
#14046 = DIRECTION('',(-1.,-0.));
#14047 = ( GEOMETRIC_REPRESENTATION_CONTEXT(2) 
PARAMETRIC_REPRESENTATION_CONTEXT() REPRESENTATION_CONTEXT('2D SPACE',''
  ) );
#14048 = PCURVE('',#14049,#14054);
#14049 = CONICAL_SURFACE('',#14050,17.339392013278,1.287229093066);
#14050 = AXIS2_PLACEMENT_3D('',#14051,#14052,#14053);
#14051 = CARTESIAN_POINT('',(0.,0.,4.053713533106));
#14052 = DIRECTION('',(-0.,-0.,-1.));
#14053 = DIRECTION('',(1.,0.,-0.));
#14054 = DEFINITIONAL_REPRESENTATION('',(#14055),#14059);
#14055 = LINE('',#14056,#14057);
#14056 = CARTESIAN_POINT('',(-0.,-6.246711782615E-02));
#14057 = VECTOR('',#14058,1.);
#14058 = DIRECTION('',(-1.,-0.));
#14059 = ( GEOMETRIC_REPRESENTATION_CONTEXT(2) 
PARAMETRIC_REPRESENTATION_CONTEXT() REPRESENTATION_CONTEXT('2D SPACE',''
  ) );
#14060 = ORIENTED_EDGE('',*,*,#14061,.T.);
#14061 = EDGE_CURVE('',#14033,#13923,#14062,.T.);
#14062 = SEAM_CURVE('',#14063,(#14067,#14074),.PCURVE_S1.);
#14063 = LINE('',#14064,#14065);
#14064 = CARTESIAN_POINT('',(17.125038128561,0.,4.116180650932));
#14065 = VECTOR('',#14066,1.);
#14066 = DIRECTION('',(-0.973507624529,0.,0.228654553824));
#14067 = PCURVE('',#13939,#14068);
#14068 = DEFINITIONAL_REPRESENTATION('',(#14069),#14073);
#14069 = LINE('',#14070,#14071);
#14070 = CARTESIAN_POINT('',(-0.,-0.));
#14071 = VECTOR('',#14072,1.);
#14072 = DIRECTION('',(-0.,-1.));
#14073 = ( GEOMETRIC_REPRESENTATION_CONTEXT(2) 
PARAMETRIC_REPRESENTATION_CONTEXT() REPRESENTATION_CONTEXT('2D SPACE',''
  ) );
#14074 = PCURVE('',#13939,#14075);
#14075 = DEFINITIONAL_REPRESENTATION('',(#14076),#14080);
#14076 = LINE('',#14077,#14078);
#14077 = CARTESIAN_POINT('',(-6.28318530718,-0.));
#14078 = VECTOR('',#14079,1.);
#14079 = DIRECTION('',(-0.,-1.));
#14080 = ( GEOMETRIC_REPRESENTATION_CONTEXT(2) 
PARAMETRIC_REPRESENTATION_CONTEXT() REPRESENTATION_CONTEXT('2D SPACE',''
  ) );
#14081 = ORIENTED_EDGE('',*,*,#13922,.F.);
#14082 = ORIENTED_EDGE('',*,*,#14061,.F.);
#14083 = ADVANCED_FACE('',(#14084),#14016,.T.);
#14084 = FACE_BOUND('',#14085,.T.);
#14085 = EDGE_LOOP('',(#14086,#14087,#14110,#14132));
#14086 = ORIENTED_EDGE('',*,*,#14001,.T.);
#14087 = ORIENTED_EDGE('',*,*,#14088,.T.);
#14088 = EDGE_CURVE('',#13979,#14089,#14091,.T.);
#14089 = VERTEX_POINT('',#14090);
#14090 = CARTESIAN_POINT('',(17.339392013278,0.,4.053713533106));
#14091 = SEAM_CURVE('',#14092,(#14096,#14103),.PCURVE_S1.);
#14092 = LINE('',#14093,#14094);
#14093 = CARTESIAN_POINT('',(17.548010415767,0.,3.980525129554));
#14094 = VECTOR('',#14095,1.);
#14095 = DIRECTION('',(-0.943615575962,0.,0.331043267265));
#14096 = PCURVE('',#14016,#14097);
#14097 = DEFINITIONAL_REPRESENTATION('',(#14098),#14102);
#14098 = LINE('',#14099,#14100);
#14099 = CARTESIAN_POINT('',(-0.,-0.));
#14100 = VECTOR('',#14101,1.);
#14101 = DIRECTION('',(-0.,-1.));
#14102 = ( GEOMETRIC_REPRESENTATION_CONTEXT(2) 
PARAMETRIC_REPRESENTATION_CONTEXT() REPRESENTATION_CONTEXT('2D SPACE',''
  ) );
#14103 = PCURVE('',#14016,#14104);
#14104 = DEFINITIONAL_REPRESENTATION('',(#14105),#14109);
#14105 = LINE('',#14106,#14107);
#14106 = CARTESIAN_POINT('',(-6.28318530718,-0.));
#14107 = VECTOR('',#14108,1.);
#14108 = DIRECTION('',(-0.,-1.));
#14109 = ( GEOMETRIC_REPRESENTATION_CONTEXT(2) 
PARAMETRIC_REPRESENTATION_CONTEXT() REPRESENTATION_CONTEXT('2D SPACE',''
  ) );
#14110 = ORIENTED_EDGE('',*,*,#14111,.F.);
#14111 = EDGE_CURVE('',#14089,#14089,#14112,.T.);
#14112 = SURFACE_CURVE('',#14113,(#14118,#14125),.PCURVE_S1.);
#14113 = CIRCLE('',#14114,17.339392013278);
#14114 = AXIS2_PLACEMENT_3D('',#14115,#14116,#14117);
#14115 = CARTESIAN_POINT('',(0.,0.,4.053713533106));
#14116 = DIRECTION('',(0.,0.,1.));
#14117 = DIRECTION('',(1.,0.,-0.));
#14118 = PCURVE('',#14016,#14119);
#14119 = DEFINITIONAL_REPRESENTATION('',(#14120),#14124);
#14120 = LINE('',#14121,#14122);
#14121 = CARTESIAN_POINT('',(-0.,-7.3188403552E-02));
#14122 = VECTOR('',#14123,1.);
#14123 = DIRECTION('',(-1.,-0.));
#14124 = ( GEOMETRIC_REPRESENTATION_CONTEXT(2) 
PARAMETRIC_REPRESENTATION_CONTEXT() REPRESENTATION_CONTEXT('2D SPACE',''
  ) );
#14125 = PCURVE('',#14049,#14126);
#14126 = DEFINITIONAL_REPRESENTATION('',(#14127),#14131);
#14127 = LINE('',#14128,#14129);
#14128 = CARTESIAN_POINT('',(-0.,-0.));
#14129 = VECTOR('',#14130,1.);
#14130 = DIRECTION('',(-1.,-0.));
#14131 = ( GEOMETRIC_REPRESENTATION_CONTEXT(2) 
PARAMETRIC_REPRESENTATION_CONTEXT() REPRESENTATION_CONTEXT('2D SPACE',''
  ) );
#14132 = ORIENTED_EDGE('',*,*,#14088,.F.);
#14133 = ADVANCED_FACE('',(#14134),#14049,.T.);
#14134 = FACE_BOUND('',#14135,.T.);
#14135 = EDGE_LOOP('',(#14136,#14137,#14158,#14159));
#14136 = ORIENTED_EDGE('',*,*,#14111,.T.);
#14137 = ORIENTED_EDGE('',*,*,#14138,.T.);
#14138 = EDGE_CURVE('',#14089,#14033,#14139,.T.);
#14139 = SEAM_CURVE('',#14140,(#14144,#14151),.PCURVE_S1.);
#14140 = LINE('',#14141,#14142);
#14141 = CARTESIAN_POINT('',(17.339392013278,0.,4.053713533106));
#14142 = VECTOR('',#14143,1.);
#14143 = DIRECTION('',(-0.960063500427,0.,0.279782192336));
#14144 = PCURVE('',#14049,#14145);
#14145 = DEFINITIONAL_REPRESENTATION('',(#14146),#14150);
#14146 = LINE('',#14147,#14148);
#14147 = CARTESIAN_POINT('',(-0.,-0.));
#14148 = VECTOR('',#14149,1.);
#14149 = DIRECTION('',(-0.,-1.));
#14150 = ( GEOMETRIC_REPRESENTATION_CONTEXT(2) 
PARAMETRIC_REPRESENTATION_CONTEXT() REPRESENTATION_CONTEXT('2D SPACE',''
  ) );
#14151 = PCURVE('',#14049,#14152);
#14152 = DEFINITIONAL_REPRESENTATION('',(#14153),#14157);
#14153 = LINE('',#14154,#14155);
#14154 = CARTESIAN_POINT('',(-6.28318530718,-0.));
#14155 = VECTOR('',#14156,1.);
#14156 = DIRECTION('',(-0.,-1.));
#14157 = ( GEOMETRIC_REPRESENTATION_CONTEXT(2) 
PARAMETRIC_REPRESENTATION_CONTEXT() REPRESENTATION_CONTEXT('2D SPACE',''
  ) );
#14158 = ORIENTED_EDGE('',*,*,#14032,.F.);
#14159 = ORIENTED_EDGE('',*,*,#14138,.F.);
#14160 = ( GEOMETRIC_REPRESENTATION_CONTEXT(3) 
GLOBAL_UNCERTAINTY_ASSIGNED_CONTEXT((#14164)) 
GLOBAL_UNIT_ASSIGNED_CONTEXT((#14161,#14162,#14163)) 
REPRESENTATION_CONTEXT('Context #1',
  '3D Context with UNIT and UNCERTAINTY') );
#14161 = ( LENGTH_UNIT() NAMED_UNIT(*) SI_UNIT(.MILLI.,.METRE.) );
#14162 = ( NAMED_UNIT(*) PLANE_ANGLE_UNIT() SI_UNIT($,.RADIAN.) );
#14163 = ( NAMED_UNIT(*) SI_UNIT($,.STERADIAN.) SOLID_ANGLE_UNIT() );
#14164 = UNCERTAINTY_MEASURE_WITH_UNIT(LENGTH_MEASURE(5.E-05),#14161,
  'distance_accuracy_value','confusion accuracy');
#14165 = PRODUCT_RELATED_PRODUCT_CATEGORY('part',$,(#7));
ENDSEC;
END-ISO-10303-21;
