ISO-10303-21;
HEADER;
FILE_DESCRIPTION(('Open CASCADE Model'),'2;1');
FILE_NAME('Open CASCADE Shape Model','2026-10-07T22:37:28',('Author'),(
    'Open CASCADE'),'Open CASCADE STEP processor 7.9','Open CASCADE 7.9'
  ,'Unknown');
FILE_SCHEMA(('AUTOMOTIVE_DESIGN { 1 0 10303 214 1 1 1 1 }'));
ENDSEC;
DATA;
#1 = APPLICATION_PROTOCOL_DEFINITION('international standard',
  'automotive_design',2000,#2);
#2 = APPLICATION_CONTEXT(
  'core data for automotive mechanical design processes');
#3 = SHAPE_DEFINITION_REPRESENTATION(#4,#10);
#4 = PRODUCT_DEFINITION_SHAPE('','',#5);
#5 = PRODUCT_DEFINITION('design','',#6,#9);
#6 = PRODUCT_DEFINITION_FORMATION('','',#7);
#7 = PRODUCT('Open CASCADE STEP translator 7.9 1',
  'Open CASCADE STEP translator 7.9 1','',(#8));
#8 = PRODUCT_CONTEXT('',#2,'mechanical');
#9 = PRODUCT_DEFINITION_CONTEXT('part definition',#2,'design');
#10 = SHAPE_REPRESENTATION('',(#11,#15,#19,#23,#27,#31),#35);
#11 = AXIS2_PLACEMENT_3D('',#12,#13,#14);
#12 = CARTESIAN_POINT('',(0.,0.,0.));
#13 = DIRECTION('',(0.,0.,1.));
#14 = DIRECTION('',(1.,0.,-0.));
#15 = AXIS2_PLACEMENT_3D('',#16,#17,#18);
#16 = CARTESIAN_POINT('',(0.,0.,0.));
#17 = DIRECTION('',(0.,0.,1.));
#18 = DIRECTION('',(1.,0.,-0.));
#19 = AXIS2_PLACEMENT_3D('',#20,#21,#22);
#20 = CARTESIAN_POINT('',(0.,0.,0.));
#21 = DIRECTION('',(0.,0.,1.));
#22 = DIRECTION('',(1.,0.,-0.));
#23 = AXIS2_PLACEMENT_3D('',#24,#25,#26);
#24 = CARTESIAN_POINT('',(0.,0.,0.));
#25 = DIRECTION('',(0.,0.,1.));
#26 = DIRECTION('',(1.,0.,-0.));
#27 = AXIS2_PLACEMENT_3D('',#28,#29,#30);
#28 = CARTESIAN_POINT('',(0.,0.,0.));
#29 = DIRECTION('',(0.,0.,1.));
#30 = DIRECTION('',(1.,0.,-0.));
#31 = AXIS2_PLACEMENT_3D('',#32,#33,#34);
#32 = CARTESIAN_POINT('',(0.,0.,0.));
#33 = DIRECTION('',(0.,0.,1.));
#34 = DIRECTION('',(1.,0.,-0.));
#35 = ( GEOMETRIC_REPRESENTATION_CONTEXT(3) 
GLOBAL_UNCERTAINTY_ASSIGNED_CONTEXT((#39)) GLOBAL_UNIT_ASSIGNED_CONTEXT(
(#36,#37,#38)) REPRESENTATION_CONTEXT('Context #1',
  '3D Context with UNIT and UNCERTAINTY') );
#36 = ( LENGTH_UNIT() NAMED_UNIT(*) SI_UNIT(.MILLI.,.METRE.) );
#37 = ( NAMED_UNIT(*) PLANE_ANGLE_UNIT() SI_UNIT($,.RADIAN.) );
#38 = ( NAMED_UNIT(*) SI_UNIT($,.STERADIAN.) SOLID_ANGLE_UNIT() );
#39 = UNCERTAINTY_MEASURE_WITH_UNIT(LENGTH_MEASURE(1.E-03),#36,
  'distance_accuracy_value','confusion accuracy');
#40 = PRODUCT_RELATED_PRODUCT_CATEGORY('part',$,(#7));
#41 = SHAPE_DEFINITION_REPRESENTATION(#42,#48);
#42 = PRODUCT_DEFINITION_SHAPE('','',#43);
#43 = PRODUCT_DEFINITION('design','',#44,#47);
#44 = PRODUCT_DEFINITION_FORMATION('','',#45);
#45 = PRODUCT('Open CASCADE STEP translator 7.9 1.1',
  'Open CASCADE STEP translator 7.9 1.1','',(#46));
#46 = PRODUCT_CONTEXT('',#2,'mechanical');
#47 = PRODUCT_DEFINITION_CONTEXT('part definition',#2,'design');
#48 = ADVANCED_BREP_SHAPE_REPRESENTATION('',(#11,#49),#3587);
#49 = MANIFOLD_SOLID_BREP('',#50);
#50 = CLOSED_SHELL('',(#51,#170,#361,#442,#520,#595,#680,#729,#776,#885,
    #932,#1014,#1039,#1347,#1374,#1426,#1694,#1769,#1844,#1871,#1897,
    #2008,#2035,#2062,#2111,#2160,#2214,#2268,#2322,#2354,#2407,#2433,
    #2459,#2506,#2553,#2600,#2647,#2694,#2720,#2775,#2802,#2829,#2864,
    #3034,#3061,#3088,#3115,#3122,#3149,#3184,#3239,#3294,#3349,#3404,
    #3459,#3514,#3544,#3548,#3552,#3556,#3560));
#51 = ADVANCED_FACE('',(#52),#66,.F.);
#52 = FACE_BOUND('',#53,.F.);
#53 = EDGE_LOOP('',(#54,#89,#116,#144));
#54 = ORIENTED_EDGE('',*,*,#55,.T.);
#55 = EDGE_CURVE('',#56,#58,#60,.T.);
#56 = VERTEX_POINT('',#57);
#57 = CARTESIAN_POINT('',(18.835553612637,5.046971379499,-6.3));
#58 = VERTEX_POINT('',#59);
#59 = CARTESIAN_POINT('',(18.835553612637,5.046971379499,3.01));
#60 = SURFACE_CURVE('',#61,(#65,#77),.PCURVE_S1.);
#61 = LINE('',#62,#63);
#62 = CARTESIAN_POINT('',(18.835553612637,5.046971379499,-6.55));
#63 = VECTOR('',#64,1.);
#64 = DIRECTION('',(0.,0.,1.));
#65 = PCURVE('',#66,#71);
#66 = PLANE('',#67);
#67 = AXIS2_PLACEMENT_3D('',#68,#69,#70);
#68 = CARTESIAN_POINT('',(18.835553612637,5.046971379499,-6.55));
#69 = DIRECTION('',(-0.866025403784,-0.5,0.));
#70 = DIRECTION('',(-0.5,0.866025403784,0.));
#71 = DEFINITIONAL_REPRESENTATION('',(#72),#76);
#72 = LINE('',#73,#74);
#73 = CARTESIAN_POINT('',(0.,0.));
#74 = VECTOR('',#75,1.);
#75 = DIRECTION('',(0.,-1.));
#76 = ( GEOMETRIC_REPRESENTATION_CONTEXT(2) 
PARAMETRIC_REPRESENTATION_CONTEXT() REPRESENTATION_CONTEXT('2D SPACE',''
  ) );
#77 = PCURVE('',#78,#83);
#78 = PLANE('',#79);
#79 = AXIS2_PLACEMENT_3D('',#80,#81,#82);
#80 = CARTESIAN_POINT('',(18.835553612637,-5.046971379499,-6.55));
#81 = DIRECTION('',(-1.,0.,0.));
#82 = DIRECTION('',(0.,1.,0.));
#83 = DEFINITIONAL_REPRESENTATION('',(#84),#88);
#84 = LINE('',#85,#86);
#85 = CARTESIAN_POINT('',(10.093942758998,0.));
#86 = VECTOR('',#87,1.);
#87 = DIRECTION('',(0.,-1.));
#88 = ( GEOMETRIC_REPRESENTATION_CONTEXT(2) 
PARAMETRIC_REPRESENTATION_CONTEXT() REPRESENTATION_CONTEXT('2D SPACE',''
  ) );
#89 = ORIENTED_EDGE('',*,*,#90,.T.);
#90 = EDGE_CURVE('',#58,#91,#93,.T.);
#91 = VERTEX_POINT('',#92);
#92 = CARTESIAN_POINT('',(13.788582233138,13.788582233138,3.01));
#93 = SURFACE_CURVE('',#94,(#98,#105),.PCURVE_S1.);
#94 = LINE('',#95,#96);
#95 = CARTESIAN_POINT('',(18.835553612637,5.046971379499,3.01));
#96 = VECTOR('',#97,1.);
#97 = DIRECTION('',(-0.5,0.866025403784,0.));
#98 = PCURVE('',#66,#99);
#99 = DEFINITIONAL_REPRESENTATION('',(#100),#104);
#100 = LINE('',#101,#102);
#101 = CARTESIAN_POINT('',(0.,-9.56));
#102 = VECTOR('',#103,1.);
#103 = DIRECTION('',(1.,0.));
#104 = ( GEOMETRIC_REPRESENTATION_CONTEXT(2) 
PARAMETRIC_REPRESENTATION_CONTEXT() REPRESENTATION_CONTEXT('2D SPACE',''
  ) );
#105 = PCURVE('',#106,#111);
#106 = B_SPLINE_SURFACE_WITH_KNOTS('',1,1,(
    (#107,#108)
    ,(#109,#110
    )),.UNSPECIFIED.,.F.,.F.,.F.,(2,2),(2,2),(0.,10.093942758998),(0.,1.
    ),.PIECEWISE_BEZIER_KNOTS.);
#107 = CARTESIAN_POINT('',(18.835553612637,5.046971379499,3.01));
#108 = CARTESIAN_POINT('',(16.55,4.434559134735,4.26));
#109 = CARTESIAN_POINT('',(13.788582233138,13.788582233138,3.01));
#110 = CARTESIAN_POINT('',(12.115440865265,12.115440865265,4.26));
#111 = DEFINITIONAL_REPRESENTATION('',(#112),#115);
#112 = B_SPLINE_CURVE_WITH_KNOTS('',1,(#113,#114),.UNSPECIFIED.,.F.,.F.,
  (2,2),(0.,10.093942758998),.PIECEWISE_BEZIER_KNOTS.);
#113 = CARTESIAN_POINT('',(0.,0.));
#114 = CARTESIAN_POINT('',(10.093942758998,0.));
#115 = ( GEOMETRIC_REPRESENTATION_CONTEXT(2) 
PARAMETRIC_REPRESENTATION_CONTEXT() REPRESENTATION_CONTEXT('2D SPACE',''
  ) );
#116 = ORIENTED_EDGE('',*,*,#117,.F.);
#117 = EDGE_CURVE('',#118,#91,#120,.T.);
#118 = VERTEX_POINT('',#119);
#119 = CARTESIAN_POINT('',(13.788582233138,13.788582233138,-6.3));
#120 = SURFACE_CURVE('',#121,(#125,#132),.PCURVE_S1.);
#121 = LINE('',#122,#123);
#122 = CARTESIAN_POINT('',(13.788582233138,13.788582233138,-6.55));
#123 = VECTOR('',#124,1.);
#124 = DIRECTION('',(0.,0.,1.));
#125 = PCURVE('',#66,#126);
#126 = DEFINITIONAL_REPRESENTATION('',(#127),#131);
#127 = LINE('',#128,#129);
#128 = CARTESIAN_POINT('',(10.093942758998,0.));
#129 = VECTOR('',#130,1.);
#130 = DIRECTION('',(0.,-1.));
#131 = ( GEOMETRIC_REPRESENTATION_CONTEXT(2) 
PARAMETRIC_REPRESENTATION_CONTEXT() REPRESENTATION_CONTEXT('2D SPACE',''
  ) );
#132 = PCURVE('',#133,#138);
#133 = PLANE('',#134);
#134 = AXIS2_PLACEMENT_3D('',#135,#136,#137);
#135 = CARTESIAN_POINT('',(13.788582233138,13.788582233138,-6.55));
#136 = DIRECTION('',(-0.5,-0.866025403784,0.));
#137 = DIRECTION('',(-0.866025403784,0.5,0.));
#138 = DEFINITIONAL_REPRESENTATION('',(#139),#143);
#139 = LINE('',#140,#141);
#140 = CARTESIAN_POINT('',(0.,0.));
#141 = VECTOR('',#142,1.);
#142 = DIRECTION('',(0.,-1.));
#143 = ( GEOMETRIC_REPRESENTATION_CONTEXT(2) 
PARAMETRIC_REPRESENTATION_CONTEXT() REPRESENTATION_CONTEXT('2D SPACE',''
  ) );
#144 = ORIENTED_EDGE('',*,*,#145,.F.);
#145 = EDGE_CURVE('',#56,#118,#146,.T.);
#146 = SURFACE_CURVE('',#147,(#151,#158),.PCURVE_S1.);
#147 = LINE('',#148,#149);
#148 = CARTESIAN_POINT('',(18.835553612637,5.046971379499,-6.3));
#149 = VECTOR('',#150,1.);
#150 = DIRECTION('',(-0.5,0.866025403784,0.));
#151 = PCURVE('',#66,#152);
#152 = DEFINITIONAL_REPRESENTATION('',(#153),#157);
#153 = LINE('',#154,#155);
#154 = CARTESIAN_POINT('',(0.,-0.25));
#155 = VECTOR('',#156,1.);
#156 = DIRECTION('',(1.,0.));
#157 = ( GEOMETRIC_REPRESENTATION_CONTEXT(2) 
PARAMETRIC_REPRESENTATION_CONTEXT() REPRESENTATION_CONTEXT('2D SPACE',''
  ) );
#158 = PCURVE('',#159,#164);
#159 = PLANE('',#160);
#160 = AXIS2_PLACEMENT_3D('',#161,#162,#163);
#161 = CARTESIAN_POINT('',(18.727300437164,4.984471379499,-6.425));
#162 = DIRECTION('',(0.612372435696,0.353553390593,-0.707106781187));
#163 = DIRECTION('',(0.5,-0.866025403784,-1.387778780781E-16));
#164 = DEFINITIONAL_REPRESENTATION('',(#165),#169);
#165 = LINE('',#166,#167);
#166 = CARTESIAN_POINT('',(8.881784197001E-16,-0.176776695297));
#167 = VECTOR('',#168,1.);
#168 = DIRECTION('',(-1.,0.));
#169 = ( GEOMETRIC_REPRESENTATION_CONTEXT(2) 
PARAMETRIC_REPRESENTATION_CONTEXT() REPRESENTATION_CONTEXT('2D SPACE',''
  ) );
#170 = ADVANCED_FACE('',(#171,#255),#78,.F.);
#171 = FACE_BOUND('',#172,.F.);
#172 = EDGE_LOOP('',(#173,#203,#228,#229));
#173 = ORIENTED_EDGE('',*,*,#174,.T.);
#174 = EDGE_CURVE('',#175,#177,#179,.T.);
#175 = VERTEX_POINT('',#176);
#176 = CARTESIAN_POINT('',(18.835553612637,-5.046971379499,-6.3));
#177 = VERTEX_POINT('',#178);
#178 = CARTESIAN_POINT('',(18.835553612637,-5.046971379499,3.01));
#179 = SURFACE_CURVE('',#180,(#184,#191),.PCURVE_S1.);
#180 = LINE('',#181,#182);
#181 = CARTESIAN_POINT('',(18.835553612637,-5.046971379499,-6.55));
#182 = VECTOR('',#183,1.);
#183 = DIRECTION('',(0.,0.,1.));
#184 = PCURVE('',#78,#185);
#185 = DEFINITIONAL_REPRESENTATION('',(#186),#190);
#186 = LINE('',#187,#188);
#187 = CARTESIAN_POINT('',(0.,0.));
#188 = VECTOR('',#189,1.);
#189 = DIRECTION('',(0.,-1.));
#190 = ( GEOMETRIC_REPRESENTATION_CONTEXT(2) 
PARAMETRIC_REPRESENTATION_CONTEXT() REPRESENTATION_CONTEXT('2D SPACE',''
  ) );
#191 = PCURVE('',#192,#197);
#192 = PLANE('',#193);
#193 = AXIS2_PLACEMENT_3D('',#194,#195,#196);
#194 = CARTESIAN_POINT('',(13.788582233138,-13.78858223313,-6.55));
#195 = DIRECTION('',(-0.866025403784,0.5,0.));
#196 = DIRECTION('',(0.5,0.866025403784,0.));
#197 = DEFINITIONAL_REPRESENTATION('',(#198),#202);
#198 = LINE('',#199,#200);
#199 = CARTESIAN_POINT('',(10.093942758998,0.));
#200 = VECTOR('',#201,1.);
#201 = DIRECTION('',(0.,-1.));
#202 = ( GEOMETRIC_REPRESENTATION_CONTEXT(2) 
PARAMETRIC_REPRESENTATION_CONTEXT() REPRESENTATION_CONTEXT('2D SPACE',''
  ) );
#203 = ORIENTED_EDGE('',*,*,#204,.T.);
#204 = EDGE_CURVE('',#177,#58,#205,.T.);
#205 = SURFACE_CURVE('',#206,(#210,#217),.PCURVE_S1.);
#206 = LINE('',#207,#208);
#207 = CARTESIAN_POINT('',(18.835553612637,-5.046971379499,3.01));
#208 = VECTOR('',#209,1.);
#209 = DIRECTION('',(0.,1.,0.));
#210 = PCURVE('',#78,#211);
#211 = DEFINITIONAL_REPRESENTATION('',(#212),#216);
#212 = LINE('',#213,#214);
#213 = CARTESIAN_POINT('',(0.,-9.56));
#214 = VECTOR('',#215,1.);
#215 = DIRECTION('',(1.,0.));
#216 = ( GEOMETRIC_REPRESENTATION_CONTEXT(2) 
PARAMETRIC_REPRESENTATION_CONTEXT() REPRESENTATION_CONTEXT('2D SPACE',''
  ) );
#217 = PCURVE('',#218,#223);
#218 = B_SPLINE_SURFACE_WITH_KNOTS('',1,1,(
    (#219,#220)
    ,(#221,#222
    )),.UNSPECIFIED.,.F.,.F.,.F.,(2,2),(2,2),(0.,10.093942758998),(0.,1.
    ),.PIECEWISE_BEZIER_KNOTS.);
#219 = CARTESIAN_POINT('',(18.835553612637,-5.046971379499,3.01));
#220 = CARTESIAN_POINT('',(16.55,-4.434559134735,4.26));
#221 = CARTESIAN_POINT('',(18.835553612637,5.046971379499,3.01));
#222 = CARTESIAN_POINT('',(16.55,4.434559134735,4.26));
#223 = DEFINITIONAL_REPRESENTATION('',(#224),#227);
#224 = B_SPLINE_CURVE_WITH_KNOTS('',1,(#225,#226),.UNSPECIFIED.,.F.,.F.,
  (2,2),(0.,10.093942758998),.PIECEWISE_BEZIER_KNOTS.);
#225 = CARTESIAN_POINT('',(0.,0.));
#226 = CARTESIAN_POINT('',(10.093942758998,0.));
#227 = ( GEOMETRIC_REPRESENTATION_CONTEXT(2) 
PARAMETRIC_REPRESENTATION_CONTEXT() REPRESENTATION_CONTEXT('2D SPACE',''
  ) );
#228 = ORIENTED_EDGE('',*,*,#55,.F.);
#229 = ORIENTED_EDGE('',*,*,#230,.F.);
#230 = EDGE_CURVE('',#175,#56,#231,.T.);
#231 = SURFACE_CURVE('',#232,(#236,#243),.PCURVE_S1.);
#232 = LINE('',#233,#234);
#233 = CARTESIAN_POINT('',(18.835553612637,-5.046971379499,-6.3));
#234 = VECTOR('',#235,1.);
#235 = DIRECTION('',(0.,1.,0.));
#236 = PCURVE('',#78,#237);
#237 = DEFINITIONAL_REPRESENTATION('',(#238),#242);
#238 = LINE('',#239,#240);
#239 = CARTESIAN_POINT('',(0.,-0.25));
#240 = VECTOR('',#241,1.);
#241 = DIRECTION('',(1.,0.));
#242 = ( GEOMETRIC_REPRESENTATION_CONTEXT(2) 
PARAMETRIC_REPRESENTATION_CONTEXT() REPRESENTATION_CONTEXT('2D SPACE',''
  ) );
#243 = PCURVE('',#244,#249);
#244 = PLANE('',#245);
#245 = AXIS2_PLACEMENT_3D('',#246,#247,#248);
#246 = CARTESIAN_POINT('',(18.710553612637,-5.046971379499,-6.425));
#247 = DIRECTION('',(0.707106781187,0.,-0.707106781187));
#248 = DIRECTION('',(-0.,-1.,-0.));
#249 = DEFINITIONAL_REPRESENTATION('',(#250),#254);
#250 = LINE('',#251,#252);
#251 = CARTESIAN_POINT('',(-0.,-0.176776695297));
#252 = VECTOR('',#253,1.);
#253 = DIRECTION('',(-1.,0.));
#254 = ( GEOMETRIC_REPRESENTATION_CONTEXT(2) 
PARAMETRIC_REPRESENTATION_CONTEXT() REPRESENTATION_CONTEXT('2D SPACE',''
  ) );
#255 = FACE_BOUND('',#256,.F.);
#256 = EDGE_LOOP('',(#257,#285,#311,#337));
#257 = ORIENTED_EDGE('',*,*,#258,.F.);
#258 = EDGE_CURVE('',#259,#261,#263,.T.);
#259 = VERTEX_POINT('',#260);
#260 = CARTESIAN_POINT('',(18.835553612637,-1.7,-0.82));
#261 = VERTEX_POINT('',#262);
#262 = CARTESIAN_POINT('',(18.835553612637,1.7,-0.82));
#263 = SURFACE_CURVE('',#264,(#268,#274),.PCURVE_S1.);
#264 = LINE('',#265,#266);
#265 = CARTESIAN_POINT('',(18.835553612637,-3.37348568975,-0.82));
#266 = VECTOR('',#267,1.);
#267 = DIRECTION('',(0.,1.,-0.));
#268 = PCURVE('',#78,#269);
#269 = DEFINITIONAL_REPRESENTATION('',(#270),#273);
#270 = B_SPLINE_CURVE_WITH_KNOTS('',1,(#271,#272),.UNSPECIFIED.,.F.,.F.,
  (2,2),(1.67348568975,5.07348568975),.PIECEWISE_BEZIER_KNOTS.);
#271 = CARTESIAN_POINT('',(3.346971379499,-5.73));
#272 = CARTESIAN_POINT('',(6.746971379499,-5.73));
#273 = ( GEOMETRIC_REPRESENTATION_CONTEXT(2) 
PARAMETRIC_REPRESENTATION_CONTEXT() REPRESENTATION_CONTEXT('2D SPACE',''
  ) );
#274 = PCURVE('',#275,#280);
#275 = PLANE('',#276);
#276 = AXIS2_PLACEMENT_3D('',#277,#278,#279);
#277 = CARTESIAN_POINT('',(12.85,-1.7,-0.82));
#278 = DIRECTION('',(0.,0.,1.));
#279 = DIRECTION('',(1.,0.,0.));
#280 = DEFINITIONAL_REPRESENTATION('',(#281),#284);
#281 = B_SPLINE_CURVE_WITH_KNOTS('',1,(#282,#283),.UNSPECIFIED.,.F.,.F.,
  (2,2),(1.67348568975,5.07348568975),.PIECEWISE_BEZIER_KNOTS.);
#282 = CARTESIAN_POINT('',(5.985553612637,0.));
#283 = CARTESIAN_POINT('',(5.985553612637,3.4));
#284 = ( GEOMETRIC_REPRESENTATION_CONTEXT(2) 
PARAMETRIC_REPRESENTATION_CONTEXT() REPRESENTATION_CONTEXT('2D SPACE',''
  ) );
#285 = ORIENTED_EDGE('',*,*,#286,.T.);
#286 = EDGE_CURVE('',#259,#287,#289,.T.);
#287 = VERTEX_POINT('',#288);
#288 = CARTESIAN_POINT('',(18.835553612637,-1.7,-3.82));
#289 = SURFACE_CURVE('',#290,(#294,#300),.PCURVE_S1.);
#290 = LINE('',#291,#292);
#291 = CARTESIAN_POINT('',(18.835553612637,-1.7,-5.185));
#292 = VECTOR('',#293,1.);
#293 = DIRECTION('',(0.,0.,-1.));
#294 = PCURVE('',#78,#295);
#295 = DEFINITIONAL_REPRESENTATION('',(#296),#299);
#296 = B_SPLINE_CURVE_WITH_KNOTS('',1,(#297,#298),.UNSPECIFIED.,.F.,.F.,
  (2,2),(-4.365,-1.365),.PIECEWISE_BEZIER_KNOTS.);
#297 = CARTESIAN_POINT('',(3.346971379499,-5.73));
#298 = CARTESIAN_POINT('',(3.346971379499,-2.73));
#299 = ( GEOMETRIC_REPRESENTATION_CONTEXT(2) 
PARAMETRIC_REPRESENTATION_CONTEXT() REPRESENTATION_CONTEXT('2D SPACE',''
  ) );
#300 = PCURVE('',#301,#306);
#301 = PLANE('',#302);
#302 = AXIS2_PLACEMENT_3D('',#303,#304,#305);
#303 = CARTESIAN_POINT('',(12.85,-1.7,-3.82));
#304 = DIRECTION('',(0.,1.,0.));
#305 = DIRECTION('',(0.,0.,1.));
#306 = DEFINITIONAL_REPRESENTATION('',(#307),#310);
#307 = B_SPLINE_CURVE_WITH_KNOTS('',1,(#308,#309),.UNSPECIFIED.,.F.,.F.,
  (2,2),(-4.365,-1.365),.PIECEWISE_BEZIER_KNOTS.);
#308 = CARTESIAN_POINT('',(3.,5.985553612637));
#309 = CARTESIAN_POINT('',(0.,5.985553612637));
#310 = ( GEOMETRIC_REPRESENTATION_CONTEXT(2) 
PARAMETRIC_REPRESENTATION_CONTEXT() REPRESENTATION_CONTEXT('2D SPACE',''
  ) );
#311 = ORIENTED_EDGE('',*,*,#312,.T.);
#312 = EDGE_CURVE('',#287,#313,#315,.T.);
#313 = VERTEX_POINT('',#314);
#314 = CARTESIAN_POINT('',(18.835553612637,1.7,-3.82));
#315 = SURFACE_CURVE('',#316,(#320,#326),.PCURVE_S1.);
#316 = LINE('',#317,#318);
#317 = CARTESIAN_POINT('',(18.835553612637,-3.37348568975,-3.82));
#318 = VECTOR('',#319,1.);
#319 = DIRECTION('',(0.,1.,-0.));
#320 = PCURVE('',#78,#321);
#321 = DEFINITIONAL_REPRESENTATION('',(#322),#325);
#322 = B_SPLINE_CURVE_WITH_KNOTS('',1,(#323,#324),.UNSPECIFIED.,.F.,.F.,
  (2,2),(1.67348568975,5.07348568975),.PIECEWISE_BEZIER_KNOTS.);
#323 = CARTESIAN_POINT('',(3.346971379499,-2.73));
#324 = CARTESIAN_POINT('',(6.746971379499,-2.73));
#325 = ( GEOMETRIC_REPRESENTATION_CONTEXT(2) 
PARAMETRIC_REPRESENTATION_CONTEXT() REPRESENTATION_CONTEXT('2D SPACE',''
  ) );
#326 = PCURVE('',#327,#332);
#327 = PLANE('',#328);
#328 = AXIS2_PLACEMENT_3D('',#329,#330,#331);
#329 = CARTESIAN_POINT('',(12.85,-1.7,-3.82));
#330 = DIRECTION('',(0.,0.,1.));
#331 = DIRECTION('',(1.,0.,0.));
#332 = DEFINITIONAL_REPRESENTATION('',(#333),#336);
#333 = B_SPLINE_CURVE_WITH_KNOTS('',1,(#334,#335),.UNSPECIFIED.,.F.,.F.,
  (2,2),(1.67348568975,5.07348568975),.PIECEWISE_BEZIER_KNOTS.);
#334 = CARTESIAN_POINT('',(5.985553612637,0.));
#335 = CARTESIAN_POINT('',(5.985553612637,3.4));
#336 = ( GEOMETRIC_REPRESENTATION_CONTEXT(2) 
PARAMETRIC_REPRESENTATION_CONTEXT() REPRESENTATION_CONTEXT('2D SPACE',''
  ) );
#337 = ORIENTED_EDGE('',*,*,#338,.F.);
#338 = EDGE_CURVE('',#261,#313,#339,.T.);
#339 = SURFACE_CURVE('',#340,(#344,#350),.PCURVE_S1.);
#340 = LINE('',#341,#342);
#341 = CARTESIAN_POINT('',(18.835553612637,1.7,-5.185));
#342 = VECTOR('',#343,1.);
#343 = DIRECTION('',(0.,0.,-1.));
#344 = PCURVE('',#78,#345);
#345 = DEFINITIONAL_REPRESENTATION('',(#346),#349);
#346 = B_SPLINE_CURVE_WITH_KNOTS('',1,(#347,#348),.UNSPECIFIED.,.F.,.F.,
  (2,2),(-4.365,-1.365),.PIECEWISE_BEZIER_KNOTS.);
#347 = CARTESIAN_POINT('',(6.746971379499,-5.73));
#348 = CARTESIAN_POINT('',(6.746971379499,-2.73));
#349 = ( GEOMETRIC_REPRESENTATION_CONTEXT(2) 
PARAMETRIC_REPRESENTATION_CONTEXT() REPRESENTATION_CONTEXT('2D SPACE',''
  ) );
#350 = PCURVE('',#351,#356);
#351 = PLANE('',#352);
#352 = AXIS2_PLACEMENT_3D('',#353,#354,#355);
#353 = CARTESIAN_POINT('',(12.85,1.7,-3.82));
#354 = DIRECTION('',(0.,1.,0.));
#355 = DIRECTION('',(0.,0.,1.));
#356 = DEFINITIONAL_REPRESENTATION('',(#357),#360);
#357 = B_SPLINE_CURVE_WITH_KNOTS('',1,(#358,#359),.UNSPECIFIED.,.F.,.F.,
  (2,2),(-4.365,-1.365),.PIECEWISE_BEZIER_KNOTS.);
#358 = CARTESIAN_POINT('',(3.,5.985553612637));
#359 = CARTESIAN_POINT('',(0.,5.985553612637));
#360 = ( GEOMETRIC_REPRESENTATION_CONTEXT(2) 
PARAMETRIC_REPRESENTATION_CONTEXT() REPRESENTATION_CONTEXT('2D SPACE',''
  ) );
#361 = ADVANCED_FACE('',(#362),#159,.T.);
#362 = FACE_BOUND('',#363,.F.);
#363 = EDGE_LOOP('',(#364,#387,#388,#416));
#364 = ORIENTED_EDGE('',*,*,#365,.F.);
#365 = EDGE_CURVE('',#56,#366,#368,.T.);
#366 = VERTEX_POINT('',#367);
#367 = CARTESIAN_POINT('',(18.585553612637,4.979984081391,-6.55));
#368 = SURFACE_CURVE('',#369,(#373,#380),.PCURVE_S1.);
#369 = LINE('',#370,#371);
#370 = CARTESIAN_POINT('',(18.062151545033,4.83973892006,-7.073402067604
    ));
#371 = VECTOR('',#372,1.);
#372 = DIRECTION('',(-0.694746590607,-0.186156787897,-0.694746590607));
#373 = PCURVE('',#159,#374);
#374 = DEFINITIONAL_REPRESENTATION('',(#375),#379);
#375 = LINE('',#376,#377);
#376 = CARTESIAN_POINT('',(-0.207232459439,0.916978997876));
#377 = VECTOR('',#378,1.);
#378 = DIRECTION('',(-0.186156787897,0.982520050849));
#379 = ( GEOMETRIC_REPRESENTATION_CONTEXT(2) 
PARAMETRIC_REPRESENTATION_CONTEXT() REPRESENTATION_CONTEXT('2D SPACE',''
  ) );
#380 = PCURVE('',#244,#381);
#381 = DEFINITIONAL_REPRESENTATION('',(#382),#386);
#382 = LINE('',#383,#384);
#383 = CARTESIAN_POINT('',(-9.886710299559,0.916978997876));
#384 = VECTOR('',#385,1.);
#385 = DIRECTION('',(0.186156787897,0.982520050849));
#386 = ( GEOMETRIC_REPRESENTATION_CONTEXT(2) 
PARAMETRIC_REPRESENTATION_CONTEXT() REPRESENTATION_CONTEXT('2D SPACE',''
  ) );
#387 = ORIENTED_EDGE('',*,*,#145,.T.);
#388 = ORIENTED_EDGE('',*,*,#389,.T.);
#389 = EDGE_CURVE('',#118,#390,#392,.T.);
#390 = VERTEX_POINT('',#391);
#391 = CARTESIAN_POINT('',(13.605569531245,13.605569531245,-6.55));
#392 = SURFACE_CURVE('',#393,(#397,#404),.PCURVE_S1.);
#393 = LINE('',#394,#395);
#394 = CARTESIAN_POINT('',(13.222412624973,13.222412624973,
    -7.073402067604));
#395 = VECTOR('',#396,1.);
#396 = DIRECTION('',(-0.508589802709,-0.508589802709,-0.694746590607));
#397 = PCURVE('',#159,#398);
#398 = DEFINITIONAL_REPRESENTATION('',(#399),#403);
#399 = LINE('',#400,#401);
#400 = CARTESIAN_POINT('',(-9.886710299559,0.916978997876));
#401 = VECTOR('',#402,1.);
#402 = DIRECTION('',(0.186156787897,0.982520050849));
#403 = ( GEOMETRIC_REPRESENTATION_CONTEXT(2) 
PARAMETRIC_REPRESENTATION_CONTEXT() REPRESENTATION_CONTEXT('2D SPACE',''
  ) );
#404 = PCURVE('',#405,#410);
#405 = PLANE('',#406);
#406 = AXIS2_PLACEMENT_3D('',#407,#408,#409);
#407 = CARTESIAN_POINT('',(13.726082233138,13.680329057665,-6.425));
#408 = DIRECTION('',(0.353553390593,0.612372435696,-0.707106781187));
#409 = DIRECTION('',(0.866025403784,-0.5,8.326672684689E-17));
#410 = DEFINITIONAL_REPRESENTATION('',(#411),#415);
#411 = LINE('',#412,#413);
#412 = CARTESIAN_POINT('',(-0.207232459439,0.916978997876));
#413 = VECTOR('',#414,1.);
#414 = DIRECTION('',(-0.186156787897,0.982520050849));
#415 = ( GEOMETRIC_REPRESENTATION_CONTEXT(2) 
PARAMETRIC_REPRESENTATION_CONTEXT() REPRESENTATION_CONTEXT('2D SPACE',''
  ) );
#416 = ORIENTED_EDGE('',*,*,#417,.F.);
#417 = EDGE_CURVE('',#366,#390,#418,.T.);
#418 = SURFACE_CURVE('',#419,(#423,#430),.PCURVE_S1.);
#419 = LINE('',#420,#421);
#420 = CARTESIAN_POINT('',(18.619047261691,4.921971379499,-6.55));
#421 = VECTOR('',#422,1.);
#422 = DIRECTION('',(-0.5,0.866025403784,0.));
#423 = PCURVE('',#159,#424);
#424 = DEFINITIONAL_REPRESENTATION('',(#425),#429);
#425 = LINE('',#426,#427);
#426 = CARTESIAN_POINT('',(1.7763568394E-15,0.176776695297));
#427 = VECTOR('',#428,1.);
#428 = DIRECTION('',(-1.,0.));
#429 = ( GEOMETRIC_REPRESENTATION_CONTEXT(2) 
PARAMETRIC_REPRESENTATION_CONTEXT() REPRESENTATION_CONTEXT('2D SPACE',''
  ) );
#430 = PCURVE('',#431,#436);
#431 = PLANE('',#432);
#432 = AXIS2_PLACEMENT_3D('',#433,#434,#435);
#433 = CARTESIAN_POINT('',(-7.039298247721E-16,1.75982456193E-16,-6.55)
  );
#434 = DIRECTION('',(0.,0.,1.));
#435 = DIRECTION('',(1.,0.,-0.));
#436 = DEFINITIONAL_REPRESENTATION('',(#437),#441);
#437 = LINE('',#438,#439);
#438 = CARTESIAN_POINT('',(18.619047261691,4.921971379499));
#439 = VECTOR('',#440,1.);
#440 = DIRECTION('',(-0.5,0.866025403784));
#441 = ( GEOMETRIC_REPRESENTATION_CONTEXT(2) 
PARAMETRIC_REPRESENTATION_CONTEXT() REPRESENTATION_CONTEXT('2D SPACE',''
  ) );
#442 = ADVANCED_FACE('',(#443),#106,.T.);
#443 = FACE_BOUND('',#444,.T.);
#444 = EDGE_LOOP('',(#445,#446,#473,#500));
#445 = ORIENTED_EDGE('',*,*,#90,.T.);
#446 = ORIENTED_EDGE('',*,*,#447,.T.);
#447 = EDGE_CURVE('',#91,#448,#450,.T.);
#448 = VERTEX_POINT('',#449);
#449 = CARTESIAN_POINT('',(12.115440865265,12.115440865265,4.26));
#450 = SURFACE_CURVE('',#451,(#454,#461),.PCURVE_S1.);
#451 = B_SPLINE_CURVE_WITH_KNOTS('',1,(#452,#453),.UNSPECIFIED.,.F.,.F.,
  (2,2),(0.,1.),.PIECEWISE_BEZIER_KNOTS.);
#452 = CARTESIAN_POINT('',(13.788582233138,13.788582233138,3.01));
#453 = CARTESIAN_POINT('',(12.115440865265,12.115440865265,4.26));
#454 = PCURVE('',#106,#455);
#455 = DEFINITIONAL_REPRESENTATION('',(#456),#460);
#456 = LINE('',#457,#458);
#457 = CARTESIAN_POINT('',(10.093942758998,0.));
#458 = VECTOR('',#459,1.);
#459 = DIRECTION('',(0.,1.));
#460 = ( GEOMETRIC_REPRESENTATION_CONTEXT(2) 
PARAMETRIC_REPRESENTATION_CONTEXT() REPRESENTATION_CONTEXT('2D SPACE',''
  ) );
#461 = PCURVE('',#462,#467);
#462 = B_SPLINE_SURFACE_WITH_KNOTS('',1,1,(
    (#463,#464)
    ,(#465,#466
    )),.UNSPECIFIED.,.F.,.F.,.F.,(2,2),(2,2),(0.,10.093942758998),(0.,1.
    ),.PIECEWISE_BEZIER_KNOTS.);
#463 = CARTESIAN_POINT('',(13.788582233138,13.788582233138,3.01));
#464 = CARTESIAN_POINT('',(12.115440865265,12.115440865265,4.26));
#465 = CARTESIAN_POINT('',(5.046971379499,18.835553612637,3.01));
#466 = CARTESIAN_POINT('',(4.434559134735,16.55,4.26));
#467 = DEFINITIONAL_REPRESENTATION('',(#468),#472);
#468 = LINE('',#469,#470);
#469 = CARTESIAN_POINT('',(0.,0.));
#470 = VECTOR('',#471,1.);
#471 = DIRECTION('',(0.,1.));
#472 = ( GEOMETRIC_REPRESENTATION_CONTEXT(2) 
PARAMETRIC_REPRESENTATION_CONTEXT() REPRESENTATION_CONTEXT('2D SPACE',''
  ) );
#473 = ORIENTED_EDGE('',*,*,#474,.F.);
#474 = EDGE_CURVE('',#475,#448,#477,.T.);
#475 = VERTEX_POINT('',#476);
#476 = CARTESIAN_POINT('',(16.55,4.434559134735,4.26));
#477 = SURFACE_CURVE('',#478,(#482,#488),.PCURVE_S1.);
#478 = LINE('',#479,#480);
#479 = CARTESIAN_POINT('',(16.55,4.434559134735,4.26));
#480 = VECTOR('',#481,1.);
#481 = DIRECTION('',(-0.5,0.866025403784,0.));
#482 = PCURVE('',#106,#483);
#483 = DEFINITIONAL_REPRESENTATION('',(#484),#487);
#484 = B_SPLINE_CURVE_WITH_KNOTS('',1,(#485,#486),.UNSPECIFIED.,.F.,.F.,
  (2,2),(0.,8.86911826947),.PIECEWISE_BEZIER_KNOTS.);
#485 = CARTESIAN_POINT('',(0.,1.));
#486 = CARTESIAN_POINT('',(10.093942758998,1.));
#487 = ( GEOMETRIC_REPRESENTATION_CONTEXT(2) 
PARAMETRIC_REPRESENTATION_CONTEXT() REPRESENTATION_CONTEXT('2D SPACE',''
  ) );
#488 = PCURVE('',#489,#494);
#489 = PLANE('',#490);
#490 = AXIS2_PLACEMENT_3D('',#491,#492,#493);
#491 = CARTESIAN_POINT('',(16.55,4.434559134735,4.26));
#492 = DIRECTION('',(-0.,0.,-1.));
#493 = DIRECTION('',(-0.965925826289,-0.258819045103,0.));
#494 = DEFINITIONAL_REPRESENTATION('',(#495),#499);
#495 = LINE('',#496,#497);
#496 = CARTESIAN_POINT('',(0.,0.));
#497 = VECTOR('',#498,1.);
#498 = DIRECTION('',(0.258819045103,0.965925826289));
#499 = ( GEOMETRIC_REPRESENTATION_CONTEXT(2) 
PARAMETRIC_REPRESENTATION_CONTEXT() REPRESENTATION_CONTEXT('2D SPACE',''
  ) );
#500 = ORIENTED_EDGE('',*,*,#501,.F.);
#501 = EDGE_CURVE('',#58,#475,#502,.T.);
#502 = SURFACE_CURVE('',#503,(#506,#513),.PCURVE_S1.);
#503 = B_SPLINE_CURVE_WITH_KNOTS('',1,(#504,#505),.UNSPECIFIED.,.F.,.F.,
  (2,2),(0.,1.),.PIECEWISE_BEZIER_KNOTS.);
#504 = CARTESIAN_POINT('',(18.835553612637,5.046971379499,3.01));
#505 = CARTESIAN_POINT('',(16.55,4.434559134735,4.26));
#506 = PCURVE('',#106,#507);
#507 = DEFINITIONAL_REPRESENTATION('',(#508),#512);
#508 = LINE('',#509,#510);
#509 = CARTESIAN_POINT('',(0.,0.));
#510 = VECTOR('',#511,1.);
#511 = DIRECTION('',(0.,1.));
#512 = ( GEOMETRIC_REPRESENTATION_CONTEXT(2) 
PARAMETRIC_REPRESENTATION_CONTEXT() REPRESENTATION_CONTEXT('2D SPACE',''
  ) );
#513 = PCURVE('',#218,#514);
#514 = DEFINITIONAL_REPRESENTATION('',(#515),#519);
#515 = LINE('',#516,#517);
#516 = CARTESIAN_POINT('',(10.093942758998,0.));
#517 = VECTOR('',#518,1.);
#518 = DIRECTION('',(0.,1.));
#519 = ( GEOMETRIC_REPRESENTATION_CONTEXT(2) 
PARAMETRIC_REPRESENTATION_CONTEXT() REPRESENTATION_CONTEXT('2D SPACE',''
  ) );
#520 = ADVANCED_FACE('',(#521),#133,.F.);
#521 = FACE_BOUND('',#522,.F.);
#522 = EDGE_LOOP('',(#523,#524,#546,#574));
#523 = ORIENTED_EDGE('',*,*,#117,.T.);
#524 = ORIENTED_EDGE('',*,*,#525,.T.);
#525 = EDGE_CURVE('',#91,#526,#528,.T.);
#526 = VERTEX_POINT('',#527);
#527 = CARTESIAN_POINT('',(5.046971379499,18.835553612637,3.01));
#528 = SURFACE_CURVE('',#529,(#533,#540),.PCURVE_S1.);
#529 = LINE('',#530,#531);
#530 = CARTESIAN_POINT('',(13.788582233138,13.788582233138,3.01));
#531 = VECTOR('',#532,1.);
#532 = DIRECTION('',(-0.866025403784,0.5,0.));
#533 = PCURVE('',#133,#534);
#534 = DEFINITIONAL_REPRESENTATION('',(#535),#539);
#535 = LINE('',#536,#537);
#536 = CARTESIAN_POINT('',(0.,-9.56));
#537 = VECTOR('',#538,1.);
#538 = DIRECTION('',(1.,0.));
#539 = ( GEOMETRIC_REPRESENTATION_CONTEXT(2) 
PARAMETRIC_REPRESENTATION_CONTEXT() REPRESENTATION_CONTEXT('2D SPACE',''
  ) );
#540 = PCURVE('',#462,#541);
#541 = DEFINITIONAL_REPRESENTATION('',(#542),#545);
#542 = B_SPLINE_CURVE_WITH_KNOTS('',1,(#543,#544),.UNSPECIFIED.,.F.,.F.,
  (2,2),(0.,10.093942758998),.PIECEWISE_BEZIER_KNOTS.);
#543 = CARTESIAN_POINT('',(0.,0.));
#544 = CARTESIAN_POINT('',(10.093942758998,0.));
#545 = ( GEOMETRIC_REPRESENTATION_CONTEXT(2) 
PARAMETRIC_REPRESENTATION_CONTEXT() REPRESENTATION_CONTEXT('2D SPACE',''
  ) );
#546 = ORIENTED_EDGE('',*,*,#547,.F.);
#547 = EDGE_CURVE('',#548,#526,#550,.T.);
#548 = VERTEX_POINT('',#549);
#549 = CARTESIAN_POINT('',(5.046971379499,18.835553612637,-6.3));
#550 = SURFACE_CURVE('',#551,(#555,#562),.PCURVE_S1.);
#551 = LINE('',#552,#553);
#552 = CARTESIAN_POINT('',(5.046971379499,18.835553612637,-6.55));
#553 = VECTOR('',#554,1.);
#554 = DIRECTION('',(0.,0.,1.));
#555 = PCURVE('',#133,#556);
#556 = DEFINITIONAL_REPRESENTATION('',(#557),#561);
#557 = LINE('',#558,#559);
#558 = CARTESIAN_POINT('',(10.093942758998,0.));
#559 = VECTOR('',#560,1.);
#560 = DIRECTION('',(0.,-1.));
#561 = ( GEOMETRIC_REPRESENTATION_CONTEXT(2) 
PARAMETRIC_REPRESENTATION_CONTEXT() REPRESENTATION_CONTEXT('2D SPACE',''
  ) );
#562 = PCURVE('',#563,#568);
#563 = PLANE('',#564);
#564 = AXIS2_PLACEMENT_3D('',#565,#566,#567);
#565 = CARTESIAN_POINT('',(5.046971379499,18.835553612637,-6.55));
#566 = DIRECTION('',(0.,-1.,0.));
#567 = DIRECTION('',(-1.,0.,0.));
#568 = DEFINITIONAL_REPRESENTATION('',(#569),#573);
#569 = LINE('',#570,#571);
#570 = CARTESIAN_POINT('',(0.,-0.));
#571 = VECTOR('',#572,1.);
#572 = DIRECTION('',(0.,-1.));
#573 = ( GEOMETRIC_REPRESENTATION_CONTEXT(2) 
PARAMETRIC_REPRESENTATION_CONTEXT() REPRESENTATION_CONTEXT('2D SPACE',''
  ) );
#574 = ORIENTED_EDGE('',*,*,#575,.F.);
#575 = EDGE_CURVE('',#118,#548,#576,.T.);
#576 = SURFACE_CURVE('',#577,(#581,#588),.PCURVE_S1.);
#577 = LINE('',#578,#579);
#578 = CARTESIAN_POINT('',(13.788582233138,13.788582233138,-6.3));
#579 = VECTOR('',#580,1.);
#580 = DIRECTION('',(-0.866025403784,0.5,0.));
#581 = PCURVE('',#133,#582);
#582 = DEFINITIONAL_REPRESENTATION('',(#583),#587);
#583 = LINE('',#584,#585);
#584 = CARTESIAN_POINT('',(8.881784197001E-16,-0.25));
#585 = VECTOR('',#586,1.);
#586 = DIRECTION('',(1.,0.));
#587 = ( GEOMETRIC_REPRESENTATION_CONTEXT(2) 
PARAMETRIC_REPRESENTATION_CONTEXT() REPRESENTATION_CONTEXT('2D SPACE',''
  ) );
#588 = PCURVE('',#405,#589);
#589 = DEFINITIONAL_REPRESENTATION('',(#590),#594);
#590 = LINE('',#591,#592);
#591 = CARTESIAN_POINT('',(-0.,-0.176776695297));
#592 = VECTOR('',#593,1.);
#593 = DIRECTION('',(-1.,0.));
#594 = ( GEOMETRIC_REPRESENTATION_CONTEXT(2) 
PARAMETRIC_REPRESENTATION_CONTEXT() REPRESENTATION_CONTEXT('2D SPACE',''
  ) );
#595 = ADVANCED_FACE('',(#596),#192,.F.);
#596 = FACE_BOUND('',#597,.F.);
#597 = EDGE_LOOP('',(#598,#628,#653,#654));
#598 = ORIENTED_EDGE('',*,*,#599,.T.);
#599 = EDGE_CURVE('',#600,#602,#604,.T.);
#600 = VERTEX_POINT('',#601);
#601 = CARTESIAN_POINT('',(13.788582233138,-13.78858223313,-6.3));
#602 = VERTEX_POINT('',#603);
#603 = CARTESIAN_POINT('',(13.788582233138,-13.78858223313,3.01));
#604 = SURFACE_CURVE('',#605,(#609,#616),.PCURVE_S1.);
#605 = LINE('',#606,#607);
#606 = CARTESIAN_POINT('',(13.788582233138,-13.78858223313,-6.55));
#607 = VECTOR('',#608,1.);
#608 = DIRECTION('',(0.,0.,1.));
#609 = PCURVE('',#192,#610);
#610 = DEFINITIONAL_REPRESENTATION('',(#611),#615);
#611 = LINE('',#612,#613);
#612 = CARTESIAN_POINT('',(0.,0.));
#613 = VECTOR('',#614,1.);
#614 = DIRECTION('',(0.,-1.));
#615 = ( GEOMETRIC_REPRESENTATION_CONTEXT(2) 
PARAMETRIC_REPRESENTATION_CONTEXT() REPRESENTATION_CONTEXT('2D SPACE',''
  ) );
#616 = PCURVE('',#617,#622);
#617 = PLANE('',#618);
#618 = AXIS2_PLACEMENT_3D('',#619,#620,#621);
#619 = CARTESIAN_POINT('',(5.046971379499,-18.83555361263,-6.55));
#620 = DIRECTION('',(-0.5,0.866025403784,0.));
#621 = DIRECTION('',(0.866025403784,0.5,0.));
#622 = DEFINITIONAL_REPRESENTATION('',(#623),#627);
#623 = LINE('',#624,#625);
#624 = CARTESIAN_POINT('',(10.093942758998,0.));
#625 = VECTOR('',#626,1.);
#626 = DIRECTION('',(0.,-1.));
#627 = ( GEOMETRIC_REPRESENTATION_CONTEXT(2) 
PARAMETRIC_REPRESENTATION_CONTEXT() REPRESENTATION_CONTEXT('2D SPACE',''
  ) );
#628 = ORIENTED_EDGE('',*,*,#629,.T.);
#629 = EDGE_CURVE('',#602,#177,#630,.T.);
#630 = SURFACE_CURVE('',#631,(#635,#642),.PCURVE_S1.);
#631 = LINE('',#632,#633);
#632 = CARTESIAN_POINT('',(13.788582233138,-13.78858223313,3.01));
#633 = VECTOR('',#634,1.);
#634 = DIRECTION('',(0.5,0.866025403784,0.));
#635 = PCURVE('',#192,#636);
#636 = DEFINITIONAL_REPRESENTATION('',(#637),#641);
#637 = LINE('',#638,#639);
#638 = CARTESIAN_POINT('',(0.,-9.56));
#639 = VECTOR('',#640,1.);
#640 = DIRECTION('',(1.,0.));
#641 = ( GEOMETRIC_REPRESENTATION_CONTEXT(2) 
PARAMETRIC_REPRESENTATION_CONTEXT() REPRESENTATION_CONTEXT('2D SPACE',''
  ) );
#642 = PCURVE('',#643,#648);
#643 = B_SPLINE_SURFACE_WITH_KNOTS('',1,1,(
    (#644,#645)
    ,(#646,#647
    )),.UNSPECIFIED.,.F.,.F.,.F.,(2,2),(2,2),(0.,10.093942758998),(0.,1.
    ),.PIECEWISE_BEZIER_KNOTS.);
#644 = CARTESIAN_POINT('',(13.788582233138,-13.78858223313,3.01));
#645 = CARTESIAN_POINT('',(12.115440865265,-12.11544086526,4.26));
#646 = CARTESIAN_POINT('',(18.835553612637,-5.046971379499,3.01));
#647 = CARTESIAN_POINT('',(16.55,-4.434559134735,4.26));
#648 = DEFINITIONAL_REPRESENTATION('',(#649),#652);
#649 = B_SPLINE_CURVE_WITH_KNOTS('',1,(#650,#651),.UNSPECIFIED.,.F.,.F.,
  (2,2),(0.,10.093942758998),.PIECEWISE_BEZIER_KNOTS.);
#650 = CARTESIAN_POINT('',(0.,0.));
#651 = CARTESIAN_POINT('',(10.093942758998,0.));
#652 = ( GEOMETRIC_REPRESENTATION_CONTEXT(2) 
PARAMETRIC_REPRESENTATION_CONTEXT() REPRESENTATION_CONTEXT('2D SPACE',''
  ) );
#653 = ORIENTED_EDGE('',*,*,#174,.F.);
#654 = ORIENTED_EDGE('',*,*,#655,.F.);
#655 = EDGE_CURVE('',#600,#175,#656,.T.);
#656 = SURFACE_CURVE('',#657,(#661,#668),.PCURVE_S1.);
#657 = LINE('',#658,#659);
#658 = CARTESIAN_POINT('',(13.788582233138,-13.78858223313,-6.3));
#659 = VECTOR('',#660,1.);
#660 = DIRECTION('',(0.5,0.866025403784,0.));
#661 = PCURVE('',#192,#662);
#662 = DEFINITIONAL_REPRESENTATION('',(#663),#667);
#663 = LINE('',#664,#665);
#664 = CARTESIAN_POINT('',(0.,-0.25));
#665 = VECTOR('',#666,1.);
#666 = DIRECTION('',(1.,0.));
#667 = ( GEOMETRIC_REPRESENTATION_CONTEXT(2) 
PARAMETRIC_REPRESENTATION_CONTEXT() REPRESENTATION_CONTEXT('2D SPACE',''
  ) );
#668 = PCURVE('',#669,#674);
#669 = PLANE('',#670);
#670 = AXIS2_PLACEMENT_3D('',#671,#672,#673);
#671 = CARTESIAN_POINT('',(13.680329057665,-13.72608223313,-6.425));
#672 = DIRECTION('',(0.612372435696,-0.353553390593,-0.707106781187));
#673 = DIRECTION('',(0.5,0.866025403784,-2.775557561563E-17));
#674 = DEFINITIONAL_REPRESENTATION('',(#675),#679);
#675 = LINE('',#676,#677);
#676 = CARTESIAN_POINT('',(-8.881784197001E-16,0.176776695297));
#677 = VECTOR('',#678,1.);
#678 = DIRECTION('',(1.,0.));
#679 = ( GEOMETRIC_REPRESENTATION_CONTEXT(2) 
PARAMETRIC_REPRESENTATION_CONTEXT() REPRESENTATION_CONTEXT('2D SPACE',''
  ) );
#680 = ADVANCED_FACE('',(#681),#244,.T.);
#681 = FACE_BOUND('',#682,.F.);
#682 = EDGE_LOOP('',(#683,#706,#707,#708));
#683 = ORIENTED_EDGE('',*,*,#684,.F.);
#684 = EDGE_CURVE('',#175,#685,#687,.T.);
#685 = VERTEX_POINT('',#686);
#686 = CARTESIAN_POINT('',(18.585553612637,-4.979984081391,-6.55));
#687 = SURFACE_CURVE('',#688,(#692,#699),.PCURVE_S1.);
#688 = LINE('',#689,#690);
#689 = CARTESIAN_POINT('',(18.062151545033,-4.83973892006,
    -7.073402067604));
#690 = VECTOR('',#691,1.);
#691 = DIRECTION('',(-0.694746590607,0.186156787897,-0.694746590607));
#692 = PCURVE('',#244,#693);
#693 = DEFINITIONAL_REPRESENTATION('',(#694),#698);
#694 = LINE('',#695,#696);
#695 = CARTESIAN_POINT('',(-0.207232459439,0.916978997876));
#696 = VECTOR('',#697,1.);
#697 = DIRECTION('',(-0.186156787897,0.982520050849));
#698 = ( GEOMETRIC_REPRESENTATION_CONTEXT(2) 
PARAMETRIC_REPRESENTATION_CONTEXT() REPRESENTATION_CONTEXT('2D SPACE',''
  ) );
#699 = PCURVE('',#669,#700);
#700 = DEFINITIONAL_REPRESENTATION('',(#701),#705);
#701 = LINE('',#702,#703);
#702 = CARTESIAN_POINT('',(9.886710299559,-0.916978997876));
#703 = VECTOR('',#704,1.);
#704 = DIRECTION('',(-0.186156787897,-0.982520050849));
#705 = ( GEOMETRIC_REPRESENTATION_CONTEXT(2) 
PARAMETRIC_REPRESENTATION_CONTEXT() REPRESENTATION_CONTEXT('2D SPACE',''
  ) );
#706 = ORIENTED_EDGE('',*,*,#230,.T.);
#707 = ORIENTED_EDGE('',*,*,#365,.T.);
#708 = ORIENTED_EDGE('',*,*,#709,.F.);
#709 = EDGE_CURVE('',#685,#366,#710,.T.);
#710 = SURFACE_CURVE('',#711,(#715,#722),.PCURVE_S1.);
#711 = LINE('',#712,#713);
#712 = CARTESIAN_POINT('',(18.585553612637,-5.046971379499,-6.55));
#713 = VECTOR('',#714,1.);
#714 = DIRECTION('',(0.,1.,0.));
#715 = PCURVE('',#244,#716);
#716 = DEFINITIONAL_REPRESENTATION('',(#717),#721);
#717 = LINE('',#718,#719);
#718 = CARTESIAN_POINT('',(-0.,0.176776695297));
#719 = VECTOR('',#720,1.);
#720 = DIRECTION('',(-1.,0.));
#721 = ( GEOMETRIC_REPRESENTATION_CONTEXT(2) 
PARAMETRIC_REPRESENTATION_CONTEXT() REPRESENTATION_CONTEXT('2D SPACE',''
  ) );
#722 = PCURVE('',#431,#723);
#723 = DEFINITIONAL_REPRESENTATION('',(#724),#728);
#724 = LINE('',#725,#726);
#725 = CARTESIAN_POINT('',(18.585553612637,-5.046971379499));
#726 = VECTOR('',#727,1.);
#727 = DIRECTION('',(0.,1.));
#728 = ( GEOMETRIC_REPRESENTATION_CONTEXT(2) 
PARAMETRIC_REPRESENTATION_CONTEXT() REPRESENTATION_CONTEXT('2D SPACE',''
  ) );
#729 = ADVANCED_FACE('',(#730),#218,.T.);
#730 = FACE_BOUND('',#731,.T.);
#731 = EDGE_LOOP('',(#732,#733,#734,#756));
#732 = ORIENTED_EDGE('',*,*,#204,.T.);
#733 = ORIENTED_EDGE('',*,*,#501,.T.);
#734 = ORIENTED_EDGE('',*,*,#735,.F.);
#735 = EDGE_CURVE('',#736,#475,#738,.T.);
#736 = VERTEX_POINT('',#737);
#737 = CARTESIAN_POINT('',(16.55,-4.434559134735,4.26));
#738 = SURFACE_CURVE('',#739,(#743,#749),.PCURVE_S1.);
#739 = LINE('',#740,#741);
#740 = CARTESIAN_POINT('',(16.55,-4.434559134735,4.26));
#741 = VECTOR('',#742,1.);
#742 = DIRECTION('',(0.,1.,0.));
#743 = PCURVE('',#218,#744);
#744 = DEFINITIONAL_REPRESENTATION('',(#745),#748);
#745 = B_SPLINE_CURVE_WITH_KNOTS('',1,(#746,#747),.UNSPECIFIED.,.F.,.F.,
  (2,2),(0.,8.86911826947),.PIECEWISE_BEZIER_KNOTS.);
#746 = CARTESIAN_POINT('',(0.,1.));
#747 = CARTESIAN_POINT('',(10.093942758998,1.));
#748 = ( GEOMETRIC_REPRESENTATION_CONTEXT(2) 
PARAMETRIC_REPRESENTATION_CONTEXT() REPRESENTATION_CONTEXT('2D SPACE',''
  ) );
#749 = PCURVE('',#489,#750);
#750 = DEFINITIONAL_REPRESENTATION('',(#751),#755);
#751 = LINE('',#752,#753);
#752 = CARTESIAN_POINT('',(2.295496721406,-8.566910392893));
#753 = VECTOR('',#754,1.);
#754 = DIRECTION('',(-0.258819045103,0.965925826289));
#755 = ( GEOMETRIC_REPRESENTATION_CONTEXT(2) 
PARAMETRIC_REPRESENTATION_CONTEXT() REPRESENTATION_CONTEXT('2D SPACE',''
  ) );
#756 = ORIENTED_EDGE('',*,*,#757,.F.);
#757 = EDGE_CURVE('',#177,#736,#758,.T.);
#758 = SURFACE_CURVE('',#759,(#762,#769),.PCURVE_S1.);
#759 = B_SPLINE_CURVE_WITH_KNOTS('',1,(#760,#761),.UNSPECIFIED.,.F.,.F.,
  (2,2),(0.,1.),.PIECEWISE_BEZIER_KNOTS.);
#760 = CARTESIAN_POINT('',(18.835553612637,-5.046971379499,3.01));
#761 = CARTESIAN_POINT('',(16.55,-4.434559134735,4.26));
#762 = PCURVE('',#218,#763);
#763 = DEFINITIONAL_REPRESENTATION('',(#764),#768);
#764 = LINE('',#765,#766);
#765 = CARTESIAN_POINT('',(0.,0.));
#766 = VECTOR('',#767,1.);
#767 = DIRECTION('',(0.,1.));
#768 = ( GEOMETRIC_REPRESENTATION_CONTEXT(2) 
PARAMETRIC_REPRESENTATION_CONTEXT() REPRESENTATION_CONTEXT('2D SPACE',''
  ) );
#769 = PCURVE('',#643,#770);
#770 = DEFINITIONAL_REPRESENTATION('',(#771),#775);
#771 = LINE('',#772,#773);
#772 = CARTESIAN_POINT('',(10.093942758998,0.));
#773 = VECTOR('',#774,1.);
#774 = DIRECTION('',(0.,1.));
#775 = ( GEOMETRIC_REPRESENTATION_CONTEXT(2) 
PARAMETRIC_REPRESENTATION_CONTEXT() REPRESENTATION_CONTEXT('2D SPACE',''
  ) );
#776 = ADVANCED_FACE('',(#777),#275,.F.);
#777 = FACE_BOUND('',#778,.F.);
#778 = EDGE_LOOP('',(#779,#802,#835,#863,#884));
#779 = ORIENTED_EDGE('',*,*,#780,.F.);
#780 = EDGE_CURVE('',#781,#261,#783,.T.);
#781 = VERTEX_POINT('',#782);
#782 = CARTESIAN_POINT('',(14.601369798755,1.7,-0.82));
#783 = SURFACE_CURVE('',#784,(#788,#795),.PCURVE_S1.);
#784 = LINE('',#785,#786);
#785 = CARTESIAN_POINT('',(12.85,1.7,-0.82));
#786 = VECTOR('',#787,1.);
#787 = DIRECTION('',(1.,0.,0.));
#788 = PCURVE('',#275,#789);
#789 = DEFINITIONAL_REPRESENTATION('',(#790),#794);
#790 = LINE('',#791,#792);
#791 = CARTESIAN_POINT('',(0.,3.4));
#792 = VECTOR('',#793,1.);
#793 = DIRECTION('',(1.,0.));
#794 = ( GEOMETRIC_REPRESENTATION_CONTEXT(2) 
PARAMETRIC_REPRESENTATION_CONTEXT() REPRESENTATION_CONTEXT('2D SPACE',''
  ) );
#795 = PCURVE('',#351,#796);
#796 = DEFINITIONAL_REPRESENTATION('',(#797),#801);
#797 = LINE('',#798,#799);
#798 = CARTESIAN_POINT('',(3.,0.));
#799 = VECTOR('',#800,1.);
#800 = DIRECTION('',(0.,1.));
#801 = ( GEOMETRIC_REPRESENTATION_CONTEXT(2) 
PARAMETRIC_REPRESENTATION_CONTEXT() REPRESENTATION_CONTEXT('2D SPACE',''
  ) );
#802 = ORIENTED_EDGE('',*,*,#803,.T.);
#803 = EDGE_CURVE('',#781,#804,#806,.T.);
#804 = VERTEX_POINT('',#805);
#805 = CARTESIAN_POINT('',(14.7,0.,-0.82));
#806 = SURFACE_CURVE('',#807,(#812,#823),.PCURVE_S1.);
#807 = CIRCLE('',#808,14.7);
#808 = AXIS2_PLACEMENT_3D('',#809,#810,#811);
#809 = CARTESIAN_POINT('',(0.,0.,-0.82));
#810 = DIRECTION('',(0.,0.,-1.));
#811 = DIRECTION('',(1.,0.,0.));
#812 = PCURVE('',#275,#813);
#813 = DEFINITIONAL_REPRESENTATION('',(#814),#822);
#814 = ( BOUNDED_CURVE() B_SPLINE_CURVE(2,(#815,#816,#817,#818,#819,#820
,#821),.UNSPECIFIED.,.T.,.F.) B_SPLINE_CURVE_WITH_KNOTS((1,2,2,2,2,1),(
    -2.094395102393,0.,2.094395102393,4.188790204786,6.28318530718,
8.377580409573),.UNSPECIFIED.) CURVE() GEOMETRIC_REPRESENTATION_ITEM() 
RATIONAL_B_SPLINE_CURVE((1.,0.5,1.,0.5,1.,0.5,1.)) REPRESENTATION_ITEM(
  '') );
#815 = CARTESIAN_POINT('',(1.85,1.7));
#816 = CARTESIAN_POINT('',(1.85,-23.76114687126));
#817 = CARTESIAN_POINT('',(-20.2,-11.03057343563));
#818 = CARTESIAN_POINT('',(-42.25,1.7));
#819 = CARTESIAN_POINT('',(-20.2,14.430573435631));
#820 = CARTESIAN_POINT('',(1.85,27.161146871263));
#821 = CARTESIAN_POINT('',(1.85,1.7));
#822 = ( GEOMETRIC_REPRESENTATION_CONTEXT(2) 
PARAMETRIC_REPRESENTATION_CONTEXT() REPRESENTATION_CONTEXT('2D SPACE',''
  ) );
#823 = PCURVE('',#824,#829);
#824 = CYLINDRICAL_SURFACE('',#825,14.7);
#825 = AXIS2_PLACEMENT_3D('',#826,#827,#828);
#826 = CARTESIAN_POINT('',(0.,0.,-0.45));
#827 = DIRECTION('',(-0.,-0.,-1.));
#828 = DIRECTION('',(1.,0.,0.));
#829 = DEFINITIONAL_REPRESENTATION('',(#830),#834);
#830 = LINE('',#831,#832);
#831 = CARTESIAN_POINT('',(-6.28318530718,0.37));
#832 = VECTOR('',#833,1.);
#833 = DIRECTION('',(1.,-0.));
#834 = ( GEOMETRIC_REPRESENTATION_CONTEXT(2) 
PARAMETRIC_REPRESENTATION_CONTEXT() REPRESENTATION_CONTEXT('2D SPACE',''
  ) );
#835 = ORIENTED_EDGE('',*,*,#836,.T.);
#836 = EDGE_CURVE('',#804,#837,#839,.T.);
#837 = VERTEX_POINT('',#838);
#838 = CARTESIAN_POINT('',(14.601369798755,-1.7,-0.82));
#839 = SURFACE_CURVE('',#840,(#845,#856),.PCURVE_S1.);
#840 = CIRCLE('',#841,14.7);
#841 = AXIS2_PLACEMENT_3D('',#842,#843,#844);
#842 = CARTESIAN_POINT('',(0.,0.,-0.82));
#843 = DIRECTION('',(0.,0.,-1.));
#844 = DIRECTION('',(1.,0.,0.));
#845 = PCURVE('',#275,#846);
#846 = DEFINITIONAL_REPRESENTATION('',(#847),#855);
#847 = ( BOUNDED_CURVE() B_SPLINE_CURVE(2,(#848,#849,#850,#851,#852,#853
,#854),.UNSPECIFIED.,.T.,.F.) B_SPLINE_CURVE_WITH_KNOTS((1,2,2,2,2,1),(
    -2.094395102393,0.,2.094395102393,4.188790204786,6.28318530718,
8.377580409573),.UNSPECIFIED.) CURVE() GEOMETRIC_REPRESENTATION_ITEM() 
RATIONAL_B_SPLINE_CURVE((1.,0.5,1.,0.5,1.,0.5,1.)) REPRESENTATION_ITEM(
  '') );
#848 = CARTESIAN_POINT('',(1.85,1.7));
#849 = CARTESIAN_POINT('',(1.85,-23.76114687126));
#850 = CARTESIAN_POINT('',(-20.2,-11.03057343563));
#851 = CARTESIAN_POINT('',(-42.25,1.7));
#852 = CARTESIAN_POINT('',(-20.2,14.430573435631));
#853 = CARTESIAN_POINT('',(1.85,27.161146871263));
#854 = CARTESIAN_POINT('',(1.85,1.7));
#855 = ( GEOMETRIC_REPRESENTATION_CONTEXT(2) 
PARAMETRIC_REPRESENTATION_CONTEXT() REPRESENTATION_CONTEXT('2D SPACE',''
  ) );
#856 = PCURVE('',#824,#857);
#857 = DEFINITIONAL_REPRESENTATION('',(#858),#862);
#858 = LINE('',#859,#860);
#859 = CARTESIAN_POINT('',(-6.28318530718,0.37));
#860 = VECTOR('',#861,1.);
#861 = DIRECTION('',(1.,-0.));
#862 = ( GEOMETRIC_REPRESENTATION_CONTEXT(2) 
PARAMETRIC_REPRESENTATION_CONTEXT() REPRESENTATION_CONTEXT('2D SPACE',''
  ) );
#863 = ORIENTED_EDGE('',*,*,#864,.T.);
#864 = EDGE_CURVE('',#837,#259,#865,.T.);
#865 = SURFACE_CURVE('',#866,(#870,#877),.PCURVE_S1.);
#866 = LINE('',#867,#868);
#867 = CARTESIAN_POINT('',(12.85,-1.7,-0.82));
#868 = VECTOR('',#869,1.);
#869 = DIRECTION('',(1.,0.,0.));
#870 = PCURVE('',#275,#871);
#871 = DEFINITIONAL_REPRESENTATION('',(#872),#876);
#872 = LINE('',#873,#874);
#873 = CARTESIAN_POINT('',(0.,0.));
#874 = VECTOR('',#875,1.);
#875 = DIRECTION('',(1.,0.));
#876 = ( GEOMETRIC_REPRESENTATION_CONTEXT(2) 
PARAMETRIC_REPRESENTATION_CONTEXT() REPRESENTATION_CONTEXT('2D SPACE',''
  ) );
#877 = PCURVE('',#301,#878);
#878 = DEFINITIONAL_REPRESENTATION('',(#879),#883);
#879 = LINE('',#880,#881);
#880 = CARTESIAN_POINT('',(3.,0.));
#881 = VECTOR('',#882,1.);
#882 = DIRECTION('',(0.,1.));
#883 = ( GEOMETRIC_REPRESENTATION_CONTEXT(2) 
PARAMETRIC_REPRESENTATION_CONTEXT() REPRESENTATION_CONTEXT('2D SPACE',''
  ) );
#884 = ORIENTED_EDGE('',*,*,#258,.T.);
#885 = ADVANCED_FACE('',(#886),#351,.F.);
#886 = FACE_BOUND('',#887,.F.);
#887 = EDGE_LOOP('',(#888,#911,#930,#931));
#888 = ORIENTED_EDGE('',*,*,#889,.F.);
#889 = EDGE_CURVE('',#890,#313,#892,.T.);
#890 = VERTEX_POINT('',#891);
#891 = CARTESIAN_POINT('',(14.601369798755,1.7,-3.82));
#892 = SURFACE_CURVE('',#893,(#897,#904),.PCURVE_S1.);
#893 = LINE('',#894,#895);
#894 = CARTESIAN_POINT('',(12.85,1.7,-3.82));
#895 = VECTOR('',#896,1.);
#896 = DIRECTION('',(1.,0.,0.));
#897 = PCURVE('',#351,#898);
#898 = DEFINITIONAL_REPRESENTATION('',(#899),#903);
#899 = LINE('',#900,#901);
#900 = CARTESIAN_POINT('',(0.,0.));
#901 = VECTOR('',#902,1.);
#902 = DIRECTION('',(0.,1.));
#903 = ( GEOMETRIC_REPRESENTATION_CONTEXT(2) 
PARAMETRIC_REPRESENTATION_CONTEXT() REPRESENTATION_CONTEXT('2D SPACE',''
  ) );
#904 = PCURVE('',#327,#905);
#905 = DEFINITIONAL_REPRESENTATION('',(#906),#910);
#906 = LINE('',#907,#908);
#907 = CARTESIAN_POINT('',(0.,3.4));
#908 = VECTOR('',#909,1.);
#909 = DIRECTION('',(1.,0.));
#910 = ( GEOMETRIC_REPRESENTATION_CONTEXT(2) 
PARAMETRIC_REPRESENTATION_CONTEXT() REPRESENTATION_CONTEXT('2D SPACE',''
  ) );
#911 = ORIENTED_EDGE('',*,*,#912,.F.);
#912 = EDGE_CURVE('',#781,#890,#913,.T.);
#913 = SURFACE_CURVE('',#914,(#918,#924),.PCURVE_S1.);
#914 = LINE('',#915,#916);
#915 = CARTESIAN_POINT('',(14.601369798755,1.7,-0.45));
#916 = VECTOR('',#917,1.);
#917 = DIRECTION('',(-0.,-0.,-1.));
#918 = PCURVE('',#351,#919);
#919 = DEFINITIONAL_REPRESENTATION('',(#920),#923);
#920 = B_SPLINE_CURVE_WITH_KNOTS('',1,(#921,#922),.UNSPECIFIED.,.F.,.F.,
  (2,2),(7.E-02,3.67),.PIECEWISE_BEZIER_KNOTS.);
#921 = CARTESIAN_POINT('',(3.3,1.751369798755));
#922 = CARTESIAN_POINT('',(-0.3,1.751369798755));
#923 = ( GEOMETRIC_REPRESENTATION_CONTEXT(2) 
PARAMETRIC_REPRESENTATION_CONTEXT() REPRESENTATION_CONTEXT('2D SPACE',''
  ) );
#924 = PCURVE('',#824,#925);
#925 = DEFINITIONAL_REPRESENTATION('',(#926),#929);
#926 = B_SPLINE_CURVE_WITH_KNOTS('',1,(#927,#928),.UNSPECIFIED.,.F.,.F.,
  (2,2),(7.E-02,3.67),.PIECEWISE_BEZIER_KNOTS.);
#927 = CARTESIAN_POINT('',(-0.115905598962,7.E-02));
#928 = CARTESIAN_POINT('',(-0.115905598962,3.67));
#929 = ( GEOMETRIC_REPRESENTATION_CONTEXT(2) 
PARAMETRIC_REPRESENTATION_CONTEXT() REPRESENTATION_CONTEXT('2D SPACE',''
  ) );
#930 = ORIENTED_EDGE('',*,*,#780,.T.);
#931 = ORIENTED_EDGE('',*,*,#338,.T.);
#932 = ADVANCED_FACE('',(#933),#327,.T.);
#933 = FACE_BOUND('',#934,.T.);
#934 = EDGE_LOOP('',(#935,#936,#964,#992,#1013));
#935 = ORIENTED_EDGE('',*,*,#889,.F.);
#936 = ORIENTED_EDGE('',*,*,#937,.T.);
#937 = EDGE_CURVE('',#890,#938,#940,.T.);
#938 = VERTEX_POINT('',#939);
#939 = CARTESIAN_POINT('',(14.7,0.,-3.82));
#940 = SURFACE_CURVE('',#941,(#946,#957),.PCURVE_S1.);
#941 = CIRCLE('',#942,14.7);
#942 = AXIS2_PLACEMENT_3D('',#943,#944,#945);
#943 = CARTESIAN_POINT('',(0.,0.,-3.82));
#944 = DIRECTION('',(0.,0.,-1.));
#945 = DIRECTION('',(1.,0.,0.));
#946 = PCURVE('',#327,#947);
#947 = DEFINITIONAL_REPRESENTATION('',(#948),#956);
#948 = ( BOUNDED_CURVE() B_SPLINE_CURVE(2,(#949,#950,#951,#952,#953,#954
,#955),.UNSPECIFIED.,.T.,.F.) B_SPLINE_CURVE_WITH_KNOTS((1,2,2,2,2,1),(
    -2.094395102393,0.,2.094395102393,4.188790204786,6.28318530718,
8.377580409573),.UNSPECIFIED.) CURVE() GEOMETRIC_REPRESENTATION_ITEM() 
RATIONAL_B_SPLINE_CURVE((1.,0.5,1.,0.5,1.,0.5,1.)) REPRESENTATION_ITEM(
  '') );
#949 = CARTESIAN_POINT('',(1.85,1.7));
#950 = CARTESIAN_POINT('',(1.85,-23.76114687126));
#951 = CARTESIAN_POINT('',(-20.2,-11.03057343563));
#952 = CARTESIAN_POINT('',(-42.25,1.7));
#953 = CARTESIAN_POINT('',(-20.2,14.430573435631));
#954 = CARTESIAN_POINT('',(1.85,27.161146871263));
#955 = CARTESIAN_POINT('',(1.85,1.7));
#956 = ( GEOMETRIC_REPRESENTATION_CONTEXT(2) 
PARAMETRIC_REPRESENTATION_CONTEXT() REPRESENTATION_CONTEXT('2D SPACE',''
  ) );
#957 = PCURVE('',#824,#958);
#958 = DEFINITIONAL_REPRESENTATION('',(#959),#963);
#959 = LINE('',#960,#961);
#960 = CARTESIAN_POINT('',(-6.28318530718,3.37));
#961 = VECTOR('',#962,1.);
#962 = DIRECTION('',(1.,-0.));
#963 = ( GEOMETRIC_REPRESENTATION_CONTEXT(2) 
PARAMETRIC_REPRESENTATION_CONTEXT() REPRESENTATION_CONTEXT('2D SPACE',''
  ) );
#964 = ORIENTED_EDGE('',*,*,#965,.T.);
#965 = EDGE_CURVE('',#938,#966,#968,.T.);
#966 = VERTEX_POINT('',#967);
#967 = CARTESIAN_POINT('',(14.601369798755,-1.7,-3.82));
#968 = SURFACE_CURVE('',#969,(#974,#985),.PCURVE_S1.);
#969 = CIRCLE('',#970,14.7);
#970 = AXIS2_PLACEMENT_3D('',#971,#972,#973);
#971 = CARTESIAN_POINT('',(0.,0.,-3.82));
#972 = DIRECTION('',(0.,0.,-1.));
#973 = DIRECTION('',(1.,0.,0.));
#974 = PCURVE('',#327,#975);
#975 = DEFINITIONAL_REPRESENTATION('',(#976),#984);
#976 = ( BOUNDED_CURVE() B_SPLINE_CURVE(2,(#977,#978,#979,#980,#981,#982
,#983),.UNSPECIFIED.,.T.,.F.) B_SPLINE_CURVE_WITH_KNOTS((1,2,2,2,2,1),(
    -2.094395102393,0.,2.094395102393,4.188790204786,6.28318530718,
8.377580409573),.UNSPECIFIED.) CURVE() GEOMETRIC_REPRESENTATION_ITEM() 
RATIONAL_B_SPLINE_CURVE((1.,0.5,1.,0.5,1.,0.5,1.)) REPRESENTATION_ITEM(
  '') );
#977 = CARTESIAN_POINT('',(1.85,1.7));
#978 = CARTESIAN_POINT('',(1.85,-23.76114687126));
#979 = CARTESIAN_POINT('',(-20.2,-11.03057343563));
#980 = CARTESIAN_POINT('',(-42.25,1.7));
#981 = CARTESIAN_POINT('',(-20.2,14.430573435631));
#982 = CARTESIAN_POINT('',(1.85,27.161146871263));
#983 = CARTESIAN_POINT('',(1.85,1.7));
#984 = ( GEOMETRIC_REPRESENTATION_CONTEXT(2) 
PARAMETRIC_REPRESENTATION_CONTEXT() REPRESENTATION_CONTEXT('2D SPACE',''
  ) );
#985 = PCURVE('',#824,#986);
#986 = DEFINITIONAL_REPRESENTATION('',(#987),#991);
#987 = LINE('',#988,#989);
#988 = CARTESIAN_POINT('',(-6.28318530718,3.37));
#989 = VECTOR('',#990,1.);
#990 = DIRECTION('',(1.,-0.));
#991 = ( GEOMETRIC_REPRESENTATION_CONTEXT(2) 
PARAMETRIC_REPRESENTATION_CONTEXT() REPRESENTATION_CONTEXT('2D SPACE',''
  ) );
#992 = ORIENTED_EDGE('',*,*,#993,.T.);
#993 = EDGE_CURVE('',#966,#287,#994,.T.);
#994 = SURFACE_CURVE('',#995,(#999,#1006),.PCURVE_S1.);
#995 = LINE('',#996,#997);
#996 = CARTESIAN_POINT('',(12.85,-1.7,-3.82));
#997 = VECTOR('',#998,1.);
#998 = DIRECTION('',(1.,0.,0.));
#999 = PCURVE('',#327,#1000);
#1000 = DEFINITIONAL_REPRESENTATION('',(#1001),#1005);
#1001 = LINE('',#1002,#1003);
#1002 = CARTESIAN_POINT('',(0.,0.));
#1003 = VECTOR('',#1004,1.);
#1004 = DIRECTION('',(1.,0.));
#1005 = ( GEOMETRIC_REPRESENTATION_CONTEXT(2) 
PARAMETRIC_REPRESENTATION_CONTEXT() REPRESENTATION_CONTEXT('2D SPACE',''
  ) );
#1006 = PCURVE('',#301,#1007);
#1007 = DEFINITIONAL_REPRESENTATION('',(#1008),#1012);
#1008 = LINE('',#1009,#1010);
#1009 = CARTESIAN_POINT('',(0.,0.));
#1010 = VECTOR('',#1011,1.);
#1011 = DIRECTION('',(0.,1.));
#1012 = ( GEOMETRIC_REPRESENTATION_CONTEXT(2) 
PARAMETRIC_REPRESENTATION_CONTEXT() REPRESENTATION_CONTEXT('2D SPACE',''
  ) );
#1013 = ORIENTED_EDGE('',*,*,#312,.T.);
#1014 = ADVANCED_FACE('',(#1015),#301,.T.);
#1015 = FACE_BOUND('',#1016,.T.);
#1016 = EDGE_LOOP('',(#1017,#1018,#1037,#1038));
#1017 = ORIENTED_EDGE('',*,*,#993,.F.);
#1018 = ORIENTED_EDGE('',*,*,#1019,.F.);
#1019 = EDGE_CURVE('',#837,#966,#1020,.T.);
#1020 = SURFACE_CURVE('',#1021,(#1025,#1031),.PCURVE_S1.);
#1021 = LINE('',#1022,#1023);
#1022 = CARTESIAN_POINT('',(14.601369798755,-1.7,-0.45));
#1023 = VECTOR('',#1024,1.);
#1024 = DIRECTION('',(-0.,-0.,-1.));
#1025 = PCURVE('',#301,#1026);
#1026 = DEFINITIONAL_REPRESENTATION('',(#1027),#1030);
#1027 = B_SPLINE_CURVE_WITH_KNOTS('',1,(#1028,#1029),.UNSPECIFIED.,.F.,
  .F.,(2,2),(7.E-02,3.67),.PIECEWISE_BEZIER_KNOTS.);
#1028 = CARTESIAN_POINT('',(3.3,1.751369798755));
#1029 = CARTESIAN_POINT('',(-0.3,1.751369798755));
#1030 = ( GEOMETRIC_REPRESENTATION_CONTEXT(2) 
PARAMETRIC_REPRESENTATION_CONTEXT() REPRESENTATION_CONTEXT('2D SPACE',''
  ) );
#1031 = PCURVE('',#824,#1032);
#1032 = DEFINITIONAL_REPRESENTATION('',(#1033),#1036);
#1033 = B_SPLINE_CURVE_WITH_KNOTS('',1,(#1034,#1035),.UNSPECIFIED.,.F.,
  .F.,(2,2),(7.E-02,3.67),.PIECEWISE_BEZIER_KNOTS.);
#1034 = CARTESIAN_POINT('',(-6.167279708218,7.E-02));
#1035 = CARTESIAN_POINT('',(-6.167279708218,3.67));
#1036 = ( GEOMETRIC_REPRESENTATION_CONTEXT(2) 
PARAMETRIC_REPRESENTATION_CONTEXT() REPRESENTATION_CONTEXT('2D SPACE',''
  ) );
#1037 = ORIENTED_EDGE('',*,*,#864,.T.);
#1038 = ORIENTED_EDGE('',*,*,#286,.T.);
#1039 = ADVANCED_FACE('',(#1040,#1312),#431,.F.);
#1040 = FACE_BOUND('',#1041,.F.);
#1041 = EDGE_LOOP('',(#1042,#1043,#1066,#1094,#1122,#1150,#1178,#1206,
    #1234,#1262,#1290,#1311));
#1042 = ORIENTED_EDGE('',*,*,#417,.T.);
#1043 = ORIENTED_EDGE('',*,*,#1044,.T.);
#1044 = EDGE_CURVE('',#390,#1045,#1047,.T.);
#1045 = VERTEX_POINT('',#1046);
#1046 = CARTESIAN_POINT('',(4.979984081391,18.585553612637,-6.55));
#1047 = SURFACE_CURVE('',#1048,(#1052,#1059),.PCURVE_S1.);
#1048 = LINE('',#1049,#1050);
#1049 = CARTESIAN_POINT('',(13.663582233138,13.572075882192,-6.55));
#1050 = VECTOR('',#1051,1.);
#1051 = DIRECTION('',(-0.866025403784,0.5,0.));
#1052 = PCURVE('',#431,#1053);
#1053 = DEFINITIONAL_REPRESENTATION('',(#1054),#1058);
#1054 = LINE('',#1055,#1056);
#1055 = CARTESIAN_POINT('',(13.663582233138,13.572075882192));
#1056 = VECTOR('',#1057,1.);
#1057 = DIRECTION('',(-0.866025403784,0.5));
#1058 = ( GEOMETRIC_REPRESENTATION_CONTEXT(2) 
PARAMETRIC_REPRESENTATION_CONTEXT() REPRESENTATION_CONTEXT('2D SPACE',''
  ) );
#1059 = PCURVE('',#405,#1060);
#1060 = DEFINITIONAL_REPRESENTATION('',(#1061),#1065);
#1061 = LINE('',#1062,#1063);
#1062 = CARTESIAN_POINT('',(8.881784197001E-16,0.176776695297));
#1063 = VECTOR('',#1064,1.);
#1064 = DIRECTION('',(-1.,0.));
#1065 = ( GEOMETRIC_REPRESENTATION_CONTEXT(2) 
PARAMETRIC_REPRESENTATION_CONTEXT() REPRESENTATION_CONTEXT('2D SPACE',''
  ) );
#1066 = ORIENTED_EDGE('',*,*,#1067,.T.);
#1067 = EDGE_CURVE('',#1045,#1068,#1070,.T.);
#1068 = VERTEX_POINT('',#1069);
#1069 = CARTESIAN_POINT('',(-4.979984081391,18.585553612637,-6.55));
#1070 = SURFACE_CURVE('',#1071,(#1075,#1082),.PCURVE_S1.);
#1071 = LINE('',#1072,#1073);
#1072 = CARTESIAN_POINT('',(5.046971379499,18.585553612637,-6.55));
#1073 = VECTOR('',#1074,1.);
#1074 = DIRECTION('',(-1.,0.,0.));
#1075 = PCURVE('',#431,#1076);
#1076 = DEFINITIONAL_REPRESENTATION('',(#1077),#1081);
#1077 = LINE('',#1078,#1079);
#1078 = CARTESIAN_POINT('',(5.046971379499,18.585553612637));
#1079 = VECTOR('',#1080,1.);
#1080 = DIRECTION('',(-1.,0.));
#1081 = ( GEOMETRIC_REPRESENTATION_CONTEXT(2) 
PARAMETRIC_REPRESENTATION_CONTEXT() REPRESENTATION_CONTEXT('2D SPACE',''
  ) );
#1082 = PCURVE('',#1083,#1088);
#1083 = PLANE('',#1084);
#1084 = AXIS2_PLACEMENT_3D('',#1085,#1086,#1087);
#1085 = CARTESIAN_POINT('',(5.046971379499,18.710553612637,-6.425));
#1086 = DIRECTION('',(0.,0.707106781187,-0.707106781187));
#1087 = DIRECTION('',(-1.,0.,0.));
#1088 = DEFINITIONAL_REPRESENTATION('',(#1089),#1093);
#1089 = LINE('',#1090,#1091);
#1090 = CARTESIAN_POINT('',(0.,-0.176776695297));
#1091 = VECTOR('',#1092,1.);
#1092 = DIRECTION('',(1.,0.));
#1093 = ( GEOMETRIC_REPRESENTATION_CONTEXT(2) 
PARAMETRIC_REPRESENTATION_CONTEXT() REPRESENTATION_CONTEXT('2D SPACE',''
  ) );
#1094 = ORIENTED_EDGE('',*,*,#1095,.T.);
#1095 = EDGE_CURVE('',#1068,#1096,#1098,.T.);
#1096 = VERTEX_POINT('',#1097);
#1097 = CARTESIAN_POINT('',(-13.60556953124,13.605569531245,-6.55));
#1098 = SURFACE_CURVE('',#1099,(#1103,#1110),.PCURVE_S1.);
#1099 = LINE('',#1100,#1101);
#1100 = CARTESIAN_POINT('',(-4.921971379499,18.619047261691,-6.55));
#1101 = VECTOR('',#1102,1.);
#1102 = DIRECTION('',(-0.866025403784,-0.5,0.));
#1103 = PCURVE('',#431,#1104);
#1104 = DEFINITIONAL_REPRESENTATION('',(#1105),#1109);
#1105 = LINE('',#1106,#1107);
#1106 = CARTESIAN_POINT('',(-4.921971379499,18.619047261691));
#1107 = VECTOR('',#1108,1.);
#1108 = DIRECTION('',(-0.866025403784,-0.5));
#1109 = ( GEOMETRIC_REPRESENTATION_CONTEXT(2) 
PARAMETRIC_REPRESENTATION_CONTEXT() REPRESENTATION_CONTEXT('2D SPACE',''
  ) );
#1110 = PCURVE('',#1111,#1116);
#1111 = PLANE('',#1112);
#1112 = AXIS2_PLACEMENT_3D('',#1113,#1114,#1115);
#1113 = CARTESIAN_POINT('',(-4.984471379499,18.727300437164,-6.425));
#1114 = DIRECTION('',(-0.353553390593,0.612372435696,-0.707106781187));
#1115 = DIRECTION('',(-0.866025403784,-0.5,1.665334536938E-16));
#1116 = DEFINITIONAL_REPRESENTATION('',(#1117),#1121);
#1117 = LINE('',#1118,#1119);
#1118 = CARTESIAN_POINT('',(8.881784197001E-16,-0.176776695297));
#1119 = VECTOR('',#1120,1.);
#1120 = DIRECTION('',(1.,0.));
#1121 = ( GEOMETRIC_REPRESENTATION_CONTEXT(2) 
PARAMETRIC_REPRESENTATION_CONTEXT() REPRESENTATION_CONTEXT('2D SPACE',''
  ) );
#1122 = ORIENTED_EDGE('',*,*,#1123,.T.);
#1123 = EDGE_CURVE('',#1096,#1124,#1126,.T.);
#1124 = VERTEX_POINT('',#1125);
#1125 = CARTESIAN_POINT('',(-18.58555361263,4.979984081391,-6.55));
#1126 = SURFACE_CURVE('',#1127,(#1131,#1138),.PCURVE_S1.);
#1127 = LINE('',#1128,#1129);
#1128 = CARTESIAN_POINT('',(-13.57207588219,13.663582233138,-6.55));
#1129 = VECTOR('',#1130,1.);
#1130 = DIRECTION('',(-0.5,-0.866025403784,0.));
#1131 = PCURVE('',#431,#1132);
#1132 = DEFINITIONAL_REPRESENTATION('',(#1133),#1137);
#1133 = LINE('',#1134,#1135);
#1134 = CARTESIAN_POINT('',(-13.57207588219,13.663582233138));
#1135 = VECTOR('',#1136,1.);
#1136 = DIRECTION('',(-0.5,-0.866025403784));
#1137 = ( GEOMETRIC_REPRESENTATION_CONTEXT(2) 
PARAMETRIC_REPRESENTATION_CONTEXT() REPRESENTATION_CONTEXT('2D SPACE',''
  ) );
#1138 = PCURVE('',#1139,#1144);
#1139 = PLANE('',#1140);
#1140 = AXIS2_PLACEMENT_3D('',#1141,#1142,#1143);
#1141 = CARTESIAN_POINT('',(-13.68032905766,13.726082233138,-6.425));
#1142 = DIRECTION('',(-0.612372435696,0.353553390593,-0.707106781187));
#1143 = DIRECTION('',(-0.5,-0.866025403784,-8.326672684689E-17));
#1144 = DEFINITIONAL_REPRESENTATION('',(#1145),#1149);
#1145 = LINE('',#1146,#1147);
#1146 = CARTESIAN_POINT('',(8.881784197001E-16,-0.176776695297));
#1147 = VECTOR('',#1148,1.);
#1148 = DIRECTION('',(1.,0.));
#1149 = ( GEOMETRIC_REPRESENTATION_CONTEXT(2) 
PARAMETRIC_REPRESENTATION_CONTEXT() REPRESENTATION_CONTEXT('2D SPACE',''
  ) );
#1150 = ORIENTED_EDGE('',*,*,#1151,.T.);
#1151 = EDGE_CURVE('',#1124,#1152,#1154,.T.);
#1152 = VERTEX_POINT('',#1153);
#1153 = CARTESIAN_POINT('',(-18.58555361263,-4.979984081391,-6.55));
#1154 = SURFACE_CURVE('',#1155,(#1159,#1166),.PCURVE_S1.);
#1155 = LINE('',#1156,#1157);
#1156 = CARTESIAN_POINT('',(-18.58555361263,5.046971379499,-6.55));
#1157 = VECTOR('',#1158,1.);
#1158 = DIRECTION('',(-3.51964912386E-16,-1.,0.));
#1159 = PCURVE('',#431,#1160);
#1160 = DEFINITIONAL_REPRESENTATION('',(#1161),#1165);
#1161 = LINE('',#1162,#1163);
#1162 = CARTESIAN_POINT('',(-18.58555361263,5.046971379499));
#1163 = VECTOR('',#1164,1.);
#1164 = DIRECTION('',(-3.51964912386E-16,-1.));
#1165 = ( GEOMETRIC_REPRESENTATION_CONTEXT(2) 
PARAMETRIC_REPRESENTATION_CONTEXT() REPRESENTATION_CONTEXT('2D SPACE',''
  ) );
#1166 = PCURVE('',#1167,#1172);
#1167 = PLANE('',#1168);
#1168 = AXIS2_PLACEMENT_3D('',#1169,#1170,#1171);
#1169 = CARTESIAN_POINT('',(-18.71055361263,5.046971379499,-6.425));
#1170 = DIRECTION('',(-0.707106781187,2.499562568949E-16,-0.707106781187
    ));
#1171 = DIRECTION('',(-3.527282204434E-16,-1.,-7.633080573513E-19));
#1172 = DEFINITIONAL_REPRESENTATION('',(#1173),#1177);
#1173 = LINE('',#1174,#1175);
#1174 = CARTESIAN_POINT('',(0.,-0.176776695297));
#1175 = VECTOR('',#1176,1.);
#1176 = DIRECTION('',(1.,0.));
#1177 = ( GEOMETRIC_REPRESENTATION_CONTEXT(2) 
PARAMETRIC_REPRESENTATION_CONTEXT() REPRESENTATION_CONTEXT('2D SPACE',''
  ) );
#1178 = ORIENTED_EDGE('',*,*,#1179,.T.);
#1179 = EDGE_CURVE('',#1152,#1180,#1182,.T.);
#1180 = VERTEX_POINT('',#1181);
#1181 = CARTESIAN_POINT('',(-13.60556953124,-13.60556953124,-6.55));
#1182 = SURFACE_CURVE('',#1183,(#1187,#1194),.PCURVE_S1.);
#1183 = LINE('',#1184,#1185);
#1184 = CARTESIAN_POINT('',(-18.61904726169,-4.921971379499,-6.55));
#1185 = VECTOR('',#1186,1.);
#1186 = DIRECTION('',(0.5,-0.866025403784,0.));
#1187 = PCURVE('',#431,#1188);
#1188 = DEFINITIONAL_REPRESENTATION('',(#1189),#1193);
#1189 = LINE('',#1190,#1191);
#1190 = CARTESIAN_POINT('',(-18.61904726169,-4.921971379499));
#1191 = VECTOR('',#1192,1.);
#1192 = DIRECTION('',(0.5,-0.866025403784));
#1193 = ( GEOMETRIC_REPRESENTATION_CONTEXT(2) 
PARAMETRIC_REPRESENTATION_CONTEXT() REPRESENTATION_CONTEXT('2D SPACE',''
  ) );
#1194 = PCURVE('',#1195,#1200);
#1195 = PLANE('',#1196);
#1196 = AXIS2_PLACEMENT_3D('',#1197,#1198,#1199);
#1197 = CARTESIAN_POINT('',(-18.72730043716,-4.984471379499,-6.425));
#1198 = DIRECTION('',(-0.612372435696,-0.353553390593,-0.707106781187));
#1199 = DIRECTION('',(0.5,-0.866025403784,-8.326672684689E-17));
#1200 = DEFINITIONAL_REPRESENTATION('',(#1201),#1205);
#1201 = LINE('',#1202,#1203);
#1202 = CARTESIAN_POINT('',(-8.881784197001E-16,-0.176776695297));
#1203 = VECTOR('',#1204,1.);
#1204 = DIRECTION('',(1.,0.));
#1205 = ( GEOMETRIC_REPRESENTATION_CONTEXT(2) 
PARAMETRIC_REPRESENTATION_CONTEXT() REPRESENTATION_CONTEXT('2D SPACE',''
  ) );
#1206 = ORIENTED_EDGE('',*,*,#1207,.T.);
#1207 = EDGE_CURVE('',#1180,#1208,#1210,.T.);
#1208 = VERTEX_POINT('',#1209);
#1209 = CARTESIAN_POINT('',(-4.979984081391,-18.58555361263,-6.55));
#1210 = SURFACE_CURVE('',#1211,(#1215,#1222),.PCURVE_S1.);
#1211 = LINE('',#1212,#1213);
#1212 = CARTESIAN_POINT('',(-13.66358223313,-13.57207588219,-6.55));
#1213 = VECTOR('',#1214,1.);
#1214 = DIRECTION('',(0.866025403784,-0.5,0.));
#1215 = PCURVE('',#431,#1216);
#1216 = DEFINITIONAL_REPRESENTATION('',(#1217),#1221);
#1217 = LINE('',#1218,#1219);
#1218 = CARTESIAN_POINT('',(-13.66358223313,-13.57207588219));
#1219 = VECTOR('',#1220,1.);
#1220 = DIRECTION('',(0.866025403784,-0.5));
#1221 = ( GEOMETRIC_REPRESENTATION_CONTEXT(2) 
PARAMETRIC_REPRESENTATION_CONTEXT() REPRESENTATION_CONTEXT('2D SPACE',''
  ) );
#1222 = PCURVE('',#1223,#1228);
#1223 = PLANE('',#1224);
#1224 = AXIS2_PLACEMENT_3D('',#1225,#1226,#1227);
#1225 = CARTESIAN_POINT('',(-13.72608223313,-13.68032905766,-6.425));
#1226 = DIRECTION('',(-0.353553390593,-0.612372435696,-0.707106781187));
#1227 = DIRECTION('',(0.866025403784,-0.5,-2.775557561563E-17));
#1228 = DEFINITIONAL_REPRESENTATION('',(#1229),#1233);
#1229 = LINE('',#1230,#1231);
#1230 = CARTESIAN_POINT('',(8.881784197001E-16,-0.176776695297));
#1231 = VECTOR('',#1232,1.);
#1232 = DIRECTION('',(1.,0.));
#1233 = ( GEOMETRIC_REPRESENTATION_CONTEXT(2) 
PARAMETRIC_REPRESENTATION_CONTEXT() REPRESENTATION_CONTEXT('2D SPACE',''
  ) );
#1234 = ORIENTED_EDGE('',*,*,#1235,.T.);
#1235 = EDGE_CURVE('',#1208,#1236,#1238,.T.);
#1236 = VERTEX_POINT('',#1237);
#1237 = CARTESIAN_POINT('',(4.979984081391,-18.58555361263,-6.55));
#1238 = SURFACE_CURVE('',#1239,(#1243,#1250),.PCURVE_S1.);
#1239 = LINE('',#1240,#1241);
#1240 = CARTESIAN_POINT('',(-5.046971379499,-18.58555361263,-6.55));
#1241 = VECTOR('',#1242,1.);
#1242 = DIRECTION('',(1.,0.,0.));
#1243 = PCURVE('',#431,#1244);
#1244 = DEFINITIONAL_REPRESENTATION('',(#1245),#1249);
#1245 = LINE('',#1246,#1247);
#1246 = CARTESIAN_POINT('',(-5.046971379499,-18.58555361263));
#1247 = VECTOR('',#1248,1.);
#1248 = DIRECTION('',(1.,0.));
#1249 = ( GEOMETRIC_REPRESENTATION_CONTEXT(2) 
PARAMETRIC_REPRESENTATION_CONTEXT() REPRESENTATION_CONTEXT('2D SPACE',''
  ) );
#1250 = PCURVE('',#1251,#1256);
#1251 = PLANE('',#1252);
#1252 = AXIS2_PLACEMENT_3D('',#1253,#1254,#1255);
#1253 = CARTESIAN_POINT('',(-5.046971379499,-18.71055361263,-6.425));
#1254 = DIRECTION('',(0.,-0.707106781187,-0.707106781187));
#1255 = DIRECTION('',(1.,0.,0.));
#1256 = DEFINITIONAL_REPRESENTATION('',(#1257),#1261);
#1257 = LINE('',#1258,#1259);
#1258 = CARTESIAN_POINT('',(0.,-0.176776695297));
#1259 = VECTOR('',#1260,1.);
#1260 = DIRECTION('',(1.,0.));
#1261 = ( GEOMETRIC_REPRESENTATION_CONTEXT(2) 
PARAMETRIC_REPRESENTATION_CONTEXT() REPRESENTATION_CONTEXT('2D SPACE',''
  ) );
#1262 = ORIENTED_EDGE('',*,*,#1263,.T.);
#1263 = EDGE_CURVE('',#1236,#1264,#1266,.T.);
#1264 = VERTEX_POINT('',#1265);
#1265 = CARTESIAN_POINT('',(13.605569531245,-13.60556953124,-6.55));
#1266 = SURFACE_CURVE('',#1267,(#1271,#1278),.PCURVE_S1.);
#1267 = LINE('',#1268,#1269);
#1268 = CARTESIAN_POINT('',(4.921971379499,-18.61904726169,-6.55));
#1269 = VECTOR('',#1270,1.);
#1270 = DIRECTION('',(0.866025403784,0.5,0.));
#1271 = PCURVE('',#431,#1272);
#1272 = DEFINITIONAL_REPRESENTATION('',(#1273),#1277);
#1273 = LINE('',#1274,#1275);
#1274 = CARTESIAN_POINT('',(4.921971379499,-18.61904726169));
#1275 = VECTOR('',#1276,1.);
#1276 = DIRECTION('',(0.866025403784,0.5));
#1277 = ( GEOMETRIC_REPRESENTATION_CONTEXT(2) 
PARAMETRIC_REPRESENTATION_CONTEXT() REPRESENTATION_CONTEXT('2D SPACE',''
  ) );
#1278 = PCURVE('',#1279,#1284);
#1279 = PLANE('',#1280);
#1280 = AXIS2_PLACEMENT_3D('',#1281,#1282,#1283);
#1281 = CARTESIAN_POINT('',(4.984471379499,-18.72730043716,-6.425));
#1282 = DIRECTION('',(0.353553390593,-0.612372435696,-0.707106781187));
#1283 = DIRECTION('',(0.866025403784,0.5,-2.775557561563E-17));
#1284 = DEFINITIONAL_REPRESENTATION('',(#1285),#1289);
#1285 = LINE('',#1286,#1287);
#1286 = CARTESIAN_POINT('',(-2.6645352591E-15,-0.176776695297));
#1287 = VECTOR('',#1288,1.);
#1288 = DIRECTION('',(1.,0.));
#1289 = ( GEOMETRIC_REPRESENTATION_CONTEXT(2) 
PARAMETRIC_REPRESENTATION_CONTEXT() REPRESENTATION_CONTEXT('2D SPACE',''
  ) );
#1290 = ORIENTED_EDGE('',*,*,#1291,.T.);
#1291 = EDGE_CURVE('',#1264,#685,#1292,.T.);
#1292 = SURFACE_CURVE('',#1293,(#1297,#1304),.PCURVE_S1.);
#1293 = LINE('',#1294,#1295);
#1294 = CARTESIAN_POINT('',(13.572075882192,-13.66358223313,-6.55));
#1295 = VECTOR('',#1296,1.);
#1296 = DIRECTION('',(0.5,0.866025403784,0.));
#1297 = PCURVE('',#431,#1298);
#1298 = DEFINITIONAL_REPRESENTATION('',(#1299),#1303);
#1299 = LINE('',#1300,#1301);
#1300 = CARTESIAN_POINT('',(13.572075882192,-13.66358223313));
#1301 = VECTOR('',#1302,1.);
#1302 = DIRECTION('',(0.5,0.866025403784));
#1303 = ( GEOMETRIC_REPRESENTATION_CONTEXT(2) 
PARAMETRIC_REPRESENTATION_CONTEXT() REPRESENTATION_CONTEXT('2D SPACE',''
  ) );
#1304 = PCURVE('',#669,#1305);
#1305 = DEFINITIONAL_REPRESENTATION('',(#1306),#1310);
#1306 = LINE('',#1307,#1308);
#1307 = CARTESIAN_POINT('',(0.,-0.176776695297));
#1308 = VECTOR('',#1309,1.);
#1309 = DIRECTION('',(1.,0.));
#1310 = ( GEOMETRIC_REPRESENTATION_CONTEXT(2) 
PARAMETRIC_REPRESENTATION_CONTEXT() REPRESENTATION_CONTEXT('2D SPACE',''
  ) );
#1311 = ORIENTED_EDGE('',*,*,#709,.T.);
#1312 = FACE_BOUND('',#1313,.F.);
#1313 = EDGE_LOOP('',(#1314));
#1314 = ORIENTED_EDGE('',*,*,#1315,.T.);
#1315 = EDGE_CURVE('',#1316,#1316,#1318,.T.);
#1316 = VERTEX_POINT('',#1317);
#1317 = CARTESIAN_POINT('',(17.3,0.,-6.55));
#1318 = SURFACE_CURVE('',#1319,(#1324,#1335),.PCURVE_S1.);
#1319 = CIRCLE('',#1320,17.3);
#1320 = AXIS2_PLACEMENT_3D('',#1321,#1322,#1323);
#1321 = CARTESIAN_POINT('',(0.,0.,-6.55));
#1322 = DIRECTION('',(0.,0.,-1.));
#1323 = DIRECTION('',(1.,0.,0.));
#1324 = PCURVE('',#431,#1325);
#1325 = DEFINITIONAL_REPRESENTATION('',(#1326),#1334);
#1326 = ( BOUNDED_CURVE() B_SPLINE_CURVE(2,(#1327,#1328,#1329,#1330,
#1331,#1332,#1333),.UNSPECIFIED.,.T.,.F.) B_SPLINE_CURVE_WITH_KNOTS((1,2
    ,2,2,2,1),(-2.094395102393,0.,2.094395102393,4.188790204786,
6.28318530718,8.377580409573),.UNSPECIFIED.) CURVE() 
GEOMETRIC_REPRESENTATION_ITEM() RATIONAL_B_SPLINE_CURVE((1.,0.5,1.,0.5,
1.,0.5,1.)) REPRESENTATION_ITEM('') );
#1327 = CARTESIAN_POINT('',(17.3,-1.75982456193E-16));
#1328 = CARTESIAN_POINT('',(17.3,-29.96447897094));
#1329 = CARTESIAN_POINT('',(-8.65,-14.98223948547));
#1330 = CARTESIAN_POINT('',(-34.6,-4.413260381243E-15));
#1331 = CARTESIAN_POINT('',(-8.65,14.982239485471));
#1332 = CARTESIAN_POINT('',(17.3,29.964478970942));
#1333 = CARTESIAN_POINT('',(17.3,-1.75982456193E-16));
#1334 = ( GEOMETRIC_REPRESENTATION_CONTEXT(2) 
PARAMETRIC_REPRESENTATION_CONTEXT() REPRESENTATION_CONTEXT('2D SPACE',''
  ) );
#1335 = PCURVE('',#1336,#1341);
#1336 = CONICAL_SURFACE('',#1337,17.05,0.785398163397);
#1337 = AXIS2_PLACEMENT_3D('',#1338,#1339,#1340);
#1338 = CARTESIAN_POINT('',(0.,0.,-6.3));
#1339 = DIRECTION('',(-0.,-0.,-1.));
#1340 = DIRECTION('',(1.,0.,0.));
#1341 = DEFINITIONAL_REPRESENTATION('',(#1342),#1346);
#1342 = LINE('',#1343,#1344);
#1343 = CARTESIAN_POINT('',(-0.,0.25));
#1344 = VECTOR('',#1345,1.);
#1345 = DIRECTION('',(1.,-0.));
#1346 = ( GEOMETRIC_REPRESENTATION_CONTEXT(2) 
PARAMETRIC_REPRESENTATION_CONTEXT() REPRESENTATION_CONTEXT('2D SPACE',''
  ) );
#1347 = ADVANCED_FACE('',(#1348),#405,.T.);
#1348 = FACE_BOUND('',#1349,.F.);
#1349 = EDGE_LOOP('',(#1350,#1351,#1352,#1373));
#1350 = ORIENTED_EDGE('',*,*,#389,.F.);
#1351 = ORIENTED_EDGE('',*,*,#575,.T.);
#1352 = ORIENTED_EDGE('',*,*,#1353,.T.);
#1353 = EDGE_CURVE('',#548,#1045,#1354,.T.);
#1354 = SURFACE_CURVE('',#1355,(#1359,#1366),.PCURVE_S1.);
#1355 = LINE('',#1356,#1357);
#1356 = CARTESIAN_POINT('',(4.83973892006,18.062151545033,
    -7.073402067604));
#1357 = VECTOR('',#1358,1.);
#1358 = DIRECTION('',(-0.186156787897,-0.694746590607,-0.694746590607));
#1359 = PCURVE('',#405,#1360);
#1360 = DEFINITIONAL_REPRESENTATION('',(#1361),#1365);
#1361 = LINE('',#1362,#1363);
#1362 = CARTESIAN_POINT('',(-9.886710299559,0.916978997876));
#1363 = VECTOR('',#1364,1.);
#1364 = DIRECTION('',(0.186156787897,0.982520050849));
#1365 = ( GEOMETRIC_REPRESENTATION_CONTEXT(2) 
PARAMETRIC_REPRESENTATION_CONTEXT() REPRESENTATION_CONTEXT('2D SPACE',''
  ) );
#1366 = PCURVE('',#1083,#1367);
#1367 = DEFINITIONAL_REPRESENTATION('',(#1368),#1372);
#1368 = LINE('',#1369,#1370);
#1369 = CARTESIAN_POINT('',(0.207232459439,-0.916978997876));
#1370 = VECTOR('',#1371,1.);
#1371 = DIRECTION('',(0.186156787897,-0.982520050849));
#1372 = ( GEOMETRIC_REPRESENTATION_CONTEXT(2) 
PARAMETRIC_REPRESENTATION_CONTEXT() REPRESENTATION_CONTEXT('2D SPACE',''
  ) );
#1373 = ORIENTED_EDGE('',*,*,#1044,.F.);
#1374 = ADVANCED_FACE('',(#1375),#462,.T.);
#1375 = FACE_BOUND('',#1376,.T.);
#1376 = EDGE_LOOP('',(#1377,#1378,#1405,#1425));
#1377 = ORIENTED_EDGE('',*,*,#525,.T.);
#1378 = ORIENTED_EDGE('',*,*,#1379,.T.);
#1379 = EDGE_CURVE('',#526,#1380,#1382,.T.);
#1380 = VERTEX_POINT('',#1381);
#1381 = CARTESIAN_POINT('',(4.434559134735,16.55,4.26));
#1382 = SURFACE_CURVE('',#1383,(#1386,#1393),.PCURVE_S1.);
#1383 = B_SPLINE_CURVE_WITH_KNOTS('',1,(#1384,#1385),.UNSPECIFIED.,.F.,
  .F.,(2,2),(0.,1.),.PIECEWISE_BEZIER_KNOTS.);
#1384 = CARTESIAN_POINT('',(5.046971379499,18.835553612637,3.01));
#1385 = CARTESIAN_POINT('',(4.434559134735,16.55,4.26));
#1386 = PCURVE('',#462,#1387);
#1387 = DEFINITIONAL_REPRESENTATION('',(#1388),#1392);
#1388 = LINE('',#1389,#1390);
#1389 = CARTESIAN_POINT('',(10.093942758998,0.));
#1390 = VECTOR('',#1391,1.);
#1391 = DIRECTION('',(0.,1.));
#1392 = ( GEOMETRIC_REPRESENTATION_CONTEXT(2) 
PARAMETRIC_REPRESENTATION_CONTEXT() REPRESENTATION_CONTEXT('2D SPACE',''
  ) );
#1393 = PCURVE('',#1394,#1399);
#1394 = B_SPLINE_SURFACE_WITH_KNOTS('',1,1,(
    (#1395,#1396)
    ,(#1397,#1398
    )),.UNSPECIFIED.,.F.,.F.,.F.,(2,2),(2,2),(0.,10.093942758998),(0.,1.
    ),.PIECEWISE_BEZIER_KNOTS.);
#1395 = CARTESIAN_POINT('',(5.046971379499,18.835553612637,3.01));
#1396 = CARTESIAN_POINT('',(4.434559134735,16.55,4.26));
#1397 = CARTESIAN_POINT('',(-5.046971379499,18.835553612637,3.01));
#1398 = CARTESIAN_POINT('',(-4.434559134735,16.55,4.26));
#1399 = DEFINITIONAL_REPRESENTATION('',(#1400),#1404);
#1400 = LINE('',#1401,#1402);
#1401 = CARTESIAN_POINT('',(0.,0.));
#1402 = VECTOR('',#1403,1.);
#1403 = DIRECTION('',(0.,1.));
#1404 = ( GEOMETRIC_REPRESENTATION_CONTEXT(2) 
PARAMETRIC_REPRESENTATION_CONTEXT() REPRESENTATION_CONTEXT('2D SPACE',''
  ) );
#1405 = ORIENTED_EDGE('',*,*,#1406,.F.);
#1406 = EDGE_CURVE('',#448,#1380,#1407,.T.);
#1407 = SURFACE_CURVE('',#1408,(#1412,#1418),.PCURVE_S1.);
#1408 = LINE('',#1409,#1410);
#1409 = CARTESIAN_POINT('',(12.115440865265,12.115440865265,4.26));
#1410 = VECTOR('',#1411,1.);
#1411 = DIRECTION('',(-0.866025403784,0.5,0.));
#1412 = PCURVE('',#462,#1413);
#1413 = DEFINITIONAL_REPRESENTATION('',(#1414),#1417);
#1414 = B_SPLINE_CURVE_WITH_KNOTS('',1,(#1415,#1416),.UNSPECIFIED.,.F.,
  .F.,(2,2),(0.,8.86911826947),.PIECEWISE_BEZIER_KNOTS.);
#1415 = CARTESIAN_POINT('',(0.,1.));
#1416 = CARTESIAN_POINT('',(10.093942758998,1.));
#1417 = ( GEOMETRIC_REPRESENTATION_CONTEXT(2) 
PARAMETRIC_REPRESENTATION_CONTEXT() REPRESENTATION_CONTEXT('2D SPACE',''
  ) );
#1418 = PCURVE('',#489,#1419);
#1419 = DEFINITIONAL_REPRESENTATION('',(#1420),#1424);
#1420 = LINE('',#1421,#1422);
#1421 = CARTESIAN_POINT('',(2.295496721406,8.566910392893));
#1422 = VECTOR('',#1423,1.);
#1423 = DIRECTION('',(0.707106781187,0.707106781187));
#1424 = ( GEOMETRIC_REPRESENTATION_CONTEXT(2) 
PARAMETRIC_REPRESENTATION_CONTEXT() REPRESENTATION_CONTEXT('2D SPACE',''
  ) );
#1425 = ORIENTED_EDGE('',*,*,#447,.F.);
#1426 = ADVANCED_FACE('',(#1427,#1663),#489,.F.);
#1427 = FACE_BOUND('',#1428,.F.);
#1428 = EDGE_LOOP('',(#1429,#1430,#1431,#1453,#1480,#1507,#1534,#1561,
    #1588,#1615,#1642,#1662));
#1429 = ORIENTED_EDGE('',*,*,#474,.F.);
#1430 = ORIENTED_EDGE('',*,*,#735,.F.);
#1431 = ORIENTED_EDGE('',*,*,#1432,.F.);
#1432 = EDGE_CURVE('',#1433,#736,#1435,.T.);
#1433 = VERTEX_POINT('',#1434);
#1434 = CARTESIAN_POINT('',(12.115440865265,-12.11544086526,4.26));
#1435 = SURFACE_CURVE('',#1436,(#1440,#1447),.PCURVE_S1.);
#1436 = LINE('',#1437,#1438);
#1437 = CARTESIAN_POINT('',(12.115440865265,-12.11544086526,4.26));
#1438 = VECTOR('',#1439,1.);
#1439 = DIRECTION('',(0.5,0.866025403784,0.));
#1440 = PCURVE('',#489,#1441);
#1441 = DEFINITIONAL_REPRESENTATION('',(#1442),#1446);
#1442 = LINE('',#1443,#1444);
#1443 = CARTESIAN_POINT('',(8.566910392893,-14.83832406438));
#1444 = VECTOR('',#1445,1.);
#1445 = DIRECTION('',(-0.707106781187,0.707106781187));
#1446 = ( GEOMETRIC_REPRESENTATION_CONTEXT(2) 
PARAMETRIC_REPRESENTATION_CONTEXT() REPRESENTATION_CONTEXT('2D SPACE',''
  ) );
#1447 = PCURVE('',#643,#1448);
#1448 = DEFINITIONAL_REPRESENTATION('',(#1449),#1452);
#1449 = B_SPLINE_CURVE_WITH_KNOTS('',1,(#1450,#1451),.UNSPECIFIED.,.F.,
  .F.,(2,2),(0.,8.86911826947),.PIECEWISE_BEZIER_KNOTS.);
#1450 = CARTESIAN_POINT('',(0.,1.));
#1451 = CARTESIAN_POINT('',(10.093942758998,1.));
#1452 = ( GEOMETRIC_REPRESENTATION_CONTEXT(2) 
PARAMETRIC_REPRESENTATION_CONTEXT() REPRESENTATION_CONTEXT('2D SPACE',''
  ) );
#1453 = ORIENTED_EDGE('',*,*,#1454,.F.);
#1454 = EDGE_CURVE('',#1455,#1433,#1457,.T.);
#1455 = VERTEX_POINT('',#1456);
#1456 = CARTESIAN_POINT('',(4.434559134735,-16.55,4.26));
#1457 = SURFACE_CURVE('',#1458,(#1462,#1469),.PCURVE_S1.);
#1458 = LINE('',#1459,#1460);
#1459 = CARTESIAN_POINT('',(4.434559134735,-16.55,4.26));
#1460 = VECTOR('',#1461,1.);
#1461 = DIRECTION('',(0.866025403784,0.5,0.));
#1462 = PCURVE('',#489,#1463);
#1463 = DEFINITIONAL_REPRESENTATION('',(#1464),#1468);
#1464 = LINE('',#1465,#1466);
#1465 = CARTESIAN_POINT('',(17.133820785787,-17.13382078578));
#1466 = VECTOR('',#1467,1.);
#1467 = DIRECTION('',(-0.965925826289,0.258819045103));
#1468 = ( GEOMETRIC_REPRESENTATION_CONTEXT(2) 
PARAMETRIC_REPRESENTATION_CONTEXT() REPRESENTATION_CONTEXT('2D SPACE',''
  ) );
#1469 = PCURVE('',#1470,#1475);
#1470 = B_SPLINE_SURFACE_WITH_KNOTS('',1,1,(
    (#1471,#1472)
    ,(#1473,#1474
    )),.UNSPECIFIED.,.F.,.F.,.F.,(2,2),(2,2),(0.,10.093942758998),(0.,1.
    ),.PIECEWISE_BEZIER_KNOTS.);
#1471 = CARTESIAN_POINT('',(5.046971379499,-18.83555361263,3.01));
#1472 = CARTESIAN_POINT('',(4.434559134735,-16.55,4.26));
#1473 = CARTESIAN_POINT('',(13.788582233138,-13.78858223313,3.01));
#1474 = CARTESIAN_POINT('',(12.115440865265,-12.11544086526,4.26));
#1475 = DEFINITIONAL_REPRESENTATION('',(#1476),#1479);
#1476 = B_SPLINE_CURVE_WITH_KNOTS('',1,(#1477,#1478),.UNSPECIFIED.,.F.,
  .F.,(2,2),(0.,8.86911826947),.PIECEWISE_BEZIER_KNOTS.);
#1477 = CARTESIAN_POINT('',(0.,1.));
#1478 = CARTESIAN_POINT('',(10.093942758998,1.));
#1479 = ( GEOMETRIC_REPRESENTATION_CONTEXT(2) 
PARAMETRIC_REPRESENTATION_CONTEXT() REPRESENTATION_CONTEXT('2D SPACE',''
  ) );
#1480 = ORIENTED_EDGE('',*,*,#1481,.F.);
#1481 = EDGE_CURVE('',#1482,#1455,#1484,.T.);
#1482 = VERTEX_POINT('',#1483);
#1483 = CARTESIAN_POINT('',(-4.434559134735,-16.55,4.26));
#1484 = SURFACE_CURVE('',#1485,(#1489,#1496),.PCURVE_S1.);
#1485 = LINE('',#1486,#1487);
#1486 = CARTESIAN_POINT('',(-4.434559134735,-16.55,4.26));
#1487 = VECTOR('',#1488,1.);
#1488 = DIRECTION('',(1.,0.,0.));
#1489 = PCURVE('',#489,#1490);
#1490 = DEFINITIONAL_REPRESENTATION('',(#1491),#1495);
#1491 = LINE('',#1492,#1493);
#1492 = CARTESIAN_POINT('',(25.70073117868,-14.83832406438));
#1493 = VECTOR('',#1494,1.);
#1494 = DIRECTION('',(-0.965925826289,-0.258819045103));
#1495 = ( GEOMETRIC_REPRESENTATION_CONTEXT(2) 
PARAMETRIC_REPRESENTATION_CONTEXT() REPRESENTATION_CONTEXT('2D SPACE',''
  ) );
#1496 = PCURVE('',#1497,#1502);
#1497 = B_SPLINE_SURFACE_WITH_KNOTS('',1,1,(
    (#1498,#1499)
    ,(#1500,#1501
    )),.UNSPECIFIED.,.F.,.F.,.F.,(2,2),(2,2),(0.,10.093942758998),(0.,1.
    ),.PIECEWISE_BEZIER_KNOTS.);
#1498 = CARTESIAN_POINT('',(-5.046971379499,-18.83555361263,3.01));
#1499 = CARTESIAN_POINT('',(-4.434559134735,-16.55,4.26));
#1500 = CARTESIAN_POINT('',(5.046971379499,-18.83555361263,3.01));
#1501 = CARTESIAN_POINT('',(4.434559134735,-16.55,4.26));
#1502 = DEFINITIONAL_REPRESENTATION('',(#1503),#1506);
#1503 = B_SPLINE_CURVE_WITH_KNOTS('',1,(#1504,#1505),.UNSPECIFIED.,.F.,
  .F.,(2,2),(0.,8.86911826947),.PIECEWISE_BEZIER_KNOTS.);
#1504 = CARTESIAN_POINT('',(0.,1.));
#1505 = CARTESIAN_POINT('',(10.093942758998,1.));
#1506 = ( GEOMETRIC_REPRESENTATION_CONTEXT(2) 
PARAMETRIC_REPRESENTATION_CONTEXT() REPRESENTATION_CONTEXT('2D SPACE',''
  ) );
#1507 = ORIENTED_EDGE('',*,*,#1508,.F.);
#1508 = EDGE_CURVE('',#1509,#1482,#1511,.T.);
#1509 = VERTEX_POINT('',#1510);
#1510 = CARTESIAN_POINT('',(-12.11544086526,-12.11544086526,4.26));
#1511 = SURFACE_CURVE('',#1512,(#1516,#1523),.PCURVE_S1.);
#1512 = LINE('',#1513,#1514);
#1513 = CARTESIAN_POINT('',(-12.11544086526,-12.11544086526,4.26));
#1514 = VECTOR('',#1515,1.);
#1515 = DIRECTION('',(0.866025403784,-0.5,0.));
#1516 = PCURVE('',#489,#1517);
#1517 = DEFINITIONAL_REPRESENTATION('',(#1518),#1522);
#1518 = LINE('',#1519,#1520);
#1519 = CARTESIAN_POINT('',(31.972144850168,-8.566910392893));
#1520 = VECTOR('',#1521,1.);
#1521 = DIRECTION('',(-0.707106781187,-0.707106781187));
#1522 = ( GEOMETRIC_REPRESENTATION_CONTEXT(2) 
PARAMETRIC_REPRESENTATION_CONTEXT() REPRESENTATION_CONTEXT('2D SPACE',''
  ) );
#1523 = PCURVE('',#1524,#1529);
#1524 = B_SPLINE_SURFACE_WITH_KNOTS('',1,1,(
    (#1525,#1526)
    ,(#1527,#1528
    )),.UNSPECIFIED.,.F.,.F.,.F.,(2,2),(2,2),(0.,10.093942758998),(0.,1.
    ),.PIECEWISE_BEZIER_KNOTS.);
#1525 = CARTESIAN_POINT('',(-13.78858223313,-13.78858223313,3.01));
#1526 = CARTESIAN_POINT('',(-12.11544086526,-12.11544086526,4.26));
#1527 = CARTESIAN_POINT('',(-5.046971379499,-18.83555361263,3.01));
#1528 = CARTESIAN_POINT('',(-4.434559134735,-16.55,4.26));
#1529 = DEFINITIONAL_REPRESENTATION('',(#1530),#1533);
#1530 = B_SPLINE_CURVE_WITH_KNOTS('',1,(#1531,#1532),.UNSPECIFIED.,.F.,
  .F.,(2,2),(0.,8.86911826947),.PIECEWISE_BEZIER_KNOTS.);
#1531 = CARTESIAN_POINT('',(0.,1.));
#1532 = CARTESIAN_POINT('',(10.093942758998,1.));
#1533 = ( GEOMETRIC_REPRESENTATION_CONTEXT(2) 
PARAMETRIC_REPRESENTATION_CONTEXT() REPRESENTATION_CONTEXT('2D SPACE',''
  ) );
#1534 = ORIENTED_EDGE('',*,*,#1535,.F.);
#1535 = EDGE_CURVE('',#1536,#1509,#1538,.T.);
#1536 = VERTEX_POINT('',#1537);
#1537 = CARTESIAN_POINT('',(-16.55,-4.434559134735,4.26));
#1538 = SURFACE_CURVE('',#1539,(#1543,#1550),.PCURVE_S1.);
#1539 = LINE('',#1540,#1541);
#1540 = CARTESIAN_POINT('',(-16.55,-4.434559134735,4.26));
#1541 = VECTOR('',#1542,1.);
#1542 = DIRECTION('',(0.5,-0.866025403784,0.));
#1543 = PCURVE('',#489,#1544);
#1544 = DEFINITIONAL_REPRESENTATION('',(#1545),#1549);
#1545 = LINE('',#1546,#1547);
#1546 = CARTESIAN_POINT('',(34.267641571574,0.));
#1547 = VECTOR('',#1548,1.);
#1548 = DIRECTION('',(-0.258819045103,-0.965925826289));
#1549 = ( GEOMETRIC_REPRESENTATION_CONTEXT(2) 
PARAMETRIC_REPRESENTATION_CONTEXT() REPRESENTATION_CONTEXT('2D SPACE',''
  ) );
#1550 = PCURVE('',#1551,#1556);
#1551 = B_SPLINE_SURFACE_WITH_KNOTS('',1,1,(
    (#1552,#1553)
    ,(#1554,#1555
    )),.UNSPECIFIED.,.F.,.F.,.F.,(2,2),(2,2),(0.,10.093942758998),(0.,1.
    ),.PIECEWISE_BEZIER_KNOTS.);
#1552 = CARTESIAN_POINT('',(-18.83555361263,-5.046971379499,3.01));
#1553 = CARTESIAN_POINT('',(-16.55,-4.434559134735,4.26));
#1554 = CARTESIAN_POINT('',(-13.78858223313,-13.78858223313,3.01));
#1555 = CARTESIAN_POINT('',(-12.11544086526,-12.11544086526,4.26));
#1556 = DEFINITIONAL_REPRESENTATION('',(#1557),#1560);
#1557 = B_SPLINE_CURVE_WITH_KNOTS('',1,(#1558,#1559),.UNSPECIFIED.,.F.,
  .F.,(2,2),(0.,8.86911826947),.PIECEWISE_BEZIER_KNOTS.);
#1558 = CARTESIAN_POINT('',(0.,1.));
#1559 = CARTESIAN_POINT('',(10.093942758998,1.));
#1560 = ( GEOMETRIC_REPRESENTATION_CONTEXT(2) 
PARAMETRIC_REPRESENTATION_CONTEXT() REPRESENTATION_CONTEXT('2D SPACE',''
  ) );
#1561 = ORIENTED_EDGE('',*,*,#1562,.F.);
#1562 = EDGE_CURVE('',#1563,#1536,#1565,.T.);
#1563 = VERTEX_POINT('',#1564);
#1564 = CARTESIAN_POINT('',(-16.55,4.434559134735,4.26));
#1565 = SURFACE_CURVE('',#1566,(#1570,#1577),.PCURVE_S1.);
#1566 = LINE('',#1567,#1568);
#1567 = CARTESIAN_POINT('',(-16.55,4.434559134735,4.26));
#1568 = VECTOR('',#1569,1.);
#1569 = DIRECTION('',(-4.005712372818E-16,-1.,0.));
#1570 = PCURVE('',#489,#1571);
#1571 = DEFINITIONAL_REPRESENTATION('',(#1572),#1576);
#1572 = LINE('',#1573,#1574);
#1573 = CARTESIAN_POINT('',(31.972144850168,8.566910392893));
#1574 = VECTOR('',#1575,1.);
#1575 = DIRECTION('',(0.258819045103,-0.965925826289));
#1576 = ( GEOMETRIC_REPRESENTATION_CONTEXT(2) 
PARAMETRIC_REPRESENTATION_CONTEXT() REPRESENTATION_CONTEXT('2D SPACE',''
  ) );
#1577 = PCURVE('',#1578,#1583);
#1578 = B_SPLINE_SURFACE_WITH_KNOTS('',1,1,(
    (#1579,#1580)
    ,(#1581,#1582
    )),.UNSPECIFIED.,.F.,.F.,.F.,(2,2),(2,2),(0.,10.093942758998),(0.,1.
    ),.PIECEWISE_BEZIER_KNOTS.);
#1579 = CARTESIAN_POINT('',(-18.83555361263,5.046971379499,3.01));
#1580 = CARTESIAN_POINT('',(-16.55,4.434559134735,4.26));
#1581 = CARTESIAN_POINT('',(-18.83555361263,-5.046971379499,3.01));
#1582 = CARTESIAN_POINT('',(-16.55,-4.434559134735,4.26));
#1583 = DEFINITIONAL_REPRESENTATION('',(#1584),#1587);
#1584 = B_SPLINE_CURVE_WITH_KNOTS('',1,(#1585,#1586),.UNSPECIFIED.,.F.,
  .F.,(2,2),(0.,8.86911826947),.PIECEWISE_BEZIER_KNOTS.);
#1585 = CARTESIAN_POINT('',(0.,1.));
#1586 = CARTESIAN_POINT('',(10.093942758998,1.));
#1587 = ( GEOMETRIC_REPRESENTATION_CONTEXT(2) 
PARAMETRIC_REPRESENTATION_CONTEXT() REPRESENTATION_CONTEXT('2D SPACE',''
  ) );
#1588 = ORIENTED_EDGE('',*,*,#1589,.F.);
#1589 = EDGE_CURVE('',#1590,#1563,#1592,.T.);
#1590 = VERTEX_POINT('',#1591);
#1591 = CARTESIAN_POINT('',(-12.11544086526,12.115440865265,4.26));
#1592 = SURFACE_CURVE('',#1593,(#1597,#1604),.PCURVE_S1.);
#1593 = LINE('',#1594,#1595);
#1594 = CARTESIAN_POINT('',(-12.11544086526,12.115440865265,4.26));
#1595 = VECTOR('',#1596,1.);
#1596 = DIRECTION('',(-0.5,-0.866025403784,0.));
#1597 = PCURVE('',#489,#1598);
#1598 = DEFINITIONAL_REPRESENTATION('',(#1599),#1603);
#1599 = LINE('',#1600,#1601);
#1600 = CARTESIAN_POINT('',(25.70073117868,14.838324064381));
#1601 = VECTOR('',#1602,1.);
#1602 = DIRECTION('',(0.707106781187,-0.707106781187));
#1603 = ( GEOMETRIC_REPRESENTATION_CONTEXT(2) 
PARAMETRIC_REPRESENTATION_CONTEXT() REPRESENTATION_CONTEXT('2D SPACE',''
  ) );
#1604 = PCURVE('',#1605,#1610);
#1605 = B_SPLINE_SURFACE_WITH_KNOTS('',1,1,(
    (#1606,#1607)
    ,(#1608,#1609
    )),.UNSPECIFIED.,.F.,.F.,.F.,(2,2),(2,2),(0.,10.093942758998),(0.,1.
    ),.PIECEWISE_BEZIER_KNOTS.);
#1606 = CARTESIAN_POINT('',(-13.78858223313,13.788582233138,3.01));
#1607 = CARTESIAN_POINT('',(-12.11544086526,12.115440865265,4.26));
#1608 = CARTESIAN_POINT('',(-18.83555361263,5.046971379499,3.01));
#1609 = CARTESIAN_POINT('',(-16.55,4.434559134735,4.26));
#1610 = DEFINITIONAL_REPRESENTATION('',(#1611),#1614);
#1611 = B_SPLINE_CURVE_WITH_KNOTS('',1,(#1612,#1613),.UNSPECIFIED.,.F.,
  .F.,(2,2),(0.,8.86911826947),.PIECEWISE_BEZIER_KNOTS.);
#1612 = CARTESIAN_POINT('',(0.,1.));
#1613 = CARTESIAN_POINT('',(10.093942758998,1.));
#1614 = ( GEOMETRIC_REPRESENTATION_CONTEXT(2) 
PARAMETRIC_REPRESENTATION_CONTEXT() REPRESENTATION_CONTEXT('2D SPACE',''
  ) );
#1615 = ORIENTED_EDGE('',*,*,#1616,.F.);
#1616 = EDGE_CURVE('',#1617,#1590,#1619,.T.);
#1617 = VERTEX_POINT('',#1618);
#1618 = CARTESIAN_POINT('',(-4.434559134735,16.55,4.26));
#1619 = SURFACE_CURVE('',#1620,(#1624,#1631),.PCURVE_S1.);
#1620 = LINE('',#1621,#1622);
#1621 = CARTESIAN_POINT('',(-4.434559134735,16.55,4.26));
#1622 = VECTOR('',#1623,1.);
#1623 = DIRECTION('',(-0.866025403784,-0.5,0.));
#1624 = PCURVE('',#489,#1625);
#1625 = DEFINITIONAL_REPRESENTATION('',(#1626),#1630);
#1626 = LINE('',#1627,#1628);
#1627 = CARTESIAN_POINT('',(17.133820785787,17.133820785787));
#1628 = VECTOR('',#1629,1.);
#1629 = DIRECTION('',(0.965925826289,-0.258819045103));
#1630 = ( GEOMETRIC_REPRESENTATION_CONTEXT(2) 
PARAMETRIC_REPRESENTATION_CONTEXT() REPRESENTATION_CONTEXT('2D SPACE',''
  ) );
#1631 = PCURVE('',#1632,#1637);
#1632 = B_SPLINE_SURFACE_WITH_KNOTS('',1,1,(
    (#1633,#1634)
    ,(#1635,#1636
    )),.UNSPECIFIED.,.F.,.F.,.F.,(2,2),(2,2),(0.,10.093942758998),(0.,1.
    ),.PIECEWISE_BEZIER_KNOTS.);
#1633 = CARTESIAN_POINT('',(-5.046971379499,18.835553612637,3.01));
#1634 = CARTESIAN_POINT('',(-4.434559134735,16.55,4.26));
#1635 = CARTESIAN_POINT('',(-13.78858223313,13.788582233138,3.01));
#1636 = CARTESIAN_POINT('',(-12.11544086526,12.115440865265,4.26));
#1637 = DEFINITIONAL_REPRESENTATION('',(#1638),#1641);
#1638 = B_SPLINE_CURVE_WITH_KNOTS('',1,(#1639,#1640),.UNSPECIFIED.,.F.,
  .F.,(2,2),(0.,8.86911826947),.PIECEWISE_BEZIER_KNOTS.);
#1639 = CARTESIAN_POINT('',(0.,1.));
#1640 = CARTESIAN_POINT('',(10.093942758998,1.));
#1641 = ( GEOMETRIC_REPRESENTATION_CONTEXT(2) 
PARAMETRIC_REPRESENTATION_CONTEXT() REPRESENTATION_CONTEXT('2D SPACE',''
  ) );
#1642 = ORIENTED_EDGE('',*,*,#1643,.F.);
#1643 = EDGE_CURVE('',#1380,#1617,#1644,.T.);
#1644 = SURFACE_CURVE('',#1645,(#1649,#1656),.PCURVE_S1.);
#1645 = LINE('',#1646,#1647);
#1646 = CARTESIAN_POINT('',(4.434559134735,16.55,4.26));
#1647 = VECTOR('',#1648,1.);
#1648 = DIRECTION('',(-1.,0.,0.));
#1649 = PCURVE('',#489,#1650);
#1650 = DEFINITIONAL_REPRESENTATION('',(#1651),#1655);
#1651 = LINE('',#1652,#1653);
#1652 = CARTESIAN_POINT('',(8.566910392893,14.838324064381));
#1653 = VECTOR('',#1654,1.);
#1654 = DIRECTION('',(0.965925826289,0.258819045103));
#1655 = ( GEOMETRIC_REPRESENTATION_CONTEXT(2) 
PARAMETRIC_REPRESENTATION_CONTEXT() REPRESENTATION_CONTEXT('2D SPACE',''
  ) );
#1656 = PCURVE('',#1394,#1657);
#1657 = DEFINITIONAL_REPRESENTATION('',(#1658),#1661);
#1658 = B_SPLINE_CURVE_WITH_KNOTS('',1,(#1659,#1660),.UNSPECIFIED.,.F.,
  .F.,(2,2),(0.,8.86911826947),.PIECEWISE_BEZIER_KNOTS.);
#1659 = CARTESIAN_POINT('',(0.,1.));
#1660 = CARTESIAN_POINT('',(10.093942758998,1.));
#1661 = ( GEOMETRIC_REPRESENTATION_CONTEXT(2) 
PARAMETRIC_REPRESENTATION_CONTEXT() REPRESENTATION_CONTEXT('2D SPACE',''
  ) );
#1662 = ORIENTED_EDGE('',*,*,#1406,.F.);
#1663 = FACE_BOUND('',#1664,.F.);
#1664 = EDGE_LOOP('',(#1665));
#1665 = ORIENTED_EDGE('',*,*,#1666,.F.);
#1666 = EDGE_CURVE('',#1667,#1667,#1669,.T.);
#1667 = VERTEX_POINT('',#1668);
#1668 = CARTESIAN_POINT('',(15.45,0.,4.26));
#1669 = SURFACE_CURVE('',#1670,(#1675,#1682),.PCURVE_S1.);
#1670 = CIRCLE('',#1671,15.45);
#1671 = AXIS2_PLACEMENT_3D('',#1672,#1673,#1674);
#1672 = CARTESIAN_POINT('',(0.,0.,4.26));
#1673 = DIRECTION('',(0.,0.,-1.));
#1674 = DIRECTION('',(1.,0.,0.));
#1675 = PCURVE('',#489,#1676);
#1676 = DEFINITIONAL_REPRESENTATION('',(#1677),#1681);
#1677 = CIRCLE('',#1678,15.45);
#1678 = AXIS2_PLACEMENT_2D('',#1679,#1680);
#1679 = CARTESIAN_POINT('',(17.133820785787,0.));
#1680 = DIRECTION('',(-0.965925826289,-0.258819045103));
#1681 = ( GEOMETRIC_REPRESENTATION_CONTEXT(2) 
PARAMETRIC_REPRESENTATION_CONTEXT() REPRESENTATION_CONTEXT('2D SPACE',''
  ) );
#1682 = PCURVE('',#1683,#1688);
#1683 = CYLINDRICAL_SURFACE('',#1684,15.45);
#1684 = AXIS2_PLACEMENT_3D('',#1685,#1686,#1687);
#1685 = CARTESIAN_POINT('',(0.,0.,5.36));
#1686 = DIRECTION('',(-0.,-0.,-1.));
#1687 = DIRECTION('',(1.,0.,0.));
#1688 = DEFINITIONAL_REPRESENTATION('',(#1689),#1693);
#1689 = LINE('',#1690,#1691);
#1690 = CARTESIAN_POINT('',(-6.28318530718,1.1));
#1691 = VECTOR('',#1692,1.);
#1692 = DIRECTION('',(1.,-0.));
#1693 = ( GEOMETRIC_REPRESENTATION_CONTEXT(2) 
PARAMETRIC_REPRESENTATION_CONTEXT() REPRESENTATION_CONTEXT('2D SPACE',''
  ) );
#1694 = ADVANCED_FACE('',(#1695),#563,.F.);
#1695 = FACE_BOUND('',#1696,.F.);
#1696 = EDGE_LOOP('',(#1697,#1698,#1720,#1748));
#1697 = ORIENTED_EDGE('',*,*,#547,.T.);
#1698 = ORIENTED_EDGE('',*,*,#1699,.T.);
#1699 = EDGE_CURVE('',#526,#1700,#1702,.T.);
#1700 = VERTEX_POINT('',#1701);
#1701 = CARTESIAN_POINT('',(-5.046971379499,18.835553612637,3.01));
#1702 = SURFACE_CURVE('',#1703,(#1707,#1714),.PCURVE_S1.);
#1703 = LINE('',#1704,#1705);
#1704 = CARTESIAN_POINT('',(5.046971379499,18.835553612637,3.01));
#1705 = VECTOR('',#1706,1.);
#1706 = DIRECTION('',(-1.,0.,0.));
#1707 = PCURVE('',#563,#1708);
#1708 = DEFINITIONAL_REPRESENTATION('',(#1709),#1713);
#1709 = LINE('',#1710,#1711);
#1710 = CARTESIAN_POINT('',(0.,-9.56));
#1711 = VECTOR('',#1712,1.);
#1712 = DIRECTION('',(1.,0.));
#1713 = ( GEOMETRIC_REPRESENTATION_CONTEXT(2) 
PARAMETRIC_REPRESENTATION_CONTEXT() REPRESENTATION_CONTEXT('2D SPACE',''
  ) );
#1714 = PCURVE('',#1394,#1715);
#1715 = DEFINITIONAL_REPRESENTATION('',(#1716),#1719);
#1716 = B_SPLINE_CURVE_WITH_KNOTS('',1,(#1717,#1718),.UNSPECIFIED.,.F.,
  .F.,(2,2),(0.,10.093942758998),.PIECEWISE_BEZIER_KNOTS.);
#1717 = CARTESIAN_POINT('',(0.,0.));
#1718 = CARTESIAN_POINT('',(10.093942758998,0.));
#1719 = ( GEOMETRIC_REPRESENTATION_CONTEXT(2) 
PARAMETRIC_REPRESENTATION_CONTEXT() REPRESENTATION_CONTEXT('2D SPACE',''
  ) );
#1720 = ORIENTED_EDGE('',*,*,#1721,.F.);
#1721 = EDGE_CURVE('',#1722,#1700,#1724,.T.);
#1722 = VERTEX_POINT('',#1723);
#1723 = CARTESIAN_POINT('',(-5.046971379499,18.835553612637,-6.3));
#1724 = SURFACE_CURVE('',#1725,(#1729,#1736),.PCURVE_S1.);
#1725 = LINE('',#1726,#1727);
#1726 = CARTESIAN_POINT('',(-5.046971379499,18.835553612637,-6.55));
#1727 = VECTOR('',#1728,1.);
#1728 = DIRECTION('',(0.,0.,1.));
#1729 = PCURVE('',#563,#1730);
#1730 = DEFINITIONAL_REPRESENTATION('',(#1731),#1735);
#1731 = LINE('',#1732,#1733);
#1732 = CARTESIAN_POINT('',(10.093942758998,0.));
#1733 = VECTOR('',#1734,1.);
#1734 = DIRECTION('',(0.,-1.));
#1735 = ( GEOMETRIC_REPRESENTATION_CONTEXT(2) 
PARAMETRIC_REPRESENTATION_CONTEXT() REPRESENTATION_CONTEXT('2D SPACE',''
  ) );
#1736 = PCURVE('',#1737,#1742);
#1737 = PLANE('',#1738);
#1738 = AXIS2_PLACEMENT_3D('',#1739,#1740,#1741);
#1739 = CARTESIAN_POINT('',(-5.046971379499,18.835553612637,-6.55));
#1740 = DIRECTION('',(0.5,-0.866025403784,0.));
#1741 = DIRECTION('',(-0.866025403784,-0.5,0.));
#1742 = DEFINITIONAL_REPRESENTATION('',(#1743),#1747);
#1743 = LINE('',#1744,#1745);
#1744 = CARTESIAN_POINT('',(0.,0.));
#1745 = VECTOR('',#1746,1.);
#1746 = DIRECTION('',(0.,-1.));
#1747 = ( GEOMETRIC_REPRESENTATION_CONTEXT(2) 
PARAMETRIC_REPRESENTATION_CONTEXT() REPRESENTATION_CONTEXT('2D SPACE',''
  ) );
#1748 = ORIENTED_EDGE('',*,*,#1749,.F.);
#1749 = EDGE_CURVE('',#548,#1722,#1750,.T.);
#1750 = SURFACE_CURVE('',#1751,(#1755,#1762),.PCURVE_S1.);
#1751 = LINE('',#1752,#1753);
#1752 = CARTESIAN_POINT('',(5.046971379499,18.835553612637,-6.3));
#1753 = VECTOR('',#1754,1.);
#1754 = DIRECTION('',(-1.,0.,0.));
#1755 = PCURVE('',#563,#1756);
#1756 = DEFINITIONAL_REPRESENTATION('',(#1757),#1761);
#1757 = LINE('',#1758,#1759);
#1758 = CARTESIAN_POINT('',(0.,-0.25));
#1759 = VECTOR('',#1760,1.);
#1760 = DIRECTION('',(1.,0.));
#1761 = ( GEOMETRIC_REPRESENTATION_CONTEXT(2) 
PARAMETRIC_REPRESENTATION_CONTEXT() REPRESENTATION_CONTEXT('2D SPACE',''
  ) );
#1762 = PCURVE('',#1083,#1763);
#1763 = DEFINITIONAL_REPRESENTATION('',(#1764),#1768);
#1764 = LINE('',#1765,#1766);
#1765 = CARTESIAN_POINT('',(0.,0.176776695297));
#1766 = VECTOR('',#1767,1.);
#1767 = DIRECTION('',(1.,0.));
#1768 = ( GEOMETRIC_REPRESENTATION_CONTEXT(2) 
PARAMETRIC_REPRESENTATION_CONTEXT() REPRESENTATION_CONTEXT('2D SPACE',''
  ) );
#1769 = ADVANCED_FACE('',(#1770),#617,.F.);
#1770 = FACE_BOUND('',#1771,.F.);
#1771 = EDGE_LOOP('',(#1772,#1802,#1822,#1823));
#1772 = ORIENTED_EDGE('',*,*,#1773,.T.);
#1773 = EDGE_CURVE('',#1774,#1776,#1778,.T.);
#1774 = VERTEX_POINT('',#1775);
#1775 = CARTESIAN_POINT('',(5.046971379499,-18.83555361263,-6.3));
#1776 = VERTEX_POINT('',#1777);
#1777 = CARTESIAN_POINT('',(5.046971379499,-18.83555361263,3.01));
#1778 = SURFACE_CURVE('',#1779,(#1783,#1790),.PCURVE_S1.);
#1779 = LINE('',#1780,#1781);
#1780 = CARTESIAN_POINT('',(5.046971379499,-18.83555361263,-6.55));
#1781 = VECTOR('',#1782,1.);
#1782 = DIRECTION('',(0.,0.,1.));
#1783 = PCURVE('',#617,#1784);
#1784 = DEFINITIONAL_REPRESENTATION('',(#1785),#1789);
#1785 = LINE('',#1786,#1787);
#1786 = CARTESIAN_POINT('',(0.,0.));
#1787 = VECTOR('',#1788,1.);
#1788 = DIRECTION('',(0.,-1.));
#1789 = ( GEOMETRIC_REPRESENTATION_CONTEXT(2) 
PARAMETRIC_REPRESENTATION_CONTEXT() REPRESENTATION_CONTEXT('2D SPACE',''
  ) );
#1790 = PCURVE('',#1791,#1796);
#1791 = PLANE('',#1792);
#1792 = AXIS2_PLACEMENT_3D('',#1793,#1794,#1795);
#1793 = CARTESIAN_POINT('',(-5.046971379499,-18.83555361263,-6.55));
#1794 = DIRECTION('',(0.,1.,0.));
#1795 = DIRECTION('',(1.,0.,0.));
#1796 = DEFINITIONAL_REPRESENTATION('',(#1797),#1801);
#1797 = LINE('',#1798,#1799);
#1798 = CARTESIAN_POINT('',(10.093942758998,0.));
#1799 = VECTOR('',#1800,1.);
#1800 = DIRECTION('',(0.,-1.));
#1801 = ( GEOMETRIC_REPRESENTATION_CONTEXT(2) 
PARAMETRIC_REPRESENTATION_CONTEXT() REPRESENTATION_CONTEXT('2D SPACE',''
  ) );
#1802 = ORIENTED_EDGE('',*,*,#1803,.T.);
#1803 = EDGE_CURVE('',#1776,#602,#1804,.T.);
#1804 = SURFACE_CURVE('',#1805,(#1809,#1816),.PCURVE_S1.);
#1805 = LINE('',#1806,#1807);
#1806 = CARTESIAN_POINT('',(5.046971379499,-18.83555361263,3.01));
#1807 = VECTOR('',#1808,1.);
#1808 = DIRECTION('',(0.866025403784,0.5,0.));
#1809 = PCURVE('',#617,#1810);
#1810 = DEFINITIONAL_REPRESENTATION('',(#1811),#1815);
#1811 = LINE('',#1812,#1813);
#1812 = CARTESIAN_POINT('',(0.,-9.56));
#1813 = VECTOR('',#1814,1.);
#1814 = DIRECTION('',(1.,0.));
#1815 = ( GEOMETRIC_REPRESENTATION_CONTEXT(2) 
PARAMETRIC_REPRESENTATION_CONTEXT() REPRESENTATION_CONTEXT('2D SPACE',''
  ) );
#1816 = PCURVE('',#1470,#1817);
#1817 = DEFINITIONAL_REPRESENTATION('',(#1818),#1821);
#1818 = B_SPLINE_CURVE_WITH_KNOTS('',1,(#1819,#1820),.UNSPECIFIED.,.F.,
  .F.,(2,2),(0.,10.093942758998),.PIECEWISE_BEZIER_KNOTS.);
#1819 = CARTESIAN_POINT('',(0.,0.));
#1820 = CARTESIAN_POINT('',(10.093942758998,0.));
#1821 = ( GEOMETRIC_REPRESENTATION_CONTEXT(2) 
PARAMETRIC_REPRESENTATION_CONTEXT() REPRESENTATION_CONTEXT('2D SPACE',''
  ) );
#1822 = ORIENTED_EDGE('',*,*,#599,.F.);
#1823 = ORIENTED_EDGE('',*,*,#1824,.F.);
#1824 = EDGE_CURVE('',#1774,#600,#1825,.T.);
#1825 = SURFACE_CURVE('',#1826,(#1830,#1837),.PCURVE_S1.);
#1826 = LINE('',#1827,#1828);
#1827 = CARTESIAN_POINT('',(5.046971379499,-18.83555361263,-6.3));
#1828 = VECTOR('',#1829,1.);
#1829 = DIRECTION('',(0.866025403784,0.5,0.));
#1830 = PCURVE('',#617,#1831);
#1831 = DEFINITIONAL_REPRESENTATION('',(#1832),#1836);
#1832 = LINE('',#1833,#1834);
#1833 = CARTESIAN_POINT('',(0.,-0.25));
#1834 = VECTOR('',#1835,1.);
#1835 = DIRECTION('',(1.,0.));
#1836 = ( GEOMETRIC_REPRESENTATION_CONTEXT(2) 
PARAMETRIC_REPRESENTATION_CONTEXT() REPRESENTATION_CONTEXT('2D SPACE',''
  ) );
#1837 = PCURVE('',#1279,#1838);
#1838 = DEFINITIONAL_REPRESENTATION('',(#1839),#1843);
#1839 = LINE('',#1840,#1841);
#1840 = CARTESIAN_POINT('',(0.,0.176776695297));
#1841 = VECTOR('',#1842,1.);
#1842 = DIRECTION('',(1.,0.));
#1843 = ( GEOMETRIC_REPRESENTATION_CONTEXT(2) 
PARAMETRIC_REPRESENTATION_CONTEXT() REPRESENTATION_CONTEXT('2D SPACE',''
  ) );
#1844 = ADVANCED_FACE('',(#1845),#669,.T.);
#1845 = FACE_BOUND('',#1846,.T.);
#1846 = EDGE_LOOP('',(#1847,#1868,#1869,#1870));
#1847 = ORIENTED_EDGE('',*,*,#1848,.F.);
#1848 = EDGE_CURVE('',#1264,#600,#1849,.T.);
#1849 = SURFACE_CURVE('',#1850,(#1854,#1861),.PCURVE_S1.);
#1850 = LINE('',#1851,#1852);
#1851 = CARTESIAN_POINT('',(13.222412624973,-13.22241262497,
    -7.073402067604));
#1852 = VECTOR('',#1853,1.);
#1853 = DIRECTION('',(0.508589802709,-0.508589802709,0.694746590607));
#1854 = PCURVE('',#669,#1855);
#1855 = DEFINITIONAL_REPRESENTATION('',(#1856),#1860);
#1856 = LINE('',#1857,#1858);
#1857 = CARTESIAN_POINT('',(0.207232459439,-0.916978997876));
#1858 = VECTOR('',#1859,1.);
#1859 = DIRECTION('',(-0.186156787897,0.982520050849));
#1860 = ( GEOMETRIC_REPRESENTATION_CONTEXT(2) 
PARAMETRIC_REPRESENTATION_CONTEXT() REPRESENTATION_CONTEXT('2D SPACE',''
  ) );
#1861 = PCURVE('',#1279,#1862);
#1862 = DEFINITIONAL_REPRESENTATION('',(#1863),#1867);
#1863 = LINE('',#1864,#1865);
#1864 = CARTESIAN_POINT('',(9.886710299559,-0.916978997876));
#1865 = VECTOR('',#1866,1.);
#1866 = DIRECTION('',(0.186156787897,0.982520050849));
#1867 = ( GEOMETRIC_REPRESENTATION_CONTEXT(2) 
PARAMETRIC_REPRESENTATION_CONTEXT() REPRESENTATION_CONTEXT('2D SPACE',''
  ) );
#1868 = ORIENTED_EDGE('',*,*,#1291,.T.);
#1869 = ORIENTED_EDGE('',*,*,#684,.F.);
#1870 = ORIENTED_EDGE('',*,*,#655,.F.);
#1871 = ADVANCED_FACE('',(#1872),#643,.T.);
#1872 = FACE_BOUND('',#1873,.T.);
#1873 = EDGE_LOOP('',(#1874,#1875,#1876,#1877));
#1874 = ORIENTED_EDGE('',*,*,#629,.T.);
#1875 = ORIENTED_EDGE('',*,*,#757,.T.);
#1876 = ORIENTED_EDGE('',*,*,#1432,.F.);
#1877 = ORIENTED_EDGE('',*,*,#1878,.F.);
#1878 = EDGE_CURVE('',#602,#1433,#1879,.T.);
#1879 = SURFACE_CURVE('',#1880,(#1883,#1890),.PCURVE_S1.);
#1880 = B_SPLINE_CURVE_WITH_KNOTS('',1,(#1881,#1882),.UNSPECIFIED.,.F.,
  .F.,(2,2),(0.,1.),.PIECEWISE_BEZIER_KNOTS.);
#1881 = CARTESIAN_POINT('',(13.788582233138,-13.78858223313,3.01));
#1882 = CARTESIAN_POINT('',(12.115440865265,-12.11544086526,4.26));
#1883 = PCURVE('',#643,#1884);
#1884 = DEFINITIONAL_REPRESENTATION('',(#1885),#1889);
#1885 = LINE('',#1886,#1887);
#1886 = CARTESIAN_POINT('',(0.,0.));
#1887 = VECTOR('',#1888,1.);
#1888 = DIRECTION('',(0.,1.));
#1889 = ( GEOMETRIC_REPRESENTATION_CONTEXT(2) 
PARAMETRIC_REPRESENTATION_CONTEXT() REPRESENTATION_CONTEXT('2D SPACE',''
  ) );
#1890 = PCURVE('',#1470,#1891);
#1891 = DEFINITIONAL_REPRESENTATION('',(#1892),#1896);
#1892 = LINE('',#1893,#1894);
#1893 = CARTESIAN_POINT('',(10.093942758998,0.));
#1894 = VECTOR('',#1895,1.);
#1895 = DIRECTION('',(0.,1.));
#1896 = ( GEOMETRIC_REPRESENTATION_CONTEXT(2) 
PARAMETRIC_REPRESENTATION_CONTEXT() REPRESENTATION_CONTEXT('2D SPACE',''
  ) );
#1897 = ADVANCED_FACE('',(#1898),#824,.F.);
#1898 = FACE_BOUND('',#1899,.T.);
#1899 = EDGE_LOOP('',(#1900,#1929,#1950,#1951,#1952,#1953,#1976,#2003,
    #2004,#2005,#2006,#2007));
#1900 = ORIENTED_EDGE('',*,*,#1901,.T.);
#1901 = EDGE_CURVE('',#1902,#1902,#1904,.T.);
#1902 = VERTEX_POINT('',#1903);
#1903 = CARTESIAN_POINT('',(14.7,0.,-0.45));
#1904 = SURFACE_CURVE('',#1905,(#1910,#1917),.PCURVE_S1.);
#1905 = CIRCLE('',#1906,14.7);
#1906 = AXIS2_PLACEMENT_3D('',#1907,#1908,#1909);
#1907 = CARTESIAN_POINT('',(0.,0.,-0.45));
#1908 = DIRECTION('',(0.,0.,1.));
#1909 = DIRECTION('',(1.,0.,-0.));
#1910 = PCURVE('',#824,#1911);
#1911 = DEFINITIONAL_REPRESENTATION('',(#1912),#1916);
#1912 = LINE('',#1913,#1914);
#1913 = CARTESIAN_POINT('',(-0.,0.));
#1914 = VECTOR('',#1915,1.);
#1915 = DIRECTION('',(-1.,0.));
#1916 = ( GEOMETRIC_REPRESENTATION_CONTEXT(2) 
PARAMETRIC_REPRESENTATION_CONTEXT() REPRESENTATION_CONTEXT('2D SPACE',''
  ) );
#1917 = PCURVE('',#1918,#1923);
#1918 = PLANE('',#1919);
#1919 = AXIS2_PLACEMENT_3D('',#1920,#1921,#1922);
#1920 = CARTESIAN_POINT('',(0.,0.,-0.45));
#1921 = DIRECTION('',(0.,0.,1.));
#1922 = DIRECTION('',(1.,0.,-0.));
#1923 = DEFINITIONAL_REPRESENTATION('',(#1924),#1928);
#1924 = CIRCLE('',#1925,14.7);
#1925 = AXIS2_PLACEMENT_2D('',#1926,#1927);
#1926 = CARTESIAN_POINT('',(0.,0.));
#1927 = DIRECTION('',(1.,-0.));
#1928 = ( GEOMETRIC_REPRESENTATION_CONTEXT(2) 
PARAMETRIC_REPRESENTATION_CONTEXT() REPRESENTATION_CONTEXT('2D SPACE',''
  ) );
#1929 = ORIENTED_EDGE('',*,*,#1930,.T.);
#1930 = EDGE_CURVE('',#1902,#804,#1931,.T.);
#1931 = SEAM_CURVE('',#1932,(#1936,#1943),.PCURVE_S1.);
#1932 = LINE('',#1933,#1934);
#1933 = CARTESIAN_POINT('',(14.7,0.,-0.45));
#1934 = VECTOR('',#1935,1.);
#1935 = DIRECTION('',(0.,0.,-1.));
#1936 = PCURVE('',#824,#1937);
#1937 = DEFINITIONAL_REPRESENTATION('',(#1938),#1942);
#1938 = LINE('',#1939,#1940);
#1939 = CARTESIAN_POINT('',(-0.,0.));
#1940 = VECTOR('',#1941,1.);
#1941 = DIRECTION('',(-0.,1.));
#1942 = ( GEOMETRIC_REPRESENTATION_CONTEXT(2) 
PARAMETRIC_REPRESENTATION_CONTEXT() REPRESENTATION_CONTEXT('2D SPACE',''
  ) );
#1943 = PCURVE('',#824,#1944);
#1944 = DEFINITIONAL_REPRESENTATION('',(#1945),#1949);
#1945 = LINE('',#1946,#1947);
#1946 = CARTESIAN_POINT('',(-6.28318530718,0.));
#1947 = VECTOR('',#1948,1.);
#1948 = DIRECTION('',(-0.,1.));
#1949 = ( GEOMETRIC_REPRESENTATION_CONTEXT(2) 
PARAMETRIC_REPRESENTATION_CONTEXT() REPRESENTATION_CONTEXT('2D SPACE',''
  ) );
#1950 = ORIENTED_EDGE('',*,*,#836,.T.);
#1951 = ORIENTED_EDGE('',*,*,#1019,.T.);
#1952 = ORIENTED_EDGE('',*,*,#965,.F.);
#1953 = ORIENTED_EDGE('',*,*,#1954,.T.);
#1954 = EDGE_CURVE('',#938,#1955,#1957,.T.);
#1955 = VERTEX_POINT('',#1956);
#1956 = CARTESIAN_POINT('',(14.7,0.,-6.12));
#1957 = SEAM_CURVE('',#1958,(#1962,#1969),.PCURVE_S1.);
#1958 = LINE('',#1959,#1960);
#1959 = CARTESIAN_POINT('',(14.7,0.,-0.45));
#1960 = VECTOR('',#1961,1.);
#1961 = DIRECTION('',(0.,0.,-1.));
#1962 = PCURVE('',#824,#1963);
#1963 = DEFINITIONAL_REPRESENTATION('',(#1964),#1968);
#1964 = LINE('',#1965,#1966);
#1965 = CARTESIAN_POINT('',(-0.,0.));
#1966 = VECTOR('',#1967,1.);
#1967 = DIRECTION('',(-0.,1.));
#1968 = ( GEOMETRIC_REPRESENTATION_CONTEXT(2) 
PARAMETRIC_REPRESENTATION_CONTEXT() REPRESENTATION_CONTEXT('2D SPACE',''
  ) );
#1969 = PCURVE('',#824,#1970);
#1970 = DEFINITIONAL_REPRESENTATION('',(#1971),#1975);
#1971 = LINE('',#1972,#1973);
#1972 = CARTESIAN_POINT('',(-6.28318530718,0.));
#1973 = VECTOR('',#1974,1.);
#1974 = DIRECTION('',(-0.,1.));
#1975 = ( GEOMETRIC_REPRESENTATION_CONTEXT(2) 
PARAMETRIC_REPRESENTATION_CONTEXT() REPRESENTATION_CONTEXT('2D SPACE',''
  ) );
#1976 = ORIENTED_EDGE('',*,*,#1977,.F.);
#1977 = EDGE_CURVE('',#1955,#1955,#1978,.T.);
#1978 = SURFACE_CURVE('',#1979,(#1984,#1991),.PCURVE_S1.);
#1979 = CIRCLE('',#1980,14.7);
#1980 = AXIS2_PLACEMENT_3D('',#1981,#1982,#1983);
#1981 = CARTESIAN_POINT('',(0.,0.,-6.12));
#1982 = DIRECTION('',(0.,0.,1.));
#1983 = DIRECTION('',(1.,0.,-0.));
#1984 = PCURVE('',#824,#1985);
#1985 = DEFINITIONAL_REPRESENTATION('',(#1986),#1990);
#1986 = LINE('',#1987,#1988);
#1987 = CARTESIAN_POINT('',(-0.,5.67));
#1988 = VECTOR('',#1989,1.);
#1989 = DIRECTION('',(-1.,0.));
#1990 = ( GEOMETRIC_REPRESENTATION_CONTEXT(2) 
PARAMETRIC_REPRESENTATION_CONTEXT() REPRESENTATION_CONTEXT('2D SPACE',''
  ) );
#1991 = PCURVE('',#1992,#1997);
#1992 = PLANE('',#1993);
#1993 = AXIS2_PLACEMENT_3D('',#1994,#1995,#1996);
#1994 = CARTESIAN_POINT('',(0.,0.,-6.12));
#1995 = DIRECTION('',(0.,0.,1.));
#1996 = DIRECTION('',(1.,0.,-0.));
#1997 = DEFINITIONAL_REPRESENTATION('',(#1998),#2002);
#1998 = CIRCLE('',#1999,14.7);
#1999 = AXIS2_PLACEMENT_2D('',#2000,#2001);
#2000 = CARTESIAN_POINT('',(0.,0.));
#2001 = DIRECTION('',(1.,-0.));
#2002 = ( GEOMETRIC_REPRESENTATION_CONTEXT(2) 
PARAMETRIC_REPRESENTATION_CONTEXT() REPRESENTATION_CONTEXT('2D SPACE',''
  ) );
#2003 = ORIENTED_EDGE('',*,*,#1954,.F.);
#2004 = ORIENTED_EDGE('',*,*,#937,.F.);
#2005 = ORIENTED_EDGE('',*,*,#912,.F.);
#2006 = ORIENTED_EDGE('',*,*,#803,.T.);
#2007 = ORIENTED_EDGE('',*,*,#1930,.F.);
#2008 = ADVANCED_FACE('',(#2009),#1083,.T.);
#2009 = FACE_BOUND('',#2010,.T.);
#2010 = EDGE_LOOP('',(#2011,#2012,#2013,#2034));
#2011 = ORIENTED_EDGE('',*,*,#1353,.T.);
#2012 = ORIENTED_EDGE('',*,*,#1067,.T.);
#2013 = ORIENTED_EDGE('',*,*,#2014,.T.);
#2014 = EDGE_CURVE('',#1068,#1722,#2015,.T.);
#2015 = SURFACE_CURVE('',#2016,(#2020,#2027),.PCURVE_S1.);
#2016 = LINE('',#2017,#2018);
#2017 = CARTESIAN_POINT('',(-4.83973892006,18.062151545033,
    -7.073402067604));
#2018 = VECTOR('',#2019,1.);
#2019 = DIRECTION('',(-0.186156787897,0.694746590607,0.694746590607));
#2020 = PCURVE('',#1083,#2021);
#2021 = DEFINITIONAL_REPRESENTATION('',(#2022),#2026);
#2022 = LINE('',#2023,#2024);
#2023 = CARTESIAN_POINT('',(9.886710299559,-0.916978997876));
#2024 = VECTOR('',#2025,1.);
#2025 = DIRECTION('',(0.186156787897,0.982520050849));
#2026 = ( GEOMETRIC_REPRESENTATION_CONTEXT(2) 
PARAMETRIC_REPRESENTATION_CONTEXT() REPRESENTATION_CONTEXT('2D SPACE',''
  ) );
#2027 = PCURVE('',#1111,#2028);
#2028 = DEFINITIONAL_REPRESENTATION('',(#2029),#2033);
#2029 = LINE('',#2030,#2031);
#2030 = CARTESIAN_POINT('',(0.207232459439,-0.916978997876));
#2031 = VECTOR('',#2032,1.);
#2032 = DIRECTION('',(-0.186156787897,0.982520050849));
#2033 = ( GEOMETRIC_REPRESENTATION_CONTEXT(2) 
PARAMETRIC_REPRESENTATION_CONTEXT() REPRESENTATION_CONTEXT('2D SPACE',''
  ) );
#2034 = ORIENTED_EDGE('',*,*,#1749,.F.);
#2035 = ADVANCED_FACE('',(#2036),#1279,.T.);
#2036 = FACE_BOUND('',#2037,.T.);
#2037 = EDGE_LOOP('',(#2038,#2059,#2060,#2061));
#2038 = ORIENTED_EDGE('',*,*,#2039,.F.);
#2039 = EDGE_CURVE('',#1236,#1774,#2040,.T.);
#2040 = SURFACE_CURVE('',#2041,(#2045,#2052),.PCURVE_S1.);
#2041 = LINE('',#2042,#2043);
#2042 = CARTESIAN_POINT('',(4.83973892006,-18.06215154503,
    -7.073402067604));
#2043 = VECTOR('',#2044,1.);
#2044 = DIRECTION('',(0.186156787897,-0.694746590607,0.694746590607));
#2045 = PCURVE('',#1279,#2046);
#2046 = DEFINITIONAL_REPRESENTATION('',(#2047),#2051);
#2047 = LINE('',#2048,#2049);
#2048 = CARTESIAN_POINT('',(0.207232459439,-0.916978997876));
#2049 = VECTOR('',#2050,1.);
#2050 = DIRECTION('',(-0.186156787897,0.982520050849));
#2051 = ( GEOMETRIC_REPRESENTATION_CONTEXT(2) 
PARAMETRIC_REPRESENTATION_CONTEXT() REPRESENTATION_CONTEXT('2D SPACE',''
  ) );
#2052 = PCURVE('',#1251,#2053);
#2053 = DEFINITIONAL_REPRESENTATION('',(#2054),#2058);
#2054 = LINE('',#2055,#2056);
#2055 = CARTESIAN_POINT('',(9.886710299559,-0.916978997876));
#2056 = VECTOR('',#2057,1.);
#2057 = DIRECTION('',(0.186156787897,0.982520050849));
#2058 = ( GEOMETRIC_REPRESENTATION_CONTEXT(2) 
PARAMETRIC_REPRESENTATION_CONTEXT() REPRESENTATION_CONTEXT('2D SPACE',''
  ) );
#2059 = ORIENTED_EDGE('',*,*,#1263,.T.);
#2060 = ORIENTED_EDGE('',*,*,#1848,.T.);
#2061 = ORIENTED_EDGE('',*,*,#1824,.F.);
#2062 = ADVANCED_FACE('',(#2063),#1111,.T.);
#2063 = FACE_BOUND('',#2064,.T.);
#2064 = EDGE_LOOP('',(#2065,#2066,#2067,#2090));
#2065 = ORIENTED_EDGE('',*,*,#2014,.F.);
#2066 = ORIENTED_EDGE('',*,*,#1095,.T.);
#2067 = ORIENTED_EDGE('',*,*,#2068,.T.);
#2068 = EDGE_CURVE('',#1096,#2069,#2071,.T.);
#2069 = VERTEX_POINT('',#2070);
#2070 = CARTESIAN_POINT('',(-13.78858223313,13.788582233138,-6.3));
#2071 = SURFACE_CURVE('',#2072,(#2076,#2083),.PCURVE_S1.);
#2072 = LINE('',#2073,#2074);
#2073 = CARTESIAN_POINT('',(-13.22241262497,13.222412624973,
    -7.073402067604));
#2074 = VECTOR('',#2075,1.);
#2075 = DIRECTION('',(-0.508589802709,0.508589802709,0.694746590607));
#2076 = PCURVE('',#1111,#2077);
#2077 = DEFINITIONAL_REPRESENTATION('',(#2078),#2082);
#2078 = LINE('',#2079,#2080);
#2079 = CARTESIAN_POINT('',(9.886710299559,-0.916978997876));
#2080 = VECTOR('',#2081,1.);
#2081 = DIRECTION('',(0.186156787897,0.982520050849));
#2082 = ( GEOMETRIC_REPRESENTATION_CONTEXT(2) 
PARAMETRIC_REPRESENTATION_CONTEXT() REPRESENTATION_CONTEXT('2D SPACE',''
  ) );
#2083 = PCURVE('',#1139,#2084);
#2084 = DEFINITIONAL_REPRESENTATION('',(#2085),#2089);
#2085 = LINE('',#2086,#2087);
#2086 = CARTESIAN_POINT('',(0.207232459439,-0.916978997876));
#2087 = VECTOR('',#2088,1.);
#2088 = DIRECTION('',(-0.186156787897,0.982520050849));
#2089 = ( GEOMETRIC_REPRESENTATION_CONTEXT(2) 
PARAMETRIC_REPRESENTATION_CONTEXT() REPRESENTATION_CONTEXT('2D SPACE',''
  ) );
#2090 = ORIENTED_EDGE('',*,*,#2091,.F.);
#2091 = EDGE_CURVE('',#1722,#2069,#2092,.T.);
#2092 = SURFACE_CURVE('',#2093,(#2097,#2104),.PCURVE_S1.);
#2093 = LINE('',#2094,#2095);
#2094 = CARTESIAN_POINT('',(-5.046971379499,18.835553612637,-6.3));
#2095 = VECTOR('',#2096,1.);
#2096 = DIRECTION('',(-0.866025403784,-0.5,0.));
#2097 = PCURVE('',#1111,#2098);
#2098 = DEFINITIONAL_REPRESENTATION('',(#2099),#2103);
#2099 = LINE('',#2100,#2101);
#2100 = CARTESIAN_POINT('',(0.,0.176776695297));
#2101 = VECTOR('',#2102,1.);
#2102 = DIRECTION('',(1.,0.));
#2103 = ( GEOMETRIC_REPRESENTATION_CONTEXT(2) 
PARAMETRIC_REPRESENTATION_CONTEXT() REPRESENTATION_CONTEXT('2D SPACE',''
  ) );
#2104 = PCURVE('',#1737,#2105);
#2105 = DEFINITIONAL_REPRESENTATION('',(#2106),#2110);
#2106 = LINE('',#2107,#2108);
#2107 = CARTESIAN_POINT('',(0.,-0.25));
#2108 = VECTOR('',#2109,1.);
#2109 = DIRECTION('',(1.,0.));
#2110 = ( GEOMETRIC_REPRESENTATION_CONTEXT(2) 
PARAMETRIC_REPRESENTATION_CONTEXT() REPRESENTATION_CONTEXT('2D SPACE',''
  ) );
#2111 = ADVANCED_FACE('',(#2112),#1251,.T.);
#2112 = FACE_BOUND('',#2113,.T.);
#2113 = EDGE_LOOP('',(#2114,#2137,#2138,#2139));
#2114 = ORIENTED_EDGE('',*,*,#2115,.F.);
#2115 = EDGE_CURVE('',#1208,#2116,#2118,.T.);
#2116 = VERTEX_POINT('',#2117);
#2117 = CARTESIAN_POINT('',(-5.046971379499,-18.83555361263,-6.3));
#2118 = SURFACE_CURVE('',#2119,(#2123,#2130),.PCURVE_S1.);
#2119 = LINE('',#2120,#2121);
#2120 = CARTESIAN_POINT('',(-4.83973892006,-18.06215154503,
    -7.073402067604));
#2121 = VECTOR('',#2122,1.);
#2122 = DIRECTION('',(-0.186156787897,-0.694746590607,0.694746590607));
#2123 = PCURVE('',#1251,#2124);
#2124 = DEFINITIONAL_REPRESENTATION('',(#2125),#2129);
#2125 = LINE('',#2126,#2127);
#2126 = CARTESIAN_POINT('',(0.207232459439,-0.916978997876));
#2127 = VECTOR('',#2128,1.);
#2128 = DIRECTION('',(-0.186156787897,0.982520050849));
#2129 = ( GEOMETRIC_REPRESENTATION_CONTEXT(2) 
PARAMETRIC_REPRESENTATION_CONTEXT() REPRESENTATION_CONTEXT('2D SPACE',''
  ) );
#2130 = PCURVE('',#1223,#2131);
#2131 = DEFINITIONAL_REPRESENTATION('',(#2132),#2136);
#2132 = LINE('',#2133,#2134);
#2133 = CARTESIAN_POINT('',(9.886710299559,-0.916978997876));
#2134 = VECTOR('',#2135,1.);
#2135 = DIRECTION('',(0.186156787897,0.982520050849));
#2136 = ( GEOMETRIC_REPRESENTATION_CONTEXT(2) 
PARAMETRIC_REPRESENTATION_CONTEXT() REPRESENTATION_CONTEXT('2D SPACE',''
  ) );
#2137 = ORIENTED_EDGE('',*,*,#1235,.T.);
#2138 = ORIENTED_EDGE('',*,*,#2039,.T.);
#2139 = ORIENTED_EDGE('',*,*,#2140,.F.);
#2140 = EDGE_CURVE('',#2116,#1774,#2141,.T.);
#2141 = SURFACE_CURVE('',#2142,(#2146,#2153),.PCURVE_S1.);
#2142 = LINE('',#2143,#2144);
#2143 = CARTESIAN_POINT('',(-5.046971379499,-18.83555361263,-6.3));
#2144 = VECTOR('',#2145,1.);
#2145 = DIRECTION('',(1.,0.,0.));
#2146 = PCURVE('',#1251,#2147);
#2147 = DEFINITIONAL_REPRESENTATION('',(#2148),#2152);
#2148 = LINE('',#2149,#2150);
#2149 = CARTESIAN_POINT('',(0.,0.176776695297));
#2150 = VECTOR('',#2151,1.);
#2151 = DIRECTION('',(1.,0.));
#2152 = ( GEOMETRIC_REPRESENTATION_CONTEXT(2) 
PARAMETRIC_REPRESENTATION_CONTEXT() REPRESENTATION_CONTEXT('2D SPACE',''
  ) );
#2153 = PCURVE('',#1791,#2154);
#2154 = DEFINITIONAL_REPRESENTATION('',(#2155),#2159);
#2155 = LINE('',#2156,#2157);
#2156 = CARTESIAN_POINT('',(0.,-0.25));
#2157 = VECTOR('',#2158,1.);
#2158 = DIRECTION('',(1.,0.));
#2159 = ( GEOMETRIC_REPRESENTATION_CONTEXT(2) 
PARAMETRIC_REPRESENTATION_CONTEXT() REPRESENTATION_CONTEXT('2D SPACE',''
  ) );
#2160 = ADVANCED_FACE('',(#2161),#1139,.T.);
#2161 = FACE_BOUND('',#2162,.T.);
#2162 = EDGE_LOOP('',(#2163,#2164,#2165,#2188));
#2163 = ORIENTED_EDGE('',*,*,#2068,.F.);
#2164 = ORIENTED_EDGE('',*,*,#1123,.T.);
#2165 = ORIENTED_EDGE('',*,*,#2166,.T.);
#2166 = EDGE_CURVE('',#1124,#2167,#2169,.T.);
#2167 = VERTEX_POINT('',#2168);
#2168 = CARTESIAN_POINT('',(-18.83555361263,5.046971379499,-6.3));
#2169 = SURFACE_CURVE('',#2170,(#2174,#2181),.PCURVE_S1.);
#2170 = LINE('',#2171,#2172);
#2171 = CARTESIAN_POINT('',(-18.06215154503,4.83973892006,
    -7.073402067604));
#2172 = VECTOR('',#2173,1.);
#2173 = DIRECTION('',(-0.694746590607,0.186156787897,0.694746590607));
#2174 = PCURVE('',#1139,#2175);
#2175 = DEFINITIONAL_REPRESENTATION('',(#2176),#2180);
#2176 = LINE('',#2177,#2178);
#2177 = CARTESIAN_POINT('',(9.886710299559,-0.916978997876));
#2178 = VECTOR('',#2179,1.);
#2179 = DIRECTION('',(0.186156787897,0.982520050849));
#2180 = ( GEOMETRIC_REPRESENTATION_CONTEXT(2) 
PARAMETRIC_REPRESENTATION_CONTEXT() REPRESENTATION_CONTEXT('2D SPACE',''
  ) );
#2181 = PCURVE('',#1167,#2182);
#2182 = DEFINITIONAL_REPRESENTATION('',(#2183),#2187);
#2183 = LINE('',#2184,#2185);
#2184 = CARTESIAN_POINT('',(0.207232459439,-0.916978997876));
#2185 = VECTOR('',#2186,1.);
#2186 = DIRECTION('',(-0.186156787897,0.982520050849));
#2187 = ( GEOMETRIC_REPRESENTATION_CONTEXT(2) 
PARAMETRIC_REPRESENTATION_CONTEXT() REPRESENTATION_CONTEXT('2D SPACE',''
  ) );
#2188 = ORIENTED_EDGE('',*,*,#2189,.F.);
#2189 = EDGE_CURVE('',#2069,#2167,#2190,.T.);
#2190 = SURFACE_CURVE('',#2191,(#2195,#2202),.PCURVE_S1.);
#2191 = LINE('',#2192,#2193);
#2192 = CARTESIAN_POINT('',(-13.78858223313,13.788582233138,-6.3));
#2193 = VECTOR('',#2194,1.);
#2194 = DIRECTION('',(-0.5,-0.866025403784,0.));
#2195 = PCURVE('',#1139,#2196);
#2196 = DEFINITIONAL_REPRESENTATION('',(#2197),#2201);
#2197 = LINE('',#2198,#2199);
#2198 = CARTESIAN_POINT('',(0.,0.176776695297));
#2199 = VECTOR('',#2200,1.);
#2200 = DIRECTION('',(1.,0.));
#2201 = ( GEOMETRIC_REPRESENTATION_CONTEXT(2) 
PARAMETRIC_REPRESENTATION_CONTEXT() REPRESENTATION_CONTEXT('2D SPACE',''
  ) );
#2202 = PCURVE('',#2203,#2208);
#2203 = PLANE('',#2204);
#2204 = AXIS2_PLACEMENT_3D('',#2205,#2206,#2207);
#2205 = CARTESIAN_POINT('',(-13.78858223313,13.788582233138,-6.55));
#2206 = DIRECTION('',(0.866025403784,-0.5,0.));
#2207 = DIRECTION('',(-0.5,-0.866025403784,0.));
#2208 = DEFINITIONAL_REPRESENTATION('',(#2209),#2213);
#2209 = LINE('',#2210,#2211);
#2210 = CARTESIAN_POINT('',(-8.881784197001E-16,-0.25));
#2211 = VECTOR('',#2212,1.);
#2212 = DIRECTION('',(1.,0.));
#2213 = ( GEOMETRIC_REPRESENTATION_CONTEXT(2) 
PARAMETRIC_REPRESENTATION_CONTEXT() REPRESENTATION_CONTEXT('2D SPACE',''
  ) );
#2214 = ADVANCED_FACE('',(#2215),#1223,.T.);
#2215 = FACE_BOUND('',#2216,.T.);
#2216 = EDGE_LOOP('',(#2217,#2240,#2241,#2242));
#2217 = ORIENTED_EDGE('',*,*,#2218,.F.);
#2218 = EDGE_CURVE('',#1180,#2219,#2221,.T.);
#2219 = VERTEX_POINT('',#2220);
#2220 = CARTESIAN_POINT('',(-13.78858223313,-13.78858223313,-6.3));
#2221 = SURFACE_CURVE('',#2222,(#2226,#2233),.PCURVE_S1.);
#2222 = LINE('',#2223,#2224);
#2223 = CARTESIAN_POINT('',(-13.22241262497,-13.22241262497,
    -7.073402067604));
#2224 = VECTOR('',#2225,1.);
#2225 = DIRECTION('',(-0.508589802709,-0.508589802709,0.694746590607));
#2226 = PCURVE('',#1223,#2227);
#2227 = DEFINITIONAL_REPRESENTATION('',(#2228),#2232);
#2228 = LINE('',#2229,#2230);
#2229 = CARTESIAN_POINT('',(0.207232459439,-0.916978997876));
#2230 = VECTOR('',#2231,1.);
#2231 = DIRECTION('',(-0.186156787897,0.982520050849));
#2232 = ( GEOMETRIC_REPRESENTATION_CONTEXT(2) 
PARAMETRIC_REPRESENTATION_CONTEXT() REPRESENTATION_CONTEXT('2D SPACE',''
  ) );
#2233 = PCURVE('',#1195,#2234);
#2234 = DEFINITIONAL_REPRESENTATION('',(#2235),#2239);
#2235 = LINE('',#2236,#2237);
#2236 = CARTESIAN_POINT('',(9.886710299559,-0.916978997876));
#2237 = VECTOR('',#2238,1.);
#2238 = DIRECTION('',(0.186156787897,0.982520050849));
#2239 = ( GEOMETRIC_REPRESENTATION_CONTEXT(2) 
PARAMETRIC_REPRESENTATION_CONTEXT() REPRESENTATION_CONTEXT('2D SPACE',''
  ) );
#2240 = ORIENTED_EDGE('',*,*,#1207,.T.);
#2241 = ORIENTED_EDGE('',*,*,#2115,.T.);
#2242 = ORIENTED_EDGE('',*,*,#2243,.F.);
#2243 = EDGE_CURVE('',#2219,#2116,#2244,.T.);
#2244 = SURFACE_CURVE('',#2245,(#2249,#2256),.PCURVE_S1.);
#2245 = LINE('',#2246,#2247);
#2246 = CARTESIAN_POINT('',(-13.78858223313,-13.78858223313,-6.3));
#2247 = VECTOR('',#2248,1.);
#2248 = DIRECTION('',(0.866025403784,-0.5,0.));
#2249 = PCURVE('',#1223,#2250);
#2250 = DEFINITIONAL_REPRESENTATION('',(#2251),#2255);
#2251 = LINE('',#2252,#2253);
#2252 = CARTESIAN_POINT('',(0.,0.176776695297));
#2253 = VECTOR('',#2254,1.);
#2254 = DIRECTION('',(1.,0.));
#2255 = ( GEOMETRIC_REPRESENTATION_CONTEXT(2) 
PARAMETRIC_REPRESENTATION_CONTEXT() REPRESENTATION_CONTEXT('2D SPACE',''
  ) );
#2256 = PCURVE('',#2257,#2262);
#2257 = PLANE('',#2258);
#2258 = AXIS2_PLACEMENT_3D('',#2259,#2260,#2261);
#2259 = CARTESIAN_POINT('',(-13.78858223313,-13.78858223313,-6.55));
#2260 = DIRECTION('',(0.5,0.866025403784,-0.));
#2261 = DIRECTION('',(0.866025403784,-0.5,0.));
#2262 = DEFINITIONAL_REPRESENTATION('',(#2263),#2267);
#2263 = LINE('',#2264,#2265);
#2264 = CARTESIAN_POINT('',(8.881784197001E-16,-0.25));
#2265 = VECTOR('',#2266,1.);
#2266 = DIRECTION('',(1.,0.));
#2267 = ( GEOMETRIC_REPRESENTATION_CONTEXT(2) 
PARAMETRIC_REPRESENTATION_CONTEXT() REPRESENTATION_CONTEXT('2D SPACE',''
  ) );
#2268 = ADVANCED_FACE('',(#2269),#1167,.T.);
#2269 = FACE_BOUND('',#2270,.T.);
#2270 = EDGE_LOOP('',(#2271,#2272,#2273,#2296));
#2271 = ORIENTED_EDGE('',*,*,#2166,.F.);
#2272 = ORIENTED_EDGE('',*,*,#1151,.T.);
#2273 = ORIENTED_EDGE('',*,*,#2274,.T.);
#2274 = EDGE_CURVE('',#1152,#2275,#2277,.T.);
#2275 = VERTEX_POINT('',#2276);
#2276 = CARTESIAN_POINT('',(-18.83555361263,-5.046971379499,-6.3));
#2277 = SURFACE_CURVE('',#2278,(#2282,#2289),.PCURVE_S1.);
#2278 = LINE('',#2279,#2280);
#2279 = CARTESIAN_POINT('',(-18.06215154503,-4.83973892006,
    -7.073402067604));
#2280 = VECTOR('',#2281,1.);
#2281 = DIRECTION('',(-0.694746590607,-0.186156787897,0.694746590607));
#2282 = PCURVE('',#1167,#2283);
#2283 = DEFINITIONAL_REPRESENTATION('',(#2284),#2288);
#2284 = LINE('',#2285,#2286);
#2285 = CARTESIAN_POINT('',(9.886710299559,-0.916978997876));
#2286 = VECTOR('',#2287,1.);
#2287 = DIRECTION('',(0.186156787897,0.982520050849));
#2288 = ( GEOMETRIC_REPRESENTATION_CONTEXT(2) 
PARAMETRIC_REPRESENTATION_CONTEXT() REPRESENTATION_CONTEXT('2D SPACE',''
  ) );
#2289 = PCURVE('',#1195,#2290);
#2290 = DEFINITIONAL_REPRESENTATION('',(#2291),#2295);
#2291 = LINE('',#2292,#2293);
#2292 = CARTESIAN_POINT('',(0.207232459439,-0.916978997876));
#2293 = VECTOR('',#2294,1.);
#2294 = DIRECTION('',(-0.186156787897,0.982520050849));
#2295 = ( GEOMETRIC_REPRESENTATION_CONTEXT(2) 
PARAMETRIC_REPRESENTATION_CONTEXT() REPRESENTATION_CONTEXT('2D SPACE',''
  ) );
#2296 = ORIENTED_EDGE('',*,*,#2297,.F.);
#2297 = EDGE_CURVE('',#2167,#2275,#2298,.T.);
#2298 = SURFACE_CURVE('',#2299,(#2303,#2310),.PCURVE_S1.);
#2299 = LINE('',#2300,#2301);
#2300 = CARTESIAN_POINT('',(-18.83555361263,5.046971379499,-6.3));
#2301 = VECTOR('',#2302,1.);
#2302 = DIRECTION('',(-3.51964912386E-16,-1.,0.));
#2303 = PCURVE('',#1167,#2304);
#2304 = DEFINITIONAL_REPRESENTATION('',(#2305),#2309);
#2305 = LINE('',#2306,#2307);
#2306 = CARTESIAN_POINT('',(0.,0.176776695297));
#2307 = VECTOR('',#2308,1.);
#2308 = DIRECTION('',(1.,0.));
#2309 = ( GEOMETRIC_REPRESENTATION_CONTEXT(2) 
PARAMETRIC_REPRESENTATION_CONTEXT() REPRESENTATION_CONTEXT('2D SPACE',''
  ) );
#2310 = PCURVE('',#2311,#2316);
#2311 = PLANE('',#2312);
#2312 = AXIS2_PLACEMENT_3D('',#2313,#2314,#2315);
#2313 = CARTESIAN_POINT('',(-18.83555361263,5.046971379499,-6.55));
#2314 = DIRECTION('',(1.,-3.51964912386E-16,0.));
#2315 = DIRECTION('',(-3.51964912386E-16,-1.,0.));
#2316 = DEFINITIONAL_REPRESENTATION('',(#2317),#2321);
#2317 = LINE('',#2318,#2319);
#2318 = CARTESIAN_POINT('',(0.,-0.25));
#2319 = VECTOR('',#2320,1.);
#2320 = DIRECTION('',(1.,0.));
#2321 = ( GEOMETRIC_REPRESENTATION_CONTEXT(2) 
PARAMETRIC_REPRESENTATION_CONTEXT() REPRESENTATION_CONTEXT('2D SPACE',''
  ) );
#2322 = ADVANCED_FACE('',(#2323),#1195,.T.);
#2323 = FACE_BOUND('',#2324,.T.);
#2324 = EDGE_LOOP('',(#2325,#2326,#2327,#2328));
#2325 = ORIENTED_EDGE('',*,*,#2274,.F.);
#2326 = ORIENTED_EDGE('',*,*,#1179,.T.);
#2327 = ORIENTED_EDGE('',*,*,#2218,.T.);
#2328 = ORIENTED_EDGE('',*,*,#2329,.F.);
#2329 = EDGE_CURVE('',#2275,#2219,#2330,.T.);
#2330 = SURFACE_CURVE('',#2331,(#2335,#2342),.PCURVE_S1.);
#2331 = LINE('',#2332,#2333);
#2332 = CARTESIAN_POINT('',(-18.83555361263,-5.046971379499,-6.3));
#2333 = VECTOR('',#2334,1.);
#2334 = DIRECTION('',(0.5,-0.866025403784,0.));
#2335 = PCURVE('',#1195,#2336);
#2336 = DEFINITIONAL_REPRESENTATION('',(#2337),#2341);
#2337 = LINE('',#2338,#2339);
#2338 = CARTESIAN_POINT('',(-8.881784197001E-16,0.176776695297));
#2339 = VECTOR('',#2340,1.);
#2340 = DIRECTION('',(1.,0.));
#2341 = ( GEOMETRIC_REPRESENTATION_CONTEXT(2) 
PARAMETRIC_REPRESENTATION_CONTEXT() REPRESENTATION_CONTEXT('2D SPACE',''
  ) );
#2342 = PCURVE('',#2343,#2348);
#2343 = PLANE('',#2344);
#2344 = AXIS2_PLACEMENT_3D('',#2345,#2346,#2347);
#2345 = CARTESIAN_POINT('',(-18.83555361263,-5.046971379499,-6.55));
#2346 = DIRECTION('',(0.866025403784,0.5,-0.));
#2347 = DIRECTION('',(0.5,-0.866025403784,0.));
#2348 = DEFINITIONAL_REPRESENTATION('',(#2349),#2353);
#2349 = LINE('',#2350,#2351);
#2350 = CARTESIAN_POINT('',(-8.881784197001E-16,-0.25));
#2351 = VECTOR('',#2352,1.);
#2352 = DIRECTION('',(1.,0.));
#2353 = ( GEOMETRIC_REPRESENTATION_CONTEXT(2) 
PARAMETRIC_REPRESENTATION_CONTEXT() REPRESENTATION_CONTEXT('2D SPACE',''
  ) );
#2354 = ADVANCED_FACE('',(#2355),#1336,.F.);
#2355 = FACE_BOUND('',#2356,.T.);
#2356 = EDGE_LOOP('',(#2357,#2378,#2379,#2380));
#2357 = ORIENTED_EDGE('',*,*,#2358,.F.);
#2358 = EDGE_CURVE('',#1316,#2359,#2361,.T.);
#2359 = VERTEX_POINT('',#2360);
#2360 = CARTESIAN_POINT('',(17.05,0.,-6.3));
#2361 = SEAM_CURVE('',#2362,(#2366,#2372),.PCURVE_S1.);
#2362 = LINE('',#2363,#2364);
#2363 = CARTESIAN_POINT('',(17.05,0.,-6.3));
#2364 = VECTOR('',#2365,1.);
#2365 = DIRECTION('',(-0.707106781187,0.,0.707106781187));
#2366 = PCURVE('',#1336,#2367);
#2367 = DEFINITIONAL_REPRESENTATION('',(#2368),#2371);
#2368 = B_SPLINE_CURVE_WITH_KNOTS('',1,(#2369,#2370),.UNSPECIFIED.,.F.,
  .F.,(2,2),(-0.353553390593,0.),.PIECEWISE_BEZIER_KNOTS.);
#2369 = CARTESIAN_POINT('',(0.,0.25));
#2370 = CARTESIAN_POINT('',(0.,0.));
#2371 = ( GEOMETRIC_REPRESENTATION_CONTEXT(2) 
PARAMETRIC_REPRESENTATION_CONTEXT() REPRESENTATION_CONTEXT('2D SPACE',''
  ) );
#2372 = PCURVE('',#1336,#2373);
#2373 = DEFINITIONAL_REPRESENTATION('',(#2374),#2377);
#2374 = B_SPLINE_CURVE_WITH_KNOTS('',1,(#2375,#2376),.UNSPECIFIED.,.F.,
  .F.,(2,2),(-0.353553390593,0.),.PIECEWISE_BEZIER_KNOTS.);
#2375 = CARTESIAN_POINT('',(6.28318530718,0.25));
#2376 = CARTESIAN_POINT('',(6.28318530718,0.));
#2377 = ( GEOMETRIC_REPRESENTATION_CONTEXT(2) 
PARAMETRIC_REPRESENTATION_CONTEXT() REPRESENTATION_CONTEXT('2D SPACE',''
  ) );
#2378 = ORIENTED_EDGE('',*,*,#1315,.T.);
#2379 = ORIENTED_EDGE('',*,*,#2358,.T.);
#2380 = ORIENTED_EDGE('',*,*,#2381,.F.);
#2381 = EDGE_CURVE('',#2359,#2359,#2382,.T.);
#2382 = SURFACE_CURVE('',#2383,(#2388,#2395),.PCURVE_S1.);
#2383 = CIRCLE('',#2384,17.05);
#2384 = AXIS2_PLACEMENT_3D('',#2385,#2386,#2387);
#2385 = CARTESIAN_POINT('',(0.,0.,-6.3));
#2386 = DIRECTION('',(0.,0.,-1.));
#2387 = DIRECTION('',(1.,0.,0.));
#2388 = PCURVE('',#1336,#2389);
#2389 = DEFINITIONAL_REPRESENTATION('',(#2390),#2394);
#2390 = LINE('',#2391,#2392);
#2391 = CARTESIAN_POINT('',(0.,-0.));
#2392 = VECTOR('',#2393,1.);
#2393 = DIRECTION('',(1.,-0.));
#2394 = ( GEOMETRIC_REPRESENTATION_CONTEXT(2) 
PARAMETRIC_REPRESENTATION_CONTEXT() REPRESENTATION_CONTEXT('2D SPACE',''
  ) );
#2395 = PCURVE('',#2396,#2401);
#2396 = CYLINDRICAL_SURFACE('',#2397,17.05);
#2397 = AXIS2_PLACEMENT_3D('',#2398,#2399,#2400);
#2398 = CARTESIAN_POINT('',(0.,0.,-6.12));
#2399 = DIRECTION('',(-0.,-0.,-1.));
#2400 = DIRECTION('',(1.,0.,0.));
#2401 = DEFINITIONAL_REPRESENTATION('',(#2402),#2406);
#2402 = LINE('',#2403,#2404);
#2403 = CARTESIAN_POINT('',(-6.28318530718,0.18));
#2404 = VECTOR('',#2405,1.);
#2405 = DIRECTION('',(1.,-0.));
#2406 = ( GEOMETRIC_REPRESENTATION_CONTEXT(2) 
PARAMETRIC_REPRESENTATION_CONTEXT() REPRESENTATION_CONTEXT('2D SPACE',''
  ) );
#2407 = ADVANCED_FACE('',(#2408),#1394,.T.);
#2408 = FACE_BOUND('',#2409,.T.);
#2409 = EDGE_LOOP('',(#2410,#2411,#2431,#2432));
#2410 = ORIENTED_EDGE('',*,*,#1699,.T.);
#2411 = ORIENTED_EDGE('',*,*,#2412,.T.);
#2412 = EDGE_CURVE('',#1700,#1617,#2413,.T.);
#2413 = SURFACE_CURVE('',#2414,(#2417,#2424),.PCURVE_S1.);
#2414 = B_SPLINE_CURVE_WITH_KNOTS('',1,(#2415,#2416),.UNSPECIFIED.,.F.,
  .F.,(2,2),(0.,1.),.PIECEWISE_BEZIER_KNOTS.);
#2415 = CARTESIAN_POINT('',(-5.046971379499,18.835553612637,3.01));
#2416 = CARTESIAN_POINT('',(-4.434559134735,16.55,4.26));
#2417 = PCURVE('',#1394,#2418);
#2418 = DEFINITIONAL_REPRESENTATION('',(#2419),#2423);
#2419 = LINE('',#2420,#2421);
#2420 = CARTESIAN_POINT('',(10.093942758998,0.));
#2421 = VECTOR('',#2422,1.);
#2422 = DIRECTION('',(0.,1.));
#2423 = ( GEOMETRIC_REPRESENTATION_CONTEXT(2) 
PARAMETRIC_REPRESENTATION_CONTEXT() REPRESENTATION_CONTEXT('2D SPACE',''
  ) );
#2424 = PCURVE('',#1632,#2425);
#2425 = DEFINITIONAL_REPRESENTATION('',(#2426),#2430);
#2426 = LINE('',#2427,#2428);
#2427 = CARTESIAN_POINT('',(0.,0.));
#2428 = VECTOR('',#2429,1.);
#2429 = DIRECTION('',(0.,1.));
#2430 = ( GEOMETRIC_REPRESENTATION_CONTEXT(2) 
PARAMETRIC_REPRESENTATION_CONTEXT() REPRESENTATION_CONTEXT('2D SPACE',''
  ) );
#2431 = ORIENTED_EDGE('',*,*,#1643,.F.);
#2432 = ORIENTED_EDGE('',*,*,#1379,.F.);
#2433 = ADVANCED_FACE('',(#2434),#1470,.T.);
#2434 = FACE_BOUND('',#2435,.T.);
#2435 = EDGE_LOOP('',(#2436,#2437,#2438,#2439));
#2436 = ORIENTED_EDGE('',*,*,#1803,.T.);
#2437 = ORIENTED_EDGE('',*,*,#1878,.T.);
#2438 = ORIENTED_EDGE('',*,*,#1454,.F.);
#2439 = ORIENTED_EDGE('',*,*,#2440,.F.);
#2440 = EDGE_CURVE('',#1776,#1455,#2441,.T.);
#2441 = SURFACE_CURVE('',#2442,(#2445,#2452),.PCURVE_S1.);
#2442 = B_SPLINE_CURVE_WITH_KNOTS('',1,(#2443,#2444),.UNSPECIFIED.,.F.,
  .F.,(2,2),(0.,1.),.PIECEWISE_BEZIER_KNOTS.);
#2443 = CARTESIAN_POINT('',(5.046971379499,-18.83555361263,3.01));
#2444 = CARTESIAN_POINT('',(4.434559134735,-16.55,4.26));
#2445 = PCURVE('',#1470,#2446);
#2446 = DEFINITIONAL_REPRESENTATION('',(#2447),#2451);
#2447 = LINE('',#2448,#2449);
#2448 = CARTESIAN_POINT('',(0.,0.));
#2449 = VECTOR('',#2450,1.);
#2450 = DIRECTION('',(0.,1.));
#2451 = ( GEOMETRIC_REPRESENTATION_CONTEXT(2) 
PARAMETRIC_REPRESENTATION_CONTEXT() REPRESENTATION_CONTEXT('2D SPACE',''
  ) );
#2452 = PCURVE('',#1497,#2453);
#2453 = DEFINITIONAL_REPRESENTATION('',(#2454),#2458);
#2454 = LINE('',#2455,#2456);
#2455 = CARTESIAN_POINT('',(10.093942758998,0.));
#2456 = VECTOR('',#2457,1.);
#2457 = DIRECTION('',(0.,1.));
#2458 = ( GEOMETRIC_REPRESENTATION_CONTEXT(2) 
PARAMETRIC_REPRESENTATION_CONTEXT() REPRESENTATION_CONTEXT('2D SPACE',''
  ) );
#2459 = ADVANCED_FACE('',(#2460),#1632,.T.);
#2460 = FACE_BOUND('',#2461,.T.);
#2461 = EDGE_LOOP('',(#2462,#2484,#2504,#2505));
#2462 = ORIENTED_EDGE('',*,*,#2463,.T.);
#2463 = EDGE_CURVE('',#1700,#2464,#2466,.T.);
#2464 = VERTEX_POINT('',#2465);
#2465 = CARTESIAN_POINT('',(-13.78858223313,13.788582233138,3.01));
#2466 = SURFACE_CURVE('',#2467,(#2471,#2477),.PCURVE_S1.);
#2467 = LINE('',#2468,#2469);
#2468 = CARTESIAN_POINT('',(-5.046971379499,18.835553612637,3.01));
#2469 = VECTOR('',#2470,1.);
#2470 = DIRECTION('',(-0.866025403784,-0.5,0.));
#2471 = PCURVE('',#1632,#2472);
#2472 = DEFINITIONAL_REPRESENTATION('',(#2473),#2476);
#2473 = B_SPLINE_CURVE_WITH_KNOTS('',1,(#2474,#2475),.UNSPECIFIED.,.F.,
  .F.,(2,2),(0.,10.093942758998),.PIECEWISE_BEZIER_KNOTS.);
#2474 = CARTESIAN_POINT('',(0.,0.));
#2475 = CARTESIAN_POINT('',(10.093942758998,0.));
#2476 = ( GEOMETRIC_REPRESENTATION_CONTEXT(2) 
PARAMETRIC_REPRESENTATION_CONTEXT() REPRESENTATION_CONTEXT('2D SPACE',''
  ) );
#2477 = PCURVE('',#1737,#2478);
#2478 = DEFINITIONAL_REPRESENTATION('',(#2479),#2483);
#2479 = LINE('',#2480,#2481);
#2480 = CARTESIAN_POINT('',(0.,-9.56));
#2481 = VECTOR('',#2482,1.);
#2482 = DIRECTION('',(1.,0.));
#2483 = ( GEOMETRIC_REPRESENTATION_CONTEXT(2) 
PARAMETRIC_REPRESENTATION_CONTEXT() REPRESENTATION_CONTEXT('2D SPACE',''
  ) );
#2484 = ORIENTED_EDGE('',*,*,#2485,.T.);
#2485 = EDGE_CURVE('',#2464,#1590,#2486,.T.);
#2486 = SURFACE_CURVE('',#2487,(#2490,#2497),.PCURVE_S1.);
#2487 = B_SPLINE_CURVE_WITH_KNOTS('',1,(#2488,#2489),.UNSPECIFIED.,.F.,
  .F.,(2,2),(0.,1.),.PIECEWISE_BEZIER_KNOTS.);
#2488 = CARTESIAN_POINT('',(-13.78858223313,13.788582233138,3.01));
#2489 = CARTESIAN_POINT('',(-12.11544086526,12.115440865265,4.26));
#2490 = PCURVE('',#1632,#2491);
#2491 = DEFINITIONAL_REPRESENTATION('',(#2492),#2496);
#2492 = LINE('',#2493,#2494);
#2493 = CARTESIAN_POINT('',(10.093942758998,0.));
#2494 = VECTOR('',#2495,1.);
#2495 = DIRECTION('',(0.,1.));
#2496 = ( GEOMETRIC_REPRESENTATION_CONTEXT(2) 
PARAMETRIC_REPRESENTATION_CONTEXT() REPRESENTATION_CONTEXT('2D SPACE',''
  ) );
#2497 = PCURVE('',#1605,#2498);
#2498 = DEFINITIONAL_REPRESENTATION('',(#2499),#2503);
#2499 = LINE('',#2500,#2501);
#2500 = CARTESIAN_POINT('',(0.,0.));
#2501 = VECTOR('',#2502,1.);
#2502 = DIRECTION('',(0.,1.));
#2503 = ( GEOMETRIC_REPRESENTATION_CONTEXT(2) 
PARAMETRIC_REPRESENTATION_CONTEXT() REPRESENTATION_CONTEXT('2D SPACE',''
  ) );
#2504 = ORIENTED_EDGE('',*,*,#1616,.F.);
#2505 = ORIENTED_EDGE('',*,*,#2412,.F.);
#2506 = ADVANCED_FACE('',(#2507),#1497,.T.);
#2507 = FACE_BOUND('',#2508,.T.);
#2508 = EDGE_LOOP('',(#2509,#2531,#2532,#2533));
#2509 = ORIENTED_EDGE('',*,*,#2510,.T.);
#2510 = EDGE_CURVE('',#2511,#1776,#2513,.T.);
#2511 = VERTEX_POINT('',#2512);
#2512 = CARTESIAN_POINT('',(-5.046971379499,-18.83555361263,3.01));
#2513 = SURFACE_CURVE('',#2514,(#2518,#2524),.PCURVE_S1.);
#2514 = LINE('',#2515,#2516);
#2515 = CARTESIAN_POINT('',(-5.046971379499,-18.83555361263,3.01));
#2516 = VECTOR('',#2517,1.);
#2517 = DIRECTION('',(1.,0.,0.));
#2518 = PCURVE('',#1497,#2519);
#2519 = DEFINITIONAL_REPRESENTATION('',(#2520),#2523);
#2520 = B_SPLINE_CURVE_WITH_KNOTS('',1,(#2521,#2522),.UNSPECIFIED.,.F.,
  .F.,(2,2),(0.,10.093942758998),.PIECEWISE_BEZIER_KNOTS.);
#2521 = CARTESIAN_POINT('',(0.,0.));
#2522 = CARTESIAN_POINT('',(10.093942758998,0.));
#2523 = ( GEOMETRIC_REPRESENTATION_CONTEXT(2) 
PARAMETRIC_REPRESENTATION_CONTEXT() REPRESENTATION_CONTEXT('2D SPACE',''
  ) );
#2524 = PCURVE('',#1791,#2525);
#2525 = DEFINITIONAL_REPRESENTATION('',(#2526),#2530);
#2526 = LINE('',#2527,#2528);
#2527 = CARTESIAN_POINT('',(0.,-9.56));
#2528 = VECTOR('',#2529,1.);
#2529 = DIRECTION('',(1.,0.));
#2530 = ( GEOMETRIC_REPRESENTATION_CONTEXT(2) 
PARAMETRIC_REPRESENTATION_CONTEXT() REPRESENTATION_CONTEXT('2D SPACE',''
  ) );
#2531 = ORIENTED_EDGE('',*,*,#2440,.T.);
#2532 = ORIENTED_EDGE('',*,*,#1481,.F.);
#2533 = ORIENTED_EDGE('',*,*,#2534,.F.);
#2534 = EDGE_CURVE('',#2511,#1482,#2535,.T.);
#2535 = SURFACE_CURVE('',#2536,(#2539,#2546),.PCURVE_S1.);
#2536 = B_SPLINE_CURVE_WITH_KNOTS('',1,(#2537,#2538),.UNSPECIFIED.,.F.,
  .F.,(2,2),(0.,1.),.PIECEWISE_BEZIER_KNOTS.);
#2537 = CARTESIAN_POINT('',(-5.046971379499,-18.83555361263,3.01));
#2538 = CARTESIAN_POINT('',(-4.434559134735,-16.55,4.26));
#2539 = PCURVE('',#1497,#2540);
#2540 = DEFINITIONAL_REPRESENTATION('',(#2541),#2545);
#2541 = LINE('',#2542,#2543);
#2542 = CARTESIAN_POINT('',(0.,0.));
#2543 = VECTOR('',#2544,1.);
#2544 = DIRECTION('',(0.,1.));
#2545 = ( GEOMETRIC_REPRESENTATION_CONTEXT(2) 
PARAMETRIC_REPRESENTATION_CONTEXT() REPRESENTATION_CONTEXT('2D SPACE',''
  ) );
#2546 = PCURVE('',#1524,#2547);
#2547 = DEFINITIONAL_REPRESENTATION('',(#2548),#2552);
#2548 = LINE('',#2549,#2550);
#2549 = CARTESIAN_POINT('',(10.093942758998,0.));
#2550 = VECTOR('',#2551,1.);
#2551 = DIRECTION('',(0.,1.));
#2552 = ( GEOMETRIC_REPRESENTATION_CONTEXT(2) 
PARAMETRIC_REPRESENTATION_CONTEXT() REPRESENTATION_CONTEXT('2D SPACE',''
  ) );
#2553 = ADVANCED_FACE('',(#2554),#1605,.T.);
#2554 = FACE_BOUND('',#2555,.T.);
#2555 = EDGE_LOOP('',(#2556,#2578,#2598,#2599));
#2556 = ORIENTED_EDGE('',*,*,#2557,.T.);
#2557 = EDGE_CURVE('',#2464,#2558,#2560,.T.);
#2558 = VERTEX_POINT('',#2559);
#2559 = CARTESIAN_POINT('',(-18.83555361263,5.046971379499,3.01));
#2560 = SURFACE_CURVE('',#2561,(#2565,#2571),.PCURVE_S1.);
#2561 = LINE('',#2562,#2563);
#2562 = CARTESIAN_POINT('',(-13.78858223313,13.788582233138,3.01));
#2563 = VECTOR('',#2564,1.);
#2564 = DIRECTION('',(-0.5,-0.866025403784,0.));
#2565 = PCURVE('',#1605,#2566);
#2566 = DEFINITIONAL_REPRESENTATION('',(#2567),#2570);
#2567 = B_SPLINE_CURVE_WITH_KNOTS('',1,(#2568,#2569),.UNSPECIFIED.,.F.,
  .F.,(2,2),(0.,10.093942758998),.PIECEWISE_BEZIER_KNOTS.);
#2568 = CARTESIAN_POINT('',(0.,0.));
#2569 = CARTESIAN_POINT('',(10.093942758998,0.));
#2570 = ( GEOMETRIC_REPRESENTATION_CONTEXT(2) 
PARAMETRIC_REPRESENTATION_CONTEXT() REPRESENTATION_CONTEXT('2D SPACE',''
  ) );
#2571 = PCURVE('',#2203,#2572);
#2572 = DEFINITIONAL_REPRESENTATION('',(#2573),#2577);
#2573 = LINE('',#2574,#2575);
#2574 = CARTESIAN_POINT('',(0.,-9.56));
#2575 = VECTOR('',#2576,1.);
#2576 = DIRECTION('',(1.,0.));
#2577 = ( GEOMETRIC_REPRESENTATION_CONTEXT(2) 
PARAMETRIC_REPRESENTATION_CONTEXT() REPRESENTATION_CONTEXT('2D SPACE',''
  ) );
#2578 = ORIENTED_EDGE('',*,*,#2579,.T.);
#2579 = EDGE_CURVE('',#2558,#1563,#2580,.T.);
#2580 = SURFACE_CURVE('',#2581,(#2584,#2591),.PCURVE_S1.);
#2581 = B_SPLINE_CURVE_WITH_KNOTS('',1,(#2582,#2583),.UNSPECIFIED.,.F.,
  .F.,(2,2),(0.,1.),.PIECEWISE_BEZIER_KNOTS.);
#2582 = CARTESIAN_POINT('',(-18.83555361263,5.046971379499,3.01));
#2583 = CARTESIAN_POINT('',(-16.55,4.434559134735,4.26));
#2584 = PCURVE('',#1605,#2585);
#2585 = DEFINITIONAL_REPRESENTATION('',(#2586),#2590);
#2586 = LINE('',#2587,#2588);
#2587 = CARTESIAN_POINT('',(10.093942758998,0.));
#2588 = VECTOR('',#2589,1.);
#2589 = DIRECTION('',(0.,1.));
#2590 = ( GEOMETRIC_REPRESENTATION_CONTEXT(2) 
PARAMETRIC_REPRESENTATION_CONTEXT() REPRESENTATION_CONTEXT('2D SPACE',''
  ) );
#2591 = PCURVE('',#1578,#2592);
#2592 = DEFINITIONAL_REPRESENTATION('',(#2593),#2597);
#2593 = LINE('',#2594,#2595);
#2594 = CARTESIAN_POINT('',(0.,0.));
#2595 = VECTOR('',#2596,1.);
#2596 = DIRECTION('',(0.,1.));
#2597 = ( GEOMETRIC_REPRESENTATION_CONTEXT(2) 
PARAMETRIC_REPRESENTATION_CONTEXT() REPRESENTATION_CONTEXT('2D SPACE',''
  ) );
#2598 = ORIENTED_EDGE('',*,*,#1589,.F.);
#2599 = ORIENTED_EDGE('',*,*,#2485,.F.);
#2600 = ADVANCED_FACE('',(#2601),#1524,.T.);
#2601 = FACE_BOUND('',#2602,.T.);
#2602 = EDGE_LOOP('',(#2603,#2625,#2626,#2627));
#2603 = ORIENTED_EDGE('',*,*,#2604,.T.);
#2604 = EDGE_CURVE('',#2605,#2511,#2607,.T.);
#2605 = VERTEX_POINT('',#2606);
#2606 = CARTESIAN_POINT('',(-13.78858223313,-13.78858223313,3.01));
#2607 = SURFACE_CURVE('',#2608,(#2612,#2618),.PCURVE_S1.);
#2608 = LINE('',#2609,#2610);
#2609 = CARTESIAN_POINT('',(-13.78858223313,-13.78858223313,3.01));
#2610 = VECTOR('',#2611,1.);
#2611 = DIRECTION('',(0.866025403784,-0.5,0.));
#2612 = PCURVE('',#1524,#2613);
#2613 = DEFINITIONAL_REPRESENTATION('',(#2614),#2617);
#2614 = B_SPLINE_CURVE_WITH_KNOTS('',1,(#2615,#2616),.UNSPECIFIED.,.F.,
  .F.,(2,2),(0.,10.093942758998),.PIECEWISE_BEZIER_KNOTS.);
#2615 = CARTESIAN_POINT('',(0.,0.));
#2616 = CARTESIAN_POINT('',(10.093942758998,0.));
#2617 = ( GEOMETRIC_REPRESENTATION_CONTEXT(2) 
PARAMETRIC_REPRESENTATION_CONTEXT() REPRESENTATION_CONTEXT('2D SPACE',''
  ) );
#2618 = PCURVE('',#2257,#2619);
#2619 = DEFINITIONAL_REPRESENTATION('',(#2620),#2624);
#2620 = LINE('',#2621,#2622);
#2621 = CARTESIAN_POINT('',(0.,-9.56));
#2622 = VECTOR('',#2623,1.);
#2623 = DIRECTION('',(1.,0.));
#2624 = ( GEOMETRIC_REPRESENTATION_CONTEXT(2) 
PARAMETRIC_REPRESENTATION_CONTEXT() REPRESENTATION_CONTEXT('2D SPACE',''
  ) );
#2625 = ORIENTED_EDGE('',*,*,#2534,.T.);
#2626 = ORIENTED_EDGE('',*,*,#1508,.F.);
#2627 = ORIENTED_EDGE('',*,*,#2628,.F.);
#2628 = EDGE_CURVE('',#2605,#1509,#2629,.T.);
#2629 = SURFACE_CURVE('',#2630,(#2633,#2640),.PCURVE_S1.);
#2630 = B_SPLINE_CURVE_WITH_KNOTS('',1,(#2631,#2632),.UNSPECIFIED.,.F.,
  .F.,(2,2),(0.,1.),.PIECEWISE_BEZIER_KNOTS.);
#2631 = CARTESIAN_POINT('',(-13.78858223313,-13.78858223313,3.01));
#2632 = CARTESIAN_POINT('',(-12.11544086526,-12.11544086526,4.26));
#2633 = PCURVE('',#1524,#2634);
#2634 = DEFINITIONAL_REPRESENTATION('',(#2635),#2639);
#2635 = LINE('',#2636,#2637);
#2636 = CARTESIAN_POINT('',(0.,0.));
#2637 = VECTOR('',#2638,1.);
#2638 = DIRECTION('',(0.,1.));
#2639 = ( GEOMETRIC_REPRESENTATION_CONTEXT(2) 
PARAMETRIC_REPRESENTATION_CONTEXT() REPRESENTATION_CONTEXT('2D SPACE',''
  ) );
#2640 = PCURVE('',#1551,#2641);
#2641 = DEFINITIONAL_REPRESENTATION('',(#2642),#2646);
#2642 = LINE('',#2643,#2644);
#2643 = CARTESIAN_POINT('',(10.093942758998,0.));
#2644 = VECTOR('',#2645,1.);
#2645 = DIRECTION('',(0.,1.));
#2646 = ( GEOMETRIC_REPRESENTATION_CONTEXT(2) 
PARAMETRIC_REPRESENTATION_CONTEXT() REPRESENTATION_CONTEXT('2D SPACE',''
  ) );
#2647 = ADVANCED_FACE('',(#2648),#1578,.T.);
#2648 = FACE_BOUND('',#2649,.T.);
#2649 = EDGE_LOOP('',(#2650,#2672,#2692,#2693));
#2650 = ORIENTED_EDGE('',*,*,#2651,.T.);
#2651 = EDGE_CURVE('',#2558,#2652,#2654,.T.);
#2652 = VERTEX_POINT('',#2653);
#2653 = CARTESIAN_POINT('',(-18.83555361263,-5.046971379499,3.01));
#2654 = SURFACE_CURVE('',#2655,(#2659,#2665),.PCURVE_S1.);
#2655 = LINE('',#2656,#2657);
#2656 = CARTESIAN_POINT('',(-18.83555361263,5.046971379499,3.01));
#2657 = VECTOR('',#2658,1.);
#2658 = DIRECTION('',(-3.51964912386E-16,-1.,0.));
#2659 = PCURVE('',#1578,#2660);
#2660 = DEFINITIONAL_REPRESENTATION('',(#2661),#2664);
#2661 = B_SPLINE_CURVE_WITH_KNOTS('',1,(#2662,#2663),.UNSPECIFIED.,.F.,
  .F.,(2,2),(0.,10.093942758998),.PIECEWISE_BEZIER_KNOTS.);
#2662 = CARTESIAN_POINT('',(0.,0.));
#2663 = CARTESIAN_POINT('',(10.093942758998,0.));
#2664 = ( GEOMETRIC_REPRESENTATION_CONTEXT(2) 
PARAMETRIC_REPRESENTATION_CONTEXT() REPRESENTATION_CONTEXT('2D SPACE',''
  ) );
#2665 = PCURVE('',#2311,#2666);
#2666 = DEFINITIONAL_REPRESENTATION('',(#2667),#2671);
#2667 = LINE('',#2668,#2669);
#2668 = CARTESIAN_POINT('',(0.,-9.56));
#2669 = VECTOR('',#2670,1.);
#2670 = DIRECTION('',(1.,0.));
#2671 = ( GEOMETRIC_REPRESENTATION_CONTEXT(2) 
PARAMETRIC_REPRESENTATION_CONTEXT() REPRESENTATION_CONTEXT('2D SPACE',''
  ) );
#2672 = ORIENTED_EDGE('',*,*,#2673,.T.);
#2673 = EDGE_CURVE('',#2652,#1536,#2674,.T.);
#2674 = SURFACE_CURVE('',#2675,(#2678,#2685),.PCURVE_S1.);
#2675 = B_SPLINE_CURVE_WITH_KNOTS('',1,(#2676,#2677),.UNSPECIFIED.,.F.,
  .F.,(2,2),(0.,1.),.PIECEWISE_BEZIER_KNOTS.);
#2676 = CARTESIAN_POINT('',(-18.83555361263,-5.046971379499,3.01));
#2677 = CARTESIAN_POINT('',(-16.55,-4.434559134735,4.26));
#2678 = PCURVE('',#1578,#2679);
#2679 = DEFINITIONAL_REPRESENTATION('',(#2680),#2684);
#2680 = LINE('',#2681,#2682);
#2681 = CARTESIAN_POINT('',(10.093942758998,0.));
#2682 = VECTOR('',#2683,1.);
#2683 = DIRECTION('',(0.,1.));
#2684 = ( GEOMETRIC_REPRESENTATION_CONTEXT(2) 
PARAMETRIC_REPRESENTATION_CONTEXT() REPRESENTATION_CONTEXT('2D SPACE',''
  ) );
#2685 = PCURVE('',#1551,#2686);
#2686 = DEFINITIONAL_REPRESENTATION('',(#2687),#2691);
#2687 = LINE('',#2688,#2689);
#2688 = CARTESIAN_POINT('',(0.,0.));
#2689 = VECTOR('',#2690,1.);
#2690 = DIRECTION('',(0.,1.));
#2691 = ( GEOMETRIC_REPRESENTATION_CONTEXT(2) 
PARAMETRIC_REPRESENTATION_CONTEXT() REPRESENTATION_CONTEXT('2D SPACE',''
  ) );
#2692 = ORIENTED_EDGE('',*,*,#1562,.F.);
#2693 = ORIENTED_EDGE('',*,*,#2579,.F.);
#2694 = ADVANCED_FACE('',(#2695),#1551,.T.);
#2695 = FACE_BOUND('',#2696,.T.);
#2696 = EDGE_LOOP('',(#2697,#2717,#2718,#2719));
#2697 = ORIENTED_EDGE('',*,*,#2698,.T.);
#2698 = EDGE_CURVE('',#2652,#2605,#2699,.T.);
#2699 = SURFACE_CURVE('',#2700,(#2704,#2710),.PCURVE_S1.);
#2700 = LINE('',#2701,#2702);
#2701 = CARTESIAN_POINT('',(-18.83555361263,-5.046971379499,3.01));
#2702 = VECTOR('',#2703,1.);
#2703 = DIRECTION('',(0.5,-0.866025403784,0.));
#2704 = PCURVE('',#1551,#2705);
#2705 = DEFINITIONAL_REPRESENTATION('',(#2706),#2709);
#2706 = B_SPLINE_CURVE_WITH_KNOTS('',1,(#2707,#2708),.UNSPECIFIED.,.F.,
  .F.,(2,2),(0.,10.093942758998),.PIECEWISE_BEZIER_KNOTS.);
#2707 = CARTESIAN_POINT('',(0.,0.));
#2708 = CARTESIAN_POINT('',(10.093942758998,0.));
#2709 = ( GEOMETRIC_REPRESENTATION_CONTEXT(2) 
PARAMETRIC_REPRESENTATION_CONTEXT() REPRESENTATION_CONTEXT('2D SPACE',''
  ) );
#2710 = PCURVE('',#2343,#2711);
#2711 = DEFINITIONAL_REPRESENTATION('',(#2712),#2716);
#2712 = LINE('',#2713,#2714);
#2713 = CARTESIAN_POINT('',(0.,-9.56));
#2714 = VECTOR('',#2715,1.);
#2715 = DIRECTION('',(1.,0.));
#2716 = ( GEOMETRIC_REPRESENTATION_CONTEXT(2) 
PARAMETRIC_REPRESENTATION_CONTEXT() REPRESENTATION_CONTEXT('2D SPACE',''
  ) );
#2717 = ORIENTED_EDGE('',*,*,#2628,.T.);
#2718 = ORIENTED_EDGE('',*,*,#1535,.F.);
#2719 = ORIENTED_EDGE('',*,*,#2673,.F.);
#2720 = ADVANCED_FACE('',(#2721),#1683,.F.);
#2721 = FACE_BOUND('',#2722,.T.);
#2722 = EDGE_LOOP('',(#2723,#2724,#2747,#2774));
#2723 = ORIENTED_EDGE('',*,*,#1666,.F.);
#2724 = ORIENTED_EDGE('',*,*,#2725,.T.);
#2725 = EDGE_CURVE('',#1667,#2726,#2728,.T.);
#2726 = VERTEX_POINT('',#2727);
#2727 = CARTESIAN_POINT('',(15.45,0.,2.31));
#2728 = SEAM_CURVE('',#2729,(#2733,#2740),.PCURVE_S1.);
#2729 = LINE('',#2730,#2731);
#2730 = CARTESIAN_POINT('',(15.45,0.,5.36));
#2731 = VECTOR('',#2732,1.);
#2732 = DIRECTION('',(0.,0.,-1.));
#2733 = PCURVE('',#1683,#2734);
#2734 = DEFINITIONAL_REPRESENTATION('',(#2735),#2739);
#2735 = LINE('',#2736,#2737);
#2736 = CARTESIAN_POINT('',(-0.,0.));
#2737 = VECTOR('',#2738,1.);
#2738 = DIRECTION('',(-0.,1.));
#2739 = ( GEOMETRIC_REPRESENTATION_CONTEXT(2) 
PARAMETRIC_REPRESENTATION_CONTEXT() REPRESENTATION_CONTEXT('2D SPACE',''
  ) );
#2740 = PCURVE('',#1683,#2741);
#2741 = DEFINITIONAL_REPRESENTATION('',(#2742),#2746);
#2742 = LINE('',#2743,#2744);
#2743 = CARTESIAN_POINT('',(-6.28318530718,0.));
#2744 = VECTOR('',#2745,1.);
#2745 = DIRECTION('',(-0.,1.));
#2746 = ( GEOMETRIC_REPRESENTATION_CONTEXT(2) 
PARAMETRIC_REPRESENTATION_CONTEXT() REPRESENTATION_CONTEXT('2D SPACE',''
  ) );
#2747 = ORIENTED_EDGE('',*,*,#2748,.F.);
#2748 = EDGE_CURVE('',#2726,#2726,#2749,.T.);
#2749 = SURFACE_CURVE('',#2750,(#2755,#2762),.PCURVE_S1.);
#2750 = CIRCLE('',#2751,15.45);
#2751 = AXIS2_PLACEMENT_3D('',#2752,#2753,#2754);
#2752 = CARTESIAN_POINT('',(0.,0.,2.31));
#2753 = DIRECTION('',(0.,0.,1.));
#2754 = DIRECTION('',(1.,0.,-0.));
#2755 = PCURVE('',#1683,#2756);
#2756 = DEFINITIONAL_REPRESENTATION('',(#2757),#2761);
#2757 = LINE('',#2758,#2759);
#2758 = CARTESIAN_POINT('',(-0.,3.05));
#2759 = VECTOR('',#2760,1.);
#2760 = DIRECTION('',(-1.,0.));
#2761 = ( GEOMETRIC_REPRESENTATION_CONTEXT(2) 
PARAMETRIC_REPRESENTATION_CONTEXT() REPRESENTATION_CONTEXT('2D SPACE',''
  ) );
#2762 = PCURVE('',#2763,#2768);
#2763 = PLANE('',#2764);
#2764 = AXIS2_PLACEMENT_3D('',#2765,#2766,#2767);
#2765 = CARTESIAN_POINT('',(0.,0.,2.31));
#2766 = DIRECTION('',(0.,0.,1.));
#2767 = DIRECTION('',(1.,0.,-0.));
#2768 = DEFINITIONAL_REPRESENTATION('',(#2769),#2773);
#2769 = CIRCLE('',#2770,15.45);
#2770 = AXIS2_PLACEMENT_2D('',#2771,#2772);
#2771 = CARTESIAN_POINT('',(0.,0.));
#2772 = DIRECTION('',(1.,0.));
#2773 = ( GEOMETRIC_REPRESENTATION_CONTEXT(2) 
PARAMETRIC_REPRESENTATION_CONTEXT() REPRESENTATION_CONTEXT('2D SPACE',''
  ) );
#2774 = ORIENTED_EDGE('',*,*,#2725,.F.);
#2775 = ADVANCED_FACE('',(#2776),#1737,.F.);
#2776 = FACE_BOUND('',#2777,.F.);
#2777 = EDGE_LOOP('',(#2778,#2779,#2780,#2801));
#2778 = ORIENTED_EDGE('',*,*,#1721,.T.);
#2779 = ORIENTED_EDGE('',*,*,#2463,.T.);
#2780 = ORIENTED_EDGE('',*,*,#2781,.F.);
#2781 = EDGE_CURVE('',#2069,#2464,#2782,.T.);
#2782 = SURFACE_CURVE('',#2783,(#2787,#2794),.PCURVE_S1.);
#2783 = LINE('',#2784,#2785);
#2784 = CARTESIAN_POINT('',(-13.78858223313,13.788582233138,-6.55));
#2785 = VECTOR('',#2786,1.);
#2786 = DIRECTION('',(0.,0.,1.));
#2787 = PCURVE('',#1737,#2788);
#2788 = DEFINITIONAL_REPRESENTATION('',(#2789),#2793);
#2789 = LINE('',#2790,#2791);
#2790 = CARTESIAN_POINT('',(10.093942758998,0.));
#2791 = VECTOR('',#2792,1.);
#2792 = DIRECTION('',(0.,-1.));
#2793 = ( GEOMETRIC_REPRESENTATION_CONTEXT(2) 
PARAMETRIC_REPRESENTATION_CONTEXT() REPRESENTATION_CONTEXT('2D SPACE',''
  ) );
#2794 = PCURVE('',#2203,#2795);
#2795 = DEFINITIONAL_REPRESENTATION('',(#2796),#2800);
#2796 = LINE('',#2797,#2798);
#2797 = CARTESIAN_POINT('',(0.,0.));
#2798 = VECTOR('',#2799,1.);
#2799 = DIRECTION('',(0.,-1.));
#2800 = ( GEOMETRIC_REPRESENTATION_CONTEXT(2) 
PARAMETRIC_REPRESENTATION_CONTEXT() REPRESENTATION_CONTEXT('2D SPACE',''
  ) );
#2801 = ORIENTED_EDGE('',*,*,#2091,.F.);
#2802 = ADVANCED_FACE('',(#2803),#1791,.F.);
#2803 = FACE_BOUND('',#2804,.F.);
#2804 = EDGE_LOOP('',(#2805,#2826,#2827,#2828));
#2805 = ORIENTED_EDGE('',*,*,#2806,.T.);
#2806 = EDGE_CURVE('',#2116,#2511,#2807,.T.);
#2807 = SURFACE_CURVE('',#2808,(#2812,#2819),.PCURVE_S1.);
#2808 = LINE('',#2809,#2810);
#2809 = CARTESIAN_POINT('',(-5.046971379499,-18.83555361263,-6.55));
#2810 = VECTOR('',#2811,1.);
#2811 = DIRECTION('',(0.,0.,1.));
#2812 = PCURVE('',#1791,#2813);
#2813 = DEFINITIONAL_REPRESENTATION('',(#2814),#2818);
#2814 = LINE('',#2815,#2816);
#2815 = CARTESIAN_POINT('',(0.,0.));
#2816 = VECTOR('',#2817,1.);
#2817 = DIRECTION('',(0.,-1.));
#2818 = ( GEOMETRIC_REPRESENTATION_CONTEXT(2) 
PARAMETRIC_REPRESENTATION_CONTEXT() REPRESENTATION_CONTEXT('2D SPACE',''
  ) );
#2819 = PCURVE('',#2257,#2820);
#2820 = DEFINITIONAL_REPRESENTATION('',(#2821),#2825);
#2821 = LINE('',#2822,#2823);
#2822 = CARTESIAN_POINT('',(10.093942758998,0.));
#2823 = VECTOR('',#2824,1.);
#2824 = DIRECTION('',(0.,-1.));
#2825 = ( GEOMETRIC_REPRESENTATION_CONTEXT(2) 
PARAMETRIC_REPRESENTATION_CONTEXT() REPRESENTATION_CONTEXT('2D SPACE',''
  ) );
#2826 = ORIENTED_EDGE('',*,*,#2510,.T.);
#2827 = ORIENTED_EDGE('',*,*,#1773,.F.);
#2828 = ORIENTED_EDGE('',*,*,#2140,.F.);
#2829 = ADVANCED_FACE('',(#2830,#2861),#1918,.F.);
#2830 = FACE_BOUND('',#2831,.T.);
#2831 = EDGE_LOOP('',(#2832));
#2832 = ORIENTED_EDGE('',*,*,#2833,.T.);
#2833 = EDGE_CURVE('',#2834,#2834,#2836,.T.);
#2834 = VERTEX_POINT('',#2835);
#2835 = CARTESIAN_POINT('',(14.35,0.,-0.45));
#2836 = SURFACE_CURVE('',#2837,(#2842,#2849),.PCURVE_S1.);
#2837 = CIRCLE('',#2838,14.35);
#2838 = AXIS2_PLACEMENT_3D('',#2839,#2840,#2841);
#2839 = CARTESIAN_POINT('',(0.,0.,-0.45));
#2840 = DIRECTION('',(0.,0.,1.));
#2841 = DIRECTION('',(1.,0.,-0.));
#2842 = PCURVE('',#1918,#2843);
#2843 = DEFINITIONAL_REPRESENTATION('',(#2844),#2848);
#2844 = CIRCLE('',#2845,14.35);
#2845 = AXIS2_PLACEMENT_2D('',#2846,#2847);
#2846 = CARTESIAN_POINT('',(0.,0.));
#2847 = DIRECTION('',(1.,-0.));
#2848 = ( GEOMETRIC_REPRESENTATION_CONTEXT(2) 
PARAMETRIC_REPRESENTATION_CONTEXT() REPRESENTATION_CONTEXT('2D SPACE',''
  ) );
#2849 = PCURVE('',#2850,#2855);
#2850 = CYLINDRICAL_SURFACE('',#2851,14.35);
#2851 = AXIS2_PLACEMENT_3D('',#2852,#2853,#2854);
#2852 = CARTESIAN_POINT('',(0.,0.,0.));
#2853 = DIRECTION('',(-0.,-0.,-1.));
#2854 = DIRECTION('',(1.,0.,0.));
#2855 = DEFINITIONAL_REPRESENTATION('',(#2856),#2860);
#2856 = LINE('',#2857,#2858);
#2857 = CARTESIAN_POINT('',(-0.,0.45));
#2858 = VECTOR('',#2859,1.);
#2859 = DIRECTION('',(-1.,0.));
#2860 = ( GEOMETRIC_REPRESENTATION_CONTEXT(2) 
PARAMETRIC_REPRESENTATION_CONTEXT() REPRESENTATION_CONTEXT('2D SPACE',''
  ) );
#2861 = FACE_BOUND('',#2862,.T.);
#2862 = EDGE_LOOP('',(#2863));
#2863 = ORIENTED_EDGE('',*,*,#1901,.F.);
#2864 = ADVANCED_FACE('',(#2865,#2891,#2926,#2961,#2996,#2999),#1992,.F.
  );
#2865 = FACE_BOUND('',#2866,.T.);
#2866 = EDGE_LOOP('',(#2867));
#2867 = ORIENTED_EDGE('',*,*,#2868,.F.);
#2868 = EDGE_CURVE('',#2869,#2869,#2871,.T.);
#2869 = VERTEX_POINT('',#2870);
#2870 = CARTESIAN_POINT('',(17.05,0.,-6.12));
#2871 = SURFACE_CURVE('',#2872,(#2877,#2884),.PCURVE_S1.);
#2872 = CIRCLE('',#2873,17.05);
#2873 = AXIS2_PLACEMENT_3D('',#2874,#2875,#2876);
#2874 = CARTESIAN_POINT('',(0.,0.,-6.12));
#2875 = DIRECTION('',(0.,0.,1.));
#2876 = DIRECTION('',(1.,0.,-0.));
#2877 = PCURVE('',#1992,#2878);
#2878 = DEFINITIONAL_REPRESENTATION('',(#2879),#2883);
#2879 = CIRCLE('',#2880,17.05);
#2880 = AXIS2_PLACEMENT_2D('',#2881,#2882);
#2881 = CARTESIAN_POINT('',(0.,0.));
#2882 = DIRECTION('',(1.,-0.));
#2883 = ( GEOMETRIC_REPRESENTATION_CONTEXT(2) 
PARAMETRIC_REPRESENTATION_CONTEXT() REPRESENTATION_CONTEXT('2D SPACE',''
  ) );
#2884 = PCURVE('',#2396,#2885);
#2885 = DEFINITIONAL_REPRESENTATION('',(#2886),#2890);
#2886 = LINE('',#2887,#2888);
#2887 = CARTESIAN_POINT('',(-0.,0.));
#2888 = VECTOR('',#2889,1.);
#2889 = DIRECTION('',(-1.,0.));
#2890 = ( GEOMETRIC_REPRESENTATION_CONTEXT(2) 
PARAMETRIC_REPRESENTATION_CONTEXT() REPRESENTATION_CONTEXT('2D SPACE',''
  ) );
#2891 = FACE_BOUND('',#2892,.T.);
#2892 = EDGE_LOOP('',(#2893));
#2893 = ORIENTED_EDGE('',*,*,#2894,.F.);
#2894 = EDGE_CURVE('',#2895,#2895,#2897,.T.);
#2895 = VERTEX_POINT('',#2896);
#2896 = CARTESIAN_POINT('',(12.009419177103,-11.3844191771,-6.12));
#2897 = SURFACE_CURVE('',#2898,(#2903,#2914),.PCURVE_S1.);
#2898 = CIRCLE('',#2899,0.625);
#2899 = AXIS2_PLACEMENT_3D('',#2900,#2901,#2902);
#2900 = CARTESIAN_POINT('',(11.384419177103,-11.3844191771,-6.12));
#2901 = DIRECTION('',(0.,0.,-1.));
#2902 = DIRECTION('',(1.,0.,0.));
#2903 = PCURVE('',#1992,#2904);
#2904 = DEFINITIONAL_REPRESENTATION('',(#2905),#2913);
#2905 = ( BOUNDED_CURVE() B_SPLINE_CURVE(2,(#2906,#2907,#2908,#2909,
#2910,#2911,#2912),.UNSPECIFIED.,.T.,.F.) B_SPLINE_CURVE_WITH_KNOTS((1,2
    ,2,2,2,1),(-2.094395102393,0.,2.094395102393,4.188790204786,
6.28318530718,8.377580409573),.UNSPECIFIED.) CURVE() 
GEOMETRIC_REPRESENTATION_ITEM() RATIONAL_B_SPLINE_CURVE((1.,0.5,1.,0.5,
1.,0.5,1.)) REPRESENTATION_ITEM('') );
#2906 = CARTESIAN_POINT('',(12.009419177103,-11.3844191771));
#2907 = CARTESIAN_POINT('',(12.009419177103,-12.46695093183));
#2908 = CARTESIAN_POINT('',(11.071919177103,-11.92568505446));
#2909 = CARTESIAN_POINT('',(10.134419177103,-11.3844191771));
#2910 = CARTESIAN_POINT('',(11.071919177103,-10.84315329973));
#2911 = CARTESIAN_POINT('',(12.009419177103,-10.30188742237));
#2912 = CARTESIAN_POINT('',(12.009419177103,-11.3844191771));
#2913 = ( GEOMETRIC_REPRESENTATION_CONTEXT(2) 
PARAMETRIC_REPRESENTATION_CONTEXT() REPRESENTATION_CONTEXT('2D SPACE',''
  ) );
#2914 = PCURVE('',#2915,#2920);
#2915 = CYLINDRICAL_SURFACE('',#2916,0.625);
#2916 = AXIS2_PLACEMENT_3D('',#2917,#2918,#2919);
#2917 = CARTESIAN_POINT('',(11.384419177103,-11.3844191771,-6.13));
#2918 = DIRECTION('',(-0.,-0.,-1.));
#2919 = DIRECTION('',(1.,0.,0.));
#2920 = DEFINITIONAL_REPRESENTATION('',(#2921),#2925);
#2921 = LINE('',#2922,#2923);
#2922 = CARTESIAN_POINT('',(-6.28318530718,-1.E-02));
#2923 = VECTOR('',#2924,1.);
#2924 = DIRECTION('',(1.,-0.));
#2925 = ( GEOMETRIC_REPRESENTATION_CONTEXT(2) 
PARAMETRIC_REPRESENTATION_CONTEXT() REPRESENTATION_CONTEXT('2D SPACE',''
  ) );
#2926 = FACE_BOUND('',#2927,.T.);
#2927 = EDGE_LOOP('',(#2928));
#2928 = ORIENTED_EDGE('',*,*,#2929,.F.);
#2929 = EDGE_CURVE('',#2930,#2930,#2932,.T.);
#2930 = VERTEX_POINT('',#2931);
#2931 = CARTESIAN_POINT('',(-10.7594191771,-11.3844191771,-6.12));
#2932 = SURFACE_CURVE('',#2933,(#2938,#2949),.PCURVE_S1.);
#2933 = CIRCLE('',#2934,0.625);
#2934 = AXIS2_PLACEMENT_3D('',#2935,#2936,#2937);
#2935 = CARTESIAN_POINT('',(-11.3844191771,-11.3844191771,-6.12));
#2936 = DIRECTION('',(0.,0.,-1.));
#2937 = DIRECTION('',(1.,0.,0.));
#2938 = PCURVE('',#1992,#2939);
#2939 = DEFINITIONAL_REPRESENTATION('',(#2940),#2948);
#2940 = ( BOUNDED_CURVE() B_SPLINE_CURVE(2,(#2941,#2942,#2943,#2944,
#2945,#2946,#2947),.UNSPECIFIED.,.T.,.F.) B_SPLINE_CURVE_WITH_KNOTS((1,2
    ,2,2,2,1),(-2.094395102393,0.,2.094395102393,4.188790204786,
6.28318530718,8.377580409573),.UNSPECIFIED.) CURVE() 
GEOMETRIC_REPRESENTATION_ITEM() RATIONAL_B_SPLINE_CURVE((1.,0.5,1.,0.5,
1.,0.5,1.)) REPRESENTATION_ITEM('') );
#2941 = CARTESIAN_POINT('',(-10.7594191771,-11.3844191771));
#2942 = CARTESIAN_POINT('',(-10.7594191771,-12.46695093183));
#2943 = CARTESIAN_POINT('',(-11.6969191771,-11.92568505446));
#2944 = CARTESIAN_POINT('',(-12.6344191771,-11.3844191771));
#2945 = CARTESIAN_POINT('',(-11.6969191771,-10.84315329973));
#2946 = CARTESIAN_POINT('',(-10.7594191771,-10.30188742237));
#2947 = CARTESIAN_POINT('',(-10.7594191771,-11.3844191771));
#2948 = ( GEOMETRIC_REPRESENTATION_CONTEXT(2) 
PARAMETRIC_REPRESENTATION_CONTEXT() REPRESENTATION_CONTEXT('2D SPACE',''
  ) );
#2949 = PCURVE('',#2950,#2955);
#2950 = CYLINDRICAL_SURFACE('',#2951,0.625);
#2951 = AXIS2_PLACEMENT_3D('',#2952,#2953,#2954);
#2952 = CARTESIAN_POINT('',(-11.3844191771,-11.3844191771,-6.13));
#2953 = DIRECTION('',(-0.,-0.,-1.));
#2954 = DIRECTION('',(1.,0.,0.));
#2955 = DEFINITIONAL_REPRESENTATION('',(#2956),#2960);
#2956 = LINE('',#2957,#2958);
#2957 = CARTESIAN_POINT('',(-6.28318530718,-1.E-02));
#2958 = VECTOR('',#2959,1.);
#2959 = DIRECTION('',(1.,-0.));
#2960 = ( GEOMETRIC_REPRESENTATION_CONTEXT(2) 
PARAMETRIC_REPRESENTATION_CONTEXT() REPRESENTATION_CONTEXT('2D SPACE',''
  ) );
#2961 = FACE_BOUND('',#2962,.T.);
#2962 = EDGE_LOOP('',(#2963));
#2963 = ORIENTED_EDGE('',*,*,#2964,.F.);
#2964 = EDGE_CURVE('',#2965,#2965,#2967,.T.);
#2965 = VERTEX_POINT('',#2966);
#2966 = CARTESIAN_POINT('',(12.009419177103,11.384419177103,-6.12));
#2967 = SURFACE_CURVE('',#2968,(#2973,#2984),.PCURVE_S1.);
#2968 = CIRCLE('',#2969,0.625);
#2969 = AXIS2_PLACEMENT_3D('',#2970,#2971,#2972);
#2970 = CARTESIAN_POINT('',(11.384419177103,11.384419177103,-6.12));
#2971 = DIRECTION('',(0.,0.,-1.));
#2972 = DIRECTION('',(1.,0.,0.));
#2973 = PCURVE('',#1992,#2974);
#2974 = DEFINITIONAL_REPRESENTATION('',(#2975),#2983);
#2975 = ( BOUNDED_CURVE() B_SPLINE_CURVE(2,(#2976,#2977,#2978,#2979,
#2980,#2981,#2982),.UNSPECIFIED.,.T.,.F.) B_SPLINE_CURVE_WITH_KNOTS((1,2
    ,2,2,2,1),(-2.094395102393,0.,2.094395102393,4.188790204786,
6.28318530718,8.377580409573),.UNSPECIFIED.) CURVE() 
GEOMETRIC_REPRESENTATION_ITEM() RATIONAL_B_SPLINE_CURVE((1.,0.5,1.,0.5,
1.,0.5,1.)) REPRESENTATION_ITEM('') );
#2976 = CARTESIAN_POINT('',(12.009419177103,11.384419177103));
#2977 = CARTESIAN_POINT('',(12.009419177103,10.301887422373));
#2978 = CARTESIAN_POINT('',(11.071919177103,10.843153299738));
#2979 = CARTESIAN_POINT('',(10.134419177103,11.384419177103));
#2980 = CARTESIAN_POINT('',(11.071919177103,11.925685054469));
#2981 = CARTESIAN_POINT('',(12.009419177103,12.466950931834));
#2982 = CARTESIAN_POINT('',(12.009419177103,11.384419177103));
#2983 = ( GEOMETRIC_REPRESENTATION_CONTEXT(2) 
PARAMETRIC_REPRESENTATION_CONTEXT() REPRESENTATION_CONTEXT('2D SPACE',''
  ) );
#2984 = PCURVE('',#2985,#2990);
#2985 = CYLINDRICAL_SURFACE('',#2986,0.625);
#2986 = AXIS2_PLACEMENT_3D('',#2987,#2988,#2989);
#2987 = CARTESIAN_POINT('',(11.384419177103,11.384419177103,-6.13));
#2988 = DIRECTION('',(-0.,-0.,-1.));
#2989 = DIRECTION('',(1.,0.,0.));
#2990 = DEFINITIONAL_REPRESENTATION('',(#2991),#2995);
#2991 = LINE('',#2992,#2993);
#2992 = CARTESIAN_POINT('',(-6.28318530718,-1.E-02));
#2993 = VECTOR('',#2994,1.);
#2994 = DIRECTION('',(1.,-0.));
#2995 = ( GEOMETRIC_REPRESENTATION_CONTEXT(2) 
PARAMETRIC_REPRESENTATION_CONTEXT() REPRESENTATION_CONTEXT('2D SPACE',''
  ) );
#2996 = FACE_BOUND('',#2997,.T.);
#2997 = EDGE_LOOP('',(#2998));
#2998 = ORIENTED_EDGE('',*,*,#1977,.T.);
#2999 = FACE_BOUND('',#3000,.T.);
#3000 = EDGE_LOOP('',(#3001));
#3001 = ORIENTED_EDGE('',*,*,#3002,.F.);
#3002 = EDGE_CURVE('',#3003,#3003,#3005,.T.);
#3003 = VERTEX_POINT('',#3004);
#3004 = CARTESIAN_POINT('',(-10.7594191771,11.384419177103,-6.12));
#3005 = SURFACE_CURVE('',#3006,(#3011,#3022),.PCURVE_S1.);
#3006 = CIRCLE('',#3007,0.625);
#3007 = AXIS2_PLACEMENT_3D('',#3008,#3009,#3010);
#3008 = CARTESIAN_POINT('',(-11.3844191771,11.384419177103,-6.12));
#3009 = DIRECTION('',(0.,0.,-1.));
#3010 = DIRECTION('',(1.,0.,0.));
#3011 = PCURVE('',#1992,#3012);
#3012 = DEFINITIONAL_REPRESENTATION('',(#3013),#3021);
#3013 = ( BOUNDED_CURVE() B_SPLINE_CURVE(2,(#3014,#3015,#3016,#3017,
#3018,#3019,#3020),.UNSPECIFIED.,.T.,.F.) B_SPLINE_CURVE_WITH_KNOTS((1,2
    ,2,2,2,1),(-2.094395102393,0.,2.094395102393,4.188790204786,
6.28318530718,8.377580409573),.UNSPECIFIED.) CURVE() 
GEOMETRIC_REPRESENTATION_ITEM() RATIONAL_B_SPLINE_CURVE((1.,0.5,1.,0.5,
1.,0.5,1.)) REPRESENTATION_ITEM('') );
#3014 = CARTESIAN_POINT('',(-10.7594191771,11.384419177103));
#3015 = CARTESIAN_POINT('',(-10.7594191771,10.301887422373));
#3016 = CARTESIAN_POINT('',(-11.6969191771,10.843153299738));
#3017 = CARTESIAN_POINT('',(-12.6344191771,11.384419177103));
#3018 = CARTESIAN_POINT('',(-11.6969191771,11.925685054469));
#3019 = CARTESIAN_POINT('',(-10.7594191771,12.466950931834));
#3020 = CARTESIAN_POINT('',(-10.7594191771,11.384419177103));
#3021 = ( GEOMETRIC_REPRESENTATION_CONTEXT(2) 
PARAMETRIC_REPRESENTATION_CONTEXT() REPRESENTATION_CONTEXT('2D SPACE',''
  ) );
#3022 = PCURVE('',#3023,#3028);
#3023 = CYLINDRICAL_SURFACE('',#3024,0.625);
#3024 = AXIS2_PLACEMENT_3D('',#3025,#3026,#3027);
#3025 = CARTESIAN_POINT('',(-11.3844191771,11.384419177103,-6.13));
#3026 = DIRECTION('',(-0.,-0.,-1.));
#3027 = DIRECTION('',(1.,0.,0.));
#3028 = DEFINITIONAL_REPRESENTATION('',(#3029),#3033);
#3029 = LINE('',#3030,#3031);
#3030 = CARTESIAN_POINT('',(-6.28318530718,-1.E-02));
#3031 = VECTOR('',#3032,1.);
#3032 = DIRECTION('',(1.,-0.));
#3033 = ( GEOMETRIC_REPRESENTATION_CONTEXT(2) 
PARAMETRIC_REPRESENTATION_CONTEXT() REPRESENTATION_CONTEXT('2D SPACE',''
  ) );
#3034 = ADVANCED_FACE('',(#3035),#2203,.F.);
#3035 = FACE_BOUND('',#3036,.F.);
#3036 = EDGE_LOOP('',(#3037,#3038,#3039,#3060));
#3037 = ORIENTED_EDGE('',*,*,#2781,.T.);
#3038 = ORIENTED_EDGE('',*,*,#2557,.T.);
#3039 = ORIENTED_EDGE('',*,*,#3040,.F.);
#3040 = EDGE_CURVE('',#2167,#2558,#3041,.T.);
#3041 = SURFACE_CURVE('',#3042,(#3046,#3053),.PCURVE_S1.);
#3042 = LINE('',#3043,#3044);
#3043 = CARTESIAN_POINT('',(-18.83555361263,5.046971379499,-6.55));
#3044 = VECTOR('',#3045,1.);
#3045 = DIRECTION('',(0.,0.,1.));
#3046 = PCURVE('',#2203,#3047);
#3047 = DEFINITIONAL_REPRESENTATION('',(#3048),#3052);
#3048 = LINE('',#3049,#3050);
#3049 = CARTESIAN_POINT('',(10.093942758998,0.));
#3050 = VECTOR('',#3051,1.);
#3051 = DIRECTION('',(0.,-1.));
#3052 = ( GEOMETRIC_REPRESENTATION_CONTEXT(2) 
PARAMETRIC_REPRESENTATION_CONTEXT() REPRESENTATION_CONTEXT('2D SPACE',''
  ) );
#3053 = PCURVE('',#2311,#3054);
#3054 = DEFINITIONAL_REPRESENTATION('',(#3055),#3059);
#3055 = LINE('',#3056,#3057);
#3056 = CARTESIAN_POINT('',(0.,0.));
#3057 = VECTOR('',#3058,1.);
#3058 = DIRECTION('',(0.,-1.));
#3059 = ( GEOMETRIC_REPRESENTATION_CONTEXT(2) 
PARAMETRIC_REPRESENTATION_CONTEXT() REPRESENTATION_CONTEXT('2D SPACE',''
  ) );
#3060 = ORIENTED_EDGE('',*,*,#2189,.F.);
#3061 = ADVANCED_FACE('',(#3062),#2257,.F.);
#3062 = FACE_BOUND('',#3063,.F.);
#3063 = EDGE_LOOP('',(#3064,#3085,#3086,#3087));
#3064 = ORIENTED_EDGE('',*,*,#3065,.T.);
#3065 = EDGE_CURVE('',#2219,#2605,#3066,.T.);
#3066 = SURFACE_CURVE('',#3067,(#3071,#3078),.PCURVE_S1.);
#3067 = LINE('',#3068,#3069);
#3068 = CARTESIAN_POINT('',(-13.78858223313,-13.78858223313,-6.55));
#3069 = VECTOR('',#3070,1.);
#3070 = DIRECTION('',(0.,0.,1.));
#3071 = PCURVE('',#2257,#3072);
#3072 = DEFINITIONAL_REPRESENTATION('',(#3073),#3077);
#3073 = LINE('',#3074,#3075);
#3074 = CARTESIAN_POINT('',(0.,0.));
#3075 = VECTOR('',#3076,1.);
#3076 = DIRECTION('',(0.,-1.));
#3077 = ( GEOMETRIC_REPRESENTATION_CONTEXT(2) 
PARAMETRIC_REPRESENTATION_CONTEXT() REPRESENTATION_CONTEXT('2D SPACE',''
  ) );
#3078 = PCURVE('',#2343,#3079);
#3079 = DEFINITIONAL_REPRESENTATION('',(#3080),#3084);
#3080 = LINE('',#3081,#3082);
#3081 = CARTESIAN_POINT('',(10.093942758998,0.));
#3082 = VECTOR('',#3083,1.);
#3083 = DIRECTION('',(0.,-1.));
#3084 = ( GEOMETRIC_REPRESENTATION_CONTEXT(2) 
PARAMETRIC_REPRESENTATION_CONTEXT() REPRESENTATION_CONTEXT('2D SPACE',''
  ) );
#3085 = ORIENTED_EDGE('',*,*,#2604,.T.);
#3086 = ORIENTED_EDGE('',*,*,#2806,.F.);
#3087 = ORIENTED_EDGE('',*,*,#2243,.F.);
#3088 = ADVANCED_FACE('',(#3089),#2311,.F.);
#3089 = FACE_BOUND('',#3090,.F.);
#3090 = EDGE_LOOP('',(#3091,#3092,#3093,#3114));
#3091 = ORIENTED_EDGE('',*,*,#3040,.T.);
#3092 = ORIENTED_EDGE('',*,*,#2651,.T.);
#3093 = ORIENTED_EDGE('',*,*,#3094,.F.);
#3094 = EDGE_CURVE('',#2275,#2652,#3095,.T.);
#3095 = SURFACE_CURVE('',#3096,(#3100,#3107),.PCURVE_S1.);
#3096 = LINE('',#3097,#3098);
#3097 = CARTESIAN_POINT('',(-18.83555361263,-5.046971379499,-6.55));
#3098 = VECTOR('',#3099,1.);
#3099 = DIRECTION('',(0.,0.,1.));
#3100 = PCURVE('',#2311,#3101);
#3101 = DEFINITIONAL_REPRESENTATION('',(#3102),#3106);
#3102 = LINE('',#3103,#3104);
#3103 = CARTESIAN_POINT('',(10.093942758998,0.));
#3104 = VECTOR('',#3105,1.);
#3105 = DIRECTION('',(0.,-1.));
#3106 = ( GEOMETRIC_REPRESENTATION_CONTEXT(2) 
PARAMETRIC_REPRESENTATION_CONTEXT() REPRESENTATION_CONTEXT('2D SPACE',''
  ) );
#3107 = PCURVE('',#2343,#3108);
#3108 = DEFINITIONAL_REPRESENTATION('',(#3109),#3113);
#3109 = LINE('',#3110,#3111);
#3110 = CARTESIAN_POINT('',(0.,0.));
#3111 = VECTOR('',#3112,1.);
#3112 = DIRECTION('',(0.,-1.));
#3113 = ( GEOMETRIC_REPRESENTATION_CONTEXT(2) 
PARAMETRIC_REPRESENTATION_CONTEXT() REPRESENTATION_CONTEXT('2D SPACE',''
  ) );
#3114 = ORIENTED_EDGE('',*,*,#2297,.F.);
#3115 = ADVANCED_FACE('',(#3116),#2343,.F.);
#3116 = FACE_BOUND('',#3117,.F.);
#3117 = EDGE_LOOP('',(#3118,#3119,#3120,#3121));
#3118 = ORIENTED_EDGE('',*,*,#3094,.T.);
#3119 = ORIENTED_EDGE('',*,*,#2698,.T.);
#3120 = ORIENTED_EDGE('',*,*,#3065,.F.);
#3121 = ORIENTED_EDGE('',*,*,#2329,.F.);
#3122 = ADVANCED_FACE('',(#3123),#2396,.F.);
#3123 = FACE_BOUND('',#3124,.T.);
#3124 = EDGE_LOOP('',(#3125,#3146,#3147,#3148));
#3125 = ORIENTED_EDGE('',*,*,#3126,.F.);
#3126 = EDGE_CURVE('',#2869,#2359,#3127,.T.);
#3127 = SEAM_CURVE('',#3128,(#3132,#3139),.PCURVE_S1.);
#3128 = LINE('',#3129,#3130);
#3129 = CARTESIAN_POINT('',(17.05,0.,-6.12));
#3130 = VECTOR('',#3131,1.);
#3131 = DIRECTION('',(0.,0.,-1.));
#3132 = PCURVE('',#2396,#3133);
#3133 = DEFINITIONAL_REPRESENTATION('',(#3134),#3138);
#3134 = LINE('',#3135,#3136);
#3135 = CARTESIAN_POINT('',(-0.,0.));
#3136 = VECTOR('',#3137,1.);
#3137 = DIRECTION('',(-0.,1.));
#3138 = ( GEOMETRIC_REPRESENTATION_CONTEXT(2) 
PARAMETRIC_REPRESENTATION_CONTEXT() REPRESENTATION_CONTEXT('2D SPACE',''
  ) );
#3139 = PCURVE('',#2396,#3140);
#3140 = DEFINITIONAL_REPRESENTATION('',(#3141),#3145);
#3141 = LINE('',#3142,#3143);
#3142 = CARTESIAN_POINT('',(-6.28318530718,0.));
#3143 = VECTOR('',#3144,1.);
#3144 = DIRECTION('',(-0.,1.));
#3145 = ( GEOMETRIC_REPRESENTATION_CONTEXT(2) 
PARAMETRIC_REPRESENTATION_CONTEXT() REPRESENTATION_CONTEXT('2D SPACE',''
  ) );
#3146 = ORIENTED_EDGE('',*,*,#2868,.T.);
#3147 = ORIENTED_EDGE('',*,*,#3126,.T.);
#3148 = ORIENTED_EDGE('',*,*,#2381,.T.);
#3149 = ADVANCED_FACE('',(#3150,#3153),#2763,.T.);
#3150 = FACE_BOUND('',#3151,.T.);
#3151 = EDGE_LOOP('',(#3152));
#3152 = ORIENTED_EDGE('',*,*,#2748,.T.);
#3153 = FACE_BOUND('',#3154,.T.);
#3154 = EDGE_LOOP('',(#3155));
#3155 = ORIENTED_EDGE('',*,*,#3156,.F.);
#3156 = EDGE_CURVE('',#3157,#3157,#3159,.T.);
#3157 = VERTEX_POINT('',#3158);
#3158 = CARTESIAN_POINT('',(14.45,0.,2.31));
#3159 = SURFACE_CURVE('',#3160,(#3165,#3172),.PCURVE_S1.);
#3160 = CIRCLE('',#3161,14.45);
#3161 = AXIS2_PLACEMENT_3D('',#3162,#3163,#3164);
#3162 = CARTESIAN_POINT('',(0.,0.,2.31));
#3163 = DIRECTION('',(0.,0.,1.));
#3164 = DIRECTION('',(1.,0.,-0.));
#3165 = PCURVE('',#2763,#3166);
#3166 = DEFINITIONAL_REPRESENTATION('',(#3167),#3171);
#3167 = CIRCLE('',#3168,14.45);
#3168 = AXIS2_PLACEMENT_2D('',#3169,#3170);
#3169 = CARTESIAN_POINT('',(0.,0.));
#3170 = DIRECTION('',(1.,0.));
#3171 = ( GEOMETRIC_REPRESENTATION_CONTEXT(2) 
PARAMETRIC_REPRESENTATION_CONTEXT() REPRESENTATION_CONTEXT('2D SPACE',''
  ) );
#3172 = PCURVE('',#3173,#3178);
#3173 = CONICAL_SURFACE('',#3174,14.45,0.340218111645);
#3174 = AXIS2_PLACEMENT_3D('',#3175,#3176,#3177);
#3175 = CARTESIAN_POINT('',(0.,0.,2.31));
#3176 = DIRECTION('',(0.,0.,1.));
#3177 = DIRECTION('',(1.,0.,0.));
#3178 = DEFINITIONAL_REPRESENTATION('',(#3179),#3183);
#3179 = LINE('',#3180,#3181);
#3180 = CARTESIAN_POINT('',(0.,-0.));
#3181 = VECTOR('',#3182,1.);
#3182 = DIRECTION('',(1.,-0.));
#3183 = ( GEOMETRIC_REPRESENTATION_CONTEXT(2) 
PARAMETRIC_REPRESENTATION_CONTEXT() REPRESENTATION_CONTEXT('2D SPACE',''
  ) );
#3184 = ADVANCED_FACE('',(#3185),#2850,.F.);
#3185 = FACE_BOUND('',#3186,.T.);
#3186 = EDGE_LOOP('',(#3187,#3216,#3237,#3238));
#3187 = ORIENTED_EDGE('',*,*,#3188,.T.);
#3188 = EDGE_CURVE('',#3189,#3189,#3191,.T.);
#3189 = VERTEX_POINT('',#3190);
#3190 = CARTESIAN_POINT('',(14.35,0.,0.));
#3191 = SURFACE_CURVE('',#3192,(#3197,#3204),.PCURVE_S1.);
#3192 = CIRCLE('',#3193,14.35);
#3193 = AXIS2_PLACEMENT_3D('',#3194,#3195,#3196);
#3194 = CARTESIAN_POINT('',(0.,0.,0.));
#3195 = DIRECTION('',(0.,0.,1.));
#3196 = DIRECTION('',(1.,0.,-0.));
#3197 = PCURVE('',#2850,#3198);
#3198 = DEFINITIONAL_REPRESENTATION('',(#3199),#3203);
#3199 = LINE('',#3200,#3201);
#3200 = CARTESIAN_POINT('',(-0.,0.));
#3201 = VECTOR('',#3202,1.);
#3202 = DIRECTION('',(-1.,0.));
#3203 = ( GEOMETRIC_REPRESENTATION_CONTEXT(2) 
PARAMETRIC_REPRESENTATION_CONTEXT() REPRESENTATION_CONTEXT('2D SPACE',''
  ) );
#3204 = PCURVE('',#3205,#3210);
#3205 = PLANE('',#3206);
#3206 = AXIS2_PLACEMENT_3D('',#3207,#3208,#3209);
#3207 = CARTESIAN_POINT('',(0.,0.,0.));
#3208 = DIRECTION('',(0.,0.,1.));
#3209 = DIRECTION('',(1.,0.,-0.));
#3210 = DEFINITIONAL_REPRESENTATION('',(#3211),#3215);
#3211 = CIRCLE('',#3212,14.35);
#3212 = AXIS2_PLACEMENT_2D('',#3213,#3214);
#3213 = CARTESIAN_POINT('',(0.,0.));
#3214 = DIRECTION('',(1.,-0.));
#3215 = ( GEOMETRIC_REPRESENTATION_CONTEXT(2) 
PARAMETRIC_REPRESENTATION_CONTEXT() REPRESENTATION_CONTEXT('2D SPACE',''
  ) );
#3216 = ORIENTED_EDGE('',*,*,#3217,.T.);
#3217 = EDGE_CURVE('',#3189,#2834,#3218,.T.);
#3218 = SEAM_CURVE('',#3219,(#3223,#3230),.PCURVE_S1.);
#3219 = LINE('',#3220,#3221);
#3220 = CARTESIAN_POINT('',(14.35,0.,0.));
#3221 = VECTOR('',#3222,1.);
#3222 = DIRECTION('',(0.,0.,-1.));
#3223 = PCURVE('',#2850,#3224);
#3224 = DEFINITIONAL_REPRESENTATION('',(#3225),#3229);
#3225 = LINE('',#3226,#3227);
#3226 = CARTESIAN_POINT('',(-0.,0.));
#3227 = VECTOR('',#3228,1.);
#3228 = DIRECTION('',(-0.,1.));
#3229 = ( GEOMETRIC_REPRESENTATION_CONTEXT(2) 
PARAMETRIC_REPRESENTATION_CONTEXT() REPRESENTATION_CONTEXT('2D SPACE',''
  ) );
#3230 = PCURVE('',#2850,#3231);
#3231 = DEFINITIONAL_REPRESENTATION('',(#3232),#3236);
#3232 = LINE('',#3233,#3234);
#3233 = CARTESIAN_POINT('',(-6.28318530718,0.));
#3234 = VECTOR('',#3235,1.);
#3235 = DIRECTION('',(-0.,1.));
#3236 = ( GEOMETRIC_REPRESENTATION_CONTEXT(2) 
PARAMETRIC_REPRESENTATION_CONTEXT() REPRESENTATION_CONTEXT('2D SPACE',''
  ) );
#3237 = ORIENTED_EDGE('',*,*,#2833,.F.);
#3238 = ORIENTED_EDGE('',*,*,#3217,.F.);
#3239 = ADVANCED_FACE('',(#3240),#2915,.F.);
#3240 = FACE_BOUND('',#3241,.T.);
#3241 = EDGE_LOOP('',(#3242,#3243,#3266,#3293));
#3242 = ORIENTED_EDGE('',*,*,#2894,.T.);
#3243 = ORIENTED_EDGE('',*,*,#3244,.T.);
#3244 = EDGE_CURVE('',#2895,#3245,#3247,.T.);
#3245 = VERTEX_POINT('',#3246);
#3246 = CARTESIAN_POINT('',(12.009419177103,-11.3844191771,-2.93));
#3247 = SEAM_CURVE('',#3248,(#3252,#3259),.PCURVE_S1.);
#3248 = LINE('',#3249,#3250);
#3249 = CARTESIAN_POINT('',(12.009419177103,-11.3844191771,-6.13));
#3250 = VECTOR('',#3251,1.);
#3251 = DIRECTION('',(0.,0.,1.));
#3252 = PCURVE('',#2915,#3253);
#3253 = DEFINITIONAL_REPRESENTATION('',(#3254),#3258);
#3254 = LINE('',#3255,#3256);
#3255 = CARTESIAN_POINT('',(-6.28318530718,0.));
#3256 = VECTOR('',#3257,1.);
#3257 = DIRECTION('',(-0.,-1.));
#3258 = ( GEOMETRIC_REPRESENTATION_CONTEXT(2) 
PARAMETRIC_REPRESENTATION_CONTEXT() REPRESENTATION_CONTEXT('2D SPACE',''
  ) );
#3259 = PCURVE('',#2915,#3260);
#3260 = DEFINITIONAL_REPRESENTATION('',(#3261),#3265);
#3261 = LINE('',#3262,#3263);
#3262 = CARTESIAN_POINT('',(-0.,0.));
#3263 = VECTOR('',#3264,1.);
#3264 = DIRECTION('',(-0.,-1.));
#3265 = ( GEOMETRIC_REPRESENTATION_CONTEXT(2) 
PARAMETRIC_REPRESENTATION_CONTEXT() REPRESENTATION_CONTEXT('2D SPACE',''
  ) );
#3266 = ORIENTED_EDGE('',*,*,#3267,.T.);
#3267 = EDGE_CURVE('',#3245,#3245,#3268,.T.);
#3268 = SURFACE_CURVE('',#3269,(#3274,#3281),.PCURVE_S1.);
#3269 = CIRCLE('',#3270,0.625);
#3270 = AXIS2_PLACEMENT_3D('',#3271,#3272,#3273);
#3271 = CARTESIAN_POINT('',(11.384419177103,-11.3844191771,-2.93));
#3272 = DIRECTION('',(0.,0.,1.));
#3273 = DIRECTION('',(1.,0.,0.));
#3274 = PCURVE('',#2915,#3275);
#3275 = DEFINITIONAL_REPRESENTATION('',(#3276),#3280);
#3276 = LINE('',#3277,#3278);
#3277 = CARTESIAN_POINT('',(-0.,-3.2));
#3278 = VECTOR('',#3279,1.);
#3279 = DIRECTION('',(-1.,0.));
#3280 = ( GEOMETRIC_REPRESENTATION_CONTEXT(2) 
PARAMETRIC_REPRESENTATION_CONTEXT() REPRESENTATION_CONTEXT('2D SPACE',''
  ) );
#3281 = PCURVE('',#3282,#3287);
#3282 = PLANE('',#3283);
#3283 = AXIS2_PLACEMENT_3D('',#3284,#3285,#3286);
#3284 = CARTESIAN_POINT('',(11.384419177103,-11.3844191771,-2.93));
#3285 = DIRECTION('',(0.,0.,1.));
#3286 = DIRECTION('',(1.,0.,-0.));
#3287 = DEFINITIONAL_REPRESENTATION('',(#3288),#3292);
#3288 = CIRCLE('',#3289,0.625);
#3289 = AXIS2_PLACEMENT_2D('',#3290,#3291);
#3290 = CARTESIAN_POINT('',(0.,0.));
#3291 = DIRECTION('',(1.,0.));
#3292 = ( GEOMETRIC_REPRESENTATION_CONTEXT(2) 
PARAMETRIC_REPRESENTATION_CONTEXT() REPRESENTATION_CONTEXT('2D SPACE',''
  ) );
#3293 = ORIENTED_EDGE('',*,*,#3244,.F.);
#3294 = ADVANCED_FACE('',(#3295),#2950,.F.);
#3295 = FACE_BOUND('',#3296,.T.);
#3296 = EDGE_LOOP('',(#3297,#3298,#3321,#3348));
#3297 = ORIENTED_EDGE('',*,*,#2929,.T.);
#3298 = ORIENTED_EDGE('',*,*,#3299,.T.);
#3299 = EDGE_CURVE('',#2930,#3300,#3302,.T.);
#3300 = VERTEX_POINT('',#3301);
#3301 = CARTESIAN_POINT('',(-10.7594191771,-11.3844191771,-2.93));
#3302 = SEAM_CURVE('',#3303,(#3307,#3314),.PCURVE_S1.);
#3303 = LINE('',#3304,#3305);
#3304 = CARTESIAN_POINT('',(-10.7594191771,-11.3844191771,-6.13));
#3305 = VECTOR('',#3306,1.);
#3306 = DIRECTION('',(0.,0.,1.));
#3307 = PCURVE('',#2950,#3308);
#3308 = DEFINITIONAL_REPRESENTATION('',(#3309),#3313);
#3309 = LINE('',#3310,#3311);
#3310 = CARTESIAN_POINT('',(-6.28318530718,0.));
#3311 = VECTOR('',#3312,1.);
#3312 = DIRECTION('',(-0.,-1.));
#3313 = ( GEOMETRIC_REPRESENTATION_CONTEXT(2) 
PARAMETRIC_REPRESENTATION_CONTEXT() REPRESENTATION_CONTEXT('2D SPACE',''
  ) );
#3314 = PCURVE('',#2950,#3315);
#3315 = DEFINITIONAL_REPRESENTATION('',(#3316),#3320);
#3316 = LINE('',#3317,#3318);
#3317 = CARTESIAN_POINT('',(-0.,0.));
#3318 = VECTOR('',#3319,1.);
#3319 = DIRECTION('',(-0.,-1.));
#3320 = ( GEOMETRIC_REPRESENTATION_CONTEXT(2) 
PARAMETRIC_REPRESENTATION_CONTEXT() REPRESENTATION_CONTEXT('2D SPACE',''
  ) );
#3321 = ORIENTED_EDGE('',*,*,#3322,.T.);
#3322 = EDGE_CURVE('',#3300,#3300,#3323,.T.);
#3323 = SURFACE_CURVE('',#3324,(#3329,#3336),.PCURVE_S1.);
#3324 = CIRCLE('',#3325,0.625);
#3325 = AXIS2_PLACEMENT_3D('',#3326,#3327,#3328);
#3326 = CARTESIAN_POINT('',(-11.3844191771,-11.3844191771,-2.93));
#3327 = DIRECTION('',(0.,0.,1.));
#3328 = DIRECTION('',(1.,0.,0.));
#3329 = PCURVE('',#2950,#3330);
#3330 = DEFINITIONAL_REPRESENTATION('',(#3331),#3335);
#3331 = LINE('',#3332,#3333);
#3332 = CARTESIAN_POINT('',(-0.,-3.2));
#3333 = VECTOR('',#3334,1.);
#3334 = DIRECTION('',(-1.,0.));
#3335 = ( GEOMETRIC_REPRESENTATION_CONTEXT(2) 
PARAMETRIC_REPRESENTATION_CONTEXT() REPRESENTATION_CONTEXT('2D SPACE',''
  ) );
#3336 = PCURVE('',#3337,#3342);
#3337 = PLANE('',#3338);
#3338 = AXIS2_PLACEMENT_3D('',#3339,#3340,#3341);
#3339 = CARTESIAN_POINT('',(-11.3844191771,-11.3844191771,-2.93));
#3340 = DIRECTION('',(0.,0.,1.));
#3341 = DIRECTION('',(1.,0.,-0.));
#3342 = DEFINITIONAL_REPRESENTATION('',(#3343),#3347);
#3343 = CIRCLE('',#3344,0.625);
#3344 = AXIS2_PLACEMENT_2D('',#3345,#3346);
#3345 = CARTESIAN_POINT('',(0.,-1.7763568394E-15));
#3346 = DIRECTION('',(1.,0.));
#3347 = ( GEOMETRIC_REPRESENTATION_CONTEXT(2) 
PARAMETRIC_REPRESENTATION_CONTEXT() REPRESENTATION_CONTEXT('2D SPACE',''
  ) );
#3348 = ORIENTED_EDGE('',*,*,#3299,.F.);
#3349 = ADVANCED_FACE('',(#3350),#2985,.F.);
#3350 = FACE_BOUND('',#3351,.T.);
#3351 = EDGE_LOOP('',(#3352,#3353,#3376,#3403));
#3352 = ORIENTED_EDGE('',*,*,#2964,.T.);
#3353 = ORIENTED_EDGE('',*,*,#3354,.T.);
#3354 = EDGE_CURVE('',#2965,#3355,#3357,.T.);
#3355 = VERTEX_POINT('',#3356);
#3356 = CARTESIAN_POINT('',(12.009419177103,11.384419177103,-2.93));
#3357 = SEAM_CURVE('',#3358,(#3362,#3369),.PCURVE_S1.);
#3358 = LINE('',#3359,#3360);
#3359 = CARTESIAN_POINT('',(12.009419177103,11.384419177103,-6.13));
#3360 = VECTOR('',#3361,1.);
#3361 = DIRECTION('',(0.,0.,1.));
#3362 = PCURVE('',#2985,#3363);
#3363 = DEFINITIONAL_REPRESENTATION('',(#3364),#3368);
#3364 = LINE('',#3365,#3366);
#3365 = CARTESIAN_POINT('',(-6.28318530718,0.));
#3366 = VECTOR('',#3367,1.);
#3367 = DIRECTION('',(-0.,-1.));
#3368 = ( GEOMETRIC_REPRESENTATION_CONTEXT(2) 
PARAMETRIC_REPRESENTATION_CONTEXT() REPRESENTATION_CONTEXT('2D SPACE',''
  ) );
#3369 = PCURVE('',#2985,#3370);
#3370 = DEFINITIONAL_REPRESENTATION('',(#3371),#3375);
#3371 = LINE('',#3372,#3373);
#3372 = CARTESIAN_POINT('',(-0.,0.));
#3373 = VECTOR('',#3374,1.);
#3374 = DIRECTION('',(-0.,-1.));
#3375 = ( GEOMETRIC_REPRESENTATION_CONTEXT(2) 
PARAMETRIC_REPRESENTATION_CONTEXT() REPRESENTATION_CONTEXT('2D SPACE',''
  ) );
#3376 = ORIENTED_EDGE('',*,*,#3377,.T.);
#3377 = EDGE_CURVE('',#3355,#3355,#3378,.T.);
#3378 = SURFACE_CURVE('',#3379,(#3384,#3391),.PCURVE_S1.);
#3379 = CIRCLE('',#3380,0.625);
#3380 = AXIS2_PLACEMENT_3D('',#3381,#3382,#3383);
#3381 = CARTESIAN_POINT('',(11.384419177103,11.384419177103,-2.93));
#3382 = DIRECTION('',(0.,0.,1.));
#3383 = DIRECTION('',(1.,0.,0.));
#3384 = PCURVE('',#2985,#3385);
#3385 = DEFINITIONAL_REPRESENTATION('',(#3386),#3390);
#3386 = LINE('',#3387,#3388);
#3387 = CARTESIAN_POINT('',(-0.,-3.2));
#3388 = VECTOR('',#3389,1.);
#3389 = DIRECTION('',(-1.,0.));
#3390 = ( GEOMETRIC_REPRESENTATION_CONTEXT(2) 
PARAMETRIC_REPRESENTATION_CONTEXT() REPRESENTATION_CONTEXT('2D SPACE',''
  ) );
#3391 = PCURVE('',#3392,#3397);
#3392 = PLANE('',#3393);
#3393 = AXIS2_PLACEMENT_3D('',#3394,#3395,#3396);
#3394 = CARTESIAN_POINT('',(11.384419177103,11.384419177103,-2.93));
#3395 = DIRECTION('',(0.,0.,1.));
#3396 = DIRECTION('',(1.,0.,-0.));
#3397 = DEFINITIONAL_REPRESENTATION('',(#3398),#3402);
#3398 = CIRCLE('',#3399,0.625);
#3399 = AXIS2_PLACEMENT_2D('',#3400,#3401);
#3400 = CARTESIAN_POINT('',(-1.7763568394E-15,0.));
#3401 = DIRECTION('',(1.,0.));
#3402 = ( GEOMETRIC_REPRESENTATION_CONTEXT(2) 
PARAMETRIC_REPRESENTATION_CONTEXT() REPRESENTATION_CONTEXT('2D SPACE',''
  ) );
#3403 = ORIENTED_EDGE('',*,*,#3354,.F.);
#3404 = ADVANCED_FACE('',(#3405),#3023,.F.);
#3405 = FACE_BOUND('',#3406,.T.);
#3406 = EDGE_LOOP('',(#3407,#3408,#3431,#3458));
#3407 = ORIENTED_EDGE('',*,*,#3002,.T.);
#3408 = ORIENTED_EDGE('',*,*,#3409,.T.);
#3409 = EDGE_CURVE('',#3003,#3410,#3412,.T.);
#3410 = VERTEX_POINT('',#3411);
#3411 = CARTESIAN_POINT('',(-10.7594191771,11.384419177103,-2.93));
#3412 = SEAM_CURVE('',#3413,(#3417,#3424),.PCURVE_S1.);
#3413 = LINE('',#3414,#3415);
#3414 = CARTESIAN_POINT('',(-10.7594191771,11.384419177103,-6.13));
#3415 = VECTOR('',#3416,1.);
#3416 = DIRECTION('',(0.,0.,1.));
#3417 = PCURVE('',#3023,#3418);
#3418 = DEFINITIONAL_REPRESENTATION('',(#3419),#3423);
#3419 = LINE('',#3420,#3421);
#3420 = CARTESIAN_POINT('',(-6.28318530718,0.));
#3421 = VECTOR('',#3422,1.);
#3422 = DIRECTION('',(-0.,-1.));
#3423 = ( GEOMETRIC_REPRESENTATION_CONTEXT(2) 
PARAMETRIC_REPRESENTATION_CONTEXT() REPRESENTATION_CONTEXT('2D SPACE',''
  ) );
#3424 = PCURVE('',#3023,#3425);
#3425 = DEFINITIONAL_REPRESENTATION('',(#3426),#3430);
#3426 = LINE('',#3427,#3428);
#3427 = CARTESIAN_POINT('',(-0.,0.));
#3428 = VECTOR('',#3429,1.);
#3429 = DIRECTION('',(-0.,-1.));
#3430 = ( GEOMETRIC_REPRESENTATION_CONTEXT(2) 
PARAMETRIC_REPRESENTATION_CONTEXT() REPRESENTATION_CONTEXT('2D SPACE',''
  ) );
#3431 = ORIENTED_EDGE('',*,*,#3432,.T.);
#3432 = EDGE_CURVE('',#3410,#3410,#3433,.T.);
#3433 = SURFACE_CURVE('',#3434,(#3439,#3446),.PCURVE_S1.);
#3434 = CIRCLE('',#3435,0.625);
#3435 = AXIS2_PLACEMENT_3D('',#3436,#3437,#3438);
#3436 = CARTESIAN_POINT('',(-11.3844191771,11.384419177103,-2.93));
#3437 = DIRECTION('',(0.,0.,1.));
#3438 = DIRECTION('',(1.,0.,0.));
#3439 = PCURVE('',#3023,#3440);
#3440 = DEFINITIONAL_REPRESENTATION('',(#3441),#3445);
#3441 = LINE('',#3442,#3443);
#3442 = CARTESIAN_POINT('',(-0.,-3.2));
#3443 = VECTOR('',#3444,1.);
#3444 = DIRECTION('',(-1.,0.));
#3445 = ( GEOMETRIC_REPRESENTATION_CONTEXT(2) 
PARAMETRIC_REPRESENTATION_CONTEXT() REPRESENTATION_CONTEXT('2D SPACE',''
  ) );
#3446 = PCURVE('',#3447,#3452);
#3447 = PLANE('',#3448);
#3448 = AXIS2_PLACEMENT_3D('',#3449,#3450,#3451);
#3449 = CARTESIAN_POINT('',(-11.3844191771,11.384419177103,-2.93));
#3450 = DIRECTION('',(0.,0.,1.));
#3451 = DIRECTION('',(1.,0.,-0.));
#3452 = DEFINITIONAL_REPRESENTATION('',(#3453),#3457);
#3453 = CIRCLE('',#3454,0.625);
#3454 = AXIS2_PLACEMENT_2D('',#3455,#3456);
#3455 = CARTESIAN_POINT('',(0.,-1.7763568394E-15));
#3456 = DIRECTION('',(1.,0.));
#3457 = ( GEOMETRIC_REPRESENTATION_CONTEXT(2) 
PARAMETRIC_REPRESENTATION_CONTEXT() REPRESENTATION_CONTEXT('2D SPACE',''
  ) );
#3458 = ORIENTED_EDGE('',*,*,#3409,.F.);
#3459 = ADVANCED_FACE('',(#3460),#3173,.F.);
#3460 = FACE_BOUND('',#3461,.T.);
#3461 = EDGE_LOOP('',(#3462,#3463,#3486,#3513));
#3462 = ORIENTED_EDGE('',*,*,#3156,.T.);
#3463 = ORIENTED_EDGE('',*,*,#3464,.T.);
#3464 = EDGE_CURVE('',#3157,#3465,#3467,.T.);
#3465 = VERTEX_POINT('',#3466);
#3466 = CARTESIAN_POINT('',(13.65,0.,5.E-02));
#3467 = SEAM_CURVE('',#3468,(#3472,#3479),.PCURVE_S1.);
#3468 = LINE('',#3469,#3470);
#3469 = CARTESIAN_POINT('',(14.45,0.,2.31));
#3470 = VECTOR('',#3471,1.);
#3471 = DIRECTION('',(-0.333692709977,0.,-0.942681905686));
#3472 = PCURVE('',#3173,#3473);
#3473 = DEFINITIONAL_REPRESENTATION('',(#3474),#3478);
#3474 = LINE('',#3475,#3476);
#3475 = CARTESIAN_POINT('',(0.,-0.));
#3476 = VECTOR('',#3477,1.);
#3477 = DIRECTION('',(0.,-1.));
#3478 = ( GEOMETRIC_REPRESENTATION_CONTEXT(2) 
PARAMETRIC_REPRESENTATION_CONTEXT() REPRESENTATION_CONTEXT('2D SPACE',''
  ) );
#3479 = PCURVE('',#3173,#3480);
#3480 = DEFINITIONAL_REPRESENTATION('',(#3481),#3485);
#3481 = LINE('',#3482,#3483);
#3482 = CARTESIAN_POINT('',(6.28318530718,-0.));
#3483 = VECTOR('',#3484,1.);
#3484 = DIRECTION('',(0.,-1.));
#3485 = ( GEOMETRIC_REPRESENTATION_CONTEXT(2) 
PARAMETRIC_REPRESENTATION_CONTEXT() REPRESENTATION_CONTEXT('2D SPACE',''
  ) );
#3486 = ORIENTED_EDGE('',*,*,#3487,.F.);
#3487 = EDGE_CURVE('',#3465,#3465,#3488,.T.);
#3488 = SURFACE_CURVE('',#3489,(#3494,#3501),.PCURVE_S1.);
#3489 = CIRCLE('',#3490,13.65);
#3490 = AXIS2_PLACEMENT_3D('',#3491,#3492,#3493);
#3491 = CARTESIAN_POINT('',(0.,0.,5.E-02));
#3492 = DIRECTION('',(0.,0.,1.));
#3493 = DIRECTION('',(1.,0.,-0.));
#3494 = PCURVE('',#3173,#3495);
#3495 = DEFINITIONAL_REPRESENTATION('',(#3496),#3500);
#3496 = LINE('',#3497,#3498);
#3497 = CARTESIAN_POINT('',(0.,-2.26));
#3498 = VECTOR('',#3499,1.);
#3499 = DIRECTION('',(1.,-0.));
#3500 = ( GEOMETRIC_REPRESENTATION_CONTEXT(2) 
PARAMETRIC_REPRESENTATION_CONTEXT() REPRESENTATION_CONTEXT('2D SPACE',''
  ) );
#3501 = PCURVE('',#3502,#3507);
#3502 = CYLINDRICAL_SURFACE('',#3503,13.65);
#3503 = AXIS2_PLACEMENT_3D('',#3504,#3505,#3506);
#3504 = CARTESIAN_POINT('',(0.,0.,5.E-02));
#3505 = DIRECTION('',(-0.,-0.,-1.));
#3506 = DIRECTION('',(1.,0.,0.));
#3507 = DEFINITIONAL_REPRESENTATION('',(#3508),#3512);
#3508 = LINE('',#3509,#3510);
#3509 = CARTESIAN_POINT('',(-0.,0.));
#3510 = VECTOR('',#3511,1.);
#3511 = DIRECTION('',(-1.,0.));
#3512 = ( GEOMETRIC_REPRESENTATION_CONTEXT(2) 
PARAMETRIC_REPRESENTATION_CONTEXT() REPRESENTATION_CONTEXT('2D SPACE',''
  ) );
#3513 = ORIENTED_EDGE('',*,*,#3464,.F.);
#3514 = ADVANCED_FACE('',(#3515,#3541),#3205,.F.);
#3515 = FACE_BOUND('',#3516,.T.);
#3516 = EDGE_LOOP('',(#3517));
#3517 = ORIENTED_EDGE('',*,*,#3518,.T.);
#3518 = EDGE_CURVE('',#3519,#3519,#3521,.T.);
#3519 = VERTEX_POINT('',#3520);
#3520 = CARTESIAN_POINT('',(13.65,0.,0.));
#3521 = SURFACE_CURVE('',#3522,(#3527,#3534),.PCURVE_S1.);
#3522 = CIRCLE('',#3523,13.65);
#3523 = AXIS2_PLACEMENT_3D('',#3524,#3525,#3526);
#3524 = CARTESIAN_POINT('',(0.,0.,0.));
#3525 = DIRECTION('',(0.,0.,1.));
#3526 = DIRECTION('',(1.,0.,-0.));
#3527 = PCURVE('',#3205,#3528);
#3528 = DEFINITIONAL_REPRESENTATION('',(#3529),#3533);
#3529 = CIRCLE('',#3530,13.65);
#3530 = AXIS2_PLACEMENT_2D('',#3531,#3532);
#3531 = CARTESIAN_POINT('',(0.,0.));
#3532 = DIRECTION('',(1.,-0.));
#3533 = ( GEOMETRIC_REPRESENTATION_CONTEXT(2) 
PARAMETRIC_REPRESENTATION_CONTEXT() REPRESENTATION_CONTEXT('2D SPACE',''
  ) );
#3534 = PCURVE('',#3502,#3535);
#3535 = DEFINITIONAL_REPRESENTATION('',(#3536),#3540);
#3536 = LINE('',#3537,#3538);
#3537 = CARTESIAN_POINT('',(-0.,5.E-02));
#3538 = VECTOR('',#3539,1.);
#3539 = DIRECTION('',(-1.,0.));
#3540 = ( GEOMETRIC_REPRESENTATION_CONTEXT(2) 
PARAMETRIC_REPRESENTATION_CONTEXT() REPRESENTATION_CONTEXT('2D SPACE',''
  ) );
#3541 = FACE_BOUND('',#3542,.T.);
#3542 = EDGE_LOOP('',(#3543));
#3543 = ORIENTED_EDGE('',*,*,#3188,.F.);
#3544 = ADVANCED_FACE('',(#3545),#3282,.F.);
#3545 = FACE_BOUND('',#3546,.F.);
#3546 = EDGE_LOOP('',(#3547));
#3547 = ORIENTED_EDGE('',*,*,#3267,.T.);
#3548 = ADVANCED_FACE('',(#3549),#3337,.F.);
#3549 = FACE_BOUND('',#3550,.F.);
#3550 = EDGE_LOOP('',(#3551));
#3551 = ORIENTED_EDGE('',*,*,#3322,.T.);
#3552 = ADVANCED_FACE('',(#3553),#3392,.F.);
#3553 = FACE_BOUND('',#3554,.F.);
#3554 = EDGE_LOOP('',(#3555));
#3555 = ORIENTED_EDGE('',*,*,#3377,.T.);
#3556 = ADVANCED_FACE('',(#3557),#3447,.F.);
#3557 = FACE_BOUND('',#3558,.F.);
#3558 = EDGE_LOOP('',(#3559));
#3559 = ORIENTED_EDGE('',*,*,#3432,.T.);
#3560 = ADVANCED_FACE('',(#3561),#3502,.F.);
#3561 = FACE_BOUND('',#3562,.T.);
#3562 = EDGE_LOOP('',(#3563,#3564,#3585,#3586));
#3563 = ORIENTED_EDGE('',*,*,#3487,.T.);
#3564 = ORIENTED_EDGE('',*,*,#3565,.T.);
#3565 = EDGE_CURVE('',#3465,#3519,#3566,.T.);
#3566 = SEAM_CURVE('',#3567,(#3571,#3578),.PCURVE_S1.);
#3567 = LINE('',#3568,#3569);
#3568 = CARTESIAN_POINT('',(13.65,0.,5.E-02));
#3569 = VECTOR('',#3570,1.);
#3570 = DIRECTION('',(0.,0.,-1.));
#3571 = PCURVE('',#3502,#3572);
#3572 = DEFINITIONAL_REPRESENTATION('',(#3573),#3577);
#3573 = LINE('',#3574,#3575);
#3574 = CARTESIAN_POINT('',(-0.,0.));
#3575 = VECTOR('',#3576,1.);
#3576 = DIRECTION('',(-0.,1.));
#3577 = ( GEOMETRIC_REPRESENTATION_CONTEXT(2) 
PARAMETRIC_REPRESENTATION_CONTEXT() REPRESENTATION_CONTEXT('2D SPACE',''
  ) );
#3578 = PCURVE('',#3502,#3579);
#3579 = DEFINITIONAL_REPRESENTATION('',(#3580),#3584);
#3580 = LINE('',#3581,#3582);
#3581 = CARTESIAN_POINT('',(-6.28318530718,0.));
#3582 = VECTOR('',#3583,1.);
#3583 = DIRECTION('',(-0.,1.));
#3584 = ( GEOMETRIC_REPRESENTATION_CONTEXT(2) 
PARAMETRIC_REPRESENTATION_CONTEXT() REPRESENTATION_CONTEXT('2D SPACE',''
  ) );
#3585 = ORIENTED_EDGE('',*,*,#3518,.F.);
#3586 = ORIENTED_EDGE('',*,*,#3565,.F.);
#3587 = ( GEOMETRIC_REPRESENTATION_CONTEXT(3) 
GLOBAL_UNCERTAINTY_ASSIGNED_CONTEXT((#3591)) 
GLOBAL_UNIT_ASSIGNED_CONTEXT((#3588,#3589,#3590)) REPRESENTATION_CONTEXT
('Context #1','3D Context with UNIT and UNCERTAINTY') );
#3588 = ( LENGTH_UNIT() NAMED_UNIT(*) SI_UNIT(.MILLI.,.METRE.) );
#3589 = ( NAMED_UNIT(*) PLANE_ANGLE_UNIT() SI_UNIT($,.RADIAN.) );
#3590 = ( NAMED_UNIT(*) SI_UNIT($,.STERADIAN.) SOLID_ANGLE_UNIT() );
#3591 = UNCERTAINTY_MEASURE_WITH_UNIT(LENGTH_MEASURE(2.E-05),#3588,
  'distance_accuracy_value','confusion accuracy');
#3592 = CONTEXT_DEPENDENT_SHAPE_REPRESENTATION(#3593,#3595);
#3593 = ( REPRESENTATION_RELATIONSHIP('','',#48,#10) 
REPRESENTATION_RELATIONSHIP_WITH_TRANSFORMATION(#3594) 
SHAPE_REPRESENTATION_RELATIONSHIP() );
#3594 = ITEM_DEFINED_TRANSFORMATION('','',#11,#15);
#3595 = PRODUCT_DEFINITION_SHAPE('Placement','Placement of an item',
  #3596);
#3596 = NEXT_ASSEMBLY_USAGE_OCCURRENCE('1','','',#5,#43,$);
#3597 = PRODUCT_RELATED_PRODUCT_CATEGORY('part',$,(#45));
#3598 = SHAPE_DEFINITION_REPRESENTATION(#3599,#3605);
#3599 = PRODUCT_DEFINITION_SHAPE('','',#3600);
#3600 = PRODUCT_DEFINITION('design','',#3601,#3604);
#3601 = PRODUCT_DEFINITION_FORMATION('','',#3602);
#3602 = PRODUCT('Open CASCADE STEP translator 7.9 1.2',
  'Open CASCADE STEP translator 7.9 1.2','',(#3603));
#3603 = PRODUCT_CONTEXT('',#2,'mechanical');
#3604 = PRODUCT_DEFINITION_CONTEXT('part definition',#2,'design');
#3605 = ADVANCED_BREP_SHAPE_REPRESENTATION('',(#11,#3606),#5781);
#3606 = MANIFOLD_SOLID_BREP('',#3607);
#3607 = CLOSED_SHELL('',(#3608,#3728,#3940,#4024,#4110,#4197,#4249,#4298
    ,#4368,#4465,#4497,#4671,#4841,#4868,#4957,#5046,#5078,#5174,#5227,
    #5302,#5329,#5429,#5477,#5569,#5634,#5661,#5693,#5720,#5749,#5774));
#3608 = ADVANCED_FACE('',(#3609),#3623,.T.);
#3609 = FACE_BOUND('',#3610,.T.);
#3610 = EDGE_LOOP('',(#3611,#3646,#3674,#3702));
#3611 = ORIENTED_EDGE('',*,*,#3612,.F.);
#3612 = EDGE_CURVE('',#3613,#3615,#3617,.T.);
#3613 = VERTEX_POINT('',#3614);
#3614 = CARTESIAN_POINT('',(10.22,22.1,1.01));
#3615 = VERTEX_POINT('',#3616);
#3616 = CARTESIAN_POINT('',(11.848456747764,22.1,1.01));
#3617 = SURFACE_CURVE('',#3618,(#3622,#3634),.PCURVE_S1.);
#3618 = LINE('',#3619,#3620);
#3619 = CARTESIAN_POINT('',(-30.,22.1,1.01));
#3620 = VECTOR('',#3621,1.);
#3621 = DIRECTION('',(1.,0.,0.));
#3622 = PCURVE('',#3623,#3628);
#3623 = PLANE('',#3624);
#3624 = AXIS2_PLACEMENT_3D('',#3625,#3626,#3627);
#3625 = CARTESIAN_POINT('',(-30.,17.635553612637,2.81));
#3626 = DIRECTION('',(-0.,0.373936172149,0.927454440476));
#3627 = DIRECTION('',(0.,0.927454440476,-0.373936172149));
#3628 = DEFINITIONAL_REPRESENTATION('',(#3629),#3633);
#3629 = LINE('',#3630,#3631);
#3630 = CARTESIAN_POINT('',(4.813655736095,0.));
#3631 = VECTOR('',#3632,1.);
#3632 = DIRECTION('',(0.,-1.));
#3633 = ( GEOMETRIC_REPRESENTATION_CONTEXT(2) 
PARAMETRIC_REPRESENTATION_CONTEXT() REPRESENTATION_CONTEXT('2D SPACE',''
  ) );
#3634 = PCURVE('',#3635,#3640);
#3635 = PLANE('',#3636);
#3636 = AXIS2_PLACEMENT_3D('',#3637,#3638,#3639);
#3637 = CARTESIAN_POINT('',(-30.,22.1,1.01));
#3638 = DIRECTION('',(-0.,0.4472135955,0.894427191));
#3639 = DIRECTION('',(0.,0.894427191,-0.4472135955));
#3640 = DEFINITIONAL_REPRESENTATION('',(#3641),#3645);
#3641 = LINE('',#3642,#3643);
#3642 = CARTESIAN_POINT('',(0.,0.));
#3643 = VECTOR('',#3644,1.);
#3644 = DIRECTION('',(0.,-1.));
#3645 = ( GEOMETRIC_REPRESENTATION_CONTEXT(2) 
PARAMETRIC_REPRESENTATION_CONTEXT() REPRESENTATION_CONTEXT('2D SPACE',''
  ) );
#3646 = ORIENTED_EDGE('',*,*,#3647,.F.);
#3647 = EDGE_CURVE('',#3648,#3613,#3650,.T.);
#3648 = VERTEX_POINT('',#3649);
#3649 = CARTESIAN_POINT('',(10.22,17.93781957051,2.688130751954));
#3650 = SURFACE_CURVE('',#3651,(#3655,#3662),.PCURVE_S1.);
#3651 = LINE('',#3652,#3653);
#3652 = CARTESIAN_POINT('',(10.22,17.635553612637,2.81));
#3653 = VECTOR('',#3654,1.);
#3654 = DIRECTION('',(-0.,0.927454440476,-0.373936172149));
#3655 = PCURVE('',#3623,#3656);
#3656 = DEFINITIONAL_REPRESENTATION('',(#3657),#3661);
#3657 = LINE('',#3658,#3659);
#3658 = CARTESIAN_POINT('',(1.7763568394E-15,-40.22));
#3659 = VECTOR('',#3660,1.);
#3660 = DIRECTION('',(1.,0.));
#3661 = ( GEOMETRIC_REPRESENTATION_CONTEXT(2) 
PARAMETRIC_REPRESENTATION_CONTEXT() REPRESENTATION_CONTEXT('2D SPACE',''
  ) );
#3662 = PCURVE('',#3663,#3668);
#3663 = CYLINDRICAL_SURFACE('',#3664,0.22);
#3664 = AXIS2_PLACEMENT_3D('',#3665,#3666,#3667);
#3665 = CARTESIAN_POINT('',(10.22,17.553287654764,2.605960023095));
#3666 = DIRECTION('',(-0.,0.927454440476,-0.373936172149));
#3667 = DIRECTION('',(-1.,-0.,0.));
#3668 = DEFINITIONAL_REPRESENTATION('',(#3669),#3673);
#3669 = LINE('',#3670,#3671);
#3670 = CARTESIAN_POINT('',(1.570796326795,0.));
#3671 = VECTOR('',#3672,1.);
#3672 = DIRECTION('',(0.,1.));
#3673 = ( GEOMETRIC_REPRESENTATION_CONTEXT(2) 
PARAMETRIC_REPRESENTATION_CONTEXT() REPRESENTATION_CONTEXT('2D SPACE',''
  ) );
#3674 = ORIENTED_EDGE('',*,*,#3675,.T.);
#3675 = EDGE_CURVE('',#3648,#3676,#3678,.T.);
#3676 = VERTEX_POINT('',#3677);
#3677 = CARTESIAN_POINT('',(12.068040045733,17.93781957051,
    2.688130751954));
#3678 = SURFACE_CURVE('',#3679,(#3683,#3690),.PCURVE_S1.);
#3679 = LINE('',#3680,#3681);
#3680 = CARTESIAN_POINT('',(10.,17.93781957051,2.688130751954));
#3681 = VECTOR('',#3682,1.);
#3682 = DIRECTION('',(1.,0.,0.));
#3683 = PCURVE('',#3623,#3684);
#3684 = DEFINITIONAL_REPRESENTATION('',(#3685),#3689);
#3685 = LINE('',#3686,#3687);
#3686 = CARTESIAN_POINT('',(0.325909224951,-40.));
#3687 = VECTOR('',#3688,1.);
#3688 = DIRECTION('',(0.,-1.));
#3689 = ( GEOMETRIC_REPRESENTATION_CONTEXT(2) 
PARAMETRIC_REPRESENTATION_CONTEXT() REPRESENTATION_CONTEXT('2D SPACE',''
  ) );
#3690 = PCURVE('',#3691,#3696);
#3691 = CYLINDRICAL_SURFACE('',#3692,0.22);
#3692 = AXIS2_PLACEMENT_3D('',#3693,#3694,#3695);
#3693 = CARTESIAN_POINT('',(10.,17.855553612637,2.484090775049));
#3694 = DIRECTION('',(1.,0.,0.));
#3695 = DIRECTION('',(-0.,0.373936172149,0.927454440476));
#3696 = DEFINITIONAL_REPRESENTATION('',(#3697),#3701);
#3697 = LINE('',#3698,#3699);
#3698 = CARTESIAN_POINT('',(0.,0.));
#3699 = VECTOR('',#3700,1.);
#3700 = DIRECTION('',(0.,1.));
#3701 = ( GEOMETRIC_REPRESENTATION_CONTEXT(2) 
PARAMETRIC_REPRESENTATION_CONTEXT() REPRESENTATION_CONTEXT('2D SPACE',''
  ) );
#3702 = ORIENTED_EDGE('',*,*,#3703,.F.);
#3703 = EDGE_CURVE('',#3615,#3676,#3704,.T.);
#3704 = SURFACE_CURVE('',#3705,(#3709,#3716),.PCURVE_S1.);
#3705 = LINE('',#3706,#3707);
#3706 = CARTESIAN_POINT('',(11.848122729821,22.090185722641,
    1.013956974217));
#3707 = VECTOR('',#3708,1.);
#3708 = DIRECTION('',(4.906062510598E-02,-0.926337602145,0.373485879141)
  );
#3709 = PCURVE('',#3623,#3710);
#3710 = DEFINITIONAL_REPRESENTATION('',(#3711),#3715);
#3711 = LINE('',#3712,#3713);
#3712 = CARTESIAN_POINT('',(4.803073785186,-41.84812272982));
#3713 = VECTOR('',#3714,1.);
#3714 = DIRECTION('',(-0.998795802486,-4.906062510598E-02));
#3715 = ( GEOMETRIC_REPRESENTATION_CONTEXT(2) 
PARAMETRIC_REPRESENTATION_CONTEXT() REPRESENTATION_CONTEXT('2D SPACE',''
  ) );
#3716 = PCURVE('',#3717,#3722);
#3717 = CYLINDRICAL_SURFACE('',#3718,0.22);
#3718 = AXIS2_PLACEMENT_3D('',#3719,#3720,#3721);
#3719 = CARTESIAN_POINT('',(11.848122729821,22.007919764768,
    0.809916997312));
#3720 = DIRECTION('',(4.906062510598E-02,-0.926337602145,0.373485879141)
  );
#3721 = DIRECTION('',(0.998600460665,5.288780539399E-02,0.));
#3722 = DEFINITIONAL_REPRESENTATION('',(#3723),#3727);
#3723 = LINE('',#3724,#3725);
#3724 = CARTESIAN_POINT('',(1.551018373903,0.));
#3725 = VECTOR('',#3726,1.);
#3726 = DIRECTION('',(0.,1.));
#3727 = ( GEOMETRIC_REPRESENTATION_CONTEXT(2) 
PARAMETRIC_REPRESENTATION_CONTEXT() REPRESENTATION_CONTEXT('2D SPACE',''
  ) );
#3728 = ADVANCED_FACE('',(#3729),#3635,.T.);
#3729 = FACE_BOUND('',#3730,.T.);
#3730 = EDGE_LOOP('',(#3731,#3732,#3760,#3823,#3851,#3914));
#3731 = ORIENTED_EDGE('',*,*,#3612,.T.);
#3732 = ORIENTED_EDGE('',*,*,#3733,.F.);
#3733 = EDGE_CURVE('',#3734,#3615,#3736,.T.);
#3734 = VERTEX_POINT('',#3735);
#3735 = CARTESIAN_POINT('',(11.817948286068,22.676052332618,
    0.721973833691));
#3736 = SURFACE_CURVE('',#3737,(#3741,#3748),.PCURVE_S1.);
#3737 = LINE('',#3738,#3739);
#3738 = CARTESIAN_POINT('',(11.823004692577,22.580572673526,
    0.769713663237));
#3739 = VECTOR('',#3740,1.);
#3740 = DIRECTION('',(4.731752834854E-02,-0.89342534171,0.446712670855)
  );
#3741 = PCURVE('',#3635,#3742);
#3742 = DEFINITIONAL_REPRESENTATION('',(#3743),#3747);
#3743 = LINE('',#3744,#3745);
#3744 = CARTESIAN_POINT('',(0.537296583066,-41.82300469257));
#3745 = VECTOR('',#3746,1.);
#3746 = DIRECTION('',(-0.998879898442,-4.731752834854E-02));
#3747 = ( GEOMETRIC_REPRESENTATION_CONTEXT(2) 
PARAMETRIC_REPRESENTATION_CONTEXT() REPRESENTATION_CONTEXT('2D SPACE',''
  ) );
#3748 = PCURVE('',#3749,#3754);
#3749 = CYLINDRICAL_SURFACE('',#3750,0.22);
#3750 = AXIS2_PLACEMENT_3D('',#3751,#3752,#3753);
#3751 = CARTESIAN_POINT('',(11.823004692577,22.482185682516,
    0.572939681217));
#3752 = DIRECTION('',(4.731752834854E-02,-0.89342534171,0.446712670855)
  );
#3753 = DIRECTION('',(0.998600460665,5.288780539399E-02,
    3.469446951954E-18));
#3754 = DEFINITIONAL_REPRESENTATION('',(#3755),#3759);
#3755 = LINE('',#3756,#3757);
#3756 = CARTESIAN_POINT('',(1.547141975368,0.));
#3757 = VECTOR('',#3758,1.);
#3758 = DIRECTION('',(0.,1.));
#3759 = ( GEOMETRIC_REPRESENTATION_CONTEXT(2) 
PARAMETRIC_REPRESENTATION_CONTEXT() REPRESENTATION_CONTEXT('2D SPACE',''
  ) );
#3760 = ORIENTED_EDGE('',*,*,#3761,.F.);
#3761 = EDGE_CURVE('',#3762,#3734,#3764,.T.);
#3762 = VERTEX_POINT('',#3763);
#3763 = CARTESIAN_POINT('',(11.288670320179,23.17838699101,
    0.470806504495));
#3764 = SURFACE_CURVE('',#3765,(#3775,#3788),.PCURVE_S1.);
#3765 = ( BOUNDED_CURVE() B_SPLINE_CURVE(8,(#3766,#3767,#3768,#3769,
    #3770,#3771,#3772,#3773,#3774),.UNSPECIFIED.,.F.,.F.) 
B_SPLINE_CURVE_WITH_KNOTS((9,9),(7.104035205254,8.200758640184),
.PIECEWISE_BEZIER_KNOTS.) CURVE() GEOMETRIC_REPRESENTATION_ITEM() 
RATIONAL_B_SPLINE_CURVE((1.,1.,1.,1.,1.,1.,1.,1.,1.)) 
REPRESENTATION_ITEM('') );
#3766 = CARTESIAN_POINT('',(11.288670320179,23.17838699101,
    0.470806504495));
#3767 = CARTESIAN_POINT('',(11.392759803008,23.17838699101,
    0.470806504495));
#3768 = CARTESIAN_POINT('',(11.504195953171,23.155147393682,
    0.482426303159));
#3769 = CARTESIAN_POINT('',(11.612493872401,23.103171404308,
    0.508414297846));
#3770 = CARTESIAN_POINT('',(11.70148792331,23.024559035259,
    0.547720482371));
#3771 = CARTESIAN_POINT('',(11.759284720168,22.933538441105,
    0.593230779448));
#3772 = CARTESIAN_POINT('',(11.793174616493,22.84778713054,0.63610643473
    ));
#3773 = CARTESIAN_POINT('',(11.813393965969,22.763702630144,
    0.678148684928));
#3774 = CARTESIAN_POINT('',(11.817948286068,22.676052332618,
    0.721973833691));
#3775 = PCURVE('',#3635,#3776);
#3776 = DEFINITIONAL_REPRESENTATION('',(#3777),#3787);
#3777 = B_SPLINE_CURVE_WITH_KNOTS('',8,(#3778,#3779,#3780,#3781,#3782,
    #3783,#3784,#3785,#3786),.UNSPECIFIED.,.F.,.F.,(9,9),(7.104035205254
    ,8.200758640184),.PIECEWISE_BEZIER_KNOTS.);
#3778 = CARTESIAN_POINT('',(1.205673308975,-41.28867032017));
#3779 = CARTESIAN_POINT('',(1.205673308975,-41.392759803));
#3780 = CARTESIAN_POINT('',(1.179690649277,-41.50419595317));
#3781 = CARTESIAN_POINT('',(1.121579726558,-41.6124938724));
#3782 = CARTESIAN_POINT('',(1.033688426025,-41.7014879233));
#3783 = CARTESIAN_POINT('',(0.931924308085,-41.75928472017));
#3784 = CARTESIAN_POINT('',(0.836051428294,-41.79317461649));
#3785 = CARTESIAN_POINT('',(0.742042098923,-41.81339396596));
#3786 = CARTESIAN_POINT('',(0.644046087166,-41.81794828606));
#3787 = ( GEOMETRIC_REPRESENTATION_CONTEXT(2) 
PARAMETRIC_REPRESENTATION_CONTEXT() REPRESENTATION_CONTEXT('2D SPACE',''
  ) );
#3788 = PCURVE('',#3789,#3817);
#3789 = ( BOUNDED_SURFACE() B_SPLINE_SURFACE(2,8,(
    (#3790,#3791,#3792,#3793,#3794,#3795,#3796,#3797,#3798)
    ,(#3799,#3800,#3801,#3802,#3803,#3804,#3805,#3806,#3807)
    ,(#3808,#3809,#3810,#3811,#3812,#3813,#3814,#3815,#3816
)),.UNSPECIFIED.,.F.,.F.,.F.) B_SPLINE_SURFACE_WITH_KNOTS((3,3),(9,9),(
    0.,1.09672343493),(7.104035205254,8.200758640184),
.PIECEWISE_BEZIER_KNOTS.) GEOMETRIC_REPRESENTATION_ITEM() 
RATIONAL_B_SPLINE_SURFACE((
    (1.,1.,1.,1.,1.,1.,1.,1.,1.)
    ,(0.850650808352,0.850650808352,0.845344440011,0.834068455188
      ,0.817999027772,0.795088124739,0.770499307218,0.744150827702
      ,0.715420221421)
,(1.,1.,1.,1.,1.,1.,1.,1.,1.))) REPRESENTATION_ITEM('') SURFACE() );
#3790 = CARTESIAN_POINT('',(11.288670320179,23.3,0.274032522475));
#3791 = CARTESIAN_POINT('',(11.430639596274,23.3,0.274032522475));
#3792 = CARTESIAN_POINT('',(11.576985701807,23.269306403508,
    0.284932293629));
#3793 = CARTESIAN_POINT('',(11.718409562318,23.204465306262,
    0.307946151657));
#3794 = CARTESIAN_POINT('',(11.840737112192,23.106704881077,0.3434662496
    ));
#3795 = CARTESIAN_POINT('',(11.932145639319,22.98694418403,0.3849253965)
  );
#3796 = CARTESIAN_POINT('',(11.994171056289,22.860247800501,
    0.42943187934));
#3797 = CARTESIAN_POINT('',(12.030318297381,22.727545433089,
    0.476300386039));
#3798 = CARTESIAN_POINT('',(12.037620665677,22.589665854045,
    0.525017264088));
#3799 = CARTESIAN_POINT('',(11.288670320179,23.3,0.41));
#3800 = CARTESIAN_POINT('',(11.418934096412,23.3,0.41));
#3801 = CARTESIAN_POINT('',(11.556167729937,23.2741270528,0.4229364736)
  );
#3802 = CARTESIAN_POINT('',(11.691526054105,23.218034345404,
    0.450982827298));
#3803 = CARTESIAN_POINT('',(11.809159197102,23.129887287873,
    0.495056356063));
#3804 = CARTESIAN_POINT('',(11.896367357929,23.02854857021,
    0.545725714895));
#3805 = CARTESIAN_POINT('',(11.962527379286,22.922923245605,
    0.598538377197));
#3806 = CARTESIAN_POINT('',(12.009015047069,22.808615875879,
    0.655692062061));
#3807 = CARTESIAN_POINT('',(12.032544984556,22.685502266015,
    0.717248866993));
#3808 = CARTESIAN_POINT('',(11.288670320179,23.17838699101,
    0.470806504495));
#3809 = CARTESIAN_POINT('',(11.392759803008,23.17838699101,
    0.470806504495));
#3810 = CARTESIAN_POINT('',(11.504195953171,23.155147393682,
    0.482426303159));
#3811 = CARTESIAN_POINT('',(11.612493872401,23.103171404308,
    0.508414297846));
#3812 = CARTESIAN_POINT('',(11.70148792331,23.024559035259,
    0.547720482371));
#3813 = CARTESIAN_POINT('',(11.759284720168,22.933538441105,
    0.593230779448));
#3814 = CARTESIAN_POINT('',(11.793174616493,22.84778713054,0.63610643473
    ));
#3815 = CARTESIAN_POINT('',(11.813393965969,22.763702630144,
    0.678148684928));
#3816 = CARTESIAN_POINT('',(11.817948286068,22.676052332618,
    0.721973833691));
#3817 = DEFINITIONAL_REPRESENTATION('',(#3818),#3822);
#3818 = LINE('',#3819,#3820);
#3819 = CARTESIAN_POINT('',(1.09672343493,0.));
#3820 = VECTOR('',#3821,1.);
#3821 = DIRECTION('',(0.,1.));
#3822 = ( GEOMETRIC_REPRESENTATION_CONTEXT(2) 
PARAMETRIC_REPRESENTATION_CONTEXT() REPRESENTATION_CONTEXT('2D SPACE',''
  ) );
#3823 = ORIENTED_EDGE('',*,*,#3824,.F.);
#3824 = EDGE_CURVE('',#3825,#3762,#3827,.T.);
#3825 = VERTEX_POINT('',#3826);
#3826 = CARTESIAN_POINT('',(10.75,23.17838699101,0.470806504495));
#3827 = SURFACE_CURVE('',#3828,(#3832,#3839),.PCURVE_S1.);
#3828 = LINE('',#3829,#3830);
#3829 = CARTESIAN_POINT('',(10.75,23.17838699101,0.470806504495));
#3830 = VECTOR('',#3831,1.);
#3831 = DIRECTION('',(1.,0.,0.));
#3832 = PCURVE('',#3635,#3833);
#3833 = DEFINITIONAL_REPRESENTATION('',(#3834),#3838);
#3834 = LINE('',#3835,#3836);
#3835 = CARTESIAN_POINT('',(1.205673308975,-40.75));
#3836 = VECTOR('',#3837,1.);
#3837 = DIRECTION('',(0.,-1.));
#3838 = ( GEOMETRIC_REPRESENTATION_CONTEXT(2) 
PARAMETRIC_REPRESENTATION_CONTEXT() REPRESENTATION_CONTEXT('2D SPACE',''
  ) );
#3839 = PCURVE('',#3840,#3845);
#3840 = CYLINDRICAL_SURFACE('',#3841,0.22);
#3841 = AXIS2_PLACEMENT_3D('',#3842,#3843,#3844);
#3842 = CARTESIAN_POINT('',(10.75,23.08,0.274032522475));
#3843 = DIRECTION('',(1.,0.,0.));
#3844 = DIRECTION('',(-0.,1.,0.));
#3845 = DEFINITIONAL_REPRESENTATION('',(#3846),#3850);
#3846 = LINE('',#3847,#3848);
#3847 = CARTESIAN_POINT('',(1.107148717794,0.));
#3848 = VECTOR('',#3849,1.);
#3849 = DIRECTION('',(0.,1.));
#3850 = ( GEOMETRIC_REPRESENTATION_CONTEXT(2) 
PARAMETRIC_REPRESENTATION_CONTEXT() REPRESENTATION_CONTEXT('2D SPACE',''
  ) );
#3851 = ORIENTED_EDGE('',*,*,#3852,.F.);
#3852 = EDGE_CURVE('',#3853,#3825,#3855,.T.);
#3853 = VERTEX_POINT('',#3854);
#3854 = CARTESIAN_POINT('',(10.22,22.64838699101,0.735806504495));
#3855 = SURFACE_CURVE('',#3856,(#3866,#3879),.PCURVE_S1.);
#3856 = ( BOUNDED_CURVE() B_SPLINE_CURVE(8,(#3857,#3858,#3859,#3860,
    #3861,#3862,#3863,#3864,#3865),.UNSPECIFIED.,.F.,.F.) 
B_SPLINE_CURVE_WITH_KNOTS((9,9),(5.42702553498,6.565364885076),
.PIECEWISE_BEZIER_KNOTS.) CURVE() GEOMETRIC_REPRESENTATION_ITEM() 
RATIONAL_B_SPLINE_CURVE((1.,1.,1.,1.,1.,1.,1.,1.,1.)) 
REPRESENTATION_ITEM('') );
#3857 = CARTESIAN_POINT('',(10.219999535031,22.647982431064,
    0.736008784468));
#3858 = CARTESIAN_POINT('',(10.219899613367,22.738274956216,
    0.690862521892));
#3859 = CARTESIAN_POINT('',(10.236552453842,22.825703527071,
    0.647148236464));
#3860 = CARTESIAN_POINT('',(10.267441656995,22.915904524639,
    0.60204773768));
#3861 = CARTESIAN_POINT('',(10.323965099724,23.013079962888,
    0.553460018556));
#3862 = CARTESIAN_POINT('',(10.414726840289,23.0977132273,0.51114338635)
  );
#3863 = CARTESIAN_POINT('',(10.526956186885,23.153552991812,
    0.483223504094));
#3864 = CARTESIAN_POINT('',(10.642420440502,23.17838699101,
    0.470806504495));
#3865 = CARTESIAN_POINT('',(10.75,23.17838699101,0.470806504495));
#3866 = PCURVE('',#3635,#3867);
#3867 = DEFINITIONAL_REPRESENTATION('',(#3868),#3878);
#3868 = B_SPLINE_CURVE_WITH_KNOTS('',8,(#3869,#3870,#3871,#3872,#3873,
    #3874,#3875,#3876,#3877),.UNSPECIFIED.,.F.,.F.,(9,9),(5.42702553498,
    6.565364885076),.PIECEWISE_BEZIER_KNOTS.);
#3869 = CARTESIAN_POINT('',(0.612662983167,-40.21999953503));
#3870 = CARTESIAN_POINT('',(0.713613095217,-40.21989961336));
#3871 = CARTESIAN_POINT('',(0.811361209021,-40.23655245384));
#3872 = CARTESIAN_POINT('',(0.912208990122,-40.26744165699));
#3873 = CARTESIAN_POINT('',(1.020854432955,-40.32396509972));
#3874 = CARTESIAN_POINT('',(1.115477299147,-40.41472684028));
#3875 = CARTESIAN_POINT('',(1.177908053795,-40.52695618688));
#3876 = CARTESIAN_POINT('',(1.205673308975,-40.6424204405));
#3877 = CARTESIAN_POINT('',(1.205673308975,-40.75));
#3878 = ( GEOMETRIC_REPRESENTATION_CONTEXT(2) 
PARAMETRIC_REPRESENTATION_CONTEXT() REPRESENTATION_CONTEXT('2D SPACE',''
  ) );
#3879 = PCURVE('',#3880,#3908);
#3880 = ( BOUNDED_SURFACE() B_SPLINE_SURFACE(2,8,(
    (#3881,#3882,#3883,#3884,#3885,#3886,#3887,#3888,#3889)
    ,(#3890,#3891,#3892,#3893,#3894,#3895,#3896,#3897,#3898)
    ,(#3899,#3900,#3901,#3902,#3903,#3904,#3905,#3906,#3907
)),.UNSPECIFIED.,.F.,.F.,.F.) B_SPLINE_SURFACE_WITH_KNOTS((3,3),(9,9),(
    0.,1.138339350096),(5.42702553498,6.565364885076),
.PIECEWISE_BEZIER_KNOTS.) GEOMETRIC_REPRESENTATION_ITEM() 
RATIONAL_B_SPLINE_SURFACE((
    (1.,1.,1.,1.,1.,1.,1.,1.,1.)
    ,(0.707106781187,0.737063922972,0.764779788115,0.790872696687
      ,0.815571138552,0.8327768945,0.844946619707,0.850650808352
      ,0.850650808352)
,(1.,1.,1.,1.,1.,1.,1.,1.,1.))) REPRESENTATION_ITEM('') SURFACE() );
#3881 = CARTESIAN_POINT('',(10.,22.55,0.539032522475));
#3882 = CARTESIAN_POINT('',(10.,22.692098900019,0.488824288516));
#3883 = CARTESIAN_POINT('',(10.030804889325,22.830488309595,
    0.439931311534));
#3884 = CARTESIAN_POINT('',(10.089305266061,22.964133262208,
    0.392948303609));
#3885 = CARTESIAN_POINT('',(10.179855623575,23.092172198929,
    0.348711164512));
#3886 = CARTESIAN_POINT('',(10.304826528795,23.197293361981,
    0.310458749844));
#3887 = CARTESIAN_POINT('',(10.451099507501,23.267027057795,
    0.285737212155));
#3888 = CARTESIAN_POINT('',(10.602841599882,23.3,0.274032522475));
#3889 = CARTESIAN_POINT('',(10.75,23.3,0.274032522475));
#3890 = CARTESIAN_POINT('',(10.,22.64838699101,0.735806504495));
#3891 = CARTESIAN_POINT('',(10.01788327188,22.776679894593,
    0.671660052704));
#3892 = CARTESIAN_POINT('',(10.06076740693,22.896717287438,
    0.611641356281));
#3893 = CARTESIAN_POINT('',(10.124972764384,23.008349696588,
    0.555825151706));
#3894 = CARTESIAN_POINT('',(10.211701132997,23.116537563572,
    0.501731218214));
#3895 = CARTESIAN_POINT('',(10.332221004083,23.211878532698,
    0.454060733651));
#3896 = CARTESIAN_POINT('',(10.47267631881,23.272225097186,
    0.423887451407));
#3897 = CARTESIAN_POINT('',(10.615072134251,23.3,0.41));
#3898 = CARTESIAN_POINT('',(10.75,23.3,0.41));
#3899 = CARTESIAN_POINT('',(10.219999535031,22.647982431064,
    0.736008784468));
#3900 = CARTESIAN_POINT('',(10.219899613367,22.738274956216,
    0.690862521892));
#3901 = CARTESIAN_POINT('',(10.236552453842,22.825703527071,
    0.647148236464));
#3902 = CARTESIAN_POINT('',(10.267441656995,22.915904524639,
    0.60204773768));
#3903 = CARTESIAN_POINT('',(10.323965099724,23.013079962888,
    0.553460018556));
#3904 = CARTESIAN_POINT('',(10.414726840289,23.0977132273,0.51114338635)
  );
#3905 = CARTESIAN_POINT('',(10.526956186885,23.153552991812,
    0.483223504094));
#3906 = CARTESIAN_POINT('',(10.642420440502,23.17838699101,
    0.470806504495));
#3907 = CARTESIAN_POINT('',(10.75,23.17838699101,0.470806504495));
#3908 = DEFINITIONAL_REPRESENTATION('',(#3909),#3913);
#3909 = LINE('',#3910,#3911);
#3910 = CARTESIAN_POINT('',(1.138339350096,0.));
#3911 = VECTOR('',#3912,1.);
#3912 = DIRECTION('',(0.,1.));
#3913 = ( GEOMETRIC_REPRESENTATION_CONTEXT(2) 
PARAMETRIC_REPRESENTATION_CONTEXT() REPRESENTATION_CONTEXT('2D SPACE',''
  ) );
#3914 = ORIENTED_EDGE('',*,*,#3915,.F.);
#3915 = EDGE_CURVE('',#3613,#3853,#3916,.T.);
#3916 = SURFACE_CURVE('',#3917,(#3921,#3928),.PCURVE_S1.);
#3917 = LINE('',#3918,#3919);
#3918 = CARTESIAN_POINT('',(10.22,22.1,1.01));
#3919 = VECTOR('',#3920,1.);
#3920 = DIRECTION('',(-0.,0.894427191,-0.4472135955));
#3921 = PCURVE('',#3635,#3922);
#3922 = DEFINITIONAL_REPRESENTATION('',(#3923),#3927);
#3923 = LINE('',#3924,#3925);
#3924 = CARTESIAN_POINT('',(0.,-40.22));
#3925 = VECTOR('',#3926,1.);
#3926 = DIRECTION('',(1.,0.));
#3927 = ( GEOMETRIC_REPRESENTATION_CONTEXT(2) 
PARAMETRIC_REPRESENTATION_CONTEXT() REPRESENTATION_CONTEXT('2D SPACE',''
  ) );
#3928 = PCURVE('',#3929,#3934);
#3929 = CYLINDRICAL_SURFACE('',#3930,0.22);
#3930 = AXIS2_PLACEMENT_3D('',#3931,#3932,#3933);
#3931 = CARTESIAN_POINT('',(10.22,22.00161300899,0.81322601798));
#3932 = DIRECTION('',(-0.,0.894427191,-0.4472135955));
#3933 = DIRECTION('',(-1.,-0.,0.));
#3934 = DEFINITIONAL_REPRESENTATION('',(#3935),#3939);
#3935 = LINE('',#3936,#3937);
#3936 = CARTESIAN_POINT('',(1.570796326795,0.));
#3937 = VECTOR('',#3938,1.);
#3938 = DIRECTION('',(0.,1.));
#3939 = ( GEOMETRIC_REPRESENTATION_CONTEXT(2) 
PARAMETRIC_REPRESENTATION_CONTEXT() REPRESENTATION_CONTEXT('2D SPACE',''
  ) );
#3940 = ADVANCED_FACE('',(#3941),#3663,.T.);
#3941 = FACE_BOUND('',#3942,.T.);
#3942 = EDGE_LOOP('',(#3943,#3975,#3976,#3998));
#3943 = ORIENTED_EDGE('',*,*,#3944,.F.);
#3944 = EDGE_CURVE('',#3648,#3945,#3947,.T.);
#3945 = VERTEX_POINT('',#3946);
#3946 = CARTESIAN_POINT('',(10.,17.651513635732,2.566356732922));
#3947 = SURFACE_CURVE('',#3948,(#3953,#3964),.PCURVE_S1.);
#3948 = ELLIPSE('',#3949,0.311126983722,0.22);
#3949 = AXIS2_PLACEMENT_3D('',#3950,#3951,#3952);
#3950 = CARTESIAN_POINT('',(10.22,17.855553612637,2.484090775049));
#3951 = DIRECTION('',(0.707106781187,-0.655809324102,0.264412803058));
#3952 = DIRECTION('',(0.707106781187,0.655809324102,-0.264412803058));
#3953 = PCURVE('',#3663,#3954);
#3954 = DEFINITIONAL_REPRESENTATION('',(#3955),#3963);
#3955 = B_SPLINE_CURVE_WITH_KNOTS('',6,(#3956,#3957,#3958,#3959,#3960,
    #3961,#3962),.UNSPECIFIED.,.F.,.F.,(7,7),(1.570796326795,
    3.14159265359),.PIECEWISE_BEZIER_KNOTS.);
#3956 = CARTESIAN_POINT('',(1.570796326795,0.325909224951));
#3957 = CARTESIAN_POINT('',(1.308996938996,0.268313359635));
#3958 = CARTESIAN_POINT('',(1.047198560361,0.210721825451));
#3959 = CARTESIAN_POINT('',(0.785398384096,0.160208009676));
#3960 = CARTESIAN_POINT('',(0.523597529291,0.123999249228));
#3961 = CARTESIAN_POINT('',(0.261799387799,0.105909224951));
#3962 = CARTESIAN_POINT('',(-8.072696842152E-15,0.105909224951));
#3963 = ( GEOMETRIC_REPRESENTATION_CONTEXT(2) 
PARAMETRIC_REPRESENTATION_CONTEXT() REPRESENTATION_CONTEXT('2D SPACE',''
  ) );
#3964 = PCURVE('',#3691,#3965);
#3965 = DEFINITIONAL_REPRESENTATION('',(#3966),#3974);
#3966 = B_SPLINE_CURVE_WITH_KNOTS('',6,(#3967,#3968,#3969,#3970,#3971,
    #3972,#3973),.UNSPECIFIED.,.F.,.F.,(7,7),(1.570796326795,
    3.14159265359),.PIECEWISE_BEZIER_KNOTS.);
#3967 = CARTESIAN_POINT('',(-7.882583474839E-15,0.22));
#3968 = CARTESIAN_POINT('',(0.261799387799,0.162404134684));
#3969 = CARTESIAN_POINT('',(0.523597766434,0.1048126005));
#3970 = CARTESIAN_POINT('',(0.785397942699,5.429878472524E-02));
#3971 = CARTESIAN_POINT('',(1.047198797504,1.809002427733E-02));
#3972 = CARTESIAN_POINT('',(1.308996938996,-5.603156827405E-17));
#3973 = CARTESIAN_POINT('',(1.570796326795,-2.775557561563E-17));
#3974 = ( GEOMETRIC_REPRESENTATION_CONTEXT(2) 
PARAMETRIC_REPRESENTATION_CONTEXT() REPRESENTATION_CONTEXT('2D SPACE',''
  ) );
#3975 = ORIENTED_EDGE('',*,*,#3647,.T.);
#3976 = ORIENTED_EDGE('',*,*,#3977,.F.);
#3977 = EDGE_CURVE('',#3978,#3613,#3980,.T.);
#3978 = VERTEX_POINT('',#3979);
#3979 = CARTESIAN_POINT('',(10.,22.017734042127,0.805960023095));
#3980 = SURFACE_CURVE('',#3981,(#3986,#3992),.PCURVE_S1.);
#3981 = CIRCLE('',#3982,0.22);
#3982 = AXIS2_PLACEMENT_3D('',#3983,#3984,#3985);
#3983 = CARTESIAN_POINT('',(10.22,22.017734042127,0.805960023095));
#3984 = DIRECTION('',(-0.,0.927454440476,-0.373936172149));
#3985 = DIRECTION('',(-1.,-0.,0.));
#3986 = PCURVE('',#3663,#3987);
#3987 = DEFINITIONAL_REPRESENTATION('',(#3988),#3991);
#3988 = B_SPLINE_CURVE_WITH_KNOTS('',1,(#3989,#3990),.UNSPECIFIED.,.F.,
  .F.,(2,2),(0.,1.570796326795),.PIECEWISE_BEZIER_KNOTS.);
#3989 = CARTESIAN_POINT('',(0.,4.813655736095));
#3990 = CARTESIAN_POINT('',(1.570796326795,4.813655736095));
#3991 = ( GEOMETRIC_REPRESENTATION_CONTEXT(2) 
PARAMETRIC_REPRESENTATION_CONTEXT() REPRESENTATION_CONTEXT('2D SPACE',''
  ) );
#3992 = PCURVE('',#3929,#3993);
#3993 = DEFINITIONAL_REPRESENTATION('',(#3994),#3997);
#3994 = B_SPLINE_CURVE_WITH_KNOTS('',1,(#3995,#3996),.UNSPECIFIED.,.F.,
  .F.,(2,2),(0.,1.570796326795),.PIECEWISE_BEZIER_KNOTS.);
#3995 = CARTESIAN_POINT('',(0.,0.));
#3996 = CARTESIAN_POINT('',(1.570796326795,0.));
#3997 = ( GEOMETRIC_REPRESENTATION_CONTEXT(2) 
PARAMETRIC_REPRESENTATION_CONTEXT() REPRESENTATION_CONTEXT('2D SPACE',''
  ) );
#3998 = ORIENTED_EDGE('',*,*,#3999,.F.);
#3999 = EDGE_CURVE('',#3945,#3978,#4000,.T.);
#4000 = SURFACE_CURVE('',#4001,(#4005,#4012),.PCURVE_S1.);
#4001 = LINE('',#4002,#4003);
#4002 = CARTESIAN_POINT('',(10.,17.553287654764,2.605960023095));
#4003 = VECTOR('',#4004,1.);
#4004 = DIRECTION('',(-0.,0.927454440476,-0.373936172149));
#4005 = PCURVE('',#3663,#4006);
#4006 = DEFINITIONAL_REPRESENTATION('',(#4007),#4011);
#4007 = LINE('',#4008,#4009);
#4008 = CARTESIAN_POINT('',(0.,0.));
#4009 = VECTOR('',#4010,1.);
#4010 = DIRECTION('',(0.,1.));
#4011 = ( GEOMETRIC_REPRESENTATION_CONTEXT(2) 
PARAMETRIC_REPRESENTATION_CONTEXT() REPRESENTATION_CONTEXT('2D SPACE',''
  ) );
#4012 = PCURVE('',#4013,#4018);
#4013 = PLANE('',#4014);
#4014 = AXIS2_PLACEMENT_3D('',#4015,#4016,#4017);
#4015 = CARTESIAN_POINT('',(10.,23.3,-7.55));
#4016 = DIRECTION('',(1.,0.,-0.));
#4017 = DIRECTION('',(0.,-1.,0.));
#4018 = DEFINITIONAL_REPRESENTATION('',(#4019),#4023);
#4019 = LINE('',#4020,#4021);
#4020 = CARTESIAN_POINT('',(5.746712345236,-10.15596002309));
#4021 = VECTOR('',#4022,1.);
#4022 = DIRECTION('',(-0.927454440476,0.373936172149));
#4023 = ( GEOMETRIC_REPRESENTATION_CONTEXT(2) 
PARAMETRIC_REPRESENTATION_CONTEXT() REPRESENTATION_CONTEXT('2D SPACE',''
  ) );
#4024 = ADVANCED_FACE('',(#4025),#3717,.T.);
#4025 = FACE_BOUND('',#4026,.T.);
#4026 = EDGE_LOOP('',(#4027,#4051,#4052,#4084));
#4027 = ORIENTED_EDGE('',*,*,#4028,.T.);
#4028 = EDGE_CURVE('',#4029,#3615,#4031,.T.);
#4029 = VERTEX_POINT('',#4030);
#4030 = CARTESIAN_POINT('',(12.068148849111,22.013248326177,
    0.81322601798));
#4031 = SURFACE_CURVE('',#4032,(#4037,#4045),.PCURVE_S1.);
#4032 = CIRCLE('',#4033,0.22);
#4033 = AXIS2_PLACEMENT_3D('',#4034,#4035,#4036);
#4034 = CARTESIAN_POINT('',(11.848456747764,22.00161300899,0.81322601798
    ));
#4035 = DIRECTION('',(4.731752834854E-02,-0.89342534171,0.446712670855)
  );
#4036 = DIRECTION('',(0.998600460665,5.288780539399E-02,
    6.938893903907E-18));
#4037 = PCURVE('',#3717,#4038);
#4038 = DEFINITIONAL_REPRESENTATION('',(#4039),#4044);
#4039 = B_SPLINE_CURVE_WITH_KNOTS('',3,(#4040,#4041,#4042,#4043),
  .UNSPECIFIED.,.F.,.F.,(4,4),(0.,1.547141975368),
  .PIECEWISE_BEZIER_KNOTS.);
#4040 = CARTESIAN_POINT('',(0.,-1.059470903108E-02));
#4041 = CARTESIAN_POINT('',(0.515713991789,-1.059470903108E-02));
#4042 = CARTESIAN_POINT('',(1.035304382113,-1.059470903108E-02));
#4043 = CARTESIAN_POINT('',(1.551018373903,-1.059470903108E-02));
#4044 = ( GEOMETRIC_REPRESENTATION_CONTEXT(2) 
PARAMETRIC_REPRESENTATION_CONTEXT() REPRESENTATION_CONTEXT('2D SPACE',''
  ) );
#4045 = PCURVE('',#3749,#4046);
#4046 = DEFINITIONAL_REPRESENTATION('',(#4047),#4050);
#4047 = B_SPLINE_CURVE_WITH_KNOTS('',1,(#4048,#4049),.UNSPECIFIED.,.F.,
  .F.,(2,2),(0.,1.547141975368),.PIECEWISE_BEZIER_KNOTS.);
#4048 = CARTESIAN_POINT('',(0.,0.537899084669));
#4049 = CARTESIAN_POINT('',(1.547141975368,0.537899084669));
#4050 = ( GEOMETRIC_REPRESENTATION_CONTEXT(2) 
PARAMETRIC_REPRESENTATION_CONTEXT() REPRESENTATION_CONTEXT('2D SPACE',''
  ) );
#4051 = ORIENTED_EDGE('',*,*,#3703,.T.);
#4052 = ORIENTED_EDGE('',*,*,#4053,.T.);
#4053 = EDGE_CURVE('',#3676,#4054,#4056,.T.);
#4054 = VERTEX_POINT('',#4055);
#4055 = CARTESIAN_POINT('',(12.299066446728,17.653180487493,
    2.570375873529));
#4056 = SURFACE_CURVE('',#4057,(#4062,#4073),.PCURVE_S1.);
#4057 = ELLIPSE('',#4058,0.319051847289,0.22);
#4058 = AXIS2_PLACEMENT_3D('',#4059,#4060,#4061);
#4059 = CARTESIAN_POINT('',(12.068040045733,17.855553612637,
    2.484090775049));
#4060 = DIRECTION('',(0.6895431005,0.671703916313,-0.270821271991));
#4061 = DIRECTION('',(0.724244649654,-0.639519810458,0.257845107533));
#4062 = PCURVE('',#3717,#4063);
#4063 = DEFINITIONAL_REPRESENTATION('',(#4064),#4072);
#4064 = B_SPLINE_CURVE_WITH_KNOTS('',6,(#4065,#4066,#4067,#4068,#4069,
    #4070,#4071),.UNSPECIFIED.,.F.,.F.,(7,7),(4.712389658689,
    6.263407354287),.PIECEWISE_BEZIER_KNOTS.);
#4065 = CARTESIAN_POINT('',(1.551017695598,4.48256260753));
#4066 = CARTESIAN_POINT('',(1.292514746332,4.542295295906));
#4067 = CARTESIAN_POINT('',(1.034012858422,4.602023766218));
#4068 = CARTESIAN_POINT('',(0.775508938619,4.654594416896));
#4069 = CARTESIAN_POINT('',(0.517004730894,4.692704717685));
#4070 = CARTESIAN_POINT('',(0.258502949266,4.712407538511));
#4071 = CARTESIAN_POINT('',(-1.584899861107E-14,4.713588851789));
#4072 = ( GEOMETRIC_REPRESENTATION_CONTEXT(2) 
PARAMETRIC_REPRESENTATION_CONTEXT() REPRESENTATION_CONTEXT('2D SPACE',''
  ) );
#4073 = PCURVE('',#3691,#4074);
#4074 = DEFINITIONAL_REPRESENTATION('',(#4075),#4083);
#4075 = B_SPLINE_CURVE_WITH_KNOTS('',6,(#4076,#4077,#4078,#4079,#4080,
    #4081,#4082),.UNSPECIFIED.,.F.,.F.,(7,7),(4.712389658689,
    6.263407354287),.PIECEWISE_BEZIER_KNOTS.);
#4076 = CARTESIAN_POINT('',(6.783045402026E-07,2.06804020247));
#4077 = CARTESIAN_POINT('',(0.258503627571,2.127772890846));
#4078 = CARTESIAN_POINT('',(0.51700551548,2.187501361157));
#4079 = CARTESIAN_POINT('',(0.775509435283,2.240072011835));
#4080 = CARTESIAN_POINT('',(1.034013643008,2.278182312625));
#4081 = CARTESIAN_POINT('',(1.292515424636,2.29788513345));
#4082 = CARTESIAN_POINT('',(1.551018373903,2.299066446728));
#4083 = ( GEOMETRIC_REPRESENTATION_CONTEXT(2) 
PARAMETRIC_REPRESENTATION_CONTEXT() REPRESENTATION_CONTEXT('2D SPACE',''
  ) );
#4084 = ORIENTED_EDGE('',*,*,#4085,.F.);
#4085 = EDGE_CURVE('',#4029,#4054,#4086,.T.);
#4086 = SURFACE_CURVE('',#4087,(#4091,#4098),.PCURVE_S1.);
#4087 = LINE('',#4088,#4089);
#4088 = CARTESIAN_POINT('',(12.067814831167,22.019555081955,
    0.809916997312));
#4089 = VECTOR('',#4090,1.);
#4090 = DIRECTION('',(4.906062510598E-02,-0.926337602145,0.373485879141)
  );
#4091 = PCURVE('',#3717,#4092);
#4092 = DEFINITIONAL_REPRESENTATION('',(#4093),#4097);
#4093 = LINE('',#4094,#4095);
#4094 = CARTESIAN_POINT('',(0.,0.));
#4095 = VECTOR('',#4096,1.);
#4096 = DIRECTION('',(0.,1.));
#4097 = ( GEOMETRIC_REPRESENTATION_CONTEXT(2) 
PARAMETRIC_REPRESENTATION_CONTEXT() REPRESENTATION_CONTEXT('2D SPACE',''
  ) );
#4098 = PCURVE('',#4099,#4104);
#4099 = PLANE('',#4100);
#4100 = AXIS2_PLACEMENT_3D('',#4101,#4102,#4103);
#4101 = CARTESIAN_POINT('',(12.3,17.635553612637,-7.55));
#4102 = DIRECTION('',(-0.998600460665,-5.288780539399E-02,0.));
#4103 = DIRECTION('',(-5.288780539399E-02,0.998600460665,0.));
#4104 = DEFINITIONAL_REPRESENTATION('',(#4105),#4109);
#4105 = LINE('',#4106,#4107);
#4106 = CARTESIAN_POINT('',(4.390145650842,-8.359916997312));
#4107 = VECTOR('',#4108,1.);
#4108 = DIRECTION('',(-0.927635865026,-0.373485879141));
#4109 = ( GEOMETRIC_REPRESENTATION_CONTEXT(2) 
PARAMETRIC_REPRESENTATION_CONTEXT() REPRESENTATION_CONTEXT('2D SPACE',''
  ) );
#4110 = ADVANCED_FACE('',(#4111),#3691,.T.);
#4111 = FACE_BOUND('',#4112,.T.);
#4112 = EDGE_LOOP('',(#4113,#4114,#4138,#4166,#4195,#4196));
#4113 = ORIENTED_EDGE('',*,*,#3944,.T.);
#4114 = ORIENTED_EDGE('',*,*,#4115,.T.);
#4115 = EDGE_CURVE('',#3945,#4116,#4118,.T.);
#4116 = VERTEX_POINT('',#4117);
#4117 = CARTESIAN_POINT('',(10.,17.635553612637,2.484090775049));
#4118 = SURFACE_CURVE('',#4119,(#4124,#4131),.PCURVE_S1.);
#4119 = CIRCLE('',#4120,0.22);
#4120 = AXIS2_PLACEMENT_3D('',#4121,#4122,#4123);
#4121 = CARTESIAN_POINT('',(10.,17.855553612637,2.484090775049));
#4122 = DIRECTION('',(1.,0.,0.));
#4123 = DIRECTION('',(-0.,0.,1.));
#4124 = PCURVE('',#3691,#4125);
#4125 = DEFINITIONAL_REPRESENTATION('',(#4126),#4130);
#4126 = LINE('',#4127,#4128);
#4127 = CARTESIAN_POINT('',(0.383249468336,0.));
#4128 = VECTOR('',#4129,1.);
#4129 = DIRECTION('',(1.,0.));
#4130 = ( GEOMETRIC_REPRESENTATION_CONTEXT(2) 
PARAMETRIC_REPRESENTATION_CONTEXT() REPRESENTATION_CONTEXT('2D SPACE',''
  ) );
#4131 = PCURVE('',#4013,#4132);
#4132 = DEFINITIONAL_REPRESENTATION('',(#4133),#4137);
#4133 = CIRCLE('',#4134,0.22);
#4134 = AXIS2_PLACEMENT_2D('',#4135,#4136);
#4135 = CARTESIAN_POINT('',(5.444446387363,-10.03409077504));
#4136 = DIRECTION('',(0.,-1.));
#4137 = ( GEOMETRIC_REPRESENTATION_CONTEXT(2) 
PARAMETRIC_REPRESENTATION_CONTEXT() REPRESENTATION_CONTEXT('2D SPACE',''
  ) );
#4138 = ORIENTED_EDGE('',*,*,#4139,.T.);
#4139 = EDGE_CURVE('',#4116,#4140,#4142,.T.);
#4140 = VERTEX_POINT('',#4141);
#4141 = CARTESIAN_POINT('',(12.3,17.635553612637,2.484090775049));
#4142 = SURFACE_CURVE('',#4143,(#4147,#4154),.PCURVE_S1.);
#4143 = LINE('',#4144,#4145);
#4144 = CARTESIAN_POINT('',(10.,17.635553612637,2.484090775049));
#4145 = VECTOR('',#4146,1.);
#4146 = DIRECTION('',(1.,0.,0.));
#4147 = PCURVE('',#3691,#4148);
#4148 = DEFINITIONAL_REPRESENTATION('',(#4149),#4153);
#4149 = LINE('',#4150,#4151);
#4150 = CARTESIAN_POINT('',(1.954045795131,0.));
#4151 = VECTOR('',#4152,1.);
#4152 = DIRECTION('',(0.,1.));
#4153 = ( GEOMETRIC_REPRESENTATION_CONTEXT(2) 
PARAMETRIC_REPRESENTATION_CONTEXT() REPRESENTATION_CONTEXT('2D SPACE',''
  ) );
#4154 = PCURVE('',#4155,#4160);
#4155 = PLANE('',#4156);
#4156 = AXIS2_PLACEMENT_3D('',#4157,#4158,#4159);
#4157 = CARTESIAN_POINT('',(-30.,17.635553612637,-6.2));
#4158 = DIRECTION('',(0.,-1.,0.));
#4159 = DIRECTION('',(0.,0.,1.));
#4160 = DEFINITIONAL_REPRESENTATION('',(#4161),#4165);
#4161 = LINE('',#4162,#4163);
#4162 = CARTESIAN_POINT('',(8.684090775049,-40.));
#4163 = VECTOR('',#4164,1.);
#4164 = DIRECTION('',(0.,-1.));
#4165 = ( GEOMETRIC_REPRESENTATION_CONTEXT(2) 
PARAMETRIC_REPRESENTATION_CONTEXT() REPRESENTATION_CONTEXT('2D SPACE',''
  ) );
#4166 = ORIENTED_EDGE('',*,*,#4167,.F.);
#4167 = EDGE_CURVE('',#4054,#4140,#4168,.T.);
#4168 = SURFACE_CURVE('',#4169,(#4174,#4184),.PCURVE_S1.);
#4169 = ELLIPSE('',#4170,0.220308330174,0.22);
#4170 = AXIS2_PLACEMENT_3D('',#4171,#4172,#4173);
#4171 = CARTESIAN_POINT('',(12.288348375907,17.855553612637,
    2.484090775049));
#4172 = DIRECTION('',(0.998600460665,5.288780539399E-02,0.));
#4173 = DIRECTION('',(5.288780539399E-02,-0.998600460665,0.));
#4174 = PCURVE('',#3691,#4175);
#4175 = DEFINITIONAL_REPRESENTATION('',(#4176),#4183);
#4176 = B_SPLINE_CURVE_WITH_KNOTS('',5,(#4177,#4178,#4179,#4180,#4181,
    #4182),.UNSPECIFIED.,.F.,.F.,(6,6),(5.880157885951,6.28318530718),
  .PIECEWISE_BEZIER_KNOTS.);
#4177 = CARTESIAN_POINT('',(1.551018373903,2.299066446728));
#4178 = CARTESIAN_POINT('',(1.631623858148,2.299434799697));
#4179 = CARTESIAN_POINT('',(1.712229342394,2.29971610674));
#4180 = CARTESIAN_POINT('',(1.79283482664,2.299905372184));
#4181 = CARTESIAN_POINT('',(1.873440310885,2.3));
#4182 = CARTESIAN_POINT('',(1.954045795131,2.3));
#4183 = ( GEOMETRIC_REPRESENTATION_CONTEXT(2) 
PARAMETRIC_REPRESENTATION_CONTEXT() REPRESENTATION_CONTEXT('2D SPACE',''
  ) );
#4184 = PCURVE('',#4099,#4185);
#4185 = DEFINITIONAL_REPRESENTATION('',(#4186),#4194);
#4186 = ( BOUNDED_CURVE() B_SPLINE_CURVE(2,(#4187,#4188,#4189,#4190,
#4191,#4192,#4193),.UNSPECIFIED.,.T.,.F.) B_SPLINE_CURVE_WITH_KNOTS((1,2
    ,2,2,2,1),(-2.094395102393,0.,2.094395102393,4.188790204786,
6.28318530718,8.377580409573),.UNSPECIFIED.) CURVE() 
GEOMETRIC_REPRESENTATION_ITEM() RATIONAL_B_SPLINE_CURVE((1.,0.5,1.,0.5,
1.,0.5,1.)) REPRESENTATION_ITEM('') );
#4187 = CARTESIAN_POINT('',(-9.71445146547E-16,-10.03409077504));
#4188 = CARTESIAN_POINT('',(-9.71445146547E-16,-9.653039597384));
#4189 = CARTESIAN_POINT('',(0.330462495261,-9.843565186216));
#4190 = CARTESIAN_POINT('',(0.660924990522,-10.03409077504));
#4191 = CARTESIAN_POINT('',(0.330462495261,-10.22461636388));
#4192 = CARTESIAN_POINT('',(-6.383782391595E-16,-10.41514195271));
#4193 = CARTESIAN_POINT('',(-9.71445146547E-16,-10.03409077504));
#4194 = ( GEOMETRIC_REPRESENTATION_CONTEXT(2) 
PARAMETRIC_REPRESENTATION_CONTEXT() REPRESENTATION_CONTEXT('2D SPACE',''
  ) );
#4195 = ORIENTED_EDGE('',*,*,#4053,.F.);
#4196 = ORIENTED_EDGE('',*,*,#3675,.F.);
#4197 = ADVANCED_FACE('',(#4198),#3929,.T.);
#4198 = FACE_BOUND('',#4199,.T.);
#4199 = EDGE_LOOP('',(#4200,#4201,#4202,#4228));
#4200 = ORIENTED_EDGE('',*,*,#3977,.T.);
#4201 = ORIENTED_EDGE('',*,*,#3915,.T.);
#4202 = ORIENTED_EDGE('',*,*,#4203,.F.);
#4203 = EDGE_CURVE('',#4204,#3853,#4206,.T.);
#4204 = VERTEX_POINT('',#4205);
#4205 = CARTESIAN_POINT('',(10.,22.55,0.539032522475));
#4206 = SURFACE_CURVE('',#4207,(#4212,#4218),.PCURVE_S1.);
#4207 = CIRCLE('',#4208,0.22);
#4208 = AXIS2_PLACEMENT_3D('',#4209,#4210,#4211);
#4209 = CARTESIAN_POINT('',(10.22,22.55,0.539032522475));
#4210 = DIRECTION('',(-0.,0.894427191,-0.4472135955));
#4211 = DIRECTION('',(-1.,-0.,0.));
#4212 = PCURVE('',#3929,#4213);
#4213 = DEFINITIONAL_REPRESENTATION('',(#4214),#4217);
#4214 = B_SPLINE_CURVE_WITH_KNOTS('',1,(#4215,#4216),.UNSPECIFIED.,.F.,
  .F.,(2,2),(0.,1.570796326795),.PIECEWISE_BEZIER_KNOTS.);
#4215 = CARTESIAN_POINT('',(0.,0.613115294937));
#4216 = CARTESIAN_POINT('',(1.570796326795,0.613115294937));
#4217 = ( GEOMETRIC_REPRESENTATION_CONTEXT(2) 
PARAMETRIC_REPRESENTATION_CONTEXT() REPRESENTATION_CONTEXT('2D SPACE',''
  ) );
#4218 = PCURVE('',#3880,#4219);
#4219 = DEFINITIONAL_REPRESENTATION('',(#4220),#4227);
#4220 = B_SPLINE_CURVE_WITH_KNOTS('',5,(#4221,#4222,#4223,#4224,#4225,
    #4226),.UNSPECIFIED.,.F.,.F.,(6,6),(0.,1.570796326795),
  .PIECEWISE_BEZIER_KNOTS.);
#4221 = CARTESIAN_POINT('',(0.,5.42702553498));
#4222 = CARTESIAN_POINT('',(0.252875423819,5.42702553498));
#4223 = CARTESIAN_POINT('',(0.46477746543,5.42702553498));
#4224 = CARTESIAN_POINT('',(0.673563508097,5.42702553498));
#4225 = CARTESIAN_POINT('',(0.885463926277,5.42702553498));
#4226 = CARTESIAN_POINT('',(1.138339350096,5.42702553498));
#4227 = ( GEOMETRIC_REPRESENTATION_CONTEXT(2) 
PARAMETRIC_REPRESENTATION_CONTEXT() REPRESENTATION_CONTEXT('2D SPACE',''
  ) );
#4228 = ORIENTED_EDGE('',*,*,#4229,.F.);
#4229 = EDGE_CURVE('',#3978,#4204,#4230,.T.);
#4230 = SURFACE_CURVE('',#4231,(#4235,#4242),.PCURVE_S1.);
#4231 = LINE('',#4232,#4233);
#4232 = CARTESIAN_POINT('',(10.,22.00161300899,0.81322601798));
#4233 = VECTOR('',#4234,1.);
#4234 = DIRECTION('',(-0.,0.894427191,-0.4472135955));
#4235 = PCURVE('',#3929,#4236);
#4236 = DEFINITIONAL_REPRESENTATION('',(#4237),#4241);
#4237 = LINE('',#4238,#4239);
#4238 = CARTESIAN_POINT('',(0.,0.));
#4239 = VECTOR('',#4240,1.);
#4240 = DIRECTION('',(0.,1.));
#4241 = ( GEOMETRIC_REPRESENTATION_CONTEXT(2) 
PARAMETRIC_REPRESENTATION_CONTEXT() REPRESENTATION_CONTEXT('2D SPACE',''
  ) );
#4242 = PCURVE('',#4013,#4243);
#4243 = DEFINITIONAL_REPRESENTATION('',(#4244),#4248);
#4244 = LINE('',#4245,#4246);
#4245 = CARTESIAN_POINT('',(1.29838699101,-8.36322601798));
#4246 = VECTOR('',#4247,1.);
#4247 = DIRECTION('',(-0.894427191,0.4472135955));
#4248 = ( GEOMETRIC_REPRESENTATION_CONTEXT(2) 
PARAMETRIC_REPRESENTATION_CONTEXT() REPRESENTATION_CONTEXT('2D SPACE',''
  ) );
#4249 = ADVANCED_FACE('',(#4250),#3749,.T.);
#4250 = FACE_BOUND('',#4251,.T.);
#4251 = EDGE_LOOP('',(#4252,#4275,#4276,#4277));
#4252 = ORIENTED_EDGE('',*,*,#4253,.T.);
#4253 = EDGE_CURVE('',#4254,#3734,#4256,.T.);
#4254 = VERTEX_POINT('',#4255);
#4255 = CARTESIAN_POINT('',(12.037620665677,22.589665854045,
    0.525017264088));
#4256 = SURFACE_CURVE('',#4257,(#4261,#4269),.PCURVE_S1.);
#4257 = ( BOUNDED_CURVE() B_SPLINE_CURVE(2,(#4258,#4259,#4260),
.UNSPECIFIED.,.F.,.F.) B_SPLINE_CURVE_WITH_KNOTS((3,3),(0.,1.09672343493
),.PIECEWISE_BEZIER_KNOTS.) CURVE() GEOMETRIC_REPRESENTATION_ITEM() 
RATIONAL_B_SPLINE_CURVE((1.,0.715420221421,1.)) REPRESENTATION_ITEM('') 
  );
#4258 = CARTESIAN_POINT('',(12.037620665677,22.589665854045,
    0.525017264088));
#4259 = CARTESIAN_POINT('',(12.032544984556,22.685502266015,
    0.717248866993));
#4260 = CARTESIAN_POINT('',(11.817948286068,22.676052332618,
    0.721973833691));
#4261 = PCURVE('',#3749,#4262);
#4262 = DEFINITIONAL_REPRESENTATION('',(#4263),#4268);
#4263 = B_SPLINE_CURVE_WITH_KNOTS('',3,(#4264,#4265,#4266,#4267),
  .UNSPECIFIED.,.F.,.F.,(4,4),(0.,1.09672343493),
  .PIECEWISE_BEZIER_KNOTS.);
#4264 = CARTESIAN_POINT('',(0.,-0.10727796702));
#4265 = CARTESIAN_POINT('',(0.465796286795,-0.10727796702));
#4266 = CARTESIAN_POINT('',(1.081345688573,-0.10727796702));
#4267 = CARTESIAN_POINT('',(1.547141975368,-0.10727796702));
#4268 = ( GEOMETRIC_REPRESENTATION_CONTEXT(2) 
PARAMETRIC_REPRESENTATION_CONTEXT() REPRESENTATION_CONTEXT('2D SPACE',''
  ) );
#4269 = PCURVE('',#3789,#4270);
#4270 = DEFINITIONAL_REPRESENTATION('',(#4271),#4274);
#4271 = B_SPLINE_CURVE_WITH_KNOTS('',1,(#4272,#4273),.UNSPECIFIED.,.F.,
  .F.,(2,2),(0.,1.09672343493),.PIECEWISE_BEZIER_KNOTS.);
#4272 = CARTESIAN_POINT('',(0.,8.200758640184));
#4273 = CARTESIAN_POINT('',(1.09672343493,8.200758640184));
#4274 = ( GEOMETRIC_REPRESENTATION_CONTEXT(2) 
PARAMETRIC_REPRESENTATION_CONTEXT() REPRESENTATION_CONTEXT('2D SPACE',''
  ) );
#4275 = ORIENTED_EDGE('',*,*,#3733,.T.);
#4276 = ORIENTED_EDGE('',*,*,#4028,.F.);
#4277 = ORIENTED_EDGE('',*,*,#4278,.F.);
#4278 = EDGE_CURVE('',#4254,#4029,#4279,.T.);
#4279 = SURFACE_CURVE('',#4280,(#4284,#4291),.PCURVE_S1.);
#4280 = LINE('',#4281,#4282);
#4281 = CARTESIAN_POINT('',(12.042696793923,22.493820999703,
    0.572939681217));
#4282 = VECTOR('',#4283,1.);
#4283 = DIRECTION('',(4.731752834854E-02,-0.89342534171,0.446712670855)
  );
#4284 = PCURVE('',#3749,#4285);
#4285 = DEFINITIONAL_REPRESENTATION('',(#4286),#4290);
#4286 = LINE('',#4287,#4288);
#4287 = CARTESIAN_POINT('',(0.,0.));
#4288 = VECTOR('',#4289,1.);
#4289 = DIRECTION('',(0.,1.));
#4290 = ( GEOMETRIC_REPRESENTATION_CONTEXT(2) 
PARAMETRIC_REPRESENTATION_CONTEXT() REPRESENTATION_CONTEXT('2D SPACE',''
  ) );
#4291 = PCURVE('',#4099,#4292);
#4292 = DEFINITIONAL_REPRESENTATION('',(#4293),#4297);
#4293 = LINE('',#4294,#4295);
#4294 = CARTESIAN_POINT('',(4.865076252648,-8.122939681217));
#4295 = VECTOR('',#4296,1.);
#4296 = DIRECTION('',(-0.894677478032,-0.446712670855));
#4297 = ( GEOMETRIC_REPRESENTATION_CONTEXT(2) 
PARAMETRIC_REPRESENTATION_CONTEXT() REPRESENTATION_CONTEXT('2D SPACE',''
  ) );
#4298 = ADVANCED_FACE('',(#4299),#3880,.T.);
#4299 = FACE_BOUND('',#4300,.T.);
#4300 = EDGE_LOOP('',(#4301,#4302,#4303,#4330));
#4301 = ORIENTED_EDGE('',*,*,#4203,.T.);
#4302 = ORIENTED_EDGE('',*,*,#3852,.T.);
#4303 = ORIENTED_EDGE('',*,*,#4304,.F.);
#4304 = EDGE_CURVE('',#4305,#3825,#4307,.T.);
#4305 = VERTEX_POINT('',#4306);
#4306 = CARTESIAN_POINT('',(10.75,23.3,0.274032522475));
#4307 = SURFACE_CURVE('',#4308,(#4312,#4318),.PCURVE_S1.);
#4308 = ( BOUNDED_CURVE() B_SPLINE_CURVE(2,(#4309,#4310,#4311),
.UNSPECIFIED.,.F.,.F.) B_SPLINE_CURVE_WITH_KNOTS((3,3),(0.,
1.138339350096),.PIECEWISE_BEZIER_KNOTS.) CURVE() 
GEOMETRIC_REPRESENTATION_ITEM() RATIONAL_B_SPLINE_CURVE((1.,
0.850650808352,1.)) REPRESENTATION_ITEM('') );
#4309 = CARTESIAN_POINT('',(10.75,23.3,0.274032522475));
#4310 = CARTESIAN_POINT('',(10.75,23.3,0.41));
#4311 = CARTESIAN_POINT('',(10.75,23.17838699101,0.470806504495));
#4312 = PCURVE('',#3880,#4313);
#4313 = DEFINITIONAL_REPRESENTATION('',(#4314),#4317);
#4314 = B_SPLINE_CURVE_WITH_KNOTS('',1,(#4315,#4316),.UNSPECIFIED.,.F.,
  .F.,(2,2),(0.,1.138339350096),.PIECEWISE_BEZIER_KNOTS.);
#4315 = CARTESIAN_POINT('',(0.,6.565364885076));
#4316 = CARTESIAN_POINT('',(1.138339350096,6.565364885076));
#4317 = ( GEOMETRIC_REPRESENTATION_CONTEXT(2) 
PARAMETRIC_REPRESENTATION_CONTEXT() REPRESENTATION_CONTEXT('2D SPACE',''
  ) );
#4318 = PCURVE('',#3840,#4319);
#4319 = DEFINITIONAL_REPRESENTATION('',(#4320),#4329);
#4320 = B_SPLINE_CURVE_WITH_KNOTS('',7,(#4321,#4322,#4323,#4324,#4325,
    #4326,#4327,#4328),.UNSPECIFIED.,.F.,.F.,(8,8),(0.,1.138339350096),
  .PIECEWISE_BEZIER_KNOTS.);
#4321 = CARTESIAN_POINT('',(-1.110223024625E-16,0.));
#4322 = CARTESIAN_POINT('',(0.150208889177,0.));
#4323 = CARTESIAN_POINT('',(0.307896460783,0.));
#4324 = CARTESIAN_POINT('',(0.470957493901,0.));
#4325 = CARTESIAN_POINT('',(0.636191223893,0.));
#4326 = CARTESIAN_POINT('',(0.799252257011,0.));
#4327 = CARTESIAN_POINT('',(0.956939828617,0.));
#4328 = CARTESIAN_POINT('',(1.107148717794,0.));
#4329 = ( GEOMETRIC_REPRESENTATION_CONTEXT(2) 
PARAMETRIC_REPRESENTATION_CONTEXT() REPRESENTATION_CONTEXT('2D SPACE',''
  ) );
#4330 = ORIENTED_EDGE('',*,*,#4331,.F.);
#4331 = EDGE_CURVE('',#4204,#4305,#4332,.T.);
#4332 = SURFACE_CURVE('',#4333,(#4343,#4350),.PCURVE_S1.);
#4333 = ( BOUNDED_CURVE() B_SPLINE_CURVE(8,(#4334,#4335,#4336,#4337,
    #4338,#4339,#4340,#4341,#4342),.UNSPECIFIED.,.F.,.F.) 
B_SPLINE_CURVE_WITH_KNOTS((9,9),(5.42702553498,6.565364885076),
.PIECEWISE_BEZIER_KNOTS.) CURVE() GEOMETRIC_REPRESENTATION_ITEM() 
RATIONAL_B_SPLINE_CURVE((1.,1.,1.,1.,1.,1.,1.,1.,1.)) 
REPRESENTATION_ITEM('') );
#4334 = CARTESIAN_POINT('',(10.,22.55,0.539032522475));
#4335 = CARTESIAN_POINT('',(10.,22.692098900019,0.488824288516));
#4336 = CARTESIAN_POINT('',(10.030804889325,22.830488309595,
    0.439931311534));
#4337 = CARTESIAN_POINT('',(10.089305266061,22.964133262208,
    0.392948303609));
#4338 = CARTESIAN_POINT('',(10.179855623575,23.092172198929,
    0.348711164512));
#4339 = CARTESIAN_POINT('',(10.304826528795,23.197293361981,
    0.310458749844));
#4340 = CARTESIAN_POINT('',(10.451099507501,23.267027057795,
    0.285737212155));
#4341 = CARTESIAN_POINT('',(10.602841599882,23.3,0.274032522475));
#4342 = CARTESIAN_POINT('',(10.75,23.3,0.274032522475));
#4343 = PCURVE('',#3880,#4344);
#4344 = DEFINITIONAL_REPRESENTATION('',(#4345),#4349);
#4345 = LINE('',#4346,#4347);
#4346 = CARTESIAN_POINT('',(0.,0.));
#4347 = VECTOR('',#4348,1.);
#4348 = DIRECTION('',(0.,1.));
#4349 = ( GEOMETRIC_REPRESENTATION_CONTEXT(2) 
PARAMETRIC_REPRESENTATION_CONTEXT() REPRESENTATION_CONTEXT('2D SPACE',''
  ) );
#4350 = PCURVE('',#4351,#4356);
#4351 = CYLINDRICAL_SURFACE('',#4352,0.75);
#4352 = AXIS2_PLACEMENT_3D('',#4353,#4354,#4355);
#4353 = CARTESIAN_POINT('',(10.75,22.55,-7.55));
#4354 = DIRECTION('',(0.,0.,1.));
#4355 = DIRECTION('',(-0.,1.,0.));
#4356 = DEFINITIONAL_REPRESENTATION('',(#4357),#4367);
#4357 = B_SPLINE_CURVE_WITH_KNOTS('',8,(#4358,#4359,#4360,#4361,#4362,
    #4363,#4364,#4365,#4366),.UNSPECIFIED.,.F.,.F.,(9,9),(5.42702553498,
    6.565364885076),.PIECEWISE_BEZIER_KNOTS.);
#4358 = CARTESIAN_POINT('',(1.570796326795,8.089032522475));
#4359 = CARTESIAN_POINT('',(1.38133112677,8.038824288516));
#4360 = CARTESIAN_POINT('',(1.196819418101,7.989932207508));
#4361 = CARTESIAN_POINT('',(1.008213064632,7.942945819816));
#4362 = CARTESIAN_POINT('',(0.808902904262,7.898713992359));
#4363 = CARTESIAN_POINT('',(0.605231247271,7.860457273941));
#4364 = CARTESIAN_POINT('',(0.398500446768,7.835737480383));
#4365 = CARTESIAN_POINT('',(0.196211200157,7.824032522475));
#4366 = CARTESIAN_POINT('',(-1.096708511552E-16,7.824032522475));
#4367 = ( GEOMETRIC_REPRESENTATION_CONTEXT(2) 
PARAMETRIC_REPRESENTATION_CONTEXT() REPRESENTATION_CONTEXT('2D SPACE',''
  ) );
#4368 = ADVANCED_FACE('',(#4369),#3789,.T.);
#4369 = FACE_BOUND('',#4370,.T.);
#4370 = EDGE_LOOP('',(#4371,#4425,#4426,#4427));
#4371 = ORIENTED_EDGE('',*,*,#4372,.T.);
#4372 = EDGE_CURVE('',#4373,#3762,#4375,.T.);
#4373 = VERTEX_POINT('',#4374);
#4374 = CARTESIAN_POINT('',(11.288670320179,23.3,0.274032522475));
#4375 = SURFACE_CURVE('',#4376,(#4381,#4419),.PCURVE_S1.);
#4376 = CIRCLE('',#4377,0.22);
#4377 = AXIS2_PLACEMENT_3D('',#4378,#4379,#4380);
#4378 = CARTESIAN_POINT('',(11.288670320179,23.08,0.274032522475));
#4379 = DIRECTION('',(1.,0.,0.));
#4380 = DIRECTION('',(-0.,1.,0.));
#4381 = PCURVE('',#3789,#4382);
#4382 = DEFINITIONAL_REPRESENTATION('',(#4383),#4418);
#4383 = B_SPLINE_CURVE_WITH_KNOTS('',9,(#4384,#4385,#4386,#4387,#4388,
    #4389,#4390,#4391,#4392,#4393,#4394,#4395,#4396,#4397,#4398,#4399,
    #4400,#4401,#4402,#4403,#4404,#4405,#4406,#4407,#4408,#4409,#4410,
    #4411,#4412,#4413,#4414,#4415,#4416,#4417),.UNSPECIFIED.,.F.,.F.,(10
    ,8,8,8,10),(0.,0.276787179449,0.553574358897,0.830361538346,
    1.107148717794),.UNSPECIFIED.);
#4384 = CARTESIAN_POINT('',(-2.498001805407E-16,7.104035205254));
#4385 = CARTESIAN_POINT('',(3.207797243281E-02,7.104035205254));
#4386 = CARTESIAN_POINT('',(6.384129422475E-02,7.104035205254));
#4387 = CARTESIAN_POINT('',(9.531667534009E-02,7.104035205255));
#4388 = CARTESIAN_POINT('',(0.126523537438,7.104035205254));
#4389 = CARTESIAN_POINT('',(0.157508654992,7.104035205255));
#4390 = CARTESIAN_POINT('',(0.188261667944,7.104035205254));
#4391 = CARTESIAN_POINT('',(0.218838462956,7.104035205254));
#4392 = CARTESIAN_POINT('',(0.249241952343,7.104035205255));
#4393 = CARTESIAN_POINT('',(0.309758274906,7.104035205254));
#4394 = CARTESIAN_POINT('',(0.339870562225,7.104035205255));
#4395 = CARTESIAN_POINT('',(0.369858038965,7.104035205253));
#4396 = CARTESIAN_POINT('',(0.399746500814,7.104035205257));
#4397 = CARTESIAN_POINT('',(0.429551595126,7.104035205253));
#4398 = CARTESIAN_POINT('',(0.459292999121,7.104035205255));
#4399 = CARTESIAN_POINT('',(0.488996081476,7.104035205254));
#4400 = CARTESIAN_POINT('',(0.518678889034,7.104035205254));
#4401 = CARTESIAN_POINT('',(0.578044545896,7.104035205255));
#4402 = CARTESIAN_POINT('',(0.607727353454,7.104035205254));
#4403 = CARTESIAN_POINT('',(0.637430435809,7.104035205256));
#4404 = CARTESIAN_POINT('',(0.667171839803,7.104035205253));
#4405 = CARTESIAN_POINT('',(0.696976934116,7.104035205256));
#4406 = CARTESIAN_POINT('',(0.726865395965,7.104035205254));
#4407 = CARTESIAN_POINT('',(0.756852872705,7.104035205255));
#4408 = CARTESIAN_POINT('',(0.786965160024,7.104035205254));
#4409 = CARTESIAN_POINT('',(0.847481482587,7.104035205254));
#4410 = CARTESIAN_POINT('',(0.877884971974,7.104035205254));
#4411 = CARTESIAN_POINT('',(0.908461766987,7.104035205255));
#4412 = CARTESIAN_POINT('',(0.939214779938,7.104035205254));
#4413 = CARTESIAN_POINT('',(0.970199897492,7.104035205255));
#4414 = CARTESIAN_POINT('',(1.00140675959,7.104035205254));
#4415 = CARTESIAN_POINT('',(1.032882140705,7.104035205254));
#4416 = CARTESIAN_POINT('',(1.064645462497,7.104035205254));
#4417 = CARTESIAN_POINT('',(1.09672343493,7.104035205254));
#4418 = ( GEOMETRIC_REPRESENTATION_CONTEXT(2) 
PARAMETRIC_REPRESENTATION_CONTEXT() REPRESENTATION_CONTEXT('2D SPACE',''
  ) );
#4419 = PCURVE('',#3840,#4420);
#4420 = DEFINITIONAL_REPRESENTATION('',(#4421),#4424);
#4421 = B_SPLINE_CURVE_WITH_KNOTS('',1,(#4422,#4423),.UNSPECIFIED.,.F.,
  .F.,(2,2),(0.,1.107148717794),.PIECEWISE_BEZIER_KNOTS.);
#4422 = CARTESIAN_POINT('',(0.,0.538670320179));
#4423 = CARTESIAN_POINT('',(1.107148717794,0.538670320179));
#4424 = ( GEOMETRIC_REPRESENTATION_CONTEXT(2) 
PARAMETRIC_REPRESENTATION_CONTEXT() REPRESENTATION_CONTEXT('2D SPACE',''
  ) );
#4425 = ORIENTED_EDGE('',*,*,#3761,.T.);
#4426 = ORIENTED_EDGE('',*,*,#4253,.F.);
#4427 = ORIENTED_EDGE('',*,*,#4428,.F.);
#4428 = EDGE_CURVE('',#4373,#4254,#4429,.T.);
#4429 = SURFACE_CURVE('',#4430,(#4440,#4447),.PCURVE_S1.);
#4430 = ( BOUNDED_CURVE() B_SPLINE_CURVE(8,(#4431,#4432,#4433,#4434,
    #4435,#4436,#4437,#4438,#4439),.UNSPECIFIED.,.F.,.F.) 
B_SPLINE_CURVE_WITH_KNOTS((9,9),(7.104035205254,8.200758640184),
.PIECEWISE_BEZIER_KNOTS.) CURVE() GEOMETRIC_REPRESENTATION_ITEM() 
RATIONAL_B_SPLINE_CURVE((1.,1.,1.,1.,1.,1.,1.,1.,1.)) 
REPRESENTATION_ITEM('') );
#4431 = CARTESIAN_POINT('',(11.288670320179,23.3,0.274032522475));
#4432 = CARTESIAN_POINT('',(11.430639596274,23.3,0.274032522475));
#4433 = CARTESIAN_POINT('',(11.576985701807,23.269306403508,
    0.284932293629));
#4434 = CARTESIAN_POINT('',(11.718409562318,23.204465306262,
    0.307946151657));
#4435 = CARTESIAN_POINT('',(11.840737112192,23.106704881077,0.3434662496
    ));
#4436 = CARTESIAN_POINT('',(11.932145639319,22.98694418403,0.3849253965)
  );
#4437 = CARTESIAN_POINT('',(11.994171056289,22.860247800501,
    0.42943187934));
#4438 = CARTESIAN_POINT('',(12.030318297381,22.727545433089,
    0.476300386039));
#4439 = CARTESIAN_POINT('',(12.037620665677,22.589665854045,
    0.525017264088));
#4440 = PCURVE('',#3789,#4441);
#4441 = DEFINITIONAL_REPRESENTATION('',(#4442),#4446);
#4442 = LINE('',#4443,#4444);
#4443 = CARTESIAN_POINT('',(0.,0.));
#4444 = VECTOR('',#4445,1.);
#4445 = DIRECTION('',(0.,1.));
#4446 = ( GEOMETRIC_REPRESENTATION_CONTEXT(2) 
PARAMETRIC_REPRESENTATION_CONTEXT() REPRESENTATION_CONTEXT('2D SPACE',''
  ) );
#4447 = PCURVE('',#4448,#4453);
#4448 = CYLINDRICAL_SURFACE('',#4449,0.75);
#4449 = AXIS2_PLACEMENT_3D('',#4450,#4451,#4452);
#4450 = CARTESIAN_POINT('',(11.288670320179,22.55,-7.55));
#4451 = DIRECTION('',(0.,0.,1.));
#4452 = DIRECTION('',(0.998600460665,5.288780539399E-02,-0.));
#4453 = DEFINITIONAL_REPRESENTATION('',(#4454),#4464);
#4454 = B_SPLINE_CURVE_WITH_KNOTS('',8,(#4455,#4456,#4457,#4458,#4459,
    #4460,#4461,#4462,#4463),.UNSPECIFIED.,.F.,.F.,(9,9),(7.104035205254
    ,8.200758640184),.PIECEWISE_BEZIER_KNOTS.);
#4455 = CARTESIAN_POINT('',(1.517883834726,7.824032522475));
#4456 = CARTESIAN_POINT('',(1.328591466598,7.824032522475));
#4457 = CARTESIAN_POINT('',(1.133490033122,7.834932403093));
#4458 = CARTESIAN_POINT('',(0.934437290698,7.85794534389));
#4459 = CARTESIAN_POINT('',(0.738061752533,7.893467954468));
#4460 = CARTESIAN_POINT('',(0.545948806358,7.934923821507));
#4461 = CARTESIAN_POINT('',(0.36332752706,7.979432466297));
#4462 = CARTESIAN_POINT('',(0.184097089843,8.026300386039));
#4463 = CARTESIAN_POINT('',(-1.110223024625E-16,8.075017264088));
#4464 = ( GEOMETRIC_REPRESENTATION_CONTEXT(2) 
PARAMETRIC_REPRESENTATION_CONTEXT() REPRESENTATION_CONTEXT('2D SPACE',''
  ) );
#4465 = ADVANCED_FACE('',(#4466),#3840,.T.);
#4466 = FACE_BOUND('',#4467,.T.);
#4467 = EDGE_LOOP('',(#4468,#4469,#4470,#4471));
#4468 = ORIENTED_EDGE('',*,*,#4304,.T.);
#4469 = ORIENTED_EDGE('',*,*,#3824,.T.);
#4470 = ORIENTED_EDGE('',*,*,#4372,.F.);
#4471 = ORIENTED_EDGE('',*,*,#4472,.F.);
#4472 = EDGE_CURVE('',#4305,#4373,#4473,.T.);
#4473 = SURFACE_CURVE('',#4474,(#4478,#4485),.PCURVE_S1.);
#4474 = LINE('',#4475,#4476);
#4475 = CARTESIAN_POINT('',(10.75,23.3,0.274032522475));
#4476 = VECTOR('',#4477,1.);
#4477 = DIRECTION('',(1.,0.,0.));
#4478 = PCURVE('',#3840,#4479);
#4479 = DEFINITIONAL_REPRESENTATION('',(#4480),#4484);
#4480 = LINE('',#4481,#4482);
#4481 = CARTESIAN_POINT('',(0.,0.));
#4482 = VECTOR('',#4483,1.);
#4483 = DIRECTION('',(0.,1.));
#4484 = ( GEOMETRIC_REPRESENTATION_CONTEXT(2) 
PARAMETRIC_REPRESENTATION_CONTEXT() REPRESENTATION_CONTEXT('2D SPACE',''
  ) );
#4485 = PCURVE('',#4486,#4491);
#4486 = PLANE('',#4487);
#4487 = AXIS2_PLACEMENT_3D('',#4488,#4489,#4490);
#4488 = CARTESIAN_POINT('',(-30.,23.3,0.41));
#4489 = DIRECTION('',(-0.,1.,0.));
#4490 = DIRECTION('',(0.,0.,-1.));
#4491 = DEFINITIONAL_REPRESENTATION('',(#4492),#4496);
#4492 = LINE('',#4493,#4494);
#4493 = CARTESIAN_POINT('',(0.135967477525,-40.75));
#4494 = VECTOR('',#4495,1.);
#4495 = DIRECTION('',(0.,-1.));
#4496 = ( GEOMETRIC_REPRESENTATION_CONTEXT(2) 
PARAMETRIC_REPRESENTATION_CONTEXT() REPRESENTATION_CONTEXT('2D SPACE',''
  ) );
#4497 = ADVANCED_FACE('',(#4498,#4636),#4013,.F.);
#4498 = FACE_BOUND('',#4499,.F.);
#4499 = EDGE_LOOP('',(#4500,#4523,#4556,#4584,#4612,#4633,#4634,#4635));
#4500 = ORIENTED_EDGE('',*,*,#4501,.F.);
#4501 = EDGE_CURVE('',#4502,#4116,#4504,.T.);
#4502 = VERTEX_POINT('',#4503);
#4503 = CARTESIAN_POINT('',(10.,17.635553612637,-5.970364800226));
#4504 = SURFACE_CURVE('',#4505,(#4509,#4516),.PCURVE_S1.);
#4505 = LINE('',#4506,#4507);
#4506 = CARTESIAN_POINT('',(10.,17.635553612637,-7.55));
#4507 = VECTOR('',#4508,1.);
#4508 = DIRECTION('',(0.,0.,1.));
#4509 = PCURVE('',#4013,#4510);
#4510 = DEFINITIONAL_REPRESENTATION('',(#4511),#4515);
#4511 = LINE('',#4512,#4513);
#4512 = CARTESIAN_POINT('',(5.664446387363,0.));
#4513 = VECTOR('',#4514,1.);
#4514 = DIRECTION('',(0.,-1.));
#4515 = ( GEOMETRIC_REPRESENTATION_CONTEXT(2) 
PARAMETRIC_REPRESENTATION_CONTEXT() REPRESENTATION_CONTEXT('2D SPACE',''
  ) );
#4516 = PCURVE('',#4155,#4517);
#4517 = DEFINITIONAL_REPRESENTATION('',(#4518),#4522);
#4518 = LINE('',#4519,#4520);
#4519 = CARTESIAN_POINT('',(-1.35,-40.));
#4520 = VECTOR('',#4521,1.);
#4521 = DIRECTION('',(1.,0.));
#4522 = ( GEOMETRIC_REPRESENTATION_CONTEXT(2) 
PARAMETRIC_REPRESENTATION_CONTEXT() REPRESENTATION_CONTEXT('2D SPACE',''
  ) );
#4523 = ORIENTED_EDGE('',*,*,#4524,.F.);
#4524 = EDGE_CURVE('',#4525,#4502,#4527,.T.);
#4525 = VERTEX_POINT('',#4526);
#4526 = CARTESIAN_POINT('',(10.,17.635755567417,-5.979789200335));
#4527 = SURFACE_CURVE('',#4528,(#4533,#4544),.PCURVE_S1.);
#4528 = CIRCLE('',#4529,0.22);
#4529 = AXIS2_PLACEMENT_3D('',#4530,#4531,#4532);
#4530 = CARTESIAN_POINT('',(10.,17.855553612637,-5.970364800226));
#4531 = DIRECTION('',(-1.,0.,-0.));
#4532 = DIRECTION('',(-0.,0.,1.));
#4533 = PCURVE('',#4013,#4534);
#4534 = DEFINITIONAL_REPRESENTATION('',(#4535),#4543);
#4535 = ( BOUNDED_CURVE() B_SPLINE_CURVE(2,(#4536,#4537,#4538,#4539,
#4540,#4541,#4542),.UNSPECIFIED.,.T.,.F.) B_SPLINE_CURVE_WITH_KNOTS((1,2
    ,2,2,2,1),(-2.094395102393,0.,2.094395102393,4.188790204786,
6.28318530718,8.377580409573),.UNSPECIFIED.) CURVE() 
GEOMETRIC_REPRESENTATION_ITEM() RATIONAL_B_SPLINE_CURVE((1.,0.5,1.,0.5,
1.,0.5,1.)) REPRESENTATION_ITEM('') );
#4536 = CARTESIAN_POINT('',(5.444446387363,-1.799635199774));
#4537 = CARTESIAN_POINT('',(5.063395209698,-1.799635199774));
#4538 = CARTESIAN_POINT('',(5.253920798531,-1.469635199774));
#4539 = CARTESIAN_POINT('',(5.444446387363,-1.139635199774));
#4540 = CARTESIAN_POINT('',(5.634971976196,-1.469635199774));
#4541 = CARTESIAN_POINT('',(5.825497565028,-1.799635199774));
#4542 = CARTESIAN_POINT('',(5.444446387363,-1.799635199774));
#4543 = ( GEOMETRIC_REPRESENTATION_CONTEXT(2) 
PARAMETRIC_REPRESENTATION_CONTEXT() REPRESENTATION_CONTEXT('2D SPACE',''
  ) );
#4544 = PCURVE('',#4545,#4550);
#4545 = CYLINDRICAL_SURFACE('',#4546,0.22);
#4546 = AXIS2_PLACEMENT_3D('',#4547,#4548,#4549);
#4547 = CARTESIAN_POINT('',(10.,17.855553612637,-5.970364800226));
#4548 = DIRECTION('',(1.,0.,0.));
#4549 = DIRECTION('',(0.,-1.,0.));
#4550 = DEFINITIONAL_REPRESENTATION('',(#4551),#4555);
#4551 = LINE('',#4552,#4553);
#4552 = CARTESIAN_POINT('',(4.712388980385,0.));
#4553 = VECTOR('',#4554,1.);
#4554 = DIRECTION('',(-1.,0.));
#4555 = ( GEOMETRIC_REPRESENTATION_CONTEXT(2) 
PARAMETRIC_REPRESENTATION_CONTEXT() REPRESENTATION_CONTEXT('2D SPACE',''
  ) );
#4556 = ORIENTED_EDGE('',*,*,#4557,.F.);
#4557 = EDGE_CURVE('',#4558,#4525,#4560,.T.);
#4558 = VERTEX_POINT('',#4559);
#4559 = CARTESIAN_POINT('',(10.,22.243635809653,-5.782214617649));
#4560 = SURFACE_CURVE('',#4561,(#4565,#4572),.PCURVE_S1.);
#4561 = LINE('',#4562,#4563);
#4562 = CARTESIAN_POINT('',(10.,22.29057559989,-5.78020195478));
#4563 = VECTOR('',#4564,1.);
#4564 = DIRECTION('',(0.,-0.999082023728,-4.28381823161E-02));
#4565 = PCURVE('',#4013,#4566);
#4566 = DEFINITIONAL_REPRESENTATION('',(#4567),#4571);
#4567 = LINE('',#4568,#4569);
#4568 = CARTESIAN_POINT('',(1.00942440011,-1.76979804522));
#4569 = VECTOR('',#4570,1.);
#4570 = DIRECTION('',(0.999082023728,4.28381823161E-02));
#4571 = ( GEOMETRIC_REPRESENTATION_CONTEXT(2) 
PARAMETRIC_REPRESENTATION_CONTEXT() REPRESENTATION_CONTEXT('2D SPACE',''
  ) );
#4572 = PCURVE('',#4573,#4578);
#4573 = CYLINDRICAL_SURFACE('',#4574,0.22);
#4574 = AXIS2_PLACEMENT_3D('',#4575,#4576,#4577);
#4575 = CARTESIAN_POINT('',(10.22,22.29057559989,-5.78020195478));
#4576 = DIRECTION('',(0.,-0.999082023728,-4.28381823161E-02));
#4577 = DIRECTION('',(-1.,-0.,0.));
#4578 = DEFINITIONAL_REPRESENTATION('',(#4579),#4583);
#4579 = LINE('',#4580,#4581);
#4580 = CARTESIAN_POINT('',(0.,0.));
#4581 = VECTOR('',#4582,1.);
#4582 = DIRECTION('',(0.,1.));
#4583 = ( GEOMETRIC_REPRESENTATION_CONTEXT(2) 
PARAMETRIC_REPRESENTATION_CONTEXT() REPRESENTATION_CONTEXT('2D SPACE',''
  ) );
#4584 = ORIENTED_EDGE('',*,*,#4585,.F.);
#4585 = EDGE_CURVE('',#4586,#4558,#4588,.T.);
#4586 = VERTEX_POINT('',#4587);
#4587 = CARTESIAN_POINT('',(10.,22.55,-5.629032522475));
#4588 = SURFACE_CURVE('',#4589,(#4593,#4600),.PCURVE_S1.);
#4589 = LINE('',#4590,#4591);
#4590 = CARTESIAN_POINT('',(10.,22.45161300899,-5.67822601798));
#4591 = VECTOR('',#4592,1.);
#4592 = DIRECTION('',(0.,-0.894427191,-0.4472135955));
#4593 = PCURVE('',#4013,#4594);
#4594 = DEFINITIONAL_REPRESENTATION('',(#4595),#4599);
#4595 = LINE('',#4596,#4597);
#4596 = CARTESIAN_POINT('',(0.84838699101,-1.87177398202));
#4597 = VECTOR('',#4598,1.);
#4598 = DIRECTION('',(0.894427191,0.4472135955));
#4599 = ( GEOMETRIC_REPRESENTATION_CONTEXT(2) 
PARAMETRIC_REPRESENTATION_CONTEXT() REPRESENTATION_CONTEXT('2D SPACE',''
  ) );
#4600 = PCURVE('',#4601,#4606);
#4601 = CYLINDRICAL_SURFACE('',#4602,0.22);
#4602 = AXIS2_PLACEMENT_3D('',#4603,#4604,#4605);
#4603 = CARTESIAN_POINT('',(10.22,22.45161300899,-5.67822601798));
#4604 = DIRECTION('',(0.,-0.894427191,-0.4472135955));
#4605 = DIRECTION('',(-1.,-0.,0.));
#4606 = DEFINITIONAL_REPRESENTATION('',(#4607),#4611);
#4607 = LINE('',#4608,#4609);
#4608 = CARTESIAN_POINT('',(0.,0.));
#4609 = VECTOR('',#4610,1.);
#4610 = DIRECTION('',(0.,1.));
#4611 = ( GEOMETRIC_REPRESENTATION_CONTEXT(2) 
PARAMETRIC_REPRESENTATION_CONTEXT() REPRESENTATION_CONTEXT('2D SPACE',''
  ) );
#4612 = ORIENTED_EDGE('',*,*,#4613,.T.);
#4613 = EDGE_CURVE('',#4586,#4204,#4614,.T.);
#4614 = SURFACE_CURVE('',#4615,(#4619,#4626),.PCURVE_S1.);
#4615 = LINE('',#4616,#4617);
#4616 = CARTESIAN_POINT('',(10.,22.55,-7.55));
#4617 = VECTOR('',#4618,1.);
#4618 = DIRECTION('',(0.,0.,1.));
#4619 = PCURVE('',#4013,#4620);
#4620 = DEFINITIONAL_REPRESENTATION('',(#4621),#4625);
#4621 = LINE('',#4622,#4623);
#4622 = CARTESIAN_POINT('',(0.75,0.));
#4623 = VECTOR('',#4624,1.);
#4624 = DIRECTION('',(0.,-1.));
#4625 = ( GEOMETRIC_REPRESENTATION_CONTEXT(2) 
PARAMETRIC_REPRESENTATION_CONTEXT() REPRESENTATION_CONTEXT('2D SPACE',''
  ) );
#4626 = PCURVE('',#4351,#4627);
#4627 = DEFINITIONAL_REPRESENTATION('',(#4628),#4632);
#4628 = LINE('',#4629,#4630);
#4629 = CARTESIAN_POINT('',(1.570796326795,0.));
#4630 = VECTOR('',#4631,1.);
#4631 = DIRECTION('',(0.,1.));
#4632 = ( GEOMETRIC_REPRESENTATION_CONTEXT(2) 
PARAMETRIC_REPRESENTATION_CONTEXT() REPRESENTATION_CONTEXT('2D SPACE',''
  ) );
#4633 = ORIENTED_EDGE('',*,*,#4229,.F.);
#4634 = ORIENTED_EDGE('',*,*,#3999,.F.);
#4635 = ORIENTED_EDGE('',*,*,#4115,.T.);
#4636 = FACE_BOUND('',#4637,.F.);
#4637 = EDGE_LOOP('',(#4638));
#4638 = ORIENTED_EDGE('',*,*,#4639,.T.);
#4639 = EDGE_CURVE('',#4640,#4640,#4642,.T.);
#4640 = VERTEX_POINT('',#4641);
#4641 = CARTESIAN_POINT('',(10.,21.875,-4.3));
#4642 = SURFACE_CURVE('',#4643,(#4648,#4659),.PCURVE_S1.);
#4643 = CIRCLE('',#4644,0.525);
#4644 = AXIS2_PLACEMENT_3D('',#4645,#4646,#4647);
#4645 = CARTESIAN_POINT('',(10.,21.35,-4.3));
#4646 = DIRECTION('',(-1.,0.,0.));
#4647 = DIRECTION('',(0.,1.,0.));
#4648 = PCURVE('',#4013,#4649);
#4649 = DEFINITIONAL_REPRESENTATION('',(#4650),#4658);
#4650 = ( BOUNDED_CURVE() B_SPLINE_CURVE(2,(#4651,#4652,#4653,#4654,
#4655,#4656,#4657),.UNSPECIFIED.,.T.,.F.) B_SPLINE_CURVE_WITH_KNOTS((1,2
    ,2,2,2,1),(-2.094395102393,0.,2.094395102393,4.188790204786,
6.28318530718,8.377580409573),.UNSPECIFIED.) CURVE() 
GEOMETRIC_REPRESENTATION_ITEM() RATIONAL_B_SPLINE_CURVE((1.,0.5,1.,0.5,
1.,0.5,1.)) REPRESENTATION_ITEM('') );
#4651 = CARTESIAN_POINT('',(1.425,-3.25));
#4652 = CARTESIAN_POINT('',(1.425,-2.340673326026));
#4653 = CARTESIAN_POINT('',(2.2125,-2.795336663013));
#4654 = CARTESIAN_POINT('',(3.,-3.25));
#4655 = CARTESIAN_POINT('',(2.2125,-3.704663336987));
#4656 = CARTESIAN_POINT('',(1.425,-4.159326673974));
#4657 = CARTESIAN_POINT('',(1.425,-3.25));
#4658 = ( GEOMETRIC_REPRESENTATION_CONTEXT(2) 
PARAMETRIC_REPRESENTATION_CONTEXT() REPRESENTATION_CONTEXT('2D SPACE',''
  ) );
#4659 = PCURVE('',#4660,#4665);
#4660 = CYLINDRICAL_SURFACE('',#4661,0.525);
#4661 = AXIS2_PLACEMENT_3D('',#4662,#4663,#4664);
#4662 = CARTESIAN_POINT('',(-15.,21.35,-4.3));
#4663 = DIRECTION('',(-1.,-0.,-0.));
#4664 = DIRECTION('',(0.,1.,0.));
#4665 = DEFINITIONAL_REPRESENTATION('',(#4666),#4670);
#4666 = LINE('',#4667,#4668);
#4667 = CARTESIAN_POINT('',(-6.28318530718,-25.));
#4668 = VECTOR('',#4669,1.);
#4669 = DIRECTION('',(1.,-0.));
#4670 = ( GEOMETRIC_REPRESENTATION_CONTEXT(2) 
PARAMETRIC_REPRESENTATION_CONTEXT() REPRESENTATION_CONTEXT('2D SPACE',''
  ) );
#4671 = ADVANCED_FACE('',(#4672,#4804),#4099,.F.);
#4672 = FACE_BOUND('',#4673,.F.);
#4673 = EDGE_LOOP('',(#4674,#4697,#4725,#4753,#4780,#4801,#4802,#4803));
#4674 = ORIENTED_EDGE('',*,*,#4675,.F.);
#4675 = EDGE_CURVE('',#4676,#4254,#4678,.T.);
#4676 = VERTEX_POINT('',#4677);
#4677 = CARTESIAN_POINT('',(12.037620665677,22.589665854045,
    -5.615017254046));
#4678 = SURFACE_CURVE('',#4679,(#4683,#4690),.PCURVE_S1.);
#4679 = LINE('',#4680,#4681);
#4680 = CARTESIAN_POINT('',(12.037620665677,22.589665854045,-7.55));
#4681 = VECTOR('',#4682,1.);
#4682 = DIRECTION('',(0.,0.,1.));
#4683 = PCURVE('',#4099,#4684);
#4684 = DEFINITIONAL_REPRESENTATION('',(#4685),#4689);
#4685 = LINE('',#4686,#4687);
#4686 = CARTESIAN_POINT('',(4.961055433631,0.));
#4687 = VECTOR('',#4688,1.);
#4688 = DIRECTION('',(0.,-1.));
#4689 = ( GEOMETRIC_REPRESENTATION_CONTEXT(2) 
PARAMETRIC_REPRESENTATION_CONTEXT() REPRESENTATION_CONTEXT('2D SPACE',''
  ) );
#4690 = PCURVE('',#4448,#4691);
#4691 = DEFINITIONAL_REPRESENTATION('',(#4692),#4696);
#4692 = LINE('',#4693,#4694);
#4693 = CARTESIAN_POINT('',(0.,0.));
#4694 = VECTOR('',#4695,1.);
#4695 = DIRECTION('',(0.,1.));
#4696 = ( GEOMETRIC_REPRESENTATION_CONTEXT(2) 
PARAMETRIC_REPRESENTATION_CONTEXT() REPRESENTATION_CONTEXT('2D SPACE',''
  ) );
#4697 = ORIENTED_EDGE('',*,*,#4698,.F.);
#4698 = EDGE_CURVE('',#4699,#4676,#4701,.T.);
#4699 = VERTEX_POINT('',#4700);
#4700 = CARTESIAN_POINT('',(12.055330855041,22.255271126839,
    -5.782214617649));
#4701 = SURFACE_CURVE('',#4702,(#4706,#4713),.PCURVE_S1.);
#4702 = LINE('',#4703,#4704);
#4703 = CARTESIAN_POINT('',(12.058038055941,22.204155145657,
    -5.80777260824));
#4704 = VECTOR('',#4705,1.);
#4705 = DIRECTION('',(-4.731752834854E-02,0.89342534171,0.446712670855)
  );
#4706 = PCURVE('',#4099,#4707);
#4707 = DEFINITIONAL_REPRESENTATION('',(#4708),#4712);
#4708 = LINE('',#4709,#4710);
#4709 = CARTESIAN_POINT('',(4.57500443168,-1.74222739176));
#4710 = VECTOR('',#4711,1.);
#4711 = DIRECTION('',(0.894677478032,-0.446712670855));
#4712 = ( GEOMETRIC_REPRESENTATION_CONTEXT(2) 
PARAMETRIC_REPRESENTATION_CONTEXT() REPRESENTATION_CONTEXT('2D SPACE',''
  ) );
#4713 = PCURVE('',#4714,#4719);
#4714 = CYLINDRICAL_SURFACE('',#4715,0.22);
#4715 = AXIS2_PLACEMENT_3D('',#4716,#4717,#4718);
#4716 = CARTESIAN_POINT('',(11.838345954594,22.19251982847,
    -5.80777260824));
#4717 = DIRECTION('',(-4.731752834854E-02,0.89342534171,0.446712670855)
  );
#4718 = DIRECTION('',(0.998600460665,5.288780539399E-02,0.));
#4719 = DEFINITIONAL_REPRESENTATION('',(#4720),#4724);
#4720 = LINE('',#4721,#4722);
#4721 = CARTESIAN_POINT('',(0.,0.));
#4722 = VECTOR('',#4723,1.);
#4723 = DIRECTION('',(0.,1.));
#4724 = ( GEOMETRIC_REPRESENTATION_CONTEXT(2) 
PARAMETRIC_REPRESENTATION_CONTEXT() REPRESENTATION_CONTEXT('2D SPACE',''
  ) );
#4725 = ORIENTED_EDGE('',*,*,#4726,.F.);
#4726 = EDGE_CURVE('',#4727,#4699,#4729,.T.);
#4727 = VERTEX_POINT('',#4728);
#4728 = CARTESIAN_POINT('',(12.299988143361,17.635777483617,
    -5.980287154434));
#4729 = SURFACE_CURVE('',#4730,(#4734,#4741),.PCURVE_S1.);
#4730 = LINE('',#4731,#4732);
#4731 = CARTESIAN_POINT('',(12.300496613123,17.626176817935,
    -5.980698807389));
#4732 = VECTOR('',#4733,1.);
#4733 = DIRECTION('',(-5.283939125661E-02,0.997686329713,
    4.277833838614E-02));
#4734 = PCURVE('',#4099,#4735);
#4735 = DEFINITIONAL_REPRESENTATION('',(#4736),#4740);
#4736 = LINE('',#4737,#4738);
#4737 = CARTESIAN_POINT('',(-9.389936287377E-03,-1.569301192611));
#4738 = VECTOR('',#4739,1.);
#4739 = DIRECTION('',(0.999084587893,-4.277833838614E-02));
#4740 = ( GEOMETRIC_REPRESENTATION_CONTEXT(2) 
PARAMETRIC_REPRESENTATION_CONTEXT() REPRESENTATION_CONTEXT('2D SPACE',''
  ) );
#4741 = PCURVE('',#4742,#4747);
#4742 = CYLINDRICAL_SURFACE('',#4743,0.22);
#4743 = AXIS2_PLACEMENT_3D('',#4744,#4745,#4746);
#4744 = CARTESIAN_POINT('',(12.080804511777,17.614541500748,
    -5.980698807389));
#4745 = DIRECTION('',(-5.283939125661E-02,0.997686329713,
    4.277833838614E-02));
#4746 = DIRECTION('',(0.998600460665,5.288780539399E-02,0.));
#4747 = DEFINITIONAL_REPRESENTATION('',(#4748),#4752);
#4748 = LINE('',#4749,#4750);
#4749 = CARTESIAN_POINT('',(0.,0.));
#4750 = VECTOR('',#4751,1.);
#4751 = DIRECTION('',(0.,1.));
#4752 = ( GEOMETRIC_REPRESENTATION_CONTEXT(2) 
PARAMETRIC_REPRESENTATION_CONTEXT() REPRESENTATION_CONTEXT('2D SPACE',''
  ) );
#4753 = ORIENTED_EDGE('',*,*,#4754,.T.);
#4754 = EDGE_CURVE('',#4727,#4755,#4757,.T.);
#4755 = VERTEX_POINT('',#4756);
#4756 = CARTESIAN_POINT('',(12.3,17.635553612637,-5.970364800226));
#4757 = SURFACE_CURVE('',#4758,(#4763,#4770),.PCURVE_S1.);
#4758 = ELLIPSE('',#4759,0.220308330174,0.22);
#4759 = AXIS2_PLACEMENT_3D('',#4760,#4761,#4762);
#4760 = CARTESIAN_POINT('',(12.288348375907,17.855553612637,
    -5.970364800226));
#4761 = DIRECTION('',(-0.998600460665,-5.288780539399E-02,0.));
#4762 = DIRECTION('',(5.288780539399E-02,-0.998600460665,0.));
#4763 = PCURVE('',#4099,#4764);
#4764 = DEFINITIONAL_REPRESENTATION('',(#4765),#4769);
#4765 = ELLIPSE('',#4766,0.220308330174,0.22);
#4766 = AXIS2_PLACEMENT_2D('',#4767,#4768);
#4767 = CARTESIAN_POINT('',(0.220308330174,-1.579635199774));
#4768 = DIRECTION('',(-1.,-0.));
#4769 = ( GEOMETRIC_REPRESENTATION_CONTEXT(2) 
PARAMETRIC_REPRESENTATION_CONTEXT() REPRESENTATION_CONTEXT('2D SPACE',''
  ) );
#4770 = PCURVE('',#4545,#4771);
#4771 = DEFINITIONAL_REPRESENTATION('',(#4772),#4779);
#4772 = B_SPLINE_CURVE_WITH_KNOTS('',5,(#4773,#4774,#4775,#4776,#4777,
    #4778),.UNSPECIFIED.,.F.,.F.,(6,6),(6.238068392515,6.28318530718),
  .PIECEWISE_BEZIER_KNOTS.);
#4773 = CARTESIAN_POINT('',(4.511691466417E-02,2.299988143361));
#4774 = CARTESIAN_POINT('',(3.609353173133E-02,2.299992885212));
#4775 = CARTESIAN_POINT('',(2.70701487985E-02,2.299996442405));
#4776 = CARTESIAN_POINT('',(1.804676586567E-02,2.299998814135));
#4777 = CARTESIAN_POINT('',(9.023382932833E-03,2.3));
#4778 = CARTESIAN_POINT('',(0.,2.3));
#4779 = ( GEOMETRIC_REPRESENTATION_CONTEXT(2) 
PARAMETRIC_REPRESENTATION_CONTEXT() REPRESENTATION_CONTEXT('2D SPACE',''
  ) );
#4780 = ORIENTED_EDGE('',*,*,#4781,.T.);
#4781 = EDGE_CURVE('',#4755,#4140,#4782,.T.);
#4782 = SURFACE_CURVE('',#4783,(#4787,#4794),.PCURVE_S1.);
#4783 = LINE('',#4784,#4785);
#4784 = CARTESIAN_POINT('',(12.3,17.635553612637,-7.55));
#4785 = VECTOR('',#4786,1.);
#4786 = DIRECTION('',(0.,0.,1.));
#4787 = PCURVE('',#4099,#4788);
#4788 = DEFINITIONAL_REPRESENTATION('',(#4789),#4793);
#4789 = LINE('',#4790,#4791);
#4790 = CARTESIAN_POINT('',(0.,0.));
#4791 = VECTOR('',#4792,1.);
#4792 = DIRECTION('',(0.,-1.));
#4793 = ( GEOMETRIC_REPRESENTATION_CONTEXT(2) 
PARAMETRIC_REPRESENTATION_CONTEXT() REPRESENTATION_CONTEXT('2D SPACE',''
  ) );
#4794 = PCURVE('',#4155,#4795);
#4795 = DEFINITIONAL_REPRESENTATION('',(#4796),#4800);
#4796 = LINE('',#4797,#4798);
#4797 = CARTESIAN_POINT('',(-1.35,-42.3));
#4798 = VECTOR('',#4799,1.);
#4799 = DIRECTION('',(1.,0.));
#4800 = ( GEOMETRIC_REPRESENTATION_CONTEXT(2) 
PARAMETRIC_REPRESENTATION_CONTEXT() REPRESENTATION_CONTEXT('2D SPACE',''
  ) );
#4801 = ORIENTED_EDGE('',*,*,#4167,.F.);
#4802 = ORIENTED_EDGE('',*,*,#4085,.F.);
#4803 = ORIENTED_EDGE('',*,*,#4278,.F.);
#4804 = FACE_BOUND('',#4805,.F.);
#4805 = EDGE_LOOP('',(#4806));
#4806 = ORIENTED_EDGE('',*,*,#4807,.F.);
#4807 = EDGE_CURVE('',#4808,#4808,#4810,.T.);
#4808 = VERTEX_POINT('',#4809);
#4809 = CARTESIAN_POINT('',(12.075470746965,21.875,-4.3));
#4810 = SURFACE_CURVE('',#4811,(#4816,#4823),.PCURVE_S1.);
#4811 = ELLIPSE('',#4812,0.525735787915,0.525);
#4812 = AXIS2_PLACEMENT_3D('',#4813,#4814,#4815);
#4813 = CARTESIAN_POINT('',(12.103275759005,21.35,-4.3));
#4814 = DIRECTION('',(-0.998600460665,-5.288780539399E-02,0.));
#4815 = DIRECTION('',(-5.288780539399E-02,0.998600460665,0.));
#4816 = PCURVE('',#4099,#4817);
#4817 = DEFINITIONAL_REPRESENTATION('',(#4818),#4822);
#4818 = ELLIPSE('',#4819,0.525735787915,0.525);
#4819 = AXIS2_PLACEMENT_2D('',#4820,#4821);
#4820 = CARTESIAN_POINT('',(3.719652186911,-3.25));
#4821 = DIRECTION('',(1.,0.));
#4822 = ( GEOMETRIC_REPRESENTATION_CONTEXT(2) 
PARAMETRIC_REPRESENTATION_CONTEXT() REPRESENTATION_CONTEXT('2D SPACE',''
  ) );
#4823 = PCURVE('',#4660,#4824);
#4824 = DEFINITIONAL_REPRESENTATION('',(#4825),#4840);
#4825 = B_SPLINE_CURVE_WITH_KNOTS('',7,(#4826,#4827,#4828,#4829,#4830,
    #4831,#4832,#4833,#4834,#4835,#4836,#4837,#4838,#4839),
  .UNSPECIFIED.,.F.,.F.,(8,6,8),(0.,3.14159265359,6.28318530718),
  .UNSPECIFIED.);
#4826 = CARTESIAN_POINT('',(-6.28318530718,-27.07547074696));
#4827 = CARTESIAN_POINT('',(-5.834386356667,-27.07547074696));
#4828 = CARTESIAN_POINT('',(-5.385587406154,-27.08200576232));
#4829 = CARTESIAN_POINT('',(-4.936788455641,-27.09506381127));
#4830 = CARTESIAN_POINT('',(-4.487989505128,-27.11148770673));
#4831 = CARTESIAN_POINT('',(-4.039190554616,-27.12454575568));
#4832 = CARTESIAN_POINT('',(-3.590391604103,-27.13108077104));
#4833 = CARTESIAN_POINT('',(-2.692793703077,-27.13108077104));
#4834 = CARTESIAN_POINT('',(-2.243994752564,-27.12454575568));
#4835 = CARTESIAN_POINT('',(-1.795195802053,-27.11148770673));
#4836 = CARTESIAN_POINT('',(-1.346396851538,-27.09506381127));
#4837 = CARTESIAN_POINT('',(-0.897597901026,-27.08200576232));
#4838 = CARTESIAN_POINT('',(-0.448798950513,-27.07547074696));
#4839 = CARTESIAN_POINT('',(-1.68753899743E-14,-27.07547074696));
#4840 = ( GEOMETRIC_REPRESENTATION_CONTEXT(2) 
PARAMETRIC_REPRESENTATION_CONTEXT() REPRESENTATION_CONTEXT('2D SPACE',''
  ) );
#4841 = ADVANCED_FACE('',(#4842),#4155,.T.);
#4842 = FACE_BOUND('',#4843,.T.);
#4843 = EDGE_LOOP('',(#4844,#4845,#4866,#4867));
#4844 = ORIENTED_EDGE('',*,*,#4501,.F.);
#4845 = ORIENTED_EDGE('',*,*,#4846,.T.);
#4846 = EDGE_CURVE('',#4502,#4755,#4847,.T.);
#4847 = SURFACE_CURVE('',#4848,(#4852,#4859),.PCURVE_S1.);
#4848 = LINE('',#4849,#4850);
#4849 = CARTESIAN_POINT('',(10.,17.635553612637,-5.970364800226));
#4850 = VECTOR('',#4851,1.);
#4851 = DIRECTION('',(1.,0.,0.));
#4852 = PCURVE('',#4155,#4853);
#4853 = DEFINITIONAL_REPRESENTATION('',(#4854),#4858);
#4854 = LINE('',#4855,#4856);
#4855 = CARTESIAN_POINT('',(0.229635199774,-40.));
#4856 = VECTOR('',#4857,1.);
#4857 = DIRECTION('',(0.,-1.));
#4858 = ( GEOMETRIC_REPRESENTATION_CONTEXT(2) 
PARAMETRIC_REPRESENTATION_CONTEXT() REPRESENTATION_CONTEXT('2D SPACE',''
  ) );
#4859 = PCURVE('',#4545,#4860);
#4860 = DEFINITIONAL_REPRESENTATION('',(#4861),#4865);
#4861 = LINE('',#4862,#4863);
#4862 = CARTESIAN_POINT('',(0.,0.));
#4863 = VECTOR('',#4864,1.);
#4864 = DIRECTION('',(0.,1.));
#4865 = ( GEOMETRIC_REPRESENTATION_CONTEXT(2) 
PARAMETRIC_REPRESENTATION_CONTEXT() REPRESENTATION_CONTEXT('2D SPACE',''
  ) );
#4866 = ORIENTED_EDGE('',*,*,#4781,.T.);
#4867 = ORIENTED_EDGE('',*,*,#4139,.F.);
#4868 = ADVANCED_FACE('',(#4869),#4351,.T.);
#4869 = FACE_BOUND('',#4870,.T.);
#4870 = EDGE_LOOP('',(#4871,#4894,#4955,#4956));
#4871 = ORIENTED_EDGE('',*,*,#4872,.F.);
#4872 = EDGE_CURVE('',#4873,#4305,#4875,.T.);
#4873 = VERTEX_POINT('',#4874);
#4874 = CARTESIAN_POINT('',(10.75,23.3,-5.364032522475));
#4875 = SURFACE_CURVE('',#4876,(#4880,#4887),.PCURVE_S1.);
#4876 = LINE('',#4877,#4878);
#4877 = CARTESIAN_POINT('',(10.75,23.3,-7.55));
#4878 = VECTOR('',#4879,1.);
#4879 = DIRECTION('',(0.,0.,1.));
#4880 = PCURVE('',#4351,#4881);
#4881 = DEFINITIONAL_REPRESENTATION('',(#4882),#4886);
#4882 = LINE('',#4883,#4884);
#4883 = CARTESIAN_POINT('',(0.,0.));
#4884 = VECTOR('',#4885,1.);
#4885 = DIRECTION('',(0.,1.));
#4886 = ( GEOMETRIC_REPRESENTATION_CONTEXT(2) 
PARAMETRIC_REPRESENTATION_CONTEXT() REPRESENTATION_CONTEXT('2D SPACE',''
  ) );
#4887 = PCURVE('',#4486,#4888);
#4888 = DEFINITIONAL_REPRESENTATION('',(#4889),#4893);
#4889 = LINE('',#4890,#4891);
#4890 = CARTESIAN_POINT('',(7.96,-40.75));
#4891 = VECTOR('',#4892,1.);
#4892 = DIRECTION('',(-1.,0.));
#4893 = ( GEOMETRIC_REPRESENTATION_CONTEXT(2) 
PARAMETRIC_REPRESENTATION_CONTEXT() REPRESENTATION_CONTEXT('2D SPACE',''
  ) );
#4894 = ORIENTED_EDGE('',*,*,#4895,.T.);
#4895 = EDGE_CURVE('',#4873,#4586,#4896,.T.);
#4896 = SURFACE_CURVE('',#4897,(#4907,#4920),.PCURVE_S1.);
#4897 = ( BOUNDED_CURVE() B_SPLINE_CURVE(8,(#4898,#4899,#4900,#4901,
    #4902,#4903,#4904,#4905,#4906),.UNSPECIFIED.,.F.,.F.) 
B_SPLINE_CURVE_WITH_KNOTS((9,9),(2.067119268381,3.205458618477),
.PIECEWISE_BEZIER_KNOTS.) CURVE() GEOMETRIC_REPRESENTATION_ITEM() 
RATIONAL_B_SPLINE_CURVE((1.,1.,1.,1.,1.,1.,1.,1.,1.)) 
REPRESENTATION_ITEM('') );
#4898 = CARTESIAN_POINT('',(10.75,23.3,-5.364032522475));
#4899 = CARTESIAN_POINT('',(10.602841599882,23.3,-5.364032522475));
#4900 = CARTESIAN_POINT('',(10.451099507501,23.267027057795,
    -5.375737212155));
#4901 = CARTESIAN_POINT('',(10.304826528795,23.197293361981,
    -5.400458749843));
#4902 = CARTESIAN_POINT('',(10.179855623575,23.092172198929,
    -5.438711164512));
#4903 = CARTESIAN_POINT('',(10.089305266061,22.964133262208,
    -5.482948303609));
#4904 = CARTESIAN_POINT('',(10.030804889325,22.830488309595,
    -5.529931311534));
#4905 = CARTESIAN_POINT('',(10.,22.692098900019,-5.578824288516));
#4906 = CARTESIAN_POINT('',(10.,22.55,-5.629032522475));
#4907 = PCURVE('',#4351,#4908);
#4908 = DEFINITIONAL_REPRESENTATION('',(#4909),#4919);
#4909 = B_SPLINE_CURVE_WITH_KNOTS('',8,(#4910,#4911,#4912,#4913,#4914,
    #4915,#4916,#4917,#4918),.UNSPECIFIED.,.F.,.F.,(9,9),(2.067119268381
    ,3.205458618477),.PIECEWISE_BEZIER_KNOTS.);
#4910 = CARTESIAN_POINT('',(-2.22044604925E-16,2.185967477525));
#4911 = CARTESIAN_POINT('',(0.196211200157,2.185967477525));
#4912 = CARTESIAN_POINT('',(0.398500446768,2.174262519617));
#4913 = CARTESIAN_POINT('',(0.605231247271,2.149542726059));
#4914 = CARTESIAN_POINT('',(0.808902904261,2.111286007641));
#4915 = CARTESIAN_POINT('',(1.008213064632,2.067054180184));
#4916 = CARTESIAN_POINT('',(1.196819418101,2.020067792492));
#4917 = CARTESIAN_POINT('',(1.38133112677,1.971175711484));
#4918 = CARTESIAN_POINT('',(1.570796326795,1.920967477525));
#4919 = ( GEOMETRIC_REPRESENTATION_CONTEXT(2) 
PARAMETRIC_REPRESENTATION_CONTEXT() REPRESENTATION_CONTEXT('2D SPACE',''
  ) );
#4920 = PCURVE('',#4921,#4949);
#4921 = ( BOUNDED_SURFACE() B_SPLINE_SURFACE(2,8,(
    (#4922,#4923,#4924,#4925,#4926,#4927,#4928,#4929,#4930)
    ,(#4931,#4932,#4933,#4934,#4935,#4936,#4937,#4938,#4939)
    ,(#4940,#4941,#4942,#4943,#4944,#4945,#4946,#4947,#4948
)),.UNSPECIFIED.,.F.,.F.,.F.) B_SPLINE_SURFACE_WITH_KNOTS((3,3),(9,9),(
    0.,1.138339350096),(2.067119268381,3.205458618477),
.PIECEWISE_BEZIER_KNOTS.) GEOMETRIC_REPRESENTATION_ITEM() 
RATIONAL_B_SPLINE_SURFACE((
    (1.,1.,1.,1.,1.,1.,1.,1.,1.)
    ,(0.850650808352,0.850650808352,0.844946619707,0.8327768945
      ,0.815571138552,0.790872696687,0.764779788115,0.737063922972
      ,0.707106781187)
,(1.,1.,1.,1.,1.,1.,1.,1.,1.))) REPRESENTATION_ITEM('') SURFACE() );
#4922 = CARTESIAN_POINT('',(10.75,23.3,-5.364032522475));
#4923 = CARTESIAN_POINT('',(10.602841599882,23.3,-5.364032522475));
#4924 = CARTESIAN_POINT('',(10.451099507501,23.267027057795,
    -5.375737212155));
#4925 = CARTESIAN_POINT('',(10.304826528795,23.197293361981,
    -5.400458749843));
#4926 = CARTESIAN_POINT('',(10.179855623575,23.092172198929,
    -5.438711164512));
#4927 = CARTESIAN_POINT('',(10.089305266061,22.964133262208,
    -5.482948303609));
#4928 = CARTESIAN_POINT('',(10.030804889325,22.830488309595,
    -5.529931311534));
#4929 = CARTESIAN_POINT('',(10.,22.692098900019,-5.578824288516));
#4930 = CARTESIAN_POINT('',(10.,22.55,-5.629032522475));
#4931 = CARTESIAN_POINT('',(10.75,23.3,-5.5));
#4932 = CARTESIAN_POINT('',(10.615072134251,23.3,-5.5));
#4933 = CARTESIAN_POINT('',(10.47267631881,23.272225097186,
    -5.513887451407));
#4934 = CARTESIAN_POINT('',(10.332221004083,23.211878532697,
    -5.544060733651));
#4935 = CARTESIAN_POINT('',(10.211701132997,23.116537563572,
    -5.591731218214));
#4936 = CARTESIAN_POINT('',(10.124972764384,23.008349696588,
    -5.645825151706));
#4937 = CARTESIAN_POINT('',(10.06076740693,22.896717287438,
    -5.701641356281));
#4938 = CARTESIAN_POINT('',(10.01788327188,22.776679894593,
    -5.761660052704));
#4939 = CARTESIAN_POINT('',(10.,22.64838699101,-5.825806504495));
#4940 = CARTESIAN_POINT('',(10.75,23.17838699101,-5.560806504495));
#4941 = CARTESIAN_POINT('',(10.642420440502,23.17838699101,
    -5.560806504495));
#4942 = CARTESIAN_POINT('',(10.526956186885,23.153552991812,
    -5.573223504094));
#4943 = CARTESIAN_POINT('',(10.414726840289,23.0977132273,-5.60114338635
    ));
#4944 = CARTESIAN_POINT('',(10.323965099724,23.013079962888,
    -5.643460018556));
#4945 = CARTESIAN_POINT('',(10.267441656995,22.91590452464,
    -5.69204773768));
#4946 = CARTESIAN_POINT('',(10.236552453842,22.825703527071,
    -5.737148236464));
#4947 = CARTESIAN_POINT('',(10.219899613367,22.738274956216,
    -5.780862521892));
#4948 = CARTESIAN_POINT('',(10.219999535031,22.647982431064,
    -5.826008784468));
#4949 = DEFINITIONAL_REPRESENTATION('',(#4950),#4954);
#4950 = LINE('',#4951,#4952);
#4951 = CARTESIAN_POINT('',(0.,0.));
#4952 = VECTOR('',#4953,1.);
#4953 = DIRECTION('',(0.,1.));
#4954 = ( GEOMETRIC_REPRESENTATION_CONTEXT(2) 
PARAMETRIC_REPRESENTATION_CONTEXT() REPRESENTATION_CONTEXT('2D SPACE',''
  ) );
#4955 = ORIENTED_EDGE('',*,*,#4613,.T.);
#4956 = ORIENTED_EDGE('',*,*,#4331,.T.);
#4957 = ADVANCED_FACE('',(#4958),#4448,.T.);
#4958 = FACE_BOUND('',#4959,.T.);
#4959 = EDGE_LOOP('',(#4960,#4961,#5024,#5045));
#4960 = ORIENTED_EDGE('',*,*,#4675,.F.);
#4961 = ORIENTED_EDGE('',*,*,#4962,.T.);
#4962 = EDGE_CURVE('',#4676,#4963,#4965,.T.);
#4963 = VERTEX_POINT('',#4964);
#4964 = CARTESIAN_POINT('',(11.288670320179,23.3,-5.364032522475));
#4965 = SURFACE_CURVE('',#4966,(#4976,#4989),.PCURVE_S1.);
#4966 = ( BOUNDED_CURVE() B_SPLINE_CURVE(8,(#4967,#4968,#4969,#4970,
    #4971,#4972,#4973,#4974,#4975),.UNSPECIFIED.,.F.,.F.) 
B_SPLINE_CURVE_WITH_KNOTS((9,9),(0.431725513272,1.528448948202),
.PIECEWISE_BEZIER_KNOTS.) CURVE() GEOMETRIC_REPRESENTATION_ITEM() 
RATIONAL_B_SPLINE_CURVE((1.,1.,1.,1.,1.,1.,1.,1.,1.)) 
REPRESENTATION_ITEM('') );
#4967 = CARTESIAN_POINT('',(12.037620665677,22.589665854045,
    -5.615017264088));
#4968 = CARTESIAN_POINT('',(12.030318297381,22.727545433089,
    -5.566300386039));
#4969 = CARTESIAN_POINT('',(11.994171056289,22.860247800501,
    -5.51943187934));
#4970 = CARTESIAN_POINT('',(11.932145639319,22.98694418403,-5.4749253965
    ));
#4971 = CARTESIAN_POINT('',(11.840737112192,23.106704881077,
    -5.4334662496));
#4972 = CARTESIAN_POINT('',(11.718409562318,23.204465306262,
    -5.397946151657));
#4973 = CARTESIAN_POINT('',(11.576985701807,23.269306403508,
    -5.374932293629));
#4974 = CARTESIAN_POINT('',(11.430639596274,23.3,-5.364032522475));
#4975 = CARTESIAN_POINT('',(11.288670320179,23.3,-5.364032522475));
#4976 = PCURVE('',#4448,#4977);
#4977 = DEFINITIONAL_REPRESENTATION('',(#4978),#4988);
#4978 = B_SPLINE_CURVE_WITH_KNOTS('',8,(#4979,#4980,#4981,#4982,#4983,
    #4984,#4985,#4986,#4987),.UNSPECIFIED.,.F.,.F.,(9,9),(0.431725513272
    ,1.528448948202),.PIECEWISE_BEZIER_KNOTS.);
#4979 = CARTESIAN_POINT('',(2.965898626996E-16,1.934982735912));
#4980 = CARTESIAN_POINT('',(0.184097089843,1.983699613961));
#4981 = CARTESIAN_POINT('',(0.36332752706,2.030567533703));
#4982 = CARTESIAN_POINT('',(0.545948806358,2.075076178493));
#4983 = CARTESIAN_POINT('',(0.738061752533,2.116532045531));
#4984 = CARTESIAN_POINT('',(0.934437290698,2.152054656111));
#4985 = CARTESIAN_POINT('',(1.133490033122,2.175067596906));
#4986 = CARTESIAN_POINT('',(1.328591466598,2.185967477525));
#4987 = CARTESIAN_POINT('',(1.517883834726,2.185967477525));
#4988 = ( GEOMETRIC_REPRESENTATION_CONTEXT(2) 
PARAMETRIC_REPRESENTATION_CONTEXT() REPRESENTATION_CONTEXT('2D SPACE',''
  ) );
#4989 = PCURVE('',#4990,#5018);
#4990 = ( BOUNDED_SURFACE() B_SPLINE_SURFACE(2,8,(
    (#4991,#4992,#4993,#4994,#4995,#4996,#4997,#4998,#4999)
    ,(#5000,#5001,#5002,#5003,#5004,#5005,#5006,#5007,#5008)
    ,(#5009,#5010,#5011,#5012,#5013,#5014,#5015,#5016,#5017
)),.UNSPECIFIED.,.F.,.F.,.F.) B_SPLINE_SURFACE_WITH_KNOTS((3,3),(9,9),(
    0.,1.09672343493),(0.431725513272,1.528448948202),
.PIECEWISE_BEZIER_KNOTS.) GEOMETRIC_REPRESENTATION_ITEM() 
RATIONAL_B_SPLINE_SURFACE((
    (1.,1.,1.,1.,1.,1.,1.,1.,1.)
    ,(0.715420221421,0.744150827702,0.770499307218,0.795088124739
      ,0.817999027772,0.834068455188,0.845344440011,0.850650808352
      ,0.850650808352)
,(1.,1.,1.,1.,1.,1.,1.,1.,1.))) REPRESENTATION_ITEM('') SURFACE() );
#4991 = CARTESIAN_POINT('',(12.037620665677,22.589665854045,
    -5.615017264088));
#4992 = CARTESIAN_POINT('',(12.030318297381,22.727545433089,
    -5.566300386039));
#4993 = CARTESIAN_POINT('',(11.994171056289,22.860247800501,
    -5.51943187934));
#4994 = CARTESIAN_POINT('',(11.932145639319,22.98694418403,-5.4749253965
    ));
#4995 = CARTESIAN_POINT('',(11.840737112192,23.106704881077,
    -5.4334662496));
#4996 = CARTESIAN_POINT('',(11.718409562318,23.204465306262,
    -5.397946151657));
#4997 = CARTESIAN_POINT('',(11.576985701807,23.269306403508,
    -5.374932293629));
#4998 = CARTESIAN_POINT('',(11.430639596274,23.3,-5.364032522475));
#4999 = CARTESIAN_POINT('',(11.288670320179,23.3,-5.364032522475));
#5000 = CARTESIAN_POINT('',(12.032544984556,22.685502266015,
    -5.807248866993));
#5001 = CARTESIAN_POINT('',(12.009015047069,22.808615875879,
    -5.745692062061));
#5002 = CARTESIAN_POINT('',(11.962527379286,22.922923245605,
    -5.688538377197));
#5003 = CARTESIAN_POINT('',(11.896367357929,23.02854857021,
    -5.635725714895));
#5004 = CARTESIAN_POINT('',(11.809159197102,23.129887287873,
    -5.585056356063));
#5005 = CARTESIAN_POINT('',(11.691526054105,23.218034345404,
    -5.540982827298));
#5006 = CARTESIAN_POINT('',(11.556167729937,23.2741270528,-5.5129364736)
  );
#5007 = CARTESIAN_POINT('',(11.418934096412,23.3,-5.5));
#5008 = CARTESIAN_POINT('',(11.288670320179,23.3,-5.5));
#5009 = CARTESIAN_POINT('',(11.817948286068,22.676052332618,
    -5.811973833691));
#5010 = CARTESIAN_POINT('',(11.813393965969,22.763702630144,
    -5.768148684928));
#5011 = CARTESIAN_POINT('',(11.793174616493,22.84778713054,
    -5.72610643473));
#5012 = CARTESIAN_POINT('',(11.759284720168,22.933538441105,
    -5.683230779448));
#5013 = CARTESIAN_POINT('',(11.70148792331,23.024559035259,
    -5.637720482371));
#5014 = CARTESIAN_POINT('',(11.612493872401,23.103171404308,
    -5.598414297846));
#5015 = CARTESIAN_POINT('',(11.504195953171,23.155147393682,
    -5.572426303159));
#5016 = CARTESIAN_POINT('',(11.392759803008,23.17838699101,
    -5.560806504495));
#5017 = CARTESIAN_POINT('',(11.288670320179,23.17838699101,
    -5.560806504495));
#5018 = DEFINITIONAL_REPRESENTATION('',(#5019),#5023);
#5019 = LINE('',#5020,#5021);
#5020 = CARTESIAN_POINT('',(0.,0.));
#5021 = VECTOR('',#5022,1.);
#5022 = DIRECTION('',(0.,1.));
#5023 = ( GEOMETRIC_REPRESENTATION_CONTEXT(2) 
PARAMETRIC_REPRESENTATION_CONTEXT() REPRESENTATION_CONTEXT('2D SPACE',''
  ) );
#5024 = ORIENTED_EDGE('',*,*,#5025,.T.);
#5025 = EDGE_CURVE('',#4963,#4373,#5026,.T.);
#5026 = SURFACE_CURVE('',#5027,(#5031,#5038),.PCURVE_S1.);
#5027 = LINE('',#5028,#5029);
#5028 = CARTESIAN_POINT('',(11.288670320179,23.3,-7.55));
#5029 = VECTOR('',#5030,1.);
#5030 = DIRECTION('',(0.,0.,1.));
#5031 = PCURVE('',#4448,#5032);
#5032 = DEFINITIONAL_REPRESENTATION('',(#5033),#5037);
#5033 = LINE('',#5034,#5035);
#5034 = CARTESIAN_POINT('',(1.517883834726,0.));
#5035 = VECTOR('',#5036,1.);
#5036 = DIRECTION('',(0.,1.));
#5037 = ( GEOMETRIC_REPRESENTATION_CONTEXT(2) 
PARAMETRIC_REPRESENTATION_CONTEXT() REPRESENTATION_CONTEXT('2D SPACE',''
  ) );
#5038 = PCURVE('',#4486,#5039);
#5039 = DEFINITIONAL_REPRESENTATION('',(#5040),#5044);
#5040 = LINE('',#5041,#5042);
#5041 = CARTESIAN_POINT('',(7.96,-41.28867032017));
#5042 = VECTOR('',#5043,1.);
#5043 = DIRECTION('',(-1.,0.));
#5044 = ( GEOMETRIC_REPRESENTATION_CONTEXT(2) 
PARAMETRIC_REPRESENTATION_CONTEXT() REPRESENTATION_CONTEXT('2D SPACE',''
  ) );
#5045 = ORIENTED_EDGE('',*,*,#4428,.T.);
#5046 = ADVANCED_FACE('',(#5047),#4486,.T.);
#5047 = FACE_BOUND('',#5048,.T.);
#5048 = EDGE_LOOP('',(#5049,#5050,#5051,#5052));
#5049 = ORIENTED_EDGE('',*,*,#4872,.T.);
#5050 = ORIENTED_EDGE('',*,*,#4472,.T.);
#5051 = ORIENTED_EDGE('',*,*,#5025,.F.);
#5052 = ORIENTED_EDGE('',*,*,#5053,.T.);
#5053 = EDGE_CURVE('',#4963,#4873,#5054,.T.);
#5054 = SURFACE_CURVE('',#5055,(#5059,#5066),.PCURVE_S1.);
#5055 = LINE('',#5056,#5057);
#5056 = CARTESIAN_POINT('',(11.288670320179,23.3,-5.364032522475));
#5057 = VECTOR('',#5058,1.);
#5058 = DIRECTION('',(-1.,-0.,-0.));
#5059 = PCURVE('',#4486,#5060);
#5060 = DEFINITIONAL_REPRESENTATION('',(#5061),#5065);
#5061 = LINE('',#5062,#5063);
#5062 = CARTESIAN_POINT('',(5.774032522475,-41.28867032017));
#5063 = VECTOR('',#5064,1.);
#5064 = DIRECTION('',(0.,1.));
#5065 = ( GEOMETRIC_REPRESENTATION_CONTEXT(2) 
PARAMETRIC_REPRESENTATION_CONTEXT() REPRESENTATION_CONTEXT('2D SPACE',''
  ) );
#5066 = PCURVE('',#5067,#5072);
#5067 = CYLINDRICAL_SURFACE('',#5068,0.22);
#5068 = AXIS2_PLACEMENT_3D('',#5069,#5070,#5071);
#5069 = CARTESIAN_POINT('',(11.288670320179,23.08,-5.364032522475));
#5070 = DIRECTION('',(-1.,-0.,-0.));
#5071 = DIRECTION('',(0.,1.,0.));
#5072 = DEFINITIONAL_REPRESENTATION('',(#5073),#5077);
#5073 = LINE('',#5074,#5075);
#5074 = CARTESIAN_POINT('',(0.,0.));
#5075 = VECTOR('',#5076,1.);
#5076 = DIRECTION('',(0.,1.));
#5077 = ( GEOMETRIC_REPRESENTATION_CONTEXT(2) 
PARAMETRIC_REPRESENTATION_CONTEXT() REPRESENTATION_CONTEXT('2D SPACE',''
  ) );
#5078 = ADVANCED_FACE('',(#5079),#4545,.T.);
#5079 = FACE_BOUND('',#5080,.T.);
#5080 = EDGE_LOOP('',(#5081,#5113,#5141,#5171,#5172,#5173));
#5081 = ORIENTED_EDGE('',*,*,#5082,.F.);
#5082 = EDGE_CURVE('',#5083,#4525,#5085,.T.);
#5083 = VERTEX_POINT('',#5084);
#5084 = CARTESIAN_POINT('',(10.22,17.864978012746,-6.190162845446));
#5085 = SURFACE_CURVE('',#5086,(#5091,#5102),.PCURVE_S1.);
#5086 = ELLIPSE('',#5087,0.311126983722,0.22);
#5087 = AXIS2_PLACEMENT_3D('',#5088,#5089,#5090);
#5088 = CARTESIAN_POINT('',(10.22,17.855553612637,-5.970364800226));
#5089 = DIRECTION('',(-0.707106781187,0.706457673939,3.029116920942E-02)
  );
#5090 = DIRECTION('',(-0.707106781187,-0.706457673939,
    -3.029116920942E-02));
#5091 = PCURVE('',#4545,#5092);
#5092 = DEFINITIONAL_REPRESENTATION('',(#5093),#5101);
#5093 = B_SPLINE_CURVE_WITH_KNOTS('',6,(#5094,#5095,#5096,#5097,#5098,
    #5099,#5100),.UNSPECIFIED.,.F.,.F.,(7,7),(4.712388980385,
    6.28318530718),.PIECEWISE_BEZIER_KNOTS.);
#5094 = CARTESIAN_POINT('',(1.613647622071,0.22));
#5095 = CARTESIAN_POINT('',(1.351848234272,0.162404134684));
#5096 = CARTESIAN_POINT('',(1.090049855637,0.1048126005));
#5097 = CARTESIAN_POINT('',(0.828249679372,5.429878472524E-02));
#5098 = CARTESIAN_POINT('',(0.566448824567,1.809002427734E-02));
#5099 = CARTESIAN_POINT('',(0.304650683075,3.390517033797E-15));
#5100 = CARTESIAN_POINT('',(4.285129527615E-02,3.538835890993E-15));
#5101 = ( GEOMETRIC_REPRESENTATION_CONTEXT(2) 
PARAMETRIC_REPRESENTATION_CONTEXT() REPRESENTATION_CONTEXT('2D SPACE',''
  ) );
#5102 = PCURVE('',#4573,#5103);
#5103 = DEFINITIONAL_REPRESENTATION('',(#5104),#5112);
#5104 = B_SPLINE_CURVE_WITH_KNOTS('',6,(#5105,#5106,#5107,#5108,#5109,
    #5110,#5111),.UNSPECIFIED.,.F.,.F.,(7,7),(4.712388980385,
    6.28318530718),.PIECEWISE_BEZIER_KNOTS.);
#5105 = CARTESIAN_POINT('',(1.570796326795,4.439096972945));
#5106 = CARTESIAN_POINT('',(1.308996938996,4.496692838261));
#5107 = CARTESIAN_POINT('',(1.047198560361,4.554284372445));
#5108 = CARTESIAN_POINT('',(0.785398384096,4.60479818822));
#5109 = CARTESIAN_POINT('',(0.523597529291,4.641006948668));
#5110 = CARTESIAN_POINT('',(0.261799387799,4.659096972945));
#5111 = CARTESIAN_POINT('',(-8.104628079764E-15,4.659096972945));
#5112 = ( GEOMETRIC_REPRESENTATION_CONTEXT(2) 
PARAMETRIC_REPRESENTATION_CONTEXT() REPRESENTATION_CONTEXT('2D SPACE',''
  ) );
#5113 = ORIENTED_EDGE('',*,*,#5114,.T.);
#5114 = EDGE_CURVE('',#5083,#5115,#5117,.T.);
#5115 = VERTEX_POINT('',#5116);
#5116 = CARTESIAN_POINT('',(12.068040045733,17.864978012746,
    -6.190162845446));
#5117 = SURFACE_CURVE('',#5118,(#5122,#5129),.PCURVE_S1.);
#5118 = LINE('',#5119,#5120);
#5119 = CARTESIAN_POINT('',(10.,17.864978012746,-6.190162845446));
#5120 = VECTOR('',#5121,1.);
#5121 = DIRECTION('',(1.,0.,0.));
#5122 = PCURVE('',#4545,#5123);
#5123 = DEFINITIONAL_REPRESENTATION('',(#5124),#5128);
#5124 = LINE('',#5125,#5126);
#5125 = CARTESIAN_POINT('',(1.613647622071,0.));
#5126 = VECTOR('',#5127,1.);
#5127 = DIRECTION('',(0.,1.));
#5128 = ( GEOMETRIC_REPRESENTATION_CONTEXT(2) 
PARAMETRIC_REPRESENTATION_CONTEXT() REPRESENTATION_CONTEXT('2D SPACE',''
  ) );
#5129 = PCURVE('',#5130,#5135);
#5130 = PLANE('',#5131);
#5131 = AXIS2_PLACEMENT_3D('',#5132,#5133,#5134);
#5132 = CARTESIAN_POINT('',(-30.,22.3,-6.));
#5133 = DIRECTION('',(0.,4.28381823161E-02,-0.999082023728));
#5134 = DIRECTION('',(0.,-0.999082023728,-4.28381823161E-02));
#5135 = DEFINITIONAL_REPRESENTATION('',(#5136),#5140);
#5136 = LINE('',#5137,#5138);
#5137 = CARTESIAN_POINT('',(4.439096972945,-40.));
#5138 = VECTOR('',#5139,1.);
#5139 = DIRECTION('',(0.,-1.));
#5140 = ( GEOMETRIC_REPRESENTATION_CONTEXT(2) 
PARAMETRIC_REPRESENTATION_CONTEXT() REPRESENTATION_CONTEXT('2D SPACE',''
  ) );
#5141 = ORIENTED_EDGE('',*,*,#5142,.T.);
#5142 = EDGE_CURVE('',#5115,#4727,#5143,.T.);
#5143 = SURFACE_CURVE('',#5144,(#5149,#5160),.PCURVE_S1.);
#5144 = ELLIPSE('',#5145,0.319687654048,0.22);
#5145 = AXIS2_PLACEMENT_3D('',#5146,#5147,#5148);
#5146 = CARTESIAN_POINT('',(12.068040045733,17.855553612637,
    -5.970364800226));
#5147 = DIRECTION('',(-0.6881717114,-0.724881823232,-3.10811514608E-02)
  );
#5148 = DIRECTION('',(-0.725547858951,0.687539986098,2.948002523775E-02)
  );
#5149 = PCURVE('',#4545,#5150);
#5150 = DEFINITIONAL_REPRESENTATION('',(#5151),#5159);
#5151 = B_SPLINE_CURVE_WITH_KNOTS('',6,(#5152,#5153,#5154,#5155,#5156,
    #5157,#5158),.UNSPECIFIED.,.F.,.F.,(7,7),(1.570796326795,
    3.139327034202),.PIECEWISE_BEZIER_KNOTS.);
#5152 = CARTESIAN_POINT('',(1.613647622071,2.068040045733));
#5153 = CARTESIAN_POINT('',(1.352225837503,2.128676486967));
#5154 = CARTESIAN_POINT('',(1.090805171651,2.189308401317));
#5155 = CARTESIAN_POINT('',(0.829382405545,2.242510270055));
#5156 = CARTESIAN_POINT('',(0.567959206252,2.280695880064));
#5157 = CARTESIAN_POINT('',(0.306538699232,2.299850764382));
#5158 = CARTESIAN_POINT('',(4.511691466417E-02,2.299988143361));
#5159 = ( GEOMETRIC_REPRESENTATION_CONTEXT(2) 
PARAMETRIC_REPRESENTATION_CONTEXT() REPRESENTATION_CONTEXT('2D SPACE',''
  ) );
#5160 = PCURVE('',#4742,#5161);
#5161 = DEFINITIONAL_REPRESENTATION('',(#5162),#5170);
#5162 = B_SPLINE_CURVE_WITH_KNOTS('',6,(#5163,#5164,#5165,#5166,#5167,
    #5168,#5169),.UNSPECIFIED.,.F.,.F.,(7,7),(1.570796326795,
    3.139327034202),.PIECEWISE_BEZIER_KNOTS.);
#5163 = CARTESIAN_POINT('',(1.568530707407,0.241571027598));
#5164 = CARTESIAN_POINT('',(1.307108922839,0.180934586364));
#5165 = CARTESIAN_POINT('',(1.045688256987,0.120302672014));
#5166 = CARTESIAN_POINT('',(0.784265490881,6.710080327568E-02));
#5167 = CARTESIAN_POINT('',(0.522842291588,2.891519326712E-02));
#5168 = CARTESIAN_POINT('',(0.261421784568,9.760308948803E-03));
#5169 = CARTESIAN_POINT('',(0.,9.622929969453E-03));
#5170 = ( GEOMETRIC_REPRESENTATION_CONTEXT(2) 
PARAMETRIC_REPRESENTATION_CONTEXT() REPRESENTATION_CONTEXT('2D SPACE',''
  ) );
#5171 = ORIENTED_EDGE('',*,*,#4754,.T.);
#5172 = ORIENTED_EDGE('',*,*,#4846,.F.);
#5173 = ORIENTED_EDGE('',*,*,#4524,.F.);
#5174 = ADVANCED_FACE('',(#5175),#4573,.T.);
#5175 = FACE_BOUND('',#5176,.T.);
#5176 = EDGE_LOOP('',(#5177,#5204,#5225,#5226));
#5177 = ORIENTED_EDGE('',*,*,#5178,.T.);
#5178 = EDGE_CURVE('',#4558,#5179,#5181,.T.);
#5179 = VERTEX_POINT('',#5180);
#5180 = CARTESIAN_POINT('',(10.22,22.253060209762,-6.002012662869));
#5181 = SURFACE_CURVE('',#5182,(#5187,#5193),.PCURVE_S1.);
#5182 = CIRCLE('',#5183,0.22);
#5183 = AXIS2_PLACEMENT_3D('',#5184,#5185,#5186);
#5184 = CARTESIAN_POINT('',(10.22,22.243635809653,-5.782214617649));
#5185 = DIRECTION('',(0.,-0.999082023728,-4.28381823161E-02));
#5186 = DIRECTION('',(0.,4.28381823161E-02,-0.999082023728));
#5187 = PCURVE('',#4573,#5188);
#5188 = DEFINITIONAL_REPRESENTATION('',(#5189),#5192);
#5189 = B_SPLINE_CURVE_WITH_KNOTS('',1,(#5190,#5191),.UNSPECIFIED.,.F.,
  .F.,(2,2),(4.712388980385,6.28318530718),.PIECEWISE_BEZIER_KNOTS.);
#5190 = CARTESIAN_POINT('',(0.,4.698291944317E-02));
#5191 = CARTESIAN_POINT('',(1.570796326795,4.698291944317E-02));
#5192 = ( GEOMETRIC_REPRESENTATION_CONTEXT(2) 
PARAMETRIC_REPRESENTATION_CONTEXT() REPRESENTATION_CONTEXT('2D SPACE',''
  ) );
#5193 = PCURVE('',#5194,#5199);
#5194 = SPHERICAL_SURFACE('',#5195,0.22);
#5195 = AXIS2_PLACEMENT_3D('',#5196,#5197,#5198);
#5196 = CARTESIAN_POINT('',(10.22,22.243635809653,-5.782214617649));
#5197 = DIRECTION('',(1.,0.,0.));
#5198 = DIRECTION('',(0.,4.28381823161E-02,-0.999082023728));
#5199 = DEFINITIONAL_REPRESENTATION('',(#5200),#5203);
#5200 = B_SPLINE_CURVE_WITH_KNOTS('',1,(#5201,#5202),.UNSPECIFIED.,.F.,
  .F.,(2,2),(4.712388980385,6.28318530718),.PIECEWISE_BEZIER_KNOTS.);
#5201 = CARTESIAN_POINT('',(0.,-1.570796326795));
#5202 = CARTESIAN_POINT('',(0.,0.));
#5203 = ( GEOMETRIC_REPRESENTATION_CONTEXT(2) 
PARAMETRIC_REPRESENTATION_CONTEXT() REPRESENTATION_CONTEXT('2D SPACE',''
  ) );
#5204 = ORIENTED_EDGE('',*,*,#5205,.T.);
#5205 = EDGE_CURVE('',#5179,#5083,#5206,.T.);
#5206 = SURFACE_CURVE('',#5207,(#5211,#5218),.PCURVE_S1.);
#5207 = LINE('',#5208,#5209);
#5208 = CARTESIAN_POINT('',(10.22,22.3,-6.));
#5209 = VECTOR('',#5210,1.);
#5210 = DIRECTION('',(0.,-0.999082023728,-4.28381823161E-02));
#5211 = PCURVE('',#4573,#5212);
#5212 = DEFINITIONAL_REPRESENTATION('',(#5213),#5217);
#5213 = LINE('',#5214,#5215);
#5214 = CARTESIAN_POINT('',(1.570796326795,0.));
#5215 = VECTOR('',#5216,1.);
#5216 = DIRECTION('',(0.,1.));
#5217 = ( GEOMETRIC_REPRESENTATION_CONTEXT(2) 
PARAMETRIC_REPRESENTATION_CONTEXT() REPRESENTATION_CONTEXT('2D SPACE',''
  ) );
#5218 = PCURVE('',#5130,#5219);
#5219 = DEFINITIONAL_REPRESENTATION('',(#5220),#5224);
#5220 = LINE('',#5221,#5222);
#5221 = CARTESIAN_POINT('',(0.,-40.22));
#5222 = VECTOR('',#5223,1.);
#5223 = DIRECTION('',(1.,0.));
#5224 = ( GEOMETRIC_REPRESENTATION_CONTEXT(2) 
PARAMETRIC_REPRESENTATION_CONTEXT() REPRESENTATION_CONTEXT('2D SPACE',''
  ) );
#5225 = ORIENTED_EDGE('',*,*,#5082,.T.);
#5226 = ORIENTED_EDGE('',*,*,#4557,.F.);
#5227 = ADVANCED_FACE('',(#5228),#4601,.T.);
#5228 = FACE_BOUND('',#5229,.T.);
#5229 = EDGE_LOOP('',(#5230,#5253,#5281,#5301));
#5230 = ORIENTED_EDGE('',*,*,#5231,.T.);
#5231 = EDGE_CURVE('',#4586,#5232,#5234,.T.);
#5232 = VERTEX_POINT('',#5233);
#5233 = CARTESIAN_POINT('',(10.219999535031,22.647982431064,
    -5.826008784468));
#5234 = SURFACE_CURVE('',#5235,(#5239,#5247),.PCURVE_S1.);
#5235 = ( BOUNDED_CURVE() B_SPLINE_CURVE(2,(#5236,#5237,#5238),
.UNSPECIFIED.,.F.,.F.) B_SPLINE_CURVE_WITH_KNOTS((3,3),(0.,
1.138339350096),.PIECEWISE_BEZIER_KNOTS.) CURVE() 
GEOMETRIC_REPRESENTATION_ITEM() RATIONAL_B_SPLINE_CURVE((1.,
0.707106781187,1.)) REPRESENTATION_ITEM('') );
#5236 = CARTESIAN_POINT('',(10.,22.55,-5.629032522475));
#5237 = CARTESIAN_POINT('',(10.,22.64838699101,-5.825806504495));
#5238 = CARTESIAN_POINT('',(10.219999535031,22.647982431064,
    -5.826008784468));
#5239 = PCURVE('',#4601,#5240);
#5240 = DEFINITIONAL_REPRESENTATION('',(#5241),#5246);
#5241 = B_SPLINE_CURVE_WITH_KNOTS('',3,(#5242,#5243,#5244,#5245),
  .UNSPECIFIED.,.F.,.F.,(4,4),(0.,1.138339350096),
  .PIECEWISE_BEZIER_KNOTS.);
#5242 = CARTESIAN_POINT('',(0.,-0.11));
#5243 = CARTESIAN_POINT('',(0.471404520791,-0.11));
#5244 = CARTESIAN_POINT('',(1.099391806004,-0.11));
#5245 = CARTESIAN_POINT('',(1.570796326795,-0.11));
#5246 = ( GEOMETRIC_REPRESENTATION_CONTEXT(2) 
PARAMETRIC_REPRESENTATION_CONTEXT() REPRESENTATION_CONTEXT('2D SPACE',''
  ) );
#5247 = PCURVE('',#4921,#5248);
#5248 = DEFINITIONAL_REPRESENTATION('',(#5249),#5252);
#5249 = B_SPLINE_CURVE_WITH_KNOTS('',1,(#5250,#5251),.UNSPECIFIED.,.F.,
  .F.,(2,2),(0.,1.138339350096),.PIECEWISE_BEZIER_KNOTS.);
#5250 = CARTESIAN_POINT('',(0.,3.205458618477));
#5251 = CARTESIAN_POINT('',(1.138339350096,3.205458618477));
#5252 = ( GEOMETRIC_REPRESENTATION_CONTEXT(2) 
PARAMETRIC_REPRESENTATION_CONTEXT() REPRESENTATION_CONTEXT('2D SPACE',''
  ) );
#5253 = ORIENTED_EDGE('',*,*,#5254,.T.);
#5254 = EDGE_CURVE('',#5232,#5255,#5257,.T.);
#5255 = VERTEX_POINT('',#5256);
#5256 = CARTESIAN_POINT('',(10.22,22.342022800663,-5.978988599669));
#5257 = SURFACE_CURVE('',#5258,(#5262,#5269),.PCURVE_S1.);
#5258 = LINE('',#5259,#5260);
#5259 = CARTESIAN_POINT('',(10.22,22.55,-5.875));
#5260 = VECTOR('',#5261,1.);
#5261 = DIRECTION('',(0.,-0.894427191,-0.4472135955));
#5262 = PCURVE('',#4601,#5263);
#5263 = DEFINITIONAL_REPRESENTATION('',(#5264),#5268);
#5264 = LINE('',#5265,#5266);
#5265 = CARTESIAN_POINT('',(1.570796326795,0.));
#5266 = VECTOR('',#5267,1.);
#5267 = DIRECTION('',(0.,1.));
#5268 = ( GEOMETRIC_REPRESENTATION_CONTEXT(2) 
PARAMETRIC_REPRESENTATION_CONTEXT() REPRESENTATION_CONTEXT('2D SPACE',''
  ) );
#5269 = PCURVE('',#5270,#5275);
#5270 = PLANE('',#5271);
#5271 = AXIS2_PLACEMENT_3D('',#5272,#5273,#5274);
#5272 = CARTESIAN_POINT('',(-30.,23.3,-5.5));
#5273 = DIRECTION('',(0.,0.4472135955,-0.894427191));
#5274 = DIRECTION('',(0.,-0.894427191,-0.4472135955));
#5275 = DEFINITIONAL_REPRESENTATION('',(#5276),#5280);
#5276 = LINE('',#5277,#5278);
#5277 = CARTESIAN_POINT('',(0.838525491562,-40.22));
#5278 = VECTOR('',#5279,1.);
#5279 = DIRECTION('',(1.,0.));
#5280 = ( GEOMETRIC_REPRESENTATION_CONTEXT(2) 
PARAMETRIC_REPRESENTATION_CONTEXT() REPRESENTATION_CONTEXT('2D SPACE',''
  ) );
#5281 = ORIENTED_EDGE('',*,*,#5282,.F.);
#5282 = EDGE_CURVE('',#4558,#5255,#5283,.T.);
#5283 = SURFACE_CURVE('',#5284,(#5289,#5295),.PCURVE_S1.);
#5284 = CIRCLE('',#5285,0.22);
#5285 = AXIS2_PLACEMENT_3D('',#5286,#5287,#5288);
#5286 = CARTESIAN_POINT('',(10.22,22.243635809653,-5.782214617649));
#5287 = DIRECTION('',(0.,-0.894427191,-0.4472135955));
#5288 = DIRECTION('',(0.,0.4472135955,-0.894427191));
#5289 = PCURVE('',#4601,#5290);
#5290 = DEFINITIONAL_REPRESENTATION('',(#5291),#5294);
#5291 = B_SPLINE_CURVE_WITH_KNOTS('',1,(#5292,#5293),.UNSPECIFIED.,.F.,
  .F.,(2,2),(4.712388980385,6.28318530718),.PIECEWISE_BEZIER_KNOTS.);
#5292 = CARTESIAN_POINT('',(0.,0.232525577744));
#5293 = CARTESIAN_POINT('',(1.570796326795,0.232525577744));
#5294 = ( GEOMETRIC_REPRESENTATION_CONTEXT(2) 
PARAMETRIC_REPRESENTATION_CONTEXT() REPRESENTATION_CONTEXT('2D SPACE',''
  ) );
#5295 = PCURVE('',#5194,#5296);
#5296 = DEFINITIONAL_REPRESENTATION('',(#5297),#5300);
#5297 = B_SPLINE_CURVE_WITH_KNOTS('',1,(#5298,#5299),.UNSPECIFIED.,.F.,
  .F.,(2,2),(4.712388980385,6.28318530718),.PIECEWISE_BEZIER_KNOTS.);
#5298 = CARTESIAN_POINT('',(0.420796313725,-1.570796326795));
#5299 = CARTESIAN_POINT('',(0.420796313725,0.));
#5300 = ( GEOMETRIC_REPRESENTATION_CONTEXT(2) 
PARAMETRIC_REPRESENTATION_CONTEXT() REPRESENTATION_CONTEXT('2D SPACE',''
  ) );
#5301 = ORIENTED_EDGE('',*,*,#4585,.F.);
#5302 = ADVANCED_FACE('',(#5303),#4660,.F.);
#5303 = FACE_BOUND('',#5304,.T.);
#5304 = EDGE_LOOP('',(#5305,#5306,#5327,#5328));
#5305 = ORIENTED_EDGE('',*,*,#4639,.T.);
#5306 = ORIENTED_EDGE('',*,*,#5307,.T.);
#5307 = EDGE_CURVE('',#4640,#4808,#5308,.T.);
#5308 = SEAM_CURVE('',#5309,(#5313,#5320),.PCURVE_S1.);
#5309 = LINE('',#5310,#5311);
#5310 = CARTESIAN_POINT('',(-15.,21.875,-4.3));
#5311 = VECTOR('',#5312,1.);
#5312 = DIRECTION('',(1.,0.,0.));
#5313 = PCURVE('',#4660,#5314);
#5314 = DEFINITIONAL_REPRESENTATION('',(#5315),#5319);
#5315 = LINE('',#5316,#5317);
#5316 = CARTESIAN_POINT('',(-6.28318530718,0.));
#5317 = VECTOR('',#5318,1.);
#5318 = DIRECTION('',(-0.,-1.));
#5319 = ( GEOMETRIC_REPRESENTATION_CONTEXT(2) 
PARAMETRIC_REPRESENTATION_CONTEXT() REPRESENTATION_CONTEXT('2D SPACE',''
  ) );
#5320 = PCURVE('',#4660,#5321);
#5321 = DEFINITIONAL_REPRESENTATION('',(#5322),#5326);
#5322 = LINE('',#5323,#5324);
#5323 = CARTESIAN_POINT('',(-0.,0.));
#5324 = VECTOR('',#5325,1.);
#5325 = DIRECTION('',(-0.,-1.));
#5326 = ( GEOMETRIC_REPRESENTATION_CONTEXT(2) 
PARAMETRIC_REPRESENTATION_CONTEXT() REPRESENTATION_CONTEXT('2D SPACE',''
  ) );
#5327 = ORIENTED_EDGE('',*,*,#4807,.F.);
#5328 = ORIENTED_EDGE('',*,*,#5307,.F.);
#5329 = ADVANCED_FACE('',(#5330),#4714,.T.);
#5330 = FACE_BOUND('',#5331,.T.);
#5331 = EDGE_LOOP('',(#5332,#5333,#5382,#5405));
#5332 = ORIENTED_EDGE('',*,*,#4698,.F.);
#5333 = ORIENTED_EDGE('',*,*,#5334,.F.);
#5334 = EDGE_CURVE('',#5335,#4699,#5337,.T.);
#5335 = VERTEX_POINT('',#5336);
#5336 = CARTESIAN_POINT('',(11.835638753695,22.342022800663,
    -5.978988599669));
#5337 = SURFACE_CURVE('',#5338,(#5343,#5350),.PCURVE_S1.);
#5338 = CIRCLE('',#5339,0.22);
#5339 = AXIS2_PLACEMENT_3D('',#5340,#5341,#5342);
#5340 = CARTESIAN_POINT('',(11.835638753695,22.243635809653,
    -5.782214617649));
#5341 = DIRECTION('',(4.731752834856E-02,-0.89342534171,-0.446712670855)
  );
#5342 = DIRECTION('',(0.,0.4472135955,-0.894427191));
#5343 = PCURVE('',#4714,#5344);
#5344 = DEFINITIONAL_REPRESENTATION('',(#5345),#5349);
#5345 = LINE('',#5346,#5347);
#5346 = CARTESIAN_POINT('',(1.547141975368,5.721348924844E-02));
#5347 = VECTOR('',#5348,1.);
#5348 = DIRECTION('',(-1.,3.892958761692E-15));
#5349 = ( GEOMETRIC_REPRESENTATION_CONTEXT(2) 
PARAMETRIC_REPRESENTATION_CONTEXT() REPRESENTATION_CONTEXT('2D SPACE',''
  ) );
#5350 = PCURVE('',#5351,#5356);
#5351 = SPHERICAL_SURFACE('',#5352,0.22);
#5352 = AXIS2_PLACEMENT_3D('',#5353,#5354,#5355);
#5353 = CARTESIAN_POINT('',(11.835638753695,22.243635809653,
    -5.782214617649));
#5354 = DIRECTION('',(-2.422304781E-14,-4.283818231608E-02,
    0.999082023728));
#5355 = DIRECTION('',(-5.412632831839E-14,0.999082023728,
    4.283818231608E-02));
#5356 = DEFINITIONAL_REPRESENTATION('',(#5357),#5381);
#5357 = B_SPLINE_CURVE_WITH_KNOTS('',8,(#5358,#5359,#5360,#5361,#5362,
    #5363,#5364,#5365,#5366,#5367,#5368,#5369,#5370,#5371,#5372,#5373,
    #5374,#5375,#5376,#5377,#5378,#5379,#5380),.UNSPECIFIED.,.F.,.F.,(9,
    7,7,9),(0.,0.386785493842,0.966963734605,1.547141975368),
  .UNSPECIFIED.);
#5358 = CARTESIAN_POINT('',(0.,-1.15000001307));
#5359 = CARTESIAN_POINT('',(-0.118226482452,-1.147712296374));
#5360 = CARTESIAN_POINT('',(-0.235072026664,-1.139471404042));
#5361 = CARTESIAN_POINT('',(-0.346379931398,-1.1253876766));
#5362 = CARTESIAN_POINT('',(-0.448326174524,-1.106116387232));
#5363 = CARTESIAN_POINT('',(-0.540007917179,-1.082568474174));
#5364 = CARTESIAN_POINT('',(-0.622310792284,-1.055588756403));
#5365 = CARTESIAN_POINT('',(-0.696041432141,-1.025784580513));
#5366 = CARTESIAN_POINT('',(-0.861717076406,-0.945542745797));
#5367 = CARTESIAN_POINT('',(-0.94431798763,-0.892233592982));
#5368 = CARTESIAN_POINT('',(-1.013702509083,-0.835507679213));
#5369 = CARTESIAN_POINT('',(-1.073752366558,-0.776423286668));
#5370 = CARTESIAN_POINT('',(-1.126499490686,-0.715578260626));
#5371 = CARTESIAN_POINT('',(-1.173756655178,-0.653425512126));
#5372 = CARTESIAN_POINT('',(-1.21669547634,-0.590263355644));
#5373 = CARTESIAN_POINT('',(-1.295854968935,-0.462384246304));
#5374 = CARTESIAN_POINT('',(-1.332075100521,-0.397667425127));
#5375 = CARTESIAN_POINT('',(-1.365874902174,-0.332400933053));
#5376 = CARTESIAN_POINT('',(-1.397924008289,-0.266740719919));
#5377 = CARTESIAN_POINT('',(-1.428734001035,-0.200802616949));
#5378 = CARTESIAN_POINT('',(-1.458738380581,-0.134684079877));
#5379 = CARTESIAN_POINT('',(-1.488340907403,-6.847614803381E-02));
#5380 = CARTESIAN_POINT('',(-1.517932316653,-2.265619388034E-03));
#5381 = ( GEOMETRIC_REPRESENTATION_CONTEXT(2) 
PARAMETRIC_REPRESENTATION_CONTEXT() REPRESENTATION_CONTEXT('2D SPACE',''
  ) );
#5382 = ORIENTED_EDGE('',*,*,#5383,.T.);
#5383 = EDGE_CURVE('',#5335,#5384,#5386,.T.);
#5384 = VERTEX_POINT('',#5385);
#5385 = CARTESIAN_POINT('',(11.817928564331,22.676417527869,
    -5.811791236066));
#5386 = SURFACE_CURVE('',#5387,(#5391,#5398),.PCURVE_S1.);
#5387 = LINE('',#5388,#5389);
#5388 = CARTESIAN_POINT('',(11.838345954594,22.29090681948,
    -6.00454659026));
#5389 = VECTOR('',#5390,1.);
#5390 = DIRECTION('',(-4.731752834854E-02,0.89342534171,0.446712670855)
  );
#5391 = PCURVE('',#4714,#5392);
#5392 = DEFINITIONAL_REPRESENTATION('',(#5393),#5397);
#5393 = LINE('',#5394,#5395);
#5394 = CARTESIAN_POINT('',(1.547141975368,0.));
#5395 = VECTOR('',#5396,1.);
#5396 = DIRECTION('',(0.,1.));
#5397 = ( GEOMETRIC_REPRESENTATION_CONTEXT(2) 
PARAMETRIC_REPRESENTATION_CONTEXT() REPRESENTATION_CONTEXT('2D SPACE',''
  ) );
#5398 = PCURVE('',#5270,#5399);
#5399 = DEFINITIONAL_REPRESENTATION('',(#5400),#5404);
#5400 = LINE('',#5401,#5402);
#5401 = CARTESIAN_POINT('',(1.128200473637,-41.83834595459));
#5402 = VECTOR('',#5403,1.);
#5403 = DIRECTION('',(-0.998879898442,4.731752834854E-02));
#5404 = ( GEOMETRIC_REPRESENTATION_CONTEXT(2) 
PARAMETRIC_REPRESENTATION_CONTEXT() REPRESENTATION_CONTEXT('2D SPACE',''
  ) );
#5405 = ORIENTED_EDGE('',*,*,#5406,.F.);
#5406 = EDGE_CURVE('',#4676,#5384,#5407,.T.);
#5407 = SURFACE_CURVE('',#5408,(#5413,#5419),.PCURVE_S1.);
#5408 = CIRCLE('',#5409,0.22);
#5409 = AXIS2_PLACEMENT_3D('',#5410,#5411,#5412);
#5410 = CARTESIAN_POINT('',(11.817928564331,22.578030536859,
    -5.615017254046));
#5411 = DIRECTION('',(-4.731752834854E-02,0.89342534171,0.446712670855)
  );
#5412 = DIRECTION('',(0.998600460665,5.288780539399E-02,
    -3.469446951954E-18));
#5413 = PCURVE('',#4714,#5414);
#5414 = DEFINITIONAL_REPRESENTATION('',(#5415),#5418);
#5415 = B_SPLINE_CURVE_WITH_KNOTS('',1,(#5416,#5417),.UNSPECIFIED.,.F.,
  .F.,(2,2),(0.,1.547141975368),.PIECEWISE_BEZIER_KNOTS.);
#5416 = CARTESIAN_POINT('',(0.,0.431497395911));
#5417 = CARTESIAN_POINT('',(1.547141975368,0.431497395911));
#5418 = ( GEOMETRIC_REPRESENTATION_CONTEXT(2) 
PARAMETRIC_REPRESENTATION_CONTEXT() REPRESENTATION_CONTEXT('2D SPACE',''
  ) );
#5419 = PCURVE('',#4990,#5420);
#5420 = DEFINITIONAL_REPRESENTATION('',(#5421),#5428);
#5421 = B_SPLINE_CURVE_WITH_KNOTS('',5,(#5422,#5423,#5424,#5425,#5426,
    #5427),.UNSPECIFIED.,.F.,.F.,(6,6),(0.,1.547141975368),
  .PIECEWISE_BEZIER_KNOTS.);
#5422 = CARTESIAN_POINT('',(1.110223024625E-16,0.431725513272));
#5423 = CARTESIAN_POINT('',(0.242851064532,0.431725513272));
#5424 = CARTESIAN_POINT('',(0.447583545083,0.431725513272));
#5425 = CARTESIAN_POINT('',(0.649141161748,0.431725513272));
#5426 = CARTESIAN_POINT('',(0.853872370398,0.431725513272));
#5427 = CARTESIAN_POINT('',(1.09672343493,0.431725513272));
#5428 = ( GEOMETRIC_REPRESENTATION_CONTEXT(2) 
PARAMETRIC_REPRESENTATION_CONTEXT() REPRESENTATION_CONTEXT('2D SPACE',''
  ) );
#5429 = ADVANCED_FACE('',(#5430),#4742,.T.);
#5430 = FACE_BOUND('',#5431,.T.);
#5431 = EDGE_LOOP('',(#5432,#5433,#5456,#5476));
#5432 = ORIENTED_EDGE('',*,*,#5142,.F.);
#5433 = ORIENTED_EDGE('',*,*,#5434,.T.);
#5434 = EDGE_CURVE('',#5115,#5435,#5437,.T.);
#5435 = VERTEX_POINT('',#5436);
#5436 = CARTESIAN_POINT('',(11.835638753695,22.253060209762,
    -6.002012662869));
#5437 = SURFACE_CURVE('',#5438,(#5442,#5449),.PCURVE_S1.);
#5438 = LINE('',#5439,#5440);
#5439 = CARTESIAN_POINT('',(12.080804511777,17.623965900858,
    -6.200496852609));
#5440 = VECTOR('',#5441,1.);
#5441 = DIRECTION('',(-5.283939125661E-02,0.997686329713,
    4.277833838614E-02));
#5442 = PCURVE('',#4742,#5443);
#5443 = DEFINITIONAL_REPRESENTATION('',(#5444),#5448);
#5444 = LINE('',#5445,#5446);
#5445 = CARTESIAN_POINT('',(1.568530707407,0.));
#5446 = VECTOR('',#5447,1.);
#5447 = DIRECTION('',(0.,1.));
#5448 = ( GEOMETRIC_REPRESENTATION_CONTEXT(2) 
PARAMETRIC_REPRESENTATION_CONTEXT() REPRESENTATION_CONTEXT('2D SPACE',''
  ) );
#5449 = PCURVE('',#5130,#5450);
#5450 = DEFINITIONAL_REPRESENTATION('',(#5451),#5455);
#5451 = LINE('',#5452,#5453);
#5452 = CARTESIAN_POINT('',(4.680330531517,-42.08080451177));
#5453 = VECTOR('',#5454,1.);
#5454 = DIRECTION('',(-0.998603023594,5.283939125661E-02));
#5455 = ( GEOMETRIC_REPRESENTATION_CONTEXT(2) 
PARAMETRIC_REPRESENTATION_CONTEXT() REPRESENTATION_CONTEXT('2D SPACE',''
  ) );
#5456 = ORIENTED_EDGE('',*,*,#5457,.T.);
#5457 = EDGE_CURVE('',#5435,#4699,#5458,.T.);
#5458 = SURFACE_CURVE('',#5459,(#5464,#5470),.PCURVE_S1.);
#5459 = CIRCLE('',#5460,0.22);
#5460 = AXIS2_PLACEMENT_3D('',#5461,#5462,#5463);
#5461 = CARTESIAN_POINT('',(11.835638753695,22.243635809653,
    -5.782214617649));
#5462 = DIRECTION('',(5.283939125661E-02,-0.997686329713,
    -4.277833838612E-02));
#5463 = DIRECTION('',(0.998603023594,5.279088594919E-02,
    2.263543476145E-03));
#5464 = PCURVE('',#4742,#5465);
#5465 = DEFINITIONAL_REPRESENTATION('',(#5466),#5469);
#5466 = B_SPLINE_CURVE_WITH_KNOTS('',1,(#5467,#5468),.UNSPECIFIED.,.F.,
  .F.,(2,2),(4.712388980385,6.280919687792),.PIECEWISE_BEZIER_KNOTS.);
#5467 = CARTESIAN_POINT('',(1.568530707407,4.639829344194));
#5468 = CARTESIAN_POINT('',(2.04281036531E-14,4.639829344194));
#5469 = ( GEOMETRIC_REPRESENTATION_CONTEXT(2) 
PARAMETRIC_REPRESENTATION_CONTEXT() REPRESENTATION_CONTEXT('2D SPACE',''
  ) );
#5470 = PCURVE('',#5351,#5471);
#5471 = DEFINITIONAL_REPRESENTATION('',(#5472),#5475);
#5472 = B_SPLINE_CURVE_WITH_KNOTS('',1,(#5473,#5474),.UNSPECIFIED.,.F.,
  .F.,(2,2),(4.712388980385,6.280919687792),.PIECEWISE_BEZIER_KNOTS.);
#5473 = CARTESIAN_POINT('',(-1.517932316653,-1.570796326795));
#5474 = CARTESIAN_POINT('',(-1.517932316653,-2.265619388035E-03));
#5475 = ( GEOMETRIC_REPRESENTATION_CONTEXT(2) 
PARAMETRIC_REPRESENTATION_CONTEXT() REPRESENTATION_CONTEXT('2D SPACE',''
  ) );
#5476 = ORIENTED_EDGE('',*,*,#4726,.F.);
#5477 = ADVANCED_FACE('',(#5478),#4921,.T.);
#5478 = FACE_BOUND('',#5479,.T.);
#5479 = EDGE_LOOP('',(#5480,#5534,#5567,#5568));
#5480 = ORIENTED_EDGE('',*,*,#5481,.T.);
#5481 = EDGE_CURVE('',#4873,#5482,#5484,.T.);
#5482 = VERTEX_POINT('',#5483);
#5483 = CARTESIAN_POINT('',(10.75,23.17838699101,-5.560806504495));
#5484 = SURFACE_CURVE('',#5485,(#5490,#5528),.PCURVE_S1.);
#5485 = CIRCLE('',#5486,0.22);
#5486 = AXIS2_PLACEMENT_3D('',#5487,#5488,#5489);
#5487 = CARTESIAN_POINT('',(10.75,23.08,-5.364032522475));
#5488 = DIRECTION('',(-1.,0.,0.));
#5489 = DIRECTION('',(0.,1.,0.));
#5490 = PCURVE('',#4921,#5491);
#5491 = DEFINITIONAL_REPRESENTATION('',(#5492),#5527);
#5492 = B_SPLINE_CURVE_WITH_KNOTS('',9,(#5493,#5494,#5495,#5496,#5497,
    #5498,#5499,#5500,#5501,#5502,#5503,#5504,#5505,#5506,#5507,#5508,
    #5509,#5510,#5511,#5512,#5513,#5514,#5515,#5516,#5517,#5518,#5519,
    #5520,#5521,#5522,#5523,#5524,#5525,#5526),.UNSPECIFIED.,.F.,.F.,(10
    ,8,8,8,10),(0.,0.276787179449,0.553574358897,0.830361538346,
    1.107148717794),.UNSPECIFIED.);
#5493 = CARTESIAN_POINT('',(-2.775557561563E-17,2.067119268381));
#5494 = CARTESIAN_POINT('',(3.329519287047E-02,2.067119268381));
#5495 = CARTESIAN_POINT('',(6.626379546793E-02,2.067119268381));
#5496 = CARTESIAN_POINT('',(9.893353128438E-02,2.067119268381));
#5497 = CARTESIAN_POINT('',(0.131324558947,2.067119268381));
#5498 = CARTESIAN_POINT('',(0.163485427818,2.067119268381));
#5499 = CARTESIAN_POINT('',(0.195405384721,2.067119268381));
#5500 = CARTESIAN_POINT('',(0.227142436975,2.067119268381));
#5501 = CARTESIAN_POINT('',(0.258699607404,2.067119268381));
#5502 = CARTESIAN_POINT('',(0.321512262903,2.067119268381));
#5503 = CARTESIAN_POINT('',(0.352767181404,2.067119268381));
#5504 = CARTESIAN_POINT('',(0.383892553303,2.067119268381));
#5505 = CARTESIAN_POINT('',(0.414915153125,2.067119268381));
#5506 = CARTESIAN_POINT('',(0.445851221972,2.067119268381));
#5507 = CARTESIAN_POINT('',(0.476721183729,2.067119268381));
#5508 = CARTESIAN_POINT('',(0.507551369705,2.067119268381));
#5509 = CARTESIAN_POINT('',(0.538360511544,2.067119268381));
#5510 = CARTESIAN_POINT('',(0.599978838552,2.067119268381));
#5511 = CARTESIAN_POINT('',(0.630787980391,2.067119268381));
#5512 = CARTESIAN_POINT('',(0.661618166367,2.067119268381));
#5513 = CARTESIAN_POINT('',(0.692488128124,2.067119268381));
#5514 = CARTESIAN_POINT('',(0.723424196971,2.067119268381));
#5515 = CARTESIAN_POINT('',(0.754446796792,2.067119268381));
#5516 = CARTESIAN_POINT('',(0.785572168692,2.067119268381));
#5517 = CARTESIAN_POINT('',(0.816827087193,2.067119268381));
#5518 = CARTESIAN_POINT('',(0.879639742692,2.067119268381));
#5519 = CARTESIAN_POINT('',(0.911196913121,2.067119268381));
#5520 = CARTESIAN_POINT('',(0.942933965375,2.067119268381));
#5521 = CARTESIAN_POINT('',(0.974853922278,2.067119268381));
#5522 = CARTESIAN_POINT('',(1.007014791149,2.067119268381));
#5523 = CARTESIAN_POINT('',(1.039405818811,2.067119268381));
#5524 = CARTESIAN_POINT('',(1.072075554628,2.067119268381));
#5525 = CARTESIAN_POINT('',(1.105044157225,2.067119268381));
#5526 = CARTESIAN_POINT('',(1.138339350096,2.067119268381));
#5527 = ( GEOMETRIC_REPRESENTATION_CONTEXT(2) 
PARAMETRIC_REPRESENTATION_CONTEXT() REPRESENTATION_CONTEXT('2D SPACE',''
  ) );
#5528 = PCURVE('',#5067,#5529);
#5529 = DEFINITIONAL_REPRESENTATION('',(#5530),#5533);
#5530 = B_SPLINE_CURVE_WITH_KNOTS('',1,(#5531,#5532),.UNSPECIFIED.,.F.,
  .F.,(2,2),(0.,1.107148717794),.PIECEWISE_BEZIER_KNOTS.);
#5531 = CARTESIAN_POINT('',(0.,0.538670320179));
#5532 = CARTESIAN_POINT('',(1.107148717794,0.538670320179));
#5533 = ( GEOMETRIC_REPRESENTATION_CONTEXT(2) 
PARAMETRIC_REPRESENTATION_CONTEXT() REPRESENTATION_CONTEXT('2D SPACE',''
  ) );
#5534 = ORIENTED_EDGE('',*,*,#5535,.T.);
#5535 = EDGE_CURVE('',#5482,#5232,#5536,.T.);
#5536 = SURFACE_CURVE('',#5537,(#5547,#5554),.PCURVE_S1.);
#5537 = ( BOUNDED_CURVE() B_SPLINE_CURVE(8,(#5538,#5539,#5540,#5541,
    #5542,#5543,#5544,#5545,#5546),.UNSPECIFIED.,.F.,.F.) 
B_SPLINE_CURVE_WITH_KNOTS((9,9),(2.067119268381,3.205458618477),
.PIECEWISE_BEZIER_KNOTS.) CURVE() GEOMETRIC_REPRESENTATION_ITEM() 
RATIONAL_B_SPLINE_CURVE((1.,1.,1.,1.,1.,1.,1.,1.,1.)) 
REPRESENTATION_ITEM('') );
#5538 = CARTESIAN_POINT('',(10.75,23.17838699101,-5.560806504495));
#5539 = CARTESIAN_POINT('',(10.642420440502,23.17838699101,
    -5.560806504495));
#5540 = CARTESIAN_POINT('',(10.526956186885,23.153552991812,
    -5.573223504094));
#5541 = CARTESIAN_POINT('',(10.414726840289,23.0977132273,-5.60114338635
    ));
#5542 = CARTESIAN_POINT('',(10.323965099724,23.013079962888,
    -5.643460018556));
#5543 = CARTESIAN_POINT('',(10.267441656995,22.91590452464,
    -5.69204773768));
#5544 = CARTESIAN_POINT('',(10.236552453842,22.825703527071,
    -5.737148236464));
#5545 = CARTESIAN_POINT('',(10.219899613367,22.738274956216,
    -5.780862521892));
#5546 = CARTESIAN_POINT('',(10.219999535031,22.647982431064,
    -5.826008784468));
#5547 = PCURVE('',#4921,#5548);
#5548 = DEFINITIONAL_REPRESENTATION('',(#5549),#5553);
#5549 = LINE('',#5550,#5551);
#5550 = CARTESIAN_POINT('',(1.138339350096,0.));
#5551 = VECTOR('',#5552,1.);
#5552 = DIRECTION('',(0.,1.));
#5553 = ( GEOMETRIC_REPRESENTATION_CONTEXT(2) 
PARAMETRIC_REPRESENTATION_CONTEXT() REPRESENTATION_CONTEXT('2D SPACE',''
  ) );
#5554 = PCURVE('',#5270,#5555);
#5555 = DEFINITIONAL_REPRESENTATION('',(#5556),#5566);
#5556 = B_SPLINE_CURVE_WITH_KNOTS('',8,(#5557,#5558,#5559,#5560,#5561,
    #5562,#5563,#5564,#5565),.UNSPECIFIED.,.F.,.F.,(9,9),(2.067119268381
    ,3.205458618477),.PIECEWISE_BEZIER_KNOTS.);
#5557 = CARTESIAN_POINT('',(0.135967477525,-40.75));
#5558 = CARTESIAN_POINT('',(0.135967477525,-40.6424204405));
#5559 = CARTESIAN_POINT('',(0.163732732705,-40.52695618688));
#5560 = CARTESIAN_POINT('',(0.226163487353,-40.41472684028));
#5561 = CARTESIAN_POINT('',(0.320786353545,-40.32396509972));
#5562 = CARTESIAN_POINT('',(0.429431796378,-40.26744165699));
#5563 = CARTESIAN_POINT('',(0.530279577478,-40.23655245384));
#5564 = CARTESIAN_POINT('',(0.628027691283,-40.21989961336));
#5565 = CARTESIAN_POINT('',(0.728977803333,-40.21999953503));
#5566 = ( GEOMETRIC_REPRESENTATION_CONTEXT(2) 
PARAMETRIC_REPRESENTATION_CONTEXT() REPRESENTATION_CONTEXT('2D SPACE',''
  ) );
#5567 = ORIENTED_EDGE('',*,*,#5231,.F.);
#5568 = ORIENTED_EDGE('',*,*,#4895,.F.);
#5569 = ADVANCED_FACE('',(#5570),#4990,.T.);
#5570 = FACE_BOUND('',#5571,.T.);
#5571 = EDGE_LOOP('',(#5572,#5573,#5608,#5633));
#5572 = ORIENTED_EDGE('',*,*,#5406,.T.);
#5573 = ORIENTED_EDGE('',*,*,#5574,.T.);
#5574 = EDGE_CURVE('',#5384,#5575,#5577,.T.);
#5575 = VERTEX_POINT('',#5576);
#5576 = CARTESIAN_POINT('',(11.288670320179,23.17838699101,
    -5.560806504495));
#5577 = SURFACE_CURVE('',#5578,(#5588,#5595),.PCURVE_S1.);
#5578 = ( BOUNDED_CURVE() B_SPLINE_CURVE(8,(#5579,#5580,#5581,#5582,
    #5583,#5584,#5585,#5586,#5587),.UNSPECIFIED.,.F.,.F.) 
B_SPLINE_CURVE_WITH_KNOTS((9,9),(0.431725513272,1.528448948202),
.PIECEWISE_BEZIER_KNOTS.) CURVE() GEOMETRIC_REPRESENTATION_ITEM() 
RATIONAL_B_SPLINE_CURVE((1.,1.,1.,1.,1.,1.,1.,1.,1.)) 
REPRESENTATION_ITEM('') );
#5579 = CARTESIAN_POINT('',(11.817948286068,22.676052332618,
    -5.811973833691));
#5580 = CARTESIAN_POINT('',(11.813393965969,22.763702630144,
    -5.768148684928));
#5581 = CARTESIAN_POINT('',(11.793174616493,22.84778713054,
    -5.72610643473));
#5582 = CARTESIAN_POINT('',(11.759284720168,22.933538441105,
    -5.683230779448));
#5583 = CARTESIAN_POINT('',(11.70148792331,23.024559035259,
    -5.637720482371));
#5584 = CARTESIAN_POINT('',(11.612493872401,23.103171404308,
    -5.598414297846));
#5585 = CARTESIAN_POINT('',(11.504195953171,23.155147393682,
    -5.572426303159));
#5586 = CARTESIAN_POINT('',(11.392759803008,23.17838699101,
    -5.560806504495));
#5587 = CARTESIAN_POINT('',(11.288670320179,23.17838699101,
    -5.560806504495));
#5588 = PCURVE('',#4990,#5589);
#5589 = DEFINITIONAL_REPRESENTATION('',(#5590),#5594);
#5590 = LINE('',#5591,#5592);
#5591 = CARTESIAN_POINT('',(1.09672343493,0.));
#5592 = VECTOR('',#5593,1.);
#5593 = DIRECTION('',(0.,1.));
#5594 = ( GEOMETRIC_REPRESENTATION_CONTEXT(2) 
PARAMETRIC_REPRESENTATION_CONTEXT() REPRESENTATION_CONTEXT('2D SPACE',''
  ) );
#5595 = PCURVE('',#5270,#5596);
#5596 = DEFINITIONAL_REPRESENTATION('',(#5597),#5607);
#5597 = B_SPLINE_CURVE_WITH_KNOTS('',8,(#5598,#5599,#5600,#5601,#5602,
    #5603,#5604,#5605,#5606),.UNSPECIFIED.,.F.,.F.,(9,9),(0.431725513272
    ,1.528448948202),.PIECEWISE_BEZIER_KNOTS.);
#5598 = CARTESIAN_POINT('',(0.697594699334,-41.81794828606));
#5599 = CARTESIAN_POINT('',(0.599598687577,-41.81339396596));
#5600 = CARTESIAN_POINT('',(0.505589358206,-41.79317461649));
#5601 = CARTESIAN_POINT('',(0.409716478415,-41.75928472016));
#5602 = CARTESIAN_POINT('',(0.307952360475,-41.7014879233));
#5603 = CARTESIAN_POINT('',(0.220061059942,-41.6124938724));
#5604 = CARTESIAN_POINT('',(0.161950137223,-41.50419595317));
#5605 = CARTESIAN_POINT('',(0.135967477525,-41.392759803));
#5606 = CARTESIAN_POINT('',(0.135967477525,-41.28867032017));
#5607 = ( GEOMETRIC_REPRESENTATION_CONTEXT(2) 
PARAMETRIC_REPRESENTATION_CONTEXT() REPRESENTATION_CONTEXT('2D SPACE',''
  ) );
#5608 = ORIENTED_EDGE('',*,*,#5609,.F.);
#5609 = EDGE_CURVE('',#4963,#5575,#5610,.T.);
#5610 = SURFACE_CURVE('',#5611,(#5615,#5621),.PCURVE_S1.);
#5611 = ( BOUNDED_CURVE() B_SPLINE_CURVE(2,(#5612,#5613,#5614),
.UNSPECIFIED.,.F.,.F.) B_SPLINE_CURVE_WITH_KNOTS((3,3),(0.,1.09672343493
),.PIECEWISE_BEZIER_KNOTS.) CURVE() GEOMETRIC_REPRESENTATION_ITEM() 
RATIONAL_B_SPLINE_CURVE((1.,0.850650808352,1.)) REPRESENTATION_ITEM('') 
  );
#5612 = CARTESIAN_POINT('',(11.288670320179,23.3,-5.364032522475));
#5613 = CARTESIAN_POINT('',(11.288670320179,23.3,-5.5));
#5614 = CARTESIAN_POINT('',(11.288670320179,23.17838699101,
    -5.560806504495));
#5615 = PCURVE('',#4990,#5616);
#5616 = DEFINITIONAL_REPRESENTATION('',(#5617),#5620);
#5617 = B_SPLINE_CURVE_WITH_KNOTS('',1,(#5618,#5619),.UNSPECIFIED.,.F.,
  .F.,(2,2),(0.,1.09672343493),.PIECEWISE_BEZIER_KNOTS.);
#5618 = CARTESIAN_POINT('',(0.,1.528448948202));
#5619 = CARTESIAN_POINT('',(1.09672343493,1.528448948202));
#5620 = ( GEOMETRIC_REPRESENTATION_CONTEXT(2) 
PARAMETRIC_REPRESENTATION_CONTEXT() REPRESENTATION_CONTEXT('2D SPACE',''
  ) );
#5621 = PCURVE('',#5067,#5622);
#5622 = DEFINITIONAL_REPRESENTATION('',(#5623),#5632);
#5623 = B_SPLINE_CURVE_WITH_KNOTS('',7,(#5624,#5625,#5626,#5627,#5628,
    #5629,#5630,#5631),.UNSPECIFIED.,.F.,.F.,(8,8),(0.,1.09672343493),
  .PIECEWISE_BEZIER_KNOTS.);
#5624 = CARTESIAN_POINT('',(0.,0.));
#5625 = CARTESIAN_POINT('',(0.150208889177,0.));
#5626 = CARTESIAN_POINT('',(0.307896460783,0.));
#5627 = CARTESIAN_POINT('',(0.470957493901,0.));
#5628 = CARTESIAN_POINT('',(0.636191223893,0.));
#5629 = CARTESIAN_POINT('',(0.799252257011,0.));
#5630 = CARTESIAN_POINT('',(0.956939828617,0.));
#5631 = CARTESIAN_POINT('',(1.107148717794,0.));
#5632 = ( GEOMETRIC_REPRESENTATION_CONTEXT(2) 
PARAMETRIC_REPRESENTATION_CONTEXT() REPRESENTATION_CONTEXT('2D SPACE',''
  ) );
#5633 = ORIENTED_EDGE('',*,*,#4962,.F.);
#5634 = ADVANCED_FACE('',(#5635),#5067,.T.);
#5635 = FACE_BOUND('',#5636,.T.);
#5636 = EDGE_LOOP('',(#5637,#5638,#5659,#5660));
#5637 = ORIENTED_EDGE('',*,*,#5609,.T.);
#5638 = ORIENTED_EDGE('',*,*,#5639,.T.);
#5639 = EDGE_CURVE('',#5575,#5482,#5640,.T.);
#5640 = SURFACE_CURVE('',#5641,(#5645,#5652),.PCURVE_S1.);
#5641 = LINE('',#5642,#5643);
#5642 = CARTESIAN_POINT('',(11.288670320179,23.17838699101,
    -5.560806504495));
#5643 = VECTOR('',#5644,1.);
#5644 = DIRECTION('',(-1.,-0.,-0.));
#5645 = PCURVE('',#5067,#5646);
#5646 = DEFINITIONAL_REPRESENTATION('',(#5647),#5651);
#5647 = LINE('',#5648,#5649);
#5648 = CARTESIAN_POINT('',(1.107148717794,0.));
#5649 = VECTOR('',#5650,1.);
#5650 = DIRECTION('',(0.,1.));
#5651 = ( GEOMETRIC_REPRESENTATION_CONTEXT(2) 
PARAMETRIC_REPRESENTATION_CONTEXT() REPRESENTATION_CONTEXT('2D SPACE',''
  ) );
#5652 = PCURVE('',#5270,#5653);
#5653 = DEFINITIONAL_REPRESENTATION('',(#5654),#5658);
#5654 = LINE('',#5655,#5656);
#5655 = CARTESIAN_POINT('',(0.135967477525,-41.28867032017));
#5656 = VECTOR('',#5657,1.);
#5657 = DIRECTION('',(0.,1.));
#5658 = ( GEOMETRIC_REPRESENTATION_CONTEXT(2) 
PARAMETRIC_REPRESENTATION_CONTEXT() REPRESENTATION_CONTEXT('2D SPACE',''
  ) );
#5659 = ORIENTED_EDGE('',*,*,#5481,.F.);
#5660 = ORIENTED_EDGE('',*,*,#5053,.F.);
#5661 = ADVANCED_FACE('',(#5662),#5130,.T.);
#5662 = FACE_BOUND('',#5663,.T.);
#5663 = EDGE_LOOP('',(#5664,#5690,#5691,#5692));
#5664 = ORIENTED_EDGE('',*,*,#5665,.T.);
#5665 = EDGE_CURVE('',#5179,#5435,#5666,.T.);
#5666 = SURFACE_CURVE('',#5667,(#5671,#5678),.PCURVE_S1.);
#5667 = LINE('',#5668,#5669);
#5668 = CARTESIAN_POINT('',(10.,22.253060209762,-6.002012662869));
#5669 = VECTOR('',#5670,1.);
#5670 = DIRECTION('',(1.,0.,0.));
#5671 = PCURVE('',#5130,#5672);
#5672 = DEFINITIONAL_REPRESENTATION('',(#5673),#5677);
#5673 = LINE('',#5674,#5675);
#5674 = CARTESIAN_POINT('',(4.698291944317E-02,-40.));
#5675 = VECTOR('',#5676,1.);
#5676 = DIRECTION('',(0.,-1.));
#5677 = ( GEOMETRIC_REPRESENTATION_CONTEXT(2) 
PARAMETRIC_REPRESENTATION_CONTEXT() REPRESENTATION_CONTEXT('2D SPACE',''
  ) );
#5678 = PCURVE('',#5679,#5684);
#5679 = CYLINDRICAL_SURFACE('',#5680,0.22);
#5680 = AXIS2_PLACEMENT_3D('',#5681,#5682,#5683);
#5681 = CARTESIAN_POINT('',(10.,22.243635809653,-5.782214617649));
#5682 = DIRECTION('',(1.,0.,0.));
#5683 = DIRECTION('',(0.,0.4472135955,-0.894427191));
#5684 = DEFINITIONAL_REPRESENTATION('',(#5685),#5689);
#5685 = LINE('',#5686,#5687);
#5686 = CARTESIAN_POINT('',(-0.420796313725,0.));
#5687 = VECTOR('',#5688,1.);
#5688 = DIRECTION('',(-0.,1.));
#5689 = ( GEOMETRIC_REPRESENTATION_CONTEXT(2) 
PARAMETRIC_REPRESENTATION_CONTEXT() REPRESENTATION_CONTEXT('2D SPACE',''
  ) );
#5690 = ORIENTED_EDGE('',*,*,#5434,.F.);
#5691 = ORIENTED_EDGE('',*,*,#5114,.F.);
#5692 = ORIENTED_EDGE('',*,*,#5205,.F.);
#5693 = ADVANCED_FACE('',(#5694),#5194,.T.);
#5694 = FACE_BOUND('',#5695,.T.);
#5695 = EDGE_LOOP('',(#5696,#5697,#5698));
#5696 = ORIENTED_EDGE('',*,*,#5178,.F.);
#5697 = ORIENTED_EDGE('',*,*,#5282,.T.);
#5698 = ORIENTED_EDGE('',*,*,#5699,.F.);
#5699 = EDGE_CURVE('',#5179,#5255,#5700,.T.);
#5700 = SURFACE_CURVE('',#5701,(#5706,#5713),.PCURVE_S1.);
#5701 = CIRCLE('',#5702,0.22);
#5702 = AXIS2_PLACEMENT_3D('',#5703,#5704,#5705);
#5703 = CARTESIAN_POINT('',(10.22,22.243635809653,-5.782214617649));
#5704 = DIRECTION('',(1.,0.,0.));
#5705 = DIRECTION('',(0.,4.28381823161E-02,-0.999082023728));
#5706 = PCURVE('',#5194,#5707);
#5707 = DEFINITIONAL_REPRESENTATION('',(#5708),#5712);
#5708 = LINE('',#5709,#5710);
#5709 = CARTESIAN_POINT('',(0.,0.));
#5710 = VECTOR('',#5711,1.);
#5711 = DIRECTION('',(1.,0.));
#5712 = ( GEOMETRIC_REPRESENTATION_CONTEXT(2) 
PARAMETRIC_REPRESENTATION_CONTEXT() REPRESENTATION_CONTEXT('2D SPACE',''
  ) );
#5713 = PCURVE('',#5679,#5714);
#5714 = DEFINITIONAL_REPRESENTATION('',(#5715),#5719);
#5715 = LINE('',#5716,#5717);
#5716 = CARTESIAN_POINT('',(-0.420796313725,0.22));
#5717 = VECTOR('',#5718,1.);
#5718 = DIRECTION('',(1.,-0.));
#5719 = ( GEOMETRIC_REPRESENTATION_CONTEXT(2) 
PARAMETRIC_REPRESENTATION_CONTEXT() REPRESENTATION_CONTEXT('2D SPACE',''
  ) );
#5720 = ADVANCED_FACE('',(#5721),#5270,.T.);
#5721 = FACE_BOUND('',#5722,.T.);
#5722 = EDGE_LOOP('',(#5723,#5724,#5745,#5746,#5747,#5748));
#5723 = ORIENTED_EDGE('',*,*,#5383,.F.);
#5724 = ORIENTED_EDGE('',*,*,#5725,.F.);
#5725 = EDGE_CURVE('',#5255,#5335,#5726,.T.);
#5726 = SURFACE_CURVE('',#5727,(#5731,#5738),.PCURVE_S1.);
#5727 = LINE('',#5728,#5729);
#5728 = CARTESIAN_POINT('',(10.,22.342022800663,-5.978988599669));
#5729 = VECTOR('',#5730,1.);
#5730 = DIRECTION('',(1.,0.,0.));
#5731 = PCURVE('',#5270,#5732);
#5732 = DEFINITIONAL_REPRESENTATION('',(#5733),#5737);
#5733 = LINE('',#5734,#5735);
#5734 = CARTESIAN_POINT('',(1.071051069307,-40.));
#5735 = VECTOR('',#5736,1.);
#5736 = DIRECTION('',(0.,-1.));
#5737 = ( GEOMETRIC_REPRESENTATION_CONTEXT(2) 
PARAMETRIC_REPRESENTATION_CONTEXT() REPRESENTATION_CONTEXT('2D SPACE',''
  ) );
#5738 = PCURVE('',#5679,#5739);
#5739 = DEFINITIONAL_REPRESENTATION('',(#5740),#5744);
#5740 = LINE('',#5741,#5742);
#5741 = CARTESIAN_POINT('',(-0.,0.));
#5742 = VECTOR('',#5743,1.);
#5743 = DIRECTION('',(-0.,1.));
#5744 = ( GEOMETRIC_REPRESENTATION_CONTEXT(2) 
PARAMETRIC_REPRESENTATION_CONTEXT() REPRESENTATION_CONTEXT('2D SPACE',''
  ) );
#5745 = ORIENTED_EDGE('',*,*,#5254,.F.);
#5746 = ORIENTED_EDGE('',*,*,#5535,.F.);
#5747 = ORIENTED_EDGE('',*,*,#5639,.F.);
#5748 = ORIENTED_EDGE('',*,*,#5574,.F.);
#5749 = ADVANCED_FACE('',(#5750),#5351,.T.);
#5750 = FACE_BOUND('',#5751,.F.);
#5751 = EDGE_LOOP('',(#5752,#5772,#5773));
#5752 = ORIENTED_EDGE('',*,*,#5753,.F.);
#5753 = EDGE_CURVE('',#5435,#5335,#5754,.T.);
#5754 = SURFACE_CURVE('',#5755,(#5760,#5766),.PCURVE_S1.);
#5755 = CIRCLE('',#5756,0.22);
#5756 = AXIS2_PLACEMENT_3D('',#5757,#5758,#5759);
#5757 = CARTESIAN_POINT('',(11.835638753695,22.243635809653,
    -5.782214617649));
#5758 = DIRECTION('',(1.,5.303897029495E-14,2.651948514747E-14));
#5759 = DIRECTION('',(-5.412632831839E-14,0.999082023728,
    4.283818231608E-02));
#5760 = PCURVE('',#5351,#5761);
#5761 = DEFINITIONAL_REPRESENTATION('',(#5762),#5765);
#5762 = B_SPLINE_CURVE_WITH_KNOTS('',1,(#5763,#5764),.UNSPECIFIED.,.F.,
  .F.,(2,2),(4.712388980385,5.133185294109),.PIECEWISE_BEZIER_KNOTS.);
#5763 = CARTESIAN_POINT('',(0.,-1.570796326795));
#5764 = CARTESIAN_POINT('',(0.,-1.15000001307));
#5765 = ( GEOMETRIC_REPRESENTATION_CONTEXT(2) 
PARAMETRIC_REPRESENTATION_CONTEXT() REPRESENTATION_CONTEXT('2D SPACE',''
  ) );
#5766 = PCURVE('',#5679,#5767);
#5767 = DEFINITIONAL_REPRESENTATION('',(#5768),#5771);
#5768 = B_SPLINE_CURVE_WITH_KNOTS('',1,(#5769,#5770),.UNSPECIFIED.,.F.,
  .F.,(2,2),(4.712388980385,5.133185294109),.PIECEWISE_BEZIER_KNOTS.);
#5769 = CARTESIAN_POINT('',(-0.420796313725,1.835638753695));
#5770 = CARTESIAN_POINT('',(-1.24344978758E-14,1.835638753695));
#5771 = ( GEOMETRIC_REPRESENTATION_CONTEXT(2) 
PARAMETRIC_REPRESENTATION_CONTEXT() REPRESENTATION_CONTEXT('2D SPACE',''
  ) );
#5772 = ORIENTED_EDGE('',*,*,#5457,.T.);
#5773 = ORIENTED_EDGE('',*,*,#5334,.F.);
#5774 = ADVANCED_FACE('',(#5775),#5679,.T.);
#5775 = FACE_BOUND('',#5776,.F.);
#5776 = EDGE_LOOP('',(#5777,#5778,#5779,#5780));
#5777 = ORIENTED_EDGE('',*,*,#5725,.F.);
#5778 = ORIENTED_EDGE('',*,*,#5699,.F.);
#5779 = ORIENTED_EDGE('',*,*,#5665,.T.);
#5780 = ORIENTED_EDGE('',*,*,#5753,.T.);
#5781 = ( GEOMETRIC_REPRESENTATION_CONTEXT(3) 
GLOBAL_UNCERTAINTY_ASSIGNED_CONTEXT((#5785)) 
GLOBAL_UNIT_ASSIGNED_CONTEXT((#5782,#5783,#5784)) REPRESENTATION_CONTEXT
('Context #1','3D Context with UNIT and UNCERTAINTY') );
#5782 = ( LENGTH_UNIT() NAMED_UNIT(*) SI_UNIT(.MILLI.,.METRE.) );
#5783 = ( NAMED_UNIT(*) PLANE_ANGLE_UNIT() SI_UNIT($,.RADIAN.) );
#5784 = ( NAMED_UNIT(*) SI_UNIT($,.STERADIAN.) SOLID_ANGLE_UNIT() );
#5785 = UNCERTAINTY_MEASURE_WITH_UNIT(LENGTH_MEASURE(2.E-03),#5782,
  'distance_accuracy_value','confusion accuracy');
#5786 = CONTEXT_DEPENDENT_SHAPE_REPRESENTATION(#5787,#5789);
#5787 = ( REPRESENTATION_RELATIONSHIP('','',#3605,#10) 
REPRESENTATION_RELATIONSHIP_WITH_TRANSFORMATION(#5788) 
SHAPE_REPRESENTATION_RELATIONSHIP() );
#5788 = ITEM_DEFINED_TRANSFORMATION('','',#11,#19);
#5789 = PRODUCT_DEFINITION_SHAPE('Placement','Placement of an item',
  #5790);
#5790 = NEXT_ASSEMBLY_USAGE_OCCURRENCE('2','','',#5,#3600,$);
#5791 = PRODUCT_RELATED_PRODUCT_CATEGORY('part',$,(#3602));
#5792 = SHAPE_DEFINITION_REPRESENTATION(#5793,#5799);
#5793 = PRODUCT_DEFINITION_SHAPE('','',#5794);
#5794 = PRODUCT_DEFINITION('design','',#5795,#5798);
#5795 = PRODUCT_DEFINITION_FORMATION('','',#5796);
#5796 = PRODUCT('Open CASCADE STEP translator 7.9 1.3',
  'Open CASCADE STEP translator 7.9 1.3','',(#5797));
#5797 = PRODUCT_CONTEXT('',#2,'mechanical');
#5798 = PRODUCT_DEFINITION_CONTEXT('part definition',#2,'design');
#5799 = ADVANCED_BREP_SHAPE_REPRESENTATION('',(#11,#5800),#7971);
#5800 = MANIFOLD_SOLID_BREP('',#5801);
#5801 = CLOSED_SHELL('',(#5802,#5922,#6134,#6218,#6304,#6391,#6443,#6492
    ,#6562,#6659,#6691,#6861,#7031,#7058,#7147,#7236,#7268,#7364,#7417,
    #7495,#7522,#7597,#7667,#7732,#7824,#7851,#7883,#7910,#7939,#7964));
#5802 = ADVANCED_FACE('',(#5803),#5817,.F.);
#5803 = FACE_BOUND('',#5804,.F.);
#5804 = EDGE_LOOP('',(#5805,#5840,#5868,#5896));
#5805 = ORIENTED_EDGE('',*,*,#5806,.F.);
#5806 = EDGE_CURVE('',#5807,#5809,#5811,.T.);
#5807 = VERTEX_POINT('',#5808);
#5808 = CARTESIAN_POINT('',(10.22,-22.1,1.01));
#5809 = VERTEX_POINT('',#5810);
#5810 = CARTESIAN_POINT('',(11.848456747764,-22.1,1.01));
#5811 = SURFACE_CURVE('',#5812,(#5816,#5828),.PCURVE_S1.);
#5812 = LINE('',#5813,#5814);
#5813 = CARTESIAN_POINT('',(-30.,-22.1,1.01));
#5814 = VECTOR('',#5815,1.);
#5815 = DIRECTION('',(1.,0.,0.));
#5816 = PCURVE('',#5817,#5822);
#5817 = PLANE('',#5818);
#5818 = AXIS2_PLACEMENT_3D('',#5819,#5820,#5821);
#5819 = CARTESIAN_POINT('',(-30.,-17.63555361263,2.81));
#5820 = DIRECTION('',(0.,0.373936172149,-0.927454440476));
#5821 = DIRECTION('',(0.,-0.927454440476,-0.373936172149));
#5822 = DEFINITIONAL_REPRESENTATION('',(#5823),#5827);
#5823 = LINE('',#5824,#5825);
#5824 = CARTESIAN_POINT('',(4.813655736095,0.));
#5825 = VECTOR('',#5826,1.);
#5826 = DIRECTION('',(0.,-1.));
#5827 = ( GEOMETRIC_REPRESENTATION_CONTEXT(2) 
PARAMETRIC_REPRESENTATION_CONTEXT() REPRESENTATION_CONTEXT('2D SPACE',''
  ) );
#5828 = PCURVE('',#5829,#5834);
#5829 = PLANE('',#5830);
#5830 = AXIS2_PLACEMENT_3D('',#5831,#5832,#5833);
#5831 = CARTESIAN_POINT('',(-30.,-22.1,1.01));
#5832 = DIRECTION('',(0.,0.4472135955,-0.894427191));
#5833 = DIRECTION('',(0.,-0.894427191,-0.4472135955));
#5834 = DEFINITIONAL_REPRESENTATION('',(#5835),#5839);
#5835 = LINE('',#5836,#5837);
#5836 = CARTESIAN_POINT('',(0.,0.));
#5837 = VECTOR('',#5838,1.);
#5838 = DIRECTION('',(0.,-1.));
#5839 = ( GEOMETRIC_REPRESENTATION_CONTEXT(2) 
PARAMETRIC_REPRESENTATION_CONTEXT() REPRESENTATION_CONTEXT('2D SPACE',''
  ) );
#5840 = ORIENTED_EDGE('',*,*,#5841,.F.);
#5841 = EDGE_CURVE('',#5842,#5807,#5844,.T.);
#5842 = VERTEX_POINT('',#5843);
#5843 = CARTESIAN_POINT('',(10.22,-17.93781957051,2.688130751954));
#5844 = SURFACE_CURVE('',#5845,(#5849,#5856),.PCURVE_S1.);
#5845 = LINE('',#5846,#5847);
#5846 = CARTESIAN_POINT('',(10.22,-17.63555361263,2.81));
#5847 = VECTOR('',#5848,1.);
#5848 = DIRECTION('',(-0.,-0.927454440476,-0.373936172149));
#5849 = PCURVE('',#5817,#5850);
#5850 = DEFINITIONAL_REPRESENTATION('',(#5851),#5855);
#5851 = LINE('',#5852,#5853);
#5852 = CARTESIAN_POINT('',(1.7763568394E-15,-40.22));
#5853 = VECTOR('',#5854,1.);
#5854 = DIRECTION('',(1.,0.));
#5855 = ( GEOMETRIC_REPRESENTATION_CONTEXT(2) 
PARAMETRIC_REPRESENTATION_CONTEXT() REPRESENTATION_CONTEXT('2D SPACE',''
  ) );
#5856 = PCURVE('',#5857,#5862);
#5857 = CYLINDRICAL_SURFACE('',#5858,0.22);
#5858 = AXIS2_PLACEMENT_3D('',#5859,#5860,#5861);
#5859 = CARTESIAN_POINT('',(10.22,-17.55328765476,2.605960023095));
#5860 = DIRECTION('',(-0.,-0.927454440476,-0.373936172149));
#5861 = DIRECTION('',(-0.,-0.373936172149,0.927454440476));
#5862 = DEFINITIONAL_REPRESENTATION('',(#5863),#5867);
#5863 = LINE('',#5864,#5865);
#5864 = CARTESIAN_POINT('',(0.,0.));
#5865 = VECTOR('',#5866,1.);
#5866 = DIRECTION('',(0.,1.));
#5867 = ( GEOMETRIC_REPRESENTATION_CONTEXT(2) 
PARAMETRIC_REPRESENTATION_CONTEXT() REPRESENTATION_CONTEXT('2D SPACE',''
  ) );
#5868 = ORIENTED_EDGE('',*,*,#5869,.T.);
#5869 = EDGE_CURVE('',#5842,#5870,#5872,.T.);
#5870 = VERTEX_POINT('',#5871);
#5871 = CARTESIAN_POINT('',(12.068040045733,-17.93781957051,
    2.688130751954));
#5872 = SURFACE_CURVE('',#5873,(#5877,#5884),.PCURVE_S1.);
#5873 = LINE('',#5874,#5875);
#5874 = CARTESIAN_POINT('',(10.,-17.93781957051,2.688130751954));
#5875 = VECTOR('',#5876,1.);
#5876 = DIRECTION('',(1.,0.,0.));
#5877 = PCURVE('',#5817,#5878);
#5878 = DEFINITIONAL_REPRESENTATION('',(#5879),#5883);
#5879 = LINE('',#5880,#5881);
#5880 = CARTESIAN_POINT('',(0.325909224951,-40.));
#5881 = VECTOR('',#5882,1.);
#5882 = DIRECTION('',(0.,-1.));
#5883 = ( GEOMETRIC_REPRESENTATION_CONTEXT(2) 
PARAMETRIC_REPRESENTATION_CONTEXT() REPRESENTATION_CONTEXT('2D SPACE',''
  ) );
#5884 = PCURVE('',#5885,#5890);
#5885 = CYLINDRICAL_SURFACE('',#5886,0.22);
#5886 = AXIS2_PLACEMENT_3D('',#5887,#5888,#5889);
#5887 = CARTESIAN_POINT('',(10.,-17.85555361263,2.484090775049));
#5888 = DIRECTION('',(1.,0.,0.));
#5889 = DIRECTION('',(0.,-0.373936172149,0.927454440476));
#5890 = DEFINITIONAL_REPRESENTATION('',(#5891),#5895);
#5891 = LINE('',#5892,#5893);
#5892 = CARTESIAN_POINT('',(-0.,0.));
#5893 = VECTOR('',#5894,1.);
#5894 = DIRECTION('',(-0.,1.));
#5895 = ( GEOMETRIC_REPRESENTATION_CONTEXT(2) 
PARAMETRIC_REPRESENTATION_CONTEXT() REPRESENTATION_CONTEXT('2D SPACE',''
  ) );
#5896 = ORIENTED_EDGE('',*,*,#5897,.F.);
#5897 = EDGE_CURVE('',#5809,#5870,#5898,.T.);
#5898 = SURFACE_CURVE('',#5899,(#5903,#5910),.PCURVE_S1.);
#5899 = LINE('',#5900,#5901);
#5900 = CARTESIAN_POINT('',(11.848122729821,-22.09018572264,
    1.013956974217));
#5901 = VECTOR('',#5902,1.);
#5902 = DIRECTION('',(4.906062510598E-02,0.926337602145,0.373485879141)
  );
#5903 = PCURVE('',#5817,#5904);
#5904 = DEFINITIONAL_REPRESENTATION('',(#5905),#5909);
#5905 = LINE('',#5906,#5907);
#5906 = CARTESIAN_POINT('',(4.803073785186,-41.84812272982));
#5907 = VECTOR('',#5908,1.);
#5908 = DIRECTION('',(-0.998795802486,-4.906062510598E-02));
#5909 = ( GEOMETRIC_REPRESENTATION_CONTEXT(2) 
PARAMETRIC_REPRESENTATION_CONTEXT() REPRESENTATION_CONTEXT('2D SPACE',''
  ) );
#5910 = PCURVE('',#5911,#5916);
#5911 = CYLINDRICAL_SURFACE('',#5912,0.22);
#5912 = AXIS2_PLACEMENT_3D('',#5913,#5914,#5915);
#5913 = CARTESIAN_POINT('',(11.848122729821,-22.00791976476,
    0.809916997312));
#5914 = DIRECTION('',(4.906062510598E-02,0.926337602145,0.373485879141)
  );
#5915 = DIRECTION('',(0.,-0.373936172149,0.927454440476));
#5916 = DEFINITIONAL_REPRESENTATION('',(#5917),#5921);
#5917 = LINE('',#5918,#5919);
#5918 = CARTESIAN_POINT('',(0.,0.));
#5919 = VECTOR('',#5920,1.);
#5920 = DIRECTION('',(0.,1.));
#5921 = ( GEOMETRIC_REPRESENTATION_CONTEXT(2) 
PARAMETRIC_REPRESENTATION_CONTEXT() REPRESENTATION_CONTEXT('2D SPACE',''
  ) );
#5922 = ADVANCED_FACE('',(#5923),#5829,.F.);
#5923 = FACE_BOUND('',#5924,.F.);
#5924 = EDGE_LOOP('',(#5925,#5926,#5954,#6017,#6045,#6108));
#5925 = ORIENTED_EDGE('',*,*,#5806,.T.);
#5926 = ORIENTED_EDGE('',*,*,#5927,.F.);
#5927 = EDGE_CURVE('',#5928,#5809,#5930,.T.);
#5928 = VERTEX_POINT('',#5929);
#5929 = CARTESIAN_POINT('',(11.817948286068,-22.67605233261,
    0.721973833691));
#5930 = SURFACE_CURVE('',#5931,(#5935,#5942),.PCURVE_S1.);
#5931 = LINE('',#5932,#5933);
#5932 = CARTESIAN_POINT('',(11.823004692577,-22.58057267352,
    0.769713663237));
#5933 = VECTOR('',#5934,1.);
#5934 = DIRECTION('',(4.731752834854E-02,0.89342534171,0.446712670855));
#5935 = PCURVE('',#5829,#5936);
#5936 = DEFINITIONAL_REPRESENTATION('',(#5937),#5941);
#5937 = LINE('',#5938,#5939);
#5938 = CARTESIAN_POINT('',(0.537296583066,-41.82300469257));
#5939 = VECTOR('',#5940,1.);
#5940 = DIRECTION('',(-0.998879898442,-4.731752834854E-02));
#5941 = ( GEOMETRIC_REPRESENTATION_CONTEXT(2) 
PARAMETRIC_REPRESENTATION_CONTEXT() REPRESENTATION_CONTEXT('2D SPACE',''
  ) );
#5942 = PCURVE('',#5943,#5948);
#5943 = CYLINDRICAL_SURFACE('',#5944,0.22);
#5944 = AXIS2_PLACEMENT_3D('',#5945,#5946,#5947);
#5945 = CARTESIAN_POINT('',(11.823004692577,-22.48218568251,
    0.572939681217));
#5946 = DIRECTION('',(4.731752834854E-02,0.89342534171,0.446712670855));
#5947 = DIRECTION('',(3.469446951954E-18,-0.4472135955,0.894427191));
#5948 = DEFINITIONAL_REPRESENTATION('',(#5949),#5953);
#5949 = LINE('',#5950,#5951);
#5950 = CARTESIAN_POINT('',(0.,0.));
#5951 = VECTOR('',#5952,1.);
#5952 = DIRECTION('',(0.,1.));
#5953 = ( GEOMETRIC_REPRESENTATION_CONTEXT(2) 
PARAMETRIC_REPRESENTATION_CONTEXT() REPRESENTATION_CONTEXT('2D SPACE',''
  ) );
#5954 = ORIENTED_EDGE('',*,*,#5955,.F.);
#5955 = EDGE_CURVE('',#5956,#5928,#5958,.T.);
#5956 = VERTEX_POINT('',#5957);
#5957 = CARTESIAN_POINT('',(11.288670320179,-23.17838699101,
    0.470806504495));
#5958 = SURFACE_CURVE('',#5959,(#5969,#5982),.PCURVE_S1.);
#5959 = ( BOUNDED_CURVE() B_SPLINE_CURVE(8,(#5960,#5961,#5962,#5963,
    #5964,#5965,#5966,#5967,#5968),.UNSPECIFIED.,.F.,.F.) 
B_SPLINE_CURVE_WITH_KNOTS((9,9),(7.104035205254,8.200758640184),
.PIECEWISE_BEZIER_KNOTS.) CURVE() GEOMETRIC_REPRESENTATION_ITEM() 
RATIONAL_B_SPLINE_CURVE((1.,1.,1.,1.,1.,1.,1.,1.,1.)) 
REPRESENTATION_ITEM('') );
#5960 = CARTESIAN_POINT('',(11.288670320179,-23.17838699101,
    0.470806504495));
#5961 = CARTESIAN_POINT('',(11.392759803008,-23.17838699101,
    0.470806504495));
#5962 = CARTESIAN_POINT('',(11.504195953171,-23.15514739368,
    0.482426303159));
#5963 = CARTESIAN_POINT('',(11.612493872401,-23.1031714043,
    0.508414297846));
#5964 = CARTESIAN_POINT('',(11.70148792331,-23.02455903525,
    0.547720482371));
#5965 = CARTESIAN_POINT('',(11.759284720168,-22.9335384411,
    0.593230779448));
#5966 = CARTESIAN_POINT('',(11.793174616493,-22.84778713054,
    0.63610643473));
#5967 = CARTESIAN_POINT('',(11.813393965969,-22.76370263014,
    0.678148684928));
#5968 = CARTESIAN_POINT('',(11.817948286068,-22.67605233261,
    0.721973833691));
#5969 = PCURVE('',#5829,#5970);
#5970 = DEFINITIONAL_REPRESENTATION('',(#5971),#5981);
#5971 = B_SPLINE_CURVE_WITH_KNOTS('',8,(#5972,#5973,#5974,#5975,#5976,
    #5977,#5978,#5979,#5980),.UNSPECIFIED.,.F.,.F.,(9,9),(7.104035205254
    ,8.200758640184),.PIECEWISE_BEZIER_KNOTS.);
#5972 = CARTESIAN_POINT('',(1.205673308975,-41.28867032017));
#5973 = CARTESIAN_POINT('',(1.205673308975,-41.392759803));
#5974 = CARTESIAN_POINT('',(1.179690649277,-41.50419595317));
#5975 = CARTESIAN_POINT('',(1.121579726558,-41.61249387239));
#5976 = CARTESIAN_POINT('',(1.033688426025,-41.70148792331));
#5977 = CARTESIAN_POINT('',(0.931924308085,-41.75928472016));
#5978 = CARTESIAN_POINT('',(0.836051428294,-41.79317461649));
#5979 = CARTESIAN_POINT('',(0.742042098923,-41.81339396596));
#5980 = CARTESIAN_POINT('',(0.644046087166,-41.81794828606));
#5981 = ( GEOMETRIC_REPRESENTATION_CONTEXT(2) 
PARAMETRIC_REPRESENTATION_CONTEXT() REPRESENTATION_CONTEXT('2D SPACE',''
  ) );
#5982 = PCURVE('',#5983,#6011);
#5983 = ( BOUNDED_SURFACE() B_SPLINE_SURFACE(2,8,(
    (#5984,#5985,#5986,#5987,#5988,#5989,#5990,#5991,#5992)
    ,(#5993,#5994,#5995,#5996,#5997,#5998,#5999,#6000,#6001)
    ,(#6002,#6003,#6004,#6005,#6006,#6007,#6008,#6009,#6010
)),.UNSPECIFIED.,.F.,.F.,.F.) B_SPLINE_SURFACE_WITH_KNOTS((3,3),(9,9),(
    0.,1.09672343493),(7.104035205254,8.200758640184),
.PIECEWISE_BEZIER_KNOTS.) GEOMETRIC_REPRESENTATION_ITEM() 
RATIONAL_B_SPLINE_SURFACE((
    (1.,1.,1.,1.,1.,1.,1.,1.,1.)
    ,(0.850650808352,0.850650808352,0.845344440011,0.834068455188
      ,0.817999027772,0.795088124739,0.770499307218,0.744150827702
      ,0.715420221421)
,(1.,1.,1.,1.,1.,1.,1.,1.,1.))) REPRESENTATION_ITEM('') SURFACE() );
#5984 = CARTESIAN_POINT('',(11.288670320179,-23.17838699101,
    0.470806504495));
#5985 = CARTESIAN_POINT('',(11.392759803008,-23.17838699101,
    0.470806504495));
#5986 = CARTESIAN_POINT('',(11.504195953171,-23.15514739368,
    0.482426303159));
#5987 = CARTESIAN_POINT('',(11.612493872401,-23.1031714043,
    0.508414297846));
#5988 = CARTESIAN_POINT('',(11.70148792331,-23.02455903525,
    0.547720482371));
#5989 = CARTESIAN_POINT('',(11.759284720168,-22.9335384411,
    0.593230779448));
#5990 = CARTESIAN_POINT('',(11.793174616493,-22.84778713054,
    0.63610643473));
#5991 = CARTESIAN_POINT('',(11.813393965969,-22.76370263014,
    0.678148684928));
#5992 = CARTESIAN_POINT('',(11.817948286068,-22.67605233261,
    0.721973833691));
#5993 = CARTESIAN_POINT('',(11.288670320179,-23.3,0.41));
#5994 = CARTESIAN_POINT('',(11.418934096412,-23.3,0.41));
#5995 = CARTESIAN_POINT('',(11.556167729937,-23.2741270528,0.4229364736)
  );
#5996 = CARTESIAN_POINT('',(11.691526054105,-23.2180343454,
    0.450982827298));
#5997 = CARTESIAN_POINT('',(11.809159197102,-23.12988728787,
    0.495056356063));
#5998 = CARTESIAN_POINT('',(11.896367357929,-23.02854857021,
    0.545725714895));
#5999 = CARTESIAN_POINT('',(11.962527379286,-22.9229232456,
    0.598538377197));
#6000 = CARTESIAN_POINT('',(12.009015047069,-22.80861587587,
    0.655692062061));
#6001 = CARTESIAN_POINT('',(12.032544984556,-22.68550226601,
    0.717248866993));
#6002 = CARTESIAN_POINT('',(11.288670320179,-23.3,0.274032522475));
#6003 = CARTESIAN_POINT('',(11.430639596274,-23.3,0.274032522475));
#6004 = CARTESIAN_POINT('',(11.576985701807,-23.2693064035,
    0.284932293629));
#6005 = CARTESIAN_POINT('',(11.718409562318,-23.20446530626,
    0.307946151657));
#6006 = CARTESIAN_POINT('',(11.840737112192,-23.10670488107,0.3434662496
    ));
#6007 = CARTESIAN_POINT('',(11.932145639319,-22.98694418403,0.3849253965
    ));
#6008 = CARTESIAN_POINT('',(11.994171056289,-22.8602478005,0.42943187934
    ));
#6009 = CARTESIAN_POINT('',(12.030318297381,-22.72754543308,
    0.476300386039));
#6010 = CARTESIAN_POINT('',(12.037620665677,-22.58966585404,
    0.525017264088));
#6011 = DEFINITIONAL_REPRESENTATION('',(#6012),#6016);
#6012 = LINE('',#6013,#6014);
#6013 = CARTESIAN_POINT('',(0.,0.));
#6014 = VECTOR('',#6015,1.);
#6015 = DIRECTION('',(0.,1.));
#6016 = ( GEOMETRIC_REPRESENTATION_CONTEXT(2) 
PARAMETRIC_REPRESENTATION_CONTEXT() REPRESENTATION_CONTEXT('2D SPACE',''
  ) );
#6017 = ORIENTED_EDGE('',*,*,#6018,.F.);
#6018 = EDGE_CURVE('',#6019,#5956,#6021,.T.);
#6019 = VERTEX_POINT('',#6020);
#6020 = CARTESIAN_POINT('',(10.75,-23.17838699101,0.470806504495));
#6021 = SURFACE_CURVE('',#6022,(#6026,#6033),.PCURVE_S1.);
#6022 = LINE('',#6023,#6024);
#6023 = CARTESIAN_POINT('',(10.75,-23.17838699101,0.470806504495));
#6024 = VECTOR('',#6025,1.);
#6025 = DIRECTION('',(1.,0.,0.));
#6026 = PCURVE('',#5829,#6027);
#6027 = DEFINITIONAL_REPRESENTATION('',(#6028),#6032);
#6028 = LINE('',#6029,#6030);
#6029 = CARTESIAN_POINT('',(1.205673308975,-40.75));
#6030 = VECTOR('',#6031,1.);
#6031 = DIRECTION('',(0.,-1.));
#6032 = ( GEOMETRIC_REPRESENTATION_CONTEXT(2) 
PARAMETRIC_REPRESENTATION_CONTEXT() REPRESENTATION_CONTEXT('2D SPACE',''
  ) );
#6033 = PCURVE('',#6034,#6039);
#6034 = CYLINDRICAL_SURFACE('',#6035,0.22);
#6035 = AXIS2_PLACEMENT_3D('',#6036,#6037,#6038);
#6036 = CARTESIAN_POINT('',(10.75,-23.08,0.274032522475));
#6037 = DIRECTION('',(1.,0.,0.));
#6038 = DIRECTION('',(0.,-0.4472135955,0.894427191));
#6039 = DEFINITIONAL_REPRESENTATION('',(#6040),#6044);
#6040 = LINE('',#6041,#6042);
#6041 = CARTESIAN_POINT('',(0.,0.));
#6042 = VECTOR('',#6043,1.);
#6043 = DIRECTION('',(0.,1.));
#6044 = ( GEOMETRIC_REPRESENTATION_CONTEXT(2) 
PARAMETRIC_REPRESENTATION_CONTEXT() REPRESENTATION_CONTEXT('2D SPACE',''
  ) );
#6045 = ORIENTED_EDGE('',*,*,#6046,.F.);
#6046 = EDGE_CURVE('',#6047,#6019,#6049,.T.);
#6047 = VERTEX_POINT('',#6048);
#6048 = CARTESIAN_POINT('',(10.22,-22.64838699101,0.735806504495));
#6049 = SURFACE_CURVE('',#6050,(#6060,#6073),.PCURVE_S1.);
#6050 = ( BOUNDED_CURVE() B_SPLINE_CURVE(8,(#6051,#6052,#6053,#6054,
    #6055,#6056,#6057,#6058,#6059),.UNSPECIFIED.,.F.,.F.) 
B_SPLINE_CURVE_WITH_KNOTS((9,9),(5.42702553498,6.565364885076),
.PIECEWISE_BEZIER_KNOTS.) CURVE() GEOMETRIC_REPRESENTATION_ITEM() 
RATIONAL_B_SPLINE_CURVE((1.,1.,1.,1.,1.,1.,1.,1.,1.)) 
REPRESENTATION_ITEM('') );
#6051 = CARTESIAN_POINT('',(10.219999535031,-22.64798243106,
    0.736008784468));
#6052 = CARTESIAN_POINT('',(10.219899613367,-22.73827495621,
    0.690862521892));
#6053 = CARTESIAN_POINT('',(10.236552453842,-22.82570352707,
    0.647148236464));
#6054 = CARTESIAN_POINT('',(10.267441656995,-22.91590452463,
    0.60204773768));
#6055 = CARTESIAN_POINT('',(10.323965099724,-23.01307996288,
    0.553460018556));
#6056 = CARTESIAN_POINT('',(10.414726840289,-23.0977132273,0.51114338635
    ));
#6057 = CARTESIAN_POINT('',(10.526956186885,-23.15355299181,
    0.483223504094));
#6058 = CARTESIAN_POINT('',(10.642420440502,-23.17838699101,
    0.470806504495));
#6059 = CARTESIAN_POINT('',(10.75,-23.17838699101,0.470806504495));
#6060 = PCURVE('',#5829,#6061);
#6061 = DEFINITIONAL_REPRESENTATION('',(#6062),#6072);
#6062 = B_SPLINE_CURVE_WITH_KNOTS('',8,(#6063,#6064,#6065,#6066,#6067,
    #6068,#6069,#6070,#6071),.UNSPECIFIED.,.F.,.F.,(9,9),(5.42702553498,
    6.565364885076),.PIECEWISE_BEZIER_KNOTS.);
#6063 = CARTESIAN_POINT('',(0.612662983167,-40.21999953503));
#6064 = CARTESIAN_POINT('',(0.713613095217,-40.21989961336));
#6065 = CARTESIAN_POINT('',(0.811361209021,-40.23655245384));
#6066 = CARTESIAN_POINT('',(0.912208990122,-40.26744165699));
#6067 = CARTESIAN_POINT('',(1.020854432955,-40.32396509972));
#6068 = CARTESIAN_POINT('',(1.115477299146,-40.41472684028));
#6069 = CARTESIAN_POINT('',(1.177908053795,-40.52695618688));
#6070 = CARTESIAN_POINT('',(1.205673308975,-40.6424204405));
#6071 = CARTESIAN_POINT('',(1.205673308975,-40.75));
#6072 = ( GEOMETRIC_REPRESENTATION_CONTEXT(2) 
PARAMETRIC_REPRESENTATION_CONTEXT() REPRESENTATION_CONTEXT('2D SPACE',''
  ) );
#6073 = PCURVE('',#6074,#6102);
#6074 = ( BOUNDED_SURFACE() B_SPLINE_SURFACE(2,8,(
    (#6075,#6076,#6077,#6078,#6079,#6080,#6081,#6082,#6083)
    ,(#6084,#6085,#6086,#6087,#6088,#6089,#6090,#6091,#6092)
    ,(#6093,#6094,#6095,#6096,#6097,#6098,#6099,#6100,#6101
)),.UNSPECIFIED.,.F.,.F.,.F.) B_SPLINE_SURFACE_WITH_KNOTS((3,3),(9,9),(
    0.,1.138339350096),(5.42702553498,6.565364885076),
.PIECEWISE_BEZIER_KNOTS.) GEOMETRIC_REPRESENTATION_ITEM() 
RATIONAL_B_SPLINE_SURFACE((
    (1.,1.,1.,1.,1.,1.,1.,1.,1.)
    ,(0.707106781187,0.737063922972,0.764779788115,0.790872696687
      ,0.815571138552,0.8327768945,0.844946619707,0.850650808352
      ,0.850650808352)
,(1.,1.,1.,1.,1.,1.,1.,1.,1.))) REPRESENTATION_ITEM('') SURFACE() );
#6075 = CARTESIAN_POINT('',(10.219999535031,-22.64798243106,
    0.736008784468));
#6076 = CARTESIAN_POINT('',(10.219899613367,-22.73827495621,
    0.690862521892));
#6077 = CARTESIAN_POINT('',(10.236552453842,-22.82570352707,
    0.647148236464));
#6078 = CARTESIAN_POINT('',(10.267441656995,-22.91590452463,
    0.60204773768));
#6079 = CARTESIAN_POINT('',(10.323965099724,-23.01307996288,
    0.553460018556));
#6080 = CARTESIAN_POINT('',(10.414726840289,-23.0977132273,0.51114338635
    ));
#6081 = CARTESIAN_POINT('',(10.526956186885,-23.15355299181,
    0.483223504094));
#6082 = CARTESIAN_POINT('',(10.642420440502,-23.17838699101,
    0.470806504495));
#6083 = CARTESIAN_POINT('',(10.75,-23.17838699101,0.470806504495));
#6084 = CARTESIAN_POINT('',(10.,-22.64838699101,0.735806504495));
#6085 = CARTESIAN_POINT('',(10.01788327188,-22.77667989459,
    0.671660052704));
#6086 = CARTESIAN_POINT('',(10.06076740693,-22.89671728743,
    0.611641356281));
#6087 = CARTESIAN_POINT('',(10.124972764384,-23.00834969658,
    0.555825151706));
#6088 = CARTESIAN_POINT('',(10.211701132997,-23.11653756357,
    0.501731218214));
#6089 = CARTESIAN_POINT('',(10.332221004083,-23.21187853269,
    0.454060733651));
#6090 = CARTESIAN_POINT('',(10.47267631881,-23.27222509718,
    0.423887451407));
#6091 = CARTESIAN_POINT('',(10.615072134251,-23.3,0.41));
#6092 = CARTESIAN_POINT('',(10.75,-23.3,0.41));
#6093 = CARTESIAN_POINT('',(10.,-22.55,0.539032522475));
#6094 = CARTESIAN_POINT('',(10.,-22.69209890001,0.488824288516));
#6095 = CARTESIAN_POINT('',(10.030804889325,-22.83048830959,
    0.439931311534));
#6096 = CARTESIAN_POINT('',(10.089305266061,-22.9641332622,
    0.392948303609));
#6097 = CARTESIAN_POINT('',(10.179855623575,-23.09217219892,
    0.348711164512));
#6098 = CARTESIAN_POINT('',(10.304826528795,-23.19729336198,
    0.310458749844));
#6099 = CARTESIAN_POINT('',(10.451099507501,-23.26702705779,
    0.285737212155));
#6100 = CARTESIAN_POINT('',(10.602841599882,-23.3,0.274032522475));
#6101 = CARTESIAN_POINT('',(10.75,-23.3,0.274032522475));
#6102 = DEFINITIONAL_REPRESENTATION('',(#6103),#6107);
#6103 = LINE('',#6104,#6105);
#6104 = CARTESIAN_POINT('',(0.,0.));
#6105 = VECTOR('',#6106,1.);
#6106 = DIRECTION('',(0.,1.));
#6107 = ( GEOMETRIC_REPRESENTATION_CONTEXT(2) 
PARAMETRIC_REPRESENTATION_CONTEXT() REPRESENTATION_CONTEXT('2D SPACE',''
  ) );
#6108 = ORIENTED_EDGE('',*,*,#6109,.F.);
#6109 = EDGE_CURVE('',#5807,#6047,#6110,.T.);
#6110 = SURFACE_CURVE('',#6111,(#6115,#6122),.PCURVE_S1.);
#6111 = LINE('',#6112,#6113);
#6112 = CARTESIAN_POINT('',(10.22,-22.1,1.01));
#6113 = VECTOR('',#6114,1.);
#6114 = DIRECTION('',(-0.,-0.894427191,-0.4472135955));
#6115 = PCURVE('',#5829,#6116);
#6116 = DEFINITIONAL_REPRESENTATION('',(#6117),#6121);
#6117 = LINE('',#6118,#6119);
#6118 = CARTESIAN_POINT('',(0.,-40.22));
#6119 = VECTOR('',#6120,1.);
#6120 = DIRECTION('',(1.,0.));
#6121 = ( GEOMETRIC_REPRESENTATION_CONTEXT(2) 
PARAMETRIC_REPRESENTATION_CONTEXT() REPRESENTATION_CONTEXT('2D SPACE',''
  ) );
#6122 = PCURVE('',#6123,#6128);
#6123 = CYLINDRICAL_SURFACE('',#6124,0.22);
#6124 = AXIS2_PLACEMENT_3D('',#6125,#6126,#6127);
#6125 = CARTESIAN_POINT('',(10.22,-22.00161300899,0.81322601798));
#6126 = DIRECTION('',(-0.,-0.894427191,-0.4472135955));
#6127 = DIRECTION('',(-0.,-0.4472135955,0.894427191));
#6128 = DEFINITIONAL_REPRESENTATION('',(#6129),#6133);
#6129 = LINE('',#6130,#6131);
#6130 = CARTESIAN_POINT('',(0.,0.));
#6131 = VECTOR('',#6132,1.);
#6132 = DIRECTION('',(0.,1.));
#6133 = ( GEOMETRIC_REPRESENTATION_CONTEXT(2) 
PARAMETRIC_REPRESENTATION_CONTEXT() REPRESENTATION_CONTEXT('2D SPACE',''
  ) );
#6134 = ADVANCED_FACE('',(#6135),#5857,.T.);
#6135 = FACE_BOUND('',#6136,.T.);
#6136 = EDGE_LOOP('',(#6137,#6169,#6197,#6217));
#6137 = ORIENTED_EDGE('',*,*,#6138,.T.);
#6138 = EDGE_CURVE('',#5842,#6139,#6141,.T.);
#6139 = VERTEX_POINT('',#6140);
#6140 = CARTESIAN_POINT('',(10.,-17.65151363573,2.566356732922));
#6141 = SURFACE_CURVE('',#6142,(#6147,#6158),.PCURVE_S1.);
#6142 = ELLIPSE('',#6143,0.311126983722,0.22);
#6143 = AXIS2_PLACEMENT_3D('',#6144,#6145,#6146);
#6144 = CARTESIAN_POINT('',(10.22,-17.85555361263,2.484090775049));
#6145 = DIRECTION('',(-0.707106781187,-0.655809324102,-0.264412803058));
#6146 = DIRECTION('',(0.707106781187,-0.655809324102,-0.264412803058));
#6147 = PCURVE('',#5857,#6148);
#6148 = DEFINITIONAL_REPRESENTATION('',(#6149),#6157);
#6149 = B_SPLINE_CURVE_WITH_KNOTS('',6,(#6150,#6151,#6152,#6153,#6154,
    #6155,#6156),.UNSPECIFIED.,.F.,.F.,(7,7),(1.570796326795,
    3.14159265359),.PIECEWISE_BEZIER_KNOTS.);
#6150 = CARTESIAN_POINT('',(-2.22044604925E-16,0.325909224951));
#6151 = CARTESIAN_POINT('',(0.261799387799,0.268313359635));
#6152 = CARTESIAN_POINT('',(0.523597766434,0.210721825451));
#6153 = CARTESIAN_POINT('',(0.785397942699,0.160208009676));
#6154 = CARTESIAN_POINT('',(1.047198797504,0.123999249228));
#6155 = CARTESIAN_POINT('',(1.308996938996,0.105909224951));
#6156 = CARTESIAN_POINT('',(1.570796326795,0.105909224951));
#6157 = ( GEOMETRIC_REPRESENTATION_CONTEXT(2) 
PARAMETRIC_REPRESENTATION_CONTEXT() REPRESENTATION_CONTEXT('2D SPACE',''
  ) );
#6158 = PCURVE('',#5885,#6159);
#6159 = DEFINITIONAL_REPRESENTATION('',(#6160),#6168);
#6160 = B_SPLINE_CURVE_WITH_KNOTS('',6,(#6161,#6162,#6163,#6164,#6165,
    #6166,#6167),.UNSPECIFIED.,.F.,.F.,(7,7),(1.570796326795,
    3.14159265359),.PIECEWISE_BEZIER_KNOTS.);
#6161 = CARTESIAN_POINT('',(7.993605777301E-15,0.22));
#6162 = CARTESIAN_POINT('',(-0.261799387799,0.162404134684));
#6163 = CARTESIAN_POINT('',(-0.523597766434,0.1048126005));
#6164 = CARTESIAN_POINT('',(-0.785397942699,5.429878472523E-02));
#6165 = CARTESIAN_POINT('',(-1.047198797504,1.809002427734E-02));
#6166 = CARTESIAN_POINT('',(-1.308996938996,-2.931682674401E-17));
#6167 = CARTESIAN_POINT('',(-1.570796326795,-1.387778780781E-17));
#6168 = ( GEOMETRIC_REPRESENTATION_CONTEXT(2) 
PARAMETRIC_REPRESENTATION_CONTEXT() REPRESENTATION_CONTEXT('2D SPACE',''
  ) );
#6169 = ORIENTED_EDGE('',*,*,#6170,.T.);
#6170 = EDGE_CURVE('',#6139,#6171,#6173,.T.);
#6171 = VERTEX_POINT('',#6172);
#6172 = CARTESIAN_POINT('',(10.,-22.01773404212,0.805960023095));
#6173 = SURFACE_CURVE('',#6174,(#6178,#6185),.PCURVE_S1.);
#6174 = LINE('',#6175,#6176);
#6175 = CARTESIAN_POINT('',(10.,-17.55328765476,2.605960023095));
#6176 = VECTOR('',#6177,1.);
#6177 = DIRECTION('',(-0.,-0.927454440476,-0.373936172149));
#6178 = PCURVE('',#5857,#6179);
#6179 = DEFINITIONAL_REPRESENTATION('',(#6180),#6184);
#6180 = LINE('',#6181,#6182);
#6181 = CARTESIAN_POINT('',(1.570796326795,0.));
#6182 = VECTOR('',#6183,1.);
#6183 = DIRECTION('',(0.,1.));
#6184 = ( GEOMETRIC_REPRESENTATION_CONTEXT(2) 
PARAMETRIC_REPRESENTATION_CONTEXT() REPRESENTATION_CONTEXT('2D SPACE',''
  ) );
#6185 = PCURVE('',#6186,#6191);
#6186 = PLANE('',#6187);
#6187 = AXIS2_PLACEMENT_3D('',#6188,#6189,#6190);
#6188 = CARTESIAN_POINT('',(10.,-23.3,-7.55));
#6189 = DIRECTION('',(-1.,0.,0.));
#6190 = DIRECTION('',(0.,1.,0.));
#6191 = DEFINITIONAL_REPRESENTATION('',(#6192),#6196);
#6192 = LINE('',#6193,#6194);
#6193 = CARTESIAN_POINT('',(5.746712345236,-10.15596002309));
#6194 = VECTOR('',#6195,1.);
#6195 = DIRECTION('',(-0.927454440476,0.373936172149));
#6196 = ( GEOMETRIC_REPRESENTATION_CONTEXT(2) 
PARAMETRIC_REPRESENTATION_CONTEXT() REPRESENTATION_CONTEXT('2D SPACE',''
  ) );
#6197 = ORIENTED_EDGE('',*,*,#6198,.F.);
#6198 = EDGE_CURVE('',#5807,#6171,#6199,.T.);
#6199 = SURFACE_CURVE('',#6200,(#6205,#6211),.PCURVE_S1.);
#6200 = CIRCLE('',#6201,0.22);
#6201 = AXIS2_PLACEMENT_3D('',#6202,#6203,#6204);
#6202 = CARTESIAN_POINT('',(10.22,-22.01773404212,0.805960023095));
#6203 = DIRECTION('',(-0.,-0.927454440476,-0.373936172149));
#6204 = DIRECTION('',(-0.,-0.373936172149,0.927454440476));
#6205 = PCURVE('',#5857,#6206);
#6206 = DEFINITIONAL_REPRESENTATION('',(#6207),#6210);
#6207 = B_SPLINE_CURVE_WITH_KNOTS('',1,(#6208,#6209),.UNSPECIFIED.,.F.,
  .F.,(2,2),(0.,1.570796326795),.PIECEWISE_BEZIER_KNOTS.);
#6208 = CARTESIAN_POINT('',(0.,4.813655736095));
#6209 = CARTESIAN_POINT('',(1.570796326795,4.813655736095));
#6210 = ( GEOMETRIC_REPRESENTATION_CONTEXT(2) 
PARAMETRIC_REPRESENTATION_CONTEXT() REPRESENTATION_CONTEXT('2D SPACE',''
  ) );
#6211 = PCURVE('',#6123,#6212);
#6212 = DEFINITIONAL_REPRESENTATION('',(#6213),#6216);
#6213 = B_SPLINE_CURVE_WITH_KNOTS('',1,(#6214,#6215),.UNSPECIFIED.,.F.,
  .F.,(2,2),(0.,1.570796326795),.PIECEWISE_BEZIER_KNOTS.);
#6214 = CARTESIAN_POINT('',(0.,0.));
#6215 = CARTESIAN_POINT('',(1.570796326795,0.));
#6216 = ( GEOMETRIC_REPRESENTATION_CONTEXT(2) 
PARAMETRIC_REPRESENTATION_CONTEXT() REPRESENTATION_CONTEXT('2D SPACE',''
  ) );
#6217 = ORIENTED_EDGE('',*,*,#5841,.F.);
#6218 = ADVANCED_FACE('',(#6219),#5911,.T.);
#6219 = FACE_BOUND('',#6220,.T.);
#6220 = EDGE_LOOP('',(#6221,#6245,#6273,#6303));
#6221 = ORIENTED_EDGE('',*,*,#6222,.T.);
#6222 = EDGE_CURVE('',#5809,#6223,#6225,.T.);
#6223 = VERTEX_POINT('',#6224);
#6224 = CARTESIAN_POINT('',(12.068148849111,-22.01324832617,
    0.81322601798));
#6225 = SURFACE_CURVE('',#6226,(#6231,#6239),.PCURVE_S1.);
#6226 = CIRCLE('',#6227,0.22);
#6227 = AXIS2_PLACEMENT_3D('',#6228,#6229,#6230);
#6228 = CARTESIAN_POINT('',(11.848456747764,-22.00161300899,
    0.81322601798));
#6229 = DIRECTION('',(4.731752834854E-02,0.89342534171,0.446712670855));
#6230 = DIRECTION('',(6.938893903907E-18,-0.4472135955,0.894427191));
#6231 = PCURVE('',#5911,#6232);
#6232 = DEFINITIONAL_REPRESENTATION('',(#6233),#6238);
#6233 = B_SPLINE_CURVE_WITH_KNOTS('',3,(#6234,#6235,#6236,#6237),
  .UNSPECIFIED.,.F.,.F.,(4,4),(0.,1.547141975368),
  .PIECEWISE_BEZIER_KNOTS.);
#6234 = CARTESIAN_POINT('',(-2.22044604925E-16,-1.059470903108E-02));
#6235 = CARTESIAN_POINT('',(0.515713991789,-1.059470903108E-02));
#6236 = CARTESIAN_POINT('',(1.035304382113,-1.059470903108E-02));
#6237 = CARTESIAN_POINT('',(1.551018373903,-1.059470903108E-02));
#6238 = ( GEOMETRIC_REPRESENTATION_CONTEXT(2) 
PARAMETRIC_REPRESENTATION_CONTEXT() REPRESENTATION_CONTEXT('2D SPACE',''
  ) );
#6239 = PCURVE('',#5943,#6240);
#6240 = DEFINITIONAL_REPRESENTATION('',(#6241),#6244);
#6241 = B_SPLINE_CURVE_WITH_KNOTS('',1,(#6242,#6243),.UNSPECIFIED.,.F.,
  .F.,(2,2),(0.,1.547141975368),.PIECEWISE_BEZIER_KNOTS.);
#6242 = CARTESIAN_POINT('',(0.,0.537899084669));
#6243 = CARTESIAN_POINT('',(1.547141975368,0.537899084669));
#6244 = ( GEOMETRIC_REPRESENTATION_CONTEXT(2) 
PARAMETRIC_REPRESENTATION_CONTEXT() REPRESENTATION_CONTEXT('2D SPACE',''
  ) );
#6245 = ORIENTED_EDGE('',*,*,#6246,.T.);
#6246 = EDGE_CURVE('',#6223,#6247,#6249,.T.);
#6247 = VERTEX_POINT('',#6248);
#6248 = CARTESIAN_POINT('',(12.299066446728,-17.65318048749,
    2.570375873529));
#6249 = SURFACE_CURVE('',#6250,(#6254,#6261),.PCURVE_S1.);
#6250 = LINE('',#6251,#6252);
#6251 = CARTESIAN_POINT('',(12.067814831167,-22.01955508195,
    0.809916997312));
#6252 = VECTOR('',#6253,1.);
#6253 = DIRECTION('',(4.906062510598E-02,0.926337602145,0.373485879141)
  );
#6254 = PCURVE('',#5911,#6255);
#6255 = DEFINITIONAL_REPRESENTATION('',(#6256),#6260);
#6256 = LINE('',#6257,#6258);
#6257 = CARTESIAN_POINT('',(1.551018373903,0.));
#6258 = VECTOR('',#6259,1.);
#6259 = DIRECTION('',(0.,1.));
#6260 = ( GEOMETRIC_REPRESENTATION_CONTEXT(2) 
PARAMETRIC_REPRESENTATION_CONTEXT() REPRESENTATION_CONTEXT('2D SPACE',''
  ) );
#6261 = PCURVE('',#6262,#6267);
#6262 = PLANE('',#6263);
#6263 = AXIS2_PLACEMENT_3D('',#6264,#6265,#6266);
#6264 = CARTESIAN_POINT('',(12.3,-17.63555361263,-7.55));
#6265 = DIRECTION('',(0.998600460665,-5.288780539399E-02,0.));
#6266 = DIRECTION('',(-5.288780539399E-02,-0.998600460665,0.));
#6267 = DEFINITIONAL_REPRESENTATION('',(#6268),#6272);
#6268 = LINE('',#6269,#6270);
#6269 = CARTESIAN_POINT('',(4.390145650842,-8.359916997312));
#6270 = VECTOR('',#6271,1.);
#6271 = DIRECTION('',(-0.927635865026,-0.373485879141));
#6272 = ( GEOMETRIC_REPRESENTATION_CONTEXT(2) 
PARAMETRIC_REPRESENTATION_CONTEXT() REPRESENTATION_CONTEXT('2D SPACE',''
  ) );
#6273 = ORIENTED_EDGE('',*,*,#6274,.F.);
#6274 = EDGE_CURVE('',#5870,#6247,#6275,.T.);
#6275 = SURFACE_CURVE('',#6276,(#6281,#6292),.PCURVE_S1.);
#6276 = ELLIPSE('',#6277,0.319051847289,0.22);
#6277 = AXIS2_PLACEMENT_3D('',#6278,#6279,#6280);
#6278 = CARTESIAN_POINT('',(12.068040045733,-17.85555361263,
    2.484090775049));
#6279 = DIRECTION('',(-0.6895431005,0.671703916313,0.270821271991));
#6280 = DIRECTION('',(0.724244649654,0.639519810458,0.257845107533));
#6281 = PCURVE('',#5911,#6282);
#6282 = DEFINITIONAL_REPRESENTATION('',(#6283),#6291);
#6283 = B_SPLINE_CURVE_WITH_KNOTS('',6,(#6284,#6285,#6286,#6287,#6288,
    #6289,#6290),.UNSPECIFIED.,.F.,.F.,(7,7),(4.71238830208,
    6.263407354287),.PIECEWISE_BEZIER_KNOTS.);
#6284 = CARTESIAN_POINT('',(-6.783045318759E-07,4.482562294057));
#6285 = CARTESIAN_POINT('',(0.258502497063,4.542295034678));
#6286 = CARTESIAN_POINT('',(0.517004611067,4.602023582344));
#6287 = CARTESIAN_POINT('',(0.775508756979,4.654594316841));
#6288 = CARTESIAN_POINT('',(1.034013190813,4.69270468324));
#6289 = CARTESIAN_POINT('',(1.292515198535,4.712407537477));
#6290 = CARTESIAN_POINT('',(1.551018373903,4.713588851789));
#6291 = ( GEOMETRIC_REPRESENTATION_CONTEXT(2) 
PARAMETRIC_REPRESENTATION_CONTEXT() REPRESENTATION_CONTEXT('2D SPACE',''
  ) );
#6292 = PCURVE('',#5885,#6293);
#6293 = DEFINITIONAL_REPRESENTATION('',(#6294),#6302);
#6294 = B_SPLINE_CURVE_WITH_KNOTS('',6,(#6295,#6296,#6297,#6298,#6299,
    #6300,#6301),.UNSPECIFIED.,.F.,.F.,(7,7),(4.71238830208,
    6.263407354287),.PIECEWISE_BEZIER_KNOTS.);
#6295 = CARTESIAN_POINT('',(6.783045237713E-07,2.068039888996));
#6296 = CARTESIAN_POINT('',(-0.258502497063,2.127772629618));
#6297 = CARTESIAN_POINT('',(-0.517004611067,2.187501177284));
#6298 = CARTESIAN_POINT('',(-0.775508756979,2.240071911781));
#6299 = CARTESIAN_POINT('',(-1.034013190813,2.27818227818));
#6300 = CARTESIAN_POINT('',(-1.292515198535,2.297885132417));
#6301 = CARTESIAN_POINT('',(-1.551018373903,2.299066446728));
#6302 = ( GEOMETRIC_REPRESENTATION_CONTEXT(2) 
PARAMETRIC_REPRESENTATION_CONTEXT() REPRESENTATION_CONTEXT('2D SPACE',''
  ) );
#6303 = ORIENTED_EDGE('',*,*,#5897,.F.);
#6304 = ADVANCED_FACE('',(#6305),#5885,.T.);
#6305 = FACE_BOUND('',#6306,.F.);
#6306 = EDGE_LOOP('',(#6307,#6308,#6332,#6360,#6389,#6390));
#6307 = ORIENTED_EDGE('',*,*,#6138,.T.);
#6308 = ORIENTED_EDGE('',*,*,#6309,.T.);
#6309 = EDGE_CURVE('',#6139,#6310,#6312,.T.);
#6310 = VERTEX_POINT('',#6311);
#6311 = CARTESIAN_POINT('',(10.,-17.63555361263,2.484090775049));
#6312 = SURFACE_CURVE('',#6313,(#6318,#6325),.PCURVE_S1.);
#6313 = CIRCLE('',#6314,0.22);
#6314 = AXIS2_PLACEMENT_3D('',#6315,#6316,#6317);
#6315 = CARTESIAN_POINT('',(10.,-17.85555361263,2.484090775049));
#6316 = DIRECTION('',(-1.,0.,-0.));
#6317 = DIRECTION('',(-0.,0.,1.));
#6318 = PCURVE('',#5885,#6319);
#6319 = DEFINITIONAL_REPRESENTATION('',(#6320),#6324);
#6320 = LINE('',#6321,#6322);
#6321 = CARTESIAN_POINT('',(-0.383249468336,0.));
#6322 = VECTOR('',#6323,1.);
#6323 = DIRECTION('',(-1.,0.));
#6324 = ( GEOMETRIC_REPRESENTATION_CONTEXT(2) 
PARAMETRIC_REPRESENTATION_CONTEXT() REPRESENTATION_CONTEXT('2D SPACE',''
  ) );
#6325 = PCURVE('',#6186,#6326);
#6326 = DEFINITIONAL_REPRESENTATION('',(#6327),#6331);
#6327 = CIRCLE('',#6328,0.22);
#6328 = AXIS2_PLACEMENT_2D('',#6329,#6330);
#6329 = CARTESIAN_POINT('',(5.444446387363,-10.03409077504));
#6330 = DIRECTION('',(0.,-1.));
#6331 = ( GEOMETRIC_REPRESENTATION_CONTEXT(2) 
PARAMETRIC_REPRESENTATION_CONTEXT() REPRESENTATION_CONTEXT('2D SPACE',''
  ) );
#6332 = ORIENTED_EDGE('',*,*,#6333,.T.);
#6333 = EDGE_CURVE('',#6310,#6334,#6336,.T.);
#6334 = VERTEX_POINT('',#6335);
#6335 = CARTESIAN_POINT('',(12.3,-17.63555361263,2.484090775049));
#6336 = SURFACE_CURVE('',#6337,(#6341,#6348),.PCURVE_S1.);
#6337 = LINE('',#6338,#6339);
#6338 = CARTESIAN_POINT('',(10.,-17.63555361263,2.484090775049));
#6339 = VECTOR('',#6340,1.);
#6340 = DIRECTION('',(1.,0.,0.));
#6341 = PCURVE('',#5885,#6342);
#6342 = DEFINITIONAL_REPRESENTATION('',(#6343),#6347);
#6343 = LINE('',#6344,#6345);
#6344 = CARTESIAN_POINT('',(-1.954045795131,0.));
#6345 = VECTOR('',#6346,1.);
#6346 = DIRECTION('',(-0.,1.));
#6347 = ( GEOMETRIC_REPRESENTATION_CONTEXT(2) 
PARAMETRIC_REPRESENTATION_CONTEXT() REPRESENTATION_CONTEXT('2D SPACE',''
  ) );
#6348 = PCURVE('',#6349,#6354);
#6349 = PLANE('',#6350);
#6350 = AXIS2_PLACEMENT_3D('',#6351,#6352,#6353);
#6351 = CARTESIAN_POINT('',(-30.,-17.63555361263,-6.2));
#6352 = DIRECTION('',(0.,-1.,0.));
#6353 = DIRECTION('',(0.,0.,1.));
#6354 = DEFINITIONAL_REPRESENTATION('',(#6355),#6359);
#6355 = LINE('',#6356,#6357);
#6356 = CARTESIAN_POINT('',(8.684090775049,-40.));
#6357 = VECTOR('',#6358,1.);
#6358 = DIRECTION('',(0.,-1.));
#6359 = ( GEOMETRIC_REPRESENTATION_CONTEXT(2) 
PARAMETRIC_REPRESENTATION_CONTEXT() REPRESENTATION_CONTEXT('2D SPACE',''
  ) );
#6360 = ORIENTED_EDGE('',*,*,#6361,.F.);
#6361 = EDGE_CURVE('',#6247,#6334,#6362,.T.);
#6362 = SURFACE_CURVE('',#6363,(#6368,#6378),.PCURVE_S1.);
#6363 = ELLIPSE('',#6364,0.220308330174,0.22);
#6364 = AXIS2_PLACEMENT_3D('',#6365,#6366,#6367);
#6365 = CARTESIAN_POINT('',(12.288348375907,-17.85555361263,
    2.484090775049));
#6366 = DIRECTION('',(-0.998600460665,5.288780539399E-02,0.));
#6367 = DIRECTION('',(5.288780539399E-02,0.998600460665,0.));
#6368 = PCURVE('',#5885,#6369);
#6369 = DEFINITIONAL_REPRESENTATION('',(#6370),#6377);
#6370 = B_SPLINE_CURVE_WITH_KNOTS('',5,(#6371,#6372,#6373,#6374,#6375,
    #6376),.UNSPECIFIED.,.F.,.F.,(6,6),(5.880157885951,6.28318530718),
  .PIECEWISE_BEZIER_KNOTS.);
#6371 = CARTESIAN_POINT('',(-1.551018373903,2.299066446728));
#6372 = CARTESIAN_POINT('',(-1.631623858148,2.299434799697));
#6373 = CARTESIAN_POINT('',(-1.712229342394,2.29971610674));
#6374 = CARTESIAN_POINT('',(-1.79283482664,2.299905372184));
#6375 = CARTESIAN_POINT('',(-1.873440310885,2.3));
#6376 = CARTESIAN_POINT('',(-1.954045795131,2.3));
#6377 = ( GEOMETRIC_REPRESENTATION_CONTEXT(2) 
PARAMETRIC_REPRESENTATION_CONTEXT() REPRESENTATION_CONTEXT('2D SPACE',''
  ) );
#6378 = PCURVE('',#6262,#6379);
#6379 = DEFINITIONAL_REPRESENTATION('',(#6380),#6388);
#6380 = ( BOUNDED_CURVE() B_SPLINE_CURVE(2,(#6381,#6382,#6383,#6384,
#6385,#6386,#6387),.UNSPECIFIED.,.T.,.F.) B_SPLINE_CURVE_WITH_KNOTS((1,2
    ,2,2,2,1),(-2.094395102393,0.,2.094395102393,4.188790204786,
6.28318530718,8.377580409573),.UNSPECIFIED.) CURVE() 
GEOMETRIC_REPRESENTATION_ITEM() RATIONAL_B_SPLINE_CURVE((1.,0.5,1.,0.5,
1.,0.5,1.)) REPRESENTATION_ITEM('') );
#6381 = CARTESIAN_POINT('',(-9.71445146547E-16,-10.03409077504));
#6382 = CARTESIAN_POINT('',(-9.71445146547E-16,-9.653039597384));
#6383 = CARTESIAN_POINT('',(0.330462495261,-9.843565186216));
#6384 = CARTESIAN_POINT('',(0.660924990522,-10.03409077504));
#6385 = CARTESIAN_POINT('',(0.330462495261,-10.22461636388));
#6386 = CARTESIAN_POINT('',(-6.383782391595E-16,-10.41514195271));
#6387 = CARTESIAN_POINT('',(-9.71445146547E-16,-10.03409077504));
#6388 = ( GEOMETRIC_REPRESENTATION_CONTEXT(2) 
PARAMETRIC_REPRESENTATION_CONTEXT() REPRESENTATION_CONTEXT('2D SPACE',''
  ) );
#6389 = ORIENTED_EDGE('',*,*,#6274,.F.);
#6390 = ORIENTED_EDGE('',*,*,#5869,.F.);
#6391 = ADVANCED_FACE('',(#6392),#6123,.T.);
#6392 = FACE_BOUND('',#6393,.T.);
#6393 = EDGE_LOOP('',(#6394,#6395,#6418,#6442));
#6394 = ORIENTED_EDGE('',*,*,#6198,.T.);
#6395 = ORIENTED_EDGE('',*,*,#6396,.T.);
#6396 = EDGE_CURVE('',#6171,#6397,#6399,.T.);
#6397 = VERTEX_POINT('',#6398);
#6398 = CARTESIAN_POINT('',(10.,-22.55,0.539032522475));
#6399 = SURFACE_CURVE('',#6400,(#6404,#6411),.PCURVE_S1.);
#6400 = LINE('',#6401,#6402);
#6401 = CARTESIAN_POINT('',(10.,-22.00161300899,0.81322601798));
#6402 = VECTOR('',#6403,1.);
#6403 = DIRECTION('',(-0.,-0.894427191,-0.4472135955));
#6404 = PCURVE('',#6123,#6405);
#6405 = DEFINITIONAL_REPRESENTATION('',(#6406),#6410);
#6406 = LINE('',#6407,#6408);
#6407 = CARTESIAN_POINT('',(1.570796326795,0.));
#6408 = VECTOR('',#6409,1.);
#6409 = DIRECTION('',(0.,1.));
#6410 = ( GEOMETRIC_REPRESENTATION_CONTEXT(2) 
PARAMETRIC_REPRESENTATION_CONTEXT() REPRESENTATION_CONTEXT('2D SPACE',''
  ) );
#6411 = PCURVE('',#6186,#6412);
#6412 = DEFINITIONAL_REPRESENTATION('',(#6413),#6417);
#6413 = LINE('',#6414,#6415);
#6414 = CARTESIAN_POINT('',(1.29838699101,-8.36322601798));
#6415 = VECTOR('',#6416,1.);
#6416 = DIRECTION('',(-0.894427191,0.4472135955));
#6417 = ( GEOMETRIC_REPRESENTATION_CONTEXT(2) 
PARAMETRIC_REPRESENTATION_CONTEXT() REPRESENTATION_CONTEXT('2D SPACE',''
  ) );
#6418 = ORIENTED_EDGE('',*,*,#6419,.F.);
#6419 = EDGE_CURVE('',#6047,#6397,#6420,.T.);
#6420 = SURFACE_CURVE('',#6421,(#6426,#6432),.PCURVE_S1.);
#6421 = CIRCLE('',#6422,0.22);
#6422 = AXIS2_PLACEMENT_3D('',#6423,#6424,#6425);
#6423 = CARTESIAN_POINT('',(10.22,-22.55,0.539032522475));
#6424 = DIRECTION('',(-0.,-0.894427191,-0.4472135955));
#6425 = DIRECTION('',(-0.,-0.4472135955,0.894427191));
#6426 = PCURVE('',#6123,#6427);
#6427 = DEFINITIONAL_REPRESENTATION('',(#6428),#6431);
#6428 = B_SPLINE_CURVE_WITH_KNOTS('',1,(#6429,#6430),.UNSPECIFIED.,.F.,
  .F.,(2,2),(0.,1.570796326795),.PIECEWISE_BEZIER_KNOTS.);
#6429 = CARTESIAN_POINT('',(0.,0.613115294937));
#6430 = CARTESIAN_POINT('',(1.570796326795,0.613115294937));
#6431 = ( GEOMETRIC_REPRESENTATION_CONTEXT(2) 
PARAMETRIC_REPRESENTATION_CONTEXT() REPRESENTATION_CONTEXT('2D SPACE',''
  ) );
#6432 = PCURVE('',#6074,#6433);
#6433 = DEFINITIONAL_REPRESENTATION('',(#6434),#6441);
#6434 = B_SPLINE_CURVE_WITH_KNOTS('',5,(#6435,#6436,#6437,#6438,#6439,
    #6440),.UNSPECIFIED.,.F.,.F.,(6,6),(0.,1.570796326795),
  .PIECEWISE_BEZIER_KNOTS.);
#6435 = CARTESIAN_POINT('',(-1.110223024625E-16,5.42702553498));
#6436 = CARTESIAN_POINT('',(0.252875423819,5.42702553498));
#6437 = CARTESIAN_POINT('',(0.464775841999,5.42702553498));
#6438 = CARTESIAN_POINT('',(0.673561884666,5.42702553498));
#6439 = CARTESIAN_POINT('',(0.885463926277,5.42702553498));
#6440 = CARTESIAN_POINT('',(1.138339350096,5.42702553498));
#6441 = ( GEOMETRIC_REPRESENTATION_CONTEXT(2) 
PARAMETRIC_REPRESENTATION_CONTEXT() REPRESENTATION_CONTEXT('2D SPACE',''
  ) );
#6442 = ORIENTED_EDGE('',*,*,#6109,.F.);
#6443 = ADVANCED_FACE('',(#6444),#5943,.T.);
#6444 = FACE_BOUND('',#6445,.T.);
#6445 = EDGE_LOOP('',(#6446,#6469,#6490,#6491));
#6446 = ORIENTED_EDGE('',*,*,#6447,.T.);
#6447 = EDGE_CURVE('',#5928,#6448,#6450,.T.);
#6448 = VERTEX_POINT('',#6449);
#6449 = CARTESIAN_POINT('',(12.037620665677,-22.58966585404,
    0.525017264088));
#6450 = SURFACE_CURVE('',#6451,(#6455,#6463),.PCURVE_S1.);
#6451 = ( BOUNDED_CURVE() B_SPLINE_CURVE(2,(#6452,#6453,#6454),
.UNSPECIFIED.,.F.,.F.) B_SPLINE_CURVE_WITH_KNOTS((3,3),(0.,1.09672343493
),.PIECEWISE_BEZIER_KNOTS.) CURVE() GEOMETRIC_REPRESENTATION_ITEM() 
RATIONAL_B_SPLINE_CURVE((1.,0.715420221421,1.)) REPRESENTATION_ITEM('') 
  );
#6452 = CARTESIAN_POINT('',(11.817948286068,-22.67605233261,
    0.721973833691));
#6453 = CARTESIAN_POINT('',(12.032544984556,-22.68550226601,
    0.717248866993));
#6454 = CARTESIAN_POINT('',(12.037620665677,-22.58966585404,
    0.525017264088));
#6455 = PCURVE('',#5943,#6456);
#6456 = DEFINITIONAL_REPRESENTATION('',(#6457),#6462);
#6457 = B_SPLINE_CURVE_WITH_KNOTS('',3,(#6458,#6459,#6460,#6461),
  .UNSPECIFIED.,.F.,.F.,(4,4),(0.,1.09672343493),
  .PIECEWISE_BEZIER_KNOTS.);
#6458 = CARTESIAN_POINT('',(0.,-0.10727796702));
#6459 = CARTESIAN_POINT('',(0.465796286795,-0.10727796702));
#6460 = CARTESIAN_POINT('',(1.081345688573,-0.10727796702));
#6461 = CARTESIAN_POINT('',(1.547141975368,-0.10727796702));
#6462 = ( GEOMETRIC_REPRESENTATION_CONTEXT(2) 
PARAMETRIC_REPRESENTATION_CONTEXT() REPRESENTATION_CONTEXT('2D SPACE',''
  ) );
#6463 = PCURVE('',#5983,#6464);
#6464 = DEFINITIONAL_REPRESENTATION('',(#6465),#6468);
#6465 = B_SPLINE_CURVE_WITH_KNOTS('',1,(#6466,#6467),.UNSPECIFIED.,.F.,
  .F.,(2,2),(0.,1.09672343493),.PIECEWISE_BEZIER_KNOTS.);
#6466 = CARTESIAN_POINT('',(0.,8.200758640184));
#6467 = CARTESIAN_POINT('',(1.09672343493,8.200758640184));
#6468 = ( GEOMETRIC_REPRESENTATION_CONTEXT(2) 
PARAMETRIC_REPRESENTATION_CONTEXT() REPRESENTATION_CONTEXT('2D SPACE',''
  ) );
#6469 = ORIENTED_EDGE('',*,*,#6470,.T.);
#6470 = EDGE_CURVE('',#6448,#6223,#6471,.T.);
#6471 = SURFACE_CURVE('',#6472,(#6476,#6483),.PCURVE_S1.);
#6472 = LINE('',#6473,#6474);
#6473 = CARTESIAN_POINT('',(12.042696793923,-22.4938209997,
    0.572939681217));
#6474 = VECTOR('',#6475,1.);
#6475 = DIRECTION('',(4.731752834854E-02,0.89342534171,0.446712670855));
#6476 = PCURVE('',#5943,#6477);
#6477 = DEFINITIONAL_REPRESENTATION('',(#6478),#6482);
#6478 = LINE('',#6479,#6480);
#6479 = CARTESIAN_POINT('',(1.547141975368,0.));
#6480 = VECTOR('',#6481,1.);
#6481 = DIRECTION('',(0.,1.));
#6482 = ( GEOMETRIC_REPRESENTATION_CONTEXT(2) 
PARAMETRIC_REPRESENTATION_CONTEXT() REPRESENTATION_CONTEXT('2D SPACE',''
  ) );
#6483 = PCURVE('',#6262,#6484);
#6484 = DEFINITIONAL_REPRESENTATION('',(#6485),#6489);
#6485 = LINE('',#6486,#6487);
#6486 = CARTESIAN_POINT('',(4.865076252648,-8.122939681217));
#6487 = VECTOR('',#6488,1.);
#6488 = DIRECTION('',(-0.894677478032,-0.446712670855));
#6489 = ( GEOMETRIC_REPRESENTATION_CONTEXT(2) 
PARAMETRIC_REPRESENTATION_CONTEXT() REPRESENTATION_CONTEXT('2D SPACE',''
  ) );
#6490 = ORIENTED_EDGE('',*,*,#6222,.F.);
#6491 = ORIENTED_EDGE('',*,*,#5927,.F.);
#6492 = ADVANCED_FACE('',(#6493),#6074,.T.);
#6493 = FACE_BOUND('',#6494,.T.);
#6494 = EDGE_LOOP('',(#6495,#6496,#6536,#6561));
#6495 = ORIENTED_EDGE('',*,*,#6419,.T.);
#6496 = ORIENTED_EDGE('',*,*,#6497,.T.);
#6497 = EDGE_CURVE('',#6397,#6498,#6500,.T.);
#6498 = VERTEX_POINT('',#6499);
#6499 = CARTESIAN_POINT('',(10.75,-23.3,0.274032522475));
#6500 = SURFACE_CURVE('',#6501,(#6511,#6518),.PCURVE_S1.);
#6501 = ( BOUNDED_CURVE() B_SPLINE_CURVE(8,(#6502,#6503,#6504,#6505,
    #6506,#6507,#6508,#6509,#6510),.UNSPECIFIED.,.F.,.F.) 
B_SPLINE_CURVE_WITH_KNOTS((9,9),(5.42702553498,6.565364885076),
.PIECEWISE_BEZIER_KNOTS.) CURVE() GEOMETRIC_REPRESENTATION_ITEM() 
RATIONAL_B_SPLINE_CURVE((1.,1.,1.,1.,1.,1.,1.,1.,1.)) 
REPRESENTATION_ITEM('') );
#6502 = CARTESIAN_POINT('',(10.,-22.55,0.539032522475));
#6503 = CARTESIAN_POINT('',(10.,-22.69209890001,0.488824288516));
#6504 = CARTESIAN_POINT('',(10.030804889325,-22.83048830959,
    0.439931311534));
#6505 = CARTESIAN_POINT('',(10.089305266061,-22.9641332622,
    0.392948303609));
#6506 = CARTESIAN_POINT('',(10.179855623575,-23.09217219892,
    0.348711164512));
#6507 = CARTESIAN_POINT('',(10.304826528795,-23.19729336198,
    0.310458749844));
#6508 = CARTESIAN_POINT('',(10.451099507501,-23.26702705779,
    0.285737212155));
#6509 = CARTESIAN_POINT('',(10.602841599882,-23.3,0.274032522475));
#6510 = CARTESIAN_POINT('',(10.75,-23.3,0.274032522475));
#6511 = PCURVE('',#6074,#6512);
#6512 = DEFINITIONAL_REPRESENTATION('',(#6513),#6517);
#6513 = LINE('',#6514,#6515);
#6514 = CARTESIAN_POINT('',(1.138339350096,0.));
#6515 = VECTOR('',#6516,1.);
#6516 = DIRECTION('',(0.,1.));
#6517 = ( GEOMETRIC_REPRESENTATION_CONTEXT(2) 
PARAMETRIC_REPRESENTATION_CONTEXT() REPRESENTATION_CONTEXT('2D SPACE',''
  ) );
#6518 = PCURVE('',#6519,#6524);
#6519 = CYLINDRICAL_SURFACE('',#6520,0.75);
#6520 = AXIS2_PLACEMENT_3D('',#6521,#6522,#6523);
#6521 = CARTESIAN_POINT('',(10.75,-22.55,-7.55));
#6522 = DIRECTION('',(0.,0.,1.));
#6523 = DIRECTION('',(0.,-1.,0.));
#6524 = DEFINITIONAL_REPRESENTATION('',(#6525),#6535);
#6525 = B_SPLINE_CURVE_WITH_KNOTS('',8,(#6526,#6527,#6528,#6529,#6530,
    #6531,#6532,#6533,#6534),.UNSPECIFIED.,.F.,.F.,(9,9),(5.42702553498,
    6.565364885076),.PIECEWISE_BEZIER_KNOTS.);
#6526 = CARTESIAN_POINT('',(-1.570796326795,8.089032522475));
#6527 = CARTESIAN_POINT('',(-1.38133112677,8.038824288516));
#6528 = CARTESIAN_POINT('',(-1.196819418101,7.989932207507));
#6529 = CARTESIAN_POINT('',(-1.008213064632,7.942945819817));
#6530 = CARTESIAN_POINT('',(-0.808902904261,7.898713992358));
#6531 = CARTESIAN_POINT('',(-0.605231247271,7.860457273941));
#6532 = CARTESIAN_POINT('',(-0.398500446768,7.835737480383));
#6533 = CARTESIAN_POINT('',(-0.196211200157,7.824032522475));
#6534 = CARTESIAN_POINT('',(3.1577499715E-15,7.824032522475));
#6535 = ( GEOMETRIC_REPRESENTATION_CONTEXT(2) 
PARAMETRIC_REPRESENTATION_CONTEXT() REPRESENTATION_CONTEXT('2D SPACE',''
  ) );
#6536 = ORIENTED_EDGE('',*,*,#6537,.F.);
#6537 = EDGE_CURVE('',#6019,#6498,#6538,.T.);
#6538 = SURFACE_CURVE('',#6539,(#6543,#6549),.PCURVE_S1.);
#6539 = ( BOUNDED_CURVE() B_SPLINE_CURVE(2,(#6540,#6541,#6542),
.UNSPECIFIED.,.F.,.F.) B_SPLINE_CURVE_WITH_KNOTS((3,3),(0.,
1.138339350096),.PIECEWISE_BEZIER_KNOTS.) CURVE() 
GEOMETRIC_REPRESENTATION_ITEM() RATIONAL_B_SPLINE_CURVE((1.,
0.850650808352,1.)) REPRESENTATION_ITEM('') );
#6540 = CARTESIAN_POINT('',(10.75,-23.17838699101,0.470806504495));
#6541 = CARTESIAN_POINT('',(10.75,-23.3,0.41));
#6542 = CARTESIAN_POINT('',(10.75,-23.3,0.274032522475));
#6543 = PCURVE('',#6074,#6544);
#6544 = DEFINITIONAL_REPRESENTATION('',(#6545),#6548);
#6545 = B_SPLINE_CURVE_WITH_KNOTS('',1,(#6546,#6547),.UNSPECIFIED.,.F.,
  .F.,(2,2),(0.,1.138339350096),.PIECEWISE_BEZIER_KNOTS.);
#6546 = CARTESIAN_POINT('',(0.,6.565364885076));
#6547 = CARTESIAN_POINT('',(1.138339350096,6.565364885076));
#6548 = ( GEOMETRIC_REPRESENTATION_CONTEXT(2) 
PARAMETRIC_REPRESENTATION_CONTEXT() REPRESENTATION_CONTEXT('2D SPACE',''
  ) );
#6549 = PCURVE('',#6034,#6550);
#6550 = DEFINITIONAL_REPRESENTATION('',(#6551),#6560);
#6551 = B_SPLINE_CURVE_WITH_KNOTS('',7,(#6552,#6553,#6554,#6555,#6556,
    #6557,#6558,#6559),.UNSPECIFIED.,.F.,.F.,(8,8),(0.,1.138339350096),
  .PIECEWISE_BEZIER_KNOTS.);
#6552 = CARTESIAN_POINT('',(0.,0.));
#6553 = CARTESIAN_POINT('',(0.150208889177,0.));
#6554 = CARTESIAN_POINT('',(0.307896460783,0.));
#6555 = CARTESIAN_POINT('',(0.470957493901,0.));
#6556 = CARTESIAN_POINT('',(0.636191223893,0.));
#6557 = CARTESIAN_POINT('',(0.799252257011,0.));
#6558 = CARTESIAN_POINT('',(0.956939828617,0.));
#6559 = CARTESIAN_POINT('',(1.107148717794,0.));
#6560 = ( GEOMETRIC_REPRESENTATION_CONTEXT(2) 
PARAMETRIC_REPRESENTATION_CONTEXT() REPRESENTATION_CONTEXT('2D SPACE',''
  ) );
#6561 = ORIENTED_EDGE('',*,*,#6046,.F.);
#6562 = ADVANCED_FACE('',(#6563),#5983,.T.);
#6563 = FACE_BOUND('',#6564,.T.);
#6564 = EDGE_LOOP('',(#6565,#6619,#6657,#6658));
#6565 = ORIENTED_EDGE('',*,*,#6566,.T.);
#6566 = EDGE_CURVE('',#5956,#6567,#6569,.T.);
#6567 = VERTEX_POINT('',#6568);
#6568 = CARTESIAN_POINT('',(11.288670320179,-23.3,0.274032522475));
#6569 = SURFACE_CURVE('',#6570,(#6575,#6613),.PCURVE_S1.);
#6570 = CIRCLE('',#6571,0.22);
#6571 = AXIS2_PLACEMENT_3D('',#6572,#6573,#6574);
#6572 = CARTESIAN_POINT('',(11.288670320179,-23.08,0.274032522475));
#6573 = DIRECTION('',(1.,0.,0.));
#6574 = DIRECTION('',(0.,-0.4472135955,0.894427191));
#6575 = PCURVE('',#5983,#6576);
#6576 = DEFINITIONAL_REPRESENTATION('',(#6577),#6612);
#6577 = B_SPLINE_CURVE_WITH_KNOTS('',9,(#6578,#6579,#6580,#6581,#6582,
    #6583,#6584,#6585,#6586,#6587,#6588,#6589,#6590,#6591,#6592,#6593,
    #6594,#6595,#6596,#6597,#6598,#6599,#6600,#6601,#6602,#6603,#6604,
    #6605,#6606,#6607,#6608,#6609,#6610,#6611),.UNSPECIFIED.,.F.,.F.,(10
    ,8,8,8,10),(0.,0.276787179449,0.553574358897,0.830361538346,
    1.107148717794),.UNSPECIFIED.);
#6578 = CARTESIAN_POINT('',(1.387778780781E-16,7.104035205254));
#6579 = CARTESIAN_POINT('',(3.207797243282E-02,7.104035205254));
#6580 = CARTESIAN_POINT('',(6.384129422473E-02,7.104035205254));
#6581 = CARTESIAN_POINT('',(9.531667534008E-02,7.104035205255));
#6582 = CARTESIAN_POINT('',(0.126523537438,7.104035205254));
#6583 = CARTESIAN_POINT('',(0.157508654992,7.104035205255));
#6584 = CARTESIAN_POINT('',(0.188261667944,7.104035205254));
#6585 = CARTESIAN_POINT('',(0.218838462956,7.104035205254));
#6586 = CARTESIAN_POINT('',(0.249241952343,7.104035205255));
#6587 = CARTESIAN_POINT('',(0.309758274906,7.104035205254));
#6588 = CARTESIAN_POINT('',(0.339870562225,7.104035205255));
#6589 = CARTESIAN_POINT('',(0.369858038965,7.104035205253));
#6590 = CARTESIAN_POINT('',(0.399746500814,7.104035205257));
#6591 = CARTESIAN_POINT('',(0.429551595126,7.104035205253));
#6592 = CARTESIAN_POINT('',(0.459292999121,7.104035205255));
#6593 = CARTESIAN_POINT('',(0.488996081476,7.104035205254));
#6594 = CARTESIAN_POINT('',(0.518678889034,7.104035205254));
#6595 = CARTESIAN_POINT('',(0.578044545896,7.104035205255));
#6596 = CARTESIAN_POINT('',(0.607727353454,7.104035205254));
#6597 = CARTESIAN_POINT('',(0.637430435809,7.104035205256));
#6598 = CARTESIAN_POINT('',(0.667171839803,7.104035205253));
#6599 = CARTESIAN_POINT('',(0.696976934116,7.104035205256));
#6600 = CARTESIAN_POINT('',(0.726865395965,7.104035205254));
#6601 = CARTESIAN_POINT('',(0.756852872705,7.104035205255));
#6602 = CARTESIAN_POINT('',(0.786965160024,7.104035205254));
#6603 = CARTESIAN_POINT('',(0.847481482587,7.104035205254));
#6604 = CARTESIAN_POINT('',(0.877884971974,7.104035205254));
#6605 = CARTESIAN_POINT('',(0.908461766986,7.104035205255));
#6606 = CARTESIAN_POINT('',(0.939214779938,7.104035205254));
#6607 = CARTESIAN_POINT('',(0.970199897492,7.104035205255));
#6608 = CARTESIAN_POINT('',(1.00140675959,7.104035205254));
#6609 = CARTESIAN_POINT('',(1.032882140705,7.104035205254));
#6610 = CARTESIAN_POINT('',(1.064645462497,7.104035205254));
#6611 = CARTESIAN_POINT('',(1.09672343493,7.104035205254));
#6612 = ( GEOMETRIC_REPRESENTATION_CONTEXT(2) 
PARAMETRIC_REPRESENTATION_CONTEXT() REPRESENTATION_CONTEXT('2D SPACE',''
  ) );
#6613 = PCURVE('',#6034,#6614);
#6614 = DEFINITIONAL_REPRESENTATION('',(#6615),#6618);
#6615 = B_SPLINE_CURVE_WITH_KNOTS('',1,(#6616,#6617),.UNSPECIFIED.,.F.,
  .F.,(2,2),(0.,1.107148717794),.PIECEWISE_BEZIER_KNOTS.);
#6616 = CARTESIAN_POINT('',(0.,0.538670320179));
#6617 = CARTESIAN_POINT('',(1.107148717794,0.538670320179));
#6618 = ( GEOMETRIC_REPRESENTATION_CONTEXT(2) 
PARAMETRIC_REPRESENTATION_CONTEXT() REPRESENTATION_CONTEXT('2D SPACE',''
  ) );
#6619 = ORIENTED_EDGE('',*,*,#6620,.T.);
#6620 = EDGE_CURVE('',#6567,#6448,#6621,.T.);
#6621 = SURFACE_CURVE('',#6622,(#6632,#6639),.PCURVE_S1.);
#6622 = ( BOUNDED_CURVE() B_SPLINE_CURVE(8,(#6623,#6624,#6625,#6626,
    #6627,#6628,#6629,#6630,#6631),.UNSPECIFIED.,.F.,.F.) 
B_SPLINE_CURVE_WITH_KNOTS((9,9),(7.104035205254,8.200758640184),
.PIECEWISE_BEZIER_KNOTS.) CURVE() GEOMETRIC_REPRESENTATION_ITEM() 
RATIONAL_B_SPLINE_CURVE((1.,1.,1.,1.,1.,1.,1.,1.,1.)) 
REPRESENTATION_ITEM('') );
#6623 = CARTESIAN_POINT('',(11.288670320179,-23.3,0.274032522475));
#6624 = CARTESIAN_POINT('',(11.430639596274,-23.3,0.274032522475));
#6625 = CARTESIAN_POINT('',(11.576985701807,-23.2693064035,
    0.284932293629));
#6626 = CARTESIAN_POINT('',(11.718409562318,-23.20446530626,
    0.307946151657));
#6627 = CARTESIAN_POINT('',(11.840737112192,-23.10670488107,0.3434662496
    ));
#6628 = CARTESIAN_POINT('',(11.932145639319,-22.98694418403,0.3849253965
    ));
#6629 = CARTESIAN_POINT('',(11.994171056289,-22.8602478005,0.42943187934
    ));
#6630 = CARTESIAN_POINT('',(12.030318297381,-22.72754543308,
    0.476300386039));
#6631 = CARTESIAN_POINT('',(12.037620665677,-22.58966585404,
    0.525017264088));
#6632 = PCURVE('',#5983,#6633);
#6633 = DEFINITIONAL_REPRESENTATION('',(#6634),#6638);
#6634 = LINE('',#6635,#6636);
#6635 = CARTESIAN_POINT('',(1.09672343493,0.));
#6636 = VECTOR('',#6637,1.);
#6637 = DIRECTION('',(0.,1.));
#6638 = ( GEOMETRIC_REPRESENTATION_CONTEXT(2) 
PARAMETRIC_REPRESENTATION_CONTEXT() REPRESENTATION_CONTEXT('2D SPACE',''
  ) );
#6639 = PCURVE('',#6640,#6645);
#6640 = CYLINDRICAL_SURFACE('',#6641,0.75);
#6641 = AXIS2_PLACEMENT_3D('',#6642,#6643,#6644);
#6642 = CARTESIAN_POINT('',(11.288670320179,-22.55,-7.55));
#6643 = DIRECTION('',(0.,0.,1.));
#6644 = DIRECTION('',(0.998600460665,-5.288780539399E-02,0.));
#6645 = DEFINITIONAL_REPRESENTATION('',(#6646),#6656);
#6646 = B_SPLINE_CURVE_WITH_KNOTS('',8,(#6647,#6648,#6649,#6650,#6651,
    #6652,#6653,#6654,#6655),.UNSPECIFIED.,.F.,.F.,(9,9),(7.104035205254
    ,8.200758640184),.PIECEWISE_BEZIER_KNOTS.);
#6647 = CARTESIAN_POINT('',(-1.517883834726,7.824032522475));
#6648 = CARTESIAN_POINT('',(-1.328591466598,7.824032522475));
#6649 = CARTESIAN_POINT('',(-1.133490033122,7.834932403094));
#6650 = CARTESIAN_POINT('',(-0.934437290698,7.857945343888));
#6651 = CARTESIAN_POINT('',(-0.738061752533,7.89346795447));
#6652 = CARTESIAN_POINT('',(-0.545948806358,7.934923821506));
#6653 = CARTESIAN_POINT('',(-0.36332752706,7.979432466297));
#6654 = CARTESIAN_POINT('',(-0.184097089843,8.026300386038));
#6655 = CARTESIAN_POINT('',(-1.42108547152E-14,8.075017264088));
#6656 = ( GEOMETRIC_REPRESENTATION_CONTEXT(2) 
PARAMETRIC_REPRESENTATION_CONTEXT() REPRESENTATION_CONTEXT('2D SPACE',''
  ) );
#6657 = ORIENTED_EDGE('',*,*,#6447,.F.);
#6658 = ORIENTED_EDGE('',*,*,#5955,.F.);
#6659 = ADVANCED_FACE('',(#6660),#6034,.T.);
#6660 = FACE_BOUND('',#6661,.T.);
#6661 = EDGE_LOOP('',(#6662,#6663,#6689,#6690));
#6662 = ORIENTED_EDGE('',*,*,#6537,.T.);
#6663 = ORIENTED_EDGE('',*,*,#6664,.T.);
#6664 = EDGE_CURVE('',#6498,#6567,#6665,.T.);
#6665 = SURFACE_CURVE('',#6666,(#6670,#6677),.PCURVE_S1.);
#6666 = LINE('',#6667,#6668);
#6667 = CARTESIAN_POINT('',(10.75,-23.3,0.274032522475));
#6668 = VECTOR('',#6669,1.);
#6669 = DIRECTION('',(1.,0.,0.));
#6670 = PCURVE('',#6034,#6671);
#6671 = DEFINITIONAL_REPRESENTATION('',(#6672),#6676);
#6672 = LINE('',#6673,#6674);
#6673 = CARTESIAN_POINT('',(1.107148717794,0.));
#6674 = VECTOR('',#6675,1.);
#6675 = DIRECTION('',(0.,1.));
#6676 = ( GEOMETRIC_REPRESENTATION_CONTEXT(2) 
PARAMETRIC_REPRESENTATION_CONTEXT() REPRESENTATION_CONTEXT('2D SPACE',''
  ) );
#6677 = PCURVE('',#6678,#6683);
#6678 = PLANE('',#6679);
#6679 = AXIS2_PLACEMENT_3D('',#6680,#6681,#6682);
#6680 = CARTESIAN_POINT('',(-30.,-23.3,0.41));
#6681 = DIRECTION('',(-0.,1.,0.));
#6682 = DIRECTION('',(0.,0.,-1.));
#6683 = DEFINITIONAL_REPRESENTATION('',(#6684),#6688);
#6684 = LINE('',#6685,#6686);
#6685 = CARTESIAN_POINT('',(0.135967477525,-40.75));
#6686 = VECTOR('',#6687,1.);
#6687 = DIRECTION('',(0.,-1.));
#6688 = ( GEOMETRIC_REPRESENTATION_CONTEXT(2) 
PARAMETRIC_REPRESENTATION_CONTEXT() REPRESENTATION_CONTEXT('2D SPACE',''
  ) );
#6689 = ORIENTED_EDGE('',*,*,#6566,.F.);
#6690 = ORIENTED_EDGE('',*,*,#6018,.F.);
#6691 = ADVANCED_FACE('',(#6692,#6830),#6186,.T.);
#6692 = FACE_BOUND('',#6693,.T.);
#6693 = EDGE_LOOP('',(#6694,#6717,#6750,#6778,#6806,#6827,#6828,#6829));
#6694 = ORIENTED_EDGE('',*,*,#6695,.F.);
#6695 = EDGE_CURVE('',#6696,#6310,#6698,.T.);
#6696 = VERTEX_POINT('',#6697);
#6697 = CARTESIAN_POINT('',(10.,-17.63555361263,-5.970364800226));
#6698 = SURFACE_CURVE('',#6699,(#6703,#6710),.PCURVE_S1.);
#6699 = LINE('',#6700,#6701);
#6700 = CARTESIAN_POINT('',(10.,-17.63555361263,-7.55));
#6701 = VECTOR('',#6702,1.);
#6702 = DIRECTION('',(0.,0.,1.));
#6703 = PCURVE('',#6186,#6704);
#6704 = DEFINITIONAL_REPRESENTATION('',(#6705),#6709);
#6705 = LINE('',#6706,#6707);
#6706 = CARTESIAN_POINT('',(5.664446387363,0.));
#6707 = VECTOR('',#6708,1.);
#6708 = DIRECTION('',(0.,-1.));
#6709 = ( GEOMETRIC_REPRESENTATION_CONTEXT(2) 
PARAMETRIC_REPRESENTATION_CONTEXT() REPRESENTATION_CONTEXT('2D SPACE',''
  ) );
#6710 = PCURVE('',#6349,#6711);
#6711 = DEFINITIONAL_REPRESENTATION('',(#6712),#6716);
#6712 = LINE('',#6713,#6714);
#6713 = CARTESIAN_POINT('',(-1.35,-40.));
#6714 = VECTOR('',#6715,1.);
#6715 = DIRECTION('',(1.,0.));
#6716 = ( GEOMETRIC_REPRESENTATION_CONTEXT(2) 
PARAMETRIC_REPRESENTATION_CONTEXT() REPRESENTATION_CONTEXT('2D SPACE',''
  ) );
#6717 = ORIENTED_EDGE('',*,*,#6718,.F.);
#6718 = EDGE_CURVE('',#6719,#6696,#6721,.T.);
#6719 = VERTEX_POINT('',#6720);
#6720 = CARTESIAN_POINT('',(10.,-17.63575556741,-5.979789200335));
#6721 = SURFACE_CURVE('',#6722,(#6727,#6738),.PCURVE_S1.);
#6722 = CIRCLE('',#6723,0.22);
#6723 = AXIS2_PLACEMENT_3D('',#6724,#6725,#6726);
#6724 = CARTESIAN_POINT('',(10.,-17.85555361263,-5.970364800226));
#6725 = DIRECTION('',(1.,0.,0.));
#6726 = DIRECTION('',(-0.,0.,1.));
#6727 = PCURVE('',#6186,#6728);
#6728 = DEFINITIONAL_REPRESENTATION('',(#6729),#6737);
#6729 = ( BOUNDED_CURVE() B_SPLINE_CURVE(2,(#6730,#6731,#6732,#6733,
#6734,#6735,#6736),.UNSPECIFIED.,.T.,.F.) B_SPLINE_CURVE_WITH_KNOTS((1,2
    ,2,2,2,1),(-2.094395102393,0.,2.094395102393,4.188790204786,
6.28318530718,8.377580409573),.UNSPECIFIED.) CURVE() 
GEOMETRIC_REPRESENTATION_ITEM() RATIONAL_B_SPLINE_CURVE((1.,0.5,1.,0.5,
1.,0.5,1.)) REPRESENTATION_ITEM('') );
#6730 = CARTESIAN_POINT('',(5.444446387363,-1.799635199774));
#6731 = CARTESIAN_POINT('',(5.063395209698,-1.799635199774));
#6732 = CARTESIAN_POINT('',(5.253920798531,-1.469635199774));
#6733 = CARTESIAN_POINT('',(5.444446387363,-1.139635199774));
#6734 = CARTESIAN_POINT('',(5.634971976196,-1.469635199774));
#6735 = CARTESIAN_POINT('',(5.825497565028,-1.799635199774));
#6736 = CARTESIAN_POINT('',(5.444446387363,-1.799635199774));
#6737 = ( GEOMETRIC_REPRESENTATION_CONTEXT(2) 
PARAMETRIC_REPRESENTATION_CONTEXT() REPRESENTATION_CONTEXT('2D SPACE',''
  ) );
#6738 = PCURVE('',#6739,#6744);
#6739 = CYLINDRICAL_SURFACE('',#6740,0.22);
#6740 = AXIS2_PLACEMENT_3D('',#6741,#6742,#6743);
#6741 = CARTESIAN_POINT('',(10.,-17.85555361263,-5.970364800226));
#6742 = DIRECTION('',(1.,0.,0.));
#6743 = DIRECTION('',(-0.,1.,0.));
#6744 = DEFINITIONAL_REPRESENTATION('',(#6745),#6749);
#6745 = LINE('',#6746,#6747);
#6746 = CARTESIAN_POINT('',(-4.712388980385,0.));
#6747 = VECTOR('',#6748,1.);
#6748 = DIRECTION('',(1.,-0.));
#6749 = ( GEOMETRIC_REPRESENTATION_CONTEXT(2) 
PARAMETRIC_REPRESENTATION_CONTEXT() REPRESENTATION_CONTEXT('2D SPACE',''
  ) );
#6750 = ORIENTED_EDGE('',*,*,#6751,.T.);
#6751 = EDGE_CURVE('',#6719,#6752,#6754,.T.);
#6752 = VERTEX_POINT('',#6753);
#6753 = CARTESIAN_POINT('',(10.,-22.24363580965,-5.782214617649));
#6754 = SURFACE_CURVE('',#6755,(#6759,#6766),.PCURVE_S1.);
#6755 = LINE('',#6756,#6757);
#6756 = CARTESIAN_POINT('',(10.,-17.62612921252,-5.98020195478));
#6757 = VECTOR('',#6758,1.);
#6758 = DIRECTION('',(0.,-0.999082023728,4.28381823161E-02));
#6759 = PCURVE('',#6186,#6760);
#6760 = DEFINITIONAL_REPRESENTATION('',(#6761),#6765);
#6761 = LINE('',#6762,#6763);
#6762 = CARTESIAN_POINT('',(5.673870787473,-1.56979804522));
#6763 = VECTOR('',#6764,1.);
#6764 = DIRECTION('',(-0.999082023728,-4.28381823161E-02));
#6765 = ( GEOMETRIC_REPRESENTATION_CONTEXT(2) 
PARAMETRIC_REPRESENTATION_CONTEXT() REPRESENTATION_CONTEXT('2D SPACE',''
  ) );
#6766 = PCURVE('',#6767,#6772);
#6767 = CYLINDRICAL_SURFACE('',#6768,0.22);
#6768 = AXIS2_PLACEMENT_3D('',#6769,#6770,#6771);
#6769 = CARTESIAN_POINT('',(10.22,-17.62612921252,-5.98020195478));
#6770 = DIRECTION('',(0.,-0.999082023728,4.28381823161E-02));
#6771 = DIRECTION('',(-1.,0.,0.));
#6772 = DEFINITIONAL_REPRESENTATION('',(#6773),#6777);
#6773 = LINE('',#6774,#6775);
#6774 = CARTESIAN_POINT('',(0.,0.));
#6775 = VECTOR('',#6776,1.);
#6776 = DIRECTION('',(0.,1.));
#6777 = ( GEOMETRIC_REPRESENTATION_CONTEXT(2) 
PARAMETRIC_REPRESENTATION_CONTEXT() REPRESENTATION_CONTEXT('2D SPACE',''
  ) );
#6778 = ORIENTED_EDGE('',*,*,#6779,.T.);
#6779 = EDGE_CURVE('',#6752,#6780,#6782,.T.);
#6780 = VERTEX_POINT('',#6781);
#6781 = CARTESIAN_POINT('',(10.,-22.55,-5.629032522475));
#6782 = SURFACE_CURVE('',#6783,(#6787,#6794),.PCURVE_S1.);
#6783 = LINE('',#6784,#6785);
#6784 = CARTESIAN_POINT('',(10.,-22.20161300899,-5.80322601798));
#6785 = VECTOR('',#6786,1.);
#6786 = DIRECTION('',(0.,-0.894427191,0.4472135955));
#6787 = PCURVE('',#6186,#6788);
#6788 = DEFINITIONAL_REPRESENTATION('',(#6789),#6793);
#6789 = LINE('',#6790,#6791);
#6790 = CARTESIAN_POINT('',(1.09838699101,-1.74677398202));
#6791 = VECTOR('',#6792,1.);
#6792 = DIRECTION('',(-0.894427191,-0.4472135955));
#6793 = ( GEOMETRIC_REPRESENTATION_CONTEXT(2) 
PARAMETRIC_REPRESENTATION_CONTEXT() REPRESENTATION_CONTEXT('2D SPACE',''
  ) );
#6794 = PCURVE('',#6795,#6800);
#6795 = CYLINDRICAL_SURFACE('',#6796,0.22);
#6796 = AXIS2_PLACEMENT_3D('',#6797,#6798,#6799);
#6797 = CARTESIAN_POINT('',(10.22,-22.20161300899,-5.80322601798));
#6798 = DIRECTION('',(0.,-0.894427191,0.4472135955));
#6799 = DIRECTION('',(-1.,0.,0.));
#6800 = DEFINITIONAL_REPRESENTATION('',(#6801),#6805);
#6801 = LINE('',#6802,#6803);
#6802 = CARTESIAN_POINT('',(0.,0.));
#6803 = VECTOR('',#6804,1.);
#6804 = DIRECTION('',(0.,1.));
#6805 = ( GEOMETRIC_REPRESENTATION_CONTEXT(2) 
PARAMETRIC_REPRESENTATION_CONTEXT() REPRESENTATION_CONTEXT('2D SPACE',''
  ) );
#6806 = ORIENTED_EDGE('',*,*,#6807,.T.);
#6807 = EDGE_CURVE('',#6780,#6397,#6808,.T.);
#6808 = SURFACE_CURVE('',#6809,(#6813,#6820),.PCURVE_S1.);
#6809 = LINE('',#6810,#6811);
#6810 = CARTESIAN_POINT('',(10.,-22.55,-7.55));
#6811 = VECTOR('',#6812,1.);
#6812 = DIRECTION('',(0.,0.,1.));
#6813 = PCURVE('',#6186,#6814);
#6814 = DEFINITIONAL_REPRESENTATION('',(#6815),#6819);
#6815 = LINE('',#6816,#6817);
#6816 = CARTESIAN_POINT('',(0.75,0.));
#6817 = VECTOR('',#6818,1.);
#6818 = DIRECTION('',(0.,-1.));
#6819 = ( GEOMETRIC_REPRESENTATION_CONTEXT(2) 
PARAMETRIC_REPRESENTATION_CONTEXT() REPRESENTATION_CONTEXT('2D SPACE',''
  ) );
#6820 = PCURVE('',#6519,#6821);
#6821 = DEFINITIONAL_REPRESENTATION('',(#6822),#6826);
#6822 = LINE('',#6823,#6824);
#6823 = CARTESIAN_POINT('',(-1.570796326795,0.));
#6824 = VECTOR('',#6825,1.);
#6825 = DIRECTION('',(-0.,1.));
#6826 = ( GEOMETRIC_REPRESENTATION_CONTEXT(2) 
PARAMETRIC_REPRESENTATION_CONTEXT() REPRESENTATION_CONTEXT('2D SPACE',''
  ) );
#6827 = ORIENTED_EDGE('',*,*,#6396,.F.);
#6828 = ORIENTED_EDGE('',*,*,#6170,.F.);
#6829 = ORIENTED_EDGE('',*,*,#6309,.T.);
#6830 = FACE_BOUND('',#6831,.T.);
#6831 = EDGE_LOOP('',(#6832));
#6832 = ORIENTED_EDGE('',*,*,#6833,.F.);
#6833 = EDGE_CURVE('',#6834,#6834,#6836,.T.);
#6834 = VERTEX_POINT('',#6835);
#6835 = CARTESIAN_POINT('',(10.,-20.825,-4.3));
#6836 = SURFACE_CURVE('',#6837,(#6842,#6849),.PCURVE_S1.);
#6837 = CIRCLE('',#6838,0.525);
#6838 = AXIS2_PLACEMENT_3D('',#6839,#6840,#6841);
#6839 = CARTESIAN_POINT('',(10.,-21.35,-4.3));
#6840 = DIRECTION('',(-1.,0.,0.));
#6841 = DIRECTION('',(0.,1.,0.));
#6842 = PCURVE('',#6186,#6843);
#6843 = DEFINITIONAL_REPRESENTATION('',(#6844),#6848);
#6844 = CIRCLE('',#6845,0.525);
#6845 = AXIS2_PLACEMENT_2D('',#6846,#6847);
#6846 = CARTESIAN_POINT('',(1.95,-3.25));
#6847 = DIRECTION('',(1.,0.));
#6848 = ( GEOMETRIC_REPRESENTATION_CONTEXT(2) 
PARAMETRIC_REPRESENTATION_CONTEXT() REPRESENTATION_CONTEXT('2D SPACE',''
  ) );
#6849 = PCURVE('',#6850,#6855);
#6850 = CYLINDRICAL_SURFACE('',#6851,0.525);
#6851 = AXIS2_PLACEMENT_3D('',#6852,#6853,#6854);
#6852 = CARTESIAN_POINT('',(-15.,-21.35,-4.3));
#6853 = DIRECTION('',(-1.,-0.,-0.));
#6854 = DIRECTION('',(0.,1.,0.));
#6855 = DEFINITIONAL_REPRESENTATION('',(#6856),#6860);
#6856 = LINE('',#6857,#6858);
#6857 = CARTESIAN_POINT('',(-6.28318530718,-25.));
#6858 = VECTOR('',#6859,1.);
#6859 = DIRECTION('',(1.,-0.));
#6860 = ( GEOMETRIC_REPRESENTATION_CONTEXT(2) 
PARAMETRIC_REPRESENTATION_CONTEXT() REPRESENTATION_CONTEXT('2D SPACE',''
  ) );
#6861 = ADVANCED_FACE('',(#6862,#6994),#6262,.T.);
#6862 = FACE_BOUND('',#6863,.T.);
#6863 = EDGE_LOOP('',(#6864,#6887,#6915,#6943,#6970,#6991,#6992,#6993));
#6864 = ORIENTED_EDGE('',*,*,#6865,.F.);
#6865 = EDGE_CURVE('',#6866,#6448,#6868,.T.);
#6866 = VERTEX_POINT('',#6867);
#6867 = CARTESIAN_POINT('',(12.037620665677,-22.58966585404,
    -5.615017264088));
#6868 = SURFACE_CURVE('',#6869,(#6873,#6880),.PCURVE_S1.);
#6869 = LINE('',#6870,#6871);
#6870 = CARTESIAN_POINT('',(12.037620665677,-22.58966585404,-7.55));
#6871 = VECTOR('',#6872,1.);
#6872 = DIRECTION('',(0.,0.,1.));
#6873 = PCURVE('',#6262,#6874);
#6874 = DEFINITIONAL_REPRESENTATION('',(#6875),#6879);
#6875 = LINE('',#6876,#6877);
#6876 = CARTESIAN_POINT('',(4.961055433631,0.));
#6877 = VECTOR('',#6878,1.);
#6878 = DIRECTION('',(0.,-1.));
#6879 = ( GEOMETRIC_REPRESENTATION_CONTEXT(2) 
PARAMETRIC_REPRESENTATION_CONTEXT() REPRESENTATION_CONTEXT('2D SPACE',''
  ) );
#6880 = PCURVE('',#6640,#6881);
#6881 = DEFINITIONAL_REPRESENTATION('',(#6882),#6886);
#6882 = LINE('',#6883,#6884);
#6883 = CARTESIAN_POINT('',(-0.,0.));
#6884 = VECTOR('',#6885,1.);
#6885 = DIRECTION('',(-0.,1.));
#6886 = ( GEOMETRIC_REPRESENTATION_CONTEXT(2) 
PARAMETRIC_REPRESENTATION_CONTEXT() REPRESENTATION_CONTEXT('2D SPACE',''
  ) );
#6887 = ORIENTED_EDGE('',*,*,#6888,.T.);
#6888 = EDGE_CURVE('',#6866,#6889,#6891,.T.);
#6889 = VERTEX_POINT('',#6890);
#6890 = CARTESIAN_POINT('',(12.055330855041,-22.25527112683,
    -5.782214617649));
#6891 = SURFACE_CURVE('',#6892,(#6896,#6903),.PCURVE_S1.);
#6892 = LINE('',#6893,#6894);
#6893 = CARTESIAN_POINT('',(12.042696793923,-22.4938209997,
    -5.662939681217));
#6894 = VECTOR('',#6895,1.);
#6895 = DIRECTION('',(4.731752834854E-02,0.89342534171,-0.446712670855)
  );
#6896 = PCURVE('',#6262,#6897);
#6897 = DEFINITIONAL_REPRESENTATION('',(#6898),#6902);
#6898 = LINE('',#6899,#6900);
#6899 = CARTESIAN_POINT('',(4.865076252648,-1.887060318783));
#6900 = VECTOR('',#6901,1.);
#6901 = DIRECTION('',(-0.894677478032,0.446712670855));
#6902 = ( GEOMETRIC_REPRESENTATION_CONTEXT(2) 
PARAMETRIC_REPRESENTATION_CONTEXT() REPRESENTATION_CONTEXT('2D SPACE',''
  ) );
#6903 = PCURVE('',#6904,#6909);
#6904 = CYLINDRICAL_SURFACE('',#6905,0.22);
#6905 = AXIS2_PLACEMENT_3D('',#6906,#6907,#6908);
#6906 = CARTESIAN_POINT('',(11.823004692577,-22.48218568251,
    -5.662939681217));
#6907 = DIRECTION('',(4.731752834854E-02,0.89342534171,-0.446712670855)
  );
#6908 = DIRECTION('',(0.998600460665,-5.288780539399E-02,0.));
#6909 = DEFINITIONAL_REPRESENTATION('',(#6910),#6914);
#6910 = LINE('',#6911,#6912);
#6911 = CARTESIAN_POINT('',(0.,0.));
#6912 = VECTOR('',#6913,1.);
#6913 = DIRECTION('',(0.,1.));
#6914 = ( GEOMETRIC_REPRESENTATION_CONTEXT(2) 
PARAMETRIC_REPRESENTATION_CONTEXT() REPRESENTATION_CONTEXT('2D SPACE',''
  ) );
#6915 = ORIENTED_EDGE('',*,*,#6916,.T.);
#6916 = EDGE_CURVE('',#6889,#6917,#6919,.T.);
#6917 = VERTEX_POINT('',#6918);
#6918 = CARTESIAN_POINT('',(12.299988143361,-17.63577748361,
    -5.980287154434));
#6919 = SURFACE_CURVE('',#6920,(#6924,#6931),.PCURVE_S1.);
#6920 = LINE('',#6921,#6922);
#6921 = CARTESIAN_POINT('',(12.053458540818,-22.29062320529,
    -5.780698807389));
#6922 = VECTOR('',#6923,1.);
#6923 = DIRECTION('',(5.283939125661E-02,0.997686329713,
    -4.277833838614E-02));
#6924 = PCURVE('',#6262,#6925);
#6925 = DEFINITIONAL_REPRESENTATION('',(#6926),#6930);
#6926 = LINE('',#6927,#6928);
#6927 = CARTESIAN_POINT('',(4.661593676374,-1.769301192611));
#6928 = VECTOR('',#6929,1.);
#6929 = DIRECTION('',(-0.999084587893,4.277833838614E-02));
#6930 = ( GEOMETRIC_REPRESENTATION_CONTEXT(2) 
PARAMETRIC_REPRESENTATION_CONTEXT() REPRESENTATION_CONTEXT('2D SPACE',''
  ) );
#6931 = PCURVE('',#6932,#6937);
#6932 = CYLINDRICAL_SURFACE('',#6933,0.22);
#6933 = AXIS2_PLACEMENT_3D('',#6934,#6935,#6936);
#6934 = CARTESIAN_POINT('',(11.833766439472,-22.27898788811,
    -5.780698807389));
#6935 = DIRECTION('',(5.283939125661E-02,0.997686329713,
    -4.277833838614E-02));
#6936 = DIRECTION('',(0.998600460665,-5.288780539399E-02,0.));
#6937 = DEFINITIONAL_REPRESENTATION('',(#6938),#6942);
#6938 = LINE('',#6939,#6940);
#6939 = CARTESIAN_POINT('',(0.,0.));
#6940 = VECTOR('',#6941,1.);
#6941 = DIRECTION('',(0.,1.));
#6942 = ( GEOMETRIC_REPRESENTATION_CONTEXT(2) 
PARAMETRIC_REPRESENTATION_CONTEXT() REPRESENTATION_CONTEXT('2D SPACE',''
  ) );
#6943 = ORIENTED_EDGE('',*,*,#6944,.T.);
#6944 = EDGE_CURVE('',#6917,#6945,#6947,.T.);
#6945 = VERTEX_POINT('',#6946);
#6946 = CARTESIAN_POINT('',(12.3,-17.63555361263,-5.970364800226));
#6947 = SURFACE_CURVE('',#6948,(#6953,#6960),.PCURVE_S1.);
#6948 = ELLIPSE('',#6949,0.220308330174,0.22);
#6949 = AXIS2_PLACEMENT_3D('',#6950,#6951,#6952);
#6950 = CARTESIAN_POINT('',(12.288348375907,-17.85555361263,
    -5.970364800226));
#6951 = DIRECTION('',(0.998600460665,-5.288780539399E-02,0.));
#6952 = DIRECTION('',(5.288780539399E-02,0.998600460665,0.));
#6953 = PCURVE('',#6262,#6954);
#6954 = DEFINITIONAL_REPRESENTATION('',(#6955),#6959);
#6955 = ELLIPSE('',#6956,0.220308330174,0.22);
#6956 = AXIS2_PLACEMENT_2D('',#6957,#6958);
#6957 = CARTESIAN_POINT('',(0.220308330174,-1.579635199774));
#6958 = DIRECTION('',(-1.,0.));
#6959 = ( GEOMETRIC_REPRESENTATION_CONTEXT(2) 
PARAMETRIC_REPRESENTATION_CONTEXT() REPRESENTATION_CONTEXT('2D SPACE',''
  ) );
#6960 = PCURVE('',#6739,#6961);
#6961 = DEFINITIONAL_REPRESENTATION('',(#6962),#6969);
#6962 = B_SPLINE_CURVE_WITH_KNOTS('',5,(#6963,#6964,#6965,#6966,#6967,
    #6968),.UNSPECIFIED.,.F.,.F.,(6,6),(6.238068392515,6.28318530718),
  .PIECEWISE_BEZIER_KNOTS.);
#6963 = CARTESIAN_POINT('',(-4.511691466417E-02,2.299988143361));
#6964 = CARTESIAN_POINT('',(-3.609353173133E-02,2.299992885212));
#6965 = CARTESIAN_POINT('',(-2.70701487985E-02,2.299996442405));
#6966 = CARTESIAN_POINT('',(-1.804676586567E-02,2.299998814135));
#6967 = CARTESIAN_POINT('',(-9.023382932833E-03,2.3));
#6968 = CARTESIAN_POINT('',(0.,2.3));
#6969 = ( GEOMETRIC_REPRESENTATION_CONTEXT(2) 
PARAMETRIC_REPRESENTATION_CONTEXT() REPRESENTATION_CONTEXT('2D SPACE',''
  ) );
#6970 = ORIENTED_EDGE('',*,*,#6971,.T.);
#6971 = EDGE_CURVE('',#6945,#6334,#6972,.T.);
#6972 = SURFACE_CURVE('',#6973,(#6977,#6984),.PCURVE_S1.);
#6973 = LINE('',#6974,#6975);
#6974 = CARTESIAN_POINT('',(12.3,-17.63555361263,-7.55));
#6975 = VECTOR('',#6976,1.);
#6976 = DIRECTION('',(0.,0.,1.));
#6977 = PCURVE('',#6262,#6978);
#6978 = DEFINITIONAL_REPRESENTATION('',(#6979),#6983);
#6979 = LINE('',#6980,#6981);
#6980 = CARTESIAN_POINT('',(0.,0.));
#6981 = VECTOR('',#6982,1.);
#6982 = DIRECTION('',(0.,-1.));
#6983 = ( GEOMETRIC_REPRESENTATION_CONTEXT(2) 
PARAMETRIC_REPRESENTATION_CONTEXT() REPRESENTATION_CONTEXT('2D SPACE',''
  ) );
#6984 = PCURVE('',#6349,#6985);
#6985 = DEFINITIONAL_REPRESENTATION('',(#6986),#6990);
#6986 = LINE('',#6987,#6988);
#6987 = CARTESIAN_POINT('',(-1.35,-42.3));
#6988 = VECTOR('',#6989,1.);
#6989 = DIRECTION('',(1.,0.));
#6990 = ( GEOMETRIC_REPRESENTATION_CONTEXT(2) 
PARAMETRIC_REPRESENTATION_CONTEXT() REPRESENTATION_CONTEXT('2D SPACE',''
  ) );
#6991 = ORIENTED_EDGE('',*,*,#6361,.F.);
#6992 = ORIENTED_EDGE('',*,*,#6246,.F.);
#6993 = ORIENTED_EDGE('',*,*,#6470,.F.);
#6994 = FACE_BOUND('',#6995,.T.);
#6995 = EDGE_LOOP('',(#6996));
#6996 = ORIENTED_EDGE('',*,*,#6997,.F.);
#6997 = EDGE_CURVE('',#6998,#6998,#7000,.T.);
#6998 = VERTEX_POINT('',#6999);
#6999 = CARTESIAN_POINT('',(12.131080771045,-20.825,-4.3));
#7000 = SURFACE_CURVE('',#7001,(#7006,#7013),.PCURVE_S1.);
#7001 = ELLIPSE('',#7002,0.525735787915,0.525);
#7002 = AXIS2_PLACEMENT_3D('',#7003,#7004,#7005);
#7003 = CARTESIAN_POINT('',(12.103275759005,-21.35,-4.3));
#7004 = DIRECTION('',(0.998600460665,-5.288780539399E-02,0.));
#7005 = DIRECTION('',(-5.288780539399E-02,-0.998600460665,0.));
#7006 = PCURVE('',#6262,#7007);
#7007 = DEFINITIONAL_REPRESENTATION('',(#7008),#7012);
#7008 = ELLIPSE('',#7009,0.525735787915,0.525);
#7009 = AXIS2_PLACEMENT_2D('',#7010,#7011);
#7010 = CARTESIAN_POINT('',(3.719652186911,-3.25));
#7011 = DIRECTION('',(1.,0.));
#7012 = ( GEOMETRIC_REPRESENTATION_CONTEXT(2) 
PARAMETRIC_REPRESENTATION_CONTEXT() REPRESENTATION_CONTEXT('2D SPACE',''
  ) );
#7013 = PCURVE('',#6850,#7014);
#7014 = DEFINITIONAL_REPRESENTATION('',(#7015),#7030);
#7015 = B_SPLINE_CURVE_WITH_KNOTS('',7,(#7016,#7017,#7018,#7019,#7020,
    #7021,#7022,#7023,#7024,#7025,#7026,#7027,#7028,#7029),
  .UNSPECIFIED.,.F.,.F.,(8,6,8),(3.14159265359,6.28318530718,
    9.424777960769),.UNSPECIFIED.);
#7016 = CARTESIAN_POINT('',(0.,-27.13108077104));
#7017 = CARTESIAN_POINT('',(-0.448798950513,-27.13108077104));
#7018 = CARTESIAN_POINT('',(-0.897597901026,-27.12454575568));
#7019 = CARTESIAN_POINT('',(-1.346396851538,-27.11148770673));
#7020 = CARTESIAN_POINT('',(-1.795195802052,-27.09506381127));
#7021 = CARTESIAN_POINT('',(-2.243994752564,-27.08200576232));
#7022 = CARTESIAN_POINT('',(-2.692793703077,-27.07547074696));
#7023 = CARTESIAN_POINT('',(-3.590391604103,-27.07547074696));
#7024 = CARTESIAN_POINT('',(-4.039190554616,-27.08200576232));
#7025 = CARTESIAN_POINT('',(-4.487989505127,-27.09506381127));
#7026 = CARTESIAN_POINT('',(-4.936788455641,-27.11148770673));
#7027 = CARTESIAN_POINT('',(-5.385587406154,-27.12454575568));
#7028 = CARTESIAN_POINT('',(-5.834386356667,-27.13108077104));
#7029 = CARTESIAN_POINT('',(-6.28318530718,-27.13108077104));
#7030 = ( GEOMETRIC_REPRESENTATION_CONTEXT(2) 
PARAMETRIC_REPRESENTATION_CONTEXT() REPRESENTATION_CONTEXT('2D SPACE',''
  ) );
#7031 = ADVANCED_FACE('',(#7032),#6349,.F.);
#7032 = FACE_BOUND('',#7033,.F.);
#7033 = EDGE_LOOP('',(#7034,#7035,#7056,#7057));
#7034 = ORIENTED_EDGE('',*,*,#6695,.F.);
#7035 = ORIENTED_EDGE('',*,*,#7036,.T.);
#7036 = EDGE_CURVE('',#6696,#6945,#7037,.T.);
#7037 = SURFACE_CURVE('',#7038,(#7042,#7049),.PCURVE_S1.);
#7038 = LINE('',#7039,#7040);
#7039 = CARTESIAN_POINT('',(10.,-17.63555361263,-5.970364800226));
#7040 = VECTOR('',#7041,1.);
#7041 = DIRECTION('',(1.,0.,0.));
#7042 = PCURVE('',#6349,#7043);
#7043 = DEFINITIONAL_REPRESENTATION('',(#7044),#7048);
#7044 = LINE('',#7045,#7046);
#7045 = CARTESIAN_POINT('',(0.229635199774,-40.));
#7046 = VECTOR('',#7047,1.);
#7047 = DIRECTION('',(0.,-1.));
#7048 = ( GEOMETRIC_REPRESENTATION_CONTEXT(2) 
PARAMETRIC_REPRESENTATION_CONTEXT() REPRESENTATION_CONTEXT('2D SPACE',''
  ) );
#7049 = PCURVE('',#6739,#7050);
#7050 = DEFINITIONAL_REPRESENTATION('',(#7051),#7055);
#7051 = LINE('',#7052,#7053);
#7052 = CARTESIAN_POINT('',(-0.,0.));
#7053 = VECTOR('',#7054,1.);
#7054 = DIRECTION('',(-0.,1.));
#7055 = ( GEOMETRIC_REPRESENTATION_CONTEXT(2) 
PARAMETRIC_REPRESENTATION_CONTEXT() REPRESENTATION_CONTEXT('2D SPACE',''
  ) );
#7056 = ORIENTED_EDGE('',*,*,#6971,.T.);
#7057 = ORIENTED_EDGE('',*,*,#6333,.F.);
#7058 = ADVANCED_FACE('',(#7059),#6519,.T.);
#7059 = FACE_BOUND('',#7060,.F.);
#7060 = EDGE_LOOP('',(#7061,#7084,#7145,#7146));
#7061 = ORIENTED_EDGE('',*,*,#7062,.F.);
#7062 = EDGE_CURVE('',#7063,#6498,#7065,.T.);
#7063 = VERTEX_POINT('',#7064);
#7064 = CARTESIAN_POINT('',(10.75,-23.3,-5.364032522475));
#7065 = SURFACE_CURVE('',#7066,(#7070,#7077),.PCURVE_S1.);
#7066 = LINE('',#7067,#7068);
#7067 = CARTESIAN_POINT('',(10.75,-23.3,-7.55));
#7068 = VECTOR('',#7069,1.);
#7069 = DIRECTION('',(0.,0.,1.));
#7070 = PCURVE('',#6519,#7071);
#7071 = DEFINITIONAL_REPRESENTATION('',(#7072),#7076);
#7072 = LINE('',#7073,#7074);
#7073 = CARTESIAN_POINT('',(-0.,0.));
#7074 = VECTOR('',#7075,1.);
#7075 = DIRECTION('',(-0.,1.));
#7076 = ( GEOMETRIC_REPRESENTATION_CONTEXT(2) 
PARAMETRIC_REPRESENTATION_CONTEXT() REPRESENTATION_CONTEXT('2D SPACE',''
  ) );
#7077 = PCURVE('',#6678,#7078);
#7078 = DEFINITIONAL_REPRESENTATION('',(#7079),#7083);
#7079 = LINE('',#7080,#7081);
#7080 = CARTESIAN_POINT('',(7.96,-40.75));
#7081 = VECTOR('',#7082,1.);
#7082 = DIRECTION('',(-1.,0.));
#7083 = ( GEOMETRIC_REPRESENTATION_CONTEXT(2) 
PARAMETRIC_REPRESENTATION_CONTEXT() REPRESENTATION_CONTEXT('2D SPACE',''
  ) );
#7084 = ORIENTED_EDGE('',*,*,#7085,.F.);
#7085 = EDGE_CURVE('',#6780,#7063,#7086,.T.);
#7086 = SURFACE_CURVE('',#7087,(#7097,#7110),.PCURVE_S1.);
#7087 = ( BOUNDED_CURVE() B_SPLINE_CURVE(8,(#7088,#7089,#7090,#7091,
    #7092,#7093,#7094,#7095,#7096),.UNSPECIFIED.,.F.,.F.) 
B_SPLINE_CURVE_WITH_KNOTS((9,9),(0.389763001135,1.528102351231),
.PIECEWISE_BEZIER_KNOTS.) CURVE() GEOMETRIC_REPRESENTATION_ITEM() 
RATIONAL_B_SPLINE_CURVE((1.,1.,1.,1.,1.,1.,1.,1.,1.)) 
REPRESENTATION_ITEM('') );
#7088 = CARTESIAN_POINT('',(10.,-22.55,-5.629032522475));
#7089 = CARTESIAN_POINT('',(10.,-22.69209890001,-5.578824288516));
#7090 = CARTESIAN_POINT('',(10.030804889325,-22.83048830959,
    -5.529931311534));
#7091 = CARTESIAN_POINT('',(10.089305266061,-22.9641332622,
    -5.482948303609));
#7092 = CARTESIAN_POINT('',(10.179855623575,-23.09217219892,
    -5.438711164512));
#7093 = CARTESIAN_POINT('',(10.304826528795,-23.19729336198,
    -5.400458749843));
#7094 = CARTESIAN_POINT('',(10.451099507501,-23.26702705779,
    -5.375737212155));
#7095 = CARTESIAN_POINT('',(10.602841599882,-23.3,-5.364032522475));
#7096 = CARTESIAN_POINT('',(10.75,-23.3,-5.364032522475));
#7097 = PCURVE('',#6519,#7098);
#7098 = DEFINITIONAL_REPRESENTATION('',(#7099),#7109);
#7099 = B_SPLINE_CURVE_WITH_KNOTS('',8,(#7100,#7101,#7102,#7103,#7104,
    #7105,#7106,#7107,#7108),.UNSPECIFIED.,.F.,.F.,(9,9),(0.389763001135
    ,1.528102351231),.PIECEWISE_BEZIER_KNOTS.);
#7100 = CARTESIAN_POINT('',(-1.570796326795,1.920967477525));
#7101 = CARTESIAN_POINT('',(-1.38133112677,1.971175711484));
#7102 = CARTESIAN_POINT('',(-1.196819418101,2.020067792492));
#7103 = CARTESIAN_POINT('',(-1.008213064631,2.067054180184));
#7104 = CARTESIAN_POINT('',(-0.808902904262,2.111286007641));
#7105 = CARTESIAN_POINT('',(-0.605231247271,2.149542726059));
#7106 = CARTESIAN_POINT('',(-0.398500446768,2.174262519617));
#7107 = CARTESIAN_POINT('',(-0.196211200157,2.185967477525));
#7108 = CARTESIAN_POINT('',(4.595634098283E-16,2.185967477525));
#7109 = ( GEOMETRIC_REPRESENTATION_CONTEXT(2) 
PARAMETRIC_REPRESENTATION_CONTEXT() REPRESENTATION_CONTEXT('2D SPACE',''
  ) );
#7110 = PCURVE('',#7111,#7139);
#7111 = ( BOUNDED_SURFACE() B_SPLINE_SURFACE(2,8,(
    (#7112,#7113,#7114,#7115,#7116,#7117,#7118,#7119,#7120)
    ,(#7121,#7122,#7123,#7124,#7125,#7126,#7127,#7128,#7129)
    ,(#7130,#7131,#7132,#7133,#7134,#7135,#7136,#7137,#7138
)),.UNSPECIFIED.,.F.,.F.,.F.) B_SPLINE_SURFACE_WITH_KNOTS((3,3),(9,9),(
    0.,1.138339350096),(0.389763001135,1.528102351231),
.PIECEWISE_BEZIER_KNOTS.) GEOMETRIC_REPRESENTATION_ITEM() 
RATIONAL_B_SPLINE_SURFACE((
    (1.,1.,1.,1.,1.,1.,1.,1.,1.)
    ,(0.707106781187,0.737063922972,0.764779788115,0.790872696687
      ,0.815571138552,0.8327768945,0.844946619707,0.850650808352
      ,0.850650808352)
,(1.,1.,1.,1.,1.,1.,1.,1.,1.))) REPRESENTATION_ITEM('') SURFACE() );
#7112 = CARTESIAN_POINT('',(10.,-22.55,-5.629032522475));
#7113 = CARTESIAN_POINT('',(10.,-22.69209890001,-5.578824288516));
#7114 = CARTESIAN_POINT('',(10.030804889325,-22.83048830959,
    -5.529931311534));
#7115 = CARTESIAN_POINT('',(10.089305266061,-22.9641332622,
    -5.482948303609));
#7116 = CARTESIAN_POINT('',(10.179855623575,-23.09217219892,
    -5.438711164512));
#7117 = CARTESIAN_POINT('',(10.304826528795,-23.19729336198,
    -5.400458749843));
#7118 = CARTESIAN_POINT('',(10.451099507501,-23.26702705779,
    -5.375737212155));
#7119 = CARTESIAN_POINT('',(10.602841599882,-23.3,-5.364032522475));
#7120 = CARTESIAN_POINT('',(10.75,-23.3,-5.364032522475));
#7121 = CARTESIAN_POINT('',(10.,-22.64838699101,-5.825806504495));
#7122 = CARTESIAN_POINT('',(10.01788327188,-22.77667989459,
    -5.761660052704));
#7123 = CARTESIAN_POINT('',(10.06076740693,-22.89671728743,
    -5.701641356281));
#7124 = CARTESIAN_POINT('',(10.124972764384,-23.00834969658,
    -5.645825151706));
#7125 = CARTESIAN_POINT('',(10.211701132997,-23.11653756357,
    -5.591731218214));
#7126 = CARTESIAN_POINT('',(10.332221004083,-23.21187853269,
    -5.544060733651));
#7127 = CARTESIAN_POINT('',(10.47267631881,-23.27222509718,
    -5.513887451407));
#7128 = CARTESIAN_POINT('',(10.615072134251,-23.3,-5.5));
#7129 = CARTESIAN_POINT('',(10.75,-23.3,-5.5));
#7130 = CARTESIAN_POINT('',(10.219999535031,-22.64798243106,
    -5.826008784468));
#7131 = CARTESIAN_POINT('',(10.219899613367,-22.73827495621,
    -5.780862521892));
#7132 = CARTESIAN_POINT('',(10.236552453842,-22.82570352707,
    -5.737148236464));
#7133 = CARTESIAN_POINT('',(10.267441656994,-22.91590452464,
    -5.69204773768));
#7134 = CARTESIAN_POINT('',(10.323965099724,-23.01307996288,
    -5.643460018556));
#7135 = CARTESIAN_POINT('',(10.414726840289,-23.0977132273,
    -5.60114338635));
#7136 = CARTESIAN_POINT('',(10.526956186885,-23.15355299181,
    -5.573223504094));
#7137 = CARTESIAN_POINT('',(10.642420440502,-23.17838699101,
    -5.560806504495));
#7138 = CARTESIAN_POINT('',(10.75,-23.17838699101,-5.560806504495));
#7139 = DEFINITIONAL_REPRESENTATION('',(#7140),#7144);
#7140 = LINE('',#7141,#7142);
#7141 = CARTESIAN_POINT('',(0.,0.));
#7142 = VECTOR('',#7143,1.);
#7143 = DIRECTION('',(0.,1.));
#7144 = ( GEOMETRIC_REPRESENTATION_CONTEXT(2) 
PARAMETRIC_REPRESENTATION_CONTEXT() REPRESENTATION_CONTEXT('2D SPACE',''
  ) );
#7145 = ORIENTED_EDGE('',*,*,#6807,.T.);
#7146 = ORIENTED_EDGE('',*,*,#6497,.T.);
#7147 = ADVANCED_FACE('',(#7148),#6640,.T.);
#7148 = FACE_BOUND('',#7149,.F.);
#7149 = EDGE_LOOP('',(#7150,#7151,#7214,#7235));
#7150 = ORIENTED_EDGE('',*,*,#6865,.F.);
#7151 = ORIENTED_EDGE('',*,*,#7152,.F.);
#7152 = EDGE_CURVE('',#7153,#6866,#7155,.T.);
#7153 = VERTEX_POINT('',#7154);
#7154 = CARTESIAN_POINT('',(11.288670320179,-23.3,-5.364032522475));
#7155 = SURFACE_CURVE('',#7156,(#7166,#7179),.PCURVE_S1.);
#7156 = ( BOUNDED_CURVE() B_SPLINE_CURVE(8,(#7157,#7158,#7159,#7160,
    #7161,#7162,#7163,#7164,#7165),.UNSPECIFIED.,.F.,.F.) 
B_SPLINE_CURVE_WITH_KNOTS((9,9),(2.066772671409,3.163496106339),
.PIECEWISE_BEZIER_KNOTS.) CURVE() GEOMETRIC_REPRESENTATION_ITEM() 
RATIONAL_B_SPLINE_CURVE((1.,1.,1.,1.,1.,1.,1.,1.,1.)) 
REPRESENTATION_ITEM('') );
#7157 = CARTESIAN_POINT('',(11.288670320179,-23.3,-5.364032522475));
#7158 = CARTESIAN_POINT('',(11.430639596274,-23.3,-5.364032522475));
#7159 = CARTESIAN_POINT('',(11.576985701807,-23.2693064035,
    -5.374932293629));
#7160 = CARTESIAN_POINT('',(11.718409562318,-23.20446530626,
    -5.397946151657));
#7161 = CARTESIAN_POINT('',(11.840737112192,-23.10670488107,
    -5.4334662496));
#7162 = CARTESIAN_POINT('',(11.932145639319,-22.98694418403,
    -5.4749253965));
#7163 = CARTESIAN_POINT('',(11.994171056289,-22.8602478005,
    -5.51943187934));
#7164 = CARTESIAN_POINT('',(12.030318297381,-22.72754543308,
    -5.566300386039));
#7165 = CARTESIAN_POINT('',(12.037620665677,-22.58966585404,
    -5.615017264088));
#7166 = PCURVE('',#6640,#7167);
#7167 = DEFINITIONAL_REPRESENTATION('',(#7168),#7178);
#7168 = B_SPLINE_CURVE_WITH_KNOTS('',8,(#7169,#7170,#7171,#7172,#7173,
    #7174,#7175,#7176,#7177),.UNSPECIFIED.,.F.,.F.,(9,9),(2.066772671409
    ,3.163496106339),.PIECEWISE_BEZIER_KNOTS.);
#7169 = CARTESIAN_POINT('',(-1.517883834726,2.185967477525));
#7170 = CARTESIAN_POINT('',(-1.328591466598,2.185967477525));
#7171 = CARTESIAN_POINT('',(-1.133490033122,2.175067596906));
#7172 = CARTESIAN_POINT('',(-0.934437290698,2.152054656111));
#7173 = CARTESIAN_POINT('',(-0.738061752533,2.116532045531));
#7174 = CARTESIAN_POINT('',(-0.545948806358,2.075076178493));
#7175 = CARTESIAN_POINT('',(-0.36332752706,2.030567533703));
#7176 = CARTESIAN_POINT('',(-0.184097089843,1.983699613961));
#7177 = CARTESIAN_POINT('',(2.099550394637E-16,1.934982735912));
#7178 = ( GEOMETRIC_REPRESENTATION_CONTEXT(2) 
PARAMETRIC_REPRESENTATION_CONTEXT() REPRESENTATION_CONTEXT('2D SPACE',''
  ) );
#7179 = PCURVE('',#7180,#7208);
#7180 = ( BOUNDED_SURFACE() B_SPLINE_SURFACE(2,8,(
    (#7181,#7182,#7183,#7184,#7185,#7186,#7187,#7188,#7189)
    ,(#7190,#7191,#7192,#7193,#7194,#7195,#7196,#7197,#7198)
    ,(#7199,#7200,#7201,#7202,#7203,#7204,#7205,#7206,#7207
)),.UNSPECIFIED.,.F.,.F.,.F.) B_SPLINE_SURFACE_WITH_KNOTS((3,3),(9,9),(
    0.,1.09672343493),(2.066772671409,3.163496106339),
.PIECEWISE_BEZIER_KNOTS.) GEOMETRIC_REPRESENTATION_ITEM() 
RATIONAL_B_SPLINE_SURFACE((
    (1.,1.,1.,1.,1.,1.,1.,1.,1.)
    ,(0.850650808352,0.850650808352,0.845344440011,0.834068455188
      ,0.817999027772,0.795088124739,0.770499307218,0.744150827702
      ,0.715420221421)
,(1.,1.,1.,1.,1.,1.,1.,1.,1.))) REPRESENTATION_ITEM('') SURFACE() );
#7181 = CARTESIAN_POINT('',(11.288670320179,-23.3,-5.364032522475));
#7182 = CARTESIAN_POINT('',(11.430639596274,-23.3,-5.364032522475));
#7183 = CARTESIAN_POINT('',(11.576985701807,-23.2693064035,
    -5.374932293629));
#7184 = CARTESIAN_POINT('',(11.718409562318,-23.20446530626,
    -5.397946151657));
#7185 = CARTESIAN_POINT('',(11.840737112192,-23.10670488107,
    -5.4334662496));
#7186 = CARTESIAN_POINT('',(11.932145639319,-22.98694418403,
    -5.4749253965));
#7187 = CARTESIAN_POINT('',(11.994171056289,-22.8602478005,
    -5.51943187934));
#7188 = CARTESIAN_POINT('',(12.030318297381,-22.72754543308,
    -5.566300386039));
#7189 = CARTESIAN_POINT('',(12.037620665677,-22.58966585404,
    -5.615017264088));
#7190 = CARTESIAN_POINT('',(11.288670320179,-23.3,-5.5));
#7191 = CARTESIAN_POINT('',(11.418934096412,-23.3,-5.5));
#7192 = CARTESIAN_POINT('',(11.556167729938,-23.2741270528,-5.5129364736
    ));
#7193 = CARTESIAN_POINT('',(11.691526054105,-23.2180343454,
    -5.540982827298));
#7194 = CARTESIAN_POINT('',(11.809159197102,-23.12988728787,
    -5.585056356063));
#7195 = CARTESIAN_POINT('',(11.896367357929,-23.02854857021,
    -5.635725714895));
#7196 = CARTESIAN_POINT('',(11.962527379286,-22.9229232456,
    -5.688538377197));
#7197 = CARTESIAN_POINT('',(12.009015047069,-22.80861587587,
    -5.745692062061));
#7198 = CARTESIAN_POINT('',(12.032544984556,-22.68550226601,
    -5.807248866993));
#7199 = CARTESIAN_POINT('',(11.288670320179,-23.17838699101,
    -5.560806504495));
#7200 = CARTESIAN_POINT('',(11.392759803008,-23.17838699101,
    -5.560806504495));
#7201 = CARTESIAN_POINT('',(11.504195953171,-23.15514739368,
    -5.572426303159));
#7202 = CARTESIAN_POINT('',(11.612493872401,-23.1031714043,
    -5.598414297846));
#7203 = CARTESIAN_POINT('',(11.70148792331,-23.02455903525,
    -5.637720482371));
#7204 = CARTESIAN_POINT('',(11.759284720168,-22.9335384411,
    -5.683230779448));
#7205 = CARTESIAN_POINT('',(11.793174616493,-22.84778713054,
    -5.72610643473));
#7206 = CARTESIAN_POINT('',(11.813393965969,-22.76370263014,
    -5.768148684928));
#7207 = CARTESIAN_POINT('',(11.817948286068,-22.67605233261,
    -5.811973833691));
#7208 = DEFINITIONAL_REPRESENTATION('',(#7209),#7213);
#7209 = LINE('',#7210,#7211);
#7210 = CARTESIAN_POINT('',(0.,0.));
#7211 = VECTOR('',#7212,1.);
#7212 = DIRECTION('',(0.,1.));
#7213 = ( GEOMETRIC_REPRESENTATION_CONTEXT(2) 
PARAMETRIC_REPRESENTATION_CONTEXT() REPRESENTATION_CONTEXT('2D SPACE',''
  ) );
#7214 = ORIENTED_EDGE('',*,*,#7215,.T.);
#7215 = EDGE_CURVE('',#7153,#6567,#7216,.T.);
#7216 = SURFACE_CURVE('',#7217,(#7221,#7228),.PCURVE_S1.);
#7217 = LINE('',#7218,#7219);
#7218 = CARTESIAN_POINT('',(11.288670320179,-23.3,-7.55));
#7219 = VECTOR('',#7220,1.);
#7220 = DIRECTION('',(0.,0.,1.));
#7221 = PCURVE('',#6640,#7222);
#7222 = DEFINITIONAL_REPRESENTATION('',(#7223),#7227);
#7223 = LINE('',#7224,#7225);
#7224 = CARTESIAN_POINT('',(-1.517883834726,0.));
#7225 = VECTOR('',#7226,1.);
#7226 = DIRECTION('',(-0.,1.));
#7227 = ( GEOMETRIC_REPRESENTATION_CONTEXT(2) 
PARAMETRIC_REPRESENTATION_CONTEXT() REPRESENTATION_CONTEXT('2D SPACE',''
  ) );
#7228 = PCURVE('',#6678,#7229);
#7229 = DEFINITIONAL_REPRESENTATION('',(#7230),#7234);
#7230 = LINE('',#7231,#7232);
#7231 = CARTESIAN_POINT('',(7.96,-41.28867032017));
#7232 = VECTOR('',#7233,1.);
#7233 = DIRECTION('',(-1.,0.));
#7234 = ( GEOMETRIC_REPRESENTATION_CONTEXT(2) 
PARAMETRIC_REPRESENTATION_CONTEXT() REPRESENTATION_CONTEXT('2D SPACE',''
  ) );
#7235 = ORIENTED_EDGE('',*,*,#6620,.T.);
#7236 = ADVANCED_FACE('',(#7237),#6678,.F.);
#7237 = FACE_BOUND('',#7238,.F.);
#7238 = EDGE_LOOP('',(#7239,#7240,#7241,#7242));
#7239 = ORIENTED_EDGE('',*,*,#7062,.T.);
#7240 = ORIENTED_EDGE('',*,*,#6664,.T.);
#7241 = ORIENTED_EDGE('',*,*,#7215,.F.);
#7242 = ORIENTED_EDGE('',*,*,#7243,.F.);
#7243 = EDGE_CURVE('',#7063,#7153,#7244,.T.);
#7244 = SURFACE_CURVE('',#7245,(#7249,#7256),.PCURVE_S1.);
#7245 = LINE('',#7246,#7247);
#7246 = CARTESIAN_POINT('',(10.75,-23.3,-5.364032522475));
#7247 = VECTOR('',#7248,1.);
#7248 = DIRECTION('',(1.,0.,0.));
#7249 = PCURVE('',#6678,#7250);
#7250 = DEFINITIONAL_REPRESENTATION('',(#7251),#7255);
#7251 = LINE('',#7252,#7253);
#7252 = CARTESIAN_POINT('',(5.774032522475,-40.75));
#7253 = VECTOR('',#7254,1.);
#7254 = DIRECTION('',(0.,-1.));
#7255 = ( GEOMETRIC_REPRESENTATION_CONTEXT(2) 
PARAMETRIC_REPRESENTATION_CONTEXT() REPRESENTATION_CONTEXT('2D SPACE',''
  ) );
#7256 = PCURVE('',#7257,#7262);
#7257 = CYLINDRICAL_SURFACE('',#7258,0.22);
#7258 = AXIS2_PLACEMENT_3D('',#7259,#7260,#7261);
#7259 = CARTESIAN_POINT('',(10.75,-23.08,-5.364032522475));
#7260 = DIRECTION('',(1.,0.,0.));
#7261 = DIRECTION('',(0.,-1.,0.));
#7262 = DEFINITIONAL_REPRESENTATION('',(#7263),#7267);
#7263 = LINE('',#7264,#7265);
#7264 = CARTESIAN_POINT('',(0.,0.));
#7265 = VECTOR('',#7266,1.);
#7266 = DIRECTION('',(0.,1.));
#7267 = ( GEOMETRIC_REPRESENTATION_CONTEXT(2) 
PARAMETRIC_REPRESENTATION_CONTEXT() REPRESENTATION_CONTEXT('2D SPACE',''
  ) );
#7268 = ADVANCED_FACE('',(#7269),#6739,.T.);
#7269 = FACE_BOUND('',#7270,.F.);
#7270 = EDGE_LOOP('',(#7271,#7303,#7304,#7305,#7306,#7338));
#7271 = ORIENTED_EDGE('',*,*,#7272,.T.);
#7272 = EDGE_CURVE('',#7273,#6917,#7275,.T.);
#7273 = VERTEX_POINT('',#7274);
#7274 = CARTESIAN_POINT('',(12.068040045733,-17.86497801274,
    -6.190162845446));
#7275 = SURFACE_CURVE('',#7276,(#7281,#7292),.PCURVE_S1.);
#7276 = ELLIPSE('',#7277,0.319687654048,0.22);
#7277 = AXIS2_PLACEMENT_3D('',#7278,#7279,#7280);
#7278 = CARTESIAN_POINT('',(12.068040045733,-17.85555361263,
    -5.970364800226));
#7279 = DIRECTION('',(0.6881717114,-0.724881823232,3.10811514608E-02));
#7280 = DIRECTION('',(0.725547858951,0.687539986098,-2.948002523775E-02)
  );
#7281 = PCURVE('',#6739,#7282);
#7282 = DEFINITIONAL_REPRESENTATION('',(#7283),#7291);
#7283 = B_SPLINE_CURVE_WITH_KNOTS('',6,(#7284,#7285,#7286,#7287,#7288,
    #7289,#7290),.UNSPECIFIED.,.F.,.F.,(7,7),(4.712388980385,
    6.280919687792),.PIECEWISE_BEZIER_KNOTS.);
#7284 = CARTESIAN_POINT('',(-1.613647622071,2.068040045733));
#7285 = CARTESIAN_POINT('',(-1.352225837503,2.128676486967));
#7286 = CARTESIAN_POINT('',(-1.090805171651,2.189308401317));
#7287 = CARTESIAN_POINT('',(-0.829382405545,2.242510270055));
#7288 = CARTESIAN_POINT('',(-0.567959206252,2.280695880064));
#7289 = CARTESIAN_POINT('',(-0.306538699232,2.299850764382));
#7290 = CARTESIAN_POINT('',(-4.511691466416E-02,2.299988143361));
#7291 = ( GEOMETRIC_REPRESENTATION_CONTEXT(2) 
PARAMETRIC_REPRESENTATION_CONTEXT() REPRESENTATION_CONTEXT('2D SPACE',''
  ) );
#7292 = PCURVE('',#6932,#7293);
#7293 = DEFINITIONAL_REPRESENTATION('',(#7294),#7302);
#7294 = B_SPLINE_CURVE_WITH_KNOTS('',6,(#7295,#7296,#7297,#7298,#7299,
    #7300,#7301),.UNSPECIFIED.,.F.,.F.,(7,7),(4.712388980385,
    6.280919687792),.PIECEWISE_BEZIER_KNOTS.);
#7295 = CARTESIAN_POINT('',(1.568530707407,4.43369237779));
#7296 = CARTESIAN_POINT('',(1.307108922839,4.494328819023));
#7297 = CARTESIAN_POINT('',(1.045688256987,4.554960733373));
#7298 = CARTESIAN_POINT('',(0.784265490881,4.608162602112));
#7299 = CARTESIAN_POINT('',(0.522842291588,4.64634821212));
#7300 = CARTESIAN_POINT('',(0.261421784568,4.665503096438));
#7301 = CARTESIAN_POINT('',(-4.201378526973E-15,4.665640475418));
#7302 = ( GEOMETRIC_REPRESENTATION_CONTEXT(2) 
PARAMETRIC_REPRESENTATION_CONTEXT() REPRESENTATION_CONTEXT('2D SPACE',''
  ) );
#7303 = ORIENTED_EDGE('',*,*,#6944,.T.);
#7304 = ORIENTED_EDGE('',*,*,#7036,.F.);
#7305 = ORIENTED_EDGE('',*,*,#6718,.F.);
#7306 = ORIENTED_EDGE('',*,*,#7307,.F.);
#7307 = EDGE_CURVE('',#7308,#6719,#7310,.T.);
#7308 = VERTEX_POINT('',#7309);
#7309 = CARTESIAN_POINT('',(10.22,-17.86497801274,-6.190162845446));
#7310 = SURFACE_CURVE('',#7311,(#7316,#7327),.PCURVE_S1.);
#7311 = ELLIPSE('',#7312,0.311126983722,0.22);
#7312 = AXIS2_PLACEMENT_3D('',#7313,#7314,#7315);
#7313 = CARTESIAN_POINT('',(10.22,-17.85555361263,-5.970364800226));
#7314 = DIRECTION('',(0.707106781187,0.706457673939,-3.029116920942E-02)
  );
#7315 = DIRECTION('',(0.707106781187,-0.706457673939,3.029116920942E-02)
  );
#7316 = PCURVE('',#6739,#7317);
#7317 = DEFINITIONAL_REPRESENTATION('',(#7318),#7326);
#7318 = B_SPLINE_CURVE_WITH_KNOTS('',6,(#7319,#7320,#7321,#7322,#7323,
    #7324,#7325),.UNSPECIFIED.,.F.,.F.,(7,7),(1.570796326795,
    3.14159265359),.PIECEWISE_BEZIER_KNOTS.);
#7319 = CARTESIAN_POINT('',(-1.613647622071,0.22));
#7320 = CARTESIAN_POINT('',(-1.351848234272,0.162404134684));
#7321 = CARTESIAN_POINT('',(-1.090049855637,0.1048126005));
#7322 = CARTESIAN_POINT('',(-0.828249679372,5.429878472524E-02));
#7323 = CARTESIAN_POINT('',(-0.566448824567,1.809002427734E-02));
#7324 = CARTESIAN_POINT('',(-0.304650683075,3.640317214337E-15));
#7325 = CARTESIAN_POINT('',(-4.285129527616E-02,3.538835890993E-15));
#7326 = ( GEOMETRIC_REPRESENTATION_CONTEXT(2) 
PARAMETRIC_REPRESENTATION_CONTEXT() REPRESENTATION_CONTEXT('2D SPACE',''
  ) );
#7327 = PCURVE('',#6767,#7328);
#7328 = DEFINITIONAL_REPRESENTATION('',(#7329),#7337);
#7329 = B_SPLINE_CURVE_WITH_KNOTS('',6,(#7330,#7331,#7332,#7333,#7334,
    #7335,#7336),.UNSPECIFIED.,.F.,.F.,(7,7),(1.570796326795,
    3.14159265359),.PIECEWISE_BEZIER_KNOTS.);
#7330 = CARTESIAN_POINT('',(1.570796326795,0.229635199774));
#7331 = CARTESIAN_POINT('',(1.308996938996,0.172039334458));
#7332 = CARTESIAN_POINT('',(1.047198560361,0.114447800274));
#7333 = CARTESIAN_POINT('',(0.785398384096,6.393398449942E-02));
#7334 = CARTESIAN_POINT('',(0.523597529291,2.772522405157E-02));
#7335 = CARTESIAN_POINT('',(0.261799387799,9.635199774212E-03));
#7336 = CARTESIAN_POINT('',(0.,9.635199774213E-03));
#7337 = ( GEOMETRIC_REPRESENTATION_CONTEXT(2) 
PARAMETRIC_REPRESENTATION_CONTEXT() REPRESENTATION_CONTEXT('2D SPACE',''
  ) );
#7338 = ORIENTED_EDGE('',*,*,#7339,.T.);
#7339 = EDGE_CURVE('',#7308,#7273,#7340,.T.);
#7340 = SURFACE_CURVE('',#7341,(#7345,#7352),.PCURVE_S1.);
#7341 = LINE('',#7342,#7343);
#7342 = CARTESIAN_POINT('',(10.,-17.86497801274,-6.190162845446));
#7343 = VECTOR('',#7344,1.);
#7344 = DIRECTION('',(1.,0.,0.));
#7345 = PCURVE('',#6739,#7346);
#7346 = DEFINITIONAL_REPRESENTATION('',(#7347),#7351);
#7347 = LINE('',#7348,#7349);
#7348 = CARTESIAN_POINT('',(-1.613647622071,0.));
#7349 = VECTOR('',#7350,1.);
#7350 = DIRECTION('',(-0.,1.));
#7351 = ( GEOMETRIC_REPRESENTATION_CONTEXT(2) 
PARAMETRIC_REPRESENTATION_CONTEXT() REPRESENTATION_CONTEXT('2D SPACE',''
  ) );
#7352 = PCURVE('',#7353,#7358);
#7353 = PLANE('',#7354);
#7354 = AXIS2_PLACEMENT_3D('',#7355,#7356,#7357);
#7355 = CARTESIAN_POINT('',(-30.,-22.3,-6.));
#7356 = DIRECTION('',(-0.,4.28381823161E-02,0.999082023728));
#7357 = DIRECTION('',(0.,0.999082023728,-4.28381823161E-02));
#7358 = DEFINITIONAL_REPRESENTATION('',(#7359),#7363);
#7359 = LINE('',#7360,#7361);
#7360 = CARTESIAN_POINT('',(4.439096972945,-40.));
#7361 = VECTOR('',#7362,1.);
#7362 = DIRECTION('',(0.,-1.));
#7363 = ( GEOMETRIC_REPRESENTATION_CONTEXT(2) 
PARAMETRIC_REPRESENTATION_CONTEXT() REPRESENTATION_CONTEXT('2D SPACE',''
  ) );
#7364 = ADVANCED_FACE('',(#7365),#6767,.T.);
#7365 = FACE_BOUND('',#7366,.T.);
#7366 = EDGE_LOOP('',(#7367,#7368,#7391,#7416));
#7367 = ORIENTED_EDGE('',*,*,#7307,.F.);
#7368 = ORIENTED_EDGE('',*,*,#7369,.T.);
#7369 = EDGE_CURVE('',#7308,#7370,#7372,.T.);
#7370 = VERTEX_POINT('',#7371);
#7371 = CARTESIAN_POINT('',(10.22,-22.25306020976,-6.002012662869));
#7372 = SURFACE_CURVE('',#7373,(#7377,#7384),.PCURVE_S1.);
#7373 = LINE('',#7374,#7375);
#7374 = CARTESIAN_POINT('',(10.22,-17.63555361263,-6.2));
#7375 = VECTOR('',#7376,1.);
#7376 = DIRECTION('',(0.,-0.999082023728,4.28381823161E-02));
#7377 = PCURVE('',#6767,#7378);
#7378 = DEFINITIONAL_REPRESENTATION('',(#7379),#7383);
#7379 = LINE('',#7380,#7381);
#7380 = CARTESIAN_POINT('',(1.570796326795,0.));
#7381 = VECTOR('',#7382,1.);
#7382 = DIRECTION('',(0.,1.));
#7383 = ( GEOMETRIC_REPRESENTATION_CONTEXT(2) 
PARAMETRIC_REPRESENTATION_CONTEXT() REPRESENTATION_CONTEXT('2D SPACE',''
  ) );
#7384 = PCURVE('',#7353,#7385);
#7385 = DEFINITIONAL_REPRESENTATION('',(#7386),#7390);
#7386 = LINE('',#7387,#7388);
#7387 = CARTESIAN_POINT('',(4.668732172719,-40.22));
#7388 = VECTOR('',#7389,1.);
#7389 = DIRECTION('',(-1.,-0.));
#7390 = ( GEOMETRIC_REPRESENTATION_CONTEXT(2) 
PARAMETRIC_REPRESENTATION_CONTEXT() REPRESENTATION_CONTEXT('2D SPACE',''
  ) );
#7391 = ORIENTED_EDGE('',*,*,#7392,.F.);
#7392 = EDGE_CURVE('',#6752,#7370,#7393,.T.);
#7393 = SURFACE_CURVE('',#7394,(#7399,#7405),.PCURVE_S1.);
#7394 = CIRCLE('',#7395,0.22);
#7395 = AXIS2_PLACEMENT_3D('',#7396,#7397,#7398);
#7396 = CARTESIAN_POINT('',(10.22,-22.24363580965,-5.782214617649));
#7397 = DIRECTION('',(0.,-0.999082023728,4.283818231608E-02));
#7398 = DIRECTION('',(0.,-4.283818231608E-02,-0.999082023728));
#7399 = PCURVE('',#6767,#7400);
#7400 = DEFINITIONAL_REPRESENTATION('',(#7401),#7404);
#7401 = B_SPLINE_CURVE_WITH_KNOTS('',1,(#7402,#7403),.UNSPECIFIED.,.F.,
  .F.,(2,2),(4.712388980385,6.28318530718),.PIECEWISE_BEZIER_KNOTS.);
#7402 = CARTESIAN_POINT('',(0.,4.621749253276));
#7403 = CARTESIAN_POINT('',(1.570796326795,4.621749253276));
#7404 = ( GEOMETRIC_REPRESENTATION_CONTEXT(2) 
PARAMETRIC_REPRESENTATION_CONTEXT() REPRESENTATION_CONTEXT('2D SPACE',''
  ) );
#7405 = PCURVE('',#7406,#7411);
#7406 = SPHERICAL_SURFACE('',#7407,0.22);
#7407 = AXIS2_PLACEMENT_3D('',#7408,#7409,#7410);
#7408 = CARTESIAN_POINT('',(10.22,-22.24363580965,-5.782214617649));
#7409 = DIRECTION('',(1.,-0.,-0.));
#7410 = DIRECTION('',(-0.,-0.4472135955,-0.894427191));
#7411 = DEFINITIONAL_REPRESENTATION('',(#7412),#7415);
#7412 = B_SPLINE_CURVE_WITH_KNOTS('',1,(#7413,#7414),.UNSPECIFIED.,.F.,
  .F.,(2,2),(4.712388980385,6.28318530718),.PIECEWISE_BEZIER_KNOTS.);
#7413 = CARTESIAN_POINT('',(0.420796313725,-1.570796326795));
#7414 = CARTESIAN_POINT('',(0.420796313725,0.));
#7415 = ( GEOMETRIC_REPRESENTATION_CONTEXT(2) 
PARAMETRIC_REPRESENTATION_CONTEXT() REPRESENTATION_CONTEXT('2D SPACE',''
  ) );
#7416 = ORIENTED_EDGE('',*,*,#6751,.F.);
#7417 = ADVANCED_FACE('',(#7418),#6795,.T.);
#7418 = FACE_BOUND('',#7419,.T.);
#7419 = EDGE_LOOP('',(#7420,#7442,#7470,#7494));
#7420 = ORIENTED_EDGE('',*,*,#7421,.T.);
#7421 = EDGE_CURVE('',#6752,#7422,#7424,.T.);
#7422 = VERTEX_POINT('',#7423);
#7423 = CARTESIAN_POINT('',(10.22,-22.34202280066,-5.978988599669));
#7424 = SURFACE_CURVE('',#7425,(#7430,#7436),.PCURVE_S1.);
#7425 = CIRCLE('',#7426,0.22);
#7426 = AXIS2_PLACEMENT_3D('',#7427,#7428,#7429);
#7427 = CARTESIAN_POINT('',(10.22,-22.24363580965,-5.782214617649));
#7428 = DIRECTION('',(0.,-0.894427191,0.4472135955));
#7429 = DIRECTION('',(0.,-0.4472135955,-0.894427191));
#7430 = PCURVE('',#6795,#7431);
#7431 = DEFINITIONAL_REPRESENTATION('',(#7432),#7435);
#7432 = B_SPLINE_CURVE_WITH_KNOTS('',1,(#7433,#7434),.UNSPECIFIED.,.F.,
  .F.,(2,2),(4.712388980385,6.28318530718),.PIECEWISE_BEZIER_KNOTS.);
#7433 = CARTESIAN_POINT('',(0.,4.698291944317E-02));
#7434 = CARTESIAN_POINT('',(1.570796326795,4.698291944317E-02));
#7435 = ( GEOMETRIC_REPRESENTATION_CONTEXT(2) 
PARAMETRIC_REPRESENTATION_CONTEXT() REPRESENTATION_CONTEXT('2D SPACE',''
  ) );
#7436 = PCURVE('',#7406,#7437);
#7437 = DEFINITIONAL_REPRESENTATION('',(#7438),#7441);
#7438 = B_SPLINE_CURVE_WITH_KNOTS('',1,(#7439,#7440),.UNSPECIFIED.,.F.,
  .F.,(2,2),(4.712388980385,6.28318530718),.PIECEWISE_BEZIER_KNOTS.);
#7439 = CARTESIAN_POINT('',(0.,-1.570796326795));
#7440 = CARTESIAN_POINT('',(0.,0.));
#7441 = ( GEOMETRIC_REPRESENTATION_CONTEXT(2) 
PARAMETRIC_REPRESENTATION_CONTEXT() REPRESENTATION_CONTEXT('2D SPACE',''
  ) );
#7442 = ORIENTED_EDGE('',*,*,#7443,.T.);
#7443 = EDGE_CURVE('',#7422,#7444,#7446,.T.);
#7444 = VERTEX_POINT('',#7445);
#7445 = CARTESIAN_POINT('',(10.22,-22.64838699101,-5.825806504495));
#7446 = SURFACE_CURVE('',#7447,(#7451,#7458),.PCURVE_S1.);
#7447 = LINE('',#7448,#7449);
#7448 = CARTESIAN_POINT('',(10.22,-22.3,-6.));
#7449 = VECTOR('',#7450,1.);
#7450 = DIRECTION('',(0.,-0.894427191,0.4472135955));
#7451 = PCURVE('',#6795,#7452);
#7452 = DEFINITIONAL_REPRESENTATION('',(#7453),#7457);
#7453 = LINE('',#7454,#7455);
#7454 = CARTESIAN_POINT('',(1.570796326795,0.));
#7455 = VECTOR('',#7456,1.);
#7456 = DIRECTION('',(0.,1.));
#7457 = ( GEOMETRIC_REPRESENTATION_CONTEXT(2) 
PARAMETRIC_REPRESENTATION_CONTEXT() REPRESENTATION_CONTEXT('2D SPACE',''
  ) );
#7458 = PCURVE('',#7459,#7464);
#7459 = PLANE('',#7460);
#7460 = AXIS2_PLACEMENT_3D('',#7461,#7462,#7463);
#7461 = CARTESIAN_POINT('',(-30.,-23.3,-5.5));
#7462 = DIRECTION('',(-0.,0.4472135955,0.894427191));
#7463 = DIRECTION('',(0.,0.894427191,-0.4472135955));
#7464 = DEFINITIONAL_REPRESENTATION('',(#7465),#7469);
#7465 = LINE('',#7466,#7467);
#7466 = CARTESIAN_POINT('',(1.11803398875,-40.22));
#7467 = VECTOR('',#7468,1.);
#7468 = DIRECTION('',(-1.,-0.));
#7469 = ( GEOMETRIC_REPRESENTATION_CONTEXT(2) 
PARAMETRIC_REPRESENTATION_CONTEXT() REPRESENTATION_CONTEXT('2D SPACE',''
  ) );
#7470 = ORIENTED_EDGE('',*,*,#7471,.F.);
#7471 = EDGE_CURVE('',#6780,#7444,#7472,.T.);
#7472 = SURFACE_CURVE('',#7473,(#7478,#7484),.PCURVE_S1.);
#7473 = CIRCLE('',#7474,0.22);
#7474 = AXIS2_PLACEMENT_3D('',#7475,#7476,#7477);
#7475 = CARTESIAN_POINT('',(10.22,-22.55,-5.629032522475));
#7476 = DIRECTION('',(0.,-0.894427191,0.4472135955));
#7477 = DIRECTION('',(-1.,0.,0.));
#7478 = PCURVE('',#6795,#7479);
#7479 = DEFINITIONAL_REPRESENTATION('',(#7480),#7483);
#7480 = B_SPLINE_CURVE_WITH_KNOTS('',1,(#7481,#7482),.UNSPECIFIED.,.F.,
  .F.,(2,2),(0.,1.570796326795),.PIECEWISE_BEZIER_KNOTS.);
#7481 = CARTESIAN_POINT('',(0.,0.389508497187));
#7482 = CARTESIAN_POINT('',(1.570796326795,0.389508497187));
#7483 = ( GEOMETRIC_REPRESENTATION_CONTEXT(2) 
PARAMETRIC_REPRESENTATION_CONTEXT() REPRESENTATION_CONTEXT('2D SPACE',''
  ) );
#7484 = PCURVE('',#7111,#7485);
#7485 = DEFINITIONAL_REPRESENTATION('',(#7486),#7493);
#7486 = B_SPLINE_CURVE_WITH_KNOTS('',5,(#7487,#7488,#7489,#7490,#7491,
    #7492),.UNSPECIFIED.,.F.,.F.,(6,6),(0.,1.570796326795),
  .PIECEWISE_BEZIER_KNOTS.);
#7487 = CARTESIAN_POINT('',(1.110223024625E-16,0.389763001135));
#7488 = CARTESIAN_POINT('',(0.252875423819,0.389763001135));
#7489 = CARTESIAN_POINT('',(0.46477746543,0.389763001135));
#7490 = CARTESIAN_POINT('',(0.673563508097,0.389763001135));
#7491 = CARTESIAN_POINT('',(0.885463926277,0.389763001135));
#7492 = CARTESIAN_POINT('',(1.138339350096,0.389763001135));
#7493 = ( GEOMETRIC_REPRESENTATION_CONTEXT(2) 
PARAMETRIC_REPRESENTATION_CONTEXT() REPRESENTATION_CONTEXT('2D SPACE',''
  ) );
#7494 = ORIENTED_EDGE('',*,*,#6779,.F.);
#7495 = ADVANCED_FACE('',(#7496),#6850,.F.);
#7496 = FACE_BOUND('',#7497,.T.);
#7497 = EDGE_LOOP('',(#7498,#7499,#7520,#7521));
#7498 = ORIENTED_EDGE('',*,*,#6833,.T.);
#7499 = ORIENTED_EDGE('',*,*,#7500,.T.);
#7500 = EDGE_CURVE('',#6834,#6998,#7501,.T.);
#7501 = SEAM_CURVE('',#7502,(#7506,#7513),.PCURVE_S1.);
#7502 = LINE('',#7503,#7504);
#7503 = CARTESIAN_POINT('',(-15.,-20.825,-4.3));
#7504 = VECTOR('',#7505,1.);
#7505 = DIRECTION('',(1.,0.,0.));
#7506 = PCURVE('',#6850,#7507);
#7507 = DEFINITIONAL_REPRESENTATION('',(#7508),#7512);
#7508 = LINE('',#7509,#7510);
#7509 = CARTESIAN_POINT('',(-6.28318530718,0.));
#7510 = VECTOR('',#7511,1.);
#7511 = DIRECTION('',(-0.,-1.));
#7512 = ( GEOMETRIC_REPRESENTATION_CONTEXT(2) 
PARAMETRIC_REPRESENTATION_CONTEXT() REPRESENTATION_CONTEXT('2D SPACE',''
  ) );
#7513 = PCURVE('',#6850,#7514);
#7514 = DEFINITIONAL_REPRESENTATION('',(#7515),#7519);
#7515 = LINE('',#7516,#7517);
#7516 = CARTESIAN_POINT('',(-0.,0.));
#7517 = VECTOR('',#7518,1.);
#7518 = DIRECTION('',(-0.,-1.));
#7519 = ( GEOMETRIC_REPRESENTATION_CONTEXT(2) 
PARAMETRIC_REPRESENTATION_CONTEXT() REPRESENTATION_CONTEXT('2D SPACE',''
  ) );
#7520 = ORIENTED_EDGE('',*,*,#6997,.T.);
#7521 = ORIENTED_EDGE('',*,*,#7500,.F.);
#7522 = ADVANCED_FACE('',(#7523),#6904,.T.);
#7523 = FACE_BOUND('',#7524,.T.);
#7524 = EDGE_LOOP('',(#7525,#7548,#7571,#7596));
#7525 = ORIENTED_EDGE('',*,*,#7526,.T.);
#7526 = EDGE_CURVE('',#6866,#7527,#7529,.T.);
#7527 = VERTEX_POINT('',#7528);
#7528 = CARTESIAN_POINT('',(11.817948286068,-22.67605233261,
    -5.811973833691));
#7529 = SURFACE_CURVE('',#7530,(#7534,#7542),.PCURVE_S1.);
#7530 = ( BOUNDED_CURVE() B_SPLINE_CURVE(2,(#7531,#7532,#7533),
.UNSPECIFIED.,.F.,.F.) B_SPLINE_CURVE_WITH_KNOTS((3,3),(0.,1.09672343493
),.PIECEWISE_BEZIER_KNOTS.) CURVE() GEOMETRIC_REPRESENTATION_ITEM() 
RATIONAL_B_SPLINE_CURVE((1.,0.715420221421,1.)) REPRESENTATION_ITEM('') 
  );
#7531 = CARTESIAN_POINT('',(12.037620665677,-22.58966585404,
    -5.615017264088));
#7532 = CARTESIAN_POINT('',(12.032544984556,-22.68550226601,
    -5.807248866993));
#7533 = CARTESIAN_POINT('',(11.817948286068,-22.67605233261,
    -5.811973833691));
#7534 = PCURVE('',#6904,#7535);
#7535 = DEFINITIONAL_REPRESENTATION('',(#7536),#7541);
#7536 = B_SPLINE_CURVE_WITH_KNOTS('',3,(#7537,#7538,#7539,#7540),
  .UNSPECIFIED.,.F.,.F.,(4,4),(0.,1.09672343493),
  .PIECEWISE_BEZIER_KNOTS.);
#7537 = CARTESIAN_POINT('',(0.,-0.10727796702));
#7538 = CARTESIAN_POINT('',(0.465796286795,-0.10727796702));
#7539 = CARTESIAN_POINT('',(1.081345688573,-0.10727796702));
#7540 = CARTESIAN_POINT('',(1.547141975368,-0.10727796702));
#7541 = ( GEOMETRIC_REPRESENTATION_CONTEXT(2) 
PARAMETRIC_REPRESENTATION_CONTEXT() REPRESENTATION_CONTEXT('2D SPACE',''
  ) );
#7542 = PCURVE('',#7180,#7543);
#7543 = DEFINITIONAL_REPRESENTATION('',(#7544),#7547);
#7544 = B_SPLINE_CURVE_WITH_KNOTS('',1,(#7545,#7546),.UNSPECIFIED.,.F.,
  .F.,(2,2),(0.,1.09672343493),.PIECEWISE_BEZIER_KNOTS.);
#7545 = CARTESIAN_POINT('',(0.,3.163496106339));
#7546 = CARTESIAN_POINT('',(1.09672343493,3.163496106339));
#7547 = ( GEOMETRIC_REPRESENTATION_CONTEXT(2) 
PARAMETRIC_REPRESENTATION_CONTEXT() REPRESENTATION_CONTEXT('2D SPACE',''
  ) );
#7548 = ORIENTED_EDGE('',*,*,#7549,.T.);
#7549 = EDGE_CURVE('',#7527,#7550,#7552,.T.);
#7550 = VERTEX_POINT('',#7551);
#7551 = CARTESIAN_POINT('',(11.835638753695,-22.34202280066,
    -5.978988599669));
#7552 = SURFACE_CURVE('',#7553,(#7557,#7564),.PCURVE_S1.);
#7553 = LINE('',#7554,#7555);
#7554 = CARTESIAN_POINT('',(11.823004692577,-22.58057267352,
    -5.859713663237));
#7555 = VECTOR('',#7556,1.);
#7556 = DIRECTION('',(4.731752834854E-02,0.89342534171,-0.446712670855)
  );
#7557 = PCURVE('',#6904,#7558);
#7558 = DEFINITIONAL_REPRESENTATION('',(#7559),#7563);
#7559 = LINE('',#7560,#7561);
#7560 = CARTESIAN_POINT('',(1.547141975368,0.));
#7561 = VECTOR('',#7562,1.);
#7562 = DIRECTION('',(0.,1.));
#7563 = ( GEOMETRIC_REPRESENTATION_CONTEXT(2) 
PARAMETRIC_REPRESENTATION_CONTEXT() REPRESENTATION_CONTEXT('2D SPACE',''
  ) );
#7564 = PCURVE('',#7459,#7565);
#7565 = DEFINITIONAL_REPRESENTATION('',(#7566),#7570);
#7566 = LINE('',#7567,#7568);
#7567 = CARTESIAN_POINT('',(0.804344203434,-41.82300469257));
#7568 = VECTOR('',#7569,1.);
#7569 = DIRECTION('',(0.998879898442,-4.731752834854E-02));
#7570 = ( GEOMETRIC_REPRESENTATION_CONTEXT(2) 
PARAMETRIC_REPRESENTATION_CONTEXT() REPRESENTATION_CONTEXT('2D SPACE',''
  ) );
#7571 = ORIENTED_EDGE('',*,*,#7572,.T.);
#7572 = EDGE_CURVE('',#7550,#6889,#7573,.T.);
#7573 = SURFACE_CURVE('',#7574,(#7579,#7585),.PCURVE_S1.);
#7574 = CIRCLE('',#7575,0.22);
#7575 = AXIS2_PLACEMENT_3D('',#7576,#7577,#7578);
#7576 = CARTESIAN_POINT('',(11.835638753695,-22.24363580965,
    -5.782214617649));
#7577 = DIRECTION('',(-4.731752834855E-02,-0.89342534171,0.446712670855)
  );
#7578 = DIRECTION('',(0.998879898442,-4.232208396585E-02,
    2.116104198294E-02));
#7579 = PCURVE('',#6904,#7580);
#7580 = DEFINITIONAL_REPRESENTATION('',(#7581),#7584);
#7581 = B_SPLINE_CURVE_WITH_KNOTS('',1,(#7582,#7583),.UNSPECIFIED.,.F.,
  .F.,(2,2),(4.712388980385,6.259530955753),.PIECEWISE_BEZIER_KNOTS.);
#7582 = CARTESIAN_POINT('',(1.547141975368,0.267005939642));
#7583 = CARTESIAN_POINT('',(1.33226762955E-14,0.267005939642));
#7584 = ( GEOMETRIC_REPRESENTATION_CONTEXT(2) 
PARAMETRIC_REPRESENTATION_CONTEXT() REPRESENTATION_CONTEXT('2D SPACE',''
  ) );
#7585 = PCURVE('',#7586,#7591);
#7586 = SPHERICAL_SURFACE('',#7587,0.22);
#7587 = AXIS2_PLACEMENT_3D('',#7588,#7589,#7590);
#7588 = CARTESIAN_POINT('',(11.835638753695,-22.24363580965,
    -5.782214617649));
#7589 = DIRECTION('',(-8.074349270001E-15,0.4472135955,0.894427191));
#7590 = DIRECTION('',(0.998879898442,-4.232208396585E-02,
    2.116104198294E-02));
#7591 = DEFINITIONAL_REPRESENTATION('',(#7592),#7595);
#7592 = B_SPLINE_CURVE_WITH_KNOTS('',1,(#7593,#7594),.UNSPECIFIED.,.F.,
  .F.,(2,2),(4.712388980385,6.259530955753),.PIECEWISE_BEZIER_KNOTS.);
#7593 = CARTESIAN_POINT('',(0.,-1.570796326795));
#7594 = CARTESIAN_POINT('',(0.,-2.365435142665E-02));
#7595 = ( GEOMETRIC_REPRESENTATION_CONTEXT(2) 
PARAMETRIC_REPRESENTATION_CONTEXT() REPRESENTATION_CONTEXT('2D SPACE',''
  ) );
#7596 = ORIENTED_EDGE('',*,*,#6888,.F.);
#7597 = ADVANCED_FACE('',(#7598),#6932,.T.);
#7598 = FACE_BOUND('',#7599,.T.);
#7599 = EDGE_LOOP('',(#7600,#7601,#7645,#7666));
#7600 = ORIENTED_EDGE('',*,*,#6916,.F.);
#7601 = ORIENTED_EDGE('',*,*,#7602,.T.);
#7602 = EDGE_CURVE('',#6889,#7603,#7605,.T.);
#7603 = VERTEX_POINT('',#7604);
#7604 = CARTESIAN_POINT('',(11.835638753695,-22.25306020976,
    -6.002012662869));
#7605 = SURFACE_CURVE('',#7606,(#7611,#7618),.PCURVE_S1.);
#7606 = CIRCLE('',#7607,0.22);
#7607 = AXIS2_PLACEMENT_3D('',#7608,#7609,#7610);
#7608 = CARTESIAN_POINT('',(11.835638753695,-22.24363580965,
    -5.782214617649));
#7609 = DIRECTION('',(5.283939125662E-02,0.997686329713,
    -4.277833838614E-02));
#7610 = DIRECTION('',(0.998600460665,-5.2887805394E-02,
    -4.037568890336E-15));
#7611 = PCURVE('',#6932,#7612);
#7612 = DEFINITIONAL_REPRESENTATION('',(#7613),#7617);
#7613 = LINE('',#7614,#7615);
#7614 = CARTESIAN_POINT('',(0.,3.543406119311E-02));
#7615 = VECTOR('',#7616,1.);
#7616 = DIRECTION('',(1.,3.428458716258E-15));
#7617 = ( GEOMETRIC_REPRESENTATION_CONTEXT(2) 
PARAMETRIC_REPRESENTATION_CONTEXT() REPRESENTATION_CONTEXT('2D SPACE',''
  ) );
#7618 = PCURVE('',#7586,#7619);
#7619 = DEFINITIONAL_REPRESENTATION('',(#7620),#7644);
#7620 = B_SPLINE_CURVE_WITH_KNOTS('',8,(#7621,#7622,#7623,#7624,#7625,
    #7626,#7627,#7628,#7629,#7630,#7631,#7632,#7633,#7634,#7635,#7636,
    #7637,#7638,#7639,#7640,#7641,#7642,#7643),.UNSPECIFIED.,.F.,.F.,(9,
    7,7,9),(0.,0.784265353703,1.176398030555,1.568530707407),
  .UNSPECIFIED.);
#7621 = CARTESIAN_POINT('',(-1.50990331349E-14,-2.365435142665E-02));
#7622 = CARTESIAN_POINT('',(4.001175841826E-02,-0.113155508173));
#7623 = CARTESIAN_POINT('',(8.021663836847E-02,-0.202614126734));
#7624 = CARTESIAN_POINT('',(0.121596804331,-0.291806910379));
#7625 = CARTESIAN_POINT('',(0.16514242143,-0.38052225876));
#7626 = CARTESIAN_POINT('',(0.212081322375,-0.468469001023));
#7627 = CARTESIAN_POINT('',(0.264001735866,-0.555282645096));
#7628 = CARTESIAN_POINT('',(0.323300038841,-0.640413407228));
#7629 = CARTESIAN_POINT('',(0.429928223052,-0.763813725103));
#7630 = CARTESIAN_POINT('',(0.468418651839,-0.804230788009));
#7631 = CARTESIAN_POINT('',(0.510401655864,-0.843784115038));
#7632 = CARTESIAN_POINT('',(0.556570056282,-0.882281140104));
#7633 = CARTESIAN_POINT('',(0.607733640273,-0.919478106363));
#7634 = CARTESIAN_POINT('',(0.664936514203,-0.9550428824));
#7635 = CARTESIAN_POINT('',(0.729436767008,-0.988513413644));
#7636 = CARTESIAN_POINT('',(0.875088073504,-1.050043874138));
#7637 = CARTESIAN_POINT('',(0.956232191487,-1.078104040899));
#7638 = CARTESIAN_POINT('',(1.046767547142,-1.102850119433));
#7639 = CARTESIAN_POINT('',(1.147255193359,-1.123527060266));
#7640 = CARTESIAN_POINT('',(1.258181994425,-1.139266388056));
#7641 = CARTESIAN_POINT('',(1.376897857501,-1.149061163266));
#7642 = CARTESIAN_POINT('',(1.498303828642,-1.152590019562));
#7643 = CARTESIAN_POINT('',(1.618131529875,-1.15000001307));
#7644 = ( GEOMETRIC_REPRESENTATION_CONTEXT(2) 
PARAMETRIC_REPRESENTATION_CONTEXT() REPRESENTATION_CONTEXT('2D SPACE',''
  ) );
#7645 = ORIENTED_EDGE('',*,*,#7646,.T.);
#7646 = EDGE_CURVE('',#7603,#7273,#7647,.T.);
#7647 = SURFACE_CURVE('',#7648,(#7652,#7659),.PCURVE_S1.);
#7648 = LINE('',#7649,#7650);
#7649 = CARTESIAN_POINT('',(11.833766439472,-22.28841228822,
    -6.000496852609));
#7650 = VECTOR('',#7651,1.);
#7651 = DIRECTION('',(5.283939125661E-02,0.997686329713,
    -4.277833838614E-02));
#7652 = PCURVE('',#6932,#7653);
#7653 = DEFINITIONAL_REPRESENTATION('',(#7654),#7658);
#7654 = LINE('',#7655,#7656);
#7655 = CARTESIAN_POINT('',(1.568530707407,0.));
#7656 = VECTOR('',#7657,1.);
#7657 = DIRECTION('',(0.,1.));
#7658 = ( GEOMETRIC_REPRESENTATION_CONTEXT(2) 
PARAMETRIC_REPRESENTATION_CONTEXT() REPRESENTATION_CONTEXT('2D SPACE',''
  ) );
#7659 = PCURVE('',#7353,#7660);
#7660 = DEFINITIONAL_REPRESENTATION('',(#7661),#7665);
#7661 = LINE('',#7662,#7663);
#7662 = CARTESIAN_POINT('',(1.15983587975E-02,-41.83376643947));
#7663 = VECTOR('',#7664,1.);
#7664 = DIRECTION('',(0.998603023594,-5.283939125661E-02));
#7665 = ( GEOMETRIC_REPRESENTATION_CONTEXT(2) 
PARAMETRIC_REPRESENTATION_CONTEXT() REPRESENTATION_CONTEXT('2D SPACE',''
  ) );
#7666 = ORIENTED_EDGE('',*,*,#7272,.T.);
#7667 = ADVANCED_FACE('',(#7668),#7111,.T.);
#7668 = FACE_BOUND('',#7669,.T.);
#7669 = EDGE_LOOP('',(#7670,#7671,#7706,#7731));
#7670 = ORIENTED_EDGE('',*,*,#7471,.T.);
#7671 = ORIENTED_EDGE('',*,*,#7672,.T.);
#7672 = EDGE_CURVE('',#7444,#7673,#7675,.T.);
#7673 = VERTEX_POINT('',#7674);
#7674 = CARTESIAN_POINT('',(10.75,-23.17838699101,-5.560806504495));
#7675 = SURFACE_CURVE('',#7676,(#7686,#7693),.PCURVE_S1.);
#7676 = ( BOUNDED_CURVE() B_SPLINE_CURVE(8,(#7677,#7678,#7679,#7680,
    #7681,#7682,#7683,#7684,#7685),.UNSPECIFIED.,.F.,.F.) 
B_SPLINE_CURVE_WITH_KNOTS((9,9),(0.389763001135,1.528102351231),
.PIECEWISE_BEZIER_KNOTS.) CURVE() GEOMETRIC_REPRESENTATION_ITEM() 
RATIONAL_B_SPLINE_CURVE((1.,1.,1.,1.,1.,1.,1.,1.,1.)) 
REPRESENTATION_ITEM('') );
#7677 = CARTESIAN_POINT('',(10.219999535031,-22.64798243106,
    -5.826008784468));
#7678 = CARTESIAN_POINT('',(10.219899613367,-22.73827495621,
    -5.780862521892));
#7679 = CARTESIAN_POINT('',(10.236552453842,-22.82570352707,
    -5.737148236464));
#7680 = CARTESIAN_POINT('',(10.267441656994,-22.91590452464,
    -5.69204773768));
#7681 = CARTESIAN_POINT('',(10.323965099724,-23.01307996288,
    -5.643460018556));
#7682 = CARTESIAN_POINT('',(10.414726840289,-23.0977132273,
    -5.60114338635));
#7683 = CARTESIAN_POINT('',(10.526956186885,-23.15355299181,
    -5.573223504094));
#7684 = CARTESIAN_POINT('',(10.642420440502,-23.17838699101,
    -5.560806504495));
#7685 = CARTESIAN_POINT('',(10.75,-23.17838699101,-5.560806504495));
#7686 = PCURVE('',#7111,#7687);
#7687 = DEFINITIONAL_REPRESENTATION('',(#7688),#7692);
#7688 = LINE('',#7689,#7690);
#7689 = CARTESIAN_POINT('',(1.138339350096,0.));
#7690 = VECTOR('',#7691,1.);
#7691 = DIRECTION('',(0.,1.));
#7692 = ( GEOMETRIC_REPRESENTATION_CONTEXT(2) 
PARAMETRIC_REPRESENTATION_CONTEXT() REPRESENTATION_CONTEXT('2D SPACE',''
  ) );
#7693 = PCURVE('',#7459,#7694);
#7694 = DEFINITIONAL_REPRESENTATION('',(#7695),#7705);
#7695 = B_SPLINE_CURVE_WITH_KNOTS('',8,(#7696,#7697,#7698,#7699,#7700,
    #7701,#7702,#7703,#7704),.UNSPECIFIED.,.F.,.F.,(9,9),(0.389763001135
    ,1.528102351231),.PIECEWISE_BEZIER_KNOTS.);
#7696 = CARTESIAN_POINT('',(0.728977803333,-40.21999953503));
#7697 = CARTESIAN_POINT('',(0.628027691283,-40.21989961336));
#7698 = CARTESIAN_POINT('',(0.530279577478,-40.23655245384));
#7699 = CARTESIAN_POINT('',(0.429431796378,-40.26744165699));
#7700 = CARTESIAN_POINT('',(0.320786353545,-40.32396509972));
#7701 = CARTESIAN_POINT('',(0.226163487353,-40.41472684029));
#7702 = CARTESIAN_POINT('',(0.163732732705,-40.52695618688));
#7703 = CARTESIAN_POINT('',(0.135967477525,-40.6424204405));
#7704 = CARTESIAN_POINT('',(0.135967477525,-40.75));
#7705 = ( GEOMETRIC_REPRESENTATION_CONTEXT(2) 
PARAMETRIC_REPRESENTATION_CONTEXT() REPRESENTATION_CONTEXT('2D SPACE',''
  ) );
#7706 = ORIENTED_EDGE('',*,*,#7707,.F.);
#7707 = EDGE_CURVE('',#7063,#7673,#7708,.T.);
#7708 = SURFACE_CURVE('',#7709,(#7713,#7719),.PCURVE_S1.);
#7709 = ( BOUNDED_CURVE() B_SPLINE_CURVE(2,(#7710,#7711,#7712),
.UNSPECIFIED.,.F.,.F.) B_SPLINE_CURVE_WITH_KNOTS((3,3),(0.,
1.138339350096),.PIECEWISE_BEZIER_KNOTS.) CURVE() 
GEOMETRIC_REPRESENTATION_ITEM() RATIONAL_B_SPLINE_CURVE((1.,
0.850650808352,1.)) REPRESENTATION_ITEM('') );
#7710 = CARTESIAN_POINT('',(10.75,-23.3,-5.364032522475));
#7711 = CARTESIAN_POINT('',(10.75,-23.3,-5.5));
#7712 = CARTESIAN_POINT('',(10.75,-23.17838699101,-5.560806504495));
#7713 = PCURVE('',#7111,#7714);
#7714 = DEFINITIONAL_REPRESENTATION('',(#7715),#7718);
#7715 = B_SPLINE_CURVE_WITH_KNOTS('',1,(#7716,#7717),.UNSPECIFIED.,.F.,
  .F.,(2,2),(0.,1.138339350096),.PIECEWISE_BEZIER_KNOTS.);
#7716 = CARTESIAN_POINT('',(0.,1.528102351231));
#7717 = CARTESIAN_POINT('',(1.138339350096,1.528102351231));
#7718 = ( GEOMETRIC_REPRESENTATION_CONTEXT(2) 
PARAMETRIC_REPRESENTATION_CONTEXT() REPRESENTATION_CONTEXT('2D SPACE',''
  ) );
#7719 = PCURVE('',#7257,#7720);
#7720 = DEFINITIONAL_REPRESENTATION('',(#7721),#7730);
#7721 = B_SPLINE_CURVE_WITH_KNOTS('',7,(#7722,#7723,#7724,#7725,#7726,
    #7727,#7728,#7729),.UNSPECIFIED.,.F.,.F.,(8,8),(0.,1.138339350096),
  .PIECEWISE_BEZIER_KNOTS.);
#7722 = CARTESIAN_POINT('',(-1.110223024625E-16,0.));
#7723 = CARTESIAN_POINT('',(0.150208889177,0.));
#7724 = CARTESIAN_POINT('',(0.307896460783,0.));
#7725 = CARTESIAN_POINT('',(0.470957493901,0.));
#7726 = CARTESIAN_POINT('',(0.636191223893,0.));
#7727 = CARTESIAN_POINT('',(0.799252257011,0.));
#7728 = CARTESIAN_POINT('',(0.956939828617,0.));
#7729 = CARTESIAN_POINT('',(1.107148717794,0.));
#7730 = ( GEOMETRIC_REPRESENTATION_CONTEXT(2) 
PARAMETRIC_REPRESENTATION_CONTEXT() REPRESENTATION_CONTEXT('2D SPACE',''
  ) );
#7731 = ORIENTED_EDGE('',*,*,#7085,.F.);
#7732 = ADVANCED_FACE('',(#7733),#7180,.T.);
#7733 = FACE_BOUND('',#7734,.T.);
#7734 = EDGE_LOOP('',(#7735,#7789,#7822,#7823));
#7735 = ORIENTED_EDGE('',*,*,#7736,.T.);
#7736 = EDGE_CURVE('',#7153,#7737,#7739,.T.);
#7737 = VERTEX_POINT('',#7738);
#7738 = CARTESIAN_POINT('',(11.288670320179,-23.17838699101,
    -5.560806504495));
#7739 = SURFACE_CURVE('',#7740,(#7745,#7783),.PCURVE_S1.);
#7740 = CIRCLE('',#7741,0.22);
#7741 = AXIS2_PLACEMENT_3D('',#7742,#7743,#7744);
#7742 = CARTESIAN_POINT('',(11.288670320179,-23.08,-5.364032522475));
#7743 = DIRECTION('',(1.,0.,0.));
#7744 = DIRECTION('',(0.,-1.,0.));
#7745 = PCURVE('',#7180,#7746);
#7746 = DEFINITIONAL_REPRESENTATION('',(#7747),#7782);
#7747 = B_SPLINE_CURVE_WITH_KNOTS('',9,(#7748,#7749,#7750,#7751,#7752,
    #7753,#7754,#7755,#7756,#7757,#7758,#7759,#7760,#7761,#7762,#7763,
    #7764,#7765,#7766,#7767,#7768,#7769,#7770,#7771,#7772,#7773,#7774,
    #7775,#7776,#7777,#7778,#7779,#7780,#7781),.UNSPECIFIED.,.F.,.F.,(10
    ,8,8,8,10),(0.,0.276787179449,0.553574358897,0.830361538346,
    1.107148717794),.UNSPECIFIED.);
#7748 = CARTESIAN_POINT('',(2.775557561563E-17,2.066772671409));
#7749 = CARTESIAN_POINT('',(3.207797243281E-02,2.066772671409));
#7750 = CARTESIAN_POINT('',(6.384129422475E-02,2.06677267141));
#7751 = CARTESIAN_POINT('',(9.531667534009E-02,2.066772671409));
#7752 = CARTESIAN_POINT('',(0.126523537438,2.06677267141));
#7753 = CARTESIAN_POINT('',(0.157508654992,2.066772671409));
#7754 = CARTESIAN_POINT('',(0.188261667944,2.06677267141));
#7755 = CARTESIAN_POINT('',(0.218838462956,2.066772671409));
#7756 = CARTESIAN_POINT('',(0.249241952343,2.06677267141));
#7757 = CARTESIAN_POINT('',(0.309758274906,2.066772671409));
#7758 = CARTESIAN_POINT('',(0.339870562225,2.06677267141));
#7759 = CARTESIAN_POINT('',(0.369858038965,2.066772671409));
#7760 = CARTESIAN_POINT('',(0.399746500814,2.06677267141));
#7761 = CARTESIAN_POINT('',(0.429551595127,2.066772671409));
#7762 = CARTESIAN_POINT('',(0.459292999121,2.06677267141));
#7763 = CARTESIAN_POINT('',(0.488996081476,2.066772671409));
#7764 = CARTESIAN_POINT('',(0.518678889034,2.066772671409));
#7765 = CARTESIAN_POINT('',(0.578044545896,2.06677267141));
#7766 = CARTESIAN_POINT('',(0.607727353454,2.066772671409));
#7767 = CARTESIAN_POINT('',(0.637430435809,2.06677267141));
#7768 = CARTESIAN_POINT('',(0.667171839803,2.066772671409));
#7769 = CARTESIAN_POINT('',(0.696976934116,2.06677267141));
#7770 = CARTESIAN_POINT('',(0.726865395965,2.066772671409));
#7771 = CARTESIAN_POINT('',(0.756852872705,2.06677267141));
#7772 = CARTESIAN_POINT('',(0.786965160024,2.066772671409));
#7773 = CARTESIAN_POINT('',(0.847481482587,2.06677267141));
#7774 = CARTESIAN_POINT('',(0.877884971974,2.066772671409));
#7775 = CARTESIAN_POINT('',(0.908461766987,2.06677267141));
#7776 = CARTESIAN_POINT('',(0.939214779938,2.066772671409));
#7777 = CARTESIAN_POINT('',(0.970199897492,2.06677267141));
#7778 = CARTESIAN_POINT('',(1.00140675959,2.066772671409));
#7779 = CARTESIAN_POINT('',(1.032882140705,2.06677267141));
#7780 = CARTESIAN_POINT('',(1.064645462497,2.066772671409));
#7781 = CARTESIAN_POINT('',(1.09672343493,2.066772671409));
#7782 = ( GEOMETRIC_REPRESENTATION_CONTEXT(2) 
PARAMETRIC_REPRESENTATION_CONTEXT() REPRESENTATION_CONTEXT('2D SPACE',''
  ) );
#7783 = PCURVE('',#7257,#7784);
#7784 = DEFINITIONAL_REPRESENTATION('',(#7785),#7788);
#7785 = B_SPLINE_CURVE_WITH_KNOTS('',1,(#7786,#7787),.UNSPECIFIED.,.F.,
  .F.,(2,2),(0.,1.107148717794),.PIECEWISE_BEZIER_KNOTS.);
#7786 = CARTESIAN_POINT('',(0.,0.538670320179));
#7787 = CARTESIAN_POINT('',(1.107148717794,0.538670320179));
#7788 = ( GEOMETRIC_REPRESENTATION_CONTEXT(2) 
PARAMETRIC_REPRESENTATION_CONTEXT() REPRESENTATION_CONTEXT('2D SPACE',''
  ) );
#7789 = ORIENTED_EDGE('',*,*,#7790,.T.);
#7790 = EDGE_CURVE('',#7737,#7527,#7791,.T.);
#7791 = SURFACE_CURVE('',#7792,(#7802,#7809),.PCURVE_S1.);
#7792 = ( BOUNDED_CURVE() B_SPLINE_CURVE(8,(#7793,#7794,#7795,#7796,
    #7797,#7798,#7799,#7800,#7801),.UNSPECIFIED.,.F.,.F.) 
B_SPLINE_CURVE_WITH_KNOTS((9,9),(2.066772671409,3.163496106339),
.PIECEWISE_BEZIER_KNOTS.) CURVE() GEOMETRIC_REPRESENTATION_ITEM() 
RATIONAL_B_SPLINE_CURVE((1.,1.,1.,1.,1.,1.,1.,1.,1.)) 
REPRESENTATION_ITEM('') );
#7793 = CARTESIAN_POINT('',(11.288670320179,-23.17838699101,
    -5.560806504495));
#7794 = CARTESIAN_POINT('',(11.392759803008,-23.17838699101,
    -5.560806504495));
#7795 = CARTESIAN_POINT('',(11.504195953171,-23.15514739368,
    -5.572426303159));
#7796 = CARTESIAN_POINT('',(11.612493872401,-23.1031714043,
    -5.598414297846));
#7797 = CARTESIAN_POINT('',(11.70148792331,-23.02455903525,
    -5.637720482371));
#7798 = CARTESIAN_POINT('',(11.759284720168,-22.9335384411,
    -5.683230779448));
#7799 = CARTESIAN_POINT('',(11.793174616493,-22.84778713054,
    -5.72610643473));
#7800 = CARTESIAN_POINT('',(11.813393965969,-22.76370263014,
    -5.768148684928));
#7801 = CARTESIAN_POINT('',(11.817948286068,-22.67605233261,
    -5.811973833691));
#7802 = PCURVE('',#7180,#7803);
#7803 = DEFINITIONAL_REPRESENTATION('',(#7804),#7808);
#7804 = LINE('',#7805,#7806);
#7805 = CARTESIAN_POINT('',(1.09672343493,0.));
#7806 = VECTOR('',#7807,1.);
#7807 = DIRECTION('',(0.,1.));
#7808 = ( GEOMETRIC_REPRESENTATION_CONTEXT(2) 
PARAMETRIC_REPRESENTATION_CONTEXT() REPRESENTATION_CONTEXT('2D SPACE',''
  ) );
#7809 = PCURVE('',#7459,#7810);
#7810 = DEFINITIONAL_REPRESENTATION('',(#7811),#7821);
#7811 = B_SPLINE_CURVE_WITH_KNOTS('',8,(#7812,#7813,#7814,#7815,#7816,
    #7817,#7818,#7819,#7820),.UNSPECIFIED.,.F.,.F.,(9,9),(2.066772671409
    ,3.163496106339),.PIECEWISE_BEZIER_KNOTS.);
#7812 = CARTESIAN_POINT('',(0.135967477525,-41.28867032017));
#7813 = CARTESIAN_POINT('',(0.135967477525,-41.392759803));
#7814 = CARTESIAN_POINT('',(0.161950137223,-41.50419595317));
#7815 = CARTESIAN_POINT('',(0.220061059942,-41.6124938724));
#7816 = CARTESIAN_POINT('',(0.307952360475,-41.70148792331));
#7817 = CARTESIAN_POINT('',(0.409716478415,-41.75928472016));
#7818 = CARTESIAN_POINT('',(0.505589358206,-41.79317461649));
#7819 = CARTESIAN_POINT('',(0.599598687577,-41.81339396596));
#7820 = CARTESIAN_POINT('',(0.697594699334,-41.81794828606));
#7821 = ( GEOMETRIC_REPRESENTATION_CONTEXT(2) 
PARAMETRIC_REPRESENTATION_CONTEXT() REPRESENTATION_CONTEXT('2D SPACE',''
  ) );
#7822 = ORIENTED_EDGE('',*,*,#7526,.F.);
#7823 = ORIENTED_EDGE('',*,*,#7152,.F.);
#7824 = ADVANCED_FACE('',(#7825),#7257,.T.);
#7825 = FACE_BOUND('',#7826,.T.);
#7826 = EDGE_LOOP('',(#7827,#7828,#7849,#7850));
#7827 = ORIENTED_EDGE('',*,*,#7707,.T.);
#7828 = ORIENTED_EDGE('',*,*,#7829,.T.);
#7829 = EDGE_CURVE('',#7673,#7737,#7830,.T.);
#7830 = SURFACE_CURVE('',#7831,(#7835,#7842),.PCURVE_S1.);
#7831 = LINE('',#7832,#7833);
#7832 = CARTESIAN_POINT('',(10.75,-23.17838699101,-5.560806504495));
#7833 = VECTOR('',#7834,1.);
#7834 = DIRECTION('',(1.,0.,0.));
#7835 = PCURVE('',#7257,#7836);
#7836 = DEFINITIONAL_REPRESENTATION('',(#7837),#7841);
#7837 = LINE('',#7838,#7839);
#7838 = CARTESIAN_POINT('',(1.107148717794,0.));
#7839 = VECTOR('',#7840,1.);
#7840 = DIRECTION('',(0.,1.));
#7841 = ( GEOMETRIC_REPRESENTATION_CONTEXT(2) 
PARAMETRIC_REPRESENTATION_CONTEXT() REPRESENTATION_CONTEXT('2D SPACE',''
  ) );
#7842 = PCURVE('',#7459,#7843);
#7843 = DEFINITIONAL_REPRESENTATION('',(#7844),#7848);
#7844 = LINE('',#7845,#7846);
#7845 = CARTESIAN_POINT('',(0.135967477525,-40.75));
#7846 = VECTOR('',#7847,1.);
#7847 = DIRECTION('',(0.,-1.));
#7848 = ( GEOMETRIC_REPRESENTATION_CONTEXT(2) 
PARAMETRIC_REPRESENTATION_CONTEXT() REPRESENTATION_CONTEXT('2D SPACE',''
  ) );
#7849 = ORIENTED_EDGE('',*,*,#7736,.F.);
#7850 = ORIENTED_EDGE('',*,*,#7243,.F.);
#7851 = ADVANCED_FACE('',(#7852),#7353,.F.);
#7852 = FACE_BOUND('',#7853,.F.);
#7853 = EDGE_LOOP('',(#7854,#7855,#7856,#7857));
#7854 = ORIENTED_EDGE('',*,*,#7646,.T.);
#7855 = ORIENTED_EDGE('',*,*,#7339,.F.);
#7856 = ORIENTED_EDGE('',*,*,#7369,.T.);
#7857 = ORIENTED_EDGE('',*,*,#7858,.T.);
#7858 = EDGE_CURVE('',#7370,#7603,#7859,.T.);
#7859 = SURFACE_CURVE('',#7860,(#7864,#7871),.PCURVE_S1.);
#7860 = LINE('',#7861,#7862);
#7861 = CARTESIAN_POINT('',(10.,-22.25306020976,-6.002012662869));
#7862 = VECTOR('',#7863,1.);
#7863 = DIRECTION('',(1.,0.,0.));
#7864 = PCURVE('',#7353,#7865);
#7865 = DEFINITIONAL_REPRESENTATION('',(#7866),#7870);
#7866 = LINE('',#7867,#7868);
#7867 = CARTESIAN_POINT('',(4.698291944317E-02,-40.));
#7868 = VECTOR('',#7869,1.);
#7869 = DIRECTION('',(0.,-1.));
#7870 = ( GEOMETRIC_REPRESENTATION_CONTEXT(2) 
PARAMETRIC_REPRESENTATION_CONTEXT() REPRESENTATION_CONTEXT('2D SPACE',''
  ) );
#7871 = PCURVE('',#7872,#7877);
#7872 = CYLINDRICAL_SURFACE('',#7873,0.22);
#7873 = AXIS2_PLACEMENT_3D('',#7874,#7875,#7876);
#7874 = CARTESIAN_POINT('',(10.,-22.24363580965,-5.782214617649));
#7875 = DIRECTION('',(1.,0.,0.));
#7876 = DIRECTION('',(0.,-0.4472135955,-0.894427191));
#7877 = DEFINITIONAL_REPRESENTATION('',(#7878),#7882);
#7878 = LINE('',#7879,#7880);
#7879 = CARTESIAN_POINT('',(0.420796313725,0.));
#7880 = VECTOR('',#7881,1.);
#7881 = DIRECTION('',(0.,1.));
#7882 = ( GEOMETRIC_REPRESENTATION_CONTEXT(2) 
PARAMETRIC_REPRESENTATION_CONTEXT() REPRESENTATION_CONTEXT('2D SPACE',''
  ) );
#7883 = ADVANCED_FACE('',(#7884),#7406,.T.);
#7884 = FACE_BOUND('',#7885,.T.);
#7885 = EDGE_LOOP('',(#7886,#7887,#7888));
#7886 = ORIENTED_EDGE('',*,*,#7421,.F.);
#7887 = ORIENTED_EDGE('',*,*,#7392,.T.);
#7888 = ORIENTED_EDGE('',*,*,#7889,.F.);
#7889 = EDGE_CURVE('',#7422,#7370,#7890,.T.);
#7890 = SURFACE_CURVE('',#7891,(#7896,#7903),.PCURVE_S1.);
#7891 = CIRCLE('',#7892,0.22);
#7892 = AXIS2_PLACEMENT_3D('',#7893,#7894,#7895);
#7893 = CARTESIAN_POINT('',(10.22,-22.24363580965,-5.782214617649));
#7894 = DIRECTION('',(1.,-0.,0.));
#7895 = DIRECTION('',(-0.,-0.4472135955,-0.894427191));
#7896 = PCURVE('',#7406,#7897);
#7897 = DEFINITIONAL_REPRESENTATION('',(#7898),#7902);
#7898 = LINE('',#7899,#7900);
#7899 = CARTESIAN_POINT('',(0.,0.));
#7900 = VECTOR('',#7901,1.);
#7901 = DIRECTION('',(1.,0.));
#7902 = ( GEOMETRIC_REPRESENTATION_CONTEXT(2) 
PARAMETRIC_REPRESENTATION_CONTEXT() REPRESENTATION_CONTEXT('2D SPACE',''
  ) );
#7903 = PCURVE('',#7872,#7904);
#7904 = DEFINITIONAL_REPRESENTATION('',(#7905),#7909);
#7905 = LINE('',#7906,#7907);
#7906 = CARTESIAN_POINT('',(1.614869854E-14,0.22));
#7907 = VECTOR('',#7908,1.);
#7908 = DIRECTION('',(1.,0.));
#7909 = ( GEOMETRIC_REPRESENTATION_CONTEXT(2) 
PARAMETRIC_REPRESENTATION_CONTEXT() REPRESENTATION_CONTEXT('2D SPACE',''
  ) );
#7910 = ADVANCED_FACE('',(#7911),#7459,.F.);
#7911 = FACE_BOUND('',#7912,.F.);
#7912 = EDGE_LOOP('',(#7913,#7914,#7915,#7916,#7917,#7918));
#7913 = ORIENTED_EDGE('',*,*,#7443,.T.);
#7914 = ORIENTED_EDGE('',*,*,#7672,.T.);
#7915 = ORIENTED_EDGE('',*,*,#7829,.T.);
#7916 = ORIENTED_EDGE('',*,*,#7790,.T.);
#7917 = ORIENTED_EDGE('',*,*,#7549,.T.);
#7918 = ORIENTED_EDGE('',*,*,#7919,.F.);
#7919 = EDGE_CURVE('',#7422,#7550,#7920,.T.);
#7920 = SURFACE_CURVE('',#7921,(#7925,#7932),.PCURVE_S1.);
#7921 = LINE('',#7922,#7923);
#7922 = CARTESIAN_POINT('',(10.,-22.34202280066,-5.978988599669));
#7923 = VECTOR('',#7924,1.);
#7924 = DIRECTION('',(1.,0.,0.));
#7925 = PCURVE('',#7459,#7926);
#7926 = DEFINITIONAL_REPRESENTATION('',(#7927),#7931);
#7927 = LINE('',#7928,#7929);
#7928 = CARTESIAN_POINT('',(1.071051069307,-40.));
#7929 = VECTOR('',#7930,1.);
#7930 = DIRECTION('',(0.,-1.));
#7931 = ( GEOMETRIC_REPRESENTATION_CONTEXT(2) 
PARAMETRIC_REPRESENTATION_CONTEXT() REPRESENTATION_CONTEXT('2D SPACE',''
  ) );
#7932 = PCURVE('',#7872,#7933);
#7933 = DEFINITIONAL_REPRESENTATION('',(#7934),#7938);
#7934 = LINE('',#7935,#7936);
#7935 = CARTESIAN_POINT('',(0.,0.));
#7936 = VECTOR('',#7937,1.);
#7937 = DIRECTION('',(0.,1.));
#7938 = ( GEOMETRIC_REPRESENTATION_CONTEXT(2) 
PARAMETRIC_REPRESENTATION_CONTEXT() REPRESENTATION_CONTEXT('2D SPACE',''
  ) );
#7939 = ADVANCED_FACE('',(#7940),#7586,.T.);
#7940 = FACE_BOUND('',#7941,.T.);
#7941 = EDGE_LOOP('',(#7942,#7943,#7963));
#7942 = ORIENTED_EDGE('',*,*,#7572,.F.);
#7943 = ORIENTED_EDGE('',*,*,#7944,.T.);
#7944 = EDGE_CURVE('',#7550,#7603,#7945,.T.);
#7945 = SURFACE_CURVE('',#7946,(#7951,#7957),.PCURVE_S1.);
#7946 = CIRCLE('',#7947,0.22);
#7947 = AXIS2_PLACEMENT_3D('',#7948,#7949,#7950);
#7948 = CARTESIAN_POINT('',(11.835638753695,-22.24363580965,
    -5.782214617649));
#7949 = DIRECTION('',(1.,1.756900704499E-14,2.428933984028E-16));
#7950 = DIRECTION('',(-1.560557238989E-14,0.894427191,-0.4472135955));
#7951 = PCURVE('',#7586,#7952);
#7952 = DEFINITIONAL_REPRESENTATION('',(#7953),#7956);
#7953 = B_SPLINE_CURVE_WITH_KNOTS('',1,(#7954,#7955),.UNSPECIFIED.,.F.,
  .F.,(2,2),(4.712388980385,5.133185294109),.PIECEWISE_BEZIER_KNOTS.);
#7954 = CARTESIAN_POINT('',(1.618131529875,-1.570796326795));
#7955 = CARTESIAN_POINT('',(1.618131529875,-1.15000001307));
#7956 = ( GEOMETRIC_REPRESENTATION_CONTEXT(2) 
PARAMETRIC_REPRESENTATION_CONTEXT() REPRESENTATION_CONTEXT('2D SPACE',''
  ) );
#7957 = PCURVE('',#7872,#7958);
#7958 = DEFINITIONAL_REPRESENTATION('',(#7959),#7962);
#7959 = B_SPLINE_CURVE_WITH_KNOTS('',1,(#7960,#7961),.UNSPECIFIED.,.F.,
  .F.,(2,2),(4.712388980385,5.133185294109),.PIECEWISE_BEZIER_KNOTS.);
#7960 = CARTESIAN_POINT('',(0.,1.835638753695));
#7961 = CARTESIAN_POINT('',(0.420796313725,1.835638753695));
#7962 = ( GEOMETRIC_REPRESENTATION_CONTEXT(2) 
PARAMETRIC_REPRESENTATION_CONTEXT() REPRESENTATION_CONTEXT('2D SPACE',''
  ) );
#7963 = ORIENTED_EDGE('',*,*,#7602,.F.);
#7964 = ADVANCED_FACE('',(#7965),#7872,.T.);
#7965 = FACE_BOUND('',#7966,.T.);
#7966 = EDGE_LOOP('',(#7967,#7968,#7969,#7970));
#7967 = ORIENTED_EDGE('',*,*,#7919,.F.);
#7968 = ORIENTED_EDGE('',*,*,#7889,.T.);
#7969 = ORIENTED_EDGE('',*,*,#7858,.T.);
#7970 = ORIENTED_EDGE('',*,*,#7944,.F.);
#7971 = ( GEOMETRIC_REPRESENTATION_CONTEXT(3) 
GLOBAL_UNCERTAINTY_ASSIGNED_CONTEXT((#7975)) 
GLOBAL_UNIT_ASSIGNED_CONTEXT((#7972,#7973,#7974)) REPRESENTATION_CONTEXT
('Context #1','3D Context with UNIT and UNCERTAINTY') );
#7972 = ( LENGTH_UNIT() NAMED_UNIT(*) SI_UNIT(.MILLI.,.METRE.) );
#7973 = ( NAMED_UNIT(*) PLANE_ANGLE_UNIT() SI_UNIT($,.RADIAN.) );
#7974 = ( NAMED_UNIT(*) SI_UNIT($,.STERADIAN.) SOLID_ANGLE_UNIT() );
#7975 = UNCERTAINTY_MEASURE_WITH_UNIT(LENGTH_MEASURE(2.E-03),#7972,
  'distance_accuracy_value','confusion accuracy');
#7976 = CONTEXT_DEPENDENT_SHAPE_REPRESENTATION(#7977,#7979);
#7977 = ( REPRESENTATION_RELATIONSHIP('','',#5799,#10) 
REPRESENTATION_RELATIONSHIP_WITH_TRANSFORMATION(#7978) 
SHAPE_REPRESENTATION_RELATIONSHIP() );
#7978 = ITEM_DEFINED_TRANSFORMATION('','',#11,#23);
#7979 = PRODUCT_DEFINITION_SHAPE('Placement','Placement of an item',
  #7980);
#7980 = NEXT_ASSEMBLY_USAGE_OCCURRENCE('3','','',#5,#5794,$);
#7981 = PRODUCT_RELATED_PRODUCT_CATEGORY('part',$,(#5796));
#7982 = SHAPE_DEFINITION_REPRESENTATION(#7983,#7989);
#7983 = PRODUCT_DEFINITION_SHAPE('','',#7984);
#7984 = PRODUCT_DEFINITION('design','',#7985,#7988);
#7985 = PRODUCT_DEFINITION_FORMATION('','',#7986);
#7986 = PRODUCT('Open CASCADE STEP translator 7.9 1.4',
  'Open CASCADE STEP translator 7.9 1.4','',(#7987));
#7987 = PRODUCT_CONTEXT('',#2,'mechanical');
#7988 = PRODUCT_DEFINITION_CONTEXT('part definition',#2,'design');
#7989 = ADVANCED_BREP_SHAPE_REPRESENTATION('',(#11,#7990),#10162);
#7990 = MANIFOLD_SOLID_BREP('',#7991);
#7991 = CLOSED_SHELL('',(#7992,#8112,#8324,#8410,#8494,#8581,#8630,#8682
    ,#8779,#8849,#8881,#9061,#9225,#9252,#9341,#9430,#9462,#9564,#9648,
    #9708,#9735,#9788,#9858,#9923,#10015,#10042,#10072,#10101,#10128,
    #10155));
#7992 = ADVANCED_FACE('',(#7993),#8007,.T.);
#7993 = FACE_BOUND('',#7994,.T.);
#7994 = EDGE_LOOP('',(#7995,#8030,#8058,#8086));
#7995 = ORIENTED_EDGE('',*,*,#7996,.F.);
#7996 = EDGE_CURVE('',#7997,#7999,#8001,.T.);
#7997 = VERTEX_POINT('',#7998);
#7998 = CARTESIAN_POINT('',(-11.84845674776,22.1,1.01));
#7999 = VERTEX_POINT('',#8000);
#8000 = CARTESIAN_POINT('',(-10.22,22.1,1.01));
#8001 = SURFACE_CURVE('',#8002,(#8006,#8018),.PCURVE_S1.);
#8002 = LINE('',#8003,#8004);
#8003 = CARTESIAN_POINT('',(-30.,22.1,1.01));
#8004 = VECTOR('',#8005,1.);
#8005 = DIRECTION('',(1.,0.,0.));
#8006 = PCURVE('',#8007,#8012);
#8007 = PLANE('',#8008);
#8008 = AXIS2_PLACEMENT_3D('',#8009,#8010,#8011);
#8009 = CARTESIAN_POINT('',(-30.,17.635553612637,2.81));
#8010 = DIRECTION('',(-0.,0.373936172149,0.927454440476));
#8011 = DIRECTION('',(0.,0.927454440476,-0.373936172149));
#8012 = DEFINITIONAL_REPRESENTATION('',(#8013),#8017);
#8013 = LINE('',#8014,#8015);
#8014 = CARTESIAN_POINT('',(4.813655736095,0.));
#8015 = VECTOR('',#8016,1.);
#8016 = DIRECTION('',(0.,-1.));
#8017 = ( GEOMETRIC_REPRESENTATION_CONTEXT(2) 
PARAMETRIC_REPRESENTATION_CONTEXT() REPRESENTATION_CONTEXT('2D SPACE',''
  ) );
#8018 = PCURVE('',#8019,#8024);
#8019 = PLANE('',#8020);
#8020 = AXIS2_PLACEMENT_3D('',#8021,#8022,#8023);
#8021 = CARTESIAN_POINT('',(-30.,22.1,1.01));
#8022 = DIRECTION('',(-0.,0.4472135955,0.894427191));
#8023 = DIRECTION('',(0.,0.894427191,-0.4472135955));
#8024 = DEFINITIONAL_REPRESENTATION('',(#8025),#8029);
#8025 = LINE('',#8026,#8027);
#8026 = CARTESIAN_POINT('',(0.,0.));
#8027 = VECTOR('',#8028,1.);
#8028 = DIRECTION('',(0.,-1.));
#8029 = ( GEOMETRIC_REPRESENTATION_CONTEXT(2) 
PARAMETRIC_REPRESENTATION_CONTEXT() REPRESENTATION_CONTEXT('2D SPACE',''
  ) );
#8030 = ORIENTED_EDGE('',*,*,#8031,.T.);
#8031 = EDGE_CURVE('',#7997,#8032,#8034,.T.);
#8032 = VERTEX_POINT('',#8033);
#8033 = CARTESIAN_POINT('',(-12.06804004573,17.93781957051,
    2.688130751954));
#8034 = SURFACE_CURVE('',#8035,(#8039,#8046),.PCURVE_S1.);
#8035 = LINE('',#8036,#8037);
#8036 = CARTESIAN_POINT('',(-11.84812272982,22.090185722641,
    1.013956974217));
#8037 = VECTOR('',#8038,1.);
#8038 = DIRECTION('',(-4.906062510598E-02,-0.926337602145,0.373485879141
    ));
#8039 = PCURVE('',#8007,#8040);
#8040 = DEFINITIONAL_REPRESENTATION('',(#8041),#8045);
#8041 = LINE('',#8042,#8043);
#8042 = CARTESIAN_POINT('',(4.803073785186,-18.15187727017));
#8043 = VECTOR('',#8044,1.);
#8044 = DIRECTION('',(-0.998795802486,4.906062510598E-02));
#8045 = ( GEOMETRIC_REPRESENTATION_CONTEXT(2) 
PARAMETRIC_REPRESENTATION_CONTEXT() REPRESENTATION_CONTEXT('2D SPACE',''
  ) );
#8046 = PCURVE('',#8047,#8052);
#8047 = CYLINDRICAL_SURFACE('',#8048,0.22);
#8048 = AXIS2_PLACEMENT_3D('',#8049,#8050,#8051);
#8049 = CARTESIAN_POINT('',(-11.84812272982,22.007919764768,
    0.809916997312));
#8050 = DIRECTION('',(-4.906062510598E-02,-0.926337602145,0.373485879141
    ));
#8051 = DIRECTION('',(0.,0.373936172149,0.927454440476));
#8052 = DEFINITIONAL_REPRESENTATION('',(#8053),#8057);
#8053 = LINE('',#8054,#8055);
#8054 = CARTESIAN_POINT('',(0.,0.));
#8055 = VECTOR('',#8056,1.);
#8056 = DIRECTION('',(0.,1.));
#8057 = ( GEOMETRIC_REPRESENTATION_CONTEXT(2) 
PARAMETRIC_REPRESENTATION_CONTEXT() REPRESENTATION_CONTEXT('2D SPACE',''
  ) );
#8058 = ORIENTED_EDGE('',*,*,#8059,.T.);
#8059 = EDGE_CURVE('',#8032,#8060,#8062,.T.);
#8060 = VERTEX_POINT('',#8061);
#8061 = CARTESIAN_POINT('',(-10.22,17.93781957051,2.688130751954));
#8062 = SURFACE_CURVE('',#8063,(#8067,#8074),.PCURVE_S1.);
#8063 = LINE('',#8064,#8065);
#8064 = CARTESIAN_POINT('',(-12.3,17.93781957051,2.688130751954));
#8065 = VECTOR('',#8066,1.);
#8066 = DIRECTION('',(1.,0.,0.));
#8067 = PCURVE('',#8007,#8068);
#8068 = DEFINITIONAL_REPRESENTATION('',(#8069),#8073);
#8069 = LINE('',#8070,#8071);
#8070 = CARTESIAN_POINT('',(0.325909224951,-17.7));
#8071 = VECTOR('',#8072,1.);
#8072 = DIRECTION('',(0.,-1.));
#8073 = ( GEOMETRIC_REPRESENTATION_CONTEXT(2) 
PARAMETRIC_REPRESENTATION_CONTEXT() REPRESENTATION_CONTEXT('2D SPACE',''
  ) );
#8074 = PCURVE('',#8075,#8080);
#8075 = CYLINDRICAL_SURFACE('',#8076,0.22);
#8076 = AXIS2_PLACEMENT_3D('',#8077,#8078,#8079);
#8077 = CARTESIAN_POINT('',(-12.3,17.855553612637,2.484090775049));
#8078 = DIRECTION('',(1.,0.,0.));
#8079 = DIRECTION('',(-0.,0.373936172149,0.927454440476));
#8080 = DEFINITIONAL_REPRESENTATION('',(#8081),#8085);
#8081 = LINE('',#8082,#8083);
#8082 = CARTESIAN_POINT('',(0.,0.));
#8083 = VECTOR('',#8084,1.);
#8084 = DIRECTION('',(0.,1.));
#8085 = ( GEOMETRIC_REPRESENTATION_CONTEXT(2) 
PARAMETRIC_REPRESENTATION_CONTEXT() REPRESENTATION_CONTEXT('2D SPACE',''
  ) );
#8086 = ORIENTED_EDGE('',*,*,#8087,.T.);
#8087 = EDGE_CURVE('',#8060,#7999,#8088,.T.);
#8088 = SURFACE_CURVE('',#8089,(#8093,#8100),.PCURVE_S1.);
#8089 = LINE('',#8090,#8091);
#8090 = CARTESIAN_POINT('',(-10.22,17.635553612637,2.81));
#8091 = VECTOR('',#8092,1.);
#8092 = DIRECTION('',(-0.,0.927454440476,-0.373936172149));
#8093 = PCURVE('',#8007,#8094);
#8094 = DEFINITIONAL_REPRESENTATION('',(#8095),#8099);
#8095 = LINE('',#8096,#8097);
#8096 = CARTESIAN_POINT('',(1.7763568394E-15,-19.78));
#8097 = VECTOR('',#8098,1.);
#8098 = DIRECTION('',(1.,0.));
#8099 = ( GEOMETRIC_REPRESENTATION_CONTEXT(2) 
PARAMETRIC_REPRESENTATION_CONTEXT() REPRESENTATION_CONTEXT('2D SPACE',''
  ) );
#8100 = PCURVE('',#8101,#8106);
#8101 = CYLINDRICAL_SURFACE('',#8102,0.22);
#8102 = AXIS2_PLACEMENT_3D('',#8103,#8104,#8105);
#8103 = CARTESIAN_POINT('',(-10.22,17.553287654764,2.605960023095));
#8104 = DIRECTION('',(-0.,0.927454440476,-0.373936172149));
#8105 = DIRECTION('',(0.,0.373936172149,0.927454440476));
#8106 = DEFINITIONAL_REPRESENTATION('',(#8107),#8111);
#8107 = LINE('',#8108,#8109);
#8108 = CARTESIAN_POINT('',(0.,0.));
#8109 = VECTOR('',#8110,1.);
#8110 = DIRECTION('',(0.,1.));
#8111 = ( GEOMETRIC_REPRESENTATION_CONTEXT(2) 
PARAMETRIC_REPRESENTATION_CONTEXT() REPRESENTATION_CONTEXT('2D SPACE',''
  ) );
#8112 = ADVANCED_FACE('',(#8113),#8019,.T.);
#8113 = FACE_BOUND('',#8114,.T.);
#8114 = EDGE_LOOP('',(#8115,#8116,#8144,#8207,#8235,#8298));
#8115 = ORIENTED_EDGE('',*,*,#7996,.T.);
#8116 = ORIENTED_EDGE('',*,*,#8117,.T.);
#8117 = EDGE_CURVE('',#7999,#8118,#8120,.T.);
#8118 = VERTEX_POINT('',#8119);
#8119 = CARTESIAN_POINT('',(-10.22,22.64838699101,0.735806504495));
#8120 = SURFACE_CURVE('',#8121,(#8125,#8132),.PCURVE_S1.);
#8121 = LINE('',#8122,#8123);
#8122 = CARTESIAN_POINT('',(-10.22,22.1,1.01));
#8123 = VECTOR('',#8124,1.);
#8124 = DIRECTION('',(-0.,0.894427191,-0.4472135955));
#8125 = PCURVE('',#8019,#8126);
#8126 = DEFINITIONAL_REPRESENTATION('',(#8127),#8131);
#8127 = LINE('',#8128,#8129);
#8128 = CARTESIAN_POINT('',(0.,-19.78));
#8129 = VECTOR('',#8130,1.);
#8130 = DIRECTION('',(1.,0.));
#8131 = ( GEOMETRIC_REPRESENTATION_CONTEXT(2) 
PARAMETRIC_REPRESENTATION_CONTEXT() REPRESENTATION_CONTEXT('2D SPACE',''
  ) );
#8132 = PCURVE('',#8133,#8138);
#8133 = CYLINDRICAL_SURFACE('',#8134,0.22);
#8134 = AXIS2_PLACEMENT_3D('',#8135,#8136,#8137);
#8135 = CARTESIAN_POINT('',(-10.22,22.00161300899,0.81322601798));
#8136 = DIRECTION('',(-0.,0.894427191,-0.4472135955));
#8137 = DIRECTION('',(0.,0.4472135955,0.894427191));
#8138 = DEFINITIONAL_REPRESENTATION('',(#8139),#8143);
#8139 = LINE('',#8140,#8141);
#8140 = CARTESIAN_POINT('',(0.,0.));
#8141 = VECTOR('',#8142,1.);
#8142 = DIRECTION('',(0.,1.));
#8143 = ( GEOMETRIC_REPRESENTATION_CONTEXT(2) 
PARAMETRIC_REPRESENTATION_CONTEXT() REPRESENTATION_CONTEXT('2D SPACE',''
  ) );
#8144 = ORIENTED_EDGE('',*,*,#8145,.T.);
#8145 = EDGE_CURVE('',#8118,#8146,#8148,.T.);
#8146 = VERTEX_POINT('',#8147);
#8147 = CARTESIAN_POINT('',(-10.75,23.17838699101,0.470806504495));
#8148 = SURFACE_CURVE('',#8149,(#8159,#8172),.PCURVE_S1.);
#8149 = ( BOUNDED_CURVE() B_SPLINE_CURVE(8,(#8150,#8151,#8152,#8153,
    #8154,#8155,#8156,#8157,#8158),.UNSPECIFIED.,.F.,.F.) 
B_SPLINE_CURVE_WITH_KNOTS((9,9),(5.42702553498,6.565364885076),
.PIECEWISE_BEZIER_KNOTS.) CURVE() GEOMETRIC_REPRESENTATION_ITEM() 
RATIONAL_B_SPLINE_CURVE((1.,1.,1.,1.,1.,1.,1.,1.,1.)) 
REPRESENTATION_ITEM('') );
#8150 = CARTESIAN_POINT('',(-10.21999953503,22.647982431064,
    0.736008784468));
#8151 = CARTESIAN_POINT('',(-10.21989961336,22.738274956216,
    0.690862521892));
#8152 = CARTESIAN_POINT('',(-10.23655245384,22.825703527071,
    0.647148236464));
#8153 = CARTESIAN_POINT('',(-10.26744165699,22.915904524639,
    0.60204773768));
#8154 = CARTESIAN_POINT('',(-10.32396509972,23.013079962888,
    0.553460018556));
#8155 = CARTESIAN_POINT('',(-10.41472684028,23.0977132273,0.51114338635)
  );
#8156 = CARTESIAN_POINT('',(-10.52695618688,23.153552991812,
    0.483223504094));
#8157 = CARTESIAN_POINT('',(-10.6424204405,23.17838699101,0.470806504495
    ));
#8158 = CARTESIAN_POINT('',(-10.75,23.17838699101,0.470806504495));
#8159 = PCURVE('',#8019,#8160);
#8160 = DEFINITIONAL_REPRESENTATION('',(#8161),#8171);
#8161 = B_SPLINE_CURVE_WITH_KNOTS('',8,(#8162,#8163,#8164,#8165,#8166,
    #8167,#8168,#8169,#8170),.UNSPECIFIED.,.F.,.F.,(9,9),(5.42702553498,
    6.565364885076),.PIECEWISE_BEZIER_KNOTS.);
#8162 = CARTESIAN_POINT('',(0.612662983167,-19.78000046496));
#8163 = CARTESIAN_POINT('',(0.713613095217,-19.78010038663));
#8164 = CARTESIAN_POINT('',(0.811361209021,-19.76344754615));
#8165 = CARTESIAN_POINT('',(0.912208990122,-19.732558343));
#8166 = CARTESIAN_POINT('',(1.020854432955,-19.67603490027));
#8167 = CARTESIAN_POINT('',(1.115477299147,-19.58527315971));
#8168 = CARTESIAN_POINT('',(1.177908053795,-19.47304381311));
#8169 = CARTESIAN_POINT('',(1.205673308975,-19.35757955949));
#8170 = CARTESIAN_POINT('',(1.205673308975,-19.25));
#8171 = ( GEOMETRIC_REPRESENTATION_CONTEXT(2) 
PARAMETRIC_REPRESENTATION_CONTEXT() REPRESENTATION_CONTEXT('2D SPACE',''
  ) );
#8172 = PCURVE('',#8173,#8201);
#8173 = ( BOUNDED_SURFACE() B_SPLINE_SURFACE(2,8,(
    (#8174,#8175,#8176,#8177,#8178,#8179,#8180,#8181,#8182)
    ,(#8183,#8184,#8185,#8186,#8187,#8188,#8189,#8190,#8191)
    ,(#8192,#8193,#8194,#8195,#8196,#8197,#8198,#8199,#8200
)),.UNSPECIFIED.,.F.,.F.,.F.) B_SPLINE_SURFACE_WITH_KNOTS((3,3),(9,9),(
    0.,1.138339350096),(5.42702553498,6.565364885076),
.PIECEWISE_BEZIER_KNOTS.) GEOMETRIC_REPRESENTATION_ITEM() 
RATIONAL_B_SPLINE_SURFACE((
    (1.,1.,1.,1.,1.,1.,1.,1.,1.)
    ,(0.707106781187,0.737063922972,0.764779788115,0.790872696687
      ,0.815571138552,0.8327768945,0.844946619707,0.850650808352
      ,0.850650808352)
,(1.,1.,1.,1.,1.,1.,1.,1.,1.))) REPRESENTATION_ITEM('') SURFACE() );
#8174 = CARTESIAN_POINT('',(-10.21999953503,22.647982431064,
    0.736008784468));
#8175 = CARTESIAN_POINT('',(-10.21989961336,22.738274956216,
    0.690862521892));
#8176 = CARTESIAN_POINT('',(-10.23655245384,22.825703527071,
    0.647148236464));
#8177 = CARTESIAN_POINT('',(-10.26744165699,22.915904524639,
    0.60204773768));
#8178 = CARTESIAN_POINT('',(-10.32396509972,23.013079962888,
    0.553460018556));
#8179 = CARTESIAN_POINT('',(-10.41472684028,23.0977132273,0.51114338635)
  );
#8180 = CARTESIAN_POINT('',(-10.52695618688,23.153552991812,
    0.483223504094));
#8181 = CARTESIAN_POINT('',(-10.6424204405,23.17838699101,0.470806504495
    ));
#8182 = CARTESIAN_POINT('',(-10.75,23.17838699101,0.470806504495));
#8183 = CARTESIAN_POINT('',(-10.,22.64838699101,0.735806504495));
#8184 = CARTESIAN_POINT('',(-10.01788327188,22.776679894593,
    0.671660052704));
#8185 = CARTESIAN_POINT('',(-10.06076740693,22.896717287438,
    0.611641356281));
#8186 = CARTESIAN_POINT('',(-10.12497276438,23.008349696588,
    0.555825151706));
#8187 = CARTESIAN_POINT('',(-10.21170113299,23.116537563572,
    0.501731218214));
#8188 = CARTESIAN_POINT('',(-10.33222100408,23.211878532698,
    0.454060733651));
#8189 = CARTESIAN_POINT('',(-10.47267631881,23.272225097186,
    0.423887451407));
#8190 = CARTESIAN_POINT('',(-10.61507213425,23.3,0.41));
#8191 = CARTESIAN_POINT('',(-10.75,23.3,0.41));
#8192 = CARTESIAN_POINT('',(-10.,22.55,0.539032522475));
#8193 = CARTESIAN_POINT('',(-10.,22.692098900019,0.488824288516));
#8194 = CARTESIAN_POINT('',(-10.03080488932,22.830488309595,
    0.439931311534));
#8195 = CARTESIAN_POINT('',(-10.08930526606,22.964133262208,
    0.392948303609));
#8196 = CARTESIAN_POINT('',(-10.17985562357,23.092172198929,
    0.348711164512));
#8197 = CARTESIAN_POINT('',(-10.30482652879,23.197293361981,
    0.310458749843));
#8198 = CARTESIAN_POINT('',(-10.4510995075,23.267027057795,
    0.285737212155));
#8199 = CARTESIAN_POINT('',(-10.60284159988,23.3,0.274032522475));
#8200 = CARTESIAN_POINT('',(-10.75,23.3,0.274032522475));
#8201 = DEFINITIONAL_REPRESENTATION('',(#8202),#8206);
#8202 = LINE('',#8203,#8204);
#8203 = CARTESIAN_POINT('',(0.,0.));
#8204 = VECTOR('',#8205,1.);
#8205 = DIRECTION('',(0.,1.));
#8206 = ( GEOMETRIC_REPRESENTATION_CONTEXT(2) 
PARAMETRIC_REPRESENTATION_CONTEXT() REPRESENTATION_CONTEXT('2D SPACE',''
  ) );
#8207 = ORIENTED_EDGE('',*,*,#8208,.T.);
#8208 = EDGE_CURVE('',#8146,#8209,#8211,.T.);
#8209 = VERTEX_POINT('',#8210);
#8210 = CARTESIAN_POINT('',(-11.28867032017,23.17838699101,
    0.470806504495));
#8211 = SURFACE_CURVE('',#8212,(#8216,#8223),.PCURVE_S1.);
#8212 = LINE('',#8213,#8214);
#8213 = CARTESIAN_POINT('',(-10.75,23.17838699101,0.470806504495));
#8214 = VECTOR('',#8215,1.);
#8215 = DIRECTION('',(-1.,-0.,-0.));
#8216 = PCURVE('',#8019,#8217);
#8217 = DEFINITIONAL_REPRESENTATION('',(#8218),#8222);
#8218 = LINE('',#8219,#8220);
#8219 = CARTESIAN_POINT('',(1.205673308975,-19.25));
#8220 = VECTOR('',#8221,1.);
#8221 = DIRECTION('',(0.,1.));
#8222 = ( GEOMETRIC_REPRESENTATION_CONTEXT(2) 
PARAMETRIC_REPRESENTATION_CONTEXT() REPRESENTATION_CONTEXT('2D SPACE',''
  ) );
#8223 = PCURVE('',#8224,#8229);
#8224 = CYLINDRICAL_SURFACE('',#8225,0.22);
#8225 = AXIS2_PLACEMENT_3D('',#8226,#8227,#8228);
#8226 = CARTESIAN_POINT('',(-10.75,23.08,0.274032522475));
#8227 = DIRECTION('',(-1.,-0.,-0.));
#8228 = DIRECTION('',(-0.,0.4472135955,0.894427191));
#8229 = DEFINITIONAL_REPRESENTATION('',(#8230),#8234);
#8230 = LINE('',#8231,#8232);
#8231 = CARTESIAN_POINT('',(0.,0.));
#8232 = VECTOR('',#8233,1.);
#8233 = DIRECTION('',(0.,1.));
#8234 = ( GEOMETRIC_REPRESENTATION_CONTEXT(2) 
PARAMETRIC_REPRESENTATION_CONTEXT() REPRESENTATION_CONTEXT('2D SPACE',''
  ) );
#8235 = ORIENTED_EDGE('',*,*,#8236,.T.);
#8236 = EDGE_CURVE('',#8209,#8237,#8239,.T.);
#8237 = VERTEX_POINT('',#8238);
#8238 = CARTESIAN_POINT('',(-11.81794828606,22.676052332618,
    0.721973833691));
#8239 = SURFACE_CURVE('',#8240,(#8250,#8263),.PCURVE_S1.);
#8240 = ( BOUNDED_CURVE() B_SPLINE_CURVE(8,(#8241,#8242,#8243,#8244,
    #8245,#8246,#8247,#8248,#8249),.UNSPECIFIED.,.F.,.F.) 
B_SPLINE_CURVE_WITH_KNOTS((9,9),(7.104035205254,8.200758640184),
.PIECEWISE_BEZIER_KNOTS.) CURVE() GEOMETRIC_REPRESENTATION_ITEM() 
RATIONAL_B_SPLINE_CURVE((1.,1.,1.,1.,1.,1.,1.,1.,1.)) 
REPRESENTATION_ITEM('') );
#8241 = CARTESIAN_POINT('',(-11.28867032017,23.17838699101,
    0.470806504495));
#8242 = CARTESIAN_POINT('',(-11.392759803,23.17838699101,0.470806504495)
  );
#8243 = CARTESIAN_POINT('',(-11.50419595317,23.155147393682,
    0.482426303159));
#8244 = CARTESIAN_POINT('',(-11.6124938724,23.103171404308,
    0.508414297846));
#8245 = CARTESIAN_POINT('',(-11.70148792331,23.024559035259,
    0.54772048237));
#8246 = CARTESIAN_POINT('',(-11.75928472016,22.933538441105,
    0.593230779448));
#8247 = CARTESIAN_POINT('',(-11.79317461649,22.84778713054,0.63610643473
    ));
#8248 = CARTESIAN_POINT('',(-11.81339396596,22.763702630144,
    0.678148684928));
#8249 = CARTESIAN_POINT('',(-11.81794828606,22.676052332618,
    0.721973833691));
#8250 = PCURVE('',#8019,#8251);
#8251 = DEFINITIONAL_REPRESENTATION('',(#8252),#8262);
#8252 = B_SPLINE_CURVE_WITH_KNOTS('',8,(#8253,#8254,#8255,#8256,#8257,
    #8258,#8259,#8260,#8261),.UNSPECIFIED.,.F.,.F.,(9,9),(7.104035205254
    ,8.200758640184),.PIECEWISE_BEZIER_KNOTS.);
#8253 = CARTESIAN_POINT('',(1.205673308975,-18.71132967982));
#8254 = CARTESIAN_POINT('',(1.205673308975,-18.60724019699));
#8255 = CARTESIAN_POINT('',(1.179690649277,-18.49580404682));
#8256 = CARTESIAN_POINT('',(1.121579726558,-18.3875061276));
#8257 = CARTESIAN_POINT('',(1.033688426025,-18.29851207668));
#8258 = CARTESIAN_POINT('',(0.931924308085,-18.24071527983));
#8259 = CARTESIAN_POINT('',(0.836051428294,-18.2068253835));
#8260 = CARTESIAN_POINT('',(0.742042098923,-18.18660603403));
#8261 = CARTESIAN_POINT('',(0.644046087166,-18.18205171393));
#8262 = ( GEOMETRIC_REPRESENTATION_CONTEXT(2) 
PARAMETRIC_REPRESENTATION_CONTEXT() REPRESENTATION_CONTEXT('2D SPACE',''
  ) );
#8263 = PCURVE('',#8264,#8292);
#8264 = ( BOUNDED_SURFACE() B_SPLINE_SURFACE(2,8,(
    (#8265,#8266,#8267,#8268,#8269,#8270,#8271,#8272,#8273)
    ,(#8274,#8275,#8276,#8277,#8278,#8279,#8280,#8281,#8282)
    ,(#8283,#8284,#8285,#8286,#8287,#8288,#8289,#8290,#8291
)),.UNSPECIFIED.,.F.,.F.,.F.) B_SPLINE_SURFACE_WITH_KNOTS((3,3),(9,9),(
    0.,1.09672343493),(7.104035205254,8.200758640184),
.PIECEWISE_BEZIER_KNOTS.) GEOMETRIC_REPRESENTATION_ITEM() 
RATIONAL_B_SPLINE_SURFACE((
    (1.,1.,1.,1.,1.,1.,1.,1.,1.)
    ,(0.850650808352,0.850650808352,0.845344440011,0.834068455188
      ,0.817999027772,0.795088124739,0.770499307218,0.744150827702
      ,0.715420221421)
,(1.,1.,1.,1.,1.,1.,1.,1.,1.))) REPRESENTATION_ITEM('') SURFACE() );
#8265 = CARTESIAN_POINT('',(-11.28867032017,23.17838699101,
    0.470806504495));
#8266 = CARTESIAN_POINT('',(-11.392759803,23.17838699101,0.470806504495)
  );
#8267 = CARTESIAN_POINT('',(-11.50419595317,23.155147393682,
    0.482426303159));
#8268 = CARTESIAN_POINT('',(-11.6124938724,23.103171404308,
    0.508414297846));
#8269 = CARTESIAN_POINT('',(-11.70148792331,23.024559035259,
    0.54772048237));
#8270 = CARTESIAN_POINT('',(-11.75928472016,22.933538441105,
    0.593230779448));
#8271 = CARTESIAN_POINT('',(-11.79317461649,22.84778713054,0.63610643473
    ));
#8272 = CARTESIAN_POINT('',(-11.81339396596,22.763702630144,
    0.678148684928));
#8273 = CARTESIAN_POINT('',(-11.81794828606,22.676052332618,
    0.721973833691));
#8274 = CARTESIAN_POINT('',(-11.28867032017,23.3,0.41));
#8275 = CARTESIAN_POINT('',(-11.41893409641,23.3,0.41));
#8276 = CARTESIAN_POINT('',(-11.55616772993,23.2741270528,0.4229364736)
  );
#8277 = CARTESIAN_POINT('',(-11.6915260541,23.218034345404,
    0.450982827298));
#8278 = CARTESIAN_POINT('',(-11.8091591971,23.129887287874,
    0.495056356063));
#8279 = CARTESIAN_POINT('',(-11.89636735792,23.02854857021,
    0.545725714895));
#8280 = CARTESIAN_POINT('',(-11.96252737928,22.922923245605,
    0.598538377197));
#8281 = CARTESIAN_POINT('',(-12.00901504706,22.808615875879,
    0.655692062061));
#8282 = CARTESIAN_POINT('',(-12.03254498455,22.685502266015,
    0.717248866993));
#8283 = CARTESIAN_POINT('',(-11.28867032017,23.3,0.274032522475));
#8284 = CARTESIAN_POINT('',(-11.43063959627,23.3,0.274032522475));
#8285 = CARTESIAN_POINT('',(-11.5769857018,23.269306403508,
    0.284932293629));
#8286 = CARTESIAN_POINT('',(-11.71840956231,23.204465306261,
    0.307946151657));
#8287 = CARTESIAN_POINT('',(-11.84073711219,23.106704881077,0.3434662496
    ));
#8288 = CARTESIAN_POINT('',(-11.93214563931,22.98694418403,0.3849253965)
  );
#8289 = CARTESIAN_POINT('',(-11.99417105628,22.860247800501,
    0.42943187934));
#8290 = CARTESIAN_POINT('',(-12.03031829738,22.727545433089,
    0.476300386039));
#8291 = CARTESIAN_POINT('',(-12.03762066567,22.589665854045,
    0.525017264088));
#8292 = DEFINITIONAL_REPRESENTATION('',(#8293),#8297);
#8293 = LINE('',#8294,#8295);
#8294 = CARTESIAN_POINT('',(0.,0.));
#8295 = VECTOR('',#8296,1.);
#8296 = DIRECTION('',(0.,1.));
#8297 = ( GEOMETRIC_REPRESENTATION_CONTEXT(2) 
PARAMETRIC_REPRESENTATION_CONTEXT() REPRESENTATION_CONTEXT('2D SPACE',''
  ) );
#8298 = ORIENTED_EDGE('',*,*,#8299,.T.);
#8299 = EDGE_CURVE('',#8237,#7997,#8300,.T.);
#8300 = SURFACE_CURVE('',#8301,(#8305,#8312),.PCURVE_S1.);
#8301 = LINE('',#8302,#8303);
#8302 = CARTESIAN_POINT('',(-11.82300469257,22.580572673526,
    0.769713663237));
#8303 = VECTOR('',#8304,1.);
#8304 = DIRECTION('',(-4.731752834854E-02,-0.89342534171,0.446712670855)
  );
#8305 = PCURVE('',#8019,#8306);
#8306 = DEFINITIONAL_REPRESENTATION('',(#8307),#8311);
#8307 = LINE('',#8308,#8309);
#8308 = CARTESIAN_POINT('',(0.537296583066,-18.17699530742));
#8309 = VECTOR('',#8310,1.);
#8310 = DIRECTION('',(-0.998879898442,4.731752834854E-02));
#8311 = ( GEOMETRIC_REPRESENTATION_CONTEXT(2) 
PARAMETRIC_REPRESENTATION_CONTEXT() REPRESENTATION_CONTEXT('2D SPACE',''
  ) );
#8312 = PCURVE('',#8313,#8318);
#8313 = CYLINDRICAL_SURFACE('',#8314,0.22);
#8314 = AXIS2_PLACEMENT_3D('',#8315,#8316,#8317);
#8315 = CARTESIAN_POINT('',(-11.82300469257,22.482185682516,
    0.572939681217));
#8316 = DIRECTION('',(-4.731752834854E-02,-0.89342534171,0.446712670855)
  );
#8317 = DIRECTION('',(-3.469446951954E-18,0.4472135955,0.894427191));
#8318 = DEFINITIONAL_REPRESENTATION('',(#8319),#8323);
#8319 = LINE('',#8320,#8321);
#8320 = CARTESIAN_POINT('',(0.,0.));
#8321 = VECTOR('',#8322,1.);
#8322 = DIRECTION('',(0.,1.));
#8323 = ( GEOMETRIC_REPRESENTATION_CONTEXT(2) 
PARAMETRIC_REPRESENTATION_CONTEXT() REPRESENTATION_CONTEXT('2D SPACE',''
  ) );
#8324 = ADVANCED_FACE('',(#8325),#8047,.T.);
#8325 = FACE_BOUND('',#8326,.T.);
#8326 = EDGE_LOOP('',(#8327,#8351,#8379,#8409));
#8327 = ORIENTED_EDGE('',*,*,#8328,.T.);
#8328 = EDGE_CURVE('',#7997,#8329,#8331,.T.);
#8329 = VERTEX_POINT('',#8330);
#8330 = CARTESIAN_POINT('',(-12.06814884911,22.013248326177,
    0.81322601798));
#8331 = SURFACE_CURVE('',#8332,(#8337,#8345),.PCURVE_S1.);
#8332 = CIRCLE('',#8333,0.22);
#8333 = AXIS2_PLACEMENT_3D('',#8334,#8335,#8336);
#8334 = CARTESIAN_POINT('',(-11.84845674776,22.00161300899,0.81322601798
    ));
#8335 = DIRECTION('',(-4.731752834854E-02,-0.89342534171,0.446712670855)
  );
#8336 = DIRECTION('',(-6.938893903907E-18,0.4472135955,0.894427191));
#8337 = PCURVE('',#8047,#8338);
#8338 = DEFINITIONAL_REPRESENTATION('',(#8339),#8344);
#8339 = B_SPLINE_CURVE_WITH_KNOTS('',3,(#8340,#8341,#8342,#8343),
  .UNSPECIFIED.,.F.,.F.,(4,4),(0.,1.547141975368),
  .PIECEWISE_BEZIER_KNOTS.);
#8340 = CARTESIAN_POINT('',(-2.22044604925E-16,-1.059470903108E-02));
#8341 = CARTESIAN_POINT('',(0.515713991789,-1.059470903108E-02));
#8342 = CARTESIAN_POINT('',(1.035304382113,-1.059470903108E-02));
#8343 = CARTESIAN_POINT('',(1.551018373903,-1.059470903108E-02));
#8344 = ( GEOMETRIC_REPRESENTATION_CONTEXT(2) 
PARAMETRIC_REPRESENTATION_CONTEXT() REPRESENTATION_CONTEXT('2D SPACE',''
  ) );
#8345 = PCURVE('',#8313,#8346);
#8346 = DEFINITIONAL_REPRESENTATION('',(#8347),#8350);
#8347 = B_SPLINE_CURVE_WITH_KNOTS('',1,(#8348,#8349),.UNSPECIFIED.,.F.,
  .F.,(2,2),(0.,1.547141975368),.PIECEWISE_BEZIER_KNOTS.);
#8348 = CARTESIAN_POINT('',(0.,0.537899084669));
#8349 = CARTESIAN_POINT('',(1.547141975368,0.537899084669));
#8350 = ( GEOMETRIC_REPRESENTATION_CONTEXT(2) 
PARAMETRIC_REPRESENTATION_CONTEXT() REPRESENTATION_CONTEXT('2D SPACE',''
  ) );
#8351 = ORIENTED_EDGE('',*,*,#8352,.T.);
#8352 = EDGE_CURVE('',#8329,#8353,#8355,.T.);
#8353 = VERTEX_POINT('',#8354);
#8354 = CARTESIAN_POINT('',(-12.29906644672,17.653180487493,
    2.570375873529));
#8355 = SURFACE_CURVE('',#8356,(#8360,#8367),.PCURVE_S1.);
#8356 = LINE('',#8357,#8358);
#8357 = CARTESIAN_POINT('',(-12.06781483116,22.019555081955,
    0.809916997312));
#8358 = VECTOR('',#8359,1.);
#8359 = DIRECTION('',(-4.906062510598E-02,-0.926337602145,0.373485879141
    ));
#8360 = PCURVE('',#8047,#8361);
#8361 = DEFINITIONAL_REPRESENTATION('',(#8362),#8366);
#8362 = LINE('',#8363,#8364);
#8363 = CARTESIAN_POINT('',(1.551018373903,0.));
#8364 = VECTOR('',#8365,1.);
#8365 = DIRECTION('',(0.,1.));
#8366 = ( GEOMETRIC_REPRESENTATION_CONTEXT(2) 
PARAMETRIC_REPRESENTATION_CONTEXT() REPRESENTATION_CONTEXT('2D SPACE',''
  ) );
#8367 = PCURVE('',#8368,#8373);
#8368 = PLANE('',#8369);
#8369 = AXIS2_PLACEMENT_3D('',#8370,#8371,#8372);
#8370 = CARTESIAN_POINT('',(-12.3,17.635553612637,-7.55));
#8371 = DIRECTION('',(-0.998600460665,5.288780539399E-02,0.));
#8372 = DIRECTION('',(5.288780539399E-02,0.998600460665,0.));
#8373 = DEFINITIONAL_REPRESENTATION('',(#8374),#8378);
#8374 = LINE('',#8375,#8376);
#8375 = CARTESIAN_POINT('',(4.390145650842,-8.359916997312));
#8376 = VECTOR('',#8377,1.);
#8377 = DIRECTION('',(-0.927635865026,-0.373485879141));
#8378 = ( GEOMETRIC_REPRESENTATION_CONTEXT(2) 
PARAMETRIC_REPRESENTATION_CONTEXT() REPRESENTATION_CONTEXT('2D SPACE',''
  ) );
#8379 = ORIENTED_EDGE('',*,*,#8380,.F.);
#8380 = EDGE_CURVE('',#8032,#8353,#8381,.T.);
#8381 = SURFACE_CURVE('',#8382,(#8387,#8398),.PCURVE_S1.);
#8382 = ELLIPSE('',#8383,0.319051847289,0.22);
#8383 = AXIS2_PLACEMENT_3D('',#8384,#8385,#8386);
#8384 = CARTESIAN_POINT('',(-12.06804004573,17.855553612637,
    2.484090775049));
#8385 = DIRECTION('',(0.6895431005,-0.671703916313,0.270821271991));
#8386 = DIRECTION('',(-0.724244649654,-0.639519810458,0.257845107533));
#8387 = PCURVE('',#8047,#8388);
#8388 = DEFINITIONAL_REPRESENTATION('',(#8389),#8397);
#8389 = B_SPLINE_CURVE_WITH_KNOTS('',6,(#8390,#8391,#8392,#8393,#8394,
    #8395,#8396),.UNSPECIFIED.,.F.,.F.,(7,7),(4.712389471087,
    6.263407354287),.PIECEWISE_BEZIER_KNOTS.);
#8390 = CARTESIAN_POINT('',(4.907022183032E-07,4.482562564181));
#8391 = CARTESIAN_POINT('',(0.258503471236,4.542295259781));
#8392 = CARTESIAN_POINT('',(0.517005390411,4.60202374079));
#8393 = CARTESIAN_POINT('',(0.775509341482,4.654594403059));
#8394 = CARTESIAN_POINT('',(1.034013580475,4.692704712922));
#8395 = CARTESIAN_POINT('',(1.292515393369,4.712407538368));
#8396 = CARTESIAN_POINT('',(1.551018373903,4.713588851789));
#8397 = ( GEOMETRIC_REPRESENTATION_CONTEXT(2) 
PARAMETRIC_REPRESENTATION_CONTEXT() REPRESENTATION_CONTEXT('2D SPACE',''
  ) );
#8398 = PCURVE('',#8075,#8399);
#8399 = DEFINITIONAL_REPRESENTATION('',(#8400),#8408);
#8400 = B_SPLINE_CURVE_WITH_KNOTS('',6,(#8401,#8402,#8403,#8404,#8405,
    #8406,#8407),.UNSPECIFIED.,.F.,.F.,(7,7),(4.712389471087,
    6.263407354287),.PIECEWISE_BEZIER_KNOTS.);
#8401 = CARTESIAN_POINT('',(4.907022264078E-07,0.231959840879));
#8402 = CARTESIAN_POINT('',(0.258503471236,0.172227145279));
#8403 = CARTESIAN_POINT('',(0.517005390411,0.11249866427));
#8404 = CARTESIAN_POINT('',(0.775509341482,5.992800200085E-02));
#8405 = CARTESIAN_POINT('',(1.034013580475,2.181769213829E-02));
#8406 = CARTESIAN_POINT('',(1.292515393369,2.114866692639E-03));
#8407 = CARTESIAN_POINT('',(1.551018373903,9.335532716559E-04));
#8408 = ( GEOMETRIC_REPRESENTATION_CONTEXT(2) 
PARAMETRIC_REPRESENTATION_CONTEXT() REPRESENTATION_CONTEXT('2D SPACE',''
  ) );
#8409 = ORIENTED_EDGE('',*,*,#8031,.F.);
#8410 = ADVANCED_FACE('',(#8411),#8101,.T.);
#8411 = FACE_BOUND('',#8412,.T.);
#8412 = EDGE_LOOP('',(#8413,#8445,#8473,#8493));
#8413 = ORIENTED_EDGE('',*,*,#8414,.T.);
#8414 = EDGE_CURVE('',#8060,#8415,#8417,.T.);
#8415 = VERTEX_POINT('',#8416);
#8416 = CARTESIAN_POINT('',(-10.,17.651513635732,2.566356732922));
#8417 = SURFACE_CURVE('',#8418,(#8423,#8434),.PCURVE_S1.);
#8418 = ELLIPSE('',#8419,0.311126983722,0.22);
#8419 = AXIS2_PLACEMENT_3D('',#8420,#8421,#8422);
#8420 = CARTESIAN_POINT('',(-10.22,17.855553612637,2.484090775049));
#8421 = DIRECTION('',(0.707106781187,0.655809324102,-0.264412803058));
#8422 = DIRECTION('',(-0.707106781187,0.655809324102,-0.264412803058));
#8423 = PCURVE('',#8101,#8424);
#8424 = DEFINITIONAL_REPRESENTATION('',(#8425),#8433);
#8425 = B_SPLINE_CURVE_WITH_KNOTS('',6,(#8426,#8427,#8428,#8429,#8430,
    #8431,#8432),.UNSPECIFIED.,.F.,.F.,(7,7),(1.570796326795,
    3.14159265359),.PIECEWISE_BEZIER_KNOTS.);
#8426 = CARTESIAN_POINT('',(-2.22044604925E-16,0.325909224951));
#8427 = CARTESIAN_POINT('',(0.261799387799,0.268313359635));
#8428 = CARTESIAN_POINT('',(0.523597766434,0.210721825451));
#8429 = CARTESIAN_POINT('',(0.785397942699,0.160208009676));
#8430 = CARTESIAN_POINT('',(1.047198797504,0.123999249228));
#8431 = CARTESIAN_POINT('',(1.308996938996,0.105909224951));
#8432 = CARTESIAN_POINT('',(1.570796326795,0.105909224951));
#8433 = ( GEOMETRIC_REPRESENTATION_CONTEXT(2) 
PARAMETRIC_REPRESENTATION_CONTEXT() REPRESENTATION_CONTEXT('2D SPACE',''
  ) );
#8434 = PCURVE('',#8075,#8435);
#8435 = DEFINITIONAL_REPRESENTATION('',(#8436),#8444);
#8436 = B_SPLINE_CURVE_WITH_KNOTS('',6,(#8437,#8438,#8439,#8440,#8441,
    #8442,#8443),.UNSPECIFIED.,.F.,.F.,(7,7),(1.570796326795,
    3.14159265359),.PIECEWISE_BEZIER_KNOTS.);
#8437 = CARTESIAN_POINT('',(-7.993605777301E-15,2.08));
#8438 = CARTESIAN_POINT('',(0.261799387799,2.137595865316));
#8439 = CARTESIAN_POINT('',(0.523597766434,2.1951873995));
#8440 = CARTESIAN_POINT('',(0.785397942699,2.245701215275));
#8441 = CARTESIAN_POINT('',(1.047198797504,2.281909975723));
#8442 = CARTESIAN_POINT('',(1.308996938996,2.3));
#8443 = CARTESIAN_POINT('',(1.570796326795,2.3));
#8444 = ( GEOMETRIC_REPRESENTATION_CONTEXT(2) 
PARAMETRIC_REPRESENTATION_CONTEXT() REPRESENTATION_CONTEXT('2D SPACE',''
  ) );
#8445 = ORIENTED_EDGE('',*,*,#8446,.T.);
#8446 = EDGE_CURVE('',#8415,#8447,#8449,.T.);
#8447 = VERTEX_POINT('',#8448);
#8448 = CARTESIAN_POINT('',(-10.,22.017734042127,0.805960023095));
#8449 = SURFACE_CURVE('',#8450,(#8454,#8461),.PCURVE_S1.);
#8450 = LINE('',#8451,#8452);
#8451 = CARTESIAN_POINT('',(-10.,17.553287654764,2.605960023095));
#8452 = VECTOR('',#8453,1.);
#8453 = DIRECTION('',(-0.,0.927454440476,-0.373936172149));
#8454 = PCURVE('',#8101,#8455);
#8455 = DEFINITIONAL_REPRESENTATION('',(#8456),#8460);
#8456 = LINE('',#8457,#8458);
#8457 = CARTESIAN_POINT('',(1.570796326795,0.));
#8458 = VECTOR('',#8459,1.);
#8459 = DIRECTION('',(0.,1.));
#8460 = ( GEOMETRIC_REPRESENTATION_CONTEXT(2) 
PARAMETRIC_REPRESENTATION_CONTEXT() REPRESENTATION_CONTEXT('2D SPACE',''
  ) );
#8461 = PCURVE('',#8462,#8467);
#8462 = PLANE('',#8463);
#8463 = AXIS2_PLACEMENT_3D('',#8464,#8465,#8466);
#8464 = CARTESIAN_POINT('',(-10.,23.3,-7.55));
#8465 = DIRECTION('',(1.,0.,-0.));
#8466 = DIRECTION('',(0.,-1.,0.));
#8467 = DEFINITIONAL_REPRESENTATION('',(#8468),#8472);
#8468 = LINE('',#8469,#8470);
#8469 = CARTESIAN_POINT('',(5.746712345236,-10.15596002309));
#8470 = VECTOR('',#8471,1.);
#8471 = DIRECTION('',(-0.927454440476,0.373936172149));
#8472 = ( GEOMETRIC_REPRESENTATION_CONTEXT(2) 
PARAMETRIC_REPRESENTATION_CONTEXT() REPRESENTATION_CONTEXT('2D SPACE',''
  ) );
#8473 = ORIENTED_EDGE('',*,*,#8474,.F.);
#8474 = EDGE_CURVE('',#7999,#8447,#8475,.T.);
#8475 = SURFACE_CURVE('',#8476,(#8481,#8487),.PCURVE_S1.);
#8476 = CIRCLE('',#8477,0.22);
#8477 = AXIS2_PLACEMENT_3D('',#8478,#8479,#8480);
#8478 = CARTESIAN_POINT('',(-10.22,22.017734042127,0.805960023095));
#8479 = DIRECTION('',(-0.,0.927454440476,-0.373936172149));
#8480 = DIRECTION('',(0.,0.373936172149,0.927454440476));
#8481 = PCURVE('',#8101,#8482);
#8482 = DEFINITIONAL_REPRESENTATION('',(#8483),#8486);
#8483 = B_SPLINE_CURVE_WITH_KNOTS('',1,(#8484,#8485),.UNSPECIFIED.,.F.,
  .F.,(2,2),(0.,1.570796326795),.PIECEWISE_BEZIER_KNOTS.);
#8484 = CARTESIAN_POINT('',(0.,4.813655736095));
#8485 = CARTESIAN_POINT('',(1.570796326795,4.813655736095));
#8486 = ( GEOMETRIC_REPRESENTATION_CONTEXT(2) 
PARAMETRIC_REPRESENTATION_CONTEXT() REPRESENTATION_CONTEXT('2D SPACE',''
  ) );
#8487 = PCURVE('',#8133,#8488);
#8488 = DEFINITIONAL_REPRESENTATION('',(#8489),#8492);
#8489 = B_SPLINE_CURVE_WITH_KNOTS('',1,(#8490,#8491),.UNSPECIFIED.,.F.,
  .F.,(2,2),(0.,1.570796326795),.PIECEWISE_BEZIER_KNOTS.);
#8490 = CARTESIAN_POINT('',(0.,0.));
#8491 = CARTESIAN_POINT('',(1.570796326795,0.));
#8492 = ( GEOMETRIC_REPRESENTATION_CONTEXT(2) 
PARAMETRIC_REPRESENTATION_CONTEXT() REPRESENTATION_CONTEXT('2D SPACE',''
  ) );
#8493 = ORIENTED_EDGE('',*,*,#8087,.F.);
#8494 = ADVANCED_FACE('',(#8495),#8075,.T.);
#8495 = FACE_BOUND('',#8496,.T.);
#8496 = EDGE_LOOP('',(#8497,#8498,#8499,#8500,#8531,#8559));
#8497 = ORIENTED_EDGE('',*,*,#8414,.F.);
#8498 = ORIENTED_EDGE('',*,*,#8059,.F.);
#8499 = ORIENTED_EDGE('',*,*,#8380,.T.);
#8500 = ORIENTED_EDGE('',*,*,#8501,.T.);
#8501 = EDGE_CURVE('',#8353,#8502,#8504,.T.);
#8502 = VERTEX_POINT('',#8503);
#8503 = CARTESIAN_POINT('',(-12.3,17.635553612637,2.484090775049));
#8504 = SURFACE_CURVE('',#8505,(#8510,#8520),.PCURVE_S1.);
#8505 = ELLIPSE('',#8506,0.220308330174,0.22);
#8506 = AXIS2_PLACEMENT_3D('',#8507,#8508,#8509);
#8507 = CARTESIAN_POINT('',(-12.2883483759,17.855553612637,
    2.484090775049));
#8508 = DIRECTION('',(0.998600460665,-5.288780539399E-02,-0.));
#8509 = DIRECTION('',(5.288780539399E-02,0.998600460665,0.));
#8510 = PCURVE('',#8075,#8511);
#8511 = DEFINITIONAL_REPRESENTATION('',(#8512),#8519);
#8512 = B_SPLINE_CURVE_WITH_KNOTS('',5,(#8513,#8514,#8515,#8516,#8517,
    #8518),.UNSPECIFIED.,.F.,.F.,(6,6),(2.738565232361,3.14159265359),
  .PIECEWISE_BEZIER_KNOTS.);
#8513 = CARTESIAN_POINT('',(1.551018373903,9.335532716541E-04));
#8514 = CARTESIAN_POINT('',(1.631623858148,5.652003027722E-04));
#8515 = CARTESIAN_POINT('',(1.712229342394,2.838932595089E-04));
#8516 = CARTESIAN_POINT('',(1.79283482664,9.462781622374E-05));
#8517 = CARTESIAN_POINT('',(1.873440310885,1.150169661893E-19));
#8518 = CARTESIAN_POINT('',(1.954045795131,0.));
#8519 = ( GEOMETRIC_REPRESENTATION_CONTEXT(2) 
PARAMETRIC_REPRESENTATION_CONTEXT() REPRESENTATION_CONTEXT('2D SPACE',''
  ) );
#8520 = PCURVE('',#8368,#8521);
#8521 = DEFINITIONAL_REPRESENTATION('',(#8522),#8530);
#8522 = ( BOUNDED_CURVE() B_SPLINE_CURVE(2,(#8523,#8524,#8525,#8526,
#8527,#8528,#8529),.UNSPECIFIED.,.T.,.F.) B_SPLINE_CURVE_WITH_KNOTS((1,2
    ,2,2,2,1),(-2.094395102393,0.,2.094395102393,4.188790204786,
6.28318530718,8.377580409573),.UNSPECIFIED.) CURVE() 
GEOMETRIC_REPRESENTATION_ITEM() RATIONAL_B_SPLINE_CURVE((1.,0.5,1.,0.5,
1.,0.5,1.)) REPRESENTATION_ITEM('') );
#8523 = CARTESIAN_POINT('',(0.440616660348,-10.03409077504));
#8524 = CARTESIAN_POINT('',(0.440616660348,-10.41514195271));
#8525 = CARTESIAN_POINT('',(0.110154165087,-10.22461636388));
#8526 = CARTESIAN_POINT('',(-0.220308330174,-10.03409077504));
#8527 = CARTESIAN_POINT('',(0.110154165087,-9.843565186216));
#8528 = CARTESIAN_POINT('',(0.440616660348,-9.653039597384));
#8529 = CARTESIAN_POINT('',(0.440616660348,-10.03409077504));
#8530 = ( GEOMETRIC_REPRESENTATION_CONTEXT(2) 
PARAMETRIC_REPRESENTATION_CONTEXT() REPRESENTATION_CONTEXT('2D SPACE',''
  ) );
#8531 = ORIENTED_EDGE('',*,*,#8532,.T.);
#8532 = EDGE_CURVE('',#8502,#8533,#8535,.T.);
#8533 = VERTEX_POINT('',#8534);
#8534 = CARTESIAN_POINT('',(-10.,17.635553612637,2.484090775049));
#8535 = SURFACE_CURVE('',#8536,(#8540,#8547),.PCURVE_S1.);
#8536 = LINE('',#8537,#8538);
#8537 = CARTESIAN_POINT('',(-12.3,17.635553612637,2.484090775049));
#8538 = VECTOR('',#8539,1.);
#8539 = DIRECTION('',(1.,0.,0.));
#8540 = PCURVE('',#8075,#8541);
#8541 = DEFINITIONAL_REPRESENTATION('',(#8542),#8546);
#8542 = LINE('',#8543,#8544);
#8543 = CARTESIAN_POINT('',(1.954045795131,0.));
#8544 = VECTOR('',#8545,1.);
#8545 = DIRECTION('',(0.,1.));
#8546 = ( GEOMETRIC_REPRESENTATION_CONTEXT(2) 
PARAMETRIC_REPRESENTATION_CONTEXT() REPRESENTATION_CONTEXT('2D SPACE',''
  ) );
#8547 = PCURVE('',#8548,#8553);
#8548 = PLANE('',#8549);
#8549 = AXIS2_PLACEMENT_3D('',#8550,#8551,#8552);
#8550 = CARTESIAN_POINT('',(-30.,17.635553612637,-6.2));
#8551 = DIRECTION('',(0.,-1.,0.));
#8552 = DIRECTION('',(0.,0.,1.));
#8553 = DEFINITIONAL_REPRESENTATION('',(#8554),#8558);
#8554 = LINE('',#8555,#8556);
#8555 = CARTESIAN_POINT('',(8.684090775049,-17.7));
#8556 = VECTOR('',#8557,1.);
#8557 = DIRECTION('',(0.,-1.));
#8558 = ( GEOMETRIC_REPRESENTATION_CONTEXT(2) 
PARAMETRIC_REPRESENTATION_CONTEXT() REPRESENTATION_CONTEXT('2D SPACE',''
  ) );
#8559 = ORIENTED_EDGE('',*,*,#8560,.F.);
#8560 = EDGE_CURVE('',#8415,#8533,#8561,.T.);
#8561 = SURFACE_CURVE('',#8562,(#8567,#8574),.PCURVE_S1.);
#8562 = CIRCLE('',#8563,0.22);
#8563 = AXIS2_PLACEMENT_3D('',#8564,#8565,#8566);
#8564 = CARTESIAN_POINT('',(-10.,17.855553612637,2.484090775049));
#8565 = DIRECTION('',(1.,0.,0.));
#8566 = DIRECTION('',(-0.,0.,1.));
#8567 = PCURVE('',#8075,#8568);
#8568 = DEFINITIONAL_REPRESENTATION('',(#8569),#8573);
#8569 = LINE('',#8570,#8571);
#8570 = CARTESIAN_POINT('',(0.383249468336,2.3));
#8571 = VECTOR('',#8572,1.);
#8572 = DIRECTION('',(1.,0.));
#8573 = ( GEOMETRIC_REPRESENTATION_CONTEXT(2) 
PARAMETRIC_REPRESENTATION_CONTEXT() REPRESENTATION_CONTEXT('2D SPACE',''
  ) );
#8574 = PCURVE('',#8462,#8575);
#8575 = DEFINITIONAL_REPRESENTATION('',(#8576),#8580);
#8576 = CIRCLE('',#8577,0.22);
#8577 = AXIS2_PLACEMENT_2D('',#8578,#8579);
#8578 = CARTESIAN_POINT('',(5.444446387363,-10.03409077504));
#8579 = DIRECTION('',(0.,-1.));
#8580 = ( GEOMETRIC_REPRESENTATION_CONTEXT(2) 
PARAMETRIC_REPRESENTATION_CONTEXT() REPRESENTATION_CONTEXT('2D SPACE',''
  ) );
#8581 = ADVANCED_FACE('',(#8582),#8313,.T.);
#8582 = FACE_BOUND('',#8583,.T.);
#8583 = EDGE_LOOP('',(#8584,#8607,#8628,#8629));
#8584 = ORIENTED_EDGE('',*,*,#8585,.T.);
#8585 = EDGE_CURVE('',#8237,#8586,#8588,.T.);
#8586 = VERTEX_POINT('',#8587);
#8587 = CARTESIAN_POINT('',(-12.03762066567,22.589665854045,
    0.525017264088));
#8588 = SURFACE_CURVE('',#8589,(#8593,#8601),.PCURVE_S1.);
#8589 = ( BOUNDED_CURVE() B_SPLINE_CURVE(2,(#8590,#8591,#8592),
.UNSPECIFIED.,.F.,.F.) B_SPLINE_CURVE_WITH_KNOTS((3,3),(0.,1.09672343493
),.PIECEWISE_BEZIER_KNOTS.) CURVE() GEOMETRIC_REPRESENTATION_ITEM() 
RATIONAL_B_SPLINE_CURVE((1.,0.715420221421,1.)) REPRESENTATION_ITEM('') 
  );
#8590 = CARTESIAN_POINT('',(-11.81794828606,22.676052332618,
    0.721973833691));
#8591 = CARTESIAN_POINT('',(-12.03254498455,22.685502266015,
    0.717248866993));
#8592 = CARTESIAN_POINT('',(-12.03762066567,22.589665854045,
    0.525017264088));
#8593 = PCURVE('',#8313,#8594);
#8594 = DEFINITIONAL_REPRESENTATION('',(#8595),#8600);
#8595 = B_SPLINE_CURVE_WITH_KNOTS('',3,(#8596,#8597,#8598,#8599),
  .UNSPECIFIED.,.F.,.F.,(4,4),(0.,1.09672343493),
  .PIECEWISE_BEZIER_KNOTS.);
#8596 = CARTESIAN_POINT('',(0.,-0.10727796702));
#8597 = CARTESIAN_POINT('',(0.465796286795,-0.10727796702));
#8598 = CARTESIAN_POINT('',(1.081345688573,-0.10727796702));
#8599 = CARTESIAN_POINT('',(1.547141975368,-0.10727796702));
#8600 = ( GEOMETRIC_REPRESENTATION_CONTEXT(2) 
PARAMETRIC_REPRESENTATION_CONTEXT() REPRESENTATION_CONTEXT('2D SPACE',''
  ) );
#8601 = PCURVE('',#8264,#8602);
#8602 = DEFINITIONAL_REPRESENTATION('',(#8603),#8606);
#8603 = B_SPLINE_CURVE_WITH_KNOTS('',1,(#8604,#8605),.UNSPECIFIED.,.F.,
  .F.,(2,2),(0.,1.09672343493),.PIECEWISE_BEZIER_KNOTS.);
#8604 = CARTESIAN_POINT('',(0.,8.200758640184));
#8605 = CARTESIAN_POINT('',(1.09672343493,8.200758640184));
#8606 = ( GEOMETRIC_REPRESENTATION_CONTEXT(2) 
PARAMETRIC_REPRESENTATION_CONTEXT() REPRESENTATION_CONTEXT('2D SPACE',''
  ) );
#8607 = ORIENTED_EDGE('',*,*,#8608,.T.);
#8608 = EDGE_CURVE('',#8586,#8329,#8609,.T.);
#8609 = SURFACE_CURVE('',#8610,(#8614,#8621),.PCURVE_S1.);
#8610 = LINE('',#8611,#8612);
#8611 = CARTESIAN_POINT('',(-12.04269679392,22.493820999703,
    0.572939681217));
#8612 = VECTOR('',#8613,1.);
#8613 = DIRECTION('',(-4.731752834854E-02,-0.89342534171,0.446712670855)
  );
#8614 = PCURVE('',#8313,#8615);
#8615 = DEFINITIONAL_REPRESENTATION('',(#8616),#8620);
#8616 = LINE('',#8617,#8618);
#8617 = CARTESIAN_POINT('',(1.547141975368,0.));
#8618 = VECTOR('',#8619,1.);
#8619 = DIRECTION('',(0.,1.));
#8620 = ( GEOMETRIC_REPRESENTATION_CONTEXT(2) 
PARAMETRIC_REPRESENTATION_CONTEXT() REPRESENTATION_CONTEXT('2D SPACE',''
  ) );
#8621 = PCURVE('',#8368,#8622);
#8622 = DEFINITIONAL_REPRESENTATION('',(#8623),#8627);
#8623 = LINE('',#8624,#8625);
#8624 = CARTESIAN_POINT('',(4.865076252648,-8.122939681217));
#8625 = VECTOR('',#8626,1.);
#8626 = DIRECTION('',(-0.894677478032,-0.446712670855));
#8627 = ( GEOMETRIC_REPRESENTATION_CONTEXT(2) 
PARAMETRIC_REPRESENTATION_CONTEXT() REPRESENTATION_CONTEXT('2D SPACE',''
  ) );
#8628 = ORIENTED_EDGE('',*,*,#8328,.F.);
#8629 = ORIENTED_EDGE('',*,*,#8299,.F.);
#8630 = ADVANCED_FACE('',(#8631),#8133,.T.);
#8631 = FACE_BOUND('',#8632,.T.);
#8632 = EDGE_LOOP('',(#8633,#8634,#8657,#8681));
#8633 = ORIENTED_EDGE('',*,*,#8474,.T.);
#8634 = ORIENTED_EDGE('',*,*,#8635,.T.);
#8635 = EDGE_CURVE('',#8447,#8636,#8638,.T.);
#8636 = VERTEX_POINT('',#8637);
#8637 = CARTESIAN_POINT('',(-10.,22.55,0.539032522475));
#8638 = SURFACE_CURVE('',#8639,(#8643,#8650),.PCURVE_S1.);
#8639 = LINE('',#8640,#8641);
#8640 = CARTESIAN_POINT('',(-10.,22.00161300899,0.81322601798));
#8641 = VECTOR('',#8642,1.);
#8642 = DIRECTION('',(-0.,0.894427191,-0.4472135955));
#8643 = PCURVE('',#8133,#8644);
#8644 = DEFINITIONAL_REPRESENTATION('',(#8645),#8649);
#8645 = LINE('',#8646,#8647);
#8646 = CARTESIAN_POINT('',(1.570796326795,0.));
#8647 = VECTOR('',#8648,1.);
#8648 = DIRECTION('',(0.,1.));
#8649 = ( GEOMETRIC_REPRESENTATION_CONTEXT(2) 
PARAMETRIC_REPRESENTATION_CONTEXT() REPRESENTATION_CONTEXT('2D SPACE',''
  ) );
#8650 = PCURVE('',#8462,#8651);
#8651 = DEFINITIONAL_REPRESENTATION('',(#8652),#8656);
#8652 = LINE('',#8653,#8654);
#8653 = CARTESIAN_POINT('',(1.29838699101,-8.36322601798));
#8654 = VECTOR('',#8655,1.);
#8655 = DIRECTION('',(-0.894427191,0.4472135955));
#8656 = ( GEOMETRIC_REPRESENTATION_CONTEXT(2) 
PARAMETRIC_REPRESENTATION_CONTEXT() REPRESENTATION_CONTEXT('2D SPACE',''
  ) );
#8657 = ORIENTED_EDGE('',*,*,#8658,.F.);
#8658 = EDGE_CURVE('',#8118,#8636,#8659,.T.);
#8659 = SURFACE_CURVE('',#8660,(#8665,#8671),.PCURVE_S1.);
#8660 = CIRCLE('',#8661,0.22);
#8661 = AXIS2_PLACEMENT_3D('',#8662,#8663,#8664);
#8662 = CARTESIAN_POINT('',(-10.22,22.55,0.539032522475));
#8663 = DIRECTION('',(-0.,0.894427191,-0.4472135955));
#8664 = DIRECTION('',(0.,0.4472135955,0.894427191));
#8665 = PCURVE('',#8133,#8666);
#8666 = DEFINITIONAL_REPRESENTATION('',(#8667),#8670);
#8667 = B_SPLINE_CURVE_WITH_KNOTS('',1,(#8668,#8669),.UNSPECIFIED.,.F.,
  .F.,(2,2),(0.,1.570796326795),.PIECEWISE_BEZIER_KNOTS.);
#8668 = CARTESIAN_POINT('',(0.,0.613115294937));
#8669 = CARTESIAN_POINT('',(1.570796326795,0.613115294937));
#8670 = ( GEOMETRIC_REPRESENTATION_CONTEXT(2) 
PARAMETRIC_REPRESENTATION_CONTEXT() REPRESENTATION_CONTEXT('2D SPACE',''
  ) );
#8671 = PCURVE('',#8173,#8672);
#8672 = DEFINITIONAL_REPRESENTATION('',(#8673),#8680);
#8673 = B_SPLINE_CURVE_WITH_KNOTS('',5,(#8674,#8675,#8676,#8677,#8678,
    #8679),.UNSPECIFIED.,.F.,.F.,(6,6),(0.,1.570796326795),
  .PIECEWISE_BEZIER_KNOTS.);
#8674 = CARTESIAN_POINT('',(-1.110223024625E-16,5.42702553498));
#8675 = CARTESIAN_POINT('',(0.252875423819,5.42702553498));
#8676 = CARTESIAN_POINT('',(0.464775841999,5.42702553498));
#8677 = CARTESIAN_POINT('',(0.673561884666,5.42702553498));
#8678 = CARTESIAN_POINT('',(0.885463926277,5.42702553498));
#8679 = CARTESIAN_POINT('',(1.138339350096,5.42702553498));
#8680 = ( GEOMETRIC_REPRESENTATION_CONTEXT(2) 
PARAMETRIC_REPRESENTATION_CONTEXT() REPRESENTATION_CONTEXT('2D SPACE',''
  ) );
#8681 = ORIENTED_EDGE('',*,*,#8117,.F.);
#8682 = ADVANCED_FACE('',(#8683),#8264,.T.);
#8683 = FACE_BOUND('',#8684,.T.);
#8684 = EDGE_LOOP('',(#8685,#8739,#8777,#8778));
#8685 = ORIENTED_EDGE('',*,*,#8686,.T.);
#8686 = EDGE_CURVE('',#8209,#8687,#8689,.T.);
#8687 = VERTEX_POINT('',#8688);
#8688 = CARTESIAN_POINT('',(-11.28867032017,23.3,0.274032522475));
#8689 = SURFACE_CURVE('',#8690,(#8695,#8733),.PCURVE_S1.);
#8690 = CIRCLE('',#8691,0.22);
#8691 = AXIS2_PLACEMENT_3D('',#8692,#8693,#8694);
#8692 = CARTESIAN_POINT('',(-11.28867032017,23.08,0.274032522475));
#8693 = DIRECTION('',(-1.,0.,-0.));
#8694 = DIRECTION('',(-0.,0.4472135955,0.894427191));
#8695 = PCURVE('',#8264,#8696);
#8696 = DEFINITIONAL_REPRESENTATION('',(#8697),#8732);
#8697 = B_SPLINE_CURVE_WITH_KNOTS('',9,(#8698,#8699,#8700,#8701,#8702,
    #8703,#8704,#8705,#8706,#8707,#8708,#8709,#8710,#8711,#8712,#8713,
    #8714,#8715,#8716,#8717,#8718,#8719,#8720,#8721,#8722,#8723,#8724,
    #8725,#8726,#8727,#8728,#8729,#8730,#8731),.UNSPECIFIED.,.F.,.F.,(10
    ,8,8,8,10),(0.,0.276787179449,0.553574358897,0.830361538346,
    1.107148717794),.UNSPECIFIED.);
#8698 = CARTESIAN_POINT('',(-1.110223024625E-16,7.104035205254));
#8699 = CARTESIAN_POINT('',(3.207797243281E-02,7.104035205254));
#8700 = CARTESIAN_POINT('',(6.384129422476E-02,7.104035205254));
#8701 = CARTESIAN_POINT('',(9.531667534013E-02,7.104035205255));
#8702 = CARTESIAN_POINT('',(0.126523537438,7.104035205254));
#8703 = CARTESIAN_POINT('',(0.157508654992,7.104035205255));
#8704 = CARTESIAN_POINT('',(0.188261667943,7.104035205254));
#8705 = CARTESIAN_POINT('',(0.218838462956,7.104035205254));
#8706 = CARTESIAN_POINT('',(0.249241952343,7.104035205255));
#8707 = CARTESIAN_POINT('',(0.309758274906,7.104035205254));
#8708 = CARTESIAN_POINT('',(0.339870562225,7.104035205255));
#8709 = CARTESIAN_POINT('',(0.369858038965,7.104035205253));
#8710 = CARTESIAN_POINT('',(0.399746500814,7.104035205257));
#8711 = CARTESIAN_POINT('',(0.429551595126,7.104035205253));
#8712 = CARTESIAN_POINT('',(0.459292999121,7.104035205255));
#8713 = CARTESIAN_POINT('',(0.488996081476,7.104035205254));
#8714 = CARTESIAN_POINT('',(0.518678889034,7.104035205254));
#8715 = CARTESIAN_POINT('',(0.578044545896,7.104035205255));
#8716 = CARTESIAN_POINT('',(0.607727353454,7.104035205254));
#8717 = CARTESIAN_POINT('',(0.637430435809,7.104035205256));
#8718 = CARTESIAN_POINT('',(0.667171839803,7.104035205253));
#8719 = CARTESIAN_POINT('',(0.696976934116,7.104035205256));
#8720 = CARTESIAN_POINT('',(0.726865395965,7.104035205254));
#8721 = CARTESIAN_POINT('',(0.756852872705,7.104035205255));
#8722 = CARTESIAN_POINT('',(0.786965160024,7.104035205254));
#8723 = CARTESIAN_POINT('',(0.847481482587,7.104035205254));
#8724 = CARTESIAN_POINT('',(0.877884971974,7.104035205254));
#8725 = CARTESIAN_POINT('',(0.908461766986,7.104035205255));
#8726 = CARTESIAN_POINT('',(0.939214779938,7.104035205254));
#8727 = CARTESIAN_POINT('',(0.970199897492,7.104035205255));
#8728 = CARTESIAN_POINT('',(1.00140675959,7.104035205254));
#8729 = CARTESIAN_POINT('',(1.032882140705,7.104035205254));
#8730 = CARTESIAN_POINT('',(1.064645462497,7.104035205254));
#8731 = CARTESIAN_POINT('',(1.09672343493,7.104035205254));
#8732 = ( GEOMETRIC_REPRESENTATION_CONTEXT(2) 
PARAMETRIC_REPRESENTATION_CONTEXT() REPRESENTATION_CONTEXT('2D SPACE',''
  ) );
#8733 = PCURVE('',#8224,#8734);
#8734 = DEFINITIONAL_REPRESENTATION('',(#8735),#8738);
#8735 = B_SPLINE_CURVE_WITH_KNOTS('',1,(#8736,#8737),.UNSPECIFIED.,.F.,
  .F.,(2,2),(0.,1.107148717794),.PIECEWISE_BEZIER_KNOTS.);
#8736 = CARTESIAN_POINT('',(0.,0.538670320179));
#8737 = CARTESIAN_POINT('',(1.107148717794,0.538670320179));
#8738 = ( GEOMETRIC_REPRESENTATION_CONTEXT(2) 
PARAMETRIC_REPRESENTATION_CONTEXT() REPRESENTATION_CONTEXT('2D SPACE',''
  ) );
#8739 = ORIENTED_EDGE('',*,*,#8740,.T.);
#8740 = EDGE_CURVE('',#8687,#8586,#8741,.T.);
#8741 = SURFACE_CURVE('',#8742,(#8752,#8759),.PCURVE_S1.);
#8742 = ( BOUNDED_CURVE() B_SPLINE_CURVE(8,(#8743,#8744,#8745,#8746,
    #8747,#8748,#8749,#8750,#8751),.UNSPECIFIED.,.F.,.F.) 
B_SPLINE_CURVE_WITH_KNOTS((9,9),(7.104035205254,8.200758640184),
.PIECEWISE_BEZIER_KNOTS.) CURVE() GEOMETRIC_REPRESENTATION_ITEM() 
RATIONAL_B_SPLINE_CURVE((1.,1.,1.,1.,1.,1.,1.,1.,1.)) 
REPRESENTATION_ITEM('') );
#8743 = CARTESIAN_POINT('',(-11.28867032017,23.3,0.274032522475));
#8744 = CARTESIAN_POINT('',(-11.43063959627,23.3,0.274032522475));
#8745 = CARTESIAN_POINT('',(-11.5769857018,23.269306403508,
    0.284932293629));
#8746 = CARTESIAN_POINT('',(-11.71840956231,23.204465306261,
    0.307946151657));
#8747 = CARTESIAN_POINT('',(-11.84073711219,23.106704881077,0.3434662496
    ));
#8748 = CARTESIAN_POINT('',(-11.93214563931,22.98694418403,0.3849253965)
  );
#8749 = CARTESIAN_POINT('',(-11.99417105628,22.860247800501,
    0.42943187934));
#8750 = CARTESIAN_POINT('',(-12.03031829738,22.727545433089,
    0.476300386039));
#8751 = CARTESIAN_POINT('',(-12.03762066567,22.589665854045,
    0.525017264088));
#8752 = PCURVE('',#8264,#8753);
#8753 = DEFINITIONAL_REPRESENTATION('',(#8754),#8758);
#8754 = LINE('',#8755,#8756);
#8755 = CARTESIAN_POINT('',(1.09672343493,0.));
#8756 = VECTOR('',#8757,1.);
#8757 = DIRECTION('',(0.,1.));
#8758 = ( GEOMETRIC_REPRESENTATION_CONTEXT(2) 
PARAMETRIC_REPRESENTATION_CONTEXT() REPRESENTATION_CONTEXT('2D SPACE',''
  ) );
#8759 = PCURVE('',#8760,#8765);
#8760 = CYLINDRICAL_SURFACE('',#8761,0.75);
#8761 = AXIS2_PLACEMENT_3D('',#8762,#8763,#8764);
#8762 = CARTESIAN_POINT('',(-11.28867032017,22.55,-7.55));
#8763 = DIRECTION('',(0.,0.,1.));
#8764 = DIRECTION('',(-0.998600460665,5.288780539399E-02,0.));
#8765 = DEFINITIONAL_REPRESENTATION('',(#8766),#8776);
#8766 = B_SPLINE_CURVE_WITH_KNOTS('',8,(#8767,#8768,#8769,#8770,#8771,
    #8772,#8773,#8774,#8775),.UNSPECIFIED.,.F.,.F.,(9,9),(7.104035205254
    ,8.200758640184),.PIECEWISE_BEZIER_KNOTS.);
#8767 = CARTESIAN_POINT('',(-1.517883834726,7.824032522475));
#8768 = CARTESIAN_POINT('',(-1.328591466598,7.824032522475));
#8769 = CARTESIAN_POINT('',(-1.133490033122,7.834932403093));
#8770 = CARTESIAN_POINT('',(-0.934437290698,7.857945343891));
#8771 = CARTESIAN_POINT('',(-0.738061752533,7.893467954467));
#8772 = CARTESIAN_POINT('',(-0.545948806358,7.934923821508));
#8773 = CARTESIAN_POINT('',(-0.36332752706,7.979432466296));
#8774 = CARTESIAN_POINT('',(-0.184097089843,8.026300386039));
#8775 = CARTESIAN_POINT('',(7.771561172376E-15,8.075017264088));
#8776 = ( GEOMETRIC_REPRESENTATION_CONTEXT(2) 
PARAMETRIC_REPRESENTATION_CONTEXT() REPRESENTATION_CONTEXT('2D SPACE',''
  ) );
#8777 = ORIENTED_EDGE('',*,*,#8585,.F.);
#8778 = ORIENTED_EDGE('',*,*,#8236,.F.);
#8779 = ADVANCED_FACE('',(#8780),#8173,.T.);
#8780 = FACE_BOUND('',#8781,.T.);
#8781 = EDGE_LOOP('',(#8782,#8783,#8823,#8848));
#8782 = ORIENTED_EDGE('',*,*,#8658,.T.);
#8783 = ORIENTED_EDGE('',*,*,#8784,.T.);
#8784 = EDGE_CURVE('',#8636,#8785,#8787,.T.);
#8785 = VERTEX_POINT('',#8786);
#8786 = CARTESIAN_POINT('',(-10.75,23.3,0.274032522475));
#8787 = SURFACE_CURVE('',#8788,(#8798,#8805),.PCURVE_S1.);
#8788 = ( BOUNDED_CURVE() B_SPLINE_CURVE(8,(#8789,#8790,#8791,#8792,
    #8793,#8794,#8795,#8796,#8797),.UNSPECIFIED.,.F.,.F.) 
B_SPLINE_CURVE_WITH_KNOTS((9,9),(5.42702553498,6.565364885076),
.PIECEWISE_BEZIER_KNOTS.) CURVE() GEOMETRIC_REPRESENTATION_ITEM() 
RATIONAL_B_SPLINE_CURVE((1.,1.,1.,1.,1.,1.,1.,1.,1.)) 
REPRESENTATION_ITEM('') );
#8789 = CARTESIAN_POINT('',(-10.,22.55,0.539032522475));
#8790 = CARTESIAN_POINT('',(-10.,22.692098900019,0.488824288516));
#8791 = CARTESIAN_POINT('',(-10.03080488932,22.830488309595,
    0.439931311534));
#8792 = CARTESIAN_POINT('',(-10.08930526606,22.964133262208,
    0.392948303609));
#8793 = CARTESIAN_POINT('',(-10.17985562357,23.092172198929,
    0.348711164512));
#8794 = CARTESIAN_POINT('',(-10.30482652879,23.197293361981,
    0.310458749843));
#8795 = CARTESIAN_POINT('',(-10.4510995075,23.267027057795,
    0.285737212155));
#8796 = CARTESIAN_POINT('',(-10.60284159988,23.3,0.274032522475));
#8797 = CARTESIAN_POINT('',(-10.75,23.3,0.274032522475));
#8798 = PCURVE('',#8173,#8799);
#8799 = DEFINITIONAL_REPRESENTATION('',(#8800),#8804);
#8800 = LINE('',#8801,#8802);
#8801 = CARTESIAN_POINT('',(1.138339350096,0.));
#8802 = VECTOR('',#8803,1.);
#8803 = DIRECTION('',(0.,1.));
#8804 = ( GEOMETRIC_REPRESENTATION_CONTEXT(2) 
PARAMETRIC_REPRESENTATION_CONTEXT() REPRESENTATION_CONTEXT('2D SPACE',''
  ) );
#8805 = PCURVE('',#8806,#8811);
#8806 = CYLINDRICAL_SURFACE('',#8807,0.75);
#8807 = AXIS2_PLACEMENT_3D('',#8808,#8809,#8810);
#8808 = CARTESIAN_POINT('',(-10.75,22.55,-7.55));
#8809 = DIRECTION('',(0.,0.,1.));
#8810 = DIRECTION('',(-0.,1.,0.));
#8811 = DEFINITIONAL_REPRESENTATION('',(#8812),#8822);
#8812 = B_SPLINE_CURVE_WITH_KNOTS('',8,(#8813,#8814,#8815,#8816,#8817,
    #8818,#8819,#8820,#8821),.UNSPECIFIED.,.F.,.F.,(9,9),(5.42702553498,
    6.565364885076),.PIECEWISE_BEZIER_KNOTS.);
#8813 = CARTESIAN_POINT('',(-1.570796326795,8.089032522475));
#8814 = CARTESIAN_POINT('',(-1.38133112677,8.038824288516));
#8815 = CARTESIAN_POINT('',(-1.196819418101,7.989932207507));
#8816 = CARTESIAN_POINT('',(-1.008213064632,7.942945819817));
#8817 = CARTESIAN_POINT('',(-0.808902904261,7.898713992357));
#8818 = CARTESIAN_POINT('',(-0.605231247271,7.860457273942));
#8819 = CARTESIAN_POINT('',(-0.398500446768,7.835737480382));
#8820 = CARTESIAN_POINT('',(-0.196211200157,7.824032522475));
#8821 = CARTESIAN_POINT('',(-4.440892098501E-15,7.824032522475));
#8822 = ( GEOMETRIC_REPRESENTATION_CONTEXT(2) 
PARAMETRIC_REPRESENTATION_CONTEXT() REPRESENTATION_CONTEXT('2D SPACE',''
  ) );
#8823 = ORIENTED_EDGE('',*,*,#8824,.F.);
#8824 = EDGE_CURVE('',#8146,#8785,#8825,.T.);
#8825 = SURFACE_CURVE('',#8826,(#8830,#8836),.PCURVE_S1.);
#8826 = ( BOUNDED_CURVE() B_SPLINE_CURVE(2,(#8827,#8828,#8829),
.UNSPECIFIED.,.F.,.F.) B_SPLINE_CURVE_WITH_KNOTS((3,3),(0.,
1.138339350096),.PIECEWISE_BEZIER_KNOTS.) CURVE() 
GEOMETRIC_REPRESENTATION_ITEM() RATIONAL_B_SPLINE_CURVE((1.,
0.850650808352,1.)) REPRESENTATION_ITEM('') );
#8827 = CARTESIAN_POINT('',(-10.75,23.17838699101,0.470806504495));
#8828 = CARTESIAN_POINT('',(-10.75,23.3,0.41));
#8829 = CARTESIAN_POINT('',(-10.75,23.3,0.274032522475));
#8830 = PCURVE('',#8173,#8831);
#8831 = DEFINITIONAL_REPRESENTATION('',(#8832),#8835);
#8832 = B_SPLINE_CURVE_WITH_KNOTS('',1,(#8833,#8834),.UNSPECIFIED.,.F.,
  .F.,(2,2),(0.,1.138339350096),.PIECEWISE_BEZIER_KNOTS.);
#8833 = CARTESIAN_POINT('',(0.,6.565364885076));
#8834 = CARTESIAN_POINT('',(1.138339350096,6.565364885076));
#8835 = ( GEOMETRIC_REPRESENTATION_CONTEXT(2) 
PARAMETRIC_REPRESENTATION_CONTEXT() REPRESENTATION_CONTEXT('2D SPACE',''
  ) );
#8836 = PCURVE('',#8224,#8837);
#8837 = DEFINITIONAL_REPRESENTATION('',(#8838),#8847);
#8838 = B_SPLINE_CURVE_WITH_KNOTS('',7,(#8839,#8840,#8841,#8842,#8843,
    #8844,#8845,#8846),.UNSPECIFIED.,.F.,.F.,(8,8),(0.,1.138339350096),
  .PIECEWISE_BEZIER_KNOTS.);
#8839 = CARTESIAN_POINT('',(3.330669073875E-16,0.));
#8840 = CARTESIAN_POINT('',(0.150208889177,0.));
#8841 = CARTESIAN_POINT('',(0.307896460783,0.));
#8842 = CARTESIAN_POINT('',(0.470957493901,0.));
#8843 = CARTESIAN_POINT('',(0.636191223893,0.));
#8844 = CARTESIAN_POINT('',(0.799252257011,0.));
#8845 = CARTESIAN_POINT('',(0.956939828617,0.));
#8846 = CARTESIAN_POINT('',(1.107148717794,0.));
#8847 = ( GEOMETRIC_REPRESENTATION_CONTEXT(2) 
PARAMETRIC_REPRESENTATION_CONTEXT() REPRESENTATION_CONTEXT('2D SPACE',''
  ) );
#8848 = ORIENTED_EDGE('',*,*,#8145,.F.);
#8849 = ADVANCED_FACE('',(#8850),#8224,.T.);
#8850 = FACE_BOUND('',#8851,.T.);
#8851 = EDGE_LOOP('',(#8852,#8853,#8879,#8880));
#8852 = ORIENTED_EDGE('',*,*,#8824,.T.);
#8853 = ORIENTED_EDGE('',*,*,#8854,.T.);
#8854 = EDGE_CURVE('',#8785,#8687,#8855,.T.);
#8855 = SURFACE_CURVE('',#8856,(#8860,#8867),.PCURVE_S1.);
#8856 = LINE('',#8857,#8858);
#8857 = CARTESIAN_POINT('',(-10.75,23.3,0.274032522475));
#8858 = VECTOR('',#8859,1.);
#8859 = DIRECTION('',(-1.,-0.,-0.));
#8860 = PCURVE('',#8224,#8861);
#8861 = DEFINITIONAL_REPRESENTATION('',(#8862),#8866);
#8862 = LINE('',#8863,#8864);
#8863 = CARTESIAN_POINT('',(1.107148717794,0.));
#8864 = VECTOR('',#8865,1.);
#8865 = DIRECTION('',(0.,1.));
#8866 = ( GEOMETRIC_REPRESENTATION_CONTEXT(2) 
PARAMETRIC_REPRESENTATION_CONTEXT() REPRESENTATION_CONTEXT('2D SPACE',''
  ) );
#8867 = PCURVE('',#8868,#8873);
#8868 = PLANE('',#8869);
#8869 = AXIS2_PLACEMENT_3D('',#8870,#8871,#8872);
#8870 = CARTESIAN_POINT('',(-30.,23.3,0.41));
#8871 = DIRECTION('',(-0.,1.,0.));
#8872 = DIRECTION('',(0.,0.,-1.));
#8873 = DEFINITIONAL_REPRESENTATION('',(#8874),#8878);
#8874 = LINE('',#8875,#8876);
#8875 = CARTESIAN_POINT('',(0.135967477525,-19.25));
#8876 = VECTOR('',#8877,1.);
#8877 = DIRECTION('',(0.,1.));
#8878 = ( GEOMETRIC_REPRESENTATION_CONTEXT(2) 
PARAMETRIC_REPRESENTATION_CONTEXT() REPRESENTATION_CONTEXT('2D SPACE',''
  ) );
#8879 = ORIENTED_EDGE('',*,*,#8686,.F.);
#8880 = ORIENTED_EDGE('',*,*,#8208,.F.);
#8881 = ADVANCED_FACE('',(#8882,#9019),#8368,.T.);
#8882 = FACE_BOUND('',#8883,.T.);
#8883 = EDGE_LOOP('',(#8884,#8907,#8935,#8963,#8995,#9016,#9017,#9018));
#8884 = ORIENTED_EDGE('',*,*,#8885,.F.);
#8885 = EDGE_CURVE('',#8886,#8586,#8888,.T.);
#8886 = VERTEX_POINT('',#8887);
#8887 = CARTESIAN_POINT('',(-12.03762066567,22.589665854045,
    -5.615017254046));
#8888 = SURFACE_CURVE('',#8889,(#8893,#8900),.PCURVE_S1.);
#8889 = LINE('',#8890,#8891);
#8890 = CARTESIAN_POINT('',(-12.03762066567,22.589665854045,-7.55));
#8891 = VECTOR('',#8892,1.);
#8892 = DIRECTION('',(0.,0.,1.));
#8893 = PCURVE('',#8368,#8894);
#8894 = DEFINITIONAL_REPRESENTATION('',(#8895),#8899);
#8895 = LINE('',#8896,#8897);
#8896 = CARTESIAN_POINT('',(4.961055433631,0.));
#8897 = VECTOR('',#8898,1.);
#8898 = DIRECTION('',(0.,-1.));
#8899 = ( GEOMETRIC_REPRESENTATION_CONTEXT(2) 
PARAMETRIC_REPRESENTATION_CONTEXT() REPRESENTATION_CONTEXT('2D SPACE',''
  ) );
#8900 = PCURVE('',#8760,#8901);
#8901 = DEFINITIONAL_REPRESENTATION('',(#8902),#8906);
#8902 = LINE('',#8903,#8904);
#8903 = CARTESIAN_POINT('',(-0.,0.));
#8904 = VECTOR('',#8905,1.);
#8905 = DIRECTION('',(-0.,1.));
#8906 = ( GEOMETRIC_REPRESENTATION_CONTEXT(2) 
PARAMETRIC_REPRESENTATION_CONTEXT() REPRESENTATION_CONTEXT('2D SPACE',''
  ) );
#8907 = ORIENTED_EDGE('',*,*,#8908,.F.);
#8908 = EDGE_CURVE('',#8909,#8886,#8911,.T.);
#8909 = VERTEX_POINT('',#8910);
#8910 = CARTESIAN_POINT('',(-12.05533085504,22.255271126839,
    -5.782214617649));
#8911 = SURFACE_CURVE('',#8912,(#8916,#8923),.PCURVE_S1.);
#8912 = LINE('',#8913,#8914);
#8913 = CARTESIAN_POINT('',(-12.05803805594,22.204155145657,
    -5.80777260824));
#8914 = VECTOR('',#8915,1.);
#8915 = DIRECTION('',(4.731752834854E-02,0.89342534171,0.446712670855));
#8916 = PCURVE('',#8368,#8917);
#8917 = DEFINITIONAL_REPRESENTATION('',(#8918),#8922);
#8918 = LINE('',#8919,#8920);
#8919 = CARTESIAN_POINT('',(4.57500443168,-1.74222739176));
#8920 = VECTOR('',#8921,1.);
#8921 = DIRECTION('',(0.894677478032,-0.446712670855));
#8922 = ( GEOMETRIC_REPRESENTATION_CONTEXT(2) 
PARAMETRIC_REPRESENTATION_CONTEXT() REPRESENTATION_CONTEXT('2D SPACE',''
  ) );
#8923 = PCURVE('',#8924,#8929);
#8924 = CYLINDRICAL_SURFACE('',#8925,0.22);
#8925 = AXIS2_PLACEMENT_3D('',#8926,#8927,#8928);
#8926 = CARTESIAN_POINT('',(-11.83834595459,22.19251982847,
    -5.80777260824));
#8927 = DIRECTION('',(4.731752834854E-02,0.89342534171,0.446712670855));
#8928 = DIRECTION('',(-0.998600460665,5.288780539399E-02,0.));
#8929 = DEFINITIONAL_REPRESENTATION('',(#8930),#8934);
#8930 = LINE('',#8931,#8932);
#8931 = CARTESIAN_POINT('',(-0.,0.));
#8932 = VECTOR('',#8933,1.);
#8933 = DIRECTION('',(-0.,1.));
#8934 = ( GEOMETRIC_REPRESENTATION_CONTEXT(2) 
PARAMETRIC_REPRESENTATION_CONTEXT() REPRESENTATION_CONTEXT('2D SPACE',''
  ) );
#8935 = ORIENTED_EDGE('',*,*,#8936,.F.);
#8936 = EDGE_CURVE('',#8937,#8909,#8939,.T.);
#8937 = VERTEX_POINT('',#8938);
#8938 = CARTESIAN_POINT('',(-12.29998814336,17.635777483617,
    -5.980287154434));
#8939 = SURFACE_CURVE('',#8940,(#8944,#8951),.PCURVE_S1.);
#8940 = LINE('',#8941,#8942);
#8941 = CARTESIAN_POINT('',(-12.30049661312,17.626176817935,
    -5.980698807389));
#8942 = VECTOR('',#8943,1.);
#8943 = DIRECTION('',(5.283939125661E-02,0.997686329713,
    4.277833838614E-02));
#8944 = PCURVE('',#8368,#8945);
#8945 = DEFINITIONAL_REPRESENTATION('',(#8946),#8950);
#8946 = LINE('',#8947,#8948);
#8947 = CARTESIAN_POINT('',(-9.389936287377E-03,-1.569301192611));
#8948 = VECTOR('',#8949,1.);
#8949 = DIRECTION('',(0.999084587893,-4.277833838614E-02));
#8950 = ( GEOMETRIC_REPRESENTATION_CONTEXT(2) 
PARAMETRIC_REPRESENTATION_CONTEXT() REPRESENTATION_CONTEXT('2D SPACE',''
  ) );
#8951 = PCURVE('',#8952,#8957);
#8952 = CYLINDRICAL_SURFACE('',#8953,0.22);
#8953 = AXIS2_PLACEMENT_3D('',#8954,#8955,#8956);
#8954 = CARTESIAN_POINT('',(-12.08080451177,17.614541500748,
    -5.980698807389));
#8955 = DIRECTION('',(5.283939125661E-02,0.997686329713,
    4.277833838614E-02));
#8956 = DIRECTION('',(-0.998600460665,5.288780539399E-02,0.));
#8957 = DEFINITIONAL_REPRESENTATION('',(#8958),#8962);
#8958 = LINE('',#8959,#8960);
#8959 = CARTESIAN_POINT('',(-0.,0.));
#8960 = VECTOR('',#8961,1.);
#8961 = DIRECTION('',(-0.,1.));
#8962 = ( GEOMETRIC_REPRESENTATION_CONTEXT(2) 
PARAMETRIC_REPRESENTATION_CONTEXT() REPRESENTATION_CONTEXT('2D SPACE',''
  ) );
#8963 = ORIENTED_EDGE('',*,*,#8964,.T.);
#8964 = EDGE_CURVE('',#8937,#8965,#8967,.T.);
#8965 = VERTEX_POINT('',#8966);
#8966 = CARTESIAN_POINT('',(-12.3,17.635553612637,-5.970364800226));
#8967 = SURFACE_CURVE('',#8968,(#8973,#8980),.PCURVE_S1.);
#8968 = ELLIPSE('',#8969,0.220308330174,0.22);
#8969 = AXIS2_PLACEMENT_3D('',#8970,#8971,#8972);
#8970 = CARTESIAN_POINT('',(-12.2883483759,17.855553612637,
    -5.970364800226));
#8971 = DIRECTION('',(-0.998600460665,5.288780539399E-02,0.));
#8972 = DIRECTION('',(5.288780539399E-02,0.998600460665,0.));
#8973 = PCURVE('',#8368,#8974);
#8974 = DEFINITIONAL_REPRESENTATION('',(#8975),#8979);
#8975 = ELLIPSE('',#8976,0.220308330174,0.22);
#8976 = AXIS2_PLACEMENT_2D('',#8977,#8978);
#8977 = CARTESIAN_POINT('',(0.220308330174,-1.579635199774));
#8978 = DIRECTION('',(1.,0.));
#8979 = ( GEOMETRIC_REPRESENTATION_CONTEXT(2) 
PARAMETRIC_REPRESENTATION_CONTEXT() REPRESENTATION_CONTEXT('2D SPACE',''
  ) );
#8980 = PCURVE('',#8981,#8986);
#8981 = CYLINDRICAL_SURFACE('',#8982,0.22);
#8982 = AXIS2_PLACEMENT_3D('',#8983,#8984,#8985);
#8983 = CARTESIAN_POINT('',(-12.3,17.855553612637,-5.970364800226));
#8984 = DIRECTION('',(1.,0.,0.));
#8985 = DIRECTION('',(0.,-1.,0.));
#8986 = DEFINITIONAL_REPRESENTATION('',(#8987),#8994);
#8987 = B_SPLINE_CURVE_WITH_KNOTS('',5,(#8988,#8989,#8990,#8991,#8992,
    #8993),.UNSPECIFIED.,.F.,.F.,(6,6),(3.096475738926,3.14159265359),
  .PIECEWISE_BEZIER_KNOTS.);
#8988 = CARTESIAN_POINT('',(4.511691466417E-02,1.185663866288E-05));
#8989 = CARTESIAN_POINT('',(3.609353173133E-02,7.11478771252E-06));
#8990 = CARTESIAN_POINT('',(2.707014879849E-02,3.557595031397E-06));
#8991 = CARTESIAN_POINT('',(1.804676586567E-02,1.185865011103E-06));
#8992 = CARTESIAN_POINT('',(9.023382932833E-03,1.287557713239E-20));
#8993 = CARTESIAN_POINT('',(0.,0.));
#8994 = ( GEOMETRIC_REPRESENTATION_CONTEXT(2) 
PARAMETRIC_REPRESENTATION_CONTEXT() REPRESENTATION_CONTEXT('2D SPACE',''
  ) );
#8995 = ORIENTED_EDGE('',*,*,#8996,.T.);
#8996 = EDGE_CURVE('',#8965,#8502,#8997,.T.);
#8997 = SURFACE_CURVE('',#8998,(#9002,#9009),.PCURVE_S1.);
#8998 = LINE('',#8999,#9000);
#8999 = CARTESIAN_POINT('',(-12.3,17.635553612637,-7.55));
#9000 = VECTOR('',#9001,1.);
#9001 = DIRECTION('',(0.,0.,1.));
#9002 = PCURVE('',#8368,#9003);
#9003 = DEFINITIONAL_REPRESENTATION('',(#9004),#9008);
#9004 = LINE('',#9005,#9006);
#9005 = CARTESIAN_POINT('',(0.,0.));
#9006 = VECTOR('',#9007,1.);
#9007 = DIRECTION('',(0.,-1.));
#9008 = ( GEOMETRIC_REPRESENTATION_CONTEXT(2) 
PARAMETRIC_REPRESENTATION_CONTEXT() REPRESENTATION_CONTEXT('2D SPACE',''
  ) );
#9009 = PCURVE('',#8548,#9010);
#9010 = DEFINITIONAL_REPRESENTATION('',(#9011),#9015);
#9011 = LINE('',#9012,#9013);
#9012 = CARTESIAN_POINT('',(-1.35,-17.7));
#9013 = VECTOR('',#9014,1.);
#9014 = DIRECTION('',(1.,0.));
#9015 = ( GEOMETRIC_REPRESENTATION_CONTEXT(2) 
PARAMETRIC_REPRESENTATION_CONTEXT() REPRESENTATION_CONTEXT('2D SPACE',''
  ) );
#9016 = ORIENTED_EDGE('',*,*,#8501,.F.);
#9017 = ORIENTED_EDGE('',*,*,#8352,.F.);
#9018 = ORIENTED_EDGE('',*,*,#8608,.F.);
#9019 = FACE_BOUND('',#9020,.T.);
#9020 = EDGE_LOOP('',(#9021));
#9021 = ORIENTED_EDGE('',*,*,#9022,.F.);
#9022 = EDGE_CURVE('',#9023,#9023,#9025,.T.);
#9023 = VERTEX_POINT('',#9024);
#9024 = CARTESIAN_POINT('',(-12.07547074696,21.875,-4.3));
#9025 = SURFACE_CURVE('',#9026,(#9031,#9038),.PCURVE_S1.);
#9026 = ELLIPSE('',#9027,0.525735787915,0.525);
#9027 = AXIS2_PLACEMENT_3D('',#9028,#9029,#9030);
#9028 = CARTESIAN_POINT('',(-12.103275759,21.35,-4.3));
#9029 = DIRECTION('',(-0.998600460665,5.288780539399E-02,0.));
#9030 = DIRECTION('',(-5.288780539399E-02,-0.998600460665,0.));
#9031 = PCURVE('',#8368,#9032);
#9032 = DEFINITIONAL_REPRESENTATION('',(#9033),#9037);
#9033 = ELLIPSE('',#9034,0.525735787915,0.525);
#9034 = AXIS2_PLACEMENT_2D('',#9035,#9036);
#9035 = CARTESIAN_POINT('',(3.719652186911,-3.25));
#9036 = DIRECTION('',(-1.,-0.));
#9037 = ( GEOMETRIC_REPRESENTATION_CONTEXT(2) 
PARAMETRIC_REPRESENTATION_CONTEXT() REPRESENTATION_CONTEXT('2D SPACE',''
  ) );
#9038 = PCURVE('',#9039,#9044);
#9039 = CYLINDRICAL_SURFACE('',#9040,0.525);
#9040 = AXIS2_PLACEMENT_3D('',#9041,#9042,#9043);
#9041 = CARTESIAN_POINT('',(-15.,21.35,-4.3));
#9042 = DIRECTION('',(-1.,-0.,-0.));
#9043 = DIRECTION('',(0.,1.,0.));
#9044 = DEFINITIONAL_REPRESENTATION('',(#9045),#9060);
#9045 = B_SPLINE_CURVE_WITH_KNOTS('',7,(#9046,#9047,#9048,#9049,#9050,
    #9051,#9052,#9053,#9054,#9055,#9056,#9057,#9058,#9059),
  .UNSPECIFIED.,.F.,.F.,(8,6,8),(3.14159265359,6.28318530718,
    9.424777960769),.UNSPECIFIED.);
#9046 = CARTESIAN_POINT('',(-6.28318530718,-2.924529253035));
#9047 = CARTESIAN_POINT('',(-5.834386356667,-2.924529253035));
#9048 = CARTESIAN_POINT('',(-5.385587406154,-2.917994237673));
#9049 = CARTESIAN_POINT('',(-4.936788455641,-2.904936188719));
#9050 = CARTESIAN_POINT('',(-4.487989505128,-2.888512293271));
#9051 = CARTESIAN_POINT('',(-4.039190554616,-2.875454244316));
#9052 = CARTESIAN_POINT('',(-3.590391604103,-2.868919228955));
#9053 = CARTESIAN_POINT('',(-2.692793703077,-2.868919228955));
#9054 = CARTESIAN_POINT('',(-2.243994752564,-2.875454244317));
#9055 = CARTESIAN_POINT('',(-1.795195802053,-2.88851229327));
#9056 = CARTESIAN_POINT('',(-1.346396851538,-2.904936188719));
#9057 = CARTESIAN_POINT('',(-0.897597901026,-2.917994237673));
#9058 = CARTESIAN_POINT('',(-0.448798950513,-2.924529253035));
#9059 = CARTESIAN_POINT('',(-1.68753899743E-14,-2.924529253035));
#9060 = ( GEOMETRIC_REPRESENTATION_CONTEXT(2) 
PARAMETRIC_REPRESENTATION_CONTEXT() REPRESENTATION_CONTEXT('2D SPACE',''
  ) );
#9061 = ADVANCED_FACE('',(#9062,#9195),#8462,.T.);
#9062 = FACE_BOUND('',#9063,.T.);
#9063 = EDGE_LOOP('',(#9064,#9087,#9115,#9143,#9171,#9192,#9193,#9194));
#9064 = ORIENTED_EDGE('',*,*,#9065,.F.);
#9065 = EDGE_CURVE('',#9066,#8533,#9068,.T.);
#9066 = VERTEX_POINT('',#9067);
#9067 = CARTESIAN_POINT('',(-10.,17.635553612637,-5.970364800226));
#9068 = SURFACE_CURVE('',#9069,(#9073,#9080),.PCURVE_S1.);
#9069 = LINE('',#9070,#9071);
#9070 = CARTESIAN_POINT('',(-10.,17.635553612637,-7.55));
#9071 = VECTOR('',#9072,1.);
#9072 = DIRECTION('',(0.,0.,1.));
#9073 = PCURVE('',#8462,#9074);
#9074 = DEFINITIONAL_REPRESENTATION('',(#9075),#9079);
#9075 = LINE('',#9076,#9077);
#9076 = CARTESIAN_POINT('',(5.664446387363,0.));
#9077 = VECTOR('',#9078,1.);
#9078 = DIRECTION('',(0.,-1.));
#9079 = ( GEOMETRIC_REPRESENTATION_CONTEXT(2) 
PARAMETRIC_REPRESENTATION_CONTEXT() REPRESENTATION_CONTEXT('2D SPACE',''
  ) );
#9080 = PCURVE('',#8548,#9081);
#9081 = DEFINITIONAL_REPRESENTATION('',(#9082),#9086);
#9082 = LINE('',#9083,#9084);
#9083 = CARTESIAN_POINT('',(-1.35,-20.));
#9084 = VECTOR('',#9085,1.);
#9085 = DIRECTION('',(1.,0.));
#9086 = ( GEOMETRIC_REPRESENTATION_CONTEXT(2) 
PARAMETRIC_REPRESENTATION_CONTEXT() REPRESENTATION_CONTEXT('2D SPACE',''
  ) );
#9087 = ORIENTED_EDGE('',*,*,#9088,.F.);
#9088 = EDGE_CURVE('',#9089,#9066,#9091,.T.);
#9089 = VERTEX_POINT('',#9090);
#9090 = CARTESIAN_POINT('',(-10.,17.635755567417,-5.979789200335));
#9091 = SURFACE_CURVE('',#9092,(#9097,#9108),.PCURVE_S1.);
#9092 = CIRCLE('',#9093,0.22);
#9093 = AXIS2_PLACEMENT_3D('',#9094,#9095,#9096);
#9094 = CARTESIAN_POINT('',(-10.,17.855553612637,-5.970364800226));
#9095 = DIRECTION('',(-1.,0.,-0.));
#9096 = DIRECTION('',(-0.,0.,1.));
#9097 = PCURVE('',#8462,#9098);
#9098 = DEFINITIONAL_REPRESENTATION('',(#9099),#9107);
#9099 = ( BOUNDED_CURVE() B_SPLINE_CURVE(2,(#9100,#9101,#9102,#9103,
#9104,#9105,#9106),.UNSPECIFIED.,.T.,.F.) B_SPLINE_CURVE_WITH_KNOTS((1,2
    ,2,2,2,1),(-2.094395102393,0.,2.094395102393,4.188790204786,
6.28318530718,8.377580409573),.UNSPECIFIED.) CURVE() 
GEOMETRIC_REPRESENTATION_ITEM() RATIONAL_B_SPLINE_CURVE((1.,0.5,1.,0.5,
1.,0.5,1.)) REPRESENTATION_ITEM('') );
#9100 = CARTESIAN_POINT('',(5.444446387363,-1.799635199774));
#9101 = CARTESIAN_POINT('',(5.063395209698,-1.799635199774));
#9102 = CARTESIAN_POINT('',(5.253920798531,-1.469635199774));
#9103 = CARTESIAN_POINT('',(5.444446387363,-1.139635199774));
#9104 = CARTESIAN_POINT('',(5.634971976196,-1.469635199774));
#9105 = CARTESIAN_POINT('',(5.825497565028,-1.799635199774));
#9106 = CARTESIAN_POINT('',(5.444446387363,-1.799635199774));
#9107 = ( GEOMETRIC_REPRESENTATION_CONTEXT(2) 
PARAMETRIC_REPRESENTATION_CONTEXT() REPRESENTATION_CONTEXT('2D SPACE',''
  ) );
#9108 = PCURVE('',#8981,#9109);
#9109 = DEFINITIONAL_REPRESENTATION('',(#9110),#9114);
#9110 = LINE('',#9111,#9112);
#9111 = CARTESIAN_POINT('',(4.712388980385,2.3));
#9112 = VECTOR('',#9113,1.);
#9113 = DIRECTION('',(-1.,0.));
#9114 = ( GEOMETRIC_REPRESENTATION_CONTEXT(2) 
PARAMETRIC_REPRESENTATION_CONTEXT() REPRESENTATION_CONTEXT('2D SPACE',''
  ) );
#9115 = ORIENTED_EDGE('',*,*,#9116,.F.);
#9116 = EDGE_CURVE('',#9117,#9089,#9119,.T.);
#9117 = VERTEX_POINT('',#9118);
#9118 = CARTESIAN_POINT('',(-10.,22.243635809653,-5.782214617649));
#9119 = SURFACE_CURVE('',#9120,(#9124,#9131),.PCURVE_S1.);
#9120 = LINE('',#9121,#9122);
#9121 = CARTESIAN_POINT('',(-10.,22.29057559989,-5.78020195478));
#9122 = VECTOR('',#9123,1.);
#9123 = DIRECTION('',(0.,-0.999082023728,-4.28381823161E-02));
#9124 = PCURVE('',#8462,#9125);
#9125 = DEFINITIONAL_REPRESENTATION('',(#9126),#9130);
#9126 = LINE('',#9127,#9128);
#9127 = CARTESIAN_POINT('',(1.00942440011,-1.76979804522));
#9128 = VECTOR('',#9129,1.);
#9129 = DIRECTION('',(0.999082023728,4.28381823161E-02));
#9130 = ( GEOMETRIC_REPRESENTATION_CONTEXT(2) 
PARAMETRIC_REPRESENTATION_CONTEXT() REPRESENTATION_CONTEXT('2D SPACE',''
  ) );
#9131 = PCURVE('',#9132,#9137);
#9132 = CYLINDRICAL_SURFACE('',#9133,0.22);
#9133 = AXIS2_PLACEMENT_3D('',#9134,#9135,#9136);
#9134 = CARTESIAN_POINT('',(-10.22,22.29057559989,-5.78020195478));
#9135 = DIRECTION('',(0.,-0.999082023728,-4.28381823161E-02));
#9136 = DIRECTION('',(1.,0.,0.));
#9137 = DEFINITIONAL_REPRESENTATION('',(#9138),#9142);
#9138 = LINE('',#9139,#9140);
#9139 = CARTESIAN_POINT('',(-0.,0.));
#9140 = VECTOR('',#9141,1.);
#9141 = DIRECTION('',(-0.,1.));
#9142 = ( GEOMETRIC_REPRESENTATION_CONTEXT(2) 
PARAMETRIC_REPRESENTATION_CONTEXT() REPRESENTATION_CONTEXT('2D SPACE',''
  ) );
#9143 = ORIENTED_EDGE('',*,*,#9144,.F.);
#9144 = EDGE_CURVE('',#9145,#9117,#9147,.T.);
#9145 = VERTEX_POINT('',#9146);
#9146 = CARTESIAN_POINT('',(-10.,22.55,-5.629032522475));
#9147 = SURFACE_CURVE('',#9148,(#9152,#9159),.PCURVE_S1.);
#9148 = LINE('',#9149,#9150);
#9149 = CARTESIAN_POINT('',(-10.,22.45161300899,-5.67822601798));
#9150 = VECTOR('',#9151,1.);
#9151 = DIRECTION('',(0.,-0.894427191,-0.4472135955));
#9152 = PCURVE('',#8462,#9153);
#9153 = DEFINITIONAL_REPRESENTATION('',(#9154),#9158);
#9154 = LINE('',#9155,#9156);
#9155 = CARTESIAN_POINT('',(0.84838699101,-1.87177398202));
#9156 = VECTOR('',#9157,1.);
#9157 = DIRECTION('',(0.894427191,0.4472135955));
#9158 = ( GEOMETRIC_REPRESENTATION_CONTEXT(2) 
PARAMETRIC_REPRESENTATION_CONTEXT() REPRESENTATION_CONTEXT('2D SPACE',''
  ) );
#9159 = PCURVE('',#9160,#9165);
#9160 = CYLINDRICAL_SURFACE('',#9161,0.22);
#9161 = AXIS2_PLACEMENT_3D('',#9162,#9163,#9164);
#9162 = CARTESIAN_POINT('',(-10.22,22.45161300899,-5.67822601798));
#9163 = DIRECTION('',(0.,-0.894427191,-0.4472135955));
#9164 = DIRECTION('',(1.,0.,0.));
#9165 = DEFINITIONAL_REPRESENTATION('',(#9166),#9170);
#9166 = LINE('',#9167,#9168);
#9167 = CARTESIAN_POINT('',(-0.,0.));
#9168 = VECTOR('',#9169,1.);
#9169 = DIRECTION('',(-0.,1.));
#9170 = ( GEOMETRIC_REPRESENTATION_CONTEXT(2) 
PARAMETRIC_REPRESENTATION_CONTEXT() REPRESENTATION_CONTEXT('2D SPACE',''
  ) );
#9171 = ORIENTED_EDGE('',*,*,#9172,.T.);
#9172 = EDGE_CURVE('',#9145,#8636,#9173,.T.);
#9173 = SURFACE_CURVE('',#9174,(#9178,#9185),.PCURVE_S1.);
#9174 = LINE('',#9175,#9176);
#9175 = CARTESIAN_POINT('',(-10.,22.55,-7.55));
#9176 = VECTOR('',#9177,1.);
#9177 = DIRECTION('',(0.,0.,1.));
#9178 = PCURVE('',#8462,#9179);
#9179 = DEFINITIONAL_REPRESENTATION('',(#9180),#9184);
#9180 = LINE('',#9181,#9182);
#9181 = CARTESIAN_POINT('',(0.75,0.));
#9182 = VECTOR('',#9183,1.);
#9183 = DIRECTION('',(0.,-1.));
#9184 = ( GEOMETRIC_REPRESENTATION_CONTEXT(2) 
PARAMETRIC_REPRESENTATION_CONTEXT() REPRESENTATION_CONTEXT('2D SPACE',''
  ) );
#9185 = PCURVE('',#8806,#9186);
#9186 = DEFINITIONAL_REPRESENTATION('',(#9187),#9191);
#9187 = LINE('',#9188,#9189);
#9188 = CARTESIAN_POINT('',(-1.570796326795,0.));
#9189 = VECTOR('',#9190,1.);
#9190 = DIRECTION('',(-0.,1.));
#9191 = ( GEOMETRIC_REPRESENTATION_CONTEXT(2) 
PARAMETRIC_REPRESENTATION_CONTEXT() REPRESENTATION_CONTEXT('2D SPACE',''
  ) );
#9192 = ORIENTED_EDGE('',*,*,#8635,.F.);
#9193 = ORIENTED_EDGE('',*,*,#8446,.F.);
#9194 = ORIENTED_EDGE('',*,*,#8560,.T.);
#9195 = FACE_BOUND('',#9196,.T.);
#9196 = EDGE_LOOP('',(#9197));
#9197 = ORIENTED_EDGE('',*,*,#9198,.T.);
#9198 = EDGE_CURVE('',#9199,#9199,#9201,.T.);
#9199 = VERTEX_POINT('',#9200);
#9200 = CARTESIAN_POINT('',(-10.,21.875,-4.3));
#9201 = SURFACE_CURVE('',#9202,(#9207,#9218),.PCURVE_S1.);
#9202 = CIRCLE('',#9203,0.525);
#9203 = AXIS2_PLACEMENT_3D('',#9204,#9205,#9206);
#9204 = CARTESIAN_POINT('',(-10.,21.35,-4.3));
#9205 = DIRECTION('',(-1.,0.,0.));
#9206 = DIRECTION('',(0.,1.,0.));
#9207 = PCURVE('',#8462,#9208);
#9208 = DEFINITIONAL_REPRESENTATION('',(#9209),#9217);
#9209 = ( BOUNDED_CURVE() B_SPLINE_CURVE(2,(#9210,#9211,#9212,#9213,
#9214,#9215,#9216),.UNSPECIFIED.,.T.,.F.) B_SPLINE_CURVE_WITH_KNOTS((1,2
    ,2,2,2,1),(-2.094395102393,0.,2.094395102393,4.188790204786,
6.28318530718,8.377580409573),.UNSPECIFIED.) CURVE() 
GEOMETRIC_REPRESENTATION_ITEM() RATIONAL_B_SPLINE_CURVE((1.,0.5,1.,0.5,
1.,0.5,1.)) REPRESENTATION_ITEM('') );
#9210 = CARTESIAN_POINT('',(1.425,-3.25));
#9211 = CARTESIAN_POINT('',(1.425,-2.340673326026));
#9212 = CARTESIAN_POINT('',(2.2125,-2.795336663013));
#9213 = CARTESIAN_POINT('',(3.,-3.25));
#9214 = CARTESIAN_POINT('',(2.2125,-3.704663336987));
#9215 = CARTESIAN_POINT('',(1.425,-4.159326673974));
#9216 = CARTESIAN_POINT('',(1.425,-3.25));
#9217 = ( GEOMETRIC_REPRESENTATION_CONTEXT(2) 
PARAMETRIC_REPRESENTATION_CONTEXT() REPRESENTATION_CONTEXT('2D SPACE',''
  ) );
#9218 = PCURVE('',#9039,#9219);
#9219 = DEFINITIONAL_REPRESENTATION('',(#9220),#9224);
#9220 = LINE('',#9221,#9222);
#9221 = CARTESIAN_POINT('',(-6.28318530718,-5.));
#9222 = VECTOR('',#9223,1.);
#9223 = DIRECTION('',(1.,-0.));
#9224 = ( GEOMETRIC_REPRESENTATION_CONTEXT(2) 
PARAMETRIC_REPRESENTATION_CONTEXT() REPRESENTATION_CONTEXT('2D SPACE',''
  ) );
#9225 = ADVANCED_FACE('',(#9226),#8548,.T.);
#9226 = FACE_BOUND('',#9227,.T.);
#9227 = EDGE_LOOP('',(#9228,#9229,#9250,#9251));
#9228 = ORIENTED_EDGE('',*,*,#8996,.F.);
#9229 = ORIENTED_EDGE('',*,*,#9230,.T.);
#9230 = EDGE_CURVE('',#8965,#9066,#9231,.T.);
#9231 = SURFACE_CURVE('',#9232,(#9236,#9243),.PCURVE_S1.);
#9232 = LINE('',#9233,#9234);
#9233 = CARTESIAN_POINT('',(-12.3,17.635553612637,-5.970364800226));
#9234 = VECTOR('',#9235,1.);
#9235 = DIRECTION('',(1.,0.,0.));
#9236 = PCURVE('',#8548,#9237);
#9237 = DEFINITIONAL_REPRESENTATION('',(#9238),#9242);
#9238 = LINE('',#9239,#9240);
#9239 = CARTESIAN_POINT('',(0.229635199774,-17.7));
#9240 = VECTOR('',#9241,1.);
#9241 = DIRECTION('',(0.,-1.));
#9242 = ( GEOMETRIC_REPRESENTATION_CONTEXT(2) 
PARAMETRIC_REPRESENTATION_CONTEXT() REPRESENTATION_CONTEXT('2D SPACE',''
  ) );
#9243 = PCURVE('',#8981,#9244);
#9244 = DEFINITIONAL_REPRESENTATION('',(#9245),#9249);
#9245 = LINE('',#9246,#9247);
#9246 = CARTESIAN_POINT('',(0.,0.));
#9247 = VECTOR('',#9248,1.);
#9248 = DIRECTION('',(0.,1.));
#9249 = ( GEOMETRIC_REPRESENTATION_CONTEXT(2) 
PARAMETRIC_REPRESENTATION_CONTEXT() REPRESENTATION_CONTEXT('2D SPACE',''
  ) );
#9250 = ORIENTED_EDGE('',*,*,#9065,.T.);
#9251 = ORIENTED_EDGE('',*,*,#8532,.F.);
#9252 = ADVANCED_FACE('',(#9253),#8760,.T.);
#9253 = FACE_BOUND('',#9254,.F.);
#9254 = EDGE_LOOP('',(#9255,#9256,#9319,#9340));
#9255 = ORIENTED_EDGE('',*,*,#8885,.F.);
#9256 = ORIENTED_EDGE('',*,*,#9257,.T.);
#9257 = EDGE_CURVE('',#8886,#9258,#9260,.T.);
#9258 = VERTEX_POINT('',#9259);
#9259 = CARTESIAN_POINT('',(-11.28867032017,23.3,-5.364032522475));
#9260 = SURFACE_CURVE('',#9261,(#9271,#9284),.PCURVE_S1.);
#9261 = ( BOUNDED_CURVE() B_SPLINE_CURVE(8,(#9262,#9263,#9264,#9265,
    #9266,#9267,#9268,#9269,#9270),.UNSPECIFIED.,.F.,.F.) 
B_SPLINE_CURVE_WITH_KNOTS((9,9),(0.431725513272,1.528448948202),
.PIECEWISE_BEZIER_KNOTS.) CURVE() GEOMETRIC_REPRESENTATION_ITEM() 
RATIONAL_B_SPLINE_CURVE((1.,1.,1.,1.,1.,1.,1.,1.,1.)) 
REPRESENTATION_ITEM('') );
#9262 = CARTESIAN_POINT('',(-12.03762066567,22.589665854045,
    -5.615017264088));
#9263 = CARTESIAN_POINT('',(-12.03031829738,22.727545433089,
    -5.566300386039));
#9264 = CARTESIAN_POINT('',(-11.99417105628,22.860247800501,
    -5.51943187934));
#9265 = CARTESIAN_POINT('',(-11.93214563931,22.98694418403,-5.4749253965
    ));
#9266 = CARTESIAN_POINT('',(-11.84073711219,23.106704881077,
    -5.4334662496));
#9267 = CARTESIAN_POINT('',(-11.71840956231,23.204465306262,
    -5.397946151657));
#9268 = CARTESIAN_POINT('',(-11.5769857018,23.269306403508,
    -5.374932293629));
#9269 = CARTESIAN_POINT('',(-11.43063959627,23.3,-5.364032522475));
#9270 = CARTESIAN_POINT('',(-11.28867032017,23.3,-5.364032522475));
#9271 = PCURVE('',#8760,#9272);
#9272 = DEFINITIONAL_REPRESENTATION('',(#9273),#9283);
#9273 = B_SPLINE_CURVE_WITH_KNOTS('',8,(#9274,#9275,#9276,#9277,#9278,
    #9279,#9280,#9281,#9282),.UNSPECIFIED.,.F.,.F.,(9,9),(0.431725513272
    ,1.528448948202),.PIECEWISE_BEZIER_KNOTS.);
#9274 = CARTESIAN_POINT('',(-8.290195640001E-15,1.934982735912));
#9275 = CARTESIAN_POINT('',(-0.184097089843,1.983699613961));
#9276 = CARTESIAN_POINT('',(-0.36332752706,2.030567533703));
#9277 = CARTESIAN_POINT('',(-0.545948806358,2.075076178493));
#9278 = CARTESIAN_POINT('',(-0.738061752533,2.116532045531));
#9279 = CARTESIAN_POINT('',(-0.934437290698,2.152054656111));
#9280 = CARTESIAN_POINT('',(-1.133490033122,2.175067596906));
#9281 = CARTESIAN_POINT('',(-1.328591466598,2.185967477525));
#9282 = CARTESIAN_POINT('',(-1.517883834726,2.185967477525));
#9283 = ( GEOMETRIC_REPRESENTATION_CONTEXT(2) 
PARAMETRIC_REPRESENTATION_CONTEXT() REPRESENTATION_CONTEXT('2D SPACE',''
  ) );
#9284 = PCURVE('',#9285,#9313);
#9285 = ( BOUNDED_SURFACE() B_SPLINE_SURFACE(2,8,(
    (#9286,#9287,#9288,#9289,#9290,#9291,#9292,#9293,#9294)
    ,(#9295,#9296,#9297,#9298,#9299,#9300,#9301,#9302,#9303)
    ,(#9304,#9305,#9306,#9307,#9308,#9309,#9310,#9311,#9312
)),.UNSPECIFIED.,.F.,.F.,.F.) B_SPLINE_SURFACE_WITH_KNOTS((3,3),(9,9),(
    0.,1.09672343493),(0.431725513272,1.528448948202),
.PIECEWISE_BEZIER_KNOTS.) GEOMETRIC_REPRESENTATION_ITEM() 
RATIONAL_B_SPLINE_SURFACE((
    (1.,1.,1.,1.,1.,1.,1.,1.,1.)
    ,(0.715420221421,0.744150827702,0.770499307218,0.795088124739
      ,0.817999027772,0.834068455188,0.845344440011,0.850650808352
      ,0.850650808352)
,(1.,1.,1.,1.,1.,1.,1.,1.,1.))) REPRESENTATION_ITEM('') SURFACE() );
#9286 = CARTESIAN_POINT('',(-12.03762066567,22.589665854045,
    -5.615017264088));
#9287 = CARTESIAN_POINT('',(-12.03031829738,22.727545433089,
    -5.566300386039));
#9288 = CARTESIAN_POINT('',(-11.99417105628,22.860247800501,
    -5.51943187934));
#9289 = CARTESIAN_POINT('',(-11.93214563931,22.98694418403,-5.4749253965
    ));
#9290 = CARTESIAN_POINT('',(-11.84073711219,23.106704881077,
    -5.4334662496));
#9291 = CARTESIAN_POINT('',(-11.71840956231,23.204465306262,
    -5.397946151657));
#9292 = CARTESIAN_POINT('',(-11.5769857018,23.269306403508,
    -5.374932293629));
#9293 = CARTESIAN_POINT('',(-11.43063959627,23.3,-5.364032522475));
#9294 = CARTESIAN_POINT('',(-11.28867032017,23.3,-5.364032522475));
#9295 = CARTESIAN_POINT('',(-12.03254498455,22.685502266015,
    -5.807248866993));
#9296 = CARTESIAN_POINT('',(-12.00901504706,22.808615875879,
    -5.745692062061));
#9297 = CARTESIAN_POINT('',(-11.96252737928,22.922923245605,
    -5.688538377197));
#9298 = CARTESIAN_POINT('',(-11.89636735792,23.02854857021,
    -5.635725714895));
#9299 = CARTESIAN_POINT('',(-11.8091591971,23.129887287873,
    -5.585056356063));
#9300 = CARTESIAN_POINT('',(-11.6915260541,23.218034345404,
    -5.540982827298));
#9301 = CARTESIAN_POINT('',(-11.55616772993,23.2741270528,-5.5129364736)
  );
#9302 = CARTESIAN_POINT('',(-11.41893409641,23.3,-5.5));
#9303 = CARTESIAN_POINT('',(-11.28867032017,23.3,-5.5));
#9304 = CARTESIAN_POINT('',(-11.81794828606,22.676052332618,
    -5.811973833691));
#9305 = CARTESIAN_POINT('',(-11.81339396596,22.763702630144,
    -5.768148684928));
#9306 = CARTESIAN_POINT('',(-11.79317461649,22.84778713054,
    -5.72610643473));
#9307 = CARTESIAN_POINT('',(-11.75928472016,22.933538441105,
    -5.683230779448));
#9308 = CARTESIAN_POINT('',(-11.70148792331,23.024559035259,
    -5.637720482371));
#9309 = CARTESIAN_POINT('',(-11.6124938724,23.103171404308,
    -5.598414297846));
#9310 = CARTESIAN_POINT('',(-11.50419595317,23.155147393682,
    -5.572426303159));
#9311 = CARTESIAN_POINT('',(-11.392759803,23.17838699101,-5.560806504495
    ));
#9312 = CARTESIAN_POINT('',(-11.28867032017,23.17838699101,
    -5.560806504495));
#9313 = DEFINITIONAL_REPRESENTATION('',(#9314),#9318);
#9314 = LINE('',#9315,#9316);
#9315 = CARTESIAN_POINT('',(0.,0.));
#9316 = VECTOR('',#9317,1.);
#9317 = DIRECTION('',(0.,1.));
#9318 = ( GEOMETRIC_REPRESENTATION_CONTEXT(2) 
PARAMETRIC_REPRESENTATION_CONTEXT() REPRESENTATION_CONTEXT('2D SPACE',''
  ) );
#9319 = ORIENTED_EDGE('',*,*,#9320,.T.);
#9320 = EDGE_CURVE('',#9258,#8687,#9321,.T.);
#9321 = SURFACE_CURVE('',#9322,(#9326,#9333),.PCURVE_S1.);
#9322 = LINE('',#9323,#9324);
#9323 = CARTESIAN_POINT('',(-11.28867032017,23.3,-7.55));
#9324 = VECTOR('',#9325,1.);
#9325 = DIRECTION('',(0.,0.,1.));
#9326 = PCURVE('',#8760,#9327);
#9327 = DEFINITIONAL_REPRESENTATION('',(#9328),#9332);
#9328 = LINE('',#9329,#9330);
#9329 = CARTESIAN_POINT('',(-1.517883834726,0.));
#9330 = VECTOR('',#9331,1.);
#9331 = DIRECTION('',(-0.,1.));
#9332 = ( GEOMETRIC_REPRESENTATION_CONTEXT(2) 
PARAMETRIC_REPRESENTATION_CONTEXT() REPRESENTATION_CONTEXT('2D SPACE',''
  ) );
#9333 = PCURVE('',#8868,#9334);
#9334 = DEFINITIONAL_REPRESENTATION('',(#9335),#9339);
#9335 = LINE('',#9336,#9337);
#9336 = CARTESIAN_POINT('',(7.96,-18.71132967982));
#9337 = VECTOR('',#9338,1.);
#9338 = DIRECTION('',(-1.,0.));
#9339 = ( GEOMETRIC_REPRESENTATION_CONTEXT(2) 
PARAMETRIC_REPRESENTATION_CONTEXT() REPRESENTATION_CONTEXT('2D SPACE',''
  ) );
#9340 = ORIENTED_EDGE('',*,*,#8740,.T.);
#9341 = ADVANCED_FACE('',(#9342),#8806,.T.);
#9342 = FACE_BOUND('',#9343,.F.);
#9343 = EDGE_LOOP('',(#9344,#9367,#9428,#9429));
#9344 = ORIENTED_EDGE('',*,*,#9345,.F.);
#9345 = EDGE_CURVE('',#9346,#8785,#9348,.T.);
#9346 = VERTEX_POINT('',#9347);
#9347 = CARTESIAN_POINT('',(-10.75,23.3,-5.364032522475));
#9348 = SURFACE_CURVE('',#9349,(#9353,#9360),.PCURVE_S1.);
#9349 = LINE('',#9350,#9351);
#9350 = CARTESIAN_POINT('',(-10.75,23.3,-7.55));
#9351 = VECTOR('',#9352,1.);
#9352 = DIRECTION('',(0.,0.,1.));
#9353 = PCURVE('',#8806,#9354);
#9354 = DEFINITIONAL_REPRESENTATION('',(#9355),#9359);
#9355 = LINE('',#9356,#9357);
#9356 = CARTESIAN_POINT('',(-0.,0.));
#9357 = VECTOR('',#9358,1.);
#9358 = DIRECTION('',(-0.,1.));
#9359 = ( GEOMETRIC_REPRESENTATION_CONTEXT(2) 
PARAMETRIC_REPRESENTATION_CONTEXT() REPRESENTATION_CONTEXT('2D SPACE',''
  ) );
#9360 = PCURVE('',#8868,#9361);
#9361 = DEFINITIONAL_REPRESENTATION('',(#9362),#9366);
#9362 = LINE('',#9363,#9364);
#9363 = CARTESIAN_POINT('',(7.96,-19.25));
#9364 = VECTOR('',#9365,1.);
#9365 = DIRECTION('',(-1.,0.));
#9366 = ( GEOMETRIC_REPRESENTATION_CONTEXT(2) 
PARAMETRIC_REPRESENTATION_CONTEXT() REPRESENTATION_CONTEXT('2D SPACE',''
  ) );
#9367 = ORIENTED_EDGE('',*,*,#9368,.T.);
#9368 = EDGE_CURVE('',#9346,#9145,#9369,.T.);
#9369 = SURFACE_CURVE('',#9370,(#9380,#9393),.PCURVE_S1.);
#9370 = ( BOUNDED_CURVE() B_SPLINE_CURVE(8,(#9371,#9372,#9373,#9374,
    #9375,#9376,#9377,#9378,#9379),.UNSPECIFIED.,.F.,.F.) 
B_SPLINE_CURVE_WITH_KNOTS((9,9),(2.067119268381,3.205458618477),
.PIECEWISE_BEZIER_KNOTS.) CURVE() GEOMETRIC_REPRESENTATION_ITEM() 
RATIONAL_B_SPLINE_CURVE((1.,1.,1.,1.,1.,1.,1.,1.,1.)) 
REPRESENTATION_ITEM('') );
#9371 = CARTESIAN_POINT('',(-10.75,23.3,-5.364032522475));
#9372 = CARTESIAN_POINT('',(-10.60284159988,23.3,-5.364032522475));
#9373 = CARTESIAN_POINT('',(-10.4510995075,23.267027057795,
    -5.375737212155));
#9374 = CARTESIAN_POINT('',(-10.30482652879,23.197293361981,
    -5.400458749843));
#9375 = CARTESIAN_POINT('',(-10.17985562357,23.092172198929,
    -5.438711164512));
#9376 = CARTESIAN_POINT('',(-10.08930526606,22.964133262208,
    -5.482948303609));
#9377 = CARTESIAN_POINT('',(-10.03080488932,22.830488309595,
    -5.529931311534));
#9378 = CARTESIAN_POINT('',(-10.,22.692098900019,-5.578824288516));
#9379 = CARTESIAN_POINT('',(-10.,22.55,-5.629032522475));
#9380 = PCURVE('',#8806,#9381);
#9381 = DEFINITIONAL_REPRESENTATION('',(#9382),#9392);
#9382 = B_SPLINE_CURVE_WITH_KNOTS('',8,(#9383,#9384,#9385,#9386,#9387,
    #9388,#9389,#9390,#9391),.UNSPECIFIED.,.F.,.F.,(9,9),(2.067119268381
    ,3.205458618477),.PIECEWISE_BEZIER_KNOTS.);
#9383 = CARTESIAN_POINT('',(-1.110223024625E-16,2.185967477525));
#9384 = CARTESIAN_POINT('',(-0.196211200157,2.185967477525));
#9385 = CARTESIAN_POINT('',(-0.398500446768,2.174262519617));
#9386 = CARTESIAN_POINT('',(-0.605231247271,2.149542726059));
#9387 = CARTESIAN_POINT('',(-0.808902904262,2.111286007641));
#9388 = CARTESIAN_POINT('',(-1.008213064631,2.067054180184));
#9389 = CARTESIAN_POINT('',(-1.196819418101,2.020067792492));
#9390 = CARTESIAN_POINT('',(-1.38133112677,1.971175711484));
#9391 = CARTESIAN_POINT('',(-1.570796326795,1.920967477525));
#9392 = ( GEOMETRIC_REPRESENTATION_CONTEXT(2) 
PARAMETRIC_REPRESENTATION_CONTEXT() REPRESENTATION_CONTEXT('2D SPACE',''
  ) );
#9393 = PCURVE('',#9394,#9422);
#9394 = ( BOUNDED_SURFACE() B_SPLINE_SURFACE(2,8,(
    (#9395,#9396,#9397,#9398,#9399,#9400,#9401,#9402,#9403)
    ,(#9404,#9405,#9406,#9407,#9408,#9409,#9410,#9411,#9412)
    ,(#9413,#9414,#9415,#9416,#9417,#9418,#9419,#9420,#9421
)),.UNSPECIFIED.,.F.,.F.,.F.) B_SPLINE_SURFACE_WITH_KNOTS((3,3),(9,9),(
    0.,1.138339350096),(2.067119268381,3.205458618477),
.PIECEWISE_BEZIER_KNOTS.) GEOMETRIC_REPRESENTATION_ITEM() 
RATIONAL_B_SPLINE_SURFACE((
    (1.,1.,1.,1.,1.,1.,1.,1.,1.)
    ,(0.850650808352,0.850650808352,0.844946619707,0.8327768945
      ,0.815571138552,0.790872696687,0.764779788115,0.737063922972
      ,0.707106781187)
,(1.,1.,1.,1.,1.,1.,1.,1.,1.))) REPRESENTATION_ITEM('') SURFACE() );
#9395 = CARTESIAN_POINT('',(-10.75,23.3,-5.364032522475));
#9396 = CARTESIAN_POINT('',(-10.60284159988,23.3,-5.364032522475));
#9397 = CARTESIAN_POINT('',(-10.4510995075,23.267027057795,
    -5.375737212155));
#9398 = CARTESIAN_POINT('',(-10.30482652879,23.197293361981,
    -5.400458749843));
#9399 = CARTESIAN_POINT('',(-10.17985562357,23.092172198929,
    -5.438711164512));
#9400 = CARTESIAN_POINT('',(-10.08930526606,22.964133262208,
    -5.482948303609));
#9401 = CARTESIAN_POINT('',(-10.03080488932,22.830488309595,
    -5.529931311534));
#9402 = CARTESIAN_POINT('',(-10.,22.692098900019,-5.578824288516));
#9403 = CARTESIAN_POINT('',(-10.,22.55,-5.629032522475));
#9404 = CARTESIAN_POINT('',(-10.75,23.3,-5.5));
#9405 = CARTESIAN_POINT('',(-10.61507213425,23.3,-5.5));
#9406 = CARTESIAN_POINT('',(-10.47267631881,23.272225097186,
    -5.513887451407));
#9407 = CARTESIAN_POINT('',(-10.33222100408,23.211878532698,
    -5.544060733651));
#9408 = CARTESIAN_POINT('',(-10.21170113299,23.116537563572,
    -5.591731218214));
#9409 = CARTESIAN_POINT('',(-10.12497276438,23.008349696588,
    -5.645825151706));
#9410 = CARTESIAN_POINT('',(-10.06076740693,22.896717287438,
    -5.701641356281));
#9411 = CARTESIAN_POINT('',(-10.01788327188,22.776679894593,
    -5.761660052704));
#9412 = CARTESIAN_POINT('',(-10.,22.64838699101,-5.825806504495));
#9413 = CARTESIAN_POINT('',(-10.75,23.17838699101,-5.560806504495));
#9414 = CARTESIAN_POINT('',(-10.6424204405,23.17838699101,
    -5.560806504495));
#9415 = CARTESIAN_POINT('',(-10.52695618688,23.153552991812,
    -5.573223504094));
#9416 = CARTESIAN_POINT('',(-10.41472684028,23.0977132273,-5.60114338635
    ));
#9417 = CARTESIAN_POINT('',(-10.32396509972,23.013079962888,
    -5.643460018556));
#9418 = CARTESIAN_POINT('',(-10.26744165699,22.915904524639,
    -5.69204773768));
#9419 = CARTESIAN_POINT('',(-10.23655245384,22.825703527071,
    -5.737148236464));
#9420 = CARTESIAN_POINT('',(-10.21989961336,22.738274956216,
    -5.780862521892));
#9421 = CARTESIAN_POINT('',(-10.21999953503,22.647982431064,
    -5.826008784468));
#9422 = DEFINITIONAL_REPRESENTATION('',(#9423),#9427);
#9423 = LINE('',#9424,#9425);
#9424 = CARTESIAN_POINT('',(0.,0.));
#9425 = VECTOR('',#9426,1.);
#9426 = DIRECTION('',(0.,1.));
#9427 = ( GEOMETRIC_REPRESENTATION_CONTEXT(2) 
PARAMETRIC_REPRESENTATION_CONTEXT() REPRESENTATION_CONTEXT('2D SPACE',''
  ) );
#9428 = ORIENTED_EDGE('',*,*,#9172,.T.);
#9429 = ORIENTED_EDGE('',*,*,#8784,.T.);
#9430 = ADVANCED_FACE('',(#9431),#8868,.T.);
#9431 = FACE_BOUND('',#9432,.T.);
#9432 = EDGE_LOOP('',(#9433,#9434,#9435,#9436));
#9433 = ORIENTED_EDGE('',*,*,#9320,.T.);
#9434 = ORIENTED_EDGE('',*,*,#8854,.F.);
#9435 = ORIENTED_EDGE('',*,*,#9345,.F.);
#9436 = ORIENTED_EDGE('',*,*,#9437,.F.);
#9437 = EDGE_CURVE('',#9258,#9346,#9438,.T.);
#9438 = SURFACE_CURVE('',#9439,(#9443,#9450),.PCURVE_S1.);
#9439 = LINE('',#9440,#9441);
#9440 = CARTESIAN_POINT('',(-11.28867032017,23.3,-5.364032522475));
#9441 = VECTOR('',#9442,1.);
#9442 = DIRECTION('',(1.,0.,0.));
#9443 = PCURVE('',#8868,#9444);
#9444 = DEFINITIONAL_REPRESENTATION('',(#9445),#9449);
#9445 = LINE('',#9446,#9447);
#9446 = CARTESIAN_POINT('',(5.774032522475,-18.71132967982));
#9447 = VECTOR('',#9448,1.);
#9448 = DIRECTION('',(0.,-1.));
#9449 = ( GEOMETRIC_REPRESENTATION_CONTEXT(2) 
PARAMETRIC_REPRESENTATION_CONTEXT() REPRESENTATION_CONTEXT('2D SPACE',''
  ) );
#9450 = PCURVE('',#9451,#9456);
#9451 = CYLINDRICAL_SURFACE('',#9452,0.22);
#9452 = AXIS2_PLACEMENT_3D('',#9453,#9454,#9455);
#9453 = CARTESIAN_POINT('',(-11.28867032017,23.08,-5.364032522475));
#9454 = DIRECTION('',(1.,0.,0.));
#9455 = DIRECTION('',(-0.,1.,0.));
#9456 = DEFINITIONAL_REPRESENTATION('',(#9457),#9461);
#9457 = LINE('',#9458,#9459);
#9458 = CARTESIAN_POINT('',(-0.,0.));
#9459 = VECTOR('',#9460,1.);
#9460 = DIRECTION('',(-0.,1.));
#9461 = ( GEOMETRIC_REPRESENTATION_CONTEXT(2) 
PARAMETRIC_REPRESENTATION_CONTEXT() REPRESENTATION_CONTEXT('2D SPACE',''
  ) );
#9462 = ADVANCED_FACE('',(#9463),#8924,.T.);
#9463 = FACE_BOUND('',#9464,.F.);
#9464 = EDGE_LOOP('',(#9465,#9466,#9512,#9540));
#9465 = ORIENTED_EDGE('',*,*,#8908,.F.);
#9466 = ORIENTED_EDGE('',*,*,#9467,.T.);
#9467 = EDGE_CURVE('',#8909,#9468,#9470,.T.);
#9468 = VERTEX_POINT('',#9469);
#9469 = CARTESIAN_POINT('',(-11.83563875369,22.342022800663,
    -5.978988599669));
#9470 = SURFACE_CURVE('',#9471,(#9476,#9483),.PCURVE_S1.);
#9471 = CIRCLE('',#9472,0.22);
#9472 = AXIS2_PLACEMENT_3D('',#9473,#9474,#9475);
#9473 = CARTESIAN_POINT('',(-11.83563875369,22.243635809653,
    -5.782214617649));
#9474 = DIRECTION('',(-4.731752834857E-02,-0.89342534171,-0.446712670855
    ));
#9475 = DIRECTION('',(-0.998600460665,5.288780539402E-02,
    4.034966805122E-15));
#9476 = PCURVE('',#8924,#9477);
#9477 = DEFINITIONAL_REPRESENTATION('',(#9478),#9482);
#9478 = LINE('',#9479,#9480);
#9479 = CARTESIAN_POINT('',(-0.,5.721348924844E-02));
#9480 = VECTOR('',#9481,1.);
#9481 = DIRECTION('',(-1.,-1.076394127657E-15));
#9482 = ( GEOMETRIC_REPRESENTATION_CONTEXT(2) 
PARAMETRIC_REPRESENTATION_CONTEXT() REPRESENTATION_CONTEXT('2D SPACE',''
  ) );
#9483 = PCURVE('',#9484,#9489);
#9484 = SPHERICAL_SURFACE('',#9485,0.22);
#9485 = AXIS2_PLACEMENT_3D('',#9486,#9487,#9488);
#9486 = CARTESIAN_POINT('',(-11.83563875369,22.243635809653,
    -5.782214617649));
#9487 = DIRECTION('',(8.074349270001E-15,-4.283818231611E-02,
    0.999082023728));
#9488 = DIRECTION('',(-0.998603023594,5.279088594922E-02,
    2.263543476132E-03));
#9489 = DEFINITIONAL_REPRESENTATION('',(#9490),#9511);
#9490 = B_SPLINE_CURVE_WITH_KNOTS('',7,(#9491,#9492,#9493,#9494,#9495,
    #9496,#9497,#9498,#9499,#9500,#9501,#9502,#9503,#9504,#9505,#9506,
    #9507,#9508,#9509,#9510),.UNSPECIFIED.,.F.,.F.,(8,6,6,8),(0.,
    0.773570987684,1.160356481526,1.547141975368),.UNSPECIFIED.);
#9491 = CARTESIAN_POINT('',(0.,-2.265619388022E-03));
#9492 = CARTESIAN_POINT('',(-4.509167123857E-02,-0.103157853515));
#9493 = CARTESIAN_POINT('',(-9.020659676092E-02,-0.204045469093));
#9494 = CARTESIAN_POINT('',(-0.136850771358,-0.304587511479));
#9495 = CARTESIAN_POINT('',(-0.186501961811,-0.404469228639));
#9496 = CARTESIAN_POINT('',(-0.241185920926,-0.503194950495));
#9497 = CARTESIAN_POINT('',(-0.303609586119,-0.600193360738));
#9498 = CARTESIAN_POINT('',(-0.418048399785,-0.740684602741));
#9499 = CARTESIAN_POINT('',(-0.459656523678,-0.786680639065));
#9500 = CARTESIAN_POINT('',(-0.505523058183,-0.831638645452));
#9501 = CARTESIAN_POINT('',(-0.556563132096,-0.875290710638));
#9502 = CARTESIAN_POINT('',(-0.614110219688,-0.917263375242));
#9503 = CARTESIAN_POINT('',(-0.679883189428,-0.957005865042));
#9504 = CARTESIAN_POINT('',(-0.831358064185,-1.030369828211));
#9505 = CARTESIAN_POINT('',(-0.917042677763,-1.0639950658));
#9506 = CARTESIAN_POINT('',(-1.014453432502,-1.093712519199));
#9507 = CARTESIAN_POINT('',(-1.124758851758,-1.118520255266));
#9508 = CARTESIAN_POINT('',(-1.24954160775,-1.136833378822));
#9509 = CARTESIAN_POINT('',(-1.382816336709,-1.147385479703));
#9510 = CARTESIAN_POINT('',(-1.517932316653,-1.15000001307));
#9511 = ( GEOMETRIC_REPRESENTATION_CONTEXT(2) 
PARAMETRIC_REPRESENTATION_CONTEXT() REPRESENTATION_CONTEXT('2D SPACE',''
  ) );
#9512 = ORIENTED_EDGE('',*,*,#9513,.T.);
#9513 = EDGE_CURVE('',#9468,#9514,#9516,.T.);
#9514 = VERTEX_POINT('',#9515);
#9515 = CARTESIAN_POINT('',(-11.81792856433,22.676417527869,
    -5.811791236066));
#9516 = SURFACE_CURVE('',#9517,(#9521,#9528),.PCURVE_S1.);
#9517 = LINE('',#9518,#9519);
#9518 = CARTESIAN_POINT('',(-11.83834595459,22.29090681948,
    -6.00454659026));
#9519 = VECTOR('',#9520,1.);
#9520 = DIRECTION('',(4.731752834854E-02,0.89342534171,0.446712670855));
#9521 = PCURVE('',#8924,#9522);
#9522 = DEFINITIONAL_REPRESENTATION('',(#9523),#9527);
#9523 = LINE('',#9524,#9525);
#9524 = CARTESIAN_POINT('',(-1.547141975368,0.));
#9525 = VECTOR('',#9526,1.);
#9526 = DIRECTION('',(-0.,1.));
#9527 = ( GEOMETRIC_REPRESENTATION_CONTEXT(2) 
PARAMETRIC_REPRESENTATION_CONTEXT() REPRESENTATION_CONTEXT('2D SPACE',''
  ) );
#9528 = PCURVE('',#9529,#9534);
#9529 = PLANE('',#9530);
#9530 = AXIS2_PLACEMENT_3D('',#9531,#9532,#9533);
#9531 = CARTESIAN_POINT('',(-30.,23.3,-5.5));
#9532 = DIRECTION('',(0.,0.4472135955,-0.894427191));
#9533 = DIRECTION('',(0.,-0.894427191,-0.4472135955));
#9534 = DEFINITIONAL_REPRESENTATION('',(#9535),#9539);
#9535 = LINE('',#9536,#9537);
#9536 = CARTESIAN_POINT('',(1.128200473637,-18.1616540454));
#9537 = VECTOR('',#9538,1.);
#9538 = DIRECTION('',(-0.998879898442,-4.731752834854E-02));
#9539 = ( GEOMETRIC_REPRESENTATION_CONTEXT(2) 
PARAMETRIC_REPRESENTATION_CONTEXT() REPRESENTATION_CONTEXT('2D SPACE',''
  ) );
#9540 = ORIENTED_EDGE('',*,*,#9541,.F.);
#9541 = EDGE_CURVE('',#8886,#9514,#9542,.T.);
#9542 = SURFACE_CURVE('',#9543,(#9548,#9554),.PCURVE_S1.);
#9543 = CIRCLE('',#9544,0.22);
#9544 = AXIS2_PLACEMENT_3D('',#9545,#9546,#9547);
#9545 = CARTESIAN_POINT('',(-11.81792856433,22.578030536859,
    -5.615017254046));
#9546 = DIRECTION('',(-4.731752834854E-02,-0.89342534171,-0.446712670855
    ));
#9547 = DIRECTION('',(-0.998600460665,5.288780539399E-02,
    -3.469446951954E-18));
#9548 = PCURVE('',#8924,#9549);
#9549 = DEFINITIONAL_REPRESENTATION('',(#9550),#9553);
#9550 = B_SPLINE_CURVE_WITH_KNOTS('',1,(#9551,#9552),.UNSPECIFIED.,.F.,
  .F.,(2,2),(0.,1.547141975368),.PIECEWISE_BEZIER_KNOTS.);
#9551 = CARTESIAN_POINT('',(0.,0.431497395911));
#9552 = CARTESIAN_POINT('',(-1.547141975368,0.431497395911));
#9553 = ( GEOMETRIC_REPRESENTATION_CONTEXT(2) 
PARAMETRIC_REPRESENTATION_CONTEXT() REPRESENTATION_CONTEXT('2D SPACE',''
  ) );
#9554 = PCURVE('',#9285,#9555);
#9555 = DEFINITIONAL_REPRESENTATION('',(#9556),#9563);
#9556 = B_SPLINE_CURVE_WITH_KNOTS('',5,(#9557,#9558,#9559,#9560,#9561,
    #9562),.UNSPECIFIED.,.F.,.F.,(6,6),(0.,1.547141975368),
  .PIECEWISE_BEZIER_KNOTS.);
#9557 = CARTESIAN_POINT('',(-1.110223024625E-16,0.431725513272));
#9558 = CARTESIAN_POINT('',(0.242851064532,0.431725513272));
#9559 = CARTESIAN_POINT('',(0.447583545083,0.431725513272));
#9560 = CARTESIAN_POINT('',(0.649141161748,0.431725513272));
#9561 = CARTESIAN_POINT('',(0.853872370398,0.431725513272));
#9562 = CARTESIAN_POINT('',(1.09672343493,0.431725513272));
#9563 = ( GEOMETRIC_REPRESENTATION_CONTEXT(2) 
PARAMETRIC_REPRESENTATION_CONTEXT() REPRESENTATION_CONTEXT('2D SPACE',''
  ) );
#9564 = ADVANCED_FACE('',(#9565),#8952,.T.);
#9565 = FACE_BOUND('',#9566,.F.);
#9566 = EDGE_LOOP('',(#9567,#9599,#9627,#9647));
#9567 = ORIENTED_EDGE('',*,*,#9568,.F.);
#9568 = EDGE_CURVE('',#9569,#8937,#9571,.T.);
#9569 = VERTEX_POINT('',#9570);
#9570 = CARTESIAN_POINT('',(-12.06804004573,17.864978012746,
    -6.190162845446));
#9571 = SURFACE_CURVE('',#9572,(#9577,#9588),.PCURVE_S1.);
#9572 = ELLIPSE('',#9573,0.319687654048,0.22);
#9573 = AXIS2_PLACEMENT_3D('',#9574,#9575,#9576);
#9574 = CARTESIAN_POINT('',(-12.06804004573,17.855553612637,
    -5.970364800226));
#9575 = DIRECTION('',(-0.6881717114,0.724881823232,3.10811514608E-02));
#9576 = DIRECTION('',(0.725547858951,0.687539986098,2.948002523775E-02)
  );
#9577 = PCURVE('',#8952,#9578);
#9578 = DEFINITIONAL_REPRESENTATION('',(#9579),#9587);
#9579 = B_SPLINE_CURVE_WITH_KNOTS('',6,(#9580,#9581,#9582,#9583,#9584,
    #9585,#9586),.UNSPECIFIED.,.F.,.F.,(7,7),(1.570796326795,
    3.139327034202),.PIECEWISE_BEZIER_KNOTS.);
#9580 = CARTESIAN_POINT('',(-1.568530707407,0.241571027598));
#9581 = CARTESIAN_POINT('',(-1.307108922839,0.180934586364));
#9582 = CARTESIAN_POINT('',(-1.045688256987,0.120302672014));
#9583 = CARTESIAN_POINT('',(-0.784265490881,6.710080327567E-02));
#9584 = CARTESIAN_POINT('',(-0.522842291588,2.891519326713E-02));
#9585 = CARTESIAN_POINT('',(-0.261421784568,9.760308948803E-03));
#9586 = CARTESIAN_POINT('',(0.,9.622929969453E-03));
#9587 = ( GEOMETRIC_REPRESENTATION_CONTEXT(2) 
PARAMETRIC_REPRESENTATION_CONTEXT() REPRESENTATION_CONTEXT('2D SPACE',''
  ) );
#9588 = PCURVE('',#8981,#9589);
#9589 = DEFINITIONAL_REPRESENTATION('',(#9590),#9598);
#9590 = B_SPLINE_CURVE_WITH_KNOTS('',6,(#9591,#9592,#9593,#9594,#9595,
    #9596,#9597),.UNSPECIFIED.,.F.,.F.,(7,7),(1.570796326795,
    3.139327034202),.PIECEWISE_BEZIER_KNOTS.);
#9591 = CARTESIAN_POINT('',(1.613647622071,0.231959954267));
#9592 = CARTESIAN_POINT('',(1.352225837503,0.171323513033));
#9593 = CARTESIAN_POINT('',(1.090805171651,0.110691598683));
#9594 = CARTESIAN_POINT('',(0.829382405545,5.748972994491E-02));
#9595 = CARTESIAN_POINT('',(0.567959206252,1.930411993633E-02));
#9596 = CARTESIAN_POINT('',(0.306538699232,1.49235618013E-04));
#9597 = CARTESIAN_POINT('',(4.511691466417E-02,1.185663866289E-05));
#9598 = ( GEOMETRIC_REPRESENTATION_CONTEXT(2) 
PARAMETRIC_REPRESENTATION_CONTEXT() REPRESENTATION_CONTEXT('2D SPACE',''
  ) );
#9599 = ORIENTED_EDGE('',*,*,#9600,.T.);
#9600 = EDGE_CURVE('',#9569,#9601,#9603,.T.);
#9601 = VERTEX_POINT('',#9602);
#9602 = CARTESIAN_POINT('',(-11.83563875369,22.253060209762,
    -6.002012662869));
#9603 = SURFACE_CURVE('',#9604,(#9608,#9615),.PCURVE_S1.);
#9604 = LINE('',#9605,#9606);
#9605 = CARTESIAN_POINT('',(-12.08080451177,17.623965900858,
    -6.200496852609));
#9606 = VECTOR('',#9607,1.);
#9607 = DIRECTION('',(5.283939125661E-02,0.997686329713,
    4.277833838614E-02));
#9608 = PCURVE('',#8952,#9609);
#9609 = DEFINITIONAL_REPRESENTATION('',(#9610),#9614);
#9610 = LINE('',#9611,#9612);
#9611 = CARTESIAN_POINT('',(-1.568530707407,0.));
#9612 = VECTOR('',#9613,1.);
#9613 = DIRECTION('',(-0.,1.));
#9614 = ( GEOMETRIC_REPRESENTATION_CONTEXT(2) 
PARAMETRIC_REPRESENTATION_CONTEXT() REPRESENTATION_CONTEXT('2D SPACE',''
  ) );
#9615 = PCURVE('',#9616,#9621);
#9616 = PLANE('',#9617);
#9617 = AXIS2_PLACEMENT_3D('',#9618,#9619,#9620);
#9618 = CARTESIAN_POINT('',(-30.,22.3,-6.));
#9619 = DIRECTION('',(0.,4.28381823161E-02,-0.999082023728));
#9620 = DIRECTION('',(0.,-0.999082023728,-4.28381823161E-02));
#9621 = DEFINITIONAL_REPRESENTATION('',(#9622),#9626);
#9622 = LINE('',#9623,#9624);
#9623 = CARTESIAN_POINT('',(4.680330531517,-17.91919548822));
#9624 = VECTOR('',#9625,1.);
#9625 = DIRECTION('',(-0.998603023594,-5.283939125661E-02));
#9626 = ( GEOMETRIC_REPRESENTATION_CONTEXT(2) 
PARAMETRIC_REPRESENTATION_CONTEXT() REPRESENTATION_CONTEXT('2D SPACE',''
  ) );
#9627 = ORIENTED_EDGE('',*,*,#9628,.T.);
#9628 = EDGE_CURVE('',#9601,#8909,#9629,.T.);
#9629 = SURFACE_CURVE('',#9630,(#9635,#9641),.PCURVE_S1.);
#9630 = CIRCLE('',#9631,0.22);
#9631 = AXIS2_PLACEMENT_3D('',#9632,#9633,#9634);
#9632 = CARTESIAN_POINT('',(-11.83563875369,22.243635809653,
    -5.782214617649));
#9633 = DIRECTION('',(5.283939125664E-02,0.997686329713,
    4.277833838615E-02));
#9634 = DIRECTION('',(-0.998603023594,5.279088594922E-02,
    2.263543476132E-03));
#9635 = PCURVE('',#8952,#9636);
#9636 = DEFINITIONAL_REPRESENTATION('',(#9637),#9640);
#9637 = B_SPLINE_CURVE_WITH_KNOTS('',1,(#9638,#9639),.UNSPECIFIED.,.F.,
  .F.,(2,2),(4.712388980385,6.280919687792),.PIECEWISE_BEZIER_KNOTS.);
#9638 = CARTESIAN_POINT('',(-1.568530707407,4.639829344194));
#9639 = CARTESIAN_POINT('',(-7.993605777301E-15,4.639829344194));
#9640 = ( GEOMETRIC_REPRESENTATION_CONTEXT(2) 
PARAMETRIC_REPRESENTATION_CONTEXT() REPRESENTATION_CONTEXT('2D SPACE',''
  ) );
#9641 = PCURVE('',#9484,#9642);
#9642 = DEFINITIONAL_REPRESENTATION('',(#9643),#9646);
#9643 = B_SPLINE_CURVE_WITH_KNOTS('',1,(#9644,#9645),.UNSPECIFIED.,.F.,
  .F.,(2,2),(4.712388980385,6.280919687792),.PIECEWISE_BEZIER_KNOTS.);
#9644 = CARTESIAN_POINT('',(0.,-1.570796326795));
#9645 = CARTESIAN_POINT('',(0.,-2.265619388022E-03));
#9646 = ( GEOMETRIC_REPRESENTATION_CONTEXT(2) 
PARAMETRIC_REPRESENTATION_CONTEXT() REPRESENTATION_CONTEXT('2D SPACE',''
  ) );
#9647 = ORIENTED_EDGE('',*,*,#8936,.F.);
#9648 = ADVANCED_FACE('',(#9649),#8981,.T.);
#9649 = FACE_BOUND('',#9650,.T.);
#9650 = EDGE_LOOP('',(#9651,#9652,#9675,#9705,#9706,#9707));
#9651 = ORIENTED_EDGE('',*,*,#9568,.F.);
#9652 = ORIENTED_EDGE('',*,*,#9653,.T.);
#9653 = EDGE_CURVE('',#9569,#9654,#9656,.T.);
#9654 = VERTEX_POINT('',#9655);
#9655 = CARTESIAN_POINT('',(-10.22,17.864978012746,-6.190162845446));
#9656 = SURFACE_CURVE('',#9657,(#9661,#9668),.PCURVE_S1.);
#9657 = LINE('',#9658,#9659);
#9658 = CARTESIAN_POINT('',(-12.3,17.864978012746,-6.190162845446));
#9659 = VECTOR('',#9660,1.);
#9660 = DIRECTION('',(1.,0.,0.));
#9661 = PCURVE('',#8981,#9662);
#9662 = DEFINITIONAL_REPRESENTATION('',(#9663),#9667);
#9663 = LINE('',#9664,#9665);
#9664 = CARTESIAN_POINT('',(1.613647622071,0.));
#9665 = VECTOR('',#9666,1.);
#9666 = DIRECTION('',(0.,1.));
#9667 = ( GEOMETRIC_REPRESENTATION_CONTEXT(2) 
PARAMETRIC_REPRESENTATION_CONTEXT() REPRESENTATION_CONTEXT('2D SPACE',''
  ) );
#9668 = PCURVE('',#9616,#9669);
#9669 = DEFINITIONAL_REPRESENTATION('',(#9670),#9674);
#9670 = LINE('',#9671,#9672);
#9671 = CARTESIAN_POINT('',(4.439096972945,-17.7));
#9672 = VECTOR('',#9673,1.);
#9673 = DIRECTION('',(0.,-1.));
#9674 = ( GEOMETRIC_REPRESENTATION_CONTEXT(2) 
PARAMETRIC_REPRESENTATION_CONTEXT() REPRESENTATION_CONTEXT('2D SPACE',''
  ) );
#9675 = ORIENTED_EDGE('',*,*,#9676,.T.);
#9676 = EDGE_CURVE('',#9654,#9089,#9677,.T.);
#9677 = SURFACE_CURVE('',#9678,(#9683,#9694),.PCURVE_S1.);
#9678 = ELLIPSE('',#9679,0.311126983722,0.22);
#9679 = AXIS2_PLACEMENT_3D('',#9680,#9681,#9682);
#9680 = CARTESIAN_POINT('',(-10.22,17.855553612637,-5.970364800226));
#9681 = DIRECTION('',(-0.707106781187,-0.706457673939,
    -3.029116920942E-02));
#9682 = DIRECTION('',(0.707106781187,-0.706457673939,-3.029116920942E-02
    ));
#9683 = PCURVE('',#8981,#9684);
#9684 = DEFINITIONAL_REPRESENTATION('',(#9685),#9693);
#9685 = B_SPLINE_CURVE_WITH_KNOTS('',6,(#9686,#9687,#9688,#9689,#9690,
    #9691,#9692),.UNSPECIFIED.,.F.,.F.,(7,7),(4.712388980385,
    6.28318530718),.PIECEWISE_BEZIER_KNOTS.);
#9686 = CARTESIAN_POINT('',(1.613647622071,2.08));
#9687 = CARTESIAN_POINT('',(1.351848234272,2.137595865316));
#9688 = CARTESIAN_POINT('',(1.090049855638,2.1951873995));
#9689 = CARTESIAN_POINT('',(0.828249679372,2.245701215275));
#9690 = CARTESIAN_POINT('',(0.566448824567,2.281909975723));
#9691 = CARTESIAN_POINT('',(0.304650683075,2.3));
#9692 = CARTESIAN_POINT('',(4.285129527615E-02,2.3));
#9693 = ( GEOMETRIC_REPRESENTATION_CONTEXT(2) 
PARAMETRIC_REPRESENTATION_CONTEXT() REPRESENTATION_CONTEXT('2D SPACE',''
  ) );
#9694 = PCURVE('',#9132,#9695);
#9695 = DEFINITIONAL_REPRESENTATION('',(#9696),#9704);
#9696 = B_SPLINE_CURVE_WITH_KNOTS('',6,(#9697,#9698,#9699,#9700,#9701,
    #9702,#9703),.UNSPECIFIED.,.F.,.F.,(7,7),(4.712388980385,
    6.28318530718),.PIECEWISE_BEZIER_KNOTS.);
#9697 = CARTESIAN_POINT('',(-1.570796326795,4.439096972945));
#9698 = CARTESIAN_POINT('',(-1.308996938996,4.496692838261));
#9699 = CARTESIAN_POINT('',(-1.047198560361,4.554284372445));
#9700 = CARTESIAN_POINT('',(-0.785398384096,4.60479818822));
#9701 = CARTESIAN_POINT('',(-0.523597529291,4.641006948668));
#9702 = CARTESIAN_POINT('',(-0.261799387799,4.659096972945));
#9703 = CARTESIAN_POINT('',(7.993605777301E-15,4.659096972945));
#9704 = ( GEOMETRIC_REPRESENTATION_CONTEXT(2) 
PARAMETRIC_REPRESENTATION_CONTEXT() REPRESENTATION_CONTEXT('2D SPACE',''
  ) );
#9705 = ORIENTED_EDGE('',*,*,#9088,.T.);
#9706 = ORIENTED_EDGE('',*,*,#9230,.F.);
#9707 = ORIENTED_EDGE('',*,*,#8964,.F.);
#9708 = ADVANCED_FACE('',(#9709),#9039,.F.);
#9709 = FACE_BOUND('',#9710,.T.);
#9710 = EDGE_LOOP('',(#9711,#9712,#9733,#9734));
#9711 = ORIENTED_EDGE('',*,*,#9022,.T.);
#9712 = ORIENTED_EDGE('',*,*,#9713,.T.);
#9713 = EDGE_CURVE('',#9023,#9199,#9714,.T.);
#9714 = SEAM_CURVE('',#9715,(#9719,#9726),.PCURVE_S1.);
#9715 = LINE('',#9716,#9717);
#9716 = CARTESIAN_POINT('',(-15.,21.875,-4.3));
#9717 = VECTOR('',#9718,1.);
#9718 = DIRECTION('',(1.,0.,0.));
#9719 = PCURVE('',#9039,#9720);
#9720 = DEFINITIONAL_REPRESENTATION('',(#9721),#9725);
#9721 = LINE('',#9722,#9723);
#9722 = CARTESIAN_POINT('',(-6.28318530718,0.));
#9723 = VECTOR('',#9724,1.);
#9724 = DIRECTION('',(-0.,-1.));
#9725 = ( GEOMETRIC_REPRESENTATION_CONTEXT(2) 
PARAMETRIC_REPRESENTATION_CONTEXT() REPRESENTATION_CONTEXT('2D SPACE',''
  ) );
#9726 = PCURVE('',#9039,#9727);
#9727 = DEFINITIONAL_REPRESENTATION('',(#9728),#9732);
#9728 = LINE('',#9729,#9730);
#9729 = CARTESIAN_POINT('',(-0.,0.));
#9730 = VECTOR('',#9731,1.);
#9731 = DIRECTION('',(-0.,-1.));
#9732 = ( GEOMETRIC_REPRESENTATION_CONTEXT(2) 
PARAMETRIC_REPRESENTATION_CONTEXT() REPRESENTATION_CONTEXT('2D SPACE',''
  ) );
#9733 = ORIENTED_EDGE('',*,*,#9198,.F.);
#9734 = ORIENTED_EDGE('',*,*,#9713,.F.);
#9735 = ADVANCED_FACE('',(#9736),#9132,.T.);
#9736 = FACE_BOUND('',#9737,.F.);
#9737 = EDGE_LOOP('',(#9738,#9765,#9786,#9787));
#9738 = ORIENTED_EDGE('',*,*,#9739,.T.);
#9739 = EDGE_CURVE('',#9117,#9740,#9742,.T.);
#9740 = VERTEX_POINT('',#9741);
#9741 = CARTESIAN_POINT('',(-10.22,22.253060209762,-6.002012662869));
#9742 = SURFACE_CURVE('',#9743,(#9748,#9754),.PCURVE_S1.);
#9743 = CIRCLE('',#9744,0.22);
#9744 = AXIS2_PLACEMENT_3D('',#9745,#9746,#9747);
#9745 = CARTESIAN_POINT('',(-10.22,22.243635809653,-5.782214617649));
#9746 = DIRECTION('',(0.,0.999082023728,4.28381823161E-02));
#9747 = DIRECTION('',(0.,4.28381823161E-02,-0.999082023728));
#9748 = PCURVE('',#9132,#9749);
#9749 = DEFINITIONAL_REPRESENTATION('',(#9750),#9753);
#9750 = B_SPLINE_CURVE_WITH_KNOTS('',1,(#9751,#9752),.UNSPECIFIED.,.F.,
  .F.,(2,2),(4.712388980385,6.28318530718),.PIECEWISE_BEZIER_KNOTS.);
#9751 = CARTESIAN_POINT('',(0.,4.698291944317E-02));
#9752 = CARTESIAN_POINT('',(-1.570796326795,4.698291944317E-02));
#9753 = ( GEOMETRIC_REPRESENTATION_CONTEXT(2) 
PARAMETRIC_REPRESENTATION_CONTEXT() REPRESENTATION_CONTEXT('2D SPACE',''
  ) );
#9754 = PCURVE('',#9755,#9760);
#9755 = SPHERICAL_SURFACE('',#9756,0.22);
#9756 = AXIS2_PLACEMENT_3D('',#9757,#9758,#9759);
#9757 = CARTESIAN_POINT('',(-10.22,22.243635809653,-5.782214617649));
#9758 = DIRECTION('',(-1.,-0.,-0.));
#9759 = DIRECTION('',(0.,0.4472135955,-0.894427191));
#9760 = DEFINITIONAL_REPRESENTATION('',(#9761),#9764);
#9761 = B_SPLINE_CURVE_WITH_KNOTS('',1,(#9762,#9763),.UNSPECIFIED.,.F.,
  .F.,(2,2),(4.712388980385,6.28318530718),.PIECEWISE_BEZIER_KNOTS.);
#9762 = CARTESIAN_POINT('',(0.420796313725,-1.570796326795));
#9763 = CARTESIAN_POINT('',(0.420796313725,0.));
#9764 = ( GEOMETRIC_REPRESENTATION_CONTEXT(2) 
PARAMETRIC_REPRESENTATION_CONTEXT() REPRESENTATION_CONTEXT('2D SPACE',''
  ) );
#9765 = ORIENTED_EDGE('',*,*,#9766,.T.);
#9766 = EDGE_CURVE('',#9740,#9654,#9767,.T.);
#9767 = SURFACE_CURVE('',#9768,(#9772,#9779),.PCURVE_S1.);
#9768 = LINE('',#9769,#9770);
#9769 = CARTESIAN_POINT('',(-10.22,22.3,-6.));
#9770 = VECTOR('',#9771,1.);
#9771 = DIRECTION('',(0.,-0.999082023728,-4.28381823161E-02));
#9772 = PCURVE('',#9132,#9773);
#9773 = DEFINITIONAL_REPRESENTATION('',(#9774),#9778);
#9774 = LINE('',#9775,#9776);
#9775 = CARTESIAN_POINT('',(-1.570796326795,0.));
#9776 = VECTOR('',#9777,1.);
#9777 = DIRECTION('',(-0.,1.));
#9778 = ( GEOMETRIC_REPRESENTATION_CONTEXT(2) 
PARAMETRIC_REPRESENTATION_CONTEXT() REPRESENTATION_CONTEXT('2D SPACE',''
  ) );
#9779 = PCURVE('',#9616,#9780);
#9780 = DEFINITIONAL_REPRESENTATION('',(#9781),#9785);
#9781 = LINE('',#9782,#9783);
#9782 = CARTESIAN_POINT('',(0.,-19.78));
#9783 = VECTOR('',#9784,1.);
#9784 = DIRECTION('',(1.,0.));
#9785 = ( GEOMETRIC_REPRESENTATION_CONTEXT(2) 
PARAMETRIC_REPRESENTATION_CONTEXT() REPRESENTATION_CONTEXT('2D SPACE',''
  ) );
#9786 = ORIENTED_EDGE('',*,*,#9676,.T.);
#9787 = ORIENTED_EDGE('',*,*,#9116,.F.);
#9788 = ADVANCED_FACE('',(#9789),#9160,.T.);
#9789 = FACE_BOUND('',#9790,.F.);
#9790 = EDGE_LOOP('',(#9791,#9814,#9837,#9857));
#9791 = ORIENTED_EDGE('',*,*,#9792,.T.);
#9792 = EDGE_CURVE('',#9145,#9793,#9795,.T.);
#9793 = VERTEX_POINT('',#9794);
#9794 = CARTESIAN_POINT('',(-10.21999953503,22.647982431064,
    -5.826008784468));
#9795 = SURFACE_CURVE('',#9796,(#9800,#9808),.PCURVE_S1.);
#9796 = ( BOUNDED_CURVE() B_SPLINE_CURVE(2,(#9797,#9798,#9799),
.UNSPECIFIED.,.F.,.F.) B_SPLINE_CURVE_WITH_KNOTS((3,3),(0.,
1.138339350096),.PIECEWISE_BEZIER_KNOTS.) CURVE() 
GEOMETRIC_REPRESENTATION_ITEM() RATIONAL_B_SPLINE_CURVE((1.,
0.707106781187,1.)) REPRESENTATION_ITEM('') );
#9797 = CARTESIAN_POINT('',(-10.,22.55,-5.629032522475));
#9798 = CARTESIAN_POINT('',(-10.,22.64838699101,-5.825806504495));
#9799 = CARTESIAN_POINT('',(-10.21999953503,22.647982431064,
    -5.826008784468));
#9800 = PCURVE('',#9160,#9801);
#9801 = DEFINITIONAL_REPRESENTATION('',(#9802),#9807);
#9802 = B_SPLINE_CURVE_WITH_KNOTS('',3,(#9803,#9804,#9805,#9806),
  .UNSPECIFIED.,.F.,.F.,(4,4),(0.,1.138339350096),
  .PIECEWISE_BEZIER_KNOTS.);
#9803 = CARTESIAN_POINT('',(0.,-0.11));
#9804 = CARTESIAN_POINT('',(-0.471404520791,-0.11));
#9805 = CARTESIAN_POINT('',(-1.099391806004,-0.11));
#9806 = CARTESIAN_POINT('',(-1.570796326795,-0.11));
#9807 = ( GEOMETRIC_REPRESENTATION_CONTEXT(2) 
PARAMETRIC_REPRESENTATION_CONTEXT() REPRESENTATION_CONTEXT('2D SPACE',''
  ) );
#9808 = PCURVE('',#9394,#9809);
#9809 = DEFINITIONAL_REPRESENTATION('',(#9810),#9813);
#9810 = B_SPLINE_CURVE_WITH_KNOTS('',1,(#9811,#9812),.UNSPECIFIED.,.F.,
  .F.,(2,2),(0.,1.138339350096),.PIECEWISE_BEZIER_KNOTS.);
#9811 = CARTESIAN_POINT('',(0.,3.205458618477));
#9812 = CARTESIAN_POINT('',(1.138339350096,3.205458618477));
#9813 = ( GEOMETRIC_REPRESENTATION_CONTEXT(2) 
PARAMETRIC_REPRESENTATION_CONTEXT() REPRESENTATION_CONTEXT('2D SPACE',''
  ) );
#9814 = ORIENTED_EDGE('',*,*,#9815,.T.);
#9815 = EDGE_CURVE('',#9793,#9816,#9818,.T.);
#9816 = VERTEX_POINT('',#9817);
#9817 = CARTESIAN_POINT('',(-10.22,22.342022800663,-5.978988599669));
#9818 = SURFACE_CURVE('',#9819,(#9823,#9830),.PCURVE_S1.);
#9819 = LINE('',#9820,#9821);
#9820 = CARTESIAN_POINT('',(-10.22,22.55,-5.875));
#9821 = VECTOR('',#9822,1.);
#9822 = DIRECTION('',(0.,-0.894427191,-0.4472135955));
#9823 = PCURVE('',#9160,#9824);
#9824 = DEFINITIONAL_REPRESENTATION('',(#9825),#9829);
#9825 = LINE('',#9826,#9827);
#9826 = CARTESIAN_POINT('',(-1.570796326795,0.));
#9827 = VECTOR('',#9828,1.);
#9828 = DIRECTION('',(-0.,1.));
#9829 = ( GEOMETRIC_REPRESENTATION_CONTEXT(2) 
PARAMETRIC_REPRESENTATION_CONTEXT() REPRESENTATION_CONTEXT('2D SPACE',''
  ) );
#9830 = PCURVE('',#9529,#9831);
#9831 = DEFINITIONAL_REPRESENTATION('',(#9832),#9836);
#9832 = LINE('',#9833,#9834);
#9833 = CARTESIAN_POINT('',(0.838525491562,-19.78));
#9834 = VECTOR('',#9835,1.);
#9835 = DIRECTION('',(1.,0.));
#9836 = ( GEOMETRIC_REPRESENTATION_CONTEXT(2) 
PARAMETRIC_REPRESENTATION_CONTEXT() REPRESENTATION_CONTEXT('2D SPACE',''
  ) );
#9837 = ORIENTED_EDGE('',*,*,#9838,.F.);
#9838 = EDGE_CURVE('',#9117,#9816,#9839,.T.);
#9839 = SURFACE_CURVE('',#9840,(#9845,#9851),.PCURVE_S1.);
#9840 = CIRCLE('',#9841,0.22);
#9841 = AXIS2_PLACEMENT_3D('',#9842,#9843,#9844);
#9842 = CARTESIAN_POINT('',(-10.22,22.243635809653,-5.782214617649));
#9843 = DIRECTION('',(0.,0.894427191,0.4472135955));
#9844 = DIRECTION('',(0.,0.4472135955,-0.894427191));
#9845 = PCURVE('',#9160,#9846);
#9846 = DEFINITIONAL_REPRESENTATION('',(#9847),#9850);
#9847 = B_SPLINE_CURVE_WITH_KNOTS('',1,(#9848,#9849),.UNSPECIFIED.,.F.,
  .F.,(2,2),(4.712388980385,6.28318530718),.PIECEWISE_BEZIER_KNOTS.);
#9848 = CARTESIAN_POINT('',(0.,0.232525577744));
#9849 = CARTESIAN_POINT('',(-1.570796326795,0.232525577744));
#9850 = ( GEOMETRIC_REPRESENTATION_CONTEXT(2) 
PARAMETRIC_REPRESENTATION_CONTEXT() REPRESENTATION_CONTEXT('2D SPACE',''
  ) );
#9851 = PCURVE('',#9755,#9852);
#9852 = DEFINITIONAL_REPRESENTATION('',(#9853),#9856);
#9853 = B_SPLINE_CURVE_WITH_KNOTS('',1,(#9854,#9855),.UNSPECIFIED.,.F.,
  .F.,(2,2),(4.712388980385,6.28318530718),.PIECEWISE_BEZIER_KNOTS.);
#9854 = CARTESIAN_POINT('',(0.,-1.570796326795));
#9855 = CARTESIAN_POINT('',(0.,0.));
#9856 = ( GEOMETRIC_REPRESENTATION_CONTEXT(2) 
PARAMETRIC_REPRESENTATION_CONTEXT() REPRESENTATION_CONTEXT('2D SPACE',''
  ) );
#9857 = ORIENTED_EDGE('',*,*,#9144,.F.);
#9858 = ADVANCED_FACE('',(#9859),#9285,.F.);
#9859 = FACE_BOUND('',#9860,.F.);
#9860 = EDGE_LOOP('',(#9861,#9862,#9897,#9922));
#9861 = ORIENTED_EDGE('',*,*,#9541,.T.);
#9862 = ORIENTED_EDGE('',*,*,#9863,.T.);
#9863 = EDGE_CURVE('',#9514,#9864,#9866,.T.);
#9864 = VERTEX_POINT('',#9865);
#9865 = CARTESIAN_POINT('',(-11.28867032017,23.17838699101,
    -5.560806504495));
#9866 = SURFACE_CURVE('',#9867,(#9877,#9884),.PCURVE_S1.);
#9867 = ( BOUNDED_CURVE() B_SPLINE_CURVE(8,(#9868,#9869,#9870,#9871,
    #9872,#9873,#9874,#9875,#9876),.UNSPECIFIED.,.F.,.F.) 
B_SPLINE_CURVE_WITH_KNOTS((9,9),(0.431725513272,1.528448948202),
.PIECEWISE_BEZIER_KNOTS.) CURVE() GEOMETRIC_REPRESENTATION_ITEM() 
RATIONAL_B_SPLINE_CURVE((1.,1.,1.,1.,1.,1.,1.,1.,1.)) 
REPRESENTATION_ITEM('') );
#9868 = CARTESIAN_POINT('',(-11.81794828606,22.676052332618,
    -5.811973833691));
#9869 = CARTESIAN_POINT('',(-11.81339396596,22.763702630144,
    -5.768148684928));
#9870 = CARTESIAN_POINT('',(-11.79317461649,22.84778713054,
    -5.72610643473));
#9871 = CARTESIAN_POINT('',(-11.75928472016,22.933538441105,
    -5.683230779448));
#9872 = CARTESIAN_POINT('',(-11.70148792331,23.024559035259,
    -5.637720482371));
#9873 = CARTESIAN_POINT('',(-11.6124938724,23.103171404308,
    -5.598414297846));
#9874 = CARTESIAN_POINT('',(-11.50419595317,23.155147393682,
    -5.572426303159));
#9875 = CARTESIAN_POINT('',(-11.392759803,23.17838699101,-5.560806504495
    ));
#9876 = CARTESIAN_POINT('',(-11.28867032017,23.17838699101,
    -5.560806504495));
#9877 = PCURVE('',#9285,#9878);
#9878 = DEFINITIONAL_REPRESENTATION('',(#9879),#9883);
#9879 = LINE('',#9880,#9881);
#9880 = CARTESIAN_POINT('',(1.09672343493,0.));
#9881 = VECTOR('',#9882,1.);
#9882 = DIRECTION('',(0.,1.));
#9883 = ( GEOMETRIC_REPRESENTATION_CONTEXT(2) 
PARAMETRIC_REPRESENTATION_CONTEXT() REPRESENTATION_CONTEXT('2D SPACE',''
  ) );
#9884 = PCURVE('',#9529,#9885);
#9885 = DEFINITIONAL_REPRESENTATION('',(#9886),#9896);
#9886 = B_SPLINE_CURVE_WITH_KNOTS('',8,(#9887,#9888,#9889,#9890,#9891,
    #9892,#9893,#9894,#9895),.UNSPECIFIED.,.F.,.F.,(9,9),(0.431725513272
    ,1.528448948202),.PIECEWISE_BEZIER_KNOTS.);
#9887 = CARTESIAN_POINT('',(0.697594699334,-18.18205171393));
#9888 = CARTESIAN_POINT('',(0.599598687577,-18.18660603403));
#9889 = CARTESIAN_POINT('',(0.505589358206,-18.2068253835));
#9890 = CARTESIAN_POINT('',(0.409716478415,-18.24071527983));
#9891 = CARTESIAN_POINT('',(0.307952360475,-18.29851207669));
#9892 = CARTESIAN_POINT('',(0.220061059942,-18.38750612759));
#9893 = CARTESIAN_POINT('',(0.161950137223,-18.49580404682));
#9894 = CARTESIAN_POINT('',(0.135967477525,-18.60724019699));
#9895 = CARTESIAN_POINT('',(0.135967477525,-18.71132967982));
#9896 = ( GEOMETRIC_REPRESENTATION_CONTEXT(2) 
PARAMETRIC_REPRESENTATION_CONTEXT() REPRESENTATION_CONTEXT('2D SPACE',''
  ) );
#9897 = ORIENTED_EDGE('',*,*,#9898,.F.);
#9898 = EDGE_CURVE('',#9258,#9864,#9899,.T.);
#9899 = SURFACE_CURVE('',#9900,(#9904,#9910),.PCURVE_S1.);
#9900 = ( BOUNDED_CURVE() B_SPLINE_CURVE(2,(#9901,#9902,#9903),
.UNSPECIFIED.,.F.,.F.) B_SPLINE_CURVE_WITH_KNOTS((3,3),(0.,1.09672343493
),.PIECEWISE_BEZIER_KNOTS.) CURVE() GEOMETRIC_REPRESENTATION_ITEM() 
RATIONAL_B_SPLINE_CURVE((1.,0.850650808352,1.)) REPRESENTATION_ITEM('') 
  );
#9901 = CARTESIAN_POINT('',(-11.28867032017,23.3,-5.364032522475));
#9902 = CARTESIAN_POINT('',(-11.28867032017,23.3,-5.5));
#9903 = CARTESIAN_POINT('',(-11.28867032017,23.17838699101,
    -5.560806504495));
#9904 = PCURVE('',#9285,#9905);
#9905 = DEFINITIONAL_REPRESENTATION('',(#9906),#9909);
#9906 = B_SPLINE_CURVE_WITH_KNOTS('',1,(#9907,#9908),.UNSPECIFIED.,.F.,
  .F.,(2,2),(0.,1.09672343493),.PIECEWISE_BEZIER_KNOTS.);
#9907 = CARTESIAN_POINT('',(0.,1.528448948202));
#9908 = CARTESIAN_POINT('',(1.09672343493,1.528448948202));
#9909 = ( GEOMETRIC_REPRESENTATION_CONTEXT(2) 
PARAMETRIC_REPRESENTATION_CONTEXT() REPRESENTATION_CONTEXT('2D SPACE',''
  ) );
#9910 = PCURVE('',#9451,#9911);
#9911 = DEFINITIONAL_REPRESENTATION('',(#9912),#9921);
#9912 = B_SPLINE_CURVE_WITH_KNOTS('',7,(#9913,#9914,#9915,#9916,#9917,
    #9918,#9919,#9920),.UNSPECIFIED.,.F.,.F.,(8,8),(0.,1.09672343493),
  .PIECEWISE_BEZIER_KNOTS.);
#9913 = CARTESIAN_POINT('',(1.110223024625E-16,0.));
#9914 = CARTESIAN_POINT('',(-0.150208889177,0.));
#9915 = CARTESIAN_POINT('',(-0.307896460783,0.));
#9916 = CARTESIAN_POINT('',(-0.470957493901,0.));
#9917 = CARTESIAN_POINT('',(-0.636191223893,0.));
#9918 = CARTESIAN_POINT('',(-0.799252257011,0.));
#9919 = CARTESIAN_POINT('',(-0.956939828617,0.));
#9920 = CARTESIAN_POINT('',(-1.107148717794,0.));
#9921 = ( GEOMETRIC_REPRESENTATION_CONTEXT(2) 
PARAMETRIC_REPRESENTATION_CONTEXT() REPRESENTATION_CONTEXT('2D SPACE',''
  ) );
#9922 = ORIENTED_EDGE('',*,*,#9257,.F.);
#9923 = ADVANCED_FACE('',(#9924),#9394,.F.);
#9924 = FACE_BOUND('',#9925,.F.);
#9925 = EDGE_LOOP('',(#9926,#9980,#10013,#10014));
#9926 = ORIENTED_EDGE('',*,*,#9927,.T.);
#9927 = EDGE_CURVE('',#9346,#9928,#9930,.T.);
#9928 = VERTEX_POINT('',#9929);
#9929 = CARTESIAN_POINT('',(-10.75,23.17838699101,-5.560806504495));
#9930 = SURFACE_CURVE('',#9931,(#9936,#9974),.PCURVE_S1.);
#9931 = CIRCLE('',#9932,0.22);
#9932 = AXIS2_PLACEMENT_3D('',#9933,#9934,#9935);
#9933 = CARTESIAN_POINT('',(-10.75,23.08,-5.364032522475));
#9934 = DIRECTION('',(-1.,0.,-0.));
#9935 = DIRECTION('',(-0.,1.,0.));
#9936 = PCURVE('',#9394,#9937);
#9937 = DEFINITIONAL_REPRESENTATION('',(#9938),#9973);
#9938 = B_SPLINE_CURVE_WITH_KNOTS('',9,(#9939,#9940,#9941,#9942,#9943,
    #9944,#9945,#9946,#9947,#9948,#9949,#9950,#9951,#9952,#9953,#9954,
    #9955,#9956,#9957,#9958,#9959,#9960,#9961,#9962,#9963,#9964,#9965,
    #9966,#9967,#9968,#9969,#9970,#9971,#9972),.UNSPECIFIED.,.F.,.F.,(10
    ,8,8,8,10),(0.,0.276787179449,0.553574358897,0.830361538346,
    1.107148717794),.UNSPECIFIED.);
#9939 = CARTESIAN_POINT('',(0.,2.067119268381));
#9940 = CARTESIAN_POINT('',(3.329519287047E-02,2.067119268381));
#9941 = CARTESIAN_POINT('',(6.626379546793E-02,2.067119268381));
#9942 = CARTESIAN_POINT('',(9.893353128436E-02,2.067119268381));
#9943 = CARTESIAN_POINT('',(0.131324558947,2.067119268381));
#9944 = CARTESIAN_POINT('',(0.163485427818,2.067119268381));
#9945 = CARTESIAN_POINT('',(0.195405384721,2.067119268381));
#9946 = CARTESIAN_POINT('',(0.227142436975,2.067119268381));
#9947 = CARTESIAN_POINT('',(0.258699607404,2.067119268381));
#9948 = CARTESIAN_POINT('',(0.321512262903,2.067119268381));
#9949 = CARTESIAN_POINT('',(0.352767181404,2.067119268381));
#9950 = CARTESIAN_POINT('',(0.383892553303,2.067119268381));
#9951 = CARTESIAN_POINT('',(0.414915153125,2.067119268381));
#9952 = CARTESIAN_POINT('',(0.445851221972,2.067119268381));
#9953 = CARTESIAN_POINT('',(0.476721183729,2.067119268381));
#9954 = CARTESIAN_POINT('',(0.507551369705,2.067119268381));
#9955 = CARTESIAN_POINT('',(0.538360511544,2.067119268381));
#9956 = CARTESIAN_POINT('',(0.599978838552,2.067119268381));
#9957 = CARTESIAN_POINT('',(0.630787980391,2.067119268381));
#9958 = CARTESIAN_POINT('',(0.661618166367,2.067119268381));
#9959 = CARTESIAN_POINT('',(0.692488128124,2.067119268381));
#9960 = CARTESIAN_POINT('',(0.723424196971,2.067119268381));
#9961 = CARTESIAN_POINT('',(0.754446796792,2.067119268381));
#9962 = CARTESIAN_POINT('',(0.785572168692,2.067119268381));
#9963 = CARTESIAN_POINT('',(0.816827087193,2.067119268381));
#9964 = CARTESIAN_POINT('',(0.879639742692,2.067119268381));
#9965 = CARTESIAN_POINT('',(0.911196913121,2.067119268381));
#9966 = CARTESIAN_POINT('',(0.942933965375,2.067119268381));
#9967 = CARTESIAN_POINT('',(0.974853922277,2.067119268381));
#9968 = CARTESIAN_POINT('',(1.007014791149,2.067119268381));
#9969 = CARTESIAN_POINT('',(1.039405818811,2.067119268381));
#9970 = CARTESIAN_POINT('',(1.072075554628,2.067119268381));
#9971 = CARTESIAN_POINT('',(1.105044157225,2.067119268381));
#9972 = CARTESIAN_POINT('',(1.138339350096,2.067119268381));
#9973 = ( GEOMETRIC_REPRESENTATION_CONTEXT(2) 
PARAMETRIC_REPRESENTATION_CONTEXT() REPRESENTATION_CONTEXT('2D SPACE',''
  ) );
#9974 = PCURVE('',#9451,#9975);
#9975 = DEFINITIONAL_REPRESENTATION('',(#9976),#9979);
#9976 = B_SPLINE_CURVE_WITH_KNOTS('',1,(#9977,#9978),.UNSPECIFIED.,.F.,
  .F.,(2,2),(0.,1.107148717794),.PIECEWISE_BEZIER_KNOTS.);
#9977 = CARTESIAN_POINT('',(0.,0.538670320179));
#9978 = CARTESIAN_POINT('',(-1.107148717794,0.538670320179));
#9979 = ( GEOMETRIC_REPRESENTATION_CONTEXT(2) 
PARAMETRIC_REPRESENTATION_CONTEXT() REPRESENTATION_CONTEXT('2D SPACE',''
  ) );
#9980 = ORIENTED_EDGE('',*,*,#9981,.T.);
#9981 = EDGE_CURVE('',#9928,#9793,#9982,.T.);
#9982 = SURFACE_CURVE('',#9983,(#9993,#10000),.PCURVE_S1.);
#9983 = ( BOUNDED_CURVE() B_SPLINE_CURVE(8,(#9984,#9985,#9986,#9987,
    #9988,#9989,#9990,#9991,#9992),.UNSPECIFIED.,.F.,.F.) 
B_SPLINE_CURVE_WITH_KNOTS((9,9),(2.067119268381,3.205458618477),
.PIECEWISE_BEZIER_KNOTS.) CURVE() GEOMETRIC_REPRESENTATION_ITEM() 
RATIONAL_B_SPLINE_CURVE((1.,1.,1.,1.,1.,1.,1.,1.,1.)) 
REPRESENTATION_ITEM('') );
#9984 = CARTESIAN_POINT('',(-10.75,23.17838699101,-5.560806504495));
#9985 = CARTESIAN_POINT('',(-10.6424204405,23.17838699101,
    -5.560806504495));
#9986 = CARTESIAN_POINT('',(-10.52695618688,23.153552991812,
    -5.573223504094));
#9987 = CARTESIAN_POINT('',(-10.41472684028,23.0977132273,-5.60114338635
    ));
#9988 = CARTESIAN_POINT('',(-10.32396509972,23.013079962888,
    -5.643460018556));
#9989 = CARTESIAN_POINT('',(-10.26744165699,22.915904524639,
    -5.69204773768));
#9990 = CARTESIAN_POINT('',(-10.23655245384,22.825703527071,
    -5.737148236464));
#9991 = CARTESIAN_POINT('',(-10.21989961336,22.738274956216,
    -5.780862521892));
#9992 = CARTESIAN_POINT('',(-10.21999953503,22.647982431064,
    -5.826008784468));
#9993 = PCURVE('',#9394,#9994);
#9994 = DEFINITIONAL_REPRESENTATION('',(#9995),#9999);
#9995 = LINE('',#9996,#9997);
#9996 = CARTESIAN_POINT('',(1.138339350096,0.));
#9997 = VECTOR('',#9998,1.);
#9998 = DIRECTION('',(0.,1.));
#9999 = ( GEOMETRIC_REPRESENTATION_CONTEXT(2) 
PARAMETRIC_REPRESENTATION_CONTEXT() REPRESENTATION_CONTEXT('2D SPACE',''
  ) );
#10000 = PCURVE('',#9529,#10001);
#10001 = DEFINITIONAL_REPRESENTATION('',(#10002),#10012);
#10002 = B_SPLINE_CURVE_WITH_KNOTS('',8,(#10003,#10004,#10005,#10006,
    #10007,#10008,#10009,#10010,#10011),.UNSPECIFIED.,.F.,.F.,(9,9),(
    2.067119268381,3.205458618477),.PIECEWISE_BEZIER_KNOTS.);
#10003 = CARTESIAN_POINT('',(0.135967477525,-19.25));
#10004 = CARTESIAN_POINT('',(0.135967477525,-19.35757955949));
#10005 = CARTESIAN_POINT('',(0.163732732705,-19.47304381311));
#10006 = CARTESIAN_POINT('',(0.226163487353,-19.58527315971));
#10007 = CARTESIAN_POINT('',(0.320786353545,-19.67603490027));
#10008 = CARTESIAN_POINT('',(0.429431796378,-19.732558343));
#10009 = CARTESIAN_POINT('',(0.530279577478,-19.76344754615));
#10010 = CARTESIAN_POINT('',(0.628027691283,-19.78010038663));
#10011 = CARTESIAN_POINT('',(0.728977803333,-19.78000046496));
#10012 = ( GEOMETRIC_REPRESENTATION_CONTEXT(2) 
PARAMETRIC_REPRESENTATION_CONTEXT() REPRESENTATION_CONTEXT('2D SPACE',''
  ) );
#10013 = ORIENTED_EDGE('',*,*,#9792,.F.);
#10014 = ORIENTED_EDGE('',*,*,#9368,.F.);
#10015 = ADVANCED_FACE('',(#10016),#9451,.T.);
#10016 = FACE_BOUND('',#10017,.F.);
#10017 = EDGE_LOOP('',(#10018,#10019,#10040,#10041));
#10018 = ORIENTED_EDGE('',*,*,#9898,.T.);
#10019 = ORIENTED_EDGE('',*,*,#10020,.T.);
#10020 = EDGE_CURVE('',#9864,#9928,#10021,.T.);
#10021 = SURFACE_CURVE('',#10022,(#10026,#10033),.PCURVE_S1.);
#10022 = LINE('',#10023,#10024);
#10023 = CARTESIAN_POINT('',(-11.28867032017,23.17838699101,
    -5.560806504495));
#10024 = VECTOR('',#10025,1.);
#10025 = DIRECTION('',(1.,0.,0.));
#10026 = PCURVE('',#9451,#10027);
#10027 = DEFINITIONAL_REPRESENTATION('',(#10028),#10032);
#10028 = LINE('',#10029,#10030);
#10029 = CARTESIAN_POINT('',(-1.107148717794,0.));
#10030 = VECTOR('',#10031,1.);
#10031 = DIRECTION('',(-0.,1.));
#10032 = ( GEOMETRIC_REPRESENTATION_CONTEXT(2) 
PARAMETRIC_REPRESENTATION_CONTEXT() REPRESENTATION_CONTEXT('2D SPACE',''
  ) );
#10033 = PCURVE('',#9529,#10034);
#10034 = DEFINITIONAL_REPRESENTATION('',(#10035),#10039);
#10035 = LINE('',#10036,#10037);
#10036 = CARTESIAN_POINT('',(0.135967477525,-18.71132967982));
#10037 = VECTOR('',#10038,1.);
#10038 = DIRECTION('',(0.,-1.));
#10039 = ( GEOMETRIC_REPRESENTATION_CONTEXT(2) 
PARAMETRIC_REPRESENTATION_CONTEXT() REPRESENTATION_CONTEXT('2D SPACE',''
  ) );
#10040 = ORIENTED_EDGE('',*,*,#9927,.F.);
#10041 = ORIENTED_EDGE('',*,*,#9437,.F.);
#10042 = ADVANCED_FACE('',(#10043),#9484,.T.);
#10043 = FACE_BOUND('',#10044,.F.);
#10044 = EDGE_LOOP('',(#10045,#10046,#10071));
#10045 = ORIENTED_EDGE('',*,*,#9628,.F.);
#10046 = ORIENTED_EDGE('',*,*,#10047,.T.);
#10047 = EDGE_CURVE('',#9601,#9468,#10048,.T.);
#10048 = SURFACE_CURVE('',#10049,(#10054,#10060),.PCURVE_S1.);
#10049 = CIRCLE('',#10050,0.22);
#10050 = AXIS2_PLACEMENT_3D('',#10051,#10052,#10053);
#10051 = CARTESIAN_POINT('',(-11.83563875369,22.243635809653,
    -5.782214617649));
#10052 = DIRECTION('',(1.,2.280064687854E-15,-7.984004569963E-15));
#10053 = DIRECTION('',(-1.93595139919E-15,0.999082023728,
    4.283818231611E-02));
#10054 = PCURVE('',#9484,#10055);
#10055 = DEFINITIONAL_REPRESENTATION('',(#10056),#10059);
#10056 = B_SPLINE_CURVE_WITH_KNOTS('',1,(#10057,#10058),.UNSPECIFIED.,
  .F.,.F.,(2,2),(4.712388980385,5.133185294109),
  .PIECEWISE_BEZIER_KNOTS.);
#10057 = CARTESIAN_POINT('',(-1.517932316653,-1.570796326795));
#10058 = CARTESIAN_POINT('',(-1.517932316653,-1.15000001307));
#10059 = ( GEOMETRIC_REPRESENTATION_CONTEXT(2) 
PARAMETRIC_REPRESENTATION_CONTEXT() REPRESENTATION_CONTEXT('2D SPACE',''
  ) );
#10060 = PCURVE('',#10061,#10066);
#10061 = CYLINDRICAL_SURFACE('',#10062,0.22);
#10062 = AXIS2_PLACEMENT_3D('',#10063,#10064,#10065);
#10063 = CARTESIAN_POINT('',(-12.05296192769,22.243635809653,
    -5.782214617649));
#10064 = DIRECTION('',(1.,0.,0.));
#10065 = DIRECTION('',(0.,4.28381823161E-02,-0.999082023728));
#10066 = DEFINITIONAL_REPRESENTATION('',(#10067),#10070);
#10067 = B_SPLINE_CURVE_WITH_KNOTS('',1,(#10068,#10069),.UNSPECIFIED.,
  .F.,.F.,(2,2),(4.712388980385,5.133185294109),
  .PIECEWISE_BEZIER_KNOTS.);
#10068 = CARTESIAN_POINT('',(0.,0.217323174));
#10069 = CARTESIAN_POINT('',(0.420796313725,0.217323174));
#10070 = ( GEOMETRIC_REPRESENTATION_CONTEXT(2) 
PARAMETRIC_REPRESENTATION_CONTEXT() REPRESENTATION_CONTEXT('2D SPACE',''
  ) );
#10071 = ORIENTED_EDGE('',*,*,#9467,.F.);
#10072 = ADVANCED_FACE('',(#10073),#9529,.T.);
#10073 = FACE_BOUND('',#10074,.T.);
#10074 = EDGE_LOOP('',(#10075,#10076,#10077,#10078,#10079,#10080));
#10075 = ORIENTED_EDGE('',*,*,#9513,.T.);
#10076 = ORIENTED_EDGE('',*,*,#9863,.T.);
#10077 = ORIENTED_EDGE('',*,*,#10020,.T.);
#10078 = ORIENTED_EDGE('',*,*,#9981,.T.);
#10079 = ORIENTED_EDGE('',*,*,#9815,.T.);
#10080 = ORIENTED_EDGE('',*,*,#10081,.F.);
#10081 = EDGE_CURVE('',#9468,#9816,#10082,.T.);
#10082 = SURFACE_CURVE('',#10083,(#10087,#10094),.PCURVE_S1.);
#10083 = LINE('',#10084,#10085);
#10084 = CARTESIAN_POINT('',(-12.05296192769,22.342022800663,
    -5.978988599669));
#10085 = VECTOR('',#10086,1.);
#10086 = DIRECTION('',(1.,0.,0.));
#10087 = PCURVE('',#9529,#10088);
#10088 = DEFINITIONAL_REPRESENTATION('',(#10089),#10093);
#10089 = LINE('',#10090,#10091);
#10090 = CARTESIAN_POINT('',(1.071051069307,-17.9470380723));
#10091 = VECTOR('',#10092,1.);
#10092 = DIRECTION('',(0.,-1.));
#10093 = ( GEOMETRIC_REPRESENTATION_CONTEXT(2) 
PARAMETRIC_REPRESENTATION_CONTEXT() REPRESENTATION_CONTEXT('2D SPACE',''
  ) );
#10094 = PCURVE('',#10061,#10095);
#10095 = DEFINITIONAL_REPRESENTATION('',(#10096),#10100);
#10096 = LINE('',#10097,#10098);
#10097 = CARTESIAN_POINT('',(0.420796313725,0.));
#10098 = VECTOR('',#10099,1.);
#10099 = DIRECTION('',(0.,1.));
#10100 = ( GEOMETRIC_REPRESENTATION_CONTEXT(2) 
PARAMETRIC_REPRESENTATION_CONTEXT() REPRESENTATION_CONTEXT('2D SPACE',''
  ) );
#10101 = ADVANCED_FACE('',(#10102),#9616,.T.);
#10102 = FACE_BOUND('',#10103,.T.);
#10103 = EDGE_LOOP('',(#10104,#10105,#10106,#10127));
#10104 = ORIENTED_EDGE('',*,*,#9653,.F.);
#10105 = ORIENTED_EDGE('',*,*,#9600,.T.);
#10106 = ORIENTED_EDGE('',*,*,#10107,.T.);
#10107 = EDGE_CURVE('',#9601,#9740,#10108,.T.);
#10108 = SURFACE_CURVE('',#10109,(#10113,#10120),.PCURVE_S1.);
#10109 = LINE('',#10110,#10111);
#10110 = CARTESIAN_POINT('',(-12.05296192769,22.253060209762,
    -6.002012662869));
#10111 = VECTOR('',#10112,1.);
#10112 = DIRECTION('',(1.,0.,0.));
#10113 = PCURVE('',#9616,#10114);
#10114 = DEFINITIONAL_REPRESENTATION('',(#10115),#10119);
#10115 = LINE('',#10116,#10117);
#10116 = CARTESIAN_POINT('',(4.698291944317E-02,-17.9470380723));
#10117 = VECTOR('',#10118,1.);
#10118 = DIRECTION('',(0.,-1.));
#10119 = ( GEOMETRIC_REPRESENTATION_CONTEXT(2) 
PARAMETRIC_REPRESENTATION_CONTEXT() REPRESENTATION_CONTEXT('2D SPACE',''
  ) );
#10120 = PCURVE('',#10061,#10121);
#10121 = DEFINITIONAL_REPRESENTATION('',(#10122),#10126);
#10122 = LINE('',#10123,#10124);
#10123 = CARTESIAN_POINT('',(0.,0.));
#10124 = VECTOR('',#10125,1.);
#10125 = DIRECTION('',(0.,1.));
#10126 = ( GEOMETRIC_REPRESENTATION_CONTEXT(2) 
PARAMETRIC_REPRESENTATION_CONTEXT() REPRESENTATION_CONTEXT('2D SPACE',''
  ) );
#10127 = ORIENTED_EDGE('',*,*,#9766,.T.);
#10128 = ADVANCED_FACE('',(#10129),#9755,.T.);
#10129 = FACE_BOUND('',#10130,.T.);
#10130 = EDGE_LOOP('',(#10131,#10132,#10133));
#10131 = ORIENTED_EDGE('',*,*,#9838,.F.);
#10132 = ORIENTED_EDGE('',*,*,#9739,.T.);
#10133 = ORIENTED_EDGE('',*,*,#10134,.F.);
#10134 = EDGE_CURVE('',#9816,#9740,#10135,.T.);
#10135 = SURFACE_CURVE('',#10136,(#10141,#10148),.PCURVE_S1.);
#10136 = CIRCLE('',#10137,0.22);
#10137 = AXIS2_PLACEMENT_3D('',#10138,#10139,#10140);
#10138 = CARTESIAN_POINT('',(-10.22,22.243635809653,-5.782214617649));
#10139 = DIRECTION('',(-1.,0.,-0.));
#10140 = DIRECTION('',(0.,0.4472135955,-0.894427191));
#10141 = PCURVE('',#9755,#10142);
#10142 = DEFINITIONAL_REPRESENTATION('',(#10143),#10147);
#10143 = LINE('',#10144,#10145);
#10144 = CARTESIAN_POINT('',(0.,0.));
#10145 = VECTOR('',#10146,1.);
#10146 = DIRECTION('',(1.,0.));
#10147 = ( GEOMETRIC_REPRESENTATION_CONTEXT(2) 
PARAMETRIC_REPRESENTATION_CONTEXT() REPRESENTATION_CONTEXT('2D SPACE',''
  ) );
#10148 = PCURVE('',#10061,#10149);
#10149 = DEFINITIONAL_REPRESENTATION('',(#10150),#10154);
#10150 = LINE('',#10151,#10152);
#10151 = CARTESIAN_POINT('',(0.420796313725,1.832961927695));
#10152 = VECTOR('',#10153,1.);
#10153 = DIRECTION('',(-1.,-0.));
#10154 = ( GEOMETRIC_REPRESENTATION_CONTEXT(2) 
PARAMETRIC_REPRESENTATION_CONTEXT() REPRESENTATION_CONTEXT('2D SPACE',''
  ) );
#10155 = ADVANCED_FACE('',(#10156),#10061,.T.);
#10156 = FACE_BOUND('',#10157,.T.);
#10157 = EDGE_LOOP('',(#10158,#10159,#10160,#10161));
#10158 = ORIENTED_EDGE('',*,*,#10047,.T.);
#10159 = ORIENTED_EDGE('',*,*,#10081,.T.);
#10160 = ORIENTED_EDGE('',*,*,#10134,.T.);
#10161 = ORIENTED_EDGE('',*,*,#10107,.F.);
#10162 = ( GEOMETRIC_REPRESENTATION_CONTEXT(3) 
GLOBAL_UNCERTAINTY_ASSIGNED_CONTEXT((#10166)) 
GLOBAL_UNIT_ASSIGNED_CONTEXT((#10163,#10164,#10165)) 
REPRESENTATION_CONTEXT('Context #1',
  '3D Context with UNIT and UNCERTAINTY') );
#10163 = ( LENGTH_UNIT() NAMED_UNIT(*) SI_UNIT(.MILLI.,.METRE.) );
#10164 = ( NAMED_UNIT(*) PLANE_ANGLE_UNIT() SI_UNIT($,.RADIAN.) );
#10165 = ( NAMED_UNIT(*) SI_UNIT($,.STERADIAN.) SOLID_ANGLE_UNIT() );
#10166 = UNCERTAINTY_MEASURE_WITH_UNIT(LENGTH_MEASURE(2.E-03),#10163,
  'distance_accuracy_value','confusion accuracy');
#10167 = CONTEXT_DEPENDENT_SHAPE_REPRESENTATION(#10168,#10170);
#10168 = ( REPRESENTATION_RELATIONSHIP('','',#7989,#10) 
REPRESENTATION_RELATIONSHIP_WITH_TRANSFORMATION(#10169) 
SHAPE_REPRESENTATION_RELATIONSHIP() );
#10169 = ITEM_DEFINED_TRANSFORMATION('','',#11,#27);
#10170 = PRODUCT_DEFINITION_SHAPE('Placement','Placement of an item',
  #10171);
#10171 = NEXT_ASSEMBLY_USAGE_OCCURRENCE('4','','',#5,#7984,$);
#10172 = PRODUCT_RELATED_PRODUCT_CATEGORY('part',$,(#7986));
#10173 = SHAPE_DEFINITION_REPRESENTATION(#10174,#10180);
#10174 = PRODUCT_DEFINITION_SHAPE('','',#10175);
#10175 = PRODUCT_DEFINITION('design','',#10176,#10179);
#10176 = PRODUCT_DEFINITION_FORMATION('','',#10177);
#10177 = PRODUCT('Open CASCADE STEP translator 7.9 1.5',
  'Open CASCADE STEP translator 7.9 1.5','',(#10178));
#10178 = PRODUCT_CONTEXT('',#2,'mechanical');
#10179 = PRODUCT_DEFINITION_CONTEXT('part definition',#2,'design');
#10180 = ADVANCED_BREP_SHAPE_REPRESENTATION('',(#11,#10181),#12335);
#10181 = MANIFOLD_SOLID_BREP('',#10182);
#10182 = CLOSED_SHELL('',(#10183,#10303,#10515,#10601,#10685,#10772,
    #10824,#10873,#10943,#11040,#11072,#11252,#11412,#11439,#11528,
    #11617,#11649,#11729,#11813,#11873,#11900,#11953,#12026,#12118,
    #12183,#12210,#12244,#12274,#12301,#12328));
#10183 = ADVANCED_FACE('',(#10184),#10198,.F.);
#10184 = FACE_BOUND('',#10185,.F.);
#10185 = EDGE_LOOP('',(#10186,#10221,#10249,#10277));
#10186 = ORIENTED_EDGE('',*,*,#10187,.F.);
#10187 = EDGE_CURVE('',#10188,#10190,#10192,.T.);
#10188 = VERTEX_POINT('',#10189);
#10189 = CARTESIAN_POINT('',(-11.84760294677,-22.1,1.01));
#10190 = VERTEX_POINT('',#10191);
#10191 = CARTESIAN_POINT('',(-10.22,-22.1,1.01));
#10192 = SURFACE_CURVE('',#10193,(#10197,#10209),.PCURVE_S1.);
#10193 = LINE('',#10194,#10195);
#10194 = CARTESIAN_POINT('',(-30.,-22.1,1.01));
#10195 = VECTOR('',#10196,1.);
#10196 = DIRECTION('',(1.,0.,0.));
#10197 = PCURVE('',#10198,#10203);
#10198 = PLANE('',#10199);
#10199 = AXIS2_PLACEMENT_3D('',#10200,#10201,#10202);
#10200 = CARTESIAN_POINT('',(-30.,-17.63555361263,2.81));
#10201 = DIRECTION('',(0.,0.373936172149,-0.927454440476));
#10202 = DIRECTION('',(0.,-0.927454440476,-0.373936172149));
#10203 = DEFINITIONAL_REPRESENTATION('',(#10204),#10208);
#10204 = LINE('',#10205,#10206);
#10205 = CARTESIAN_POINT('',(4.813655736095,0.));
#10206 = VECTOR('',#10207,1.);
#10207 = DIRECTION('',(0.,-1.));
#10208 = ( GEOMETRIC_REPRESENTATION_CONTEXT(2) 
PARAMETRIC_REPRESENTATION_CONTEXT() REPRESENTATION_CONTEXT('2D SPACE',''
  ) );
#10209 = PCURVE('',#10210,#10215);
#10210 = PLANE('',#10211);
#10211 = AXIS2_PLACEMENT_3D('',#10212,#10213,#10214);
#10212 = CARTESIAN_POINT('',(-30.,-22.1,1.01));
#10213 = DIRECTION('',(0.,0.4472135955,-0.894427191));
#10214 = DIRECTION('',(0.,-0.894427191,-0.4472135955));
#10215 = DEFINITIONAL_REPRESENTATION('',(#10216),#10220);
#10216 = LINE('',#10217,#10218);
#10217 = CARTESIAN_POINT('',(0.,0.));
#10218 = VECTOR('',#10219,1.);
#10219 = DIRECTION('',(0.,-1.));
#10220 = ( GEOMETRIC_REPRESENTATION_CONTEXT(2) 
PARAMETRIC_REPRESENTATION_CONTEXT() REPRESENTATION_CONTEXT('2D SPACE',''
  ) );
#10221 = ORIENTED_EDGE('',*,*,#10222,.F.);
#10222 = EDGE_CURVE('',#10223,#10188,#10225,.T.);
#10223 = VERTEX_POINT('',#10224);
#10224 = CARTESIAN_POINT('',(-12.06804004573,-17.93781957051,
    2.688130751954));
#10225 = SURFACE_CURVE('',#10226,(#10230,#10237),.PCURVE_S1.);
#10226 = LINE('',#10227,#10228);
#10227 = CARTESIAN_POINT('',(-12.08456841658,-17.62573933527,
    2.813956974217));
#10228 = VECTOR('',#10229,1.);
#10229 = DIRECTION('',(4.906062510598E-02,-0.926337602145,
    -0.373485879141));
#10230 = PCURVE('',#10198,#10231);
#10231 = DEFINITIONAL_REPRESENTATION('',(#10232),#10236);
#10232 = LINE('',#10233,#10234);
#10233 = CARTESIAN_POINT('',(-1.05819509088E-02,-17.91543158341));
#10234 = VECTOR('',#10235,1.);
#10235 = DIRECTION('',(0.998795802486,-4.906062510598E-02));
#10236 = ( GEOMETRIC_REPRESENTATION_CONTEXT(2) 
PARAMETRIC_REPRESENTATION_CONTEXT() REPRESENTATION_CONTEXT('2D SPACE',''
  ) );
#10237 = PCURVE('',#10238,#10243);
#10238 = CYLINDRICAL_SURFACE('',#10239,0.22);
#10239 = AXIS2_PLACEMENT_3D('',#10240,#10241,#10242);
#10240 = CARTESIAN_POINT('',(-12.08456841658,-17.5434733774,
    2.609916997312));
#10241 = DIRECTION('',(4.906062510598E-02,-0.926337602145,
    -0.373485879141));
#10242 = DIRECTION('',(0.,-0.373936172149,0.927454440476));
#10243 = DEFINITIONAL_REPRESENTATION('',(#10244),#10248);
#10244 = LINE('',#10245,#10246);
#10245 = CARTESIAN_POINT('',(0.,0.));
#10246 = VECTOR('',#10247,1.);
#10247 = DIRECTION('',(0.,1.));
#10248 = ( GEOMETRIC_REPRESENTATION_CONTEXT(2) 
PARAMETRIC_REPRESENTATION_CONTEXT() REPRESENTATION_CONTEXT('2D SPACE',''
  ) );
#10249 = ORIENTED_EDGE('',*,*,#10250,.T.);
#10250 = EDGE_CURVE('',#10223,#10251,#10253,.T.);
#10251 = VERTEX_POINT('',#10252);
#10252 = CARTESIAN_POINT('',(-10.22,-17.93781957051,2.688130751954));
#10253 = SURFACE_CURVE('',#10254,(#10258,#10265),.PCURVE_S1.);
#10254 = LINE('',#10255,#10256);
#10255 = CARTESIAN_POINT('',(-12.3,-17.93781957051,2.688130751954));
#10256 = VECTOR('',#10257,1.);
#10257 = DIRECTION('',(1.,0.,0.));
#10258 = PCURVE('',#10198,#10259);
#10259 = DEFINITIONAL_REPRESENTATION('',(#10260),#10264);
#10260 = LINE('',#10261,#10262);
#10261 = CARTESIAN_POINT('',(0.325909224951,-17.7));
#10262 = VECTOR('',#10263,1.);
#10263 = DIRECTION('',(0.,-1.));
#10264 = ( GEOMETRIC_REPRESENTATION_CONTEXT(2) 
PARAMETRIC_REPRESENTATION_CONTEXT() REPRESENTATION_CONTEXT('2D SPACE',''
  ) );
#10265 = PCURVE('',#10266,#10271);
#10266 = CYLINDRICAL_SURFACE('',#10267,0.22);
#10267 = AXIS2_PLACEMENT_3D('',#10268,#10269,#10270);
#10268 = CARTESIAN_POINT('',(-12.3,-17.85555361263,2.484090775049));
#10269 = DIRECTION('',(1.,0.,0.));
#10270 = DIRECTION('',(0.,-0.373936172149,0.927454440476));
#10271 = DEFINITIONAL_REPRESENTATION('',(#10272),#10276);
#10272 = LINE('',#10273,#10274);
#10273 = CARTESIAN_POINT('',(-0.,0.));
#10274 = VECTOR('',#10275,1.);
#10275 = DIRECTION('',(-0.,1.));
#10276 = ( GEOMETRIC_REPRESENTATION_CONTEXT(2) 
PARAMETRIC_REPRESENTATION_CONTEXT() REPRESENTATION_CONTEXT('2D SPACE',''
  ) );
#10277 = ORIENTED_EDGE('',*,*,#10278,.F.);
#10278 = EDGE_CURVE('',#10190,#10251,#10279,.T.);
#10279 = SURFACE_CURVE('',#10280,(#10284,#10291),.PCURVE_S1.);
#10280 = LINE('',#10281,#10282);
#10281 = CARTESIAN_POINT('',(-10.22,-22.1,1.01));
#10282 = VECTOR('',#10283,1.);
#10283 = DIRECTION('',(0.,0.927454440476,0.373936172149));
#10284 = PCURVE('',#10198,#10285);
#10285 = DEFINITIONAL_REPRESENTATION('',(#10286),#10290);
#10286 = LINE('',#10287,#10288);
#10287 = CARTESIAN_POINT('',(4.813655736095,-19.78));
#10288 = VECTOR('',#10289,1.);
#10289 = DIRECTION('',(-1.,0.));
#10290 = ( GEOMETRIC_REPRESENTATION_CONTEXT(2) 
PARAMETRIC_REPRESENTATION_CONTEXT() REPRESENTATION_CONTEXT('2D SPACE',''
  ) );
#10291 = PCURVE('',#10292,#10297);
#10292 = CYLINDRICAL_SURFACE('',#10293,0.22);
#10293 = AXIS2_PLACEMENT_3D('',#10294,#10295,#10296);
#10294 = CARTESIAN_POINT('',(-10.22,-22.01773404212,0.805960023095));
#10295 = DIRECTION('',(0.,0.927454440476,0.373936172149));
#10296 = DIRECTION('',(0.,-0.373936172149,0.927454440476));
#10297 = DEFINITIONAL_REPRESENTATION('',(#10298),#10302);
#10298 = LINE('',#10299,#10300);
#10299 = CARTESIAN_POINT('',(0.,0.));
#10300 = VECTOR('',#10301,1.);
#10301 = DIRECTION('',(0.,1.));
#10302 = ( GEOMETRIC_REPRESENTATION_CONTEXT(2) 
PARAMETRIC_REPRESENTATION_CONTEXT() REPRESENTATION_CONTEXT('2D SPACE',''
  ) );
#10303 = ADVANCED_FACE('',(#10304),#10210,.F.);
#10304 = FACE_BOUND('',#10305,.F.);
#10305 = EDGE_LOOP('',(#10306,#10307,#10335,#10398,#10426,#10489));
#10306 = ORIENTED_EDGE('',*,*,#10187,.T.);
#10307 = ORIENTED_EDGE('',*,*,#10308,.F.);
#10308 = EDGE_CURVE('',#10309,#10190,#10311,.T.);
#10309 = VERTEX_POINT('',#10310);
#10310 = CARTESIAN_POINT('',(-10.21999953503,-22.64798243106,
    0.736008784468));
#10311 = SURFACE_CURVE('',#10312,(#10316,#10323),.PCURVE_S1.);
#10312 = LINE('',#10313,#10314);
#10313 = CARTESIAN_POINT('',(-10.22,-22.55,0.785));
#10314 = VECTOR('',#10315,1.);
#10315 = DIRECTION('',(0.,0.894427191,0.4472135955));
#10316 = PCURVE('',#10210,#10317);
#10317 = DEFINITIONAL_REPRESENTATION('',(#10318),#10322);
#10318 = LINE('',#10319,#10320);
#10319 = CARTESIAN_POINT('',(0.503115294937,-19.78));
#10320 = VECTOR('',#10321,1.);
#10321 = DIRECTION('',(-1.,0.));
#10322 = ( GEOMETRIC_REPRESENTATION_CONTEXT(2) 
PARAMETRIC_REPRESENTATION_CONTEXT() REPRESENTATION_CONTEXT('2D SPACE',''
  ) );
#10323 = PCURVE('',#10324,#10329);
#10324 = CYLINDRICAL_SURFACE('',#10325,0.22);
#10325 = AXIS2_PLACEMENT_3D('',#10326,#10327,#10328);
#10326 = CARTESIAN_POINT('',(-10.22,-22.45161300899,0.58822601798));
#10327 = DIRECTION('',(0.,0.894427191,0.4472135955));
#10328 = DIRECTION('',(0.,-0.4472135955,0.894427191));
#10329 = DEFINITIONAL_REPRESENTATION('',(#10330),#10334);
#10330 = LINE('',#10331,#10332);
#10331 = CARTESIAN_POINT('',(0.,0.));
#10332 = VECTOR('',#10333,1.);
#10333 = DIRECTION('',(0.,1.));
#10334 = ( GEOMETRIC_REPRESENTATION_CONTEXT(2) 
PARAMETRIC_REPRESENTATION_CONTEXT() REPRESENTATION_CONTEXT('2D SPACE',''
  ) );
#10335 = ORIENTED_EDGE('',*,*,#10336,.F.);
#10336 = EDGE_CURVE('',#10337,#10309,#10339,.T.);
#10337 = VERTEX_POINT('',#10338);
#10338 = CARTESIAN_POINT('',(-10.75,-23.17838699101,0.470806504495));
#10339 = SURFACE_CURVE('',#10340,(#10350,#10363),.PCURVE_S1.);
#10340 = ( BOUNDED_CURVE() B_SPLINE_CURVE(8,(#10341,#10342,#10343,#10344
    ,#10345,#10346,#10347,#10348,#10349),.UNSPECIFIED.,.F.,.F.) 
B_SPLINE_CURVE_WITH_KNOTS((9,9),(7.110436126333,8.248775476429),
.PIECEWISE_BEZIER_KNOTS.) CURVE() GEOMETRIC_REPRESENTATION_ITEM() 
RATIONAL_B_SPLINE_CURVE((1.,1.,1.,1.,1.,1.,1.,1.,1.)) 
REPRESENTATION_ITEM('') );
#10341 = CARTESIAN_POINT('',(-10.75,-23.17838699101,0.470806504495));
#10342 = CARTESIAN_POINT('',(-10.6424204405,-23.17838699101,
    0.470806504495));
#10343 = CARTESIAN_POINT('',(-10.52695618688,-23.15355299181,
    0.483223504094));
#10344 = CARTESIAN_POINT('',(-10.41472684028,-23.0977132273,
    0.51114338635));
#10345 = CARTESIAN_POINT('',(-10.32396509972,-23.01307996288,
    0.553460018556));
#10346 = CARTESIAN_POINT('',(-10.26744165699,-22.91590452463,
    0.60204773768));
#10347 = CARTESIAN_POINT('',(-10.23655245384,-22.82570352707,
    0.647148236464));
#10348 = CARTESIAN_POINT('',(-10.21989961336,-22.73827495621,
    0.690862521892));
#10349 = CARTESIAN_POINT('',(-10.21999953503,-22.64798243106,
    0.736008784468));
#10350 = PCURVE('',#10210,#10351);
#10351 = DEFINITIONAL_REPRESENTATION('',(#10352),#10362);
#10352 = B_SPLINE_CURVE_WITH_KNOTS('',8,(#10353,#10354,#10355,#10356,
    #10357,#10358,#10359,#10360,#10361),.UNSPECIFIED.,.F.,.F.,(9,9),(
    7.110436126333,8.248775476429),.PIECEWISE_BEZIER_KNOTS.);
#10353 = CARTESIAN_POINT('',(1.205673308975,-19.25));
#10354 = CARTESIAN_POINT('',(1.205673308975,-19.35757955949));
#10355 = CARTESIAN_POINT('',(1.177908053795,-19.47304381311));
#10356 = CARTESIAN_POINT('',(1.115477299147,-19.58527315971));
#10357 = CARTESIAN_POINT('',(1.020854432955,-19.67603490027));
#10358 = CARTESIAN_POINT('',(0.912208990122,-19.732558343));
#10359 = CARTESIAN_POINT('',(0.811361209021,-19.76344754615));
#10360 = CARTESIAN_POINT('',(0.713613095217,-19.78010038663));
#10361 = CARTESIAN_POINT('',(0.612662983167,-19.78000046496));
#10362 = ( GEOMETRIC_REPRESENTATION_CONTEXT(2) 
PARAMETRIC_REPRESENTATION_CONTEXT() REPRESENTATION_CONTEXT('2D SPACE',''
  ) );
#10363 = PCURVE('',#10364,#10392);
#10364 = ( BOUNDED_SURFACE() B_SPLINE_SURFACE(2,8,(
    (#10365,#10366,#10367,#10368,#10369,#10370,#10371,#10372,#10373)
    ,(#10374,#10375,#10376,#10377,#10378,#10379,#10380,#10381,#10382)
    ,(#10383,#10384,#10385,#10386,#10387,#10388,#10389,#10390,#10391
)),.UNSPECIFIED.,.F.,.F.,.F.) B_SPLINE_SURFACE_WITH_KNOTS((3,3),(9,9),(
    0.,1.138339350096),(7.110436126333,8.248775476429),
.PIECEWISE_BEZIER_KNOTS.) GEOMETRIC_REPRESENTATION_ITEM() 
RATIONAL_B_SPLINE_SURFACE((
    (1.,1.,1.,1.,1.,1.,1.,1.,1.)
    ,(0.850650808352,0.850650808352,0.844946619707,0.8327768945
      ,0.815571138552,0.790872696687,0.764779788115,0.737063922972
      ,0.707106781187)
,(1.,1.,1.,1.,1.,1.,1.,1.,1.))) REPRESENTATION_ITEM('') SURFACE() );
#10365 = CARTESIAN_POINT('',(-10.75,-23.17838699101,0.470806504495));
#10366 = CARTESIAN_POINT('',(-10.6424204405,-23.17838699101,
    0.470806504495));
#10367 = CARTESIAN_POINT('',(-10.52695618688,-23.15355299181,
    0.483223504094));
#10368 = CARTESIAN_POINT('',(-10.41472684028,-23.0977132273,
    0.51114338635));
#10369 = CARTESIAN_POINT('',(-10.32396509972,-23.01307996288,
    0.553460018556));
#10370 = CARTESIAN_POINT('',(-10.26744165699,-22.91590452463,
    0.60204773768));
#10371 = CARTESIAN_POINT('',(-10.23655245384,-22.82570352707,
    0.647148236464));
#10372 = CARTESIAN_POINT('',(-10.21989961336,-22.73827495621,
    0.690862521892));
#10373 = CARTESIAN_POINT('',(-10.21999953503,-22.64798243106,
    0.736008784468));
#10374 = CARTESIAN_POINT('',(-10.75,-23.3,0.41));
#10375 = CARTESIAN_POINT('',(-10.61507213425,-23.3,0.41));
#10376 = CARTESIAN_POINT('',(-10.47267631881,-23.27222509718,
    0.423887451407));
#10377 = CARTESIAN_POINT('',(-10.33222100408,-23.21187853269,
    0.454060733651));
#10378 = CARTESIAN_POINT('',(-10.21170113299,-23.11653756357,
    0.501731218214));
#10379 = CARTESIAN_POINT('',(-10.12497276438,-23.00834969658,
    0.555825151706));
#10380 = CARTESIAN_POINT('',(-10.06076740693,-22.89671728743,
    0.611641356281));
#10381 = CARTESIAN_POINT('',(-10.01788327188,-22.77667989459,
    0.671660052704));
#10382 = CARTESIAN_POINT('',(-10.,-22.64838699101,0.735806504495));
#10383 = CARTESIAN_POINT('',(-10.75,-23.3,0.274032522475));
#10384 = CARTESIAN_POINT('',(-10.60284159988,-23.3,0.274032522475));
#10385 = CARTESIAN_POINT('',(-10.4510995075,-23.26702705779,
    0.285737212155));
#10386 = CARTESIAN_POINT('',(-10.30482652879,-23.19729336198,
    0.310458749843));
#10387 = CARTESIAN_POINT('',(-10.17985562357,-23.09217219892,
    0.348711164512));
#10388 = CARTESIAN_POINT('',(-10.08930526606,-22.9641332622,
    0.392948303609));
#10389 = CARTESIAN_POINT('',(-10.03080488932,-22.83048830959,
    0.439931311534));
#10390 = CARTESIAN_POINT('',(-10.,-22.69209890001,0.488824288516));
#10391 = CARTESIAN_POINT('',(-10.,-22.55,0.539032522475));
#10392 = DEFINITIONAL_REPRESENTATION('',(#10393),#10397);
#10393 = LINE('',#10394,#10395);
#10394 = CARTESIAN_POINT('',(0.,0.));
#10395 = VECTOR('',#10396,1.);
#10396 = DIRECTION('',(0.,1.));
#10397 = ( GEOMETRIC_REPRESENTATION_CONTEXT(2) 
PARAMETRIC_REPRESENTATION_CONTEXT() REPRESENTATION_CONTEXT('2D SPACE',''
  ) );
#10398 = ORIENTED_EDGE('',*,*,#10399,.F.);
#10399 = EDGE_CURVE('',#10400,#10337,#10402,.T.);
#10400 = VERTEX_POINT('',#10401);
#10401 = CARTESIAN_POINT('',(-11.28867032017,-23.17838699101,
    0.470806504495));
#10402 = SURFACE_CURVE('',#10403,(#10407,#10414),.PCURVE_S1.);
#10403 = LINE('',#10404,#10405);
#10404 = CARTESIAN_POINT('',(-11.28867032017,-23.17838699101,
    0.470806504495));
#10405 = VECTOR('',#10406,1.);
#10406 = DIRECTION('',(1.,0.,0.));
#10407 = PCURVE('',#10210,#10408);
#10408 = DEFINITIONAL_REPRESENTATION('',(#10409),#10413);
#10409 = LINE('',#10410,#10411);
#10410 = CARTESIAN_POINT('',(1.205673308975,-18.71132967982));
#10411 = VECTOR('',#10412,1.);
#10412 = DIRECTION('',(0.,-1.));
#10413 = ( GEOMETRIC_REPRESENTATION_CONTEXT(2) 
PARAMETRIC_REPRESENTATION_CONTEXT() REPRESENTATION_CONTEXT('2D SPACE',''
  ) );
#10414 = PCURVE('',#10415,#10420);
#10415 = CYLINDRICAL_SURFACE('',#10416,0.22);
#10416 = AXIS2_PLACEMENT_3D('',#10417,#10418,#10419);
#10417 = CARTESIAN_POINT('',(-11.28867032017,-23.08,0.274032522475));
#10418 = DIRECTION('',(1.,0.,0.));
#10419 = DIRECTION('',(0.,-0.4472135955,0.894427191));
#10420 = DEFINITIONAL_REPRESENTATION('',(#10421),#10425);
#10421 = LINE('',#10422,#10423);
#10422 = CARTESIAN_POINT('',(0.,0.));
#10423 = VECTOR('',#10424,1.);
#10424 = DIRECTION('',(0.,1.));
#10425 = ( GEOMETRIC_REPRESENTATION_CONTEXT(2) 
PARAMETRIC_REPRESENTATION_CONTEXT() REPRESENTATION_CONTEXT('2D SPACE',''
  ) );
#10426 = ORIENTED_EDGE('',*,*,#10427,.F.);
#10427 = EDGE_CURVE('',#10428,#10400,#10430,.T.);
#10428 = VERTEX_POINT('',#10429);
#10429 = CARTESIAN_POINT('',(-11.81792856433,-22.67641752786,
    0.721791236066));
#10430 = SURFACE_CURVE('',#10431,(#10441,#10454),.PCURVE_S1.);
#10431 = ( BOUNDED_CURVE() B_SPLINE_CURVE(8,(#10432,#10433,#10434,#10435
    ,#10436,#10437,#10438,#10439,#10440),.UNSPECIFIED.,.F.,.F.) 
B_SPLINE_CURVE_WITH_KNOTS((9,9),(5.475042371225,6.571765806155),
.PIECEWISE_BEZIER_KNOTS.) CURVE() GEOMETRIC_REPRESENTATION_ITEM() 
RATIONAL_B_SPLINE_CURVE((1.,1.,1.,1.,1.,1.,1.,1.,1.)) 
REPRESENTATION_ITEM('') );
#10432 = CARTESIAN_POINT('',(-11.81794828606,-22.67605233261,
    0.721973833691));
#10433 = CARTESIAN_POINT('',(-11.81339396596,-22.76370263014,
    0.678148684928));
#10434 = CARTESIAN_POINT('',(-11.79317461649,-22.84778713054,
    0.63610643473));
#10435 = CARTESIAN_POINT('',(-11.75928472016,-22.9335384411,
    0.593230779448));
#10436 = CARTESIAN_POINT('',(-11.70148792331,-23.02455903525,
    0.547720482371));
#10437 = CARTESIAN_POINT('',(-11.6124938724,-23.1031714043,
    0.508414297846));
#10438 = CARTESIAN_POINT('',(-11.50419595317,-23.15514739368,
    0.482426303159));
#10439 = CARTESIAN_POINT('',(-11.392759803,-23.17838699101,
    0.470806504495));
#10440 = CARTESIAN_POINT('',(-11.28867032017,-23.17838699101,
    0.470806504495));
#10441 = PCURVE('',#10210,#10442);
#10442 = DEFINITIONAL_REPRESENTATION('',(#10443),#10453);
#10443 = B_SPLINE_CURVE_WITH_KNOTS('',8,(#10444,#10445,#10446,#10447,
    #10448,#10449,#10450,#10451,#10452),.UNSPECIFIED.,.F.,.F.,(9,9),(
    5.475042371225,6.571765806155),.PIECEWISE_BEZIER_KNOTS.);
#10444 = CARTESIAN_POINT('',(0.644046087166,-18.18205171393));
#10445 = CARTESIAN_POINT('',(0.742042098923,-18.18660603403));
#10446 = CARTESIAN_POINT('',(0.836051428294,-18.2068253835));
#10447 = CARTESIAN_POINT('',(0.931924308085,-18.24071527983));
#10448 = CARTESIAN_POINT('',(1.033688426025,-18.29851207668));
#10449 = CARTESIAN_POINT('',(1.121579726558,-18.3875061276));
#10450 = CARTESIAN_POINT('',(1.179690649277,-18.49580404682));
#10451 = CARTESIAN_POINT('',(1.205673308975,-18.60724019699));
#10452 = CARTESIAN_POINT('',(1.205673308975,-18.71132967982));
#10453 = ( GEOMETRIC_REPRESENTATION_CONTEXT(2) 
PARAMETRIC_REPRESENTATION_CONTEXT() REPRESENTATION_CONTEXT('2D SPACE',''
  ) );
#10454 = PCURVE('',#10455,#10483);
#10455 = ( BOUNDED_SURFACE() B_SPLINE_SURFACE(2,8,(
    (#10456,#10457,#10458,#10459,#10460,#10461,#10462,#10463,#10464)
    ,(#10465,#10466,#10467,#10468,#10469,#10470,#10471,#10472,#10473)
    ,(#10474,#10475,#10476,#10477,#10478,#10479,#10480,#10481,#10482
)),.UNSPECIFIED.,.F.,.F.,.F.) B_SPLINE_SURFACE_WITH_KNOTS((3,3),(9,9),(
    0.,1.09672343493),(5.475042371225,6.571765806155),
.PIECEWISE_BEZIER_KNOTS.) GEOMETRIC_REPRESENTATION_ITEM() 
RATIONAL_B_SPLINE_SURFACE((
    (1.,1.,1.,1.,1.,1.,1.,1.,1.)
    ,(0.715420221421,0.744150827702,0.770499307218,0.795088124739
      ,0.817999027772,0.834068455188,0.845344440011,0.850650808352
      ,0.850650808352)
,(1.,1.,1.,1.,1.,1.,1.,1.,1.))) REPRESENTATION_ITEM('') SURFACE() );
#10456 = CARTESIAN_POINT('',(-11.81794828606,-22.67605233261,
    0.721973833691));
#10457 = CARTESIAN_POINT('',(-11.81339396596,-22.76370263014,
    0.678148684928));
#10458 = CARTESIAN_POINT('',(-11.79317461649,-22.84778713054,
    0.63610643473));
#10459 = CARTESIAN_POINT('',(-11.75928472016,-22.9335384411,
    0.593230779448));
#10460 = CARTESIAN_POINT('',(-11.70148792331,-23.02455903525,
    0.547720482371));
#10461 = CARTESIAN_POINT('',(-11.6124938724,-23.1031714043,
    0.508414297846));
#10462 = CARTESIAN_POINT('',(-11.50419595317,-23.15514739368,
    0.482426303159));
#10463 = CARTESIAN_POINT('',(-11.392759803,-23.17838699101,
    0.470806504495));
#10464 = CARTESIAN_POINT('',(-11.28867032017,-23.17838699101,
    0.470806504495));
#10465 = CARTESIAN_POINT('',(-12.03254498455,-22.68550226601,
    0.717248866993));
#10466 = CARTESIAN_POINT('',(-12.00901504706,-22.80861587587,
    0.655692062061));
#10467 = CARTESIAN_POINT('',(-11.96252737928,-22.9229232456,
    0.598538377197));
#10468 = CARTESIAN_POINT('',(-11.89636735792,-23.02854857021,
    0.545725714895));
#10469 = CARTESIAN_POINT('',(-11.8091591971,-23.12988728787,
    0.495056356063));
#10470 = CARTESIAN_POINT('',(-11.6915260541,-23.2180343454,
    0.450982827298));
#10471 = CARTESIAN_POINT('',(-11.55616772993,-23.2741270528,0.4229364736
    ));
#10472 = CARTESIAN_POINT('',(-11.41893409641,-23.3,0.41));
#10473 = CARTESIAN_POINT('',(-11.28867032017,-23.3,0.41));
#10474 = CARTESIAN_POINT('',(-12.03762066567,-22.58966585404,
    0.525017264088));
#10475 = CARTESIAN_POINT('',(-12.03031829738,-22.72754543308,
    0.476300386039));
#10476 = CARTESIAN_POINT('',(-11.99417105628,-22.8602478005,
    0.42943187934));
#10477 = CARTESIAN_POINT('',(-11.93214563931,-22.98694418403,
    0.3849253965));
#10478 = CARTESIAN_POINT('',(-11.84073711219,-23.10670488107,
    0.3434662496));
#10479 = CARTESIAN_POINT('',(-11.71840956231,-23.20446530626,
    0.307946151657));
#10480 = CARTESIAN_POINT('',(-11.5769857018,-23.2693064035,
    0.284932293629));
#10481 = CARTESIAN_POINT('',(-11.43063959627,-23.3,0.274032522475));
#10482 = CARTESIAN_POINT('',(-11.28867032017,-23.3,0.274032522475));
#10483 = DEFINITIONAL_REPRESENTATION('',(#10484),#10488);
#10484 = LINE('',#10485,#10486);
#10485 = CARTESIAN_POINT('',(0.,0.));
#10486 = VECTOR('',#10487,1.);
#10487 = DIRECTION('',(0.,1.));
#10488 = ( GEOMETRIC_REPRESENTATION_CONTEXT(2) 
PARAMETRIC_REPRESENTATION_CONTEXT() REPRESENTATION_CONTEXT('2D SPACE',''
  ) );
#10489 = ORIENTED_EDGE('',*,*,#10490,.F.);
#10490 = EDGE_CURVE('',#10188,#10428,#10491,.T.);
#10491 = SURFACE_CURVE('',#10492,(#10496,#10503),.PCURVE_S1.);
#10492 = LINE('',#10493,#10494);
#10493 = CARTESIAN_POINT('',(-11.84893834013,-22.09090681948,
    1.01454659026));
#10494 = VECTOR('',#10495,1.);
#10495 = DIRECTION('',(4.731752834854E-02,-0.89342534171,-0.446712670855
    ));
#10496 = PCURVE('',#10210,#10497);
#10497 = DEFINITIONAL_REPRESENTATION('',(#10498),#10502);
#10498 = LINE('',#10499,#10500);
#10499 = CARTESIAN_POINT('',(-1.016648488681E-02,-18.15106165986));
#10500 = VECTOR('',#10501,1.);
#10501 = DIRECTION('',(0.998879898442,-4.731752834854E-02));
#10502 = ( GEOMETRIC_REPRESENTATION_CONTEXT(2) 
PARAMETRIC_REPRESENTATION_CONTEXT() REPRESENTATION_CONTEXT('2D SPACE',''
  ) );
#10503 = PCURVE('',#10504,#10509);
#10504 = CYLINDRICAL_SURFACE('',#10505,0.22);
#10505 = AXIS2_PLACEMENT_3D('',#10506,#10507,#10508);
#10506 = CARTESIAN_POINT('',(-11.84893834013,-21.99251982847,
    0.81777260824));
#10507 = DIRECTION('',(4.731752834854E-02,-0.89342534171,-0.446712670855
    ));
#10508 = DIRECTION('',(-3.469446951954E-18,-0.4472135955,0.894427191));
#10509 = DEFINITIONAL_REPRESENTATION('',(#10510),#10514);
#10510 = LINE('',#10511,#10512);
#10511 = CARTESIAN_POINT('',(0.,0.));
#10512 = VECTOR('',#10513,1.);
#10513 = DIRECTION('',(0.,1.));
#10514 = ( GEOMETRIC_REPRESENTATION_CONTEXT(2) 
PARAMETRIC_REPRESENTATION_CONTEXT() REPRESENTATION_CONTEXT('2D SPACE',''
  ) );
#10515 = ADVANCED_FACE('',(#10516),#10238,.T.);
#10516 = FACE_BOUND('',#10517,.T.);
#10517 = EDGE_LOOP('',(#10518,#10550,#10578,#10600));
#10518 = ORIENTED_EDGE('',*,*,#10519,.T.);
#10519 = EDGE_CURVE('',#10223,#10520,#10522,.T.);
#10520 = VERTEX_POINT('',#10521);
#10521 = CARTESIAN_POINT('',(-12.29906644672,-17.65318048749,
    2.570375873529));
#10522 = SURFACE_CURVE('',#10523,(#10528,#10539),.PCURVE_S1.);
#10523 = ELLIPSE('',#10524,0.319051847289,0.22);
#10524 = AXIS2_PLACEMENT_3D('',#10525,#10526,#10527);
#10525 = CARTESIAN_POINT('',(-12.06804004573,-17.85555361263,
    2.484090775049));
#10526 = DIRECTION('',(-0.6895431005,-0.671703916313,-0.270821271991));
#10527 = DIRECTION('',(0.724244649654,-0.639519810458,-0.257845107533));
#10528 = PCURVE('',#10238,#10529);
#10529 = DEFINITIONAL_REPRESENTATION('',(#10530),#10538);
#10530 = B_SPLINE_CURVE_WITH_KNOTS('',6,(#10531,#10532,#10533,#10534,
    #10535,#10536,#10537),.UNSPECIFIED.,.F.,.F.,(7,7),(1.570796326795,
    3.121814700697),.PIECEWISE_BEZIER_KNOTS.);
#10531 = CARTESIAN_POINT('',(-7.993605777301E-15,0.336896866229));
#10532 = CARTESIAN_POINT('',(0.258503062317,0.27716415173));
#10533 = CARTESIAN_POINT('',(0.517005063274,0.217435642741));
#10534 = CARTESIAN_POINT('',(0.775509096131,0.164864950154));
#10535 = CARTESIAN_POINT('',(1.034013416911,0.126754616559));
#10536 = CARTESIAN_POINT('',(1.292515311585,0.107051779028));
#10537 = CARTESIAN_POINT('',(1.551018373903,0.105870465233));
#10538 = ( GEOMETRIC_REPRESENTATION_CONTEXT(2) 
PARAMETRIC_REPRESENTATION_CONTEXT() REPRESENTATION_CONTEXT('2D SPACE',''
  ) );
#10539 = PCURVE('',#10266,#10540);
#10540 = DEFINITIONAL_REPRESENTATION('',(#10541),#10549);
#10541 = B_SPLINE_CURVE_WITH_KNOTS('',6,(#10542,#10543,#10544,#10545,
    #10546,#10547,#10548),.UNSPECIFIED.,.F.,.F.,(7,7),(1.570796326795,
    3.121814700697),.PIECEWISE_BEZIER_KNOTS.);
#10542 = CARTESIAN_POINT('',(7.882583474839E-15,0.231959954267));
#10543 = CARTESIAN_POINT('',(-0.258503062317,0.172227239768));
#10544 = CARTESIAN_POINT('',(-0.517005063274,0.112498730779));
#10545 = CARTESIAN_POINT('',(-0.775509096131,5.992803819178E-02));
#10546 = CARTESIAN_POINT('',(-1.034013416911,2.181770459759E-02));
#10547 = CARTESIAN_POINT('',(-1.292515311585,2.114867066376E-03));
#10548 = CARTESIAN_POINT('',(-1.551018373903,9.335532716541E-04));
#10549 = ( GEOMETRIC_REPRESENTATION_CONTEXT(2) 
PARAMETRIC_REPRESENTATION_CONTEXT() REPRESENTATION_CONTEXT('2D SPACE',''
  ) );
#10550 = ORIENTED_EDGE('',*,*,#10551,.T.);
#10551 = EDGE_CURVE('',#10520,#10552,#10554,.T.);
#10552 = VERTEX_POINT('',#10553);
#10553 = CARTESIAN_POINT('',(-12.06729504811,-22.02936935931,
    0.805960023095));
#10554 = SURFACE_CURVE('',#10555,(#10559,#10566),.PCURVE_S1.);
#10555 = LINE('',#10556,#10557);
#10556 = CARTESIAN_POINT('',(-12.30426051793,-17.55510869459,
    2.609916997312));
#10557 = VECTOR('',#10558,1.);
#10558 = DIRECTION('',(4.906062510598E-02,-0.926337602145,
    -0.373485879141));
#10559 = PCURVE('',#10238,#10560);
#10560 = DEFINITIONAL_REPRESENTATION('',(#10561),#10565);
#10561 = LINE('',#10562,#10563);
#10562 = CARTESIAN_POINT('',(1.551018373903,0.));
#10563 = VECTOR('',#10564,1.);
#10564 = DIRECTION('',(0.,1.));
#10565 = ( GEOMETRIC_REPRESENTATION_CONTEXT(2) 
PARAMETRIC_REPRESENTATION_CONTEXT() REPRESENTATION_CONTEXT('2D SPACE',''
  ) );
#10566 = PCURVE('',#10567,#10572);
#10567 = PLANE('',#10568);
#10568 = AXIS2_PLACEMENT_3D('',#10569,#10570,#10571);
#10569 = CARTESIAN_POINT('',(-12.3,-17.63555361263,-7.55));
#10570 = DIRECTION('',(0.998600460665,5.288780539399E-02,-0.));
#10571 = DIRECTION('',(5.288780539399E-02,-0.998600460665,0.));
#10572 = DEFINITIONAL_REPRESENTATION('',(#10573),#10577);
#10573 = LINE('',#10574,#10575);
#10574 = CARTESIAN_POINT('',(-8.055766166166E-02,-10.15991699731));
#10575 = VECTOR('',#10576,1.);
#10576 = DIRECTION('',(0.927635865026,0.373485879141));
#10577 = ( GEOMETRIC_REPRESENTATION_CONTEXT(2) 
PARAMETRIC_REPRESENTATION_CONTEXT() REPRESENTATION_CONTEXT('2D SPACE',''
  ) );
#10578 = ORIENTED_EDGE('',*,*,#10579,.F.);
#10579 = EDGE_CURVE('',#10188,#10552,#10580,.T.);
#10580 = SURFACE_CURVE('',#10581,(#10586,#10592),.PCURVE_S1.);
#10581 = CIRCLE('',#10582,0.22);
#10582 = AXIS2_PLACEMENT_3D('',#10583,#10584,#10585);
#10583 = CARTESIAN_POINT('',(-11.84760294677,-22.01773404212,
    0.805960023095));
#10584 = DIRECTION('',(4.906062510598E-02,-0.926337602145,
    -0.373485879141));
#10585 = DIRECTION('',(0.,-0.373936172149,0.927454440476));
#10586 = PCURVE('',#10238,#10587);
#10587 = DEFINITIONAL_REPRESENTATION('',(#10588),#10591);
#10588 = B_SPLINE_CURVE_WITH_KNOTS('',1,(#10589,#10590),.UNSPECIFIED.,
  .F.,.F.,(2,2),(0.,1.551018373903),.PIECEWISE_BEZIER_KNOTS.);
#10589 = CARTESIAN_POINT('',(0.,4.830054026053));
#10590 = CARTESIAN_POINT('',(1.551018373903,4.830054026053));
#10591 = ( GEOMETRIC_REPRESENTATION_CONTEXT(2) 
PARAMETRIC_REPRESENTATION_CONTEXT() REPRESENTATION_CONTEXT('2D SPACE',''
  ) );
#10592 = PCURVE('',#10504,#10593);
#10593 = DEFINITIONAL_REPRESENTATION('',(#10594),#10599);
#10594 = B_SPLINE_CURVE_WITH_KNOTS('',3,(#10595,#10596,#10597,#10598),
  .UNSPECIFIED.,.F.,.F.,(4,4),(0.,1.551018373903),
  .PIECEWISE_BEZIER_KNOTS.);
#10595 = CARTESIAN_POINT('',(-1.110223024625E-16,1.017788515182E-02));
#10596 = CARTESIAN_POINT('',(0.517006124634,1.017788515182E-02));
#10597 = CARTESIAN_POINT('',(1.030135850734,1.017788515182E-02));
#10598 = CARTESIAN_POINT('',(1.547141975368,1.017788515182E-02));
#10599 = ( GEOMETRIC_REPRESENTATION_CONTEXT(2) 
PARAMETRIC_REPRESENTATION_CONTEXT() REPRESENTATION_CONTEXT('2D SPACE',''
  ) );
#10600 = ORIENTED_EDGE('',*,*,#10222,.F.);
#10601 = ADVANCED_FACE('',(#10602),#10292,.T.);
#10602 = FACE_BOUND('',#10603,.T.);
#10603 = EDGE_LOOP('',(#10604,#10626,#10654,#10684));
#10604 = ORIENTED_EDGE('',*,*,#10605,.T.);
#10605 = EDGE_CURVE('',#10190,#10606,#10608,.T.);
#10606 = VERTEX_POINT('',#10607);
#10607 = CARTESIAN_POINT('',(-10.,-22.00161300899,0.81322601798));
#10608 = SURFACE_CURVE('',#10609,(#10614,#10620),.PCURVE_S1.);
#10609 = CIRCLE('',#10610,0.22);
#10610 = AXIS2_PLACEMENT_3D('',#10611,#10612,#10613);
#10611 = CARTESIAN_POINT('',(-10.22,-22.00161300899,0.81322601798));
#10612 = DIRECTION('',(0.,0.894427191,0.4472135955));
#10613 = DIRECTION('',(0.,-0.4472135955,0.894427191));
#10614 = PCURVE('',#10292,#10615);
#10615 = DEFINITIONAL_REPRESENTATION('',(#10616),#10619);
#10616 = B_SPLINE_CURVE_WITH_KNOTS('',1,(#10617,#10618),.UNSPECIFIED.,
  .F.,.F.,(2,2),(0.,1.570796326795),.PIECEWISE_BEZIER_KNOTS.);
#10617 = CARTESIAN_POINT('',(0.,8.881784197001E-16));
#10618 = CARTESIAN_POINT('',(1.570796326795,8.881784197001E-16));
#10619 = ( GEOMETRIC_REPRESENTATION_CONTEXT(2) 
PARAMETRIC_REPRESENTATION_CONTEXT() REPRESENTATION_CONTEXT('2D SPACE',''
  ) );
#10620 = PCURVE('',#10324,#10621);
#10621 = DEFINITIONAL_REPRESENTATION('',(#10622),#10625);
#10622 = B_SPLINE_CURVE_WITH_KNOTS('',1,(#10623,#10624),.UNSPECIFIED.,
  .F.,.F.,(2,2),(0.,1.570796326795),.PIECEWISE_BEZIER_KNOTS.);
#10623 = CARTESIAN_POINT('',(0.,0.503115294937));
#10624 = CARTESIAN_POINT('',(1.570796326795,0.503115294937));
#10625 = ( GEOMETRIC_REPRESENTATION_CONTEXT(2) 
PARAMETRIC_REPRESENTATION_CONTEXT() REPRESENTATION_CONTEXT('2D SPACE',''
  ) );
#10626 = ORIENTED_EDGE('',*,*,#10627,.T.);
#10627 = EDGE_CURVE('',#10606,#10628,#10630,.T.);
#10628 = VERTEX_POINT('',#10629);
#10629 = CARTESIAN_POINT('',(-10.,-17.65151363573,2.566356732922));
#10630 = SURFACE_CURVE('',#10631,(#10635,#10642),.PCURVE_S1.);
#10631 = LINE('',#10632,#10633);
#10632 = CARTESIAN_POINT('',(-10.,-22.01773404212,0.805960023095));
#10633 = VECTOR('',#10634,1.);
#10634 = DIRECTION('',(0.,0.927454440476,0.373936172149));
#10635 = PCURVE('',#10292,#10636);
#10636 = DEFINITIONAL_REPRESENTATION('',(#10637),#10641);
#10637 = LINE('',#10638,#10639);
#10638 = CARTESIAN_POINT('',(1.570796326795,0.));
#10639 = VECTOR('',#10640,1.);
#10640 = DIRECTION('',(0.,1.));
#10641 = ( GEOMETRIC_REPRESENTATION_CONTEXT(2) 
PARAMETRIC_REPRESENTATION_CONTEXT() REPRESENTATION_CONTEXT('2D SPACE',''
  ) );
#10642 = PCURVE('',#10643,#10648);
#10643 = PLANE('',#10644);
#10644 = AXIS2_PLACEMENT_3D('',#10645,#10646,#10647);
#10645 = CARTESIAN_POINT('',(-10.,-23.3,-7.55));
#10646 = DIRECTION('',(-1.,0.,0.));
#10647 = DIRECTION('',(0.,1.,0.));
#10648 = DEFINITIONAL_REPRESENTATION('',(#10649),#10653);
#10649 = LINE('',#10650,#10651);
#10650 = CARTESIAN_POINT('',(1.282265957873,-8.355960023095));
#10651 = VECTOR('',#10652,1.);
#10652 = DIRECTION('',(0.927454440476,-0.373936172149));
#10653 = ( GEOMETRIC_REPRESENTATION_CONTEXT(2) 
PARAMETRIC_REPRESENTATION_CONTEXT() REPRESENTATION_CONTEXT('2D SPACE',''
  ) );
#10654 = ORIENTED_EDGE('',*,*,#10655,.F.);
#10655 = EDGE_CURVE('',#10251,#10628,#10656,.T.);
#10656 = SURFACE_CURVE('',#10657,(#10662,#10673),.PCURVE_S1.);
#10657 = ELLIPSE('',#10658,0.311126983722,0.22);
#10658 = AXIS2_PLACEMENT_3D('',#10659,#10660,#10661);
#10659 = CARTESIAN_POINT('',(-10.22,-17.85555361263,2.484090775049));
#10660 = DIRECTION('',(-0.707106781187,0.655809324102,0.264412803058));
#10661 = DIRECTION('',(0.707106781187,0.655809324102,0.264412803058));
#10662 = PCURVE('',#10292,#10663);
#10663 = DEFINITIONAL_REPRESENTATION('',(#10664),#10672);
#10664 = B_SPLINE_CURVE_WITH_KNOTS('',6,(#10665,#10666,#10667,#10668,
    #10669,#10670,#10671),.UNSPECIFIED.,.F.,.F.,(7,7),(4.712388316744,
    6.28318530718),.PIECEWISE_BEZIER_KNOTS.);
#10665 = CARTESIAN_POINT('',(-6.636407547944E-07,4.487746365143));
#10666 = CARTESIAN_POINT('',(0.261798834765,4.545342254792));
#10667 = CARTESIAN_POINT('',(0.523597324003,4.602933825304));
#10668 = CARTESIAN_POINT('',(0.785397610879,4.653447680498));
#10669 = CARTESIAN_POINT('',(1.047198576295,4.689656471592));
#10670 = CARTESIAN_POINT('',(1.308996828389,4.707746511144));
#10671 = CARTESIAN_POINT('',(1.570796326795,4.707746511144));
#10672 = ( GEOMETRIC_REPRESENTATION_CONTEXT(2) 
PARAMETRIC_REPRESENTATION_CONTEXT() REPRESENTATION_CONTEXT('2D SPACE',''
  ) );
#10673 = PCURVE('',#10266,#10674);
#10674 = DEFINITIONAL_REPRESENTATION('',(#10675),#10683);
#10675 = B_SPLINE_CURVE_WITH_KNOTS('',6,(#10676,#10677,#10678,#10679,
    #10680,#10681,#10682),.UNSPECIFIED.,.F.,.F.,(7,7),(4.712388316744,
    6.28318530718),.PIECEWISE_BEZIER_KNOTS.);
#10676 = CARTESIAN_POINT('',(6.636407549054E-07,2.079999853999));
#10677 = CARTESIAN_POINT('',(-0.261798834765,2.137595743648));
#10678 = CARTESIAN_POINT('',(-0.523597324003,2.19518731416));
#10679 = CARTESIAN_POINT('',(-0.785397610878,2.245701169355));
#10680 = CARTESIAN_POINT('',(-1.047198576295,2.281909960448));
#10681 = CARTESIAN_POINT('',(-1.308996828389,2.3));
#10682 = CARTESIAN_POINT('',(-1.570796326795,2.3));
#10683 = ( GEOMETRIC_REPRESENTATION_CONTEXT(2) 
PARAMETRIC_REPRESENTATION_CONTEXT() REPRESENTATION_CONTEXT('2D SPACE',''
  ) );
#10684 = ORIENTED_EDGE('',*,*,#10278,.F.);
#10685 = ADVANCED_FACE('',(#10686),#10266,.T.);
#10686 = FACE_BOUND('',#10687,.F.);
#10687 = EDGE_LOOP('',(#10688,#10689,#10720,#10748,#10770,#10771));
#10688 = ORIENTED_EDGE('',*,*,#10519,.T.);
#10689 = ORIENTED_EDGE('',*,*,#10690,.T.);
#10690 = EDGE_CURVE('',#10520,#10691,#10693,.T.);
#10691 = VERTEX_POINT('',#10692);
#10692 = CARTESIAN_POINT('',(-12.3,-17.63555361263,2.484090775049));
#10693 = SURFACE_CURVE('',#10694,(#10699,#10709),.PCURVE_S1.);
#10694 = ELLIPSE('',#10695,0.220308330174,0.22);
#10695 = AXIS2_PLACEMENT_3D('',#10696,#10697,#10698);
#10696 = CARTESIAN_POINT('',(-12.2883483759,-17.85555361263,
    2.484090775049));
#10697 = DIRECTION('',(-0.998600460665,-5.288780539399E-02,0.));
#10698 = DIRECTION('',(5.288780539399E-02,-0.998600460665,0.));
#10699 = PCURVE('',#10266,#10700);
#10700 = DEFINITIONAL_REPRESENTATION('',(#10701),#10708);
#10701 = B_SPLINE_CURVE_WITH_KNOTS('',5,(#10702,#10703,#10704,#10705,
    #10706,#10707),.UNSPECIFIED.,.F.,.F.,(6,6),(2.738565232361,
    3.14159265359),.PIECEWISE_BEZIER_KNOTS.);
#10702 = CARTESIAN_POINT('',(-1.551018373903,9.335532716541E-04));
#10703 = CARTESIAN_POINT('',(-1.631623858148,5.652003027722E-04));
#10704 = CARTESIAN_POINT('',(-1.712229342394,2.838932595089E-04));
#10705 = CARTESIAN_POINT('',(-1.79283482664,9.462781622376E-05));
#10706 = CARTESIAN_POINT('',(-1.873440310885,1.150169661893E-19));
#10707 = CARTESIAN_POINT('',(-1.954045795131,0.));
#10708 = ( GEOMETRIC_REPRESENTATION_CONTEXT(2) 
PARAMETRIC_REPRESENTATION_CONTEXT() REPRESENTATION_CONTEXT('2D SPACE',''
  ) );
#10709 = PCURVE('',#10567,#10710);
#10710 = DEFINITIONAL_REPRESENTATION('',(#10711),#10719);
#10711 = ( BOUNDED_CURVE() B_SPLINE_CURVE(2,(#10712,#10713,#10714,#10715
    ,#10716,#10717,#10718),.UNSPECIFIED.,.T.,.F.) 
B_SPLINE_CURVE_WITH_KNOTS((1,2,2,2,2,1),(-2.094395102393,0.,
    2.094395102393,4.188790204786,6.28318530718,8.377580409573),
.UNSPECIFIED.) CURVE() GEOMETRIC_REPRESENTATION_ITEM() 
RATIONAL_B_SPLINE_CURVE((1.,0.5,1.,0.5,1.,0.5,1.)) REPRESENTATION_ITEM(
  '') );
#10712 = CARTESIAN_POINT('',(0.440616660348,-10.03409077504));
#10713 = CARTESIAN_POINT('',(0.440616660348,-10.41514195271));
#10714 = CARTESIAN_POINT('',(0.110154165087,-10.22461636388));
#10715 = CARTESIAN_POINT('',(-0.220308330174,-10.03409077504));
#10716 = CARTESIAN_POINT('',(0.110154165087,-9.843565186216));
#10717 = CARTESIAN_POINT('',(0.440616660348,-9.653039597384));
#10718 = CARTESIAN_POINT('',(0.440616660348,-10.03409077504));
#10719 = ( GEOMETRIC_REPRESENTATION_CONTEXT(2) 
PARAMETRIC_REPRESENTATION_CONTEXT() REPRESENTATION_CONTEXT('2D SPACE',''
  ) );
#10720 = ORIENTED_EDGE('',*,*,#10721,.T.);
#10721 = EDGE_CURVE('',#10691,#10722,#10724,.T.);
#10722 = VERTEX_POINT('',#10723);
#10723 = CARTESIAN_POINT('',(-10.,-17.63555361263,2.484090775049));
#10724 = SURFACE_CURVE('',#10725,(#10729,#10736),.PCURVE_S1.);
#10725 = LINE('',#10726,#10727);
#10726 = CARTESIAN_POINT('',(-12.3,-17.63555361263,2.484090775049));
#10727 = VECTOR('',#10728,1.);
#10728 = DIRECTION('',(1.,0.,0.));
#10729 = PCURVE('',#10266,#10730);
#10730 = DEFINITIONAL_REPRESENTATION('',(#10731),#10735);
#10731 = LINE('',#10732,#10733);
#10732 = CARTESIAN_POINT('',(-1.954045795131,0.));
#10733 = VECTOR('',#10734,1.);
#10734 = DIRECTION('',(-0.,1.));
#10735 = ( GEOMETRIC_REPRESENTATION_CONTEXT(2) 
PARAMETRIC_REPRESENTATION_CONTEXT() REPRESENTATION_CONTEXT('2D SPACE',''
  ) );
#10736 = PCURVE('',#10737,#10742);
#10737 = PLANE('',#10738);
#10738 = AXIS2_PLACEMENT_3D('',#10739,#10740,#10741);
#10739 = CARTESIAN_POINT('',(-30.,-17.63555361263,-6.2));
#10740 = DIRECTION('',(0.,-1.,0.));
#10741 = DIRECTION('',(0.,0.,1.));
#10742 = DEFINITIONAL_REPRESENTATION('',(#10743),#10747);
#10743 = LINE('',#10744,#10745);
#10744 = CARTESIAN_POINT('',(8.684090775049,-17.7));
#10745 = VECTOR('',#10746,1.);
#10746 = DIRECTION('',(0.,-1.));
#10747 = ( GEOMETRIC_REPRESENTATION_CONTEXT(2) 
PARAMETRIC_REPRESENTATION_CONTEXT() REPRESENTATION_CONTEXT('2D SPACE',''
  ) );
#10748 = ORIENTED_EDGE('',*,*,#10749,.F.);
#10749 = EDGE_CURVE('',#10628,#10722,#10750,.T.);
#10750 = SURFACE_CURVE('',#10751,(#10756,#10763),.PCURVE_S1.);
#10751 = CIRCLE('',#10752,0.22);
#10752 = AXIS2_PLACEMENT_3D('',#10753,#10754,#10755);
#10753 = CARTESIAN_POINT('',(-10.,-17.85555361263,2.484090775049));
#10754 = DIRECTION('',(-1.,0.,-0.));
#10755 = DIRECTION('',(-0.,0.,1.));
#10756 = PCURVE('',#10266,#10757);
#10757 = DEFINITIONAL_REPRESENTATION('',(#10758),#10762);
#10758 = LINE('',#10759,#10760);
#10759 = CARTESIAN_POINT('',(-0.383249468336,2.3));
#10760 = VECTOR('',#10761,1.);
#10761 = DIRECTION('',(-1.,0.));
#10762 = ( GEOMETRIC_REPRESENTATION_CONTEXT(2) 
PARAMETRIC_REPRESENTATION_CONTEXT() REPRESENTATION_CONTEXT('2D SPACE',''
  ) );
#10763 = PCURVE('',#10643,#10764);
#10764 = DEFINITIONAL_REPRESENTATION('',(#10765),#10769);
#10765 = CIRCLE('',#10766,0.22);
#10766 = AXIS2_PLACEMENT_2D('',#10767,#10768);
#10767 = CARTESIAN_POINT('',(5.444446387363,-10.03409077504));
#10768 = DIRECTION('',(0.,-1.));
#10769 = ( GEOMETRIC_REPRESENTATION_CONTEXT(2) 
PARAMETRIC_REPRESENTATION_CONTEXT() REPRESENTATION_CONTEXT('2D SPACE',''
  ) );
#10770 = ORIENTED_EDGE('',*,*,#10655,.F.);
#10771 = ORIENTED_EDGE('',*,*,#10250,.F.);
#10772 = ADVANCED_FACE('',(#10773),#10504,.T.);
#10773 = FACE_BOUND('',#10774,.T.);
#10774 = EDGE_LOOP('',(#10775,#10776,#10799,#10823));
#10775 = ORIENTED_EDGE('',*,*,#10579,.T.);
#10776 = ORIENTED_EDGE('',*,*,#10777,.T.);
#10777 = EDGE_CURVE('',#10552,#10778,#10780,.T.);
#10778 = VERTEX_POINT('',#10779);
#10779 = CARTESIAN_POINT('',(-12.03762066567,-22.58966585404,
    0.525017254046));
#10780 = SURFACE_CURVE('',#10781,(#10785,#10792),.PCURVE_S1.);
#10781 = LINE('',#10782,#10783);
#10782 = CARTESIAN_POINT('',(-12.06863044148,-22.00415514565,
    0.81777260824));
#10783 = VECTOR('',#10784,1.);
#10784 = DIRECTION('',(4.731752834854E-02,-0.89342534171,-0.446712670855
    ));
#10785 = PCURVE('',#10504,#10786);
#10786 = DEFINITIONAL_REPRESENTATION('',(#10787),#10791);
#10787 = LINE('',#10788,#10789);
#10788 = CARTESIAN_POINT('',(1.547141975368,0.));
#10789 = VECTOR('',#10790,1.);
#10790 = DIRECTION('',(0.,1.));
#10791 = ( GEOMETRIC_REPRESENTATION_CONTEXT(2) 
PARAMETRIC_REPRESENTATION_CONTEXT() REPRESENTATION_CONTEXT('2D SPACE',''
  ) );
#10792 = PCURVE('',#10567,#10793);
#10793 = DEFINITIONAL_REPRESENTATION('',(#10794),#10798);
#10794 = LINE('',#10795,#10796);
#10795 = CARTESIAN_POINT('',(4.374724131521,-8.36777260824));
#10796 = VECTOR('',#10797,1.);
#10797 = DIRECTION('',(0.894677478032,0.446712670855));
#10798 = ( GEOMETRIC_REPRESENTATION_CONTEXT(2) 
PARAMETRIC_REPRESENTATION_CONTEXT() REPRESENTATION_CONTEXT('2D SPACE',''
  ) );
#10799 = ORIENTED_EDGE('',*,*,#10800,.F.);
#10800 = EDGE_CURVE('',#10428,#10778,#10801,.T.);
#10801 = SURFACE_CURVE('',#10802,(#10807,#10813),.PCURVE_S1.);
#10802 = CIRCLE('',#10803,0.22);
#10803 = AXIS2_PLACEMENT_3D('',#10804,#10805,#10806);
#10804 = CARTESIAN_POINT('',(-11.81792856433,-22.57803053685,
    0.525017254046));
#10805 = DIRECTION('',(4.731752834854E-02,-0.89342534171,-0.446712670855
    ));
#10806 = DIRECTION('',(-6.938893903907E-18,-0.4472135955,0.894427191));
#10807 = PCURVE('',#10504,#10808);
#10808 = DEFINITIONAL_REPRESENTATION('',(#10809),#10812);
#10809 = B_SPLINE_CURVE_WITH_KNOTS('',1,(#10810,#10811),.UNSPECIFIED.,
  .F.,.F.,(2,2),(0.,1.547141975368),.PIECEWISE_BEZIER_KNOTS.);
#10810 = CARTESIAN_POINT('',(0.,0.655354936841));
#10811 = CARTESIAN_POINT('',(1.547141975368,0.655354936841));
#10812 = ( GEOMETRIC_REPRESENTATION_CONTEXT(2) 
PARAMETRIC_REPRESENTATION_CONTEXT() REPRESENTATION_CONTEXT('2D SPACE',''
  ) );
#10813 = PCURVE('',#10455,#10814);
#10814 = DEFINITIONAL_REPRESENTATION('',(#10815),#10822);
#10815 = B_SPLINE_CURVE_WITH_KNOTS('',5,(#10816,#10817,#10818,#10819,
    #10820,#10821),.UNSPECIFIED.,.F.,.F.,(6,6),(0.,1.547141975368),
  .PIECEWISE_BEZIER_KNOTS.);
#10816 = CARTESIAN_POINT('',(0.,5.475042371225));
#10817 = CARTESIAN_POINT('',(0.242851064532,5.475042371225));
#10818 = CARTESIAN_POINT('',(0.447582273182,5.475042371225));
#10819 = CARTESIAN_POINT('',(0.649139889847,5.475042371225));
#10820 = CARTESIAN_POINT('',(0.853872370398,5.475042371225));
#10821 = CARTESIAN_POINT('',(1.09672343493,5.475042371225));
#10822 = ( GEOMETRIC_REPRESENTATION_CONTEXT(2) 
PARAMETRIC_REPRESENTATION_CONTEXT() REPRESENTATION_CONTEXT('2D SPACE',''
  ) );
#10823 = ORIENTED_EDGE('',*,*,#10490,.F.);
#10824 = ADVANCED_FACE('',(#10825),#10324,.T.);
#10825 = FACE_BOUND('',#10826,.T.);
#10826 = EDGE_LOOP('',(#10827,#10850,#10871,#10872));
#10827 = ORIENTED_EDGE('',*,*,#10828,.T.);
#10828 = EDGE_CURVE('',#10309,#10829,#10831,.T.);
#10829 = VERTEX_POINT('',#10830);
#10830 = CARTESIAN_POINT('',(-10.,-22.55,0.539032522475));
#10831 = SURFACE_CURVE('',#10832,(#10836,#10844),.PCURVE_S1.);
#10832 = ( BOUNDED_CURVE() B_SPLINE_CURVE(2,(#10833,#10834,#10835),
.UNSPECIFIED.,.F.,.F.) B_SPLINE_CURVE_WITH_KNOTS((3,3),(0.,
1.138339350096),.PIECEWISE_BEZIER_KNOTS.) CURVE() 
GEOMETRIC_REPRESENTATION_ITEM() RATIONAL_B_SPLINE_CURVE((1.,
0.707106781187,1.)) REPRESENTATION_ITEM('') );
#10833 = CARTESIAN_POINT('',(-10.21999953503,-22.64798243106,
    0.736008784468));
#10834 = CARTESIAN_POINT('',(-10.,-22.64838699101,0.735806504495));
#10835 = CARTESIAN_POINT('',(-10.,-22.55,0.539032522475));
#10836 = PCURVE('',#10324,#10837);
#10837 = DEFINITIONAL_REPRESENTATION('',(#10838),#10843);
#10838 = B_SPLINE_CURVE_WITH_KNOTS('',3,(#10839,#10840,#10841,#10842),
  .UNSPECIFIED.,.F.,.F.,(4,4),(0.,1.138339350096),
  .PIECEWISE_BEZIER_KNOTS.);
#10839 = CARTESIAN_POINT('',(-2.22044604925E-16,-0.11));
#10840 = CARTESIAN_POINT('',(0.471404520791,-0.11));
#10841 = CARTESIAN_POINT('',(1.099391806004,-0.11));
#10842 = CARTESIAN_POINT('',(1.570796326795,-0.11));
#10843 = ( GEOMETRIC_REPRESENTATION_CONTEXT(2) 
PARAMETRIC_REPRESENTATION_CONTEXT() REPRESENTATION_CONTEXT('2D SPACE',''
  ) );
#10844 = PCURVE('',#10364,#10845);
#10845 = DEFINITIONAL_REPRESENTATION('',(#10846),#10849);
#10846 = B_SPLINE_CURVE_WITH_KNOTS('',1,(#10847,#10848),.UNSPECIFIED.,
  .F.,.F.,(2,2),(0.,1.138339350096),.PIECEWISE_BEZIER_KNOTS.);
#10847 = CARTESIAN_POINT('',(0.,8.248775476429));
#10848 = CARTESIAN_POINT('',(1.138339350096,8.248775476429));
#10849 = ( GEOMETRIC_REPRESENTATION_CONTEXT(2) 
PARAMETRIC_REPRESENTATION_CONTEXT() REPRESENTATION_CONTEXT('2D SPACE',''
  ) );
#10850 = ORIENTED_EDGE('',*,*,#10851,.T.);
#10851 = EDGE_CURVE('',#10829,#10606,#10852,.T.);
#10852 = SURFACE_CURVE('',#10853,(#10857,#10864),.PCURVE_S1.);
#10853 = LINE('',#10854,#10855);
#10854 = CARTESIAN_POINT('',(-10.,-22.45161300899,0.58822601798));
#10855 = VECTOR('',#10856,1.);
#10856 = DIRECTION('',(0.,0.894427191,0.4472135955));
#10857 = PCURVE('',#10324,#10858);
#10858 = DEFINITIONAL_REPRESENTATION('',(#10859),#10863);
#10859 = LINE('',#10860,#10861);
#10860 = CARTESIAN_POINT('',(1.570796326795,0.));
#10861 = VECTOR('',#10862,1.);
#10862 = DIRECTION('',(0.,1.));
#10863 = ( GEOMETRIC_REPRESENTATION_CONTEXT(2) 
PARAMETRIC_REPRESENTATION_CONTEXT() REPRESENTATION_CONTEXT('2D SPACE',''
  ) );
#10864 = PCURVE('',#10643,#10865);
#10865 = DEFINITIONAL_REPRESENTATION('',(#10866),#10870);
#10866 = LINE('',#10867,#10868);
#10867 = CARTESIAN_POINT('',(0.84838699101,-8.13822601798));
#10868 = VECTOR('',#10869,1.);
#10869 = DIRECTION('',(0.894427191,-0.4472135955));
#10870 = ( GEOMETRIC_REPRESENTATION_CONTEXT(2) 
PARAMETRIC_REPRESENTATION_CONTEXT() REPRESENTATION_CONTEXT('2D SPACE',''
  ) );
#10871 = ORIENTED_EDGE('',*,*,#10605,.F.);
#10872 = ORIENTED_EDGE('',*,*,#10308,.F.);
#10873 = ADVANCED_FACE('',(#10874),#10455,.T.);
#10874 = FACE_BOUND('',#10875,.T.);
#10875 = EDGE_LOOP('',(#10876,#10877,#10917,#10942));
#10876 = ORIENTED_EDGE('',*,*,#10800,.T.);
#10877 = ORIENTED_EDGE('',*,*,#10878,.T.);
#10878 = EDGE_CURVE('',#10778,#10879,#10881,.T.);
#10879 = VERTEX_POINT('',#10880);
#10880 = CARTESIAN_POINT('',(-11.28867032017,-23.3,0.274032522475));
#10881 = SURFACE_CURVE('',#10882,(#10892,#10899),.PCURVE_S1.);
#10882 = ( BOUNDED_CURVE() B_SPLINE_CURVE(8,(#10883,#10884,#10885,#10886
    ,#10887,#10888,#10889,#10890,#10891),.UNSPECIFIED.,.F.,.F.) 
B_SPLINE_CURVE_WITH_KNOTS((9,9),(5.475042371225,6.571765806155),
.PIECEWISE_BEZIER_KNOTS.) CURVE() GEOMETRIC_REPRESENTATION_ITEM() 
RATIONAL_B_SPLINE_CURVE((1.,1.,1.,1.,1.,1.,1.,1.,1.)) 
REPRESENTATION_ITEM('') );
#10883 = CARTESIAN_POINT('',(-12.03762066567,-22.58966585404,
    0.525017264088));
#10884 = CARTESIAN_POINT('',(-12.03031829738,-22.72754543308,
    0.476300386039));
#10885 = CARTESIAN_POINT('',(-11.99417105628,-22.8602478005,
    0.42943187934));
#10886 = CARTESIAN_POINT('',(-11.93214563931,-22.98694418403,
    0.3849253965));
#10887 = CARTESIAN_POINT('',(-11.84073711219,-23.10670488107,
    0.3434662496));
#10888 = CARTESIAN_POINT('',(-11.71840956231,-23.20446530626,
    0.307946151657));
#10889 = CARTESIAN_POINT('',(-11.5769857018,-23.2693064035,
    0.284932293629));
#10890 = CARTESIAN_POINT('',(-11.43063959627,-23.3,0.274032522475));
#10891 = CARTESIAN_POINT('',(-11.28867032017,-23.3,0.274032522475));
#10892 = PCURVE('',#10455,#10893);
#10893 = DEFINITIONAL_REPRESENTATION('',(#10894),#10898);
#10894 = LINE('',#10895,#10896);
#10895 = CARTESIAN_POINT('',(1.09672343493,0.));
#10896 = VECTOR('',#10897,1.);
#10897 = DIRECTION('',(0.,1.));
#10898 = ( GEOMETRIC_REPRESENTATION_CONTEXT(2) 
PARAMETRIC_REPRESENTATION_CONTEXT() REPRESENTATION_CONTEXT('2D SPACE',''
  ) );
#10899 = PCURVE('',#10900,#10905);
#10900 = CYLINDRICAL_SURFACE('',#10901,0.75);
#10901 = AXIS2_PLACEMENT_3D('',#10902,#10903,#10904);
#10902 = CARTESIAN_POINT('',(-11.28867032017,-22.55,-7.55));
#10903 = DIRECTION('',(0.,0.,1.));
#10904 = DIRECTION('',(-0.998600460665,-5.288780539399E-02,0.));
#10905 = DEFINITIONAL_REPRESENTATION('',(#10906),#10916);
#10906 = B_SPLINE_CURVE_WITH_KNOTS('',8,(#10907,#10908,#10909,#10910,
    #10911,#10912,#10913,#10914,#10915),.UNSPECIFIED.,.F.,.F.,(9,9),(
    5.475042371225,6.571765806155),.PIECEWISE_BEZIER_KNOTS.);
#10907 = CARTESIAN_POINT('',(-4.440892098501E-16,8.075017264088));
#10908 = CARTESIAN_POINT('',(0.184097089843,8.026300386039));
#10909 = CARTESIAN_POINT('',(0.36332752706,7.979432466297));
#10910 = CARTESIAN_POINT('',(0.545948806358,7.934923821507));
#10911 = CARTESIAN_POINT('',(0.738061752533,7.893467954468));
#10912 = CARTESIAN_POINT('',(0.934437290698,7.85794534389));
#10913 = CARTESIAN_POINT('',(1.133490033122,7.834932403093));
#10914 = CARTESIAN_POINT('',(1.328591466598,7.824032522475));
#10915 = CARTESIAN_POINT('',(1.517883834726,7.824032522475));
#10916 = ( GEOMETRIC_REPRESENTATION_CONTEXT(2) 
PARAMETRIC_REPRESENTATION_CONTEXT() REPRESENTATION_CONTEXT('2D SPACE',''
  ) );
#10917 = ORIENTED_EDGE('',*,*,#10918,.F.);
#10918 = EDGE_CURVE('',#10400,#10879,#10919,.T.);
#10919 = SURFACE_CURVE('',#10920,(#10924,#10930),.PCURVE_S1.);
#10920 = ( BOUNDED_CURVE() B_SPLINE_CURVE(2,(#10921,#10922,#10923),
.UNSPECIFIED.,.F.,.F.) B_SPLINE_CURVE_WITH_KNOTS((3,3),(0.,1.09672343493
),.PIECEWISE_BEZIER_KNOTS.) CURVE() GEOMETRIC_REPRESENTATION_ITEM() 
RATIONAL_B_SPLINE_CURVE((1.,0.850650808352,1.)) REPRESENTATION_ITEM('') 
  );
#10921 = CARTESIAN_POINT('',(-11.28867032017,-23.17838699101,
    0.470806504495));
#10922 = CARTESIAN_POINT('',(-11.28867032017,-23.3,0.41));
#10923 = CARTESIAN_POINT('',(-11.28867032017,-23.3,0.274032522475));
#10924 = PCURVE('',#10455,#10925);
#10925 = DEFINITIONAL_REPRESENTATION('',(#10926),#10929);
#10926 = B_SPLINE_CURVE_WITH_KNOTS('',1,(#10927,#10928),.UNSPECIFIED.,
  .F.,.F.,(2,2),(0.,1.09672343493),.PIECEWISE_BEZIER_KNOTS.);
#10927 = CARTESIAN_POINT('',(0.,6.571765806155));
#10928 = CARTESIAN_POINT('',(1.09672343493,6.571765806155));
#10929 = ( GEOMETRIC_REPRESENTATION_CONTEXT(2) 
PARAMETRIC_REPRESENTATION_CONTEXT() REPRESENTATION_CONTEXT('2D SPACE',''
  ) );
#10930 = PCURVE('',#10415,#10931);
#10931 = DEFINITIONAL_REPRESENTATION('',(#10932),#10941);
#10932 = B_SPLINE_CURVE_WITH_KNOTS('',7,(#10933,#10934,#10935,#10936,
    #10937,#10938,#10939,#10940),.UNSPECIFIED.,.F.,.F.,(8,8),(0.,
    1.09672343493),.PIECEWISE_BEZIER_KNOTS.);
#10933 = CARTESIAN_POINT('',(-2.22044604925E-16,0.));
#10934 = CARTESIAN_POINT('',(0.150208889177,0.));
#10935 = CARTESIAN_POINT('',(0.307896460783,0.));
#10936 = CARTESIAN_POINT('',(0.470957493901,0.));
#10937 = CARTESIAN_POINT('',(0.636191223893,0.));
#10938 = CARTESIAN_POINT('',(0.799252257011,0.));
#10939 = CARTESIAN_POINT('',(0.956939828617,0.));
#10940 = CARTESIAN_POINT('',(1.107148717794,0.));
#10941 = ( GEOMETRIC_REPRESENTATION_CONTEXT(2) 
PARAMETRIC_REPRESENTATION_CONTEXT() REPRESENTATION_CONTEXT('2D SPACE',''
  ) );
#10942 = ORIENTED_EDGE('',*,*,#10427,.F.);
#10943 = ADVANCED_FACE('',(#10944),#10364,.T.);
#10944 = FACE_BOUND('',#10945,.T.);
#10945 = EDGE_LOOP('',(#10946,#11000,#11038,#11039));
#10946 = ORIENTED_EDGE('',*,*,#10947,.T.);
#10947 = EDGE_CURVE('',#10337,#10948,#10950,.T.);
#10948 = VERTEX_POINT('',#10949);
#10949 = CARTESIAN_POINT('',(-10.75,-23.3,0.274032522475));
#10950 = SURFACE_CURVE('',#10951,(#10956,#10994),.PCURVE_S1.);
#10951 = CIRCLE('',#10952,0.22);
#10952 = AXIS2_PLACEMENT_3D('',#10953,#10954,#10955);
#10953 = CARTESIAN_POINT('',(-10.75,-23.08,0.274032522475));
#10954 = DIRECTION('',(1.,0.,0.));
#10955 = DIRECTION('',(0.,-0.4472135955,0.894427191));
#10956 = PCURVE('',#10364,#10957);
#10957 = DEFINITIONAL_REPRESENTATION('',(#10958),#10993);
#10958 = B_SPLINE_CURVE_WITH_KNOTS('',9,(#10959,#10960,#10961,#10962,
    #10963,#10964,#10965,#10966,#10967,#10968,#10969,#10970,#10971,
    #10972,#10973,#10974,#10975,#10976,#10977,#10978,#10979,#10980,
    #10981,#10982,#10983,#10984,#10985,#10986,#10987,#10988,#10989,
    #10990,#10991,#10992),.UNSPECIFIED.,.F.,.F.,(10,8,8,8,10),(0.,
    0.276787179449,0.553574358897,0.830361538346,1.107148717794),
  .UNSPECIFIED.);
#10959 = CARTESIAN_POINT('',(2.22044604925E-16,7.110436126333));
#10960 = CARTESIAN_POINT('',(3.329519287048E-02,7.110436126333));
#10961 = CARTESIAN_POINT('',(6.626379546792E-02,7.110436126333));
#10962 = CARTESIAN_POINT('',(9.893353128439E-02,7.110436126333));
#10963 = CARTESIAN_POINT('',(0.131324558947,7.110436126333));
#10964 = CARTESIAN_POINT('',(0.163485427818,7.110436126333));
#10965 = CARTESIAN_POINT('',(0.195405384721,7.110436126333));
#10966 = CARTESIAN_POINT('',(0.227142436975,7.110436126333));
#10967 = CARTESIAN_POINT('',(0.258699607404,7.110436126333));
#10968 = CARTESIAN_POINT('',(0.321512262903,7.110436126333));
#10969 = CARTESIAN_POINT('',(0.352767181404,7.110436126334));
#10970 = CARTESIAN_POINT('',(0.383892553303,7.110436126331));
#10971 = CARTESIAN_POINT('',(0.414915153125,7.110436126336));
#10972 = CARTESIAN_POINT('',(0.445851221972,7.110436126331));
#10973 = CARTESIAN_POINT('',(0.476721183729,7.110436126335));
#10974 = CARTESIAN_POINT('',(0.507551369705,7.110436126333));
#10975 = CARTESIAN_POINT('',(0.538360511544,7.110436126333));
#10976 = CARTESIAN_POINT('',(0.599978838552,7.110436126333));
#10977 = CARTESIAN_POINT('',(0.630787980391,7.110436126333));
#10978 = CARTESIAN_POINT('',(0.661618166367,7.110436126334));
#10979 = CARTESIAN_POINT('',(0.692488128124,7.110436126332));
#10980 = CARTESIAN_POINT('',(0.723424196971,7.110436126334));
#10981 = CARTESIAN_POINT('',(0.754446796792,7.110436126333));
#10982 = CARTESIAN_POINT('',(0.785572168692,7.110436126334));
#10983 = CARTESIAN_POINT('',(0.816827087193,7.110436126333));
#10984 = CARTESIAN_POINT('',(0.879639742692,7.110436126333));
#10985 = CARTESIAN_POINT('',(0.911196913121,7.110436126333));
#10986 = CARTESIAN_POINT('',(0.942933965375,7.110436126334));
#10987 = CARTESIAN_POINT('',(0.974853922277,7.110436126333));
#10988 = CARTESIAN_POINT('',(1.007014791149,7.110436126334));
#10989 = CARTESIAN_POINT('',(1.039405818811,7.110436126333));
#10990 = CARTESIAN_POINT('',(1.072075554628,7.110436126334));
#10991 = CARTESIAN_POINT('',(1.105044157225,7.110436126333));
#10992 = CARTESIAN_POINT('',(1.138339350096,7.110436126333));
#10993 = ( GEOMETRIC_REPRESENTATION_CONTEXT(2) 
PARAMETRIC_REPRESENTATION_CONTEXT() REPRESENTATION_CONTEXT('2D SPACE',''
  ) );
#10994 = PCURVE('',#10415,#10995);
#10995 = DEFINITIONAL_REPRESENTATION('',(#10996),#10999);
#10996 = B_SPLINE_CURVE_WITH_KNOTS('',1,(#10997,#10998),.UNSPECIFIED.,
  .F.,.F.,(2,2),(0.,1.107148717794),.PIECEWISE_BEZIER_KNOTS.);
#10997 = CARTESIAN_POINT('',(0.,0.538670320179));
#10998 = CARTESIAN_POINT('',(1.107148717794,0.538670320179));
#10999 = ( GEOMETRIC_REPRESENTATION_CONTEXT(2) 
PARAMETRIC_REPRESENTATION_CONTEXT() REPRESENTATION_CONTEXT('2D SPACE',''
  ) );
#11000 = ORIENTED_EDGE('',*,*,#11001,.T.);
#11001 = EDGE_CURVE('',#10948,#10829,#11002,.T.);
#11002 = SURFACE_CURVE('',#11003,(#11013,#11020),.PCURVE_S1.);
#11003 = ( BOUNDED_CURVE() B_SPLINE_CURVE(8,(#11004,#11005,#11006,#11007
    ,#11008,#11009,#11010,#11011,#11012),.UNSPECIFIED.,.F.,.F.) 
B_SPLINE_CURVE_WITH_KNOTS((9,9),(7.110436126333,8.248775476429),
.PIECEWISE_BEZIER_KNOTS.) CURVE() GEOMETRIC_REPRESENTATION_ITEM() 
RATIONAL_B_SPLINE_CURVE((1.,1.,1.,1.,1.,1.,1.,1.,1.)) 
REPRESENTATION_ITEM('') );
#11004 = CARTESIAN_POINT('',(-10.75,-23.3,0.274032522475));
#11005 = CARTESIAN_POINT('',(-10.60284159988,-23.3,0.274032522475));
#11006 = CARTESIAN_POINT('',(-10.4510995075,-23.26702705779,
    0.285737212155));
#11007 = CARTESIAN_POINT('',(-10.30482652879,-23.19729336198,
    0.310458749843));
#11008 = CARTESIAN_POINT('',(-10.17985562357,-23.09217219892,
    0.348711164512));
#11009 = CARTESIAN_POINT('',(-10.08930526606,-22.9641332622,
    0.392948303609));
#11010 = CARTESIAN_POINT('',(-10.03080488932,-22.83048830959,
    0.439931311534));
#11011 = CARTESIAN_POINT('',(-10.,-22.69209890001,0.488824288516));
#11012 = CARTESIAN_POINT('',(-10.,-22.55,0.539032522475));
#11013 = PCURVE('',#10364,#11014);
#11014 = DEFINITIONAL_REPRESENTATION('',(#11015),#11019);
#11015 = LINE('',#11016,#11017);
#11016 = CARTESIAN_POINT('',(1.138339350096,0.));
#11017 = VECTOR('',#11018,1.);
#11018 = DIRECTION('',(0.,1.));
#11019 = ( GEOMETRIC_REPRESENTATION_CONTEXT(2) 
PARAMETRIC_REPRESENTATION_CONTEXT() REPRESENTATION_CONTEXT('2D SPACE',''
  ) );
#11020 = PCURVE('',#11021,#11026);
#11021 = CYLINDRICAL_SURFACE('',#11022,0.75);
#11022 = AXIS2_PLACEMENT_3D('',#11023,#11024,#11025);
#11023 = CARTESIAN_POINT('',(-10.75,-22.55,-7.55));
#11024 = DIRECTION('',(0.,0.,1.));
#11025 = DIRECTION('',(0.,-1.,0.));
#11026 = DEFINITIONAL_REPRESENTATION('',(#11027),#11037);
#11027 = B_SPLINE_CURVE_WITH_KNOTS('',8,(#11028,#11029,#11030,#11031,
    #11032,#11033,#11034,#11035,#11036),.UNSPECIFIED.,.F.,.F.,(9,9),(
    7.110436126333,8.248775476429),.PIECEWISE_BEZIER_KNOTS.);
#11028 = CARTESIAN_POINT('',(-5.516215007283E-16,7.824032522475));
#11029 = CARTESIAN_POINT('',(0.196211200157,7.824032522475));
#11030 = CARTESIAN_POINT('',(0.398500446768,7.835737480383));
#11031 = CARTESIAN_POINT('',(0.605231247271,7.86045727394));
#11032 = CARTESIAN_POINT('',(0.808902904261,7.898713992359));
#11033 = CARTESIAN_POINT('',(1.008213064632,7.942945819815));
#11034 = CARTESIAN_POINT('',(1.196819418101,7.989932207508));
#11035 = CARTESIAN_POINT('',(1.38133112677,8.038824288516));
#11036 = CARTESIAN_POINT('',(1.570796326795,8.089032522475));
#11037 = ( GEOMETRIC_REPRESENTATION_CONTEXT(2) 
PARAMETRIC_REPRESENTATION_CONTEXT() REPRESENTATION_CONTEXT('2D SPACE',''
  ) );
#11038 = ORIENTED_EDGE('',*,*,#10828,.F.);
#11039 = ORIENTED_EDGE('',*,*,#10336,.F.);
#11040 = ADVANCED_FACE('',(#11041),#10415,.T.);
#11041 = FACE_BOUND('',#11042,.T.);
#11042 = EDGE_LOOP('',(#11043,#11044,#11070,#11071));
#11043 = ORIENTED_EDGE('',*,*,#10918,.T.);
#11044 = ORIENTED_EDGE('',*,*,#11045,.T.);
#11045 = EDGE_CURVE('',#10879,#10948,#11046,.T.);
#11046 = SURFACE_CURVE('',#11047,(#11051,#11058),.PCURVE_S1.);
#11047 = LINE('',#11048,#11049);
#11048 = CARTESIAN_POINT('',(-11.28867032017,-23.3,0.274032522475));
#11049 = VECTOR('',#11050,1.);
#11050 = DIRECTION('',(1.,0.,0.));
#11051 = PCURVE('',#10415,#11052);
#11052 = DEFINITIONAL_REPRESENTATION('',(#11053),#11057);
#11053 = LINE('',#11054,#11055);
#11054 = CARTESIAN_POINT('',(1.107148717794,0.));
#11055 = VECTOR('',#11056,1.);
#11056 = DIRECTION('',(0.,1.));
#11057 = ( GEOMETRIC_REPRESENTATION_CONTEXT(2) 
PARAMETRIC_REPRESENTATION_CONTEXT() REPRESENTATION_CONTEXT('2D SPACE',''
  ) );
#11058 = PCURVE('',#11059,#11064);
#11059 = PLANE('',#11060);
#11060 = AXIS2_PLACEMENT_3D('',#11061,#11062,#11063);
#11061 = CARTESIAN_POINT('',(-30.,-23.3,0.41));
#11062 = DIRECTION('',(-0.,1.,0.));
#11063 = DIRECTION('',(0.,0.,-1.));
#11064 = DEFINITIONAL_REPRESENTATION('',(#11065),#11069);
#11065 = LINE('',#11066,#11067);
#11066 = CARTESIAN_POINT('',(0.135967477525,-18.71132967982));
#11067 = VECTOR('',#11068,1.);
#11068 = DIRECTION('',(0.,-1.));
#11069 = ( GEOMETRIC_REPRESENTATION_CONTEXT(2) 
PARAMETRIC_REPRESENTATION_CONTEXT() REPRESENTATION_CONTEXT('2D SPACE',''
  ) );
#11070 = ORIENTED_EDGE('',*,*,#10947,.F.);
#11071 = ORIENTED_EDGE('',*,*,#10399,.F.);
#11072 = ADVANCED_FACE('',(#11073,#11210),#10567,.F.);
#11073 = FACE_BOUND('',#11074,.F.);
#11074 = EDGE_LOOP('',(#11075,#11098,#11126,#11154,#11186,#11207,#11208,
    #11209));
#11075 = ORIENTED_EDGE('',*,*,#11076,.F.);
#11076 = EDGE_CURVE('',#11077,#10778,#11079,.T.);
#11077 = VERTEX_POINT('',#11078);
#11078 = CARTESIAN_POINT('',(-12.03762066567,-22.58966585404,
    -5.615017264088));
#11079 = SURFACE_CURVE('',#11080,(#11084,#11091),.PCURVE_S1.);
#11080 = LINE('',#11081,#11082);
#11081 = CARTESIAN_POINT('',(-12.03762066567,-22.58966585404,-7.55));
#11082 = VECTOR('',#11083,1.);
#11083 = DIRECTION('',(0.,0.,1.));
#11084 = PCURVE('',#10567,#11085);
#11085 = DEFINITIONAL_REPRESENTATION('',(#11086),#11090);
#11086 = LINE('',#11087,#11088);
#11087 = CARTESIAN_POINT('',(4.961055433631,0.));
#11088 = VECTOR('',#11089,1.);
#11089 = DIRECTION('',(0.,-1.));
#11090 = ( GEOMETRIC_REPRESENTATION_CONTEXT(2) 
PARAMETRIC_REPRESENTATION_CONTEXT() REPRESENTATION_CONTEXT('2D SPACE',''
  ) );
#11091 = PCURVE('',#10900,#11092);
#11092 = DEFINITIONAL_REPRESENTATION('',(#11093),#11097);
#11093 = LINE('',#11094,#11095);
#11094 = CARTESIAN_POINT('',(0.,0.));
#11095 = VECTOR('',#11096,1.);
#11096 = DIRECTION('',(0.,1.));
#11097 = ( GEOMETRIC_REPRESENTATION_CONTEXT(2) 
PARAMETRIC_REPRESENTATION_CONTEXT() REPRESENTATION_CONTEXT('2D SPACE',''
  ) );
#11098 = ORIENTED_EDGE('',*,*,#11099,.T.);
#11099 = EDGE_CURVE('',#11077,#11100,#11102,.T.);
#11100 = VERTEX_POINT('',#11101);
#11101 = CARTESIAN_POINT('',(-12.05533085504,-22.25527112683,
    -5.782214617649));
#11102 = SURFACE_CURVE('',#11103,(#11107,#11114),.PCURVE_S1.);
#11103 = LINE('',#11104,#11105);
#11104 = CARTESIAN_POINT('',(-12.04269679392,-22.4938209997,
    -5.662939681217));
#11105 = VECTOR('',#11106,1.);
#11106 = DIRECTION('',(-4.731752834854E-02,0.89342534171,-0.446712670855
    ));
#11107 = PCURVE('',#10567,#11108);
#11108 = DEFINITIONAL_REPRESENTATION('',(#11109),#11113);
#11109 = LINE('',#11110,#11111);
#11110 = CARTESIAN_POINT('',(4.865076252648,-1.887060318783));
#11111 = VECTOR('',#11112,1.);
#11112 = DIRECTION('',(-0.894677478032,0.446712670855));
#11113 = ( GEOMETRIC_REPRESENTATION_CONTEXT(2) 
PARAMETRIC_REPRESENTATION_CONTEXT() REPRESENTATION_CONTEXT('2D SPACE',''
  ) );
#11114 = PCURVE('',#11115,#11120);
#11115 = CYLINDRICAL_SURFACE('',#11116,0.22);
#11116 = AXIS2_PLACEMENT_3D('',#11117,#11118,#11119);
#11117 = CARTESIAN_POINT('',(-11.82300469257,-22.48218568251,
    -5.662939681217));
#11118 = DIRECTION('',(-4.731752834854E-02,0.89342534171,-0.446712670855
    ));
#11119 = DIRECTION('',(-0.998600460665,-5.288780539399E-02,0.));
#11120 = DEFINITIONAL_REPRESENTATION('',(#11121),#11125);
#11121 = LINE('',#11122,#11123);
#11122 = CARTESIAN_POINT('',(-0.,0.));
#11123 = VECTOR('',#11124,1.);
#11124 = DIRECTION('',(-0.,1.));
#11125 = ( GEOMETRIC_REPRESENTATION_CONTEXT(2) 
PARAMETRIC_REPRESENTATION_CONTEXT() REPRESENTATION_CONTEXT('2D SPACE',''
  ) );
#11126 = ORIENTED_EDGE('',*,*,#11127,.T.);
#11127 = EDGE_CURVE('',#11100,#11128,#11130,.T.);
#11128 = VERTEX_POINT('',#11129);
#11129 = CARTESIAN_POINT('',(-12.29998814336,-17.63577748361,
    -5.980287154434));
#11130 = SURFACE_CURVE('',#11131,(#11135,#11142),.PCURVE_S1.);
#11131 = LINE('',#11132,#11133);
#11132 = CARTESIAN_POINT('',(-12.05345854081,-22.29062320529,
    -5.780698807389));
#11133 = VECTOR('',#11134,1.);
#11134 = DIRECTION('',(-5.283939125661E-02,0.997686329713,
    -4.277833838614E-02));
#11135 = PCURVE('',#10567,#11136);
#11136 = DEFINITIONAL_REPRESENTATION('',(#11137),#11141);
#11137 = LINE('',#11138,#11139);
#11138 = CARTESIAN_POINT('',(4.661593676374,-1.769301192611));
#11139 = VECTOR('',#11140,1.);
#11140 = DIRECTION('',(-0.999084587893,4.277833838614E-02));
#11141 = ( GEOMETRIC_REPRESENTATION_CONTEXT(2) 
PARAMETRIC_REPRESENTATION_CONTEXT() REPRESENTATION_CONTEXT('2D SPACE',''
  ) );
#11142 = PCURVE('',#11143,#11148);
#11143 = CYLINDRICAL_SURFACE('',#11144,0.22);
#11144 = AXIS2_PLACEMENT_3D('',#11145,#11146,#11147);
#11145 = CARTESIAN_POINT('',(-11.83376643947,-22.27898788811,
    -5.780698807389));
#11146 = DIRECTION('',(-5.283939125661E-02,0.997686329713,
    -4.277833838614E-02));
#11147 = DIRECTION('',(-0.998600460665,-5.288780539399E-02,0.));
#11148 = DEFINITIONAL_REPRESENTATION('',(#11149),#11153);
#11149 = LINE('',#11150,#11151);
#11150 = CARTESIAN_POINT('',(-0.,0.));
#11151 = VECTOR('',#11152,1.);
#11152 = DIRECTION('',(-0.,1.));
#11153 = ( GEOMETRIC_REPRESENTATION_CONTEXT(2) 
PARAMETRIC_REPRESENTATION_CONTEXT() REPRESENTATION_CONTEXT('2D SPACE',''
  ) );
#11154 = ORIENTED_EDGE('',*,*,#11155,.T.);
#11155 = EDGE_CURVE('',#11128,#11156,#11158,.T.);
#11156 = VERTEX_POINT('',#11157);
#11157 = CARTESIAN_POINT('',(-12.3,-17.63555361263,-5.970364800226));
#11158 = SURFACE_CURVE('',#11159,(#11164,#11171),.PCURVE_S1.);
#11159 = ELLIPSE('',#11160,0.220308330174,0.22);
#11160 = AXIS2_PLACEMENT_3D('',#11161,#11162,#11163);
#11161 = CARTESIAN_POINT('',(-12.2883483759,-17.85555361263,
    -5.970364800226));
#11162 = DIRECTION('',(0.998600460665,5.288780539399E-02,0.));
#11163 = DIRECTION('',(5.288780539399E-02,-0.998600460665,0.));
#11164 = PCURVE('',#10567,#11165);
#11165 = DEFINITIONAL_REPRESENTATION('',(#11166),#11170);
#11166 = ELLIPSE('',#11167,0.220308330174,0.22);
#11167 = AXIS2_PLACEMENT_2D('',#11168,#11169);
#11168 = CARTESIAN_POINT('',(0.220308330174,-1.579635199774));
#11169 = DIRECTION('',(1.,0.));
#11170 = ( GEOMETRIC_REPRESENTATION_CONTEXT(2) 
PARAMETRIC_REPRESENTATION_CONTEXT() REPRESENTATION_CONTEXT('2D SPACE',''
  ) );
#11171 = PCURVE('',#11172,#11177);
#11172 = CYLINDRICAL_SURFACE('',#11173,0.22);
#11173 = AXIS2_PLACEMENT_3D('',#11174,#11175,#11176);
#11174 = CARTESIAN_POINT('',(-12.3,-17.85555361263,-5.970364800226));
#11175 = DIRECTION('',(1.,0.,0.));
#11176 = DIRECTION('',(-0.,1.,0.));
#11177 = DEFINITIONAL_REPRESENTATION('',(#11178),#11185);
#11178 = B_SPLINE_CURVE_WITH_KNOTS('',5,(#11179,#11180,#11181,#11182,
    #11183,#11184),.UNSPECIFIED.,.F.,.F.,(6,6),(3.096475738926,
    3.14159265359),.PIECEWISE_BEZIER_KNOTS.);
#11179 = CARTESIAN_POINT('',(-4.511691466417E-02,1.185663866288E-05));
#11180 = CARTESIAN_POINT('',(-3.609353173133E-02,7.11478771252E-06));
#11181 = CARTESIAN_POINT('',(-2.70701487985E-02,3.557595031397E-06));
#11182 = CARTESIAN_POINT('',(-1.804676586567E-02,1.185865011103E-06));
#11183 = CARTESIAN_POINT('',(-9.023382932833E-03,1.287557713239E-20));
#11184 = CARTESIAN_POINT('',(0.,0.));
#11185 = ( GEOMETRIC_REPRESENTATION_CONTEXT(2) 
PARAMETRIC_REPRESENTATION_CONTEXT() REPRESENTATION_CONTEXT('2D SPACE',''
  ) );
#11186 = ORIENTED_EDGE('',*,*,#11187,.T.);
#11187 = EDGE_CURVE('',#11156,#10691,#11188,.T.);
#11188 = SURFACE_CURVE('',#11189,(#11193,#11200),.PCURVE_S1.);
#11189 = LINE('',#11190,#11191);
#11190 = CARTESIAN_POINT('',(-12.3,-17.63555361263,-7.55));
#11191 = VECTOR('',#11192,1.);
#11192 = DIRECTION('',(0.,0.,1.));
#11193 = PCURVE('',#10567,#11194);
#11194 = DEFINITIONAL_REPRESENTATION('',(#11195),#11199);
#11195 = LINE('',#11196,#11197);
#11196 = CARTESIAN_POINT('',(0.,0.));
#11197 = VECTOR('',#11198,1.);
#11198 = DIRECTION('',(0.,-1.));
#11199 = ( GEOMETRIC_REPRESENTATION_CONTEXT(2) 
PARAMETRIC_REPRESENTATION_CONTEXT() REPRESENTATION_CONTEXT('2D SPACE',''
  ) );
#11200 = PCURVE('',#10737,#11201);
#11201 = DEFINITIONAL_REPRESENTATION('',(#11202),#11206);
#11202 = LINE('',#11203,#11204);
#11203 = CARTESIAN_POINT('',(-1.35,-17.7));
#11204 = VECTOR('',#11205,1.);
#11205 = DIRECTION('',(1.,0.));
#11206 = ( GEOMETRIC_REPRESENTATION_CONTEXT(2) 
PARAMETRIC_REPRESENTATION_CONTEXT() REPRESENTATION_CONTEXT('2D SPACE',''
  ) );
#11207 = ORIENTED_EDGE('',*,*,#10690,.F.);
#11208 = ORIENTED_EDGE('',*,*,#10551,.T.);
#11209 = ORIENTED_EDGE('',*,*,#10777,.T.);
#11210 = FACE_BOUND('',#11211,.F.);
#11211 = EDGE_LOOP('',(#11212));
#11212 = ORIENTED_EDGE('',*,*,#11213,.F.);
#11213 = EDGE_CURVE('',#11214,#11214,#11216,.T.);
#11214 = VERTEX_POINT('',#11215);
#11215 = CARTESIAN_POINT('',(-12.13108077104,-20.825,-4.3));
#11216 = SURFACE_CURVE('',#11217,(#11222,#11229),.PCURVE_S1.);
#11217 = ELLIPSE('',#11218,0.525735787915,0.525);
#11218 = AXIS2_PLACEMENT_3D('',#11219,#11220,#11221);
#11219 = CARTESIAN_POINT('',(-12.103275759,-21.35,-4.3));
#11220 = DIRECTION('',(0.998600460665,5.288780539399E-02,-0.));
#11221 = DIRECTION('',(-5.288780539399E-02,0.998600460665,-0.));
#11222 = PCURVE('',#10567,#11223);
#11223 = DEFINITIONAL_REPRESENTATION('',(#11224),#11228);
#11224 = ELLIPSE('',#11225,0.525735787915,0.525);
#11225 = AXIS2_PLACEMENT_2D('',#11226,#11227);
#11226 = CARTESIAN_POINT('',(3.719652186911,-3.25));
#11227 = DIRECTION('',(-1.,0.));
#11228 = ( GEOMETRIC_REPRESENTATION_CONTEXT(2) 
PARAMETRIC_REPRESENTATION_CONTEXT() REPRESENTATION_CONTEXT('2D SPACE',''
  ) );
#11229 = PCURVE('',#11230,#11235);
#11230 = CYLINDRICAL_SURFACE('',#11231,0.525);
#11231 = AXIS2_PLACEMENT_3D('',#11232,#11233,#11234);
#11232 = CARTESIAN_POINT('',(-15.,-21.35,-4.3));
#11233 = DIRECTION('',(-1.,-0.,-0.));
#11234 = DIRECTION('',(0.,1.,0.));
#11235 = DEFINITIONAL_REPRESENTATION('',(#11236),#11251);
#11236 = B_SPLINE_CURVE_WITH_KNOTS('',7,(#11237,#11238,#11239,#11240,
    #11241,#11242,#11243,#11244,#11245,#11246,#11247,#11248,#11249,
    #11250),.UNSPECIFIED.,.F.,.F.,(8,6,8),(0.,3.14159265359,
    6.28318530718),.UNSPECIFIED.);
#11237 = CARTESIAN_POINT('',(0.,-2.868919228955));
#11238 = CARTESIAN_POINT('',(-0.448798950513,-2.868919228955));
#11239 = CARTESIAN_POINT('',(-0.897597901026,-2.875454244317));
#11240 = CARTESIAN_POINT('',(-1.346396851538,-2.88851229327));
#11241 = CARTESIAN_POINT('',(-1.795195802052,-2.904936188719));
#11242 = CARTESIAN_POINT('',(-2.243994752564,-2.917994237673));
#11243 = CARTESIAN_POINT('',(-2.692793703077,-2.924529253035));
#11244 = CARTESIAN_POINT('',(-3.590391604103,-2.924529253035));
#11245 = CARTESIAN_POINT('',(-4.039190554616,-2.917994237673));
#11246 = CARTESIAN_POINT('',(-4.487989505127,-2.904936188719));
#11247 = CARTESIAN_POINT('',(-4.936788455641,-2.888512293271));
#11248 = CARTESIAN_POINT('',(-5.385587406154,-2.875454244316));
#11249 = CARTESIAN_POINT('',(-5.834386356667,-2.868919228955));
#11250 = CARTESIAN_POINT('',(-6.28318530718,-2.868919228955));
#11251 = ( GEOMETRIC_REPRESENTATION_CONTEXT(2) 
PARAMETRIC_REPRESENTATION_CONTEXT() REPRESENTATION_CONTEXT('2D SPACE',''
  ) );
#11252 = ADVANCED_FACE('',(#11253,#11386),#10643,.F.);
#11253 = FACE_BOUND('',#11254,.F.);
#11254 = EDGE_LOOP('',(#11255,#11278,#11306,#11334,#11362,#11383,#11384,
    #11385));
#11255 = ORIENTED_EDGE('',*,*,#11256,.F.);
#11256 = EDGE_CURVE('',#11257,#10722,#11259,.T.);
#11257 = VERTEX_POINT('',#11258);
#11258 = CARTESIAN_POINT('',(-10.,-17.63555361263,-5.970364800226));
#11259 = SURFACE_CURVE('',#11260,(#11264,#11271),.PCURVE_S1.);
#11260 = LINE('',#11261,#11262);
#11261 = CARTESIAN_POINT('',(-10.,-17.63555361263,-7.55));
#11262 = VECTOR('',#11263,1.);
#11263 = DIRECTION('',(0.,0.,1.));
#11264 = PCURVE('',#10643,#11265);
#11265 = DEFINITIONAL_REPRESENTATION('',(#11266),#11270);
#11266 = LINE('',#11267,#11268);
#11267 = CARTESIAN_POINT('',(5.664446387363,0.));
#11268 = VECTOR('',#11269,1.);
#11269 = DIRECTION('',(0.,-1.));
#11270 = ( GEOMETRIC_REPRESENTATION_CONTEXT(2) 
PARAMETRIC_REPRESENTATION_CONTEXT() REPRESENTATION_CONTEXT('2D SPACE',''
  ) );
#11271 = PCURVE('',#10737,#11272);
#11272 = DEFINITIONAL_REPRESENTATION('',(#11273),#11277);
#11273 = LINE('',#11274,#11275);
#11274 = CARTESIAN_POINT('',(-1.35,-20.));
#11275 = VECTOR('',#11276,1.);
#11276 = DIRECTION('',(1.,0.));
#11277 = ( GEOMETRIC_REPRESENTATION_CONTEXT(2) 
PARAMETRIC_REPRESENTATION_CONTEXT() REPRESENTATION_CONTEXT('2D SPACE',''
  ) );
#11278 = ORIENTED_EDGE('',*,*,#11279,.F.);
#11279 = EDGE_CURVE('',#11280,#11257,#11282,.T.);
#11280 = VERTEX_POINT('',#11281);
#11281 = CARTESIAN_POINT('',(-10.,-17.63575556741,-5.979789200335));
#11282 = SURFACE_CURVE('',#11283,(#11288,#11299),.PCURVE_S1.);
#11283 = CIRCLE('',#11284,0.22);
#11284 = AXIS2_PLACEMENT_3D('',#11285,#11286,#11287);
#11285 = CARTESIAN_POINT('',(-10.,-17.85555361263,-5.970364800226));
#11286 = DIRECTION('',(1.,0.,0.));
#11287 = DIRECTION('',(-0.,0.,1.));
#11288 = PCURVE('',#10643,#11289);
#11289 = DEFINITIONAL_REPRESENTATION('',(#11290),#11298);
#11290 = ( BOUNDED_CURVE() B_SPLINE_CURVE(2,(#11291,#11292,#11293,#11294
    ,#11295,#11296,#11297),.UNSPECIFIED.,.T.,.F.) 
B_SPLINE_CURVE_WITH_KNOTS((1,2,2,2,2,1),(-2.094395102393,0.,
    2.094395102393,4.188790204786,6.28318530718,8.377580409573),
.UNSPECIFIED.) CURVE() GEOMETRIC_REPRESENTATION_ITEM() 
RATIONAL_B_SPLINE_CURVE((1.,0.5,1.,0.5,1.,0.5,1.)) REPRESENTATION_ITEM(
  '') );
#11291 = CARTESIAN_POINT('',(5.444446387363,-1.799635199774));
#11292 = CARTESIAN_POINT('',(5.063395209698,-1.799635199774));
#11293 = CARTESIAN_POINT('',(5.253920798531,-1.469635199774));
#11294 = CARTESIAN_POINT('',(5.444446387363,-1.139635199774));
#11295 = CARTESIAN_POINT('',(5.634971976196,-1.469635199774));
#11296 = CARTESIAN_POINT('',(5.825497565028,-1.799635199774));
#11297 = CARTESIAN_POINT('',(5.444446387363,-1.799635199774));
#11298 = ( GEOMETRIC_REPRESENTATION_CONTEXT(2) 
PARAMETRIC_REPRESENTATION_CONTEXT() REPRESENTATION_CONTEXT('2D SPACE',''
  ) );
#11299 = PCURVE('',#11172,#11300);
#11300 = DEFINITIONAL_REPRESENTATION('',(#11301),#11305);
#11301 = LINE('',#11302,#11303);
#11302 = CARTESIAN_POINT('',(-4.712388980385,2.3));
#11303 = VECTOR('',#11304,1.);
#11304 = DIRECTION('',(1.,-0.));
#11305 = ( GEOMETRIC_REPRESENTATION_CONTEXT(2) 
PARAMETRIC_REPRESENTATION_CONTEXT() REPRESENTATION_CONTEXT('2D SPACE',''
  ) );
#11306 = ORIENTED_EDGE('',*,*,#11307,.T.);
#11307 = EDGE_CURVE('',#11280,#11308,#11310,.T.);
#11308 = VERTEX_POINT('',#11309);
#11309 = CARTESIAN_POINT('',(-10.,-22.24363580965,-5.782214617649));
#11310 = SURFACE_CURVE('',#11311,(#11315,#11322),.PCURVE_S1.);
#11311 = LINE('',#11312,#11313);
#11312 = CARTESIAN_POINT('',(-10.,-17.62612921252,-5.98020195478));
#11313 = VECTOR('',#11314,1.);
#11314 = DIRECTION('',(0.,-0.999082023728,4.28381823161E-02));
#11315 = PCURVE('',#10643,#11316);
#11316 = DEFINITIONAL_REPRESENTATION('',(#11317),#11321);
#11317 = LINE('',#11318,#11319);
#11318 = CARTESIAN_POINT('',(5.673870787473,-1.56979804522));
#11319 = VECTOR('',#11320,1.);
#11320 = DIRECTION('',(-0.999082023728,-4.28381823161E-02));
#11321 = ( GEOMETRIC_REPRESENTATION_CONTEXT(2) 
PARAMETRIC_REPRESENTATION_CONTEXT() REPRESENTATION_CONTEXT('2D SPACE',''
  ) );
#11322 = PCURVE('',#11323,#11328);
#11323 = CYLINDRICAL_SURFACE('',#11324,0.22);
#11324 = AXIS2_PLACEMENT_3D('',#11325,#11326,#11327);
#11325 = CARTESIAN_POINT('',(-10.22,-17.62612921252,-5.98020195478));
#11326 = DIRECTION('',(0.,-0.999082023728,4.28381823161E-02));
#11327 = DIRECTION('',(1.,0.,-0.));
#11328 = DEFINITIONAL_REPRESENTATION('',(#11329),#11333);
#11329 = LINE('',#11330,#11331);
#11330 = CARTESIAN_POINT('',(-0.,0.));
#11331 = VECTOR('',#11332,1.);
#11332 = DIRECTION('',(-0.,1.));
#11333 = ( GEOMETRIC_REPRESENTATION_CONTEXT(2) 
PARAMETRIC_REPRESENTATION_CONTEXT() REPRESENTATION_CONTEXT('2D SPACE',''
  ) );
#11334 = ORIENTED_EDGE('',*,*,#11335,.T.);
#11335 = EDGE_CURVE('',#11308,#11336,#11338,.T.);
#11336 = VERTEX_POINT('',#11337);
#11337 = CARTESIAN_POINT('',(-10.,-22.55,-5.629032522475));
#11338 = SURFACE_CURVE('',#11339,(#11343,#11350),.PCURVE_S1.);
#11339 = LINE('',#11340,#11341);
#11340 = CARTESIAN_POINT('',(-10.,-22.20161300899,-5.80322601798));
#11341 = VECTOR('',#11342,1.);
#11342 = DIRECTION('',(0.,-0.894427191,0.4472135955));
#11343 = PCURVE('',#10643,#11344);
#11344 = DEFINITIONAL_REPRESENTATION('',(#11345),#11349);
#11345 = LINE('',#11346,#11347);
#11346 = CARTESIAN_POINT('',(1.09838699101,-1.74677398202));
#11347 = VECTOR('',#11348,1.);
#11348 = DIRECTION('',(-0.894427191,-0.4472135955));
#11349 = ( GEOMETRIC_REPRESENTATION_CONTEXT(2) 
PARAMETRIC_REPRESENTATION_CONTEXT() REPRESENTATION_CONTEXT('2D SPACE',''
  ) );
#11350 = PCURVE('',#11351,#11356);
#11351 = CYLINDRICAL_SURFACE('',#11352,0.22);
#11352 = AXIS2_PLACEMENT_3D('',#11353,#11354,#11355);
#11353 = CARTESIAN_POINT('',(-10.22,-22.20161300899,-5.80322601798));
#11354 = DIRECTION('',(0.,-0.894427191,0.4472135955));
#11355 = DIRECTION('',(1.,0.,-0.));
#11356 = DEFINITIONAL_REPRESENTATION('',(#11357),#11361);
#11357 = LINE('',#11358,#11359);
#11358 = CARTESIAN_POINT('',(-0.,0.));
#11359 = VECTOR('',#11360,1.);
#11360 = DIRECTION('',(-0.,1.));
#11361 = ( GEOMETRIC_REPRESENTATION_CONTEXT(2) 
PARAMETRIC_REPRESENTATION_CONTEXT() REPRESENTATION_CONTEXT('2D SPACE',''
  ) );
#11362 = ORIENTED_EDGE('',*,*,#11363,.T.);
#11363 = EDGE_CURVE('',#11336,#10829,#11364,.T.);
#11364 = SURFACE_CURVE('',#11365,(#11369,#11376),.PCURVE_S1.);
#11365 = LINE('',#11366,#11367);
#11366 = CARTESIAN_POINT('',(-10.,-22.55,-7.55));
#11367 = VECTOR('',#11368,1.);
#11368 = DIRECTION('',(0.,0.,1.));
#11369 = PCURVE('',#10643,#11370);
#11370 = DEFINITIONAL_REPRESENTATION('',(#11371),#11375);
#11371 = LINE('',#11372,#11373);
#11372 = CARTESIAN_POINT('',(0.75,0.));
#11373 = VECTOR('',#11374,1.);
#11374 = DIRECTION('',(0.,-1.));
#11375 = ( GEOMETRIC_REPRESENTATION_CONTEXT(2) 
PARAMETRIC_REPRESENTATION_CONTEXT() REPRESENTATION_CONTEXT('2D SPACE',''
  ) );
#11376 = PCURVE('',#11021,#11377);
#11377 = DEFINITIONAL_REPRESENTATION('',(#11378),#11382);
#11378 = LINE('',#11379,#11380);
#11379 = CARTESIAN_POINT('',(1.570796326795,0.));
#11380 = VECTOR('',#11381,1.);
#11381 = DIRECTION('',(0.,1.));
#11382 = ( GEOMETRIC_REPRESENTATION_CONTEXT(2) 
PARAMETRIC_REPRESENTATION_CONTEXT() REPRESENTATION_CONTEXT('2D SPACE',''
  ) );
#11383 = ORIENTED_EDGE('',*,*,#10851,.T.);
#11384 = ORIENTED_EDGE('',*,*,#10627,.T.);
#11385 = ORIENTED_EDGE('',*,*,#10749,.T.);
#11386 = FACE_BOUND('',#11387,.F.);
#11387 = EDGE_LOOP('',(#11388));
#11388 = ORIENTED_EDGE('',*,*,#11389,.F.);
#11389 = EDGE_CURVE('',#11390,#11390,#11392,.T.);
#11390 = VERTEX_POINT('',#11391);
#11391 = CARTESIAN_POINT('',(-10.,-20.825,-4.3));
#11392 = SURFACE_CURVE('',#11393,(#11398,#11405),.PCURVE_S1.);
#11393 = CIRCLE('',#11394,0.525);
#11394 = AXIS2_PLACEMENT_3D('',#11395,#11396,#11397);
#11395 = CARTESIAN_POINT('',(-10.,-21.35,-4.3));
#11396 = DIRECTION('',(-1.,0.,0.));
#11397 = DIRECTION('',(0.,1.,0.));
#11398 = PCURVE('',#10643,#11399);
#11399 = DEFINITIONAL_REPRESENTATION('',(#11400),#11404);
#11400 = CIRCLE('',#11401,0.525);
#11401 = AXIS2_PLACEMENT_2D('',#11402,#11403);
#11402 = CARTESIAN_POINT('',(1.95,-3.25));
#11403 = DIRECTION('',(1.,0.));
#11404 = ( GEOMETRIC_REPRESENTATION_CONTEXT(2) 
PARAMETRIC_REPRESENTATION_CONTEXT() REPRESENTATION_CONTEXT('2D SPACE',''
  ) );
#11405 = PCURVE('',#11230,#11406);
#11406 = DEFINITIONAL_REPRESENTATION('',(#11407),#11411);
#11407 = LINE('',#11408,#11409);
#11408 = CARTESIAN_POINT('',(-6.28318530718,-5.));
#11409 = VECTOR('',#11410,1.);
#11410 = DIRECTION('',(1.,-0.));
#11411 = ( GEOMETRIC_REPRESENTATION_CONTEXT(2) 
PARAMETRIC_REPRESENTATION_CONTEXT() REPRESENTATION_CONTEXT('2D SPACE',''
  ) );
#11412 = ADVANCED_FACE('',(#11413),#10737,.F.);
#11413 = FACE_BOUND('',#11414,.F.);
#11414 = EDGE_LOOP('',(#11415,#11416,#11437,#11438));
#11415 = ORIENTED_EDGE('',*,*,#11187,.F.);
#11416 = ORIENTED_EDGE('',*,*,#11417,.T.);
#11417 = EDGE_CURVE('',#11156,#11257,#11418,.T.);
#11418 = SURFACE_CURVE('',#11419,(#11423,#11430),.PCURVE_S1.);
#11419 = LINE('',#11420,#11421);
#11420 = CARTESIAN_POINT('',(-12.3,-17.63555361263,-5.970364800226));
#11421 = VECTOR('',#11422,1.);
#11422 = DIRECTION('',(1.,0.,0.));
#11423 = PCURVE('',#10737,#11424);
#11424 = DEFINITIONAL_REPRESENTATION('',(#11425),#11429);
#11425 = LINE('',#11426,#11427);
#11426 = CARTESIAN_POINT('',(0.229635199774,-17.7));
#11427 = VECTOR('',#11428,1.);
#11428 = DIRECTION('',(0.,-1.));
#11429 = ( GEOMETRIC_REPRESENTATION_CONTEXT(2) 
PARAMETRIC_REPRESENTATION_CONTEXT() REPRESENTATION_CONTEXT('2D SPACE',''
  ) );
#11430 = PCURVE('',#11172,#11431);
#11431 = DEFINITIONAL_REPRESENTATION('',(#11432),#11436);
#11432 = LINE('',#11433,#11434);
#11433 = CARTESIAN_POINT('',(-0.,0.));
#11434 = VECTOR('',#11435,1.);
#11435 = DIRECTION('',(-0.,1.));
#11436 = ( GEOMETRIC_REPRESENTATION_CONTEXT(2) 
PARAMETRIC_REPRESENTATION_CONTEXT() REPRESENTATION_CONTEXT('2D SPACE',''
  ) );
#11437 = ORIENTED_EDGE('',*,*,#11256,.T.);
#11438 = ORIENTED_EDGE('',*,*,#10721,.F.);
#11439 = ADVANCED_FACE('',(#11440),#10900,.T.);
#11440 = FACE_BOUND('',#11441,.T.);
#11441 = EDGE_LOOP('',(#11442,#11443,#11506,#11527));
#11442 = ORIENTED_EDGE('',*,*,#11076,.F.);
#11443 = ORIENTED_EDGE('',*,*,#11444,.F.);
#11444 = EDGE_CURVE('',#11445,#11077,#11447,.T.);
#11445 = VERTEX_POINT('',#11446);
#11446 = CARTESIAN_POINT('',(-11.28867032017,-23.3,-5.364032522475));
#11447 = SURFACE_CURVE('',#11448,(#11458,#11471),.PCURVE_S1.);
#11448 = ( BOUNDED_CURVE() B_SPLINE_CURVE(8,(#11449,#11450,#11451,#11452
    ,#11453,#11454,#11455,#11456,#11457),.UNSPECIFIED.,.F.,.F.) 
B_SPLINE_CURVE_WITH_KNOTS((9,9),(2.066772671409,3.163496106339),
.PIECEWISE_BEZIER_KNOTS.) CURVE() GEOMETRIC_REPRESENTATION_ITEM() 
RATIONAL_B_SPLINE_CURVE((1.,1.,1.,1.,1.,1.,1.,1.,1.)) 
REPRESENTATION_ITEM('') );
#11449 = CARTESIAN_POINT('',(-11.28867032017,-23.3,-5.364032522475));
#11450 = CARTESIAN_POINT('',(-11.43063959627,-23.3,-5.364032522475));
#11451 = CARTESIAN_POINT('',(-11.5769857018,-23.2693064035,
    -5.374932293629));
#11452 = CARTESIAN_POINT('',(-11.71840956231,-23.20446530626,
    -5.397946151657));
#11453 = CARTESIAN_POINT('',(-11.84073711219,-23.10670488107,
    -5.4334662496));
#11454 = CARTESIAN_POINT('',(-11.93214563931,-22.98694418403,
    -5.4749253965));
#11455 = CARTESIAN_POINT('',(-11.99417105628,-22.8602478005,
    -5.51943187934));
#11456 = CARTESIAN_POINT('',(-12.03031829738,-22.72754543308,
    -5.566300386039));
#11457 = CARTESIAN_POINT('',(-12.03762066567,-22.58966585404,
    -5.615017264088));
#11458 = PCURVE('',#10900,#11459);
#11459 = DEFINITIONAL_REPRESENTATION('',(#11460),#11470);
#11460 = B_SPLINE_CURVE_WITH_KNOTS('',8,(#11461,#11462,#11463,#11464,
    #11465,#11466,#11467,#11468,#11469),.UNSPECIFIED.,.F.,.F.,(9,9),(
    2.066772671409,3.163496106339),.PIECEWISE_BEZIER_KNOTS.);
#11461 = CARTESIAN_POINT('',(1.517883834726,2.185967477525));
#11462 = CARTESIAN_POINT('',(1.328591466598,2.185967477525));
#11463 = CARTESIAN_POINT('',(1.133490033122,2.175067596906));
#11464 = CARTESIAN_POINT('',(0.934437290698,2.152054656111));
#11465 = CARTESIAN_POINT('',(0.738061752533,2.116532045531));
#11466 = CARTESIAN_POINT('',(0.545948806358,2.075076178493));
#11467 = CARTESIAN_POINT('',(0.36332752706,2.030567533703));
#11468 = CARTESIAN_POINT('',(0.184097089843,1.983699613961));
#11469 = CARTESIAN_POINT('',(6.661338147751E-15,1.934982735912));
#11470 = ( GEOMETRIC_REPRESENTATION_CONTEXT(2) 
PARAMETRIC_REPRESENTATION_CONTEXT() REPRESENTATION_CONTEXT('2D SPACE',''
  ) );
#11471 = PCURVE('',#11472,#11500);
#11472 = ( BOUNDED_SURFACE() B_SPLINE_SURFACE(2,8,(
    (#11473,#11474,#11475,#11476,#11477,#11478,#11479,#11480,#11481)
    ,(#11482,#11483,#11484,#11485,#11486,#11487,#11488,#11489,#11490)
    ,(#11491,#11492,#11493,#11494,#11495,#11496,#11497,#11498,#11499
)),.UNSPECIFIED.,.F.,.F.,.F.) B_SPLINE_SURFACE_WITH_KNOTS((3,3),(9,9),(
    0.,1.09672343493),(2.066772671409,3.163496106339),
.PIECEWISE_BEZIER_KNOTS.) GEOMETRIC_REPRESENTATION_ITEM() 
RATIONAL_B_SPLINE_SURFACE((
    (1.,1.,1.,1.,1.,1.,1.,1.,1.)
    ,(0.850650808352,0.850650808352,0.845344440011,0.834068455188
      ,0.817999027772,0.795088124739,0.770499307218,0.744150827702
      ,0.715420221421)
,(1.,1.,1.,1.,1.,1.,1.,1.,1.))) REPRESENTATION_ITEM('') SURFACE() );
#11473 = CARTESIAN_POINT('',(-11.28867032017,-23.3,-5.364032522475));
#11474 = CARTESIAN_POINT('',(-11.43063959627,-23.3,-5.364032522475));
#11475 = CARTESIAN_POINT('',(-11.5769857018,-23.2693064035,
    -5.374932293629));
#11476 = CARTESIAN_POINT('',(-11.71840956231,-23.20446530626,
    -5.397946151657));
#11477 = CARTESIAN_POINT('',(-11.84073711219,-23.10670488107,
    -5.4334662496));
#11478 = CARTESIAN_POINT('',(-11.93214563931,-22.98694418403,
    -5.4749253965));
#11479 = CARTESIAN_POINT('',(-11.99417105628,-22.8602478005,
    -5.51943187934));
#11480 = CARTESIAN_POINT('',(-12.03031829738,-22.72754543308,
    -5.566300386039));
#11481 = CARTESIAN_POINT('',(-12.03762066567,-22.58966585404,
    -5.615017264088));
#11482 = CARTESIAN_POINT('',(-11.28867032017,-23.3,-5.5));
#11483 = CARTESIAN_POINT('',(-11.41893409641,-23.3,-5.5));
#11484 = CARTESIAN_POINT('',(-11.55616772993,-23.2741270528,
    -5.5129364736));
#11485 = CARTESIAN_POINT('',(-11.6915260541,-23.2180343454,
    -5.540982827298));
#11486 = CARTESIAN_POINT('',(-11.8091591971,-23.12988728787,
    -5.585056356063));
#11487 = CARTESIAN_POINT('',(-11.89636735792,-23.02854857021,
    -5.635725714895));
#11488 = CARTESIAN_POINT('',(-11.96252737928,-22.9229232456,
    -5.688538377197));
#11489 = CARTESIAN_POINT('',(-12.00901504706,-22.80861587587,
    -5.745692062061));
#11490 = CARTESIAN_POINT('',(-12.03254498455,-22.68550226601,
    -5.807248866993));
#11491 = CARTESIAN_POINT('',(-11.28867032017,-23.17838699101,
    -5.560806504495));
#11492 = CARTESIAN_POINT('',(-11.392759803,-23.17838699101,
    -5.560806504495));
#11493 = CARTESIAN_POINT('',(-11.50419595317,-23.15514739368,
    -5.572426303159));
#11494 = CARTESIAN_POINT('',(-11.6124938724,-23.1031714043,
    -5.598414297846));
#11495 = CARTESIAN_POINT('',(-11.70148792331,-23.02455903525,
    -5.637720482371));
#11496 = CARTESIAN_POINT('',(-11.75928472016,-22.9335384411,
    -5.683230779448));
#11497 = CARTESIAN_POINT('',(-11.79317461649,-22.84778713054,
    -5.72610643473));
#11498 = CARTESIAN_POINT('',(-11.81339396596,-22.76370263014,
    -5.768148684928));
#11499 = CARTESIAN_POINT('',(-11.81794828606,-22.67605233261,
    -5.811973833691));
#11500 = DEFINITIONAL_REPRESENTATION('',(#11501),#11505);
#11501 = LINE('',#11502,#11503);
#11502 = CARTESIAN_POINT('',(0.,0.));
#11503 = VECTOR('',#11504,1.);
#11504 = DIRECTION('',(0.,1.));
#11505 = ( GEOMETRIC_REPRESENTATION_CONTEXT(2) 
PARAMETRIC_REPRESENTATION_CONTEXT() REPRESENTATION_CONTEXT('2D SPACE',''
  ) );
#11506 = ORIENTED_EDGE('',*,*,#11507,.T.);
#11507 = EDGE_CURVE('',#11445,#10879,#11508,.T.);
#11508 = SURFACE_CURVE('',#11509,(#11513,#11520),.PCURVE_S1.);
#11509 = LINE('',#11510,#11511);
#11510 = CARTESIAN_POINT('',(-11.28867032017,-23.3,-7.55));
#11511 = VECTOR('',#11512,1.);
#11512 = DIRECTION('',(0.,0.,1.));
#11513 = PCURVE('',#10900,#11514);
#11514 = DEFINITIONAL_REPRESENTATION('',(#11515),#11519);
#11515 = LINE('',#11516,#11517);
#11516 = CARTESIAN_POINT('',(1.517883834726,0.));
#11517 = VECTOR('',#11518,1.);
#11518 = DIRECTION('',(0.,1.));
#11519 = ( GEOMETRIC_REPRESENTATION_CONTEXT(2) 
PARAMETRIC_REPRESENTATION_CONTEXT() REPRESENTATION_CONTEXT('2D SPACE',''
  ) );
#11520 = PCURVE('',#11059,#11521);
#11521 = DEFINITIONAL_REPRESENTATION('',(#11522),#11526);
#11522 = LINE('',#11523,#11524);
#11523 = CARTESIAN_POINT('',(7.96,-18.71132967982));
#11524 = VECTOR('',#11525,1.);
#11525 = DIRECTION('',(-1.,0.));
#11526 = ( GEOMETRIC_REPRESENTATION_CONTEXT(2) 
PARAMETRIC_REPRESENTATION_CONTEXT() REPRESENTATION_CONTEXT('2D SPACE',''
  ) );
#11527 = ORIENTED_EDGE('',*,*,#10878,.F.);
#11528 = ADVANCED_FACE('',(#11529),#11021,.T.);
#11529 = FACE_BOUND('',#11530,.T.);
#11530 = EDGE_LOOP('',(#11531,#11554,#11615,#11616));
#11531 = ORIENTED_EDGE('',*,*,#11532,.F.);
#11532 = EDGE_CURVE('',#11533,#10948,#11535,.T.);
#11533 = VERTEX_POINT('',#11534);
#11534 = CARTESIAN_POINT('',(-10.75,-23.3,-5.364032522475));
#11535 = SURFACE_CURVE('',#11536,(#11540,#11547),.PCURVE_S1.);
#11536 = LINE('',#11537,#11538);
#11537 = CARTESIAN_POINT('',(-10.75,-23.3,-7.55));
#11538 = VECTOR('',#11539,1.);
#11539 = DIRECTION('',(0.,0.,1.));
#11540 = PCURVE('',#11021,#11541);
#11541 = DEFINITIONAL_REPRESENTATION('',(#11542),#11546);
#11542 = LINE('',#11543,#11544);
#11543 = CARTESIAN_POINT('',(0.,0.));
#11544 = VECTOR('',#11545,1.);
#11545 = DIRECTION('',(0.,1.));
#11546 = ( GEOMETRIC_REPRESENTATION_CONTEXT(2) 
PARAMETRIC_REPRESENTATION_CONTEXT() REPRESENTATION_CONTEXT('2D SPACE',''
  ) );
#11547 = PCURVE('',#11059,#11548);
#11548 = DEFINITIONAL_REPRESENTATION('',(#11549),#11553);
#11549 = LINE('',#11550,#11551);
#11550 = CARTESIAN_POINT('',(7.96,-19.25));
#11551 = VECTOR('',#11552,1.);
#11552 = DIRECTION('',(-1.,0.));
#11553 = ( GEOMETRIC_REPRESENTATION_CONTEXT(2) 
PARAMETRIC_REPRESENTATION_CONTEXT() REPRESENTATION_CONTEXT('2D SPACE',''
  ) );
#11554 = ORIENTED_EDGE('',*,*,#11555,.F.);
#11555 = EDGE_CURVE('',#11336,#11533,#11556,.T.);
#11556 = SURFACE_CURVE('',#11557,(#11567,#11580),.PCURVE_S1.);
#11557 = ( BOUNDED_CURVE() B_SPLINE_CURVE(8,(#11558,#11559,#11560,#11561
    ,#11562,#11563,#11564,#11565,#11566),.UNSPECIFIED.,.F.,.F.) 
B_SPLINE_CURVE_WITH_KNOTS((9,9),(0.389763001135,1.528102351231),
.PIECEWISE_BEZIER_KNOTS.) CURVE() GEOMETRIC_REPRESENTATION_ITEM() 
RATIONAL_B_SPLINE_CURVE((1.,1.,1.,1.,1.,1.,1.,1.,1.)) 
REPRESENTATION_ITEM('') );
#11558 = CARTESIAN_POINT('',(-10.,-22.55,-5.629032522475));
#11559 = CARTESIAN_POINT('',(-10.,-22.69209890001,-5.578824288516));
#11560 = CARTESIAN_POINT('',(-10.03080488932,-22.83048830959,
    -5.529931311534));
#11561 = CARTESIAN_POINT('',(-10.08930526606,-22.9641332622,
    -5.482948303609));
#11562 = CARTESIAN_POINT('',(-10.17985562357,-23.09217219892,
    -5.438711164512));
#11563 = CARTESIAN_POINT('',(-10.30482652879,-23.19729336198,
    -5.400458749843));
#11564 = CARTESIAN_POINT('',(-10.4510995075,-23.26702705779,
    -5.375737212155));
#11565 = CARTESIAN_POINT('',(-10.60284159988,-23.3,-5.364032522475));
#11566 = CARTESIAN_POINT('',(-10.75,-23.3,-5.364032522475));
#11567 = PCURVE('',#11021,#11568);
#11568 = DEFINITIONAL_REPRESENTATION('',(#11569),#11579);
#11569 = B_SPLINE_CURVE_WITH_KNOTS('',8,(#11570,#11571,#11572,#11573,
    #11574,#11575,#11576,#11577,#11578),.UNSPECIFIED.,.F.,.F.,(9,9),(
    0.389763001135,1.528102351231),.PIECEWISE_BEZIER_KNOTS.);
#11570 = CARTESIAN_POINT('',(1.570796326795,1.920967477525));
#11571 = CARTESIAN_POINT('',(1.38133112677,1.971175711484));
#11572 = CARTESIAN_POINT('',(1.196819418101,2.020067792492));
#11573 = CARTESIAN_POINT('',(1.008213064631,2.067054180184));
#11574 = CARTESIAN_POINT('',(0.808902904262,2.111286007641));
#11575 = CARTESIAN_POINT('',(0.605231247271,2.14954272606));
#11576 = CARTESIAN_POINT('',(0.398500446768,2.174262519617));
#11577 = CARTESIAN_POINT('',(0.196211200157,2.185967477525));
#11578 = CARTESIAN_POINT('',(-8.881784197001E-16,2.185967477525));
#11579 = ( GEOMETRIC_REPRESENTATION_CONTEXT(2) 
PARAMETRIC_REPRESENTATION_CONTEXT() REPRESENTATION_CONTEXT('2D SPACE',''
  ) );
#11580 = PCURVE('',#11581,#11609);
#11581 = ( BOUNDED_SURFACE() B_SPLINE_SURFACE(2,8,(
    (#11582,#11583,#11584,#11585,#11586,#11587,#11588,#11589,#11590)
    ,(#11591,#11592,#11593,#11594,#11595,#11596,#11597,#11598,#11599)
    ,(#11600,#11601,#11602,#11603,#11604,#11605,#11606,#11607,#11608
)),.UNSPECIFIED.,.F.,.F.,.F.) B_SPLINE_SURFACE_WITH_KNOTS((3,3),(9,9),(
    0.,1.138339350096),(0.389763001135,1.528102351231),
.PIECEWISE_BEZIER_KNOTS.) GEOMETRIC_REPRESENTATION_ITEM() 
RATIONAL_B_SPLINE_SURFACE((
    (1.,1.,1.,1.,1.,1.,1.,1.,1.)
    ,(0.707106781187,0.737063922972,0.764779788115,0.790872696687
      ,0.815571138552,0.8327768945,0.844946619707,0.850650808352
      ,0.850650808352)
,(1.,1.,1.,1.,1.,1.,1.,1.,1.))) REPRESENTATION_ITEM('') SURFACE() );
#11582 = CARTESIAN_POINT('',(-10.,-22.55,-5.629032522475));
#11583 = CARTESIAN_POINT('',(-10.,-22.69209890001,-5.578824288516));
#11584 = CARTESIAN_POINT('',(-10.03080488932,-22.83048830959,
    -5.529931311534));
#11585 = CARTESIAN_POINT('',(-10.08930526606,-22.9641332622,
    -5.482948303609));
#11586 = CARTESIAN_POINT('',(-10.17985562357,-23.09217219892,
    -5.438711164512));
#11587 = CARTESIAN_POINT('',(-10.30482652879,-23.19729336198,
    -5.400458749843));
#11588 = CARTESIAN_POINT('',(-10.4510995075,-23.26702705779,
    -5.375737212155));
#11589 = CARTESIAN_POINT('',(-10.60284159988,-23.3,-5.364032522475));
#11590 = CARTESIAN_POINT('',(-10.75,-23.3,-5.364032522475));
#11591 = CARTESIAN_POINT('',(-10.,-22.64838699101,-5.825806504495));
#11592 = CARTESIAN_POINT('',(-10.01788327188,-22.77667989459,
    -5.761660052704));
#11593 = CARTESIAN_POINT('',(-10.06076740693,-22.89671728743,
    -5.701641356281));
#11594 = CARTESIAN_POINT('',(-10.12497276438,-23.00834969658,
    -5.645825151706));
#11595 = CARTESIAN_POINT('',(-10.21170113299,-23.11653756357,
    -5.591731218214));
#11596 = CARTESIAN_POINT('',(-10.33222100408,-23.21187853269,
    -5.544060733651));
#11597 = CARTESIAN_POINT('',(-10.47267631881,-23.27222509718,
    -5.513887451407));
#11598 = CARTESIAN_POINT('',(-10.61507213425,-23.3,-5.5));
#11599 = CARTESIAN_POINT('',(-10.75,-23.3,-5.5));
#11600 = CARTESIAN_POINT('',(-10.21999953503,-22.64798243106,
    -5.826008784468));
#11601 = CARTESIAN_POINT('',(-10.21989961336,-22.73827495621,
    -5.780862521892));
#11602 = CARTESIAN_POINT('',(-10.23655245384,-22.82570352707,
    -5.737148236464));
#11603 = CARTESIAN_POINT('',(-10.26744165699,-22.91590452464,
    -5.69204773768));
#11604 = CARTESIAN_POINT('',(-10.32396509972,-23.01307996288,
    -5.643460018556));
#11605 = CARTESIAN_POINT('',(-10.41472684028,-23.0977132273,
    -5.60114338635));
#11606 = CARTESIAN_POINT('',(-10.52695618688,-23.15355299181,
    -5.573223504094));
#11607 = CARTESIAN_POINT('',(-10.6424204405,-23.17838699101,
    -5.560806504495));
#11608 = CARTESIAN_POINT('',(-10.75,-23.17838699101,-5.560806504495));
#11609 = DEFINITIONAL_REPRESENTATION('',(#11610),#11614);
#11610 = LINE('',#11611,#11612);
#11611 = CARTESIAN_POINT('',(0.,0.));
#11612 = VECTOR('',#11613,1.);
#11613 = DIRECTION('',(0.,1.));
#11614 = ( GEOMETRIC_REPRESENTATION_CONTEXT(2) 
PARAMETRIC_REPRESENTATION_CONTEXT() REPRESENTATION_CONTEXT('2D SPACE',''
  ) );
#11615 = ORIENTED_EDGE('',*,*,#11363,.T.);
#11616 = ORIENTED_EDGE('',*,*,#11001,.F.);
#11617 = ADVANCED_FACE('',(#11618),#11059,.F.);
#11618 = FACE_BOUND('',#11619,.F.);
#11619 = EDGE_LOOP('',(#11620,#11621,#11622,#11623));
#11620 = ORIENTED_EDGE('',*,*,#11507,.T.);
#11621 = ORIENTED_EDGE('',*,*,#11045,.T.);
#11622 = ORIENTED_EDGE('',*,*,#11532,.F.);
#11623 = ORIENTED_EDGE('',*,*,#11624,.T.);
#11624 = EDGE_CURVE('',#11533,#11445,#11625,.T.);
#11625 = SURFACE_CURVE('',#11626,(#11630,#11637),.PCURVE_S1.);
#11626 = LINE('',#11627,#11628);
#11627 = CARTESIAN_POINT('',(-10.75,-23.3,-5.364032522475));
#11628 = VECTOR('',#11629,1.);
#11629 = DIRECTION('',(-1.,-0.,-0.));
#11630 = PCURVE('',#11059,#11631);
#11631 = DEFINITIONAL_REPRESENTATION('',(#11632),#11636);
#11632 = LINE('',#11633,#11634);
#11633 = CARTESIAN_POINT('',(5.774032522475,-19.25));
#11634 = VECTOR('',#11635,1.);
#11635 = DIRECTION('',(0.,1.));
#11636 = ( GEOMETRIC_REPRESENTATION_CONTEXT(2) 
PARAMETRIC_REPRESENTATION_CONTEXT() REPRESENTATION_CONTEXT('2D SPACE',''
  ) );
#11637 = PCURVE('',#11638,#11643);
#11638 = CYLINDRICAL_SURFACE('',#11639,0.22);
#11639 = AXIS2_PLACEMENT_3D('',#11640,#11641,#11642);
#11640 = CARTESIAN_POINT('',(-10.75,-23.08,-5.364032522475));
#11641 = DIRECTION('',(-1.,-0.,-0.));
#11642 = DIRECTION('',(0.,-1.,0.));
#11643 = DEFINITIONAL_REPRESENTATION('',(#11644),#11648);
#11644 = LINE('',#11645,#11646);
#11645 = CARTESIAN_POINT('',(-0.,0.));
#11646 = VECTOR('',#11647,1.);
#11647 = DIRECTION('',(-0.,1.));
#11648 = ( GEOMETRIC_REPRESENTATION_CONTEXT(2) 
PARAMETRIC_REPRESENTATION_CONTEXT() REPRESENTATION_CONTEXT('2D SPACE',''
  ) );
#11649 = ADVANCED_FACE('',(#11650),#11115,.T.);
#11650 = FACE_BOUND('',#11651,.F.);
#11651 = EDGE_LOOP('',(#11652,#11675,#11703,#11728));
#11652 = ORIENTED_EDGE('',*,*,#11653,.T.);
#11653 = EDGE_CURVE('',#11077,#11654,#11656,.T.);
#11654 = VERTEX_POINT('',#11655);
#11655 = CARTESIAN_POINT('',(-11.81794828606,-22.67605233261,
    -5.811973833691));
#11656 = SURFACE_CURVE('',#11657,(#11661,#11669),.PCURVE_S1.);
#11657 = ( BOUNDED_CURVE() B_SPLINE_CURVE(2,(#11658,#11659,#11660),
.UNSPECIFIED.,.F.,.F.) B_SPLINE_CURVE_WITH_KNOTS((3,3),(0.,1.09672343493
),.PIECEWISE_BEZIER_KNOTS.) CURVE() GEOMETRIC_REPRESENTATION_ITEM() 
RATIONAL_B_SPLINE_CURVE((1.,0.715420221421,1.)) REPRESENTATION_ITEM('') 
  );
#11658 = CARTESIAN_POINT('',(-12.03762066567,-22.58966585404,
    -5.615017264088));
#11659 = CARTESIAN_POINT('',(-12.03254498455,-22.68550226601,
    -5.807248866993));
#11660 = CARTESIAN_POINT('',(-11.81794828606,-22.67605233261,
    -5.811973833691));
#11661 = PCURVE('',#11115,#11662);
#11662 = DEFINITIONAL_REPRESENTATION('',(#11663),#11668);
#11663 = B_SPLINE_CURVE_WITH_KNOTS('',3,(#11664,#11665,#11666,#11667),
  .UNSPECIFIED.,.F.,.F.,(4,4),(0.,1.09672343493),
  .PIECEWISE_BEZIER_KNOTS.);
#11664 = CARTESIAN_POINT('',(0.,-0.10727796702));
#11665 = CARTESIAN_POINT('',(-0.465796286795,-0.10727796702));
#11666 = CARTESIAN_POINT('',(-1.081345688573,-0.10727796702));
#11667 = CARTESIAN_POINT('',(-1.547141975368,-0.10727796702));
#11668 = ( GEOMETRIC_REPRESENTATION_CONTEXT(2) 
PARAMETRIC_REPRESENTATION_CONTEXT() REPRESENTATION_CONTEXT('2D SPACE',''
  ) );
#11669 = PCURVE('',#11472,#11670);
#11670 = DEFINITIONAL_REPRESENTATION('',(#11671),#11674);
#11671 = B_SPLINE_CURVE_WITH_KNOTS('',1,(#11672,#11673),.UNSPECIFIED.,
  .F.,.F.,(2,2),(0.,1.09672343493),.PIECEWISE_BEZIER_KNOTS.);
#11672 = CARTESIAN_POINT('',(0.,3.163496106339));
#11673 = CARTESIAN_POINT('',(1.09672343493,3.163496106339));
#11674 = ( GEOMETRIC_REPRESENTATION_CONTEXT(2) 
PARAMETRIC_REPRESENTATION_CONTEXT() REPRESENTATION_CONTEXT('2D SPACE',''
  ) );
#11675 = ORIENTED_EDGE('',*,*,#11676,.T.);
#11676 = EDGE_CURVE('',#11654,#11677,#11679,.T.);
#11677 = VERTEX_POINT('',#11678);
#11678 = CARTESIAN_POINT('',(-11.83563875369,-22.34202280066,
    -5.978988599669));
#11679 = SURFACE_CURVE('',#11680,(#11684,#11691),.PCURVE_S1.);
#11680 = LINE('',#11681,#11682);
#11681 = CARTESIAN_POINT('',(-11.82300469257,-22.58057267352,
    -5.859713663237));
#11682 = VECTOR('',#11683,1.);
#11683 = DIRECTION('',(-4.731752834854E-02,0.89342534171,-0.446712670855
    ));
#11684 = PCURVE('',#11115,#11685);
#11685 = DEFINITIONAL_REPRESENTATION('',(#11686),#11690);
#11686 = LINE('',#11687,#11688);
#11687 = CARTESIAN_POINT('',(-1.547141975368,0.));
#11688 = VECTOR('',#11689,1.);
#11689 = DIRECTION('',(-0.,1.));
#11690 = ( GEOMETRIC_REPRESENTATION_CONTEXT(2) 
PARAMETRIC_REPRESENTATION_CONTEXT() REPRESENTATION_CONTEXT('2D SPACE',''
  ) );
#11691 = PCURVE('',#11692,#11697);
#11692 = PLANE('',#11693);
#11693 = AXIS2_PLACEMENT_3D('',#11694,#11695,#11696);
#11694 = CARTESIAN_POINT('',(-30.,-23.3,-5.5));
#11695 = DIRECTION('',(-0.,0.4472135955,0.894427191));
#11696 = DIRECTION('',(0.,0.894427191,-0.4472135955));
#11697 = DEFINITIONAL_REPRESENTATION('',(#11698),#11702);
#11698 = LINE('',#11699,#11700);
#11699 = CARTESIAN_POINT('',(0.804344203434,-18.17699530742));
#11700 = VECTOR('',#11701,1.);
#11701 = DIRECTION('',(0.998879898442,4.731752834854E-02));
#11702 = ( GEOMETRIC_REPRESENTATION_CONTEXT(2) 
PARAMETRIC_REPRESENTATION_CONTEXT() REPRESENTATION_CONTEXT('2D SPACE',''
  ) );
#11703 = ORIENTED_EDGE('',*,*,#11704,.F.);
#11704 = EDGE_CURVE('',#11100,#11677,#11705,.T.);
#11705 = SURFACE_CURVE('',#11706,(#11711,#11717),.PCURVE_S1.);
#11706 = CIRCLE('',#11707,0.22);
#11707 = AXIS2_PLACEMENT_3D('',#11708,#11709,#11710);
#11708 = CARTESIAN_POINT('',(-11.83563875369,-22.24363580965,
    -5.782214617649));
#11709 = DIRECTION('',(4.731752834855E-02,-0.89342534171,0.446712670855)
  );
#11710 = DIRECTION('',(2.362565280321E-02,-0.446087478901,
    -0.894677478032));
#11711 = PCURVE('',#11115,#11712);
#11712 = DEFINITIONAL_REPRESENTATION('',(#11713),#11716);
#11713 = B_SPLINE_CURVE_WITH_KNOTS('',1,(#11714,#11715),.UNSPECIFIED.,
  .F.,.F.,(2,2),(4.712388980385,6.259530955753),
  .PIECEWISE_BEZIER_KNOTS.);
#11714 = CARTESIAN_POINT('',(0.,0.267005939642));
#11715 = CARTESIAN_POINT('',(-1.547141975368,0.267005939642));
#11716 = ( GEOMETRIC_REPRESENTATION_CONTEXT(2) 
PARAMETRIC_REPRESENTATION_CONTEXT() REPRESENTATION_CONTEXT('2D SPACE',''
  ) );
#11717 = PCURVE('',#11718,#11723);
#11718 = SPHERICAL_SURFACE('',#11719,0.22);
#11719 = AXIS2_PLACEMENT_3D('',#11720,#11721,#11722);
#11720 = CARTESIAN_POINT('',(-11.83563875369,-22.24363580965,
    -5.782214617649));
#11721 = DIRECTION('',(0.998600460665,5.2887805394E-02,
    4.037174635001E-15));
#11722 = DIRECTION('',(2.362565280321E-02,-0.446087478901,
    -0.894677478032));
#11723 = DEFINITIONAL_REPRESENTATION('',(#11724),#11727);
#11724 = B_SPLINE_CURVE_WITH_KNOTS('',1,(#11725,#11726),.UNSPECIFIED.,
  .F.,.F.,(2,2),(4.712388980385,6.259530955753),
  .PIECEWISE_BEZIER_KNOTS.);
#11725 = CARTESIAN_POINT('',(0.,-1.570796326795));
#11726 = CARTESIAN_POINT('',(0.,-2.365435142664E-02));
#11727 = ( GEOMETRIC_REPRESENTATION_CONTEXT(2) 
PARAMETRIC_REPRESENTATION_CONTEXT() REPRESENTATION_CONTEXT('2D SPACE',''
  ) );
#11728 = ORIENTED_EDGE('',*,*,#11099,.F.);
#11729 = ADVANCED_FACE('',(#11730),#11143,.T.);
#11730 = FACE_BOUND('',#11731,.F.);
#11731 = EDGE_LOOP('',(#11732,#11754,#11782,#11812));
#11732 = ORIENTED_EDGE('',*,*,#11733,.T.);
#11733 = EDGE_CURVE('',#11100,#11734,#11736,.T.);
#11734 = VERTEX_POINT('',#11735);
#11735 = CARTESIAN_POINT('',(-11.83563875369,-22.25306020976,
    -6.002012662869));
#11736 = SURFACE_CURVE('',#11737,(#11742,#11748),.PCURVE_S1.);
#11737 = CIRCLE('',#11738,0.22);
#11738 = AXIS2_PLACEMENT_3D('',#11739,#11740,#11741);
#11739 = CARTESIAN_POINT('',(-11.83563875369,-22.24363580965,
    -5.782214617649));
#11740 = DIRECTION('',(5.283939125662E-02,-0.997686329713,
    4.277833838613E-02));
#11741 = DIRECTION('',(2.262452435649E-03,-4.271846841888E-02,
    -0.999084587893));
#11742 = PCURVE('',#11143,#11743);
#11743 = DEFINITIONAL_REPRESENTATION('',(#11744),#11747);
#11744 = B_SPLINE_CURVE_WITH_KNOTS('',1,(#11745,#11746),.UNSPECIFIED.,
  .F.,.F.,(2,2),(4.712388980385,6.280919687792),
  .PIECEWISE_BEZIER_KNOTS.);
#11745 = CARTESIAN_POINT('',(0.,3.543406119311E-02));
#11746 = CARTESIAN_POINT('',(-1.568530707407,3.543406119311E-02));
#11747 = ( GEOMETRIC_REPRESENTATION_CONTEXT(2) 
PARAMETRIC_REPRESENTATION_CONTEXT() REPRESENTATION_CONTEXT('2D SPACE',''
  ) );
#11748 = PCURVE('',#11718,#11749);
#11749 = DEFINITIONAL_REPRESENTATION('',(#11750),#11753);
#11750 = B_SPLINE_CURVE_WITH_KNOTS('',1,(#11751,#11752),.UNSPECIFIED.,
  .F.,.F.,(2,2),(4.712388980385,6.280919687792),
  .PIECEWISE_BEZIER_KNOTS.);
#11751 = CARTESIAN_POINT('',(0.420296240147,-1.570796326795));
#11752 = CARTESIAN_POINT('',(0.420296240147,-2.26561938801E-03));
#11753 = ( GEOMETRIC_REPRESENTATION_CONTEXT(2) 
PARAMETRIC_REPRESENTATION_CONTEXT() REPRESENTATION_CONTEXT('2D SPACE',''
  ) );
#11754 = ORIENTED_EDGE('',*,*,#11755,.T.);
#11755 = EDGE_CURVE('',#11734,#11756,#11758,.T.);
#11756 = VERTEX_POINT('',#11757);
#11757 = CARTESIAN_POINT('',(-12.06804004573,-17.86497801274,
    -6.190162845446));
#11758 = SURFACE_CURVE('',#11759,(#11763,#11770),.PCURVE_S1.);
#11759 = LINE('',#11760,#11761);
#11760 = CARTESIAN_POINT('',(-11.83376643947,-22.28841228822,
    -6.000496852609));
#11761 = VECTOR('',#11762,1.);
#11762 = DIRECTION('',(-5.283939125661E-02,0.997686329713,
    -4.277833838614E-02));
#11763 = PCURVE('',#11143,#11764);
#11764 = DEFINITIONAL_REPRESENTATION('',(#11765),#11769);
#11765 = LINE('',#11766,#11767);
#11766 = CARTESIAN_POINT('',(-1.568530707407,0.));
#11767 = VECTOR('',#11768,1.);
#11768 = DIRECTION('',(-0.,1.));
#11769 = ( GEOMETRIC_REPRESENTATION_CONTEXT(2) 
PARAMETRIC_REPRESENTATION_CONTEXT() REPRESENTATION_CONTEXT('2D SPACE',''
  ) );
#11770 = PCURVE('',#11771,#11776);
#11771 = PLANE('',#11772);
#11772 = AXIS2_PLACEMENT_3D('',#11773,#11774,#11775);
#11773 = CARTESIAN_POINT('',(-30.,-22.3,-6.));
#11774 = DIRECTION('',(-0.,4.28381823161E-02,0.999082023728));
#11775 = DIRECTION('',(0.,0.999082023728,-4.28381823161E-02));
#11776 = DEFINITIONAL_REPRESENTATION('',(#11777),#11781);
#11777 = LINE('',#11778,#11779);
#11778 = CARTESIAN_POINT('',(1.15983587975E-02,-18.16623356052));
#11779 = VECTOR('',#11780,1.);
#11780 = DIRECTION('',(0.998603023594,5.283939125661E-02));
#11781 = ( GEOMETRIC_REPRESENTATION_CONTEXT(2) 
PARAMETRIC_REPRESENTATION_CONTEXT() REPRESENTATION_CONTEXT('2D SPACE',''
  ) );
#11782 = ORIENTED_EDGE('',*,*,#11783,.T.);
#11783 = EDGE_CURVE('',#11756,#11128,#11784,.T.);
#11784 = SURFACE_CURVE('',#11785,(#11790,#11801),.PCURVE_S1.);
#11785 = ELLIPSE('',#11786,0.319687654048,0.22);
#11786 = AXIS2_PLACEMENT_3D('',#11787,#11788,#11789);
#11787 = CARTESIAN_POINT('',(-12.06804004573,-17.85555361263,
    -5.970364800226));
#11788 = DIRECTION('',(0.6881717114,0.724881823232,-3.10811514608E-02));
#11789 = DIRECTION('',(-0.725547858951,0.687539986098,
    -2.948002523775E-02));
#11790 = PCURVE('',#11143,#11791);
#11791 = DEFINITIONAL_REPRESENTATION('',(#11792),#11800);
#11792 = B_SPLINE_CURVE_WITH_KNOTS('',6,(#11793,#11794,#11795,#11796,
    #11797,#11798,#11799),.UNSPECIFIED.,.F.,.F.,(7,7),(4.712388980385,
    6.280919687792),.PIECEWISE_BEZIER_KNOTS.);
#11793 = CARTESIAN_POINT('',(-1.568530707407,4.43369237779));
#11794 = CARTESIAN_POINT('',(-1.307108922839,4.494328819023));
#11795 = CARTESIAN_POINT('',(-1.045688256987,4.554960733373));
#11796 = CARTESIAN_POINT('',(-0.784265490881,4.608162602112));
#11797 = CARTESIAN_POINT('',(-0.522842291588,4.64634821212));
#11798 = CARTESIAN_POINT('',(-0.261421784568,4.665503096439));
#11799 = CARTESIAN_POINT('',(4.53444543436E-15,4.665640475418));
#11800 = ( GEOMETRIC_REPRESENTATION_CONTEXT(2) 
PARAMETRIC_REPRESENTATION_CONTEXT() REPRESENTATION_CONTEXT('2D SPACE',''
  ) );
#11801 = PCURVE('',#11172,#11802);
#11802 = DEFINITIONAL_REPRESENTATION('',(#11803),#11811);
#11803 = B_SPLINE_CURVE_WITH_KNOTS('',6,(#11804,#11805,#11806,#11807,
    #11808,#11809,#11810),.UNSPECIFIED.,.F.,.F.,(7,7),(4.712388980385,
    6.280919687792),.PIECEWISE_BEZIER_KNOTS.);
#11804 = CARTESIAN_POINT('',(-1.613647622071,0.231959954267));
#11805 = CARTESIAN_POINT('',(-1.352225837503,0.171323513033));
#11806 = CARTESIAN_POINT('',(-1.090805171651,0.110691598683));
#11807 = CARTESIAN_POINT('',(-0.829382405545,5.748972994491E-02));
#11808 = CARTESIAN_POINT('',(-0.567959206252,1.930411993633E-02));
#11809 = CARTESIAN_POINT('',(-0.306538699232,1.492356180132E-04));
#11810 = CARTESIAN_POINT('',(-4.511691466416E-02,1.185663866286E-05));
#11811 = ( GEOMETRIC_REPRESENTATION_CONTEXT(2) 
PARAMETRIC_REPRESENTATION_CONTEXT() REPRESENTATION_CONTEXT('2D SPACE',''
  ) );
#11812 = ORIENTED_EDGE('',*,*,#11127,.F.);
#11813 = ADVANCED_FACE('',(#11814),#11172,.T.);
#11814 = FACE_BOUND('',#11815,.F.);
#11815 = EDGE_LOOP('',(#11816,#11817,#11840,#11870,#11871,#11872));
#11816 = ORIENTED_EDGE('',*,*,#11783,.F.);
#11817 = ORIENTED_EDGE('',*,*,#11818,.T.);
#11818 = EDGE_CURVE('',#11756,#11819,#11821,.T.);
#11819 = VERTEX_POINT('',#11820);
#11820 = CARTESIAN_POINT('',(-10.22,-17.86497801274,-6.190162845446));
#11821 = SURFACE_CURVE('',#11822,(#11826,#11833),.PCURVE_S1.);
#11822 = LINE('',#11823,#11824);
#11823 = CARTESIAN_POINT('',(-12.3,-17.86497801274,-6.190162845446));
#11824 = VECTOR('',#11825,1.);
#11825 = DIRECTION('',(1.,0.,0.));
#11826 = PCURVE('',#11172,#11827);
#11827 = DEFINITIONAL_REPRESENTATION('',(#11828),#11832);
#11828 = LINE('',#11829,#11830);
#11829 = CARTESIAN_POINT('',(-1.613647622071,0.));
#11830 = VECTOR('',#11831,1.);
#11831 = DIRECTION('',(-0.,1.));
#11832 = ( GEOMETRIC_REPRESENTATION_CONTEXT(2) 
PARAMETRIC_REPRESENTATION_CONTEXT() REPRESENTATION_CONTEXT('2D SPACE',''
  ) );
#11833 = PCURVE('',#11771,#11834);
#11834 = DEFINITIONAL_REPRESENTATION('',(#11835),#11839);
#11835 = LINE('',#11836,#11837);
#11836 = CARTESIAN_POINT('',(4.439096972945,-17.7));
#11837 = VECTOR('',#11838,1.);
#11838 = DIRECTION('',(0.,-1.));
#11839 = ( GEOMETRIC_REPRESENTATION_CONTEXT(2) 
PARAMETRIC_REPRESENTATION_CONTEXT() REPRESENTATION_CONTEXT('2D SPACE',''
  ) );
#11840 = ORIENTED_EDGE('',*,*,#11841,.T.);
#11841 = EDGE_CURVE('',#11819,#11280,#11842,.T.);
#11842 = SURFACE_CURVE('',#11843,(#11848,#11859),.PCURVE_S1.);
#11843 = ELLIPSE('',#11844,0.311126983722,0.22);
#11844 = AXIS2_PLACEMENT_3D('',#11845,#11846,#11847);
#11845 = CARTESIAN_POINT('',(-10.22,-17.85555361263,-5.970364800226));
#11846 = DIRECTION('',(0.707106781187,-0.706457673939,3.029116920942E-02
    ));
#11847 = DIRECTION('',(-0.707106781187,-0.706457673939,
    3.029116920942E-02));
#11848 = PCURVE('',#11172,#11849);
#11849 = DEFINITIONAL_REPRESENTATION('',(#11850),#11858);
#11850 = B_SPLINE_CURVE_WITH_KNOTS('',6,(#11851,#11852,#11853,#11854,
    #11855,#11856,#11857),.UNSPECIFIED.,.F.,.F.,(7,7),(1.570796326795,
    3.14159265359),.PIECEWISE_BEZIER_KNOTS.);
#11851 = CARTESIAN_POINT('',(-1.613647622071,2.08));
#11852 = CARTESIAN_POINT('',(-1.351848234272,2.137595865316));
#11853 = CARTESIAN_POINT('',(-1.090049855638,2.1951873995));
#11854 = CARTESIAN_POINT('',(-0.828249679372,2.245701215275));
#11855 = CARTESIAN_POINT('',(-0.566448824567,2.281909975723));
#11856 = CARTESIAN_POINT('',(-0.304650683075,2.3));
#11857 = CARTESIAN_POINT('',(-4.285129527616E-02,2.3));
#11858 = ( GEOMETRIC_REPRESENTATION_CONTEXT(2) 
PARAMETRIC_REPRESENTATION_CONTEXT() REPRESENTATION_CONTEXT('2D SPACE',''
  ) );
#11859 = PCURVE('',#11323,#11860);
#11860 = DEFINITIONAL_REPRESENTATION('',(#11861),#11869);
#11861 = B_SPLINE_CURVE_WITH_KNOTS('',6,(#11862,#11863,#11864,#11865,
    #11866,#11867,#11868),.UNSPECIFIED.,.F.,.F.,(7,7),(1.570796326795,
    3.14159265359),.PIECEWISE_BEZIER_KNOTS.);
#11862 = CARTESIAN_POINT('',(-1.570796326795,0.229635199774));
#11863 = CARTESIAN_POINT('',(-1.308996938996,0.172039334458));
#11864 = CARTESIAN_POINT('',(-1.047198560361,0.114447800274));
#11865 = CARTESIAN_POINT('',(-0.785398384096,6.393398449942E-02));
#11866 = CARTESIAN_POINT('',(-0.523597529291,2.772522405156E-02));
#11867 = CARTESIAN_POINT('',(-0.261799387799,9.635199774212E-03));
#11868 = CARTESIAN_POINT('',(1.110223024625E-16,9.635199774213E-03));
#11869 = ( GEOMETRIC_REPRESENTATION_CONTEXT(2) 
PARAMETRIC_REPRESENTATION_CONTEXT() REPRESENTATION_CONTEXT('2D SPACE',''
  ) );
#11870 = ORIENTED_EDGE('',*,*,#11279,.T.);
#11871 = ORIENTED_EDGE('',*,*,#11417,.F.);
#11872 = ORIENTED_EDGE('',*,*,#11155,.F.);
#11873 = ADVANCED_FACE('',(#11874),#11230,.F.);
#11874 = FACE_BOUND('',#11875,.T.);
#11875 = EDGE_LOOP('',(#11876,#11877,#11898,#11899));
#11876 = ORIENTED_EDGE('',*,*,#11213,.F.);
#11877 = ORIENTED_EDGE('',*,*,#11878,.T.);
#11878 = EDGE_CURVE('',#11214,#11390,#11879,.T.);
#11879 = SEAM_CURVE('',#11880,(#11884,#11891),.PCURVE_S1.);
#11880 = LINE('',#11881,#11882);
#11881 = CARTESIAN_POINT('',(-15.,-20.825,-4.3));
#11882 = VECTOR('',#11883,1.);
#11883 = DIRECTION('',(1.,0.,0.));
#11884 = PCURVE('',#11230,#11885);
#11885 = DEFINITIONAL_REPRESENTATION('',(#11886),#11890);
#11886 = LINE('',#11887,#11888);
#11887 = CARTESIAN_POINT('',(-6.28318530718,0.));
#11888 = VECTOR('',#11889,1.);
#11889 = DIRECTION('',(-0.,-1.));
#11890 = ( GEOMETRIC_REPRESENTATION_CONTEXT(2) 
PARAMETRIC_REPRESENTATION_CONTEXT() REPRESENTATION_CONTEXT('2D SPACE',''
  ) );
#11891 = PCURVE('',#11230,#11892);
#11892 = DEFINITIONAL_REPRESENTATION('',(#11893),#11897);
#11893 = LINE('',#11894,#11895);
#11894 = CARTESIAN_POINT('',(-0.,0.));
#11895 = VECTOR('',#11896,1.);
#11896 = DIRECTION('',(-0.,-1.));
#11897 = ( GEOMETRIC_REPRESENTATION_CONTEXT(2) 
PARAMETRIC_REPRESENTATION_CONTEXT() REPRESENTATION_CONTEXT('2D SPACE',''
  ) );
#11898 = ORIENTED_EDGE('',*,*,#11389,.F.);
#11899 = ORIENTED_EDGE('',*,*,#11878,.F.);
#11900 = ADVANCED_FACE('',(#11901),#11323,.T.);
#11901 = FACE_BOUND('',#11902,.F.);
#11902 = EDGE_LOOP('',(#11903,#11904,#11927,#11952));
#11903 = ORIENTED_EDGE('',*,*,#11841,.F.);
#11904 = ORIENTED_EDGE('',*,*,#11905,.T.);
#11905 = EDGE_CURVE('',#11819,#11906,#11908,.T.);
#11906 = VERTEX_POINT('',#11907);
#11907 = CARTESIAN_POINT('',(-10.22,-22.25306020976,-6.002012662869));
#11908 = SURFACE_CURVE('',#11909,(#11913,#11920),.PCURVE_S1.);
#11909 = LINE('',#11910,#11911);
#11910 = CARTESIAN_POINT('',(-10.22,-17.63555361263,-6.2));
#11911 = VECTOR('',#11912,1.);
#11912 = DIRECTION('',(0.,-0.999082023728,4.28381823161E-02));
#11913 = PCURVE('',#11323,#11914);
#11914 = DEFINITIONAL_REPRESENTATION('',(#11915),#11919);
#11915 = LINE('',#11916,#11917);
#11916 = CARTESIAN_POINT('',(-1.570796326795,0.));
#11917 = VECTOR('',#11918,1.);
#11918 = DIRECTION('',(-0.,1.));
#11919 = ( GEOMETRIC_REPRESENTATION_CONTEXT(2) 
PARAMETRIC_REPRESENTATION_CONTEXT() REPRESENTATION_CONTEXT('2D SPACE',''
  ) );
#11920 = PCURVE('',#11771,#11921);
#11921 = DEFINITIONAL_REPRESENTATION('',(#11922),#11926);
#11922 = LINE('',#11923,#11924);
#11923 = CARTESIAN_POINT('',(4.668732172719,-19.78));
#11924 = VECTOR('',#11925,1.);
#11925 = DIRECTION('',(-1.,-0.));
#11926 = ( GEOMETRIC_REPRESENTATION_CONTEXT(2) 
PARAMETRIC_REPRESENTATION_CONTEXT() REPRESENTATION_CONTEXT('2D SPACE',''
  ) );
#11927 = ORIENTED_EDGE('',*,*,#11928,.F.);
#11928 = EDGE_CURVE('',#11308,#11906,#11929,.T.);
#11929 = SURFACE_CURVE('',#11930,(#11935,#11941),.PCURVE_S1.);
#11930 = CIRCLE('',#11931,0.22);
#11931 = AXIS2_PLACEMENT_3D('',#11932,#11933,#11934);
#11932 = CARTESIAN_POINT('',(-10.22,-22.24363580965,-5.782214617649));
#11933 = DIRECTION('',(0.,0.999082023728,-4.28381823161E-02));
#11934 = DIRECTION('',(0.,-4.28381823161E-02,-0.999082023728));
#11935 = PCURVE('',#11323,#11936);
#11936 = DEFINITIONAL_REPRESENTATION('',(#11937),#11940);
#11937 = B_SPLINE_CURVE_WITH_KNOTS('',1,(#11938,#11939),.UNSPECIFIED.,
  .F.,.F.,(2,2),(4.712388980385,6.28318530718),
  .PIECEWISE_BEZIER_KNOTS.);
#11938 = CARTESIAN_POINT('',(0.,4.621749253276));
#11939 = CARTESIAN_POINT('',(-1.570796326795,4.621749253276));
#11940 = ( GEOMETRIC_REPRESENTATION_CONTEXT(2) 
PARAMETRIC_REPRESENTATION_CONTEXT() REPRESENTATION_CONTEXT('2D SPACE',''
  ) );
#11941 = PCURVE('',#11942,#11947);
#11942 = SPHERICAL_SURFACE('',#11943,0.22);
#11943 = AXIS2_PLACEMENT_3D('',#11944,#11945,#11946);
#11944 = CARTESIAN_POINT('',(-10.22,-22.24363580965,-5.782214617649));
#11945 = DIRECTION('',(-1.,0.,0.));
#11946 = DIRECTION('',(-0.,-0.4472135955,-0.894427191));
#11947 = DEFINITIONAL_REPRESENTATION('',(#11948),#11951);
#11948 = B_SPLINE_CURVE_WITH_KNOTS('',1,(#11949,#11950),.UNSPECIFIED.,
  .F.,.F.,(2,2),(4.712388980385,6.28318530718),
  .PIECEWISE_BEZIER_KNOTS.);
#11949 = CARTESIAN_POINT('',(-0.420796313725,-1.570796326795));
#11950 = CARTESIAN_POINT('',(-0.420796313725,0.));
#11951 = ( GEOMETRIC_REPRESENTATION_CONTEXT(2) 
PARAMETRIC_REPRESENTATION_CONTEXT() REPRESENTATION_CONTEXT('2D SPACE',''
  ) );
#11952 = ORIENTED_EDGE('',*,*,#11307,.F.);
#11953 = ADVANCED_FACE('',(#11954),#11351,.T.);
#11954 = FACE_BOUND('',#11955,.F.);
#11955 = EDGE_LOOP('',(#11956,#11978,#12001,#12025));
#11956 = ORIENTED_EDGE('',*,*,#11957,.T.);
#11957 = EDGE_CURVE('',#11308,#11958,#11960,.T.);
#11958 = VERTEX_POINT('',#11959);
#11959 = CARTESIAN_POINT('',(-10.22,-22.34202280066,-5.978988599669));
#11960 = SURFACE_CURVE('',#11961,(#11966,#11972),.PCURVE_S1.);
#11961 = CIRCLE('',#11962,0.22);
#11962 = AXIS2_PLACEMENT_3D('',#11963,#11964,#11965);
#11963 = CARTESIAN_POINT('',(-10.22,-22.24363580965,-5.782214617649));
#11964 = DIRECTION('',(0.,0.894427191,-0.4472135955));
#11965 = DIRECTION('',(0.,-0.4472135955,-0.894427191));
#11966 = PCURVE('',#11351,#11967);
#11967 = DEFINITIONAL_REPRESENTATION('',(#11968),#11971);
#11968 = B_SPLINE_CURVE_WITH_KNOTS('',1,(#11969,#11970),.UNSPECIFIED.,
  .F.,.F.,(2,2),(4.712388980385,6.28318530718),
  .PIECEWISE_BEZIER_KNOTS.);
#11969 = CARTESIAN_POINT('',(0.,4.698291944317E-02));
#11970 = CARTESIAN_POINT('',(-1.570796326795,4.698291944317E-02));
#11971 = ( GEOMETRIC_REPRESENTATION_CONTEXT(2) 
PARAMETRIC_REPRESENTATION_CONTEXT() REPRESENTATION_CONTEXT('2D SPACE',''
  ) );
#11972 = PCURVE('',#11942,#11973);
#11973 = DEFINITIONAL_REPRESENTATION('',(#11974),#11977);
#11974 = B_SPLINE_CURVE_WITH_KNOTS('',1,(#11975,#11976),.UNSPECIFIED.,
  .F.,.F.,(2,2),(4.712388980385,6.28318530718),
  .PIECEWISE_BEZIER_KNOTS.);
#11975 = CARTESIAN_POINT('',(0.,-1.570796326795));
#11976 = CARTESIAN_POINT('',(0.,0.));
#11977 = ( GEOMETRIC_REPRESENTATION_CONTEXT(2) 
PARAMETRIC_REPRESENTATION_CONTEXT() REPRESENTATION_CONTEXT('2D SPACE',''
  ) );
#11978 = ORIENTED_EDGE('',*,*,#11979,.T.);
#11979 = EDGE_CURVE('',#11958,#11980,#11982,.T.);
#11980 = VERTEX_POINT('',#11981);
#11981 = CARTESIAN_POINT('',(-10.22,-22.64838699101,-5.825806504495));
#11982 = SURFACE_CURVE('',#11983,(#11987,#11994),.PCURVE_S1.);
#11983 = LINE('',#11984,#11985);
#11984 = CARTESIAN_POINT('',(-10.22,-22.3,-6.));
#11985 = VECTOR('',#11986,1.);
#11986 = DIRECTION('',(0.,-0.894427191,0.4472135955));
#11987 = PCURVE('',#11351,#11988);
#11988 = DEFINITIONAL_REPRESENTATION('',(#11989),#11993);
#11989 = LINE('',#11990,#11991);
#11990 = CARTESIAN_POINT('',(-1.570796326795,0.));
#11991 = VECTOR('',#11992,1.);
#11992 = DIRECTION('',(-0.,1.));
#11993 = ( GEOMETRIC_REPRESENTATION_CONTEXT(2) 
PARAMETRIC_REPRESENTATION_CONTEXT() REPRESENTATION_CONTEXT('2D SPACE',''
  ) );
#11994 = PCURVE('',#11692,#11995);
#11995 = DEFINITIONAL_REPRESENTATION('',(#11996),#12000);
#11996 = LINE('',#11997,#11998);
#11997 = CARTESIAN_POINT('',(1.11803398875,-19.78));
#11998 = VECTOR('',#11999,1.);
#11999 = DIRECTION('',(-1.,-0.));
#12000 = ( GEOMETRIC_REPRESENTATION_CONTEXT(2) 
PARAMETRIC_REPRESENTATION_CONTEXT() REPRESENTATION_CONTEXT('2D SPACE',''
  ) );
#12001 = ORIENTED_EDGE('',*,*,#12002,.F.);
#12002 = EDGE_CURVE('',#11336,#11980,#12003,.T.);
#12003 = SURFACE_CURVE('',#12004,(#12009,#12015),.PCURVE_S1.);
#12004 = CIRCLE('',#12005,0.22);
#12005 = AXIS2_PLACEMENT_3D('',#12006,#12007,#12008);
#12006 = CARTESIAN_POINT('',(-10.22,-22.55,-5.629032522475));
#12007 = DIRECTION('',(-0.,0.894427191,-0.4472135955));
#12008 = DIRECTION('',(1.,0.,-0.));
#12009 = PCURVE('',#11351,#12010);
#12010 = DEFINITIONAL_REPRESENTATION('',(#12011),#12014);
#12011 = B_SPLINE_CURVE_WITH_KNOTS('',1,(#12012,#12013),.UNSPECIFIED.,
  .F.,.F.,(2,2),(0.,1.570796326795),.PIECEWISE_BEZIER_KNOTS.);
#12012 = CARTESIAN_POINT('',(0.,0.389508497187));
#12013 = CARTESIAN_POINT('',(-1.570796326795,0.389508497187));
#12014 = ( GEOMETRIC_REPRESENTATION_CONTEXT(2) 
PARAMETRIC_REPRESENTATION_CONTEXT() REPRESENTATION_CONTEXT('2D SPACE',''
  ) );
#12015 = PCURVE('',#11581,#12016);
#12016 = DEFINITIONAL_REPRESENTATION('',(#12017),#12024);
#12017 = B_SPLINE_CURVE_WITH_KNOTS('',5,(#12018,#12019,#12020,#12021,
    #12022,#12023),.UNSPECIFIED.,.F.,.F.,(6,6),(0.,1.570796326795),
  .PIECEWISE_BEZIER_KNOTS.);
#12018 = CARTESIAN_POINT('',(0.,0.389763001135));
#12019 = CARTESIAN_POINT('',(0.252875423819,0.389763001135));
#12020 = CARTESIAN_POINT('',(0.46477746543,0.389763001135));
#12021 = CARTESIAN_POINT('',(0.673563508097,0.389763001135));
#12022 = CARTESIAN_POINT('',(0.885463926277,0.389763001135));
#12023 = CARTESIAN_POINT('',(1.138339350096,0.389763001135));
#12024 = ( GEOMETRIC_REPRESENTATION_CONTEXT(2) 
PARAMETRIC_REPRESENTATION_CONTEXT() REPRESENTATION_CONTEXT('2D SPACE',''
  ) );
#12025 = ORIENTED_EDGE('',*,*,#11335,.F.);
#12026 = ADVANCED_FACE('',(#12027),#11472,.F.);
#12027 = FACE_BOUND('',#12028,.F.);
#12028 = EDGE_LOOP('',(#12029,#12083,#12116,#12117));
#12029 = ORIENTED_EDGE('',*,*,#12030,.T.);
#12030 = EDGE_CURVE('',#11445,#12031,#12033,.T.);
#12031 = VERTEX_POINT('',#12032);
#12032 = CARTESIAN_POINT('',(-11.28867032017,-23.17838699101,
    -5.560806504495));
#12033 = SURFACE_CURVE('',#12034,(#12039,#12077),.PCURVE_S1.);
#12034 = CIRCLE('',#12035,0.22);
#12035 = AXIS2_PLACEMENT_3D('',#12036,#12037,#12038);
#12036 = CARTESIAN_POINT('',(-11.28867032017,-23.08,-5.364032522475));
#12037 = DIRECTION('',(1.,0.,0.));
#12038 = DIRECTION('',(0.,-1.,0.));
#12039 = PCURVE('',#11472,#12040);
#12040 = DEFINITIONAL_REPRESENTATION('',(#12041),#12076);
#12041 = B_SPLINE_CURVE_WITH_KNOTS('',9,(#12042,#12043,#12044,#12045,
    #12046,#12047,#12048,#12049,#12050,#12051,#12052,#12053,#12054,
    #12055,#12056,#12057,#12058,#12059,#12060,#12061,#12062,#12063,
    #12064,#12065,#12066,#12067,#12068,#12069,#12070,#12071,#12072,
    #12073,#12074,#12075),.UNSPECIFIED.,.F.,.F.,(10,8,8,8,10),(0.,
    0.276787179449,0.553574358897,0.830361538346,1.107148717794),
  .UNSPECIFIED.);
#12042 = CARTESIAN_POINT('',(0.,2.066772671409));
#12043 = CARTESIAN_POINT('',(3.207797243281E-02,2.066772671409));
#12044 = CARTESIAN_POINT('',(6.384129422476E-02,2.06677267141));
#12045 = CARTESIAN_POINT('',(9.531667534011E-02,2.066772671409));
#12046 = CARTESIAN_POINT('',(0.126523537438,2.06677267141));
#12047 = CARTESIAN_POINT('',(0.157508654992,2.066772671409));
#12048 = CARTESIAN_POINT('',(0.188261667944,2.06677267141));
#12049 = CARTESIAN_POINT('',(0.218838462956,2.066772671409));
#12050 = CARTESIAN_POINT('',(0.249241952343,2.06677267141));
#12051 = CARTESIAN_POINT('',(0.309758274906,2.066772671409));
#12052 = CARTESIAN_POINT('',(0.339870562225,2.06677267141));
#12053 = CARTESIAN_POINT('',(0.369858038965,2.066772671409));
#12054 = CARTESIAN_POINT('',(0.399746500814,2.06677267141));
#12055 = CARTESIAN_POINT('',(0.429551595126,2.066772671409));
#12056 = CARTESIAN_POINT('',(0.459292999121,2.06677267141));
#12057 = CARTESIAN_POINT('',(0.488996081476,2.066772671409));
#12058 = CARTESIAN_POINT('',(0.518678889034,2.066772671409));
#12059 = CARTESIAN_POINT('',(0.578044545896,2.06677267141));
#12060 = CARTESIAN_POINT('',(0.607727353454,2.066772671409));
#12061 = CARTESIAN_POINT('',(0.637430435809,2.06677267141));
#12062 = CARTESIAN_POINT('',(0.667171839803,2.066772671409));
#12063 = CARTESIAN_POINT('',(0.696976934116,2.06677267141));
#12064 = CARTESIAN_POINT('',(0.726865395965,2.066772671409));
#12065 = CARTESIAN_POINT('',(0.756852872705,2.06677267141));
#12066 = CARTESIAN_POINT('',(0.786965160024,2.066772671409));
#12067 = CARTESIAN_POINT('',(0.847481482587,2.06677267141));
#12068 = CARTESIAN_POINT('',(0.877884971974,2.066772671409));
#12069 = CARTESIAN_POINT('',(0.908461766987,2.06677267141));
#12070 = CARTESIAN_POINT('',(0.939214779938,2.066772671409));
#12071 = CARTESIAN_POINT('',(0.970199897492,2.06677267141));
#12072 = CARTESIAN_POINT('',(1.00140675959,2.066772671409));
#12073 = CARTESIAN_POINT('',(1.032882140705,2.06677267141));
#12074 = CARTESIAN_POINT('',(1.064645462497,2.066772671409));
#12075 = CARTESIAN_POINT('',(1.09672343493,2.066772671409));
#12076 = ( GEOMETRIC_REPRESENTATION_CONTEXT(2) 
PARAMETRIC_REPRESENTATION_CONTEXT() REPRESENTATION_CONTEXT('2D SPACE',''
  ) );
#12077 = PCURVE('',#11638,#12078);
#12078 = DEFINITIONAL_REPRESENTATION('',(#12079),#12082);
#12079 = B_SPLINE_CURVE_WITH_KNOTS('',1,(#12080,#12081),.UNSPECIFIED.,
  .F.,.F.,(2,2),(0.,1.107148717794),.PIECEWISE_BEZIER_KNOTS.);
#12080 = CARTESIAN_POINT('',(0.,0.538670320179));
#12081 = CARTESIAN_POINT('',(-1.107148717794,0.538670320179));
#12082 = ( GEOMETRIC_REPRESENTATION_CONTEXT(2) 
PARAMETRIC_REPRESENTATION_CONTEXT() REPRESENTATION_CONTEXT('2D SPACE',''
  ) );
#12083 = ORIENTED_EDGE('',*,*,#12084,.T.);
#12084 = EDGE_CURVE('',#12031,#11654,#12085,.T.);
#12085 = SURFACE_CURVE('',#12086,(#12096,#12103),.PCURVE_S1.);
#12086 = ( BOUNDED_CURVE() B_SPLINE_CURVE(8,(#12087,#12088,#12089,#12090
    ,#12091,#12092,#12093,#12094,#12095),.UNSPECIFIED.,.F.,.F.) 
B_SPLINE_CURVE_WITH_KNOTS((9,9),(2.066772671409,3.163496106339),
.PIECEWISE_BEZIER_KNOTS.) CURVE() GEOMETRIC_REPRESENTATION_ITEM() 
RATIONAL_B_SPLINE_CURVE((1.,1.,1.,1.,1.,1.,1.,1.,1.)) 
REPRESENTATION_ITEM('') );
#12087 = CARTESIAN_POINT('',(-11.28867032017,-23.17838699101,
    -5.560806504495));
#12088 = CARTESIAN_POINT('',(-11.392759803,-23.17838699101,
    -5.560806504495));
#12089 = CARTESIAN_POINT('',(-11.50419595317,-23.15514739368,
    -5.572426303159));
#12090 = CARTESIAN_POINT('',(-11.6124938724,-23.1031714043,
    -5.598414297846));
#12091 = CARTESIAN_POINT('',(-11.70148792331,-23.02455903525,
    -5.637720482371));
#12092 = CARTESIAN_POINT('',(-11.75928472016,-22.9335384411,
    -5.683230779448));
#12093 = CARTESIAN_POINT('',(-11.79317461649,-22.84778713054,
    -5.72610643473));
#12094 = CARTESIAN_POINT('',(-11.81339396596,-22.76370263014,
    -5.768148684928));
#12095 = CARTESIAN_POINT('',(-11.81794828606,-22.67605233261,
    -5.811973833691));
#12096 = PCURVE('',#11472,#12097);
#12097 = DEFINITIONAL_REPRESENTATION('',(#12098),#12102);
#12098 = LINE('',#12099,#12100);
#12099 = CARTESIAN_POINT('',(1.09672343493,0.));
#12100 = VECTOR('',#12101,1.);
#12101 = DIRECTION('',(0.,1.));
#12102 = ( GEOMETRIC_REPRESENTATION_CONTEXT(2) 
PARAMETRIC_REPRESENTATION_CONTEXT() REPRESENTATION_CONTEXT('2D SPACE',''
  ) );
#12103 = PCURVE('',#11692,#12104);
#12104 = DEFINITIONAL_REPRESENTATION('',(#12105),#12115);
#12105 = B_SPLINE_CURVE_WITH_KNOTS('',8,(#12106,#12107,#12108,#12109,
    #12110,#12111,#12112,#12113,#12114),.UNSPECIFIED.,.F.,.F.,(9,9),(
    2.066772671409,3.163496106339),.PIECEWISE_BEZIER_KNOTS.);
#12106 = CARTESIAN_POINT('',(0.135967477525,-18.71132967982));
#12107 = CARTESIAN_POINT('',(0.135967477525,-18.60724019699));
#12108 = CARTESIAN_POINT('',(0.161950137223,-18.49580404682));
#12109 = CARTESIAN_POINT('',(0.220061059942,-18.38750612759));
#12110 = CARTESIAN_POINT('',(0.307952360475,-18.29851207668));
#12111 = CARTESIAN_POINT('',(0.409716478415,-18.24071527983));
#12112 = CARTESIAN_POINT('',(0.505589358206,-18.2068253835));
#12113 = CARTESIAN_POINT('',(0.599598687577,-18.18660603403));
#12114 = CARTESIAN_POINT('',(0.697594699334,-18.18205171393));
#12115 = ( GEOMETRIC_REPRESENTATION_CONTEXT(2) 
PARAMETRIC_REPRESENTATION_CONTEXT() REPRESENTATION_CONTEXT('2D SPACE',''
  ) );
#12116 = ORIENTED_EDGE('',*,*,#11653,.F.);
#12117 = ORIENTED_EDGE('',*,*,#11444,.F.);
#12118 = ADVANCED_FACE('',(#12119),#11581,.F.);
#12119 = FACE_BOUND('',#12120,.F.);
#12120 = EDGE_LOOP('',(#12121,#12122,#12157,#12182));
#12121 = ORIENTED_EDGE('',*,*,#12002,.T.);
#12122 = ORIENTED_EDGE('',*,*,#12123,.T.);
#12123 = EDGE_CURVE('',#11980,#12124,#12126,.T.);
#12124 = VERTEX_POINT('',#12125);
#12125 = CARTESIAN_POINT('',(-10.75,-23.17838699101,-5.560806504495));
#12126 = SURFACE_CURVE('',#12127,(#12137,#12144),.PCURVE_S1.);
#12127 = ( BOUNDED_CURVE() B_SPLINE_CURVE(8,(#12128,#12129,#12130,#12131
    ,#12132,#12133,#12134,#12135,#12136),.UNSPECIFIED.,.F.,.F.) 
B_SPLINE_CURVE_WITH_KNOTS((9,9),(0.389763001135,1.528102351231),
.PIECEWISE_BEZIER_KNOTS.) CURVE() GEOMETRIC_REPRESENTATION_ITEM() 
RATIONAL_B_SPLINE_CURVE((1.,1.,1.,1.,1.,1.,1.,1.,1.)) 
REPRESENTATION_ITEM('') );
#12128 = CARTESIAN_POINT('',(-10.21999953503,-22.64798243106,
    -5.826008784468));
#12129 = CARTESIAN_POINT('',(-10.21989961336,-22.73827495621,
    -5.780862521892));
#12130 = CARTESIAN_POINT('',(-10.23655245384,-22.82570352707,
    -5.737148236464));
#12131 = CARTESIAN_POINT('',(-10.26744165699,-22.91590452464,
    -5.69204773768));
#12132 = CARTESIAN_POINT('',(-10.32396509972,-23.01307996288,
    -5.643460018556));
#12133 = CARTESIAN_POINT('',(-10.41472684028,-23.0977132273,
    -5.60114338635));
#12134 = CARTESIAN_POINT('',(-10.52695618688,-23.15355299181,
    -5.573223504094));
#12135 = CARTESIAN_POINT('',(-10.6424204405,-23.17838699101,
    -5.560806504495));
#12136 = CARTESIAN_POINT('',(-10.75,-23.17838699101,-5.560806504495));
#12137 = PCURVE('',#11581,#12138);
#12138 = DEFINITIONAL_REPRESENTATION('',(#12139),#12143);
#12139 = LINE('',#12140,#12141);
#12140 = CARTESIAN_POINT('',(1.138339350096,0.));
#12141 = VECTOR('',#12142,1.);
#12142 = DIRECTION('',(0.,1.));
#12143 = ( GEOMETRIC_REPRESENTATION_CONTEXT(2) 
PARAMETRIC_REPRESENTATION_CONTEXT() REPRESENTATION_CONTEXT('2D SPACE',''
  ) );
#12144 = PCURVE('',#11692,#12145);
#12145 = DEFINITIONAL_REPRESENTATION('',(#12146),#12156);
#12146 = B_SPLINE_CURVE_WITH_KNOTS('',8,(#12147,#12148,#12149,#12150,
    #12151,#12152,#12153,#12154,#12155),.UNSPECIFIED.,.F.,.F.,(9,9),(
    0.389763001135,1.528102351231),.PIECEWISE_BEZIER_KNOTS.);
#12147 = CARTESIAN_POINT('',(0.728977803333,-19.78000046496));
#12148 = CARTESIAN_POINT('',(0.628027691283,-19.78010038663));
#12149 = CARTESIAN_POINT('',(0.530279577478,-19.76344754615));
#12150 = CARTESIAN_POINT('',(0.429431796378,-19.732558343));
#12151 = CARTESIAN_POINT('',(0.320786353545,-19.67603490027));
#12152 = CARTESIAN_POINT('',(0.226163487353,-19.58527315971));
#12153 = CARTESIAN_POINT('',(0.163732732705,-19.47304381311));
#12154 = CARTESIAN_POINT('',(0.135967477525,-19.35757955949));
#12155 = CARTESIAN_POINT('',(0.135967477525,-19.25));
#12156 = ( GEOMETRIC_REPRESENTATION_CONTEXT(2) 
PARAMETRIC_REPRESENTATION_CONTEXT() REPRESENTATION_CONTEXT('2D SPACE',''
  ) );
#12157 = ORIENTED_EDGE('',*,*,#12158,.F.);
#12158 = EDGE_CURVE('',#11533,#12124,#12159,.T.);
#12159 = SURFACE_CURVE('',#12160,(#12164,#12170),.PCURVE_S1.);
#12160 = ( BOUNDED_CURVE() B_SPLINE_CURVE(2,(#12161,#12162,#12163),
.UNSPECIFIED.,.F.,.F.) B_SPLINE_CURVE_WITH_KNOTS((3,3),(0.,
1.138339350096),.PIECEWISE_BEZIER_KNOTS.) CURVE() 
GEOMETRIC_REPRESENTATION_ITEM() RATIONAL_B_SPLINE_CURVE((1.,
0.850650808352,1.)) REPRESENTATION_ITEM('') );
#12161 = CARTESIAN_POINT('',(-10.75,-23.3,-5.364032522475));
#12162 = CARTESIAN_POINT('',(-10.75,-23.3,-5.5));
#12163 = CARTESIAN_POINT('',(-10.75,-23.17838699101,-5.560806504495));
#12164 = PCURVE('',#11581,#12165);
#12165 = DEFINITIONAL_REPRESENTATION('',(#12166),#12169);
#12166 = B_SPLINE_CURVE_WITH_KNOTS('',1,(#12167,#12168),.UNSPECIFIED.,
  .F.,.F.,(2,2),(0.,1.138339350096),.PIECEWISE_BEZIER_KNOTS.);
#12167 = CARTESIAN_POINT('',(0.,1.528102351231));
#12168 = CARTESIAN_POINT('',(1.138339350096,1.528102351231));
#12169 = ( GEOMETRIC_REPRESENTATION_CONTEXT(2) 
PARAMETRIC_REPRESENTATION_CONTEXT() REPRESENTATION_CONTEXT('2D SPACE',''
  ) );
#12170 = PCURVE('',#11638,#12171);
#12171 = DEFINITIONAL_REPRESENTATION('',(#12172),#12181);
#12172 = B_SPLINE_CURVE_WITH_KNOTS('',7,(#12173,#12174,#12175,#12176,
    #12177,#12178,#12179,#12180),.UNSPECIFIED.,.F.,.F.,(8,8),(0.,
    1.138339350096),.PIECEWISE_BEZIER_KNOTS.);
#12173 = CARTESIAN_POINT('',(-1.110223024625E-16,0.));
#12174 = CARTESIAN_POINT('',(-0.150208889177,0.));
#12175 = CARTESIAN_POINT('',(-0.307896460783,0.));
#12176 = CARTESIAN_POINT('',(-0.470957493901,0.));
#12177 = CARTESIAN_POINT('',(-0.636191223893,0.));
#12178 = CARTESIAN_POINT('',(-0.799252257011,0.));
#12179 = CARTESIAN_POINT('',(-0.956939828617,0.));
#12180 = CARTESIAN_POINT('',(-1.107148717794,0.));
#12181 = ( GEOMETRIC_REPRESENTATION_CONTEXT(2) 
PARAMETRIC_REPRESENTATION_CONTEXT() REPRESENTATION_CONTEXT('2D SPACE',''
  ) );
#12182 = ORIENTED_EDGE('',*,*,#11555,.F.);
#12183 = ADVANCED_FACE('',(#12184),#11638,.T.);
#12184 = FACE_BOUND('',#12185,.F.);
#12185 = EDGE_LOOP('',(#12186,#12187,#12208,#12209));
#12186 = ORIENTED_EDGE('',*,*,#12158,.T.);
#12187 = ORIENTED_EDGE('',*,*,#12188,.T.);
#12188 = EDGE_CURVE('',#12124,#12031,#12189,.T.);
#12189 = SURFACE_CURVE('',#12190,(#12194,#12201),.PCURVE_S1.);
#12190 = LINE('',#12191,#12192);
#12191 = CARTESIAN_POINT('',(-10.75,-23.17838699101,-5.560806504495));
#12192 = VECTOR('',#12193,1.);
#12193 = DIRECTION('',(-1.,-0.,-0.));
#12194 = PCURVE('',#11638,#12195);
#12195 = DEFINITIONAL_REPRESENTATION('',(#12196),#12200);
#12196 = LINE('',#12197,#12198);
#12197 = CARTESIAN_POINT('',(-1.107148717794,0.));
#12198 = VECTOR('',#12199,1.);
#12199 = DIRECTION('',(-0.,1.));
#12200 = ( GEOMETRIC_REPRESENTATION_CONTEXT(2) 
PARAMETRIC_REPRESENTATION_CONTEXT() REPRESENTATION_CONTEXT('2D SPACE',''
  ) );
#12201 = PCURVE('',#11692,#12202);
#12202 = DEFINITIONAL_REPRESENTATION('',(#12203),#12207);
#12203 = LINE('',#12204,#12205);
#12204 = CARTESIAN_POINT('',(0.135967477525,-19.25));
#12205 = VECTOR('',#12206,1.);
#12206 = DIRECTION('',(0.,1.));
#12207 = ( GEOMETRIC_REPRESENTATION_CONTEXT(2) 
PARAMETRIC_REPRESENTATION_CONTEXT() REPRESENTATION_CONTEXT('2D SPACE',''
  ) );
#12208 = ORIENTED_EDGE('',*,*,#12030,.F.);
#12209 = ORIENTED_EDGE('',*,*,#11624,.F.);
#12210 = ADVANCED_FACE('',(#12211),#11692,.F.);
#12211 = FACE_BOUND('',#12212,.F.);
#12212 = EDGE_LOOP('',(#12213,#12239,#12240,#12241,#12242,#12243));
#12213 = ORIENTED_EDGE('',*,*,#12214,.F.);
#12214 = EDGE_CURVE('',#11677,#11958,#12215,.T.);
#12215 = SURFACE_CURVE('',#12216,(#12220,#12227),.PCURVE_S1.);
#12216 = LINE('',#12217,#12218);
#12217 = CARTESIAN_POINT('',(-12.05296192769,-22.34202280066,
    -5.978988599669));
#12218 = VECTOR('',#12219,1.);
#12219 = DIRECTION('',(1.,0.,0.));
#12220 = PCURVE('',#11692,#12221);
#12221 = DEFINITIONAL_REPRESENTATION('',(#12222),#12226);
#12222 = LINE('',#12223,#12224);
#12223 = CARTESIAN_POINT('',(1.071051069307,-17.9470380723));
#12224 = VECTOR('',#12225,1.);
#12225 = DIRECTION('',(0.,-1.));
#12226 = ( GEOMETRIC_REPRESENTATION_CONTEXT(2) 
PARAMETRIC_REPRESENTATION_CONTEXT() REPRESENTATION_CONTEXT('2D SPACE',''
  ) );
#12227 = PCURVE('',#12228,#12233);
#12228 = CYLINDRICAL_SURFACE('',#12229,0.22);
#12229 = AXIS2_PLACEMENT_3D('',#12230,#12231,#12232);
#12230 = CARTESIAN_POINT('',(-12.05296192769,-22.24363580965,
    -5.782214617649));
#12231 = DIRECTION('',(1.,0.,0.));
#12232 = DIRECTION('',(0.,-4.28381823161E-02,-0.999082023728));
#12233 = DEFINITIONAL_REPRESENTATION('',(#12234),#12238);
#12234 = LINE('',#12235,#12236);
#12235 = CARTESIAN_POINT('',(-0.420796313725,0.));
#12236 = VECTOR('',#12237,1.);
#12237 = DIRECTION('',(-0.,1.));
#12238 = ( GEOMETRIC_REPRESENTATION_CONTEXT(2) 
PARAMETRIC_REPRESENTATION_CONTEXT() REPRESENTATION_CONTEXT('2D SPACE',''
  ) );
#12239 = ORIENTED_EDGE('',*,*,#11676,.F.);
#12240 = ORIENTED_EDGE('',*,*,#12084,.F.);
#12241 = ORIENTED_EDGE('',*,*,#12188,.F.);
#12242 = ORIENTED_EDGE('',*,*,#12123,.F.);
#12243 = ORIENTED_EDGE('',*,*,#11979,.F.);
#12244 = ADVANCED_FACE('',(#12245),#11718,.T.);
#12245 = FACE_BOUND('',#12246,.T.);
#12246 = EDGE_LOOP('',(#12247,#12248,#12249));
#12247 = ORIENTED_EDGE('',*,*,#11704,.F.);
#12248 = ORIENTED_EDGE('',*,*,#11733,.T.);
#12249 = ORIENTED_EDGE('',*,*,#12250,.F.);
#12250 = EDGE_CURVE('',#11677,#11734,#12251,.T.);
#12251 = SURFACE_CURVE('',#12252,(#12257,#12267),.PCURVE_S1.);
#12252 = CIRCLE('',#12253,0.22);
#12253 = AXIS2_PLACEMENT_3D('',#12254,#12255,#12256);
#12254 = CARTESIAN_POINT('',(-11.83563875369,-22.24363580965,
    -5.782214617649));
#12255 = DIRECTION('',(1.,4.137310538057E-15,1.598613857277E-14));
#12256 = DIRECTION('',(1.614869854E-14,-0.4472135955,-0.894427191));
#12257 = PCURVE('',#11718,#12258);
#12258 = DEFINITIONAL_REPRESENTATION('',(#12259),#12266);
#12259 = B_SPLINE_CURVE_WITH_KNOTS('',5,(#12260,#12261,#12262,#12263,
    #12264,#12265),.UNSPECIFIED.,.F.,.F.,(6,6),(0.,0.420796313725),
  .PIECEWISE_BEZIER_KNOTS.);
#12260 = CARTESIAN_POINT('',(0.,-2.365435142664E-02));
#12261 = CARTESIAN_POINT('',(8.408851968168E-02,-1.967214312591E-02));
#12262 = CARTESIAN_POINT('',(0.168157237346,-1.548094336961E-02));
#12263 = CARTESIAN_POINT('',(0.252210306654,-1.113946673161E-02));
#12264 = CARTESIAN_POINT('',(0.336254330212,-6.712543600058E-03));
#12265 = CARTESIAN_POINT('',(0.420296240147,-2.26561938801E-03));
#12266 = ( GEOMETRIC_REPRESENTATION_CONTEXT(2) 
PARAMETRIC_REPRESENTATION_CONTEXT() REPRESENTATION_CONTEXT('2D SPACE',''
  ) );
#12267 = PCURVE('',#12228,#12268);
#12268 = DEFINITIONAL_REPRESENTATION('',(#12269),#12273);
#12269 = LINE('',#12270,#12271);
#12270 = CARTESIAN_POINT('',(-0.420796313725,0.217323174));
#12271 = VECTOR('',#12272,1.);
#12272 = DIRECTION('',(1.,-9.234350348256E-16));
#12273 = ( GEOMETRIC_REPRESENTATION_CONTEXT(2) 
PARAMETRIC_REPRESENTATION_CONTEXT() REPRESENTATION_CONTEXT('2D SPACE',''
  ) );
#12274 = ADVANCED_FACE('',(#12275),#11771,.F.);
#12275 = FACE_BOUND('',#12276,.F.);
#12276 = EDGE_LOOP('',(#12277,#12298,#12299,#12300));
#12277 = ORIENTED_EDGE('',*,*,#12278,.T.);
#12278 = EDGE_CURVE('',#11734,#11906,#12279,.T.);
#12279 = SURFACE_CURVE('',#12280,(#12284,#12291),.PCURVE_S1.);
#12280 = LINE('',#12281,#12282);
#12281 = CARTESIAN_POINT('',(-12.05296192769,-22.25306020976,
    -6.002012662869));
#12282 = VECTOR('',#12283,1.);
#12283 = DIRECTION('',(1.,0.,0.));
#12284 = PCURVE('',#11771,#12285);
#12285 = DEFINITIONAL_REPRESENTATION('',(#12286),#12290);
#12286 = LINE('',#12287,#12288);
#12287 = CARTESIAN_POINT('',(4.698291944317E-02,-17.9470380723));
#12288 = VECTOR('',#12289,1.);
#12289 = DIRECTION('',(0.,-1.));
#12290 = ( GEOMETRIC_REPRESENTATION_CONTEXT(2) 
PARAMETRIC_REPRESENTATION_CONTEXT() REPRESENTATION_CONTEXT('2D SPACE',''
  ) );
#12291 = PCURVE('',#12228,#12292);
#12292 = DEFINITIONAL_REPRESENTATION('',(#12293),#12297);
#12293 = LINE('',#12294,#12295);
#12294 = CARTESIAN_POINT('',(-0.,0.));
#12295 = VECTOR('',#12296,1.);
#12296 = DIRECTION('',(-0.,1.));
#12297 = ( GEOMETRIC_REPRESENTATION_CONTEXT(2) 
PARAMETRIC_REPRESENTATION_CONTEXT() REPRESENTATION_CONTEXT('2D SPACE',''
  ) );
#12298 = ORIENTED_EDGE('',*,*,#11905,.F.);
#12299 = ORIENTED_EDGE('',*,*,#11818,.F.);
#12300 = ORIENTED_EDGE('',*,*,#11755,.F.);
#12301 = ADVANCED_FACE('',(#12302),#11942,.T.);
#12302 = FACE_BOUND('',#12303,.F.);
#12303 = EDGE_LOOP('',(#12304,#12305,#12306));
#12304 = ORIENTED_EDGE('',*,*,#11957,.F.);
#12305 = ORIENTED_EDGE('',*,*,#11928,.T.);
#12306 = ORIENTED_EDGE('',*,*,#12307,.F.);
#12307 = EDGE_CURVE('',#11958,#11906,#12308,.T.);
#12308 = SURFACE_CURVE('',#12309,(#12314,#12321),.PCURVE_S1.);
#12309 = CIRCLE('',#12310,0.22);
#12310 = AXIS2_PLACEMENT_3D('',#12311,#12312,#12313);
#12311 = CARTESIAN_POINT('',(-10.22,-22.24363580965,-5.782214617649));
#12312 = DIRECTION('',(1.,-0.,0.));
#12313 = DIRECTION('',(-0.,-0.4472135955,-0.894427191));
#12314 = PCURVE('',#11942,#12315);
#12315 = DEFINITIONAL_REPRESENTATION('',(#12316),#12320);
#12316 = LINE('',#12317,#12318);
#12317 = CARTESIAN_POINT('',(-0.,0.));
#12318 = VECTOR('',#12319,1.);
#12319 = DIRECTION('',(-1.,0.));
#12320 = ( GEOMETRIC_REPRESENTATION_CONTEXT(2) 
PARAMETRIC_REPRESENTATION_CONTEXT() REPRESENTATION_CONTEXT('2D SPACE',''
  ) );
#12321 = PCURVE('',#12228,#12322);
#12322 = DEFINITIONAL_REPRESENTATION('',(#12323),#12327);
#12323 = LINE('',#12324,#12325);
#12324 = CARTESIAN_POINT('',(-0.420796313725,1.832961927695));
#12325 = VECTOR('',#12326,1.);
#12326 = DIRECTION('',(1.,-0.));
#12327 = ( GEOMETRIC_REPRESENTATION_CONTEXT(2) 
PARAMETRIC_REPRESENTATION_CONTEXT() REPRESENTATION_CONTEXT('2D SPACE',''
  ) );
#12328 = ADVANCED_FACE('',(#12329),#12228,.T.);
#12329 = FACE_BOUND('',#12330,.F.);
#12330 = EDGE_LOOP('',(#12331,#12332,#12333,#12334));
#12331 = ORIENTED_EDGE('',*,*,#12278,.F.);
#12332 = ORIENTED_EDGE('',*,*,#12250,.F.);
#12333 = ORIENTED_EDGE('',*,*,#12214,.T.);
#12334 = ORIENTED_EDGE('',*,*,#12307,.T.);
#12335 = ( GEOMETRIC_REPRESENTATION_CONTEXT(3) 
GLOBAL_UNCERTAINTY_ASSIGNED_CONTEXT((#12339)) 
GLOBAL_UNIT_ASSIGNED_CONTEXT((#12336,#12337,#12338)) 
REPRESENTATION_CONTEXT('Context #1',
  '3D Context with UNIT and UNCERTAINTY') );
#12336 = ( LENGTH_UNIT() NAMED_UNIT(*) SI_UNIT(.MILLI.,.METRE.) );
#12337 = ( NAMED_UNIT(*) PLANE_ANGLE_UNIT() SI_UNIT($,.RADIAN.) );
#12338 = ( NAMED_UNIT(*) SI_UNIT($,.STERADIAN.) SOLID_ANGLE_UNIT() );
#12339 = UNCERTAINTY_MEASURE_WITH_UNIT(LENGTH_MEASURE(2.E-03),#12336,
  'distance_accuracy_value','confusion accuracy');
#12340 = CONTEXT_DEPENDENT_SHAPE_REPRESENTATION(#12341,#12343);
#12341 = ( REPRESENTATION_RELATIONSHIP('','',#10180,#10) 
REPRESENTATION_RELATIONSHIP_WITH_TRANSFORMATION(#12342) 
SHAPE_REPRESENTATION_RELATIONSHIP() );
#12342 = ITEM_DEFINED_TRANSFORMATION('','',#11,#31);
#12343 = PRODUCT_DEFINITION_SHAPE('Placement','Placement of an item',
  #12344);
#12344 = NEXT_ASSEMBLY_USAGE_OCCURRENCE('5','','',#5,#10175,$);
#12345 = PRODUCT_RELATED_PRODUCT_CATEGORY('part',$,(#10177));
ENDSEC;
END-ISO-10303-21;
