  0
SECTION
  2
HEADER
  9
$ACADVER
  1
AC1024
  9
$ACADMAINTVER
 70
6
  9
$DWGCODEPAGE
  3
ANSI_1252
  9
$LASTSAVEDBY
  1
ezdxf
  9
$INSBASE
 10
0.0
 20
0.0
 30
0.0
  9
$EXTMIN
 10
1e+20
 20
1e+20
 30
1e+20
  9
$EXTMAX
 10
-1e+20
 20
-1e+20
 30
-1e+20
  9
$LIMMIN
 10
0.0
 20
0.0
  9
$LIMMAX
 10
420.0
 20
297.0
  9
$ORTHOMODE
 70
0
  9
$REGENMODE
 70
1
  9
$FILLMODE
 70
1
  9
$QTEXTMODE
 70
0
  9
$MIRRTEXT
 70
1
  9
$LTSCALE
 40
1.0
  9
$ATTMODE
 70
1
  9
$TEXTSIZE
 40
2.5
  9
$TRACEWID
 40
1.0
  9
$TEXTSTYLE
  7
OpenSans
  9
$CLAYER
  8
0
  9
$CELTYPE
  6
ByLayer
  9
$CECOLOR
 62
256
  9
$CELTSCALE
 40
1.0
  9
$DISPSILH
 70
0
  9
$DIMSCALE
 40
1.0
  9
$DIMASZ
 40
0.175
  9
$DIMEXO
 40
0.125
  9
$DIMDLI
 40
3.75
  9
$DIMRND
 40
0.0
  9
$DIMDLE
 40
0.0
  9
$DIMEXE
 40
0.375
  9
$DIMTP
 40
0.0
  9
$DIMTM
 40
0.0
  9
$DIMTXT
 40
0.25
  9
$DIMCEN
 40
2.5
  9
$DIMTSZ
 40
0.0
  9
$DIMTOL
 70
0
  9
$DIMLIM
 70
0
  9
$DIMTIH
 70
0
  9
$DIMTOH
 70
0
  9
$DIMSE1
 70
0
  9
$DIMSE2
 70
0
  9
$DIMTAD
 70
1
  9
$DIMZIN
 70
12
  9
$DIMBLK
  1
ARCHTICK
  9
$DIMASO
 70
1
  9
$DIMSHO
 70
1
  9
$DIMPOST
  1

  9
$DIMAPOST
  1

  9
$DIMALT
 70
0
  9
$DIMALTD
 70
3
  9
$DIMALTF
 40
0.03937007874
  9
$DIMLFAC
 40
100.0
  9
$DIMTOFL
 70
1
  9
$DIMTVP
 40
0.0
  9
$DIMTIX
 70
0
  9
$DIMSOXD
 70
0
  9
$DIMSAH
 70
0
  9
$DIMBLK1
  1

  9
$DIMBLK2
  1

  9
$DIMSTYLE
  2
EZDXF
  9
$DIMCLRD
 70
0
  9
$DIMCLRE
 70
0
  9
$DIMCLRT
 70
0
  9
$DIMTFAC
 40
0.5
  9
$DIMGAP
 40
0.1
  9
$DIMJUST
 70
0
  9
$DIMSD1
 70
0
  9
$DIMSD2
 70
0
  9
$DIMTOLJ
 70
0
  9
$DIMTZIN
 70
8
  9
$DIMALTZ
 70
0
  9
$DIMALTTZ
 70
0
  9
$DIMUPT
 70
1
  9
$DIMDEC
 70
2
  9
$DIMTDEC
 70
2
  9
$DIMALTU
 70
2
  9
$DIMALTTD
 70
3
  9
$DIMTXSTY
  7
OpenSansCondensed-Light
  9
$DIMAUNIT
 70
0
  9
$DIMADEC
 70
2
  9
$DIMALTRND
 40
0.0
  9
$DIMAZIN
 70
3
  9
$DIMDSEP
 70
46
  9
$DIMATFIT
 70
3
  9
$DIMFRAC
 70
0
  9
$DIMLDRBLK
  1

  9
$DIMLUNIT
 70
2
  9
$DIMLWD
 70
-2
  9
$DIMLWE
 70
-2
  9
$DIMTMOVE
 70
2
  9
$DIMFXL
 40
1.0
  9
$DIMFXLON
 70
0
  9
$DIMJOGANG
 40
0.785398163397
  9
$DIMTFILL
 70
0
  9
$DIMTFILLCLR
 70
0
  9
$DIMARCSYM
 70
0
  9
$DIMLTYPE
  6

  9
$DIMLTEX1
  6

  9
$DIMLTEX2
  6

  9
$DIMTXTDIRECTION
 70
0
  9
$LUNITS
 70
2
  9
$LUPREC
 70
4
  9
$SKETCHINC
 40
1.0
  9
$FILLETRAD
 40
10.0
  9
$AUNITS
 70
0
  9
$AUPREC
 70
2
  9
$MENU
  1
.
  9
$ELEVATION
 40
0.0
  9
$PELEVATION
 40
0.0
  9
$THICKNESS
 40
0.0
  9
$LIMCHECK
 70
0
  9
$CHAMFERA
 40
0.0
  9
$CHAMFERB
 40
0.0
  9
$CHAMFERC
 40
0.0
  9
$CHAMFERD
 40
0.0
  9
$SKPOLY
 70
0
  9
$TDCREATE
 40
2461322.381435185
  9
$TDUCREATE
 40
2458532.153996898
  9
$TDUPDATE
 40
2461322.381435185
  9
$TDUUPDATE
 40
2458532.1544311
  9
$TDINDWG
 40
0.0
  9
$TDUSRTIMER
 40
0.0
  9
$USRTIMER
 70
1
  9
$ANGBASE
 50
0.0
  9
$ANGDIR
 70
0
  9
$PDMODE
 70
0
  9
$PDSIZE
 40
0.0
  9
$PLINEWID
 40
0.0
  9
$SPLFRAME
 70
0
  9
$SPLINETYPE
 70
6
  9
$SPLINESEGS
 70
8
  9
$HANDSEED
  5
BE
  9
$SURFTAB1
 70
6
  9
$SURFTAB2
 70
6
  9
$SURFTYPE
 70
6
  9
$SURFU
 70
6
  9
$SURFV
 70
6
  9
$UCSBASE
  2

  9
$UCSNAME
  2

  9
$UCSORG
 10
0.0
 20
0.0
 30
0.0
  9
$UCSXDIR
 10
1.0
 20
0.0
 30
0.0
  9
$UCSYDIR
 10
0.0
 20
1.0
 30
0.0
  9
$UCSORTHOREF
  2

  9
$UCSORTHOVIEW
 70
0
  9
$UCSORGTOP
 10
0.0
 20
0.0
 30
0.0
  9
$UCSORGBOTTOM
 10
0.0
 20
0.0
 30
0.0
  9
$UCSORGLEFT
 10
0.0
 20
0.0
 30
0.0
  9
$UCSORGRIGHT
 10
0.0
 20
0.0
 30
0.0
  9
$UCSORGFRONT
 10
0.0
 20
0.0
 30
0.0
  9
$UCSORGBACK
 10
0.0
 20
0.0
 30
0.0
  9
$PUCSBASE
  2

  9
$PUCSNAME
  2

  9
$PUCSORG
 10
0.0
 20
0.0
 30
0.0
  9
$PUCSXDIR
 10
1.0
 20
0.0
 30
0.0
  9
$PUCSYDIR
 10
0.0
 20
1.0
 30
0.0
  9
$PUCSORTHOREF
  2

  9
$PUCSORTHOVIEW
 70
0
  9
$PUCSORGTOP
 10
0.0
 20
0.0
 30
0.0
  9
$PUCSORGBOTTOM
 10
0.0
 20
0.0
 30
0.0
  9
$PUCSORGLEFT
 10
0.0
 20
0.0
 30
0.0
  9
$PUCSORGRIGHT
 10
0.0
 20
0.0
 30
0.0
  9
$PUCSORGFRONT
 10
0.0
 20
0.0
 30
0.0
  9
$PUCSORGBACK
 10
0.0
 20
0.0
 30
0.0
  9
$USERI1
 70
0
  9
$USERI2
 70
0
  9
$USERI3
 70
0
  9
$USERI4
 70
0
  9
$USERI5
 70
0
  9
$USERR1
 40
0.0
  9
$USERR2
 40
0.0
  9
$USERR3
 40
0.0
  9
$USERR4
 40
0.0
  9
$USERR5
 40
0.0
  9
$WORLDVIEW
 70
1
  9
$SHADEDGE
 70
3
  9
$SHADEDIF
 70
70
  9
$TILEMODE
 70
1
  9
$MAXACTVP
 70
64
  9
$PINSBASE
 10
0.0
 20
0.0
 30
0.0
  9
$PLIMCHECK
 70
0
  9
$PEXTMIN
 10
1e+20
 20
1e+20
 30
1e+20
  9
$PEXTMAX
 10
-1e+20
 20
-1e+20
 30
-1e+20
  9
$PLIMMIN
 10
0.0
 20
0.0
  9
$PLIMMAX
 10
420.0
 20
297.0
  9
$UNITMODE
 70
0
  9
$VISRETAIN
 70
1
  9
$PLINEGEN
 70
0
  9
$PSLTSCALE
 70
1
  9
$TREEDEPTH
 70
3020
  9
$CMLSTYLE
  2
Standard
  9
$CMLJUST
 70
0
  9
$CMLSCALE
 40
20.0
  9
$PROXYGRAPHICS
 70
1
  9
$MEASUREMENT
 70
1
  9
$CELWEIGHT
370
-1
  9
$ENDCAPS
280
0
  9
$JOINSTYLE
280
0
  9
$LWDISPLAY
290
0
  9
$INSUNITS
 70
4
  9
$HYPERLINKBASE
  1

  9
$STYLESHEET
  1

  9
$XEDIT
290
1
  9
$CEPSNTYPE
380
0
  9
$PSTYLEMODE
290
1
  9
$FINGERPRINTGUID
  2
{278608EC-3ACD-4B88-9CBD-89D04A393E1E}
  9
$VERSIONGUID
  2
{3EC80255-1447-400E-8D1E-80141736084C}
  9
$EXTNAMES
290
1
  9
$PSVPSCALE
 40
0.0
  9
$OLESTARTUP
290
0
  9
$SORTENTS
280
127
  9
$INDEXCTL
280
0
  9
$HIDETEXT
280
1
  9
$XCLIPFRAME
280
1
  9
$HALOGAP
280
0
  9
$OBSCOLOR
 70
257
  9
$OBSLTYPE
280
0
  9
$INTERSECTIONDISPLAY
280
0
  9
$INTERSECTIONCOLOR
 70
257
  9
$DIMASSOC
280
2
  9
$PROJECTNAME
  1

  9
$CAMERADISPLAY
290
0
  9
$LENSLENGTH
 40
50.0
  9
$CAMERAHEIGHT
 40
0.0
  9
$STEPSPERSEC
 40
24.0
  9
$STEPSIZE
 40
100.0
  9
$3DDWFPREC
 40
2.0
  9
$PSOLWIDTH
 40
0.005
  9
$PSOLHEIGHT
 40
0.08
  9
$LOFTANG1
 40
1.570796326795
  9
$LOFTANG2
 40
1.570796326795
  9
$LOFTMAG1
 40
0.0
  9
$LOFTMAG2
 40
0.0
  9
$LOFTPARAM
 70
7
  9
$LOFTNORMALS
280
1
  9
$LATITUDE
 40
37.795
  9
$LONGITUDE
 40
-122.394
  9
$NORTHDIRECTION
 40
0.0
  9
$TIMEZONE
 70
-8000
  9
$LIGHTGLYPHDISPLAY
280
1
  9
$TILEMODELIGHTSYNCH
280
1
  9
$CMATERIAL
347
20
  9
$SOLIDHIST
280
0
  9
$SHOWHIST
280
1
  9
$DWFFRAME
280
2
  9
$DGNFRAME
280
2
  9
$REALWORLDSCALE
290
1
  9
$INTERFERECOLOR
 62
256
  9
$CSHADOW
280
0
  9
$SHADOWPLANELOCATION
 40
0.0
  0
ENDSEC
  0
SECTION
  2
CLASSES
  0
CLASS
  1
ACDBDICTIONARYWDFLT
  2
AcDbDictionaryWithDefault
  3
ObjectDBX Classes
 90
0
 91
0
280
0
281
0
  0
CLASS
  1
SUN
  2
AcDbSun
  3
SCENEOE
 90
1153
 91
0
280
0
281
0
  0
CLASS
  1
VISUALSTYLE
  2
AcDbVisualStyle
  3
ObjectDBX Classes
 90
4095
 91
0
280
0
281
0
  0
CLASS
  1
MATERIAL
  2
AcDbMaterial
  3
ObjectDBX Classes
 90
1153
 91
0
280
0
281
0
  0
CLASS
  1
SCALE
  2
AcDbScale
  3
ObjectDBX Classes
 90
1153
 91
0
280
0
281
0
  0
CLASS
  1
TABLESTYLE
  2
AcDbTableStyle
  3
ObjectDBX Classes
 90
4095
 91
0
280
0
281
0
  0
CLASS
  1
MLEADERSTYLE
  2
AcDbMLeaderStyle
  3
ACDB_MLEADERSTYLE_CLASS
 90
4095
 91
0
280
0
281
0
  0
CLASS
  1
DICTIONARYVAR
  2
AcDbDictionaryVar
  3
ObjectDBX Classes
 90
0
 91
0
280
0
281
0
  0
CLASS
  1
CELLSTYLEMAP
  2
AcDbCellStyleMap
  3
ObjectDBX Classes
 90
1152
 91
0
280
0
281
0
  0
CLASS
  1
MENTALRAYRENDERSETTINGS
  2
AcDbMentalRayRenderSettings
  3
SCENEOE
 90
1024
 91
0
280
0
281
0
  0
CLASS
  1
ACDBDETAILVIEWSTYLE
  2
AcDbDetailViewStyle
  3
ObjectDBX Classes
 90
1025
 91
0
280
0
281
0
  0
CLASS
  1
ACDBSECTIONVIEWSTYLE
  2
AcDbSectionViewStyle
  3
ObjectDBX Classes
 90
1025
 91
0
280
0
281
0
  0
CLASS
  1
RASTERVARIABLES
  2
AcDbRasterVariables
  3
ISM
 90
0
 91
0
280
0
281
0
  0
CLASS
  1
LAYOUT
  2
AcDbLayout
  3
ObjectDBX Classes
 90
0
 91
0
280
0
281
0
  0
CLASS
  1
ACDBPLACEHOLDER
  2
AcDbPlaceHolder
  3
ObjectDBX Classes
 90
0
 91
0
280
0
281
0
  0
ENDSEC
  0
SECTION
  2
TABLES
  0
TABLE
  2
VPORT
  5
8
330
0
100
AcDbSymbolTable
 70
1
  0
VPORT
  5
23
330
8
100
AcDbSymbolTableRecord
100
AcDbViewportTableRecord
  2
*Active
 70
0
 10
0.0
 20
0.0
 11
1.0
 21
1.0
 12
0.0
 22
0.0
 13
0.0
 23
0.0
 14
0.5
 24
0.5
 15
0.5
 25
0.5
 16
0.0
 26
0.0
 36
1.0
 17
0.0
 27
0.0
 37
0.0
 40
1000.0
 41
1.34
 42
50.0
 43
0.0
 44
0.0
 50
0.0
 51
0.0
 71
0
 72
1000
 73
1
 74
3
 75
0
 76
0
 77
0
 78
0
281
0
 65
0
146
0.0
  0
ENDTAB
  0
TABLE
  2
LTYPE
  5
2
330
0
100
AcDbSymbolTable
 70
21
  0
LTYPE
  5
24
330
2
100
AcDbSymbolTableRecord
100
AcDbLinetypeTableRecord
  2
ByBlock
 70
0
  3

 72
65
 73
0
 40
0.0
  0
LTYPE
  5
25
330
2
100
AcDbSymbolTableRecord
100
AcDbLinetypeTableRecord
  2
ByLayer
 70
0
  3

 72
65
 73
0
 40
0.0
  0
LTYPE
  5
26
330
2
100
AcDbSymbolTableRecord
100
AcDbLinetypeTableRecord
  2
Continuous
 70
0
  3

 72
65
 73
0
 40
0.0
  0
LTYPE
  5
2F
330
2
100
AcDbSymbolTableRecord
100
AcDbLinetypeTableRecord
  2
CENTER
 70
0
  3
Center ____ _ ____ _ ____ _ ____ _ ____ _ ____
 72
65
 73
4
 40
5.08
 49
3.175
 74
0
 49
-0.635
 74
0
 49
0.635
 74
0
 49
-0.635
 74
0
  0
LTYPE
  5
30
330
2
100
AcDbSymbolTableRecord
100
AcDbLinetypeTableRecord
  2
CENTERX2
 70
0
  3
Center (2x) ________  __  ________  __  ________
 72
65
 73
4
 40
8.89
 49
6.35
 74
0
 49
-0.635
 74
0
 49
1.27
 74
0
 49
-0.635
 74
0
  0
LTYPE
  5
31
330
2
100
AcDbSymbolTableRecord
100
AcDbLinetypeTableRecord
  2
CENTER2
 70
0
  3
Center (.5x) ____ _ ____ _ ____ _ ____ _ ____
 72
65
 73
4
 40
2.54
 49
1.587
 74
0
 49
-0.318
 74
0
 49
0.318
 74
0
 49
-0.318
 74
0
  0
LTYPE
  5
32
330
2
100
AcDbSymbolTableRecord
100
AcDbLinetypeTableRecord
  2
DASHED
 70
0
  3
Dashed __ __ __ __ __ __ __ __ __ __ __ __ __ _
 72
65
 73
2
 40
1.524
 49
1.27
 74
0
 49
-0.254
 74
0
  0
LTYPE
  5
33
330
2
100
AcDbSymbolTableRecord
100
AcDbLinetypeTableRecord
  2
DASHEDX2
 70
0
  3
Dashed (2x) ____  ____  ____  ____  ____  ____
 72
65
 73
2
 40
3.048
 49
2.54
 74
0
 49
-0.508
 74
0
  0
LTYPE
  5
34
330
2
100
AcDbSymbolTableRecord
100
AcDbLinetypeTableRecord
  2
DASHED2
 70
0
  3
Dashed (.5x) _ _ _ _ _ _ _ _ _ _ _ _ _ _
 72
65
 73
2
 40
0.762
 49
0.635
 74
0
 49
-0.127
 74
0
  0
LTYPE
  5
35
330
2
100
AcDbSymbolTableRecord
100
AcDbLinetypeTableRecord
  2
PHANTOM
 70
0
  3
Phantom ______  __  __  ______  __  __  ______
 72
65
 73
6
 40
6.35
 49
3.175
 74
0
 49
-0.635
 74
0
 49
0.635
 74
0
 49
-0.635
 74
0
 49
0.635
 74
0
 49
-0.635
 74
0
  0
LTYPE
  5
36
330
2
100
AcDbSymbolTableRecord
100
AcDbLinetypeTableRecord
  2
PHANTOMX2
 70
0
  3
Phantom (2x)____________    ____    ____    ____________
 72
65
 73
6
 40
10.795
 49
6.35
 74
0
 49
-0.635
 74
0
 49
1.27
 74
0
 49
-0.635
 74
0
 49
1.27
 74
0
 49
-0.635
 74
0
  0
LTYPE
  5
37
330
2
100
AcDbSymbolTableRecord
100
AcDbLinetypeTableRecord
  2
PHANTOM2
 70
0
  3
Phantom (.5x) ___ _ _ ___ _ _ ___ _ _ ___ _ _ ___
 72
65
 73
6
 40
3.175
 49
1.587
 74
0
 49
-0.318
 74
0
 49
0.318
 74
0
 49
-0.318
 74
0
 49
0.318
 74
0
 49
-0.318
 74
0
  0
LTYPE
  5
38
330
2
100
AcDbSymbolTableRecord
100
AcDbLinetypeTableRecord
  2
DASHDOT
 70
0
  3
Dash dot __ . __ . __ . __ . __ . __ . __ . __
 72
65
 73
4
 40
3.556
 49
2.54
 74
0
 49
-0.508
 74
0
 49
0.0
 74
0
 49
-0.508
 74
0
  0
LTYPE
  5
39
330
2
100
AcDbSymbolTableRecord
100
AcDbLinetypeTableRecord
  2
DASHDOTX2
 70
0
  3
Dash dot (2x) ____  .  ____  .  ____  .  ____
 72
65
 73
4
 40
6.096
 49
5.08
 74
0
 49
-0.508
 74
0
 49
0.0
 74
0
 49
-0.508
 74
0
  0
LTYPE
  5
3A
330
2
100
AcDbSymbolTableRecord
100
AcDbLinetypeTableRecord
  2
DASHDOT2
 70
0
  3
Dash dot (.5x) _ . _ . _ . _ . _ . _ . _ . _
 72
65
 73
4
 40
1.778
 49
1.27
 74
0
 49
-0.254
 74
0
 49
0.0
 74
0
 49
-0.254
 74
0
  0
LTYPE
  5
3B
330
2
100
AcDbSymbolTableRecord
100
AcDbLinetypeTableRecord
  2
DOT
 70
0
  3
Dot .  .  .  .  .  .  .  .  .  .  .  .  .  .  .  .
 72
65
 73
2
 40
0.508
 49
0.0
 74
0
 49
-0.508
 74
0
  0
LTYPE
  5
3C
330
2
100
AcDbSymbolTableRecord
100
AcDbLinetypeTableRecord
  2
DOTX2
 70
0
  3
Dot (2x) .    .    .    .    .    .    .    . 
 72
65
 73
2
 40
1.016
 49
0.0
 74
0
 49
-1.016
 74
0
  0
LTYPE
  5
3D
330
2
100
AcDbSymbolTableRecord
100
AcDbLinetypeTableRecord
  2
DOT2
 70
0
  3
Dot (.5) . . . . . . . . . . . . . . . . . . . 
 72
65
 73
2
 40
0.254
 49
0.0
 74
0
 49
-0.254
 74
0
  0
LTYPE
  5
3E
330
2
100
AcDbSymbolTableRecord
100
AcDbLinetypeTableRecord
  2
DIVIDE
 70
0
  3
Divide __ . . __ . . __ . . __ . . __ . . __
 72
65
 73
6
 40
4.064
 49
2.54
 74
0
 49
-0.508
 74
0
 49
0.0
 74
0
 49
-0.508
 74
0
 49
0.0
 74
0
 49
-0.508
 74
0
  0
LTYPE
  5
3F
330
2
100
AcDbSymbolTableRecord
100
AcDbLinetypeTableRecord
  2
DIVIDEX2
 70
0
  3
Divide (2x) ____  . .  ____  . .  ____  . .  ____
 72
65
 73
6
 40
6.604
 49
5.08
 74
0
 49
-0.508
 74
0
 49
0.0
 74
0
 49
-0.508
 74
0
 49
0.0
 74
0
 49
-0.508
 74
0
  0
LTYPE
  5
40
330
2
100
AcDbSymbolTableRecord
100
AcDbLinetypeTableRecord
  2
DIVIDE2
 70
0
  3
Divide(.5x) _ . _ . _ . _ . _ . _ . _ . _
 72
65
 73
6
 40
2.032
 49
1.27
 74
0
 49
-0.254
 74
0
 49
0.0
 74
0
 49
-0.254
 74
0
 49
0.0
 74
0
 49
-0.254
 74
0
  0
ENDTAB
  0
TABLE
  2
LAYER
  5
1
330
0
100
AcDbSymbolTable
 70
4
  0
LAYER
  5
27
330
1
100
AcDbSymbolTableRecord
100
AcDbLayerTableRecord
  2
0
 70
0
 62
7
  6
Continuous
370
-3
390
13
347
21
  0
LAYER
  5
28
330
1
100
AcDbSymbolTableRecord
100
AcDbLayerTableRecord
  2
Defpoints
 70
0
 62
7
  6
Continuous
290
0
370
-3
390
13
347
21
  0
LAYER
  5
8A
330
1
100
AcDbSymbolTableRecord
100
AcDbLayerTableRecord
  2
KESIM
 70
0
 62
1
  6
Continuous
370
-3
390
13
347
21
  0
LAYER
  5
8B
330
1
100
AcDbSymbolTableRecord
100
AcDbLayerTableRecord
  2
ALTIN
 70
0
 62
2
  6
Continuous
370
-3
390
13
347
21
  0
ENDTAB
  0
TABLE
  2
STYLE
  5
5
330
0
100
AcDbSymbolTable
 70
26
  0
STYLE
  5
29
330
5
100
AcDbSymbolTableRecord
100
AcDbTextStyleTableRecord
  2
Standard
 70
0
 40
0.0
 41
1.0
 50
0.0
 71
0
 42
2.5
  3
txt
  4

  0
STYLE
  5
41
330
5
100
AcDbSymbolTableRecord
100
AcDbTextStyleTableRecord
  2
OpenSans-Light
 70
0
 40
0.0
 41
1.0
 50
0.0
 71
0
 42
2.5
  3
OpenSans-Light.ttf
  4

  0
STYLE
  5
42
330
5
100
AcDbSymbolTableRecord
100
AcDbTextStyleTableRecord
  2
OpenSans-Light-Italic
 70
0
 40
0.0
 41
1.0
 50
0.0
 71
0
 42
2.5
  3
OpenSans-LightItalic.ttf
  4

  0
STYLE
  5
43
330
5
100
AcDbSymbolTableRecord
100
AcDbTextStyleTableRecord
  2
OpenSans
 70
0
 40
0.0
 41
1.0
 50
0.0
 71
0
 42
2.5
  3
OpenSans-Regular.ttf
  4

  0
STYLE
  5
44
330
5
100
AcDbSymbolTableRecord
100
AcDbTextStyleTableRecord
  2
OpenSans-Italic
 70
0
 40
0.0
 41
1.0
 50
0.0
 71
0
 42
2.5
  3
OpenSans-Italic.ttf
  4

  0
STYLE
  5
45
330
5
100
AcDbSymbolTableRecord
100
AcDbTextStyleTableRecord
  2
OpenSans-SemiBold
 70
0
 40
0.0
 41
1.0
 50
0.0
 71
0
 42
2.5
  3
OpenSans-SemiBold.ttf
  4

  0
STYLE
  5
46
330
5
100
AcDbSymbolTableRecord
100
AcDbTextStyleTableRecord
  2
OpenSans-SemiBoldItalic
 70
0
 40
0.0
 41
1.0
 50
0.0
 71
0
 42
2.5
  3
OpenSans-SemiBoldItalic.ttf
  4

  0
STYLE
  5
47
330
5
100
AcDbSymbolTableRecord
100
AcDbTextStyleTableRecord
  2
OpenSans-Bold
 70
0
 40
0.0
 41
1.0
 50
0.0
 71
0
 42
2.5
  3
OpenSans-Bold.ttf
  4

  0
STYLE
  5
48
330
5
100
AcDbSymbolTableRecord
100
AcDbTextStyleTableRecord
  2
OpenSans-BoldItalic
 70
0
 40
0.0
 41
1.0
 50
0.0
 71
0
 42
2.5
  3
OpenSans-BoldItalic.ttf
  4

  0
STYLE
  5
49
330
5
100
AcDbSymbolTableRecord
100
AcDbTextStyleTableRecord
  2
OpenSans-ExtraBold
 70
0
 40
0.0
 41
1.0
 50
0.0
 71
0
 42
2.5
  3
OpenSans-ExtraBold.ttf
  4

  0
STYLE
  5
4A
330
5
100
AcDbSymbolTableRecord
100
AcDbTextStyleTableRecord
  2
OpenSans-ExtraBoldItalic
 70
0
 40
0.0
 41
1.0
 50
0.0
 71
0
 42
2.5
  3
OpenSans-ExtraBoldItalic.ttf
  4

  0
STYLE
  5
4B
330
5
100
AcDbSymbolTableRecord
100
AcDbTextStyleTableRecord
  2
OpenSansCondensed-Bold
 70
0
 40
0.0
 41
1.0
 50
0.0
 71
0
 42
2.5
  3
OpenSansCondensed-Bold.ttf
  4

  0
STYLE
  5
4C
330
5
100
AcDbSymbolTableRecord
100
AcDbTextStyleTableRecord
  2
OpenSansCondensed-Light
 70
0
 40
0.0
 41
1.0
 50
0.0
 71
0
 42
2.5
  3
OpenSansCondensed-Light.ttf
  4

  0
STYLE
  5
4D
330
5
100
AcDbSymbolTableRecord
100
AcDbTextStyleTableRecord
  2
OpenSansCondensed-Italic
 70
0
 40
0.0
 41
1.0
 50
0.0
 71
0
 42
2.5
  3
OpenSansCondensed-LightItalic.ttf
  4

  0
STYLE
  5
4E
330
5
100
AcDbSymbolTableRecord
100
AcDbTextStyleTableRecord
  2
LiberationSans
 70
0
 40
0.0
 41
1.0
 50
0.0
 71
0
 42
2.5
  3
LiberationSans-Regular.ttf
  4

  0
STYLE
  5
4F
330
5
100
AcDbSymbolTableRecord
100
AcDbTextStyleTableRecord
  2
LiberationSans-Bold
 70
0
 40
0.0
 41
1.0
 50
0.0
 71
0
 42
2.5
  3
LiberationSans-Bold.ttf
  4

  0
STYLE
  5
50
330
5
100
AcDbSymbolTableRecord
100
AcDbTextStyleTableRecord
  2
LiberationSans-BoldItalic
 70
0
 40
0.0
 41
1.0
 50
0.0
 71
0
 42
2.5
  3
LiberationSans-BoldItalic.ttf
  4

  0
STYLE
  5
51
330
5
100
AcDbSymbolTableRecord
100
AcDbTextStyleTableRecord
  2
LiberationSans-Italic
 70
0
 40
0.0
 41
1.0
 50
0.0
 71
0
 42
2.5
  3
LiberationSans-Italic.ttf
  4

  0
STYLE
  5
52
330
5
100
AcDbSymbolTableRecord
100
AcDbTextStyleTableRecord
  2
LiberationSerif
 70
0
 40
0.0
 41
1.0
 50
0.0
 71
0
 42
2.5
  3
LiberationSerif-Regular.ttf
  4

  0
STYLE
  5
53
330
5
100
AcDbSymbolTableRecord
100
AcDbTextStyleTableRecord
  2
LiberationSerif-Bold
 70
0
 40
0.0
 41
1.0
 50
0.0
 71
0
 42
2.5
  3
LiberationSerif-Bold.ttf
  4

  0
STYLE
  5
54
330
5
100
AcDbSymbolTableRecord
100
AcDbTextStyleTableRecord
  2
LiberationSerif-BoldItalic
 70
0
 40
0.0
 41
1.0
 50
0.0
 71
0
 42
2.5
  3
LiberationSerif-BoldItalic.ttf
  4

  0
STYLE
  5
55
330
5
100
AcDbSymbolTableRecord
100
AcDbTextStyleTableRecord
  2
LiberationSerif-Italic
 70
0
 40
0.0
 41
1.0
 50
0.0
 71
0
 42
2.5
  3
LiberationSerif-Italic.ttf
  4

  0
STYLE
  5
56
330
5
100
AcDbSymbolTableRecord
100
AcDbTextStyleTableRecord
  2
LiberationMono
 70
0
 40
0.0
 41
1.0
 50
0.0
 71
0
 42
2.5
  3
LiberationMono-Regular.ttf
  4

  0
STYLE
  5
57
330
5
100
AcDbSymbolTableRecord
100
AcDbTextStyleTableRecord
  2
LiberationMono-Bold
 70
0
 40
0.0
 41
1.0
 50
0.0
 71
0
 42
2.5
  3
LiberationMono-Bold.ttf
  4

  0
STYLE
  5
58
330
5
100
AcDbSymbolTableRecord
100
AcDbTextStyleTableRecord
  2
LiberationMono-BoldItalic
 70
0
 40
0.0
 41
1.0
 50
0.0
 71
0
 42
2.5
  3
LiberationMono-BoldItalic.ttf
  4

  0
STYLE
  5
59
330
5
100
AcDbSymbolTableRecord
100
AcDbTextStyleTableRecord
  2
LiberationMono-Italic
 70
0
 40
0.0
 41
1.0
 50
0.0
 71
0
 42
2.5
  3
LiberationMono-Italic.ttf
  4

  0
ENDTAB
  0
TABLE
  2
VIEW
  5
7
330
0
100
AcDbSymbolTable
 70
0
  0
ENDTAB
  0
TABLE
  2
UCS
  5
6
330
0
100
AcDbSymbolTable
 70
0
  0
ENDTAB
  0
TABLE
  2
APPID
  5
3
330
0
100
AcDbSymbolTable
 70
3
  0
APPID
  5
2A
330
3
100
AcDbSymbolTableRecord
100
AcDbRegAppTableRecord
  2
ACAD
 70
0
  0
APPID
  5
BB
330
3
100
AcDbSymbolTableRecord
100
AcDbRegAppTableRecord
  2
HATCHBACKGROUNDCOLOR
 70
0
  0
APPID
  5
BC
330
3
100
AcDbSymbolTableRecord
100
AcDbRegAppTableRecord
  2
EZDXF
 70
0
  0
ENDTAB
  0
TABLE
  2
DIMSTYLE
  5
4
330
0
100
AcDbSymbolTable
 70
12
100
AcDbDimStyleTable
  0
DIMSTYLE
105
2B
330
4
100
AcDbSymbolTableRecord
100
AcDbDimStyleTableRecord
  2
Standard
 70
0
 40
1.0
 41
2.5
 42
0.625
 43
3.75
 44
1.25
 45
0.0
 46
0.0
 47
0.0
 48
0.0
 49
2.5
140
2.5
141
2.5
142
0.0
143
0.03937007874
144
1.0
145
0.0
146
1.0
147
0.625
148
0.0
 69
0
 70
0
 71
0
 72
0
 73
0
 74
0
 75
0
 76
0
 77
1
 78
8
 79
3
170
0
171
3
172
1
173
0
174
0
175
0
176
0
177
0
178
0
179
2
271
2
272
2
273
2
274
3
275
0
276
0
277
2
278
44
279
0
280
0
281
0
282
0
283
0
284
8
285
0
286
0
288
0
289
3
290
0
371
-2
372
-2
  0
DIMSTYLE
105
73
330
4
100
AcDbSymbolTableRecord
100
AcDbDimStyleTableRecord
  2
EZDXF
 70
0
 40
1.0
 41
0.175
 42
0.125
 43
3.75
 44
0.375
 45
0.0
 46
0.0
 47
0.0
 48
0.0
 49
2.5
140
0.25
141
2.5
142
0.0
143
0.03937007874
144
100.0
145
0.0
146
0.5
147
0.1
148
0.0
 69
0
 70
0
 71
0
 72
0
 73
0
 74
0
 75
0
 76
0
 77
1
 78
12
 79
3
170
0
171
3
172
1
173
0
174
0
175
0
176
0
177
0
178
0
179
2
271
2
272
2
273
2
274
3
275
0
276
0
277
2
278
46
279
2
280
0
281
0
282
0
283
0
284
8
285
0
286
0
288
1
289
3
290
0
340
4C
342
74
371
-2
372
-2
  0
DIMSTYLE
105
7C
330
4
100
AcDbSymbolTableRecord
100
AcDbDimStyleTableRecord
  2
EZ_M_100_H25_CM
 70
0
 40
1.0
 41
0.25
 42
0.125
 43
3.75
 44
0.375
 45
0.0
 46
0.0
 47
0.0
 48
0.0
 49
2.5
140
0.25
141
2.5
142
0.125
143
0.03937007874
144
100.0
145
0.0
146
0.5
147
0.1
148
0.0
 69
0
 70
0
 71
0
 72
0
 73
0
 74
0
 75
0
 76
0
 77
1
 78
12
 79
3
170
0
171
3
172
1
173
0
174
0
175
0
176
0
177
0
178
0
179
2
271
2
272
2
273
2
274
3
275
0
276
0
277
2
278
46
279
2
280
0
281
0
282
0
283
0
284
8
285
0
286
0
288
1
289
3
290
0
340
4C
371
-2
372
-2
  0
DIMSTYLE
105
7D
330
4
100
AcDbSymbolTableRecord
100
AcDbDimStyleTableRecord
  2
EZ_M_50_H25_CM
 70
0
 40
1.0
 41
0.125
 42
0.0625
 43
3.75
 44
0.1875
 45
0.0
 46
0.0
 47
0.0
 48
0.0
 49
2.5
140
0.125
141
2.5
142
0.0625
143
0.03937007874
144
100.0
145
0.0
146
0.5
147
0.05
148
0.0
 69
0
 70
0
 71
0
 72
0
 73
0
 74
0
 75
0
 76
0
 77
1
 78
12
 79
3
170
0
171
3
172
1
173
0
174
0
175
0
176
0
177
0
178
0
179
2
271
2
272
2
273
2
274
3
275
0
276
0
277
2
278
46
279
2
280
0
281
0
282
0
283
0
284
8
285
0
286
0
288
1
289
3
290
0
340
4C
371
-2
372
-2
  0
DIMSTYLE
105
7E
330
4
100
AcDbSymbolTableRecord
100
AcDbDimStyleTableRecord
  2
EZ_M_25_H25_CM
 70
0
 40
1.0
 41
0.0625
 42
0.03125
 43
3.75
 44
0.09375
 45
0.0
 46
0.0
 47
0.0
 48
0.0
 49
2.5
140
0.0625
141
2.5
142
0.03125
143
0.03937007874
144
100.0
145
0.0
146
0.5
147
0.025
148
0.0
 69
0
 70
0
 71
0
 72
0
 73
0
 74
0
 75
0
 76
0
 77
1
 78
12
 79
3
170
0
171
3
172
1
173
0
174
0
175
0
176
0
177
0
178
0
179
2
271
2
272
2
273
2
274
3
275
0
276
0
277
2
278
46
279
2
280
0
281
0
282
0
283
0
284
8
285
0
286
0
288
1
289
3
290
0
340
4C
371
-2
372
-2
  0
DIMSTYLE
105
7F
330
4
100
AcDbSymbolTableRecord
100
AcDbDimStyleTableRecord
  2
EZ_M_20_H25_CM
 70
0
 40
1.0
 41
0.05
 42
0.025
 43
3.75
 44
0.07500000000000001
 45
0.0
 46
0.0
 47
0.0
 48
0.0
 49
2.5
140
0.05
141
2.5
142
0.025
143
0.03937007874
144
100.0
145
0.0
146
0.5
147
0.020000000000000004
148
0.0
 69
0
 70
0
 71
0
 72
0
 73
0
 74
0
 75
0
 76
0
 77
1
 78
12
 79
3
170
0
171
3
172
1
173
0
174
0
175
0
176
0
177
0
178
0
179
2
271
2
272
2
273
2
274
3
275
0
276
0
277
2
278
46
279
2
280
0
281
0
282
0
283
0
284
8
285
0
286
0
288
1
289
3
290
0
340
4C
371
-2
372
-2
  0
DIMSTYLE
105
80
330
4
100
AcDbSymbolTableRecord
100
AcDbDimStyleTableRecord
  2
EZ_M_10_H25_CM
 70
0
 40
1.0
 41
0.025
 42
0.0125
 43
3.75
 44
0.037500000000000006
 45
0.0
 46
0.0
 47
0.0
 48
0.0
 49
2.5
140
0.025
141
2.5
142
0.0125
143
0.03937007874
144
100.0
145
0.0
146
0.5
147
0.010000000000000002
148
0.0
 69
0
 70
0
 71
0
 72
0
 73
0
 74
0
 75
0
 76
0
 77
1
 78
12
 79
3
170
0
171
3
172
1
173
0
174
0
175
0
176
0
177
0
178
0
179
2
271
2
272
2
273
2
274
3
275
0
276
0
277
2
278
46
279
2
280
0
281
0
282
0
283
0
284
8
285
0
286
0
288
1
289
3
290
0
340
4C
371
-2
372
-2
  0
DIMSTYLE
105
81
330
4
100
AcDbSymbolTableRecord
100
AcDbDimStyleTableRecord
  2
EZ_M_5_H25_CM
 70
0
 40
1.0
 41
0.0125
 42
0.00625
 43
3.75
 44
0.018750000000000003
 45
0.0
 46
0.0
 47
0.0
 48
0.0
 49
2.5
140
0.0125
141
2.5
142
0.00625
143
0.03937007874
144
100.0
145
0.0
146
0.5
147
0.005000000000000001
148
0.0
 69
0
 70
0
 71
0
 72
0
 73
0
 74
0
 75
0
 76
0
 77
1
 78
12
 79
3
170
0
171
3
172
1
173
0
174
0
175
0
176
0
177
0
178
0
179
2
271
2
272
2
273
2
274
3
275
0
276
0
277
2
278
46
279
2
280
0
281
0
282
0
283
0
284
8
285
0
286
0
288
1
289
3
290
0
340
4C
371
-2
372
-2
  0
DIMSTYLE
105
82
330
4
100
AcDbSymbolTableRecord
100
AcDbDimStyleTableRecord
  2
EZ_M_1_H25_CM
 70
0
 40
1.0
 41
0.0025
 42
0.00125
 43
3.75
 44
0.00375
 45
0.0
 46
0.0
 47
0.0
 48
0.0
 49
2.5
140
0.0025
141
2.5
142
0.00125
143
0.03937007874
144
100.0
145
0.0
146
0.5
147
0.001
148
0.0
 69
0
 70
0
 71
0
 72
0
 73
0
 74
0
 75
0
 76
0
 77
1
 78
12
 79
3
170
0
171
3
172
1
173
0
174
0
175
0
176
0
177
0
178
0
179
2
271
2
272
2
273
2
274
3
275
0
276
0
277
2
278
46
279
2
280
0
281
0
282
0
283
0
284
8
285
0
286
0
288
1
289
3
290
0
340
4C
371
-2
372
-2
  0
DIMSTYLE
105
83
330
4
100
AcDbSymbolTableRecord
100
AcDbDimStyleTableRecord
  2
EZ_RADIUS
 70
0
 40
1.0
 41
0.25
 42
0.125
 43
3.75
 44
0.375
 45
0.0
 46
0.0
 47
0.0
 48
0.0
 49
2.5
140
0.25
141
0.0
142
0.0
143
0.03937007874
144
100.0
145
0.0
146
0.5
147
0.1
148
0.0
 69
0
 70
0
 71
0
 72
0
 73
0
 74
0
 75
0
 76
0
 77
1
 78
12
 79
3
170
0
171
3
172
0
173
0
174
0
175
0
176
0
177
0
178
0
179
2
271
2
272
2
273
2
274
3
275
0
276
0
277
2
278
46
279
1
280
0
281
0
282
0
283
0
284
8
285
0
286
0
288
1
289
3
290
0
340
4C
342
84
371
-2
372
-2
  0
DIMSTYLE
105
88
330
4
100
AcDbSymbolTableRecord
100
AcDbDimStyleTableRecord
  2
EZ_RADIUS_INSIDE
 70
0
 40
1.0
 41
0.25
 42
0.125
 43
3.75
 44
0.375
 45
0.0
 46
0.0
 47
0.0
 48
0.0
 49
2.5
140
0.25
141
0.0
142
0.0
143
0.03937007874
144
100.0
145
0.0
146
0.5
147
0.1
148
0.0
 69
0
 70
0
 71
0
 72
0
 73
0
 74
0
 75
0
 76
0
 77
0
 78
12
 79
3
170
0
171
3
172
0
173
0
174
1
175
0
176
0
177
0
178
0
179
2
271
2
272
2
273
2
274
3
275
0
276
0
277
2
278
46
279
0
280
0
281
0
282
0
283
0
284
8
285
0
286
0
288
1
289
0
290
0
340
4C
342
84
371
-2
372
-2
  0
DIMSTYLE
105
89
330
4
100
AcDbSymbolTableRecord
100
AcDbDimStyleTableRecord
  2
EZ_CURVED
 70
0
 40
1.0
 41
0.25
 42
0.125
 43
3.75
 44
0.375
 45
0.0
 46
0.0
 47
0.0
 48
0.0
 49
2.5
140
0.25
141
2.5
142
0.0
143
0.03937007874
144
100.0
145
0.0
146
0.5
147
0.1
148
0.0
 69
0
 70
0
 71
0
 72
0
 73
0
 74
0
 75
0
 76
0
 77
1
 78
12
 79
2
 90
2
170
0
171
3
172
1
173
0
174
0
175
0
176
0
177
0
178
0
179
2
271
2
272
2
273
2
274
3
275
0
276
0
277
2
278
46
279
2
280
0
281
0
282
0
283
0
284
8
285
0
286
0
288
1
289
3
290
0
340
4C
371
-2
372
-2
  0
ENDTAB
  0
TABLE
  2
BLOCK_RECORD
  5
9
330
0
100
AcDbSymbolTable
 70
5
  0
BLOCK_RECORD
  5
17
330
9
100
AcDbSymbolTableRecord
100
AcDbBlockTableRecord
  2
*Model_Space
340
1A
 70
0
280
1
281
0
  0
BLOCK_RECORD
  5
1B
330
9
100
AcDbSymbolTableRecord
100
AcDbBlockTableRecord
  2
*Paper_Space
340
1E
 70
0
280
1
281
0
  0
BLOCK_RECORD
  5
74
330
9
100
AcDbSymbolTableRecord
100
AcDbBlockTableRecord
  2
_ARCHTICK
340
0
 70
0
280
1
281
0
  0
BLOCK_RECORD
  5
78
330
9
100
AcDbSymbolTableRecord
100
AcDbBlockTableRecord
  2
_CLOSEDFILLED
340
0
 70
0
280
1
281
0
  0
BLOCK_RECORD
  5
84
330
9
100
AcDbSymbolTableRecord
100
AcDbBlockTableRecord
  2
_CLOSEDBLANK
340
0
 70
0
280
1
281
0
  0
ENDTAB
  0
ENDSEC
  0
SECTION
  2
BLOCKS
  0
BLOCK
  5
18
330
17
100
AcDbEntity
  8
0
100
AcDbBlockBegin
  2
*Model_Space
 70
0
 10
0.0
 20
0.0
 30
0.0
  3
*Model_Space
  1

  0
ENDBLK
  5
19
330
17
100
AcDbEntity
  8
0
100
AcDbBlockEnd
  0
BLOCK
  5
1C
330
1B
100
AcDbEntity
  8
0
100
AcDbBlockBegin
  2
*Paper_Space
 70
0
 10
0.0
 20
0.0
 30
0.0
  3
*Paper_Space
  1

  0
ENDBLK
  5
1D
330
1B
100
AcDbEntity
  8
0
100
AcDbBlockEnd
  0
BLOCK
  5
75
330
74
100
AcDbEntity
  8
0
100
AcDbBlockBegin
  2
_ARCHTICK
 70
0
 10
0.0
 20
0.0
 30
0.0
  3
_ARCHTICK
  1

  0
LWPOLYLINE
  5
77
330
74
100
AcDbEntity
  8
0
  6
BYBLOCK
 62
0
100
AcDbPolyline
 90
2
 70
0
 43
0.15
 10
-0.5
 20
-0.5
 10
0.5
 20
0.5
  0
ENDBLK
  5
76
330
74
100
AcDbEntity
  8
0
100
AcDbBlockEnd
  0
BLOCK
  5
79
330
78
100
AcDbEntity
  8
0
100
AcDbBlockBegin
  2
_CLOSEDFILLED
 70
0
 10
0.0
 20
0.0
 30
0.0
  3
_CLOSEDFILLED
  1

  0
SOLID
  5
7B
330
78
100
AcDbEntity
  8
0
  6
BYBLOCK
 62
0
100
AcDbTrace
 10
-1.0
 20
0.16439898372402537
 30
0.0
 11
0.0
 21
0.0
 31
0.0
 12
-1.0
 22
-0.16439898372402537
 32
0.0
 13
-1.0
 23
-0.16439898372402537
 33
0.0
  0
ENDBLK
  5
7A
330
78
100
AcDbEntity
  8
0
100
AcDbBlockEnd
  0
BLOCK
  5
85
330
84
100
AcDbEntity
  8
0
100
AcDbBlockBegin
  2
_CLOSEDBLANK
 70
0
 10
0.0
 20
0.0
 30
0.0
  3
_CLOSEDBLANK
  1

  0
LWPOLYLINE
  5
87
330
84
100
AcDbEntity
  8
0
  6
BYBLOCK
 62
0
100
AcDbPolyline
 90
3
 70
1
 10
-1.0
 20
0.16439898372402537
 10
0.0
 20
0.0
 10
-1.0
 20
-0.16439898372402537
  0
ENDBLK
  5
86
330
84
100
AcDbEntity
  8
0
100
AcDbBlockEnd
  0
ENDSEC
  0
SECTION
  2
ENTITIES
  0
CIRCLE
  5
8C
330
17
100
AcDbEntity
  8
KESIM
100
AcDbCircle
 10
0.0
 20
0.0
 30
0.0
 40
14.25
  0
CIRCLE
  5
8D
330
17
100
AcDbEntity
  8
KESIM
100
AcDbCircle
 10
-9.541305298704166e-18
 20
2.8009414288037575e-17
 30
0.0
 40
1.0499950585000548
  0
LWPOLYLINE
  5
8E
330
17
100
AcDbEntity
  8
ALTIN
100
AcDbPolyline
 90
6
 70
1
 10
-5.6348
 20
-9.7616
 10
-5.1222
 20
-8.7097
 10
-5.7419
 20
-8.7097
 10
-5.7419
 20
-8.5116
 10
-4.8081
 20
-8.5116
 10
-5.4099
 20
-9.7616
  0
LWPOLYLINE
  5
8F
330
17
100
AcDbEntity
  8
ALTIN
100
AcDbPolyline
 90
52
 70
1
 10
-9.5051
 20
-5.0265
 10
-9.5124
 20
-4.9527
 10
-9.4999
 20
-4.8623
 10
-9.4625
 20
-4.7839
 10
-9.4036
 20
-4.7193
 10
-9.3269
 20
-4.6698
 10
-9.2367
 20
-4.6382
 10
-9.1374
 20
-4.6277
 10
-9.0373
 20
-4.6382
 10
-8.9474
 20
-4.6698
 10
-8.8711
 20
-4.7193
 10
-8.8118
 20
-4.7839
 10
-8.7735
 20
-4.8623
 10
-8.7607
 20
-4.9527
 10
-8.7681
 20
-5.0265
 10
-8.7903
 20
-5.0911
 10
-8.8253
 20
-5.1462
 10
-8.8715
 20
-5.1919
 10
-8.9274
 20
-5.228
 10
-8.9473
 20
-5.2361
 10
-8.9127
 20
-5.2495
 10
-8.8483
 20
-5.2892
 10
-8.7938
 20
-5.3404
 10
-8.7518
 20
-5.4028
 10
-8.725
 20
-5.4764
 10
-8.7161
 20
-5.5616
 10
-8.7244
 20
-5.6369
 10
-8.7493
 20
-5.7055
 10
-8.7885
 20
-5.7666
 10
-8.8403
 20
-5.8196
 10
-8.9028
 20
-5.8632
 10
-8.9742
 20
-5.8955
 10
-9.0529
 20
-5.9156
 10
-9.1374
 20
-5.9223
 10
-9.2208
 20
-5.9156
 10
-9.2992
 20
-5.8955
 10
-9.3707
 20
-5.8632
 10
-9.4332
 20
-5.8196
 10
-9.4849
 20
-5.7666
 10
-9.5241
 20
-5.7055
 10
-9.5488
 20
-5.6369
 10
-9.557
 20
-5.5616
 10
-9.5481
 20
-5.4764
 10
-9.5213
 20
-5.4028
 10
-9.4794
 20
-5.3404
 10
-9.4251
 20
-5.2892
 10
-9.3608
 20
-5.2495
 10
-9.3265
 20
-5.236
 10
-9.346
 20
-5.228
 10
-9.4019
 20
-5.1919
 10
-9.448
 20
-5.1462
 10
-9.4831
 20
-5.0911
  0
LWPOLYLINE
  5
90
330
17
100
AcDbEntity
  8
ALTIN
100
AcDbPolyline
 90
24
 70
1
 10
-8.9884
 20
-5.6885
 10
-8.9535
 20
-5.6475
 10
-8.9307
 20
-5.5956
 10
-8.9231
 20
-5.5331
 10
-8.9307
 20
-5.4767
 10
-8.9535
 20
-5.4259
 10
-8.9884
 20
-5.3828
 10
-9.0322
 20
-5.3501
 10
-9.0826
 20
-5.3291
 10
-9.1374
 20
-5.3222
 10
-9.1913
 20
-5.3291
 10
-9.242
 20
-5.3501
 10
-9.2863
 20
-5.3828
 10
-9.3207
 20
-5.4259
 10
-9.3427
 20
-5.4767
 10
-9.35
 20
-5.5331
 10
-9.3427
 20
-5.5956
 10
-9.3207
 20
-5.6475
 10
-9.2863
 20
-5.6885
 10
-9.242
 20
-5.7189
 10
-9.1913
 20
-5.7375
 10
-9.1374
 20
-5.7437
 10
-9.0826
 20
-5.7375
 10
-9.0322
 20
-5.7189
  0
LWPOLYLINE
  5
91
330
17
100
AcDbEntity
  8
ALTIN
100
AcDbPolyline
 90
24
 70
1
 10
-9.0131
 20
-5.1019
 10
-8.9851
 20
-5.0669
 10
-8.9669
 20
-5.024
 10
-8.9608
 20
-4.9739
 10
-8.9666
 20
-4.925
 10
-8.9839
 20
-4.8813
 10
-9.0109
 20
-4.8448
 10
-9.0456
 20
-4.8177
 10
-9.0877
 20
-4.8009
 10
-9.1374
 20
-4.7954
 10
-9.1851
 20
-4.8009
 10
-9.2278
 20
-4.8177
 10
-9.2635
 20
-4.8448
 10
-9.2903
 20
-4.8813
 10
-9.307
 20
-4.925
 10
-9.3126
 20
-4.9739
 10
-9.3066
 20
-5.024
 10
-9.2886
 20
-5.0669
 10
-9.2604
 20
-5.1019
 10
-9.2242
 20
-5.1285
 10
-9.1824
 20
-5.1453
 10
-9.1374
 20
-5.1508
 10
-9.0914
 20
-5.1453
 10
-9.0492
 20
-5.1285
  0
LWPOLYLINE
  5
92
330
17
100
AcDbEntity
  8
ALTIN
100
AcDbPolyline
 90
30
 70
1
 10
-10.9786
 20
0.0269
 10
-11.0014
 20
0.1055
 10
-11.009
 20
0.1913
 10
-10.9936
 20
0.3205
 10
-10.9473
 20
0.4295
 10
-10.8752
 20
0.5172
 10
-10.7821
 20
0.5822
 10
-10.6723
 20
0.6223
 10
-10.55
 20
0.6357
 10
-10.4277
 20
0.6223
 10
-10.3179
 20
0.5822
 10
-10.2248
 20
0.5172
 10
-10.1527
 20
0.4295
 10
-10.1064
 20
0.3205
 10
-10.091
 20
0.1913
 10
-10.0986
 20
0.1072
 10
-10.1214
 20
0.0303
 10
-10.1554
 20
-0.0397
 10
-10.1965
 20
-0.1034
 10
-10.5946
 20
-0.6357
 10
-10.8625
 20
-0.6357
 10
-10.503
 20
-0.1905
 10
-10.5224
 20
-0.1999
 10
-10.5736
 20
-0.2106
 10
-10.6323
 20
-0.2141
 10
-10.7051
 20
-0.207
 10
-10.7741
 20
-0.1857
 10
-10.8377
 20
-0.1505
 10
-10.8946
 20
-0.1025
 10
-10.9424
 20
-0.043
  0
LWPOLYLINE
  5
93
330
17
100
AcDbEntity
  8
ALTIN
100
AcDbPolyline
 90
24
 70
1
 10
-10.7937
 20
0.2633
 10
-10.802
 20
0.1913
 10
-10.7937
 20
0.1188
 10
-10.769
 20
0.0554
 10
-10.7298
 20
0.0027
 10
-10.6786
 20
-0.0375
 10
-10.6179
 20
-0.0628
 10
-10.55
 20
-0.0713
 10
-10.4822
 20
-0.0628
 10
-10.4217
 20
-0.0375
 10
-10.3705
 20
0.0027
 10
-10.3315
 20
0.0554
 10
-10.3066
 20
0.1188
 10
-10.2983
 20
0.1913
 10
-10.3066
 20
0.2633
 10
-10.3315
 20
0.326
 10
-10.3705
 20
0.3778
 10
-10.4217
 20
0.417
 10
-10.4822
 20
0.4419
 10
-10.55
 20
0.4502
 10
-10.6179
 20
0.4419
 10
-10.6786
 20
0.417
 10
-10.7298
 20
0.3778
 10
-10.769
 20
0.326
  0
LWPOLYLINE
  5
94
330
17
100
AcDbEntity
  8
ALTIN
100
AcDbPolyline
 90
24
 70
1
 10
-8.3883
 20
5.275
 10
-8.4035
 20
5.0928
 10
-8.4491
 20
4.9357
 10
-8.5218
 20
4.8072
 10
-8.6188
 20
4.7108
 10
-8.737
 20
4.6506
 10
-8.8741
 20
4.6305
 10
-9.0099
 20
4.6506
 10
-9.1285
 20
4.7108
 10
-9.2262
 20
4.8072
 10
-9.2998
 20
4.9357
 10
-9.3461
 20
5.0928
 10
-9.3615
 20
5.275
 10
-9.3461
 20
5.4572
 10
-9.2998
 20
5.6143
 10
-9.2262
 20
5.7428
 10
-9.1285
 20
5.8392
 10
-9.0099
 20
5.8994
 10
-8.8741
 20
5.9195
 10
-8.737
 20
5.8994
 10
-8.6188
 20
5.8392
 10
-8.5218
 20
5.7428
 10
-8.4491
 20
5.6143
 10
-8.4035
 20
5.4572
  0
LWPOLYLINE
  5
95
330
17
100
AcDbEntity
  8
ALTIN
100
AcDbPolyline
 90
32
 70
1
 10
-8.6715
 20
4.9463
 10
-8.639
 20
5.0129
 10
-8.6151
 20
5.0911
 10
-8.6003
 20
5.1791
 10
-8.5953
 20
5.275
 10
-8.6003
 20
5.3709
 10
-8.6151
 20
5.4589
 10
-8.639
 20
5.537
 10
-8.6715
 20
5.6034
 10
-8.7116
 20
5.6573
 10
-8.7588
 20
5.6972
 10
-8.813
 20
5.7221
 10
-8.8741
 20
5.7304
 10
-8.9352
 20
5.7221
 10
-8.9901
 20
5.6972
 10
-9.0381
 20
5.6573
 10
-9.0786
 20
5.6034
 10
-9.111
 20
5.537
 10
-9.1349
 20
5.4589
 10
-9.1496
 20
5.3709
 10
-9.1545
 20
5.275
 10
-9.1496
 20
5.1791
 10
-9.1349
 20
5.0911
 10
-9.111
 20
5.0129
 10
-9.0786
 20
4.9463
 10
-9.0381
 20
4.8926
 10
-8.9901
 20
4.8526
 10
-8.9352
 20
4.8279
 10
-8.8741
 20
4.8196
 10
-8.813
 20
4.8279
 10
-8.7588
 20
4.8526
 10
-8.7116
 20
4.8926
  0
LWPOLYLINE
  5
96
330
17
100
AcDbEntity
  8
ALTIN
100
AcDbPolyline
 90
6
 70
1
 10
-9.5938
 20
4.65
 10
-9.5938
 20
5.6874
 10
-9.8848
 20
5.607
 10
-9.8848
 20
5.8071
 10
-9.3865
 20
5.9195
 10
-9.3865
 20
4.65
  0
LWPOLYLINE
  5
97
330
17
100
AcDbEntity
  8
ALTIN
100
AcDbPolyline
 90
6
 70
1
 10
-5.4948
 20
9.5392
 10
-5.7858
 20
9.4588
 10
-5.7858
 20
9.6589
 10
-5.2875
 20
9.7713
 10
-5.2875
 20
8.5018
 10
-5.4948
 20
8.5018
  0
LWPOLYLINE
  5
98
330
17
100
AcDbEntity
  8
ALTIN
100
AcDbPolyline
 90
30
 70
1
 10
0.459
 20
-10.7421
 10
0.4436
 20
-10.8701
 10
0.3973
 20
-10.9795
 10
0.3252
 20
-11.0676
 10
0.2321
 20
-11.1322
 10
0.1223
 20
-11.1717
 10
0.0
 20
-11.1849
 10
-0.1223
 20
-11.1717
 10
-0.2321
 20
-11.1322
 10
-0.3252
 20
-11.0676
 10
-0.3973
 20
-10.9795
 10
-0.4436
 20
-10.8701
 10
-0.459
 20
-10.7421
 10
-0.4517
 20
-10.6579
 10
-0.4297
 20
-10.5806
 10
-0.3959
 20
-10.5102
 10
-0.3535
 20
-10.4475
 10
0.0427
 20
-9.9151
 10
0.3105
 20
-9.9151
 10
-0.0486
 20
-10.3602
 10
-0.0287
 20
-10.3501
 10
0.0223
 20
-10.3386
 10
0.082
 20
-10.3347
 10
0.154
 20
-10.3421
 10
0.2232
 20
-10.3643
 10
0.2872
 20
-10.4001
 10
0.3438
 20
-10.4483
 10
0.3911
 20
-10.5079
 10
0.4277
 20
-10.5778
 10
0.4512
 20
-10.6564
  0
LWPOLYLINE
  5
99
330
17
100
AcDbEntity
  8
ALTIN
100
AcDbPolyline
 90
24
 70
1
 10
0.2434
 20
-10.814
 10
0.2517
 20
-10.7421
 10
0.2434
 20
-10.6694
 10
0.2185
 20
-10.6054
 10
0.1795
 20
-10.5524
 10
0.1283
 20
-10.5128
 10
0.0678
 20
-10.4878
 10
0.0
 20
-10.4795
 10
-0.0679
 20
-10.4878
 10
-0.1286
 20
-10.5128
 10
-0.1798
 20
-10.5524
 10
-0.219
 20
-10.6054
 10
-0.2437
 20
-10.6694
 10
-0.252
 20
-10.7421
 10
-0.2437
 20
-10.814
 10
-0.219
 20
-10.876
 10
-0.1798
 20
-10.927
 10
-0.1286
 20
-10.9662
 10
-0.0679
 20
-10.9908
 10
0.0
 20
-10.9991
 10
0.0678
 20
-10.9908
 10
0.1283
 20
-10.9662
 10
0.1795
 20
-10.927
 10
0.2185
 20
-10.876
  0
LWPOLYLINE
  5
9A
330
17
100
AcDbEntity
  8
ALTIN
100
AcDbPolyline
 90
54
 70
1
 10
5.1689
 20
-9.7638
 10
5.074
 20
-9.7412
 10
4.9917
 20
-9.7057
 10
4.9213
 20
-9.66
 10
4.8611
 20
-9.607
 10
4.8089
 20
-9.5501
 10
4.9339
 20
-9.3963
 10
4.9744
 20
-9.444
 10
5.0212
 20
-9.4867
 10
5.0738
 20
-9.5229
 10
5.1312
 20
-9.5509
 10
5.1909
 20
-9.5689
 10
5.25
 20
-9.5749
 10
5.3277
 20
-9.5676
 10
5.3929
 20
-9.5456
 10
5.4449
 20
-9.5098
 10
5.483
 20
-9.4616
 10
5.5064
 20
-9.4021
 10
5.5143
 20
-9.3322
 10
5.5053
 20
-9.2612
 10
5.4785
 20
-9.2019
 10
5.4366
 20
-9.1546
 10
5.382
 20
-9.1198
 10
5.3187
 20
-9.0983
 10
5.25
 20
-9.0911
 10
5.1952
 20
-9.0931
 10
5.1418
 20
-9.0992
 10
5.0888
 20
-9.1106
 10
5.0346
 20
-9.1288
 10
4.9778
 20
-9.1545
 10
4.916
 20
-9.1893
 10
5.0857
 20
-8.5018
 10
5.7285
 20
-8.5018
 10
5.7285
 20
-8.6876
 10
5.2447
 20
-8.6876
 10
5.166
 20
-8.9733
 10
5.2133
 20
-8.9531
 10
5.2623
 20
-8.9393
 10
5.3129
 20
-8.9314
 10
5.3641
 20
-8.9287
 10
5.4634
 20
-8.9417
 10
5.5536
 20
-8.9806
 10
5.6305
 20
-9.0425
 10
5.69
 20
-9.1251
 10
5.7283
 20
-9.2263
 10
5.7411
 20
-9.3447
 10
5.7315
 20
-9.4464
 10
5.7026
 20
-9.5339
 10
5.6574
 20
-9.6073
 10
5.5982
 20
-9.667
 10
5.5281
 20
-9.713
 10
5.4498
 20
-9.7457
 10
5.3655
 20
-9.7649
 10
5.2768
 20
-9.7713
  0
LWPOLYLINE
  5
9B
330
17
100
AcDbEntity
  8
ALTIN
100
AcDbPolyline
 90
2880
 70
1
 10
13.3612
 20
-0.3207
 10
13.3604
 20
-0.3499
 10
13.3596
 20
-0.379
 10
13.3588
 20
-0.4081
 10
13.3578
 20
-0.4373
 10
13.3569
 20
-0.4664
 10
13.3558
 20
-0.4956
 10
13.3547
 20
-0.5247
 10
13.3535
 20
-0.5538
 10
13.3523
 20
-0.583
 10
13.351
 20
-0.6121
 10
13.3496
 20
-0.6412
 10
13.3482
 20
-0.6704
 10
13.3467
 20
-0.6995
 10
13.3451
 20
-0.7286
 10
13.3435
 20
-0.7577
 10
13.3418
 20
-0.7868
 10
13.3401
 20
-0.8159
 10
13.3383
 20
-0.845
 10
13.3364
 20
-0.8741
 10
13.3344
 20
-0.9032
 10
13.3324
 20
-0.9323
 10
13.3304
 20
-0.9614
 10
13.3282
 20
-0.9905
 10
13.3261
 20
-1.0195
 10
13.3238
 20
-1.0486
 10
13.3215
 20
-1.0777
 10
13.3191
 20
-1.1067
 10
13.3167
 20
-1.1358
 10
13.3141
 20
-1.1648
 10
13.3116
 20
-1.1939
 10
13.3089
 20
-1.2229
 10
13.3062
 20
-1.252
 10
13.3035
 20
-1.281
 10
13.3006
 20
-1.31
 10
13.2978
 20
-1.339
 10
13.2948
 20
-1.368
 10
13.2918
 20
-1.397
 10
13.2887
 20
-1.426
 10
13.2856
 20
-1.455
 10
13.2824
 20
-1.484
 10
13.2791
 20
-1.513
 10
13.2758
 20
-1.5419
 10
13.2724
 20
-1.5709
 10
13.2689
 20
-1.5998
 10
13.2654
 20
-1.6288
 10
13.2618
 20
-1.6577
 10
13.2581
 20
-1.6866
 10
13.2544
 20
-1.7156
 10
13.2507
 20
-1.7445
 10
13.2468
 20
-1.7734
 10
13.2429
 20
-1.8023
 10
13.239
 20
-1.8312
 10
13.2349
 20
-1.86
 10
13.2308
 20
-1.8889
 10
13.2267
 20
-1.9178
 10
13.2225
 20
-1.9466
 10
13.2182
 20
-1.9755
 10
13.2139
 20
-2.0043
 10
13.2095
 20
-2.0331
 10
13.205
 20
-2.0619
 10
13.2005
 20
-2.0907
 10
13.1959
 20
-2.1195
 10
13.1912
 20
-2.1483
 10
13.1865
 20
-2.1771
 10
13.1817
 20
-2.2059
 10
13.1769
 20
-2.2346
 10
13.172
 20
-2.2634
 10
13.167
 20
-2.2921
 10
13.162
 20
-2.3208
 10
13.1569
 20
-2.3495
 10
13.1517
 20
-2.3782
 10
13.1465
 20
-2.4069
 10
13.1412
 20
-2.4356
 10
13.1359
 20
-2.4642
 10
13.1304
 20
-2.4929
 10
13.125
 20
-2.5215
 10
13.1194
 20
-2.5502
 10
13.1139
 20
-2.5788
 10
13.1082
 20
-2.6074
 10
13.1025
 20
-2.636
 10
13.0967
 20
-2.6646
 10
13.0908
 20
-2.6931
 10
13.0849
 20
-2.7217
 10
13.079
 20
-2.7502
 10
13.0729
 20
-2.7787
 10
13.0668
 20
-2.8073
 10
13.0607
 20
-2.8358
 10
13.0545
 20
-2.8642
 10
13.0482
 20
-2.8927
 10
13.0419
 20
-2.9212
 10
13.0355
 20
-2.9496
 10
13.029
 20
-2.9781
 10
13.0225
 20
-3.0065
 10
13.0159
 20
-3.0349
 10
13.0092
 20
-3.0633
 10
13.0025
 20
-3.0916
 10
12.9957
 20
-3.12
 10
12.9889
 20
-3.1483
 10
12.982
 20
-3.1767
 10
12.975
 20
-3.205
 10
12.968
 20
-3.2333
 10
12.9609
 20
-3.2616
 10
12.9538
 20
-3.2898
 10
12.9466
 20
-3.3181
 10
12.9393
 20
-3.3463
 10
12.932
 20
-3.3745
 10
12.9246
 20
-3.4028
 10
12.9171
 20
-3.4309
 10
12.9096
 20
-3.4591
 10
12.902
 20
-3.4873
 10
12.8944
 20
-3.5154
 10
12.8867
 20
-3.5435
 10
12.8789
 20
-3.5716
 10
12.8711
 20
-3.5997
 10
12.8632
 20
-3.6278
 10
12.8553
 20
-3.6559
 10
12.8473
 20
-3.6839
 10
12.8392
 20
-3.7119
 10
12.8311
 20
-3.7399
 10
12.8229
 20
-3.7679
 10
12.8146
 20
-3.7959
 10
12.8063
 20
-3.8238
 10
12.7979
 20
-3.8517
 10
12.7895
 20
-3.8797
 10
12.781
 20
-3.9075
 10
12.7725
 20
-3.9354
 10
12.7638
 20
-3.9633
 10
12.7552
 20
-3.9911
 10
12.7464
 20
-4.0189
 10
12.7376
 20
-4.0467
 10
12.7288
 20
-4.0745
 10
12.7199
 20
-4.1023
 10
12.7109
 20
-4.13
 10
12.7018
 20
-4.1577
 10
12.6927
 20
-4.1854
 10
12.6836
 20
-4.2131
 10
12.6743
 20
-4.2408
 10
12.6651
 20
-4.2684
 10
12.6557
 20
-4.296
 10
12.6463
 20
-4.3236
 10
12.6369
 20
-4.3512
 10
12.6273
 20
-4.3788
 10
12.6177
 20
-4.4063
 10
12.6081
 20
-4.4338
 10
12.5984
 20
-4.4613
 10
12.5886
 20
-4.4888
 10
12.5788
 20
-4.5163
 10
12.5689
 20
-4.5437
 10
12.559
 20
-4.5711
 10
12.549
 20
-4.5985
 10
12.5389
 20
-4.6259
 10
12.5288
 20
-4.6532
 10
12.5186
 20
-4.6805
 10
12.5084
 20
-4.7078
 10
12.4981
 20
-4.7351
 10
12.4877
 20
-4.7624
 10
12.4773
 20
-4.7896
 10
12.4668
 20
-4.8168
 10
12.4563
 20
-4.844
 10
12.4457
 20
-4.8711
 10
12.435
 20
-4.8983
 10
12.4243
 20
-4.9254
 10
12.4135
 20
-4.9525
 10
12.4027
 20
-4.9796
 10
12.3918
 20
-5.0066
 10
12.3809
 20
-5.0336
 10
12.3698
 20
-5.0606
 10
12.3588
 20
-5.0876
 10
12.3476
 20
-5.1146
 10
12.3365
 20
-5.1415
 10
12.3252
 20
-5.1684
 10
12.3139
 20
-5.1953
 10
12.3025
 20
-5.2221
 10
12.2911
 20
-5.2489
 10
12.2796
 20
-5.2758
 10
12.2681
 20
-5.3025
 10
12.2565
 20
-5.3293
 10
12.2449
 20
-5.356
 10
12.2331
 20
-5.3827
 10
12.2214
 20
-5.4094
 10
12.2095
 20
-5.436
 10
12.1976
 20
-5.4627
 10
12.1857
 20
-5.4893
 10
12.1737
 20
-5.5158
 10
12.1616
 20
-5.5424
 10
12.1495
 20
-5.5689
 10
12.1373
 20
-5.5954
 10
12.1251
 20
-5.6219
 10
12.1128
 20
-5.6483
 10
12.1005
 20
-5.6747
 10
12.088
 20
-5.7011
 10
12.0756
 20
-5.7274
 10
12.0631
 20
-5.7538
 10
12.0505
 20
-5.7801
 10
12.0378
 20
-5.8064
 10
12.0251
 20
-5.8326
 10
12.0124
 20
-5.8588
 10
11.9996
 20
-5.885
 10
11.9867
 20
-5.9112
 10
11.9738
 20
-5.9373
 10
11.9608
 20
-5.9634
 10
11.9478
 20
-5.9895
 10
11.9347
 20
-6.0156
 10
11.9215
 20
-6.0416
 10
11.9083
 20
-6.0676
 10
11.895
 20
-6.0935
 10
11.8817
 20
-6.1195
 10
11.8683
 20
-6.1454
 10
11.8549
 20
-6.1713
 10
11.8414
 20
-6.1971
 10
11.8279
 20
-6.2229
 10
11.8143
 20
-6.2487
 10
11.8006
 20
-6.2745
 10
11.7869
 20
-6.3002
 10
11.7731
 20
-6.3259
 10
11.7593
 20
-6.3516
 10
11.7454
 20
-6.3772
 10
11.7314
 20
-6.4028
 10
11.7175
 20
-6.4284
 10
11.7034
 20
-6.454
 10
11.6893
 20
-6.4795
 10
11.6751
 20
-6.505
 10
11.6609
 20
-6.5304
 10
11.6466
 20
-6.5558
 10
11.6323
 20
-6.5812
 10
11.6179
 20
-6.6066
 10
11.6035
 20
-6.6319
 10
11.589
 20
-6.6572
 10
11.5744
 20
-6.6825
 10
11.5598
 20
-6.7077
 10
11.5452
 20
-6.7329
 10
11.5304
 20
-6.7581
 10
11.5157
 20
-6.7833
 10
11.5008
 20
-6.8084
 10
11.486
 20
-6.8334
 10
11.471
 20
-6.8585
 10
11.456
 20
-6.8835
 10
11.441
 20
-6.9085
 10
11.4259
 20
-6.9334
 10
11.4107
 20
-6.9583
 10
11.3955
 20
-6.9832
 10
11.3803
 20
-7.008
 10
11.365
 20
-7.0328
 10
11.3496
 20
-7.0576
 10
11.3342
 20
-7.0824
 10
11.3187
 20
-7.1071
 10
11.3032
 20
-7.1318
 10
11.2876
 20
-7.1564
 10
11.2719
 20
-7.181
 10
11.2562
 20
-7.2056
 10
11.2405
 20
-7.2301
 10
11.2247
 20
-7.2546
 10
11.2088
 20
-7.2791
 10
11.1929
 20
-7.3035
 10
11.177
 20
-7.3279
 10
11.161
 20
-7.3523
 10
11.1449
 20
-7.3766
 10
11.1288
 20
-7.4009
 10
11.1126
 20
-7.4252
 10
11.0964
 20
-7.4494
 10
11.0801
 20
-7.4736
 10
11.0638
 20
-7.4978
 10
11.0474
 20
-7.5219
 10
11.0309
 20
-7.546
 10
11.0144
 20
-7.57
 10
10.9979
 20
-7.594
 10
10.9813
 20
-7.618
 10
10.9647
 20
-7.6419
 10
10.948
 20
-7.6658
 10
10.9312
 20
-7.6897
 10
10.9144
 20
-7.7135
 10
10.8976
 20
-7.7373
 10
10.8807
 20
-7.7611
 10
10.8637
 20
-7.7848
 10
10.8467
 20
-7.8085
 10
10.8296
 20
-7.8321
 10
10.8125
 20
-7.8557
 10
10.7953
 20
-7.8793
 10
10.7781
 20
-7.9029
 10
10.7609
 20
-7.9263
 10
10.7435
 20
-7.9498
 10
10.7262
 20
-7.9732
 10
10.7088
 20
-7.9966
 10
10.6913
 20
-8.02
 10
10.6738
 20
-8.0433
 10
10.6562
 20
-8.0665
 10
10.6386
 20
-8.0898
 10
10.6209
 20
-8.1129
 10
10.6032
 20
-8.1361
 10
10.5854
 20
-8.1592
 10
10.5676
 20
-8.1823
 10
10.5497
 20
-8.2053
 10
10.5318
 20
-8.2283
 10
10.5138
 20
-8.2513
 10
10.4958
 20
-8.2742
 10
10.4777
 20
-8.2971
 10
10.4596
 20
-8.3199
 10
10.4414
 20
-8.3427
 10
10.4232
 20
-8.3655
 10
10.4049
 20
-8.3882
 10
10.3866
 20
-8.4109
 10
10.3682
 20
-8.4335
 10
10.3498
 20
-8.4561
 10
10.3313
 20
-8.4787
 10
10.3128
 20
-8.5012
 10
10.2942
 20
-8.5237
 10
10.2756
 20
-8.5461
 10
10.2569
 20
-8.5685
 10
10.2382
 20
-8.5909
 10
10.2194
 20
-8.6132
 10
10.2006
 20
-8.6354
 10
10.1817
 20
-8.6577
 10
10.1628
 20
-8.6799
 10
10.1439
 20
-8.702
 10
10.1249
 20
-8.7241
 10
10.1058
 20
-8.7462
 10
10.0867
 20
-8.7682
 10
10.0675
 20
-8.7902
 10
10.0483
 20
-8.8122
 10
10.0291
 20
-8.8341
 10
10.0098
 20
-8.8559
 10
9.9904
 20
-8.8777
 10
9.9711
 20
-8.8995
 10
9.9516
 20
-8.9212
 10
9.9321
 20
-8.9429
 10
9.9126
 20
-8.9646
 10
9.893
 20
-8.9862
 10
9.8734
 20
-9.0077
 10
9.8537
 20
-9.0293
 10
9.834
 20
-9.0507
 10
9.8142
 20
-9.0722
 10
9.7944
 20
-9.0936
 10
9.7745
 20
-9.1149
 10
9.7546
 20
-9.1362
 10
9.7347
 20
-9.1575
 10
9.7147
 20
-9.1787
 10
9.6946
 20
-9.1999
 10
9.6745
 20
-9.221
 10
9.6544
 20
-9.2421
 10
9.6342
 20
-9.2631
 10
9.614
 20
-9.2841
 10
9.5937
 20
-9.3051
 10
9.5734
 20
-9.326
 10
9.553
 20
-9.3468
 10
9.5326
 20
-9.3677
 10
9.5121
 20
-9.3884
 10
9.4916
 20
-9.4092
 10
9.4711
 20
-9.4298
 10
9.4505
 20
-9.4505
 10
9.4298
 20
-9.4711
 10
9.4092
 20
-9.4916
 10
9.3884
 20
-9.5121
 10
9.3677
 20
-9.5326
 10
9.3468
 20
-9.553
 10
9.326
 20
-9.5734
 10
9.3051
 20
-9.5937
 10
9.2841
 20
-9.614
 10
9.2631
 20
-9.6342
 10
9.2421
 20
-9.6544
 10
9.221
 20
-9.6745
 10
9.1999
 20
-9.6946
 10
9.1787
 20
-9.7147
 10
9.1575
 20
-9.7347
 10
9.1362
 20
-9.7546
 10
9.1149
 20
-9.7745
 10
9.0936
 20
-9.7944
 10
9.0722
 20
-9.8142
 10
9.0507
 20
-9.834
 10
9.0293
 20
-9.8537
 10
9.0077
 20
-9.8734
 10
8.9862
 20
-9.893
 10
8.9646
 20
-9.9126
 10
8.9429
 20
-9.9321
 10
8.9212
 20
-9.9516
 10
8.8995
 20
-9.9711
 10
8.8777
 20
-9.9904
 10
8.8559
 20
-10.0098
 10
8.8341
 20
-10.0291
 10
8.8122
 20
-10.0483
 10
8.7902
 20
-10.0675
 10
8.7682
 20
-10.0867
 10
8.7462
 20
-10.1058
 10
8.7241
 20
-10.1249
 10
8.702
 20
-10.1439
 10
8.6799
 20
-10.1628
 10
8.6577
 20
-10.1817
 10
8.6354
 20
-10.2006
 10
8.6132
 20
-10.2194
 10
8.5909
 20
-10.2382
 10
8.5685
 20
-10.2569
 10
8.5461
 20
-10.2756
 10
8.5237
 20
-10.2942
 10
8.5012
 20
-10.3128
 10
8.4787
 20
-10.3313
 10
8.4561
 20
-10.3498
 10
8.4335
 20
-10.3682
 10
8.4109
 20
-10.3866
 10
8.3882
 20
-10.4049
 10
8.3655
 20
-10.4232
 10
8.3427
 20
-10.4414
 10
8.3199
 20
-10.4596
 10
8.2971
 20
-10.4777
 10
8.2742
 20
-10.4958
 10
8.2513
 20
-10.5138
 10
8.2283
 20
-10.5318
 10
8.2053
 20
-10.5497
 10
8.1823
 20
-10.5676
 10
8.1592
 20
-10.5854
 10
8.1361
 20
-10.6032
 10
8.1129
 20
-10.6209
 10
8.0898
 20
-10.6386
 10
8.0665
 20
-10.6562
 10
8.0433
 20
-10.6738
 10
8.02
 20
-10.6913
 10
7.9966
 20
-10.7088
 10
7.9732
 20
-10.7262
 10
7.9498
 20
-10.7435
 10
7.9263
 20
-10.7609
 10
7.9029
 20
-10.7781
 10
7.8793
 20
-10.7953
 10
7.8557
 20
-10.8125
 10
7.8321
 20
-10.8296
 10
7.8085
 20
-10.8467
 10
7.7848
 20
-10.8637
 10
7.7611
 20
-10.8807
 10
7.7373
 20
-10.8976
 10
7.7135
 20
-10.9144
 10
7.6897
 20
-10.9312
 10
7.6658
 20
-10.948
 10
7.6419
 20
-10.9647
 10
7.618
 20
-10.9813
 10
7.594
 20
-10.9979
 10
7.57
 20
-11.0144
 10
7.546
 20
-11.0309
 10
7.5219
 20
-11.0474
 10
7.4978
 20
-11.0638
 10
7.4736
 20
-11.0801
 10
7.4494
 20
-11.0964
 10
7.4252
 20
-11.1126
 10
7.4009
 20
-11.1288
 10
7.3766
 20
-11.1449
 10
7.3523
 20
-11.161
 10
7.3279
 20
-11.177
 10
7.3035
 20
-11.1929
 10
7.2791
 20
-11.2088
 10
7.2546
 20
-11.2247
 10
7.2301
 20
-11.2405
 10
7.2056
 20
-11.2562
 10
7.181
 20
-11.2719
 10
7.1564
 20
-11.2876
 10
7.1318
 20
-11.3032
 10
7.1071
 20
-11.3187
 10
7.0824
 20
-11.3342
 10
7.0576
 20
-11.3496
 10
7.0328
 20
-11.365
 10
7.008
 20
-11.3803
 10
6.9832
 20
-11.3955
 10
6.9583
 20
-11.4107
 10
6.9334
 20
-11.4259
 10
6.9085
 20
-11.441
 10
6.8835
 20
-11.456
 10
6.8585
 20
-11.471
 10
6.8334
 20
-11.486
 10
6.8084
 20
-11.5008
 10
6.7833
 20
-11.5157
 10
6.7581
 20
-11.5304
 10
6.7329
 20
-11.5452
 10
6.7077
 20
-11.5598
 10
6.6825
 20
-11.5744
 10
6.6572
 20
-11.589
 10
6.6319
 20
-11.6035
 10
6.6066
 20
-11.6179
 10
6.5812
 20
-11.6323
 10
6.5558
 20
-11.6466
 10
6.5304
 20
-11.6609
 10
6.505
 20
-11.6751
 10
6.4795
 20
-11.6893
 10
6.454
 20
-11.7034
 10
6.4284
 20
-11.7175
 10
6.4028
 20
-11.7314
 10
6.3772
 20
-11.7454
 10
6.3516
 20
-11.7593
 10
6.3259
 20
-11.7731
 10
6.3002
 20
-11.7869
 10
6.2745
 20
-11.8006
 10
6.2487
 20
-11.8143
 10
6.2229
 20
-11.8279
 10
6.1971
 20
-11.8414
 10
6.1713
 20
-11.8549
 10
6.1454
 20
-11.8683
 10
6.1195
 20
-11.8817
 10
6.0935
 20
-11.895
 10
6.0676
 20
-11.9083
 10
6.0416
 20
-11.9215
 10
6.0156
 20
-11.9347
 10
5.9895
 20
-11.9478
 10
5.9634
 20
-11.9608
 10
5.9373
 20
-11.9738
 10
5.9112
 20
-11.9867
 10
5.885
 20
-11.9996
 10
5.8588
 20
-12.0124
 10
5.8326
 20
-12.0251
 10
5.8064
 20
-12.0378
 10
5.7801
 20
-12.0505
 10
5.7538
 20
-12.0631
 10
5.7274
 20
-12.0756
 10
5.7011
 20
-12.088
 10
5.6747
 20
-12.1005
 10
5.6483
 20
-12.1128
 10
5.6219
 20
-12.1251
 10
5.5954
 20
-12.1373
 10
5.5689
 20
-12.1495
 10
5.5424
 20
-12.1616
 10
5.5158
 20
-12.1737
 10
5.4893
 20
-12.1857
 10
5.4627
 20
-12.1976
 10
5.436
 20
-12.2095
 10
5.4094
 20
-12.2214
 10
5.3827
 20
-12.2331
 10
5.356
 20
-12.2449
 10
5.3293
 20
-12.2565
 10
5.3025
 20
-12.2681
 10
5.2758
 20
-12.2796
 10
5.2489
 20
-12.2911
 10
5.2221
 20
-12.3025
 10
5.1953
 20
-12.3139
 10
5.1684
 20
-12.3252
 10
5.1415
 20
-12.3365
 10
5.1146
 20
-12.3476
 10
5.0876
 20
-12.3588
 10
5.0606
 20
-12.3698
 10
5.0336
 20
-12.3809
 10
5.0066
 20
-12.3918
 10
4.9796
 20
-12.4027
 10
4.9525
 20
-12.4135
 10
4.9254
 20
-12.4243
 10
4.8983
 20
-12.435
 10
4.8711
 20
-12.4457
 10
4.844
 20
-12.4563
 10
4.8168
 20
-12.4668
 10
4.7896
 20
-12.4773
 10
4.7624
 20
-12.4877
 10
4.7351
 20
-12.4981
 10
4.7078
 20
-12.5084
 10
4.6805
 20
-12.5186
 10
4.6532
 20
-12.5288
 10
4.6259
 20
-12.5389
 10
4.5985
 20
-12.549
 10
4.5711
 20
-12.559
 10
4.5437
 20
-12.5689
 10
4.5163
 20
-12.5788
 10
4.4888
 20
-12.5886
 10
4.4613
 20
-12.5984
 10
4.4338
 20
-12.6081
 10
4.4063
 20
-12.6177
 10
4.3788
 20
-12.6273
 10
4.3512
 20
-12.6369
 10
4.3236
 20
-12.6463
 10
4.296
 20
-12.6557
 10
4.2684
 20
-12.6651
 10
4.2408
 20
-12.6743
 10
4.2131
 20
-12.6836
 10
4.1854
 20
-12.6927
 10
4.1577
 20
-12.7018
 10
4.13
 20
-12.7109
 10
4.1023
 20
-12.7199
 10
4.0745
 20
-12.7288
 10
4.0467
 20
-12.7376
 10
4.0189
 20
-12.7464
 10
3.9911
 20
-12.7552
 10
3.9633
 20
-12.7638
 10
3.9354
 20
-12.7725
 10
3.9075
 20
-12.781
 10
3.8797
 20
-12.7895
 10
3.8517
 20
-12.7979
 10
3.8238
 20
-12.8063
 10
3.7959
 20
-12.8146
 10
3.7679
 20
-12.8229
 10
3.7399
 20
-12.8311
 10
3.7119
 20
-12.8392
 10
3.6839
 20
-12.8473
 10
3.6559
 20
-12.8553
 10
3.6278
 20
-12.8632
 10
3.5997
 20
-12.8711
 10
3.5716
 20
-12.8789
 10
3.5435
 20
-12.8867
 10
3.5154
 20
-12.8944
 10
3.4873
 20
-12.902
 10
3.4591
 20
-12.9096
 10
3.4309
 20
-12.9171
 10
3.4028
 20
-12.9246
 10
3.3745
 20
-12.932
 10
3.3463
 20
-12.9393
 10
3.3181
 20
-12.9466
 10
3.2898
 20
-12.9538
 10
3.2616
 20
-12.9609
 10
3.2333
 20
-12.968
 10
3.205
 20
-12.975
 10
3.1767
 20
-12.982
 10
3.1483
 20
-12.9889
 10
3.12
 20
-12.9957
 10
3.0916
 20
-13.0025
 10
3.0633
 20
-13.0092
 10
3.0349
 20
-13.0159
 10
3.0065
 20
-13.0225
 10
2.9781
 20
-13.029
 10
2.9496
 20
-13.0355
 10
2.9212
 20
-13.0419
 10
2.8927
 20
-13.0482
 10
2.8642
 20
-13.0545
 10
2.8358
 20
-13.0607
 10
2.8073
 20
-13.0668
 10
2.7787
 20
-13.0729
 10
2.7502
 20
-13.079
 10
2.7217
 20
-13.0849
 10
2.6931
 20
-13.0908
 10
2.6646
 20
-13.0967
 10
2.636
 20
-13.1025
 10
2.6074
 20
-13.1082
 10
2.5788
 20
-13.1139
 10
2.5502
 20
-13.1194
 10
2.5215
 20
-13.125
 10
2.4929
 20
-13.1304
 10
2.4642
 20
-13.1359
 10
2.4356
 20
-13.1412
 10
2.4069
 20
-13.1465
 10
2.3782
 20
-13.1517
 10
2.3495
 20
-13.1569
 10
2.3208
 20
-13.162
 10
2.2921
 20
-13.167
 10
2.2634
 20
-13.172
 10
2.2346
 20
-13.1769
 10
2.2059
 20
-13.1817
 10
2.1771
 20
-13.1865
 10
2.1483
 20
-13.1912
 10
2.1195
 20
-13.1959
 10
2.0907
 20
-13.2005
 10
2.0619
 20
-13.205
 10
2.0331
 20
-13.2095
 10
2.0043
 20
-13.2139
 10
1.9755
 20
-13.2182
 10
1.9466
 20
-13.2225
 10
1.9178
 20
-13.2267
 10
1.8889
 20
-13.2308
 10
1.86
 20
-13.2349
 10
1.8312
 20
-13.239
 10
1.8023
 20
-13.2429
 10
1.7734
 20
-13.2468
 10
1.7445
 20
-13.2507
 10
1.7156
 20
-13.2544
 10
1.6866
 20
-13.2581
 10
1.6577
 20
-13.2618
 10
1.6288
 20
-13.2654
 10
1.5998
 20
-13.2689
 10
1.5709
 20
-13.2724
 10
1.5419
 20
-13.2758
 10
1.513
 20
-13.2791
 10
1.484
 20
-13.2824
 10
1.455
 20
-13.2856
 10
1.426
 20
-13.2887
 10
1.397
 20
-13.2918
 10
1.368
 20
-13.2948
 10
1.339
 20
-13.2978
 10
1.31
 20
-13.3006
 10
1.281
 20
-13.3035
 10
1.252
 20
-13.3062
 10
1.2229
 20
-13.3089
 10
1.1939
 20
-13.3116
 10
1.1648
 20
-13.3141
 10
1.1358
 20
-13.3167
 10
1.1067
 20
-13.3191
 10
1.0777
 20
-13.3215
 10
1.0486
 20
-13.3238
 10
1.0195
 20
-13.3261
 10
0.9905
 20
-13.3282
 10
0.9614
 20
-13.3304
 10
0.9323
 20
-13.3324
 10
0.9032
 20
-13.3344
 10
0.8741
 20
-13.3364
 10
0.845
 20
-13.3383
 10
0.8159
 20
-13.3401
 10
0.7868
 20
-13.3418
 10
0.7577
 20
-13.3435
 10
0.7286
 20
-13.3451
 10
0.6995
 20
-13.3467
 10
0.6704
 20
-13.3482
 10
0.6412
 20
-13.3496
 10
0.6121
 20
-13.351
 10
0.583
 20
-13.3523
 10
0.5538
 20
-13.3535
 10
0.5247
 20
-13.3547
 10
0.4956
 20
-13.3558
 10
0.4664
 20
-13.3569
 10
0.4373
 20
-13.3578
 10
0.4081
 20
-13.3588
 10
0.379
 20
-13.3596
 10
0.3499
 20
-13.3604
 10
0.3207
 20
-13.3612
 10
0.2916
 20
-13.3618
 10
0.2624
 20
-13.3624
 10
0.2333
 20
-13.363
 10
0.2041
 20
-13.3634
 10
0.1749
 20
-13.3639
 10
0.1458
 20
-13.3642
 10
0.1166
 20
-13.3645
 10
0.0875
 20
-13.3647
 10
0.0583
 20
-13.3649
 10
0.0292
 20
-13.365
 10
0.0
 20
-13.365
 10
-0.0292
 20
-13.365
 10
-0.0583
 20
-13.3649
 10
-0.0875
 20
-13.3647
 10
-0.1166
 20
-13.3645
 10
-0.1458
 20
-13.3642
 10
-0.1749
 20
-13.3639
 10
-0.2041
 20
-13.3634
 10
-0.2333
 20
-13.363
 10
-0.2624
 20
-13.3624
 10
-0.2916
 20
-13.3618
 10
-0.3207
 20
-13.3612
 10
-0.3499
 20
-13.3604
 10
-0.379
 20
-13.3596
 10
-0.4081
 20
-13.3588
 10
-0.4373
 20
-13.3578
 10
-0.4664
 20
-13.3569
 10
-0.4956
 20
-13.3558
 10
-0.5247
 20
-13.3547
 10
-0.5538
 20
-13.3535
 10
-0.583
 20
-13.3523
 10
-0.6121
 20
-13.351
 10
-0.6412
 20
-13.3496
 10
-0.6704
 20
-13.3482
 10
-0.6995
 20
-13.3467
 10
-0.7286
 20
-13.3451
 10
-0.7577
 20
-13.3435
 10
-0.7868
 20
-13.3418
 10
-0.8159
 20
-13.3401
 10
-0.845
 20
-13.3383
 10
-0.8741
 20
-13.3364
 10
-0.9032
 20
-13.3344
 10
-0.9323
 20
-13.3324
 10
-0.9614
 20
-13.3304
 10
-0.9905
 20
-13.3282
 10
-1.0195
 20
-13.3261
 10
-1.0486
 20
-13.3238
 10
-1.0777
 20
-13.3215
 10
-1.1067
 20
-13.3191
 10
-1.1358
 20
-13.3167
 10
-1.1648
 20
-13.3141
 10
-1.1939
 20
-13.3116
 10
-1.2229
 20
-13.3089
 10
-1.252
 20
-13.3062
 10
-1.281
 20
-13.3035
 10
-1.31
 20
-13.3006
 10
-1.339
 20
-13.2978
 10
-1.368
 20
-13.2948
 10
-1.397
 20
-13.2918
 10
-1.426
 20
-13.2887
 10
-1.455
 20
-13.2856
 10
-1.484
 20
-13.2824
 10
-1.513
 20
-13.2791
 10
-1.5419
 20
-13.2758
 10
-1.5709
 20
-13.2724
 10
-1.5998
 20
-13.2689
 10
-1.6288
 20
-13.2654
 10
-1.6577
 20
-13.2618
 10
-1.6866
 20
-13.2581
 10
-1.7156
 20
-13.2544
 10
-1.7445
 20
-13.2507
 10
-1.7734
 20
-13.2468
 10
-1.8023
 20
-13.2429
 10
-1.8312
 20
-13.239
 10
-1.86
 20
-13.2349
 10
-1.8889
 20
-13.2308
 10
-1.9178
 20
-13.2267
 10
-1.9466
 20
-13.2225
 10
-1.9755
 20
-13.2182
 10
-2.0043
 20
-13.2139
 10
-2.0331
 20
-13.2095
 10
-2.0619
 20
-13.205
 10
-2.0907
 20
-13.2005
 10
-2.1195
 20
-13.1959
 10
-2.1483
 20
-13.1912
 10
-2.1771
 20
-13.1865
 10
-2.2059
 20
-13.1817
 10
-2.2346
 20
-13.1769
 10
-2.2634
 20
-13.172
 10
-2.2921
 20
-13.167
 10
-2.3208
 20
-13.162
 10
-2.3495
 20
-13.1569
 10
-2.3782
 20
-13.1517
 10
-2.4069
 20
-13.1465
 10
-2.4356
 20
-13.1412
 10
-2.4642
 20
-13.1359
 10
-2.4929
 20
-13.1304
 10
-2.5215
 20
-13.125
 10
-2.5502
 20
-13.1194
 10
-2.5788
 20
-13.1139
 10
-2.6074
 20
-13.1082
 10
-2.636
 20
-13.1025
 10
-2.6646
 20
-13.0967
 10
-2.6931
 20
-13.0908
 10
-2.7217
 20
-13.0849
 10
-2.7502
 20
-13.079
 10
-2.7787
 20
-13.0729
 10
-2.8073
 20
-13.0668
 10
-2.8358
 20
-13.0607
 10
-2.8642
 20
-13.0545
 10
-2.8927
 20
-13.0482
 10
-2.9212
 20
-13.0419
 10
-2.9496
 20
-13.0355
 10
-2.9781
 20
-13.029
 10
-3.0065
 20
-13.0225
 10
-3.0349
 20
-13.0159
 10
-3.0633
 20
-13.0092
 10
-3.0916
 20
-13.0025
 10
-3.12
 20
-12.9957
 10
-3.1483
 20
-12.9889
 10
-3.1767
 20
-12.982
 10
-3.205
 20
-12.975
 10
-3.2333
 20
-12.968
 10
-3.2616
 20
-12.9609
 10
-3.2898
 20
-12.9538
 10
-3.3181
 20
-12.9466
 10
-3.3463
 20
-12.9393
 10
-3.3745
 20
-12.932
 10
-3.4028
 20
-12.9246
 10
-3.4309
 20
-12.9171
 10
-3.4591
 20
-12.9096
 10
-3.4873
 20
-12.902
 10
-3.5154
 20
-12.8944
 10
-3.5435
 20
-12.8867
 10
-3.5716
 20
-12.8789
 10
-3.5997
 20
-12.8711
 10
-3.6278
 20
-12.8632
 10
-3.6559
 20
-12.8553
 10
-3.6839
 20
-12.8473
 10
-3.7119
 20
-12.8392
 10
-3.7399
 20
-12.8311
 10
-3.7679
 20
-12.8229
 10
-3.7959
 20
-12.8146
 10
-3.8238
 20
-12.8063
 10
-3.8517
 20
-12.7979
 10
-3.8797
 20
-12.7895
 10
-3.9075
 20
-12.781
 10
-3.9354
 20
-12.7725
 10
-3.9633
 20
-12.7638
 10
-3.9911
 20
-12.7552
 10
-4.0189
 20
-12.7464
 10
-4.0467
 20
-12.7376
 10
-4.0745
 20
-12.7288
 10
-4.1023
 20
-12.7199
 10
-4.13
 20
-12.7109
 10
-4.1577
 20
-12.7018
 10
-4.1854
 20
-12.6927
 10
-4.2131
 20
-12.6836
 10
-4.2408
 20
-12.6743
 10
-4.2684
 20
-12.6651
 10
-4.296
 20
-12.6557
 10
-4.3236
 20
-12.6463
 10
-4.3512
 20
-12.6369
 10
-4.3788
 20
-12.6273
 10
-4.4063
 20
-12.6177
 10
-4.4338
 20
-12.6081
 10
-4.4613
 20
-12.5984
 10
-4.4888
 20
-12.5886
 10
-4.5163
 20
-12.5788
 10
-4.5437
 20
-12.5689
 10
-4.5711
 20
-12.559
 10
-4.5985
 20
-12.549
 10
-4.6259
 20
-12.5389
 10
-4.6532
 20
-12.5288
 10
-4.6805
 20
-12.5186
 10
-4.7078
 20
-12.5084
 10
-4.7351
 20
-12.4981
 10
-4.7624
 20
-12.4877
 10
-4.7896
 20
-12.4773
 10
-4.8168
 20
-12.4668
 10
-4.844
 20
-12.4563
 10
-4.8711
 20
-12.4457
 10
-4.8983
 20
-12.435
 10
-4.9254
 20
-12.4243
 10
-4.9525
 20
-12.4135
 10
-4.9796
 20
-12.4027
 10
-5.0066
 20
-12.3918
 10
-5.0336
 20
-12.3809
 10
-5.0606
 20
-12.3698
 10
-5.0876
 20
-12.3588
 10
-5.1146
 20
-12.3476
 10
-5.1415
 20
-12.3365
 10
-5.1684
 20
-12.3252
 10
-5.1953
 20
-12.3139
 10
-5.2221
 20
-12.3025
 10
-5.2489
 20
-12.2911
 10
-5.2758
 20
-12.2796
 10
-5.3025
 20
-12.2681
 10
-5.3293
 20
-12.2565
 10
-5.356
 20
-12.2449
 10
-5.3827
 20
-12.2331
 10
-5.4094
 20
-12.2214
 10
-5.436
 20
-12.2095
 10
-5.4627
 20
-12.1976
 10
-5.4893
 20
-12.1857
 10
-5.5158
 20
-12.1737
 10
-5.5424
 20
-12.1616
 10
-5.5689
 20
-12.1495
 10
-5.5954
 20
-12.1373
 10
-5.6219
 20
-12.1251
 10
-5.6483
 20
-12.1128
 10
-5.6747
 20
-12.1005
 10
-5.7011
 20
-12.088
 10
-5.7274
 20
-12.0756
 10
-5.7538
 20
-12.0631
 10
-5.7801
 20
-12.0505
 10
-5.8064
 20
-12.0378
 10
-5.8326
 20
-12.0251
 10
-5.8588
 20
-12.0124
 10
-5.885
 20
-11.9996
 10
-5.9112
 20
-11.9867
 10
-5.9373
 20
-11.9738
 10
-5.9634
 20
-11.9608
 10
-5.9895
 20
-11.9478
 10
-6.0156
 20
-11.9347
 10
-6.0416
 20
-11.9215
 10
-6.0676
 20
-11.9083
 10
-6.0935
 20
-11.895
 10
-6.1195
 20
-11.8817
 10
-6.1454
 20
-11.8683
 10
-6.1713
 20
-11.8549
 10
-6.1971
 20
-11.8414
 10
-6.2229
 20
-11.8279
 10
-6.2487
 20
-11.8143
 10
-6.2745
 20
-11.8006
 10
-6.3002
 20
-11.7869
 10
-6.3259
 20
-11.7731
 10
-6.3516
 20
-11.7593
 10
-6.3772
 20
-11.7454
 10
-6.4028
 20
-11.7314
 10
-6.4284
 20
-11.7175
 10
-6.454
 20
-11.7034
 10
-6.4795
 20
-11.6893
 10
-6.505
 20
-11.6751
 10
-6.5304
 20
-11.6609
 10
-6.5558
 20
-11.6466
 10
-6.5812
 20
-11.6323
 10
-6.6066
 20
-11.6179
 10
-6.6319
 20
-11.6035
 10
-6.6572
 20
-11.589
 10
-6.6825
 20
-11.5744
 10
-6.7077
 20
-11.5598
 10
-6.7329
 20
-11.5452
 10
-6.7581
 20
-11.5304
 10
-6.7833
 20
-11.5157
 10
-6.8084
 20
-11.5008
 10
-6.8334
 20
-11.486
 10
-6.8585
 20
-11.471
 10
-6.8835
 20
-11.456
 10
-6.9085
 20
-11.441
 10
-6.9334
 20
-11.4259
 10
-6.9583
 20
-11.4107
 10
-6.9832
 20
-11.3955
 10
-7.008
 20
-11.3803
 10
-7.0328
 20
-11.365
 10
-7.0576
 20
-11.3496
 10
-7.0824
 20
-11.3342
 10
-7.1071
 20
-11.3187
 10
-7.1318
 20
-11.3032
 10
-7.1564
 20
-11.2876
 10
-7.181
 20
-11.2719
 10
-7.2056
 20
-11.2562
 10
-7.2301
 20
-11.2405
 10
-7.2546
 20
-11.2247
 10
-7.2791
 20
-11.2088
 10
-7.3035
 20
-11.1929
 10
-7.3279
 20
-11.177
 10
-7.3523
 20
-11.161
 10
-7.3766
 20
-11.1449
 10
-7.4009
 20
-11.1288
 10
-7.4252
 20
-11.1126
 10
-7.4494
 20
-11.0964
 10
-7.4736
 20
-11.0801
 10
-7.4978
 20
-11.0638
 10
-7.5219
 20
-11.0474
 10
-7.546
 20
-11.0309
 10
-7.57
 20
-11.0144
 10
-7.594
 20
-10.9979
 10
-7.618
 20
-10.9813
 10
-7.6419
 20
-10.9647
 10
-7.6658
 20
-10.948
 10
-7.6897
 20
-10.9312
 10
-7.7135
 20
-10.9144
 10
-7.7373
 20
-10.8976
 10
-7.7611
 20
-10.8807
 10
-7.7848
 20
-10.8637
 10
-7.8085
 20
-10.8467
 10
-7.8321
 20
-10.8296
 10
-7.8557
 20
-10.8125
 10
-7.8793
 20
-10.7953
 10
-7.9029
 20
-10.7781
 10
-7.9263
 20
-10.7609
 10
-7.9498
 20
-10.7435
 10
-7.9732
 20
-10.7262
 10
-7.9966
 20
-10.7088
 10
-8.02
 20
-10.6913
 10
-8.0433
 20
-10.6738
 10
-8.0665
 20
-10.6562
 10
-8.0898
 20
-10.6386
 10
-8.1129
 20
-10.6209
 10
-8.1361
 20
-10.6032
 10
-8.1592
 20
-10.5854
 10
-8.1823
 20
-10.5676
 10
-8.2053
 20
-10.5497
 10
-8.2283
 20
-10.5318
 10
-8.2513
 20
-10.5138
 10
-8.2742
 20
-10.4958
 10
-8.2971
 20
-10.4777
 10
-8.3199
 20
-10.4596
 10
-8.3427
 20
-10.4414
 10
-8.3655
 20
-10.4232
 10
-8.3882
 20
-10.4049
 10
-8.4109
 20
-10.3866
 10
-8.4335
 20
-10.3682
 10
-8.4561
 20
-10.3498
 10
-8.4787
 20
-10.3313
 10
-8.5012
 20
-10.3128
 10
-8.5237
 20
-10.2942
 10
-8.5461
 20
-10.2756
 10
-8.5685
 20
-10.2569
 10
-8.5909
 20
-10.2382
 10
-8.6132
 20
-10.2194
 10
-8.6354
 20
-10.2006
 10
-8.6577
 20
-10.1817
 10
-8.6799
 20
-10.1628
 10
-8.702
 20
-10.1439
 10
-8.7241
 20
-10.1249
 10
-8.7462
 20
-10.1058
 10
-8.7682
 20
-10.0867
 10
-8.7902
 20
-10.0675
 10
-8.8122
 20
-10.0483
 10
-8.8341
 20
-10.0291
 10
-8.8559
 20
-10.0098
 10
-8.8777
 20
-9.9904
 10
-8.8995
 20
-9.9711
 10
-8.9212
 20
-9.9516
 10
-8.9429
 20
-9.9321
 10
-8.9646
 20
-9.9126
 10
-8.9862
 20
-9.893
 10
-9.0077
 20
-9.8734
 10
-9.0293
 20
-9.8537
 10
-9.0507
 20
-9.834
 10
-9.0722
 20
-9.8142
 10
-9.0936
 20
-9.7944
 10
-9.1149
 20
-9.7745
 10
-9.1362
 20
-9.7546
 10
-9.1575
 20
-9.7347
 10
-9.1787
 20
-9.7147
 10
-9.1999
 20
-9.6946
 10
-9.221
 20
-9.6745
 10
-9.2421
 20
-9.6544
 10
-9.2631
 20
-9.6342
 10
-9.2841
 20
-9.614
 10
-9.3051
 20
-9.5937
 10
-9.326
 20
-9.5734
 10
-9.3468
 20
-9.553
 10
-9.3677
 20
-9.5326
 10
-9.3884
 20
-9.5121
 10
-9.4092
 20
-9.4916
 10
-9.4298
 20
-9.4711
 10
-9.4505
 20
-9.4505
 10
-9.4711
 20
-9.4298
 10
-9.4916
 20
-9.4092
 10
-9.5121
 20
-9.3884
 10
-9.5326
 20
-9.3677
 10
-9.553
 20
-9.3468
 10
-9.5734
 20
-9.326
 10
-9.5937
 20
-9.3051
 10
-9.614
 20
-9.2841
 10
-9.6342
 20
-9.2631
 10
-9.6544
 20
-9.2421
 10
-9.6745
 20
-9.221
 10
-9.6946
 20
-9.1999
 10
-9.7147
 20
-9.1787
 10
-9.7347
 20
-9.1575
 10
-9.7546
 20
-9.1362
 10
-9.7745
 20
-9.1149
 10
-9.7944
 20
-9.0936
 10
-9.8142
 20
-9.0722
 10
-9.834
 20
-9.0507
 10
-9.8537
 20
-9.0293
 10
-9.8734
 20
-9.0077
 10
-9.893
 20
-8.9862
 10
-9.9126
 20
-8.9646
 10
-9.9321
 20
-8.9429
 10
-9.9516
 20
-8.9212
 10
-9.9711
 20
-8.8995
 10
-9.9904
 20
-8.8777
 10
-10.0098
 20
-8.8559
 10
-10.0291
 20
-8.8341
 10
-10.0483
 20
-8.8122
 10
-10.0675
 20
-8.7902
 10
-10.0867
 20
-8.7682
 10
-10.1058
 20
-8.7462
 10
-10.1249
 20
-8.7241
 10
-10.1439
 20
-8.702
 10
-10.1628
 20
-8.6799
 10
-10.1817
 20
-8.6577
 10
-10.2006
 20
-8.6354
 10
-10.2194
 20
-8.6132
 10
-10.2382
 20
-8.5909
 10
-10.2569
 20
-8.5685
 10
-10.2756
 20
-8.5461
 10
-10.2942
 20
-8.5237
 10
-10.3128
 20
-8.5012
 10
-10.3313
 20
-8.4787
 10
-10.3498
 20
-8.4561
 10
-10.3682
 20
-8.4335
 10
-10.3866
 20
-8.4109
 10
-10.4049
 20
-8.3882
 10
-10.4232
 20
-8.3655
 10
-10.4414
 20
-8.3427
 10
-10.4596
 20
-8.3199
 10
-10.4777
 20
-8.2971
 10
-10.4958
 20
-8.2742
 10
-10.5138
 20
-8.2513
 10
-10.5318
 20
-8.2283
 10
-10.5497
 20
-8.2053
 10
-10.5676
 20
-8.1823
 10
-10.5854
 20
-8.1592
 10
-10.6032
 20
-8.1361
 10
-10.6209
 20
-8.1129
 10
-10.6386
 20
-8.0898
 10
-10.6562
 20
-8.0665
 10
-10.6738
 20
-8.0433
 10
-10.6913
 20
-8.02
 10
-10.7088
 20
-7.9966
 10
-10.7262
 20
-7.9732
 10
-10.7435
 20
-7.9498
 10
-10.7609
 20
-7.9263
 10
-10.7781
 20
-7.9029
 10
-10.7953
 20
-7.8793
 10
-10.8125
 20
-7.8557
 10
-10.8296
 20
-7.8321
 10
-10.8467
 20
-7.8085
 10
-10.8637
 20
-7.7848
 10
-10.8807
 20
-7.7611
 10
-10.8976
 20
-7.7373
 10
-10.9144
 20
-7.7135
 10
-10.9312
 20
-7.6897
 10
-10.948
 20
-7.6658
 10
-10.9647
 20
-7.6419
 10
-10.9813
 20
-7.618
 10
-10.9979
 20
-7.594
 10
-11.0144
 20
-7.57
 10
-11.0309
 20
-7.546
 10
-11.0474
 20
-7.5219
 10
-11.0638
 20
-7.4978
 10
-11.0801
 20
-7.4736
 10
-11.0964
 20
-7.4494
 10
-11.1126
 20
-7.4252
 10
-11.1288
 20
-7.4009
 10
-11.1449
 20
-7.3766
 10
-11.161
 20
-7.3523
 10
-11.177
 20
-7.3279
 10
-11.1929
 20
-7.3035
 10
-11.2088
 20
-7.2791
 10
-11.2247
 20
-7.2546
 10
-11.2405
 20
-7.2301
 10
-11.2562
 20
-7.2056
 10
-11.2719
 20
-7.181
 10
-11.2876
 20
-7.1564
 10
-11.3032
 20
-7.1318
 10
-11.3187
 20
-7.1071
 10
-11.3342
 20
-7.0824
 10
-11.3496
 20
-7.0576
 10
-11.365
 20
-7.0328
 10
-11.3803
 20
-7.008
 10
-11.3955
 20
-6.9832
 10
-11.4107
 20
-6.9583
 10
-11.4259
 20
-6.9334
 10
-11.441
 20
-6.9085
 10
-11.456
 20
-6.8835
 10
-11.471
 20
-6.8585
 10
-11.486
 20
-6.8334
 10
-11.5008
 20
-6.8084
 10
-11.5157
 20
-6.7833
 10
-11.5304
 20
-6.7581
 10
-11.5452
 20
-6.7329
 10
-11.5598
 20
-6.7077
 10
-11.5744
 20
-6.6825
 10
-11.589
 20
-6.6572
 10
-11.6035
 20
-6.6319
 10
-11.6179
 20
-6.6066
 10
-11.6323
 20
-6.5812
 10
-11.6466
 20
-6.5558
 10
-11.6609
 20
-6.5304
 10
-11.6751
 20
-6.505
 10
-11.6893
 20
-6.4795
 10
-11.7034
 20
-6.454
 10
-11.7175
 20
-6.4284
 10
-11.7314
 20
-6.4028
 10
-11.7454
 20
-6.3772
 10
-11.7593
 20
-6.3516
 10
-11.7731
 20
-6.3259
 10
-11.7869
 20
-6.3002
 10
-11.8006
 20
-6.2745
 10
-11.8143
 20
-6.2487
 10
-11.8279
 20
-6.2229
 10
-11.8414
 20
-6.1971
 10
-11.8549
 20
-6.1713
 10
-11.8683
 20
-6.1454
 10
-11.8817
 20
-6.1195
 10
-11.895
 20
-6.0935
 10
-11.9083
 20
-6.0676
 10
-11.9215
 20
-6.0416
 10
-11.9347
 20
-6.0156
 10
-11.9478
 20
-5.9895
 10
-11.9608
 20
-5.9634
 10
-11.9738
 20
-5.9373
 10
-11.9867
 20
-5.9112
 10
-11.9996
 20
-5.885
 10
-12.0124
 20
-5.8588
 10
-12.0251
 20
-5.8326
 10
-12.0378
 20
-5.8064
 10
-12.0505
 20
-5.7801
 10
-12.0631
 20
-5.7538
 10
-12.0756
 20
-5.7274
 10
-12.088
 20
-5.7011
 10
-12.1005
 20
-5.6747
 10
-12.1128
 20
-5.6483
 10
-12.1251
 20
-5.6219
 10
-12.1373
 20
-5.5954
 10
-12.1495
 20
-5.5689
 10
-12.1616
 20
-5.5424
 10
-12.1737
 20
-5.5158
 10
-12.1857
 20
-5.4893
 10
-12.1976
 20
-5.4627
 10
-12.2095
 20
-5.436
 10
-12.2214
 20
-5.4094
 10
-12.2331
 20
-5.3827
 10
-12.2449
 20
-5.356
 10
-12.2565
 20
-5.3293
 10
-12.2681
 20
-5.3025
 10
-12.2796
 20
-5.2758
 10
-12.2911
 20
-5.2489
 10
-12.3025
 20
-5.2221
 10
-12.3139
 20
-5.1953
 10
-12.3252
 20
-5.1684
 10
-12.3365
 20
-5.1415
 10
-12.3476
 20
-5.1146
 10
-12.3588
 20
-5.0876
 10
-12.3698
 20
-5.0606
 10
-12.3809
 20
-5.0336
 10
-12.3918
 20
-5.0066
 10
-12.4027
 20
-4.9796
 10
-12.4135
 20
-4.9525
 10
-12.4243
 20
-4.9254
 10
-12.435
 20
-4.8983
 10
-12.4457
 20
-4.8711
 10
-12.4563
 20
-4.844
 10
-12.4668
 20
-4.8168
 10
-12.4773
 20
-4.7896
 10
-12.4877
 20
-4.7624
 10
-12.4981
 20
-4.7351
 10
-12.5084
 20
-4.7078
 10
-12.5186
 20
-4.6805
 10
-12.5288
 20
-4.6532
 10
-12.5389
 20
-4.6259
 10
-12.549
 20
-4.5985
 10
-12.559
 20
-4.5711
 10
-12.5689
 20
-4.5437
 10
-12.5788
 20
-4.5163
 10
-12.5886
 20
-4.4888
 10
-12.5984
 20
-4.4613
 10
-12.6081
 20
-4.4338
 10
-12.6177
 20
-4.4063
 10
-12.6273
 20
-4.3788
 10
-12.6369
 20
-4.3512
 10
-12.6463
 20
-4.3236
 10
-12.6557
 20
-4.296
 10
-12.6651
 20
-4.2684
 10
-12.6743
 20
-4.2408
 10
-12.6836
 20
-4.2131
 10
-12.6927
 20
-4.1854
 10
-12.7018
 20
-4.1577
 10
-12.7109
 20
-4.13
 10
-12.7199
 20
-4.1023
 10
-12.7288
 20
-4.0745
 10
-12.7376
 20
-4.0467
 10
-12.7464
 20
-4.0189
 10
-12.7552
 20
-3.9911
 10
-12.7638
 20
-3.9633
 10
-12.7725
 20
-3.9354
 10
-12.781
 20
-3.9075
 10
-12.7895
 20
-3.8797
 10
-12.7979
 20
-3.8517
 10
-12.8063
 20
-3.8238
 10
-12.8146
 20
-3.7959
 10
-12.8229
 20
-3.7679
 10
-12.8311
 20
-3.7399
 10
-12.8392
 20
-3.7119
 10
-12.8473
 20
-3.6839
 10
-12.8553
 20
-3.6559
 10
-12.8632
 20
-3.6278
 10
-12.8711
 20
-3.5997
 10
-12.8789
 20
-3.5716
 10
-12.8867
 20
-3.5435
 10
-12.8944
 20
-3.5154
 10
-12.902
 20
-3.4873
 10
-12.9096
 20
-3.4591
 10
-12.9171
 20
-3.4309
 10
-12.9246
 20
-3.4028
 10
-12.932
 20
-3.3745
 10
-12.9393
 20
-3.3463
 10
-12.9466
 20
-3.3181
 10
-12.9538
 20
-3.2898
 10
-12.9609
 20
-3.2616
 10
-12.968
 20
-3.2333
 10
-12.975
 20
-3.205
 10
-12.982
 20
-3.1767
 10
-12.9889
 20
-3.1483
 10
-12.9957
 20
-3.12
 10
-13.0025
 20
-3.0916
 10
-13.0092
 20
-3.0633
 10
-13.0159
 20
-3.0349
 10
-13.0225
 20
-3.0065
 10
-13.029
 20
-2.9781
 10
-13.0355
 20
-2.9496
 10
-13.0419
 20
-2.9212
 10
-13.0482
 20
-2.8927
 10
-13.0545
 20
-2.8642
 10
-13.0607
 20
-2.8358
 10
-13.0668
 20
-2.8073
 10
-13.0729
 20
-2.7787
 10
-13.079
 20
-2.7502
 10
-13.0849
 20
-2.7217
 10
-13.0908
 20
-2.6931
 10
-13.0967
 20
-2.6646
 10
-13.1025
 20
-2.636
 10
-13.1082
 20
-2.6074
 10
-13.1139
 20
-2.5788
 10
-13.1194
 20
-2.5502
 10
-13.125
 20
-2.5215
 10
-13.1304
 20
-2.4929
 10
-13.1359
 20
-2.4642
 10
-13.1412
 20
-2.4356
 10
-13.1465
 20
-2.4069
 10
-13.1517
 20
-2.3782
 10
-13.1569
 20
-2.3495
 10
-13.162
 20
-2.3208
 10
-13.167
 20
-2.2921
 10
-13.172
 20
-2.2634
 10
-13.1769
 20
-2.2346
 10
-13.1817
 20
-2.2059
 10
-13.1865
 20
-2.1771
 10
-13.1912
 20
-2.1483
 10
-13.1959
 20
-2.1195
 10
-13.2005
 20
-2.0907
 10
-13.205
 20
-2.0619
 10
-13.2095
 20
-2.0331
 10
-13.2139
 20
-2.0043
 10
-13.2182
 20
-1.9755
 10
-13.2225
 20
-1.9466
 10
-13.2267
 20
-1.9178
 10
-13.2308
 20
-1.8889
 10
-13.2349
 20
-1.86
 10
-13.239
 20
-1.8312
 10
-13.2429
 20
-1.8023
 10
-13.2468
 20
-1.7734
 10
-13.2507
 20
-1.7445
 10
-13.2544
 20
-1.7156
 10
-13.2581
 20
-1.6866
 10
-13.2618
 20
-1.6577
 10
-13.2654
 20
-1.6288
 10
-13.2689
 20
-1.5998
 10
-13.2724
 20
-1.5709
 10
-13.2758
 20
-1.5419
 10
-13.2791
 20
-1.513
 10
-13.2824
 20
-1.484
 10
-13.2856
 20
-1.455
 10
-13.2887
 20
-1.426
 10
-13.2918
 20
-1.397
 10
-13.2948
 20
-1.368
 10
-13.2978
 20
-1.339
 10
-13.3006
 20
-1.31
 10
-13.3035
 20
-1.281
 10
-13.3062
 20
-1.252
 10
-13.3089
 20
-1.2229
 10
-13.3116
 20
-1.1939
 10
-13.3141
 20
-1.1648
 10
-13.3167
 20
-1.1358
 10
-13.3191
 20
-1.1067
 10
-13.3215
 20
-1.0777
 10
-13.3238
 20
-1.0486
 10
-13.3261
 20
-1.0195
 10
-13.3282
 20
-0.9905
 10
-13.3304
 20
-0.9614
 10
-13.3324
 20
-0.9323
 10
-13.3344
 20
-0.9032
 10
-13.3364
 20
-0.8741
 10
-13.3383
 20
-0.845
 10
-13.3401
 20
-0.8159
 10
-13.3418
 20
-0.7868
 10
-13.3435
 20
-0.7577
 10
-13.3451
 20
-0.7286
 10
-13.3467
 20
-0.6995
 10
-13.3482
 20
-0.6704
 10
-13.3496
 20
-0.6412
 10
-13.351
 20
-0.6121
 10
-13.3523
 20
-0.583
 10
-13.3535
 20
-0.5538
 10
-13.3547
 20
-0.5247
 10
-13.3558
 20
-0.4956
 10
-13.3569
 20
-0.4664
 10
-13.3578
 20
-0.4373
 10
-13.3588
 20
-0.4081
 10
-13.3596
 20
-0.379
 10
-13.3604
 20
-0.3499
 10
-13.3612
 20
-0.3207
 10
-13.3618
 20
-0.2916
 10
-13.3624
 20
-0.2624
 10
-13.363
 20
-0.2333
 10
-13.3634
 20
-0.2041
 10
-13.3639
 20
-0.1749
 10
-13.3642
 20
-0.1458
 10
-13.3645
 20
-0.1166
 10
-13.3647
 20
-0.0875
 10
-13.3649
 20
-0.0583
 10
-13.365
 20
-0.0292
 10
-13.365
 20
0.0
 10
-13.365
 20
0.0292
 10
-13.3649
 20
0.0583
 10
-13.3647
 20
0.0875
 10
-13.3645
 20
0.1166
 10
-13.3642
 20
0.1458
 10
-13.3639
 20
0.1749
 10
-13.3634
 20
0.2041
 10
-13.363
 20
0.2333
 10
-13.3624
 20
0.2624
 10
-13.3618
 20
0.2916
 10
-13.3612
 20
0.3207
 10
-13.3604
 20
0.3499
 10
-13.3596
 20
0.379
 10
-13.3588
 20
0.4081
 10
-13.3578
 20
0.4373
 10
-13.3569
 20
0.4664
 10
-13.3558
 20
0.4956
 10
-13.3547
 20
0.5247
 10
-13.3535
 20
0.5538
 10
-13.3523
 20
0.583
 10
-13.351
 20
0.6121
 10
-13.3496
 20
0.6412
 10
-13.3482
 20
0.6704
 10
-13.3467
 20
0.6995
 10
-13.3451
 20
0.7286
 10
-13.3435
 20
0.7577
 10
-13.3418
 20
0.7868
 10
-13.3401
 20
0.8159
 10
-13.3383
 20
0.845
 10
-13.3364
 20
0.8741
 10
-13.3344
 20
0.9032
 10
-13.3324
 20
0.9323
 10
-13.3304
 20
0.9614
 10
-13.3282
 20
0.9905
 10
-13.3261
 20
1.0195
 10
-13.3238
 20
1.0486
 10
-13.3215
 20
1.0777
 10
-13.3191
 20
1.1067
 10
-13.3167
 20
1.1358
 10
-13.3141
 20
1.1648
 10
-13.3116
 20
1.1939
 10
-13.3089
 20
1.2229
 10
-13.3062
 20
1.252
 10
-13.3035
 20
1.281
 10
-13.3006
 20
1.31
 10
-13.2978
 20
1.339
 10
-13.2948
 20
1.368
 10
-13.2918
 20
1.397
 10
-13.2887
 20
1.426
 10
-13.2856
 20
1.455
 10
-13.2824
 20
1.484
 10
-13.2791
 20
1.513
 10
-13.2758
 20
1.5419
 10
-13.2724
 20
1.5709
 10
-13.2689
 20
1.5998
 10
-13.2654
 20
1.6288
 10
-13.2618
 20
1.6577
 10
-13.2581
 20
1.6866
 10
-13.2544
 20
1.7156
 10
-13.2507
 20
1.7445
 10
-13.2468
 20
1.7734
 10
-13.2429
 20
1.8023
 10
-13.239
 20
1.8312
 10
-13.2349
 20
1.86
 10
-13.2308
 20
1.8889
 10
-13.2267
 20
1.9178
 10
-13.2225
 20
1.9466
 10
-13.2182
 20
1.9755
 10
-13.2139
 20
2.0043
 10
-13.2095
 20
2.0331
 10
-13.205
 20
2.0619
 10
-13.2005
 20
2.0907
 10
-13.1959
 20
2.1195
 10
-13.1912
 20
2.1483
 10
-13.1865
 20
2.1771
 10
-13.1817
 20
2.2059
 10
-13.1769
 20
2.2346
 10
-13.172
 20
2.2634
 10
-13.167
 20
2.2921
 10
-13.162
 20
2.3208
 10
-13.1569
 20
2.3495
 10
-13.1517
 20
2.3782
 10
-13.1465
 20
2.4069
 10
-13.1412
 20
2.4356
 10
-13.1359
 20
2.4642
 10
-13.1304
 20
2.4929
 10
-13.125
 20
2.5215
 10
-13.1194
 20
2.5502
 10
-13.1139
 20
2.5788
 10
-13.1082
 20
2.6074
 10
-13.1025
 20
2.636
 10
-13.0967
 20
2.6646
 10
-13.0908
 20
2.6931
 10
-13.0849
 20
2.7217
 10
-13.079
 20
2.7502
 10
-13.0729
 20
2.7787
 10
-13.0668
 20
2.8073
 10
-13.0607
 20
2.8358
 10
-13.0545
 20
2.8642
 10
-13.0482
 20
2.8927
 10
-13.0419
 20
2.9212
 10
-13.0355
 20
2.9496
 10
-13.029
 20
2.9781
 10
-13.0225
 20
3.0065
 10
-13.0159
 20
3.0349
 10
-13.0092
 20
3.0633
 10
-13.0025
 20
3.0916
 10
-12.9957
 20
3.12
 10
-12.9889
 20
3.1483
 10
-12.982
 20
3.1767
 10
-12.975
 20
3.205
 10
-12.968
 20
3.2333
 10
-12.9609
 20
3.2616
 10
-12.9538
 20
3.2898
 10
-12.9466
 20
3.3181
 10
-12.9393
 20
3.3463
 10
-12.932
 20
3.3745
 10
-12.9246
 20
3.4028
 10
-12.9171
 20
3.4309
 10
-12.9096
 20
3.4591
 10
-12.902
 20
3.4873
 10
-12.8944
 20
3.5154
 10
-12.8867
 20
3.5435
 10
-12.8789
 20
3.5716
 10
-12.8711
 20
3.5997
 10
-12.8632
 20
3.6278
 10
-12.8553
 20
3.6559
 10
-12.8473
 20
3.6839
 10
-12.8392
 20
3.7119
 10
-12.8311
 20
3.7399
 10
-12.8229
 20
3.7679
 10
-12.8146
 20
3.7959
 10
-12.8063
 20
3.8238
 10
-12.7979
 20
3.8517
 10
-12.7895
 20
3.8797
 10
-12.781
 20
3.9075
 10
-12.7725
 20
3.9354
 10
-12.7638
 20
3.9633
 10
-12.7552
 20
3.9911
 10
-12.7464
 20
4.0189
 10
-12.7376
 20
4.0467
 10
-12.7288
 20
4.0745
 10
-12.7199
 20
4.1023
 10
-12.7109
 20
4.13
 10
-12.7018
 20
4.1577
 10
-12.6927
 20
4.1854
 10
-12.6836
 20
4.2131
 10
-12.6743
 20
4.2408
 10
-12.6651
 20
4.2684
 10
-12.6557
 20
4.296
 10
-12.6463
 20
4.3236
 10
-12.6369
 20
4.3512
 10
-12.6273
 20
4.3788
 10
-12.6177
 20
4.4063
 10
-12.6081
 20
4.4338
 10
-12.5984
 20
4.4613
 10
-12.5886
 20
4.4888
 10
-12.5788
 20
4.5163
 10
-12.5689
 20
4.5437
 10
-12.559
 20
4.5711
 10
-12.549
 20
4.5985
 10
-12.5389
 20
4.6259
 10
-12.5288
 20
4.6532
 10
-12.5186
 20
4.6805
 10
-12.5084
 20
4.7078
 10
-12.4981
 20
4.7351
 10
-12.4877
 20
4.7624
 10
-12.4773
 20
4.7896
 10
-12.4668
 20
4.8168
 10
-12.4563
 20
4.844
 10
-12.4457
 20
4.8711
 10
-12.435
 20
4.8983
 10
-12.4243
 20
4.9254
 10
-12.4135
 20
4.9525
 10
-12.4027
 20
4.9796
 10
-12.3918
 20
5.0066
 10
-12.3809
 20
5.0336
 10
-12.3698
 20
5.0606
 10
-12.3588
 20
5.0876
 10
-12.3476
 20
5.1146
 10
-12.3365
 20
5.1415
 10
-12.3252
 20
5.1684
 10
-12.3139
 20
5.1953
 10
-12.3025
 20
5.2221
 10
-12.2911
 20
5.2489
 10
-12.2796
 20
5.2758
 10
-12.2681
 20
5.3025
 10
-12.2565
 20
5.3293
 10
-12.2449
 20
5.356
 10
-12.2331
 20
5.3827
 10
-12.2214
 20
5.4094
 10
-12.2095
 20
5.436
 10
-12.1976
 20
5.4627
 10
-12.1857
 20
5.4893
 10
-12.1737
 20
5.5158
 10
-12.1616
 20
5.5424
 10
-12.1495
 20
5.5689
 10
-12.1373
 20
5.5954
 10
-12.1251
 20
5.6219
 10
-12.1128
 20
5.6483
 10
-12.1005
 20
5.6747
 10
-12.088
 20
5.7011
 10
-12.0756
 20
5.7274
 10
-12.0631
 20
5.7538
 10
-12.0505
 20
5.7801
 10
-12.0378
 20
5.8064
 10
-12.0251
 20
5.8326
 10
-12.0124
 20
5.8588
 10
-11.9996
 20
5.885
 10
-11.9867
 20
5.9112
 10
-11.9738
 20
5.9373
 10
-11.9608
 20
5.9634
 10
-11.9478
 20
5.9895
 10
-11.9347
 20
6.0156
 10
-11.9215
 20
6.0416
 10
-11.9083
 20
6.0676
 10
-11.895
 20
6.0935
 10
-11.8817
 20
6.1195
 10
-11.8683
 20
6.1454
 10
-11.8549
 20
6.1713
 10
-11.8414
 20
6.1971
 10
-11.8279
 20
6.2229
 10
-11.8143
 20
6.2487
 10
-11.8006
 20
6.2745
 10
-11.7869
 20
6.3002
 10
-11.7731
 20
6.3259
 10
-11.7593
 20
6.3516
 10
-11.7454
 20
6.3772
 10
-11.7314
 20
6.4028
 10
-11.7175
 20
6.4284
 10
-11.7034
 20
6.454
 10
-11.6893
 20
6.4795
 10
-11.6751
 20
6.505
 10
-11.6609
 20
6.5304
 10
-11.6466
 20
6.5558
 10
-11.6323
 20
6.5812
 10
-11.6179
 20
6.6066
 10
-11.6035
 20
6.6319
 10
-11.589
 20
6.6572
 10
-11.5744
 20
6.6825
 10
-11.5598
 20
6.7077
 10
-11.5452
 20
6.7329
 10
-11.5304
 20
6.7581
 10
-11.5157
 20
6.7833
 10
-11.5008
 20
6.8084
 10
-11.486
 20
6.8334
 10
-11.471
 20
6.8585
 10
-11.456
 20
6.8835
 10
-11.441
 20
6.9085
 10
-11.4259
 20
6.9334
 10
-11.4107
 20
6.9583
 10
-11.3955
 20
6.9832
 10
-11.3803
 20
7.008
 10
-11.365
 20
7.0328
 10
-11.3496
 20
7.0576
 10
-11.3342
 20
7.0824
 10
-11.3187
 20
7.1071
 10
-11.3032
 20
7.1318
 10
-11.2876
 20
7.1564
 10
-11.2719
 20
7.181
 10
-11.2562
 20
7.2056
 10
-11.2405
 20
7.2301
 10
-11.2247
 20
7.2546
 10
-11.2088
 20
7.2791
 10
-11.1929
 20
7.3035
 10
-11.177
 20
7.3279
 10
-11.161
 20
7.3523
 10
-11.1449
 20
7.3766
 10
-11.1288
 20
7.4009
 10
-11.1126
 20
7.4252
 10
-11.0964
 20
7.4494
 10
-11.0801
 20
7.4736
 10
-11.0638
 20
7.4978
 10
-11.0474
 20
7.5219
 10
-11.0309
 20
7.546
 10
-11.0144
 20
7.57
 10
-10.9979
 20
7.594
 10
-10.9813
 20
7.618
 10
-10.9647
 20
7.6419
 10
-10.948
 20
7.6658
 10
-10.9312
 20
7.6897
 10
-10.9144
 20
7.7135
 10
-10.8976
 20
7.7373
 10
-10.8807
 20
7.7611
 10
-10.8637
 20
7.7848
 10
-10.8467
 20
7.8085
 10
-10.8296
 20
7.8321
 10
-10.8125
 20
7.8557
 10
-10.7953
 20
7.8793
 10
-10.7781
 20
7.9029
 10
-10.7609
 20
7.9263
 10
-10.7435
 20
7.9498
 10
-10.7262
 20
7.9732
 10
-10.7088
 20
7.9966
 10
-10.6913
 20
8.02
 10
-10.6738
 20
8.0433
 10
-10.6562
 20
8.0665
 10
-10.6386
 20
8.0898
 10
-10.6209
 20
8.1129
 10
-10.6032
 20
8.1361
 10
-10.5854
 20
8.1592
 10
-10.5676
 20
8.1823
 10
-10.5497
 20
8.2053
 10
-10.5318
 20
8.2283
 10
-10.5138
 20
8.2513
 10
-10.4958
 20
8.2742
 10
-10.4777
 20
8.2971
 10
-10.4596
 20
8.3199
 10
-10.4414
 20
8.3427
 10
-10.4232
 20
8.3655
 10
-10.4049
 20
8.3882
 10
-10.3866
 20
8.4109
 10
-10.3682
 20
8.4335
 10
-10.3498
 20
8.4561
 10
-10.3313
 20
8.4787
 10
-10.3128
 20
8.5012
 10
-10.2942
 20
8.5237
 10
-10.2756
 20
8.5461
 10
-10.2569
 20
8.5685
 10
-10.2382
 20
8.5909
 10
-10.2194
 20
8.6132
 10
-10.2006
 20
8.6354
 10
-10.1817
 20
8.6577
 10
-10.1628
 20
8.6799
 10
-10.1439
 20
8.702
 10
-10.1249
 20
8.7241
 10
-10.1058
 20
8.7462
 10
-10.0867
 20
8.7682
 10
-10.0675
 20
8.7902
 10
-10.0483
 20
8.8122
 10
-10.0291
 20
8.8341
 10
-10.0098
 20
8.8559
 10
-9.9904
 20
8.8777
 10
-9.9711
 20
8.8995
 10
-9.9516
 20
8.9212
 10
-9.9321
 20
8.9429
 10
-9.9126
 20
8.9646
 10
-9.893
 20
8.9862
 10
-9.8734
 20
9.0077
 10
-9.8537
 20
9.0293
 10
-9.834
 20
9.0507
 10
-9.8142
 20
9.0722
 10
-9.7944
 20
9.0936
 10
-9.7745
 20
9.1149
 10
-9.7546
 20
9.1362
 10
-9.7347
 20
9.1575
 10
-9.7147
 20
9.1787
 10
-9.6946
 20
9.1999
 10
-9.6745
 20
9.221
 10
-9.6544
 20
9.2421
 10
-9.6342
 20
9.2631
 10
-9.614
 20
9.2841
 10
-9.5937
 20
9.3051
 10
-9.5734
 20
9.326
 10
-9.553
 20
9.3468
 10
-9.5326
 20
9.3677
 10
-9.5121
 20
9.3884
 10
-9.4916
 20
9.4092
 10
-9.4711
 20
9.4298
 10
-9.4505
 20
9.4505
 10
-9.4298
 20
9.4711
 10
-9.4092
 20
9.4916
 10
-9.3884
 20
9.5121
 10
-9.3677
 20
9.5326
 10
-9.3468
 20
9.553
 10
-9.326
 20
9.5734
 10
-9.3051
 20
9.5937
 10
-9.2841
 20
9.614
 10
-9.2631
 20
9.6342
 10
-9.2421
 20
9.6544
 10
-9.221
 20
9.6745
 10
-9.1999
 20
9.6946
 10
-9.1787
 20
9.7147
 10
-9.1575
 20
9.7347
 10
-9.1362
 20
9.7546
 10
-9.1149
 20
9.7745
 10
-9.0936
 20
9.7944
 10
-9.0722
 20
9.8142
 10
-9.0507
 20
9.834
 10
-9.0293
 20
9.8537
 10
-9.0077
 20
9.8734
 10
-8.9862
 20
9.893
 10
-8.9646
 20
9.9126
 10
-8.9429
 20
9.9321
 10
-8.9212
 20
9.9516
 10
-8.8995
 20
9.9711
 10
-8.8777
 20
9.9904
 10
-8.8559
 20
10.0098
 10
-8.8341
 20
10.0291
 10
-8.8122
 20
10.0483
 10
-8.7902
 20
10.0675
 10
-8.7682
 20
10.0867
 10
-8.7462
 20
10.1058
 10
-8.7241
 20
10.1249
 10
-8.702
 20
10.1439
 10
-8.6799
 20
10.1628
 10
-8.6577
 20
10.1817
 10
-8.6354
 20
10.2006
 10
-8.6132
 20
10.2194
 10
-8.5909
 20
10.2382
 10
-8.5685
 20
10.2569
 10
-8.5461
 20
10.2756
 10
-8.5237
 20
10.2942
 10
-8.5012
 20
10.3128
 10
-8.4787
 20
10.3313
 10
-8.4561
 20
10.3498
 10
-8.4335
 20
10.3682
 10
-8.4109
 20
10.3866
 10
-8.3882
 20
10.4049
 10
-8.3655
 20
10.4232
 10
-8.3427
 20
10.4414
 10
-8.3199
 20
10.4596
 10
-8.2971
 20
10.4777
 10
-8.2742
 20
10.4958
 10
-8.2513
 20
10.5138
 10
-8.2283
 20
10.5318
 10
-8.2053
 20
10.5497
 10
-8.1823
 20
10.5676
 10
-8.1592
 20
10.5854
 10
-8.1361
 20
10.6032
 10
-8.1129
 20
10.6209
 10
-8.0898
 20
10.6386
 10
-8.0665
 20
10.6562
 10
-8.0433
 20
10.6738
 10
-8.02
 20
10.6913
 10
-7.9966
 20
10.7088
 10
-7.9732
 20
10.7262
 10
-7.9498
 20
10.7435
 10
-7.9263
 20
10.7609
 10
-7.9029
 20
10.7781
 10
-7.8793
 20
10.7953
 10
-7.8557
 20
10.8125
 10
-7.8321
 20
10.8296
 10
-7.8085
 20
10.8467
 10
-7.7848
 20
10.8637
 10
-7.7611
 20
10.8807
 10
-7.7373
 20
10.8976
 10
-7.7135
 20
10.9144
 10
-7.6897
 20
10.9312
 10
-7.6658
 20
10.948
 10
-7.6419
 20
10.9647
 10
-7.618
 20
10.9813
 10
-7.594
 20
10.9979
 10
-7.57
 20
11.0144
 10
-7.546
 20
11.0309
 10
-7.5219
 20
11.0474
 10
-7.4978
 20
11.0638
 10
-7.4736
 20
11.0801
 10
-7.4494
 20
11.0964
 10
-7.4252
 20
11.1126
 10
-7.4009
 20
11.1288
 10
-7.3766
 20
11.1449
 10
-7.3523
 20
11.161
 10
-7.3279
 20
11.177
 10
-7.3035
 20
11.1929
 10
-7.2791
 20
11.2088
 10
-7.2546
 20
11.2247
 10
-7.2301
 20
11.2405
 10
-7.2056
 20
11.2562
 10
-7.181
 20
11.2719
 10
-7.1564
 20
11.2876
 10
-7.1318
 20
11.3032
 10
-7.1071
 20
11.3187
 10
-7.0824
 20
11.3342
 10
-7.0576
 20
11.3496
 10
-7.0328
 20
11.365
 10
-7.008
 20
11.3803
 10
-6.9832
 20
11.3955
 10
-6.9583
 20
11.4107
 10
-6.9334
 20
11.4259
 10
-6.9085
 20
11.441
 10
-6.8835
 20
11.456
 10
-6.8585
 20
11.471
 10
-6.8334
 20
11.486
 10
-6.8084
 20
11.5008
 10
-6.7833
 20
11.5157
 10
-6.7581
 20
11.5304
 10
-6.7329
 20
11.5452
 10
-6.7077
 20
11.5598
 10
-6.6825
 20
11.5744
 10
-6.6572
 20
11.589
 10
-6.6319
 20
11.6035
 10
-6.6066
 20
11.6179
 10
-6.5812
 20
11.6323
 10
-6.5558
 20
11.6466
 10
-6.5304
 20
11.6609
 10
-6.505
 20
11.6751
 10
-6.4795
 20
11.6893
 10
-6.454
 20
11.7034
 10
-6.4284
 20
11.7175
 10
-6.4028
 20
11.7314
 10
-6.3772
 20
11.7454
 10
-6.3516
 20
11.7593
 10
-6.3259
 20
11.7731
 10
-6.3002
 20
11.7869
 10
-6.2745
 20
11.8006
 10
-6.2487
 20
11.8143
 10
-6.2229
 20
11.8279
 10
-6.1971
 20
11.8414
 10
-6.1713
 20
11.8549
 10
-6.1454
 20
11.8683
 10
-6.1195
 20
11.8817
 10
-6.0935
 20
11.895
 10
-6.0676
 20
11.9083
 10
-6.0416
 20
11.9215
 10
-6.0156
 20
11.9347
 10
-5.9895
 20
11.9478
 10
-5.9634
 20
11.9608
 10
-5.9373
 20
11.9738
 10
-5.9112
 20
11.9867
 10
-5.885
 20
11.9996
 10
-5.8588
 20
12.0124
 10
-5.8326
 20
12.0251
 10
-5.8064
 20
12.0378
 10
-5.7801
 20
12.0505
 10
-5.7538
 20
12.0631
 10
-5.7274
 20
12.0756
 10
-5.7011
 20
12.088
 10
-5.6747
 20
12.1005
 10
-5.6483
 20
12.1128
 10
-5.6219
 20
12.1251
 10
-5.5954
 20
12.1373
 10
-5.5689
 20
12.1495
 10
-5.5424
 20
12.1616
 10
-5.5158
 20
12.1737
 10
-5.4893
 20
12.1857
 10
-5.4627
 20
12.1976
 10
-5.436
 20
12.2095
 10
-5.4094
 20
12.2214
 10
-5.3827
 20
12.2331
 10
-5.356
 20
12.2449
 10
-5.3293
 20
12.2565
 10
-5.3025
 20
12.2681
 10
-5.2758
 20
12.2796
 10
-5.2489
 20
12.2911
 10
-5.2221
 20
12.3025
 10
-5.1953
 20
12.3139
 10
-5.1684
 20
12.3252
 10
-5.1415
 20
12.3365
 10
-5.1146
 20
12.3476
 10
-5.0876
 20
12.3588
 10
-5.0606
 20
12.3698
 10
-5.0336
 20
12.3809
 10
-5.0066
 20
12.3918
 10
-4.9796
 20
12.4027
 10
-4.9525
 20
12.4135
 10
-4.9254
 20
12.4243
 10
-4.8983
 20
12.435
 10
-4.8711
 20
12.4457
 10
-4.844
 20
12.4563
 10
-4.8168
 20
12.4668
 10
-4.7896
 20
12.4773
 10
-4.7624
 20
12.4877
 10
-4.7351
 20
12.4981
 10
-4.7078
 20
12.5084
 10
-4.6805
 20
12.5186
 10
-4.6532
 20
12.5288
 10
-4.6259
 20
12.5389
 10
-4.5985
 20
12.549
 10
-4.5711
 20
12.559
 10
-4.5437
 20
12.5689
 10
-4.5163
 20
12.5788
 10
-4.4888
 20
12.5886
 10
-4.4613
 20
12.5984
 10
-4.4338
 20
12.6081
 10
-4.4063
 20
12.6177
 10
-4.3788
 20
12.6273
 10
-4.3512
 20
12.6369
 10
-4.3236
 20
12.6463
 10
-4.296
 20
12.6557
 10
-4.2684
 20
12.6651
 10
-4.2408
 20
12.6743
 10
-4.2131
 20
12.6836
 10
-4.1854
 20
12.6927
 10
-4.1577
 20
12.7018
 10
-4.13
 20
12.7109
 10
-4.1023
 20
12.7199
 10
-4.0745
 20
12.7288
 10
-4.0467
 20
12.7376
 10
-4.0189
 20
12.7464
 10
-3.9911
 20
12.7552
 10
-3.9633
 20
12.7638
 10
-3.9354
 20
12.7725
 10
-3.9075
 20
12.781
 10
-3.8797
 20
12.7895
 10
-3.8517
 20
12.7979
 10
-3.8238
 20
12.8063
 10
-3.7959
 20
12.8146
 10
-3.7679
 20
12.8229
 10
-3.7399
 20
12.8311
 10
-3.7119
 20
12.8392
 10
-3.6839
 20
12.8473
 10
-3.6559
 20
12.8553
 10
-3.6278
 20
12.8632
 10
-3.5997
 20
12.8711
 10
-3.5716
 20
12.8789
 10
-3.5435
 20
12.8867
 10
-3.5154
 20
12.8944
 10
-3.4873
 20
12.902
 10
-3.4591
 20
12.9096
 10
-3.4309
 20
12.9171
 10
-3.4028
 20
12.9246
 10
-3.3745
 20
12.932
 10
-3.3463
 20
12.9393
 10
-3.3181
 20
12.9466
 10
-3.2898
 20
12.9538
 10
-3.2616
 20
12.9609
 10
-3.2333
 20
12.968
 10
-3.205
 20
12.975
 10
-3.1767
 20
12.982
 10
-3.1483
 20
12.9889
 10
-3.12
 20
12.9957
 10
-3.0916
 20
13.0025
 10
-3.0633
 20
13.0092
 10
-3.0349
 20
13.0159
 10
-3.0065
 20
13.0225
 10
-2.9781
 20
13.029
 10
-2.9496
 20
13.0355
 10
-2.9212
 20
13.0419
 10
-2.8927
 20
13.0482
 10
-2.8642
 20
13.0545
 10
-2.8358
 20
13.0607
 10
-2.8073
 20
13.0668
 10
-2.7787
 20
13.0729
 10
-2.7502
 20
13.079
 10
-2.7217
 20
13.0849
 10
-2.6931
 20
13.0908
 10
-2.6646
 20
13.0967
 10
-2.636
 20
13.1025
 10
-2.6074
 20
13.1082
 10
-2.5788
 20
13.1139
 10
-2.5502
 20
13.1194
 10
-2.5215
 20
13.125
 10
-2.4929
 20
13.1304
 10
-2.4642
 20
13.1359
 10
-2.4356
 20
13.1412
 10
-2.4069
 20
13.1465
 10
-2.3782
 20
13.1517
 10
-2.3495
 20
13.1569
 10
-2.3208
 20
13.162
 10
-2.2921
 20
13.167
 10
-2.2634
 20
13.172
 10
-2.2346
 20
13.1769
 10
-2.2059
 20
13.1817
 10
-2.1771
 20
13.1865
 10
-2.1483
 20
13.1912
 10
-2.1195
 20
13.1959
 10
-2.0907
 20
13.2005
 10
-2.0619
 20
13.205
 10
-2.0331
 20
13.2095
 10
-2.0043
 20
13.2139
 10
-1.9755
 20
13.2182
 10
-1.9466
 20
13.2225
 10
-1.9178
 20
13.2267
 10
-1.8889
 20
13.2308
 10
-1.86
 20
13.2349
 10
-1.8312
 20
13.239
 10
-1.8023
 20
13.2429
 10
-1.7734
 20
13.2468
 10
-1.7445
 20
13.2507
 10
-1.7156
 20
13.2544
 10
-1.6866
 20
13.2581
 10
-1.6577
 20
13.2618
 10
-1.6288
 20
13.2654
 10
-1.5998
 20
13.2689
 10
-1.5709
 20
13.2724
 10
-1.5419
 20
13.2758
 10
-1.513
 20
13.2791
 10
-1.484
 20
13.2824
 10
-1.455
 20
13.2856
 10
-1.426
 20
13.2887
 10
-1.397
 20
13.2918
 10
-1.368
 20
13.2948
 10
-1.339
 20
13.2978
 10
-1.31
 20
13.3006
 10
-1.281
 20
13.3035
 10
-1.252
 20
13.3062
 10
-1.2229
 20
13.3089
 10
-1.1939
 20
13.3116
 10
-1.1648
 20
13.3141
 10
-1.1358
 20
13.3167
 10
-1.1067
 20
13.3191
 10
-1.0777
 20
13.3215
 10
-1.0486
 20
13.3238
 10
-1.0195
 20
13.3261
 10
-0.9905
 20
13.3282
 10
-0.9614
 20
13.3304
 10
-0.9323
 20
13.3324
 10
-0.9032
 20
13.3344
 10
-0.8741
 20
13.3364
 10
-0.845
 20
13.3383
 10
-0.8159
 20
13.3401
 10
-0.7868
 20
13.3418
 10
-0.7577
 20
13.3435
 10
-0.7286
 20
13.3451
 10
-0.6995
 20
13.3467
 10
-0.6704
 20
13.3482
 10
-0.6412
 20
13.3496
 10
-0.6121
 20
13.351
 10
-0.583
 20
13.3523
 10
-0.5538
 20
13.3535
 10
-0.5247
 20
13.3547
 10
-0.4956
 20
13.3558
 10
-0.4664
 20
13.3569
 10
-0.4373
 20
13.3578
 10
-0.4081
 20
13.3588
 10
-0.379
 20
13.3596
 10
-0.3499
 20
13.3604
 10
-0.3207
 20
13.3612
 10
-0.2916
 20
13.3618
 10
-0.2624
 20
13.3624
 10
-0.2333
 20
13.363
 10
-0.2041
 20
13.3634
 10
-0.1749
 20
13.3639
 10
-0.1458
 20
13.3642
 10
-0.1166
 20
13.3645
 10
-0.0875
 20
13.3647
 10
-0.0583
 20
13.3649
 10
-0.0292
 20
13.365
 10
0.0
 20
13.365
 10
0.0292
 20
13.365
 10
0.0583
 20
13.3649
 10
0.0875
 20
13.3647
 10
0.1166
 20
13.3645
 10
0.1458
 20
13.3642
 10
0.1749
 20
13.3639
 10
0.2041
 20
13.3634
 10
0.2333
 20
13.363
 10
0.2624
 20
13.3624
 10
0.2916
 20
13.3618
 10
0.3207
 20
13.3612
 10
0.3499
 20
13.3604
 10
0.379
 20
13.3596
 10
0.4081
 20
13.3588
 10
0.4373
 20
13.3578
 10
0.4664
 20
13.3569
 10
0.4956
 20
13.3558
 10
0.5247
 20
13.3547
 10
0.5538
 20
13.3535
 10
0.583
 20
13.3523
 10
0.6121
 20
13.351
 10
0.6412
 20
13.3496
 10
0.6704
 20
13.3482
 10
0.6995
 20
13.3467
 10
0.7286
 20
13.3451
 10
0.7577
 20
13.3435
 10
0.7868
 20
13.3418
 10
0.8159
 20
13.3401
 10
0.845
 20
13.3383
 10
0.8741
 20
13.3364
 10
0.9032
 20
13.3344
 10
0.9323
 20
13.3324
 10
0.9614
 20
13.3304
 10
0.9905
 20
13.3282
 10
1.0195
 20
13.3261
 10
1.0486
 20
13.3238
 10
1.0777
 20
13.3215
 10
1.1067
 20
13.3191
 10
1.1358
 20
13.3167
 10
1.1648
 20
13.3141
 10
1.1939
 20
13.3116
 10
1.2229
 20
13.3089
 10
1.252
 20
13.3062
 10
1.281
 20
13.3035
 10
1.31
 20
13.3006
 10
1.339
 20
13.2978
 10
1.368
 20
13.2948
 10
1.397
 20
13.2918
 10
1.426
 20
13.2887
 10
1.455
 20
13.2856
 10
1.484
 20
13.2824
 10
1.513
 20
13.2791
 10
1.5419
 20
13.2758
 10
1.5709
 20
13.2724
 10
1.5998
 20
13.2689
 10
1.6288
 20
13.2654
 10
1.6577
 20
13.2618
 10
1.6866
 20
13.2581
 10
1.7156
 20
13.2544
 10
1.7445
 20
13.2507
 10
1.7734
 20
13.2468
 10
1.8023
 20
13.2429
 10
1.8312
 20
13.239
 10
1.86
 20
13.2349
 10
1.8889
 20
13.2308
 10
1.9178
 20
13.2267
 10
1.9466
 20
13.2225
 10
1.9755
 20
13.2182
 10
2.0043
 20
13.2139
 10
2.0331
 20
13.2095
 10
2.0619
 20
13.205
 10
2.0907
 20
13.2005
 10
2.1195
 20
13.1959
 10
2.1483
 20
13.1912
 10
2.1771
 20
13.1865
 10
2.2059
 20
13.1817
 10
2.2346
 20
13.1769
 10
2.2634
 20
13.172
 10
2.2921
 20
13.167
 10
2.3208
 20
13.162
 10
2.3495
 20
13.1569
 10
2.3782
 20
13.1517
 10
2.4069
 20
13.1465
 10
2.4356
 20
13.1412
 10
2.4642
 20
13.1359
 10
2.4929
 20
13.1304
 10
2.5215
 20
13.125
 10
2.5502
 20
13.1194
 10
2.5788
 20
13.1139
 10
2.6074
 20
13.1082
 10
2.636
 20
13.1025
 10
2.6646
 20
13.0967
 10
2.6931
 20
13.0908
 10
2.7217
 20
13.0849
 10
2.7502
 20
13.079
 10
2.7787
 20
13.0729
 10
2.8073
 20
13.0668
 10
2.8358
 20
13.0607
 10
2.8642
 20
13.0545
 10
2.8927
 20
13.0482
 10
2.9212
 20
13.0419
 10
2.9496
 20
13.0355
 10
2.9781
 20
13.029
 10
3.0065
 20
13.0225
 10
3.0349
 20
13.0159
 10
3.0633
 20
13.0092
 10
3.0916
 20
13.0025
 10
3.12
 20
12.9957
 10
3.1483
 20
12.9889
 10
3.1767
 20
12.982
 10
3.205
 20
12.975
 10
3.2333
 20
12.968
 10
3.2616
 20
12.9609
 10
3.2898
 20
12.9538
 10
3.3181
 20
12.9466
 10
3.3463
 20
12.9393
 10
3.3745
 20
12.932
 10
3.4028
 20
12.9246
 10
3.4309
 20
12.9171
 10
3.4591
 20
12.9096
 10
3.4873
 20
12.902
 10
3.5154
 20
12.8944
 10
3.5435
 20
12.8867
 10
3.5716
 20
12.8789
 10
3.5997
 20
12.8711
 10
3.6278
 20
12.8632
 10
3.6559
 20
12.8553
 10
3.6839
 20
12.8473
 10
3.7119
 20
12.8392
 10
3.7399
 20
12.8311
 10
3.7679
 20
12.8229
 10
3.7959
 20
12.8146
 10
3.8238
 20
12.8063
 10
3.8517
 20
12.7979
 10
3.8797
 20
12.7895
 10
3.9075
 20
12.781
 10
3.9354
 20
12.7725
 10
3.9633
 20
12.7638
 10
3.9911
 20
12.7552
 10
4.0189
 20
12.7464
 10
4.0467
 20
12.7376
 10
4.0745
 20
12.7288
 10
4.1023
 20
12.7199
 10
4.13
 20
12.7109
 10
4.1577
 20
12.7018
 10
4.1854
 20
12.6927
 10
4.2131
 20
12.6836
 10
4.2408
 20
12.6743
 10
4.2684
 20
12.6651
 10
4.296
 20
12.6557
 10
4.3236
 20
12.6463
 10
4.3512
 20
12.6369
 10
4.3788
 20
12.6273
 10
4.4063
 20
12.6177
 10
4.4338
 20
12.6081
 10
4.4613
 20
12.5984
 10
4.4888
 20
12.5886
 10
4.5163
 20
12.5788
 10
4.5437
 20
12.5689
 10
4.5711
 20
12.559
 10
4.5985
 20
12.549
 10
4.6259
 20
12.5389
 10
4.6532
 20
12.5288
 10
4.6805
 20
12.5186
 10
4.7078
 20
12.5084
 10
4.7351
 20
12.4981
 10
4.7624
 20
12.4877
 10
4.7896
 20
12.4773
 10
4.8168
 20
12.4668
 10
4.844
 20
12.4563
 10
4.8711
 20
12.4457
 10
4.8983
 20
12.435
 10
4.9254
 20
12.4243
 10
4.9525
 20
12.4135
 10
4.9796
 20
12.4027
 10
5.0066
 20
12.3918
 10
5.0336
 20
12.3809
 10
5.0606
 20
12.3698
 10
5.0876
 20
12.3588
 10
5.1146
 20
12.3476
 10
5.1415
 20
12.3365
 10
5.1684
 20
12.3252
 10
5.1953
 20
12.3139
 10
5.2221
 20
12.3025
 10
5.2489
 20
12.2911
 10
5.2758
 20
12.2796
 10
5.3025
 20
12.2681
 10
5.3293
 20
12.2565
 10
5.356
 20
12.2449
 10
5.3827
 20
12.2331
 10
5.4094
 20
12.2214
 10
5.436
 20
12.2095
 10
5.4627
 20
12.1976
 10
5.4893
 20
12.1857
 10
5.5158
 20
12.1737
 10
5.5424
 20
12.1616
 10
5.5689
 20
12.1495
 10
5.5954
 20
12.1373
 10
5.6219
 20
12.1251
 10
5.6483
 20
12.1128
 10
5.6747
 20
12.1005
 10
5.7011
 20
12.088
 10
5.7274
 20
12.0756
 10
5.7538
 20
12.0631
 10
5.7801
 20
12.0505
 10
5.8064
 20
12.0378
 10
5.8326
 20
12.0251
 10
5.8588
 20
12.0124
 10
5.885
 20
11.9996
 10
5.9112
 20
11.9867
 10
5.9373
 20
11.9738
 10
5.9634
 20
11.9608
 10
5.9895
 20
11.9478
 10
6.0156
 20
11.9347
 10
6.0416
 20
11.9215
 10
6.0676
 20
11.9083
 10
6.0935
 20
11.895
 10
6.1195
 20
11.8817
 10
6.1454
 20
11.8683
 10
6.1713
 20
11.8549
 10
6.1971
 20
11.8414
 10
6.2229
 20
11.8279
 10
6.2487
 20
11.8143
 10
6.2745
 20
11.8006
 10
6.3002
 20
11.7869
 10
6.3259
 20
11.7731
 10
6.3516
 20
11.7593
 10
6.3772
 20
11.7454
 10
6.4028
 20
11.7314
 10
6.4284
 20
11.7175
 10
6.454
 20
11.7034
 10
6.4795
 20
11.6893
 10
6.505
 20
11.6751
 10
6.5304
 20
11.6609
 10
6.5558
 20
11.6466
 10
6.5812
 20
11.6323
 10
6.6066
 20
11.6179
 10
6.6319
 20
11.6035
 10
6.6572
 20
11.589
 10
6.6825
 20
11.5744
 10
6.7077
 20
11.5598
 10
6.7329
 20
11.5452
 10
6.7581
 20
11.5304
 10
6.7833
 20
11.5157
 10
6.8084
 20
11.5008
 10
6.8334
 20
11.486
 10
6.8585
 20
11.471
 10
6.8835
 20
11.456
 10
6.9085
 20
11.441
 10
6.9334
 20
11.4259
 10
6.9583
 20
11.4107
 10
6.9832
 20
11.3955
 10
7.008
 20
11.3803
 10
7.0328
 20
11.365
 10
7.0576
 20
11.3496
 10
7.0824
 20
11.3342
 10
7.1071
 20
11.3187
 10
7.1318
 20
11.3032
 10
7.1564
 20
11.2876
 10
7.181
 20
11.2719
 10
7.2056
 20
11.2562
 10
7.2301
 20
11.2405
 10
7.2546
 20
11.2247
 10
7.2791
 20
11.2088
 10
7.3035
 20
11.1929
 10
7.3279
 20
11.177
 10
7.3523
 20
11.161
 10
7.3766
 20
11.1449
 10
7.4009
 20
11.1288
 10
7.4252
 20
11.1126
 10
7.4494
 20
11.0964
 10
7.4736
 20
11.0801
 10
7.4978
 20
11.0638
 10
7.5219
 20
11.0474
 10
7.546
 20
11.0309
 10
7.57
 20
11.0144
 10
7.594
 20
10.9979
 10
7.618
 20
10.9813
 10
7.6419
 20
10.9647
 10
7.6658
 20
10.948
 10
7.6897
 20
10.9312
 10
7.7135
 20
10.9144
 10
7.7373
 20
10.8976
 10
7.7611
 20
10.8807
 10
7.7848
 20
10.8637
 10
7.8085
 20
10.8467
 10
7.8321
 20
10.8296
 10
7.8557
 20
10.8125
 10
7.8793
 20
10.7953
 10
7.9029
 20
10.7781
 10
7.9263
 20
10.7609
 10
7.9498
 20
10.7435
 10
7.9732
 20
10.7262
 10
7.9966
 20
10.7088
 10
8.02
 20
10.6913
 10
8.0433
 20
10.6738
 10
8.0665
 20
10.6562
 10
8.0898
 20
10.6386
 10
8.1129
 20
10.6209
 10
8.1361
 20
10.6032
 10
8.1592
 20
10.5854
 10
8.1823
 20
10.5676
 10
8.2053
 20
10.5497
 10
8.2283
 20
10.5318
 10
8.2513
 20
10.5138
 10
8.2742
 20
10.4958
 10
8.2971
 20
10.4777
 10
8.3199
 20
10.4596
 10
8.3427
 20
10.4414
 10
8.3655
 20
10.4232
 10
8.3882
 20
10.4049
 10
8.4109
 20
10.3866
 10
8.4335
 20
10.3682
 10
8.4561
 20
10.3498
 10
8.4787
 20
10.3313
 10
8.5012
 20
10.3128
 10
8.5237
 20
10.2942
 10
8.5461
 20
10.2756
 10
8.5685
 20
10.2569
 10
8.5909
 20
10.2382
 10
8.6132
 20
10.2194
 10
8.6354
 20
10.2006
 10
8.6577
 20
10.1817
 10
8.6799
 20
10.1628
 10
8.702
 20
10.1439
 10
8.7241
 20
10.1249
 10
8.7462
 20
10.1058
 10
8.7682
 20
10.0867
 10
8.7902
 20
10.0675
 10
8.8122
 20
10.0483
 10
8.8341
 20
10.0291
 10
8.8559
 20
10.0098
 10
8.8777
 20
9.9904
 10
8.8995
 20
9.9711
 10
8.9212
 20
9.9516
 10
8.9429
 20
9.9321
 10
8.9646
 20
9.9126
 10
8.9862
 20
9.893
 10
9.0077
 20
9.8734
 10
9.0293
 20
9.8537
 10
9.0507
 20
9.834
 10
9.0722
 20
9.8142
 10
9.0936
 20
9.7944
 10
9.1149
 20
9.7745
 10
9.1362
 20
9.7546
 10
9.1575
 20
9.7347
 10
9.1787
 20
9.7147
 10
9.1999
 20
9.6946
 10
9.221
 20
9.6745
 10
9.2421
 20
9.6544
 10
9.2631
 20
9.6342
 10
9.2841
 20
9.614
 10
9.3051
 20
9.5937
 10
9.326
 20
9.5734
 10
9.3468
 20
9.553
 10
9.3677
 20
9.5326
 10
9.3884
 20
9.5121
 10
9.4092
 20
9.4916
 10
9.4298
 20
9.4711
 10
9.4505
 20
9.4505
 10
9.4711
 20
9.4298
 10
9.4916
 20
9.4092
 10
9.5121
 20
9.3884
 10
9.5326
 20
9.3677
 10
9.553
 20
9.3468
 10
9.5734
 20
9.326
 10
9.5937
 20
9.3051
 10
9.614
 20
9.2841
 10
9.6342
 20
9.2631
 10
9.6544
 20
9.2421
 10
9.6745
 20
9.221
 10
9.6946
 20
9.1999
 10
9.7147
 20
9.1787
 10
9.7347
 20
9.1575
 10
9.7546
 20
9.1362
 10
9.7745
 20
9.1149
 10
9.7944
 20
9.0936
 10
9.8142
 20
9.0722
 10
9.834
 20
9.0507
 10
9.8537
 20
9.0293
 10
9.8734
 20
9.0077
 10
9.893
 20
8.9862
 10
9.9126
 20
8.9646
 10
9.9321
 20
8.9429
 10
9.9516
 20
8.9212
 10
9.9711
 20
8.8995
 10
9.9904
 20
8.8777
 10
10.0098
 20
8.8559
 10
10.0291
 20
8.8341
 10
10.0483
 20
8.8122
 10
10.0675
 20
8.7902
 10
10.0867
 20
8.7682
 10
10.1058
 20
8.7462
 10
10.1249
 20
8.7241
 10
10.1439
 20
8.702
 10
10.1628
 20
8.6799
 10
10.1817
 20
8.6577
 10
10.2006
 20
8.6354
 10
10.2194
 20
8.6132
 10
10.2382
 20
8.5909
 10
10.2569
 20
8.5685
 10
10.2756
 20
8.5461
 10
10.2942
 20
8.5237
 10
10.3128
 20
8.5012
 10
10.3313
 20
8.4787
 10
10.3498
 20
8.4561
 10
10.3682
 20
8.4335
 10
10.3866
 20
8.4109
 10
10.4049
 20
8.3882
 10
10.4232
 20
8.3655
 10
10.4414
 20
8.3427
 10
10.4596
 20
8.3199
 10
10.4777
 20
8.2971
 10
10.4958
 20
8.2742
 10
10.5138
 20
8.2513
 10
10.5318
 20
8.2283
 10
10.5497
 20
8.2053
 10
10.5676
 20
8.1823
 10
10.5854
 20
8.1592
 10
10.6032
 20
8.1361
 10
10.6209
 20
8.1129
 10
10.6386
 20
8.0898
 10
10.6562
 20
8.0665
 10
10.6738
 20
8.0433
 10
10.6913
 20
8.02
 10
10.7088
 20
7.9966
 10
10.7262
 20
7.9732
 10
10.7435
 20
7.9498
 10
10.7609
 20
7.9263
 10
10.7781
 20
7.9029
 10
10.7953
 20
7.8793
 10
10.8125
 20
7.8557
 10
10.8296
 20
7.8321
 10
10.8467
 20
7.8085
 10
10.8637
 20
7.7848
 10
10.8807
 20
7.7611
 10
10.8976
 20
7.7373
 10
10.9144
 20
7.7135
 10
10.9312
 20
7.6897
 10
10.948
 20
7.6658
 10
10.9647
 20
7.6419
 10
10.9813
 20
7.618
 10
10.9979
 20
7.594
 10
11.0144
 20
7.57
 10
11.0309
 20
7.546
 10
11.0474
 20
7.5219
 10
11.0638
 20
7.4978
 10
11.0801
 20
7.4736
 10
11.0964
 20
7.4494
 10
11.1126
 20
7.4252
 10
11.1288
 20
7.4009
 10
11.1449
 20
7.3766
 10
11.161
 20
7.3523
 10
11.177
 20
7.3279
 10
11.1929
 20
7.3035
 10
11.2088
 20
7.2791
 10
11.2247
 20
7.2546
 10
11.2405
 20
7.2301
 10
11.2562
 20
7.2056
 10
11.2719
 20
7.181
 10
11.2876
 20
7.1564
 10
11.3032
 20
7.1318
 10
11.3187
 20
7.1071
 10
11.3342
 20
7.0824
 10
11.3496
 20
7.0576
 10
11.365
 20
7.0328
 10
11.3803
 20
7.008
 10
11.3955
 20
6.9832
 10
11.4107
 20
6.9583
 10
11.4259
 20
6.9334
 10
11.441
 20
6.9085
 10
11.456
 20
6.8835
 10
11.471
 20
6.8585
 10
11.486
 20
6.8334
 10
11.5008
 20
6.8084
 10
11.5157
 20
6.7833
 10
11.5304
 20
6.7581
 10
11.5452
 20
6.7329
 10
11.5598
 20
6.7077
 10
11.5744
 20
6.6825
 10
11.589
 20
6.6572
 10
11.6035
 20
6.6319
 10
11.6179
 20
6.6066
 10
11.6323
 20
6.5812
 10
11.6466
 20
6.5558
 10
11.6609
 20
6.5304
 10
11.6751
 20
6.505
 10
11.6893
 20
6.4795
 10
11.7034
 20
6.454
 10
11.7175
 20
6.4284
 10
11.7314
 20
6.4028
 10
11.7454
 20
6.3772
 10
11.7593
 20
6.3516
 10
11.7731
 20
6.3259
 10
11.7869
 20
6.3002
 10
11.8006
 20
6.2745
 10
11.8143
 20
6.2487
 10
11.8279
 20
6.2229
 10
11.8414
 20
6.1971
 10
11.8549
 20
6.1713
 10
11.8683
 20
6.1454
 10
11.8817
 20
6.1195
 10
11.895
 20
6.0935
 10
11.9083
 20
6.0676
 10
11.9215
 20
6.0416
 10
11.9347
 20
6.0156
 10
11.9478
 20
5.9895
 10
11.9608
 20
5.9634
 10
11.9738
 20
5.9373
 10
11.9867
 20
5.9112
 10
11.9996
 20
5.885
 10
12.0124
 20
5.8588
 10
12.0251
 20
5.8326
 10
12.0378
 20
5.8064
 10
12.0505
 20
5.7801
 10
12.0631
 20
5.7538
 10
12.0756
 20
5.7274
 10
12.088
 20
5.7011
 10
12.1005
 20
5.6747
 10
12.1128
 20
5.6483
 10
12.1251
 20
5.6219
 10
12.1373
 20
5.5954
 10
12.1495
 20
5.5689
 10
12.1616
 20
5.5424
 10
12.1737
 20
5.5158
 10
12.1857
 20
5.4893
 10
12.1976
 20
5.4627
 10
12.2095
 20
5.436
 10
12.2214
 20
5.4094
 10
12.2331
 20
5.3827
 10
12.2449
 20
5.356
 10
12.2565
 20
5.3293
 10
12.2681
 20
5.3025
 10
12.2796
 20
5.2758
 10
12.2911
 20
5.2489
 10
12.3025
 20
5.2221
 10
12.3139
 20
5.1953
 10
12.3252
 20
5.1684
 10
12.3365
 20
5.1415
 10
12.3476
 20
5.1146
 10
12.3588
 20
5.0876
 10
12.3698
 20
5.0606
 10
12.3809
 20
5.0336
 10
12.3918
 20
5.0066
 10
12.4027
 20
4.9796
 10
12.4135
 20
4.9525
 10
12.4243
 20
4.9254
 10
12.435
 20
4.8983
 10
12.4457
 20
4.8711
 10
12.4563
 20
4.844
 10
12.4668
 20
4.8168
 10
12.4773
 20
4.7896
 10
12.4877
 20
4.7624
 10
12.4981
 20
4.7351
 10
12.5084
 20
4.7078
 10
12.5186
 20
4.6805
 10
12.5288
 20
4.6532
 10
12.5389
 20
4.6259
 10
12.549
 20
4.5985
 10
12.559
 20
4.5711
 10
12.5689
 20
4.5437
 10
12.5788
 20
4.5163
 10
12.5886
 20
4.4888
 10
12.5984
 20
4.4613
 10
12.6081
 20
4.4338
 10
12.6177
 20
4.4063
 10
12.6273
 20
4.3788
 10
12.6369
 20
4.3512
 10
12.6463
 20
4.3236
 10
12.6557
 20
4.296
 10
12.6651
 20
4.2684
 10
12.6743
 20
4.2408
 10
12.6836
 20
4.2131
 10
12.6927
 20
4.1854
 10
12.7018
 20
4.1577
 10
12.7109
 20
4.13
 10
12.7199
 20
4.1023
 10
12.7288
 20
4.0745
 10
12.7376
 20
4.0467
 10
12.7464
 20
4.0189
 10
12.7552
 20
3.9911
 10
12.7638
 20
3.9633
 10
12.7725
 20
3.9354
 10
12.781
 20
3.9075
 10
12.7895
 20
3.8797
 10
12.7979
 20
3.8517
 10
12.8063
 20
3.8238
 10
12.8146
 20
3.7959
 10
12.8229
 20
3.7679
 10
12.8311
 20
3.7399
 10
12.8392
 20
3.7119
 10
12.8473
 20
3.6839
 10
12.8553
 20
3.6559
 10
12.8632
 20
3.6278
 10
12.8711
 20
3.5997
 10
12.8789
 20
3.5716
 10
12.8867
 20
3.5435
 10
12.8944
 20
3.5154
 10
12.902
 20
3.4873
 10
12.9096
 20
3.4591
 10
12.9171
 20
3.4309
 10
12.9246
 20
3.4028
 10
12.932
 20
3.3745
 10
12.9393
 20
3.3463
 10
12.9466
 20
3.3181
 10
12.9538
 20
3.2898
 10
12.9609
 20
3.2616
 10
12.968
 20
3.2333
 10
12.975
 20
3.205
 10
12.982
 20
3.1767
 10
12.9889
 20
3.1483
 10
12.9957
 20
3.12
 10
13.0025
 20
3.0916
 10
13.0092
 20
3.0633
 10
13.0159
 20
3.0349
 10
13.0225
 20
3.0065
 10
13.029
 20
2.9781
 10
13.0355
 20
2.9496
 10
13.0419
 20
2.9212
 10
13.0482
 20
2.8927
 10
13.0545
 20
2.8642
 10
13.0607
 20
2.8358
 10
13.0668
 20
2.8073
 10
13.0729
 20
2.7787
 10
13.079
 20
2.7502
 10
13.0849
 20
2.7217
 10
13.0908
 20
2.6931
 10
13.0967
 20
2.6646
 10
13.1025
 20
2.636
 10
13.1082
 20
2.6074
 10
13.1139
 20
2.5788
 10
13.1194
 20
2.5502
 10
13.125
 20
2.5215
 10
13.1304
 20
2.4929
 10
13.1359
 20
2.4642
 10
13.1412
 20
2.4356
 10
13.1465
 20
2.4069
 10
13.1517
 20
2.3782
 10
13.1569
 20
2.3495
 10
13.162
 20
2.3208
 10
13.167
 20
2.2921
 10
13.172
 20
2.2634
 10
13.1769
 20
2.2346
 10
13.1817
 20
2.2059
 10
13.1865
 20
2.1771
 10
13.1912
 20
2.1483
 10
13.1959
 20
2.1195
 10
13.2005
 20
2.0907
 10
13.205
 20
2.0619
 10
13.2095
 20
2.0331
 10
13.2139
 20
2.0043
 10
13.2182
 20
1.9755
 10
13.2225
 20
1.9466
 10
13.2267
 20
1.9178
 10
13.2308
 20
1.8889
 10
13.2349
 20
1.86
 10
13.239
 20
1.8312
 10
13.2429
 20
1.8023
 10
13.2468
 20
1.7734
 10
13.2507
 20
1.7445
 10
13.2544
 20
1.7156
 10
13.2581
 20
1.6866
 10
13.2618
 20
1.6577
 10
13.2654
 20
1.6288
 10
13.2689
 20
1.5998
 10
13.2724
 20
1.5709
 10
13.2758
 20
1.5419
 10
13.2791
 20
1.513
 10
13.2824
 20
1.484
 10
13.2856
 20
1.455
 10
13.2887
 20
1.426
 10
13.2918
 20
1.397
 10
13.2948
 20
1.368
 10
13.2978
 20
1.339
 10
13.3006
 20
1.31
 10
13.3035
 20
1.281
 10
13.3062
 20
1.252
 10
13.3089
 20
1.2229
 10
13.3116
 20
1.1939
 10
13.3141
 20
1.1648
 10
13.3167
 20
1.1358
 10
13.3191
 20
1.1067
 10
13.3215
 20
1.0777
 10
13.3238
 20
1.0486
 10
13.3261
 20
1.0195
 10
13.3282
 20
0.9905
 10
13.3304
 20
0.9614
 10
13.3324
 20
0.9323
 10
13.3344
 20
0.9032
 10
13.3364
 20
0.8741
 10
13.3383
 20
0.845
 10
13.3401
 20
0.8159
 10
13.3418
 20
0.7868
 10
13.3435
 20
0.7577
 10
13.3451
 20
0.7286
 10
13.3467
 20
0.6995
 10
13.3482
 20
0.6704
 10
13.3496
 20
0.6412
 10
13.351
 20
0.6121
 10
13.3523
 20
0.583
 10
13.3535
 20
0.5538
 10
13.3547
 20
0.5247
 10
13.3558
 20
0.4956
 10
13.3569
 20
0.4664
 10
13.3578
 20
0.4373
 10
13.3588
 20
0.4081
 10
13.3596
 20
0.379
 10
13.3604
 20
0.3499
 10
13.3612
 20
0.3207
 10
13.3618
 20
0.2916
 10
13.3624
 20
0.2624
 10
13.363
 20
0.2333
 10
13.3634
 20
0.2041
 10
13.3639
 20
0.1749
 10
13.3642
 20
0.1458
 10
13.3645
 20
0.1166
 10
13.3647
 20
0.0875
 10
13.3649
 20
0.0583
 10
13.365
 20
0.0292
 10
13.365
 20
0.0
 10
13.365
 20
-0.0292
 10
13.3649
 20
-0.0583
 10
13.3647
 20
-0.0875
 10
13.3645
 20
-0.1166
 10
13.3642
 20
-0.1458
 10
13.3639
 20
-0.1749
 10
13.3634
 20
-0.2041
 10
13.363
 20
-0.2333
 10
13.3624
 20
-0.2624
 10
13.3618
 20
-0.2916
  0
LWPOLYLINE
  5
9C
330
17
100
AcDbEntity
  8
ALTIN
100
AcDbPolyline
 90
462
 70
1
 10
-6.4417
 20
-11.5616
 10
-6.4165
 20
-11.5756
 10
-6.3912
 20
-11.5896
 10
-6.3659
 20
-11.6035
 10
-6.3406
 20
-11.6173
 10
-6.3152
 20
-11.6311
 10
-6.2898
 20
-11.6449
 10
-6.2644
 20
-11.6586
 10
-6.2389
 20
-11.6722
 10
-6.2135
 20
-11.6858
 10
-6.1879
 20
-11.6993
 10
-6.1624
 20
-11.7128
 10
-6.1368
 20
-11.7262
 10
-6.1112
 20
-11.7396
 10
-6.0856
 20
-11.7529
 10
-6.06
 20
-11.7661
 10
-6.0343
 20
-11.7793
 10
-6.0086
 20
-11.7925
 10
-5.9828
 20
-11.8056
 10
-5.9571
 20
-11.8186
 10
-5.9313
 20
-11.8315
 10
-5.9054
 20
-11.8445
 10
-5.8796
 20
-11.8573
 10
-5.8537
 20
-11.8701
 10
-5.8278
 20
-11.8829
 10
-5.8018
 20
-11.8955
 10
-5.7759
 20
-11.9082
 10
-5.7499
 20
-11.9207
 10
-5.7239
 20
-11.9333
 10
-5.6978
 20
-11.9457
 10
-5.6717
 20
-11.9581
 10
-5.6456
 20
-11.9705
 10
-5.6195
 20
-11.9828
 10
-5.5934
 20
-11.995
 10
-5.5672
 20
-12.0072
 10
-5.541
 20
-12.0193
 10
-5.5147
 20
-12.0313
 10
-5.4885
 20
-12.0433
 10
-5.4622
 20
-12.0553
 10
-5.4516
 20
-12.0601
 10
-5.1731
 20
-11.4345
 10
-5.036
 20
-11.4955
 10
-5.3146
 20
-12.1211
 10
-5.3039
 20
-12.1257
 10
-5.2774
 20
-12.1373
 10
-5.251
 20
-12.1488
 10
-5.2244
 20
-12.1602
 10
-5.1979
 20
-12.1716
 10
-5.1713
 20
-12.1829
 10
-5.1447
 20
-12.1941
 10
-5.1181
 20
-12.2053
 10
-5.0915
 20
-12.2165
 10
-5.0648
 20
-12.2275
 10
-5.0381
 20
-12.2386
 10
-5.0114
 20
-12.2495
 10
-4.9847
 20
-12.2604
 10
-4.9579
 20
-12.2713
 10
-4.9311
 20
-12.2821
 10
-4.9043
 20
-12.2928
 10
-4.8775
 20
-12.3035
 10
-4.8506
 20
-12.3141
 10
-4.8238
 20
-12.3246
 10
-4.7969
 20
-12.3351
 10
-4.7699
 20
-12.3456
 10
-4.743
 20
-12.3559
 10
-4.716
 20
-12.3663
 10
-4.689
 20
-12.3765
 10
-4.662
 20
-12.3867
 10
-4.635
 20
-12.3969
 10
-4.6079
 20
-12.4069
 10
-4.5809
 20
-12.417
 10
-4.5538
 20
-12.4269
 10
-4.5266
 20
-12.4368
 10
-4.4995
 20
-12.4467
 10
-4.4723
 20
-12.4565
 10
-4.4451
 20
-12.4662
 10
-4.4179
 20
-12.4759
 10
-4.3907
 20
-12.4855
 10
-4.3635
 20
-12.495
 10
-4.3362
 20
-12.5045
 10
-4.3089
 20
-12.5139
 10
-4.2816
 20
-12.5233
 10
-4.2543
 20
-12.5326
 10
-4.2269
 20
-12.5419
 10
-4.1995
 20
-12.5511
 10
-4.1721
 20
-12.5602
 10
-4.1611
 20
-12.5638
 10
-3.9495
 20
-11.9126
 10
-3.8068
 20
-11.9589
 10
-4.0184
 20
-12.6102
 10
-4.0074
 20
-12.6137
 10
-3.9798
 20
-12.6224
 10
-3.9523
 20
-12.6311
 10
-3.9247
 20
-12.6397
 10
-3.8971
 20
-12.6482
 10
-3.8695
 20
-12.6567
 10
-3.8419
 20
-12.6651
 10
-3.8143
 20
-12.6735
 10
-3.7866
 20
-12.6817
 10
-3.7589
 20
-12.69
 10
-3.7312
 20
-12.6981
 10
-3.7035
 20
-12.7063
 10
-3.6758
 20
-12.7143
 10
-3.6481
 20
-12.7223
 10
-3.6203
 20
-12.7302
 10
-3.5925
 20
-12.7381
 10
-3.5647
 20
-12.7459
 10
-3.5369
 20
-12.7536
 10
-3.5091
 20
-12.7613
 10
-3.4812
 20
-12.769
 10
-3.4534
 20
-12.7765
 10
-3.4255
 20
-12.784
 10
-3.3976
 20
-12.7915
 10
-3.3697
 20
-12.7989
 10
-3.3417
 20
-12.8062
 10
-3.3138
 20
-12.8134
 10
-3.2858
 20
-12.8206
 10
-3.2578
 20
-12.8278
 10
-3.2298
 20
-12.8348
 10
-3.2018
 20
-12.8419
 10
-3.1738
 20
-12.8488
 10
-3.1458
 20
-12.8557
 10
-3.1177
 20
-12.8625
 10
-3.0896
 20
-12.8693
 10
-3.0616
 20
-12.876
 10
-3.0335
 20
-12.8827
 10
-3.0054
 20
-12.8893
 10
-2.9772
 20
-12.8958
 10
-2.9491
 20
-12.9023
 10
-2.9209
 20
-12.9087
 10
-2.8928
 20
-12.915
 10
-2.8646
 20
-12.9213
 10
-2.8364
 20
-12.9275
 10
-2.825
 20
-12.93
 10
-2.6827
 20
-12.2602
 10
-2.5359
 20
-12.2913
 10
-2.6783
 20
-12.9612
 10
-2.6669
 20
-12.9635
 10
-2.6386
 20
-12.9693
 10
-2.6103
 20
-12.975
 10
-2.582
 20
-12.9807
 10
-2.5537
 20
-12.9863
 10
-2.5254
 20
-12.9918
 10
-2.497
 20
-12.9973
 10
-2.4686
 20
-13.0027
 10
-2.4403
 20
-13.0081
 10
-2.4119
 20
-13.0134
 10
-2.3835
 20
-13.0186
 10
-2.3551
 20
-13.0238
 10
-2.3267
 20
-13.0289
 10
-2.2982
 20
-13.0339
 10
-2.2698
 20
-13.0389
 10
-2.2413
 20
-13.0438
 10
-2.2129
 20
-13.0487
 10
-2.1844
 20
-13.0535
 10
-2.1559
 20
-13.0582
 10
-2.1274
 20
-13.0629
 10
-2.0989
 20
-13.0675
 10
-2.0704
 20
-13.0721
 10
-2.0419
 20
-13.0765
 10
-2.0134
 20
-13.081
 10
-1.9848
 20
-13.0853
 10
-1.9563
 20
-13.0896
 10
-1.9277
 20
-13.0939
 10
-1.8991
 20
-13.098
 10
-1.8705
 20
-13.1021
 10
-1.842
 20
-13.1062
 10
-1.8134
 20
-13.1102
 10
-1.7848
 20
-13.1141
 10
-1.7561
 20
-13.118
 10
-1.7275
 20
-13.1218
 10
-1.6989
 20
-13.1255
 10
-1.6702
 20
-13.1292
 10
-1.6416
 20
-13.1328
 10
-1.6129
 20
-13.1363
 10
-1.5843
 20
-13.1398
 10
-1.5556
 20
-13.1433
 10
-1.5269
 20
-13.1466
 10
-1.4982
 20
-13.1499
 10
-1.4696
 20
-13.1532
 10
-1.458
 20
-13.1544
 10
-1.3864
 20
-12.4734
 10
-1.2372
 20
-12.4891
 10
-1.3088
 20
-13.1701
 10
-1.2973
 20
-13.1713
 10
-1.2685
 20
-13.1741
 10
-1.2398
 20
-13.1768
 10
-1.211
 20
-13.1795
 10
-1.1823
 20
-13.1821
 10
-1.1535
 20
-13.1846
 10
-1.1247
 20
-13.1871
 10
-1.096
 20
-13.1895
 10
-1.0672
 20
-13.1919
 10
-1.0384
 20
-13.1942
 10
-1.0096
 20
-13.1964
 10
-0.9808
 20
-13.1986
 10
-0.952
 20
-13.2007
 10
-0.9232
 20
-13.2028
 10
-0.8944
 20
-13.2047
 10
-0.8656
 20
-13.2067
 10
-0.8368
 20
-13.2085
 10
-0.808
 20
-13.2103
 10
-0.7792
 20
-13.212
 10
-0.7503
 20
-13.2137
 10
-0.7215
 20
-13.2153
 10
-0.6927
 20
-13.2169
 10
-0.6638
 20
-13.2183
 10
-0.635
 20
-13.2198
 10
-0.6061
 20
-13.2211
 10
-0.5773
 20
-13.2224
 10
-0.5485
 20
-13.2236
 10
-0.5196
 20
-13.2248
 10
-0.4908
 20
-13.2259
 10
-0.4619
 20
-13.2269
 10
-0.433
 20
-13.2279
 10
-0.4042
 20
-13.2288
 10
-0.3753
 20
-13.2297
 10
-0.3465
 20
-13.2305
 10
-0.3176
 20
-13.2312
 10
-0.2887
 20
-13.2319
 10
-0.2599
 20
-13.2324
 10
-0.231
 20
-13.233
 10
-0.2021
 20
-13.2335
 10
-0.1732
 20
-13.2339
 10
-0.1444
 20
-13.2342
 10
-0.12
 20
-13.2345
 10
-0.12
 20
-12.1144
 10
-0.1322
 20
-12.1143
 10
-0.1586
 20
-12.114
 10
-0.185
 20
-12.1136
 10
-0.2114
 20
-12.1132
 10
-0.2379
 20
-12.1127
 10
-0.2643
 20
-12.1121
 10
-0.2907
 20
-12.1115
 10
-0.3171
 20
-12.1108
 10
-0.3436
 20
-12.1101
 10
-0.37
 20
-12.1093
 10
-0.3964
 20
-12.1085
 10
-0.4228
 20
-12.1076
 10
-0.4492
 20
-12.1067
 10
-0.4756
 20
-12.1057
 10
-0.502
 20
-12.1046
 10
-0.5284
 20
-12.1035
 10
-0.5549
 20
-12.1023
 10
-0.5813
 20
-12.101
 10
-0.6077
 20
-12.0998
 10
-0.6341
 20
-12.0984
 10
-0.6604
 20
-12.097
 10
-0.6868
 20
-12.0955
 10
-0.7132
 20
-12.094
 10
-0.7396
 20
-12.0924
 10
-0.766
 20
-12.0908
 10
-0.7924
 20
-12.0891
 10
-0.8187
 20
-12.0873
 10
-0.8451
 20
-12.0855
 10
-0.8715
 20
-12.0836
 10
-0.8978
 20
-12.0817
 10
-0.9242
 20
-12.0797
 10
-0.9505
 20
-12.0777
 10
-0.9769
 20
-12.0756
 10
-1.0032
 20
-12.0734
 10
-1.0296
 20
-12.0712
 10
-1.0559
 20
-12.0689
 10
-1.0822
 20
-12.0666
 10
-1.1085
 20
-12.0642
 10
-1.1349
 20
-12.0617
 10
-1.1612
 20
-12.0592
 10
-1.1875
 20
-12.0567
 10
-1.2138
 20
-12.054
 10
-1.2401
 20
-12.0514
 10
-1.2664
 20
-12.0486
 10
-1.2926
 20
-12.0458
 10
-1.3189
 20
-12.043
 10
-1.3452
 20
-12.0401
 10
-1.3715
 20
-12.0371
 10
-1.3977
 20
-12.0341
 10
-1.424
 20
-12.031
 10
-1.4502
 20
-12.0279
 10
-1.4764
 20
-12.0247
 10
-1.5027
 20
-12.0214
 10
-1.5289
 20
-12.0181
 10
-1.5551
 20
-12.0148
 10
-1.5813
 20
-12.0114
 10
-1.6075
 20
-12.0079
 10
-1.6337
 20
-12.0043
 10
-1.6599
 20
-12.0007
 10
-1.6861
 20
-11.9971
 10
-1.7123
 20
-11.9934
 10
-1.7384
 20
-11.9896
 10
-1.7646
 20
-11.9858
 10
-1.7907
 20
-11.9819
 10
-1.8168
 20
-11.978
 10
-1.843
 20
-11.974
 10
-1.8691
 20
-11.97
 10
-1.8952
 20
-11.9658
 10
-1.9213
 20
-11.9617
 10
-1.9474
 20
-11.9575
 10
-1.9735
 20
-11.9532
 10
-1.9996
 20
-11.9489
 10
-2.0256
 20
-11.9445
 10
-2.0517
 20
-11.94
 10
-2.0777
 20
-11.9355
 10
-2.1037
 20
-11.9309
 10
-2.1298
 20
-11.9263
 10
-2.1558
 20
-11.9217
 10
-2.1818
 20
-11.9169
 10
-2.2078
 20
-11.9121
 10
-2.2338
 20
-11.9073
 10
-2.2597
 20
-11.9024
 10
-2.2857
 20
-11.8974
 10
-2.3117
 20
-11.8924
 10
-2.3376
 20
-11.8873
 10
-2.3635
 20
-11.8822
 10
-2.3894
 20
-11.877
 10
-2.4153
 20
-11.8718
 10
-2.4412
 20
-11.8665
 10
-2.4671
 20
-11.8611
 10
-2.493
 20
-11.8557
 10
-2.5189
 20
-11.8503
 10
-2.5447
 20
-11.8447
 10
-2.5705
 20
-11.8392
 10
-2.5964
 20
-11.8335
 10
-2.6222
 20
-11.8278
 10
-2.648
 20
-11.8221
 10
-2.6737
 20
-11.8163
 10
-2.6995
 20
-11.8104
 10
-2.7253
 20
-11.8045
 10
-2.751
 20
-11.7985
 10
-2.7768
 20
-11.7925
 10
-2.8025
 20
-11.7864
 10
-2.8282
 20
-11.7803
 10
-2.8539
 20
-11.7741
 10
-2.8796
 20
-11.7678
 10
-2.9052
 20
-11.7615
 10
-2.9309
 20
-11.7551
 10
-2.9565
 20
-11.7487
 10
-2.9821
 20
-11.7422
 10
-3.0078
 20
-11.7357
 10
-3.0334
 20
-11.7291
 10
-3.0589
 20
-11.7225
 10
-3.0845
 20
-11.7158
 10
-3.1101
 20
-11.709
 10
-3.1356
 20
-11.7022
 10
-3.1611
 20
-11.6953
 10
-3.1866
 20
-11.6884
 10
-3.2121
 20
-11.6814
 10
-3.2376
 20
-11.6744
 10
-3.2631
 20
-11.6673
 10
-3.2885
 20
-11.6601
 10
-3.3139
 20
-11.6529
 10
-3.3393
 20
-11.6457
 10
-3.3647
 20
-11.6384
 10
-3.3901
 20
-11.631
 10
-3.4155
 20
-11.6236
 10
-3.4408
 20
-11.6161
 10
-3.4662
 20
-11.6086
 10
-3.4915
 20
-11.601
 10
-3.5168
 20
-11.5933
 10
-3.5421
 20
-11.5856
 10
-3.5674
 20
-11.5779
 10
-3.5926
 20
-11.5701
 10
-3.6178
 20
-11.5622
 10
-3.6431
 20
-11.5543
 10
-3.6682
 20
-11.5463
 10
-3.6934
 20
-11.5383
 10
-3.7186
 20
-11.5302
 10
-3.7437
 20
-11.522
 10
-3.7689
 20
-11.5139
 10
-3.794
 20
-11.5056
 10
-3.8191
 20
-11.4973
 10
-3.8441
 20
-11.4889
 10
-3.8692
 20
-11.4805
 10
-3.8942
 20
-11.4721
 10
-3.9193
 20
-11.4635
 10
-3.9443
 20
-11.455
 10
-3.9692
 20
-11.4463
 10
-3.9942
 20
-11.4376
 10
-4.0191
 20
-11.4289
 10
-4.0441
 20
-11.4201
 10
-4.069
 20
-11.4113
 10
-4.0939
 20
-11.4023
 10
-4.1187
 20
-11.3934
 10
-4.1436
 20
-11.3844
 10
-4.1684
 20
-11.3753
 10
-4.1932
 20
-11.3662
 10
-4.218
 20
-11.357
 10
-4.2428
 20
-11.3478
 10
-4.2675
 20
-11.3385
 10
-4.2922
 20
-11.3292
 10
-4.3169
 20
-11.3198
 10
-4.3416
 20
-11.3103
 10
-4.3663
 20
-11.3008
 10
-4.3909
 20
-11.2913
 10
-4.4156
 20
-11.2817
 10
-4.4402
 20
-11.272
 10
-4.4647
 20
-11.2623
 10
-4.4893
 20
-11.2525
 10
-4.5138
 20
-11.2427
 10
-4.5384
 20
-11.2328
 10
-4.5629
 20
-11.2229
 10
-4.5873
 20
-11.2129
 10
-4.6118
 20
-11.2029
 10
-4.6362
 20
-11.1928
 10
-4.6606
 20
-11.1827
 10
-4.685
 20
-11.1725
 10
-4.7094
 20
-11.1622
 10
-4.7337
 20
-11.1519
 10
-4.758
 20
-11.1416
 10
-4.7823
 20
-11.1312
 10
-4.8066
 20
-11.1207
 10
-4.8308
 20
-11.1102
 10
-4.8551
 20
-11.0996
 10
-4.8793
 20
-11.089
 10
-4.9035
 20
-11.0783
 10
-4.9276
 20
-11.0676
 10
-4.9517
 20
-11.0568
 10
-4.9759
 20
-11.046
 10
-4.9999
 20
-11.0351
 10
-5.024
 20
-11.0242
 10
-5.048
 20
-11.0132
 10
-5.0721
 20
-11.0022
 10
-5.0961
 20
-10.9911
 10
-5.12
 20
-10.9799
 10
-5.144
 20
-10.9687
 10
-5.1679
 20
-10.9575
 10
-5.1918
 20
-10.9462
 10
-5.2156
 20
-10.9348
 10
-5.2395
 20
-10.9234
 10
-5.2633
 20
-10.912
 10
-5.2871
 20
-10.9005
 10
-5.3109
 20
-10.8889
 10
-5.3346
 20
-10.8773
 10
-5.3583
 20
-10.8656
 10
-5.382
 20
-10.8539
 10
-5.4057
 20
-10.8421
 10
-5.4293
 20
-10.8303
 10
-5.4529
 20
-10.8184
 10
-5.4765
 20
-10.8065
 10
-5.5001
 20
-10.7945
 10
-5.5236
 20
-10.7825
 10
-5.5471
 20
-10.7704
 10
-5.5706
 20
-10.7583
 10
-5.5941
 20
-10.7461
 10
-5.6175
 20
-10.7339
 10
-5.6409
 20
-10.7216
 10
-5.6643
 20
-10.7093
 10
-5.6876
 20
-10.6969
 10
-5.711
 20
-10.6845
 10
-5.7343
 20
-10.672
 10
-5.7575
 20
-10.6595
 10
-5.7808
 20
-10.6469
 10
-5.804
 20
-10.6342
 10
-5.8272
 20
-10.6215
 10
-5.8503
 20
-10.6088
 10
-5.8735
 20
-10.596
 10
-5.8966
 20
-10.5832
 10
-5.9196
 20
-10.5703
 10
-5.9427
 20
-10.5573
 10
-5.9533
 20
-10.5514
 10
-6.5133
 20
-11.5214
 10
-6.4921
 20
-11.5333
 10
-6.4669
 20
-11.5475
  0
LWPOLYLINE
  5
9D
330
17
100
AcDbEntity
  8
ALTIN
100
AcDbPolyline
 90
462
 70
1
 10
0.2021
 20
-13.2335
 10
0.231
 20
-13.233
 10
0.2599
 20
-13.2324
 10
0.2887
 20
-13.2319
 10
0.3176
 20
-13.2312
 10
0.3465
 20
-13.2305
 10
0.3753
 20
-13.2297
 10
0.4042
 20
-13.2288
 10
0.433
 20
-13.2279
 10
0.4619
 20
-13.2269
 10
0.4908
 20
-13.2259
 10
0.5196
 20
-13.2248
 10
0.5485
 20
-13.2236
 10
0.5773
 20
-13.2224
 10
0.6061
 20
-13.2211
 10
0.635
 20
-13.2198
 10
0.6638
 20
-13.2183
 10
0.6927
 20
-13.2169
 10
0.7215
 20
-13.2153
 10
0.7503
 20
-13.2137
 10
0.7792
 20
-13.212
 10
0.808
 20
-13.2103
 10
0.8368
 20
-13.2085
 10
0.8656
 20
-13.2067
 10
0.8944
 20
-13.2047
 10
0.9232
 20
-13.2028
 10
0.952
 20
-13.2007
 10
0.9808
 20
-13.1986
 10
1.0096
 20
-13.1964
 10
1.0384
 20
-13.1942
 10
1.0672
 20
-13.1919
 10
1.096
 20
-13.1895
 10
1.1247
 20
-13.1871
 10
1.1535
 20
-13.1846
 10
1.1823
 20
-13.1821
 10
1.211
 20
-13.1795
 10
1.2398
 20
-13.1768
 10
1.2685
 20
-13.1741
 10
1.2973
 20
-13.1713
 10
1.3088
 20
-13.1701
 10
1.2372
 20
-12.4891
 10
1.3864
 20
-12.4734
 10
1.458
 20
-13.1544
 10
1.4696
 20
-13.1532
 10
1.4982
 20
-13.1499
 10
1.5269
 20
-13.1466
 10
1.5556
 20
-13.1433
 10
1.5843
 20
-13.1398
 10
1.6129
 20
-13.1363
 10
1.6416
 20
-13.1328
 10
1.6702
 20
-13.1292
 10
1.6989
 20
-13.1255
 10
1.7275
 20
-13.1218
 10
1.7561
 20
-13.118
 10
1.7848
 20
-13.1141
 10
1.8134
 20
-13.1102
 10
1.842
 20
-13.1062
 10
1.8705
 20
-13.1021
 10
1.8991
 20
-13.098
 10
1.9277
 20
-13.0939
 10
1.9563
 20
-13.0896
 10
1.9848
 20
-13.0853
 10
2.0134
 20
-13.081
 10
2.0419
 20
-13.0765
 10
2.0704
 20
-13.0721
 10
2.0989
 20
-13.0675
 10
2.1274
 20
-13.0629
 10
2.1559
 20
-13.0582
 10
2.1844
 20
-13.0535
 10
2.2129
 20
-13.0487
 10
2.2413
 20
-13.0438
 10
2.2698
 20
-13.0389
 10
2.2982
 20
-13.0339
 10
2.3267
 20
-13.0289
 10
2.3551
 20
-13.0238
 10
2.3835
 20
-13.0186
 10
2.4119
 20
-13.0134
 10
2.4403
 20
-13.0081
 10
2.4686
 20
-13.0027
 10
2.497
 20
-12.9973
 10
2.5254
 20
-12.9918
 10
2.5537
 20
-12.9863
 10
2.582
 20
-12.9807
 10
2.6103
 20
-12.975
 10
2.6386
 20
-12.9693
 10
2.6669
 20
-12.9635
 10
2.6783
 20
-12.9612
 10
2.5359
 20
-12.2913
 10
2.6827
 20
-12.2602
 10
2.825
 20
-12.93
 10
2.8364
 20
-12.9275
 10
2.8646
 20
-12.9213
 10
2.8928
 20
-12.915
 10
2.9209
 20
-12.9087
 10
2.9491
 20
-12.9023
 10
2.9772
 20
-12.8958
 10
3.0054
 20
-12.8893
 10
3.0335
 20
-12.8827
 10
3.0616
 20
-12.876
 10
3.0896
 20
-12.8693
 10
3.1177
 20
-12.8625
 10
3.1458
 20
-12.8557
 10
3.1738
 20
-12.8488
 10
3.2018
 20
-12.8419
 10
3.2298
 20
-12.8348
 10
3.2578
 20
-12.8278
 10
3.2858
 20
-12.8206
 10
3.3138
 20
-12.8134
 10
3.3417
 20
-12.8062
 10
3.3697
 20
-12.7989
 10
3.3976
 20
-12.7915
 10
3.4255
 20
-12.784
 10
3.4534
 20
-12.7765
 10
3.4812
 20
-12.769
 10
3.5091
 20
-12.7613
 10
3.5369
 20
-12.7536
 10
3.5647
 20
-12.7459
 10
3.5925
 20
-12.7381
 10
3.6203
 20
-12.7302
 10
3.6481
 20
-12.7223
 10
3.6758
 20
-12.7143
 10
3.7035
 20
-12.7063
 10
3.7312
 20
-12.6981
 10
3.7589
 20
-12.69
 10
3.7866
 20
-12.6817
 10
3.8143
 20
-12.6735
 10
3.8419
 20
-12.6651
 10
3.8695
 20
-12.6567
 10
3.8971
 20
-12.6482
 10
3.9247
 20
-12.6397
 10
3.9523
 20
-12.6311
 10
3.9798
 20
-12.6224
 10
4.0074
 20
-12.6137
 10
4.0184
 20
-12.6102
 10
3.8068
 20
-11.9589
 10
3.9495
 20
-11.9126
 10
4.1611
 20
-12.5638
 10
4.1721
 20
-12.5602
 10
4.1995
 20
-12.5511
 10
4.2269
 20
-12.5419
 10
4.2543
 20
-12.5326
 10
4.2816
 20
-12.5233
 10
4.3089
 20
-12.5139
 10
4.3362
 20
-12.5045
 10
4.3635
 20
-12.495
 10
4.3907
 20
-12.4855
 10
4.4179
 20
-12.4759
 10
4.4451
 20
-12.4662
 10
4.4723
 20
-12.4565
 10
4.4995
 20
-12.4467
 10
4.5266
 20
-12.4368
 10
4.5538
 20
-12.4269
 10
4.5809
 20
-12.417
 10
4.6079
 20
-12.4069
 10
4.635
 20
-12.3969
 10
4.662
 20
-12.3867
 10
4.689
 20
-12.3765
 10
4.716
 20
-12.3663
 10
4.743
 20
-12.3559
 10
4.7699
 20
-12.3456
 10
4.7969
 20
-12.3351
 10
4.8238
 20
-12.3246
 10
4.8506
 20
-12.3141
 10
4.8775
 20
-12.3035
 10
4.9043
 20
-12.2928
 10
4.9311
 20
-12.2821
 10
4.9579
 20
-12.2713
 10
4.9847
 20
-12.2604
 10
5.0114
 20
-12.2495
 10
5.0381
 20
-12.2386
 10
5.0648
 20
-12.2275
 10
5.0915
 20
-12.2165
 10
5.1181
 20
-12.2053
 10
5.1447
 20
-12.1941
 10
5.1713
 20
-12.1829
 10
5.1979
 20
-12.1716
 10
5.2244
 20
-12.1602
 10
5.251
 20
-12.1488
 10
5.2774
 20
-12.1373
 10
5.3039
 20
-12.1257
 10
5.3146
 20
-12.1211
 10
5.036
 20
-11.4955
 10
5.1731
 20
-11.4345
 10
5.4516
 20
-12.0601
 10
5.4622
 20
-12.0553
 10
5.4885
 20
-12.0433
 10
5.5147
 20
-12.0313
 10
5.541
 20
-12.0193
 10
5.5672
 20
-12.0072
 10
5.5934
 20
-11.995
 10
5.6195
 20
-11.9828
 10
5.6456
 20
-11.9705
 10
5.6717
 20
-11.9581
 10
5.6978
 20
-11.9457
 10
5.7239
 20
-11.9333
 10
5.7499
 20
-11.9207
 10
5.7759
 20
-11.9082
 10
5.8018
 20
-11.8955
 10
5.8278
 20
-11.8829
 10
5.8537
 20
-11.8701
 10
5.8796
 20
-11.8573
 10
5.9054
 20
-11.8445
 10
5.9313
 20
-11.8315
 10
5.9571
 20
-11.8186
 10
5.9828
 20
-11.8056
 10
6.0086
 20
-11.7925
 10
6.0343
 20
-11.7793
 10
6.06
 20
-11.7661
 10
6.0856
 20
-11.7529
 10
6.1112
 20
-11.7396
 10
6.1368
 20
-11.7262
 10
6.1624
 20
-11.7128
 10
6.1879
 20
-11.6993
 10
6.2135
 20
-11.6858
 10
6.2389
 20
-11.6722
 10
6.2644
 20
-11.6586
 10
6.2898
 20
-11.6449
 10
6.3152
 20
-11.6311
 10
6.3406
 20
-11.6173
 10
6.3659
 20
-11.6035
 10
6.3912
 20
-11.5896
 10
6.4165
 20
-11.5756
 10
6.4417
 20
-11.5616
 10
6.4669
 20
-11.5475
 10
6.4921
 20
-11.5333
 10
6.5133
 20
-11.5214
 10
5.9533
 20
-10.5514
 10
5.9427
 20
-10.5573
 10
5.9196
 20
-10.5703
 10
5.8966
 20
-10.5832
 10
5.8735
 20
-10.596
 10
5.8503
 20
-10.6088
 10
5.8272
 20
-10.6215
 10
5.804
 20
-10.6342
 10
5.7808
 20
-10.6469
 10
5.7575
 20
-10.6595
 10
5.7343
 20
-10.672
 10
5.711
 20
-10.6845
 10
5.6876
 20
-10.6969
 10
5.6643
 20
-10.7093
 10
5.6409
 20
-10.7216
 10
5.6175
 20
-10.7339
 10
5.5941
 20
-10.7461
 10
5.5706
 20
-10.7583
 10
5.5471
 20
-10.7704
 10
5.5236
 20
-10.7825
 10
5.5001
 20
-10.7945
 10
5.4765
 20
-10.8065
 10
5.4529
 20
-10.8184
 10
5.4293
 20
-10.8303
 10
5.4057
 20
-10.8421
 10
5.382
 20
-10.8539
 10
5.3583
 20
-10.8656
 10
5.3346
 20
-10.8773
 10
5.3109
 20
-10.8889
 10
5.2871
 20
-10.9005
 10
5.2633
 20
-10.912
 10
5.2395
 20
-10.9234
 10
5.2156
 20
-10.9348
 10
5.1918
 20
-10.9462
 10
5.1679
 20
-10.9575
 10
5.144
 20
-10.9687
 10
5.12
 20
-10.9799
 10
5.0961
 20
-10.9911
 10
5.0721
 20
-11.0022
 10
5.048
 20
-11.0132
 10
5.024
 20
-11.0242
 10
4.9999
 20
-11.0351
 10
4.9759
 20
-11.046
 10
4.9517
 20
-11.0568
 10
4.9276
 20
-11.0676
 10
4.9035
 20
-11.0783
 10
4.8793
 20
-11.089
 10
4.8551
 20
-11.0996
 10
4.8308
 20
-11.1102
 10
4.8066
 20
-11.1207
 10
4.7823
 20
-11.1312
 10
4.758
 20
-11.1416
 10
4.7337
 20
-11.1519
 10
4.7094
 20
-11.1622
 10
4.685
 20
-11.1725
 10
4.6606
 20
-11.1827
 10
4.6362
 20
-11.1928
 10
4.6118
 20
-11.2029
 10
4.5873
 20
-11.2129
 10
4.5629
 20
-11.2229
 10
4.5384
 20
-11.2328
 10
4.5138
 20
-11.2427
 10
4.4893
 20
-11.2525
 10
4.4647
 20
-11.2623
 10
4.4402
 20
-11.272
 10
4.4156
 20
-11.2817
 10
4.3909
 20
-11.2913
 10
4.3663
 20
-11.3008
 10
4.3416
 20
-11.3103
 10
4.3169
 20
-11.3198
 10
4.2922
 20
-11.3292
 10
4.2675
 20
-11.3385
 10
4.2428
 20
-11.3478
 10
4.218
 20
-11.357
 10
4.1932
 20
-11.3662
 10
4.1684
 20
-11.3753
 10
4.1436
 20
-11.3844
 10
4.1187
 20
-11.3934
 10
4.0939
 20
-11.4023
 10
4.069
 20
-11.4113
 10
4.0441
 20
-11.4201
 10
4.0191
 20
-11.4289
 10
3.9942
 20
-11.4376
 10
3.9692
 20
-11.4463
 10
3.9443
 20
-11.455
 10
3.9193
 20
-11.4635
 10
3.8942
 20
-11.4721
 10
3.8692
 20
-11.4805
 10
3.8441
 20
-11.4889
 10
3.8191
 20
-11.4973
 10
3.794
 20
-11.5056
 10
3.7689
 20
-11.5139
 10
3.7437
 20
-11.522
 10
3.7186
 20
-11.5302
 10
3.6934
 20
-11.5383
 10
3.6682
 20
-11.5463
 10
3.6431
 20
-11.5543
 10
3.6178
 20
-11.5622
 10
3.5926
 20
-11.5701
 10
3.5674
 20
-11.5779
 10
3.5421
 20
-11.5856
 10
3.5168
 20
-11.5933
 10
3.4915
 20
-11.601
 10
3.4662
 20
-11.6086
 10
3.4408
 20
-11.6161
 10
3.4155
 20
-11.6236
 10
3.3901
 20
-11.631
 10
3.3647
 20
-11.6384
 10
3.3393
 20
-11.6457
 10
3.3139
 20
-11.6529
 10
3.2885
 20
-11.6601
 10
3.2631
 20
-11.6673
 10
3.2376
 20
-11.6744
 10
3.2121
 20
-11.6814
 10
3.1866
 20
-11.6884
 10
3.1611
 20
-11.6953
 10
3.1356
 20
-11.7022
 10
3.1101
 20
-11.709
 10
3.0845
 20
-11.7158
 10
3.0589
 20
-11.7225
 10
3.0334
 20
-11.7291
 10
3.0078
 20
-11.7357
 10
2.9821
 20
-11.7422
 10
2.9565
 20
-11.7487
 10
2.9309
 20
-11.7551
 10
2.9052
 20
-11.7615
 10
2.8796
 20
-11.7678
 10
2.8539
 20
-11.7741
 10
2.8282
 20
-11.7803
 10
2.8025
 20
-11.7864
 10
2.7768
 20
-11.7925
 10
2.751
 20
-11.7985
 10
2.7253
 20
-11.8045
 10
2.6995
 20
-11.8104
 10
2.6737
 20
-11.8163
 10
2.648
 20
-11.8221
 10
2.6222
 20
-11.8278
 10
2.5964
 20
-11.8335
 10
2.5705
 20
-11.8392
 10
2.5447
 20
-11.8447
 10
2.5189
 20
-11.8503
 10
2.493
 20
-11.8557
 10
2.4671
 20
-11.8611
 10
2.4412
 20
-11.8665
 10
2.4153
 20
-11.8718
 10
2.3894
 20
-11.877
 10
2.3635
 20
-11.8822
 10
2.3376
 20
-11.8873
 10
2.3117
 20
-11.8924
 10
2.2857
 20
-11.8974
 10
2.2597
 20
-11.9024
 10
2.2338
 20
-11.9073
 10
2.2078
 20
-11.9121
 10
2.1818
 20
-11.9169
 10
2.1558
 20
-11.9217
 10
2.1298
 20
-11.9263
 10
2.1037
 20
-11.9309
 10
2.0777
 20
-11.9355
 10
2.0517
 20
-11.94
 10
2.0256
 20
-11.9445
 10
1.9996
 20
-11.9489
 10
1.9735
 20
-11.9532
 10
1.9474
 20
-11.9575
 10
1.9213
 20
-11.9617
 10
1.8952
 20
-11.9658
 10
1.8691
 20
-11.97
 10
1.843
 20
-11.974
 10
1.8168
 20
-11.978
 10
1.7907
 20
-11.9819
 10
1.7646
 20
-11.9858
 10
1.7384
 20
-11.9896
 10
1.7123
 20
-11.9934
 10
1.6861
 20
-11.9971
 10
1.6599
 20
-12.0007
 10
1.6337
 20
-12.0043
 10
1.6075
 20
-12.0079
 10
1.5813
 20
-12.0114
 10
1.5551
 20
-12.0148
 10
1.5289
 20
-12.0181
 10
1.5027
 20
-12.0214
 10
1.4764
 20
-12.0247
 10
1.4502
 20
-12.0279
 10
1.424
 20
-12.031
 10
1.3977
 20
-12.0341
 10
1.3715
 20
-12.0371
 10
1.3452
 20
-12.0401
 10
1.3189
 20
-12.043
 10
1.2926
 20
-12.0458
 10
1.2664
 20
-12.0486
 10
1.2401
 20
-12.0514
 10
1.2138
 20
-12.054
 10
1.1875
 20
-12.0567
 10
1.1612
 20
-12.0592
 10
1.1349
 20
-12.0617
 10
1.1085
 20
-12.0642
 10
1.0822
 20
-12.0666
 10
1.0559
 20
-12.0689
 10
1.0296
 20
-12.0712
 10
1.0032
 20
-12.0734
 10
0.9769
 20
-12.0756
 10
0.9505
 20
-12.0777
 10
0.9242
 20
-12.0797
 10
0.8978
 20
-12.0817
 10
0.8715
 20
-12.0836
 10
0.8451
 20
-12.0855
 10
0.8187
 20
-12.0873
 10
0.7924
 20
-12.0891
 10
0.766
 20
-12.0908
 10
0.7396
 20
-12.0924
 10
0.7132
 20
-12.094
 10
0.6868
 20
-12.0955
 10
0.6604
 20
-12.097
 10
0.6341
 20
-12.0984
 10
0.6077
 20
-12.0998
 10
0.5813
 20
-12.101
 10
0.5549
 20
-12.1023
 10
0.5284
 20
-12.1035
 10
0.502
 20
-12.1046
 10
0.4756
 20
-12.1057
 10
0.4492
 20
-12.1067
 10
0.4228
 20
-12.1076
 10
0.3964
 20
-12.1085
 10
0.37
 20
-12.1093
 10
0.3436
 20
-12.1101
 10
0.3171
 20
-12.1108
 10
0.2907
 20
-12.1115
 10
0.2643
 20
-12.1121
 10
0.2379
 20
-12.1127
 10
0.2114
 20
-12.1132
 10
0.185
 20
-12.1136
 10
0.1586
 20
-12.114
 10
0.1322
 20
-12.1143
 10
0.12
 20
-12.1144
 10
0.12
 20
-13.2345
 10
0.1444
 20
-13.2342
 10
0.1732
 20
-13.2339
  0
LWPOLYLINE
  5
9E
330
17
100
AcDbEntity
  8
ALTIN
100
AcDbPolyline
 90
462
 70
1
 10
6.8165
 20
-11.3446
 10
6.8413
 20
-11.3297
 10
6.866
 20
-11.3148
 10
6.8906
 20
-11.2998
 10
6.9153
 20
-11.2847
 10
6.9399
 20
-11.2696
 10
6.9644
 20
-11.2544
 10
6.989
 20
-11.2392
 10
7.0135
 20
-11.2239
 10
7.038
 20
-11.2086
 10
7.0624
 20
-11.1932
 10
7.0868
 20
-11.1778
 10
7.1112
 20
-11.1623
 10
7.1355
 20
-11.1467
 10
7.1598
 20
-11.1312
 10
7.1841
 20
-11.1155
 10
7.2083
 20
-11.0998
 10
7.2325
 20
-11.0841
 10
7.2567
 20
-11.0682
 10
7.2808
 20
-11.0524
 10
7.3049
 20
-11.0365
 10
7.3289
 20
-11.0205
 10
7.353
 20
-11.0045
 10
7.377
 20
-10.9884
 10
7.4009
 20
-10.9723
 10
7.4248
 20
-10.9561
 10
7.4487
 20
-10.9399
 10
7.4726
 20
-10.9236
 10
7.4964
 20
-10.9073
 10
7.5202
 20
-10.8909
 10
7.5439
 20
-10.8745
 10
7.5676
 20
-10.858
 10
7.5913
 20
-10.8415
 10
7.6149
 20
-10.8249
 10
7.6385
 20
-10.8083
 10
7.6621
 20
-10.7916
 10
7.6856
 20
-10.7748
 10
7.7091
 20
-10.758
 10
7.7185
 20
-10.7512
 10
7.316
 20
-10.1972
 10
7.4374
 20
-10.1091
 10
7.8399
 20
-10.6631
 10
7.8493
 20
-10.6562
 10
7.8725
 20
-10.639
 10
7.8957
 20
-10.6218
 10
7.9188
 20
-10.6046
 10
7.9419
 20
-10.5873
 10
7.965
 20
-10.5699
 10
7.9881
 20
-10.5525
 10
8.0111
 20
-10.5351
 10
8.034
 20
-10.5176
 10
8.057
 20
-10.5
 10
8.0798
 20
-10.4824
 10
8.1027
 20
-10.4648
 10
8.1255
 20
-10.4471
 10
8.1483
 20
-10.4293
 10
8.171
 20
-10.4115
 10
8.1937
 20
-10.3937
 10
8.2164
 20
-10.3758
 10
8.239
 20
-10.3578
 10
8.2616
 20
-10.3398
 10
8.2841
 20
-10.3218
 10
8.3066
 20
-10.3037
 10
8.3291
 20
-10.2855
 10
8.3515
 20
-10.2673
 10
8.3739
 20
-10.2491
 10
8.3962
 20
-10.2308
 10
8.4185
 20
-10.2125
 10
8.4408
 20
-10.1941
 10
8.463
 20
-10.1756
 10
8.4852
 20
-10.1571
 10
8.5073
 20
-10.1386
 10
8.5294
 20
-10.12
 10
8.5515
 20
-10.1014
 10
8.5735
 20
-10.0827
 10
8.5954
 20
-10.064
 10
8.6174
 20
-10.0452
 10
8.6393
 20
-10.0264
 10
8.6611
 20
-10.0075
 10
8.6829
 20
-9.9886
 10
8.7047
 20
-9.9696
 10
8.7264
 20
-9.9506
 10
8.7481
 20
-9.9315
 10
8.7698
 20
-9.9124
 10
8.7914
 20
-9.8933
 10
8.8001
 20
-9.8855
 10
8.3419
 20
-9.3767
 10
8.4533
 20
-9.2763
 10
8.9115
 20
-9.7852
 10
8.9201
 20
-9.7773
 10
8.9414
 20
-9.7579
 10
8.9627
 20
-9.7383
 10
8.9839
 20
-9.7188
 10
9.0051
 20
-9.6991
 10
9.0262
 20
-9.6795
 10
9.0473
 20
-9.6598
 10
9.0684
 20
-9.64
 10
9.0894
 20
-9.6202
 10
9.1104
 20
-9.6003
 10
9.1313
 20
-9.5804
 10
9.1522
 20
-9.5605
 10
9.173
 20
-9.5405
 10
9.1938
 20
-9.5205
 10
9.2146
 20
-9.5004
 10
9.2353
 20
-9.4803
 10
9.2559
 20
-9.4601
 10
9.2765
 20
-9.4399
 10
9.2971
 20
-9.4196
 10
9.3176
 20
-9.3993
 10
9.3381
 20
-9.379
 10
9.3586
 20
-9.3586
 10
9.379
 20
-9.3381
 10
9.3993
 20
-9.3176
 10
9.4196
 20
-9.2971
 10
9.4399
 20
-9.2765
 10
9.4601
 20
-9.2559
 10
9.4803
 20
-9.2353
 10
9.5004
 20
-9.2146
 10
9.5205
 20
-9.1938
 10
9.5405
 20
-9.173
 10
9.5605
 20
-9.1522
 10
9.5804
 20
-9.1313
 10
9.6003
 20
-9.1104
 10
9.6202
 20
-9.0894
 10
9.64
 20
-9.0684
 10
9.6598
 20
-9.0473
 10
9.6795
 20
-9.0262
 10
9.6991
 20
-9.0051
 10
9.7188
 20
-8.9839
 10
9.7383
 20
-8.9627
 10
9.7579
 20
-8.9414
 10
9.7773
 20
-8.9201
 10
9.7852
 20
-8.9115
 10
9.2763
 20
-8.4533
 10
9.3767
 20
-8.3419
 10
9.8855
 20
-8.8001
 10
9.8933
 20
-8.7914
 10
9.9124
 20
-8.7698
 10
9.9315
 20
-8.7481
 10
9.9506
 20
-8.7264
 10
9.9696
 20
-8.7047
 10
9.9886
 20
-8.6829
 10
10.0075
 20
-8.6611
 10
10.0264
 20
-8.6393
 10
10.0452
 20
-8.6174
 10
10.064
 20
-8.5954
 10
10.0827
 20
-8.5735
 10
10.1014
 20
-8.5515
 10
10.12
 20
-8.5294
 10
10.1386
 20
-8.5073
 10
10.1571
 20
-8.4852
 10
10.1756
 20
-8.463
 10
10.1941
 20
-8.4408
 10
10.2125
 20
-8.4185
 10
10.2308
 20
-8.3962
 10
10.2491
 20
-8.3739
 10
10.2673
 20
-8.3515
 10
10.2855
 20
-8.3291
 10
10.3037
 20
-8.3066
 10
10.3218
 20
-8.2841
 10
10.3398
 20
-8.2616
 10
10.3578
 20
-8.239
 10
10.3758
 20
-8.2164
 10
10.3937
 20
-8.1937
 10
10.4115
 20
-8.171
 10
10.4293
 20
-8.1483
 10
10.4471
 20
-8.1255
 10
10.4648
 20
-8.1027
 10
10.4824
 20
-8.0798
 10
10.5
 20
-8.057
 10
10.5176
 20
-8.034
 10
10.5351
 20
-8.0111
 10
10.5525
 20
-7.9881
 10
10.5699
 20
-7.965
 10
10.5873
 20
-7.9419
 10
10.6046
 20
-7.9188
 10
10.6218
 20
-7.8957
 10
10.639
 20
-7.8725
 10
10.6562
 20
-7.8493
 10
10.6631
 20
-7.8399
 10
10.1091
 20
-7.4374
 10
10.1972
 20
-7.316
 10
10.7512
 20
-7.7185
 10
10.758
 20
-7.7091
 10
10.7748
 20
-7.6856
 10
10.7916
 20
-7.6621
 10
10.8083
 20
-7.6385
 10
10.8249
 20
-7.6149
 10
10.8415
 20
-7.5913
 10
10.858
 20
-7.5676
 10
10.8745
 20
-7.5439
 10
10.8909
 20
-7.5202
 10
10.9073
 20
-7.4964
 10
10.9236
 20
-7.4726
 10
10.9399
 20
-7.4487
 10
10.9561
 20
-7.4248
 10
10.9723
 20
-7.4009
 10
10.9884
 20
-7.377
 10
11.0045
 20
-7.353
 10
11.0205
 20
-7.3289
 10
11.0365
 20
-7.3049
 10
11.0524
 20
-7.2808
 10
11.0682
 20
-7.2567
 10
11.0841
 20
-7.2325
 10
11.0998
 20
-7.2083
 10
11.1155
 20
-7.1841
 10
11.1312
 20
-7.1598
 10
11.1467
 20
-7.1355
 10
11.1623
 20
-7.1112
 10
11.1778
 20
-7.0868
 10
11.1932
 20
-7.0624
 10
11.2086
 20
-7.038
 10
11.2239
 20
-7.0135
 10
11.2392
 20
-6.989
 10
11.2544
 20
-6.9644
 10
11.2696
 20
-6.9399
 10
11.2847
 20
-6.9153
 10
11.2998
 20
-6.8906
 10
11.3148
 20
-6.866
 10
11.3297
 20
-6.8413
 10
11.3446
 20
-6.8165
 10
11.3595
 20
-6.7918
 10
11.3742
 20
-6.767
 10
11.389
 20
-6.7421
 10
11.4014
 20
-6.7211
 10
10.4314
 20
-6.1611
 10
10.4252
 20
-6.1716
 10
10.4117
 20
-6.1943
 10
10.3982
 20
-6.217
 10
10.3846
 20
-6.2397
 10
10.3709
 20
-6.2623
 10
10.3573
 20
-6.2849
 10
10.3435
 20
-6.3075
 10
10.3297
 20
-6.3301
 10
10.3159
 20
-6.3526
 10
10.302
 20
-6.3751
 10
10.2881
 20
-6.3975
 10
10.2741
 20
-6.42
 10
10.2601
 20
-6.4424
 10
10.246
 20
-6.4647
 10
10.2319
 20
-6.4871
 10
10.2177
 20
-6.5094
 10
10.2035
 20
-6.5317
 10
10.1892
 20
-6.5539
 10
10.1749
 20
-6.5761
 10
10.1605
 20
-6.5983
 10
10.1461
 20
-6.6205
 10
10.1316
 20
-6.6426
 10
10.1171
 20
-6.6647
 10
10.1025
 20
-6.6867
 10
10.0879
 20
-6.7087
 10
10.0733
 20
-6.7307
 10
10.0585
 20
-6.7527
 10
10.0438
 20
-6.7746
 10
10.029
 20
-6.7965
 10
10.0141
 20
-6.8184
 10
9.9992
 20
-6.8402
 10
9.9843
 20
-6.862
 10
9.9693
 20
-6.8838
 10
9.9543
 20
-6.9055
 10
9.9392
 20
-6.9272
 10
9.924
 20
-6.9489
 10
9.9088
 20
-6.9705
 10
9.8936
 20
-6.9921
 10
9.8783
 20
-7.0137
 10
9.863
 20
-7.0352
 10
9.8476
 20
-7.0567
 10
9.8322
 20
-7.0782
 10
9.8168
 20
-7.0996
 10
9.8012
 20
-7.121
 10
9.7857
 20
-7.1424
 10
9.7701
 20
-7.1637
 10
9.7544
 20
-7.185
 10
9.7387
 20
-7.2063
 10
9.723
 20
-7.2275
 10
9.7072
 20
-7.2487
 10
9.6914
 20
-7.2699
 10
9.6755
 20
-7.291
 10
9.6595
 20
-7.3121
 10
9.6436
 20
-7.3331
 10
9.6275
 20
-7.3542
 10
9.6115
 20
-7.3751
 10
9.5954
 20
-7.3961
 10
9.5792
 20
-7.417
 10
9.563
 20
-7.4379
 10
9.5468
 20
-7.4587
 10
9.5305
 20
-7.4795
 10
9.5141
 20
-7.5003
 10
9.4977
 20
-7.5211
 10
9.4813
 20
-7.5418
 10
9.4648
 20
-7.5624
 10
9.4483
 20
-7.5831
 10
9.4317
 20
-7.6037
 10
9.4151
 20
-7.6242
 10
9.3985
 20
-7.6447
 10
9.3818
 20
-7.6652
 10
9.365
 20
-7.6857
 10
9.3482
 20
-7.7061
 10
9.3314
 20
-7.7265
 10
9.3145
 20
-7.7468
 10
9.2976
 20
-7.7671
 10
9.2806
 20
-7.7874
 10
9.2636
 20
-7.8076
 10
9.2466
 20
-7.8278
 10
9.2295
 20
-7.8479
 10
9.2123
 20
-7.8681
 10
9.1951
 20
-7.8881
 10
9.1779
 20
-7.9082
 10
9.1606
 20
-7.9282
 10
9.1433
 20
-7.9482
 10
9.1259
 20
-7.9681
 10
9.1085
 20
-7.988
 10
9.0911
 20
-8.0078
 10
9.0736
 20
-8.0276
 10
9.0561
 20
-8.0474
 10
9.0385
 20
-8.0672
 10
9.0209
 20
-8.0869
 10
9.0032
 20
-8.1065
 10
8.9855
 20
-8.1261
 10
8.9677
 20
-8.1457
 10
8.95
 20
-8.1653
 10
8.9321
 20
-8.1848
 10
8.9142
 20
-8.2042
 10
8.8963
 20
-8.2237
 10
8.8784
 20
-8.2431
 10
8.8604
 20
-8.2624
 10
8.8423
 20
-8.2817
 10
8.8242
 20
-8.301
 10
8.8061
 20
-8.3202
 10
8.7879
 20
-8.3394
 10
8.7697
 20
-8.3586
 10
8.7514
 20
-8.3777
 10
8.7331
 20
-8.3968
 10
8.7148
 20
-8.4158
 10
8.6964
 20
-8.4348
 10
8.678
 20
-8.4537
 10
8.6595
 20
-8.4726
 10
8.641
 20
-8.4915
 10
8.6225
 20
-8.5103
 10
8.6039
 20
-8.5291
 10
8.5853
 20
-8.5479
 10
8.5666
 20
-8.5666
 10
8.5479
 20
-8.5853
 10
8.5291
 20
-8.6039
 10
8.5103
 20
-8.6225
 10
8.4915
 20
-8.641
 10
8.4726
 20
-8.6595
 10
8.4537
 20
-8.678
 10
8.4348
 20
-8.6964
 10
8.4158
 20
-8.7148
 10
8.3968
 20
-8.7331
 10
8.3777
 20
-8.7514
 10
8.3586
 20
-8.7697
 10
8.3394
 20
-8.7879
 10
8.3202
 20
-8.8061
 10
8.301
 20
-8.8242
 10
8.2817
 20
-8.8423
 10
8.2624
 20
-8.8604
 10
8.2431
 20
-8.8784
 10
8.2237
 20
-8.8963
 10
8.2042
 20
-8.9142
 10
8.1848
 20
-8.9321
 10
8.1653
 20
-8.95
 10
8.1457
 20
-8.9677
 10
8.1261
 20
-8.9855
 10
8.1065
 20
-9.0032
 10
8.0869
 20
-9.0209
 10
8.0672
 20
-9.0385
 10
8.0474
 20
-9.0561
 10
8.0276
 20
-9.0736
 10
8.0078
 20
-9.0911
 10
7.988
 20
-9.1085
 10
7.9681
 20
-9.1259
 10
7.9482
 20
-9.1433
 10
7.9282
 20
-9.1606
 10
7.9082
 20
-9.1779
 10
7.8881
 20
-9.1951
 10
7.8681
 20
-9.2123
 10
7.8479
 20
-9.2295
 10
7.8278
 20
-9.2466
 10
7.8076
 20
-9.2636
 10
7.7874
 20
-9.2806
 10
7.7671
 20
-9.2976
 10
7.7468
 20
-9.3145
 10
7.7265
 20
-9.3314
 10
7.7061
 20
-9.3482
 10
7.6857
 20
-9.365
 10
7.6652
 20
-9.3818
 10
7.6447
 20
-9.3985
 10
7.6242
 20
-9.4151
 10
7.6037
 20
-9.4317
 10
7.5831
 20
-9.4483
 10
7.5624
 20
-9.4648
 10
7.5418
 20
-9.4813
 10
7.5211
 20
-9.4977
 10
7.5003
 20
-9.5141
 10
7.4795
 20
-9.5305
 10
7.4587
 20
-9.5468
 10
7.4379
 20
-9.563
 10
7.417
 20
-9.5792
 10
7.3961
 20
-9.5954
 10
7.3751
 20
-9.6115
 10
7.3542
 20
-9.6275
 10
7.3331
 20
-9.6436
 10
7.3121
 20
-9.6595
 10
7.291
 20
-9.6755
 10
7.2699
 20
-9.6914
 10
7.2487
 20
-9.7072
 10
7.2275
 20
-9.723
 10
7.2063
 20
-9.7387
 10
7.185
 20
-9.7544
 10
7.1637
 20
-9.7701
 10
7.1424
 20
-9.7857
 10
7.121
 20
-9.8012
 10
7.0996
 20
-9.8168
 10
7.0782
 20
-9.8322
 10
7.0567
 20
-9.8476
 10
7.0352
 20
-9.863
 10
7.0137
 20
-9.8783
 10
6.9921
 20
-9.8936
 10
6.9705
 20
-9.9088
 10
6.9489
 20
-9.924
 10
6.9272
 20
-9.9392
 10
6.9055
 20
-9.9543
 10
6.8838
 20
-9.9693
 10
6.862
 20
-9.9843
 10
6.8402
 20
-9.9992
 10
6.8184
 20
-10.0141
 10
6.7965
 20
-10.029
 10
6.7746
 20
-10.0438
 10
6.7527
 20
-10.0585
 10
6.7307
 20
-10.0733
 10
6.7087
 20
-10.0879
 10
6.6867
 20
-10.1025
 10
6.6647
 20
-10.1171
 10
6.6426
 20
-10.1316
 10
6.6205
 20
-10.1461
 10
6.5983
 20
-10.1605
 10
6.5761
 20
-10.1749
 10
6.5539
 20
-10.1892
 10
6.5317
 20
-10.2035
 10
6.5094
 20
-10.2177
 10
6.4871
 20
-10.2319
 10
6.4647
 20
-10.246
 10
6.4424
 20
-10.2601
 10
6.42
 20
-10.2741
 10
6.3975
 20
-10.2881
 10
6.3751
 20
-10.302
 10
6.3526
 20
-10.3159
 10
6.3301
 20
-10.3297
 10
6.3075
 20
-10.3435
 10
6.2849
 20
-10.3573
 10
6.2623
 20
-10.3709
 10
6.2397
 20
-10.3846
 10
6.217
 20
-10.3982
 10
6.1943
 20
-10.4117
 10
6.1716
 20
-10.4252
 10
6.1611
 20
-10.4314
 10
6.7211
 20
-11.4014
 10
6.7421
 20
-11.389
 10
6.767
 20
-11.3742
 10
6.7918
 20
-11.3595
  0
LWPOLYLINE
  5
9F
330
17
100
AcDbEntity
  8
ALTIN
100
AcDbPolyline
 90
462
 70
1
 10
11.5756
 20
-6.4165
 10
11.5896
 20
-6.3912
 10
11.6035
 20
-6.3659
 10
11.6173
 20
-6.3406
 10
11.6311
 20
-6.3152
 10
11.6449
 20
-6.2898
 10
11.6586
 20
-6.2644
 10
11.6722
 20
-6.2389
 10
11.6858
 20
-6.2135
 10
11.6993
 20
-6.1879
 10
11.7128
 20
-6.1624
 10
11.7262
 20
-6.1368
 10
11.7396
 20
-6.1112
 10
11.7529
 20
-6.0856
 10
11.7661
 20
-6.06
 10
11.7793
 20
-6.0343
 10
11.7925
 20
-6.0086
 10
11.8056
 20
-5.9828
 10
11.8186
 20
-5.9571
 10
11.8315
 20
-5.9313
 10
11.8445
 20
-5.9054
 10
11.8573
 20
-5.8796
 10
11.8701
 20
-5.8537
 10
11.8829
 20
-5.8278
 10
11.8955
 20
-5.8018
 10
11.9082
 20
-5.7759
 10
11.9207
 20
-5.7499
 10
11.9333
 20
-5.7239
 10
11.9457
 20
-5.6978
 10
11.9581
 20
-5.6717
 10
11.9705
 20
-5.6456
 10
11.9828
 20
-5.6195
 10
11.995
 20
-5.5934
 10
12.0072
 20
-5.5672
 10
12.0193
 20
-5.541
 10
12.0313
 20
-5.5147
 10
12.0433
 20
-5.4885
 10
12.0553
 20
-5.4622
 10
12.0601
 20
-5.4516
 10
11.4345
 20
-5.1731
 10
11.4955
 20
-5.036
 10
12.1211
 20
-5.3146
 10
12.1257
 20
-5.3039
 10
12.1373
 20
-5.2774
 10
12.1488
 20
-5.251
 10
12.1602
 20
-5.2244
 10
12.1716
 20
-5.1979
 10
12.1829
 20
-5.1713
 10
12.1941
 20
-5.1447
 10
12.2053
 20
-5.1181
 10
12.2165
 20
-5.0915
 10
12.2275
 20
-5.0648
 10
12.2386
 20
-5.0381
 10
12.2495
 20
-5.0114
 10
12.2604
 20
-4.9847
 10
12.2713
 20
-4.9579
 10
12.2821
 20
-4.9311
 10
12.2928
 20
-4.9043
 10
12.3035
 20
-4.8775
 10
12.3141
 20
-4.8506
 10
12.3246
 20
-4.8238
 10
12.3351
 20
-4.7969
 10
12.3456
 20
-4.7699
 10
12.3559
 20
-4.743
 10
12.3663
 20
-4.716
 10
12.3765
 20
-4.689
 10
12.3867
 20
-4.662
 10
12.3969
 20
-4.635
 10
12.4069
 20
-4.6079
 10
12.417
 20
-4.5809
 10
12.4269
 20
-4.5538
 10
12.4368
 20
-4.5266
 10
12.4467
 20
-4.4995
 10
12.4565
 20
-4.4723
 10
12.4662
 20
-4.4451
 10
12.4759
 20
-4.4179
 10
12.4855
 20
-4.3907
 10
12.495
 20
-4.3635
 10
12.5045
 20
-4.3362
 10
12.5139
 20
-4.3089
 10
12.5233
 20
-4.2816
 10
12.5326
 20
-4.2543
 10
12.5419
 20
-4.2269
 10
12.5511
 20
-4.1995
 10
12.5602
 20
-4.1721
 10
12.5638
 20
-4.1611
 10
11.9126
 20
-3.9495
 10
11.9589
 20
-3.8068
 10
12.6102
 20
-4.0184
 10
12.6137
 20
-4.0074
 10
12.6224
 20
-3.9798
 10
12.6311
 20
-3.9523
 10
12.6397
 20
-3.9247
 10
12.6482
 20
-3.8971
 10
12.6567
 20
-3.8695
 10
12.6651
 20
-3.8419
 10
12.6735
 20
-3.8143
 10
12.6817
 20
-3.7866
 10
12.69
 20
-3.7589
 10
12.6981
 20
-3.7312
 10
12.7063
 20
-3.7035
 10
12.7143
 20
-3.6758
 10
12.7223
 20
-3.6481
 10
12.7302
 20
-3.6203
 10
12.7381
 20
-3.5925
 10
12.7459
 20
-3.5647
 10
12.7536
 20
-3.5369
 10
12.7613
 20
-3.5091
 10
12.769
 20
-3.4812
 10
12.7765
 20
-3.4534
 10
12.784
 20
-3.4255
 10
12.7915
 20
-3.3976
 10
12.7989
 20
-3.3697
 10
12.8062
 20
-3.3417
 10
12.8134
 20
-3.3138
 10
12.8206
 20
-3.2858
 10
12.8278
 20
-3.2578
 10
12.8348
 20
-3.2298
 10
12.8419
 20
-3.2018
 10
12.8488
 20
-3.1738
 10
12.8557
 20
-3.1458
 10
12.8625
 20
-3.1177
 10
12.8693
 20
-3.0896
 10
12.876
 20
-3.0616
 10
12.8827
 20
-3.0335
 10
12.8893
 20
-3.0054
 10
12.8958
 20
-2.9772
 10
12.9023
 20
-2.9491
 10
12.9087
 20
-2.9209
 10
12.915
 20
-2.8928
 10
12.9213
 20
-2.8646
 10
12.9275
 20
-2.8364
 10
12.93
 20
-2.825
 10
12.2602
 20
-2.6827
 10
12.2913
 20
-2.5359
 10
12.9612
 20
-2.6783
 10
12.9635
 20
-2.6669
 10
12.9693
 20
-2.6386
 10
12.975
 20
-2.6103
 10
12.9807
 20
-2.582
 10
12.9863
 20
-2.5537
 10
12.9918
 20
-2.5254
 10
12.9973
 20
-2.497
 10
13.0027
 20
-2.4686
 10
13.0081
 20
-2.4403
 10
13.0134
 20
-2.4119
 10
13.0186
 20
-2.3835
 10
13.0238
 20
-2.3551
 10
13.0289
 20
-2.3267
 10
13.0339
 20
-2.2982
 10
13.0389
 20
-2.2698
 10
13.0438
 20
-2.2413
 10
13.0487
 20
-2.2129
 10
13.0535
 20
-2.1844
 10
13.0582
 20
-2.1559
 10
13.0629
 20
-2.1274
 10
13.0675
 20
-2.0989
 10
13.0721
 20
-2.0704
 10
13.0765
 20
-2.0419
 10
13.081
 20
-2.0134
 10
13.0853
 20
-1.9848
 10
13.0896
 20
-1.9563
 10
13.0939
 20
-1.9277
 10
13.098
 20
-1.8991
 10
13.1021
 20
-1.8705
 10
13.1062
 20
-1.842
 10
13.1102
 20
-1.8134
 10
13.1141
 20
-1.7848
 10
13.118
 20
-1.7561
 10
13.1218
 20
-1.7275
 10
13.1255
 20
-1.6989
 10
13.1292
 20
-1.6702
 10
13.1328
 20
-1.6416
 10
13.1363
 20
-1.6129
 10
13.1398
 20
-1.5843
 10
13.1433
 20
-1.5556
 10
13.1466
 20
-1.5269
 10
13.1499
 20
-1.4982
 10
13.1532
 20
-1.4696
 10
13.1544
 20
-1.458
 10
12.4734
 20
-1.3864
 10
12.4891
 20
-1.2372
 10
13.1701
 20
-1.3088
 10
13.1713
 20
-1.2973
 10
13.1741
 20
-1.2685
 10
13.1768
 20
-1.2398
 10
13.1795
 20
-1.211
 10
13.1821
 20
-1.1823
 10
13.1846
 20
-1.1535
 10
13.1871
 20
-1.1247
 10
13.1895
 20
-1.096
 10
13.1919
 20
-1.0672
 10
13.1942
 20
-1.0384
 10
13.1964
 20
-1.0096
 10
13.1986
 20
-0.9808
 10
13.2007
 20
-0.952
 10
13.2028
 20
-0.9232
 10
13.2047
 20
-0.8944
 10
13.2067
 20
-0.8656
 10
13.2085
 20
-0.8368
 10
13.2103
 20
-0.808
 10
13.212
 20
-0.7792
 10
13.2137
 20
-0.7503
 10
13.2153
 20
-0.7215
 10
13.2169
 20
-0.6927
 10
13.2183
 20
-0.6638
 10
13.2198
 20
-0.635
 10
13.2211
 20
-0.6061
 10
13.2224
 20
-0.5773
 10
13.2236
 20
-0.5485
 10
13.2248
 20
-0.5196
 10
13.2259
 20
-0.4908
 10
13.2269
 20
-0.4619
 10
13.2279
 20
-0.433
 10
13.2288
 20
-0.4042
 10
13.2297
 20
-0.3753
 10
13.2305
 20
-0.3465
 10
13.2312
 20
-0.3176
 10
13.2319
 20
-0.2887
 10
13.2324
 20
-0.2599
 10
13.233
 20
-0.231
 10
13.2335
 20
-0.2021
 10
13.2339
 20
-0.1732
 10
13.2342
 20
-0.1444
 10
13.2345
 20
-0.12
 10
12.1144
 20
-0.12
 10
12.1143
 20
-0.1322
 10
12.114
 20
-0.1586
 10
12.1136
 20
-0.185
 10
12.1132
 20
-0.2114
 10
12.1127
 20
-0.2379
 10
12.1121
 20
-0.2643
 10
12.1115
 20
-0.2907
 10
12.1108
 20
-0.3171
 10
12.1101
 20
-0.3436
 10
12.1093
 20
-0.37
 10
12.1085
 20
-0.3964
 10
12.1076
 20
-0.4228
 10
12.1067
 20
-0.4492
 10
12.1057
 20
-0.4756
 10
12.1046
 20
-0.502
 10
12.1035
 20
-0.5284
 10
12.1023
 20
-0.5549
 10
12.101
 20
-0.5813
 10
12.0998
 20
-0.6077
 10
12.0984
 20
-0.6341
 10
12.097
 20
-0.6604
 10
12.0955
 20
-0.6868
 10
12.094
 20
-0.7132
 10
12.0924
 20
-0.7396
 10
12.0908
 20
-0.766
 10
12.0891
 20
-0.7924
 10
12.0873
 20
-0.8187
 10
12.0855
 20
-0.8451
 10
12.0836
 20
-0.8715
 10
12.0817
 20
-0.8978
 10
12.0797
 20
-0.9242
 10
12.0777
 20
-0.9505
 10
12.0756
 20
-0.9769
 10
12.0734
 20
-1.0032
 10
12.0712
 20
-1.0296
 10
12.0689
 20
-1.0559
 10
12.0666
 20
-1.0822
 10
12.0642
 20
-1.1085
 10
12.0617
 20
-1.1349
 10
12.0592
 20
-1.1612
 10
12.0567
 20
-1.1875
 10
12.054
 20
-1.2138
 10
12.0514
 20
-1.2401
 10
12.0486
 20
-1.2664
 10
12.0458
 20
-1.2926
 10
12.043
 20
-1.3189
 10
12.0401
 20
-1.3452
 10
12.0371
 20
-1.3715
 10
12.0341
 20
-1.3977
 10
12.031
 20
-1.424
 10
12.0279
 20
-1.4502
 10
12.0247
 20
-1.4764
 10
12.0214
 20
-1.5027
 10
12.0181
 20
-1.5289
 10
12.0148
 20
-1.5551
 10
12.0114
 20
-1.5813
 10
12.0079
 20
-1.6075
 10
12.0043
 20
-1.6337
 10
12.0007
 20
-1.6599
 10
11.9971
 20
-1.6861
 10
11.9934
 20
-1.7123
 10
11.9896
 20
-1.7384
 10
11.9858
 20
-1.7646
 10
11.9819
 20
-1.7907
 10
11.978
 20
-1.8168
 10
11.974
 20
-1.843
 10
11.97
 20
-1.8691
 10
11.9658
 20
-1.8952
 10
11.9617
 20
-1.9213
 10
11.9575
 20
-1.9474
 10
11.9532
 20
-1.9735
 10
11.9489
 20
-1.9996
 10
11.9445
 20
-2.0256
 10
11.94
 20
-2.0517
 10
11.9355
 20
-2.0777
 10
11.9309
 20
-2.1037
 10
11.9263
 20
-2.1298
 10
11.9217
 20
-2.1558
 10
11.9169
 20
-2.1818
 10
11.9121
 20
-2.2078
 10
11.9073
 20
-2.2338
 10
11.9024
 20
-2.2597
 10
11.8974
 20
-2.2857
 10
11.8924
 20
-2.3117
 10
11.8873
 20
-2.3376
 10
11.8822
 20
-2.3635
 10
11.877
 20
-2.3894
 10
11.8718
 20
-2.4153
 10
11.8665
 20
-2.4412
 10
11.8611
 20
-2.4671
 10
11.8557
 20
-2.493
 10
11.8503
 20
-2.5189
 10
11.8447
 20
-2.5447
 10
11.8392
 20
-2.5705
 10
11.8335
 20
-2.5964
 10
11.8278
 20
-2.6222
 10
11.8221
 20
-2.648
 10
11.8163
 20
-2.6737
 10
11.8104
 20
-2.6995
 10
11.8045
 20
-2.7253
 10
11.7985
 20
-2.751
 10
11.7925
 20
-2.7768
 10
11.7864
 20
-2.8025
 10
11.7803
 20
-2.8282
 10
11.7741
 20
-2.8539
 10
11.7678
 20
-2.8796
 10
11.7615
 20
-2.9052
 10
11.7551
 20
-2.9309
 10
11.7487
 20
-2.9565
 10
11.7422
 20
-2.9821
 10
11.7357
 20
-3.0078
 10
11.7291
 20
-3.0334
 10
11.7225
 20
-3.0589
 10
11.7158
 20
-3.0845
 10
11.709
 20
-3.1101
 10
11.7022
 20
-3.1356
 10
11.6953
 20
-3.1611
 10
11.6884
 20
-3.1866
 10
11.6814
 20
-3.2121
 10
11.6744
 20
-3.2376
 10
11.6673
 20
-3.2631
 10
11.6601
 20
-3.2885
 10
11.6529
 20
-3.3139
 10
11.6457
 20
-3.3393
 10
11.6384
 20
-3.3647
 10
11.631
 20
-3.3901
 10
11.6236
 20
-3.4155
 10
11.6161
 20
-3.4408
 10
11.6086
 20
-3.4662
 10
11.601
 20
-3.4915
 10
11.5933
 20
-3.5168
 10
11.5856
 20
-3.5421
 10
11.5779
 20
-3.5674
 10
11.5701
 20
-3.5926
 10
11.5622
 20
-3.6178
 10
11.5543
 20
-3.6431
 10
11.5463
 20
-3.6682
 10
11.5383
 20
-3.6934
 10
11.5302
 20
-3.7186
 10
11.522
 20
-3.7437
 10
11.5139
 20
-3.7689
 10
11.5056
 20
-3.794
 10
11.4973
 20
-3.8191
 10
11.4889
 20
-3.8441
 10
11.4805
 20
-3.8692
 10
11.4721
 20
-3.8942
 10
11.4635
 20
-3.9193
 10
11.455
 20
-3.9443
 10
11.4463
 20
-3.9692
 10
11.4376
 20
-3.9942
 10
11.4289
 20
-4.0191
 10
11.4201
 20
-4.0441
 10
11.4113
 20
-4.069
 10
11.4023
 20
-4.0939
 10
11.3934
 20
-4.1187
 10
11.3844
 20
-4.1436
 10
11.3753
 20
-4.1684
 10
11.3662
 20
-4.1932
 10
11.357
 20
-4.218
 10
11.3478
 20
-4.2428
 10
11.3385
 20
-4.2675
 10
11.3292
 20
-4.2922
 10
11.3198
 20
-4.3169
 10
11.3103
 20
-4.3416
 10
11.3008
 20
-4.3663
 10
11.2913
 20
-4.3909
 10
11.2817
 20
-4.4156
 10
11.272
 20
-4.4402
 10
11.2623
 20
-4.4647
 10
11.2525
 20
-4.4893
 10
11.2427
 20
-4.5138
 10
11.2328
 20
-4.5384
 10
11.2229
 20
-4.5629
 10
11.2129
 20
-4.5873
 10
11.2029
 20
-4.6118
 10
11.1928
 20
-4.6362
 10
11.1827
 20
-4.6606
 10
11.1725
 20
-4.685
 10
11.1622
 20
-4.7094
 10
11.1519
 20
-4.7337
 10
11.1416
 20
-4.758
 10
11.1312
 20
-4.7823
 10
11.1207
 20
-4.8066
 10
11.1102
 20
-4.8308
 10
11.0996
 20
-4.8551
 10
11.089
 20
-4.8793
 10
11.0783
 20
-4.9035
 10
11.0676
 20
-4.9276
 10
11.0568
 20
-4.9517
 10
11.046
 20
-4.9759
 10
11.0351
 20
-4.9999
 10
11.0242
 20
-5.024
 10
11.0132
 20
-5.048
 10
11.0022
 20
-5.0721
 10
10.9911
 20
-5.0961
 10
10.9799
 20
-5.12
 10
10.9687
 20
-5.144
 10
10.9575
 20
-5.1679
 10
10.9462
 20
-5.1918
 10
10.9348
 20
-5.2156
 10
10.9234
 20
-5.2395
 10
10.912
 20
-5.2633
 10
10.9005
 20
-5.2871
 10
10.8889
 20
-5.3109
 10
10.8773
 20
-5.3346
 10
10.8656
 20
-5.3583
 10
10.8539
 20
-5.382
 10
10.8421
 20
-5.4057
 10
10.8303
 20
-5.4293
 10
10.8184
 20
-5.4529
 10
10.8065
 20
-5.4765
 10
10.7945
 20
-5.5001
 10
10.7825
 20
-5.5236
 10
10.7704
 20
-5.5471
 10
10.7583
 20
-5.5706
 10
10.7461
 20
-5.5941
 10
10.7339
 20
-5.6175
 10
10.7216
 20
-5.6409
 10
10.7093
 20
-5.6643
 10
10.6969
 20
-5.6876
 10
10.6845
 20
-5.711
 10
10.672
 20
-5.7343
 10
10.6595
 20
-5.7575
 10
10.6469
 20
-5.7808
 10
10.6342
 20
-5.804
 10
10.6215
 20
-5.8272
 10
10.6088
 20
-5.8503
 10
10.596
 20
-5.8735
 10
10.5832
 20
-5.8966
 10
10.5703
 20
-5.9196
 10
10.5573
 20
-5.9427
 10
10.5514
 20
-5.9533
 10
11.5214
 20
-6.5133
 10
11.5333
 20
-6.4921
 10
11.5475
 20
-6.4669
 10
11.5616
 20
-6.4417
  0
LWPOLYLINE
  5
A0
330
17
100
AcDbEntity
  8
ALTIN
100
AcDbPolyline
 90
462
 70
1
 10
13.233
 20
0.231
 10
13.2324
 20
0.2599
 10
13.2319
 20
0.2887
 10
13.2312
 20
0.3176
 10
13.2305
 20
0.3465
 10
13.2297
 20
0.3753
 10
13.2288
 20
0.4042
 10
13.2279
 20
0.433
 10
13.2269
 20
0.4619
 10
13.2259
 20
0.4908
 10
13.2248
 20
0.5196
 10
13.2236
 20
0.5485
 10
13.2224
 20
0.5773
 10
13.2211
 20
0.6061
 10
13.2198
 20
0.635
 10
13.2183
 20
0.6638
 10
13.2169
 20
0.6927
 10
13.2153
 20
0.7215
 10
13.2137
 20
0.7503
 10
13.212
 20
0.7792
 10
13.2103
 20
0.808
 10
13.2085
 20
0.8368
 10
13.2067
 20
0.8656
 10
13.2047
 20
0.8944
 10
13.2028
 20
0.9232
 10
13.2007
 20
0.952
 10
13.1986
 20
0.9808
 10
13.1964
 20
1.0096
 10
13.1942
 20
1.0384
 10
13.1919
 20
1.0672
 10
13.1895
 20
1.096
 10
13.1871
 20
1.1247
 10
13.1846
 20
1.1535
 10
13.1821
 20
1.1823
 10
13.1795
 20
1.211
 10
13.1768
 20
1.2398
 10
13.1741
 20
1.2685
 10
13.1713
 20
1.2973
 10
13.1701
 20
1.3088
 10
12.4891
 20
1.2372
 10
12.4734
 20
1.3864
 10
13.1544
 20
1.458
 10
13.1532
 20
1.4696
 10
13.1499
 20
1.4982
 10
13.1466
 20
1.5269
 10
13.1433
 20
1.5556
 10
13.1398
 20
1.5843
 10
13.1363
 20
1.6129
 10
13.1328
 20
1.6416
 10
13.1292
 20
1.6702
 10
13.1255
 20
1.6989
 10
13.1218
 20
1.7275
 10
13.118
 20
1.7561
 10
13.1141
 20
1.7848
 10
13.1102
 20
1.8134
 10
13.1062
 20
1.842
 10
13.1021
 20
1.8705
 10
13.098
 20
1.8991
 10
13.0939
 20
1.9277
 10
13.0896
 20
1.9563
 10
13.0853
 20
1.9848
 10
13.081
 20
2.0134
 10
13.0765
 20
2.0419
 10
13.0721
 20
2.0704
 10
13.0675
 20
2.0989
 10
13.0629
 20
2.1274
 10
13.0582
 20
2.1559
 10
13.0535
 20
2.1844
 10
13.0487
 20
2.2129
 10
13.0438
 20
2.2413
 10
13.0389
 20
2.2698
 10
13.0339
 20
2.2982
 10
13.0289
 20
2.3267
 10
13.0238
 20
2.3551
 10
13.0186
 20
2.3835
 10
13.0134
 20
2.4119
 10
13.0081
 20
2.4403
 10
13.0027
 20
2.4686
 10
12.9973
 20
2.497
 10
12.9918
 20
2.5254
 10
12.9863
 20
2.5537
 10
12.9807
 20
2.582
 10
12.975
 20
2.6103
 10
12.9693
 20
2.6386
 10
12.9635
 20
2.6669
 10
12.9612
 20
2.6783
 10
12.2913
 20
2.5359
 10
12.2602
 20
2.6827
 10
12.93
 20
2.825
 10
12.9275
 20
2.8364
 10
12.9213
 20
2.8646
 10
12.915
 20
2.8928
 10
12.9087
 20
2.9209
 10
12.9023
 20
2.9491
 10
12.8958
 20
2.9772
 10
12.8893
 20
3.0054
 10
12.8827
 20
3.0335
 10
12.876
 20
3.0616
 10
12.8693
 20
3.0896
 10
12.8625
 20
3.1177
 10
12.8557
 20
3.1458
 10
12.8488
 20
3.1738
 10
12.8419
 20
3.2018
 10
12.8348
 20
3.2298
 10
12.8278
 20
3.2578
 10
12.8206
 20
3.2858
 10
12.8134
 20
3.3138
 10
12.8062
 20
3.3417
 10
12.7989
 20
3.3697
 10
12.7915
 20
3.3976
 10
12.784
 20
3.4255
 10
12.7765
 20
3.4534
 10
12.769
 20
3.4812
 10
12.7613
 20
3.5091
 10
12.7536
 20
3.5369
 10
12.7459
 20
3.5647
 10
12.7381
 20
3.5925
 10
12.7302
 20
3.6203
 10
12.7223
 20
3.6481
 10
12.7143
 20
3.6758
 10
12.7063
 20
3.7035
 10
12.6981
 20
3.7312
 10
12.69
 20
3.7589
 10
12.6817
 20
3.7866
 10
12.6735
 20
3.8143
 10
12.6651
 20
3.8419
 10
12.6567
 20
3.8695
 10
12.6482
 20
3.8971
 10
12.6397
 20
3.9247
 10
12.6311
 20
3.9523
 10
12.6224
 20
3.9798
 10
12.6137
 20
4.0074
 10
12.6102
 20
4.0184
 10
11.9589
 20
3.8068
 10
11.9126
 20
3.9495
 10
12.5638
 20
4.1611
 10
12.5602
 20
4.1721
 10
12.5511
 20
4.1995
 10
12.5419
 20
4.2269
 10
12.5326
 20
4.2543
 10
12.5233
 20
4.2816
 10
12.5139
 20
4.3089
 10
12.5045
 20
4.3362
 10
12.495
 20
4.3635
 10
12.4855
 20
4.3907
 10
12.4759
 20
4.4179
 10
12.4662
 20
4.4451
 10
12.4565
 20
4.4723
 10
12.4467
 20
4.4995
 10
12.4368
 20
4.5266
 10
12.4269
 20
4.5538
 10
12.417
 20
4.5809
 10
12.4069
 20
4.6079
 10
12.3969
 20
4.635
 10
12.3867
 20
4.662
 10
12.3765
 20
4.689
 10
12.3663
 20
4.716
 10
12.3559
 20
4.743
 10
12.3456
 20
4.7699
 10
12.3351
 20
4.7969
 10
12.3246
 20
4.8238
 10
12.3141
 20
4.8506
 10
12.3035
 20
4.8775
 10
12.2928
 20
4.9043
 10
12.2821
 20
4.9311
 10
12.2713
 20
4.9579
 10
12.2604
 20
4.9847
 10
12.2495
 20
5.0114
 10
12.2386
 20
5.0381
 10
12.2275
 20
5.0648
 10
12.2165
 20
5.0915
 10
12.2053
 20
5.1181
 10
12.1941
 20
5.1447
 10
12.1829
 20
5.1713
 10
12.1716
 20
5.1979
 10
12.1602
 20
5.2244
 10
12.1488
 20
5.251
 10
12.1373
 20
5.2774
 10
12.1257
 20
5.3039
 10
12.1211
 20
5.3146
 10
11.4955
 20
5.036
 10
11.4345
 20
5.1731
 10
12.0601
 20
5.4516
 10
12.0553
 20
5.4622
 10
12.0433
 20
5.4885
 10
12.0313
 20
5.5147
 10
12.0193
 20
5.541
 10
12.0072
 20
5.5672
 10
11.995
 20
5.5934
 10
11.9828
 20
5.6195
 10
11.9705
 20
5.6456
 10
11.9581
 20
5.6717
 10
11.9457
 20
5.6978
 10
11.9333
 20
5.7239
 10
11.9207
 20
5.7499
 10
11.9082
 20
5.7759
 10
11.8955
 20
5.8018
 10
11.8829
 20
5.8278
 10
11.8701
 20
5.8537
 10
11.8573
 20
5.8796
 10
11.8445
 20
5.9054
 10
11.8315
 20
5.9313
 10
11.8186
 20
5.9571
 10
11.8056
 20
5.9828
 10
11.7925
 20
6.0086
 10
11.7793
 20
6.0343
 10
11.7661
 20
6.06
 10
11.7529
 20
6.0856
 10
11.7396
 20
6.1112
 10
11.7262
 20
6.1368
 10
11.7128
 20
6.1624
 10
11.6993
 20
6.1879
 10
11.6858
 20
6.2135
 10
11.6722
 20
6.2389
 10
11.6586
 20
6.2644
 10
11.6449
 20
6.2898
 10
11.6311
 20
6.3152
 10
11.6173
 20
6.3406
 10
11.6035
 20
6.3659
 10
11.5896
 20
6.3912
 10
11.5756
 20
6.4165
 10
11.5616
 20
6.4417
 10
11.5475
 20
6.4669
 10
11.5333
 20
6.4921
 10
11.5214
 20
6.5133
 10
10.5514
 20
5.9533
 10
10.5573
 20
5.9427
 10
10.5703
 20
5.9196
 10
10.5832
 20
5.8966
 10
10.596
 20
5.8735
 10
10.6088
 20
5.8503
 10
10.6215
 20
5.8272
 10
10.6342
 20
5.804
 10
10.6469
 20
5.7808
 10
10.6595
 20
5.7575
 10
10.672
 20
5.7343
 10
10.6845
 20
5.711
 10
10.6969
 20
5.6876
 10
10.7093
 20
5.6643
 10
10.7216
 20
5.6409
 10
10.7339
 20
5.6175
 10
10.7461
 20
5.5941
 10
10.7583
 20
5.5706
 10
10.7704
 20
5.5471
 10
10.7825
 20
5.5236
 10
10.7945
 20
5.5001
 10
10.8065
 20
5.4765
 10
10.8184
 20
5.4529
 10
10.8303
 20
5.4293
 10
10.8421
 20
5.4057
 10
10.8539
 20
5.382
 10
10.8656
 20
5.3583
 10
10.8773
 20
5.3346
 10
10.8889
 20
5.3109
 10
10.9005
 20
5.2871
 10
10.912
 20
5.2633
 10
10.9234
 20
5.2395
 10
10.9348
 20
5.2156
 10
10.9462
 20
5.1918
 10
10.9575
 20
5.1679
 10
10.9687
 20
5.144
 10
10.9799
 20
5.12
 10
10.9911
 20
5.0961
 10
11.0022
 20
5.0721
 10
11.0132
 20
5.048
 10
11.0242
 20
5.024
 10
11.0351
 20
4.9999
 10
11.046
 20
4.9759
 10
11.0568
 20
4.9517
 10
11.0676
 20
4.9276
 10
11.0783
 20
4.9035
 10
11.089
 20
4.8793
 10
11.0996
 20
4.8551
 10
11.1102
 20
4.8308
 10
11.1207
 20
4.8066
 10
11.1312
 20
4.7823
 10
11.1416
 20
4.758
 10
11.1519
 20
4.7337
 10
11.1622
 20
4.7094
 10
11.1725
 20
4.685
 10
11.1827
 20
4.6606
 10
11.1928
 20
4.6362
 10
11.2029
 20
4.6118
 10
11.2129
 20
4.5873
 10
11.2229
 20
4.5629
 10
11.2328
 20
4.5384
 10
11.2427
 20
4.5138
 10
11.2525
 20
4.4893
 10
11.2623
 20
4.4647
 10
11.272
 20
4.4402
 10
11.2817
 20
4.4156
 10
11.2913
 20
4.3909
 10
11.3008
 20
4.3663
 10
11.3103
 20
4.3416
 10
11.3198
 20
4.3169
 10
11.3292
 20
4.2922
 10
11.3385
 20
4.2675
 10
11.3478
 20
4.2428
 10
11.357
 20
4.218
 10
11.3662
 20
4.1932
 10
11.3753
 20
4.1684
 10
11.3844
 20
4.1436
 10
11.3934
 20
4.1187
 10
11.4023
 20
4.0939
 10
11.4113
 20
4.069
 10
11.4201
 20
4.0441
 10
11.4289
 20
4.0191
 10
11.4376
 20
3.9942
 10
11.4463
 20
3.9692
 10
11.455
 20
3.9443
 10
11.4635
 20
3.9193
 10
11.4721
 20
3.8942
 10
11.4805
 20
3.8692
 10
11.4889
 20
3.8441
 10
11.4973
 20
3.8191
 10
11.5056
 20
3.794
 10
11.5139
 20
3.7689
 10
11.522
 20
3.7437
 10
11.5302
 20
3.7186
 10
11.5383
 20
3.6934
 10
11.5463
 20
3.6682
 10
11.5543
 20
3.6431
 10
11.5622
 20
3.6178
 10
11.5701
 20
3.5926
 10
11.5779
 20
3.5674
 10
11.5856
 20
3.5421
 10
11.5933
 20
3.5168
 10
11.601
 20
3.4915
 10
11.6086
 20
3.4662
 10
11.6161
 20
3.4408
 10
11.6236
 20
3.4155
 10
11.631
 20
3.3901
 10
11.6384
 20
3.3647
 10
11.6457
 20
3.3393
 10
11.6529
 20
3.3139
 10
11.6601
 20
3.2885
 10
11.6673
 20
3.2631
 10
11.6744
 20
3.2376
 10
11.6814
 20
3.2121
 10
11.6884
 20
3.1866
 10
11.6953
 20
3.1611
 10
11.7022
 20
3.1356
 10
11.709
 20
3.1101
 10
11.7158
 20
3.0845
 10
11.7225
 20
3.0589
 10
11.7291
 20
3.0334
 10
11.7357
 20
3.0078
 10
11.7422
 20
2.9821
 10
11.7487
 20
2.9565
 10
11.7551
 20
2.9309
 10
11.7615
 20
2.9052
 10
11.7678
 20
2.8796
 10
11.7741
 20
2.8539
 10
11.7803
 20
2.8282
 10
11.7864
 20
2.8025
 10
11.7925
 20
2.7768
 10
11.7985
 20
2.751
 10
11.8045
 20
2.7253
 10
11.8104
 20
2.6995
 10
11.8163
 20
2.6737
 10
11.8221
 20
2.648
 10
11.8278
 20
2.6222
 10
11.8335
 20
2.5964
 10
11.8392
 20
2.5705
 10
11.8447
 20
2.5447
 10
11.8503
 20
2.5189
 10
11.8557
 20
2.493
 10
11.8611
 20
2.4671
 10
11.8665
 20
2.4412
 10
11.8718
 20
2.4153
 10
11.877
 20
2.3894
 10
11.8822
 20
2.3635
 10
11.8873
 20
2.3376
 10
11.8924
 20
2.3117
 10
11.8974
 20
2.2857
 10
11.9024
 20
2.2597
 10
11.9073
 20
2.2338
 10
11.9121
 20
2.2078
 10
11.9169
 20
2.1818
 10
11.9217
 20
2.1558
 10
11.9263
 20
2.1298
 10
11.9309
 20
2.1037
 10
11.9355
 20
2.0777
 10
11.94
 20
2.0517
 10
11.9445
 20
2.0256
 10
11.9489
 20
1.9996
 10
11.9532
 20
1.9735
 10
11.9575
 20
1.9474
 10
11.9617
 20
1.9213
 10
11.9658
 20
1.8952
 10
11.97
 20
1.8691
 10
11.974
 20
1.843
 10
11.978
 20
1.8168
 10
11.9819
 20
1.7907
 10
11.9858
 20
1.7646
 10
11.9896
 20
1.7384
 10
11.9934
 20
1.7123
 10
11.9971
 20
1.6861
 10
12.0007
 20
1.6599
 10
12.0043
 20
1.6337
 10
12.0079
 20
1.6075
 10
12.0114
 20
1.5813
 10
12.0148
 20
1.5551
 10
12.0181
 20
1.5289
 10
12.0214
 20
1.5027
 10
12.0247
 20
1.4764
 10
12.0279
 20
1.4502
 10
12.031
 20
1.424
 10
12.0341
 20
1.3977
 10
12.0371
 20
1.3715
 10
12.0401
 20
1.3452
 10
12.043
 20
1.3189
 10
12.0458
 20
1.2926
 10
12.0486
 20
1.2664
 10
12.0514
 20
1.2401
 10
12.054
 20
1.2138
 10
12.0567
 20
1.1875
 10
12.0592
 20
1.1612
 10
12.0617
 20
1.1349
 10
12.0642
 20
1.1085
 10
12.0666
 20
1.0822
 10
12.0689
 20
1.0559
 10
12.0712
 20
1.0296
 10
12.0734
 20
1.0032
 10
12.0756
 20
0.9769
 10
12.0777
 20
0.9505
 10
12.0797
 20
0.9242
 10
12.0817
 20
0.8978
 10
12.0836
 20
0.8715
 10
12.0855
 20
0.8451
 10
12.0873
 20
0.8187
 10
12.0891
 20
0.7924
 10
12.0908
 20
0.766
 10
12.0924
 20
0.7396
 10
12.094
 20
0.7132
 10
12.0955
 20
0.6868
 10
12.097
 20
0.6604
 10
12.0984
 20
0.6341
 10
12.0998
 20
0.6077
 10
12.101
 20
0.5813
 10
12.1023
 20
0.5549
 10
12.1035
 20
0.5284
 10
12.1046
 20
0.502
 10
12.1057
 20
0.4756
 10
12.1067
 20
0.4492
 10
12.1076
 20
0.4228
 10
12.1085
 20
0.3964
 10
12.1093
 20
0.37
 10
12.1101
 20
0.3436
 10
12.1108
 20
0.3171
 10
12.1115
 20
0.2907
 10
12.1121
 20
0.2643
 10
12.1127
 20
0.2379
 10
12.1132
 20
0.2114
 10
12.1136
 20
0.185
 10
12.114
 20
0.1586
 10
12.1143
 20
0.1322
 10
12.1144
 20
0.12
 10
13.2345
 20
0.12
 10
13.2342
 20
0.1444
 10
13.2339
 20
0.1732
 10
13.2335
 20
0.2021
  0
LWPOLYLINE
  5
A1
330
17
100
AcDbEntity
  8
ALTIN
100
AcDbPolyline
 90
462
 70
1
 10
11.3446
 20
6.8165
 10
11.3297
 20
6.8413
 10
11.3148
 20
6.866
 10
11.2998
 20
6.8906
 10
11.2847
 20
6.9153
 10
11.2696
 20
6.9399
 10
11.2544
 20
6.9644
 10
11.2392
 20
6.989
 10
11.2239
 20
7.0135
 10
11.2086
 20
7.038
 10
11.1932
 20
7.0624
 10
11.1778
 20
7.0868
 10
11.1623
 20
7.1112
 10
11.1467
 20
7.1355
 10
11.1312
 20
7.1598
 10
11.1155
 20
7.1841
 10
11.0998
 20
7.2083
 10
11.0841
 20
7.2325
 10
11.0682
 20
7.2567
 10
11.0524
 20
7.2808
 10
11.0365
 20
7.3049
 10
11.0205
 20
7.3289
 10
11.0045
 20
7.353
 10
10.9884
 20
7.377
 10
10.9723
 20
7.4009
 10
10.9561
 20
7.4248
 10
10.9399
 20
7.4487
 10
10.9236
 20
7.4726
 10
10.9073
 20
7.4964
 10
10.8909
 20
7.5202
 10
10.8745
 20
7.5439
 10
10.858
 20
7.5676
 10
10.8415
 20
7.5913
 10
10.8249
 20
7.6149
 10
10.8083
 20
7.6385
 10
10.7916
 20
7.6621
 10
10.7748
 20
7.6856
 10
10.758
 20
7.7091
 10
10.7512
 20
7.7185
 10
10.1972
 20
7.316
 10
10.1091
 20
7.4374
 10
10.6631
 20
7.8399
 10
10.6562
 20
7.8493
 10
10.639
 20
7.8725
 10
10.6218
 20
7.8957
 10
10.6046
 20
7.9188
 10
10.5873
 20
7.9419
 10
10.5699
 20
7.965
 10
10.5525
 20
7.9881
 10
10.5351
 20
8.0111
 10
10.5176
 20
8.034
 10
10.5
 20
8.057
 10
10.4824
 20
8.0798
 10
10.4648
 20
8.1027
 10
10.4471
 20
8.1255
 10
10.4293
 20
8.1483
 10
10.4115
 20
8.171
 10
10.3937
 20
8.1937
 10
10.3758
 20
8.2164
 10
10.3578
 20
8.239
 10
10.3398
 20
8.2616
 10
10.3218
 20
8.2841
 10
10.3037
 20
8.3066
 10
10.2855
 20
8.3291
 10
10.2673
 20
8.3515
 10
10.2491
 20
8.3739
 10
10.2308
 20
8.3962
 10
10.2125
 20
8.4185
 10
10.1941
 20
8.4408
 10
10.1756
 20
8.463
 10
10.1571
 20
8.4852
 10
10.1386
 20
8.5073
 10
10.12
 20
8.5294
 10
10.1014
 20
8.5515
 10
10.0827
 20
8.5735
 10
10.064
 20
8.5954
 10
10.0452
 20
8.6174
 10
10.0264
 20
8.6393
 10
10.0075
 20
8.6611
 10
9.9886
 20
8.6829
 10
9.9696
 20
8.7047
 10
9.9506
 20
8.7264
 10
9.9315
 20
8.7481
 10
9.9124
 20
8.7698
 10
9.8933
 20
8.7914
 10
9.8855
 20
8.8001
 10
9.3767
 20
8.3419
 10
9.2763
 20
8.4533
 10
9.7852
 20
8.9115
 10
9.7773
 20
8.9201
 10
9.7579
 20
8.9414
 10
9.7383
 20
8.9627
 10
9.7188
 20
8.9839
 10
9.6991
 20
9.0051
 10
9.6795
 20
9.0262
 10
9.6598
 20
9.0473
 10
9.64
 20
9.0684
 10
9.6202
 20
9.0894
 10
9.6003
 20
9.1104
 10
9.5804
 20
9.1313
 10
9.5605
 20
9.1522
 10
9.5405
 20
9.173
 10
9.5205
 20
9.1938
 10
9.5004
 20
9.2146
 10
9.4803
 20
9.2353
 10
9.4601
 20
9.2559
 10
9.4399
 20
9.2765
 10
9.4196
 20
9.2971
 10
9.3993
 20
9.3176
 10
9.379
 20
9.3381
 10
9.3586
 20
9.3586
 10
9.3381
 20
9.379
 10
9.3176
 20
9.3993
 10
9.2971
 20
9.4196
 10
9.2765
 20
9.4399
 10
9.2559
 20
9.4601
 10
9.2353
 20
9.4803
 10
9.2146
 20
9.5004
 10
9.1938
 20
9.5205
 10
9.173
 20
9.5405
 10
9.1522
 20
9.5605
 10
9.1313
 20
9.5804
 10
9.1104
 20
9.6003
 10
9.0894
 20
9.6202
 10
9.0684
 20
9.64
 10
9.0473
 20
9.6598
 10
9.0262
 20
9.6795
 10
9.0051
 20
9.6991
 10
8.9839
 20
9.7188
 10
8.9627
 20
9.7383
 10
8.9414
 20
9.7579
 10
8.9201
 20
9.7773
 10
8.9115
 20
9.7852
 10
8.4533
 20
9.2763
 10
8.3419
 20
9.3767
 10
8.8001
 20
9.8855
 10
8.7914
 20
9.8933
 10
8.7698
 20
9.9124
 10
8.7481
 20
9.9315
 10
8.7264
 20
9.9506
 10
8.7047
 20
9.9696
 10
8.6829
 20
9.9886
 10
8.6611
 20
10.0075
 10
8.6393
 20
10.0264
 10
8.6174
 20
10.0452
 10
8.5954
 20
10.064
 10
8.5735
 20
10.0827
 10
8.5515
 20
10.1014
 10
8.5294
 20
10.12
 10
8.5073
 20
10.1386
 10
8.4852
 20
10.1571
 10
8.463
 20
10.1756
 10
8.4408
 20
10.1941
 10
8.4185
 20
10.2125
 10
8.3962
 20
10.2308
 10
8.3739
 20
10.2491
 10
8.3515
 20
10.2673
 10
8.3291
 20
10.2855
 10
8.3066
 20
10.3037
 10
8.2841
 20
10.3218
 10
8.2616
 20
10.3398
 10
8.239
 20
10.3578
 10
8.2164
 20
10.3758
 10
8.1937
 20
10.3937
 10
8.171
 20
10.4115
 10
8.1483
 20
10.4293
 10
8.1255
 20
10.4471
 10
8.1027
 20
10.4648
 10
8.0798
 20
10.4824
 10
8.057
 20
10.5
 10
8.034
 20
10.5176
 10
8.0111
 20
10.5351
 10
7.9881
 20
10.5525
 10
7.965
 20
10.5699
 10
7.9419
 20
10.5873
 10
7.9188
 20
10.6046
 10
7.8957
 20
10.6218
 10
7.8725
 20
10.639
 10
7.8493
 20
10.6562
 10
7.8399
 20
10.6631
 10
7.4374
 20
10.1091
 10
7.316
 20
10.1972
 10
7.7185
 20
10.7512
 10
7.7091
 20
10.758
 10
7.6856
 20
10.7748
 10
7.6621
 20
10.7916
 10
7.6385
 20
10.8083
 10
7.6149
 20
10.8249
 10
7.5913
 20
10.8415
 10
7.5676
 20
10.858
 10
7.5439
 20
10.8745
 10
7.5202
 20
10.8909
 10
7.4964
 20
10.9073
 10
7.4726
 20
10.9236
 10
7.4487
 20
10.9399
 10
7.4248
 20
10.9561
 10
7.4009
 20
10.9723
 10
7.377
 20
10.9884
 10
7.353
 20
11.0045
 10
7.3289
 20
11.0205
 10
7.3049
 20
11.0365
 10
7.2808
 20
11.0524
 10
7.2567
 20
11.0682
 10
7.2325
 20
11.0841
 10
7.2083
 20
11.0998
 10
7.1841
 20
11.1155
 10
7.1598
 20
11.1312
 10
7.1355
 20
11.1467
 10
7.1112
 20
11.1623
 10
7.0868
 20
11.1778
 10
7.0624
 20
11.1932
 10
7.038
 20
11.2086
 10
7.0135
 20
11.2239
 10
6.989
 20
11.2392
 10
6.9644
 20
11.2544
 10
6.9399
 20
11.2696
 10
6.9153
 20
11.2847
 10
6.8906
 20
11.2998
 10
6.866
 20
11.3148
 10
6.8413
 20
11.3297
 10
6.8165
 20
11.3446
 10
6.7918
 20
11.3595
 10
6.767
 20
11.3742
 10
6.7421
 20
11.389
 10
6.7211
 20
11.4014
 10
6.1611
 20
10.4314
 10
6.1716
 20
10.4252
 10
6.1943
 20
10.4117
 10
6.217
 20
10.3982
 10
6.2397
 20
10.3846
 10
6.2623
 20
10.3709
 10
6.2849
 20
10.3573
 10
6.3075
 20
10.3435
 10
6.3301
 20
10.3297
 10
6.3526
 20
10.3159
 10
6.3751
 20
10.302
 10
6.3975
 20
10.2881
 10
6.42
 20
10.2741
 10
6.4424
 20
10.2601
 10
6.4647
 20
10.246
 10
6.4871
 20
10.2319
 10
6.5094
 20
10.2177
 10
6.5317
 20
10.2035
 10
6.5539
 20
10.1892
 10
6.5761
 20
10.1749
 10
6.5983
 20
10.1605
 10
6.6205
 20
10.1461
 10
6.6426
 20
10.1316
 10
6.6647
 20
10.1171
 10
6.6867
 20
10.1025
 10
6.7087
 20
10.0879
 10
6.7307
 20
10.0733
 10
6.7527
 20
10.0585
 10
6.7746
 20
10.0438
 10
6.7965
 20
10.029
 10
6.8184
 20
10.0141
 10
6.8402
 20
9.9992
 10
6.862
 20
9.9843
 10
6.8838
 20
9.9693
 10
6.9055
 20
9.9543
 10
6.9272
 20
9.9392
 10
6.9489
 20
9.924
 10
6.9705
 20
9.9088
 10
6.9921
 20
9.8936
 10
7.0137
 20
9.8783
 10
7.0352
 20
9.863
 10
7.0567
 20
9.8476
 10
7.0782
 20
9.8322
 10
7.0996
 20
9.8168
 10
7.121
 20
9.8012
 10
7.1424
 20
9.7857
 10
7.1637
 20
9.7701
 10
7.185
 20
9.7544
 10
7.2063
 20
9.7387
 10
7.2275
 20
9.723
 10
7.2487
 20
9.7072
 10
7.2699
 20
9.6914
 10
7.291
 20
9.6755
 10
7.3121
 20
9.6595
 10
7.3331
 20
9.6436
 10
7.3542
 20
9.6275
 10
7.3751
 20
9.6115
 10
7.3961
 20
9.5954
 10
7.417
 20
9.5792
 10
7.4379
 20
9.563
 10
7.4587
 20
9.5468
 10
7.4795
 20
9.5305
 10
7.5003
 20
9.5141
 10
7.5211
 20
9.4977
 10
7.5418
 20
9.4813
 10
7.5624
 20
9.4648
 10
7.5831
 20
9.4483
 10
7.6037
 20
9.4317
 10
7.6242
 20
9.4151
 10
7.6447
 20
9.3985
 10
7.6652
 20
9.3818
 10
7.6857
 20
9.365
 10
7.7061
 20
9.3482
 10
7.7265
 20
9.3314
 10
7.7468
 20
9.3145
 10
7.7671
 20
9.2976
 10
7.7874
 20
9.2806
 10
7.8076
 20
9.2636
 10
7.8278
 20
9.2466
 10
7.8479
 20
9.2295
 10
7.8681
 20
9.2123
 10
7.8881
 20
9.1951
 10
7.9082
 20
9.1779
 10
7.9282
 20
9.1606
 10
7.9482
 20
9.1433
 10
7.9681
 20
9.1259
 10
7.988
 20
9.1085
 10
8.0078
 20
9.0911
 10
8.0276
 20
9.0736
 10
8.0474
 20
9.0561
 10
8.0672
 20
9.0385
 10
8.0869
 20
9.0209
 10
8.1065
 20
9.0032
 10
8.1261
 20
8.9855
 10
8.1457
 20
8.9677
 10
8.1653
 20
8.95
 10
8.1848
 20
8.9321
 10
8.2042
 20
8.9142
 10
8.2237
 20
8.8963
 10
8.2431
 20
8.8784
 10
8.2624
 20
8.8604
 10
8.2817
 20
8.8423
 10
8.301
 20
8.8242
 10
8.3202
 20
8.8061
 10
8.3394
 20
8.7879
 10
8.3586
 20
8.7697
 10
8.3777
 20
8.7514
 10
8.3968
 20
8.7331
 10
8.4158
 20
8.7148
 10
8.4348
 20
8.6964
 10
8.4537
 20
8.678
 10
8.4726
 20
8.6595
 10
8.4915
 20
8.641
 10
8.5103
 20
8.6225
 10
8.5291
 20
8.6039
 10
8.5479
 20
8.5853
 10
8.5666
 20
8.5666
 10
8.5853
 20
8.5479
 10
8.6039
 20
8.5291
 10
8.6225
 20
8.5103
 10
8.641
 20
8.4915
 10
8.6595
 20
8.4726
 10
8.678
 20
8.4537
 10
8.6964
 20
8.4348
 10
8.7148
 20
8.4158
 10
8.7331
 20
8.3968
 10
8.7514
 20
8.3777
 10
8.7697
 20
8.3586
 10
8.7879
 20
8.3394
 10
8.8061
 20
8.3202
 10
8.8242
 20
8.301
 10
8.8423
 20
8.2817
 10
8.8604
 20
8.2624
 10
8.8784
 20
8.2431
 10
8.8963
 20
8.2237
 10
8.9142
 20
8.2042
 10
8.9321
 20
8.1848
 10
8.95
 20
8.1653
 10
8.9677
 20
8.1457
 10
8.9855
 20
8.1261
 10
9.0032
 20
8.1065
 10
9.0209
 20
8.0869
 10
9.0385
 20
8.0672
 10
9.0561
 20
8.0474
 10
9.0736
 20
8.0276
 10
9.0911
 20
8.0078
 10
9.1085
 20
7.988
 10
9.1259
 20
7.9681
 10
9.1433
 20
7.9482
 10
9.1606
 20
7.9282
 10
9.1779
 20
7.9082
 10
9.1951
 20
7.8881
 10
9.2123
 20
7.8681
 10
9.2295
 20
7.8479
 10
9.2466
 20
7.8278
 10
9.2636
 20
7.8076
 10
9.2806
 20
7.7874
 10
9.2976
 20
7.7671
 10
9.3145
 20
7.7468
 10
9.3314
 20
7.7265
 10
9.3482
 20
7.7061
 10
9.365
 20
7.6857
 10
9.3818
 20
7.6652
 10
9.3985
 20
7.6447
 10
9.4151
 20
7.6242
 10
9.4317
 20
7.6037
 10
9.4483
 20
7.5831
 10
9.4648
 20
7.5624
 10
9.4813
 20
7.5418
 10
9.4977
 20
7.5211
 10
9.5141
 20
7.5003
 10
9.5305
 20
7.4795
 10
9.5468
 20
7.4587
 10
9.563
 20
7.4379
 10
9.5792
 20
7.417
 10
9.5954
 20
7.3961
 10
9.6115
 20
7.3751
 10
9.6275
 20
7.3542
 10
9.6436
 20
7.3331
 10
9.6595
 20
7.3121
 10
9.6755
 20
7.291
 10
9.6914
 20
7.2699
 10
9.7072
 20
7.2487
 10
9.723
 20
7.2275
 10
9.7387
 20
7.2063
 10
9.7544
 20
7.185
 10
9.7701
 20
7.1637
 10
9.7857
 20
7.1424
 10
9.8012
 20
7.121
 10
9.8168
 20
7.0996
 10
9.8322
 20
7.0782
 10
9.8476
 20
7.0567
 10
9.863
 20
7.0352
 10
9.8783
 20
7.0137
 10
9.8936
 20
6.9921
 10
9.9088
 20
6.9705
 10
9.924
 20
6.9489
 10
9.9392
 20
6.9272
 10
9.9543
 20
6.9055
 10
9.9693
 20
6.8838
 10
9.9843
 20
6.862
 10
9.9992
 20
6.8402
 10
10.0141
 20
6.8184
 10
10.029
 20
6.7965
 10
10.0438
 20
6.7746
 10
10.0585
 20
6.7527
 10
10.0733
 20
6.7307
 10
10.0879
 20
6.7087
 10
10.1025
 20
6.6867
 10
10.1171
 20
6.6647
 10
10.1316
 20
6.6426
 10
10.1461
 20
6.6205
 10
10.1605
 20
6.5983
 10
10.1749
 20
6.5761
 10
10.1892
 20
6.5539
 10
10.2035
 20
6.5317
 10
10.2177
 20
6.5094
 10
10.2319
 20
6.4871
 10
10.246
 20
6.4647
 10
10.2601
 20
6.4424
 10
10.2741
 20
6.42
 10
10.2881
 20
6.3975
 10
10.302
 20
6.3751
 10
10.3159
 20
6.3526
 10
10.3297
 20
6.3301
 10
10.3435
 20
6.3075
 10
10.3573
 20
6.2849
 10
10.3709
 20
6.2623
 10
10.3846
 20
6.2397
 10
10.3982
 20
6.217
 10
10.4117
 20
6.1943
 10
10.4252
 20
6.1716
 10
10.4314
 20
6.1611
 10
11.4014
 20
6.7211
 10
11.389
 20
6.7421
 10
11.3742
 20
6.767
 10
11.3595
 20
6.7918
  0
LWPOLYLINE
  5
A2
330
17
100
AcDbEntity
  8
ALTIN
100
AcDbPolyline
 90
462
 70
1
 10
6.4165
 20
11.5756
 10
6.3912
 20
11.5896
 10
6.3659
 20
11.6035
 10
6.3406
 20
11.6173
 10
6.3152
 20
11.6311
 10
6.2898
 20
11.6449
 10
6.2644
 20
11.6586
 10
6.2389
 20
11.6722
 10
6.2135
 20
11.6858
 10
6.1879
 20
11.6993
 10
6.1624
 20
11.7128
 10
6.1368
 20
11.7262
 10
6.1112
 20
11.7396
 10
6.0856
 20
11.7529
 10
6.06
 20
11.7661
 10
6.0343
 20
11.7793
 10
6.0086
 20
11.7925
 10
5.9828
 20
11.8056
 10
5.9571
 20
11.8186
 10
5.9313
 20
11.8315
 10
5.9054
 20
11.8445
 10
5.8796
 20
11.8573
 10
5.8537
 20
11.8701
 10
5.8278
 20
11.8829
 10
5.8018
 20
11.8955
 10
5.7759
 20
11.9082
 10
5.7499
 20
11.9207
 10
5.7239
 20
11.9333
 10
5.6978
 20
11.9457
 10
5.6717
 20
11.9581
 10
5.6456
 20
11.9705
 10
5.6195
 20
11.9828
 10
5.5934
 20
11.995
 10
5.5672
 20
12.0072
 10
5.541
 20
12.0193
 10
5.5147
 20
12.0313
 10
5.4885
 20
12.0433
 10
5.4622
 20
12.0553
 10
5.4516
 20
12.0601
 10
5.1731
 20
11.4345
 10
5.036
 20
11.4955
 10
5.3146
 20
12.1211
 10
5.3039
 20
12.1257
 10
5.2774
 20
12.1373
 10
5.251
 20
12.1488
 10
5.2244
 20
12.1602
 10
5.1979
 20
12.1716
 10
5.1713
 20
12.1829
 10
5.1447
 20
12.1941
 10
5.1181
 20
12.2053
 10
5.0915
 20
12.2165
 10
5.0648
 20
12.2275
 10
5.0381
 20
12.2386
 10
5.0114
 20
12.2495
 10
4.9847
 20
12.2604
 10
4.9579
 20
12.2713
 10
4.9311
 20
12.2821
 10
4.9043
 20
12.2928
 10
4.8775
 20
12.3035
 10
4.8506
 20
12.3141
 10
4.8238
 20
12.3246
 10
4.7969
 20
12.3351
 10
4.7699
 20
12.3456
 10
4.743
 20
12.3559
 10
4.716
 20
12.3663
 10
4.689
 20
12.3765
 10
4.662
 20
12.3867
 10
4.635
 20
12.3969
 10
4.6079
 20
12.4069
 10
4.5809
 20
12.417
 10
4.5538
 20
12.4269
 10
4.5266
 20
12.4368
 10
4.4995
 20
12.4467
 10
4.4723
 20
12.4565
 10
4.4451
 20
12.4662
 10
4.4179
 20
12.4759
 10
4.3907
 20
12.4855
 10
4.3635
 20
12.495
 10
4.3362
 20
12.5045
 10
4.3089
 20
12.5139
 10
4.2816
 20
12.5233
 10
4.2543
 20
12.5326
 10
4.2269
 20
12.5419
 10
4.1995
 20
12.5511
 10
4.1721
 20
12.5602
 10
4.1611
 20
12.5638
 10
3.9495
 20
11.9126
 10
3.8068
 20
11.9589
 10
4.0184
 20
12.6102
 10
4.0074
 20
12.6137
 10
3.9798
 20
12.6224
 10
3.9523
 20
12.6311
 10
3.9247
 20
12.6397
 10
3.8971
 20
12.6482
 10
3.8695
 20
12.6567
 10
3.8419
 20
12.6651
 10
3.8143
 20
12.6735
 10
3.7866
 20
12.6817
 10
3.7589
 20
12.69
 10
3.7312
 20
12.6981
 10
3.7035
 20
12.7063
 10
3.6758
 20
12.7143
 10
3.6481
 20
12.7223
 10
3.6203
 20
12.7302
 10
3.5925
 20
12.7381
 10
3.5647
 20
12.7459
 10
3.5369
 20
12.7536
 10
3.5091
 20
12.7613
 10
3.4812
 20
12.769
 10
3.4534
 20
12.7765
 10
3.4255
 20
12.784
 10
3.3976
 20
12.7915
 10
3.3697
 20
12.7989
 10
3.3417
 20
12.8062
 10
3.3138
 20
12.8134
 10
3.2858
 20
12.8206
 10
3.2578
 20
12.8278
 10
3.2298
 20
12.8348
 10
3.2018
 20
12.8419
 10
3.1738
 20
12.8488
 10
3.1458
 20
12.8557
 10
3.1177
 20
12.8625
 10
3.0896
 20
12.8693
 10
3.0616
 20
12.876
 10
3.0335
 20
12.8827
 10
3.0054
 20
12.8893
 10
2.9772
 20
12.8958
 10
2.9491
 20
12.9023
 10
2.9209
 20
12.9087
 10
2.8928
 20
12.915
 10
2.8646
 20
12.9213
 10
2.8364
 20
12.9275
 10
2.825
 20
12.93
 10
2.6827
 20
12.2602
 10
2.5359
 20
12.2913
 10
2.6783
 20
12.9612
 10
2.6669
 20
12.9635
 10
2.6386
 20
12.9693
 10
2.6103
 20
12.975
 10
2.582
 20
12.9807
 10
2.5537
 20
12.9863
 10
2.5254
 20
12.9918
 10
2.497
 20
12.9973
 10
2.4686
 20
13.0027
 10
2.4403
 20
13.0081
 10
2.4119
 20
13.0134
 10
2.3835
 20
13.0186
 10
2.3551
 20
13.0238
 10
2.3267
 20
13.0289
 10
2.2982
 20
13.0339
 10
2.2698
 20
13.0389
 10
2.2413
 20
13.0438
 10
2.2129
 20
13.0487
 10
2.1844
 20
13.0535
 10
2.1559
 20
13.0582
 10
2.1274
 20
13.0629
 10
2.0989
 20
13.0675
 10
2.0704
 20
13.0721
 10
2.0419
 20
13.0765
 10
2.0134
 20
13.081
 10
1.9848
 20
13.0853
 10
1.9563
 20
13.0896
 10
1.9277
 20
13.0939
 10
1.8991
 20
13.098
 10
1.8705
 20
13.1021
 10
1.842
 20
13.1062
 10
1.8134
 20
13.1102
 10
1.7848
 20
13.1141
 10
1.7561
 20
13.118
 10
1.7275
 20
13.1218
 10
1.6989
 20
13.1255
 10
1.6702
 20
13.1292
 10
1.6416
 20
13.1328
 10
1.6129
 20
13.1363
 10
1.5843
 20
13.1398
 10
1.5556
 20
13.1433
 10
1.5269
 20
13.1466
 10
1.4982
 20
13.1499
 10
1.4696
 20
13.1532
 10
1.458
 20
13.1544
 10
1.3864
 20
12.4734
 10
1.2372
 20
12.4891
 10
1.3088
 20
13.1701
 10
1.2973
 20
13.1713
 10
1.2685
 20
13.1741
 10
1.2398
 20
13.1768
 10
1.211
 20
13.1795
 10
1.1823
 20
13.1821
 10
1.1535
 20
13.1846
 10
1.1247
 20
13.1871
 10
1.096
 20
13.1895
 10
1.0672
 20
13.1919
 10
1.0384
 20
13.1942
 10
1.0096
 20
13.1964
 10
0.9808
 20
13.1986
 10
0.952
 20
13.2007
 10
0.9232
 20
13.2028
 10
0.8944
 20
13.2047
 10
0.8656
 20
13.2067
 10
0.8368
 20
13.2085
 10
0.808
 20
13.2103
 10
0.7792
 20
13.212
 10
0.7503
 20
13.2137
 10
0.7215
 20
13.2153
 10
0.6927
 20
13.2169
 10
0.6638
 20
13.2183
 10
0.635
 20
13.2198
 10
0.6061
 20
13.2211
 10
0.5773
 20
13.2224
 10
0.5485
 20
13.2236
 10
0.5196
 20
13.2248
 10
0.4908
 20
13.2259
 10
0.4619
 20
13.2269
 10
0.433
 20
13.2279
 10
0.4042
 20
13.2288
 10
0.3753
 20
13.2297
 10
0.3465
 20
13.2305
 10
0.3176
 20
13.2312
 10
0.2887
 20
13.2319
 10
0.2599
 20
13.2324
 10
0.231
 20
13.233
 10
0.2021
 20
13.2335
 10
0.1732
 20
13.2339
 10
0.1444
 20
13.2342
 10
0.12
 20
13.2345
 10
0.12
 20
12.1144
 10
0.1322
 20
12.1143
 10
0.1586
 20
12.114
 10
0.185
 20
12.1136
 10
0.2114
 20
12.1132
 10
0.2379
 20
12.1127
 10
0.2643
 20
12.1121
 10
0.2907
 20
12.1115
 10
0.3171
 20
12.1108
 10
0.3436
 20
12.1101
 10
0.37
 20
12.1093
 10
0.3964
 20
12.1085
 10
0.4228
 20
12.1076
 10
0.4492
 20
12.1067
 10
0.4756
 20
12.1057
 10
0.502
 20
12.1046
 10
0.5284
 20
12.1035
 10
0.5549
 20
12.1023
 10
0.5813
 20
12.101
 10
0.6077
 20
12.0998
 10
0.6341
 20
12.0984
 10
0.6604
 20
12.097
 10
0.6868
 20
12.0955
 10
0.7132
 20
12.094
 10
0.7396
 20
12.0924
 10
0.766
 20
12.0908
 10
0.7924
 20
12.0891
 10
0.8187
 20
12.0873
 10
0.8451
 20
12.0855
 10
0.8715
 20
12.0836
 10
0.8978
 20
12.0817
 10
0.9242
 20
12.0797
 10
0.9505
 20
12.0777
 10
0.9769
 20
12.0756
 10
1.0032
 20
12.0734
 10
1.0296
 20
12.0712
 10
1.0559
 20
12.0689
 10
1.0822
 20
12.0666
 10
1.1085
 20
12.0642
 10
1.1349
 20
12.0617
 10
1.1612
 20
12.0592
 10
1.1875
 20
12.0567
 10
1.2138
 20
12.054
 10
1.2401
 20
12.0514
 10
1.2664
 20
12.0486
 10
1.2926
 20
12.0458
 10
1.3189
 20
12.043
 10
1.3452
 20
12.0401
 10
1.3715
 20
12.0371
 10
1.3977
 20
12.0341
 10
1.424
 20
12.031
 10
1.4502
 20
12.0279
 10
1.4764
 20
12.0247
 10
1.5027
 20
12.0214
 10
1.5289
 20
12.0181
 10
1.5551
 20
12.0148
 10
1.5813
 20
12.0114
 10
1.6075
 20
12.0079
 10
1.6337
 20
12.0043
 10
1.6599
 20
12.0007
 10
1.6861
 20
11.9971
 10
1.7123
 20
11.9934
 10
1.7384
 20
11.9896
 10
1.7646
 20
11.9858
 10
1.7907
 20
11.9819
 10
1.8168
 20
11.978
 10
1.843
 20
11.974
 10
1.8691
 20
11.97
 10
1.8952
 20
11.9658
 10
1.9213
 20
11.9617
 10
1.9474
 20
11.9575
 10
1.9735
 20
11.9532
 10
1.9996
 20
11.9489
 10
2.0256
 20
11.9445
 10
2.0517
 20
11.94
 10
2.0777
 20
11.9355
 10
2.1037
 20
11.9309
 10
2.1298
 20
11.9263
 10
2.1558
 20
11.9217
 10
2.1818
 20
11.9169
 10
2.2078
 20
11.9121
 10
2.2338
 20
11.9073
 10
2.2597
 20
11.9024
 10
2.2857
 20
11.8974
 10
2.3117
 20
11.8924
 10
2.3376
 20
11.8873
 10
2.3635
 20
11.8822
 10
2.3894
 20
11.877
 10
2.4153
 20
11.8718
 10
2.4412
 20
11.8665
 10
2.4671
 20
11.8611
 10
2.493
 20
11.8557
 10
2.5189
 20
11.8503
 10
2.5447
 20
11.8447
 10
2.5705
 20
11.8392
 10
2.5964
 20
11.8335
 10
2.6222
 20
11.8278
 10
2.648
 20
11.8221
 10
2.6737
 20
11.8163
 10
2.6995
 20
11.8104
 10
2.7253
 20
11.8045
 10
2.751
 20
11.7985
 10
2.7768
 20
11.7925
 10
2.8025
 20
11.7864
 10
2.8282
 20
11.7803
 10
2.8539
 20
11.7741
 10
2.8796
 20
11.7678
 10
2.9052
 20
11.7615
 10
2.9309
 20
11.7551
 10
2.9565
 20
11.7487
 10
2.9821
 20
11.7422
 10
3.0078
 20
11.7357
 10
3.0334
 20
11.7291
 10
3.0589
 20
11.7225
 10
3.0845
 20
11.7158
 10
3.1101
 20
11.709
 10
3.1356
 20
11.7022
 10
3.1611
 20
11.6953
 10
3.1866
 20
11.6884
 10
3.2121
 20
11.6814
 10
3.2376
 20
11.6744
 10
3.2631
 20
11.6673
 10
3.2885
 20
11.6601
 10
3.3139
 20
11.6529
 10
3.3393
 20
11.6457
 10
3.3647
 20
11.6384
 10
3.3901
 20
11.631
 10
3.4155
 20
11.6236
 10
3.4408
 20
11.6161
 10
3.4662
 20
11.6086
 10
3.4915
 20
11.601
 10
3.5168
 20
11.5933
 10
3.5421
 20
11.5856
 10
3.5674
 20
11.5779
 10
3.5926
 20
11.5701
 10
3.6178
 20
11.5622
 10
3.6431
 20
11.5543
 10
3.6682
 20
11.5463
 10
3.6934
 20
11.5383
 10
3.7186
 20
11.5302
 10
3.7437
 20
11.522
 10
3.7689
 20
11.5139
 10
3.794
 20
11.5056
 10
3.8191
 20
11.4973
 10
3.8441
 20
11.4889
 10
3.8692
 20
11.4805
 10
3.8942
 20
11.4721
 10
3.9193
 20
11.4635
 10
3.9443
 20
11.455
 10
3.9692
 20
11.4463
 10
3.9942
 20
11.4376
 10
4.0191
 20
11.4289
 10
4.0441
 20
11.4201
 10
4.069
 20
11.4113
 10
4.0939
 20
11.4023
 10
4.1187
 20
11.3934
 10
4.1436
 20
11.3844
 10
4.1684
 20
11.3753
 10
4.1932
 20
11.3662
 10
4.218
 20
11.357
 10
4.2428
 20
11.3478
 10
4.2675
 20
11.3385
 10
4.2922
 20
11.3292
 10
4.3169
 20
11.3198
 10
4.3416
 20
11.3103
 10
4.3663
 20
11.3008
 10
4.3909
 20
11.2913
 10
4.4156
 20
11.2817
 10
4.4402
 20
11.272
 10
4.4647
 20
11.2623
 10
4.4893
 20
11.2525
 10
4.5138
 20
11.2427
 10
4.5384
 20
11.2328
 10
4.5629
 20
11.2229
 10
4.5873
 20
11.2129
 10
4.6118
 20
11.2029
 10
4.6362
 20
11.1928
 10
4.6606
 20
11.1827
 10
4.685
 20
11.1725
 10
4.7094
 20
11.1622
 10
4.7337
 20
11.1519
 10
4.758
 20
11.1416
 10
4.7823
 20
11.1312
 10
4.8066
 20
11.1207
 10
4.8308
 20
11.1102
 10
4.8551
 20
11.0996
 10
4.8793
 20
11.089
 10
4.9035
 20
11.0783
 10
4.9276
 20
11.0676
 10
4.9517
 20
11.0568
 10
4.9759
 20
11.046
 10
4.9999
 20
11.0351
 10
5.024
 20
11.0242
 10
5.048
 20
11.0132
 10
5.0721
 20
11.0022
 10
5.0961
 20
10.9911
 10
5.12
 20
10.9799
 10
5.144
 20
10.9687
 10
5.1679
 20
10.9575
 10
5.1918
 20
10.9462
 10
5.2156
 20
10.9348
 10
5.2395
 20
10.9234
 10
5.2633
 20
10.912
 10
5.2871
 20
10.9005
 10
5.3109
 20
10.8889
 10
5.3346
 20
10.8773
 10
5.3583
 20
10.8656
 10
5.382
 20
10.8539
 10
5.4057
 20
10.8421
 10
5.4293
 20
10.8303
 10
5.4529
 20
10.8184
 10
5.4765
 20
10.8065
 10
5.5001
 20
10.7945
 10
5.5236
 20
10.7825
 10
5.5471
 20
10.7704
 10
5.5706
 20
10.7583
 10
5.5941
 20
10.7461
 10
5.6175
 20
10.7339
 10
5.6409
 20
10.7216
 10
5.6643
 20
10.7093
 10
5.6876
 20
10.6969
 10
5.711
 20
10.6845
 10
5.7343
 20
10.672
 10
5.7575
 20
10.6595
 10
5.7808
 20
10.6469
 10
5.804
 20
10.6342
 10
5.8272
 20
10.6215
 10
5.8503
 20
10.6088
 10
5.8735
 20
10.596
 10
5.8966
 20
10.5832
 10
5.9196
 20
10.5703
 10
5.9427
 20
10.5573
 10
5.9533
 20
10.5514
 10
6.5133
 20
11.5214
 10
6.4921
 20
11.5333
 10
6.4669
 20
11.5475
 10
6.4417
 20
11.5616
  0
LWPOLYLINE
  5
A3
330
17
100
AcDbEntity
  8
ALTIN
100
AcDbPolyline
 90
462
 70
1
 10
-0.231
 20
13.233
 10
-0.2599
 20
13.2324
 10
-0.2887
 20
13.2319
 10
-0.3176
 20
13.2312
 10
-0.3465
 20
13.2305
 10
-0.3753
 20
13.2297
 10
-0.4042
 20
13.2288
 10
-0.433
 20
13.2279
 10
-0.4619
 20
13.2269
 10
-0.4908
 20
13.2259
 10
-0.5196
 20
13.2248
 10
-0.5485
 20
13.2236
 10
-0.5773
 20
13.2224
 10
-0.6061
 20
13.2211
 10
-0.635
 20
13.2198
 10
-0.6638
 20
13.2183
 10
-0.6927
 20
13.2169
 10
-0.7215
 20
13.2153
 10
-0.7503
 20
13.2137
 10
-0.7792
 20
13.212
 10
-0.808
 20
13.2103
 10
-0.8368
 20
13.2085
 10
-0.8656
 20
13.2067
 10
-0.8944
 20
13.2047
 10
-0.9232
 20
13.2028
 10
-0.952
 20
13.2007
 10
-0.9808
 20
13.1986
 10
-1.0096
 20
13.1964
 10
-1.0384
 20
13.1942
 10
-1.0672
 20
13.1919
 10
-1.096
 20
13.1895
 10
-1.1247
 20
13.1871
 10
-1.1535
 20
13.1846
 10
-1.1823
 20
13.1821
 10
-1.211
 20
13.1795
 10
-1.2398
 20
13.1768
 10
-1.2685
 20
13.1741
 10
-1.2973
 20
13.1713
 10
-1.3088
 20
13.1701
 10
-1.2372
 20
12.4891
 10
-1.3864
 20
12.4734
 10
-1.458
 20
13.1544
 10
-1.4696
 20
13.1532
 10
-1.4982
 20
13.1499
 10
-1.5269
 20
13.1466
 10
-1.5556
 20
13.1433
 10
-1.5843
 20
13.1398
 10
-1.6129
 20
13.1363
 10
-1.6416
 20
13.1328
 10
-1.6702
 20
13.1292
 10
-1.6989
 20
13.1255
 10
-1.7275
 20
13.1218
 10
-1.7561
 20
13.118
 10
-1.7848
 20
13.1141
 10
-1.8134
 20
13.1102
 10
-1.842
 20
13.1062
 10
-1.8705
 20
13.1021
 10
-1.8991
 20
13.098
 10
-1.9277
 20
13.0939
 10
-1.9563
 20
13.0896
 10
-1.9848
 20
13.0853
 10
-2.0134
 20
13.081
 10
-2.0419
 20
13.0765
 10
-2.0704
 20
13.0721
 10
-2.0989
 20
13.0675
 10
-2.1274
 20
13.0629
 10
-2.1559
 20
13.0582
 10
-2.1844
 20
13.0535
 10
-2.2129
 20
13.0487
 10
-2.2413
 20
13.0438
 10
-2.2698
 20
13.0389
 10
-2.2982
 20
13.0339
 10
-2.3267
 20
13.0289
 10
-2.3551
 20
13.0238
 10
-2.3835
 20
13.0186
 10
-2.4119
 20
13.0134
 10
-2.4403
 20
13.0081
 10
-2.4686
 20
13.0027
 10
-2.497
 20
12.9973
 10
-2.5254
 20
12.9918
 10
-2.5537
 20
12.9863
 10
-2.582
 20
12.9807
 10
-2.6103
 20
12.975
 10
-2.6386
 20
12.9693
 10
-2.6669
 20
12.9635
 10
-2.6783
 20
12.9612
 10
-2.5359
 20
12.2913
 10
-2.6827
 20
12.2602
 10
-2.825
 20
12.93
 10
-2.8364
 20
12.9275
 10
-2.8646
 20
12.9213
 10
-2.8928
 20
12.915
 10
-2.9209
 20
12.9087
 10
-2.9491
 20
12.9023
 10
-2.9772
 20
12.8958
 10
-3.0054
 20
12.8893
 10
-3.0335
 20
12.8827
 10
-3.0616
 20
12.876
 10
-3.0896
 20
12.8693
 10
-3.1177
 20
12.8625
 10
-3.1458
 20
12.8557
 10
-3.1738
 20
12.8488
 10
-3.2018
 20
12.8419
 10
-3.2298
 20
12.8348
 10
-3.2578
 20
12.8278
 10
-3.2858
 20
12.8206
 10
-3.3138
 20
12.8134
 10
-3.3417
 20
12.8062
 10
-3.3697
 20
12.7989
 10
-3.3976
 20
12.7915
 10
-3.4255
 20
12.784
 10
-3.4534
 20
12.7765
 10
-3.4812
 20
12.769
 10
-3.5091
 20
12.7613
 10
-3.5369
 20
12.7536
 10
-3.5647
 20
12.7459
 10
-3.5925
 20
12.7381
 10
-3.6203
 20
12.7302
 10
-3.6481
 20
12.7223
 10
-3.6758
 20
12.7143
 10
-3.7035
 20
12.7063
 10
-3.7312
 20
12.6981
 10
-3.7589
 20
12.69
 10
-3.7866
 20
12.6817
 10
-3.8143
 20
12.6735
 10
-3.8419
 20
12.6651
 10
-3.8695
 20
12.6567
 10
-3.8971
 20
12.6482
 10
-3.9247
 20
12.6397
 10
-3.9523
 20
12.6311
 10
-3.9798
 20
12.6224
 10
-4.0074
 20
12.6137
 10
-4.0184
 20
12.6102
 10
-3.8068
 20
11.9589
 10
-3.9495
 20
11.9126
 10
-4.1611
 20
12.5638
 10
-4.1721
 20
12.5602
 10
-4.1995
 20
12.5511
 10
-4.2269
 20
12.5419
 10
-4.2543
 20
12.5326
 10
-4.2816
 20
12.5233
 10
-4.3089
 20
12.5139
 10
-4.3362
 20
12.5045
 10
-4.3635
 20
12.495
 10
-4.3907
 20
12.4855
 10
-4.4179
 20
12.4759
 10
-4.4451
 20
12.4662
 10
-4.4723
 20
12.4565
 10
-4.4995
 20
12.4467
 10
-4.5266
 20
12.4368
 10
-4.5538
 20
12.4269
 10
-4.5809
 20
12.417
 10
-4.6079
 20
12.4069
 10
-4.635
 20
12.3969
 10
-4.662
 20
12.3867
 10
-4.689
 20
12.3765
 10
-4.716
 20
12.3663
 10
-4.743
 20
12.3559
 10
-4.7699
 20
12.3456
 10
-4.7969
 20
12.3351
 10
-4.8238
 20
12.3246
 10
-4.8506
 20
12.3141
 10
-4.8775
 20
12.3035
 10
-4.9043
 20
12.2928
 10
-4.9311
 20
12.2821
 10
-4.9579
 20
12.2713
 10
-4.9847
 20
12.2604
 10
-5.0114
 20
12.2495
 10
-5.0381
 20
12.2386
 10
-5.0648
 20
12.2275
 10
-5.0915
 20
12.2165
 10
-5.1181
 20
12.2053
 10
-5.1447
 20
12.1941
 10
-5.1713
 20
12.1829
 10
-5.1979
 20
12.1716
 10
-5.2244
 20
12.1602
 10
-5.251
 20
12.1488
 10
-5.2774
 20
12.1373
 10
-5.3039
 20
12.1257
 10
-5.3146
 20
12.1211
 10
-5.036
 20
11.4955
 10
-5.1731
 20
11.4345
 10
-5.4516
 20
12.0601
 10
-5.4622
 20
12.0553
 10
-5.4885
 20
12.0433
 10
-5.5147
 20
12.0313
 10
-5.541
 20
12.0193
 10
-5.5672
 20
12.0072
 10
-5.5934
 20
11.995
 10
-5.6195
 20
11.9828
 10
-5.6456
 20
11.9705
 10
-5.6717
 20
11.9581
 10
-5.6978
 20
11.9457
 10
-5.7239
 20
11.9333
 10
-5.7499
 20
11.9207
 10
-5.7759
 20
11.9082
 10
-5.8018
 20
11.8955
 10
-5.8278
 20
11.8829
 10
-5.8537
 20
11.8701
 10
-5.8796
 20
11.8573
 10
-5.9054
 20
11.8445
 10
-5.9313
 20
11.8315
 10
-5.9571
 20
11.8186
 10
-5.9828
 20
11.8056
 10
-6.0086
 20
11.7925
 10
-6.0343
 20
11.7793
 10
-6.06
 20
11.7661
 10
-6.0856
 20
11.7529
 10
-6.1112
 20
11.7396
 10
-6.1368
 20
11.7262
 10
-6.1624
 20
11.7128
 10
-6.1879
 20
11.6993
 10
-6.2135
 20
11.6858
 10
-6.2389
 20
11.6722
 10
-6.2644
 20
11.6586
 10
-6.2898
 20
11.6449
 10
-6.3152
 20
11.6311
 10
-6.3406
 20
11.6173
 10
-6.3659
 20
11.6035
 10
-6.3912
 20
11.5896
 10
-6.4165
 20
11.5756
 10
-6.4417
 20
11.5616
 10
-6.4669
 20
11.5475
 10
-6.4921
 20
11.5333
 10
-6.5133
 20
11.5214
 10
-5.9533
 20
10.5514
 10
-5.9427
 20
10.5573
 10
-5.9196
 20
10.5703
 10
-5.8966
 20
10.5832
 10
-5.8735
 20
10.596
 10
-5.8503
 20
10.6088
 10
-5.8272
 20
10.6215
 10
-5.804
 20
10.6342
 10
-5.7808
 20
10.6469
 10
-5.7575
 20
10.6595
 10
-5.7343
 20
10.672
 10
-5.711
 20
10.6845
 10
-5.6876
 20
10.6969
 10
-5.6643
 20
10.7093
 10
-5.6409
 20
10.7216
 10
-5.6175
 20
10.7339
 10
-5.5941
 20
10.7461
 10
-5.5706
 20
10.7583
 10
-5.5471
 20
10.7704
 10
-5.5236
 20
10.7825
 10
-5.5001
 20
10.7945
 10
-5.4765
 20
10.8065
 10
-5.4529
 20
10.8184
 10
-5.4293
 20
10.8303
 10
-5.4057
 20
10.8421
 10
-5.382
 20
10.8539
 10
-5.3583
 20
10.8656
 10
-5.3346
 20
10.8773
 10
-5.3109
 20
10.8889
 10
-5.2871
 20
10.9005
 10
-5.2633
 20
10.912
 10
-5.2395
 20
10.9234
 10
-5.2156
 20
10.9348
 10
-5.1918
 20
10.9462
 10
-5.1679
 20
10.9575
 10
-5.144
 20
10.9687
 10
-5.12
 20
10.9799
 10
-5.0961
 20
10.9911
 10
-5.0721
 20
11.0022
 10
-5.048
 20
11.0132
 10
-5.024
 20
11.0242
 10
-4.9999
 20
11.0351
 10
-4.9759
 20
11.046
 10
-4.9517
 20
11.0568
 10
-4.9276
 20
11.0676
 10
-4.9035
 20
11.0783
 10
-4.8793
 20
11.089
 10
-4.8551
 20
11.0996
 10
-4.8308
 20
11.1102
 10
-4.8066
 20
11.1207
 10
-4.7823
 20
11.1312
 10
-4.758
 20
11.1416
 10
-4.7337
 20
11.1519
 10
-4.7094
 20
11.1622
 10
-4.685
 20
11.1725
 10
-4.6606
 20
11.1827
 10
-4.6362
 20
11.1928
 10
-4.6118
 20
11.2029
 10
-4.5873
 20
11.2129
 10
-4.5629
 20
11.2229
 10
-4.5384
 20
11.2328
 10
-4.5138
 20
11.2427
 10
-4.4893
 20
11.2525
 10
-4.4647
 20
11.2623
 10
-4.4402
 20
11.272
 10
-4.4156
 20
11.2817
 10
-4.3909
 20
11.2913
 10
-4.3663
 20
11.3008
 10
-4.3416
 20
11.3103
 10
-4.3169
 20
11.3198
 10
-4.2922
 20
11.3292
 10
-4.2675
 20
11.3385
 10
-4.2428
 20
11.3478
 10
-4.218
 20
11.357
 10
-4.1932
 20
11.3662
 10
-4.1684
 20
11.3753
 10
-4.1436
 20
11.3844
 10
-4.1187
 20
11.3934
 10
-4.0939
 20
11.4023
 10
-4.069
 20
11.4113
 10
-4.0441
 20
11.4201
 10
-4.0191
 20
11.4289
 10
-3.9942
 20
11.4376
 10
-3.9692
 20
11.4463
 10
-3.9443
 20
11.455
 10
-3.9193
 20
11.4635
 10
-3.8942
 20
11.4721
 10
-3.8692
 20
11.4805
 10
-3.8441
 20
11.4889
 10
-3.8191
 20
11.4973
 10
-3.794
 20
11.5056
 10
-3.7689
 20
11.5139
 10
-3.7437
 20
11.522
 10
-3.7186
 20
11.5302
 10
-3.6934
 20
11.5383
 10
-3.6682
 20
11.5463
 10
-3.6431
 20
11.5543
 10
-3.6178
 20
11.5622
 10
-3.5926
 20
11.5701
 10
-3.5674
 20
11.5779
 10
-3.5421
 20
11.5856
 10
-3.5168
 20
11.5933
 10
-3.4915
 20
11.601
 10
-3.4662
 20
11.6086
 10
-3.4408
 20
11.6161
 10
-3.4155
 20
11.6236
 10
-3.3901
 20
11.631
 10
-3.3647
 20
11.6384
 10
-3.3393
 20
11.6457
 10
-3.3139
 20
11.6529
 10
-3.2885
 20
11.6601
 10
-3.2631
 20
11.6673
 10
-3.2376
 20
11.6744
 10
-3.2121
 20
11.6814
 10
-3.1866
 20
11.6884
 10
-3.1611
 20
11.6953
 10
-3.1356
 20
11.7022
 10
-3.1101
 20
11.709
 10
-3.0845
 20
11.7158
 10
-3.0589
 20
11.7225
 10
-3.0334
 20
11.7291
 10
-3.0078
 20
11.7357
 10
-2.9821
 20
11.7422
 10
-2.9565
 20
11.7487
 10
-2.9309
 20
11.7551
 10
-2.9052
 20
11.7615
 10
-2.8796
 20
11.7678
 10
-2.8539
 20
11.7741
 10
-2.8282
 20
11.7803
 10
-2.8025
 20
11.7864
 10
-2.7768
 20
11.7925
 10
-2.751
 20
11.7985
 10
-2.7253
 20
11.8045
 10
-2.6995
 20
11.8104
 10
-2.6737
 20
11.8163
 10
-2.648
 20
11.8221
 10
-2.6222
 20
11.8278
 10
-2.5964
 20
11.8335
 10
-2.5705
 20
11.8392
 10
-2.5447
 20
11.8447
 10
-2.5189
 20
11.8503
 10
-2.493
 20
11.8557
 10
-2.4671
 20
11.8611
 10
-2.4412
 20
11.8665
 10
-2.4153
 20
11.8718
 10
-2.3894
 20
11.877
 10
-2.3635
 20
11.8822
 10
-2.3376
 20
11.8873
 10
-2.3117
 20
11.8924
 10
-2.2857
 20
11.8974
 10
-2.2597
 20
11.9024
 10
-2.2338
 20
11.9073
 10
-2.2078
 20
11.9121
 10
-2.1818
 20
11.9169
 10
-2.1558
 20
11.9217
 10
-2.1298
 20
11.9263
 10
-2.1037
 20
11.9309
 10
-2.0777
 20
11.9355
 10
-2.0517
 20
11.94
 10
-2.0256
 20
11.9445
 10
-1.9996
 20
11.9489
 10
-1.9735
 20
11.9532
 10
-1.9474
 20
11.9575
 10
-1.9213
 20
11.9617
 10
-1.8952
 20
11.9658
 10
-1.8691
 20
11.97
 10
-1.843
 20
11.974
 10
-1.8168
 20
11.978
 10
-1.7907
 20
11.9819
 10
-1.7646
 20
11.9858
 10
-1.7384
 20
11.9896
 10
-1.7123
 20
11.9934
 10
-1.6861
 20
11.9971
 10
-1.6599
 20
12.0007
 10
-1.6337
 20
12.0043
 10
-1.6075
 20
12.0079
 10
-1.5813
 20
12.0114
 10
-1.5551
 20
12.0148
 10
-1.5289
 20
12.0181
 10
-1.5027
 20
12.0214
 10
-1.4764
 20
12.0247
 10
-1.4502
 20
12.0279
 10
-1.424
 20
12.031
 10
-1.3977
 20
12.0341
 10
-1.3715
 20
12.0371
 10
-1.3452
 20
12.0401
 10
-1.3189
 20
12.043
 10
-1.2926
 20
12.0458
 10
-1.2664
 20
12.0486
 10
-1.2401
 20
12.0514
 10
-1.2138
 20
12.054
 10
-1.1875
 20
12.0567
 10
-1.1612
 20
12.0592
 10
-1.1349
 20
12.0617
 10
-1.1085
 20
12.0642
 10
-1.0822
 20
12.0666
 10
-1.0559
 20
12.0689
 10
-1.0296
 20
12.0712
 10
-1.0032
 20
12.0734
 10
-0.9769
 20
12.0756
 10
-0.9505
 20
12.0777
 10
-0.9242
 20
12.0797
 10
-0.8978
 20
12.0817
 10
-0.8715
 20
12.0836
 10
-0.8451
 20
12.0855
 10
-0.8187
 20
12.0873
 10
-0.7924
 20
12.0891
 10
-0.766
 20
12.0908
 10
-0.7396
 20
12.0924
 10
-0.7132
 20
12.094
 10
-0.6868
 20
12.0955
 10
-0.6604
 20
12.097
 10
-0.6341
 20
12.0984
 10
-0.6077
 20
12.0998
 10
-0.5813
 20
12.101
 10
-0.5549
 20
12.1023
 10
-0.5284
 20
12.1035
 10
-0.502
 20
12.1046
 10
-0.4756
 20
12.1057
 10
-0.4492
 20
12.1067
 10
-0.4228
 20
12.1076
 10
-0.3964
 20
12.1085
 10
-0.37
 20
12.1093
 10
-0.3436
 20
12.1101
 10
-0.3171
 20
12.1108
 10
-0.2907
 20
12.1115
 10
-0.2643
 20
12.1121
 10
-0.2379
 20
12.1127
 10
-0.2114
 20
12.1132
 10
-0.185
 20
12.1136
 10
-0.1586
 20
12.114
 10
-0.1322
 20
12.1143
 10
-0.12
 20
12.1144
 10
-0.12
 20
13.2345
 10
-0.1444
 20
13.2342
 10
-0.1732
 20
13.2339
 10
-0.2021
 20
13.2335
  0
LWPOLYLINE
  5
A4
330
17
100
AcDbEntity
  8
ALTIN
100
AcDbPolyline
 90
462
 70
1
 10
-6.7918
 20
11.3595
 10
-6.8165
 20
11.3446
 10
-6.8413
 20
11.3297
 10
-6.866
 20
11.3148
 10
-6.8906
 20
11.2998
 10
-6.9153
 20
11.2847
 10
-6.9399
 20
11.2696
 10
-6.9644
 20
11.2544
 10
-6.989
 20
11.2392
 10
-7.0135
 20
11.2239
 10
-7.038
 20
11.2086
 10
-7.0624
 20
11.1932
 10
-7.0868
 20
11.1778
 10
-7.1112
 20
11.1623
 10
-7.1355
 20
11.1467
 10
-7.1598
 20
11.1312
 10
-7.1841
 20
11.1155
 10
-7.2083
 20
11.0998
 10
-7.2325
 20
11.0841
 10
-7.2567
 20
11.0682
 10
-7.2808
 20
11.0524
 10
-7.3049
 20
11.0365
 10
-7.3289
 20
11.0205
 10
-7.353
 20
11.0045
 10
-7.377
 20
10.9884
 10
-7.4009
 20
10.9723
 10
-7.4248
 20
10.9561
 10
-7.4487
 20
10.9399
 10
-7.4726
 20
10.9236
 10
-7.4964
 20
10.9073
 10
-7.5202
 20
10.8909
 10
-7.5439
 20
10.8745
 10
-7.5676
 20
10.858
 10
-7.5913
 20
10.8415
 10
-7.6149
 20
10.8249
 10
-7.6385
 20
10.8083
 10
-7.6621
 20
10.7916
 10
-7.6856
 20
10.7748
 10
-7.7091
 20
10.758
 10
-7.7185
 20
10.7512
 10
-7.316
 20
10.1972
 10
-7.4374
 20
10.1091
 10
-7.8399
 20
10.6631
 10
-7.8493
 20
10.6562
 10
-7.8725
 20
10.639
 10
-7.8957
 20
10.6218
 10
-7.9188
 20
10.6046
 10
-7.9419
 20
10.5873
 10
-7.965
 20
10.5699
 10
-7.9881
 20
10.5525
 10
-8.0111
 20
10.5351
 10
-8.034
 20
10.5176
 10
-8.057
 20
10.5
 10
-8.0798
 20
10.4824
 10
-8.1027
 20
10.4648
 10
-8.1255
 20
10.4471
 10
-8.1483
 20
10.4293
 10
-8.171
 20
10.4115
 10
-8.1937
 20
10.3937
 10
-8.2164
 20
10.3758
 10
-8.239
 20
10.3578
 10
-8.2616
 20
10.3398
 10
-8.2841
 20
10.3218
 10
-8.3066
 20
10.3037
 10
-8.3291
 20
10.2855
 10
-8.3515
 20
10.2673
 10
-8.3739
 20
10.2491
 10
-8.3962
 20
10.2308
 10
-8.4185
 20
10.2125
 10
-8.4408
 20
10.1941
 10
-8.463
 20
10.1756
 10
-8.4852
 20
10.1571
 10
-8.5073
 20
10.1386
 10
-8.5294
 20
10.12
 10
-8.5515
 20
10.1014
 10
-8.5735
 20
10.0827
 10
-8.5954
 20
10.064
 10
-8.6174
 20
10.0452
 10
-8.6393
 20
10.0264
 10
-8.6611
 20
10.0075
 10
-8.6829
 20
9.9886
 10
-8.7047
 20
9.9696
 10
-8.7264
 20
9.9506
 10
-8.7481
 20
9.9315
 10
-8.7698
 20
9.9124
 10
-8.7914
 20
9.8933
 10
-8.8001
 20
9.8855
 10
-8.3419
 20
9.3767
 10
-8.4533
 20
9.2763
 10
-8.9115
 20
9.7852
 10
-8.9201
 20
9.7773
 10
-8.9414
 20
9.7579
 10
-8.9627
 20
9.7383
 10
-8.9839
 20
9.7188
 10
-9.0051
 20
9.6991
 10
-9.0262
 20
9.6795
 10
-9.0473
 20
9.6598
 10
-9.0684
 20
9.64
 10
-9.0894
 20
9.6202
 10
-9.1104
 20
9.6003
 10
-9.1313
 20
9.5804
 10
-9.1522
 20
9.5605
 10
-9.173
 20
9.5405
 10
-9.1938
 20
9.5205
 10
-9.2146
 20
9.5004
 10
-9.2353
 20
9.4803
 10
-9.2559
 20
9.4601
 10
-9.2765
 20
9.4399
 10
-9.2971
 20
9.4196
 10
-9.3176
 20
9.3993
 10
-9.3381
 20
9.379
 10
-9.3586
 20
9.3586
 10
-9.379
 20
9.3381
 10
-9.3993
 20
9.3176
 10
-9.4196
 20
9.2971
 10
-9.4399
 20
9.2765
 10
-9.4601
 20
9.2559
 10
-9.4803
 20
9.2353
 10
-9.5004
 20
9.2146
 10
-9.5205
 20
9.1938
 10
-9.5405
 20
9.173
 10
-9.5605
 20
9.1522
 10
-9.5804
 20
9.1313
 10
-9.6003
 20
9.1104
 10
-9.6202
 20
9.0894
 10
-9.64
 20
9.0684
 10
-9.6598
 20
9.0473
 10
-9.6795
 20
9.0262
 10
-9.6991
 20
9.0051
 10
-9.7188
 20
8.9839
 10
-9.7383
 20
8.9627
 10
-9.7579
 20
8.9414
 10
-9.7773
 20
8.9201
 10
-9.7852
 20
8.9115
 10
-9.2763
 20
8.4533
 10
-9.3767
 20
8.3419
 10
-9.8855
 20
8.8001
 10
-9.8933
 20
8.7914
 10
-9.9124
 20
8.7698
 10
-9.9315
 20
8.7481
 10
-9.9506
 20
8.7264
 10
-9.9696
 20
8.7047
 10
-9.9886
 20
8.6829
 10
-10.0075
 20
8.6611
 10
-10.0264
 20
8.6393
 10
-10.0452
 20
8.6174
 10
-10.064
 20
8.5954
 10
-10.0827
 20
8.5735
 10
-10.1014
 20
8.5515
 10
-10.12
 20
8.5294
 10
-10.1386
 20
8.5073
 10
-10.1571
 20
8.4852
 10
-10.1756
 20
8.463
 10
-10.1941
 20
8.4408
 10
-10.2125
 20
8.4185
 10
-10.2308
 20
8.3962
 10
-10.2491
 20
8.3739
 10
-10.2673
 20
8.3515
 10
-10.2855
 20
8.3291
 10
-10.3037
 20
8.3066
 10
-10.3218
 20
8.2841
 10
-10.3398
 20
8.2616
 10
-10.3578
 20
8.239
 10
-10.3758
 20
8.2164
 10
-10.3937
 20
8.1937
 10
-10.4115
 20
8.171
 10
-10.4293
 20
8.1483
 10
-10.4471
 20
8.1255
 10
-10.4648
 20
8.1027
 10
-10.4824
 20
8.0798
 10
-10.5
 20
8.057
 10
-10.5176
 20
8.034
 10
-10.5351
 20
8.0111
 10
-10.5525
 20
7.9881
 10
-10.5699
 20
7.965
 10
-10.5873
 20
7.9419
 10
-10.6046
 20
7.9188
 10
-10.6218
 20
7.8957
 10
-10.639
 20
7.8725
 10
-10.6562
 20
7.8493
 10
-10.6631
 20
7.8399
 10
-10.1091
 20
7.4374
 10
-10.1972
 20
7.316
 10
-10.7512
 20
7.7185
 10
-10.758
 20
7.7091
 10
-10.7748
 20
7.6856
 10
-10.7916
 20
7.6621
 10
-10.8083
 20
7.6385
 10
-10.8249
 20
7.6149
 10
-10.8415
 20
7.5913
 10
-10.858
 20
7.5676
 10
-10.8745
 20
7.5439
 10
-10.8909
 20
7.5202
 10
-10.9073
 20
7.4964
 10
-10.9236
 20
7.4726
 10
-10.9399
 20
7.4487
 10
-10.9561
 20
7.4248
 10
-10.9723
 20
7.4009
 10
-10.9884
 20
7.377
 10
-11.0045
 20
7.353
 10
-11.0205
 20
7.3289
 10
-11.0365
 20
7.3049
 10
-11.0524
 20
7.2808
 10
-11.0682
 20
7.2567
 10
-11.0841
 20
7.2325
 10
-11.0998
 20
7.2083
 10
-11.1155
 20
7.1841
 10
-11.1312
 20
7.1598
 10
-11.1467
 20
7.1355
 10
-11.1623
 20
7.1112
 10
-11.1778
 20
7.0868
 10
-11.1932
 20
7.0624
 10
-11.2086
 20
7.038
 10
-11.2239
 20
7.0135
 10
-11.2392
 20
6.989
 10
-11.2544
 20
6.9644
 10
-11.2696
 20
6.9399
 10
-11.2847
 20
6.9153
 10
-11.2998
 20
6.8906
 10
-11.3148
 20
6.866
 10
-11.3297
 20
6.8413
 10
-11.3446
 20
6.8165
 10
-11.3595
 20
6.7918
 10
-11.3742
 20
6.767
 10
-11.389
 20
6.7421
 10
-11.4014
 20
6.7211
 10
-10.4314
 20
6.1611
 10
-10.4252
 20
6.1716
 10
-10.4117
 20
6.1943
 10
-10.3982
 20
6.217
 10
-10.3846
 20
6.2397
 10
-10.3709
 20
6.2623
 10
-10.3573
 20
6.2849
 10
-10.3435
 20
6.3075
 10
-10.3297
 20
6.3301
 10
-10.3159
 20
6.3526
 10
-10.302
 20
6.3751
 10
-10.2881
 20
6.3975
 10
-10.2741
 20
6.42
 10
-10.2601
 20
6.4424
 10
-10.246
 20
6.4647
 10
-10.2319
 20
6.4871
 10
-10.2177
 20
6.5094
 10
-10.2035
 20
6.5317
 10
-10.1892
 20
6.5539
 10
-10.1749
 20
6.5761
 10
-10.1605
 20
6.5983
 10
-10.1461
 20
6.6205
 10
-10.1316
 20
6.6426
 10
-10.1171
 20
6.6647
 10
-10.1025
 20
6.6867
 10
-10.0879
 20
6.7087
 10
-10.0733
 20
6.7307
 10
-10.0585
 20
6.7527
 10
-10.0438
 20
6.7746
 10
-10.029
 20
6.7965
 10
-10.0141
 20
6.8184
 10
-9.9992
 20
6.8402
 10
-9.9843
 20
6.862
 10
-9.9693
 20
6.8838
 10
-9.9543
 20
6.9055
 10
-9.9392
 20
6.9272
 10
-9.924
 20
6.9489
 10
-9.9088
 20
6.9705
 10
-9.8936
 20
6.9921
 10
-9.8783
 20
7.0137
 10
-9.863
 20
7.0352
 10
-9.8476
 20
7.0567
 10
-9.8322
 20
7.0782
 10
-9.8168
 20
7.0996
 10
-9.8012
 20
7.121
 10
-9.7857
 20
7.1424
 10
-9.7701
 20
7.1637
 10
-9.7544
 20
7.185
 10
-9.7387
 20
7.2063
 10
-9.723
 20
7.2275
 10
-9.7072
 20
7.2487
 10
-9.6914
 20
7.2699
 10
-9.6755
 20
7.291
 10
-9.6595
 20
7.3121
 10
-9.6436
 20
7.3331
 10
-9.6275
 20
7.3542
 10
-9.6115
 20
7.3751
 10
-9.5954
 20
7.3961
 10
-9.5792
 20
7.417
 10
-9.563
 20
7.4379
 10
-9.5468
 20
7.4587
 10
-9.5305
 20
7.4795
 10
-9.5141
 20
7.5003
 10
-9.4977
 20
7.5211
 10
-9.4813
 20
7.5418
 10
-9.4648
 20
7.5624
 10
-9.4483
 20
7.5831
 10
-9.4317
 20
7.6037
 10
-9.4151
 20
7.6242
 10
-9.3985
 20
7.6447
 10
-9.3818
 20
7.6652
 10
-9.365
 20
7.6857
 10
-9.3482
 20
7.7061
 10
-9.3314
 20
7.7265
 10
-9.3145
 20
7.7468
 10
-9.2976
 20
7.7671
 10
-9.2806
 20
7.7874
 10
-9.2636
 20
7.8076
 10
-9.2466
 20
7.8278
 10
-9.2295
 20
7.8479
 10
-9.2123
 20
7.8681
 10
-9.1951
 20
7.8881
 10
-9.1779
 20
7.9082
 10
-9.1606
 20
7.9282
 10
-9.1433
 20
7.9482
 10
-9.1259
 20
7.9681
 10
-9.1085
 20
7.988
 10
-9.0911
 20
8.0078
 10
-9.0736
 20
8.0276
 10
-9.0561
 20
8.0474
 10
-9.0385
 20
8.0672
 10
-9.0209
 20
8.0869
 10
-9.0032
 20
8.1065
 10
-8.9855
 20
8.1261
 10
-8.9677
 20
8.1457
 10
-8.95
 20
8.1653
 10
-8.9321
 20
8.1848
 10
-8.9142
 20
8.2042
 10
-8.8963
 20
8.2237
 10
-8.8784
 20
8.2431
 10
-8.8604
 20
8.2624
 10
-8.8423
 20
8.2817
 10
-8.8242
 20
8.301
 10
-8.8061
 20
8.3202
 10
-8.7879
 20
8.3394
 10
-8.7697
 20
8.3586
 10
-8.7514
 20
8.3777
 10
-8.7331
 20
8.3968
 10
-8.7148
 20
8.4158
 10
-8.6964
 20
8.4348
 10
-8.678
 20
8.4537
 10
-8.6595
 20
8.4726
 10
-8.641
 20
8.4915
 10
-8.6225
 20
8.5103
 10
-8.6039
 20
8.5291
 10
-8.5853
 20
8.5479
 10
-8.5666
 20
8.5666
 10
-8.5479
 20
8.5853
 10
-8.5291
 20
8.6039
 10
-8.5103
 20
8.6225
 10
-8.4915
 20
8.641
 10
-8.4726
 20
8.6595
 10
-8.4537
 20
8.678
 10
-8.4348
 20
8.6964
 10
-8.4158
 20
8.7148
 10
-8.3968
 20
8.7331
 10
-8.3777
 20
8.7514
 10
-8.3586
 20
8.7697
 10
-8.3394
 20
8.7879
 10
-8.3202
 20
8.8061
 10
-8.301
 20
8.8242
 10
-8.2817
 20
8.8423
 10
-8.2624
 20
8.8604
 10
-8.2431
 20
8.8784
 10
-8.2237
 20
8.8963
 10
-8.2042
 20
8.9142
 10
-8.1848
 20
8.9321
 10
-8.1653
 20
8.95
 10
-8.1457
 20
8.9677
 10
-8.1261
 20
8.9855
 10
-8.1065
 20
9.0032
 10
-8.0869
 20
9.0209
 10
-8.0672
 20
9.0385
 10
-8.0474
 20
9.0561
 10
-8.0276
 20
9.0736
 10
-8.0078
 20
9.0911
 10
-7.988
 20
9.1085
 10
-7.9681
 20
9.1259
 10
-7.9482
 20
9.1433
 10
-7.9282
 20
9.1606
 10
-7.9082
 20
9.1779
 10
-7.8881
 20
9.1951
 10
-7.8681
 20
9.2123
 10
-7.8479
 20
9.2295
 10
-7.8278
 20
9.2466
 10
-7.8076
 20
9.2636
 10
-7.7874
 20
9.2806
 10
-7.7671
 20
9.2976
 10
-7.7468
 20
9.3145
 10
-7.7265
 20
9.3314
 10
-7.7061
 20
9.3482
 10
-7.6857
 20
9.365
 10
-7.6652
 20
9.3818
 10
-7.6447
 20
9.3985
 10
-7.6242
 20
9.4151
 10
-7.6037
 20
9.4317
 10
-7.5831
 20
9.4483
 10
-7.5624
 20
9.4648
 10
-7.5418
 20
9.4813
 10
-7.5211
 20
9.4977
 10
-7.5003
 20
9.5141
 10
-7.4795
 20
9.5305
 10
-7.4587
 20
9.5468
 10
-7.4379
 20
9.563
 10
-7.417
 20
9.5792
 10
-7.3961
 20
9.5954
 10
-7.3751
 20
9.6115
 10
-7.3542
 20
9.6275
 10
-7.3331
 20
9.6436
 10
-7.3121
 20
9.6595
 10
-7.291
 20
9.6755
 10
-7.2699
 20
9.6914
 10
-7.2487
 20
9.7072
 10
-7.2275
 20
9.723
 10
-7.2063
 20
9.7387
 10
-7.185
 20
9.7544
 10
-7.1637
 20
9.7701
 10
-7.1424
 20
9.7857
 10
-7.121
 20
9.8012
 10
-7.0996
 20
9.8168
 10
-7.0782
 20
9.8322
 10
-7.0567
 20
9.8476
 10
-7.0352
 20
9.863
 10
-7.0137
 20
9.8783
 10
-6.9921
 20
9.8936
 10
-6.9705
 20
9.9088
 10
-6.9489
 20
9.924
 10
-6.9272
 20
9.9392
 10
-6.9055
 20
9.9543
 10
-6.8838
 20
9.9693
 10
-6.862
 20
9.9843
 10
-6.8402
 20
9.9992
 10
-6.8184
 20
10.0141
 10
-6.7965
 20
10.029
 10
-6.7746
 20
10.0438
 10
-6.7527
 20
10.0585
 10
-6.7307
 20
10.0733
 10
-6.7087
 20
10.0879
 10
-6.6867
 20
10.1025
 10
-6.6647
 20
10.1171
 10
-6.6426
 20
10.1316
 10
-6.6205
 20
10.1461
 10
-6.5983
 20
10.1605
 10
-6.5761
 20
10.1749
 10
-6.5539
 20
10.1892
 10
-6.5317
 20
10.2035
 10
-6.5094
 20
10.2177
 10
-6.4871
 20
10.2319
 10
-6.4647
 20
10.246
 10
-6.4424
 20
10.2601
 10
-6.42
 20
10.2741
 10
-6.3975
 20
10.2881
 10
-6.3751
 20
10.302
 10
-6.3526
 20
10.3159
 10
-6.3301
 20
10.3297
 10
-6.3075
 20
10.3435
 10
-6.2849
 20
10.3573
 10
-6.2623
 20
10.3709
 10
-6.2397
 20
10.3846
 10
-6.217
 20
10.3982
 10
-6.1943
 20
10.4117
 10
-6.1716
 20
10.4252
 10
-6.1611
 20
10.4314
 10
-6.7211
 20
11.4014
 10
-6.7421
 20
11.389
 10
-6.767
 20
11.3742
  0
LWPOLYLINE
  5
A5
330
17
100
AcDbEntity
  8
ALTIN
100
AcDbPolyline
 90
462
 70
1
 10
-11.5616
 20
6.4417
 10
-11.5756
 20
6.4165
 10
-11.5896
 20
6.3912
 10
-11.6035
 20
6.3659
 10
-11.6173
 20
6.3406
 10
-11.6311
 20
6.3152
 10
-11.6449
 20
6.2898
 10
-11.6586
 20
6.2644
 10
-11.6722
 20
6.2389
 10
-11.6858
 20
6.2135
 10
-11.6993
 20
6.1879
 10
-11.7128
 20
6.1624
 10
-11.7262
 20
6.1368
 10
-11.7396
 20
6.1112
 10
-11.7529
 20
6.0856
 10
-11.7661
 20
6.06
 10
-11.7793
 20
6.0343
 10
-11.7925
 20
6.0086
 10
-11.8056
 20
5.9828
 10
-11.8186
 20
5.9571
 10
-11.8315
 20
5.9313
 10
-11.8445
 20
5.9054
 10
-11.8573
 20
5.8796
 10
-11.8701
 20
5.8537
 10
-11.8829
 20
5.8278
 10
-11.8955
 20
5.8018
 10
-11.9082
 20
5.7759
 10
-11.9207
 20
5.7499
 10
-11.9333
 20
5.7239
 10
-11.9457
 20
5.6978
 10
-11.9581
 20
5.6717
 10
-11.9705
 20
5.6456
 10
-11.9828
 20
5.6195
 10
-11.995
 20
5.5934
 10
-12.0072
 20
5.5672
 10
-12.0193
 20
5.541
 10
-12.0313
 20
5.5147
 10
-12.0433
 20
5.4885
 10
-12.0553
 20
5.4622
 10
-12.0601
 20
5.4516
 10
-11.4345
 20
5.1731
 10
-11.4955
 20
5.036
 10
-12.1211
 20
5.3146
 10
-12.1257
 20
5.3039
 10
-12.1373
 20
5.2774
 10
-12.1488
 20
5.251
 10
-12.1602
 20
5.2244
 10
-12.1716
 20
5.1979
 10
-12.1829
 20
5.1713
 10
-12.1941
 20
5.1447
 10
-12.2053
 20
5.1181
 10
-12.2165
 20
5.0915
 10
-12.2275
 20
5.0648
 10
-12.2386
 20
5.0381
 10
-12.2495
 20
5.0114
 10
-12.2604
 20
4.9847
 10
-12.2713
 20
4.9579
 10
-12.2821
 20
4.9311
 10
-12.2928
 20
4.9043
 10
-12.3035
 20
4.8775
 10
-12.3141
 20
4.8506
 10
-12.3246
 20
4.8238
 10
-12.3351
 20
4.7969
 10
-12.3456
 20
4.7699
 10
-12.3559
 20
4.743
 10
-12.3663
 20
4.716
 10
-12.3765
 20
4.689
 10
-12.3867
 20
4.662
 10
-12.3969
 20
4.635
 10
-12.4069
 20
4.6079
 10
-12.417
 20
4.5809
 10
-12.4269
 20
4.5538
 10
-12.4368
 20
4.5266
 10
-12.4467
 20
4.4995
 10
-12.4565
 20
4.4723
 10
-12.4662
 20
4.4451
 10
-12.4759
 20
4.4179
 10
-12.4855
 20
4.3907
 10
-12.495
 20
4.3635
 10
-12.5045
 20
4.3362
 10
-12.5139
 20
4.3089
 10
-12.5233
 20
4.2816
 10
-12.5326
 20
4.2543
 10
-12.5419
 20
4.2269
 10
-12.5511
 20
4.1995
 10
-12.5602
 20
4.1721
 10
-12.5638
 20
4.1611
 10
-11.9126
 20
3.9495
 10
-11.9589
 20
3.8068
 10
-12.6102
 20
4.0184
 10
-12.6137
 20
4.0074
 10
-12.6224
 20
3.9798
 10
-12.6311
 20
3.9523
 10
-12.6397
 20
3.9247
 10
-12.6482
 20
3.8971
 10
-12.6567
 20
3.8695
 10
-12.6651
 20
3.8419
 10
-12.6735
 20
3.8143
 10
-12.6817
 20
3.7866
 10
-12.69
 20
3.7589
 10
-12.6981
 20
3.7312
 10
-12.7063
 20
3.7035
 10
-12.7143
 20
3.6758
 10
-12.7223
 20
3.6481
 10
-12.7302
 20
3.6203
 10
-12.7381
 20
3.5925
 10
-12.7459
 20
3.5647
 10
-12.7536
 20
3.5369
 10
-12.7613
 20
3.5091
 10
-12.769
 20
3.4812
 10
-12.7765
 20
3.4534
 10
-12.784
 20
3.4255
 10
-12.7915
 20
3.3976
 10
-12.7989
 20
3.3697
 10
-12.8062
 20
3.3417
 10
-12.8134
 20
3.3138
 10
-12.8206
 20
3.2858
 10
-12.8278
 20
3.2578
 10
-12.8348
 20
3.2298
 10
-12.8419
 20
3.2018
 10
-12.8488
 20
3.1738
 10
-12.8557
 20
3.1458
 10
-12.8625
 20
3.1177
 10
-12.8693
 20
3.0896
 10
-12.876
 20
3.0616
 10
-12.8827
 20
3.0335
 10
-12.8893
 20
3.0054
 10
-12.8958
 20
2.9772
 10
-12.9023
 20
2.9491
 10
-12.9087
 20
2.9209
 10
-12.915
 20
2.8928
 10
-12.9213
 20
2.8646
 10
-12.9275
 20
2.8364
 10
-12.93
 20
2.825
 10
-12.2602
 20
2.6827
 10
-12.2913
 20
2.5359
 10
-12.9612
 20
2.6783
 10
-12.9635
 20
2.6669
 10
-12.9693
 20
2.6386
 10
-12.975
 20
2.6103
 10
-12.9807
 20
2.582
 10
-12.9863
 20
2.5537
 10
-12.9918
 20
2.5254
 10
-12.9973
 20
2.497
 10
-13.0027
 20
2.4686
 10
-13.0081
 20
2.4403
 10
-13.0134
 20
2.4119
 10
-13.0186
 20
2.3835
 10
-13.0238
 20
2.3551
 10
-13.0289
 20
2.3267
 10
-13.0339
 20
2.2982
 10
-13.0389
 20
2.2698
 10
-13.0438
 20
2.2413
 10
-13.0487
 20
2.2129
 10
-13.0535
 20
2.1844
 10
-13.0582
 20
2.1559
 10
-13.0629
 20
2.1274
 10
-13.0675
 20
2.0989
 10
-13.0721
 20
2.0704
 10
-13.0765
 20
2.0419
 10
-13.081
 20
2.0134
 10
-13.0853
 20
1.9848
 10
-13.0896
 20
1.9563
 10
-13.0939
 20
1.9277
 10
-13.098
 20
1.8991
 10
-13.1021
 20
1.8705
 10
-13.1062
 20
1.842
 10
-13.1102
 20
1.8134
 10
-13.1141
 20
1.7848
 10
-13.118
 20
1.7561
 10
-13.1218
 20
1.7275
 10
-13.1255
 20
1.6989
 10
-13.1292
 20
1.6702
 10
-13.1328
 20
1.6416
 10
-13.1363
 20
1.6129
 10
-13.1398
 20
1.5843
 10
-13.1433
 20
1.5556
 10
-13.1466
 20
1.5269
 10
-13.1499
 20
1.4982
 10
-13.1532
 20
1.4696
 10
-13.1544
 20
1.458
 10
-12.4734
 20
1.3864
 10
-12.4891
 20
1.2372
 10
-13.1701
 20
1.3088
 10
-13.1713
 20
1.2973
 10
-13.1741
 20
1.2685
 10
-13.1768
 20
1.2398
 10
-13.1795
 20
1.211
 10
-13.1821
 20
1.1823
 10
-13.1846
 20
1.1535
 10
-13.1871
 20
1.1247
 10
-13.1895
 20
1.096
 10
-13.1919
 20
1.0672
 10
-13.1942
 20
1.0384
 10
-13.1964
 20
1.0096
 10
-13.1986
 20
0.9808
 10
-13.2007
 20
0.952
 10
-13.2028
 20
0.9232
 10
-13.2047
 20
0.8944
 10
-13.2067
 20
0.8656
 10
-13.2085
 20
0.8368
 10
-13.2103
 20
0.808
 10
-13.212
 20
0.7792
 10
-13.2137
 20
0.7503
 10
-13.2153
 20
0.7215
 10
-13.2169
 20
0.6927
 10
-13.2183
 20
0.6638
 10
-13.2198
 20
0.635
 10
-13.2211
 20
0.6061
 10
-13.2224
 20
0.5773
 10
-13.2236
 20
0.5485
 10
-13.2248
 20
0.5196
 10
-13.2259
 20
0.4908
 10
-13.2269
 20
0.4619
 10
-13.2279
 20
0.433
 10
-13.2288
 20
0.4042
 10
-13.2297
 20
0.3753
 10
-13.2305
 20
0.3465
 10
-13.2312
 20
0.3176
 10
-13.2319
 20
0.2887
 10
-13.2324
 20
0.2599
 10
-13.233
 20
0.231
 10
-13.2335
 20
0.2021
 10
-13.2339
 20
0.1732
 10
-13.2342
 20
0.1444
 10
-13.2345
 20
0.12
 10
-12.1144
 20
0.12
 10
-12.1143
 20
0.1322
 10
-12.114
 20
0.1586
 10
-12.1136
 20
0.185
 10
-12.1132
 20
0.2114
 10
-12.1127
 20
0.2379
 10
-12.1121
 20
0.2643
 10
-12.1115
 20
0.2907
 10
-12.1108
 20
0.3171
 10
-12.1101
 20
0.3436
 10
-12.1093
 20
0.37
 10
-12.1085
 20
0.3964
 10
-12.1076
 20
0.4228
 10
-12.1067
 20
0.4492
 10
-12.1057
 20
0.4756
 10
-12.1046
 20
0.502
 10
-12.1035
 20
0.5284
 10
-12.1023
 20
0.5549
 10
-12.101
 20
0.5813
 10
-12.0998
 20
0.6077
 10
-12.0984
 20
0.6341
 10
-12.097
 20
0.6604
 10
-12.0955
 20
0.6868
 10
-12.094
 20
0.7132
 10
-12.0924
 20
0.7396
 10
-12.0908
 20
0.766
 10
-12.0891
 20
0.7924
 10
-12.0873
 20
0.8187
 10
-12.0855
 20
0.8451
 10
-12.0836
 20
0.8715
 10
-12.0817
 20
0.8978
 10
-12.0797
 20
0.9242
 10
-12.0777
 20
0.9505
 10
-12.0756
 20
0.9769
 10
-12.0734
 20
1.0032
 10
-12.0712
 20
1.0296
 10
-12.0689
 20
1.0559
 10
-12.0666
 20
1.0822
 10
-12.0642
 20
1.1085
 10
-12.0617
 20
1.1349
 10
-12.0592
 20
1.1612
 10
-12.0567
 20
1.1875
 10
-12.054
 20
1.2138
 10
-12.0514
 20
1.2401
 10
-12.0486
 20
1.2664
 10
-12.0458
 20
1.2926
 10
-12.043
 20
1.3189
 10
-12.0401
 20
1.3452
 10
-12.0371
 20
1.3715
 10
-12.0341
 20
1.3977
 10
-12.031
 20
1.424
 10
-12.0279
 20
1.4502
 10
-12.0247
 20
1.4764
 10
-12.0214
 20
1.5027
 10
-12.0181
 20
1.5289
 10
-12.0148
 20
1.5551
 10
-12.0114
 20
1.5813
 10
-12.0079
 20
1.6075
 10
-12.0043
 20
1.6337
 10
-12.0007
 20
1.6599
 10
-11.9971
 20
1.6861
 10
-11.9934
 20
1.7123
 10
-11.9896
 20
1.7384
 10
-11.9858
 20
1.7646
 10
-11.9819
 20
1.7907
 10
-11.978
 20
1.8168
 10
-11.974
 20
1.843
 10
-11.97
 20
1.8691
 10
-11.9658
 20
1.8952
 10
-11.9617
 20
1.9213
 10
-11.9575
 20
1.9474
 10
-11.9532
 20
1.9735
 10
-11.9489
 20
1.9996
 10
-11.9445
 20
2.0256
 10
-11.94
 20
2.0517
 10
-11.9355
 20
2.0777
 10
-11.9309
 20
2.1037
 10
-11.9263
 20
2.1298
 10
-11.9217
 20
2.1558
 10
-11.9169
 20
2.1818
 10
-11.9121
 20
2.2078
 10
-11.9073
 20
2.2338
 10
-11.9024
 20
2.2597
 10
-11.8974
 20
2.2857
 10
-11.8924
 20
2.3117
 10
-11.8873
 20
2.3376
 10
-11.8822
 20
2.3635
 10
-11.877
 20
2.3894
 10
-11.8718
 20
2.4153
 10
-11.8665
 20
2.4412
 10
-11.8611
 20
2.4671
 10
-11.8557
 20
2.493
 10
-11.8503
 20
2.5189
 10
-11.8447
 20
2.5447
 10
-11.8392
 20
2.5705
 10
-11.8335
 20
2.5964
 10
-11.8278
 20
2.6222
 10
-11.8221
 20
2.648
 10
-11.8163
 20
2.6737
 10
-11.8104
 20
2.6995
 10
-11.8045
 20
2.7253
 10
-11.7985
 20
2.751
 10
-11.7925
 20
2.7768
 10
-11.7864
 20
2.8025
 10
-11.7803
 20
2.8282
 10
-11.7741
 20
2.8539
 10
-11.7678
 20
2.8796
 10
-11.7615
 20
2.9052
 10
-11.7551
 20
2.9309
 10
-11.7487
 20
2.9565
 10
-11.7422
 20
2.9821
 10
-11.7357
 20
3.0078
 10
-11.7291
 20
3.0334
 10
-11.7225
 20
3.0589
 10
-11.7158
 20
3.0845
 10
-11.709
 20
3.1101
 10
-11.7022
 20
3.1356
 10
-11.6953
 20
3.1611
 10
-11.6884
 20
3.1866
 10
-11.6814
 20
3.2121
 10
-11.6744
 20
3.2376
 10
-11.6673
 20
3.2631
 10
-11.6601
 20
3.2885
 10
-11.6529
 20
3.3139
 10
-11.6457
 20
3.3393
 10
-11.6384
 20
3.3647
 10
-11.631
 20
3.3901
 10
-11.6236
 20
3.4155
 10
-11.6161
 20
3.4408
 10
-11.6086
 20
3.4662
 10
-11.601
 20
3.4915
 10
-11.5933
 20
3.5168
 10
-11.5856
 20
3.5421
 10
-11.5779
 20
3.5674
 10
-11.5701
 20
3.5926
 10
-11.5622
 20
3.6178
 10
-11.5543
 20
3.6431
 10
-11.5463
 20
3.6682
 10
-11.5383
 20
3.6934
 10
-11.5302
 20
3.7186
 10
-11.522
 20
3.7437
 10
-11.5139
 20
3.7689
 10
-11.5056
 20
3.794
 10
-11.4973
 20
3.8191
 10
-11.4889
 20
3.8441
 10
-11.4805
 20
3.8692
 10
-11.4721
 20
3.8942
 10
-11.4635
 20
3.9193
 10
-11.455
 20
3.9443
 10
-11.4463
 20
3.9692
 10
-11.4376
 20
3.9942
 10
-11.4289
 20
4.0191
 10
-11.4201
 20
4.0441
 10
-11.4113
 20
4.069
 10
-11.4023
 20
4.0939
 10
-11.3934
 20
4.1187
 10
-11.3844
 20
4.1436
 10
-11.3753
 20
4.1684
 10
-11.3662
 20
4.1932
 10
-11.357
 20
4.218
 10
-11.3478
 20
4.2428
 10
-11.3385
 20
4.2675
 10
-11.3292
 20
4.2922
 10
-11.3198
 20
4.3169
 10
-11.3103
 20
4.3416
 10
-11.3008
 20
4.3663
 10
-11.2913
 20
4.3909
 10
-11.2817
 20
4.4156
 10
-11.272
 20
4.4402
 10
-11.2623
 20
4.4647
 10
-11.2525
 20
4.4893
 10
-11.2427
 20
4.5138
 10
-11.2328
 20
4.5384
 10
-11.2229
 20
4.5629
 10
-11.2129
 20
4.5873
 10
-11.2029
 20
4.6118
 10
-11.1928
 20
4.6362
 10
-11.1827
 20
4.6606
 10
-11.1725
 20
4.685
 10
-11.1622
 20
4.7094
 10
-11.1519
 20
4.7337
 10
-11.1416
 20
4.758
 10
-11.1312
 20
4.7823
 10
-11.1207
 20
4.8066
 10
-11.1102
 20
4.8308
 10
-11.0996
 20
4.8551
 10
-11.089
 20
4.8793
 10
-11.0783
 20
4.9035
 10
-11.0676
 20
4.9276
 10
-11.0568
 20
4.9517
 10
-11.046
 20
4.9759
 10
-11.0351
 20
4.9999
 10
-11.0242
 20
5.024
 10
-11.0132
 20
5.048
 10
-11.0022
 20
5.0721
 10
-10.9911
 20
5.0961
 10
-10.9799
 20
5.12
 10
-10.9687
 20
5.144
 10
-10.9575
 20
5.1679
 10
-10.9462
 20
5.1918
 10
-10.9348
 20
5.2156
 10
-10.9234
 20
5.2395
 10
-10.912
 20
5.2633
 10
-10.9005
 20
5.2871
 10
-10.8889
 20
5.3109
 10
-10.8773
 20
5.3346
 10
-10.8656
 20
5.3583
 10
-10.8539
 20
5.382
 10
-10.8421
 20
5.4057
 10
-10.8303
 20
5.4293
 10
-10.8184
 20
5.4529
 10
-10.8065
 20
5.4765
 10
-10.7945
 20
5.5001
 10
-10.7825
 20
5.5236
 10
-10.7704
 20
5.5471
 10
-10.7583
 20
5.5706
 10
-10.7461
 20
5.5941
 10
-10.7339
 20
5.6175
 10
-10.7216
 20
5.6409
 10
-10.7093
 20
5.6643
 10
-10.6969
 20
5.6876
 10
-10.6845
 20
5.711
 10
-10.672
 20
5.7343
 10
-10.6595
 20
5.7575
 10
-10.6469
 20
5.7808
 10
-10.6342
 20
5.804
 10
-10.6215
 20
5.8272
 10
-10.6088
 20
5.8503
 10
-10.596
 20
5.8735
 10
-10.5832
 20
5.8966
 10
-10.5703
 20
5.9196
 10
-10.5573
 20
5.9427
 10
-10.5514
 20
5.9533
 10
-11.5214
 20
6.5133
 10
-11.5333
 20
6.4921
 10
-11.5475
 20
6.4669
  0
LWPOLYLINE
  5
A6
330
17
100
AcDbEntity
  8
ALTIN
100
AcDbPolyline
 90
462
 70
1
 10
-13.2335
 20
-0.2021
 10
-13.233
 20
-0.231
 10
-13.2324
 20
-0.2599
 10
-13.2319
 20
-0.2887
 10
-13.2312
 20
-0.3176
 10
-13.2305
 20
-0.3465
 10
-13.2297
 20
-0.3753
 10
-13.2288
 20
-0.4042
 10
-13.2279
 20
-0.433
 10
-13.2269
 20
-0.4619
 10
-13.2259
 20
-0.4908
 10
-13.2248
 20
-0.5196
 10
-13.2236
 20
-0.5485
 10
-13.2224
 20
-0.5773
 10
-13.2211
 20
-0.6061
 10
-13.2198
 20
-0.635
 10
-13.2183
 20
-0.6638
 10
-13.2169
 20
-0.6927
 10
-13.2153
 20
-0.7215
 10
-13.2137
 20
-0.7503
 10
-13.212
 20
-0.7792
 10
-13.2103
 20
-0.808
 10
-13.2085
 20
-0.8368
 10
-13.2067
 20
-0.8656
 10
-13.2047
 20
-0.8944
 10
-13.2028
 20
-0.9232
 10
-13.2007
 20
-0.952
 10
-13.1986
 20
-0.9808
 10
-13.1964
 20
-1.0096
 10
-13.1942
 20
-1.0384
 10
-13.1919
 20
-1.0672
 10
-13.1895
 20
-1.096
 10
-13.1871
 20
-1.1247
 10
-13.1846
 20
-1.1535
 10
-13.1821
 20
-1.1823
 10
-13.1795
 20
-1.211
 10
-13.1768
 20
-1.2398
 10
-13.1741
 20
-1.2685
 10
-13.1713
 20
-1.2973
 10
-13.1701
 20
-1.3088
 10
-12.4891
 20
-1.2372
 10
-12.4734
 20
-1.3864
 10
-13.1544
 20
-1.458
 10
-13.1532
 20
-1.4696
 10
-13.1499
 20
-1.4982
 10
-13.1466
 20
-1.5269
 10
-13.1433
 20
-1.5556
 10
-13.1398
 20
-1.5843
 10
-13.1363
 20
-1.6129
 10
-13.1328
 20
-1.6416
 10
-13.1292
 20
-1.6702
 10
-13.1255
 20
-1.6989
 10
-13.1218
 20
-1.7275
 10
-13.118
 20
-1.7561
 10
-13.1141
 20
-1.7848
 10
-13.1102
 20
-1.8134
 10
-13.1062
 20
-1.842
 10
-13.1021
 20
-1.8705
 10
-13.098
 20
-1.8991
 10
-13.0939
 20
-1.9277
 10
-13.0896
 20
-1.9563
 10
-13.0853
 20
-1.9848
 10
-13.081
 20
-2.0134
 10
-13.0765
 20
-2.0419
 10
-13.0721
 20
-2.0704
 10
-13.0675
 20
-2.0989
 10
-13.0629
 20
-2.1274
 10
-13.0582
 20
-2.1559
 10
-13.0535
 20
-2.1844
 10
-13.0487
 20
-2.2129
 10
-13.0438
 20
-2.2413
 10
-13.0389
 20
-2.2698
 10
-13.0339
 20
-2.2982
 10
-13.0289
 20
-2.3267
 10
-13.0238
 20
-2.3551
 10
-13.0186
 20
-2.3835
 10
-13.0134
 20
-2.4119
 10
-13.0081
 20
-2.4403
 10
-13.0027
 20
-2.4686
 10
-12.9973
 20
-2.497
 10
-12.9918
 20
-2.5254
 10
-12.9863
 20
-2.5537
 10
-12.9807
 20
-2.582
 10
-12.975
 20
-2.6103
 10
-12.9693
 20
-2.6386
 10
-12.9635
 20
-2.6669
 10
-12.9612
 20
-2.6783
 10
-12.2913
 20
-2.5359
 10
-12.2602
 20
-2.6827
 10
-12.93
 20
-2.825
 10
-12.9275
 20
-2.8364
 10
-12.9213
 20
-2.8646
 10
-12.915
 20
-2.8928
 10
-12.9087
 20
-2.9209
 10
-12.9023
 20
-2.9491
 10
-12.8958
 20
-2.9772
 10
-12.8893
 20
-3.0054
 10
-12.8827
 20
-3.0335
 10
-12.876
 20
-3.0616
 10
-12.8693
 20
-3.0896
 10
-12.8625
 20
-3.1177
 10
-12.8557
 20
-3.1458
 10
-12.8488
 20
-3.1738
 10
-12.8419
 20
-3.2018
 10
-12.8348
 20
-3.2298
 10
-12.8278
 20
-3.2578
 10
-12.8206
 20
-3.2858
 10
-12.8134
 20
-3.3138
 10
-12.8062
 20
-3.3417
 10
-12.7989
 20
-3.3697
 10
-12.7915
 20
-3.3976
 10
-12.784
 20
-3.4255
 10
-12.7765
 20
-3.4534
 10
-12.769
 20
-3.4812
 10
-12.7613
 20
-3.5091
 10
-12.7536
 20
-3.5369
 10
-12.7459
 20
-3.5647
 10
-12.7381
 20
-3.5925
 10
-12.7302
 20
-3.6203
 10
-12.7223
 20
-3.6481
 10
-12.7143
 20
-3.6758
 10
-12.7063
 20
-3.7035
 10
-12.6981
 20
-3.7312
 10
-12.69
 20
-3.7589
 10
-12.6817
 20
-3.7866
 10
-12.6735
 20
-3.8143
 10
-12.6651
 20
-3.8419
 10
-12.6567
 20
-3.8695
 10
-12.6482
 20
-3.8971
 10
-12.6397
 20
-3.9247
 10
-12.6311
 20
-3.9523
 10
-12.6224
 20
-3.9798
 10
-12.6137
 20
-4.0074
 10
-12.6102
 20
-4.0184
 10
-11.9589
 20
-3.8068
 10
-11.9126
 20
-3.9495
 10
-12.5638
 20
-4.1611
 10
-12.5602
 20
-4.1721
 10
-12.5511
 20
-4.1995
 10
-12.5419
 20
-4.2269
 10
-12.5326
 20
-4.2543
 10
-12.5233
 20
-4.2816
 10
-12.5139
 20
-4.3089
 10
-12.5045
 20
-4.3362
 10
-12.495
 20
-4.3635
 10
-12.4855
 20
-4.3907
 10
-12.4759
 20
-4.4179
 10
-12.4662
 20
-4.4451
 10
-12.4565
 20
-4.4723
 10
-12.4467
 20
-4.4995
 10
-12.4368
 20
-4.5266
 10
-12.4269
 20
-4.5538
 10
-12.417
 20
-4.5809
 10
-12.4069
 20
-4.6079
 10
-12.3969
 20
-4.635
 10
-12.3867
 20
-4.662
 10
-12.3765
 20
-4.689
 10
-12.3663
 20
-4.716
 10
-12.3559
 20
-4.743
 10
-12.3456
 20
-4.7699
 10
-12.3351
 20
-4.7969
 10
-12.3246
 20
-4.8238
 10
-12.3141
 20
-4.8506
 10
-12.3035
 20
-4.8775
 10
-12.2928
 20
-4.9043
 10
-12.2821
 20
-4.9311
 10
-12.2713
 20
-4.9579
 10
-12.2604
 20
-4.9847
 10
-12.2495
 20
-5.0114
 10
-12.2386
 20
-5.0381
 10
-12.2275
 20
-5.0648
 10
-12.2165
 20
-5.0915
 10
-12.2053
 20
-5.1181
 10
-12.1941
 20
-5.1447
 10
-12.1829
 20
-5.1713
 10
-12.1716
 20
-5.1979
 10
-12.1602
 20
-5.2244
 10
-12.1488
 20
-5.251
 10
-12.1373
 20
-5.2774
 10
-12.1257
 20
-5.3039
 10
-12.1211
 20
-5.3146
 10
-11.4955
 20
-5.036
 10
-11.4345
 20
-5.1731
 10
-12.0601
 20
-5.4516
 10
-12.0553
 20
-5.4622
 10
-12.0433
 20
-5.4885
 10
-12.0313
 20
-5.5147
 10
-12.0193
 20
-5.541
 10
-12.0072
 20
-5.5672
 10
-11.995
 20
-5.5934
 10
-11.9828
 20
-5.6195
 10
-11.9705
 20
-5.6456
 10
-11.9581
 20
-5.6717
 10
-11.9457
 20
-5.6978
 10
-11.9333
 20
-5.7239
 10
-11.9207
 20
-5.7499
 10
-11.9082
 20
-5.7759
 10
-11.8955
 20
-5.8018
 10
-11.8829
 20
-5.8278
 10
-11.8701
 20
-5.8537
 10
-11.8573
 20
-5.8796
 10
-11.8445
 20
-5.9054
 10
-11.8315
 20
-5.9313
 10
-11.8186
 20
-5.9571
 10
-11.8056
 20
-5.9828
 10
-11.7925
 20
-6.0086
 10
-11.7793
 20
-6.0343
 10
-11.7661
 20
-6.06
 10
-11.7529
 20
-6.0856
 10
-11.7396
 20
-6.1112
 10
-11.7262
 20
-6.1368
 10
-11.7128
 20
-6.1624
 10
-11.6993
 20
-6.1879
 10
-11.6858
 20
-6.2135
 10
-11.6722
 20
-6.2389
 10
-11.6586
 20
-6.2644
 10
-11.6449
 20
-6.2898
 10
-11.6311
 20
-6.3152
 10
-11.6173
 20
-6.3406
 10
-11.6035
 20
-6.3659
 10
-11.5896
 20
-6.3912
 10
-11.5756
 20
-6.4165
 10
-11.5616
 20
-6.4417
 10
-11.5475
 20
-6.4669
 10
-11.5333
 20
-6.4921
 10
-11.5214
 20
-6.5133
 10
-10.5514
 20
-5.9533
 10
-10.5573
 20
-5.9427
 10
-10.5703
 20
-5.9196
 10
-10.5832
 20
-5.8966
 10
-10.596
 20
-5.8735
 10
-10.6088
 20
-5.8503
 10
-10.6215
 20
-5.8272
 10
-10.6342
 20
-5.804
 10
-10.6469
 20
-5.7808
 10
-10.6595
 20
-5.7575
 10
-10.672
 20
-5.7343
 10
-10.6845
 20
-5.711
 10
-10.6969
 20
-5.6876
 10
-10.7093
 20
-5.6643
 10
-10.7216
 20
-5.6409
 10
-10.7339
 20
-5.6175
 10
-10.7461
 20
-5.5941
 10
-10.7583
 20
-5.5706
 10
-10.7704
 20
-5.5471
 10
-10.7825
 20
-5.5236
 10
-10.7945
 20
-5.5001
 10
-10.8065
 20
-5.4765
 10
-10.8184
 20
-5.4529
 10
-10.8303
 20
-5.4293
 10
-10.8421
 20
-5.4057
 10
-10.8539
 20
-5.382
 10
-10.8656
 20
-5.3583
 10
-10.8773
 20
-5.3346
 10
-10.8889
 20
-5.3109
 10
-10.9005
 20
-5.2871
 10
-10.912
 20
-5.2633
 10
-10.9234
 20
-5.2395
 10
-10.9348
 20
-5.2156
 10
-10.9462
 20
-5.1918
 10
-10.9575
 20
-5.1679
 10
-10.9687
 20
-5.144
 10
-10.9799
 20
-5.12
 10
-10.9911
 20
-5.0961
 10
-11.0022
 20
-5.0721
 10
-11.0132
 20
-5.048
 10
-11.0242
 20
-5.024
 10
-11.0351
 20
-4.9999
 10
-11.046
 20
-4.9759
 10
-11.0568
 20
-4.9517
 10
-11.0676
 20
-4.9276
 10
-11.0783
 20
-4.9035
 10
-11.089
 20
-4.8793
 10
-11.0996
 20
-4.8551
 10
-11.1102
 20
-4.8308
 10
-11.1207
 20
-4.8066
 10
-11.1312
 20
-4.7823
 10
-11.1416
 20
-4.758
 10
-11.1519
 20
-4.7337
 10
-11.1622
 20
-4.7094
 10
-11.1725
 20
-4.685
 10
-11.1827
 20
-4.6606
 10
-11.1928
 20
-4.6362
 10
-11.2029
 20
-4.6118
 10
-11.2129
 20
-4.5873
 10
-11.2229
 20
-4.5629
 10
-11.2328
 20
-4.5384
 10
-11.2427
 20
-4.5138
 10
-11.2525
 20
-4.4893
 10
-11.2623
 20
-4.4647
 10
-11.272
 20
-4.4402
 10
-11.2817
 20
-4.4156
 10
-11.2913
 20
-4.3909
 10
-11.3008
 20
-4.3663
 10
-11.3103
 20
-4.3416
 10
-11.3198
 20
-4.3169
 10
-11.3292
 20
-4.2922
 10
-11.3385
 20
-4.2675
 10
-11.3478
 20
-4.2428
 10
-11.357
 20
-4.218
 10
-11.3662
 20
-4.1932
 10
-11.3753
 20
-4.1684
 10
-11.3844
 20
-4.1436
 10
-11.3934
 20
-4.1187
 10
-11.4023
 20
-4.0939
 10
-11.4113
 20
-4.069
 10
-11.4201
 20
-4.0441
 10
-11.4289
 20
-4.0191
 10
-11.4376
 20
-3.9942
 10
-11.4463
 20
-3.9692
 10
-11.455
 20
-3.9443
 10
-11.4635
 20
-3.9193
 10
-11.4721
 20
-3.8942
 10
-11.4805
 20
-3.8692
 10
-11.4889
 20
-3.8441
 10
-11.4973
 20
-3.8191
 10
-11.5056
 20
-3.794
 10
-11.5139
 20
-3.7689
 10
-11.522
 20
-3.7437
 10
-11.5302
 20
-3.7186
 10
-11.5383
 20
-3.6934
 10
-11.5463
 20
-3.6682
 10
-11.5543
 20
-3.6431
 10
-11.5622
 20
-3.6178
 10
-11.5701
 20
-3.5926
 10
-11.5779
 20
-3.5674
 10
-11.5856
 20
-3.5421
 10
-11.5933
 20
-3.5168
 10
-11.601
 20
-3.4915
 10
-11.6086
 20
-3.4662
 10
-11.6161
 20
-3.4408
 10
-11.6236
 20
-3.4155
 10
-11.631
 20
-3.3901
 10
-11.6384
 20
-3.3647
 10
-11.6457
 20
-3.3393
 10
-11.6529
 20
-3.3139
 10
-11.6601
 20
-3.2885
 10
-11.6673
 20
-3.2631
 10
-11.6744
 20
-3.2376
 10
-11.6814
 20
-3.2121
 10
-11.6884
 20
-3.1866
 10
-11.6953
 20
-3.1611
 10
-11.7022
 20
-3.1356
 10
-11.709
 20
-3.1101
 10
-11.7158
 20
-3.0845
 10
-11.7225
 20
-3.0589
 10
-11.7291
 20
-3.0334
 10
-11.7357
 20
-3.0078
 10
-11.7422
 20
-2.9821
 10
-11.7487
 20
-2.9565
 10
-11.7551
 20
-2.9309
 10
-11.7615
 20
-2.9052
 10
-11.7678
 20
-2.8796
 10
-11.7741
 20
-2.8539
 10
-11.7803
 20
-2.8282
 10
-11.7864
 20
-2.8025
 10
-11.7925
 20
-2.7768
 10
-11.7985
 20
-2.751
 10
-11.8045
 20
-2.7253
 10
-11.8104
 20
-2.6995
 10
-11.8163
 20
-2.6737
 10
-11.8221
 20
-2.648
 10
-11.8278
 20
-2.6222
 10
-11.8335
 20
-2.5964
 10
-11.8392
 20
-2.5705
 10
-11.8447
 20
-2.5447
 10
-11.8503
 20
-2.5189
 10
-11.8557
 20
-2.493
 10
-11.8611
 20
-2.4671
 10
-11.8665
 20
-2.4412
 10
-11.8718
 20
-2.4153
 10
-11.877
 20
-2.3894
 10
-11.8822
 20
-2.3635
 10
-11.8873
 20
-2.3376
 10
-11.8924
 20
-2.3117
 10
-11.8974
 20
-2.2857
 10
-11.9024
 20
-2.2597
 10
-11.9073
 20
-2.2338
 10
-11.9121
 20
-2.2078
 10
-11.9169
 20
-2.1818
 10
-11.9217
 20
-2.1558
 10
-11.9263
 20
-2.1298
 10
-11.9309
 20
-2.1037
 10
-11.9355
 20
-2.0777
 10
-11.94
 20
-2.0517
 10
-11.9445
 20
-2.0256
 10
-11.9489
 20
-1.9996
 10
-11.9532
 20
-1.9735
 10
-11.9575
 20
-1.9474
 10
-11.9617
 20
-1.9213
 10
-11.9658
 20
-1.8952
 10
-11.97
 20
-1.8691
 10
-11.974
 20
-1.843
 10
-11.978
 20
-1.8168
 10
-11.9819
 20
-1.7907
 10
-11.9858
 20
-1.7646
 10
-11.9896
 20
-1.7384
 10
-11.9934
 20
-1.7123
 10
-11.9971
 20
-1.6861
 10
-12.0007
 20
-1.6599
 10
-12.0043
 20
-1.6337
 10
-12.0079
 20
-1.6075
 10
-12.0114
 20
-1.5813
 10
-12.0148
 20
-1.5551
 10
-12.0181
 20
-1.5289
 10
-12.0214
 20
-1.5027
 10
-12.0247
 20
-1.4764
 10
-12.0279
 20
-1.4502
 10
-12.031
 20
-1.424
 10
-12.0341
 20
-1.3977
 10
-12.0371
 20
-1.3715
 10
-12.0401
 20
-1.3452
 10
-12.043
 20
-1.3189
 10
-12.0458
 20
-1.2926
 10
-12.0486
 20
-1.2664
 10
-12.0514
 20
-1.2401
 10
-12.054
 20
-1.2138
 10
-12.0567
 20
-1.1875
 10
-12.0592
 20
-1.1612
 10
-12.0617
 20
-1.1349
 10
-12.0642
 20
-1.1085
 10
-12.0666
 20
-1.0822
 10
-12.0689
 20
-1.0559
 10
-12.0712
 20
-1.0296
 10
-12.0734
 20
-1.0032
 10
-12.0756
 20
-0.9769
 10
-12.0777
 20
-0.9505
 10
-12.0797
 20
-0.9242
 10
-12.0817
 20
-0.8978
 10
-12.0836
 20
-0.8715
 10
-12.0855
 20
-0.8451
 10
-12.0873
 20
-0.8187
 10
-12.0891
 20
-0.7924
 10
-12.0908
 20
-0.766
 10
-12.0924
 20
-0.7396
 10
-12.094
 20
-0.7132
 10
-12.0955
 20
-0.6868
 10
-12.097
 20
-0.6604
 10
-12.0984
 20
-0.6341
 10
-12.0998
 20
-0.6077
 10
-12.101
 20
-0.5813
 10
-12.1023
 20
-0.5549
 10
-12.1035
 20
-0.5284
 10
-12.1046
 20
-0.502
 10
-12.1057
 20
-0.4756
 10
-12.1067
 20
-0.4492
 10
-12.1076
 20
-0.4228
 10
-12.1085
 20
-0.3964
 10
-12.1093
 20
-0.37
 10
-12.1101
 20
-0.3436
 10
-12.1108
 20
-0.3171
 10
-12.1115
 20
-0.2907
 10
-12.1121
 20
-0.2643
 10
-12.1127
 20
-0.2379
 10
-12.1132
 20
-0.2114
 10
-12.1136
 20
-0.185
 10
-12.114
 20
-0.1586
 10
-12.1143
 20
-0.1322
 10
-12.1144
 20
-0.12
 10
-13.2345
 20
-0.12
 10
-13.2342
 20
-0.1444
 10
-13.2339
 20
-0.1732
  0
LWPOLYLINE
  5
A7
330
17
100
AcDbEntity
  8
ALTIN
100
AcDbPolyline
 90
462
 70
1
 10
-11.3595
 20
-6.7918
 10
-11.3446
 20
-6.8165
 10
-11.3297
 20
-6.8413
 10
-11.3148
 20
-6.866
 10
-11.2998
 20
-6.8906
 10
-11.2847
 20
-6.9153
 10
-11.2696
 20
-6.9399
 10
-11.2544
 20
-6.9644
 10
-11.2392
 20
-6.989
 10
-11.2239
 20
-7.0135
 10
-11.2086
 20
-7.038
 10
-11.1932
 20
-7.0624
 10
-11.1778
 20
-7.0868
 10
-11.1623
 20
-7.1112
 10
-11.1467
 20
-7.1355
 10
-11.1312
 20
-7.1598
 10
-11.1155
 20
-7.1841
 10
-11.0998
 20
-7.2083
 10
-11.0841
 20
-7.2325
 10
-11.0682
 20
-7.2567
 10
-11.0524
 20
-7.2808
 10
-11.0365
 20
-7.3049
 10
-11.0205
 20
-7.3289
 10
-11.0045
 20
-7.353
 10
-10.9884
 20
-7.377
 10
-10.9723
 20
-7.4009
 10
-10.9561
 20
-7.4248
 10
-10.9399
 20
-7.4487
 10
-10.9236
 20
-7.4726
 10
-10.9073
 20
-7.4964
 10
-10.8909
 20
-7.5202
 10
-10.8745
 20
-7.5439
 10
-10.858
 20
-7.5676
 10
-10.8415
 20
-7.5913
 10
-10.8249
 20
-7.6149
 10
-10.8083
 20
-7.6385
 10
-10.7916
 20
-7.6621
 10
-10.7748
 20
-7.6856
 10
-10.758
 20
-7.7091
 10
-10.7512
 20
-7.7185
 10
-10.1972
 20
-7.316
 10
-10.1091
 20
-7.4374
 10
-10.6631
 20
-7.8399
 10
-10.6562
 20
-7.8493
 10
-10.639
 20
-7.8725
 10
-10.6218
 20
-7.8957
 10
-10.6046
 20
-7.9188
 10
-10.5873
 20
-7.9419
 10
-10.5699
 20
-7.965
 10
-10.5525
 20
-7.9881
 10
-10.5351
 20
-8.0111
 10
-10.5176
 20
-8.034
 10
-10.5
 20
-8.057
 10
-10.4824
 20
-8.0798
 10
-10.4648
 20
-8.1027
 10
-10.4471
 20
-8.1255
 10
-10.4293
 20
-8.1483
 10
-10.4115
 20
-8.171
 10
-10.3937
 20
-8.1937
 10
-10.3758
 20
-8.2164
 10
-10.3578
 20
-8.239
 10
-10.3398
 20
-8.2616
 10
-10.3218
 20
-8.2841
 10
-10.3037
 20
-8.3066
 10
-10.2855
 20
-8.3291
 10
-10.2673
 20
-8.3515
 10
-10.2491
 20
-8.3739
 10
-10.2308
 20
-8.3962
 10
-10.2125
 20
-8.4185
 10
-10.1941
 20
-8.4408
 10
-10.1756
 20
-8.463
 10
-10.1571
 20
-8.4852
 10
-10.1386
 20
-8.5073
 10
-10.12
 20
-8.5294
 10
-10.1014
 20
-8.5515
 10
-10.0827
 20
-8.5735
 10
-10.064
 20
-8.5954
 10
-10.0452
 20
-8.6174
 10
-10.0264
 20
-8.6393
 10
-10.0075
 20
-8.6611
 10
-9.9886
 20
-8.6829
 10
-9.9696
 20
-8.7047
 10
-9.9506
 20
-8.7264
 10
-9.9315
 20
-8.7481
 10
-9.9124
 20
-8.7698
 10
-9.8933
 20
-8.7914
 10
-9.8855
 20
-8.8001
 10
-9.3767
 20
-8.3419
 10
-9.2763
 20
-8.4533
 10
-9.7852
 20
-8.9115
 10
-9.7773
 20
-8.9201
 10
-9.7579
 20
-8.9414
 10
-9.7383
 20
-8.9627
 10
-9.7188
 20
-8.9839
 10
-9.6991
 20
-9.0051
 10
-9.6795
 20
-9.0262
 10
-9.6598
 20
-9.0473
 10
-9.64
 20
-9.0684
 10
-9.6202
 20
-9.0894
 10
-9.6003
 20
-9.1104
 10
-9.5804
 20
-9.1313
 10
-9.5605
 20
-9.1522
 10
-9.5405
 20
-9.173
 10
-9.5205
 20
-9.1938
 10
-9.5004
 20
-9.2146
 10
-9.4803
 20
-9.2353
 10
-9.4601
 20
-9.2559
 10
-9.4399
 20
-9.2765
 10
-9.4196
 20
-9.2971
 10
-9.3993
 20
-9.3176
 10
-9.379
 20
-9.3381
 10
-9.3586
 20
-9.3586
 10
-9.3381
 20
-9.379
 10
-9.3176
 20
-9.3993
 10
-9.2971
 20
-9.4196
 10
-9.2765
 20
-9.4399
 10
-9.2559
 20
-9.4601
 10
-9.2353
 20
-9.4803
 10
-9.2146
 20
-9.5004
 10
-9.1938
 20
-9.5205
 10
-9.173
 20
-9.5405
 10
-9.1522
 20
-9.5605
 10
-9.1313
 20
-9.5804
 10
-9.1104
 20
-9.6003
 10
-9.0894
 20
-9.6202
 10
-9.0684
 20
-9.64
 10
-9.0473
 20
-9.6598
 10
-9.0262
 20
-9.6795
 10
-9.0051
 20
-9.6991
 10
-8.9839
 20
-9.7188
 10
-8.9627
 20
-9.7383
 10
-8.9414
 20
-9.7579
 10
-8.9201
 20
-9.7773
 10
-8.9115
 20
-9.7852
 10
-8.4533
 20
-9.2763
 10
-8.3419
 20
-9.3767
 10
-8.8001
 20
-9.8855
 10
-8.7914
 20
-9.8933
 10
-8.7698
 20
-9.9124
 10
-8.7481
 20
-9.9315
 10
-8.7264
 20
-9.9506
 10
-8.7047
 20
-9.9696
 10
-8.6829
 20
-9.9886
 10
-8.6611
 20
-10.0075
 10
-8.6393
 20
-10.0264
 10
-8.6174
 20
-10.0452
 10
-8.5954
 20
-10.064
 10
-8.5735
 20
-10.0827
 10
-8.5515
 20
-10.1014
 10
-8.5294
 20
-10.12
 10
-8.5073
 20
-10.1386
 10
-8.4852
 20
-10.1571
 10
-8.463
 20
-10.1756
 10
-8.4408
 20
-10.1941
 10
-8.4185
 20
-10.2125
 10
-8.3962
 20
-10.2308
 10
-8.3739
 20
-10.2491
 10
-8.3515
 20
-10.2673
 10
-8.3291
 20
-10.2855
 10
-8.3066
 20
-10.3037
 10
-8.2841
 20
-10.3218
 10
-8.2616
 20
-10.3398
 10
-8.239
 20
-10.3578
 10
-8.2164
 20
-10.3758
 10
-8.1937
 20
-10.3937
 10
-8.171
 20
-10.4115
 10
-8.1483
 20
-10.4293
 10
-8.1255
 20
-10.4471
 10
-8.1027
 20
-10.4648
 10
-8.0798
 20
-10.4824
 10
-8.057
 20
-10.5
 10
-8.034
 20
-10.5176
 10
-8.0111
 20
-10.5351
 10
-7.9881
 20
-10.5525
 10
-7.965
 20
-10.5699
 10
-7.9419
 20
-10.5873
 10
-7.9188
 20
-10.6046
 10
-7.8957
 20
-10.6218
 10
-7.8725
 20
-10.639
 10
-7.8493
 20
-10.6562
 10
-7.8399
 20
-10.6631
 10
-7.4374
 20
-10.1091
 10
-7.316
 20
-10.1972
 10
-7.7185
 20
-10.7512
 10
-7.7091
 20
-10.758
 10
-7.6856
 20
-10.7748
 10
-7.6621
 20
-10.7916
 10
-7.6385
 20
-10.8083
 10
-7.6149
 20
-10.8249
 10
-7.5913
 20
-10.8415
 10
-7.5676
 20
-10.858
 10
-7.5439
 20
-10.8745
 10
-7.5202
 20
-10.8909
 10
-7.4964
 20
-10.9073
 10
-7.4726
 20
-10.9236
 10
-7.4487
 20
-10.9399
 10
-7.4248
 20
-10.9561
 10
-7.4009
 20
-10.9723
 10
-7.377
 20
-10.9884
 10
-7.353
 20
-11.0045
 10
-7.3289
 20
-11.0205
 10
-7.3049
 20
-11.0365
 10
-7.2808
 20
-11.0524
 10
-7.2567
 20
-11.0682
 10
-7.2325
 20
-11.0841
 10
-7.2083
 20
-11.0998
 10
-7.1841
 20
-11.1155
 10
-7.1598
 20
-11.1312
 10
-7.1355
 20
-11.1467
 10
-7.1112
 20
-11.1623
 10
-7.0868
 20
-11.1778
 10
-7.0624
 20
-11.1932
 10
-7.038
 20
-11.2086
 10
-7.0135
 20
-11.2239
 10
-6.989
 20
-11.2392
 10
-6.9644
 20
-11.2544
 10
-6.9399
 20
-11.2696
 10
-6.9153
 20
-11.2847
 10
-6.8906
 20
-11.2998
 10
-6.866
 20
-11.3148
 10
-6.8413
 20
-11.3297
 10
-6.8165
 20
-11.3446
 10
-6.7918
 20
-11.3595
 10
-6.767
 20
-11.3742
 10
-6.7421
 20
-11.389
 10
-6.7211
 20
-11.4014
 10
-6.1611
 20
-10.4314
 10
-6.1716
 20
-10.4252
 10
-6.1943
 20
-10.4117
 10
-6.217
 20
-10.3982
 10
-6.2397
 20
-10.3846
 10
-6.2623
 20
-10.3709
 10
-6.2849
 20
-10.3573
 10
-6.3075
 20
-10.3435
 10
-6.3301
 20
-10.3297
 10
-6.3526
 20
-10.3159
 10
-6.3751
 20
-10.302
 10
-6.3975
 20
-10.2881
 10
-6.42
 20
-10.2741
 10
-6.4424
 20
-10.2601
 10
-6.4647
 20
-10.246
 10
-6.4871
 20
-10.2319
 10
-6.5094
 20
-10.2177
 10
-6.5317
 20
-10.2035
 10
-6.5539
 20
-10.1892
 10
-6.5761
 20
-10.1749
 10
-6.5983
 20
-10.1605
 10
-6.6205
 20
-10.1461
 10
-6.6426
 20
-10.1316
 10
-6.6647
 20
-10.1171
 10
-6.6867
 20
-10.1025
 10
-6.7087
 20
-10.0879
 10
-6.7307
 20
-10.0733
 10
-6.7527
 20
-10.0585
 10
-6.7746
 20
-10.0438
 10
-6.7965
 20
-10.029
 10
-6.8184
 20
-10.0141
 10
-6.8402
 20
-9.9992
 10
-6.862
 20
-9.9843
 10
-6.8838
 20
-9.9693
 10
-6.9055
 20
-9.9543
 10
-6.9272
 20
-9.9392
 10
-6.9489
 20
-9.924
 10
-6.9705
 20
-9.9088
 10
-6.9921
 20
-9.8936
 10
-7.0137
 20
-9.8783
 10
-7.0352
 20
-9.863
 10
-7.0567
 20
-9.8476
 10
-7.0782
 20
-9.8322
 10
-7.0996
 20
-9.8168
 10
-7.121
 20
-9.8012
 10
-7.1424
 20
-9.7857
 10
-7.1637
 20
-9.7701
 10
-7.185
 20
-9.7544
 10
-7.2063
 20
-9.7387
 10
-7.2275
 20
-9.723
 10
-7.2487
 20
-9.7072
 10
-7.2699
 20
-9.6914
 10
-7.291
 20
-9.6755
 10
-7.3121
 20
-9.6595
 10
-7.3331
 20
-9.6436
 10
-7.3542
 20
-9.6275
 10
-7.3751
 20
-9.6115
 10
-7.3961
 20
-9.5954
 10
-7.417
 20
-9.5792
 10
-7.4379
 20
-9.563
 10
-7.4587
 20
-9.5468
 10
-7.4795
 20
-9.5305
 10
-7.5003
 20
-9.5141
 10
-7.5211
 20
-9.4977
 10
-7.5418
 20
-9.4813
 10
-7.5624
 20
-9.4648
 10
-7.5831
 20
-9.4483
 10
-7.6037
 20
-9.4317
 10
-7.6242
 20
-9.4151
 10
-7.6447
 20
-9.3985
 10
-7.6652
 20
-9.3818
 10
-7.6857
 20
-9.365
 10
-7.7061
 20
-9.3482
 10
-7.7265
 20
-9.3314
 10
-7.7468
 20
-9.3145
 10
-7.7671
 20
-9.2976
 10
-7.7874
 20
-9.2806
 10
-7.8076
 20
-9.2636
 10
-7.8278
 20
-9.2466
 10
-7.8479
 20
-9.2295
 10
-7.8681
 20
-9.2123
 10
-7.8881
 20
-9.1951
 10
-7.9082
 20
-9.1779
 10
-7.9282
 20
-9.1606
 10
-7.9482
 20
-9.1433
 10
-7.9681
 20
-9.1259
 10
-7.988
 20
-9.1085
 10
-8.0078
 20
-9.0911
 10
-8.0276
 20
-9.0736
 10
-8.0474
 20
-9.0561
 10
-8.0672
 20
-9.0385
 10
-8.0869
 20
-9.0209
 10
-8.1065
 20
-9.0032
 10
-8.1261
 20
-8.9855
 10
-8.1457
 20
-8.9677
 10
-8.1653
 20
-8.95
 10
-8.1848
 20
-8.9321
 10
-8.2042
 20
-8.9142
 10
-8.2237
 20
-8.8963
 10
-8.2431
 20
-8.8784
 10
-8.2624
 20
-8.8604
 10
-8.2817
 20
-8.8423
 10
-8.301
 20
-8.8242
 10
-8.3202
 20
-8.8061
 10
-8.3394
 20
-8.7879
 10
-8.3586
 20
-8.7697
 10
-8.3777
 20
-8.7514
 10
-8.3968
 20
-8.7331
 10
-8.4158
 20
-8.7148
 10
-8.4348
 20
-8.6964
 10
-8.4537
 20
-8.678
 10
-8.4726
 20
-8.6595
 10
-8.4915
 20
-8.641
 10
-8.5103
 20
-8.6225
 10
-8.5291
 20
-8.6039
 10
-8.5479
 20
-8.5853
 10
-8.5666
 20
-8.5666
 10
-8.5853
 20
-8.5479
 10
-8.6039
 20
-8.5291
 10
-8.6225
 20
-8.5103
 10
-8.641
 20
-8.4915
 10
-8.6595
 20
-8.4726
 10
-8.678
 20
-8.4537
 10
-8.6964
 20
-8.4348
 10
-8.7148
 20
-8.4158
 10
-8.7331
 20
-8.3968
 10
-8.7514
 20
-8.3777
 10
-8.7697
 20
-8.3586
 10
-8.7879
 20
-8.3394
 10
-8.8061
 20
-8.3202
 10
-8.8242
 20
-8.301
 10
-8.8423
 20
-8.2817
 10
-8.8604
 20
-8.2624
 10
-8.8784
 20
-8.2431
 10
-8.8963
 20
-8.2237
 10
-8.9142
 20
-8.2042
 10
-8.9321
 20
-8.1848
 10
-8.95
 20
-8.1653
 10
-8.9677
 20
-8.1457
 10
-8.9855
 20
-8.1261
 10
-9.0032
 20
-8.1065
 10
-9.0209
 20
-8.0869
 10
-9.0385
 20
-8.0672
 10
-9.0561
 20
-8.0474
 10
-9.0736
 20
-8.0276
 10
-9.0911
 20
-8.0078
 10
-9.1085
 20
-7.988
 10
-9.1259
 20
-7.9681
 10
-9.1433
 20
-7.9482
 10
-9.1606
 20
-7.9282
 10
-9.1779
 20
-7.9082
 10
-9.1951
 20
-7.8881
 10
-9.2123
 20
-7.8681
 10
-9.2295
 20
-7.8479
 10
-9.2466
 20
-7.8278
 10
-9.2636
 20
-7.8076
 10
-9.2806
 20
-7.7874
 10
-9.2976
 20
-7.7671
 10
-9.3145
 20
-7.7468
 10
-9.3314
 20
-7.7265
 10
-9.3482
 20
-7.7061
 10
-9.365
 20
-7.6857
 10
-9.3818
 20
-7.6652
 10
-9.3985
 20
-7.6447
 10
-9.4151
 20
-7.6242
 10
-9.4317
 20
-7.6037
 10
-9.4483
 20
-7.5831
 10
-9.4648
 20
-7.5624
 10
-9.4813
 20
-7.5418
 10
-9.4977
 20
-7.5211
 10
-9.5141
 20
-7.5003
 10
-9.5305
 20
-7.4795
 10
-9.5468
 20
-7.4587
 10
-9.563
 20
-7.4379
 10
-9.5792
 20
-7.417
 10
-9.5954
 20
-7.3961
 10
-9.6115
 20
-7.3751
 10
-9.6275
 20
-7.3542
 10
-9.6436
 20
-7.3331
 10
-9.6595
 20
-7.3121
 10
-9.6755
 20
-7.291
 10
-9.6914
 20
-7.2699
 10
-9.7072
 20
-7.2487
 10
-9.723
 20
-7.2275
 10
-9.7387
 20
-7.2063
 10
-9.7544
 20
-7.185
 10
-9.7701
 20
-7.1637
 10
-9.7857
 20
-7.1424
 10
-9.8012
 20
-7.121
 10
-9.8168
 20
-7.0996
 10
-9.8322
 20
-7.0782
 10
-9.8476
 20
-7.0567
 10
-9.863
 20
-7.0352
 10
-9.8783
 20
-7.0137
 10
-9.8936
 20
-6.9921
 10
-9.9088
 20
-6.9705
 10
-9.924
 20
-6.9489
 10
-9.9392
 20
-6.9272
 10
-9.9543
 20
-6.9055
 10
-9.9693
 20
-6.8838
 10
-9.9843
 20
-6.862
 10
-9.9992
 20
-6.8402
 10
-10.0141
 20
-6.8184
 10
-10.029
 20
-6.7965
 10
-10.0438
 20
-6.7746
 10
-10.0585
 20
-6.7527
 10
-10.0733
 20
-6.7307
 10
-10.0879
 20
-6.7087
 10
-10.1025
 20
-6.6867
 10
-10.1171
 20
-6.6647
 10
-10.1316
 20
-6.6426
 10
-10.1461
 20
-6.6205
 10
-10.1605
 20
-6.5983
 10
-10.1749
 20
-6.5761
 10
-10.1892
 20
-6.5539
 10
-10.2035
 20
-6.5317
 10
-10.2177
 20
-6.5094
 10
-10.2319
 20
-6.4871
 10
-10.246
 20
-6.4647
 10
-10.2601
 20
-6.4424
 10
-10.2741
 20
-6.42
 10
-10.2881
 20
-6.3975
 10
-10.302
 20
-6.3751
 10
-10.3159
 20
-6.3526
 10
-10.3297
 20
-6.3301
 10
-10.3435
 20
-6.3075
 10
-10.3573
 20
-6.2849
 10
-10.3709
 20
-6.2623
 10
-10.3846
 20
-6.2397
 10
-10.3982
 20
-6.217
 10
-10.4117
 20
-6.1943
 10
-10.4252
 20
-6.1716
 10
-10.4314
 20
-6.1611
 10
-11.4014
 20
-6.7211
 10
-11.389
 20
-6.7421
 10
-11.3742
 20
-6.767
  0
LWPOLYLINE
  5
A8
330
17
100
AcDbEntity
  8
ALTIN
100
AcDbPolyline
 90
2880
 70
1
 10
11.9821
 20
0.2615
 10
11.9815
 20
0.2876
 10
11.9809
 20
0.3137
 10
11.9802
 20
0.3399
 10
11.9794
 20
0.366
 10
11.9786
 20
0.3921
 10
11.9777
 20
0.4183
 10
11.9768
 20
0.4444
 10
11.9758
 20
0.4705
 10
11.9747
 20
0.4967
 10
11.9736
 20
0.5228
 10
11.9724
 20
0.5489
 10
11.9712
 20
0.575
 10
11.9699
 20
0.6011
 10
11.9686
 20
0.6272
 10
11.9672
 20
0.6534
 10
11.9657
 20
0.6795
 10
11.9642
 20
0.7056
 10
11.9626
 20
0.7317
 10
11.961
 20
0.7578
 10
11.9593
 20
0.7839
 10
11.9576
 20
0.8099
 10
11.9558
 20
0.836
 10
11.954
 20
0.8621
 10
11.952
 20
0.8882
 10
11.9501
 20
0.9143
 10
11.9481
 20
0.9403
 10
11.946
 20
0.9664
 10
11.9438
 20
0.9925
 10
11.9416
 20
1.0185
 10
11.9394
 20
1.0446
 10
11.9371
 20
1.0706
 10
11.9347
 20
1.0966
 10
11.9323
 20
1.1227
 10
11.9298
 20
1.1487
 10
11.9273
 20
1.1747
 10
11.9247
 20
1.2008
 10
11.922
 20
1.2268
 10
11.9193
 20
1.2528
 10
11.9166
 20
1.2788
 10
11.9138
 20
1.3048
 10
11.9109
 20
1.3308
 10
11.908
 20
1.3567
 10
11.905
 20
1.3827
 10
11.9019
 20
1.4087
 10
11.8988
 20
1.4346
 10
11.8957
 20
1.4606
 10
11.8925
 20
1.4866
 10
11.8892
 20
1.5125
 10
11.8859
 20
1.5384
 10
11.8825
 20
1.5644
 10
11.879
 20
1.5903
 10
11.8755
 20
1.6162
 10
11.872
 20
1.6421
 10
11.8684
 20
1.668
 10
11.8647
 20
1.6939
 10
11.861
 20
1.7198
 10
11.8572
 20
1.7456
 10
11.8534
 20
1.7715
 10
11.8495
 20
1.7974
 10
11.8455
 20
1.8232
 10
11.8415
 20
1.849
 10
11.8374
 20
1.8749
 10
11.8333
 20
1.9007
 10
11.8292
 20
1.9265
 10
11.8249
 20
1.9523
 10
11.8206
 20
1.9781
 10
11.8163
 20
2.0039
 10
11.8119
 20
2.0297
 10
11.8074
 20
2.0554
 10
11.8029
 20
2.0812
 10
11.7984
 20
2.1069
 10
11.7937
 20
2.1327
 10
11.789
 20
2.1584
 10
11.7843
 20
2.1841
 10
11.7795
 20
2.2098
 10
11.7747
 20
2.2355
 10
11.7698
 20
2.2612
 10
11.7648
 20
2.2868
 10
11.7598
 20
2.3125
 10
11.7547
 20
2.3382
 10
11.7496
 20
2.3638
 10
11.7444
 20
2.3894
 10
11.7392
 20
2.415
 10
11.7339
 20
2.4406
 10
11.7285
 20
2.4662
 10
11.7231
 20
2.4918
 10
11.7176
 20
2.5174
 10
11.7121
 20
2.5429
 10
11.7065
 20
2.5685
 10
11.7009
 20
2.594
 10
11.6952
 20
2.6195
 10
11.6895
 20
2.6451
 10
11.6837
 20
2.6706
 10
11.6778
 20
2.696
 10
11.6719
 20
2.7215
 10
11.666
 20
2.747
 10
11.6599
 20
2.7724
 10
11.6539
 20
2.7978
 10
11.6477
 20
2.8233
 10
11.6415
 20
2.8487
 10
11.6353
 20
2.8741
 10
11.629
 20
2.8994
 10
11.6226
 20
2.9248
 10
11.6162
 20
2.9501
 10
11.6098
 20
2.9755
 10
11.6032
 20
3.0008
 10
11.5967
 20
3.0261
 10
11.59
 20
3.0514
 10
11.5834
 20
3.0767
 10
11.5766
 20
3.1019
 10
11.5698
 20
3.1272
 10
11.563
 20
3.1524
 10
11.5561
 20
3.1776
 10
11.5491
 20
3.2029
 10
11.5421
 20
3.228
 10
11.535
 20
3.2532
 10
11.5279
 20
3.2784
 10
11.5207
 20
3.3035
 10
11.5135
 20
3.3286
 10
11.5062
 20
3.3538
 10
11.4989
 20
3.3788
 10
11.4915
 20
3.4039
 10
11.484
 20
3.429
 10
11.4765
 20
3.454
 10
11.4689
 20
3.4791
 10
11.4613
 20
3.5041
 10
11.4536
 20
3.5291
 10
11.4459
 20
3.5541
 10
11.4381
 20
3.579
 10
11.4303
 20
3.604
 10
11.4224
 20
3.6289
 10
11.4145
 20
3.6538
 10
11.4065
 20
3.6787
 10
11.3984
 20
3.7036
 10
11.3903
 20
3.7284
 10
11.3821
 20
3.7533
 10
11.3739
 20
3.7781
 10
11.3657
 20
3.8029
 10
11.3573
 20
3.8277
 10
11.349
 20
3.8525
 10
11.3405
 20
3.8772
 10
11.332
 20
3.9019
 10
11.3235
 20
3.9266
 10
11.3149
 20
3.9513
 10
11.3063
 20
3.976
 10
11.2976
 20
4.0007
 10
11.2888
 20
4.0253
 10
11.28
 20
4.0499
 10
11.2711
 20
4.0745
 10
11.2622
 20
4.0991
 10
11.2532
 20
4.1237
 10
11.2442
 20
4.1482
 10
11.2351
 20
4.1727
 10
11.226
 20
4.1972
 10
11.2168
 20
4.2217
 10
11.2076
 20
4.2462
 10
11.1983
 20
4.2706
 10
11.189
 20
4.295
 10
11.1796
 20
4.3194
 10
11.1701
 20
4.3438
 10
11.1606
 20
4.3682
 10
11.1511
 20
4.3925
 10
11.1414
 20
4.4168
 10
11.1318
 20
4.4411
 10
11.1221
 20
4.4654
 10
11.1123
 20
4.4897
 10
11.1025
 20
4.5139
 10
11.0926
 20
4.5381
 10
11.0827
 20
4.5623
 10
11.0727
 20
4.5865
 10
11.0627
 20
4.6106
 10
11.0526
 20
4.6347
 10
11.0424
 20
4.6588
 10
11.0323
 20
4.6829
 10
11.022
 20
4.707
 10
11.0117
 20
4.731
 10
11.0014
 20
4.755
 10
10.991
 20
4.779
 10
10.9805
 20
4.803
 10
10.97
 20
4.8269
 10
10.9595
 20
4.8508
 10
10.9488
 20
4.8747
 10
10.9382
 20
4.8986
 10
10.9275
 20
4.9225
 10
10.9167
 20
4.9463
 10
10.9059
 20
4.9701
 10
10.895
 20
4.9939
 10
10.8841
 20
5.0176
 10
10.8731
 20
5.0414
 10
10.8621
 20
5.0651
 10
10.851
 20
5.0888
 10
10.8399
 20
5.1124
 10
10.8287
 20
5.1361
 10
10.8175
 20
5.1597
 10
10.8062
 20
5.1833
 10
10.7949
 20
5.2068
 10
10.7835
 20
5.2304
 10
10.772
 20
5.2539
 10
10.7606
 20
5.2774
 10
10.749
 20
5.3008
 10
10.7374
 20
5.3243
 10
10.7258
 20
5.3477
 10
10.7141
 20
5.3711
 10
10.7024
 20
5.3944
 10
10.6906
 20
5.4178
 10
10.6787
 20
5.4411
 10
10.6668
 20
5.4644
 10
10.6549
 20
5.4876
 10
10.6429
 20
5.5109
 10
10.6308
 20
5.5341
 10
10.6187
 20
5.5572
 10
10.6066
 20
5.5804
 10
10.5944
 20
5.6035
 10
10.5821
 20
5.6266
 10
10.5698
 20
5.6497
 10
10.5575
 20
5.6727
 10
10.5451
 20
5.6958
 10
10.5326
 20
5.7187
 10
10.5201
 20
5.7417
 10
10.5076
 20
5.7647
 10
10.495
 20
5.7876
 10
10.4823
 20
5.8104
 10
10.4696
 20
5.8333
 10
10.4569
 20
5.8561
 10
10.4441
 20
5.8789
 10
10.4312
 20
5.9017
 10
10.4183
 20
5.9244
 10
10.4054
 20
5.9472
 10
10.3924
 20
5.9698
 10
10.3793
 20
5.9925
 10
10.3662
 20
6.0151
 10
10.3531
 20
6.0377
 10
10.3399
 20
6.0603
 10
10.3266
 20
6.0828
 10
10.3133
 20
6.1054
 10
10.3
 20
6.1278
 10
10.2866
 20
6.1503
 10
10.2732
 20
6.1727
 10
10.2597
 20
6.1951
 10
10.2461
 20
6.2175
 10
10.2325
 20
6.2398
 10
10.2189
 20
6.2621
 10
10.2052
 20
6.2844
 10
10.1915
 20
6.3067
 10
10.1777
 20
6.3289
 10
10.1639
 20
6.3511
 10
10.15
 20
6.3732
 10
10.136
 20
6.3954
 10
10.1221
 20
6.4175
 10
10.108
 20
6.4395
 10
10.094
 20
6.4616
 10
10.0799
 20
6.4836
 10
10.0657
 20
6.5056
 10
10.0515
 20
6.5275
 10
10.0372
 20
6.5494
 10
10.0229
 20
6.5713
 10
10.0085
 20
6.5931
 10
9.9941
 20
6.615
 10
9.9797
 20
6.6368
 10
9.9652
 20
6.6585
 10
9.9506
 20
6.6802
 10
9.936
 20
6.7019
 10
9.9214
 20
6.7236
 10
9.9067
 20
6.7452
 10
9.8919
 20
6.7668
 10
9.8772
 20
6.7884
 10
9.8623
 20
6.8099
 10
9.8474
 20
6.8314
 10
9.8325
 20
6.8529
 10
9.8175
 20
6.8743
 10
9.8025
 20
6.8957
 10
9.7874
 20
6.9171
 10
9.7723
 20
6.9384
 10
9.7572
 20
6.9597
 10
9.742
 20
6.981
 10
9.7267
 20
7.0022
 10
9.7114
 20
7.0234
 10
9.6961
 20
7.0446
 10
9.6807
 20
7.0657
 10
9.6652
 20
7.0868
 10
9.6498
 20
7.1079
 10
9.6342
 20
7.129
 10
9.6186
 20
7.15
 10
9.603
 20
7.1709
 10
9.5874
 20
7.1919
 10
9.5716
 20
7.2128
 10
9.5559
 20
7.2336
 10
9.5401
 20
7.2544
 10
9.5242
 20
7.2752
 10
9.5083
 20
7.296
 10
9.4924
 20
7.3167
 10
9.4764
 20
7.3374
 10
9.4604
 20
7.3581
 10
9.4443
 20
7.3787
 10
9.4282
 20
7.3993
 10
9.412
 20
7.4198
 10
9.3958
 20
7.4404
 10
9.3796
 20
7.4608
 10
9.3633
 20
7.4813
 10
9.3469
 20
7.5017
 10
9.3305
 20
7.5221
 10
9.3141
 20
7.5424
 10
9.2976
 20
7.5627
 10
9.2811
 20
7.583
 10
9.2645
 20
7.6032
 10
9.2479
 20
7.6234
 10
9.2313
 20
7.6436
 10
9.2146
 20
7.6637
 10
9.1978
 20
7.6838
 10
9.181
 20
7.7038
 10
9.1642
 20
7.7238
 10
9.1473
 20
7.7438
 10
9.1304
 20
7.7637
 10
9.1135
 20
7.7836
 10
9.0965
 20
7.8035
 10
9.0794
 20
7.8233
 10
9.0623
 20
7.8431
 10
9.0452
 20
7.8629
 10
9.028
 20
7.8826
 10
9.0108
 20
7.9023
 10
8.9935
 20
7.9219
 10
8.9762
 20
7.9415
 10
8.9589
 20
7.9611
 10
8.9415
 20
7.9806
 10
8.9241
 20
8.0001
 10
8.9066
 20
8.0195
 10
8.8891
 20
8.0389
 10
8.8715
 20
8.0583
 10
8.8539
 20
8.0777
 10
8.8363
 20
8.0969
 10
8.8186
 20
8.1162
 10
8.8009
 20
8.1354
 10
8.7831
 20
8.1546
 10
8.7653
 20
8.1738
 10
8.7474
 20
8.1929
 10
8.7295
 20
8.2119
 10
8.7116
 20
8.2309
 10
8.6936
 20
8.2499
 10
8.6756
 20
8.2689
 10
8.6575
 20
8.2878
 10
8.6394
 20
8.3067
 10
8.6213
 20
8.3255
 10
8.6031
 20
8.3443
 10
8.5849
 20
8.363
 10
8.5666
 20
8.3817
 10
8.5483
 20
8.4004
 10
8.53
 20
8.419
 10
8.5116
 20
8.4376
 10
8.4931
 20
8.4562
 10
8.4747
 20
8.4747
 10
8.4562
 20
8.4931
 10
8.4376
 20
8.5116
 10
8.419
 20
8.53
 10
8.4004
 20
8.5483
 10
8.3817
 20
8.5666
 10
8.363
 20
8.5849
 10
8.3443
 20
8.6031
 10
8.3255
 20
8.6213
 10
8.3067
 20
8.6394
 10
8.2878
 20
8.6575
 10
8.2689
 20
8.6756
 10
8.2499
 20
8.6936
 10
8.2309
 20
8.7116
 10
8.2119
 20
8.7295
 10
8.1929
 20
8.7474
 10
8.1738
 20
8.7653
 10
8.1546
 20
8.7831
 10
8.1354
 20
8.8009
 10
8.1162
 20
8.8186
 10
8.0969
 20
8.8363
 10
8.0777
 20
8.8539
 10
8.0583
 20
8.8715
 10
8.0389
 20
8.8891
 10
8.0195
 20
8.9066
 10
8.0001
 20
8.9241
 10
7.9806
 20
8.9415
 10
7.9611
 20
8.9589
 10
7.9415
 20
8.9762
 10
7.9219
 20
8.9935
 10
7.9023
 20
9.0108
 10
7.8826
 20
9.028
 10
7.8629
 20
9.0452
 10
7.8431
 20
9.0623
 10
7.8233
 20
9.0794
 10
7.8035
 20
9.0965
 10
7.7836
 20
9.1135
 10
7.7637
 20
9.1304
 10
7.7438
 20
9.1473
 10
7.7238
 20
9.1642
 10
7.7038
 20
9.181
 10
7.6838
 20
9.1978
 10
7.6637
 20
9.2146
 10
7.6436
 20
9.2313
 10
7.6234
 20
9.2479
 10
7.6032
 20
9.2645
 10
7.583
 20
9.2811
 10
7.5627
 20
9.2976
 10
7.5424
 20
9.3141
 10
7.5221
 20
9.3305
 10
7.5017
 20
9.3469
 10
7.4813
 20
9.3633
 10
7.4608
 20
9.3796
 10
7.4404
 20
9.3958
 10
7.4198
 20
9.412
 10
7.3993
 20
9.4282
 10
7.3787
 20
9.4443
 10
7.3581
 20
9.4604
 10
7.3374
 20
9.4764
 10
7.3167
 20
9.4924
 10
7.296
 20
9.5083
 10
7.2752
 20
9.5242
 10
7.2544
 20
9.5401
 10
7.2336
 20
9.5559
 10
7.2128
 20
9.5716
 10
7.1919
 20
9.5874
 10
7.1709
 20
9.603
 10
7.15
 20
9.6186
 10
7.129
 20
9.6342
 10
7.1079
 20
9.6498
 10
7.0868
 20
9.6652
 10
7.0657
 20
9.6807
 10
7.0446
 20
9.6961
 10
7.0234
 20
9.7114
 10
7.0022
 20
9.7267
 10
6.981
 20
9.742
 10
6.9597
 20
9.7572
 10
6.9384
 20
9.7723
 10
6.9171
 20
9.7874
 10
6.8957
 20
9.8025
 10
6.8743
 20
9.8175
 10
6.8529
 20
9.8325
 10
6.8314
 20
9.8474
 10
6.8099
 20
9.8623
 10
6.7884
 20
9.8772
 10
6.7668
 20
9.8919
 10
6.7452
 20
9.9067
 10
6.7236
 20
9.9214
 10
6.7019
 20
9.936
 10
6.6802
 20
9.9506
 10
6.6585
 20
9.9652
 10
6.6368
 20
9.9797
 10
6.615
 20
9.9941
 10
6.5931
 20
10.0085
 10
6.5713
 20
10.0229
 10
6.5494
 20
10.0372
 10
6.5275
 20
10.0515
 10
6.5056
 20
10.0657
 10
6.4836
 20
10.0799
 10
6.4616
 20
10.094
 10
6.4395
 20
10.108
 10
6.4175
 20
10.1221
 10
6.3954
 20
10.136
 10
6.3732
 20
10.15
 10
6.3511
 20
10.1639
 10
6.3289
 20
10.1777
 10
6.3067
 20
10.1915
 10
6.2844
 20
10.2052
 10
6.2621
 20
10.2189
 10
6.2398
 20
10.2325
 10
6.2175
 20
10.2461
 10
6.1951
 20
10.2597
 10
6.1727
 20
10.2732
 10
6.1503
 20
10.2866
 10
6.1278
 20
10.3
 10
6.1054
 20
10.3133
 10
6.0828
 20
10.3266
 10
6.0603
 20
10.3399
 10
6.0377
 20
10.3531
 10
6.0151
 20
10.3662
 10
5.9925
 20
10.3793
 10
5.9698
 20
10.3924
 10
5.9472
 20
10.4054
 10
5.9244
 20
10.4183
 10
5.9017
 20
10.4312
 10
5.8789
 20
10.4441
 10
5.8561
 20
10.4569
 10
5.8333
 20
10.4696
 10
5.8104
 20
10.4823
 10
5.7876
 20
10.495
 10
5.7647
 20
10.5076
 10
5.7417
 20
10.5201
 10
5.7187
 20
10.5326
 10
5.6958
 20
10.5451
 10
5.6727
 20
10.5575
 10
5.6497
 20
10.5698
 10
5.6266
 20
10.5821
 10
5.6035
 20
10.5944
 10
5.5804
 20
10.6066
 10
5.5572
 20
10.6187
 10
5.5341
 20
10.6308
 10
5.5109
 20
10.6429
 10
5.4876
 20
10.6549
 10
5.4644
 20
10.6668
 10
5.4411
 20
10.6787
 10
5.4178
 20
10.6906
 10
5.3944
 20
10.7024
 10
5.3711
 20
10.7141
 10
5.3477
 20
10.7258
 10
5.3243
 20
10.7374
 10
5.3008
 20
10.749
 10
5.2774
 20
10.7606
 10
5.2539
 20
10.772
 10
5.2304
 20
10.7835
 10
5.2068
 20
10.7949
 10
5.1833
 20
10.8062
 10
5.1597
 20
10.8175
 10
5.1361
 20
10.8287
 10
5.1124
 20
10.8399
 10
5.0888
 20
10.851
 10
5.0651
 20
10.8621
 10
5.0414
 20
10.8731
 10
5.0176
 20
10.8841
 10
4.9939
 20
10.895
 10
4.9701
 20
10.9059
 10
4.9463
 20
10.9167
 10
4.9225
 20
10.9275
 10
4.8986
 20
10.9382
 10
4.8747
 20
10.9488
 10
4.8508
 20
10.9595
 10
4.8269
 20
10.97
 10
4.803
 20
10.9805
 10
4.779
 20
10.991
 10
4.755
 20
11.0014
 10
4.731
 20
11.0117
 10
4.707
 20
11.022
 10
4.6829
 20
11.0323
 10
4.6588
 20
11.0424
 10
4.6347
 20
11.0526
 10
4.6106
 20
11.0627
 10
4.5865
 20
11.0727
 10
4.5623
 20
11.0827
 10
4.5381
 20
11.0926
 10
4.5139
 20
11.1025
 10
4.4897
 20
11.1123
 10
4.4654
 20
11.1221
 10
4.4411
 20
11.1318
 10
4.4168
 20
11.1414
 10
4.3925
 20
11.1511
 10
4.3682
 20
11.1606
 10
4.3438
 20
11.1701
 10
4.3194
 20
11.1796
 10
4.295
 20
11.189
 10
4.2706
 20
11.1983
 10
4.2462
 20
11.2076
 10
4.2217
 20
11.2168
 10
4.1972
 20
11.226
 10
4.1727
 20
11.2351
 10
4.1482
 20
11.2442
 10
4.1237
 20
11.2532
 10
4.0991
 20
11.2622
 10
4.0745
 20
11.2711
 10
4.0499
 20
11.28
 10
4.0253
 20
11.2888
 10
4.0007
 20
11.2976
 10
3.976
 20
11.3063
 10
3.9513
 20
11.3149
 10
3.9266
 20
11.3235
 10
3.9019
 20
11.332
 10
3.8772
 20
11.3405
 10
3.8525
 20
11.349
 10
3.8277
 20
11.3573
 10
3.8029
 20
11.3657
 10
3.7781
 20
11.3739
 10
3.7533
 20
11.3821
 10
3.7284
 20
11.3903
 10
3.7036
 20
11.3984
 10
3.6787
 20
11.4065
 10
3.6538
 20
11.4145
 10
3.6289
 20
11.4224
 10
3.604
 20
11.4303
 10
3.579
 20
11.4381
 10
3.5541
 20
11.4459
 10
3.5291
 20
11.4536
 10
3.5041
 20
11.4613
 10
3.4791
 20
11.4689
 10
3.454
 20
11.4765
 10
3.429
 20
11.484
 10
3.4039
 20
11.4915
 10
3.3788
 20
11.4989
 10
3.3538
 20
11.5062
 10
3.3286
 20
11.5135
 10
3.3035
 20
11.5207
 10
3.2784
 20
11.5279
 10
3.2532
 20
11.535
 10
3.228
 20
11.5421
 10
3.2029
 20
11.5491
 10
3.1776
 20
11.5561
 10
3.1524
 20
11.563
 10
3.1272
 20
11.5698
 10
3.1019
 20
11.5766
 10
3.0767
 20
11.5834
 10
3.0514
 20
11.59
 10
3.0261
 20
11.5967
 10
3.0008
 20
11.6032
 10
2.9755
 20
11.6098
 10
2.9501
 20
11.6162
 10
2.9248
 20
11.6226
 10
2.8994
 20
11.629
 10
2.8741
 20
11.6353
 10
2.8487
 20
11.6415
 10
2.8233
 20
11.6477
 10
2.7978
 20
11.6539
 10
2.7724
 20
11.6599
 10
2.747
 20
11.666
 10
2.7215
 20
11.6719
 10
2.696
 20
11.6778
 10
2.6706
 20
11.6837
 10
2.6451
 20
11.6895
 10
2.6195
 20
11.6952
 10
2.594
 20
11.7009
 10
2.5685
 20
11.7065
 10
2.5429
 20
11.7121
 10
2.5174
 20
11.7176
 10
2.4918
 20
11.7231
 10
2.4662
 20
11.7285
 10
2.4406
 20
11.7339
 10
2.415
 20
11.7392
 10
2.3894
 20
11.7444
 10
2.3638
 20
11.7496
 10
2.3382
 20
11.7547
 10
2.3125
 20
11.7598
 10
2.2868
 20
11.7648
 10
2.2612
 20
11.7698
 10
2.2355
 20
11.7747
 10
2.2098
 20
11.7795
 10
2.1841
 20
11.7843
 10
2.1584
 20
11.789
 10
2.1327
 20
11.7937
 10
2.1069
 20
11.7984
 10
2.0812
 20
11.8029
 10
2.0554
 20
11.8074
 10
2.0297
 20
11.8119
 10
2.0039
 20
11.8163
 10
1.9781
 20
11.8206
 10
1.9523
 20
11.8249
 10
1.9265
 20
11.8292
 10
1.9007
 20
11.8333
 10
1.8749
 20
11.8374
 10
1.849
 20
11.8415
 10
1.8232
 20
11.8455
 10
1.7974
 20
11.8495
 10
1.7715
 20
11.8534
 10
1.7456
 20
11.8572
 10
1.7198
 20
11.861
 10
1.6939
 20
11.8647
 10
1.668
 20
11.8684
 10
1.6421
 20
11.872
 10
1.6162
 20
11.8755
 10
1.5903
 20
11.879
 10
1.5644
 20
11.8825
 10
1.5384
 20
11.8859
 10
1.5125
 20
11.8892
 10
1.4866
 20
11.8925
 10
1.4606
 20
11.8957
 10
1.4346
 20
11.8988
 10
1.4087
 20
11.9019
 10
1.3827
 20
11.905
 10
1.3567
 20
11.908
 10
1.3308
 20
11.9109
 10
1.3048
 20
11.9138
 10
1.2788
 20
11.9166
 10
1.2528
 20
11.9193
 10
1.2268
 20
11.922
 10
1.2008
 20
11.9247
 10
1.1747
 20
11.9273
 10
1.1487
 20
11.9298
 10
1.1227
 20
11.9323
 10
1.0966
 20
11.9347
 10
1.0706
 20
11.9371
 10
1.0446
 20
11.9394
 10
1.0185
 20
11.9416
 10
0.9925
 20
11.9438
 10
0.9664
 20
11.946
 10
0.9403
 20
11.9481
 10
0.9143
 20
11.9501
 10
0.8882
 20
11.952
 10
0.8621
 20
11.954
 10
0.836
 20
11.9558
 10
0.8099
 20
11.9576
 10
0.7839
 20
11.9593
 10
0.7578
 20
11.961
 10
0.7317
 20
11.9626
 10
0.7056
 20
11.9642
 10
0.6795
 20
11.9657
 10
0.6534
 20
11.9672
 10
0.6272
 20
11.9686
 10
0.6011
 20
11.9699
 10
0.575
 20
11.9712
 10
0.5489
 20
11.9724
 10
0.5228
 20
11.9736
 10
0.4967
 20
11.9747
 10
0.4705
 20
11.9758
 10
0.4444
 20
11.9768
 10
0.4183
 20
11.9777
 10
0.3921
 20
11.9786
 10
0.366
 20
11.9794
 10
0.3399
 20
11.9802
 10
0.3137
 20
11.9809
 10
0.2876
 20
11.9815
 10
0.2615
 20
11.9821
 10
0.2353
 20
11.9827
 10
0.2092
 20
11.9832
 10
0.183
 20
11.9836
 10
0.1569
 20
11.984
 10
0.1307
 20
11.9843
 10
0.1046
 20
11.9845
 10
0.0784
 20
11.9847
 10
0.0523
 20
11.9849
 10
0.0261
 20
11.985
 10
0.0
 20
11.985
 10
-0.0261
 20
11.985
 10
-0.0523
 20
11.9849
 10
-0.0784
 20
11.9847
 10
-0.1046
 20
11.9845
 10
-0.1307
 20
11.9843
 10
-0.1569
 20
11.984
 10
-0.183
 20
11.9836
 10
-0.2092
 20
11.9832
 10
-0.2353
 20
11.9827
 10
-0.2615
 20
11.9821
 10
-0.2876
 20
11.9815
 10
-0.3137
 20
11.9809
 10
-0.3399
 20
11.9802
 10
-0.366
 20
11.9794
 10
-0.3921
 20
11.9786
 10
-0.4183
 20
11.9777
 10
-0.4444
 20
11.9768
 10
-0.4705
 20
11.9758
 10
-0.4967
 20
11.9747
 10
-0.5228
 20
11.9736
 10
-0.5489
 20
11.9724
 10
-0.575
 20
11.9712
 10
-0.6011
 20
11.9699
 10
-0.6272
 20
11.9686
 10
-0.6534
 20
11.9672
 10
-0.6795
 20
11.9657
 10
-0.7056
 20
11.9642
 10
-0.7317
 20
11.9626
 10
-0.7578
 20
11.961
 10
-0.7839
 20
11.9593
 10
-0.8099
 20
11.9576
 10
-0.836
 20
11.9558
 10
-0.8621
 20
11.954
 10
-0.8882
 20
11.952
 10
-0.9143
 20
11.9501
 10
-0.9403
 20
11.9481
 10
-0.9664
 20
11.946
 10
-0.9925
 20
11.9438
 10
-1.0185
 20
11.9416
 10
-1.0446
 20
11.9394
 10
-1.0706
 20
11.9371
 10
-1.0966
 20
11.9347
 10
-1.1227
 20
11.9323
 10
-1.1487
 20
11.9298
 10
-1.1747
 20
11.9273
 10
-1.2008
 20
11.9247
 10
-1.2268
 20
11.922
 10
-1.2528
 20
11.9193
 10
-1.2788
 20
11.9166
 10
-1.3048
 20
11.9138
 10
-1.3308
 20
11.9109
 10
-1.3567
 20
11.908
 10
-1.3827
 20
11.905
 10
-1.4087
 20
11.9019
 10
-1.4346
 20
11.8988
 10
-1.4606
 20
11.8957
 10
-1.4866
 20
11.8925
 10
-1.5125
 20
11.8892
 10
-1.5384
 20
11.8859
 10
-1.5644
 20
11.8825
 10
-1.5903
 20
11.879
 10
-1.6162
 20
11.8755
 10
-1.6421
 20
11.872
 10
-1.668
 20
11.8684
 10
-1.6939
 20
11.8647
 10
-1.7198
 20
11.861
 10
-1.7456
 20
11.8572
 10
-1.7715
 20
11.8534
 10
-1.7974
 20
11.8495
 10
-1.8232
 20
11.8455
 10
-1.849
 20
11.8415
 10
-1.8749
 20
11.8374
 10
-1.9007
 20
11.8333
 10
-1.9265
 20
11.8292
 10
-1.9523
 20
11.8249
 10
-1.9781
 20
11.8206
 10
-2.0039
 20
11.8163
 10
-2.0297
 20
11.8119
 10
-2.0554
 20
11.8074
 10
-2.0812
 20
11.8029
 10
-2.1069
 20
11.7984
 10
-2.1327
 20
11.7937
 10
-2.1584
 20
11.789
 10
-2.1841
 20
11.7843
 10
-2.2098
 20
11.7795
 10
-2.2355
 20
11.7747
 10
-2.2612
 20
11.7698
 10
-2.2868
 20
11.7648
 10
-2.3125
 20
11.7598
 10
-2.3382
 20
11.7547
 10
-2.3638
 20
11.7496
 10
-2.3894
 20
11.7444
 10
-2.415
 20
11.7392
 10
-2.4406
 20
11.7339
 10
-2.4662
 20
11.7285
 10
-2.4918
 20
11.7231
 10
-2.5174
 20
11.7176
 10
-2.5429
 20
11.7121
 10
-2.5685
 20
11.7065
 10
-2.594
 20
11.7009
 10
-2.6195
 20
11.6952
 10
-2.6451
 20
11.6895
 10
-2.6706
 20
11.6837
 10
-2.696
 20
11.6778
 10
-2.7215
 20
11.6719
 10
-2.747
 20
11.666
 10
-2.7724
 20
11.6599
 10
-2.7978
 20
11.6539
 10
-2.8233
 20
11.6477
 10
-2.8487
 20
11.6415
 10
-2.8741
 20
11.6353
 10
-2.8994
 20
11.629
 10
-2.9248
 20
11.6226
 10
-2.9501
 20
11.6162
 10
-2.9755
 20
11.6098
 10
-3.0008
 20
11.6032
 10
-3.0261
 20
11.5967
 10
-3.0514
 20
11.59
 10
-3.0767
 20
11.5834
 10
-3.1019
 20
11.5766
 10
-3.1272
 20
11.5698
 10
-3.1524
 20
11.563
 10
-3.1776
 20
11.5561
 10
-3.2029
 20
11.5491
 10
-3.228
 20
11.5421
 10
-3.2532
 20
11.535
 10
-3.2784
 20
11.5279
 10
-3.3035
 20
11.5207
 10
-3.3286
 20
11.5135
 10
-3.3538
 20
11.5062
 10
-3.3788
 20
11.4989
 10
-3.4039
 20
11.4915
 10
-3.429
 20
11.484
 10
-3.454
 20
11.4765
 10
-3.4791
 20
11.4689
 10
-3.5041
 20
11.4613
 10
-3.5291
 20
11.4536
 10
-3.5541
 20
11.4459
 10
-3.579
 20
11.4381
 10
-3.604
 20
11.4303
 10
-3.6289
 20
11.4224
 10
-3.6538
 20
11.4145
 10
-3.6787
 20
11.4065
 10
-3.7036
 20
11.3984
 10
-3.7284
 20
11.3903
 10
-3.7533
 20
11.3821
 10
-3.7781
 20
11.3739
 10
-3.8029
 20
11.3657
 10
-3.8277
 20
11.3573
 10
-3.8525
 20
11.349
 10
-3.8772
 20
11.3405
 10
-3.9019
 20
11.332
 10
-3.9266
 20
11.3235
 10
-3.9513
 20
11.3149
 10
-3.976
 20
11.3063
 10
-4.0007
 20
11.2976
 10
-4.0253
 20
11.2888
 10
-4.0499
 20
11.28
 10
-4.0745
 20
11.2711
 10
-4.0991
 20
11.2622
 10
-4.1237
 20
11.2532
 10
-4.1482
 20
11.2442
 10
-4.1727
 20
11.2351
 10
-4.1972
 20
11.226
 10
-4.2217
 20
11.2168
 10
-4.2462
 20
11.2076
 10
-4.2706
 20
11.1983
 10
-4.295
 20
11.189
 10
-4.3194
 20
11.1796
 10
-4.3438
 20
11.1701
 10
-4.3682
 20
11.1606
 10
-4.3925
 20
11.1511
 10
-4.4168
 20
11.1414
 10
-4.4411
 20
11.1318
 10
-4.4654
 20
11.1221
 10
-4.4897
 20
11.1123
 10
-4.5139
 20
11.1025
 10
-4.5381
 20
11.0926
 10
-4.5623
 20
11.0827
 10
-4.5865
 20
11.0727
 10
-4.6106
 20
11.0627
 10
-4.6347
 20
11.0526
 10
-4.6588
 20
11.0424
 10
-4.6829
 20
11.0323
 10
-4.707
 20
11.022
 10
-4.731
 20
11.0117
 10
-4.755
 20
11.0014
 10
-4.779
 20
10.991
 10
-4.803
 20
10.9805
 10
-4.8269
 20
10.97
 10
-4.8508
 20
10.9595
 10
-4.8747
 20
10.9488
 10
-4.8986
 20
10.9382
 10
-4.9225
 20
10.9275
 10
-4.9463
 20
10.9167
 10
-4.9701
 20
10.9059
 10
-4.9939
 20
10.895
 10
-5.0176
 20
10.8841
 10
-5.0414
 20
10.8731
 10
-5.0651
 20
10.8621
 10
-5.0888
 20
10.851
 10
-5.1124
 20
10.8399
 10
-5.1361
 20
10.8287
 10
-5.1597
 20
10.8175
 10
-5.1833
 20
10.8062
 10
-5.2068
 20
10.7949
 10
-5.2304
 20
10.7835
 10
-5.2539
 20
10.772
 10
-5.2774
 20
10.7606
 10
-5.3008
 20
10.749
 10
-5.3243
 20
10.7374
 10
-5.3477
 20
10.7258
 10
-5.3711
 20
10.7141
 10
-5.3944
 20
10.7024
 10
-5.4178
 20
10.6906
 10
-5.4411
 20
10.6787
 10
-5.4644
 20
10.6668
 10
-5.4876
 20
10.6549
 10
-5.5109
 20
10.6429
 10
-5.5341
 20
10.6308
 10
-5.5572
 20
10.6187
 10
-5.5804
 20
10.6066
 10
-5.6035
 20
10.5944
 10
-5.6266
 20
10.5821
 10
-5.6497
 20
10.5698
 10
-5.6727
 20
10.5575
 10
-5.6958
 20
10.5451
 10
-5.7187
 20
10.5326
 10
-5.7417
 20
10.5201
 10
-5.7647
 20
10.5076
 10
-5.7876
 20
10.495
 10
-5.8104
 20
10.4823
 10
-5.8333
 20
10.4696
 10
-5.8561
 20
10.4569
 10
-5.8789
 20
10.4441
 10
-5.9017
 20
10.4312
 10
-5.9244
 20
10.4183
 10
-5.9472
 20
10.4054
 10
-5.9698
 20
10.3924
 10
-5.9925
 20
10.3793
 10
-6.0151
 20
10.3662
 10
-6.0377
 20
10.3531
 10
-6.0603
 20
10.3399
 10
-6.0828
 20
10.3266
 10
-6.1054
 20
10.3133
 10
-6.1278
 20
10.3
 10
-6.1503
 20
10.2866
 10
-6.1727
 20
10.2732
 10
-6.1951
 20
10.2597
 10
-6.2175
 20
10.2461
 10
-6.2398
 20
10.2325
 10
-6.2621
 20
10.2189
 10
-6.2844
 20
10.2052
 10
-6.3067
 20
10.1915
 10
-6.3289
 20
10.1777
 10
-6.3511
 20
10.1639
 10
-6.3732
 20
10.15
 10
-6.3954
 20
10.136
 10
-6.4175
 20
10.1221
 10
-6.4395
 20
10.108
 10
-6.4616
 20
10.094
 10
-6.4836
 20
10.0799
 10
-6.5056
 20
10.0657
 10
-6.5275
 20
10.0515
 10
-6.5494
 20
10.0372
 10
-6.5713
 20
10.0229
 10
-6.5931
 20
10.0085
 10
-6.615
 20
9.9941
 10
-6.6368
 20
9.9797
 10
-6.6585
 20
9.9652
 10
-6.6802
 20
9.9506
 10
-6.7019
 20
9.936
 10
-6.7236
 20
9.9214
 10
-6.7452
 20
9.9067
 10
-6.7668
 20
9.8919
 10
-6.7884
 20
9.8772
 10
-6.8099
 20
9.8623
 10
-6.8314
 20
9.8474
 10
-6.8529
 20
9.8325
 10
-6.8743
 20
9.8175
 10
-6.8957
 20
9.8025
 10
-6.9171
 20
9.7874
 10
-6.9384
 20
9.7723
 10
-6.9597
 20
9.7572
 10
-6.981
 20
9.742
 10
-7.0022
 20
9.7267
 10
-7.0234
 20
9.7114
 10
-7.0446
 20
9.6961
 10
-7.0657
 20
9.6807
 10
-7.0868
 20
9.6652
 10
-7.1079
 20
9.6498
 10
-7.129
 20
9.6342
 10
-7.15
 20
9.6186
 10
-7.1709
 20
9.603
 10
-7.1919
 20
9.5874
 10
-7.2128
 20
9.5716
 10
-7.2336
 20
9.5559
 10
-7.2544
 20
9.5401
 10
-7.2752
 20
9.5242
 10
-7.296
 20
9.5083
 10
-7.3167
 20
9.4924
 10
-7.3374
 20
9.4764
 10
-7.3581
 20
9.4604
 10
-7.3787
 20
9.4443
 10
-7.3993
 20
9.4282
 10
-7.4198
 20
9.412
 10
-7.4404
 20
9.3958
 10
-7.4608
 20
9.3796
 10
-7.4813
 20
9.3633
 10
-7.5017
 20
9.3469
 10
-7.5221
 20
9.3305
 10
-7.5424
 20
9.3141
 10
-7.5627
 20
9.2976
 10
-7.583
 20
9.2811
 10
-7.6032
 20
9.2645
 10
-7.6234
 20
9.2479
 10
-7.6436
 20
9.2313
 10
-7.6637
 20
9.2146
 10
-7.6838
 20
9.1978
 10
-7.7038
 20
9.181
 10
-7.7238
 20
9.1642
 10
-7.7438
 20
9.1473
 10
-7.7637
 20
9.1304
 10
-7.7836
 20
9.1135
 10
-7.8035
 20
9.0965
 10
-7.8233
 20
9.0794
 10
-7.8431
 20
9.0623
 10
-7.8629
 20
9.0452
 10
-7.8826
 20
9.028
 10
-7.9023
 20
9.0108
 10
-7.9219
 20
8.9935
 10
-7.9415
 20
8.9762
 10
-7.9611
 20
8.9589
 10
-7.9806
 20
8.9415
 10
-8.0001
 20
8.9241
 10
-8.0195
 20
8.9066
 10
-8.0389
 20
8.8891
 10
-8.0583
 20
8.8715
 10
-8.0777
 20
8.8539
 10
-8.0969
 20
8.8363
 10
-8.1162
 20
8.8186
 10
-8.1354
 20
8.8009
 10
-8.1546
 20
8.7831
 10
-8.1738
 20
8.7653
 10
-8.1929
 20
8.7474
 10
-8.2119
 20
8.7295
 10
-8.2309
 20
8.7116
 10
-8.2499
 20
8.6936
 10
-8.2689
 20
8.6756
 10
-8.2878
 20
8.6575
 10
-8.3067
 20
8.6394
 10
-8.3255
 20
8.6213
 10
-8.3443
 20
8.6031
 10
-8.363
 20
8.5849
 10
-8.3817
 20
8.5666
 10
-8.4004
 20
8.5483
 10
-8.419
 20
8.53
 10
-8.4376
 20
8.5116
 10
-8.4562
 20
8.4931
 10
-8.4747
 20
8.4747
 10
-8.4931
 20
8.4562
 10
-8.5116
 20
8.4376
 10
-8.53
 20
8.419
 10
-8.5483
 20
8.4004
 10
-8.5666
 20
8.3817
 10
-8.5849
 20
8.363
 10
-8.6031
 20
8.3443
 10
-8.6213
 20
8.3255
 10
-8.6394
 20
8.3067
 10
-8.6575
 20
8.2878
 10
-8.6756
 20
8.2689
 10
-8.6936
 20
8.2499
 10
-8.7116
 20
8.2309
 10
-8.7295
 20
8.2119
 10
-8.7474
 20
8.1929
 10
-8.7653
 20
8.1738
 10
-8.7831
 20
8.1546
 10
-8.8009
 20
8.1354
 10
-8.8186
 20
8.1162
 10
-8.8363
 20
8.0969
 10
-8.8539
 20
8.0777
 10
-8.8715
 20
8.0583
 10
-8.8891
 20
8.0389
 10
-8.9066
 20
8.0195
 10
-8.9241
 20
8.0001
 10
-8.9415
 20
7.9806
 10
-8.9589
 20
7.9611
 10
-8.9762
 20
7.9415
 10
-8.9935
 20
7.9219
 10
-9.0108
 20
7.9023
 10
-9.028
 20
7.8826
 10
-9.0452
 20
7.8629
 10
-9.0623
 20
7.8431
 10
-9.0794
 20
7.8233
 10
-9.0965
 20
7.8035
 10
-9.1135
 20
7.7836
 10
-9.1304
 20
7.7637
 10
-9.1473
 20
7.7438
 10
-9.1642
 20
7.7238
 10
-9.181
 20
7.7038
 10
-9.1978
 20
7.6838
 10
-9.2146
 20
7.6637
 10
-9.2313
 20
7.6436
 10
-9.2479
 20
7.6234
 10
-9.2645
 20
7.6032
 10
-9.2811
 20
7.583
 10
-9.2976
 20
7.5627
 10
-9.3141
 20
7.5424
 10
-9.3305
 20
7.5221
 10
-9.3469
 20
7.5017
 10
-9.3633
 20
7.4813
 10
-9.3796
 20
7.4608
 10
-9.3958
 20
7.4404
 10
-9.412
 20
7.4198
 10
-9.4282
 20
7.3993
 10
-9.4443
 20
7.3787
 10
-9.4604
 20
7.3581
 10
-9.4764
 20
7.3374
 10
-9.4924
 20
7.3167
 10
-9.5083
 20
7.296
 10
-9.5242
 20
7.2752
 10
-9.5401
 20
7.2544
 10
-9.5559
 20
7.2336
 10
-9.5716
 20
7.2128
 10
-9.5874
 20
7.1919
 10
-9.603
 20
7.1709
 10
-9.6186
 20
7.15
 10
-9.6342
 20
7.129
 10
-9.6498
 20
7.1079
 10
-9.6652
 20
7.0868
 10
-9.6807
 20
7.0657
 10
-9.6961
 20
7.0446
 10
-9.7114
 20
7.0234
 10
-9.7267
 20
7.0022
 10
-9.742
 20
6.981
 10
-9.7572
 20
6.9597
 10
-9.7723
 20
6.9384
 10
-9.7874
 20
6.9171
 10
-9.8025
 20
6.8957
 10
-9.8175
 20
6.8743
 10
-9.8325
 20
6.8529
 10
-9.8474
 20
6.8314
 10
-9.8623
 20
6.8099
 10
-9.8772
 20
6.7884
 10
-9.8919
 20
6.7668
 10
-9.9067
 20
6.7452
 10
-9.9214
 20
6.7236
 10
-9.936
 20
6.7019
 10
-9.9506
 20
6.6802
 10
-9.9652
 20
6.6585
 10
-9.9797
 20
6.6368
 10
-9.9941
 20
6.615
 10
-10.0085
 20
6.5931
 10
-10.0229
 20
6.5713
 10
-10.0372
 20
6.5494
 10
-10.0515
 20
6.5275
 10
-10.0657
 20
6.5056
 10
-10.0799
 20
6.4836
 10
-10.094
 20
6.4616
 10
-10.108
 20
6.4395
 10
-10.1221
 20
6.4175
 10
-10.136
 20
6.3954
 10
-10.15
 20
6.3732
 10
-10.1639
 20
6.3511
 10
-10.1777
 20
6.3289
 10
-10.1915
 20
6.3067
 10
-10.2052
 20
6.2844
 10
-10.2189
 20
6.2621
 10
-10.2325
 20
6.2398
 10
-10.2461
 20
6.2175
 10
-10.2597
 20
6.1951
 10
-10.2732
 20
6.1727
 10
-10.2866
 20
6.1503
 10
-10.3
 20
6.1278
 10
-10.3133
 20
6.1054
 10
-10.3266
 20
6.0828
 10
-10.3399
 20
6.0603
 10
-10.3531
 20
6.0377
 10
-10.3662
 20
6.0151
 10
-10.3793
 20
5.9925
 10
-10.3924
 20
5.9698
 10
-10.4054
 20
5.9472
 10
-10.4183
 20
5.9244
 10
-10.4312
 20
5.9017
 10
-10.4441
 20
5.8789
 10
-10.4569
 20
5.8561
 10
-10.4696
 20
5.8333
 10
-10.4823
 20
5.8104
 10
-10.495
 20
5.7876
 10
-10.5076
 20
5.7647
 10
-10.5201
 20
5.7417
 10
-10.5326
 20
5.7187
 10
-10.5451
 20
5.6958
 10
-10.5575
 20
5.6727
 10
-10.5698
 20
5.6497
 10
-10.5821
 20
5.6266
 10
-10.5944
 20
5.6035
 10
-10.6066
 20
5.5804
 10
-10.6187
 20
5.5572
 10
-10.6308
 20
5.5341
 10
-10.6429
 20
5.5109
 10
-10.6549
 20
5.4876
 10
-10.6668
 20
5.4644
 10
-10.6787
 20
5.4411
 10
-10.6906
 20
5.4178
 10
-10.7024
 20
5.3944
 10
-10.7141
 20
5.3711
 10
-10.7258
 20
5.3477
 10
-10.7374
 20
5.3243
 10
-10.749
 20
5.3008
 10
-10.7606
 20
5.2774
 10
-10.772
 20
5.2539
 10
-10.7835
 20
5.2304
 10
-10.7949
 20
5.2068
 10
-10.8062
 20
5.1833
 10
-10.8175
 20
5.1597
 10
-10.8287
 20
5.1361
 10
-10.8399
 20
5.1124
 10
-10.851
 20
5.0888
 10
-10.8621
 20
5.0651
 10
-10.8731
 20
5.0414
 10
-10.8841
 20
5.0176
 10
-10.895
 20
4.9939
 10
-10.9059
 20
4.9701
 10
-10.9167
 20
4.9463
 10
-10.9275
 20
4.9225
 10
-10.9382
 20
4.8986
 10
-10.9488
 20
4.8747
 10
-10.9595
 20
4.8508
 10
-10.97
 20
4.8269
 10
-10.9805
 20
4.803
 10
-10.991
 20
4.779
 10
-11.0014
 20
4.755
 10
-11.0117
 20
4.731
 10
-11.022
 20
4.707
 10
-11.0323
 20
4.6829
 10
-11.0424
 20
4.6588
 10
-11.0526
 20
4.6347
 10
-11.0627
 20
4.6106
 10
-11.0727
 20
4.5865
 10
-11.0827
 20
4.5623
 10
-11.0926
 20
4.5381
 10
-11.1025
 20
4.5139
 10
-11.1123
 20
4.4897
 10
-11.1221
 20
4.4654
 10
-11.1318
 20
4.4411
 10
-11.1414
 20
4.4168
 10
-11.1511
 20
4.3925
 10
-11.1606
 20
4.3682
 10
-11.1701
 20
4.3438
 10
-11.1796
 20
4.3194
 10
-11.189
 20
4.295
 10
-11.1983
 20
4.2706
 10
-11.2076
 20
4.2462
 10
-11.2168
 20
4.2217
 10
-11.226
 20
4.1972
 10
-11.2351
 20
4.1727
 10
-11.2442
 20
4.1482
 10
-11.2532
 20
4.1237
 10
-11.2622
 20
4.0991
 10
-11.2711
 20
4.0745
 10
-11.28
 20
4.0499
 10
-11.2888
 20
4.0253
 10
-11.2976
 20
4.0007
 10
-11.3063
 20
3.976
 10
-11.3149
 20
3.9513
 10
-11.3235
 20
3.9266
 10
-11.332
 20
3.9019
 10
-11.3405
 20
3.8772
 10
-11.349
 20
3.8525
 10
-11.3573
 20
3.8277
 10
-11.3657
 20
3.8029
 10
-11.3739
 20
3.7781
 10
-11.3821
 20
3.7533
 10
-11.3903
 20
3.7284
 10
-11.3984
 20
3.7036
 10
-11.4065
 20
3.6787
 10
-11.4145
 20
3.6538
 10
-11.4224
 20
3.6289
 10
-11.4303
 20
3.604
 10
-11.4381
 20
3.579
 10
-11.4459
 20
3.5541
 10
-11.4536
 20
3.5291
 10
-11.4613
 20
3.5041
 10
-11.4689
 20
3.4791
 10
-11.4765
 20
3.454
 10
-11.484
 20
3.429
 10
-11.4915
 20
3.4039
 10
-11.4989
 20
3.3788
 10
-11.5062
 20
3.3538
 10
-11.5135
 20
3.3286
 10
-11.5207
 20
3.3035
 10
-11.5279
 20
3.2784
 10
-11.535
 20
3.2532
 10
-11.5421
 20
3.228
 10
-11.5491
 20
3.2029
 10
-11.5561
 20
3.1776
 10
-11.563
 20
3.1524
 10
-11.5698
 20
3.1272
 10
-11.5766
 20
3.1019
 10
-11.5834
 20
3.0767
 10
-11.59
 20
3.0514
 10
-11.5967
 20
3.0261
 10
-11.6032
 20
3.0008
 10
-11.6098
 20
2.9755
 10
-11.6162
 20
2.9501
 10
-11.6226
 20
2.9248
 10
-11.629
 20
2.8994
 10
-11.6353
 20
2.8741
 10
-11.6415
 20
2.8487
 10
-11.6477
 20
2.8233
 10
-11.6539
 20
2.7978
 10
-11.6599
 20
2.7724
 10
-11.666
 20
2.747
 10
-11.6719
 20
2.7215
 10
-11.6778
 20
2.696
 10
-11.6837
 20
2.6706
 10
-11.6895
 20
2.6451
 10
-11.6952
 20
2.6195
 10
-11.7009
 20
2.594
 10
-11.7065
 20
2.5685
 10
-11.7121
 20
2.5429
 10
-11.7176
 20
2.5174
 10
-11.7231
 20
2.4918
 10
-11.7285
 20
2.4662
 10
-11.7339
 20
2.4406
 10
-11.7392
 20
2.415
 10
-11.7444
 20
2.3894
 10
-11.7496
 20
2.3638
 10
-11.7547
 20
2.3382
 10
-11.7598
 20
2.3125
 10
-11.7648
 20
2.2868
 10
-11.7698
 20
2.2612
 10
-11.7747
 20
2.2355
 10
-11.7795
 20
2.2098
 10
-11.7843
 20
2.1841
 10
-11.789
 20
2.1584
 10
-11.7937
 20
2.1327
 10
-11.7984
 20
2.1069
 10
-11.8029
 20
2.0812
 10
-11.8074
 20
2.0554
 10
-11.8119
 20
2.0297
 10
-11.8163
 20
2.0039
 10
-11.8206
 20
1.9781
 10
-11.8249
 20
1.9523
 10
-11.8292
 20
1.9265
 10
-11.8333
 20
1.9007
 10
-11.8374
 20
1.8749
 10
-11.8415
 20
1.849
 10
-11.8455
 20
1.8232
 10
-11.8495
 20
1.7974
 10
-11.8534
 20
1.7715
 10
-11.8572
 20
1.7456
 10
-11.861
 20
1.7198
 10
-11.8647
 20
1.6939
 10
-11.8684
 20
1.668
 10
-11.872
 20
1.6421
 10
-11.8755
 20
1.6162
 10
-11.879
 20
1.5903
 10
-11.8825
 20
1.5644
 10
-11.8859
 20
1.5384
 10
-11.8892
 20
1.5125
 10
-11.8925
 20
1.4866
 10
-11.8957
 20
1.4606
 10
-11.8988
 20
1.4346
 10
-11.9019
 20
1.4087
 10
-11.905
 20
1.3827
 10
-11.908
 20
1.3567
 10
-11.9109
 20
1.3308
 10
-11.9138
 20
1.3048
 10
-11.9166
 20
1.2788
 10
-11.9193
 20
1.2528
 10
-11.922
 20
1.2268
 10
-11.9247
 20
1.2008
 10
-11.9273
 20
1.1747
 10
-11.9298
 20
1.1487
 10
-11.9323
 20
1.1227
 10
-11.9347
 20
1.0966
 10
-11.9371
 20
1.0706
 10
-11.9394
 20
1.0446
 10
-11.9416
 20
1.0185
 10
-11.9438
 20
0.9925
 10
-11.946
 20
0.9664
 10
-11.9481
 20
0.9403
 10
-11.9501
 20
0.9143
 10
-11.952
 20
0.8882
 10
-11.954
 20
0.8621
 10
-11.9558
 20
0.836
 10
-11.9576
 20
0.8099
 10
-11.9593
 20
0.7839
 10
-11.961
 20
0.7578
 10
-11.9626
 20
0.7317
 10
-11.9642
 20
0.7056
 10
-11.9657
 20
0.6795
 10
-11.9672
 20
0.6534
 10
-11.9686
 20
0.6272
 10
-11.9699
 20
0.6011
 10
-11.9712
 20
0.575
 10
-11.9724
 20
0.5489
 10
-11.9736
 20
0.5228
 10
-11.9747
 20
0.4967
 10
-11.9758
 20
0.4705
 10
-11.9768
 20
0.4444
 10
-11.9777
 20
0.4183
 10
-11.9786
 20
0.3921
 10
-11.9794
 20
0.366
 10
-11.9802
 20
0.3399
 10
-11.9809
 20
0.3137
 10
-11.9815
 20
0.2876
 10
-11.9821
 20
0.2615
 10
-11.9827
 20
0.2353
 10
-11.9832
 20
0.2092
 10
-11.9836
 20
0.183
 10
-11.984
 20
0.1569
 10
-11.9843
 20
0.1307
 10
-11.9845
 20
0.1046
 10
-11.9847
 20
0.0784
 10
-11.9849
 20
0.0523
 10
-11.985
 20
0.0261
 10
-11.985
 20
0.0
 10
-11.985
 20
-0.0261
 10
-11.9849
 20
-0.0523
 10
-11.9847
 20
-0.0784
 10
-11.9845
 20
-0.1046
 10
-11.9843
 20
-0.1307
 10
-11.984
 20
-0.1569
 10
-11.9836
 20
-0.183
 10
-11.9832
 20
-0.2092
 10
-11.9827
 20
-0.2353
 10
-11.9821
 20
-0.2615
 10
-11.9815
 20
-0.2876
 10
-11.9809
 20
-0.3137
 10
-11.9802
 20
-0.3399
 10
-11.9794
 20
-0.366
 10
-11.9786
 20
-0.3921
 10
-11.9777
 20
-0.4183
 10
-11.9768
 20
-0.4444
 10
-11.9758
 20
-0.4705
 10
-11.9747
 20
-0.4967
 10
-11.9736
 20
-0.5228
 10
-11.9724
 20
-0.5489
 10
-11.9712
 20
-0.575
 10
-11.9699
 20
-0.6011
 10
-11.9686
 20
-0.6272
 10
-11.9672
 20
-0.6534
 10
-11.9657
 20
-0.6795
 10
-11.9642
 20
-0.7056
 10
-11.9626
 20
-0.7317
 10
-11.961
 20
-0.7578
 10
-11.9593
 20
-0.7839
 10
-11.9576
 20
-0.8099
 10
-11.9558
 20
-0.836
 10
-11.954
 20
-0.8621
 10
-11.952
 20
-0.8882
 10
-11.9501
 20
-0.9143
 10
-11.9481
 20
-0.9403
 10
-11.946
 20
-0.9664
 10
-11.9438
 20
-0.9925
 10
-11.9416
 20
-1.0185
 10
-11.9394
 20
-1.0446
 10
-11.9371
 20
-1.0706
 10
-11.9347
 20
-1.0966
 10
-11.9323
 20
-1.1227
 10
-11.9298
 20
-1.1487
 10
-11.9273
 20
-1.1747
 10
-11.9247
 20
-1.2008
 10
-11.922
 20
-1.2268
 10
-11.9193
 20
-1.2528
 10
-11.9166
 20
-1.2788
 10
-11.9138
 20
-1.3048
 10
-11.9109
 20
-1.3308
 10
-11.908
 20
-1.3567
 10
-11.905
 20
-1.3827
 10
-11.9019
 20
-1.4087
 10
-11.8988
 20
-1.4346
 10
-11.8957
 20
-1.4606
 10
-11.8925
 20
-1.4866
 10
-11.8892
 20
-1.5125
 10
-11.8859
 20
-1.5384
 10
-11.8825
 20
-1.5644
 10
-11.879
 20
-1.5903
 10
-11.8755
 20
-1.6162
 10
-11.872
 20
-1.6421
 10
-11.8684
 20
-1.668
 10
-11.8647
 20
-1.6939
 10
-11.861
 20
-1.7198
 10
-11.8572
 20
-1.7456
 10
-11.8534
 20
-1.7715
 10
-11.8495
 20
-1.7974
 10
-11.8455
 20
-1.8232
 10
-11.8415
 20
-1.849
 10
-11.8374
 20
-1.8749
 10
-11.8333
 20
-1.9007
 10
-11.8292
 20
-1.9265
 10
-11.8249
 20
-1.9523
 10
-11.8206
 20
-1.9781
 10
-11.8163
 20
-2.0039
 10
-11.8119
 20
-2.0297
 10
-11.8074
 20
-2.0554
 10
-11.8029
 20
-2.0812
 10
-11.7984
 20
-2.1069
 10
-11.7937
 20
-2.1327
 10
-11.789
 20
-2.1584
 10
-11.7843
 20
-2.1841
 10
-11.7795
 20
-2.2098
 10
-11.7747
 20
-2.2355
 10
-11.7698
 20
-2.2612
 10
-11.7648
 20
-2.2868
 10
-11.7598
 20
-2.3125
 10
-11.7547
 20
-2.3382
 10
-11.7496
 20
-2.3638
 10
-11.7444
 20
-2.3894
 10
-11.7392
 20
-2.415
 10
-11.7339
 20
-2.4406
 10
-11.7285
 20
-2.4662
 10
-11.7231
 20
-2.4918
 10
-11.7176
 20
-2.5174
 10
-11.7121
 20
-2.5429
 10
-11.7065
 20
-2.5685
 10
-11.7009
 20
-2.594
 10
-11.6952
 20
-2.6195
 10
-11.6895
 20
-2.6451
 10
-11.6837
 20
-2.6706
 10
-11.6778
 20
-2.696
 10
-11.6719
 20
-2.7215
 10
-11.666
 20
-2.747
 10
-11.6599
 20
-2.7724
 10
-11.6539
 20
-2.7978
 10
-11.6477
 20
-2.8233
 10
-11.6415
 20
-2.8487
 10
-11.6353
 20
-2.8741
 10
-11.629
 20
-2.8994
 10
-11.6226
 20
-2.9248
 10
-11.6162
 20
-2.9501
 10
-11.6098
 20
-2.9755
 10
-11.6032
 20
-3.0008
 10
-11.5967
 20
-3.0261
 10
-11.59
 20
-3.0514
 10
-11.5834
 20
-3.0767
 10
-11.5766
 20
-3.1019
 10
-11.5698
 20
-3.1272
 10
-11.563
 20
-3.1524
 10
-11.5561
 20
-3.1776
 10
-11.5491
 20
-3.2029
 10
-11.5421
 20
-3.228
 10
-11.535
 20
-3.2532
 10
-11.5279
 20
-3.2784
 10
-11.5207
 20
-3.3035
 10
-11.5135
 20
-3.3286
 10
-11.5062
 20
-3.3538
 10
-11.4989
 20
-3.3788
 10
-11.4915
 20
-3.4039
 10
-11.484
 20
-3.429
 10
-11.4765
 20
-3.454
 10
-11.4689
 20
-3.4791
 10
-11.4613
 20
-3.5041
 10
-11.4536
 20
-3.5291
 10
-11.4459
 20
-3.5541
 10
-11.4381
 20
-3.579
 10
-11.4303
 20
-3.604
 10
-11.4224
 20
-3.6289
 10
-11.4145
 20
-3.6538
 10
-11.4065
 20
-3.6787
 10
-11.3984
 20
-3.7036
 10
-11.3903
 20
-3.7284
 10
-11.3821
 20
-3.7533
 10
-11.3739
 20
-3.7781
 10
-11.3657
 20
-3.8029
 10
-11.3573
 20
-3.8277
 10
-11.349
 20
-3.8525
 10
-11.3405
 20
-3.8772
 10
-11.332
 20
-3.9019
 10
-11.3235
 20
-3.9266
 10
-11.3149
 20
-3.9513
 10
-11.3063
 20
-3.976
 10
-11.2976
 20
-4.0007
 10
-11.2888
 20
-4.0253
 10
-11.28
 20
-4.0499
 10
-11.2711
 20
-4.0745
 10
-11.2622
 20
-4.0991
 10
-11.2532
 20
-4.1237
 10
-11.2442
 20
-4.1482
 10
-11.2351
 20
-4.1727
 10
-11.226
 20
-4.1972
 10
-11.2168
 20
-4.2217
 10
-11.2076
 20
-4.2462
 10
-11.1983
 20
-4.2706
 10
-11.189
 20
-4.295
 10
-11.1796
 20
-4.3194
 10
-11.1701
 20
-4.3438
 10
-11.1606
 20
-4.3682
 10
-11.1511
 20
-4.3925
 10
-11.1414
 20
-4.4168
 10
-11.1318
 20
-4.4411
 10
-11.1221
 20
-4.4654
 10
-11.1123
 20
-4.4897
 10
-11.1025
 20
-4.5139
 10
-11.0926
 20
-4.5381
 10
-11.0827
 20
-4.5623
 10
-11.0727
 20
-4.5865
 10
-11.0627
 20
-4.6106
 10
-11.0526
 20
-4.6347
 10
-11.0424
 20
-4.6588
 10
-11.0323
 20
-4.6829
 10
-11.022
 20
-4.707
 10
-11.0117
 20
-4.731
 10
-11.0014
 20
-4.755
 10
-10.991
 20
-4.779
 10
-10.9805
 20
-4.803
 10
-10.97
 20
-4.8269
 10
-10.9595
 20
-4.8508
 10
-10.9488
 20
-4.8747
 10
-10.9382
 20
-4.8986
 10
-10.9275
 20
-4.9225
 10
-10.9167
 20
-4.9463
 10
-10.9059
 20
-4.9701
 10
-10.895
 20
-4.9939
 10
-10.8841
 20
-5.0176
 10
-10.8731
 20
-5.0414
 10
-10.8621
 20
-5.0651
 10
-10.851
 20
-5.0888
 10
-10.8399
 20
-5.1124
 10
-10.8287
 20
-5.1361
 10
-10.8175
 20
-5.1597
 10
-10.8062
 20
-5.1833
 10
-10.7949
 20
-5.2068
 10
-10.7835
 20
-5.2304
 10
-10.772
 20
-5.2539
 10
-10.7606
 20
-5.2774
 10
-10.749
 20
-5.3008
 10
-10.7374
 20
-5.3243
 10
-10.7258
 20
-5.3477
 10
-10.7141
 20
-5.3711
 10
-10.7024
 20
-5.3944
 10
-10.6906
 20
-5.4178
 10
-10.6787
 20
-5.4411
 10
-10.6668
 20
-5.4644
 10
-10.6549
 20
-5.4876
 10
-10.6429
 20
-5.5109
 10
-10.6308
 20
-5.5341
 10
-10.6187
 20
-5.5572
 10
-10.6066
 20
-5.5804
 10
-10.5944
 20
-5.6035
 10
-10.5821
 20
-5.6266
 10
-10.5698
 20
-5.6497
 10
-10.5575
 20
-5.6727
 10
-10.5451
 20
-5.6958
 10
-10.5326
 20
-5.7187
 10
-10.5201
 20
-5.7417
 10
-10.5076
 20
-5.7647
 10
-10.495
 20
-5.7876
 10
-10.4823
 20
-5.8104
 10
-10.4696
 20
-5.8333
 10
-10.4569
 20
-5.8561
 10
-10.4441
 20
-5.8789
 10
-10.4312
 20
-5.9017
 10
-10.4183
 20
-5.9244
 10
-10.4054
 20
-5.9472
 10
-10.3924
 20
-5.9698
 10
-10.3793
 20
-5.9925
 10
-10.3662
 20
-6.0151
 10
-10.3531
 20
-6.0377
 10
-10.3399
 20
-6.0603
 10
-10.3266
 20
-6.0828
 10
-10.3133
 20
-6.1054
 10
-10.3
 20
-6.1278
 10
-10.2866
 20
-6.1503
 10
-10.2732
 20
-6.1727
 10
-10.2597
 20
-6.1951
 10
-10.2461
 20
-6.2175
 10
-10.2325
 20
-6.2398
 10
-10.2189
 20
-6.2621
 10
-10.2052
 20
-6.2844
 10
-10.1915
 20
-6.3067
 10
-10.1777
 20
-6.3289
 10
-10.1639
 20
-6.3511
 10
-10.15
 20
-6.3732
 10
-10.136
 20
-6.3954
 10
-10.1221
 20
-6.4175
 10
-10.108
 20
-6.4395
 10
-10.094
 20
-6.4616
 10
-10.0799
 20
-6.4836
 10
-10.0657
 20
-6.5056
 10
-10.0515
 20
-6.5275
 10
-10.0372
 20
-6.5494
 10
-10.0229
 20
-6.5713
 10
-10.0085
 20
-6.5931
 10
-9.9941
 20
-6.615
 10
-9.9797
 20
-6.6368
 10
-9.9652
 20
-6.6585
 10
-9.9506
 20
-6.6802
 10
-9.936
 20
-6.7019
 10
-9.9214
 20
-6.7236
 10
-9.9067
 20
-6.7452
 10
-9.8919
 20
-6.7668
 10
-9.8772
 20
-6.7884
 10
-9.8623
 20
-6.8099
 10
-9.8474
 20
-6.8314
 10
-9.8325
 20
-6.8529
 10
-9.8175
 20
-6.8743
 10
-9.8025
 20
-6.8957
 10
-9.7874
 20
-6.9171
 10
-9.7723
 20
-6.9384
 10
-9.7572
 20
-6.9597
 10
-9.742
 20
-6.981
 10
-9.7267
 20
-7.0022
 10
-9.7114
 20
-7.0234
 10
-9.6961
 20
-7.0446
 10
-9.6807
 20
-7.0657
 10
-9.6652
 20
-7.0868
 10
-9.6498
 20
-7.1079
 10
-9.6342
 20
-7.129
 10
-9.6186
 20
-7.15
 10
-9.603
 20
-7.1709
 10
-9.5874
 20
-7.1919
 10
-9.5716
 20
-7.2128
 10
-9.5559
 20
-7.2336
 10
-9.5401
 20
-7.2544
 10
-9.5242
 20
-7.2752
 10
-9.5083
 20
-7.296
 10
-9.4924
 20
-7.3167
 10
-9.4764
 20
-7.3374
 10
-9.4604
 20
-7.3581
 10
-9.4443
 20
-7.3787
 10
-9.4282
 20
-7.3993
 10
-9.412
 20
-7.4198
 10
-9.3958
 20
-7.4404
 10
-9.3796
 20
-7.4608
 10
-9.3633
 20
-7.4813
 10
-9.3469
 20
-7.5017
 10
-9.3305
 20
-7.5221
 10
-9.3141
 20
-7.5424
 10
-9.2976
 20
-7.5627
 10
-9.2811
 20
-7.583
 10
-9.2645
 20
-7.6032
 10
-9.2479
 20
-7.6234
 10
-9.2313
 20
-7.6436
 10
-9.2146
 20
-7.6637
 10
-9.1978
 20
-7.6838
 10
-9.181
 20
-7.7038
 10
-9.1642
 20
-7.7238
 10
-9.1473
 20
-7.7438
 10
-9.1304
 20
-7.7637
 10
-9.1135
 20
-7.7836
 10
-9.0965
 20
-7.8035
 10
-9.0794
 20
-7.8233
 10
-9.0623
 20
-7.8431
 10
-9.0452
 20
-7.8629
 10
-9.028
 20
-7.8826
 10
-9.0108
 20
-7.9023
 10
-8.9935
 20
-7.9219
 10
-8.9762
 20
-7.9415
 10
-8.9589
 20
-7.9611
 10
-8.9415
 20
-7.9806
 10
-8.9241
 20
-8.0001
 10
-8.9066
 20
-8.0195
 10
-8.8891
 20
-8.0389
 10
-8.8715
 20
-8.0583
 10
-8.8539
 20
-8.0777
 10
-8.8363
 20
-8.0969
 10
-8.8186
 20
-8.1162
 10
-8.8009
 20
-8.1354
 10
-8.7831
 20
-8.1546
 10
-8.7653
 20
-8.1738
 10
-8.7474
 20
-8.1929
 10
-8.7295
 20
-8.2119
 10
-8.7116
 20
-8.2309
 10
-8.6936
 20
-8.2499
 10
-8.6756
 20
-8.2689
 10
-8.6575
 20
-8.2878
 10
-8.6394
 20
-8.3067
 10
-8.6213
 20
-8.3255
 10
-8.6031
 20
-8.3443
 10
-8.5849
 20
-8.363
 10
-8.5666
 20
-8.3817
 10
-8.5483
 20
-8.4004
 10
-8.53
 20
-8.419
 10
-8.5116
 20
-8.4376
 10
-8.4931
 20
-8.4562
 10
-8.4747
 20
-8.4747
 10
-8.4562
 20
-8.4931
 10
-8.4376
 20
-8.5116
 10
-8.419
 20
-8.53
 10
-8.4004
 20
-8.5483
 10
-8.3817
 20
-8.5666
 10
-8.363
 20
-8.5849
 10
-8.3443
 20
-8.6031
 10
-8.3255
 20
-8.6213
 10
-8.3067
 20
-8.6394
 10
-8.2878
 20
-8.6575
 10
-8.2689
 20
-8.6756
 10
-8.2499
 20
-8.6936
 10
-8.2309
 20
-8.7116
 10
-8.2119
 20
-8.7295
 10
-8.1929
 20
-8.7474
 10
-8.1738
 20
-8.7653
 10
-8.1546
 20
-8.7831
 10
-8.1354
 20
-8.8009
 10
-8.1162
 20
-8.8186
 10
-8.0969
 20
-8.8363
 10
-8.0777
 20
-8.8539
 10
-8.0583
 20
-8.8715
 10
-8.0389
 20
-8.8891
 10
-8.0195
 20
-8.9066
 10
-8.0001
 20
-8.9241
 10
-7.9806
 20
-8.9415
 10
-7.9611
 20
-8.9589
 10
-7.9415
 20
-8.9762
 10
-7.9219
 20
-8.9935
 10
-7.9023
 20
-9.0108
 10
-7.8826
 20
-9.028
 10
-7.8629
 20
-9.0452
 10
-7.8431
 20
-9.0623
 10
-7.8233
 20
-9.0794
 10
-7.8035
 20
-9.0965
 10
-7.7836
 20
-9.1135
 10
-7.7637
 20
-9.1304
 10
-7.7438
 20
-9.1473
 10
-7.7238
 20
-9.1642
 10
-7.7038
 20
-9.181
 10
-7.6838
 20
-9.1978
 10
-7.6637
 20
-9.2146
 10
-7.6436
 20
-9.2313
 10
-7.6234
 20
-9.2479
 10
-7.6032
 20
-9.2645
 10
-7.583
 20
-9.2811
 10
-7.5627
 20
-9.2976
 10
-7.5424
 20
-9.3141
 10
-7.5221
 20
-9.3305
 10
-7.5017
 20
-9.3469
 10
-7.4813
 20
-9.3633
 10
-7.4608
 20
-9.3796
 10
-7.4404
 20
-9.3958
 10
-7.4198
 20
-9.412
 10
-7.3993
 20
-9.4282
 10
-7.3787
 20
-9.4443
 10
-7.3581
 20
-9.4604
 10
-7.3374
 20
-9.4764
 10
-7.3167
 20
-9.4924
 10
-7.296
 20
-9.5083
 10
-7.2752
 20
-9.5242
 10
-7.2544
 20
-9.5401
 10
-7.2336
 20
-9.5559
 10
-7.2128
 20
-9.5716
 10
-7.1919
 20
-9.5874
 10
-7.1709
 20
-9.603
 10
-7.15
 20
-9.6186
 10
-7.129
 20
-9.6342
 10
-7.1079
 20
-9.6498
 10
-7.0868
 20
-9.6652
 10
-7.0657
 20
-9.6807
 10
-7.0446
 20
-9.6961
 10
-7.0234
 20
-9.7114
 10
-7.0022
 20
-9.7267
 10
-6.981
 20
-9.742
 10
-6.9597
 20
-9.7572
 10
-6.9384
 20
-9.7723
 10
-6.9171
 20
-9.7874
 10
-6.8957
 20
-9.8025
 10
-6.8743
 20
-9.8175
 10
-6.8529
 20
-9.8325
 10
-6.8314
 20
-9.8474
 10
-6.8099
 20
-9.8623
 10
-6.7884
 20
-9.8772
 10
-6.7668
 20
-9.8919
 10
-6.7452
 20
-9.9067
 10
-6.7236
 20
-9.9214
 10
-6.7019
 20
-9.936
 10
-6.6802
 20
-9.9506
 10
-6.6585
 20
-9.9652
 10
-6.6368
 20
-9.9797
 10
-6.615
 20
-9.9941
 10
-6.5931
 20
-10.0085
 10
-6.5713
 20
-10.0229
 10
-6.5494
 20
-10.0372
 10
-6.5275
 20
-10.0515
 10
-6.5056
 20
-10.0657
 10
-6.4836
 20
-10.0799
 10
-6.4616
 20
-10.094
 10
-6.4395
 20
-10.108
 10
-6.4175
 20
-10.1221
 10
-6.3954
 20
-10.136
 10
-6.3732
 20
-10.15
 10
-6.3511
 20
-10.1639
 10
-6.3289
 20
-10.1777
 10
-6.3067
 20
-10.1915
 10
-6.2844
 20
-10.2052
 10
-6.2621
 20
-10.2189
 10
-6.2398
 20
-10.2325
 10
-6.2175
 20
-10.2461
 10
-6.1951
 20
-10.2597
 10
-6.1727
 20
-10.2732
 10
-6.1503
 20
-10.2866
 10
-6.1278
 20
-10.3
 10
-6.1054
 20
-10.3133
 10
-6.0828
 20
-10.3266
 10
-6.0603
 20
-10.3399
 10
-6.0377
 20
-10.3531
 10
-6.0151
 20
-10.3662
 10
-5.9925
 20
-10.3793
 10
-5.9698
 20
-10.3924
 10
-5.9472
 20
-10.4054
 10
-5.9244
 20
-10.4183
 10
-5.9017
 20
-10.4312
 10
-5.8789
 20
-10.4441
 10
-5.8561
 20
-10.4569
 10
-5.8333
 20
-10.4696
 10
-5.8104
 20
-10.4823
 10
-5.7876
 20
-10.495
 10
-5.7647
 20
-10.5076
 10
-5.7417
 20
-10.5201
 10
-5.7187
 20
-10.5326
 10
-5.6958
 20
-10.5451
 10
-5.6727
 20
-10.5575
 10
-5.6497
 20
-10.5698
 10
-5.6266
 20
-10.5821
 10
-5.6035
 20
-10.5944
 10
-5.5804
 20
-10.6066
 10
-5.5572
 20
-10.6187
 10
-5.5341
 20
-10.6308
 10
-5.5109
 20
-10.6429
 10
-5.4876
 20
-10.6549
 10
-5.4644
 20
-10.6668
 10
-5.4411
 20
-10.6787
 10
-5.4178
 20
-10.6906
 10
-5.3944
 20
-10.7024
 10
-5.3711
 20
-10.7141
 10
-5.3477
 20
-10.7258
 10
-5.3243
 20
-10.7374
 10
-5.3008
 20
-10.749
 10
-5.2774
 20
-10.7606
 10
-5.2539
 20
-10.772
 10
-5.2304
 20
-10.7835
 10
-5.2068
 20
-10.7949
 10
-5.1833
 20
-10.8062
 10
-5.1597
 20
-10.8175
 10
-5.1361
 20
-10.8287
 10
-5.1124
 20
-10.8399
 10
-5.0888
 20
-10.851
 10
-5.0651
 20
-10.8621
 10
-5.0414
 20
-10.8731
 10
-5.0176
 20
-10.8841
 10
-4.9939
 20
-10.895
 10
-4.9701
 20
-10.9059
 10
-4.9463
 20
-10.9167
 10
-4.9225
 20
-10.9275
 10
-4.8986
 20
-10.9382
 10
-4.8747
 20
-10.9488
 10
-4.8508
 20
-10.9595
 10
-4.8269
 20
-10.97
 10
-4.803
 20
-10.9805
 10
-4.779
 20
-10.991
 10
-4.755
 20
-11.0014
 10
-4.731
 20
-11.0117
 10
-4.707
 20
-11.022
 10
-4.6829
 20
-11.0323
 10
-4.6588
 20
-11.0424
 10
-4.6347
 20
-11.0526
 10
-4.6106
 20
-11.0627
 10
-4.5865
 20
-11.0727
 10
-4.5623
 20
-11.0827
 10
-4.5381
 20
-11.0926
 10
-4.5139
 20
-11.1025
 10
-4.4897
 20
-11.1123
 10
-4.4654
 20
-11.1221
 10
-4.4411
 20
-11.1318
 10
-4.4168
 20
-11.1414
 10
-4.3925
 20
-11.1511
 10
-4.3682
 20
-11.1606
 10
-4.3438
 20
-11.1701
 10
-4.3194
 20
-11.1796
 10
-4.295
 20
-11.189
 10
-4.2706
 20
-11.1983
 10
-4.2462
 20
-11.2076
 10
-4.2217
 20
-11.2168
 10
-4.1972
 20
-11.226
 10
-4.1727
 20
-11.2351
 10
-4.1482
 20
-11.2442
 10
-4.1237
 20
-11.2532
 10
-4.0991
 20
-11.2622
 10
-4.0745
 20
-11.2711
 10
-4.0499
 20
-11.28
 10
-4.0253
 20
-11.2888
 10
-4.0007
 20
-11.2976
 10
-3.976
 20
-11.3063
 10
-3.9513
 20
-11.3149
 10
-3.9266
 20
-11.3235
 10
-3.9019
 20
-11.332
 10
-3.8772
 20
-11.3405
 10
-3.8525
 20
-11.349
 10
-3.8277
 20
-11.3573
 10
-3.8029
 20
-11.3657
 10
-3.7781
 20
-11.3739
 10
-3.7533
 20
-11.3821
 10
-3.7284
 20
-11.3903
 10
-3.7036
 20
-11.3984
 10
-3.6787
 20
-11.4065
 10
-3.6538
 20
-11.4145
 10
-3.6289
 20
-11.4224
 10
-3.604
 20
-11.4303
 10
-3.579
 20
-11.4381
 10
-3.5541
 20
-11.4459
 10
-3.5291
 20
-11.4536
 10
-3.5041
 20
-11.4613
 10
-3.4791
 20
-11.4689
 10
-3.454
 20
-11.4765
 10
-3.429
 20
-11.484
 10
-3.4039
 20
-11.4915
 10
-3.3788
 20
-11.4989
 10
-3.3538
 20
-11.5062
 10
-3.3286
 20
-11.5135
 10
-3.3035
 20
-11.5207
 10
-3.2784
 20
-11.5279
 10
-3.2532
 20
-11.535
 10
-3.228
 20
-11.5421
 10
-3.2029
 20
-11.5491
 10
-3.1776
 20
-11.5561
 10
-3.1524
 20
-11.563
 10
-3.1272
 20
-11.5698
 10
-3.1019
 20
-11.5766
 10
-3.0767
 20
-11.5834
 10
-3.0514
 20
-11.59
 10
-3.0261
 20
-11.5967
 10
-3.0008
 20
-11.6032
 10
-2.9755
 20
-11.6098
 10
-2.9501
 20
-11.6162
 10
-2.9248
 20
-11.6226
 10
-2.8994
 20
-11.629
 10
-2.8741
 20
-11.6353
 10
-2.8487
 20
-11.6415
 10
-2.8233
 20
-11.6477
 10
-2.7978
 20
-11.6539
 10
-2.7724
 20
-11.6599
 10
-2.747
 20
-11.666
 10
-2.7215
 20
-11.6719
 10
-2.696
 20
-11.6778
 10
-2.6706
 20
-11.6837
 10
-2.6451
 20
-11.6895
 10
-2.6195
 20
-11.6952
 10
-2.594
 20
-11.7009
 10
-2.5685
 20
-11.7065
 10
-2.5429
 20
-11.7121
 10
-2.5174
 20
-11.7176
 10
-2.4918
 20
-11.7231
 10
-2.4662
 20
-11.7285
 10
-2.4406
 20
-11.7339
 10
-2.415
 20
-11.7392
 10
-2.3894
 20
-11.7444
 10
-2.3638
 20
-11.7496
 10
-2.3382
 20
-11.7547
 10
-2.3125
 20
-11.7598
 10
-2.2868
 20
-11.7648
 10
-2.2612
 20
-11.7698
 10
-2.2355
 20
-11.7747
 10
-2.2098
 20
-11.7795
 10
-2.1841
 20
-11.7843
 10
-2.1584
 20
-11.789
 10
-2.1327
 20
-11.7937
 10
-2.1069
 20
-11.7984
 10
-2.0812
 20
-11.8029
 10
-2.0554
 20
-11.8074
 10
-2.0297
 20
-11.8119
 10
-2.0039
 20
-11.8163
 10
-1.9781
 20
-11.8206
 10
-1.9523
 20
-11.8249
 10
-1.9265
 20
-11.8292
 10
-1.9007
 20
-11.8333
 10
-1.8749
 20
-11.8374
 10
-1.849
 20
-11.8415
 10
-1.8232
 20
-11.8455
 10
-1.7974
 20
-11.8495
 10
-1.7715
 20
-11.8534
 10
-1.7456
 20
-11.8572
 10
-1.7198
 20
-11.861
 10
-1.6939
 20
-11.8647
 10
-1.668
 20
-11.8684
 10
-1.6421
 20
-11.872
 10
-1.6162
 20
-11.8755
 10
-1.5903
 20
-11.879
 10
-1.5644
 20
-11.8825
 10
-1.5384
 20
-11.8859
 10
-1.5125
 20
-11.8892
 10
-1.4866
 20
-11.8925
 10
-1.4606
 20
-11.8957
 10
-1.4346
 20
-11.8988
 10
-1.4087
 20
-11.9019
 10
-1.3827
 20
-11.905
 10
-1.3567
 20
-11.908
 10
-1.3308
 20
-11.9109
 10
-1.3048
 20
-11.9138
 10
-1.2788
 20
-11.9166
 10
-1.2528
 20
-11.9193
 10
-1.2268
 20
-11.922
 10
-1.2008
 20
-11.9247
 10
-1.1747
 20
-11.9273
 10
-1.1487
 20
-11.9298
 10
-1.1227
 20
-11.9323
 10
-1.0966
 20
-11.9347
 10
-1.0706
 20
-11.9371
 10
-1.0446
 20
-11.9394
 10
-1.0185
 20
-11.9416
 10
-0.9925
 20
-11.9438
 10
-0.9664
 20
-11.946
 10
-0.9403
 20
-11.9481
 10
-0.9143
 20
-11.9501
 10
-0.8882
 20
-11.952
 10
-0.8621
 20
-11.954
 10
-0.836
 20
-11.9558
 10
-0.8099
 20
-11.9576
 10
-0.7839
 20
-11.9593
 10
-0.7578
 20
-11.961
 10
-0.7317
 20
-11.9626
 10
-0.7056
 20
-11.9642
 10
-0.6795
 20
-11.9657
 10
-0.6534
 20
-11.9672
 10
-0.6272
 20
-11.9686
 10
-0.6011
 20
-11.9699
 10
-0.575
 20
-11.9712
 10
-0.5489
 20
-11.9724
 10
-0.5228
 20
-11.9736
 10
-0.4967
 20
-11.9747
 10
-0.4705
 20
-11.9758
 10
-0.4444
 20
-11.9768
 10
-0.4183
 20
-11.9777
 10
-0.3921
 20
-11.9786
 10
-0.366
 20
-11.9794
 10
-0.3399
 20
-11.9802
 10
-0.3137
 20
-11.9809
 10
-0.2876
 20
-11.9815
 10
-0.2615
 20
-11.9821
 10
-0.2353
 20
-11.9827
 10
-0.2092
 20
-11.9832
 10
-0.183
 20
-11.9836
 10
-0.1569
 20
-11.984
 10
-0.1307
 20
-11.9843
 10
-0.1046
 20
-11.9845
 10
-0.0784
 20
-11.9847
 10
-0.0523
 20
-11.9849
 10
-0.0261
 20
-11.985
 10
0.0
 20
-11.985
 10
0.0261
 20
-11.985
 10
0.0523
 20
-11.9849
 10
0.0784
 20
-11.9847
 10
0.1046
 20
-11.9845
 10
0.1307
 20
-11.9843
 10
0.1569
 20
-11.984
 10
0.183
 20
-11.9836
 10
0.2092
 20
-11.9832
 10
0.2353
 20
-11.9827
 10
0.2615
 20
-11.9821
 10
0.2876
 20
-11.9815
 10
0.3137
 20
-11.9809
 10
0.3399
 20
-11.9802
 10
0.366
 20
-11.9794
 10
0.3921
 20
-11.9786
 10
0.4183
 20
-11.9777
 10
0.4444
 20
-11.9768
 10
0.4705
 20
-11.9758
 10
0.4967
 20
-11.9747
 10
0.5228
 20
-11.9736
 10
0.5489
 20
-11.9724
 10
0.575
 20
-11.9712
 10
0.6011
 20
-11.9699
 10
0.6272
 20
-11.9686
 10
0.6534
 20
-11.9672
 10
0.6795
 20
-11.9657
 10
0.7056
 20
-11.9642
 10
0.7317
 20
-11.9626
 10
0.7578
 20
-11.961
 10
0.7839
 20
-11.9593
 10
0.8099
 20
-11.9576
 10
0.836
 20
-11.9558
 10
0.8621
 20
-11.954
 10
0.8882
 20
-11.952
 10
0.9143
 20
-11.9501
 10
0.9403
 20
-11.9481
 10
0.9664
 20
-11.946
 10
0.9925
 20
-11.9438
 10
1.0185
 20
-11.9416
 10
1.0446
 20
-11.9394
 10
1.0706
 20
-11.9371
 10
1.0966
 20
-11.9347
 10
1.1227
 20
-11.9323
 10
1.1487
 20
-11.9298
 10
1.1747
 20
-11.9273
 10
1.2008
 20
-11.9247
 10
1.2268
 20
-11.922
 10
1.2528
 20
-11.9193
 10
1.2788
 20
-11.9166
 10
1.3048
 20
-11.9138
 10
1.3308
 20
-11.9109
 10
1.3567
 20
-11.908
 10
1.3827
 20
-11.905
 10
1.4087
 20
-11.9019
 10
1.4346
 20
-11.8988
 10
1.4606
 20
-11.8957
 10
1.4866
 20
-11.8925
 10
1.5125
 20
-11.8892
 10
1.5384
 20
-11.8859
 10
1.5644
 20
-11.8825
 10
1.5903
 20
-11.879
 10
1.6162
 20
-11.8755
 10
1.6421
 20
-11.872
 10
1.668
 20
-11.8684
 10
1.6939
 20
-11.8647
 10
1.7198
 20
-11.861
 10
1.7456
 20
-11.8572
 10
1.7715
 20
-11.8534
 10
1.7974
 20
-11.8495
 10
1.8232
 20
-11.8455
 10
1.849
 20
-11.8415
 10
1.8749
 20
-11.8374
 10
1.9007
 20
-11.8333
 10
1.9265
 20
-11.8292
 10
1.9523
 20
-11.8249
 10
1.9781
 20
-11.8206
 10
2.0039
 20
-11.8163
 10
2.0297
 20
-11.8119
 10
2.0554
 20
-11.8074
 10
2.0812
 20
-11.8029
 10
2.1069
 20
-11.7984
 10
2.1327
 20
-11.7937
 10
2.1584
 20
-11.789
 10
2.1841
 20
-11.7843
 10
2.2098
 20
-11.7795
 10
2.2355
 20
-11.7747
 10
2.2612
 20
-11.7698
 10
2.2868
 20
-11.7648
 10
2.3125
 20
-11.7598
 10
2.3382
 20
-11.7547
 10
2.3638
 20
-11.7496
 10
2.3894
 20
-11.7444
 10
2.415
 20
-11.7392
 10
2.4406
 20
-11.7339
 10
2.4662
 20
-11.7285
 10
2.4918
 20
-11.7231
 10
2.5174
 20
-11.7176
 10
2.5429
 20
-11.7121
 10
2.5685
 20
-11.7065
 10
2.594
 20
-11.7009
 10
2.6195
 20
-11.6952
 10
2.6451
 20
-11.6895
 10
2.6706
 20
-11.6837
 10
2.696
 20
-11.6778
 10
2.7215
 20
-11.6719
 10
2.747
 20
-11.666
 10
2.7724
 20
-11.6599
 10
2.7978
 20
-11.6539
 10
2.8233
 20
-11.6477
 10
2.8487
 20
-11.6415
 10
2.8741
 20
-11.6353
 10
2.8994
 20
-11.629
 10
2.9248
 20
-11.6226
 10
2.9501
 20
-11.6162
 10
2.9755
 20
-11.6098
 10
3.0008
 20
-11.6032
 10
3.0261
 20
-11.5967
 10
3.0514
 20
-11.59
 10
3.0767
 20
-11.5834
 10
3.1019
 20
-11.5766
 10
3.1272
 20
-11.5698
 10
3.1524
 20
-11.563
 10
3.1776
 20
-11.5561
 10
3.2029
 20
-11.5491
 10
3.228
 20
-11.5421
 10
3.2532
 20
-11.535
 10
3.2784
 20
-11.5279
 10
3.3035
 20
-11.5207
 10
3.3286
 20
-11.5135
 10
3.3538
 20
-11.5062
 10
3.3788
 20
-11.4989
 10
3.4039
 20
-11.4915
 10
3.429
 20
-11.484
 10
3.454
 20
-11.4765
 10
3.4791
 20
-11.4689
 10
3.5041
 20
-11.4613
 10
3.5291
 20
-11.4536
 10
3.5541
 20
-11.4459
 10
3.579
 20
-11.4381
 10
3.604
 20
-11.4303
 10
3.6289
 20
-11.4224
 10
3.6538
 20
-11.4145
 10
3.6787
 20
-11.4065
 10
3.7036
 20
-11.3984
 10
3.7284
 20
-11.3903
 10
3.7533
 20
-11.3821
 10
3.7781
 20
-11.3739
 10
3.8029
 20
-11.3657
 10
3.8277
 20
-11.3573
 10
3.8525
 20
-11.349
 10
3.8772
 20
-11.3405
 10
3.9019
 20
-11.332
 10
3.9266
 20
-11.3235
 10
3.9513
 20
-11.3149
 10
3.976
 20
-11.3063
 10
4.0007
 20
-11.2976
 10
4.0253
 20
-11.2888
 10
4.0499
 20
-11.28
 10
4.0745
 20
-11.2711
 10
4.0991
 20
-11.2622
 10
4.1237
 20
-11.2532
 10
4.1482
 20
-11.2442
 10
4.1727
 20
-11.2351
 10
4.1972
 20
-11.226
 10
4.2217
 20
-11.2168
 10
4.2462
 20
-11.2076
 10
4.2706
 20
-11.1983
 10
4.295
 20
-11.189
 10
4.3194
 20
-11.1796
 10
4.3438
 20
-11.1701
 10
4.3682
 20
-11.1606
 10
4.3925
 20
-11.1511
 10
4.4168
 20
-11.1414
 10
4.4411
 20
-11.1318
 10
4.4654
 20
-11.1221
 10
4.4897
 20
-11.1123
 10
4.5139
 20
-11.1025
 10
4.5381
 20
-11.0926
 10
4.5623
 20
-11.0827
 10
4.5865
 20
-11.0727
 10
4.6106
 20
-11.0627
 10
4.6347
 20
-11.0526
 10
4.6588
 20
-11.0424
 10
4.6829
 20
-11.0323
 10
4.707
 20
-11.022
 10
4.731
 20
-11.0117
 10
4.755
 20
-11.0014
 10
4.779
 20
-10.991
 10
4.803
 20
-10.9805
 10
4.8269
 20
-10.97
 10
4.8508
 20
-10.9595
 10
4.8747
 20
-10.9488
 10
4.8986
 20
-10.9382
 10
4.9225
 20
-10.9275
 10
4.9463
 20
-10.9167
 10
4.9701
 20
-10.9059
 10
4.9939
 20
-10.895
 10
5.0176
 20
-10.8841
 10
5.0414
 20
-10.8731
 10
5.0651
 20
-10.8621
 10
5.0888
 20
-10.851
 10
5.1124
 20
-10.8399
 10
5.1361
 20
-10.8287
 10
5.1597
 20
-10.8175
 10
5.1833
 20
-10.8062
 10
5.2068
 20
-10.7949
 10
5.2304
 20
-10.7835
 10
5.2539
 20
-10.772
 10
5.2774
 20
-10.7606
 10
5.3008
 20
-10.749
 10
5.3243
 20
-10.7374
 10
5.3477
 20
-10.7258
 10
5.3711
 20
-10.7141
 10
5.3944
 20
-10.7024
 10
5.4178
 20
-10.6906
 10
5.4411
 20
-10.6787
 10
5.4644
 20
-10.6668
 10
5.4876
 20
-10.6549
 10
5.5109
 20
-10.6429
 10
5.5341
 20
-10.6308
 10
5.5572
 20
-10.6187
 10
5.5804
 20
-10.6066
 10
5.6035
 20
-10.5944
 10
5.6266
 20
-10.5821
 10
5.6497
 20
-10.5698
 10
5.6727
 20
-10.5575
 10
5.6958
 20
-10.5451
 10
5.7187
 20
-10.5326
 10
5.7417
 20
-10.5201
 10
5.7647
 20
-10.5076
 10
5.7876
 20
-10.495
 10
5.8104
 20
-10.4823
 10
5.8333
 20
-10.4696
 10
5.8561
 20
-10.4569
 10
5.8789
 20
-10.4441
 10
5.9017
 20
-10.4312
 10
5.9244
 20
-10.4183
 10
5.9472
 20
-10.4054
 10
5.9698
 20
-10.3924
 10
5.9925
 20
-10.3793
 10
6.0151
 20
-10.3662
 10
6.0377
 20
-10.3531
 10
6.0603
 20
-10.3399
 10
6.0828
 20
-10.3266
 10
6.1054
 20
-10.3133
 10
6.1278
 20
-10.3
 10
6.1503
 20
-10.2866
 10
6.1727
 20
-10.2732
 10
6.1951
 20
-10.2597
 10
6.2175
 20
-10.2461
 10
6.2398
 20
-10.2325
 10
6.2621
 20
-10.2189
 10
6.2844
 20
-10.2052
 10
6.3067
 20
-10.1915
 10
6.3289
 20
-10.1777
 10
6.3511
 20
-10.1639
 10
6.3732
 20
-10.15
 10
6.3954
 20
-10.136
 10
6.4175
 20
-10.1221
 10
6.4395
 20
-10.108
 10
6.4616
 20
-10.094
 10
6.4836
 20
-10.0799
 10
6.5056
 20
-10.0657
 10
6.5275
 20
-10.0515
 10
6.5494
 20
-10.0372
 10
6.5713
 20
-10.0229
 10
6.5931
 20
-10.0085
 10
6.615
 20
-9.9941
 10
6.6368
 20
-9.9797
 10
6.6585
 20
-9.9652
 10
6.6802
 20
-9.9506
 10
6.7019
 20
-9.936
 10
6.7236
 20
-9.9214
 10
6.7452
 20
-9.9067
 10
6.7668
 20
-9.8919
 10
6.7884
 20
-9.8772
 10
6.8099
 20
-9.8623
 10
6.8314
 20
-9.8474
 10
6.8529
 20
-9.8325
 10
6.8743
 20
-9.8175
 10
6.8957
 20
-9.8025
 10
6.9171
 20
-9.7874
 10
6.9384
 20
-9.7723
 10
6.9597
 20
-9.7572
 10
6.981
 20
-9.742
 10
7.0022
 20
-9.7267
 10
7.0234
 20
-9.7114
 10
7.0446
 20
-9.6961
 10
7.0657
 20
-9.6807
 10
7.0868
 20
-9.6652
 10
7.1079
 20
-9.6498
 10
7.129
 20
-9.6342
 10
7.15
 20
-9.6186
 10
7.1709
 20
-9.603
 10
7.1919
 20
-9.5874
 10
7.2128
 20
-9.5716
 10
7.2336
 20
-9.5559
 10
7.2544
 20
-9.5401
 10
7.2752
 20
-9.5242
 10
7.296
 20
-9.5083
 10
7.3167
 20
-9.4924
 10
7.3374
 20
-9.4764
 10
7.3581
 20
-9.4604
 10
7.3787
 20
-9.4443
 10
7.3993
 20
-9.4282
 10
7.4198
 20
-9.412
 10
7.4404
 20
-9.3958
 10
7.4608
 20
-9.3796
 10
7.4813
 20
-9.3633
 10
7.5017
 20
-9.3469
 10
7.5221
 20
-9.3305
 10
7.5424
 20
-9.3141
 10
7.5627
 20
-9.2976
 10
7.583
 20
-9.2811
 10
7.6032
 20
-9.2645
 10
7.6234
 20
-9.2479
 10
7.6436
 20
-9.2313
 10
7.6637
 20
-9.2146
 10
7.6838
 20
-9.1978
 10
7.7038
 20
-9.181
 10
7.7238
 20
-9.1642
 10
7.7438
 20
-9.1473
 10
7.7637
 20
-9.1304
 10
7.7836
 20
-9.1135
 10
7.8035
 20
-9.0965
 10
7.8233
 20
-9.0794
 10
7.8431
 20
-9.0623
 10
7.8629
 20
-9.0452
 10
7.8826
 20
-9.028
 10
7.9023
 20
-9.0108
 10
7.9219
 20
-8.9935
 10
7.9415
 20
-8.9762
 10
7.9611
 20
-8.9589
 10
7.9806
 20
-8.9415
 10
8.0001
 20
-8.9241
 10
8.0195
 20
-8.9066
 10
8.0389
 20
-8.8891
 10
8.0583
 20
-8.8715
 10
8.0777
 20
-8.8539
 10
8.0969
 20
-8.8363
 10
8.1162
 20
-8.8186
 10
8.1354
 20
-8.8009
 10
8.1546
 20
-8.7831
 10
8.1738
 20
-8.7653
 10
8.1929
 20
-8.7474
 10
8.2119
 20
-8.7295
 10
8.2309
 20
-8.7116
 10
8.2499
 20
-8.6936
 10
8.2689
 20
-8.6756
 10
8.2878
 20
-8.6575
 10
8.3067
 20
-8.6394
 10
8.3255
 20
-8.6213
 10
8.3443
 20
-8.6031
 10
8.363
 20
-8.5849
 10
8.3817
 20
-8.5666
 10
8.4004
 20
-8.5483
 10
8.419
 20
-8.53
 10
8.4376
 20
-8.5116
 10
8.4562
 20
-8.4931
 10
8.4747
 20
-8.4747
 10
8.4931
 20
-8.4562
 10
8.5116
 20
-8.4376
 10
8.53
 20
-8.419
 10
8.5483
 20
-8.4004
 10
8.5666
 20
-8.3817
 10
8.5849
 20
-8.363
 10
8.6031
 20
-8.3443
 10
8.6213
 20
-8.3255
 10
8.6394
 20
-8.3067
 10
8.6575
 20
-8.2878
 10
8.6756
 20
-8.2689
 10
8.6936
 20
-8.2499
 10
8.7116
 20
-8.2309
 10
8.7295
 20
-8.2119
 10
8.7474
 20
-8.1929
 10
8.7653
 20
-8.1738
 10
8.7831
 20
-8.1546
 10
8.8009
 20
-8.1354
 10
8.8186
 20
-8.1162
 10
8.8363
 20
-8.0969
 10
8.8539
 20
-8.0777
 10
8.8715
 20
-8.0583
 10
8.8891
 20
-8.0389
 10
8.9066
 20
-8.0195
 10
8.9241
 20
-8.0001
 10
8.9415
 20
-7.9806
 10
8.9589
 20
-7.9611
 10
8.9762
 20
-7.9415
 10
8.9935
 20
-7.9219
 10
9.0108
 20
-7.9023
 10
9.028
 20
-7.8826
 10
9.0452
 20
-7.8629
 10
9.0623
 20
-7.8431
 10
9.0794
 20
-7.8233
 10
9.0965
 20
-7.8035
 10
9.1135
 20
-7.7836
 10
9.1304
 20
-7.7637
 10
9.1473
 20
-7.7438
 10
9.1642
 20
-7.7238
 10
9.181
 20
-7.7038
 10
9.1978
 20
-7.6838
 10
9.2146
 20
-7.6637
 10
9.2313
 20
-7.6436
 10
9.2479
 20
-7.6234
 10
9.2645
 20
-7.6032
 10
9.2811
 20
-7.583
 10
9.2976
 20
-7.5627
 10
9.3141
 20
-7.5424
 10
9.3305
 20
-7.5221
 10
9.3469
 20
-7.5017
 10
9.3633
 20
-7.4813
 10
9.3796
 20
-7.4608
 10
9.3958
 20
-7.4404
 10
9.412
 20
-7.4198
 10
9.4282
 20
-7.3993
 10
9.4443
 20
-7.3787
 10
9.4604
 20
-7.3581
 10
9.4764
 20
-7.3374
 10
9.4924
 20
-7.3167
 10
9.5083
 20
-7.296
 10
9.5242
 20
-7.2752
 10
9.5401
 20
-7.2544
 10
9.5559
 20
-7.2336
 10
9.5716
 20
-7.2128
 10
9.5874
 20
-7.1919
 10
9.603
 20
-7.1709
 10
9.6186
 20
-7.15
 10
9.6342
 20
-7.129
 10
9.6498
 20
-7.1079
 10
9.6652
 20
-7.0868
 10
9.6807
 20
-7.0657
 10
9.6961
 20
-7.0446
 10
9.7114
 20
-7.0234
 10
9.7267
 20
-7.0022
 10
9.742
 20
-6.981
 10
9.7572
 20
-6.9597
 10
9.7723
 20
-6.9384
 10
9.7874
 20
-6.9171
 10
9.8025
 20
-6.8957
 10
9.8175
 20
-6.8743
 10
9.8325
 20
-6.8529
 10
9.8474
 20
-6.8314
 10
9.8623
 20
-6.8099
 10
9.8772
 20
-6.7884
 10
9.8919
 20
-6.7668
 10
9.9067
 20
-6.7452
 10
9.9214
 20
-6.7236
 10
9.936
 20
-6.7019
 10
9.9506
 20
-6.6802
 10
9.9652
 20
-6.6585
 10
9.9797
 20
-6.6368
 10
9.9941
 20
-6.615
 10
10.0085
 20
-6.5931
 10
10.0229
 20
-6.5713
 10
10.0372
 20
-6.5494
 10
10.0515
 20
-6.5275
 10
10.0657
 20
-6.5056
 10
10.0799
 20
-6.4836
 10
10.094
 20
-6.4616
 10
10.108
 20
-6.4395
 10
10.1221
 20
-6.4175
 10
10.136
 20
-6.3954
 10
10.15
 20
-6.3732
 10
10.1639
 20
-6.3511
 10
10.1777
 20
-6.3289
 10
10.1915
 20
-6.3067
 10
10.2052
 20
-6.2844
 10
10.2189
 20
-6.2621
 10
10.2325
 20
-6.2398
 10
10.2461
 20
-6.2175
 10
10.2597
 20
-6.1951
 10
10.2732
 20
-6.1727
 10
10.2866
 20
-6.1503
 10
10.3
 20
-6.1278
 10
10.3133
 20
-6.1054
 10
10.3266
 20
-6.0828
 10
10.3399
 20
-6.0603
 10
10.3531
 20
-6.0377
 10
10.3662
 20
-6.0151
 10
10.3793
 20
-5.9925
 10
10.3924
 20
-5.9698
 10
10.4054
 20
-5.9472
 10
10.4183
 20
-5.9244
 10
10.4312
 20
-5.9017
 10
10.4441
 20
-5.8789
 10
10.4569
 20
-5.8561
 10
10.4696
 20
-5.8333
 10
10.4823
 20
-5.8104
 10
10.495
 20
-5.7876
 10
10.5076
 20
-5.7647
 10
10.5201
 20
-5.7417
 10
10.5326
 20
-5.7187
 10
10.5451
 20
-5.6958
 10
10.5575
 20
-5.6727
 10
10.5698
 20
-5.6497
 10
10.5821
 20
-5.6266
 10
10.5944
 20
-5.6035
 10
10.6066
 20
-5.5804
 10
10.6187
 20
-5.5572
 10
10.6308
 20
-5.5341
 10
10.6429
 20
-5.5109
 10
10.6549
 20
-5.4876
 10
10.6668
 20
-5.4644
 10
10.6787
 20
-5.4411
 10
10.6906
 20
-5.4178
 10
10.7024
 20
-5.3944
 10
10.7141
 20
-5.3711
 10
10.7258
 20
-5.3477
 10
10.7374
 20
-5.3243
 10
10.749
 20
-5.3008
 10
10.7606
 20
-5.2774
 10
10.772
 20
-5.2539
 10
10.7835
 20
-5.2304
 10
10.7949
 20
-5.2068
 10
10.8062
 20
-5.1833
 10
10.8175
 20
-5.1597
 10
10.8287
 20
-5.1361
 10
10.8399
 20
-5.1124
 10
10.851
 20
-5.0888
 10
10.8621
 20
-5.0651
 10
10.8731
 20
-5.0414
 10
10.8841
 20
-5.0176
 10
10.895
 20
-4.9939
 10
10.9059
 20
-4.9701
 10
10.9167
 20
-4.9463
 10
10.9275
 20
-4.9225
 10
10.9382
 20
-4.8986
 10
10.9488
 20
-4.8747
 10
10.9595
 20
-4.8508
 10
10.97
 20
-4.8269
 10
10.9805
 20
-4.803
 10
10.991
 20
-4.779
 10
11.0014
 20
-4.755
 10
11.0117
 20
-4.731
 10
11.022
 20
-4.707
 10
11.0323
 20
-4.6829
 10
11.0424
 20
-4.6588
 10
11.0526
 20
-4.6347
 10
11.0627
 20
-4.6106
 10
11.0727
 20
-4.5865
 10
11.0827
 20
-4.5623
 10
11.0926
 20
-4.5381
 10
11.1025
 20
-4.5139
 10
11.1123
 20
-4.4897
 10
11.1221
 20
-4.4654
 10
11.1318
 20
-4.4411
 10
11.1414
 20
-4.4168
 10
11.1511
 20
-4.3925
 10
11.1606
 20
-4.3682
 10
11.1701
 20
-4.3438
 10
11.1796
 20
-4.3194
 10
11.189
 20
-4.295
 10
11.1983
 20
-4.2706
 10
11.2076
 20
-4.2462
 10
11.2168
 20
-4.2217
 10
11.226
 20
-4.1972
 10
11.2351
 20
-4.1727
 10
11.2442
 20
-4.1482
 10
11.2532
 20
-4.1237
 10
11.2622
 20
-4.0991
 10
11.2711
 20
-4.0745
 10
11.28
 20
-4.0499
 10
11.2888
 20
-4.0253
 10
11.2976
 20
-4.0007
 10
11.3063
 20
-3.976
 10
11.3149
 20
-3.9513
 10
11.3235
 20
-3.9266
 10
11.332
 20
-3.9019
 10
11.3405
 20
-3.8772
 10
11.349
 20
-3.8525
 10
11.3573
 20
-3.8277
 10
11.3657
 20
-3.8029
 10
11.3739
 20
-3.7781
 10
11.3821
 20
-3.7533
 10
11.3903
 20
-3.7284
 10
11.3984
 20
-3.7036
 10
11.4065
 20
-3.6787
 10
11.4145
 20
-3.6538
 10
11.4224
 20
-3.6289
 10
11.4303
 20
-3.604
 10
11.4381
 20
-3.579
 10
11.4459
 20
-3.5541
 10
11.4536
 20
-3.5291
 10
11.4613
 20
-3.5041
 10
11.4689
 20
-3.4791
 10
11.4765
 20
-3.454
 10
11.484
 20
-3.429
 10
11.4915
 20
-3.4039
 10
11.4989
 20
-3.3788
 10
11.5062
 20
-3.3538
 10
11.5135
 20
-3.3286
 10
11.5207
 20
-3.3035
 10
11.5279
 20
-3.2784
 10
11.535
 20
-3.2532
 10
11.5421
 20
-3.228
 10
11.5491
 20
-3.2029
 10
11.5561
 20
-3.1776
 10
11.563
 20
-3.1524
 10
11.5698
 20
-3.1272
 10
11.5766
 20
-3.1019
 10
11.5834
 20
-3.0767
 10
11.59
 20
-3.0514
 10
11.5967
 20
-3.0261
 10
11.6032
 20
-3.0008
 10
11.6098
 20
-2.9755
 10
11.6162
 20
-2.9501
 10
11.6226
 20
-2.9248
 10
11.629
 20
-2.8994
 10
11.6353
 20
-2.8741
 10
11.6415
 20
-2.8487
 10
11.6477
 20
-2.8233
 10
11.6539
 20
-2.7978
 10
11.6599
 20
-2.7724
 10
11.666
 20
-2.747
 10
11.6719
 20
-2.7215
 10
11.6778
 20
-2.696
 10
11.6837
 20
-2.6706
 10
11.6895
 20
-2.6451
 10
11.6952
 20
-2.6195
 10
11.7009
 20
-2.594
 10
11.7065
 20
-2.5685
 10
11.7121
 20
-2.5429
 10
11.7176
 20
-2.5174
 10
11.7231
 20
-2.4918
 10
11.7285
 20
-2.4662
 10
11.7339
 20
-2.4406
 10
11.7392
 20
-2.415
 10
11.7444
 20
-2.3894
 10
11.7496
 20
-2.3638
 10
11.7547
 20
-2.3382
 10
11.7598
 20
-2.3125
 10
11.7648
 20
-2.2868
 10
11.7698
 20
-2.2612
 10
11.7747
 20
-2.2355
 10
11.7795
 20
-2.2098
 10
11.7843
 20
-2.1841
 10
11.789
 20
-2.1584
 10
11.7937
 20
-2.1327
 10
11.7984
 20
-2.1069
 10
11.8029
 20
-2.0812
 10
11.8074
 20
-2.0554
 10
11.8119
 20
-2.0297
 10
11.8163
 20
-2.0039
 10
11.8206
 20
-1.9781
 10
11.8249
 20
-1.9523
 10
11.8292
 20
-1.9265
 10
11.8333
 20
-1.9007
 10
11.8374
 20
-1.8749
 10
11.8415
 20
-1.849
 10
11.8455
 20
-1.8232
 10
11.8495
 20
-1.7974
 10
11.8534
 20
-1.7715
 10
11.8572
 20
-1.7456
 10
11.861
 20
-1.7198
 10
11.8647
 20
-1.6939
 10
11.8684
 20
-1.668
 10
11.872
 20
-1.6421
 10
11.8755
 20
-1.6162
 10
11.879
 20
-1.5903
 10
11.8825
 20
-1.5644
 10
11.8859
 20
-1.5384
 10
11.8892
 20
-1.5125
 10
11.8925
 20
-1.4866
 10
11.8957
 20
-1.4606
 10
11.8988
 20
-1.4346
 10
11.9019
 20
-1.4087
 10
11.905
 20
-1.3827
 10
11.908
 20
-1.3567
 10
11.9109
 20
-1.3308
 10
11.9138
 20
-1.3048
 10
11.9166
 20
-1.2788
 10
11.9193
 20
-1.2528
 10
11.922
 20
-1.2268
 10
11.9247
 20
-1.2008
 10
11.9273
 20
-1.1747
 10
11.9298
 20
-1.1487
 10
11.9323
 20
-1.1227
 10
11.9347
 20
-1.0966
 10
11.9371
 20
-1.0706
 10
11.9394
 20
-1.0446
 10
11.9416
 20
-1.0185
 10
11.9438
 20
-0.9925
 10
11.946
 20
-0.9664
 10
11.9481
 20
-0.9403
 10
11.9501
 20
-0.9143
 10
11.952
 20
-0.8882
 10
11.954
 20
-0.8621
 10
11.9558
 20
-0.836
 10
11.9576
 20
-0.8099
 10
11.9593
 20
-0.7839
 10
11.961
 20
-0.7578
 10
11.9626
 20
-0.7317
 10
11.9642
 20
-0.7056
 10
11.9657
 20
-0.6795
 10
11.9672
 20
-0.6534
 10
11.9686
 20
-0.6272
 10
11.9699
 20
-0.6011
 10
11.9712
 20
-0.575
 10
11.9724
 20
-0.5489
 10
11.9736
 20
-0.5228
 10
11.9747
 20
-0.4967
 10
11.9758
 20
-0.4705
 10
11.9768
 20
-0.4444
 10
11.9777
 20
-0.4183
 10
11.9786
 20
-0.3921
 10
11.9794
 20
-0.366
 10
11.9802
 20
-0.3399
 10
11.9809
 20
-0.3137
 10
11.9815
 20
-0.2876
 10
11.9821
 20
-0.2615
 10
11.9827
 20
-0.2353
 10
11.9832
 20
-0.2092
 10
11.9836
 20
-0.183
 10
11.984
 20
-0.1569
 10
11.9843
 20
-0.1307
 10
11.9845
 20
-0.1046
 10
11.9847
 20
-0.0784
 10
11.9849
 20
-0.0523
 10
11.985
 20
-0.0261
 10
11.985
 20
0.0
 10
11.985
 20
0.0261
 10
11.9849
 20
0.0523
 10
11.9847
 20
0.0784
 10
11.9845
 20
0.1046
 10
11.9843
 20
0.1307
 10
11.984
 20
0.1569
 10
11.9836
 20
0.183
 10
11.9832
 20
0.2092
 10
11.9827
 20
0.2353
  0
LWPOLYLINE
  5
A9
330
17
100
AcDbEntity
  8
ALTIN
100
AcDbPolyline
 90
2880
 70
1
 10
9.1128
 20
-0.1988
 10
9.1124
 20
-0.2187
 10
9.1119
 20
-0.2386
 10
9.1113
 20
-0.2585
 10
9.1107
 20
-0.2784
 10
9.1101
 20
-0.2982
 10
9.1094
 20
-0.3181
 10
9.1087
 20
-0.338
 10
9.108
 20
-0.3579
 10
9.1072
 20
-0.3777
 10
9.1063
 20
-0.3976
 10
9.1054
 20
-0.4175
 10
9.1045
 20
-0.4373
 10
9.1035
 20
-0.4572
 10
9.1025
 20
-0.477
 10
9.1014
 20
-0.4969
 10
9.1003
 20
-0.5168
 10
9.0992
 20
-0.5366
 10
9.098
 20
-0.5565
 10
9.0968
 20
-0.5763
 10
9.0955
 20
-0.5961
 10
9.0942
 20
-0.616
 10
9.0928
 20
-0.6358
 10
9.0914
 20
-0.6557
 10
9.0899
 20
-0.6755
 10
9.0884
 20
-0.6953
 10
9.0869
 20
-0.7152
 10
9.0853
 20
-0.735
 10
9.0837
 20
-0.7548
 10
9.082
 20
-0.7746
 10
9.0803
 20
-0.7944
 10
9.0786
 20
-0.8142
 10
9.0768
 20
-0.834
 10
9.0749
 20
-0.8538
 10
9.073
 20
-0.8736
 10
9.0711
 20
-0.8934
 10
9.0691
 20
-0.9132
 10
9.0671
 20
-0.933
 10
9.0651
 20
-0.9528
 10
9.063
 20
-0.9726
 10
9.0608
 20
-0.9923
 10
9.0586
 20
-1.0121
 10
9.0564
 20
-1.0318
 10
9.0541
 20
-1.0516
 10
9.0518
 20
-1.0714
 10
9.0495
 20
-1.0911
 10
9.0471
 20
-1.1108
 10
9.0446
 20
-1.1306
 10
9.0421
 20
-1.1503
 10
9.0396
 20
-1.17
 10
9.037
 20
-1.1897
 10
9.0344
 20
-1.2095
 10
9.0317
 20
-1.2292
 10
9.029
 20
-1.2489
 10
9.0263
 20
-1.2686
 10
9.0235
 20
-1.2883
 10
9.0207
 20
-1.3079
 10
9.0178
 20
-1.3276
 10
9.0149
 20
-1.3473
 10
9.0119
 20
-1.3669
 10
9.0089
 20
-1.3866
 10
9.0059
 20
-1.4063
 10
9.0028
 20
-1.4259
 10
8.9996
 20
-1.4455
 10
8.9965
 20
-1.4652
 10
8.9933
 20
-1.4848
 10
8.99
 20
-1.5044
 10
8.9867
 20
-1.524
 10
8.9833
 20
-1.5436
 10
8.98
 20
-1.5632
 10
8.9765
 20
-1.5828
 10
8.973
 20
-1.6024
 10
8.9695
 20
-1.622
 10
8.966
 20
-1.6415
 10
8.9624
 20
-1.6611
 10
8.9587
 20
-1.6806
 10
8.955
 20
-1.7002
 10
8.9513
 20
-1.7197
 10
8.9475
 20
-1.7392
 10
8.9437
 20
-1.7587
 10
8.9399
 20
-1.7782
 10
8.936
 20
-1.7977
 10
8.932
 20
-1.8172
 10
8.928
 20
-1.8367
 10
8.924
 20
-1.8562
 10
8.9199
 20
-1.8757
 10
8.9158
 20
-1.8951
 10
8.9117
 20
-1.9146
 10
8.9075
 20
-1.934
 10
8.9032
 20
-1.9534
 10
8.8989
 20
-1.9728
 10
8.8946
 20
-1.9923
 10
8.8902
 20
-2.0117
 10
8.8858
 20
-2.031
 10
8.8814
 20
-2.0504
 10
8.8769
 20
-2.0698
 10
8.8724
 20
-2.0892
 10
8.8678
 20
-2.1085
 10
8.8632
 20
-2.1279
 10
8.8585
 20
-2.1472
 10
8.8538
 20
-2.1665
 10
8.849
 20
-2.1858
 10
8.8442
 20
-2.2051
 10
8.8394
 20
-2.2244
 10
8.8345
 20
-2.2437
 10
8.8296
 20
-2.263
 10
8.8247
 20
-2.2822
 10
8.8197
 20
-2.3015
 10
8.8146
 20
-2.3207
 10
8.8095
 20
-2.3399
 10
8.8044
 20
-2.3591
 10
8.7992
 20
-2.3783
 10
8.794
 20
-2.3975
 10
8.7888
 20
-2.4167
 10
8.7835
 20
-2.4359
 10
8.7782
 20
-2.455
 10
8.7728
 20
-2.4742
 10
8.7674
 20
-2.4933
 10
8.7619
 20
-2.5124
 10
8.7564
 20
-2.5315
 10
8.7509
 20
-2.5506
 10
8.7453
 20
-2.5697
 10
8.7396
 20
-2.5888
 10
8.734
 20
-2.6079
 10
8.7283
 20
-2.6269
 10
8.7225
 20
-2.6459
 10
8.7167
 20
-2.665
 10
8.7109
 20
-2.684
 10
8.705
 20
-2.703
 10
8.6991
 20
-2.722
 10
8.6931
 20
-2.7409
 10
8.6871
 20
-2.7599
 10
8.6811
 20
-2.7788
 10
8.675
 20
-2.7978
 10
8.6689
 20
-2.8167
 10
8.6627
 20
-2.8356
 10
8.6565
 20
-2.8545
 10
8.6503
 20
-2.8734
 10
8.644
 20
-2.8922
 10
8.6376
 20
-2.9111
 10
8.6313
 20
-2.9299
 10
8.6249
 20
-2.9487
 10
8.6184
 20
-2.9676
 10
8.6119
 20
-2.9863
 10
8.6054
 20
-3.0051
 10
8.5988
 20
-3.0239
 10
8.5922
 20
-3.0426
 10
8.5855
 20
-3.0614
 10
8.5788
 20
-3.0801
 10
8.5721
 20
-3.0988
 10
8.5653
 20
-3.1175
 10
8.5585
 20
-3.1362
 10
8.5516
 20
-3.1549
 10
8.5447
 20
-3.1735
 10
8.5378
 20
-3.1921
 10
8.5308
 20
-3.2108
 10
8.5238
 20
-3.2294
 10
8.5167
 20
-3.248
 10
8.5096
 20
-3.2665
 10
8.5024
 20
-3.2851
 10
8.4953
 20
-3.3036
 10
8.488
 20
-3.3221
 10
8.4808
 20
-3.3407
 10
8.4734
 20
-3.3592
 10
8.4661
 20
-3.3776
 10
8.4587
 20
-3.3961
 10
8.4513
 20
-3.4145
 10
8.4438
 20
-3.433
 10
8.4363
 20
-3.4514
 10
8.4288
 20
-3.4698
 10
8.4212
 20
-3.4882
 10
8.4135
 20
-3.5065
 10
8.4059
 20
-3.5249
 10
8.3982
 20
-3.5432
 10
8.3904
 20
-3.5615
 10
8.3826
 20
-3.5798
 10
8.3748
 20
-3.5981
 10
8.3669
 20
-3.6164
 10
8.359
 20
-3.6346
 10
8.3511
 20
-3.6528
 10
8.3431
 20
-3.671
 10
8.335
 20
-3.6892
 10
8.327
 20
-3.7074
 10
8.3189
 20
-3.7256
 10
8.3107
 20
-3.7437
 10
8.3025
 20
-3.7618
 10
8.2943
 20
-3.7799
 10
8.286
 20
-3.798
 10
8.2777
 20
-3.8161
 10
8.2694
 20
-3.8341
 10
8.261
 20
-3.8522
 10
8.2526
 20
-3.8702
 10
8.2441
 20
-3.8882
 10
8.2356
 20
-3.9062
 10
8.2271
 20
-3.9241
 10
8.2185
 20
-3.942
 10
8.2099
 20
-3.96
 10
8.2012
 20
-3.9779
 10
8.1925
 20
-3.9958
 10
8.1838
 20
-4.0136
 10
8.175
 20
-4.0315
 10
8.1662
 20
-4.0493
 10
8.1573
 20
-4.0671
 10
8.1484
 20
-4.0849
 10
8.1395
 20
-4.1026
 10
8.1305
 20
-4.1204
 10
8.1215
 20
-4.1381
 10
8.1125
 20
-4.1558
 10
8.1034
 20
-4.1735
 10
8.0943
 20
-4.1912
 10
8.0851
 20
-4.2088
 10
8.0759
 20
-4.2265
 10
8.0667
 20
-4.2441
 10
8.0574
 20
-4.2617
 10
8.0481
 20
-4.2792
 10
8.0387
 20
-4.2968
 10
8.0293
 20
-4.3143
 10
8.0199
 20
-4.3318
 10
8.0104
 20
-4.3493
 10
8.0009
 20
-4.3668
 10
7.9914
 20
-4.3842
 10
7.9818
 20
-4.4016
 10
7.9722
 20
-4.419
 10
7.9625
 20
-4.4364
 10
7.9528
 20
-4.4538
 10
7.9431
 20
-4.4711
 10
7.9333
 20
-4.4884
 10
7.9235
 20
-4.5057
 10
7.9136
 20
-4.523
 10
7.9037
 20
-4.5403
 10
7.8938
 20
-4.5575
 10
7.8839
 20
-4.5747
 10
7.8739
 20
-4.5919
 10
7.8638
 20
-4.6091
 10
7.8537
 20
-4.6262
 10
7.8436
 20
-4.6433
 10
7.8335
 20
-4.6604
 10
7.8233
 20
-4.6775
 10
7.8131
 20
-4.6946
 10
7.8028
 20
-4.7116
 10
7.7925
 20
-4.7286
 10
7.7822
 20
-4.7456
 10
7.7718
 20
-4.7626
 10
7.7614
 20
-4.7795
 10
7.751
 20
-4.7964
 10
7.7405
 20
-4.8133
 10
7.73
 20
-4.8302
 10
7.7194
 20
-4.8471
 10
7.7088
 20
-4.8639
 10
7.6982
 20
-4.8807
 10
7.6875
 20
-4.8975
 10
7.6768
 20
-4.9142
 10
7.6661
 20
-4.931
 10
7.6553
 20
-4.9477
 10
7.6445
 20
-4.9644
 10
7.6336
 20
-4.9811
 10
7.6227
 20
-4.9977
 10
7.6118
 20
-5.0143
 10
7.6009
 20
-5.0309
 10
7.5899
 20
-5.0475
 10
7.5788
 20
-5.064
 10
7.5678
 20
-5.0805
 10
7.5567
 20
-5.097
 10
7.5455
 20
-5.1135
 10
7.5344
 20
-5.13
 10
7.5232
 20
-5.1464
 10
7.5119
 20
-5.1628
 10
7.5006
 20
-5.1792
 10
7.4893
 20
-5.1955
 10
7.478
 20
-5.2118
 10
7.4666
 20
-5.2281
 10
7.4551
 20
-5.2444
 10
7.4437
 20
-5.2607
 10
7.4322
 20
-5.2769
 10
7.4207
 20
-5.2931
 10
7.4091
 20
-5.3093
 10
7.3975
 20
-5.3254
 10
7.3859
 20
-5.3416
 10
7.3742
 20
-5.3577
 10
7.3625
 20
-5.3737
 10
7.3507
 20
-5.3898
 10
7.339
 20
-5.4058
 10
7.3272
 20
-5.4218
 10
7.3153
 20
-5.4378
 10
7.3034
 20
-5.4537
 10
7.2915
 20
-5.4696
 10
7.2796
 20
-5.4855
 10
7.2676
 20
-5.5014
 10
7.2556
 20
-5.5173
 10
7.2435
 20
-5.5331
 10
7.2314
 20
-5.5489
 10
7.2193
 20
-5.5646
 10
7.2071
 20
-5.5804
 10
7.1949
 20
-5.5961
 10
7.1827
 20
-5.6118
 10
7.1705
 20
-5.6274
 10
7.1582
 20
-5.643
 10
7.1458
 20
-5.6586
 10
7.1335
 20
-5.6742
 10
7.1211
 20
-5.6898
 10
7.1086
 20
-5.7053
 10
7.0962
 20
-5.7208
 10
7.0837
 20
-5.7363
 10
7.0712
 20
-5.7517
 10
7.0586
 20
-5.7671
 10
7.046
 20
-5.7825
 10
7.0334
 20
-5.7979
 10
7.0207
 20
-5.8132
 10
7.008
 20
-5.8285
 10
6.9953
 20
-5.8438
 10
6.9825
 20
-5.859
 10
6.9697
 20
-5.8742
 10
6.9569
 20
-5.8894
 10
6.944
 20
-5.9046
 10
6.9311
 20
-5.9197
 10
6.9182
 20
-5.9348
 10
6.9052
 20
-5.9499
 10
6.8922
 20
-5.965
 10
6.8792
 20
-5.98
 10
6.8661
 20
-5.995
 10
6.853
 20
-6.0099
 10
6.8399
 20
-6.0249
 10
6.8267
 20
-6.0398
 10
6.8135
 20
-6.0547
 10
6.8003
 20
-6.0695
 10
6.7871
 20
-6.0843
 10
6.7738
 20
-6.0991
 10
6.7604
 20
-6.1139
 10
6.7471
 20
-6.1286
 10
6.7337
 20
-6.1433
 10
6.7203
 20
-6.158
 10
6.7068
 20
-6.1727
 10
6.6933
 20
-6.1873
 10
6.6798
 20
-6.2019
 10
6.6663
 20
-6.2164
 10
6.6527
 20
-6.2309
 10
6.6391
 20
-6.2454
 10
6.6255
 20
-6.2599
 10
6.6118
 20
-6.2744
 10
6.5981
 20
-6.2888
 10
6.5843
 20
-6.3031
 10
6.5706
 20
-6.3175
 10
6.5568
 20
-6.3318
 10
6.543
 20
-6.3461
 10
6.5291
 20
-6.3604
 10
6.5152
 20
-6.3746
 10
6.5013
 20
-6.3888
 10
6.4873
 20
-6.403
 10
6.4733
 20
-6.4171
 10
6.4593
 20
-6.4312
 10
6.4453
 20
-6.4453
 10
6.4312
 20
-6.4593
 10
6.4171
 20
-6.4733
 10
6.403
 20
-6.4873
 10
6.3888
 20
-6.5013
 10
6.3746
 20
-6.5152
 10
6.3604
 20
-6.5291
 10
6.3461
 20
-6.543
 10
6.3318
 20
-6.5568
 10
6.3175
 20
-6.5706
 10
6.3031
 20
-6.5843
 10
6.2888
 20
-6.5981
 10
6.2744
 20
-6.6118
 10
6.2599
 20
-6.6255
 10
6.2454
 20
-6.6391
 10
6.2309
 20
-6.6527
 10
6.2164
 20
-6.6663
 10
6.2019
 20
-6.6798
 10
6.1873
 20
-6.6933
 10
6.1727
 20
-6.7068
 10
6.158
 20
-6.7203
 10
6.1433
 20
-6.7337
 10
6.1286
 20
-6.7471
 10
6.1139
 20
-6.7604
 10
6.0991
 20
-6.7738
 10
6.0843
 20
-6.7871
 10
6.0695
 20
-6.8003
 10
6.0547
 20
-6.8135
 10
6.0398
 20
-6.8267
 10
6.0249
 20
-6.8399
 10
6.0099
 20
-6.853
 10
5.995
 20
-6.8661
 10
5.98
 20
-6.8792
 10
5.965
 20
-6.8922
 10
5.9499
 20
-6.9052
 10
5.9348
 20
-6.9182
 10
5.9197
 20
-6.9311
 10
5.9046
 20
-6.944
 10
5.8894
 20
-6.9569
 10
5.8742
 20
-6.9697
 10
5.859
 20
-6.9825
 10
5.8438
 20
-6.9953
 10
5.8285
 20
-7.008
 10
5.8132
 20
-7.0207
 10
5.7979
 20
-7.0334
 10
5.7825
 20
-7.046
 10
5.7671
 20
-7.0586
 10
5.7517
 20
-7.0712
 10
5.7363
 20
-7.0837
 10
5.7208
 20
-7.0962
 10
5.7053
 20
-7.1086
 10
5.6898
 20
-7.1211
 10
5.6742
 20
-7.1335
 10
5.6586
 20
-7.1458
 10
5.643
 20
-7.1582
 10
5.6274
 20
-7.1705
 10
5.6118
 20
-7.1827
 10
5.5961
 20
-7.1949
 10
5.5804
 20
-7.2071
 10
5.5646
 20
-7.2193
 10
5.5489
 20
-7.2314
 10
5.5331
 20
-7.2435
 10
5.5173
 20
-7.2556
 10
5.5014
 20
-7.2676
 10
5.4855
 20
-7.2796
 10
5.4696
 20
-7.2915
 10
5.4537
 20
-7.3034
 10
5.4378
 20
-7.3153
 10
5.4218
 20
-7.3272
 10
5.4058
 20
-7.339
 10
5.3898
 20
-7.3507
 10
5.3737
 20
-7.3625
 10
5.3577
 20
-7.3742
 10
5.3416
 20
-7.3859
 10
5.3254
 20
-7.3975
 10
5.3093
 20
-7.4091
 10
5.2931
 20
-7.4207
 10
5.2769
 20
-7.4322
 10
5.2607
 20
-7.4437
 10
5.2444
 20
-7.4551
 10
5.2281
 20
-7.4666
 10
5.2118
 20
-7.478
 10
5.1955
 20
-7.4893
 10
5.1792
 20
-7.5006
 10
5.1628
 20
-7.5119
 10
5.1464
 20
-7.5232
 10
5.13
 20
-7.5344
 10
5.1135
 20
-7.5455
 10
5.097
 20
-7.5567
 10
5.0805
 20
-7.5678
 10
5.064
 20
-7.5788
 10
5.0475
 20
-7.5899
 10
5.0309
 20
-7.6009
 10
5.0143
 20
-7.6118
 10
4.9977
 20
-7.6227
 10
4.9811
 20
-7.6336
 10
4.9644
 20
-7.6445
 10
4.9477
 20
-7.6553
 10
4.931
 20
-7.6661
 10
4.9142
 20
-7.6768
 10
4.8975
 20
-7.6875
 10
4.8807
 20
-7.6982
 10
4.8639
 20
-7.7088
 10
4.8471
 20
-7.7194
 10
4.8302
 20
-7.73
 10
4.8133
 20
-7.7405
 10
4.7964
 20
-7.751
 10
4.7795
 20
-7.7614
 10
4.7626
 20
-7.7718
 10
4.7456
 20
-7.7822
 10
4.7286
 20
-7.7925
 10
4.7116
 20
-7.8028
 10
4.6946
 20
-7.8131
 10
4.6775
 20
-7.8233
 10
4.6604
 20
-7.8335
 10
4.6433
 20
-7.8436
 10
4.6262
 20
-7.8537
 10
4.6091
 20
-7.8638
 10
4.5919
 20
-7.8739
 10
4.5747
 20
-7.8839
 10
4.5575
 20
-7.8938
 10
4.5403
 20
-7.9037
 10
4.523
 20
-7.9136
 10
4.5057
 20
-7.9235
 10
4.4884
 20
-7.9333
 10
4.4711
 20
-7.9431
 10
4.4538
 20
-7.9528
 10
4.4364
 20
-7.9625
 10
4.419
 20
-7.9722
 10
4.4016
 20
-7.9818
 10
4.3842
 20
-7.9914
 10
4.3668
 20
-8.0009
 10
4.3493
 20
-8.0104
 10
4.3318
 20
-8.0199
 10
4.3143
 20
-8.0293
 10
4.2968
 20
-8.0387
 10
4.2792
 20
-8.0481
 10
4.2617
 20
-8.0574
 10
4.2441
 20
-8.0667
 10
4.2265
 20
-8.0759
 10
4.2088
 20
-8.0851
 10
4.1912
 20
-8.0943
 10
4.1735
 20
-8.1034
 10
4.1558
 20
-8.1125
 10
4.1381
 20
-8.1215
 10
4.1204
 20
-8.1305
 10
4.1026
 20
-8.1395
 10
4.0849
 20
-8.1484
 10
4.0671
 20
-8.1573
 10
4.0493
 20
-8.1662
 10
4.0315
 20
-8.175
 10
4.0136
 20
-8.1838
 10
3.9958
 20
-8.1925
 10
3.9779
 20
-8.2012
 10
3.96
 20
-8.2099
 10
3.942
 20
-8.2185
 10
3.9241
 20
-8.2271
 10
3.9062
 20
-8.2356
 10
3.8882
 20
-8.2441
 10
3.8702
 20
-8.2526
 10
3.8522
 20
-8.261
 10
3.8341
 20
-8.2694
 10
3.8161
 20
-8.2777
 10
3.798
 20
-8.286
 10
3.7799
 20
-8.2943
 10
3.7618
 20
-8.3025
 10
3.7437
 20
-8.3107
 10
3.7256
 20
-8.3189
 10
3.7074
 20
-8.327
 10
3.6892
 20
-8.335
 10
3.671
 20
-8.3431
 10
3.6528
 20
-8.3511
 10
3.6346
 20
-8.359
 10
3.6164
 20
-8.3669
 10
3.5981
 20
-8.3748
 10
3.5798
 20
-8.3826
 10
3.5615
 20
-8.3904
 10
3.5432
 20
-8.3982
 10
3.5249
 20
-8.4059
 10
3.5065
 20
-8.4135
 10
3.4882
 20
-8.4212
 10
3.4698
 20
-8.4288
 10
3.4514
 20
-8.4363
 10
3.433
 20
-8.4438
 10
3.4145
 20
-8.4513
 10
3.3961
 20
-8.4587
 10
3.3776
 20
-8.4661
 10
3.3592
 20
-8.4734
 10
3.3407
 20
-8.4808
 10
3.3221
 20
-8.488
 10
3.3036
 20
-8.4953
 10
3.2851
 20
-8.5024
 10
3.2665
 20
-8.5096
 10
3.248
 20
-8.5167
 10
3.2294
 20
-8.5238
 10
3.2108
 20
-8.5308
 10
3.1921
 20
-8.5378
 10
3.1735
 20
-8.5447
 10
3.1549
 20
-8.5516
 10
3.1362
 20
-8.5585
 10
3.1175
 20
-8.5653
 10
3.0988
 20
-8.5721
 10
3.0801
 20
-8.5788
 10
3.0614
 20
-8.5855
 10
3.0426
 20
-8.5922
 10
3.0239
 20
-8.5988
 10
3.0051
 20
-8.6054
 10
2.9863
 20
-8.6119
 10
2.9676
 20
-8.6184
 10
2.9487
 20
-8.6249
 10
2.9299
 20
-8.6313
 10
2.9111
 20
-8.6376
 10
2.8922
 20
-8.644
 10
2.8734
 20
-8.6503
 10
2.8545
 20
-8.6565
 10
2.8356
 20
-8.6627
 10
2.8167
 20
-8.6689
 10
2.7978
 20
-8.675
 10
2.7788
 20
-8.6811
 10
2.7599
 20
-8.6871
 10
2.7409
 20
-8.6931
 10
2.722
 20
-8.6991
 10
2.703
 20
-8.705
 10
2.684
 20
-8.7109
 10
2.665
 20
-8.7167
 10
2.6459
 20
-8.7225
 10
2.6269
 20
-8.7283
 10
2.6079
 20
-8.734
 10
2.5888
 20
-8.7396
 10
2.5697
 20
-8.7453
 10
2.5506
 20
-8.7509
 10
2.5315
 20
-8.7564
 10
2.5124
 20
-8.7619
 10
2.4933
 20
-8.7674
 10
2.4742
 20
-8.7728
 10
2.455
 20
-8.7782
 10
2.4359
 20
-8.7835
 10
2.4167
 20
-8.7888
 10
2.3975
 20
-8.794
 10
2.3783
 20
-8.7992
 10
2.3591
 20
-8.8044
 10
2.3399
 20
-8.8095
 10
2.3207
 20
-8.8146
 10
2.3015
 20
-8.8197
 10
2.2822
 20
-8.8247
 10
2.263
 20
-8.8296
 10
2.2437
 20
-8.8345
 10
2.2244
 20
-8.8394
 10
2.2051
 20
-8.8442
 10
2.1858
 20
-8.849
 10
2.1665
 20
-8.8538
 10
2.1472
 20
-8.8585
 10
2.1279
 20
-8.8632
 10
2.1085
 20
-8.8678
 10
2.0892
 20
-8.8724
 10
2.0698
 20
-8.8769
 10
2.0504
 20
-8.8814
 10
2.031
 20
-8.8858
 10
2.0117
 20
-8.8902
 10
1.9923
 20
-8.8946
 10
1.9728
 20
-8.8989
 10
1.9534
 20
-8.9032
 10
1.934
 20
-8.9075
 10
1.9146
 20
-8.9117
 10
1.8951
 20
-8.9158
 10
1.8757
 20
-8.9199
 10
1.8562
 20
-8.924
 10
1.8367
 20
-8.928
 10
1.8172
 20
-8.932
 10
1.7977
 20
-8.936
 10
1.7782
 20
-8.9399
 10
1.7587
 20
-8.9437
 10
1.7392
 20
-8.9475
 10
1.7197
 20
-8.9513
 10
1.7002
 20
-8.955
 10
1.6806
 20
-8.9587
 10
1.6611
 20
-8.9624
 10
1.6415
 20
-8.966
 10
1.622
 20
-8.9695
 10
1.6024
 20
-8.973
 10
1.5828
 20
-8.9765
 10
1.5632
 20
-8.98
 10
1.5436
 20
-8.9833
 10
1.524
 20
-8.9867
 10
1.5044
 20
-8.99
 10
1.4848
 20
-8.9933
 10
1.4652
 20
-8.9965
 10
1.4455
 20
-8.9996
 10
1.4259
 20
-9.0028
 10
1.4063
 20
-9.0059
 10
1.3866
 20
-9.0089
 10
1.3669
 20
-9.0119
 10
1.3473
 20
-9.0149
 10
1.3276
 20
-9.0178
 10
1.3079
 20
-9.0207
 10
1.2883
 20
-9.0235
 10
1.2686
 20
-9.0263
 10
1.2489
 20
-9.029
 10
1.2292
 20
-9.0317
 10
1.2095
 20
-9.0344
 10
1.1897
 20
-9.037
 10
1.17
 20
-9.0396
 10
1.1503
 20
-9.0421
 10
1.1306
 20
-9.0446
 10
1.1108
 20
-9.0471
 10
1.0911
 20
-9.0495
 10
1.0714
 20
-9.0518
 10
1.0516
 20
-9.0541
 10
1.0318
 20
-9.0564
 10
1.0121
 20
-9.0586
 10
0.9923
 20
-9.0608
 10
0.9726
 20
-9.063
 10
0.9528
 20
-9.0651
 10
0.933
 20
-9.0671
 10
0.9132
 20
-9.0691
 10
0.8934
 20
-9.0711
 10
0.8736
 20
-9.073
 10
0.8538
 20
-9.0749
 10
0.834
 20
-9.0768
 10
0.8142
 20
-9.0786
 10
0.7944
 20
-9.0803
 10
0.7746
 20
-9.082
 10
0.7548
 20
-9.0837
 10
0.735
 20
-9.0853
 10
0.7152
 20
-9.0869
 10
0.6953
 20
-9.0884
 10
0.6755
 20
-9.0899
 10
0.6557
 20
-9.0914
 10
0.6358
 20
-9.0928
 10
0.616
 20
-9.0942
 10
0.5961
 20
-9.0955
 10
0.5763
 20
-9.0968
 10
0.5565
 20
-9.098
 10
0.5366
 20
-9.0992
 10
0.5168
 20
-9.1003
 10
0.4969
 20
-9.1014
 10
0.477
 20
-9.1025
 10
0.4572
 20
-9.1035
 10
0.4373
 20
-9.1045
 10
0.4175
 20
-9.1054
 10
0.3976
 20
-9.1063
 10
0.3777
 20
-9.1072
 10
0.3579
 20
-9.108
 10
0.338
 20
-9.1087
 10
0.3181
 20
-9.1094
 10
0.2982
 20
-9.1101
 10
0.2784
 20
-9.1107
 10
0.2585
 20
-9.1113
 10
0.2386
 20
-9.1119
 10
0.2187
 20
-9.1124
 10
0.1988
 20
-9.1128
 10
0.179
 20
-9.1132
 10
0.1591
 20
-9.1136
 10
0.1392
 20
-9.1139
 10
0.1193
 20
-9.1142
 10
0.0994
 20
-9.1145
 10
0.0795
 20
-9.1147
 10
0.0597
 20
-9.1148
 10
0.0398
 20
-9.1149
 10
0.0199
 20
-9.115
 10
0.0
 20
-9.115
 10
-0.0199
 20
-9.115
 10
-0.0398
 20
-9.1149
 10
-0.0597
 20
-9.1148
 10
-0.0795
 20
-9.1147
 10
-0.0994
 20
-9.1145
 10
-0.1193
 20
-9.1142
 10
-0.1392
 20
-9.1139
 10
-0.1591
 20
-9.1136
 10
-0.179
 20
-9.1132
 10
-0.1988
 20
-9.1128
 10
-0.2187
 20
-9.1124
 10
-0.2386
 20
-9.1119
 10
-0.2585
 20
-9.1113
 10
-0.2784
 20
-9.1107
 10
-0.2982
 20
-9.1101
 10
-0.3181
 20
-9.1094
 10
-0.338
 20
-9.1087
 10
-0.3579
 20
-9.108
 10
-0.3777
 20
-9.1072
 10
-0.3976
 20
-9.1063
 10
-0.4175
 20
-9.1054
 10
-0.4373
 20
-9.1045
 10
-0.4572
 20
-9.1035
 10
-0.477
 20
-9.1025
 10
-0.4969
 20
-9.1014
 10
-0.5168
 20
-9.1003
 10
-0.5366
 20
-9.0992
 10
-0.5565
 20
-9.098
 10
-0.5763
 20
-9.0968
 10
-0.5961
 20
-9.0955
 10
-0.616
 20
-9.0942
 10
-0.6358
 20
-9.0928
 10
-0.6557
 20
-9.0914
 10
-0.6755
 20
-9.0899
 10
-0.6953
 20
-9.0884
 10
-0.7152
 20
-9.0869
 10
-0.735
 20
-9.0853
 10
-0.7548
 20
-9.0837
 10
-0.7746
 20
-9.082
 10
-0.7944
 20
-9.0803
 10
-0.8142
 20
-9.0786
 10
-0.834
 20
-9.0768
 10
-0.8538
 20
-9.0749
 10
-0.8736
 20
-9.073
 10
-0.8934
 20
-9.0711
 10
-0.9132
 20
-9.0691
 10
-0.933
 20
-9.0671
 10
-0.9528
 20
-9.0651
 10
-0.9726
 20
-9.063
 10
-0.9923
 20
-9.0608
 10
-1.0121
 20
-9.0586
 10
-1.0318
 20
-9.0564
 10
-1.0516
 20
-9.0541
 10
-1.0714
 20
-9.0518
 10
-1.0911
 20
-9.0495
 10
-1.1108
 20
-9.0471
 10
-1.1306
 20
-9.0446
 10
-1.1503
 20
-9.0421
 10
-1.17
 20
-9.0396
 10
-1.1897
 20
-9.037
 10
-1.2095
 20
-9.0344
 10
-1.2292
 20
-9.0317
 10
-1.2489
 20
-9.029
 10
-1.2686
 20
-9.0263
 10
-1.2883
 20
-9.0235
 10
-1.3079
 20
-9.0207
 10
-1.3276
 20
-9.0178
 10
-1.3473
 20
-9.0149
 10
-1.3669
 20
-9.0119
 10
-1.3866
 20
-9.0089
 10
-1.4063
 20
-9.0059
 10
-1.4259
 20
-9.0028
 10
-1.4455
 20
-8.9996
 10
-1.4652
 20
-8.9965
 10
-1.4848
 20
-8.9933
 10
-1.5044
 20
-8.99
 10
-1.524
 20
-8.9867
 10
-1.5436
 20
-8.9833
 10
-1.5632
 20
-8.98
 10
-1.5828
 20
-8.9765
 10
-1.6024
 20
-8.973
 10
-1.622
 20
-8.9695
 10
-1.6415
 20
-8.966
 10
-1.6611
 20
-8.9624
 10
-1.6806
 20
-8.9587
 10
-1.7002
 20
-8.955
 10
-1.7197
 20
-8.9513
 10
-1.7392
 20
-8.9475
 10
-1.7587
 20
-8.9437
 10
-1.7782
 20
-8.9399
 10
-1.7977
 20
-8.936
 10
-1.8172
 20
-8.932
 10
-1.8367
 20
-8.928
 10
-1.8562
 20
-8.924
 10
-1.8757
 20
-8.9199
 10
-1.8951
 20
-8.9158
 10
-1.9146
 20
-8.9117
 10
-1.934
 20
-8.9075
 10
-1.9534
 20
-8.9032
 10
-1.9728
 20
-8.8989
 10
-1.9923
 20
-8.8946
 10
-2.0117
 20
-8.8902
 10
-2.031
 20
-8.8858
 10
-2.0504
 20
-8.8814
 10
-2.0698
 20
-8.8769
 10
-2.0892
 20
-8.8724
 10
-2.1085
 20
-8.8678
 10
-2.1279
 20
-8.8632
 10
-2.1472
 20
-8.8585
 10
-2.1665
 20
-8.8538
 10
-2.1858
 20
-8.849
 10
-2.2051
 20
-8.8442
 10
-2.2244
 20
-8.8394
 10
-2.2437
 20
-8.8345
 10
-2.263
 20
-8.8296
 10
-2.2822
 20
-8.8247
 10
-2.3015
 20
-8.8197
 10
-2.3207
 20
-8.8146
 10
-2.3399
 20
-8.8095
 10
-2.3591
 20
-8.8044
 10
-2.3783
 20
-8.7992
 10
-2.3975
 20
-8.794
 10
-2.4167
 20
-8.7888
 10
-2.4359
 20
-8.7835
 10
-2.455
 20
-8.7782
 10
-2.4742
 20
-8.7728
 10
-2.4933
 20
-8.7674
 10
-2.5124
 20
-8.7619
 10
-2.5315
 20
-8.7564
 10
-2.5506
 20
-8.7509
 10
-2.5697
 20
-8.7453
 10
-2.5888
 20
-8.7396
 10
-2.6079
 20
-8.734
 10
-2.6269
 20
-8.7283
 10
-2.6459
 20
-8.7225
 10
-2.665
 20
-8.7167
 10
-2.684
 20
-8.7109
 10
-2.703
 20
-8.705
 10
-2.722
 20
-8.6991
 10
-2.7409
 20
-8.6931
 10
-2.7599
 20
-8.6871
 10
-2.7788
 20
-8.6811
 10
-2.7978
 20
-8.675
 10
-2.8167
 20
-8.6689
 10
-2.8356
 20
-8.6627
 10
-2.8545
 20
-8.6565
 10
-2.8734
 20
-8.6503
 10
-2.8922
 20
-8.644
 10
-2.9111
 20
-8.6376
 10
-2.9299
 20
-8.6313
 10
-2.9487
 20
-8.6249
 10
-2.9676
 20
-8.6184
 10
-2.9863
 20
-8.6119
 10
-3.0051
 20
-8.6054
 10
-3.0239
 20
-8.5988
 10
-3.0426
 20
-8.5922
 10
-3.0614
 20
-8.5855
 10
-3.0801
 20
-8.5788
 10
-3.0988
 20
-8.5721
 10
-3.1175
 20
-8.5653
 10
-3.1362
 20
-8.5585
 10
-3.1549
 20
-8.5516
 10
-3.1735
 20
-8.5447
 10
-3.1921
 20
-8.5378
 10
-3.2108
 20
-8.5308
 10
-3.2294
 20
-8.5238
 10
-3.248
 20
-8.5167
 10
-3.2665
 20
-8.5096
 10
-3.2851
 20
-8.5024
 10
-3.3036
 20
-8.4953
 10
-3.3221
 20
-8.488
 10
-3.3407
 20
-8.4808
 10
-3.3592
 20
-8.4734
 10
-3.3776
 20
-8.4661
 10
-3.3961
 20
-8.4587
 10
-3.4145
 20
-8.4513
 10
-3.433
 20
-8.4438
 10
-3.4514
 20
-8.4363
 10
-3.4698
 20
-8.4288
 10
-3.4882
 20
-8.4212
 10
-3.5065
 20
-8.4135
 10
-3.5249
 20
-8.4059
 10
-3.5432
 20
-8.3982
 10
-3.5615
 20
-8.3904
 10
-3.5798
 20
-8.3826
 10
-3.5981
 20
-8.3748
 10
-3.6164
 20
-8.3669
 10
-3.6346
 20
-8.359
 10
-3.6528
 20
-8.3511
 10
-3.671
 20
-8.3431
 10
-3.6892
 20
-8.335
 10
-3.7074
 20
-8.327
 10
-3.7256
 20
-8.3189
 10
-3.7437
 20
-8.3107
 10
-3.7618
 20
-8.3025
 10
-3.7799
 20
-8.2943
 10
-3.798
 20
-8.286
 10
-3.8161
 20
-8.2777
 10
-3.8341
 20
-8.2694
 10
-3.8522
 20
-8.261
 10
-3.8702
 20
-8.2526
 10
-3.8882
 20
-8.2441
 10
-3.9062
 20
-8.2356
 10
-3.9241
 20
-8.2271
 10
-3.942
 20
-8.2185
 10
-3.96
 20
-8.2099
 10
-3.9779
 20
-8.2012
 10
-3.9958
 20
-8.1925
 10
-4.0136
 20
-8.1838
 10
-4.0315
 20
-8.175
 10
-4.0493
 20
-8.1662
 10
-4.0671
 20
-8.1573
 10
-4.0849
 20
-8.1484
 10
-4.1026
 20
-8.1395
 10
-4.1204
 20
-8.1305
 10
-4.1381
 20
-8.1215
 10
-4.1558
 20
-8.1125
 10
-4.1735
 20
-8.1034
 10
-4.1912
 20
-8.0943
 10
-4.2088
 20
-8.0851
 10
-4.2265
 20
-8.0759
 10
-4.2441
 20
-8.0667
 10
-4.2617
 20
-8.0574
 10
-4.2792
 20
-8.0481
 10
-4.2968
 20
-8.0387
 10
-4.3143
 20
-8.0293
 10
-4.3318
 20
-8.0199
 10
-4.3493
 20
-8.0104
 10
-4.3668
 20
-8.0009
 10
-4.3842
 20
-7.9914
 10
-4.4016
 20
-7.9818
 10
-4.419
 20
-7.9722
 10
-4.4364
 20
-7.9625
 10
-4.4538
 20
-7.9528
 10
-4.4711
 20
-7.9431
 10
-4.4884
 20
-7.9333
 10
-4.5057
 20
-7.9235
 10
-4.523
 20
-7.9136
 10
-4.5403
 20
-7.9037
 10
-4.5575
 20
-7.8938
 10
-4.5747
 20
-7.8839
 10
-4.5919
 20
-7.8739
 10
-4.6091
 20
-7.8638
 10
-4.6262
 20
-7.8537
 10
-4.6433
 20
-7.8436
 10
-4.6604
 20
-7.8335
 10
-4.6775
 20
-7.8233
 10
-4.6946
 20
-7.8131
 10
-4.7116
 20
-7.8028
 10
-4.7286
 20
-7.7925
 10
-4.7456
 20
-7.7822
 10
-4.7626
 20
-7.7718
 10
-4.7795
 20
-7.7614
 10
-4.7964
 20
-7.751
 10
-4.8133
 20
-7.7405
 10
-4.8302
 20
-7.73
 10
-4.8471
 20
-7.7194
 10
-4.8639
 20
-7.7088
 10
-4.8807
 20
-7.6982
 10
-4.8975
 20
-7.6875
 10
-4.9142
 20
-7.6768
 10
-4.931
 20
-7.6661
 10
-4.9477
 20
-7.6553
 10
-4.9644
 20
-7.6445
 10
-4.9811
 20
-7.6336
 10
-4.9977
 20
-7.6227
 10
-5.0143
 20
-7.6118
 10
-5.0309
 20
-7.6009
 10
-5.0475
 20
-7.5899
 10
-5.064
 20
-7.5788
 10
-5.0805
 20
-7.5678
 10
-5.097
 20
-7.5567
 10
-5.1135
 20
-7.5455
 10
-5.13
 20
-7.5344
 10
-5.1464
 20
-7.5232
 10
-5.1628
 20
-7.5119
 10
-5.1792
 20
-7.5006
 10
-5.1955
 20
-7.4893
 10
-5.2118
 20
-7.478
 10
-5.2281
 20
-7.4666
 10
-5.2444
 20
-7.4551
 10
-5.2607
 20
-7.4437
 10
-5.2769
 20
-7.4322
 10
-5.2931
 20
-7.4207
 10
-5.3093
 20
-7.4091
 10
-5.3254
 20
-7.3975
 10
-5.3416
 20
-7.3859
 10
-5.3577
 20
-7.3742
 10
-5.3737
 20
-7.3625
 10
-5.3898
 20
-7.3507
 10
-5.4058
 20
-7.339
 10
-5.4218
 20
-7.3272
 10
-5.4378
 20
-7.3153
 10
-5.4537
 20
-7.3034
 10
-5.4696
 20
-7.2915
 10
-5.4855
 20
-7.2796
 10
-5.5014
 20
-7.2676
 10
-5.5173
 20
-7.2556
 10
-5.5331
 20
-7.2435
 10
-5.5489
 20
-7.2314
 10
-5.5646
 20
-7.2193
 10
-5.5804
 20
-7.2071
 10
-5.5961
 20
-7.1949
 10
-5.6118
 20
-7.1827
 10
-5.6274
 20
-7.1705
 10
-5.643
 20
-7.1582
 10
-5.6586
 20
-7.1458
 10
-5.6742
 20
-7.1335
 10
-5.6898
 20
-7.1211
 10
-5.7053
 20
-7.1086
 10
-5.7208
 20
-7.0962
 10
-5.7363
 20
-7.0837
 10
-5.7517
 20
-7.0712
 10
-5.7671
 20
-7.0586
 10
-5.7825
 20
-7.046
 10
-5.7979
 20
-7.0334
 10
-5.8132
 20
-7.0207
 10
-5.8285
 20
-7.008
 10
-5.8438
 20
-6.9953
 10
-5.859
 20
-6.9825
 10
-5.8742
 20
-6.9697
 10
-5.8894
 20
-6.9569
 10
-5.9046
 20
-6.944
 10
-5.9197
 20
-6.9311
 10
-5.9348
 20
-6.9182
 10
-5.9499
 20
-6.9052
 10
-5.965
 20
-6.8922
 10
-5.98
 20
-6.8792
 10
-5.995
 20
-6.8661
 10
-6.0099
 20
-6.853
 10
-6.0249
 20
-6.8399
 10
-6.0398
 20
-6.8267
 10
-6.0547
 20
-6.8135
 10
-6.0695
 20
-6.8003
 10
-6.0843
 20
-6.7871
 10
-6.0991
 20
-6.7738
 10
-6.1139
 20
-6.7604
 10
-6.1286
 20
-6.7471
 10
-6.1433
 20
-6.7337
 10
-6.158
 20
-6.7203
 10
-6.1727
 20
-6.7068
 10
-6.1873
 20
-6.6933
 10
-6.2019
 20
-6.6798
 10
-6.2164
 20
-6.6663
 10
-6.2309
 20
-6.6527
 10
-6.2454
 20
-6.6391
 10
-6.2599
 20
-6.6255
 10
-6.2744
 20
-6.6118
 10
-6.2888
 20
-6.5981
 10
-6.3031
 20
-6.5843
 10
-6.3175
 20
-6.5706
 10
-6.3318
 20
-6.5568
 10
-6.3461
 20
-6.543
 10
-6.3604
 20
-6.5291
 10
-6.3746
 20
-6.5152
 10
-6.3888
 20
-6.5013
 10
-6.403
 20
-6.4873
 10
-6.4171
 20
-6.4733
 10
-6.4312
 20
-6.4593
 10
-6.4453
 20
-6.4453
 10
-6.4593
 20
-6.4312
 10
-6.4733
 20
-6.4171
 10
-6.4873
 20
-6.403
 10
-6.5013
 20
-6.3888
 10
-6.5152
 20
-6.3746
 10
-6.5291
 20
-6.3604
 10
-6.543
 20
-6.3461
 10
-6.5568
 20
-6.3318
 10
-6.5706
 20
-6.3175
 10
-6.5843
 20
-6.3031
 10
-6.5981
 20
-6.2888
 10
-6.6118
 20
-6.2744
 10
-6.6255
 20
-6.2599
 10
-6.6391
 20
-6.2454
 10
-6.6527
 20
-6.2309
 10
-6.6663
 20
-6.2164
 10
-6.6798
 20
-6.2019
 10
-6.6933
 20
-6.1873
 10
-6.7068
 20
-6.1727
 10
-6.7203
 20
-6.158
 10
-6.7337
 20
-6.1433
 10
-6.7471
 20
-6.1286
 10
-6.7604
 20
-6.1139
 10
-6.7738
 20
-6.0991
 10
-6.7871
 20
-6.0843
 10
-6.8003
 20
-6.0695
 10
-6.8135
 20
-6.0547
 10
-6.8267
 20
-6.0398
 10
-6.8399
 20
-6.0249
 10
-6.853
 20
-6.0099
 10
-6.8661
 20
-5.995
 10
-6.8792
 20
-5.98
 10
-6.8922
 20
-5.965
 10
-6.9052
 20
-5.9499
 10
-6.9182
 20
-5.9348
 10
-6.9311
 20
-5.9197
 10
-6.944
 20
-5.9046
 10
-6.9569
 20
-5.8894
 10
-6.9697
 20
-5.8742
 10
-6.9825
 20
-5.859
 10
-6.9953
 20
-5.8438
 10
-7.008
 20
-5.8285
 10
-7.0207
 20
-5.8132
 10
-7.0334
 20
-5.7979
 10
-7.046
 20
-5.7825
 10
-7.0586
 20
-5.7671
 10
-7.0712
 20
-5.7517
 10
-7.0837
 20
-5.7363
 10
-7.0962
 20
-5.7208
 10
-7.1086
 20
-5.7053
 10
-7.1211
 20
-5.6898
 10
-7.1335
 20
-5.6742
 10
-7.1458
 20
-5.6586
 10
-7.1582
 20
-5.643
 10
-7.1705
 20
-5.6274
 10
-7.1827
 20
-5.6118
 10
-7.1949
 20
-5.5961
 10
-7.2071
 20
-5.5804
 10
-7.2193
 20
-5.5646
 10
-7.2314
 20
-5.5489
 10
-7.2435
 20
-5.5331
 10
-7.2556
 20
-5.5173
 10
-7.2676
 20
-5.5014
 10
-7.2796
 20
-5.4855
 10
-7.2915
 20
-5.4696
 10
-7.3034
 20
-5.4537
 10
-7.3153
 20
-5.4378
 10
-7.3272
 20
-5.4218
 10
-7.339
 20
-5.4058
 10
-7.3507
 20
-5.3898
 10
-7.3625
 20
-5.3737
 10
-7.3742
 20
-5.3577
 10
-7.3859
 20
-5.3416
 10
-7.3975
 20
-5.3254
 10
-7.4091
 20
-5.3093
 10
-7.4207
 20
-5.2931
 10
-7.4322
 20
-5.2769
 10
-7.4437
 20
-5.2607
 10
-7.4551
 20
-5.2444
 10
-7.4666
 20
-5.2281
 10
-7.478
 20
-5.2118
 10
-7.4893
 20
-5.1955
 10
-7.5006
 20
-5.1792
 10
-7.5119
 20
-5.1628
 10
-7.5232
 20
-5.1464
 10
-7.5344
 20
-5.13
 10
-7.5455
 20
-5.1135
 10
-7.5567
 20
-5.097
 10
-7.5678
 20
-5.0805
 10
-7.5788
 20
-5.064
 10
-7.5899
 20
-5.0475
 10
-7.6009
 20
-5.0309
 10
-7.6118
 20
-5.0143
 10
-7.6227
 20
-4.9977
 10
-7.6336
 20
-4.9811
 10
-7.6445
 20
-4.9644
 10
-7.6553
 20
-4.9477
 10
-7.6661
 20
-4.931
 10
-7.6768
 20
-4.9142
 10
-7.6875
 20
-4.8975
 10
-7.6982
 20
-4.8807
 10
-7.7088
 20
-4.8639
 10
-7.7194
 20
-4.8471
 10
-7.73
 20
-4.8302
 10
-7.7405
 20
-4.8133
 10
-7.751
 20
-4.7964
 10
-7.7614
 20
-4.7795
 10
-7.7718
 20
-4.7626
 10
-7.7822
 20
-4.7456
 10
-7.7925
 20
-4.7286
 10
-7.8028
 20
-4.7116
 10
-7.8131
 20
-4.6946
 10
-7.8233
 20
-4.6775
 10
-7.8335
 20
-4.6604
 10
-7.8436
 20
-4.6433
 10
-7.8537
 20
-4.6262
 10
-7.8638
 20
-4.6091
 10
-7.8739
 20
-4.5919
 10
-7.8839
 20
-4.5747
 10
-7.8938
 20
-4.5575
 10
-7.9037
 20
-4.5403
 10
-7.9136
 20
-4.523
 10
-7.9235
 20
-4.5057
 10
-7.9333
 20
-4.4884
 10
-7.9431
 20
-4.4711
 10
-7.9528
 20
-4.4538
 10
-7.9625
 20
-4.4364
 10
-7.9722
 20
-4.419
 10
-7.9818
 20
-4.4016
 10
-7.9914
 20
-4.3842
 10
-8.0009
 20
-4.3668
 10
-8.0104
 20
-4.3493
 10
-8.0199
 20
-4.3318
 10
-8.0293
 20
-4.3143
 10
-8.0387
 20
-4.2968
 10
-8.0481
 20
-4.2792
 10
-8.0574
 20
-4.2617
 10
-8.0667
 20
-4.2441
 10
-8.0759
 20
-4.2265
 10
-8.0851
 20
-4.2088
 10
-8.0943
 20
-4.1912
 10
-8.1034
 20
-4.1735
 10
-8.1125
 20
-4.1558
 10
-8.1215
 20
-4.1381
 10
-8.1305
 20
-4.1204
 10
-8.1395
 20
-4.1026
 10
-8.1484
 20
-4.0849
 10
-8.1573
 20
-4.0671
 10
-8.1662
 20
-4.0493
 10
-8.175
 20
-4.0315
 10
-8.1838
 20
-4.0136
 10
-8.1925
 20
-3.9958
 10
-8.2012
 20
-3.9779
 10
-8.2099
 20
-3.96
 10
-8.2185
 20
-3.942
 10
-8.2271
 20
-3.9241
 10
-8.2356
 20
-3.9062
 10
-8.2441
 20
-3.8882
 10
-8.2526
 20
-3.8702
 10
-8.261
 20
-3.8522
 10
-8.2694
 20
-3.8341
 10
-8.2777
 20
-3.8161
 10
-8.286
 20
-3.798
 10
-8.2943
 20
-3.7799
 10
-8.3025
 20
-3.7618
 10
-8.3107
 20
-3.7437
 10
-8.3189
 20
-3.7256
 10
-8.327
 20
-3.7074
 10
-8.335
 20
-3.6892
 10
-8.3431
 20
-3.671
 10
-8.3511
 20
-3.6528
 10
-8.359
 20
-3.6346
 10
-8.3669
 20
-3.6164
 10
-8.3748
 20
-3.5981
 10
-8.3826
 20
-3.5798
 10
-8.3904
 20
-3.5615
 10
-8.3982
 20
-3.5432
 10
-8.4059
 20
-3.5249
 10
-8.4135
 20
-3.5065
 10
-8.4212
 20
-3.4882
 10
-8.4288
 20
-3.4698
 10
-8.4363
 20
-3.4514
 10
-8.4438
 20
-3.433
 10
-8.4513
 20
-3.4145
 10
-8.4587
 20
-3.3961
 10
-8.4661
 20
-3.3776
 10
-8.4734
 20
-3.3592
 10
-8.4808
 20
-3.3407
 10
-8.488
 20
-3.3221
 10
-8.4953
 20
-3.3036
 10
-8.5024
 20
-3.2851
 10
-8.5096
 20
-3.2665
 10
-8.5167
 20
-3.248
 10
-8.5238
 20
-3.2294
 10
-8.5308
 20
-3.2108
 10
-8.5378
 20
-3.1921
 10
-8.5447
 20
-3.1735
 10
-8.5516
 20
-3.1549
 10
-8.5585
 20
-3.1362
 10
-8.5653
 20
-3.1175
 10
-8.5721
 20
-3.0988
 10
-8.5788
 20
-3.0801
 10
-8.5855
 20
-3.0614
 10
-8.5922
 20
-3.0426
 10
-8.5988
 20
-3.0239
 10
-8.6054
 20
-3.0051
 10
-8.6119
 20
-2.9863
 10
-8.6184
 20
-2.9676
 10
-8.6249
 20
-2.9487
 10
-8.6313
 20
-2.9299
 10
-8.6376
 20
-2.9111
 10
-8.644
 20
-2.8922
 10
-8.6503
 20
-2.8734
 10
-8.6565
 20
-2.8545
 10
-8.6627
 20
-2.8356
 10
-8.6689
 20
-2.8167
 10
-8.675
 20
-2.7978
 10
-8.6811
 20
-2.7788
 10
-8.6871
 20
-2.7599
 10
-8.6931
 20
-2.7409
 10
-8.6991
 20
-2.722
 10
-8.705
 20
-2.703
 10
-8.7109
 20
-2.684
 10
-8.7167
 20
-2.665
 10
-8.7225
 20
-2.6459
 10
-8.7283
 20
-2.6269
 10
-8.734
 20
-2.6079
 10
-8.7396
 20
-2.5888
 10
-8.7453
 20
-2.5697
 10
-8.7509
 20
-2.5506
 10
-8.7564
 20
-2.5315
 10
-8.7619
 20
-2.5124
 10
-8.7674
 20
-2.4933
 10
-8.7728
 20
-2.4742
 10
-8.7782
 20
-2.455
 10
-8.7835
 20
-2.4359
 10
-8.7888
 20
-2.4167
 10
-8.794
 20
-2.3975
 10
-8.7992
 20
-2.3783
 10
-8.8044
 20
-2.3591
 10
-8.8095
 20
-2.3399
 10
-8.8146
 20
-2.3207
 10
-8.8197
 20
-2.3015
 10
-8.8247
 20
-2.2822
 10
-8.8296
 20
-2.263
 10
-8.8345
 20
-2.2437
 10
-8.8394
 20
-2.2244
 10
-8.8442
 20
-2.2051
 10
-8.849
 20
-2.1858
 10
-8.8538
 20
-2.1665
 10
-8.8585
 20
-2.1472
 10
-8.8632
 20
-2.1279
 10
-8.8678
 20
-2.1085
 10
-8.8724
 20
-2.0892
 10
-8.8769
 20
-2.0698
 10
-8.8814
 20
-2.0504
 10
-8.8858
 20
-2.031
 10
-8.8902
 20
-2.0117
 10
-8.8946
 20
-1.9923
 10
-8.8989
 20
-1.9728
 10
-8.9032
 20
-1.9534
 10
-8.9075
 20
-1.934
 10
-8.9117
 20
-1.9146
 10
-8.9158
 20
-1.8951
 10
-8.9199
 20
-1.8757
 10
-8.924
 20
-1.8562
 10
-8.928
 20
-1.8367
 10
-8.932
 20
-1.8172
 10
-8.936
 20
-1.7977
 10
-8.9399
 20
-1.7782
 10
-8.9437
 20
-1.7587
 10
-8.9475
 20
-1.7392
 10
-8.9513
 20
-1.7197
 10
-8.955
 20
-1.7002
 10
-8.9587
 20
-1.6806
 10
-8.9624
 20
-1.6611
 10
-8.966
 20
-1.6415
 10
-8.9695
 20
-1.622
 10
-8.973
 20
-1.6024
 10
-8.9765
 20
-1.5828
 10
-8.98
 20
-1.5632
 10
-8.9833
 20
-1.5436
 10
-8.9867
 20
-1.524
 10
-8.99
 20
-1.5044
 10
-8.9933
 20
-1.4848
 10
-8.9965
 20
-1.4652
 10
-8.9996
 20
-1.4455
 10
-9.0028
 20
-1.4259
 10
-9.0059
 20
-1.4063
 10
-9.0089
 20
-1.3866
 10
-9.0119
 20
-1.3669
 10
-9.0149
 20
-1.3473
 10
-9.0178
 20
-1.3276
 10
-9.0207
 20
-1.3079
 10
-9.0235
 20
-1.2883
 10
-9.0263
 20
-1.2686
 10
-9.029
 20
-1.2489
 10
-9.0317
 20
-1.2292
 10
-9.0344
 20
-1.2095
 10
-9.037
 20
-1.1897
 10
-9.0396
 20
-1.17
 10
-9.0421
 20
-1.1503
 10
-9.0446
 20
-1.1306
 10
-9.0471
 20
-1.1108
 10
-9.0495
 20
-1.0911
 10
-9.0518
 20
-1.0714
 10
-9.0541
 20
-1.0516
 10
-9.0564
 20
-1.0318
 10
-9.0586
 20
-1.0121
 10
-9.0608
 20
-0.9923
 10
-9.063
 20
-0.9726
 10
-9.0651
 20
-0.9528
 10
-9.0671
 20
-0.933
 10
-9.0691
 20
-0.9132
 10
-9.0711
 20
-0.8934
 10
-9.073
 20
-0.8736
 10
-9.0749
 20
-0.8538
 10
-9.0768
 20
-0.834
 10
-9.0786
 20
-0.8142
 10
-9.0803
 20
-0.7944
 10
-9.082
 20
-0.7746
 10
-9.0837
 20
-0.7548
 10
-9.0853
 20
-0.735
 10
-9.0869
 20
-0.7152
 10
-9.0884
 20
-0.6953
 10
-9.0899
 20
-0.6755
 10
-9.0914
 20
-0.6557
 10
-9.0928
 20
-0.6358
 10
-9.0942
 20
-0.616
 10
-9.0955
 20
-0.5961
 10
-9.0968
 20
-0.5763
 10
-9.098
 20
-0.5565
 10
-9.0992
 20
-0.5366
 10
-9.1003
 20
-0.5168
 10
-9.1014
 20
-0.4969
 10
-9.1025
 20
-0.477
 10
-9.1035
 20
-0.4572
 10
-9.1045
 20
-0.4373
 10
-9.1054
 20
-0.4175
 10
-9.1063
 20
-0.3976
 10
-9.1072
 20
-0.3777
 10
-9.108
 20
-0.3579
 10
-9.1087
 20
-0.338
 10
-9.1094
 20
-0.3181
 10
-9.1101
 20
-0.2982
 10
-9.1107
 20
-0.2784
 10
-9.1113
 20
-0.2585
 10
-9.1119
 20
-0.2386
 10
-9.1124
 20
-0.2187
 10
-9.1128
 20
-0.1988
 10
-9.1132
 20
-0.179
 10
-9.1136
 20
-0.1591
 10
-9.1139
 20
-0.1392
 10
-9.1142
 20
-0.1193
 10
-9.1145
 20
-0.0994
 10
-9.1147
 20
-0.0795
 10
-9.1148
 20
-0.0597
 10
-9.1149
 20
-0.0398
 10
-9.115
 20
-0.0199
 10
-9.115
 20
0.0
 10
-9.115
 20
0.0199
 10
-9.1149
 20
0.0398
 10
-9.1148
 20
0.0597
 10
-9.1147
 20
0.0795
 10
-9.1145
 20
0.0994
 10
-9.1142
 20
0.1193
 10
-9.1139
 20
0.1392
 10
-9.1136
 20
0.1591
 10
-9.1132
 20
0.179
 10
-9.1128
 20
0.1988
 10
-9.1124
 20
0.2187
 10
-9.1119
 20
0.2386
 10
-9.1113
 20
0.2585
 10
-9.1107
 20
0.2784
 10
-9.1101
 20
0.2982
 10
-9.1094
 20
0.3181
 10
-9.1087
 20
0.338
 10
-9.108
 20
0.3579
 10
-9.1072
 20
0.3777
 10
-9.1063
 20
0.3976
 10
-9.1054
 20
0.4175
 10
-9.1045
 20
0.4373
 10
-9.1035
 20
0.4572
 10
-9.1025
 20
0.477
 10
-9.1014
 20
0.4969
 10
-9.1003
 20
0.5168
 10
-9.0992
 20
0.5366
 10
-9.098
 20
0.5565
 10
-9.0968
 20
0.5763
 10
-9.0955
 20
0.5961
 10
-9.0942
 20
0.616
 10
-9.0928
 20
0.6358
 10
-9.0914
 20
0.6557
 10
-9.0899
 20
0.6755
 10
-9.0884
 20
0.6953
 10
-9.0869
 20
0.7152
 10
-9.0853
 20
0.735
 10
-9.0837
 20
0.7548
 10
-9.082
 20
0.7746
 10
-9.0803
 20
0.7944
 10
-9.0786
 20
0.8142
 10
-9.0768
 20
0.834
 10
-9.0749
 20
0.8538
 10
-9.073
 20
0.8736
 10
-9.0711
 20
0.8934
 10
-9.0691
 20
0.9132
 10
-9.0671
 20
0.933
 10
-9.0651
 20
0.9528
 10
-9.063
 20
0.9726
 10
-9.0608
 20
0.9923
 10
-9.0586
 20
1.0121
 10
-9.0564
 20
1.0318
 10
-9.0541
 20
1.0516
 10
-9.0518
 20
1.0714
 10
-9.0495
 20
1.0911
 10
-9.0471
 20
1.1108
 10
-9.0446
 20
1.1306
 10
-9.0421
 20
1.1503
 10
-9.0396
 20
1.17
 10
-9.037
 20
1.1897
 10
-9.0344
 20
1.2095
 10
-9.0317
 20
1.2292
 10
-9.029
 20
1.2489
 10
-9.0263
 20
1.2686
 10
-9.0235
 20
1.2883
 10
-9.0207
 20
1.3079
 10
-9.0178
 20
1.3276
 10
-9.0149
 20
1.3473
 10
-9.0119
 20
1.3669
 10
-9.0089
 20
1.3866
 10
-9.0059
 20
1.4063
 10
-9.0028
 20
1.4259
 10
-8.9996
 20
1.4455
 10
-8.9965
 20
1.4652
 10
-8.9933
 20
1.4848
 10
-8.99
 20
1.5044
 10
-8.9867
 20
1.524
 10
-8.9833
 20
1.5436
 10
-8.98
 20
1.5632
 10
-8.9765
 20
1.5828
 10
-8.973
 20
1.6024
 10
-8.9695
 20
1.622
 10
-8.966
 20
1.6415
 10
-8.9624
 20
1.6611
 10
-8.9587
 20
1.6806
 10
-8.955
 20
1.7002
 10
-8.9513
 20
1.7197
 10
-8.9475
 20
1.7392
 10
-8.9437
 20
1.7587
 10
-8.9399
 20
1.7782
 10
-8.936
 20
1.7977
 10
-8.932
 20
1.8172
 10
-8.928
 20
1.8367
 10
-8.924
 20
1.8562
 10
-8.9199
 20
1.8757
 10
-8.9158
 20
1.8951
 10
-8.9117
 20
1.9146
 10
-8.9075
 20
1.934
 10
-8.9032
 20
1.9534
 10
-8.8989
 20
1.9728
 10
-8.8946
 20
1.9923
 10
-8.8902
 20
2.0117
 10
-8.8858
 20
2.031
 10
-8.8814
 20
2.0504
 10
-8.8769
 20
2.0698
 10
-8.8724
 20
2.0892
 10
-8.8678
 20
2.1085
 10
-8.8632
 20
2.1279
 10
-8.8585
 20
2.1472
 10
-8.8538
 20
2.1665
 10
-8.849
 20
2.1858
 10
-8.8442
 20
2.2051
 10
-8.8394
 20
2.2244
 10
-8.8345
 20
2.2437
 10
-8.8296
 20
2.263
 10
-8.8247
 20
2.2822
 10
-8.8197
 20
2.3015
 10
-8.8146
 20
2.3207
 10
-8.8095
 20
2.3399
 10
-8.8044
 20
2.3591
 10
-8.7992
 20
2.3783
 10
-8.794
 20
2.3975
 10
-8.7888
 20
2.4167
 10
-8.7835
 20
2.4359
 10
-8.7782
 20
2.455
 10
-8.7728
 20
2.4742
 10
-8.7674
 20
2.4933
 10
-8.7619
 20
2.5124
 10
-8.7564
 20
2.5315
 10
-8.7509
 20
2.5506
 10
-8.7453
 20
2.5697
 10
-8.7396
 20
2.5888
 10
-8.734
 20
2.6079
 10
-8.7283
 20
2.6269
 10
-8.7225
 20
2.6459
 10
-8.7167
 20
2.665
 10
-8.7109
 20
2.684
 10
-8.705
 20
2.703
 10
-8.6991
 20
2.722
 10
-8.6931
 20
2.7409
 10
-8.6871
 20
2.7599
 10
-8.6811
 20
2.7788
 10
-8.675
 20
2.7978
 10
-8.6689
 20
2.8167
 10
-8.6627
 20
2.8356
 10
-8.6565
 20
2.8545
 10
-8.6503
 20
2.8734
 10
-8.644
 20
2.8922
 10
-8.6376
 20
2.9111
 10
-8.6313
 20
2.9299
 10
-8.6249
 20
2.9487
 10
-8.6184
 20
2.9676
 10
-8.6119
 20
2.9863
 10
-8.6054
 20
3.0051
 10
-8.5988
 20
3.0239
 10
-8.5922
 20
3.0426
 10
-8.5855
 20
3.0614
 10
-8.5788
 20
3.0801
 10
-8.5721
 20
3.0988
 10
-8.5653
 20
3.1175
 10
-8.5585
 20
3.1362
 10
-8.5516
 20
3.1549
 10
-8.5447
 20
3.1735
 10
-8.5378
 20
3.1921
 10
-8.5308
 20
3.2108
 10
-8.5238
 20
3.2294
 10
-8.5167
 20
3.248
 10
-8.5096
 20
3.2665
 10
-8.5024
 20
3.2851
 10
-8.4953
 20
3.3036
 10
-8.488
 20
3.3221
 10
-8.4808
 20
3.3407
 10
-8.4734
 20
3.3592
 10
-8.4661
 20
3.3776
 10
-8.4587
 20
3.3961
 10
-8.4513
 20
3.4145
 10
-8.4438
 20
3.433
 10
-8.4363
 20
3.4514
 10
-8.4288
 20
3.4698
 10
-8.4212
 20
3.4882
 10
-8.4135
 20
3.5065
 10
-8.4059
 20
3.5249
 10
-8.3982
 20
3.5432
 10
-8.3904
 20
3.5615
 10
-8.3826
 20
3.5798
 10
-8.3748
 20
3.5981
 10
-8.3669
 20
3.6164
 10
-8.359
 20
3.6346
 10
-8.3511
 20
3.6528
 10
-8.3431
 20
3.671
 10
-8.335
 20
3.6892
 10
-8.327
 20
3.7074
 10
-8.3189
 20
3.7256
 10
-8.3107
 20
3.7437
 10
-8.3025
 20
3.7618
 10
-8.2943
 20
3.7799
 10
-8.286
 20
3.798
 10
-8.2777
 20
3.8161
 10
-8.2694
 20
3.8341
 10
-8.261
 20
3.8522
 10
-8.2526
 20
3.8702
 10
-8.2441
 20
3.8882
 10
-8.2356
 20
3.9062
 10
-8.2271
 20
3.9241
 10
-8.2185
 20
3.942
 10
-8.2099
 20
3.96
 10
-8.2012
 20
3.9779
 10
-8.1925
 20
3.9958
 10
-8.1838
 20
4.0136
 10
-8.175
 20
4.0315
 10
-8.1662
 20
4.0493
 10
-8.1573
 20
4.0671
 10
-8.1484
 20
4.0849
 10
-8.1395
 20
4.1026
 10
-8.1305
 20
4.1204
 10
-8.1215
 20
4.1381
 10
-8.1125
 20
4.1558
 10
-8.1034
 20
4.1735
 10
-8.0943
 20
4.1912
 10
-8.0851
 20
4.2088
 10
-8.0759
 20
4.2265
 10
-8.0667
 20
4.2441
 10
-8.0574
 20
4.2617
 10
-8.0481
 20
4.2792
 10
-8.0387
 20
4.2968
 10
-8.0293
 20
4.3143
 10
-8.0199
 20
4.3318
 10
-8.0104
 20
4.3493
 10
-8.0009
 20
4.3668
 10
-7.9914
 20
4.3842
 10
-7.9818
 20
4.4016
 10
-7.9722
 20
4.419
 10
-7.9625
 20
4.4364
 10
-7.9528
 20
4.4538
 10
-7.9431
 20
4.4711
 10
-7.9333
 20
4.4884
 10
-7.9235
 20
4.5057
 10
-7.9136
 20
4.523
 10
-7.9037
 20
4.5403
 10
-7.8938
 20
4.5575
 10
-7.8839
 20
4.5747
 10
-7.8739
 20
4.5919
 10
-7.8638
 20
4.6091
 10
-7.8537
 20
4.6262
 10
-7.8436
 20
4.6433
 10
-7.8335
 20
4.6604
 10
-7.8233
 20
4.6775
 10
-7.8131
 20
4.6946
 10
-7.8028
 20
4.7116
 10
-7.7925
 20
4.7286
 10
-7.7822
 20
4.7456
 10
-7.7718
 20
4.7626
 10
-7.7614
 20
4.7795
 10
-7.751
 20
4.7964
 10
-7.7405
 20
4.8133
 10
-7.73
 20
4.8302
 10
-7.7194
 20
4.8471
 10
-7.7088
 20
4.8639
 10
-7.6982
 20
4.8807
 10
-7.6875
 20
4.8975
 10
-7.6768
 20
4.9142
 10
-7.6661
 20
4.931
 10
-7.6553
 20
4.9477
 10
-7.6445
 20
4.9644
 10
-7.6336
 20
4.9811
 10
-7.6227
 20
4.9977
 10
-7.6118
 20
5.0143
 10
-7.6009
 20
5.0309
 10
-7.5899
 20
5.0475
 10
-7.5788
 20
5.064
 10
-7.5678
 20
5.0805
 10
-7.5567
 20
5.097
 10
-7.5455
 20
5.1135
 10
-7.5344
 20
5.13
 10
-7.5232
 20
5.1464
 10
-7.5119
 20
5.1628
 10
-7.5006
 20
5.1792
 10
-7.4893
 20
5.1955
 10
-7.478
 20
5.2118
 10
-7.4666
 20
5.2281
 10
-7.4551
 20
5.2444
 10
-7.4437
 20
5.2607
 10
-7.4322
 20
5.2769
 10
-7.4207
 20
5.2931
 10
-7.4091
 20
5.3093
 10
-7.3975
 20
5.3254
 10
-7.3859
 20
5.3416
 10
-7.3742
 20
5.3577
 10
-7.3625
 20
5.3737
 10
-7.3507
 20
5.3898
 10
-7.339
 20
5.4058
 10
-7.3272
 20
5.4218
 10
-7.3153
 20
5.4378
 10
-7.3034
 20
5.4537
 10
-7.2915
 20
5.4696
 10
-7.2796
 20
5.4855
 10
-7.2676
 20
5.5014
 10
-7.2556
 20
5.5173
 10
-7.2435
 20
5.5331
 10
-7.2314
 20
5.5489
 10
-7.2193
 20
5.5646
 10
-7.2071
 20
5.5804
 10
-7.1949
 20
5.5961
 10
-7.1827
 20
5.6118
 10
-7.1705
 20
5.6274
 10
-7.1582
 20
5.643
 10
-7.1458
 20
5.6586
 10
-7.1335
 20
5.6742
 10
-7.1211
 20
5.6898
 10
-7.1086
 20
5.7053
 10
-7.0962
 20
5.7208
 10
-7.0837
 20
5.7363
 10
-7.0712
 20
5.7517
 10
-7.0586
 20
5.7671
 10
-7.046
 20
5.7825
 10
-7.0334
 20
5.7979
 10
-7.0207
 20
5.8132
 10
-7.008
 20
5.8285
 10
-6.9953
 20
5.8438
 10
-6.9825
 20
5.859
 10
-6.9697
 20
5.8742
 10
-6.9569
 20
5.8894
 10
-6.944
 20
5.9046
 10
-6.9311
 20
5.9197
 10
-6.9182
 20
5.9348
 10
-6.9052
 20
5.9499
 10
-6.8922
 20
5.965
 10
-6.8792
 20
5.98
 10
-6.8661
 20
5.995
 10
-6.853
 20
6.0099
 10
-6.8399
 20
6.0249
 10
-6.8267
 20
6.0398
 10
-6.8135
 20
6.0547
 10
-6.8003
 20
6.0695
 10
-6.7871
 20
6.0843
 10
-6.7738
 20
6.0991
 10
-6.7604
 20
6.1139
 10
-6.7471
 20
6.1286
 10
-6.7337
 20
6.1433
 10
-6.7203
 20
6.158
 10
-6.7068
 20
6.1727
 10
-6.6933
 20
6.1873
 10
-6.6798
 20
6.2019
 10
-6.6663
 20
6.2164
 10
-6.6527
 20
6.2309
 10
-6.6391
 20
6.2454
 10
-6.6255
 20
6.2599
 10
-6.6118
 20
6.2744
 10
-6.5981
 20
6.2888
 10
-6.5843
 20
6.3031
 10
-6.5706
 20
6.3175
 10
-6.5568
 20
6.3318
 10
-6.543
 20
6.3461
 10
-6.5291
 20
6.3604
 10
-6.5152
 20
6.3746
 10
-6.5013
 20
6.3888
 10
-6.4873
 20
6.403
 10
-6.4733
 20
6.4171
 10
-6.4593
 20
6.4312
 10
-6.4453
 20
6.4453
 10
-6.4312
 20
6.4593
 10
-6.4171
 20
6.4733
 10
-6.403
 20
6.4873
 10
-6.3888
 20
6.5013
 10
-6.3746
 20
6.5152
 10
-6.3604
 20
6.5291
 10
-6.3461
 20
6.543
 10
-6.3318
 20
6.5568
 10
-6.3175
 20
6.5706
 10
-6.3031
 20
6.5843
 10
-6.2888
 20
6.5981
 10
-6.2744
 20
6.6118
 10
-6.2599
 20
6.6255
 10
-6.2454
 20
6.6391
 10
-6.2309
 20
6.6527
 10
-6.2164
 20
6.6663
 10
-6.2019
 20
6.6798
 10
-6.1873
 20
6.6933
 10
-6.1727
 20
6.7068
 10
-6.158
 20
6.7203
 10
-6.1433
 20
6.7337
 10
-6.1286
 20
6.7471
 10
-6.1139
 20
6.7604
 10
-6.0991
 20
6.7738
 10
-6.0843
 20
6.7871
 10
-6.0695
 20
6.8003
 10
-6.0547
 20
6.8135
 10
-6.0398
 20
6.8267
 10
-6.0249
 20
6.8399
 10
-6.0099
 20
6.853
 10
-5.995
 20
6.8661
 10
-5.98
 20
6.8792
 10
-5.965
 20
6.8922
 10
-5.9499
 20
6.9052
 10
-5.9348
 20
6.9182
 10
-5.9197
 20
6.9311
 10
-5.9046
 20
6.944
 10
-5.8894
 20
6.9569
 10
-5.8742
 20
6.9697
 10
-5.859
 20
6.9825
 10
-5.8438
 20
6.9953
 10
-5.8285
 20
7.008
 10
-5.8132
 20
7.0207
 10
-5.7979
 20
7.0334
 10
-5.7825
 20
7.046
 10
-5.7671
 20
7.0586
 10
-5.7517
 20
7.0712
 10
-5.7363
 20
7.0837
 10
-5.7208
 20
7.0962
 10
-5.7053
 20
7.1086
 10
-5.6898
 20
7.1211
 10
-5.6742
 20
7.1335
 10
-5.6586
 20
7.1458
 10
-5.643
 20
7.1582
 10
-5.6274
 20
7.1705
 10
-5.6118
 20
7.1827
 10
-5.5961
 20
7.1949
 10
-5.5804
 20
7.2071
 10
-5.5646
 20
7.2193
 10
-5.5489
 20
7.2314
 10
-5.5331
 20
7.2435
 10
-5.5173
 20
7.2556
 10
-5.5014
 20
7.2676
 10
-5.4855
 20
7.2796
 10
-5.4696
 20
7.2915
 10
-5.4537
 20
7.3034
 10
-5.4378
 20
7.3153
 10
-5.4218
 20
7.3272
 10
-5.4058
 20
7.339
 10
-5.3898
 20
7.3507
 10
-5.3737
 20
7.3625
 10
-5.3577
 20
7.3742
 10
-5.3416
 20
7.3859
 10
-5.3254
 20
7.3975
 10
-5.3093
 20
7.4091
 10
-5.2931
 20
7.4207
 10
-5.2769
 20
7.4322
 10
-5.2607
 20
7.4437
 10
-5.2444
 20
7.4551
 10
-5.2281
 20
7.4666
 10
-5.2118
 20
7.478
 10
-5.1955
 20
7.4893
 10
-5.1792
 20
7.5006
 10
-5.1628
 20
7.5119
 10
-5.1464
 20
7.5232
 10
-5.13
 20
7.5344
 10
-5.1135
 20
7.5455
 10
-5.097
 20
7.5567
 10
-5.0805
 20
7.5678
 10
-5.064
 20
7.5788
 10
-5.0475
 20
7.5899
 10
-5.0309
 20
7.6009
 10
-5.0143
 20
7.6118
 10
-4.9977
 20
7.6227
 10
-4.9811
 20
7.6336
 10
-4.9644
 20
7.6445
 10
-4.9477
 20
7.6553
 10
-4.931
 20
7.6661
 10
-4.9142
 20
7.6768
 10
-4.8975
 20
7.6875
 10
-4.8807
 20
7.6982
 10
-4.8639
 20
7.7088
 10
-4.8471
 20
7.7194
 10
-4.8302
 20
7.73
 10
-4.8133
 20
7.7405
 10
-4.7964
 20
7.751
 10
-4.7795
 20
7.7614
 10
-4.7626
 20
7.7718
 10
-4.7456
 20
7.7822
 10
-4.7286
 20
7.7925
 10
-4.7116
 20
7.8028
 10
-4.6946
 20
7.8131
 10
-4.6775
 20
7.8233
 10
-4.6604
 20
7.8335
 10
-4.6433
 20
7.8436
 10
-4.6262
 20
7.8537
 10
-4.6091
 20
7.8638
 10
-4.5919
 20
7.8739
 10
-4.5747
 20
7.8839
 10
-4.5575
 20
7.8938
 10
-4.5403
 20
7.9037
 10
-4.523
 20
7.9136
 10
-4.5057
 20
7.9235
 10
-4.4884
 20
7.9333
 10
-4.4711
 20
7.9431
 10
-4.4538
 20
7.9528
 10
-4.4364
 20
7.9625
 10
-4.419
 20
7.9722
 10
-4.4016
 20
7.9818
 10
-4.3842
 20
7.9914
 10
-4.3668
 20
8.0009
 10
-4.3493
 20
8.0104
 10
-4.3318
 20
8.0199
 10
-4.3143
 20
8.0293
 10
-4.2968
 20
8.0387
 10
-4.2792
 20
8.0481
 10
-4.2617
 20
8.0574
 10
-4.2441
 20
8.0667
 10
-4.2265
 20
8.0759
 10
-4.2088
 20
8.0851
 10
-4.1912
 20
8.0943
 10
-4.1735
 20
8.1034
 10
-4.1558
 20
8.1125
 10
-4.1381
 20
8.1215
 10
-4.1204
 20
8.1305
 10
-4.1026
 20
8.1395
 10
-4.0849
 20
8.1484
 10
-4.0671
 20
8.1573
 10
-4.0493
 20
8.1662
 10
-4.0315
 20
8.175
 10
-4.0136
 20
8.1838
 10
-3.9958
 20
8.1925
 10
-3.9779
 20
8.2012
 10
-3.96
 20
8.2099
 10
-3.942
 20
8.2185
 10
-3.9241
 20
8.2271
 10
-3.9062
 20
8.2356
 10
-3.8882
 20
8.2441
 10
-3.8702
 20
8.2526
 10
-3.8522
 20
8.261
 10
-3.8341
 20
8.2694
 10
-3.8161
 20
8.2777
 10
-3.798
 20
8.286
 10
-3.7799
 20
8.2943
 10
-3.7618
 20
8.3025
 10
-3.7437
 20
8.3107
 10
-3.7256
 20
8.3189
 10
-3.7074
 20
8.327
 10
-3.6892
 20
8.335
 10
-3.671
 20
8.3431
 10
-3.6528
 20
8.3511
 10
-3.6346
 20
8.359
 10
-3.6164
 20
8.3669
 10
-3.5981
 20
8.3748
 10
-3.5798
 20
8.3826
 10
-3.5615
 20
8.3904
 10
-3.5432
 20
8.3982
 10
-3.5249
 20
8.4059
 10
-3.5065
 20
8.4135
 10
-3.4882
 20
8.4212
 10
-3.4698
 20
8.4288
 10
-3.4514
 20
8.4363
 10
-3.433
 20
8.4438
 10
-3.4145
 20
8.4513
 10
-3.3961
 20
8.4587
 10
-3.3776
 20
8.4661
 10
-3.3592
 20
8.4734
 10
-3.3407
 20
8.4808
 10
-3.3221
 20
8.488
 10
-3.3036
 20
8.4953
 10
-3.2851
 20
8.5024
 10
-3.2665
 20
8.5096
 10
-3.248
 20
8.5167
 10
-3.2294
 20
8.5238
 10
-3.2108
 20
8.5308
 10
-3.1921
 20
8.5378
 10
-3.1735
 20
8.5447
 10
-3.1549
 20
8.5516
 10
-3.1362
 20
8.5585
 10
-3.1175
 20
8.5653
 10
-3.0988
 20
8.5721
 10
-3.0801
 20
8.5788
 10
-3.0614
 20
8.5855
 10
-3.0426
 20
8.5922
 10
-3.0239
 20
8.5988
 10
-3.0051
 20
8.6054
 10
-2.9863
 20
8.6119
 10
-2.9676
 20
8.6184
 10
-2.9487
 20
8.6249
 10
-2.9299
 20
8.6313
 10
-2.9111
 20
8.6376
 10
-2.8922
 20
8.644
 10
-2.8734
 20
8.6503
 10
-2.8545
 20
8.6565
 10
-2.8356
 20
8.6627
 10
-2.8167
 20
8.6689
 10
-2.7978
 20
8.675
 10
-2.7788
 20
8.6811
 10
-2.7599
 20
8.6871
 10
-2.7409
 20
8.6931
 10
-2.722
 20
8.6991
 10
-2.703
 20
8.705
 10
-2.684
 20
8.7109
 10
-2.665
 20
8.7167
 10
-2.6459
 20
8.7225
 10
-2.6269
 20
8.7283
 10
-2.6079
 20
8.734
 10
-2.5888
 20
8.7396
 10
-2.5697
 20
8.7453
 10
-2.5506
 20
8.7509
 10
-2.5315
 20
8.7564
 10
-2.5124
 20
8.7619
 10
-2.4933
 20
8.7674
 10
-2.4742
 20
8.7728
 10
-2.455
 20
8.7782
 10
-2.4359
 20
8.7835
 10
-2.4167
 20
8.7888
 10
-2.3975
 20
8.794
 10
-2.3783
 20
8.7992
 10
-2.3591
 20
8.8044
 10
-2.3399
 20
8.8095
 10
-2.3207
 20
8.8146
 10
-2.3015
 20
8.8197
 10
-2.2822
 20
8.8247
 10
-2.263
 20
8.8296
 10
-2.2437
 20
8.8345
 10
-2.2244
 20
8.8394
 10
-2.2051
 20
8.8442
 10
-2.1858
 20
8.849
 10
-2.1665
 20
8.8538
 10
-2.1472
 20
8.8585
 10
-2.1279
 20
8.8632
 10
-2.1085
 20
8.8678
 10
-2.0892
 20
8.8724
 10
-2.0698
 20
8.8769
 10
-2.0504
 20
8.8814
 10
-2.031
 20
8.8858
 10
-2.0117
 20
8.8902
 10
-1.9923
 20
8.8946
 10
-1.9728
 20
8.8989
 10
-1.9534
 20
8.9032
 10
-1.934
 20
8.9075
 10
-1.9146
 20
8.9117
 10
-1.8951
 20
8.9158
 10
-1.8757
 20
8.9199
 10
-1.8562
 20
8.924
 10
-1.8367
 20
8.928
 10
-1.8172
 20
8.932
 10
-1.7977
 20
8.936
 10
-1.7782
 20
8.9399
 10
-1.7587
 20
8.9437
 10
-1.7392
 20
8.9475
 10
-1.7197
 20
8.9513
 10
-1.7002
 20
8.955
 10
-1.6806
 20
8.9587
 10
-1.6611
 20
8.9624
 10
-1.6415
 20
8.966
 10
-1.622
 20
8.9695
 10
-1.6024
 20
8.973
 10
-1.5828
 20
8.9765
 10
-1.5632
 20
8.98
 10
-1.5436
 20
8.9833
 10
-1.524
 20
8.9867
 10
-1.5044
 20
8.99
 10
-1.4848
 20
8.9933
 10
-1.4652
 20
8.9965
 10
-1.4455
 20
8.9996
 10
-1.4259
 20
9.0028
 10
-1.4063
 20
9.0059
 10
-1.3866
 20
9.0089
 10
-1.3669
 20
9.0119
 10
-1.3473
 20
9.0149
 10
-1.3276
 20
9.0178
 10
-1.3079
 20
9.0207
 10
-1.2883
 20
9.0235
 10
-1.2686
 20
9.0263
 10
-1.2489
 20
9.029
 10
-1.2292
 20
9.0317
 10
-1.2095
 20
9.0344
 10
-1.1897
 20
9.037
 10
-1.17
 20
9.0396
 10
-1.1503
 20
9.0421
 10
-1.1306
 20
9.0446
 10
-1.1108
 20
9.0471
 10
-1.0911
 20
9.0495
 10
-1.0714
 20
9.0518
 10
-1.0516
 20
9.0541
 10
-1.0318
 20
9.0564
 10
-1.0121
 20
9.0586
 10
-0.9923
 20
9.0608
 10
-0.9726
 20
9.063
 10
-0.9528
 20
9.0651
 10
-0.933
 20
9.0671
 10
-0.9132
 20
9.0691
 10
-0.8934
 20
9.0711
 10
-0.8736
 20
9.073
 10
-0.8538
 20
9.0749
 10
-0.834
 20
9.0768
 10
-0.8142
 20
9.0786
 10
-0.7944
 20
9.0803
 10
-0.7746
 20
9.082
 10
-0.7548
 20
9.0837
 10
-0.735
 20
9.0853
 10
-0.7152
 20
9.0869
 10
-0.6953
 20
9.0884
 10
-0.6755
 20
9.0899
 10
-0.6557
 20
9.0914
 10
-0.6358
 20
9.0928
 10
-0.616
 20
9.0942
 10
-0.5961
 20
9.0955
 10
-0.5763
 20
9.0968
 10
-0.5565
 20
9.098
 10
-0.5366
 20
9.0992
 10
-0.5168
 20
9.1003
 10
-0.4969
 20
9.1014
 10
-0.477
 20
9.1025
 10
-0.4572
 20
9.1035
 10
-0.4373
 20
9.1045
 10
-0.4175
 20
9.1054
 10
-0.3976
 20
9.1063
 10
-0.3777
 20
9.1072
 10
-0.3579
 20
9.108
 10
-0.338
 20
9.1087
 10
-0.3181
 20
9.1094
 10
-0.2982
 20
9.1101
 10
-0.2784
 20
9.1107
 10
-0.2585
 20
9.1113
 10
-0.2386
 20
9.1119
 10
-0.2187
 20
9.1124
 10
-0.1988
 20
9.1128
 10
-0.179
 20
9.1132
 10
-0.1591
 20
9.1136
 10
-0.1392
 20
9.1139
 10
-0.1193
 20
9.1142
 10
-0.0994
 20
9.1145
 10
-0.0795
 20
9.1147
 10
-0.0597
 20
9.1148
 10
-0.0398
 20
9.1149
 10
-0.0199
 20
9.115
 10
0.0
 20
9.115
 10
0.0199
 20
9.115
 10
0.0398
 20
9.1149
 10
0.0597
 20
9.1148
 10
0.0795
 20
9.1147
 10
0.0994
 20
9.1145
 10
0.1193
 20
9.1142
 10
0.1392
 20
9.1139
 10
0.1591
 20
9.1136
 10
0.179
 20
9.1132
 10
0.1988
 20
9.1128
 10
0.2187
 20
9.1124
 10
0.2386
 20
9.1119
 10
0.2585
 20
9.1113
 10
0.2784
 20
9.1107
 10
0.2982
 20
9.1101
 10
0.3181
 20
9.1094
 10
0.338
 20
9.1087
 10
0.3579
 20
9.108
 10
0.3777
 20
9.1072
 10
0.3976
 20
9.1063
 10
0.4175
 20
9.1054
 10
0.4373
 20
9.1045
 10
0.4572
 20
9.1035
 10
0.477
 20
9.1025
 10
0.4969
 20
9.1014
 10
0.5168
 20
9.1003
 10
0.5366
 20
9.0992
 10
0.5565
 20
9.098
 10
0.5763
 20
9.0968
 10
0.5961
 20
9.0955
 10
0.616
 20
9.0942
 10
0.6358
 20
9.0928
 10
0.6557
 20
9.0914
 10
0.6755
 20
9.0899
 10
0.6953
 20
9.0884
 10
0.7152
 20
9.0869
 10
0.735
 20
9.0853
 10
0.7548
 20
9.0837
 10
0.7746
 20
9.082
 10
0.7944
 20
9.0803
 10
0.8142
 20
9.0786
 10
0.834
 20
9.0768
 10
0.8538
 20
9.0749
 10
0.8736
 20
9.073
 10
0.8934
 20
9.0711
 10
0.9132
 20
9.0691
 10
0.933
 20
9.0671
 10
0.9528
 20
9.0651
 10
0.9726
 20
9.063
 10
0.9923
 20
9.0608
 10
1.0121
 20
9.0586
 10
1.0318
 20
9.0564
 10
1.0516
 20
9.0541
 10
1.0714
 20
9.0518
 10
1.0911
 20
9.0495
 10
1.1108
 20
9.0471
 10
1.1306
 20
9.0446
 10
1.1503
 20
9.0421
 10
1.17
 20
9.0396
 10
1.1897
 20
9.037
 10
1.2095
 20
9.0344
 10
1.2292
 20
9.0317
 10
1.2489
 20
9.029
 10
1.2686
 20
9.0263
 10
1.2883
 20
9.0235
 10
1.3079
 20
9.0207
 10
1.3276
 20
9.0178
 10
1.3473
 20
9.0149
 10
1.3669
 20
9.0119
 10
1.3866
 20
9.0089
 10
1.4063
 20
9.0059
 10
1.4259
 20
9.0028
 10
1.4455
 20
8.9996
 10
1.4652
 20
8.9965
 10
1.4848
 20
8.9933
 10
1.5044
 20
8.99
 10
1.524
 20
8.9867
 10
1.5436
 20
8.9833
 10
1.5632
 20
8.98
 10
1.5828
 20
8.9765
 10
1.6024
 20
8.973
 10
1.622
 20
8.9695
 10
1.6415
 20
8.966
 10
1.6611
 20
8.9624
 10
1.6806
 20
8.9587
 10
1.7002
 20
8.955
 10
1.7197
 20
8.9513
 10
1.7392
 20
8.9475
 10
1.7587
 20
8.9437
 10
1.7782
 20
8.9399
 10
1.7977
 20
8.936
 10
1.8172
 20
8.932
 10
1.8367
 20
8.928
 10
1.8562
 20
8.924
 10
1.8757
 20
8.9199
 10
1.8951
 20
8.9158
 10
1.9146
 20
8.9117
 10
1.934
 20
8.9075
 10
1.9534
 20
8.9032
 10
1.9728
 20
8.8989
 10
1.9923
 20
8.8946
 10
2.0117
 20
8.8902
 10
2.031
 20
8.8858
 10
2.0504
 20
8.8814
 10
2.0698
 20
8.8769
 10
2.0892
 20
8.8724
 10
2.1085
 20
8.8678
 10
2.1279
 20
8.8632
 10
2.1472
 20
8.8585
 10
2.1665
 20
8.8538
 10
2.1858
 20
8.849
 10
2.2051
 20
8.8442
 10
2.2244
 20
8.8394
 10
2.2437
 20
8.8345
 10
2.263
 20
8.8296
 10
2.2822
 20
8.8247
 10
2.3015
 20
8.8197
 10
2.3207
 20
8.8146
 10
2.3399
 20
8.8095
 10
2.3591
 20
8.8044
 10
2.3783
 20
8.7992
 10
2.3975
 20
8.794
 10
2.4167
 20
8.7888
 10
2.4359
 20
8.7835
 10
2.455
 20
8.7782
 10
2.4742
 20
8.7728
 10
2.4933
 20
8.7674
 10
2.5124
 20
8.7619
 10
2.5315
 20
8.7564
 10
2.5506
 20
8.7509
 10
2.5697
 20
8.7453
 10
2.5888
 20
8.7396
 10
2.6079
 20
8.734
 10
2.6269
 20
8.7283
 10
2.6459
 20
8.7225
 10
2.665
 20
8.7167
 10
2.684
 20
8.7109
 10
2.703
 20
8.705
 10
2.722
 20
8.6991
 10
2.7409
 20
8.6931
 10
2.7599
 20
8.6871
 10
2.7788
 20
8.6811
 10
2.7978
 20
8.675
 10
2.8167
 20
8.6689
 10
2.8356
 20
8.6627
 10
2.8545
 20
8.6565
 10
2.8734
 20
8.6503
 10
2.8922
 20
8.644
 10
2.9111
 20
8.6376
 10
2.9299
 20
8.6313
 10
2.9487
 20
8.6249
 10
2.9676
 20
8.6184
 10
2.9863
 20
8.6119
 10
3.0051
 20
8.6054
 10
3.0239
 20
8.5988
 10
3.0426
 20
8.5922
 10
3.0614
 20
8.5855
 10
3.0801
 20
8.5788
 10
3.0988
 20
8.5721
 10
3.1175
 20
8.5653
 10
3.1362
 20
8.5585
 10
3.1549
 20
8.5516
 10
3.1735
 20
8.5447
 10
3.1921
 20
8.5378
 10
3.2108
 20
8.5308
 10
3.2294
 20
8.5238
 10
3.248
 20
8.5167
 10
3.2665
 20
8.5096
 10
3.2851
 20
8.5024
 10
3.3036
 20
8.4953
 10
3.3221
 20
8.488
 10
3.3407
 20
8.4808
 10
3.3592
 20
8.4734
 10
3.3776
 20
8.4661
 10
3.3961
 20
8.4587
 10
3.4145
 20
8.4513
 10
3.433
 20
8.4438
 10
3.4514
 20
8.4363
 10
3.4698
 20
8.4288
 10
3.4882
 20
8.4212
 10
3.5065
 20
8.4135
 10
3.5249
 20
8.4059
 10
3.5432
 20
8.3982
 10
3.5615
 20
8.3904
 10
3.5798
 20
8.3826
 10
3.5981
 20
8.3748
 10
3.6164
 20
8.3669
 10
3.6346
 20
8.359
 10
3.6528
 20
8.3511
 10
3.671
 20
8.3431
 10
3.6892
 20
8.335
 10
3.7074
 20
8.327
 10
3.7256
 20
8.3189
 10
3.7437
 20
8.3107
 10
3.7618
 20
8.3025
 10
3.7799
 20
8.2943
 10
3.798
 20
8.286
 10
3.8161
 20
8.2777
 10
3.8341
 20
8.2694
 10
3.8522
 20
8.261
 10
3.8702
 20
8.2526
 10
3.8882
 20
8.2441
 10
3.9062
 20
8.2356
 10
3.9241
 20
8.2271
 10
3.942
 20
8.2185
 10
3.96
 20
8.2099
 10
3.9779
 20
8.2012
 10
3.9958
 20
8.1925
 10
4.0136
 20
8.1838
 10
4.0315
 20
8.175
 10
4.0493
 20
8.1662
 10
4.0671
 20
8.1573
 10
4.0849
 20
8.1484
 10
4.1026
 20
8.1395
 10
4.1204
 20
8.1305
 10
4.1381
 20
8.1215
 10
4.1558
 20
8.1125
 10
4.1735
 20
8.1034
 10
4.1912
 20
8.0943
 10
4.2088
 20
8.0851
 10
4.2265
 20
8.0759
 10
4.2441
 20
8.0667
 10
4.2617
 20
8.0574
 10
4.2792
 20
8.0481
 10
4.2968
 20
8.0387
 10
4.3143
 20
8.0293
 10
4.3318
 20
8.0199
 10
4.3493
 20
8.0104
 10
4.3668
 20
8.0009
 10
4.3842
 20
7.9914
 10
4.4016
 20
7.9818
 10
4.419
 20
7.9722
 10
4.4364
 20
7.9625
 10
4.4538
 20
7.9528
 10
4.4711
 20
7.9431
 10
4.4884
 20
7.9333
 10
4.5057
 20
7.9235
 10
4.523
 20
7.9136
 10
4.5403
 20
7.9037
 10
4.5575
 20
7.8938
 10
4.5747
 20
7.8839
 10
4.5919
 20
7.8739
 10
4.6091
 20
7.8638
 10
4.6262
 20
7.8537
 10
4.6433
 20
7.8436
 10
4.6604
 20
7.8335
 10
4.6775
 20
7.8233
 10
4.6946
 20
7.8131
 10
4.7116
 20
7.8028
 10
4.7286
 20
7.7925
 10
4.7456
 20
7.7822
 10
4.7626
 20
7.7718
 10
4.7795
 20
7.7614
 10
4.7964
 20
7.751
 10
4.8133
 20
7.7405
 10
4.8302
 20
7.73
 10
4.8471
 20
7.7194
 10
4.8639
 20
7.7088
 10
4.8807
 20
7.6982
 10
4.8975
 20
7.6875
 10
4.9142
 20
7.6768
 10
4.931
 20
7.6661
 10
4.9477
 20
7.6553
 10
4.9644
 20
7.6445
 10
4.9811
 20
7.6336
 10
4.9977
 20
7.6227
 10
5.0143
 20
7.6118
 10
5.0309
 20
7.6009
 10
5.0475
 20
7.5899
 10
5.064
 20
7.5788
 10
5.0805
 20
7.5678
 10
5.097
 20
7.5567
 10
5.1135
 20
7.5455
 10
5.13
 20
7.5344
 10
5.1464
 20
7.5232
 10
5.1628
 20
7.5119
 10
5.1792
 20
7.5006
 10
5.1955
 20
7.4893
 10
5.2118
 20
7.478
 10
5.2281
 20
7.4666
 10
5.2444
 20
7.4551
 10
5.2607
 20
7.4437
 10
5.2769
 20
7.4322
 10
5.2931
 20
7.4207
 10
5.3093
 20
7.4091
 10
5.3254
 20
7.3975
 10
5.3416
 20
7.3859
 10
5.3577
 20
7.3742
 10
5.3737
 20
7.3625
 10
5.3898
 20
7.3507
 10
5.4058
 20
7.339
 10
5.4218
 20
7.3272
 10
5.4378
 20
7.3153
 10
5.4537
 20
7.3034
 10
5.4696
 20
7.2915
 10
5.4855
 20
7.2796
 10
5.5014
 20
7.2676
 10
5.5173
 20
7.2556
 10
5.5331
 20
7.2435
 10
5.5489
 20
7.2314
 10
5.5646
 20
7.2193
 10
5.5804
 20
7.2071
 10
5.5961
 20
7.1949
 10
5.6118
 20
7.1827
 10
5.6274
 20
7.1705
 10
5.643
 20
7.1582
 10
5.6586
 20
7.1458
 10
5.6742
 20
7.1335
 10
5.6898
 20
7.1211
 10
5.7053
 20
7.1086
 10
5.7208
 20
7.0962
 10
5.7363
 20
7.0837
 10
5.7517
 20
7.0712
 10
5.7671
 20
7.0586
 10
5.7825
 20
7.046
 10
5.7979
 20
7.0334
 10
5.8132
 20
7.0207
 10
5.8285
 20
7.008
 10
5.8438
 20
6.9953
 10
5.859
 20
6.9825
 10
5.8742
 20
6.9697
 10
5.8894
 20
6.9569
 10
5.9046
 20
6.944
 10
5.9197
 20
6.9311
 10
5.9348
 20
6.9182
 10
5.9499
 20
6.9052
 10
5.965
 20
6.8922
 10
5.98
 20
6.8792
 10
5.995
 20
6.8661
 10
6.0099
 20
6.853
 10
6.0249
 20
6.8399
 10
6.0398
 20
6.8267
 10
6.0547
 20
6.8135
 10
6.0695
 20
6.8003
 10
6.0843
 20
6.7871
 10
6.0991
 20
6.7738
 10
6.1139
 20
6.7604
 10
6.1286
 20
6.7471
 10
6.1433
 20
6.7337
 10
6.158
 20
6.7203
 10
6.1727
 20
6.7068
 10
6.1873
 20
6.6933
 10
6.2019
 20
6.6798
 10
6.2164
 20
6.6663
 10
6.2309
 20
6.6527
 10
6.2454
 20
6.6391
 10
6.2599
 20
6.6255
 10
6.2744
 20
6.6118
 10
6.2888
 20
6.5981
 10
6.3031
 20
6.5843
 10
6.3175
 20
6.5706
 10
6.3318
 20
6.5568
 10
6.3461
 20
6.543
 10
6.3604
 20
6.5291
 10
6.3746
 20
6.5152
 10
6.3888
 20
6.5013
 10
6.403
 20
6.4873
 10
6.4171
 20
6.4733
 10
6.4312
 20
6.4593
 10
6.4453
 20
6.4453
 10
6.4593
 20
6.4312
 10
6.4733
 20
6.4171
 10
6.4873
 20
6.403
 10
6.5013
 20
6.3888
 10
6.5152
 20
6.3746
 10
6.5291
 20
6.3604
 10
6.543
 20
6.3461
 10
6.5568
 20
6.3318
 10
6.5706
 20
6.3175
 10
6.5843
 20
6.3031
 10
6.5981
 20
6.2888
 10
6.6118
 20
6.2744
 10
6.6255
 20
6.2599
 10
6.6391
 20
6.2454
 10
6.6527
 20
6.2309
 10
6.6663
 20
6.2164
 10
6.6798
 20
6.2019
 10
6.6933
 20
6.1873
 10
6.7068
 20
6.1727
 10
6.7203
 20
6.158
 10
6.7337
 20
6.1433
 10
6.7471
 20
6.1286
 10
6.7604
 20
6.1139
 10
6.7738
 20
6.0991
 10
6.7871
 20
6.0843
 10
6.8003
 20
6.0695
 10
6.8135
 20
6.0547
 10
6.8267
 20
6.0398
 10
6.8399
 20
6.0249
 10
6.853
 20
6.0099
 10
6.8661
 20
5.995
 10
6.8792
 20
5.98
 10
6.8922
 20
5.965
 10
6.9052
 20
5.9499
 10
6.9182
 20
5.9348
 10
6.9311
 20
5.9197
 10
6.944
 20
5.9046
 10
6.9569
 20
5.8894
 10
6.9697
 20
5.8742
 10
6.9825
 20
5.859
 10
6.9953
 20
5.8438
 10
7.008
 20
5.8285
 10
7.0207
 20
5.8132
 10
7.0334
 20
5.7979
 10
7.046
 20
5.7825
 10
7.0586
 20
5.7671
 10
7.0712
 20
5.7517
 10
7.0837
 20
5.7363
 10
7.0962
 20
5.7208
 10
7.1086
 20
5.7053
 10
7.1211
 20
5.6898
 10
7.1335
 20
5.6742
 10
7.1458
 20
5.6586
 10
7.1582
 20
5.643
 10
7.1705
 20
5.6274
 10
7.1827
 20
5.6118
 10
7.1949
 20
5.5961
 10
7.2071
 20
5.5804
 10
7.2193
 20
5.5646
 10
7.2314
 20
5.5489
 10
7.2435
 20
5.5331
 10
7.2556
 20
5.5173
 10
7.2676
 20
5.5014
 10
7.2796
 20
5.4855
 10
7.2915
 20
5.4696
 10
7.3034
 20
5.4537
 10
7.3153
 20
5.4378
 10
7.3272
 20
5.4218
 10
7.339
 20
5.4058
 10
7.3507
 20
5.3898
 10
7.3625
 20
5.3737
 10
7.3742
 20
5.3577
 10
7.3859
 20
5.3416
 10
7.3975
 20
5.3254
 10
7.4091
 20
5.3093
 10
7.4207
 20
5.2931
 10
7.4322
 20
5.2769
 10
7.4437
 20
5.2607
 10
7.4551
 20
5.2444
 10
7.4666
 20
5.2281
 10
7.478
 20
5.2118
 10
7.4893
 20
5.1955
 10
7.5006
 20
5.1792
 10
7.5119
 20
5.1628
 10
7.5232
 20
5.1464
 10
7.5344
 20
5.13
 10
7.5455
 20
5.1135
 10
7.5567
 20
5.097
 10
7.5678
 20
5.0805
 10
7.5788
 20
5.064
 10
7.5899
 20
5.0475
 10
7.6009
 20
5.0309
 10
7.6118
 20
5.0143
 10
7.6227
 20
4.9977
 10
7.6336
 20
4.9811
 10
7.6445
 20
4.9644
 10
7.6553
 20
4.9477
 10
7.6661
 20
4.931
 10
7.6768
 20
4.9142
 10
7.6875
 20
4.8975
 10
7.6982
 20
4.8807
 10
7.7088
 20
4.8639
 10
7.7194
 20
4.8471
 10
7.73
 20
4.8302
 10
7.7405
 20
4.8133
 10
7.751
 20
4.7964
 10
7.7614
 20
4.7795
 10
7.7718
 20
4.7626
 10
7.7822
 20
4.7456
 10
7.7925
 20
4.7286
 10
7.8028
 20
4.7116
 10
7.8131
 20
4.6946
 10
7.8233
 20
4.6775
 10
7.8335
 20
4.6604
 10
7.8436
 20
4.6433
 10
7.8537
 20
4.6262
 10
7.8638
 20
4.6091
 10
7.8739
 20
4.5919
 10
7.8839
 20
4.5747
 10
7.8938
 20
4.5575
 10
7.9037
 20
4.5403
 10
7.9136
 20
4.523
 10
7.9235
 20
4.5057
 10
7.9333
 20
4.4884
 10
7.9431
 20
4.4711
 10
7.9528
 20
4.4538
 10
7.9625
 20
4.4364
 10
7.9722
 20
4.419
 10
7.9818
 20
4.4016
 10
7.9914
 20
4.3842
 10
8.0009
 20
4.3668
 10
8.0104
 20
4.3493
 10
8.0199
 20
4.3318
 10
8.0293
 20
4.3143
 10
8.0387
 20
4.2968
 10
8.0481
 20
4.2792
 10
8.0574
 20
4.2617
 10
8.0667
 20
4.2441
 10
8.0759
 20
4.2265
 10
8.0851
 20
4.2088
 10
8.0943
 20
4.1912
 10
8.1034
 20
4.1735
 10
8.1125
 20
4.1558
 10
8.1215
 20
4.1381
 10
8.1305
 20
4.1204
 10
8.1395
 20
4.1026
 10
8.1484
 20
4.0849
 10
8.1573
 20
4.0671
 10
8.1662
 20
4.0493
 10
8.175
 20
4.0315
 10
8.1838
 20
4.0136
 10
8.1925
 20
3.9958
 10
8.2012
 20
3.9779
 10
8.2099
 20
3.96
 10
8.2185
 20
3.942
 10
8.2271
 20
3.9241
 10
8.2356
 20
3.9062
 10
8.2441
 20
3.8882
 10
8.2526
 20
3.8702
 10
8.261
 20
3.8522
 10
8.2694
 20
3.8341
 10
8.2777
 20
3.8161
 10
8.286
 20
3.798
 10
8.2943
 20
3.7799
 10
8.3025
 20
3.7618
 10
8.3107
 20
3.7437
 10
8.3189
 20
3.7256
 10
8.327
 20
3.7074
 10
8.335
 20
3.6892
 10
8.3431
 20
3.671
 10
8.3511
 20
3.6528
 10
8.359
 20
3.6346
 10
8.3669
 20
3.6164
 10
8.3748
 20
3.5981
 10
8.3826
 20
3.5798
 10
8.3904
 20
3.5615
 10
8.3982
 20
3.5432
 10
8.4059
 20
3.5249
 10
8.4135
 20
3.5065
 10
8.4212
 20
3.4882
 10
8.4288
 20
3.4698
 10
8.4363
 20
3.4514
 10
8.4438
 20
3.433
 10
8.4513
 20
3.4145
 10
8.4587
 20
3.3961
 10
8.4661
 20
3.3776
 10
8.4734
 20
3.3592
 10
8.4808
 20
3.3407
 10
8.488
 20
3.3221
 10
8.4953
 20
3.3036
 10
8.5024
 20
3.2851
 10
8.5096
 20
3.2665
 10
8.5167
 20
3.248
 10
8.5238
 20
3.2294
 10
8.5308
 20
3.2108
 10
8.5378
 20
3.1921
 10
8.5447
 20
3.1735
 10
8.5516
 20
3.1549
 10
8.5585
 20
3.1362
 10
8.5653
 20
3.1175
 10
8.5721
 20
3.0988
 10
8.5788
 20
3.0801
 10
8.5855
 20
3.0614
 10
8.5922
 20
3.0426
 10
8.5988
 20
3.0239
 10
8.6054
 20
3.0051
 10
8.6119
 20
2.9863
 10
8.6184
 20
2.9676
 10
8.6249
 20
2.9487
 10
8.6313
 20
2.9299
 10
8.6376
 20
2.9111
 10
8.644
 20
2.8922
 10
8.6503
 20
2.8734
 10
8.6565
 20
2.8545
 10
8.6627
 20
2.8356
 10
8.6689
 20
2.8167
 10
8.675
 20
2.7978
 10
8.6811
 20
2.7788
 10
8.6871
 20
2.7599
 10
8.6931
 20
2.7409
 10
8.6991
 20
2.722
 10
8.705
 20
2.703
 10
8.7109
 20
2.684
 10
8.7167
 20
2.665
 10
8.7225
 20
2.6459
 10
8.7283
 20
2.6269
 10
8.734
 20
2.6079
 10
8.7396
 20
2.5888
 10
8.7453
 20
2.5697
 10
8.7509
 20
2.5506
 10
8.7564
 20
2.5315
 10
8.7619
 20
2.5124
 10
8.7674
 20
2.4933
 10
8.7728
 20
2.4742
 10
8.7782
 20
2.455
 10
8.7835
 20
2.4359
 10
8.7888
 20
2.4167
 10
8.794
 20
2.3975
 10
8.7992
 20
2.3783
 10
8.8044
 20
2.3591
 10
8.8095
 20
2.3399
 10
8.8146
 20
2.3207
 10
8.8197
 20
2.3015
 10
8.8247
 20
2.2822
 10
8.8296
 20
2.263
 10
8.8345
 20
2.2437
 10
8.8394
 20
2.2244
 10
8.8442
 20
2.2051
 10
8.849
 20
2.1858
 10
8.8538
 20
2.1665
 10
8.8585
 20
2.1472
 10
8.8632
 20
2.1279
 10
8.8678
 20
2.1085
 10
8.8724
 20
2.0892
 10
8.8769
 20
2.0698
 10
8.8814
 20
2.0504
 10
8.8858
 20
2.031
 10
8.8902
 20
2.0117
 10
8.8946
 20
1.9923
 10
8.8989
 20
1.9728
 10
8.9032
 20
1.9534
 10
8.9075
 20
1.934
 10
8.9117
 20
1.9146
 10
8.9158
 20
1.8951
 10
8.9199
 20
1.8757
 10
8.924
 20
1.8562
 10
8.928
 20
1.8367
 10
8.932
 20
1.8172
 10
8.936
 20
1.7977
 10
8.9399
 20
1.7782
 10
8.9437
 20
1.7587
 10
8.9475
 20
1.7392
 10
8.9513
 20
1.7197
 10
8.955
 20
1.7002
 10
8.9587
 20
1.6806
 10
8.9624
 20
1.6611
 10
8.966
 20
1.6415
 10
8.9695
 20
1.622
 10
8.973
 20
1.6024
 10
8.9765
 20
1.5828
 10
8.98
 20
1.5632
 10
8.9833
 20
1.5436
 10
8.9867
 20
1.524
 10
8.99
 20
1.5044
 10
8.9933
 20
1.4848
 10
8.9965
 20
1.4652
 10
8.9996
 20
1.4455
 10
9.0028
 20
1.4259
 10
9.0059
 20
1.4063
 10
9.0089
 20
1.3866
 10
9.0119
 20
1.3669
 10
9.0149
 20
1.3473
 10
9.0178
 20
1.3276
 10
9.0207
 20
1.3079
 10
9.0235
 20
1.2883
 10
9.0263
 20
1.2686
 10
9.029
 20
1.2489
 10
9.0317
 20
1.2292
 10
9.0344
 20
1.2095
 10
9.037
 20
1.1897
 10
9.0396
 20
1.17
 10
9.0421
 20
1.1503
 10
9.0446
 20
1.1306
 10
9.0471
 20
1.1108
 10
9.0495
 20
1.0911
 10
9.0518
 20
1.0714
 10
9.0541
 20
1.0516
 10
9.0564
 20
1.0318
 10
9.0586
 20
1.0121
 10
9.0608
 20
0.9923
 10
9.063
 20
0.9726
 10
9.0651
 20
0.9528
 10
9.0671
 20
0.933
 10
9.0691
 20
0.9132
 10
9.0711
 20
0.8934
 10
9.073
 20
0.8736
 10
9.0749
 20
0.8538
 10
9.0768
 20
0.834
 10
9.0786
 20
0.8142
 10
9.0803
 20
0.7944
 10
9.082
 20
0.7746
 10
9.0837
 20
0.7548
 10
9.0853
 20
0.735
 10
9.0869
 20
0.7152
 10
9.0884
 20
0.6953
 10
9.0899
 20
0.6755
 10
9.0914
 20
0.6557
 10
9.0928
 20
0.6358
 10
9.0942
 20
0.616
 10
9.0955
 20
0.5961
 10
9.0968
 20
0.5763
 10
9.098
 20
0.5565
 10
9.0992
 20
0.5366
 10
9.1003
 20
0.5168
 10
9.1014
 20
0.4969
 10
9.1025
 20
0.477
 10
9.1035
 20
0.4572
 10
9.1045
 20
0.4373
 10
9.1054
 20
0.4175
 10
9.1063
 20
0.3976
 10
9.1072
 20
0.3777
 10
9.108
 20
0.3579
 10
9.1087
 20
0.338
 10
9.1094
 20
0.3181
 10
9.1101
 20
0.2982
 10
9.1107
 20
0.2784
 10
9.1113
 20
0.2585
 10
9.1119
 20
0.2386
 10
9.1124
 20
0.2187
 10
9.1128
 20
0.1988
 10
9.1132
 20
0.179
 10
9.1136
 20
0.1591
 10
9.1139
 20
0.1392
 10
9.1142
 20
0.1193
 10
9.1145
 20
0.0994
 10
9.1147
 20
0.0795
 10
9.1148
 20
0.0597
 10
9.1149
 20
0.0398
 10
9.115
 20
0.0199
 10
9.115
 20
0.0
 10
9.115
 20
-0.0199
 10
9.1149
 20
-0.0398
 10
9.1148
 20
-0.0597
 10
9.1147
 20
-0.0795
 10
9.1145
 20
-0.0994
 10
9.1142
 20
-0.1193
 10
9.1139
 20
-0.1392
 10
9.1136
 20
-0.1591
 10
9.1132
 20
-0.179
  0
LWPOLYLINE
  5
AA
330
17
100
AcDbEntity
  8
ALTIN
100
AcDbPolyline
 90
2870
 70
1
 10
-8.9845
 20
-0.098
 10
-8.9842
 20
-0.1176
 10
-8.984
 20
-0.1372
 10
-8.9836
 20
-0.1568
 10
-8.9833
 20
-0.1764
 10
-8.9829
 20
-0.196
 10
-8.9824
 20
-0.2156
 10
-8.9819
 20
-0.2352
 10
-8.9814
 20
-0.2548
 10
-8.9808
 20
-0.2744
 10
-8.9802
 20
-0.294
 10
-8.9795
 20
-0.3136
 10
-8.9788
 20
-0.3332
 10
-8.9781
 20
-0.3527
 10
-8.9773
 20
-0.3723
 10
-8.9764
 20
-0.3919
 10
-8.9756
 20
-0.4115
 10
-8.9747
 20
-0.4311
 10
-8.9737
 20
-0.4507
 10
-8.9727
 20
-0.4702
 10
-8.9716
 20
-0.4898
 10
-8.9705
 20
-0.5094
 10
-8.9694
 20
-0.529
 10
-8.9682
 20
-0.5485
 10
-8.967
 20
-0.5681
 10
-8.9658
 20
-0.5876
 10
-8.9645
 20
-0.6072
 10
-8.9631
 20
-0.6268
 10
-8.9617
 20
-0.6463
 10
-8.9603
 20
-0.6659
 10
-8.9588
 20
-0.6854
 10
-8.9573
 20
-0.705
 10
-8.9557
 20
-0.7245
 10
-8.9541
 20
-0.744
 10
-8.9525
 20
-0.7636
 10
-8.9508
 20
-0.7831
 10
-8.9491
 20
-0.8026
 10
-8.9473
 20
-0.8221
 10
-8.9455
 20
-0.8417
 10
-8.9436
 20
-0.8612
 10
-8.9417
 20
-0.8807
 10
-8.9398
 20
-0.9002
 10
-8.9378
 20
-0.9197
 10
-8.9358
 20
-0.9392
 10
-8.9337
 20
-0.9587
 10
-8.9316
 20
-0.9782
 10
-8.9294
 20
-0.9977
 10
-8.9272
 20
-1.0171
 10
-8.925
 20
-1.0366
 10
-8.9227
 20
-1.0561
 10
-8.9204
 20
-1.0755
 10
-8.918
 20
-1.095
 10
-8.9156
 20
-1.1144
 10
-8.9132
 20
-1.1339
 10
-8.9107
 20
-1.1533
 10
-8.9081
 20
-1.1728
 10
-8.9056
 20
-1.1922
 10
-8.9029
 20
-1.2116
 10
-8.9003
 20
-1.2311
 10
-8.8976
 20
-1.2505
 10
-8.8948
 20
-1.2699
 10
-8.892
 20
-1.2893
 10
-8.8892
 20
-1.3087
 10
-8.8863
 20
-1.3281
 10
-8.8834
 20
-1.3475
 10
-8.8804
 20
-1.3668
 10
-8.8774
 20
-1.3862
 10
-8.8744
 20
-1.4056
 10
-8.8713
 20
-1.4249
 10
-8.8682
 20
-1.4443
 10
-8.865
 20
-1.4636
 10
-8.8618
 20
-1.483
 10
-8.8585
 20
-1.5023
 10
-8.8552
 20
-1.5216
 10
-8.8519
 20
-1.5409
 10
-8.8485
 20
-1.5602
 10
-8.8451
 20
-1.5795
 10
-8.8416
 20
-1.5988
 10
-8.8381
 20
-1.6181
 10
-8.8345
 20
-1.6374
 10
-8.831
 20
-1.6567
 10
-8.8273
 20
-1.6759
 10
-8.8236
 20
-1.6952
 10
-8.8199
 20
-1.7144
 10
-8.8162
 20
-1.7337
 10
-8.8124
 20
-1.7529
 10
-8.8085
 20
-1.7721
 10
-8.8046
 20
-1.7913
 10
-8.8007
 20
-1.8105
 10
-8.7967
 20
-1.8297
 10
-8.7927
 20
-1.8489
 10
-8.7887
 20
-1.8681
 10
-8.7846
 20
-1.8873
 10
-8.7804
 20
-1.9064
 10
-8.7762
 20
-1.9256
 10
-8.772
 20
-1.9447
 10
-8.7678
 20
-1.9638
 10
-8.7635
 20
-1.983
 10
-8.7591
 20
-2.0021
 10
-8.7547
 20
-2.0212
 10
-8.7503
 20
-2.0403
 10
-8.7458
 20
-2.0594
 10
-8.7413
 20
-2.0784
 10
-8.7367
 20
-2.0975
 10
-8.7321
 20
-2.1166
 10
-8.7275
 20
-2.1356
 10
-8.7228
 20
-2.1546
 10
-8.7181
 20
-2.1737
 10
-8.7133
 20
-2.1927
 10
-8.7085
 20
-2.2117
 10
-8.7037
 20
-2.2307
 10
-8.6988
 20
-2.2497
 10
-8.6939
 20
-2.2686
 10
-8.6889
 20
-2.2876
 10
-8.6839
 20
-2.3065
 10
-8.6788
 20
-2.3255
 10
-8.6737
 20
-2.3444
 10
-8.6686
 20
-2.3633
 10
-8.6634
 20
-2.3822
 10
-8.6582
 20
-2.4011
 10
-8.653
 20
-2.42
 10
-8.6477
 20
-2.4389
 10
-8.6423
 20
-2.4578
 10
-8.6369
 20
-2.4766
 10
-8.6315
 20
-2.4954
 10
-8.626
 20
-2.5143
 10
-8.6205
 20
-2.5331
 10
-8.615
 20
-2.5519
 10
-8.6094
 20
-2.5707
 10
-8.6038
 20
-2.5894
 10
-8.5981
 20
-2.6082
 10
-8.5924
 20
-2.627
 10
-8.5866
 20
-2.6457
 10
-8.5809
 20
-2.6644
 10
-8.575
 20
-2.6831
 10
-8.5691
 20
-2.7018
 10
-8.5632
 20
-2.7205
 10
-8.5573
 20
-2.7392
 10
-8.5513
 20
-2.7579
 10
-8.5452
 20
-2.7765
 10
-8.5392
 20
-2.7952
 10
-8.533
 20
-2.8138
 10
-8.5269
 20
-2.8324
 10
-8.5207
 20
-2.851
 10
-8.5144
 20
-2.8696
 10
-8.5082
 20
-2.8881
 10
-8.5018
 20
-2.9067
 10
-8.4955
 20
-2.9252
 10
-8.4891
 20
-2.9438
 10
-8.4826
 20
-2.9623
 10
-8.4762
 20
-2.9808
 10
-8.4696
 20
-2.9993
 10
-8.4631
 20
-3.0177
 10
-8.4565
 20
-3.0362
 10
-8.4498
 20
-3.0546
 10
-8.4431
 20
-3.0731
 10
-8.4364
 20
-3.0915
 10
-8.4296
 20
-3.1099
 10
-8.4228
 20
-3.1282
 10
-8.416
 20
-3.1466
 10
-8.4091
 20
-3.165
 10
-8.4022
 20
-3.1833
 10
-8.3952
 20
-3.2016
 10
-8.3882
 20
-3.2199
 10
-8.3812
 20
-3.2382
 10
-8.3741
 20
-3.2565
 10
-8.367
 20
-3.2748
 10
-8.3598
 20
-3.293
 10
-8.3526
 20
-3.3112
 10
-8.3454
 20
-3.3295
 10
-8.3381
 20
-3.3477
 10
-8.3307
 20
-3.3658
 10
-8.3234
 20
-3.384
 10
-8.316
 20
-3.4022
 10
-8.3085
 20
-3.4203
 10
-8.3011
 20
-3.4384
 10
-8.2935
 20
-3.4565
 10
-8.286
 20
-3.4746
 10
-8.2784
 20
-3.4927
 10
-8.2707
 20
-3.5107
 10
-8.2631
 20
-3.5288
 10
-8.2553
 20
-3.5468
 10
-8.2476
 20
-3.5648
 10
-8.2398
 20
-3.5828
 10
-8.2319
 20
-3.6007
 10
-8.2241
 20
-3.6187
 10
-8.2162
 20
-3.6366
 10
-8.2082
 20
-3.6545
 10
-8.2002
 20
-3.6724
 10
-8.1922
 20
-3.6903
 10
-8.1841
 20
-3.7082
 10
-8.176
 20
-3.726
 10
-8.1679
 20
-3.7438
 10
-8.1597
 20
-3.7617
 10
-8.1514
 20
-3.7795
 10
-8.1432
 20
-3.7972
 10
-8.1349
 20
-3.815
 10
-8.1265
 20
-3.8327
 10
-8.1181
 20
-3.8504
 10
-8.1097
 20
-3.8681
 10
-8.1013
 20
-3.8858
 10
-8.0928
 20
-3.9035
 10
-8.0842
 20
-3.9211
 10
-8.0757
 20
-3.9388
 10
-8.0671
 20
-3.9564
 10
-8.0584
 20
-3.974
 10
-8.0497
 20
-3.9915
 10
-8.041
 20
-4.0091
 10
-8.0322
 20
-4.0266
 10
-8.0234
 20
-4.0441
 10
-8.0146
 20
-4.0616
 10
-8.0057
 20
-4.0791
 10
-7.9968
 20
-4.0966
 10
-7.9878
 20
-4.114
 10
-7.9788
 20
-4.1314
 10
-7.9698
 20
-4.1488
 10
-7.9607
 20
-4.1662
 10
-7.9516
 20
-4.1835
 10
-7.9425
 20
-4.2009
 10
-7.9333
 20
-4.2182
 10
-7.9241
 20
-4.2355
 10
-7.9148
 20
-4.2528
 10
-7.9055
 20
-4.27
 10
-7.8962
 20
-4.2873
 10
-7.8868
 20
-4.3045
 10
-7.8774
 20
-4.3217
 10
-7.8679
 20
-4.3389
 10
-7.8585
 20
-4.356
 10
-7.8489
 20
-4.3731
 10
-7.8394
 20
-4.3903
 10
-7.8298
 20
-4.4074
 10
-7.8201
 20
-4.4244
 10
-7.8105
 20
-4.4415
 10
-7.8008
 20
-4.4585
 10
-7.791
 20
-4.4755
 10
-7.7812
 20
-4.4925
 10
-7.7714
 20
-4.5095
 10
-7.7616
 20
-4.5264
 10
-7.7517
 20
-4.5433
 10
-7.7417
 20
-4.5602
 10
-7.7318
 20
-4.5771
 10
-7.7218
 20
-4.594
 10
-7.7117
 20
-4.6108
 10
-7.7016
 20
-4.6276
 10
-7.6915
 20
-4.6444
 10
-7.6814
 20
-4.6612
 10
-7.6712
 20
-4.6779
 10
-7.661
 20
-4.6946
 10
-7.6507
 20
-4.7114
 10
-7.6404
 20
-4.728
 10
-7.6301
 20
-4.7447
 10
-7.6197
 20
-4.7613
 10
-7.6093
 20
-4.7779
 10
-7.5989
 20
-4.7945
 10
-7.5884
 20
-4.8111
 10
-7.5779
 20
-4.8276
 10
-7.5673
 20
-4.8442
 10
-7.5567
 20
-4.8607
 10
-7.5461
 20
-4.8771
 10
-7.5355
 20
-4.8936
 10
-7.5248
 20
-4.91
 10
-7.514
 20
-4.9264
 10
-7.5033
 20
-4.9428
 10
-7.4925
 20
-4.9592
 10
-7.4816
 20
-4.9755
 10
-7.4708
 20
-4.9918
 10
-7.4598
 20
-5.0081
 10
-7.4489
 20
-5.0243
 10
-7.4379
 20
-5.0406
 10
-7.4269
 20
-5.0568
 10
-7.4159
 20
-5.073
 10
-7.4048
 20
-5.0892
 10
-7.3937
 20
-5.1053
 10
-7.3825
 20
-5.1214
 10
-7.3713
 20
-5.1375
 10
-7.3601
 20
-5.1536
 10
-7.3488
 20
-5.1696
 10
-7.3375
 20
-5.1856
 10
-7.3262
 20
-5.2016
 10
-7.3148
 20
-5.2176
 10
-7.3034
 20
-5.2336
 10
-7.292
 20
-5.2495
 10
-7.2805
 20
-5.2654
 10
-7.269
 20
-5.2813
 10
-7.2575
 20
-5.2971
 10
-7.2459
 20
-5.3129
 10
-7.2343
 20
-5.3287
 10
-7.2227
 20
-5.3445
 10
-7.211
 20
-5.3602
 10
-7.1993
 20
-5.3759
 10
-7.1875
 20
-5.3916
 10
-7.1757
 20
-5.4073
 10
-7.1639
 20
-5.423
 10
-7.1521
 20
-5.4386
 10
-7.1402
 20
-5.4542
 10
-7.1283
 20
-5.4697
 10
-7.1163
 20
-5.4853
 10
-7.1043
 20
-5.5008
 10
-7.0923
 20
-5.5163
 10
-7.0803
 20
-5.5317
 10
-7.0682
 20
-5.5472
 10
-7.0561
 20
-5.5626
 10
-7.0439
 20
-5.5779
 10
-7.0317
 20
-5.5933
 10
-7.0195
 20
-5.6086
 10
-7.0073
 20
-5.6239
 10
-6.995
 20
-5.6392
 10
-6.9827
 20
-5.6544
 10
-6.9703
 20
-5.6697
 10
-6.9579
 20
-5.6849
 10
-6.9455
 20
-5.7
 10
-6.933
 20
-5.7152
 10
-6.9206
 20
-5.7303
 10
-6.908
 20
-5.7454
 10
-6.8955
 20
-5.7604
 10
-6.8829
 20
-5.7754
 10
-6.8703
 20
-5.7904
 10
-6.8576
 20
-5.8054
 10
-6.845
 20
-5.8204
 10
-6.8322
 20
-5.8353
 10
-6.8195
 20
-5.8502
 10
-6.8067
 20
-5.865
 10
-6.7939
 20
-5.8799
 10
-6.7811
 20
-5.8947
 10
-6.7682
 20
-5.9095
 10
-6.7553
 20
-5.9242
 10
-6.7423
 20
-5.9389
 10
-6.7294
 20
-5.9536
 10
-6.7164
 20
-5.9683
 10
-6.7033
 20
-5.9829
 10
-6.6903
 20
-5.9976
 10
-6.6772
 20
-6.0121
 10
-6.664
 20
-6.0267
 10
-6.6509
 20
-6.0412
 10
-6.6377
 20
-6.0557
 10
-6.6244
 20
-6.0702
 10
-6.6112
 20
-6.0846
 10
-6.5979
 20
-6.099
 10
-6.5846
 20
-6.1134
 10
-6.5712
 20
-6.1278
 10
-6.5578
 20
-6.1421
 10
-6.5444
 20
-6.1564
 10
-6.531
 20
-6.1706
 10
-6.5175
 20
-6.1849
 10
-6.504
 20
-6.1991
 10
-6.4904
 20
-6.2132
 10
-6.4769
 20
-6.2274
 10
-6.4633
 20
-6.2415
 10
-6.4496
 20
-6.2556
 10
-6.436
 20
-6.2696
 10
-6.4223
 20
-6.2837
 10
-6.4086
 20
-6.2977
 10
-6.3948
 20
-6.3116
 10
-6.381
 20
-6.3256
 10
-6.3672
 20
-6.3395
 10
-6.3534
 20
-6.3534
 10
-6.3395
 20
-6.3672
 10
-6.3256
 20
-6.381
 10
-6.3116
 20
-6.3948
 10
-6.2977
 20
-6.4086
 10
-6.2837
 20
-6.4223
 10
-6.2696
 20
-6.436
 10
-6.2556
 20
-6.4496
 10
-6.2415
 20
-6.4633
 10
-6.2274
 20
-6.4769
 10
-6.2132
 20
-6.4904
 10
-6.1991
 20
-6.504
 10
-6.1849
 20
-6.5175
 10
-6.1706
 20
-6.531
 10
-6.1564
 20
-6.5444
 10
-6.1421
 20
-6.5578
 10
-6.1278
 20
-6.5712
 10
-6.1134
 20
-6.5846
 10
-6.099
 20
-6.5979
 10
-6.0846
 20
-6.6112
 10
-6.0702
 20
-6.6244
 10
-6.0557
 20
-6.6377
 10
-6.0412
 20
-6.6509
 10
-6.0267
 20
-6.664
 10
-6.0121
 20
-6.6772
 10
-5.9976
 20
-6.6903
 10
-5.9829
 20
-6.7033
 10
-5.9683
 20
-6.7164
 10
-5.9536
 20
-6.7294
 10
-5.9389
 20
-6.7423
 10
-5.9242
 20
-6.7553
 10
-5.9095
 20
-6.7682
 10
-5.8947
 20
-6.7811
 10
-5.8799
 20
-6.7939
 10
-5.865
 20
-6.8067
 10
-5.8502
 20
-6.8195
 10
-5.8353
 20
-6.8322
 10
-5.8204
 20
-6.845
 10
-5.8054
 20
-6.8576
 10
-5.7904
 20
-6.8703
 10
-5.7754
 20
-6.8829
 10
-5.7604
 20
-6.8955
 10
-5.7454
 20
-6.908
 10
-5.7303
 20
-6.9206
 10
-5.7152
 20
-6.933
 10
-5.7
 20
-6.9455
 10
-5.6849
 20
-6.9579
 10
-5.6697
 20
-6.9703
 10
-5.6544
 20
-6.9827
 10
-5.6392
 20
-6.995
 10
-5.6239
 20
-7.0073
 10
-5.6086
 20
-7.0195
 10
-5.5933
 20
-7.0317
 10
-5.5779
 20
-7.0439
 10
-5.5626
 20
-7.0561
 10
-5.5472
 20
-7.0682
 10
-5.5317
 20
-7.0803
 10
-5.5163
 20
-7.0923
 10
-5.5008
 20
-7.1043
 10
-5.4853
 20
-7.1163
 10
-5.4697
 20
-7.1283
 10
-5.4542
 20
-7.1402
 10
-5.4386
 20
-7.1521
 10
-5.423
 20
-7.1639
 10
-5.4073
 20
-7.1757
 10
-5.3916
 20
-7.1875
 10
-5.3759
 20
-7.1993
 10
-5.3602
 20
-7.211
 10
-5.3445
 20
-7.2227
 10
-5.3287
 20
-7.2343
 10
-5.3129
 20
-7.2459
 10
-5.2971
 20
-7.2575
 10
-5.2813
 20
-7.269
 10
-5.2654
 20
-7.2805
 10
-5.2495
 20
-7.292
 10
-5.2336
 20
-7.3034
 10
-5.2176
 20
-7.3148
 10
-5.2016
 20
-7.3262
 10
-5.1856
 20
-7.3375
 10
-5.1696
 20
-7.3488
 10
-5.1536
 20
-7.3601
 10
-5.1375
 20
-7.3713
 10
-5.1214
 20
-7.3825
 10
-5.1053
 20
-7.3937
 10
-5.0892
 20
-7.4048
 10
-5.073
 20
-7.4159
 10
-5.0568
 20
-7.4269
 10
-5.0406
 20
-7.4379
 10
-5.0243
 20
-7.4489
 10
-5.0081
 20
-7.4598
 10
-4.9918
 20
-7.4708
 10
-4.9755
 20
-7.4816
 10
-4.9592
 20
-7.4925
 10
-4.9428
 20
-7.5033
 10
-4.9264
 20
-7.514
 10
-4.91
 20
-7.5248
 10
-4.8936
 20
-7.5355
 10
-4.8771
 20
-7.5461
 10
-4.8607
 20
-7.5567
 10
-4.8442
 20
-7.5673
 10
-4.8276
 20
-7.5779
 10
-4.8111
 20
-7.5884
 10
-4.7945
 20
-7.5989
 10
-4.7779
 20
-7.6093
 10
-4.7613
 20
-7.6197
 10
-4.7447
 20
-7.6301
 10
-4.728
 20
-7.6404
 10
-4.7114
 20
-7.6507
 10
-4.6946
 20
-7.661
 10
-4.6779
 20
-7.6712
 10
-4.6612
 20
-7.6814
 10
-4.6444
 20
-7.6915
 10
-4.6276
 20
-7.7016
 10
-4.6108
 20
-7.7117
 10
-4.594
 20
-7.7218
 10
-4.5771
 20
-7.7318
 10
-4.5602
 20
-7.7417
 10
-4.5433
 20
-7.7517
 10
-4.5264
 20
-7.7616
 10
-4.5095
 20
-7.7714
 10
-4.4925
 20
-7.7812
 10
-4.4755
 20
-7.791
 10
-4.4585
 20
-7.8008
 10
-4.4415
 20
-7.8105
 10
-4.4244
 20
-7.8201
 10
-4.4074
 20
-7.8298
 10
-4.3903
 20
-7.8394
 10
-4.3731
 20
-7.8489
 10
-4.356
 20
-7.8585
 10
-4.3389
 20
-7.8679
 10
-4.3217
 20
-7.8774
 10
-4.3045
 20
-7.8868
 10
-4.2873
 20
-7.8962
 10
-4.27
 20
-7.9055
 10
-4.2528
 20
-7.9148
 10
-4.2355
 20
-7.9241
 10
-4.2182
 20
-7.9333
 10
-4.2009
 20
-7.9425
 10
-4.1835
 20
-7.9516
 10
-4.1662
 20
-7.9607
 10
-4.1488
 20
-7.9698
 10
-4.1314
 20
-7.9788
 10
-4.114
 20
-7.9878
 10
-4.0966
 20
-7.9968
 10
-4.0791
 20
-8.0057
 10
-4.0616
 20
-8.0146
 10
-4.0441
 20
-8.0234
 10
-4.0266
 20
-8.0322
 10
-4.0091
 20
-8.041
 10
-3.9915
 20
-8.0497
 10
-3.974
 20
-8.0584
 10
-3.9564
 20
-8.0671
 10
-3.9388
 20
-8.0757
 10
-3.9211
 20
-8.0842
 10
-3.9035
 20
-8.0928
 10
-3.8858
 20
-8.1013
 10
-3.8681
 20
-8.1097
 10
-3.8504
 20
-8.1181
 10
-3.8327
 20
-8.1265
 10
-3.815
 20
-8.1349
 10
-3.7972
 20
-8.1432
 10
-3.7795
 20
-8.1514
 10
-3.7617
 20
-8.1597
 10
-3.7438
 20
-8.1679
 10
-3.726
 20
-8.176
 10
-3.7082
 20
-8.1841
 10
-3.6903
 20
-8.1922
 10
-3.6724
 20
-8.2002
 10
-3.6545
 20
-8.2082
 10
-3.6366
 20
-8.2162
 10
-3.6187
 20
-8.2241
 10
-3.6007
 20
-8.2319
 10
-3.5828
 20
-8.2398
 10
-3.5648
 20
-8.2476
 10
-3.5468
 20
-8.2553
 10
-3.5288
 20
-8.2631
 10
-3.5107
 20
-8.2707
 10
-3.4927
 20
-8.2784
 10
-3.4746
 20
-8.286
 10
-3.4565
 20
-8.2935
 10
-3.4384
 20
-8.3011
 10
-3.4203
 20
-8.3085
 10
-3.4022
 20
-8.316
 10
-3.384
 20
-8.3234
 10
-3.3658
 20
-8.3307
 10
-3.3477
 20
-8.3381
 10
-3.3295
 20
-8.3454
 10
-3.3112
 20
-8.3526
 10
-3.293
 20
-8.3598
 10
-3.2748
 20
-8.367
 10
-3.2565
 20
-8.3741
 10
-3.2382
 20
-8.3812
 10
-3.2199
 20
-8.3882
 10
-3.2016
 20
-8.3952
 10
-3.1833
 20
-8.4022
 10
-3.165
 20
-8.4091
 10
-3.1466
 20
-8.416
 10
-3.1282
 20
-8.4228
 10
-3.1099
 20
-8.4296
 10
-3.0915
 20
-8.4364
 10
-3.0731
 20
-8.4431
 10
-3.0546
 20
-8.4498
 10
-3.0362
 20
-8.4565
 10
-3.0177
 20
-8.4631
 10
-2.9993
 20
-8.4696
 10
-2.9808
 20
-8.4762
 10
-2.9623
 20
-8.4826
 10
-2.9438
 20
-8.4891
 10
-2.9252
 20
-8.4955
 10
-2.9067
 20
-8.5018
 10
-2.8881
 20
-8.5082
 10
-2.8696
 20
-8.5144
 10
-2.851
 20
-8.5207
 10
-2.8324
 20
-8.5269
 10
-2.8138
 20
-8.533
 10
-2.7952
 20
-8.5392
 10
-2.7765
 20
-8.5452
 10
-2.7579
 20
-8.5513
 10
-2.7392
 20
-8.5573
 10
-2.7205
 20
-8.5632
 10
-2.7018
 20
-8.5691
 10
-2.6831
 20
-8.575
 10
-2.6644
 20
-8.5809
 10
-2.6457
 20
-8.5866
 10
-2.627
 20
-8.5924
 10
-2.6082
 20
-8.5981
 10
-2.5894
 20
-8.6038
 10
-2.5707
 20
-8.6094
 10
-2.5519
 20
-8.615
 10
-2.5331
 20
-8.6205
 10
-2.5143
 20
-8.626
 10
-2.4954
 20
-8.6315
 10
-2.4766
 20
-8.6369
 10
-2.4578
 20
-8.6423
 10
-2.4389
 20
-8.6477
 10
-2.42
 20
-8.653
 10
-2.4011
 20
-8.6582
 10
-2.3822
 20
-8.6634
 10
-2.3633
 20
-8.6686
 10
-2.3444
 20
-8.6737
 10
-2.3255
 20
-8.6788
 10
-2.3065
 20
-8.6839
 10
-2.2876
 20
-8.6889
 10
-2.2686
 20
-8.6939
 10
-2.2497
 20
-8.6988
 10
-2.2307
 20
-8.7037
 10
-2.2117
 20
-8.7085
 10
-2.1927
 20
-8.7133
 10
-2.1737
 20
-8.7181
 10
-2.1546
 20
-8.7228
 10
-2.1356
 20
-8.7275
 10
-2.1166
 20
-8.7321
 10
-2.0975
 20
-8.7367
 10
-2.0784
 20
-8.7413
 10
-2.0594
 20
-8.7458
 10
-2.0403
 20
-8.7503
 10
-2.0212
 20
-8.7547
 10
-2.0021
 20
-8.7591
 10
-1.983
 20
-8.7635
 10
-1.9638
 20
-8.7678
 10
-1.9447
 20
-8.772
 10
-1.9256
 20
-8.7762
 10
-1.9064
 20
-8.7804
 10
-1.8873
 20
-8.7846
 10
-1.8681
 20
-8.7887
 10
-1.8489
 20
-8.7927
 10
-1.8297
 20
-8.7967
 10
-1.8105
 20
-8.8007
 10
-1.7913
 20
-8.8046
 10
-1.7721
 20
-8.8085
 10
-1.7529
 20
-8.8124
 10
-1.7337
 20
-8.8162
 10
-1.7144
 20
-8.8199
 10
-1.6952
 20
-8.8236
 10
-1.6759
 20
-8.8273
 10
-1.6567
 20
-8.831
 10
-1.6374
 20
-8.8345
 10
-1.6181
 20
-8.8381
 10
-1.5988
 20
-8.8416
 10
-1.5795
 20
-8.8451
 10
-1.5602
 20
-8.8485
 10
-1.5409
 20
-8.8519
 10
-1.5216
 20
-8.8552
 10
-1.5023
 20
-8.8585
 10
-1.483
 20
-8.8618
 10
-1.4636
 20
-8.865
 10
-1.4443
 20
-8.8682
 10
-1.4249
 20
-8.8713
 10
-1.4056
 20
-8.8744
 10
-1.3862
 20
-8.8774
 10
-1.3668
 20
-8.8804
 10
-1.3475
 20
-8.8834
 10
-1.3281
 20
-8.8863
 10
-1.3087
 20
-8.8892
 10
-1.2893
 20
-8.892
 10
-1.2699
 20
-8.8948
 10
-1.2505
 20
-8.8976
 10
-1.2311
 20
-8.9003
 10
-1.2116
 20
-8.9029
 10
-1.1922
 20
-8.9056
 10
-1.1728
 20
-8.9081
 10
-1.1533
 20
-8.9107
 10
-1.1339
 20
-8.9132
 10
-1.1144
 20
-8.9156
 10
-1.095
 20
-8.918
 10
-1.0755
 20
-8.9204
 10
-1.0561
 20
-8.9227
 10
-1.0366
 20
-8.925
 10
-1.0171
 20
-8.9272
 10
-0.9977
 20
-8.9294
 10
-0.9782
 20
-8.9316
 10
-0.9587
 20
-8.9337
 10
-0.9392
 20
-8.9358
 10
-0.9197
 20
-8.9378
 10
-0.9002
 20
-8.9398
 10
-0.8807
 20
-8.9417
 10
-0.8612
 20
-8.9436
 10
-0.8417
 20
-8.9455
 10
-0.8221
 20
-8.9473
 10
-0.8026
 20
-8.9491
 10
-0.7831
 20
-8.9508
 10
-0.7636
 20
-8.9525
 10
-0.744
 20
-8.9541
 10
-0.7245
 20
-8.9557
 10
-0.705
 20
-8.9573
 10
-0.6854
 20
-8.9588
 10
-0.6659
 20
-8.9603
 10
-0.6463
 20
-8.9617
 10
-0.6268
 20
-8.9631
 10
-0.6072
 20
-8.9645
 10
-0.5876
 20
-8.9658
 10
-0.5681
 20
-8.967
 10
-0.5485
 20
-8.9682
 10
-0.529
 20
-8.9694
 10
-0.5094
 20
-8.9705
 10
-0.4898
 20
-8.9716
 10
-0.4702
 20
-8.9727
 10
-0.4507
 20
-8.9737
 10
-0.4311
 20
-8.9747
 10
-0.4115
 20
-8.9756
 10
-0.3919
 20
-8.9764
 10
-0.3723
 20
-8.9773
 10
-0.3527
 20
-8.9781
 10
-0.3332
 20
-8.9788
 10
-0.3136
 20
-8.9795
 10
-0.294
 20
-8.9802
 10
-0.2744
 20
-8.9808
 10
-0.2548
 20
-8.9814
 10
-0.2352
 20
-8.9819
 10
-0.2156
 20
-8.9824
 10
-0.196
 20
-8.9829
 10
-0.1764
 20
-8.9833
 10
-0.1568
 20
-8.9836
 10
-0.1372
 20
-8.984
 10
-0.1176
 20
-8.9842
 10
-0.098
 20
-8.9845
 10
-0.0784
 20
-8.9847
 10
-0.065
 20
-8.9848
 10
-0.065
 20
-1.75
 10
0.065
 20
-1.75
 10
0.065
 20
-8.9848
 10
0.0784
 20
-8.9847
 10
0.098
 20
-8.9845
 10
0.1176
 20
-8.9842
 10
0.1372
 20
-8.984
 10
0.1568
 20
-8.9836
 10
0.1764
 20
-8.9833
 10
0.196
 20
-8.9829
 10
0.2156
 20
-8.9824
 10
0.2352
 20
-8.9819
 10
0.2548
 20
-8.9814
 10
0.2744
 20
-8.9808
 10
0.294
 20
-8.9802
 10
0.3136
 20
-8.9795
 10
0.3332
 20
-8.9788
 10
0.3527
 20
-8.9781
 10
0.3723
 20
-8.9773
 10
0.3919
 20
-8.9764
 10
0.4115
 20
-8.9756
 10
0.4311
 20
-8.9747
 10
0.4507
 20
-8.9737
 10
0.4702
 20
-8.9727
 10
0.4898
 20
-8.9716
 10
0.5094
 20
-8.9705
 10
0.529
 20
-8.9694
 10
0.5485
 20
-8.9682
 10
0.5681
 20
-8.967
 10
0.5876
 20
-8.9658
 10
0.6072
 20
-8.9645
 10
0.6268
 20
-8.9631
 10
0.6463
 20
-8.9617
 10
0.6659
 20
-8.9603
 10
0.6854
 20
-8.9588
 10
0.705
 20
-8.9573
 10
0.7245
 20
-8.9557
 10
0.744
 20
-8.9541
 10
0.7636
 20
-8.9525
 10
0.7831
 20
-8.9508
 10
0.8026
 20
-8.9491
 10
0.8221
 20
-8.9473
 10
0.8417
 20
-8.9455
 10
0.8612
 20
-8.9436
 10
0.8807
 20
-8.9417
 10
0.9002
 20
-8.9398
 10
0.9197
 20
-8.9378
 10
0.9392
 20
-8.9358
 10
0.9587
 20
-8.9337
 10
0.9782
 20
-8.9316
 10
0.9977
 20
-8.9294
 10
1.0171
 20
-8.9272
 10
1.0366
 20
-8.925
 10
1.0561
 20
-8.9227
 10
1.0755
 20
-8.9204
 10
1.095
 20
-8.918
 10
1.1144
 20
-8.9156
 10
1.1339
 20
-8.9132
 10
1.1533
 20
-8.9107
 10
1.1728
 20
-8.9081
 10
1.1922
 20
-8.9056
 10
1.2116
 20
-8.9029
 10
1.2311
 20
-8.9003
 10
1.2505
 20
-8.8976
 10
1.2699
 20
-8.8948
 10
1.2893
 20
-8.892
 10
1.3087
 20
-8.8892
 10
1.3281
 20
-8.8863
 10
1.3475
 20
-8.8834
 10
1.3668
 20
-8.8804
 10
1.3862
 20
-8.8774
 10
1.4056
 20
-8.8744
 10
1.4249
 20
-8.8713
 10
1.4443
 20
-8.8682
 10
1.4636
 20
-8.865
 10
1.483
 20
-8.8618
 10
1.5023
 20
-8.8585
 10
1.5216
 20
-8.8552
 10
1.5409
 20
-8.8519
 10
1.5602
 20
-8.8485
 10
1.5795
 20
-8.8451
 10
1.5988
 20
-8.8416
 10
1.6181
 20
-8.8381
 10
1.6374
 20
-8.8345
 10
1.6567
 20
-8.831
 10
1.6759
 20
-8.8273
 10
1.6952
 20
-8.8236
 10
1.7144
 20
-8.8199
 10
1.7337
 20
-8.8162
 10
1.7529
 20
-8.8124
 10
1.7721
 20
-8.8085
 10
1.7913
 20
-8.8046
 10
1.8105
 20
-8.8007
 10
1.8297
 20
-8.7967
 10
1.8489
 20
-8.7927
 10
1.8681
 20
-8.7887
 10
1.8873
 20
-8.7846
 10
1.9064
 20
-8.7804
 10
1.9256
 20
-8.7762
 10
1.9447
 20
-8.772
 10
1.9638
 20
-8.7678
 10
1.983
 20
-8.7635
 10
2.0021
 20
-8.7591
 10
2.0212
 20
-8.7547
 10
2.0403
 20
-8.7503
 10
2.0594
 20
-8.7458
 10
2.0784
 20
-8.7413
 10
2.0975
 20
-8.7367
 10
2.1166
 20
-8.7321
 10
2.1356
 20
-8.7275
 10
2.1546
 20
-8.7228
 10
2.1737
 20
-8.7181
 10
2.1927
 20
-8.7133
 10
2.2117
 20
-8.7085
 10
2.2307
 20
-8.7037
 10
2.2497
 20
-8.6988
 10
2.2686
 20
-8.6939
 10
2.2876
 20
-8.6889
 10
2.3065
 20
-8.6839
 10
2.3255
 20
-8.6788
 10
2.3444
 20
-8.6737
 10
2.3633
 20
-8.6686
 10
2.3822
 20
-8.6634
 10
2.4011
 20
-8.6582
 10
2.42
 20
-8.653
 10
2.4389
 20
-8.6477
 10
2.4578
 20
-8.6423
 10
2.4766
 20
-8.6369
 10
2.4954
 20
-8.6315
 10
2.5143
 20
-8.626
 10
2.5331
 20
-8.6205
 10
2.5519
 20
-8.615
 10
2.5707
 20
-8.6094
 10
2.5894
 20
-8.6038
 10
2.6082
 20
-8.5981
 10
2.627
 20
-8.5924
 10
2.6457
 20
-8.5866
 10
2.6644
 20
-8.5809
 10
2.6831
 20
-8.575
 10
2.7018
 20
-8.5691
 10
2.7205
 20
-8.5632
 10
2.7392
 20
-8.5573
 10
2.7579
 20
-8.5513
 10
2.7765
 20
-8.5452
 10
2.7952
 20
-8.5392
 10
2.8138
 20
-8.533
 10
2.8324
 20
-8.5269
 10
2.851
 20
-8.5207
 10
2.8696
 20
-8.5144
 10
2.8881
 20
-8.5082
 10
2.9067
 20
-8.5018
 10
2.9252
 20
-8.4955
 10
2.9438
 20
-8.4891
 10
2.9623
 20
-8.4826
 10
2.9808
 20
-8.4762
 10
2.9993
 20
-8.4696
 10
3.0177
 20
-8.4631
 10
3.0362
 20
-8.4565
 10
3.0546
 20
-8.4498
 10
3.0731
 20
-8.4431
 10
3.0915
 20
-8.4364
 10
3.1099
 20
-8.4296
 10
3.1282
 20
-8.4228
 10
3.1466
 20
-8.416
 10
3.165
 20
-8.4091
 10
3.1833
 20
-8.4022
 10
3.2016
 20
-8.3952
 10
3.2199
 20
-8.3882
 10
3.2382
 20
-8.3812
 10
3.2565
 20
-8.3741
 10
3.2748
 20
-8.367
 10
3.293
 20
-8.3598
 10
3.3112
 20
-8.3526
 10
3.3295
 20
-8.3454
 10
3.3477
 20
-8.3381
 10
3.3658
 20
-8.3307
 10
3.384
 20
-8.3234
 10
3.4022
 20
-8.316
 10
3.4203
 20
-8.3085
 10
3.4384
 20
-8.3011
 10
3.4565
 20
-8.2935
 10
3.4746
 20
-8.286
 10
3.4927
 20
-8.2784
 10
3.5107
 20
-8.2707
 10
3.5288
 20
-8.2631
 10
3.5468
 20
-8.2553
 10
3.5648
 20
-8.2476
 10
3.5828
 20
-8.2398
 10
3.6007
 20
-8.2319
 10
3.6187
 20
-8.2241
 10
3.6366
 20
-8.2162
 10
3.6545
 20
-8.2082
 10
3.6724
 20
-8.2002
 10
3.6903
 20
-8.1922
 10
3.7082
 20
-8.1841
 10
3.726
 20
-8.176
 10
3.7438
 20
-8.1679
 10
3.7617
 20
-8.1597
 10
3.7795
 20
-8.1514
 10
3.7972
 20
-8.1432
 10
3.815
 20
-8.1349
 10
3.8327
 20
-8.1265
 10
3.8504
 20
-8.1181
 10
3.8681
 20
-8.1097
 10
3.8858
 20
-8.1013
 10
3.9035
 20
-8.0928
 10
3.9211
 20
-8.0842
 10
3.9388
 20
-8.0757
 10
3.9564
 20
-8.0671
 10
3.974
 20
-8.0584
 10
3.9915
 20
-8.0497
 10
4.0091
 20
-8.041
 10
4.0266
 20
-8.0322
 10
4.0441
 20
-8.0234
 10
4.0616
 20
-8.0146
 10
4.0791
 20
-8.0057
 10
4.0966
 20
-7.9968
 10
4.114
 20
-7.9878
 10
4.1314
 20
-7.9788
 10
4.1488
 20
-7.9698
 10
4.1662
 20
-7.9607
 10
4.1835
 20
-7.9516
 10
4.2009
 20
-7.9425
 10
4.2182
 20
-7.9333
 10
4.2355
 20
-7.9241
 10
4.2528
 20
-7.9148
 10
4.27
 20
-7.9055
 10
4.2873
 20
-7.8962
 10
4.3045
 20
-7.8868
 10
4.3217
 20
-7.8774
 10
4.3389
 20
-7.8679
 10
4.356
 20
-7.8585
 10
4.3731
 20
-7.8489
 10
4.3903
 20
-7.8394
 10
4.4074
 20
-7.8298
 10
4.4244
 20
-7.8201
 10
4.4415
 20
-7.8105
 10
4.4585
 20
-7.8008
 10
4.4755
 20
-7.791
 10
4.4925
 20
-7.7812
 10
4.5095
 20
-7.7714
 10
4.5264
 20
-7.7616
 10
4.5433
 20
-7.7517
 10
4.5602
 20
-7.7417
 10
4.5771
 20
-7.7318
 10
4.594
 20
-7.7218
 10
4.6108
 20
-7.7117
 10
4.6276
 20
-7.7016
 10
4.6444
 20
-7.6915
 10
4.6612
 20
-7.6814
 10
4.6779
 20
-7.6712
 10
4.6946
 20
-7.661
 10
4.7114
 20
-7.6507
 10
4.728
 20
-7.6404
 10
4.7447
 20
-7.6301
 10
4.7613
 20
-7.6197
 10
4.7779
 20
-7.6093
 10
4.7945
 20
-7.5989
 10
4.8111
 20
-7.5884
 10
4.8276
 20
-7.5779
 10
4.8442
 20
-7.5673
 10
4.8607
 20
-7.5567
 10
4.8771
 20
-7.5461
 10
4.8936
 20
-7.5355
 10
4.91
 20
-7.5248
 10
4.9264
 20
-7.514
 10
4.9428
 20
-7.5033
 10
4.9592
 20
-7.4925
 10
4.9755
 20
-7.4816
 10
4.9918
 20
-7.4708
 10
5.0081
 20
-7.4598
 10
5.0243
 20
-7.4489
 10
5.0406
 20
-7.4379
 10
5.0568
 20
-7.4269
 10
5.073
 20
-7.4159
 10
5.0892
 20
-7.4048
 10
5.1053
 20
-7.3937
 10
5.1214
 20
-7.3825
 10
5.1375
 20
-7.3713
 10
5.1536
 20
-7.3601
 10
5.1696
 20
-7.3488
 10
5.1856
 20
-7.3375
 10
5.2016
 20
-7.3262
 10
5.2176
 20
-7.3148
 10
5.2336
 20
-7.3034
 10
5.2495
 20
-7.292
 10
5.2654
 20
-7.2805
 10
5.2813
 20
-7.269
 10
5.2971
 20
-7.2575
 10
5.3129
 20
-7.2459
 10
5.3287
 20
-7.2343
 10
5.3445
 20
-7.2227
 10
5.3602
 20
-7.211
 10
5.3759
 20
-7.1993
 10
5.3916
 20
-7.1875
 10
5.4073
 20
-7.1757
 10
5.423
 20
-7.1639
 10
5.4386
 20
-7.1521
 10
5.4542
 20
-7.1402
 10
5.4697
 20
-7.1283
 10
5.4853
 20
-7.1163
 10
5.5008
 20
-7.1043
 10
5.5163
 20
-7.0923
 10
5.5317
 20
-7.0803
 10
5.5472
 20
-7.0682
 10
5.5626
 20
-7.0561
 10
5.5779
 20
-7.0439
 10
5.5933
 20
-7.0317
 10
5.6086
 20
-7.0195
 10
5.6239
 20
-7.0073
 10
5.6392
 20
-6.995
 10
5.6544
 20
-6.9827
 10
5.6697
 20
-6.9703
 10
5.6849
 20
-6.9579
 10
5.7
 20
-6.9455
 10
5.7152
 20
-6.933
 10
5.7303
 20
-6.9206
 10
5.7454
 20
-6.908
 10
5.7604
 20
-6.8955
 10
5.7754
 20
-6.8829
 10
5.7904
 20
-6.8703
 10
5.8054
 20
-6.8576
 10
5.8204
 20
-6.845
 10
5.8353
 20
-6.8322
 10
5.8502
 20
-6.8195
 10
5.865
 20
-6.8067
 10
5.8799
 20
-6.7939
 10
5.8947
 20
-6.7811
 10
5.9095
 20
-6.7682
 10
5.9242
 20
-6.7553
 10
5.9389
 20
-6.7423
 10
5.9536
 20
-6.7294
 10
5.9683
 20
-6.7164
 10
5.9829
 20
-6.7033
 10
5.9976
 20
-6.6903
 10
6.0121
 20
-6.6772
 10
6.0267
 20
-6.664
 10
6.0412
 20
-6.6509
 10
6.0557
 20
-6.6377
 10
6.0702
 20
-6.6244
 10
6.0846
 20
-6.6112
 10
6.099
 20
-6.5979
 10
6.1134
 20
-6.5846
 10
6.1278
 20
-6.5712
 10
6.1421
 20
-6.5578
 10
6.1564
 20
-6.5444
 10
6.1706
 20
-6.531
 10
6.1849
 20
-6.5175
 10
6.1991
 20
-6.504
 10
6.2132
 20
-6.4904
 10
6.2274
 20
-6.4769
 10
6.2415
 20
-6.4633
 10
6.2556
 20
-6.4496
 10
6.2696
 20
-6.436
 10
6.2837
 20
-6.4223
 10
6.2977
 20
-6.4086
 10
6.3116
 20
-6.3948
 10
6.3256
 20
-6.381
 10
6.3395
 20
-6.3672
 10
6.3534
 20
-6.3534
 10
6.3672
 20
-6.3395
 10
6.381
 20
-6.3256
 10
6.3948
 20
-6.3116
 10
6.4086
 20
-6.2977
 10
6.4223
 20
-6.2837
 10
6.436
 20
-6.2696
 10
6.4496
 20
-6.2556
 10
6.4633
 20
-6.2415
 10
6.4769
 20
-6.2274
 10
6.4904
 20
-6.2132
 10
6.504
 20
-6.1991
 10
6.5175
 20
-6.1849
 10
6.531
 20
-6.1706
 10
6.5444
 20
-6.1564
 10
6.5578
 20
-6.1421
 10
6.5712
 20
-6.1278
 10
6.5846
 20
-6.1134
 10
6.5979
 20
-6.099
 10
6.6112
 20
-6.0846
 10
6.6244
 20
-6.0702
 10
6.6377
 20
-6.0557
 10
6.6509
 20
-6.0412
 10
6.664
 20
-6.0267
 10
6.6772
 20
-6.0121
 10
6.6903
 20
-5.9976
 10
6.7033
 20
-5.9829
 10
6.7164
 20
-5.9683
 10
6.7294
 20
-5.9536
 10
6.7423
 20
-5.9389
 10
6.7553
 20
-5.9242
 10
6.7682
 20
-5.9095
 10
6.7811
 20
-5.8947
 10
6.7939
 20
-5.8799
 10
6.8067
 20
-5.865
 10
6.8195
 20
-5.8502
 10
6.8322
 20
-5.8353
 10
6.845
 20
-5.8204
 10
6.8576
 20
-5.8054
 10
6.8703
 20
-5.7904
 10
6.8829
 20
-5.7754
 10
6.8955
 20
-5.7604
 10
6.908
 20
-5.7454
 10
6.9206
 20
-5.7303
 10
6.933
 20
-5.7152
 10
6.9455
 20
-5.7
 10
6.9579
 20
-5.6849
 10
6.9703
 20
-5.6697
 10
6.9827
 20
-5.6544
 10
6.995
 20
-5.6392
 10
7.0073
 20
-5.6239
 10
7.0195
 20
-5.6086
 10
7.0317
 20
-5.5933
 10
7.0439
 20
-5.5779
 10
7.0561
 20
-5.5626
 10
7.0682
 20
-5.5472
 10
7.0803
 20
-5.5317
 10
7.0923
 20
-5.5163
 10
7.1043
 20
-5.5008
 10
7.1163
 20
-5.4853
 10
7.1283
 20
-5.4697
 10
7.1402
 20
-5.4542
 10
7.1521
 20
-5.4386
 10
7.1639
 20
-5.423
 10
7.1757
 20
-5.4073
 10
7.1875
 20
-5.3916
 10
7.1993
 20
-5.3759
 10
7.211
 20
-5.3602
 10
7.2227
 20
-5.3445
 10
7.2343
 20
-5.3287
 10
7.2459
 20
-5.3129
 10
7.2575
 20
-5.2971
 10
7.269
 20
-5.2813
 10
7.2805
 20
-5.2654
 10
7.292
 20
-5.2495
 10
7.3034
 20
-5.2336
 10
7.3148
 20
-5.2176
 10
7.3262
 20
-5.2016
 10
7.3375
 20
-5.1856
 10
7.3488
 20
-5.1696
 10
7.3601
 20
-5.1536
 10
7.3713
 20
-5.1375
 10
7.3825
 20
-5.1214
 10
7.3937
 20
-5.1053
 10
7.4048
 20
-5.0892
 10
7.4159
 20
-5.073
 10
7.4269
 20
-5.0568
 10
7.4379
 20
-5.0406
 10
7.4489
 20
-5.0243
 10
7.4598
 20
-5.0081
 10
7.4708
 20
-4.9918
 10
7.4816
 20
-4.9755
 10
7.4925
 20
-4.9592
 10
7.5033
 20
-4.9428
 10
7.514
 20
-4.9264
 10
7.5248
 20
-4.91
 10
7.5355
 20
-4.8936
 10
7.5461
 20
-4.8771
 10
7.5567
 20
-4.8607
 10
7.5673
 20
-4.8442
 10
7.5779
 20
-4.8276
 10
7.5884
 20
-4.8111
 10
7.5989
 20
-4.7945
 10
7.6093
 20
-4.7779
 10
7.6197
 20
-4.7613
 10
7.6301
 20
-4.7447
 10
7.6404
 20
-4.728
 10
7.6507
 20
-4.7114
 10
7.661
 20
-4.6946
 10
7.6712
 20
-4.6779
 10
7.6814
 20
-4.6612
 10
7.6915
 20
-4.6444
 10
7.7016
 20
-4.6276
 10
7.7117
 20
-4.6108
 10
7.7218
 20
-4.594
 10
7.7318
 20
-4.5771
 10
7.7417
 20
-4.5602
 10
7.7517
 20
-4.5433
 10
7.7616
 20
-4.5264
 10
7.7714
 20
-4.5095
 10
7.7812
 20
-4.4925
 10
7.791
 20
-4.4755
 10
7.8008
 20
-4.4585
 10
7.8105
 20
-4.4415
 10
7.8201
 20
-4.4244
 10
7.8298
 20
-4.4074
 10
7.8394
 20
-4.3903
 10
7.8489
 20
-4.3731
 10
7.8585
 20
-4.356
 10
7.8679
 20
-4.3389
 10
7.8774
 20
-4.3217
 10
7.8868
 20
-4.3045
 10
7.8962
 20
-4.2873
 10
7.9055
 20
-4.27
 10
7.9148
 20
-4.2528
 10
7.9241
 20
-4.2355
 10
7.9333
 20
-4.2182
 10
7.9425
 20
-4.2009
 10
7.9516
 20
-4.1835
 10
7.9607
 20
-4.1662
 10
7.9698
 20
-4.1488
 10
7.9788
 20
-4.1314
 10
7.9878
 20
-4.114
 10
7.9968
 20
-4.0966
 10
8.0057
 20
-4.0791
 10
8.0146
 20
-4.0616
 10
8.0234
 20
-4.0441
 10
8.0322
 20
-4.0266
 10
8.041
 20
-4.0091
 10
8.0497
 20
-3.9915
 10
8.0584
 20
-3.974
 10
8.0671
 20
-3.9564
 10
8.0757
 20
-3.9388
 10
8.0842
 20
-3.9211
 10
8.0928
 20
-3.9035
 10
8.1013
 20
-3.8858
 10
8.1097
 20
-3.8681
 10
8.1181
 20
-3.8504
 10
8.1265
 20
-3.8327
 10
8.1349
 20
-3.815
 10
8.1432
 20
-3.7972
 10
8.1514
 20
-3.7795
 10
8.1597
 20
-3.7617
 10
8.1679
 20
-3.7438
 10
8.176
 20
-3.726
 10
8.1841
 20
-3.7082
 10
8.1922
 20
-3.6903
 10
8.2002
 20
-3.6724
 10
8.2082
 20
-3.6545
 10
8.2162
 20
-3.6366
 10
8.2241
 20
-3.6187
 10
8.2319
 20
-3.6007
 10
8.2398
 20
-3.5828
 10
8.2476
 20
-3.5648
 10
8.2553
 20
-3.5468
 10
8.2631
 20
-3.5288
 10
8.2707
 20
-3.5107
 10
8.2784
 20
-3.4927
 10
8.286
 20
-3.4746
 10
8.2935
 20
-3.4565
 10
8.3011
 20
-3.4384
 10
8.3085
 20
-3.4203
 10
8.316
 20
-3.4022
 10
8.3234
 20
-3.384
 10
8.3307
 20
-3.3658
 10
8.3381
 20
-3.3477
 10
8.3454
 20
-3.3295
 10
8.3526
 20
-3.3112
 10
8.3598
 20
-3.293
 10
8.367
 20
-3.2748
 10
8.3741
 20
-3.2565
 10
8.3812
 20
-3.2382
 10
8.3882
 20
-3.2199
 10
8.3952
 20
-3.2016
 10
8.4022
 20
-3.1833
 10
8.4091
 20
-3.165
 10
8.416
 20
-3.1466
 10
8.4228
 20
-3.1282
 10
8.4296
 20
-3.1099
 10
8.4364
 20
-3.0915
 10
8.4431
 20
-3.0731
 10
8.4498
 20
-3.0546
 10
8.4565
 20
-3.0362
 10
8.4631
 20
-3.0177
 10
8.4696
 20
-2.9993
 10
8.4762
 20
-2.9808
 10
8.4826
 20
-2.9623
 10
8.4891
 20
-2.9438
 10
8.4955
 20
-2.9252
 10
8.5018
 20
-2.9067
 10
8.5082
 20
-2.8881
 10
8.5144
 20
-2.8696
 10
8.5207
 20
-2.851
 10
8.5269
 20
-2.8324
 10
8.533
 20
-2.8138
 10
8.5392
 20
-2.7952
 10
8.5452
 20
-2.7765
 10
8.5513
 20
-2.7579
 10
8.5573
 20
-2.7392
 10
8.5632
 20
-2.7205
 10
8.5691
 20
-2.7018
 10
8.575
 20
-2.6831
 10
8.5809
 20
-2.6644
 10
8.5866
 20
-2.6457
 10
8.5924
 20
-2.627
 10
8.5981
 20
-2.6082
 10
8.6038
 20
-2.5894
 10
8.6094
 20
-2.5707
 10
8.615
 20
-2.5519
 10
8.6205
 20
-2.5331
 10
8.626
 20
-2.5143
 10
8.6315
 20
-2.4954
 10
8.6369
 20
-2.4766
 10
8.6423
 20
-2.4578
 10
8.6477
 20
-2.4389
 10
8.653
 20
-2.42
 10
8.6582
 20
-2.4011
 10
8.6634
 20
-2.3822
 10
8.6686
 20
-2.3633
 10
8.6737
 20
-2.3444
 10
8.6788
 20
-2.3255
 10
8.6839
 20
-2.3065
 10
8.6889
 20
-2.2876
 10
8.6939
 20
-2.2686
 10
8.6988
 20
-2.2497
 10
8.7037
 20
-2.2307
 10
8.7085
 20
-2.2117
 10
8.7133
 20
-2.1927
 10
8.7181
 20
-2.1737
 10
8.7228
 20
-2.1546
 10
8.7275
 20
-2.1356
 10
8.7321
 20
-2.1166
 10
8.7367
 20
-2.0975
 10
8.7413
 20
-2.0784
 10
8.7458
 20
-2.0594
 10
8.7503
 20
-2.0403
 10
8.7547
 20
-2.0212
 10
8.7591
 20
-2.0021
 10
8.7635
 20
-1.983
 10
8.7678
 20
-1.9638
 10
8.772
 20
-1.9447
 10
8.7762
 20
-1.9256
 10
8.7804
 20
-1.9064
 10
8.7846
 20
-1.8873
 10
8.7887
 20
-1.8681
 10
8.7927
 20
-1.8489
 10
8.7967
 20
-1.8297
 10
8.8007
 20
-1.8105
 10
8.8046
 20
-1.7913
 10
8.8085
 20
-1.7721
 10
8.8124
 20
-1.7529
 10
8.8162
 20
-1.7337
 10
8.8199
 20
-1.7144
 10
8.8236
 20
-1.6952
 10
8.8273
 20
-1.6759
 10
8.831
 20
-1.6567
 10
8.8345
 20
-1.6374
 10
8.8381
 20
-1.6181
 10
8.8416
 20
-1.5988
 10
8.8451
 20
-1.5795
 10
8.8485
 20
-1.5602
 10
8.8519
 20
-1.5409
 10
8.8552
 20
-1.5216
 10
8.8585
 20
-1.5023
 10
8.8618
 20
-1.483
 10
8.865
 20
-1.4636
 10
8.8682
 20
-1.4443
 10
8.8713
 20
-1.4249
 10
8.8744
 20
-1.4056
 10
8.8774
 20
-1.3862
 10
8.8804
 20
-1.3668
 10
8.8834
 20
-1.3475
 10
8.8863
 20
-1.3281
 10
8.8892
 20
-1.3087
 10
8.892
 20
-1.2893
 10
8.8948
 20
-1.2699
 10
8.8976
 20
-1.2505
 10
8.9003
 20
-1.2311
 10
8.9029
 20
-1.2116
 10
8.9056
 20
-1.1922
 10
8.9081
 20
-1.1728
 10
8.9107
 20
-1.1533
 10
8.9132
 20
-1.1339
 10
8.9156
 20
-1.1144
 10
8.918
 20
-1.095
 10
8.9204
 20
-1.0755
 10
8.9227
 20
-1.0561
 10
8.925
 20
-1.0366
 10
8.9272
 20
-1.0171
 10
8.9294
 20
-0.9977
 10
8.9316
 20
-0.9782
 10
8.9337
 20
-0.9587
 10
8.9358
 20
-0.9392
 10
8.9378
 20
-0.9197
 10
8.9398
 20
-0.9002
 10
8.9417
 20
-0.8807
 10
8.9436
 20
-0.8612
 10
8.9455
 20
-0.8417
 10
8.9473
 20
-0.8221
 10
8.9491
 20
-0.8026
 10
8.9508
 20
-0.7831
 10
8.9525
 20
-0.7636
 10
8.9541
 20
-0.744
 10
8.9557
 20
-0.7245
 10
8.9573
 20
-0.705
 10
8.9588
 20
-0.6854
 10
8.9603
 20
-0.6659
 10
8.9617
 20
-0.6463
 10
8.9631
 20
-0.6268
 10
8.9645
 20
-0.6072
 10
8.9658
 20
-0.5876
 10
8.967
 20
-0.5681
 10
8.9682
 20
-0.5485
 10
8.9694
 20
-0.529
 10
8.9705
 20
-0.5094
 10
8.9716
 20
-0.4898
 10
8.9727
 20
-0.4702
 10
8.9737
 20
-0.4507
 10
8.9747
 20
-0.4311
 10
8.9756
 20
-0.4115
 10
8.9764
 20
-0.3919
 10
8.9773
 20
-0.3723
 10
8.9781
 20
-0.3527
 10
8.9788
 20
-0.3332
 10
8.9795
 20
-0.3136
 10
8.9802
 20
-0.294
 10
8.9808
 20
-0.2744
 10
8.9814
 20
-0.2548
 10
8.9819
 20
-0.2352
 10
8.9824
 20
-0.2156
 10
8.9829
 20
-0.196
 10
8.9833
 20
-0.1764
 10
8.9836
 20
-0.1568
 10
8.984
 20
-0.1372
 10
8.9842
 20
-0.1176
 10
8.9845
 20
-0.098
 10
8.9847
 20
-0.0784
 10
8.9848
 20
-0.065
 10
1.75
 20
-0.065
 10
1.75
 20
0.065
 10
8.9848
 20
0.065
 10
8.9847
 20
0.0784
 10
8.9845
 20
0.098
 10
8.9842
 20
0.1176
 10
8.984
 20
0.1372
 10
8.9836
 20
0.1568
 10
8.9833
 20
0.1764
 10
8.9829
 20
0.196
 10
8.9824
 20
0.2156
 10
8.9819
 20
0.2352
 10
8.9814
 20
0.2548
 10
8.9808
 20
0.2744
 10
8.9802
 20
0.294
 10
8.9795
 20
0.3136
 10
8.9788
 20
0.3332
 10
8.9781
 20
0.3527
 10
8.9773
 20
0.3723
 10
8.9764
 20
0.3919
 10
8.9756
 20
0.4115
 10
8.9747
 20
0.4311
 10
8.9737
 20
0.4507
 10
8.9727
 20
0.4702
 10
8.9716
 20
0.4898
 10
8.9705
 20
0.5094
 10
8.9694
 20
0.529
 10
8.9682
 20
0.5485
 10
8.967
 20
0.5681
 10
8.9658
 20
0.5876
 10
8.9645
 20
0.6072
 10
8.9631
 20
0.6268
 10
8.9617
 20
0.6463
 10
8.9603
 20
0.6659
 10
8.9588
 20
0.6854
 10
8.9573
 20
0.705
 10
8.9557
 20
0.7245
 10
8.9541
 20
0.744
 10
8.9525
 20
0.7636
 10
8.9508
 20
0.7831
 10
8.9491
 20
0.8026
 10
8.9473
 20
0.8221
 10
8.9455
 20
0.8417
 10
8.9436
 20
0.8612
 10
8.9417
 20
0.8807
 10
8.9398
 20
0.9002
 10
8.9378
 20
0.9197
 10
8.9358
 20
0.9392
 10
8.9337
 20
0.9587
 10
8.9316
 20
0.9782
 10
8.9294
 20
0.9977
 10
8.9272
 20
1.0171
 10
8.925
 20
1.0366
 10
8.9227
 20
1.0561
 10
8.9204
 20
1.0755
 10
8.918
 20
1.095
 10
8.9156
 20
1.1144
 10
8.9132
 20
1.1339
 10
8.9107
 20
1.1533
 10
8.9081
 20
1.1728
 10
8.9056
 20
1.1922
 10
8.9029
 20
1.2116
 10
8.9003
 20
1.2311
 10
8.8976
 20
1.2505
 10
8.8948
 20
1.2699
 10
8.892
 20
1.2893
 10
8.8892
 20
1.3087
 10
8.8863
 20
1.3281
 10
8.8834
 20
1.3475
 10
8.8804
 20
1.3668
 10
8.8774
 20
1.3862
 10
8.8744
 20
1.4056
 10
8.8713
 20
1.4249
 10
8.8682
 20
1.4443
 10
8.865
 20
1.4636
 10
8.8618
 20
1.483
 10
8.8585
 20
1.5023
 10
8.8552
 20
1.5216
 10
8.8519
 20
1.5409
 10
8.8485
 20
1.5602
 10
8.8451
 20
1.5795
 10
8.8416
 20
1.5988
 10
8.8381
 20
1.6181
 10
8.8345
 20
1.6374
 10
8.831
 20
1.6567
 10
8.8273
 20
1.6759
 10
8.8236
 20
1.6952
 10
8.8199
 20
1.7144
 10
8.8162
 20
1.7337
 10
8.8124
 20
1.7529
 10
8.8085
 20
1.7721
 10
8.8046
 20
1.7913
 10
8.8007
 20
1.8105
 10
8.7967
 20
1.8297
 10
8.7927
 20
1.8489
 10
8.7887
 20
1.8681
 10
8.7846
 20
1.8873
 10
8.7804
 20
1.9064
 10
8.7762
 20
1.9256
 10
8.772
 20
1.9447
 10
8.7678
 20
1.9638
 10
8.7635
 20
1.983
 10
8.7591
 20
2.0021
 10
8.7547
 20
2.0212
 10
8.7503
 20
2.0403
 10
8.7458
 20
2.0594
 10
8.7413
 20
2.0784
 10
8.7367
 20
2.0975
 10
8.7321
 20
2.1166
 10
8.7275
 20
2.1356
 10
8.7228
 20
2.1546
 10
8.7181
 20
2.1737
 10
8.7133
 20
2.1927
 10
8.7085
 20
2.2117
 10
8.7037
 20
2.2307
 10
8.6988
 20
2.2497
 10
8.6939
 20
2.2686
 10
8.6889
 20
2.2876
 10
8.6839
 20
2.3065
 10
8.6788
 20
2.3255
 10
8.6737
 20
2.3444
 10
8.6686
 20
2.3633
 10
8.6634
 20
2.3822
 10
8.6582
 20
2.4011
 10
8.653
 20
2.42
 10
8.6477
 20
2.4389
 10
8.6423
 20
2.4578
 10
8.6369
 20
2.4766
 10
8.6315
 20
2.4954
 10
8.626
 20
2.5143
 10
8.6205
 20
2.5331
 10
8.615
 20
2.5519
 10
8.6094
 20
2.5707
 10
8.6038
 20
2.5894
 10
8.5981
 20
2.6082
 10
8.5924
 20
2.627
 10
8.5866
 20
2.6457
 10
8.5809
 20
2.6644
 10
8.575
 20
2.6831
 10
8.5691
 20
2.7018
 10
8.5632
 20
2.7205
 10
8.5573
 20
2.7392
 10
8.5513
 20
2.7579
 10
8.5452
 20
2.7765
 10
8.5392
 20
2.7952
 10
8.533
 20
2.8138
 10
8.5269
 20
2.8324
 10
8.5207
 20
2.851
 10
8.5144
 20
2.8696
 10
8.5082
 20
2.8881
 10
8.5018
 20
2.9067
 10
8.4955
 20
2.9252
 10
8.4891
 20
2.9438
 10
8.4826
 20
2.9623
 10
8.4762
 20
2.9808
 10
8.4696
 20
2.9993
 10
8.4631
 20
3.0177
 10
8.4565
 20
3.0362
 10
8.4498
 20
3.0546
 10
8.4431
 20
3.0731
 10
8.4364
 20
3.0915
 10
8.4296
 20
3.1099
 10
8.4228
 20
3.1282
 10
8.416
 20
3.1466
 10
8.4091
 20
3.165
 10
8.4022
 20
3.1833
 10
8.3952
 20
3.2016
 10
8.3882
 20
3.2199
 10
8.3812
 20
3.2382
 10
8.3741
 20
3.2565
 10
8.367
 20
3.2748
 10
8.3598
 20
3.293
 10
8.3526
 20
3.3112
 10
8.3454
 20
3.3295
 10
8.3381
 20
3.3477
 10
8.3307
 20
3.3658
 10
8.3234
 20
3.384
 10
8.316
 20
3.4022
 10
8.3085
 20
3.4203
 10
8.3011
 20
3.4384
 10
8.2935
 20
3.4565
 10
8.286
 20
3.4746
 10
8.2784
 20
3.4927
 10
8.2707
 20
3.5107
 10
8.2631
 20
3.5288
 10
8.2553
 20
3.5468
 10
8.2476
 20
3.5648
 10
8.2398
 20
3.5828
 10
8.2319
 20
3.6007
 10
8.2241
 20
3.6187
 10
8.2162
 20
3.6366
 10
8.2082
 20
3.6545
 10
8.2002
 20
3.6724
 10
8.1922
 20
3.6903
 10
8.1841
 20
3.7082
 10
8.176
 20
3.726
 10
8.1679
 20
3.7438
 10
8.1597
 20
3.7617
 10
8.1514
 20
3.7795
 10
8.1432
 20
3.7972
 10
8.1349
 20
3.815
 10
8.1265
 20
3.8327
 10
8.1181
 20
3.8504
 10
8.1097
 20
3.8681
 10
8.1013
 20
3.8858
 10
8.0928
 20
3.9035
 10
8.0842
 20
3.9211
 10
8.0757
 20
3.9388
 10
8.0671
 20
3.9564
 10
8.0584
 20
3.974
 10
8.0497
 20
3.9915
 10
8.041
 20
4.0091
 10
8.0322
 20
4.0266
 10
8.0234
 20
4.0441
 10
8.0146
 20
4.0616
 10
8.0057
 20
4.0791
 10
7.9968
 20
4.0966
 10
7.9878
 20
4.114
 10
7.9788
 20
4.1314
 10
7.9698
 20
4.1488
 10
7.9607
 20
4.1662
 10
7.9516
 20
4.1835
 10
7.9425
 20
4.2009
 10
7.9333
 20
4.2182
 10
7.9241
 20
4.2355
 10
7.9148
 20
4.2528
 10
7.9055
 20
4.27
 10
7.8962
 20
4.2873
 10
7.8868
 20
4.3045
 10
7.8774
 20
4.3217
 10
7.8679
 20
4.3389
 10
7.8585
 20
4.356
 10
7.8489
 20
4.3731
 10
7.8394
 20
4.3903
 10
7.8298
 20
4.4074
 10
7.8201
 20
4.4244
 10
7.8105
 20
4.4415
 10
7.8008
 20
4.4585
 10
7.791
 20
4.4755
 10
7.7812
 20
4.4925
 10
7.7714
 20
4.5095
 10
7.7616
 20
4.5264
 10
7.7517
 20
4.5433
 10
7.7417
 20
4.5602
 10
7.7318
 20
4.5771
 10
7.7218
 20
4.594
 10
7.7117
 20
4.6108
 10
7.7016
 20
4.6276
 10
7.6915
 20
4.6444
 10
7.6814
 20
4.6612
 10
7.6712
 20
4.6779
 10
7.661
 20
4.6946
 10
7.6507
 20
4.7114
 10
7.6404
 20
4.728
 10
7.6301
 20
4.7447
 10
7.6197
 20
4.7613
 10
7.6093
 20
4.7779
 10
7.5989
 20
4.7945
 10
7.5884
 20
4.8111
 10
7.5779
 20
4.8276
 10
7.5673
 20
4.8442
 10
7.5567
 20
4.8607
 10
7.5461
 20
4.8771
 10
7.5355
 20
4.8936
 10
7.5248
 20
4.91
 10
7.514
 20
4.9264
 10
7.5033
 20
4.9428
 10
7.4925
 20
4.9592
 10
7.4816
 20
4.9755
 10
7.4708
 20
4.9918
 10
7.4598
 20
5.0081
 10
7.4489
 20
5.0243
 10
7.4379
 20
5.0406
 10
7.4269
 20
5.0568
 10
7.4159
 20
5.073
 10
7.4048
 20
5.0892
 10
7.3937
 20
5.1053
 10
7.3825
 20
5.1214
 10
7.3713
 20
5.1375
 10
7.3601
 20
5.1536
 10
7.3488
 20
5.1696
 10
7.3375
 20
5.1856
 10
7.3262
 20
5.2016
 10
7.3148
 20
5.2176
 10
7.3034
 20
5.2336
 10
7.292
 20
5.2495
 10
7.2805
 20
5.2654
 10
7.269
 20
5.2813
 10
7.2575
 20
5.2971
 10
7.2459
 20
5.3129
 10
7.2343
 20
5.3287
 10
7.2227
 20
5.3445
 10
7.211
 20
5.3602
 10
7.1993
 20
5.3759
 10
7.1875
 20
5.3916
 10
7.1757
 20
5.4073
 10
7.1639
 20
5.423
 10
7.1521
 20
5.4386
 10
7.1402
 20
5.4542
 10
7.1283
 20
5.4697
 10
7.1163
 20
5.4853
 10
7.1043
 20
5.5008
 10
7.0923
 20
5.5163
 10
7.0803
 20
5.5317
 10
7.0682
 20
5.5472
 10
7.0561
 20
5.5626
 10
7.0439
 20
5.5779
 10
7.0317
 20
5.5933
 10
7.0195
 20
5.6086
 10
7.0073
 20
5.6239
 10
6.995
 20
5.6392
 10
6.9827
 20
5.6544
 10
6.9703
 20
5.6697
 10
6.9579
 20
5.6849
 10
6.9455
 20
5.7
 10
6.933
 20
5.7152
 10
6.9206
 20
5.7303
 10
6.908
 20
5.7454
 10
6.8955
 20
5.7604
 10
6.8829
 20
5.7754
 10
6.8703
 20
5.7904
 10
6.8576
 20
5.8054
 10
6.845
 20
5.8204
 10
6.8322
 20
5.8353
 10
6.8195
 20
5.8502
 10
6.8067
 20
5.865
 10
6.7939
 20
5.8799
 10
6.7811
 20
5.8947
 10
6.7682
 20
5.9095
 10
6.7553
 20
5.9242
 10
6.7423
 20
5.9389
 10
6.7294
 20
5.9536
 10
6.7164
 20
5.9683
 10
6.7033
 20
5.9829
 10
6.6903
 20
5.9976
 10
6.6772
 20
6.0121
 10
6.664
 20
6.0267
 10
6.6509
 20
6.0412
 10
6.6377
 20
6.0557
 10
6.6244
 20
6.0702
 10
6.6112
 20
6.0846
 10
6.5979
 20
6.099
 10
6.5846
 20
6.1134
 10
6.5712
 20
6.1278
 10
6.5578
 20
6.1421
 10
6.5444
 20
6.1564
 10
6.531
 20
6.1706
 10
6.5175
 20
6.1849
 10
6.504
 20
6.1991
 10
6.4904
 20
6.2132
 10
6.4769
 20
6.2274
 10
6.4633
 20
6.2415
 10
6.4496
 20
6.2556
 10
6.436
 20
6.2696
 10
6.4223
 20
6.2837
 10
6.4086
 20
6.2977
 10
6.3948
 20
6.3116
 10
6.381
 20
6.3256
 10
6.3672
 20
6.3395
 10
6.3534
 20
6.3534
 10
6.3395
 20
6.3672
 10
6.3256
 20
6.381
 10
6.3116
 20
6.3948
 10
6.2977
 20
6.4086
 10
6.2837
 20
6.4223
 10
6.2696
 20
6.436
 10
6.2556
 20
6.4496
 10
6.2415
 20
6.4633
 10
6.2274
 20
6.4769
 10
6.2132
 20
6.4904
 10
6.1991
 20
6.504
 10
6.1849
 20
6.5175
 10
6.1706
 20
6.531
 10
6.1564
 20
6.5444
 10
6.1421
 20
6.5578
 10
6.1278
 20
6.5712
 10
6.1134
 20
6.5846
 10
6.099
 20
6.5979
 10
6.0846
 20
6.6112
 10
6.0702
 20
6.6244
 10
6.0557
 20
6.6377
 10
6.0412
 20
6.6509
 10
6.0267
 20
6.664
 10
6.0121
 20
6.6772
 10
5.9976
 20
6.6903
 10
5.9829
 20
6.7033
 10
5.9683
 20
6.7164
 10
5.9536
 20
6.7294
 10
5.9389
 20
6.7423
 10
5.9242
 20
6.7553
 10
5.9095
 20
6.7682
 10
5.8947
 20
6.7811
 10
5.8799
 20
6.7939
 10
5.865
 20
6.8067
 10
5.8502
 20
6.8195
 10
5.8353
 20
6.8322
 10
5.8204
 20
6.845
 10
5.8054
 20
6.8576
 10
5.7904
 20
6.8703
 10
5.7754
 20
6.8829
 10
5.7604
 20
6.8955
 10
5.7454
 20
6.908
 10
5.7303
 20
6.9206
 10
5.7152
 20
6.933
 10
5.7
 20
6.9455
 10
5.6849
 20
6.9579
 10
5.6697
 20
6.9703
 10
5.6544
 20
6.9827
 10
5.6392
 20
6.995
 10
5.6239
 20
7.0073
 10
5.6086
 20
7.0195
 10
5.5933
 20
7.0317
 10
5.5779
 20
7.0439
 10
5.5626
 20
7.0561
 10
5.5472
 20
7.0682
 10
5.5317
 20
7.0803
 10
5.5163
 20
7.0923
 10
5.5008
 20
7.1043
 10
5.4853
 20
7.1163
 10
5.4697
 20
7.1283
 10
5.4542
 20
7.1402
 10
5.4386
 20
7.1521
 10
5.423
 20
7.1639
 10
5.4073
 20
7.1757
 10
5.3916
 20
7.1875
 10
5.3759
 20
7.1993
 10
5.3602
 20
7.211
 10
5.3445
 20
7.2227
 10
5.3287
 20
7.2343
 10
5.3129
 20
7.2459
 10
5.2971
 20
7.2575
 10
5.2813
 20
7.269
 10
5.2654
 20
7.2805
 10
5.2495
 20
7.292
 10
5.2336
 20
7.3034
 10
5.2176
 20
7.3148
 10
5.2016
 20
7.3262
 10
5.1856
 20
7.3375
 10
5.1696
 20
7.3488
 10
5.1536
 20
7.3601
 10
5.1375
 20
7.3713
 10
5.1214
 20
7.3825
 10
5.1053
 20
7.3937
 10
5.0892
 20
7.4048
 10
5.073
 20
7.4159
 10
5.0568
 20
7.4269
 10
5.0406
 20
7.4379
 10
5.0243
 20
7.4489
 10
5.0081
 20
7.4598
 10
4.9918
 20
7.4708
 10
4.9755
 20
7.4816
 10
4.9592
 20
7.4925
 10
4.9428
 20
7.5033
 10
4.9264
 20
7.514
 10
4.91
 20
7.5248
 10
4.8936
 20
7.5355
 10
4.8771
 20
7.5461
 10
4.8607
 20
7.5567
 10
4.8442
 20
7.5673
 10
4.8276
 20
7.5779
 10
4.8111
 20
7.5884
 10
4.7945
 20
7.5989
 10
4.7779
 20
7.6093
 10
4.7613
 20
7.6197
 10
4.7447
 20
7.6301
 10
4.728
 20
7.6404
 10
4.7114
 20
7.6507
 10
4.6946
 20
7.661
 10
4.6779
 20
7.6712
 10
4.6612
 20
7.6814
 10
4.6444
 20
7.6915
 10
4.6276
 20
7.7016
 10
4.6108
 20
7.7117
 10
4.594
 20
7.7218
 10
4.5771
 20
7.7318
 10
4.5602
 20
7.7417
 10
4.5433
 20
7.7517
 10
4.5264
 20
7.7616
 10
4.5095
 20
7.7714
 10
4.4925
 20
7.7812
 10
4.4755
 20
7.791
 10
4.4585
 20
7.8008
 10
4.4415
 20
7.8105
 10
4.4244
 20
7.8201
 10
4.4074
 20
7.8298
 10
4.3903
 20
7.8394
 10
4.3731
 20
7.8489
 10
4.356
 20
7.8585
 10
4.3389
 20
7.8679
 10
4.3217
 20
7.8774
 10
4.3045
 20
7.8868
 10
4.2873
 20
7.8962
 10
4.27
 20
7.9055
 10
4.2528
 20
7.9148
 10
4.2355
 20
7.9241
 10
4.2182
 20
7.9333
 10
4.2009
 20
7.9425
 10
4.1835
 20
7.9516
 10
4.1662
 20
7.9607
 10
4.1488
 20
7.9698
 10
4.1314
 20
7.9788
 10
4.114
 20
7.9878
 10
4.0966
 20
7.9968
 10
4.0791
 20
8.0057
 10
4.0616
 20
8.0146
 10
4.0441
 20
8.0234
 10
4.0266
 20
8.0322
 10
4.0091
 20
8.041
 10
3.9915
 20
8.0497
 10
3.974
 20
8.0584
 10
3.9564
 20
8.0671
 10
3.9388
 20
8.0757
 10
3.9211
 20
8.0842
 10
3.9035
 20
8.0928
 10
3.8858
 20
8.1013
 10
3.8681
 20
8.1097
 10
3.8504
 20
8.1181
 10
3.8327
 20
8.1265
 10
3.815
 20
8.1349
 10
3.7972
 20
8.1432
 10
3.7795
 20
8.1514
 10
3.7617
 20
8.1597
 10
3.7438
 20
8.1679
 10
3.726
 20
8.176
 10
3.7082
 20
8.1841
 10
3.6903
 20
8.1922
 10
3.6724
 20
8.2002
 10
3.6545
 20
8.2082
 10
3.6366
 20
8.2162
 10
3.6187
 20
8.2241
 10
3.6007
 20
8.2319
 10
3.5828
 20
8.2398
 10
3.5648
 20
8.2476
 10
3.5468
 20
8.2553
 10
3.5288
 20
8.2631
 10
3.5107
 20
8.2707
 10
3.4927
 20
8.2784
 10
3.4746
 20
8.286
 10
3.4565
 20
8.2935
 10
3.4384
 20
8.3011
 10
3.4203
 20
8.3085
 10
3.4022
 20
8.316
 10
3.384
 20
8.3234
 10
3.3658
 20
8.3307
 10
3.3477
 20
8.3381
 10
3.3295
 20
8.3454
 10
3.3112
 20
8.3526
 10
3.293
 20
8.3598
 10
3.2748
 20
8.367
 10
3.2565
 20
8.3741
 10
3.2382
 20
8.3812
 10
3.2199
 20
8.3882
 10
3.2016
 20
8.3952
 10
3.1833
 20
8.4022
 10
3.165
 20
8.4091
 10
3.1466
 20
8.416
 10
3.1282
 20
8.4228
 10
3.1099
 20
8.4296
 10
3.0915
 20
8.4364
 10
3.0731
 20
8.4431
 10
3.0546
 20
8.4498
 10
3.0362
 20
8.4565
 10
3.0177
 20
8.4631
 10
2.9993
 20
8.4696
 10
2.9808
 20
8.4762
 10
2.9623
 20
8.4826
 10
2.9438
 20
8.4891
 10
2.9252
 20
8.4955
 10
2.9067
 20
8.5018
 10
2.8881
 20
8.5082
 10
2.8696
 20
8.5144
 10
2.851
 20
8.5207
 10
2.8324
 20
8.5269
 10
2.8138
 20
8.533
 10
2.7952
 20
8.5392
 10
2.7765
 20
8.5452
 10
2.7579
 20
8.5513
 10
2.7392
 20
8.5573
 10
2.7205
 20
8.5632
 10
2.7018
 20
8.5691
 10
2.6831
 20
8.575
 10
2.6644
 20
8.5809
 10
2.6457
 20
8.5866
 10
2.627
 20
8.5924
 10
2.6082
 20
8.5981
 10
2.5894
 20
8.6038
 10
2.5707
 20
8.6094
 10
2.5519
 20
8.615
 10
2.5331
 20
8.6205
 10
2.5143
 20
8.626
 10
2.4954
 20
8.6315
 10
2.4766
 20
8.6369
 10
2.4578
 20
8.6423
 10
2.4389
 20
8.6477
 10
2.42
 20
8.653
 10
2.4011
 20
8.6582
 10
2.3822
 20
8.6634
 10
2.3633
 20
8.6686
 10
2.3444
 20
8.6737
 10
2.3255
 20
8.6788
 10
2.3065
 20
8.6839
 10
2.2876
 20
8.6889
 10
2.2686
 20
8.6939
 10
2.2497
 20
8.6988
 10
2.2307
 20
8.7037
 10
2.2117
 20
8.7085
 10
2.1927
 20
8.7133
 10
2.1737
 20
8.7181
 10
2.1546
 20
8.7228
 10
2.1356
 20
8.7275
 10
2.1166
 20
8.7321
 10
2.0975
 20
8.7367
 10
2.0784
 20
8.7413
 10
2.0594
 20
8.7458
 10
2.0403
 20
8.7503
 10
2.0212
 20
8.7547
 10
2.0021
 20
8.7591
 10
1.983
 20
8.7635
 10
1.9638
 20
8.7678
 10
1.9447
 20
8.772
 10
1.9256
 20
8.7762
 10
1.9064
 20
8.7804
 10
1.8873
 20
8.7846
 10
1.8681
 20
8.7887
 10
1.8489
 20
8.7927
 10
1.8297
 20
8.7967
 10
1.8105
 20
8.8007
 10
1.7913
 20
8.8046
 10
1.7721
 20
8.8085
 10
1.7529
 20
8.8124
 10
1.7337
 20
8.8162
 10
1.7144
 20
8.8199
 10
1.6952
 20
8.8236
 10
1.6759
 20
8.8273
 10
1.6567
 20
8.831
 10
1.6374
 20
8.8345
 10
1.6181
 20
8.8381
 10
1.5988
 20
8.8416
 10
1.5795
 20
8.8451
 10
1.5602
 20
8.8485
 10
1.5409
 20
8.8519
 10
1.5216
 20
8.8552
 10
1.5023
 20
8.8585
 10
1.483
 20
8.8618
 10
1.4636
 20
8.865
 10
1.4443
 20
8.8682
 10
1.4249
 20
8.8713
 10
1.4056
 20
8.8744
 10
1.3862
 20
8.8774
 10
1.3668
 20
8.8804
 10
1.3475
 20
8.8834
 10
1.3281
 20
8.8863
 10
1.3087
 20
8.8892
 10
1.2893
 20
8.892
 10
1.2699
 20
8.8948
 10
1.2505
 20
8.8976
 10
1.2311
 20
8.9003
 10
1.2116
 20
8.9029
 10
1.1922
 20
8.9056
 10
1.1728
 20
8.9081
 10
1.1533
 20
8.9107
 10
1.1339
 20
8.9132
 10
1.1144
 20
8.9156
 10
1.095
 20
8.918
 10
1.0755
 20
8.9204
 10
1.0561
 20
8.9227
 10
1.0366
 20
8.925
 10
1.0171
 20
8.9272
 10
0.9977
 20
8.9294
 10
0.9782
 20
8.9316
 10
0.9587
 20
8.9337
 10
0.9392
 20
8.9358
 10
0.9197
 20
8.9378
 10
0.9002
 20
8.9398
 10
0.8807
 20
8.9417
 10
0.8612
 20
8.9436
 10
0.8417
 20
8.9455
 10
0.8221
 20
8.9473
 10
0.8026
 20
8.9491
 10
0.7831
 20
8.9508
 10
0.7636
 20
8.9525
 10
0.744
 20
8.9541
 10
0.7245
 20
8.9557
 10
0.705
 20
8.9573
 10
0.6854
 20
8.9588
 10
0.6659
 20
8.9603
 10
0.6463
 20
8.9617
 10
0.6268
 20
8.9631
 10
0.6072
 20
8.9645
 10
0.5876
 20
8.9658
 10
0.5681
 20
8.967
 10
0.5485
 20
8.9682
 10
0.529
 20
8.9694
 10
0.5094
 20
8.9705
 10
0.4898
 20
8.9716
 10
0.4702
 20
8.9727
 10
0.4507
 20
8.9737
 10
0.4311
 20
8.9747
 10
0.4115
 20
8.9756
 10
0.3919
 20
8.9764
 10
0.3723
 20
8.9773
 10
0.3527
 20
8.9781
 10
0.3332
 20
8.9788
 10
0.3136
 20
8.9795
 10
0.294
 20
8.9802
 10
0.2744
 20
8.9808
 10
0.2548
 20
8.9814
 10
0.2352
 20
8.9819
 10
0.2156
 20
8.9824
 10
0.196
 20
8.9829
 10
0.1764
 20
8.9833
 10
0.1568
 20
8.9836
 10
0.1372
 20
8.984
 10
0.1176
 20
8.9842
 10
0.098
 20
8.9845
 10
0.0784
 20
8.9847
 10
0.065
 20
8.9848
 10
0.065
 20
5.2276
 10
0.0347
 20
5.2234
 10
0.0014
 20
5.2153
 10
-0.065
 20
5.1958
 10
-0.065
 20
8.9848
 10
-0.0784
 20
8.9847
 10
-0.098
 20
8.9845
 10
-0.1176
 20
8.9842
 10
-0.1372
 20
8.984
 10
-0.1568
 20
8.9836
 10
-0.1764
 20
8.9833
 10
-0.196
 20
8.9829
 10
-0.2156
 20
8.9824
 10
-0.2352
 20
8.9819
 10
-0.2548
 20
8.9814
 10
-0.2744
 20
8.9808
 10
-0.294
 20
8.9802
 10
-0.3136
 20
8.9795
 10
-0.3332
 20
8.9788
 10
-0.3527
 20
8.9781
 10
-0.3723
 20
8.9773
 10
-0.3919
 20
8.9764
 10
-0.4115
 20
8.9756
 10
-0.4311
 20
8.9747
 10
-0.4507
 20
8.9737
 10
-0.4702
 20
8.9727
 10
-0.4898
 20
8.9716
 10
-0.5094
 20
8.9705
 10
-0.529
 20
8.9694
 10
-0.5485
 20
8.9682
 10
-0.5681
 20
8.967
 10
-0.5876
 20
8.9658
 10
-0.6072
 20
8.9645
 10
-0.6268
 20
8.9631
 10
-0.6463
 20
8.9617
 10
-0.6659
 20
8.9603
 10
-0.6854
 20
8.9588
 10
-0.705
 20
8.9573
 10
-0.7245
 20
8.9557
 10
-0.744
 20
8.9541
 10
-0.7636
 20
8.9525
 10
-0.7831
 20
8.9508
 10
-0.8026
 20
8.9491
 10
-0.8221
 20
8.9473
 10
-0.8417
 20
8.9455
 10
-0.8612
 20
8.9436
 10
-0.8807
 20
8.9417
 10
-0.9002
 20
8.9398
 10
-0.9197
 20
8.9378
 10
-0.9392
 20
8.9358
 10
-0.9587
 20
8.9337
 10
-0.9782
 20
8.9316
 10
-0.9977
 20
8.9294
 10
-1.0171
 20
8.9272
 10
-1.0366
 20
8.925
 10
-1.0561
 20
8.9227
 10
-1.0755
 20
8.9204
 10
-1.095
 20
8.918
 10
-1.1144
 20
8.9156
 10
-1.1339
 20
8.9132
 10
-1.1533
 20
8.9107
 10
-1.1728
 20
8.9081
 10
-1.1922
 20
8.9056
 10
-1.2116
 20
8.9029
 10
-1.2311
 20
8.9003
 10
-1.2505
 20
8.8976
 10
-1.2699
 20
8.8948
 10
-1.2893
 20
8.892
 10
-1.3087
 20
8.8892
 10
-1.3281
 20
8.8863
 10
-1.3475
 20
8.8834
 10
-1.3668
 20
8.8804
 10
-1.3862
 20
8.8774
 10
-1.4056
 20
8.8744
 10
-1.4249
 20
8.8713
 10
-1.4443
 20
8.8682
 10
-1.4636
 20
8.865
 10
-1.483
 20
8.8618
 10
-1.5023
 20
8.8585
 10
-1.5216
 20
8.8552
 10
-1.5409
 20
8.8519
 10
-1.5602
 20
8.8485
 10
-1.5795
 20
8.8451
 10
-1.5988
 20
8.8416
 10
-1.6181
 20
8.8381
 10
-1.6374
 20
8.8345
 10
-1.6567
 20
8.831
 10
-1.6759
 20
8.8273
 10
-1.6952
 20
8.8236
 10
-1.7144
 20
8.8199
 10
-1.7337
 20
8.8162
 10
-1.7529
 20
8.8124
 10
-1.7721
 20
8.8085
 10
-1.7913
 20
8.8046
 10
-1.8105
 20
8.8007
 10
-1.8297
 20
8.7967
 10
-1.8489
 20
8.7927
 10
-1.8681
 20
8.7887
 10
-1.8873
 20
8.7846
 10
-1.9064
 20
8.7804
 10
-1.9256
 20
8.7762
 10
-1.9447
 20
8.772
 10
-1.9638
 20
8.7678
 10
-1.983
 20
8.7635
 10
-2.0021
 20
8.7591
 10
-2.0212
 20
8.7547
 10
-2.0403
 20
8.7503
 10
-2.0594
 20
8.7458
 10
-2.0784
 20
8.7413
 10
-2.0975
 20
8.7367
 10
-2.1166
 20
8.7321
 10
-2.1356
 20
8.7275
 10
-2.1546
 20
8.7228
 10
-2.1737
 20
8.7181
 10
-2.1927
 20
8.7133
 10
-2.2117
 20
8.7085
 10
-2.2307
 20
8.7037
 10
-2.2497
 20
8.6988
 10
-2.2686
 20
8.6939
 10
-2.2876
 20
8.6889
 10
-2.3065
 20
8.6839
 10
-2.3255
 20
8.6788
 10
-2.3444
 20
8.6737
 10
-2.3633
 20
8.6686
 10
-2.3822
 20
8.6634
 10
-2.4011
 20
8.6582
 10
-2.42
 20
8.653
 10
-2.4389
 20
8.6477
 10
-2.4578
 20
8.6423
 10
-2.4766
 20
8.6369
 10
-2.4954
 20
8.6315
 10
-2.5143
 20
8.626
 10
-2.5331
 20
8.6205
 10
-2.5519
 20
8.615
 10
-2.5707
 20
8.6094
 10
-2.5894
 20
8.6038
 10
-2.6082
 20
8.5981
 10
-2.627
 20
8.5924
 10
-2.6457
 20
8.5866
 10
-2.6644
 20
8.5809
 10
-2.6831
 20
8.575
 10
-2.7018
 20
8.5691
 10
-2.7205
 20
8.5632
 10
-2.7392
 20
8.5573
 10
-2.7579
 20
8.5513
 10
-2.7765
 20
8.5452
 10
-2.7952
 20
8.5392
 10
-2.8138
 20
8.533
 10
-2.8324
 20
8.5269
 10
-2.851
 20
8.5207
 10
-2.8696
 20
8.5144
 10
-2.8881
 20
8.5082
 10
-2.9067
 20
8.5018
 10
-2.9252
 20
8.4955
 10
-2.9438
 20
8.4891
 10
-2.9623
 20
8.4826
 10
-2.9808
 20
8.4762
 10
-2.9993
 20
8.4696
 10
-3.0177
 20
8.4631
 10
-3.0362
 20
8.4565
 10
-3.0546
 20
8.4498
 10
-3.0731
 20
8.4431
 10
-3.0915
 20
8.4364
 10
-3.1099
 20
8.4296
 10
-3.1282
 20
8.4228
 10
-3.1466
 20
8.416
 10
-3.165
 20
8.4091
 10
-3.1833
 20
8.4022
 10
-3.2016
 20
8.3952
 10
-3.2199
 20
8.3882
 10
-3.2382
 20
8.3812
 10
-3.2565
 20
8.3741
 10
-3.2748
 20
8.367
 10
-3.293
 20
8.3598
 10
-3.3112
 20
8.3526
 10
-3.3295
 20
8.3454
 10
-3.3477
 20
8.3381
 10
-3.3658
 20
8.3307
 10
-3.384
 20
8.3234
 10
-3.4022
 20
8.316
 10
-3.4203
 20
8.3085
 10
-3.4384
 20
8.3011
 10
-3.4565
 20
8.2935
 10
-3.4746
 20
8.286
 10
-3.4927
 20
8.2784
 10
-3.5107
 20
8.2707
 10
-3.5288
 20
8.2631
 10
-3.5468
 20
8.2553
 10
-3.5648
 20
8.2476
 10
-3.5828
 20
8.2398
 10
-3.6007
 20
8.2319
 10
-3.6187
 20
8.2241
 10
-3.6366
 20
8.2162
 10
-3.6545
 20
8.2082
 10
-3.6724
 20
8.2002
 10
-3.6903
 20
8.1922
 10
-3.7082
 20
8.1841
 10
-3.726
 20
8.176
 10
-3.7438
 20
8.1679
 10
-3.7617
 20
8.1597
 10
-3.7795
 20
8.1514
 10
-3.7972
 20
8.1432
 10
-3.815
 20
8.1349
 10
-3.8327
 20
8.1265
 10
-3.8504
 20
8.1181
 10
-3.8681
 20
8.1097
 10
-3.8858
 20
8.1013
 10
-3.9035
 20
8.0928
 10
-3.9211
 20
8.0842
 10
-3.9388
 20
8.0757
 10
-3.9564
 20
8.0671
 10
-3.974
 20
8.0584
 10
-3.9915
 20
8.0497
 10
-4.0091
 20
8.041
 10
-4.0266
 20
8.0322
 10
-4.0441
 20
8.0234
 10
-4.0616
 20
8.0146
 10
-4.0791
 20
8.0057
 10
-4.0966
 20
7.9968
 10
-4.114
 20
7.9878
 10
-4.1314
 20
7.9788
 10
-4.1488
 20
7.9698
 10
-4.1662
 20
7.9607
 10
-4.1835
 20
7.9516
 10
-4.2009
 20
7.9425
 10
-4.2182
 20
7.9333
 10
-4.2355
 20
7.9241
 10
-4.2528
 20
7.9148
 10
-4.27
 20
7.9055
 10
-4.2873
 20
7.8962
 10
-4.3045
 20
7.8868
 10
-4.3217
 20
7.8774
 10
-4.3389
 20
7.8679
 10
-4.356
 20
7.8585
 10
-4.3731
 20
7.8489
 10
-4.3903
 20
7.8394
 10
-4.4074
 20
7.8298
 10
-4.4244
 20
7.8201
 10
-4.4415
 20
7.8105
 10
-4.4585
 20
7.8008
 10
-4.4755
 20
7.791
 10
-4.4925
 20
7.7812
 10
-4.5095
 20
7.7714
 10
-4.5264
 20
7.7616
 10
-4.5433
 20
7.7517
 10
-4.5602
 20
7.7417
 10
-4.5771
 20
7.7318
 10
-4.594
 20
7.7218
 10
-4.6108
 20
7.7117
 10
-4.6276
 20
7.7016
 10
-4.6444
 20
7.6915
 10
-4.6612
 20
7.6814
 10
-4.6779
 20
7.6712
 10
-4.6946
 20
7.661
 10
-4.7114
 20
7.6507
 10
-4.728
 20
7.6404
 10
-4.7447
 20
7.6301
 10
-4.7613
 20
7.6197
 10
-4.7779
 20
7.6093
 10
-4.7945
 20
7.5989
 10
-4.8111
 20
7.5884
 10
-4.8276
 20
7.5779
 10
-4.8442
 20
7.5673
 10
-4.8607
 20
7.5567
 10
-4.8771
 20
7.5461
 10
-4.8936
 20
7.5355
 10
-4.91
 20
7.5248
 10
-4.9264
 20
7.514
 10
-4.9428
 20
7.5033
 10
-4.9592
 20
7.4925
 10
-4.9755
 20
7.4816
 10
-4.9918
 20
7.4708
 10
-5.0081
 20
7.4598
 10
-5.0243
 20
7.4489
 10
-5.0406
 20
7.4379
 10
-5.0568
 20
7.4269
 10
-5.073
 20
7.4159
 10
-5.0892
 20
7.4048
 10
-5.1053
 20
7.3937
 10
-5.1214
 20
7.3825
 10
-5.1375
 20
7.3713
 10
-5.1536
 20
7.3601
 10
-5.1696
 20
7.3488
 10
-5.1856
 20
7.3375
 10
-5.2016
 20
7.3262
 10
-5.2176
 20
7.3148
 10
-5.2336
 20
7.3034
 10
-5.2495
 20
7.292
 10
-5.2654
 20
7.2805
 10
-5.2813
 20
7.269
 10
-5.2971
 20
7.2575
 10
-5.3129
 20
7.2459
 10
-5.3287
 20
7.2343
 10
-5.3445
 20
7.2227
 10
-5.3602
 20
7.211
 10
-5.3759
 20
7.1993
 10
-5.3916
 20
7.1875
 10
-5.4073
 20
7.1757
 10
-5.423
 20
7.1639
 10
-5.4386
 20
7.1521
 10
-5.4542
 20
7.1402
 10
-5.4697
 20
7.1283
 10
-5.4853
 20
7.1163
 10
-5.5008
 20
7.1043
 10
-5.5163
 20
7.0923
 10
-5.5317
 20
7.0803
 10
-5.5472
 20
7.0682
 10
-5.5626
 20
7.0561
 10
-5.5779
 20
7.0439
 10
-5.5933
 20
7.0317
 10
-5.6086
 20
7.0195
 10
-5.6239
 20
7.0073
 10
-5.6392
 20
6.995
 10
-5.6544
 20
6.9827
 10
-5.6697
 20
6.9703
 10
-5.6849
 20
6.9579
 10
-5.7
 20
6.9455
 10
-5.7152
 20
6.933
 10
-5.7303
 20
6.9206
 10
-5.7454
 20
6.908
 10
-5.7604
 20
6.8955
 10
-5.7754
 20
6.8829
 10
-5.7904
 20
6.8703
 10
-5.8054
 20
6.8576
 10
-5.8204
 20
6.845
 10
-5.8353
 20
6.8322
 10
-5.8502
 20
6.8195
 10
-5.865
 20
6.8067
 10
-5.8799
 20
6.7939
 10
-5.8947
 20
6.7811
 10
-5.9095
 20
6.7682
 10
-5.9242
 20
6.7553
 10
-5.9389
 20
6.7423
 10
-5.9536
 20
6.7294
 10
-5.9683
 20
6.7164
 10
-5.9829
 20
6.7033
 10
-5.9976
 20
6.6903
 10
-6.0121
 20
6.6772
 10
-6.0267
 20
6.664
 10
-6.0412
 20
6.6509
 10
-6.0557
 20
6.6377
 10
-6.0702
 20
6.6244
 10
-6.0846
 20
6.6112
 10
-6.099
 20
6.5979
 10
-6.1134
 20
6.5846
 10
-6.1278
 20
6.5712
 10
-6.1421
 20
6.5578
 10
-6.1564
 20
6.5444
 10
-6.1706
 20
6.531
 10
-6.1849
 20
6.5175
 10
-6.1991
 20
6.504
 10
-6.2132
 20
6.4904
 10
-6.2274
 20
6.4769
 10
-6.2415
 20
6.4633
 10
-6.2556
 20
6.4496
 10
-6.2696
 20
6.436
 10
-6.2837
 20
6.4223
 10
-6.2977
 20
6.4086
 10
-6.3116
 20
6.3948
 10
-6.3256
 20
6.381
 10
-6.3395
 20
6.3672
 10
-6.3534
 20
6.3534
 10
-6.3672
 20
6.3395
 10
-6.381
 20
6.3256
 10
-6.3948
 20
6.3116
 10
-6.4086
 20
6.2977
 10
-6.4223
 20
6.2837
 10
-6.436
 20
6.2696
 10
-6.4496
 20
6.2556
 10
-6.4633
 20
6.2415
 10
-6.4769
 20
6.2274
 10
-6.4904
 20
6.2132
 10
-6.504
 20
6.1991
 10
-6.5175
 20
6.1849
 10
-6.531
 20
6.1706
 10
-6.5444
 20
6.1564
 10
-6.5578
 20
6.1421
 10
-6.5712
 20
6.1278
 10
-6.5846
 20
6.1134
 10
-6.5979
 20
6.099
 10
-6.6112
 20
6.0846
 10
-6.6244
 20
6.0702
 10
-6.6377
 20
6.0557
 10
-6.6509
 20
6.0412
 10
-6.664
 20
6.0267
 10
-6.6772
 20
6.0121
 10
-6.6903
 20
5.9976
 10
-6.7033
 20
5.9829
 10
-6.7164
 20
5.9683
 10
-6.7294
 20
5.9536
 10
-6.7423
 20
5.9389
 10
-6.7553
 20
5.9242
 10
-6.7682
 20
5.9095
 10
-6.7811
 20
5.8947
 10
-6.7939
 20
5.8799
 10
-6.8067
 20
5.865
 10
-6.8195
 20
5.8502
 10
-6.8322
 20
5.8353
 10
-6.845
 20
5.8204
 10
-6.8576
 20
5.8054
 10
-6.8703
 20
5.7904
 10
-6.8829
 20
5.7754
 10
-6.8955
 20
5.7604
 10
-6.908
 20
5.7454
 10
-6.9206
 20
5.7303
 10
-6.933
 20
5.7152
 10
-6.9455
 20
5.7
 10
-6.9579
 20
5.6849
 10
-6.9703
 20
5.6697
 10
-6.9827
 20
5.6544
 10
-6.995
 20
5.6392
 10
-7.0073
 20
5.6239
 10
-7.0195
 20
5.6086
 10
-7.0317
 20
5.5933
 10
-7.0439
 20
5.5779
 10
-7.0561
 20
5.5626
 10
-7.0682
 20
5.5472
 10
-7.0803
 20
5.5317
 10
-7.0923
 20
5.5163
 10
-7.1043
 20
5.5008
 10
-7.1163
 20
5.4853
 10
-7.1283
 20
5.4697
 10
-7.1402
 20
5.4542
 10
-7.1521
 20
5.4386
 10
-7.1639
 20
5.423
 10
-7.1757
 20
5.4073
 10
-7.1875
 20
5.3916
 10
-7.1993
 20
5.3759
 10
-7.211
 20
5.3602
 10
-7.2227
 20
5.3445
 10
-7.2343
 20
5.3287
 10
-7.2459
 20
5.3129
 10
-7.2575
 20
5.2971
 10
-7.269
 20
5.2813
 10
-7.2805
 20
5.2654
 10
-7.292
 20
5.2495
 10
-7.3034
 20
5.2336
 10
-7.3148
 20
5.2176
 10
-7.3262
 20
5.2016
 10
-7.3375
 20
5.1856
 10
-7.3488
 20
5.1696
 10
-7.3601
 20
5.1536
 10
-7.3713
 20
5.1375
 10
-7.3825
 20
5.1214
 10
-7.3937
 20
5.1053
 10
-7.4048
 20
5.0892
 10
-7.4159
 20
5.073
 10
-7.4269
 20
5.0568
 10
-7.4379
 20
5.0406
 10
-7.4489
 20
5.0243
 10
-7.4598
 20
5.0081
 10
-7.4708
 20
4.9918
 10
-7.4816
 20
4.9755
 10
-7.4925
 20
4.9592
 10
-7.5033
 20
4.9428
 10
-7.514
 20
4.9264
 10
-7.5248
 20
4.91
 10
-7.5355
 20
4.8936
 10
-7.5461
 20
4.8771
 10
-7.5567
 20
4.8607
 10
-7.5673
 20
4.8442
 10
-7.5779
 20
4.8276
 10
-7.5884
 20
4.8111
 10
-7.5989
 20
4.7945
 10
-7.6093
 20
4.7779
 10
-7.6197
 20
4.7613
 10
-7.6301
 20
4.7447
 10
-7.6404
 20
4.728
 10
-7.6507
 20
4.7114
 10
-7.661
 20
4.6946
 10
-7.6712
 20
4.6779
 10
-7.6814
 20
4.6612
 10
-7.6915
 20
4.6444
 10
-7.7016
 20
4.6276
 10
-7.7117
 20
4.6108
 10
-7.7218
 20
4.594
 10
-7.7318
 20
4.5771
 10
-7.7417
 20
4.5602
 10
-7.7517
 20
4.5433
 10
-7.7616
 20
4.5264
 10
-7.7714
 20
4.5095
 10
-7.7812
 20
4.4925
 10
-7.791
 20
4.4755
 10
-7.8008
 20
4.4585
 10
-7.8105
 20
4.4415
 10
-7.8201
 20
4.4244
 10
-7.8298
 20
4.4074
 10
-7.8394
 20
4.3903
 10
-7.8489
 20
4.3731
 10
-7.8585
 20
4.356
 10
-7.8679
 20
4.3389
 10
-7.8774
 20
4.3217
 10
-7.8868
 20
4.3045
 10
-7.8962
 20
4.2873
 10
-7.9055
 20
4.27
 10
-7.9148
 20
4.2528
 10
-7.9241
 20
4.2355
 10
-7.9333
 20
4.2182
 10
-7.9425
 20
4.2009
 10
-7.9516
 20
4.1835
 10
-7.9607
 20
4.1662
 10
-7.9698
 20
4.1488
 10
-7.9788
 20
4.1314
 10
-7.9878
 20
4.114
 10
-7.9968
 20
4.0966
 10
-8.0057
 20
4.0791
 10
-8.0146
 20
4.0616
 10
-8.0234
 20
4.0441
 10
-8.0322
 20
4.0266
 10
-8.041
 20
4.0091
 10
-8.0497
 20
3.9915
 10
-8.0584
 20
3.974
 10
-8.0671
 20
3.9564
 10
-8.0757
 20
3.9388
 10
-8.0842
 20
3.9211
 10
-8.0928
 20
3.9035
 10
-8.1013
 20
3.8858
 10
-8.1097
 20
3.8681
 10
-8.1181
 20
3.8504
 10
-8.1265
 20
3.8327
 10
-8.1349
 20
3.815
 10
-8.1432
 20
3.7972
 10
-8.1514
 20
3.7795
 10
-8.1597
 20
3.7617
 10
-8.1679
 20
3.7438
 10
-8.176
 20
3.726
 10
-8.1841
 20
3.7082
 10
-8.1922
 20
3.6903
 10
-8.2002
 20
3.6724
 10
-8.2082
 20
3.6545
 10
-8.2162
 20
3.6366
 10
-8.2241
 20
3.6187
 10
-8.2319
 20
3.6007
 10
-8.2398
 20
3.5828
 10
-8.2476
 20
3.5648
 10
-8.2553
 20
3.5468
 10
-8.2631
 20
3.5288
 10
-8.2707
 20
3.5107
 10
-8.2784
 20
3.4927
 10
-8.286
 20
3.4746
 10
-8.2935
 20
3.4565
 10
-8.3011
 20
3.4384
 10
-8.3085
 20
3.4203
 10
-8.316
 20
3.4022
 10
-8.3234
 20
3.384
 10
-8.3307
 20
3.3658
 10
-8.3381
 20
3.3477
 10
-8.3454
 20
3.3295
 10
-8.3526
 20
3.3112
 10
-8.3598
 20
3.293
 10
-8.367
 20
3.2748
 10
-8.3741
 20
3.2565
 10
-8.3812
 20
3.2382
 10
-8.3882
 20
3.2199
 10
-8.3952
 20
3.2016
 10
-8.4022
 20
3.1833
 10
-8.4091
 20
3.165
 10
-8.416
 20
3.1466
 10
-8.4228
 20
3.1282
 10
-8.4296
 20
3.1099
 10
-8.4364
 20
3.0915
 10
-8.4431
 20
3.0731
 10
-8.4498
 20
3.0546
 10
-8.4565
 20
3.0362
 10
-8.4631
 20
3.0177
 10
-8.4696
 20
2.9993
 10
-8.4762
 20
2.9808
 10
-8.4826
 20
2.9623
 10
-8.4891
 20
2.9438
 10
-8.4955
 20
2.9252
 10
-8.5018
 20
2.9067
 10
-8.5082
 20
2.8881
 10
-8.5144
 20
2.8696
 10
-8.5207
 20
2.851
 10
-8.5269
 20
2.8324
 10
-8.533
 20
2.8138
 10
-8.5392
 20
2.7952
 10
-8.5452
 20
2.7765
 10
-8.5513
 20
2.7579
 10
-8.5573
 20
2.7392
 10
-8.5632
 20
2.7205
 10
-8.5691
 20
2.7018
 10
-8.575
 20
2.6831
 10
-8.5809
 20
2.6644
 10
-8.5866
 20
2.6457
 10
-8.5924
 20
2.627
 10
-8.5981
 20
2.6082
 10
-8.6038
 20
2.5894
 10
-8.6094
 20
2.5707
 10
-8.615
 20
2.5519
 10
-8.6205
 20
2.5331
 10
-8.626
 20
2.5143
 10
-8.6315
 20
2.4954
 10
-8.6369
 20
2.4766
 10
-8.6423
 20
2.4578
 10
-8.6477
 20
2.4389
 10
-8.653
 20
2.42
 10
-8.6582
 20
2.4011
 10
-8.6634
 20
2.3822
 10
-8.6686
 20
2.3633
 10
-8.6737
 20
2.3444
 10
-8.6788
 20
2.3255
 10
-8.6839
 20
2.3065
 10
-8.6889
 20
2.2876
 10
-8.6939
 20
2.2686
 10
-8.6988
 20
2.2497
 10
-8.7037
 20
2.2307
 10
-8.7085
 20
2.2117
 10
-8.7133
 20
2.1927
 10
-8.7181
 20
2.1737
 10
-8.7228
 20
2.1546
 10
-8.7275
 20
2.1356
 10
-8.7321
 20
2.1166
 10
-8.7367
 20
2.0975
 10
-8.7413
 20
2.0784
 10
-8.7458
 20
2.0594
 10
-8.7503
 20
2.0403
 10
-8.7547
 20
2.0212
 10
-8.7591
 20
2.0021
 10
-8.7635
 20
1.983
 10
-8.7678
 20
1.9638
 10
-8.772
 20
1.9447
 10
-8.7762
 20
1.9256
 10
-8.7804
 20
1.9064
 10
-8.7846
 20
1.8873
 10
-8.7887
 20
1.8681
 10
-8.7927
 20
1.8489
 10
-8.7967
 20
1.8297
 10
-8.8007
 20
1.8105
 10
-8.8046
 20
1.7913
 10
-8.8085
 20
1.7721
 10
-8.8124
 20
1.7529
 10
-8.8162
 20
1.7337
 10
-8.8199
 20
1.7144
 10
-8.8236
 20
1.6952
 10
-8.8273
 20
1.6759
 10
-8.831
 20
1.6567
 10
-8.8345
 20
1.6374
 10
-8.8381
 20
1.6181
 10
-8.8416
 20
1.5988
 10
-8.8451
 20
1.5795
 10
-8.8485
 20
1.5602
 10
-8.8519
 20
1.5409
 10
-8.8552
 20
1.5216
 10
-8.8585
 20
1.5023
 10
-8.8618
 20
1.483
 10
-8.865
 20
1.4636
 10
-8.8682
 20
1.4443
 10
-8.8713
 20
1.4249
 10
-8.8744
 20
1.4056
 10
-8.8774
 20
1.3862
 10
-8.8804
 20
1.3668
 10
-8.8834
 20
1.3475
 10
-8.8863
 20
1.3281
 10
-8.8892
 20
1.3087
 10
-8.892
 20
1.2893
 10
-8.8948
 20
1.2699
 10
-8.8976
 20
1.2505
 10
-8.9003
 20
1.2311
 10
-8.9029
 20
1.2116
 10
-8.9056
 20
1.1922
 10
-8.9081
 20
1.1728
 10
-8.9107
 20
1.1533
 10
-8.9132
 20
1.1339
 10
-8.9156
 20
1.1144
 10
-8.918
 20
1.095
 10
-8.9204
 20
1.0755
 10
-8.9227
 20
1.0561
 10
-8.925
 20
1.0366
 10
-8.9272
 20
1.0171
 10
-8.9294
 20
0.9977
 10
-8.9316
 20
0.9782
 10
-8.9337
 20
0.9587
 10
-8.9358
 20
0.9392
 10
-8.9378
 20
0.9197
 10
-8.9398
 20
0.9002
 10
-8.9417
 20
0.8807
 10
-8.9436
 20
0.8612
 10
-8.9455
 20
0.8417
 10
-8.9473
 20
0.8221
 10
-8.9491
 20
0.8026
 10
-8.9508
 20
0.7831
 10
-8.9525
 20
0.7636
 10
-8.9541
 20
0.744
 10
-8.9557
 20
0.7245
 10
-8.9573
 20
0.705
 10
-8.9588
 20
0.6854
 10
-8.9603
 20
0.6659
 10
-8.9617
 20
0.6463
 10
-8.9631
 20
0.6268
 10
-8.9645
 20
0.6072
 10
-8.9658
 20
0.5876
 10
-8.967
 20
0.5681
 10
-8.9682
 20
0.5485
 10
-8.9694
 20
0.529
 10
-8.9705
 20
0.5094
 10
-8.9716
 20
0.4898
 10
-8.9727
 20
0.4702
 10
-8.9737
 20
0.4507
 10
-8.9747
 20
0.4311
 10
-8.9756
 20
0.4115
 10
-8.9764
 20
0.3919
 10
-8.9773
 20
0.3723
 10
-8.9781
 20
0.3527
 10
-8.9788
 20
0.3332
 10
-8.9795
 20
0.3136
 10
-8.9802
 20
0.294
 10
-8.9808
 20
0.2744
 10
-8.9814
 20
0.2548
 10
-8.9819
 20
0.2352
 10
-8.9824
 20
0.2156
 10
-8.9829
 20
0.196
 10
-8.9833
 20
0.1764
 10
-8.9836
 20
0.1568
 10
-8.984
 20
0.1372
 10
-8.9842
 20
0.1176
 10
-8.9845
 20
0.098
 10
-8.9847
 20
0.0784
 10
-8.9848
 20
0.065
 10
-1.75
 20
0.065
 10
-1.75
 20
-0.065
 10
-8.9848
 20
-0.065
 10
-8.9847
 20
-0.0784
  0
LWPOLYLINE
  5
AB
330
17
100
AcDbEntity
  8
ALTIN
100
AcDbPolyline
 90
6
 70
1
 10
-0.065
 20
3.604
 10
0.002
 20
3.5845
 10
0.0351
 20
3.5765
 10
0.065
 20
3.5723
 10
0.065
 20
1.75
 10
-0.065
 20
1.75
  0
LWPOLYLINE
  5
AC
330
17
100
AcDbEntity
  8
ALTIN
100
AcDbPolyline
 90
6
 70
1
 10
-4.9715
 20
9.5392
 10
-5.2625
 20
9.4588
 10
-5.2625
 20
9.6589
 10
-4.7642
 20
9.7713
 10
-4.7642
 20
8.5018
 10
-4.9715
 20
8.5018
  0
LWPOLYLINE
  5
AD
330
17
100
AcDbEntity
  8
ALTIN
100
AcDbPolyline
 90
6
 70
1
 10
-0.4475
 20
10.9516
 10
-0.7385
 20
10.8713
 10
-0.7385
 20
11.0713
 10
-0.2402
 20
11.1838
 10
-0.2402
 20
9.9143
 10
-0.4475
 20
9.9143
  0
LWPOLYLINE
  5
AE
330
17
100
AcDbEntity
  8
ALTIN
100
AcDbPolyline
 90
44
 70
1
 10
0.4741
 20
10.9037
 10
0.45
 20
10.9338
 10
0.4194
 20
10.9595
 10
0.383
 20
10.9793
 10
0.3406
 20
10.992
 10
0.2921
 20
10.9963
 10
0.2255
 20
10.9881
 10
0.1687
 20
10.9634
 10
0.1229
 20
10.923
 10
0.0892
 20
10.8679
 10
0.0685
 20
10.8005
 10
0.0616
 20
10.7231
 10
-0.1474
 20
10.7231
 10
-0.1347
 20
10.8497
 10
-0.0966
 20
10.9614
 10
-0.0333
 20
11.0548
 10
0.0544
 20
11.1258
 10
0.1647
 20
11.1707
 10
0.2954
 20
11.1857
 10
0.3973
 20
11.177
 10
0.4849
 20
11.1509
 10
0.5583
 20
11.1108
 10
0.6177
 20
11.0605
 10
0.6639
 20
11.0025
 10
0.6972
 20
10.9391
 10
0.7173
 20
10.8741
 10
0.724
 20
10.8107
 10
0.7119
 20
10.7143
 10
0.6757
 20
10.6213
 10
0.6205
 20
10.5352
 10
0.551
 20
10.4589
 10
0.1972
 20
10.1107
 10
0.7385
 20
10.1107
 10
0.7385
 20
9.9143
 10
-0.2152
 20
9.9143
 10
0.3635
 20
10.5231
 10
0.405
 20
10.5704
 10
0.4402
 20
10.616
 10
0.4683
 20
10.6606
 10
0.4882
 20
10.7053
 10
0.5004
 20
10.7512
 10
0.5044
 20
10.7999
 10
0.5011
 20
10.8354
 10
0.491
 20
10.8705
  0
LWPOLYLINE
  5
AF
330
17
100
AcDbEntity
  8
ALTIN
100
AcDbPolyline
 90
10
 70
1
 10
9.2383
 20
-5.6606
 10
8.6222
 20
-5.6606
 10
9.3276
 20
-4.65
 10
9.4545
 20
-4.65
 10
9.4545
 20
-5.4787
 10
9.6509
 20
-5.4787
 10
9.6509
 20
-5.6606
 10
9.4545
 20
-5.6606
 10
9.4545
 20
-5.9
 10
9.2383
 20
-5.9
  0
LWPOLYLINE
  5
B0
330
17
100
AcDbEntity
  8
ALTIN
100
AcDbPolyline
 90
3
 70
1
 10
9.2525
 20
-5.4929
 10
9.2525
 20
-5.0267
 10
8.9311
 20
-5.4929
  0
LWPOLYLINE
  5
B1
330
17
100
AcDbEntity
  8
ALTIN
100
AcDbPolyline
 90
79
 70
1
 10
10.3615
 20
-0.3704
 10
10.3964
 20
-0.4099
 10
10.4419
 20
-0.4393
 10
10.4958
 20
-0.4573
 10
10.5554
 20
-0.4633
 10
10.6156
 20
-0.4575
 10
10.6679
 20
-0.4402
 10
10.7105
 20
-0.4118
 10
10.7418
 20
-0.3732
 10
10.7613
 20
-0.3247
 10
10.7678
 20
-0.2669
 10
10.7628
 20
-0.2196
 10
10.748
 20
-0.1776
 10
10.7242
 20
-0.1414
 10
10.6919
 20
-0.1115
 10
10.6517
 20
-0.0878
 10
10.6043
 20
-0.0705
 10
10.5501
 20
-0.0598
 10
10.4893
 20
-0.0562
 10
10.4893
 20
-0.0116
 10
10.4893
 20
0.0635
 10
10.4893
 20
0.1009
 10
10.5434
 20
0.1046
 10
10.5912
 20
0.1159
 10
10.6324
 20
0.1343
 10
10.667
 20
0.1589
 10
10.6947
 20
0.1888
 10
10.715
 20
0.2225
 10
10.7278
 20
0.2591
 10
10.7321
 20
0.2973
 10
10.7274
 20
0.3445
 10
10.7134
 20
0.3857
 10
10.6899
 20
0.4199
 10
10.657
 20
0.4455
 10
10.6147
 20
0.4616
 10
10.5624
 20
0.4669
 10
10.4883
 20
0.4547
 10
10.4265
 20
0.4178
 10
10.3851
 20
0.3623
 10
10.3713
 20
0.2939
 10
10.1732
 20
0.2939
 10
10.1855
 20
0.3912
 10
10.2223
 20
0.4759
 10
10.281
 20
0.5462
 10
10.3587
 20
0.6
 10
10.453
 20
0.6341
 10
10.5607
 20
0.6455
 10
10.6732
 20
0.6339
 10
10.7678
 20
0.5992
 10
10.8434
 20
0.5455
 10
10.8989
 20
0.477
 10
10.9332
 20
0.3968
 10
10.9447
 20
0.3082
 10
10.9299
 20
0.2189
 10
10.8855
 20
0.1402
 10
10.8157
 20
0.0755
 10
10.7279
 20
0.0298
 10
10.7658
 20
0.0183
 10
10.8384
 20
-0.0188
 10
10.8979
 20
-0.0676
 10
10.9427
 20
-0.1285
 10
10.971
 20
-0.2019
 10
10.9804
 20
-0.2884
 10
10.967
 20
-0.3888
 10
10.9268
 20
-0.4759
 10
10.8625
 20
-0.5473
 10
10.7767
 20
-0.6009
 10
10.6723
 20
-0.6343
 10
10.5518
 20
-0.6455
 10
10.4568
 20
-0.6382
 10
10.3721
 20
-0.6162
 10
10.2986
 20
-0.5808
 10
10.2365
 20
-0.5339
 10
10.1869
 20
-0.4772
 10
10.15
 20
-0.4125
 10
10.1272
 20
-0.3417
 10
10.1196
 20
-0.2669
 10
10.3322
 20
-0.2669
 10
10.3396
 20
-0.3222
  0
LWPOLYLINE
  5
B2
330
17
100
AcDbEntity
  8
ALTIN
100
AcDbPolyline
 90
44
 70
1
 10
9.349
 20
5.6287
 10
9.3249
 20
5.6588
 10
9.2944
 20
5.6845
 10
9.2579
 20
5.7043
 10
9.2155
 20
5.717
 10
9.167
 20
5.7213
 10
9.1004
 20
5.7131
 10
9.0437
 20
5.6884
 10
8.9978
 20
5.648
 10
8.9641
 20
5.5929
 10
8.9434
 20
5.5255
 10
8.9365
 20
5.4481
 10
8.7275
 20
5.4481
 10
8.7402
 20
5.5747
 10
8.7783
 20
5.6864
 10
8.8416
 20
5.7798
 10
8.9293
 20
5.8508
 10
9.0396
 20
5.8957
 10
9.1703
 20
5.9107
 10
9.2722
 20
5.902
 10
9.3598
 20
5.8759
 10
9.4332
 20
5.8358
 10
9.4926
 20
5.7855
 10
9.5388
 20
5.7275
 10
9.5721
 20
5.6641
 10
9.5922
 20
5.5991
 10
9.5989
 20
5.5357
 10
9.5868
 20
5.4393
 10
9.5506
 20
5.3463
 10
9.4955
 20
5.2602
 10
9.4259
 20
5.1839
 10
9.0721
 20
4.8357
 10
9.6134
 20
4.8357
 10
9.6134
 20
4.6393
 10
8.6597
 20
4.6393
 10
9.2384
 20
5.2481
 10
9.2799
 20
5.2954
 10
9.3151
 20
5.341
 10
9.3432
 20
5.3856
 10
9.3631
 20
5.4303
 10
9.3753
 20
5.4762
 10
9.3793
 20
5.5249
 10
9.376
 20
5.5604
 10
9.3659
 20
5.5955
  0
LWPOLYLINE
  5
B3
330
17
100
AcDbEntity
  8
ALTIN
100
AcDbPolyline
 90
6
 70
1
 10
5.3169
 20
8.5018
 10
5.3169
 20
9.5392
 10
5.0258
 20
9.4588
 10
5.0258
 20
9.6589
 10
5.5242
 20
9.7713
 10
5.5242
 20
8.5018
  0
LWPOLYLINE
  5
B4
330
17
100
AcDbEntity
  8
ALTIN
100
AcDbPolyline
 90
30
 70
1
 10
1.2498
 20
4.0796
 10
1.3151
 20
4.0349
 10
1.4046
 20
4.02
 10
1.4942
 20
4.0349
 10
1.5592
 20
4.0796
 10
1.599
 20
4.1489
 10
1.6122
 20
4.2371
 10
1.6122
 20
4.875
 10
1.7276
 20
4.875
 10
1.7276
 20
4.2371
 10
1.722
 20
4.1692
 10
1.7051
 20
4.1067
 10
1.6777
 20
4.0512
 10
1.64
 20
4.0037
 10
1.5931
 20
3.965
 10
1.5376
 20
3.9358
 10
1.4746
 20
3.9175
 10
1.4046
 20
3.9114
 10
1.3348
 20
3.9175
 10
1.2717
 20
3.9358
 10
1.2161
 20
3.965
 10
1.1691
 20
4.0037
 10
1.1315
 20
4.0512
 10
1.104
 20
4.1067
 10
1.0873
 20
4.1692
 10
1.0817
 20
4.2371
 10
1.0817
 20
4.875
 10
1.197
 20
4.875
 10
1.197
 20
4.2371
 10
1.2102
 20
4.1489
  0
LWPOLYLINE
  5
B5
330
17
100
AcDbEntity
  8
ALTIN
100
AcDbPolyline
 90
32
 70
1
 10
-2.5849
 20
4.8068
 10
-2.5024
 20
4.8513
 10
-2.4105
 20
4.8792
 10
-2.3112
 20
4.8886
 10
-2.2109
 20
4.8792
 10
-2.1193
 20
4.8513
 10
-2.0373
 20
4.8068
 10
-1.9666
 20
4.748
 10
-1.9086
 20
4.6765
 10
-1.8654
 20
4.5934
 10
-1.8384
 20
4.5006
 10
-1.8294
 20
4.4
 10
-1.8384
 20
4.3003
 10
-1.8654
 20
4.2072
 10
-1.9086
 20
4.1236
 10
-1.9666
 20
4.0518
 10
-2.0373
 20
3.9932
 10
-2.1193
 20
3.9488
 10
-2.2109
 20
3.9208
 10
-2.3112
 20
3.9114
 10
-2.4105
 20
3.9208
 10
-2.5024
 20
3.9488
 10
-2.5849
 20
3.9932
 10
-2.656
 20
4.0518
 10
-2.7138
 20
4.1236
 10
-2.7571
 20
4.2072
 10
-2.784
 20
4.3003
 10
-2.793
 20
4.4
 10
-2.784
 20
4.5006
 10
-2.7571
 20
4.5934
 10
-2.7138
 20
4.6765
 10
-2.656
 20
4.748
  0
LWPOLYLINE
  5
B6
330
17
100
AcDbEntity
  8
ALTIN
100
AcDbPolyline
 90
24
 70
1
 10
-2.4088
 20
4.039
 10
-2.3112
 20
4.0268
 10
-2.2126
 20
4.039
 10
-2.126
 20
4.0756
 10
-2.0537
 20
4.1333
 10
-1.9984
 20
4.2085
 10
-1.9632
 20
4.2985
 10
-1.9515
 20
4.4
 10
-1.9632
 20
4.5015
 10
-1.9984
 20
4.5913
 10
-2.0537
 20
4.6666
 10
-2.126
 20
4.7242
 10
-2.2126
 20
4.761
 10
-2.3112
 20
4.7732
 10
-2.4088
 20
4.761
 10
-2.4957
 20
4.7242
 10
-2.5684
 20
4.6666
 10
-2.624
 20
4.5913
 10
-2.6591
 20
4.5015
 10
-2.6708
 20
4.4
 10
-2.6591
 20
4.2985
 10
-2.624
 20
4.2085
 10
-2.5684
 20
4.1333
 10
-2.4957
 20
4.0756
  0
LWPOLYLINE
  5
B7
330
17
100
AcDbEntity
  8
ALTIN
100
AcDbPolyline
 90
8
 70
1
 10
-0.7369
 20
4.0336
 10
-0.7369
 20
3.925
 10
-1.4019
 20
3.925
 10
-0.9025
 20
4.7664
 10
-1.3747
 20
4.7664
 10
-1.3747
 20
4.875
 10
-0.7097
 20
4.875
 10
-1.2091
 20
4.0336
  0
LWPOLYLINE
  5
B8
330
17
100
AcDbEntity
  8
ALTIN
100
AcDbPolyline
 90
58
 70
1
 10
0.5873
 20
4.1348
 10
0.5361
 20
4.0607
 10
0.4711
 20
3.9988
 10
0.3929
 20
3.9515
 10
0.3022
 20
3.9214
 10
0.1995
 20
3.9114
 10
0.1002
 20
3.9204
 10
0.0083
 20
3.9473
 10
-0.0742
 20
3.9907
 10
-0.1453
 20
4.0491
 10
-0.2031
 20
4.1209
 10
-0.2464
 20
4.2045
 10
-0.2733
 20
4.2982
 10
-0.2822
 20
4.4
 10
-0.2733
 20
4.5017
 10
-0.2464
 20
4.5953
 10
-0.2031
 20
4.679
 10
-0.1453
 20
4.7507
 10
-0.0742
 20
4.8092
 10
0.0083
 20
4.8525
 10
0.1002
 20
4.8796
 10
0.1995
 20
4.8886
 10
0.2842
 20
4.8828
 10
0.3618
 20
4.8655
 10
0.432
 20
4.8369
 10
0.4947
 20
4.7976
 10
0.5491
 20
4.7474
 10
0.5944
 20
4.6863
 10
0.513
 20
4.6116
 10
0.4594
 20
4.6794
 10
0.3881
 20
4.7304
 10
0.301
 20
4.7625
 10
0.1995
 20
4.7732
 10
0.1038
 20
4.7613
 10
0.0176
 20
4.7257
 10
-0.0555
 20
4.6692
 10
-0.112
 20
4.5947
 10
-0.1481
 20
4.5043
 10
-0.1601
 20
4.4
 10
-0.1481
 20
4.2966
 10
-0.112
 20
4.206
 10
-0.0555
 20
4.131
 10
0.0176
 20
4.0743
 10
0.1038
 20
4.0387
 10
0.1995
 20
4.0268
 10
0.2666
 20
4.032
 10
0.3264
 20
4.0478
 10
0.3788
 20
4.073
 10
0.4235
 20
4.1067
 10
0.4606
 20
4.1476
 10
0.4907
 20
4.1937
 10
0.5136
 20
4.2443
 10
0.5293
 20
4.2982
 10
0.2131
 20
4.2982
 10
0.2131
 20
4.4068
 10
0.6542
 20
4.4068
 10
0.6467
 20
4.3102
 10
0.6243
 20
4.2187
  0
LWPOLYLINE
  5
B9
330
17
100
AcDbEntity
  8
ALTIN
100
AcDbPolyline
 90
21
 70
1
 10
2.1551
 20
3.925
 10
2.1551
 20
4.875
 10
2.2189
 20
4.875
 10
2.2705
 20
4.875
 10
2.413
 20
4.875
 10
2.5003
 20
4.8664
 10
2.5777
 20
4.8404
 10
2.6429
 20
4.7986
 10
2.6931
 20
4.742
 10
2.7252
 20
4.6721
 10
2.7359
 20
4.59
 10
2.7252
 20
4.5087
 10
2.6931
 20
4.4386
 10
2.6429
 20
4.3816
 10
2.5777
 20
4.3396
 10
2.5092
 20
4.3166
 10
2.793
 20
3.925
 10
2.6505
 20
3.925
 10
2.3861
 20
4.305
 10
2.2705
 20
4.305
 10
2.2705
 20
3.925
  0
LWPOLYLINE
  5
BA
330
17
100
AcDbEntity
  8
ALTIN
100
AcDbPolyline
 90
15
 70
1
 10
2.6139
 20
4.5361
 10
2.6206
 20
4.59
 10
2.6139
 20
4.6439
 10
2.5941
 20
4.689
 10
2.5626
 20
4.725
 10
2.5209
 20
4.7514
 10
2.4705
 20
4.7678
 10
2.413
 20
4.7732
 10
2.2705
 20
4.7732
 10
2.2705
 20
4.4068
 10
2.413
 20
4.4068
 10
2.4705
 20
4.4122
 10
2.5209
 20
4.4284
 10
2.5626
 20
4.455
 10
2.5941
 20
4.491
  0
ENDSEC
  0
SECTION
  2
OBJECTS
  0
DICTIONARY
  5
A
330
0
100
AcDbDictionary
281
1
  3
ACAD_COLOR
350
B
  3
ACAD_GROUP
350
C
  3
ACAD_LAYOUT
350
D
  3
ACAD_MATERIAL
350
E
  3
ACAD_MLEADERSTYLE
350
F
  3
ACAD_MLINESTYLE
350
10
  3
ACAD_PLOTSETTINGS
350
11
  3
ACAD_PLOTSTYLENAME
350
12
  3
ACAD_SCALELIST
350
14
  3
ACAD_TABLESTYLE
350
15
  3
ACAD_VISUALSTYLE
350
16
  3
EZDXF_META
350
2D
  0
DICTIONARY
  5
B
330
A
100
AcDbDictionary
281
1
  0
DICTIONARY
  5
C
330
A
100
AcDbDictionary
281
1
  0
DICTIONARY
  5
D
330
A
100
AcDbDictionary
281
1
  3
Model
350
1A
  3
Layout1
350
1E
  0
DICTIONARY
  5
E
330
A
100
AcDbDictionary
281
1
  3
ByBlock
350
1F
  3
ByLayer
350
20
  3
Global
350
21
  0
DICTIONARY
  5
F
330
A
100
AcDbDictionary
281
1
  3
Standard
350
2C
  0
DICTIONARY
  5
10
330
A
100
AcDbDictionary
281
1
  3
Standard
350
22
  0
DICTIONARY
  5
11
330
A
100
AcDbDictionary
281
1
  0
ACDBDICTIONARYWDFLT
  5
12
330
A
100
AcDbDictionary
281
1
  3
Normal
350
13
100
AcDbDictionaryWithDefault
340
13
  0
ACDBPLACEHOLDER
  5
13
330
12
  0
DICTIONARY
  5
14
330
A
100
AcDbDictionary
281
1
  0
DICTIONARY
  5
15
330
A
100
AcDbDictionary
281
1
  0
DICTIONARY
  5
16
330
A
100
AcDbDictionary
281
1
  3
2dWireframe
350
5A
  3
Basic
350
5B
  3
Brighten
350
5C
  3
ColorChange
350
5D
  3
Conceptual
350
5E
  3
Dim
350
5F
  3
EdgeColorOff
350
60
  3
Facepattern
350
61
  3
Flat
350
62
  3
FlatWithEdges
350
63
  3
Gouraud
350
64
  3
GouraudWithEdges
350
65
  3
Hidden
350
66
  3
JitterOff
350
67
  3
Linepattern
350
68
  3
Modeling
350
69
  3
OverhangOff
350
6A
  3
Realistic
350
6B
  3
Shaded
350
6C
  3
Shaded with edges
350
6D
  3
Shades of Gray
350
6E
  3
Sketchy
350
6F
  3
Thicken
350
70
  3
Wireframe
350
71
  3
X-Ray
350
72
  0
LAYOUT
  5
1A
330
D
100
AcDbPlotSettings
  1

  4
A3
  6

 40
7.5
 41
20.0
 42
7.5
 43
20.0
 44
420.0
 45
297.0
 46
0.0
 47
0.0
 48
0.0
 49
0.0
140
0.0
141
0.0
142
1.0
143
1.0
 70
1024
 72
1
 73
0
 74
5
  7

 75
16
 76
0
 77
2
 78
300
147
1.0
148
0.0
149
0.0
100
AcDbLayout
  1
Model
 70
1
 71
0
 10
0.0
 20
0.0
 11
420.0
 21
297.0
 12
0.0
 22
0.0
 32
0.0
 14
1e+20
 24
1e+20
 34
1e+20
 15
-1e+20
 25
-1e+20
 35
-1e+20
146
0.0
 13
0.0
 23
0.0
 33
0.0
 16
1.0
 26
0.0
 36
0.0
 17
0.0
 27
1.0
 37
0.0
 76
1
330
17
  0
LAYOUT
  5
1E
330
D
100
AcDbPlotSettings
  1

  4
A3
  6

 40
7.5
 41
20.0
 42
7.5
 43
20.0
 44
420.0
 45
297.0
 46
0.0
 47
0.0
 48
0.0
 49
0.0
140
0.0
141
0.0
142
1.0
143
1.0
 70
0
 72
1
 73
0
 74
5
  7

 75
16
 76
0
 77
2
 78
300
147
1.0
148
0.0
149
0.0
100
AcDbLayout
  1
Layout1
 70
1
 71
1
 10
0.0
 20
0.0
 11
420.0
 21
297.0
 12
0.0
 22
0.0
 32
0.0
 14
1e+20
 24
1e+20
 34
1e+20
 15
-1e+20
 25
-1e+20
 35
-1e+20
146
0.0
 13
0.0
 23
0.0
 33
0.0
 16
1.0
 26
0.0
 36
0.0
 17
0.0
 27
1.0
 37
0.0
 76
1
330
1B
  0
MATERIAL
  5
1F
102
{ACAD_REACTORS
330
E
102
}
330
E
100
AcDbMaterial
  1
ByBlock
  2

 70
0
 40
1.0
 71
1
 41
1.0
 91
-1023410177
 42
1.0
 72
1
  3

 73
1
 74
1
 75
1
 44
0.5
 73
0
 45
1.0
 46
1.0
 77
1
  4

 78
1
 79
1
170
1
 48
1.0
171
1
  6

172
1
173
1
174
1
140
1.0
141
1.0
175
1
  7

176
1
177
1
178
1
143
1.0
179
1
  8

270
1
271
1
272
1
145
1.0
146
1.0
273
1
  9

274
1
275
1
276
1
 42
1.0
 72
1
  3

 73
1
 74
1
 75
1
 94
63
  0
MATERIAL
  5
20
102
{ACAD_REACTORS
330
E
102
}
330
E
100
AcDbMaterial
  1
ByLayer
  2

 70
0
 40
1.0
 71
1
 41
1.0
 91
-1023410177
 42
1.0
 72
1
  3

 73
1
 74
1
 75
1
 44
0.5
 73
0
 45
1.0
 46
1.0
 77
1
  4

 78
1
 79
1
170
1
 48
1.0
171
1
  6

172
1
173
1
174
1
140
1.0
141
1.0
175
1
  7

176
1
177
1
178
1
143
1.0
179
1
  8

270
1
271
1
272
1
145
1.0
146
1.0
273
1
  9

274
1
275
1
276
1
 42
1.0
 72
1
  3

 73
1
 74
1
 75
1
 94
63
  0
MATERIAL
  5
21
102
{ACAD_REACTORS
330
E
102
}
330
E
100
AcDbMaterial
  1
Global
  2

 70
0
 40
1.0
 71
1
 41
1.0
 91
-1023410177
 42
1.0
 72
1
  3

 73
1
 74
1
 75
1
 44
0.5
 73
0
 45
1.0
 46
1.0
 77
1
  4

 78
1
 79
1
170
1
 48
1.0
171
1
  6

172
1
173
1
174
1
140
1.0
141
1.0
175
1
  7

176
1
177
1
178
1
143
1.0
179
1
  8

270
1
271
1
272
1
145
1.0
146
1.0
273
1
  9

274
1
275
1
276
1
 42
1.0
 72
1
  3

 73
1
 74
1
 75
1
 94
63
  0
MLINESTYLE
  5
22
102
{ACAD_REACTORS
330
10
102
}
330
10
100
AcDbMlineStyle
  2
Standard
 70
0
  3

 62
256
 51
90.0
 52
90.0
 71
2
 49
0.5
 62
256
  6
BYLAYER
 49
-0.5
 62
256
  6
BYLAYER
  0
MLEADERSTYLE
  5
2C
102
{ACAD_REACTORS
330
F
102
}
330
F
100
AcDbMLeaderStyle
179
2
170
2
171
1
172
0
 90
2
 40
0.0
 41
0.0
173
1
 91
-1056964608
 92
-2
290
1
 42
2.0
291
1
 43
8.0
  3
Standard
 44
4.0
300

342
29
174
1
175
1
176
0
178
1
 93
-1056964608
 45
4.0
292
0
297
0
 46
4.0
 94
-1056964608
 47
1.0
 49
1.0
140
1.0
294
1
141
0.0
177
0
142
1.0
295
0
296
0
143
3.75
271
0
272
9
273
9
  0
DICTIONARY
  5
2D
330
A
100
AcDbDictionary
280
1
281
1
  3
CREATED_BY_EZDXF
350
2E
  3
WRITTEN_BY_EZDXF
350
BD
  0
DICTIONARYVAR
  5
2E
330
2D
100
DictionaryVariables
280
0
  1
1.4.4 @ 2026-10-08T09:09:16.139287+00:00
  0
VISUALSTYLE
  5
5A
102
{ACAD_REACTORS
330
16
102
}
330
16
100
AcDbVisualStyle
  2
2dWireframe
 70
4
 90
0
 40
0.6
 62
7
290
0
291
0
  0
VISUALSTYLE
  5
5B
102
{ACAD_REACTORS
330
16
102
}
330
16
100
AcDbVisualStyle
  2
Basic
 70
7
 90
1
 40
0.6
 62
7
290
0
291
1
  0
VISUALSTYLE
  5
5C
102
{ACAD_REACTORS
330
16
102
}
330
16
100
AcDbVisualStyle
  2
Brighten
 70
12
 90
2
 40
0.6
 62
7
290
0
291
1
  0
VISUALSTYLE
  5
5D
102
{ACAD_REACTORS
330
16
102
}
330
16
100
AcDbVisualStyle
  2
ColorChange
 70
16
 90
2
 40
0.6
 62
8
290
0
291
1
  0
VISUALSTYLE
  5
5E
102
{ACAD_REACTORS
330
16
102
}
330
16
100
AcDbVisualStyle
  2
Conceptual
 70
9
 90
3
 40
0.6
 62
7
290
0
291
0
  0
VISUALSTYLE
  5
5F
102
{ACAD_REACTORS
330
16
102
}
330
16
100
AcDbVisualStyle
  2
Dim
 70
11
 90
2
 40
0.6
 62
7
290
0
291
1
  0
VISUALSTYLE
  5
60
102
{ACAD_REACTORS
330
16
102
}
330
16
100
AcDbVisualStyle
  2
EdgeColorOff
 70
22
 90
2
 40
0.6
 62
7
290
0
291
1
  0
VISUALSTYLE
  5
61
102
{ACAD_REACTORS
330
16
102
}
330
16
100
AcDbVisualStyle
  2
Facepattern
 70
15
 90
2
 40
0.6
 62
7
290
0
291
1
  0
VISUALSTYLE
  5
62
102
{ACAD_REACTORS
330
16
102
}
330
16
100
AcDbVisualStyle
  2
Flat
 70
0
 90
2
 40
0.6
 62
7
290
0
291
1
  0
VISUALSTYLE
  5
63
102
{ACAD_REACTORS
330
16
102
}
330
16
100
AcDbVisualStyle
  2
FlatWithEdges
 70
1
 90
2
 40
0.6
 62
7
290
0
291
1
  0
VISUALSTYLE
  5
64
102
{ACAD_REACTORS
330
16
102
}
330
16
100
AcDbVisualStyle
  2
Gouraud
 70
2
 90
2
 40
0.6
 62
7
290
0
291
1
  0
VISUALSTYLE
  5
65
102
{ACAD_REACTORS
330
16
102
}
330
16
100
AcDbVisualStyle
  2
GouraudWithEdges
 70
3
 90
2
 40
0.6
 62
7
290
0
291
1
  0
VISUALSTYLE
  5
66
102
{ACAD_REACTORS
330
16
102
}
330
16
100
AcDbVisualStyle
  2
Hidden
 70
6
 90
1
 40
0.6
 62
7
290
0
291
0
  0
VISUALSTYLE
  5
67
102
{ACAD_REACTORS
330
16
102
}
330
16
100
AcDbVisualStyle
  2
JitterOff
 70
20
 90
2
 40
0.6
 62
7
290
0
291
1
  0
VISUALSTYLE
  5
68
102
{ACAD_REACTORS
330
16
102
}
330
16
100
AcDbVisualStyle
  2
Linepattern
 70
14
 90
2
 40
0.6
 62
7
290
0
291
1
  0
VISUALSTYLE
  5
69
102
{ACAD_REACTORS
330
16
102
}
330
16
100
AcDbVisualStyle
  2
Modeling
 70
10
 90
2
 40
0.6
 62
7
290
0
291
0
  0
VISUALSTYLE
  5
6A
102
{ACAD_REACTORS
330
16
102
}
330
16
100
AcDbVisualStyle
  2
OverhangOff
 70
21
 90
2
 40
0.6
 62
7
290
0
291
1
  0
VISUALSTYLE
  5
6B
102
{ACAD_REACTORS
330
16
102
}
330
16
100
AcDbVisualStyle
  2
Realistic
 70
8
 90
2
 40
0.6
 62
7
290
0
291
0
  0
VISUALSTYLE
  5
6C
102
{ACAD_REACTORS
330
16
102
}
330
16
100
AcDbVisualStyle
  2
Shaded
 70
27
 90
2
 40
0.6
 62
7
290
0
291
0
  0
VISUALSTYLE
  5
6D
102
{ACAD_REACTORS
330
16
102
}
330
16
100
AcDbVisualStyle
  2
Shaded with edges
 70
26
 90
2
 40
0.6
 62
7
290
0
291
0
  0
VISUALSTYLE
  5
6E
102
{ACAD_REACTORS
330
16
102
}
330
16
100
AcDbVisualStyle
  2
Shades of Gray
 70
23
 90
2
 40
0.6
 62
7
290
0
291
0
  0
VISUALSTYLE
  5
6F
102
{ACAD_REACTORS
330
16
102
}
330
16
100
AcDbVisualStyle
  2
Sketchy
 70
24
 90
1
 40
0.6
 62
7
290
0
291
0
  0
VISUALSTYLE
  5
70
102
{ACAD_REACTORS
330
16
102
}
330
16
100
AcDbVisualStyle
  2
Thicken
 70
13
 90
2
 40
0.6
 62
7
290
0
291
1
  0
VISUALSTYLE
  5
71
102
{ACAD_REACTORS
330
16
102
}
330
16
100
AcDbVisualStyle
  2
Wireframe
 70
5
 90
0
 40
0.6
 62
7
290
0
291
0
  0
VISUALSTYLE
  5
72
102
{ACAD_REACTORS
330
16
102
}
330
16
100
AcDbVisualStyle
  2
X-Ray
 70
25
 90
2
 40
0.5
 62
7
290
0
291
0
  0
DICTIONARYVAR
  5
BD
330
2D
100
DictionaryVariables
280
0
  1
1.4.4 @ 2026-10-08T09:09:16.639842+00:00
  0
ENDSEC
  0
EOF
