  0
SECTION
  2
HEADER
  9
$ACADVER
  1
AC1024
  9
$ACADMAINTVER
 70
6
  9
$DWGCODEPAGE
  3
ANSI_1252
  9
$LASTSAVEDBY
  1
ezdxf
  9
$INSBASE
 10
0.0
 20
0.0
 30
0.0
  9
$EXTMIN
 10
1e+20
 20
1e+20
 30
1e+20
  9
$EXTMAX
 10
-1e+20
 20
-1e+20
 30
-1e+20
  9
$LIMMIN
 10
0.0
 20
0.0
  9
$LIMMAX
 10
420.0
 20
297.0
  9
$ORTHOMODE
 70
0
  9
$REGENMODE
 70
1
  9
$FILLMODE
 70
1
  9
$QTEXTMODE
 70
0
  9
$MIRRTEXT
 70
1
  9
$LTSCALE
 40
1.0
  9
$ATTMODE
 70
1
  9
$TEXTSIZE
 40
2.5
  9
$TRACEWID
 40
1.0
  9
$TEXTSTYLE
  7
OpenSans
  9
$CLAYER
  8
0
  9
$CELTYPE
  6
ByLayer
  9
$CECOLOR
 62
256
  9
$CELTSCALE
 40
1.0
  9
$DISPSILH
 70
0
  9
$DIMSCALE
 40
1.0
  9
$DIMASZ
 40
0.175
  9
$DIMEXO
 40
0.125
  9
$DIMDLI
 40
3.75
  9
$DIMRND
 40
0.0
  9
$DIMDLE
 40
0.0
  9
$DIMEXE
 40
0.375
  9
$DIMTP
 40
0.0
  9
$DIMTM
 40
0.0
  9
$DIMTXT
 40
0.25
  9
$DIMCEN
 40
2.5
  9
$DIMTSZ
 40
0.0
  9
$DIMTOL
 70
0
  9
$DIMLIM
 70
0
  9
$DIMTIH
 70
0
  9
$DIMTOH
 70
0
  9
$DIMSE1
 70
0
  9
$DIMSE2
 70
0
  9
$DIMTAD
 70
1
  9
$DIMZIN
 70
12
  9
$DIMBLK
  1
ARCHTICK
  9
$DIMASO
 70
1
  9
$DIMSHO
 70
1
  9
$DIMPOST
  1

  9
$DIMAPOST
  1

  9
$DIMALT
 70
0
  9
$DIMALTD
 70
3
  9
$DIMALTF
 40
0.03937007874
  9
$DIMLFAC
 40
100.0
  9
$DIMTOFL
 70
1
  9
$DIMTVP
 40
0.0
  9
$DIMTIX
 70
0
  9
$DIMSOXD
 70
0
  9
$DIMSAH
 70
0
  9
$DIMBLK1
  1

  9
$DIMBLK2
  1

  9
$DIMSTYLE
  2
EZDXF
  9
$DIMCLRD
 70
0
  9
$DIMCLRE
 70
0
  9
$DIMCLRT
 70
0
  9
$DIMTFAC
 40
0.5
  9
$DIMGAP
 40
0.1
  9
$DIMJUST
 70
0
  9
$DIMSD1
 70
0
  9
$DIMSD2
 70
0
  9
$DIMTOLJ
 70
0
  9
$DIMTZIN
 70
8
  9
$DIMALTZ
 70
0
  9
$DIMALTTZ
 70
0
  9
$DIMUPT
 70
1
  9
$DIMDEC
 70
2
  9
$DIMTDEC
 70
2
  9
$DIMALTU
 70
2
  9
$DIMALTTD
 70
3
  9
$DIMTXSTY
  7
OpenSansCondensed-Light
  9
$DIMAUNIT
 70
0
  9
$DIMADEC
 70
2
  9
$DIMALTRND
 40
0.0
  9
$DIMAZIN
 70
3
  9
$DIMDSEP
 70
46
  9
$DIMATFIT
 70
3
  9
$DIMFRAC
 70
0
  9
$DIMLDRBLK
  1

  9
$DIMLUNIT
 70
2
  9
$DIMLWD
 70
-2
  9
$DIMLWE
 70
-2
  9
$DIMTMOVE
 70
2
  9
$DIMFXL
 40
1.0
  9
$DIMFXLON
 70
0
  9
$DIMJOGANG
 40
0.785398163397
  9
$DIMTFILL
 70
0
  9
$DIMTFILLCLR
 70
0
  9
$DIMARCSYM
 70
0
  9
$DIMLTYPE
  6

  9
$DIMLTEX1
  6

  9
$DIMLTEX2
  6

  9
$DIMTXTDIRECTION
 70
0
  9
$LUNITS
 70
2
  9
$LUPREC
 70
4
  9
$SKETCHINC
 40
1.0
  9
$FILLETRAD
 40
10.0
  9
$AUNITS
 70
0
  9
$AUPREC
 70
2
  9
$MENU
  1
.
  9
$ELEVATION
 40
0.0
  9
$PELEVATION
 40
0.0
  9
$THICKNESS
 40
0.0
  9
$LIMCHECK
 70
0
  9
$CHAMFERA
 40
0.0
  9
$CHAMFERB
 40
0.0
  9
$CHAMFERC
 40
0.0
  9
$CHAMFERD
 40
0.0
  9
$SKPOLY
 70
0
  9
$TDCREATE
 40
2461322.3358796295
  9
$TDUCREATE
 40
2458532.153996898
  9
$TDUPDATE
 40
2461322.3358796295
  9
$TDUUPDATE
 40
2458532.1544311
  9
$TDINDWG
 40
0.0
  9
$TDUSRTIMER
 40
0.0
  9
$USRTIMER
 70
1
  9
$ANGBASE
 50
0.0
  9
$ANGDIR
 70
0
  9
$PDMODE
 70
0
  9
$PDSIZE
 40
0.0
  9
$PLINEWID
 40
0.0
  9
$SPLFRAME
 70
0
  9
$SPLINETYPE
 70
6
  9
$SPLINESEGS
 70
8
  9
$HANDSEED
  5
117
  9
$SURFTAB1
 70
6
  9
$SURFTAB2
 70
6
  9
$SURFTYPE
 70
6
  9
$SURFU
 70
6
  9
$SURFV
 70
6
  9
$UCSBASE
  2

  9
$UCSNAME
  2

  9
$UCSORG
 10
0.0
 20
0.0
 30
0.0
  9
$UCSXDIR
 10
1.0
 20
0.0
 30
0.0
  9
$UCSYDIR
 10
0.0
 20
1.0
 30
0.0
  9
$UCSORTHOREF
  2

  9
$UCSORTHOVIEW
 70
0
  9
$UCSORGTOP
 10
0.0
 20
0.0
 30
0.0
  9
$UCSORGBOTTOM
 10
0.0
 20
0.0
 30
0.0
  9
$UCSORGLEFT
 10
0.0
 20
0.0
 30
0.0
  9
$UCSORGRIGHT
 10
0.0
 20
0.0
 30
0.0
  9
$UCSORGFRONT
 10
0.0
 20
0.0
 30
0.0
  9
$UCSORGBACK
 10
0.0
 20
0.0
 30
0.0
  9
$PUCSBASE
  2

  9
$PUCSNAME
  2

  9
$PUCSORG
 10
0.0
 20
0.0
 30
0.0
  9
$PUCSXDIR
 10
1.0
 20
0.0
 30
0.0
  9
$PUCSYDIR
 10
0.0
 20
1.0
 30
0.0
  9
$PUCSORTHOREF
  2

  9
$PUCSORTHOVIEW
 70
0
  9
$PUCSORGTOP
 10
0.0
 20
0.0
 30
0.0
  9
$PUCSORGBOTTOM
 10
0.0
 20
0.0
 30
0.0
  9
$PUCSORGLEFT
 10
0.0
 20
0.0
 30
0.0
  9
$PUCSORGRIGHT
 10
0.0
 20
0.0
 30
0.0
  9
$PUCSORGFRONT
 10
0.0
 20
0.0
 30
0.0
  9
$PUCSORGBACK
 10
0.0
 20
0.0
 30
0.0
  9
$USERI1
 70
0
  9
$USERI2
 70
0
  9
$USERI3
 70
0
  9
$USERI4
 70
0
  9
$USERI5
 70
0
  9
$USERR1
 40
0.0
  9
$USERR2
 40
0.0
  9
$USERR3
 40
0.0
  9
$USERR4
 40
0.0
  9
$USERR5
 40
0.0
  9
$WORLDVIEW
 70
1
  9
$SHADEDGE
 70
3
  9
$SHADEDIF
 70
70
  9
$TILEMODE
 70
1
  9
$MAXACTVP
 70
64
  9
$PINSBASE
 10
0.0
 20
0.0
 30
0.0
  9
$PLIMCHECK
 70
0
  9
$PEXTMIN
 10
1e+20
 20
1e+20
 30
1e+20
  9
$PEXTMAX
 10
-1e+20
 20
-1e+20
 30
-1e+20
  9
$PLIMMIN
 10
0.0
 20
0.0
  9
$PLIMMAX
 10
420.0
 20
297.0
  9
$UNITMODE
 70
0
  9
$VISRETAIN
 70
1
  9
$PLINEGEN
 70
0
  9
$PSLTSCALE
 70
1
  9
$TREEDEPTH
 70
3020
  9
$CMLSTYLE
  2
Standard
  9
$CMLJUST
 70
0
  9
$CMLSCALE
 40
20.0
  9
$PROXYGRAPHICS
 70
1
  9
$MEASUREMENT
 70
1
  9
$CELWEIGHT
370
-1
  9
$ENDCAPS
280
0
  9
$JOINSTYLE
280
0
  9
$LWDISPLAY
290
0
  9
$INSUNITS
 70
4
  9
$HYPERLINKBASE
  1

  9
$STYLESHEET
  1

  9
$XEDIT
290
1
  9
$CEPSNTYPE
380
0
  9
$PSTYLEMODE
290
1
  9
$FINGERPRINTGUID
  2
{E7D03000-DD25-4872-A84E-6D3DE38BAEEE}
  9
$VERSIONGUID
  2
{016345E4-0823-4C9E-B972-083B722870BA}
  9
$EXTNAMES
290
1
  9
$PSVPSCALE
 40
0.0
  9
$OLESTARTUP
290
0
  9
$SORTENTS
280
127
  9
$INDEXCTL
280
0
  9
$HIDETEXT
280
1
  9
$XCLIPFRAME
280
1
  9
$HALOGAP
280
0
  9
$OBSCOLOR
 70
257
  9
$OBSLTYPE
280
0
  9
$INTERSECTIONDISPLAY
280
0
  9
$INTERSECTIONCOLOR
 70
257
  9
$DIMASSOC
280
2
  9
$PROJECTNAME
  1

  9
$CAMERADISPLAY
290
0
  9
$LENSLENGTH
 40
50.0
  9
$CAMERAHEIGHT
 40
0.0
  9
$STEPSPERSEC
 40
24.0
  9
$STEPSIZE
 40
100.0
  9
$3DDWFPREC
 40
2.0
  9
$PSOLWIDTH
 40
0.005
  9
$PSOLHEIGHT
 40
0.08
  9
$LOFTANG1
 40
1.570796326795
  9
$LOFTANG2
 40
1.570796326795
  9
$LOFTMAG1
 40
0.0
  9
$LOFTMAG2
 40
0.0
  9
$LOFTPARAM
 70
7
  9
$LOFTNORMALS
280
1
  9
$LATITUDE
 40
37.795
  9
$LONGITUDE
 40
-122.394
  9
$NORTHDIRECTION
 40
0.0
  9
$TIMEZONE
 70
-8000
  9
$LIGHTGLYPHDISPLAY
280
1
  9
$TILEMODELIGHTSYNCH
280
1
  9
$CMATERIAL
347
20
  9
$SOLIDHIST
280
0
  9
$SHOWHIST
280
1
  9
$DWFFRAME
280
2
  9
$DGNFRAME
280
2
  9
$REALWORLDSCALE
290
1
  9
$INTERFERECOLOR
 62
256
  9
$CSHADOW
280
0
  9
$SHADOWPLANELOCATION
 40
0.0
  0
ENDSEC
  0
SECTION
  2
CLASSES
  0
CLASS
  1
ACDBDICTIONARYWDFLT
  2
AcDbDictionaryWithDefault
  3
ObjectDBX Classes
 90
0
 91
0
280
0
281
0
  0
CLASS
  1
SUN
  2
AcDbSun
  3
SCENEOE
 90
1153
 91
0
280
0
281
0
  0
CLASS
  1
VISUALSTYLE
  2
AcDbVisualStyle
  3
ObjectDBX Classes
 90
4095
 91
0
280
0
281
0
  0
CLASS
  1
MATERIAL
  2
AcDbMaterial
  3
ObjectDBX Classes
 90
1153
 91
0
280
0
281
0
  0
CLASS
  1
SCALE
  2
AcDbScale
  3
ObjectDBX Classes
 90
1153
 91
0
280
0
281
0
  0
CLASS
  1
TABLESTYLE
  2
AcDbTableStyle
  3
ObjectDBX Classes
 90
4095
 91
0
280
0
281
0
  0
CLASS
  1
MLEADERSTYLE
  2
AcDbMLeaderStyle
  3
ACDB_MLEADERSTYLE_CLASS
 90
4095
 91
0
280
0
281
0
  0
CLASS
  1
DICTIONARYVAR
  2
AcDbDictionaryVar
  3
ObjectDBX Classes
 90
0
 91
0
280
0
281
0
  0
CLASS
  1
CELLSTYLEMAP
  2
AcDbCellStyleMap
  3
ObjectDBX Classes
 90
1152
 91
0
280
0
281
0
  0
CLASS
  1
MENTALRAYRENDERSETTINGS
  2
AcDbMentalRayRenderSettings
  3
SCENEOE
 90
1024
 91
0
280
0
281
0
  0
CLASS
  1
ACDBDETAILVIEWSTYLE
  2
AcDbDetailViewStyle
  3
ObjectDBX Classes
 90
1025
 91
0
280
0
281
0
  0
CLASS
  1
ACDBSECTIONVIEWSTYLE
  2
AcDbSectionViewStyle
  3
ObjectDBX Classes
 90
1025
 91
0
280
0
281
0
  0
CLASS
  1
RASTERVARIABLES
  2
AcDbRasterVariables
  3
ISM
 90
0
 91
0
280
0
281
0
  0
CLASS
  1
LAYOUT
  2
AcDbLayout
  3
ObjectDBX Classes
 90
0
 91
0
280
0
281
0
  0
CLASS
  1
ACDBPLACEHOLDER
  2
AcDbPlaceHolder
  3
ObjectDBX Classes
 90
0
 91
0
280
0
281
0
  0
ENDSEC
  0
SECTION
  2
TABLES
  0
TABLE
  2
VPORT
  5
8
330
0
100
AcDbSymbolTable
 70
1
  0
VPORT
  5
23
330
8
100
AcDbSymbolTableRecord
100
AcDbViewportTableRecord
  2
*Active
 70
0
 10
0.0
 20
0.0
 11
1.0
 21
1.0
 12
0.0
 22
0.0
 13
0.0
 23
0.0
 14
0.5
 24
0.5
 15
0.5
 25
0.5
 16
0.0
 26
0.0
 36
1.0
 17
0.0
 27
0.0
 37
0.0
 40
1000.0
 41
1.34
 42
50.0
 43
0.0
 44
0.0
 50
0.0
 51
0.0
 71
0
 72
1000
 73
1
 74
3
 75
0
 76
0
 77
0
 78
0
281
0
 65
0
146
0.0
  0
ENDTAB
  0
TABLE
  2
LTYPE
  5
2
330
0
100
AcDbSymbolTable
 70
21
  0
LTYPE
  5
24
330
2
100
AcDbSymbolTableRecord
100
AcDbLinetypeTableRecord
  2
ByBlock
 70
0
  3

 72
65
 73
0
 40
0.0
  0
LTYPE
  5
25
330
2
100
AcDbSymbolTableRecord
100
AcDbLinetypeTableRecord
  2
ByLayer
 70
0
  3

 72
65
 73
0
 40
0.0
  0
LTYPE
  5
26
330
2
100
AcDbSymbolTableRecord
100
AcDbLinetypeTableRecord
  2
Continuous
 70
0
  3

 72
65
 73
0
 40
0.0
  0
LTYPE
  5
2F
330
2
100
AcDbSymbolTableRecord
100
AcDbLinetypeTableRecord
  2
CENTER
 70
0
  3
Center ____ _ ____ _ ____ _ ____ _ ____ _ ____
 72
65
 73
4
 40
5.08
 49
3.175
 74
0
 49
-0.635
 74
0
 49
0.635
 74
0
 49
-0.635
 74
0
  0
LTYPE
  5
30
330
2
100
AcDbSymbolTableRecord
100
AcDbLinetypeTableRecord
  2
CENTERX2
 70
0
  3
Center (2x) ________  __  ________  __  ________
 72
65
 73
4
 40
8.89
 49
6.35
 74
0
 49
-0.635
 74
0
 49
1.27
 74
0
 49
-0.635
 74
0
  0
LTYPE
  5
31
330
2
100
AcDbSymbolTableRecord
100
AcDbLinetypeTableRecord
  2
CENTER2
 70
0
  3
Center (.5x) ____ _ ____ _ ____ _ ____ _ ____
 72
65
 73
4
 40
2.54
 49
1.587
 74
0
 49
-0.318
 74
0
 49
0.318
 74
0
 49
-0.318
 74
0
  0
LTYPE
  5
32
330
2
100
AcDbSymbolTableRecord
100
AcDbLinetypeTableRecord
  2
DASHED
 70
0
  3
Dashed __ __ __ __ __ __ __ __ __ __ __ __ __ _
 72
65
 73
2
 40
1.524
 49
1.27
 74
0
 49
-0.254
 74
0
  0
LTYPE
  5
33
330
2
100
AcDbSymbolTableRecord
100
AcDbLinetypeTableRecord
  2
DASHEDX2
 70
0
  3
Dashed (2x) ____  ____  ____  ____  ____  ____
 72
65
 73
2
 40
3.048
 49
2.54
 74
0
 49
-0.508
 74
0
  0
LTYPE
  5
34
330
2
100
AcDbSymbolTableRecord
100
AcDbLinetypeTableRecord
  2
DASHED2
 70
0
  3
Dashed (.5x) _ _ _ _ _ _ _ _ _ _ _ _ _ _
 72
65
 73
2
 40
0.762
 49
0.635
 74
0
 49
-0.127
 74
0
  0
LTYPE
  5
35
330
2
100
AcDbSymbolTableRecord
100
AcDbLinetypeTableRecord
  2
PHANTOM
 70
0
  3
Phantom ______  __  __  ______  __  __  ______
 72
65
 73
6
 40
6.35
 49
3.175
 74
0
 49
-0.635
 74
0
 49
0.635
 74
0
 49
-0.635
 74
0
 49
0.635
 74
0
 49
-0.635
 74
0
  0
LTYPE
  5
36
330
2
100
AcDbSymbolTableRecord
100
AcDbLinetypeTableRecord
  2
PHANTOMX2
 70
0
  3
Phantom (2x)____________    ____    ____    ____________
 72
65
 73
6
 40
10.795
 49
6.35
 74
0
 49
-0.635
 74
0
 49
1.27
 74
0
 49
-0.635
 74
0
 49
1.27
 74
0
 49
-0.635
 74
0
  0
LTYPE
  5
37
330
2
100
AcDbSymbolTableRecord
100
AcDbLinetypeTableRecord
  2
PHANTOM2
 70
0
  3
Phantom (.5x) ___ _ _ ___ _ _ ___ _ _ ___ _ _ ___
 72
65
 73
6
 40
3.175
 49
1.587
 74
0
 49
-0.318
 74
0
 49
0.318
 74
0
 49
-0.318
 74
0
 49
0.318
 74
0
 49
-0.318
 74
0
  0
LTYPE
  5
38
330
2
100
AcDbSymbolTableRecord
100
AcDbLinetypeTableRecord
  2
DASHDOT
 70
0
  3
Dash dot __ . __ . __ . __ . __ . __ . __ . __
 72
65
 73
4
 40
3.556
 49
2.54
 74
0
 49
-0.508
 74
0
 49
0.0
 74
0
 49
-0.508
 74
0
  0
LTYPE
  5
39
330
2
100
AcDbSymbolTableRecord
100
AcDbLinetypeTableRecord
  2
DASHDOTX2
 70
0
  3
Dash dot (2x) ____  .  ____  .  ____  .  ____
 72
65
 73
4
 40
6.096
 49
5.08
 74
0
 49
-0.508
 74
0
 49
0.0
 74
0
 49
-0.508
 74
0
  0
LTYPE
  5
3A
330
2
100
AcDbSymbolTableRecord
100
AcDbLinetypeTableRecord
  2
DASHDOT2
 70
0
  3
Dash dot (.5x) _ . _ . _ . _ . _ . _ . _ . _
 72
65
 73
4
 40
1.778
 49
1.27
 74
0
 49
-0.254
 74
0
 49
0.0
 74
0
 49
-0.254
 74
0
  0
LTYPE
  5
3B
330
2
100
AcDbSymbolTableRecord
100
AcDbLinetypeTableRecord
  2
DOT
 70
0
  3
Dot .  .  .  .  .  .  .  .  .  .  .  .  .  .  .  .
 72
65
 73
2
 40
0.508
 49
0.0
 74
0
 49
-0.508
 74
0
  0
LTYPE
  5
3C
330
2
100
AcDbSymbolTableRecord
100
AcDbLinetypeTableRecord
  2
DOTX2
 70
0
  3
Dot (2x) .    .    .    .    .    .    .    . 
 72
65
 73
2
 40
1.016
 49
0.0
 74
0
 49
-1.016
 74
0
  0
LTYPE
  5
3D
330
2
100
AcDbSymbolTableRecord
100
AcDbLinetypeTableRecord
  2
DOT2
 70
0
  3
Dot (.5) . . . . . . . . . . . . . . . . . . . 
 72
65
 73
2
 40
0.254
 49
0.0
 74
0
 49
-0.254
 74
0
  0
LTYPE
  5
3E
330
2
100
AcDbSymbolTableRecord
100
AcDbLinetypeTableRecord
  2
DIVIDE
 70
0
  3
Divide __ . . __ . . __ . . __ . . __ . . __
 72
65
 73
6
 40
4.064
 49
2.54
 74
0
 49
-0.508
 74
0
 49
0.0
 74
0
 49
-0.508
 74
0
 49
0.0
 74
0
 49
-0.508
 74
0
  0
LTYPE
  5
3F
330
2
100
AcDbSymbolTableRecord
100
AcDbLinetypeTableRecord
  2
DIVIDEX2
 70
0
  3
Divide (2x) ____  . .  ____  . .  ____  . .  ____
 72
65
 73
6
 40
6.604
 49
5.08
 74
0
 49
-0.508
 74
0
 49
0.0
 74
0
 49
-0.508
 74
0
 49
0.0
 74
0
 49
-0.508
 74
0
  0
LTYPE
  5
40
330
2
100
AcDbSymbolTableRecord
100
AcDbLinetypeTableRecord
  2
DIVIDE2
 70
0
  3
Divide(.5x) _ . _ . _ . _ . _ . _ . _ . _
 72
65
 73
6
 40
2.032
 49
1.27
 74
0
 49
-0.254
 74
0
 49
0.0
 74
0
 49
-0.254
 74
0
 49
0.0
 74
0
 49
-0.254
 74
0
  0
ENDTAB
  0
TABLE
  2
LAYER
  5
1
330
0
100
AcDbSymbolTable
 70
4
  0
LAYER
  5
27
330
1
100
AcDbSymbolTableRecord
100
AcDbLayerTableRecord
  2
0
 70
0
 62
7
  6
Continuous
370
-3
390
13
347
21
  0
LAYER
  5
28
330
1
100
AcDbSymbolTableRecord
100
AcDbLayerTableRecord
  2
Defpoints
 70
0
 62
7
  6
Continuous
290
0
370
-3
390
13
347
21
  0
LAYER
  5
8A
330
1
100
AcDbSymbolTableRecord
100
AcDbLayerTableRecord
  2
KESIM
 70
0
 62
1
  6
Continuous
370
-3
390
13
347
21
  0
LAYER
  5
8B
330
1
100
AcDbSymbolTableRecord
100
AcDbLayerTableRecord
  2
ALTIN
 70
0
 62
2
  6
Continuous
370
-3
390
13
347
21
  0
ENDTAB
  0
TABLE
  2
STYLE
  5
5
330
0
100
AcDbSymbolTable
 70
26
  0
STYLE
  5
29
330
5
100
AcDbSymbolTableRecord
100
AcDbTextStyleTableRecord
  2
Standard
 70
0
 40
0.0
 41
1.0
 50
0.0
 71
0
 42
2.5
  3
txt
  4

  0
STYLE
  5
41
330
5
100
AcDbSymbolTableRecord
100
AcDbTextStyleTableRecord
  2
OpenSans-Light
 70
0
 40
0.0
 41
1.0
 50
0.0
 71
0
 42
2.5
  3
OpenSans-Light.ttf
  4

  0
STYLE
  5
42
330
5
100
AcDbSymbolTableRecord
100
AcDbTextStyleTableRecord
  2
OpenSans-Light-Italic
 70
0
 40
0.0
 41
1.0
 50
0.0
 71
0
 42
2.5
  3
OpenSans-LightItalic.ttf
  4

  0
STYLE
  5
43
330
5
100
AcDbSymbolTableRecord
100
AcDbTextStyleTableRecord
  2
OpenSans
 70
0
 40
0.0
 41
1.0
 50
0.0
 71
0
 42
2.5
  3
OpenSans-Regular.ttf
  4

  0
STYLE
  5
44
330
5
100
AcDbSymbolTableRecord
100
AcDbTextStyleTableRecord
  2
OpenSans-Italic
 70
0
 40
0.0
 41
1.0
 50
0.0
 71
0
 42
2.5
  3
OpenSans-Italic.ttf
  4

  0
STYLE
  5
45
330
5
100
AcDbSymbolTableRecord
100
AcDbTextStyleTableRecord
  2
OpenSans-SemiBold
 70
0
 40
0.0
 41
1.0
 50
0.0
 71
0
 42
2.5
  3
OpenSans-SemiBold.ttf
  4

  0
STYLE
  5
46
330
5
100
AcDbSymbolTableRecord
100
AcDbTextStyleTableRecord
  2
OpenSans-SemiBoldItalic
 70
0
 40
0.0
 41
1.0
 50
0.0
 71
0
 42
2.5
  3
OpenSans-SemiBoldItalic.ttf
  4

  0
STYLE
  5
47
330
5
100
AcDbSymbolTableRecord
100
AcDbTextStyleTableRecord
  2
OpenSans-Bold
 70
0
 40
0.0
 41
1.0
 50
0.0
 71
0
 42
2.5
  3
OpenSans-Bold.ttf
  4

  0
STYLE
  5
48
330
5
100
AcDbSymbolTableRecord
100
AcDbTextStyleTableRecord
  2
OpenSans-BoldItalic
 70
0
 40
0.0
 41
1.0
 50
0.0
 71
0
 42
2.5
  3
OpenSans-BoldItalic.ttf
  4

  0
STYLE
  5
49
330
5
100
AcDbSymbolTableRecord
100
AcDbTextStyleTableRecord
  2
OpenSans-ExtraBold
 70
0
 40
0.0
 41
1.0
 50
0.0
 71
0
 42
2.5
  3
OpenSans-ExtraBold.ttf
  4

  0
STYLE
  5
4A
330
5
100
AcDbSymbolTableRecord
100
AcDbTextStyleTableRecord
  2
OpenSans-ExtraBoldItalic
 70
0
 40
0.0
 41
1.0
 50
0.0
 71
0
 42
2.5
  3
OpenSans-ExtraBoldItalic.ttf
  4

  0
STYLE
  5
4B
330
5
100
AcDbSymbolTableRecord
100
AcDbTextStyleTableRecord
  2
OpenSansCondensed-Bold
 70
0
 40
0.0
 41
1.0
 50
0.0
 71
0
 42
2.5
  3
OpenSansCondensed-Bold.ttf
  4

  0
STYLE
  5
4C
330
5
100
AcDbSymbolTableRecord
100
AcDbTextStyleTableRecord
  2
OpenSansCondensed-Light
 70
0
 40
0.0
 41
1.0
 50
0.0
 71
0
 42
2.5
  3
OpenSansCondensed-Light.ttf
  4

  0
STYLE
  5
4D
330
5
100
AcDbSymbolTableRecord
100
AcDbTextStyleTableRecord
  2
OpenSansCondensed-Italic
 70
0
 40
0.0
 41
1.0
 50
0.0
 71
0
 42
2.5
  3
OpenSansCondensed-LightItalic.ttf
  4

  0
STYLE
  5
4E
330
5
100
AcDbSymbolTableRecord
100
AcDbTextStyleTableRecord
  2
LiberationSans
 70
0
 40
0.0
 41
1.0
 50
0.0
 71
0
 42
2.5
  3
LiberationSans-Regular.ttf
  4

  0
STYLE
  5
4F
330
5
100
AcDbSymbolTableRecord
100
AcDbTextStyleTableRecord
  2
LiberationSans-Bold
 70
0
 40
0.0
 41
1.0
 50
0.0
 71
0
 42
2.5
  3
LiberationSans-Bold.ttf
  4

  0
STYLE
  5
50
330
5
100
AcDbSymbolTableRecord
100
AcDbTextStyleTableRecord
  2
LiberationSans-BoldItalic
 70
0
 40
0.0
 41
1.0
 50
0.0
 71
0
 42
2.5
  3
LiberationSans-BoldItalic.ttf
  4

  0
STYLE
  5
51
330
5
100
AcDbSymbolTableRecord
100
AcDbTextStyleTableRecord
  2
LiberationSans-Italic
 70
0
 40
0.0
 41
1.0
 50
0.0
 71
0
 42
2.5
  3
LiberationSans-Italic.ttf
  4

  0
STYLE
  5
52
330
5
100
AcDbSymbolTableRecord
100
AcDbTextStyleTableRecord
  2
LiberationSerif
 70
0
 40
0.0
 41
1.0
 50
0.0
 71
0
 42
2.5
  3
LiberationSerif-Regular.ttf
  4

  0
STYLE
  5
53
330
5
100
AcDbSymbolTableRecord
100
AcDbTextStyleTableRecord
  2
LiberationSerif-Bold
 70
0
 40
0.0
 41
1.0
 50
0.0
 71
0
 42
2.5
  3
LiberationSerif-Bold.ttf
  4

  0
STYLE
  5
54
330
5
100
AcDbSymbolTableRecord
100
AcDbTextStyleTableRecord
  2
LiberationSerif-BoldItalic
 70
0
 40
0.0
 41
1.0
 50
0.0
 71
0
 42
2.5
  3
LiberationSerif-BoldItalic.ttf
  4

  0
STYLE
  5
55
330
5
100
AcDbSymbolTableRecord
100
AcDbTextStyleTableRecord
  2
LiberationSerif-Italic
 70
0
 40
0.0
 41
1.0
 50
0.0
 71
0
 42
2.5
  3
LiberationSerif-Italic.ttf
  4

  0
STYLE
  5
56
330
5
100
AcDbSymbolTableRecord
100
AcDbTextStyleTableRecord
  2
LiberationMono
 70
0
 40
0.0
 41
1.0
 50
0.0
 71
0
 42
2.5
  3
LiberationMono-Regular.ttf
  4

  0
STYLE
  5
57
330
5
100
AcDbSymbolTableRecord
100
AcDbTextStyleTableRecord
  2
LiberationMono-Bold
 70
0
 40
0.0
 41
1.0
 50
0.0
 71
0
 42
2.5
  3
LiberationMono-Bold.ttf
  4

  0
STYLE
  5
58
330
5
100
AcDbSymbolTableRecord
100
AcDbTextStyleTableRecord
  2
LiberationMono-BoldItalic
 70
0
 40
0.0
 41
1.0
 50
0.0
 71
0
 42
2.5
  3
LiberationMono-BoldItalic.ttf
  4

  0
STYLE
  5
59
330
5
100
AcDbSymbolTableRecord
100
AcDbTextStyleTableRecord
  2
LiberationMono-Italic
 70
0
 40
0.0
 41
1.0
 50
0.0
 71
0
 42
2.5
  3
LiberationMono-Italic.ttf
  4

  0
ENDTAB
  0
TABLE
  2
VIEW
  5
7
330
0
100
AcDbSymbolTable
 70
0
  0
ENDTAB
  0
TABLE
  2
UCS
  5
6
330
0
100
AcDbSymbolTable
 70
0
  0
ENDTAB
  0
TABLE
  2
APPID
  5
3
330
0
100
AcDbSymbolTable
 70
3
  0
APPID
  5
2A
330
3
100
AcDbSymbolTableRecord
100
AcDbRegAppTableRecord
  2
ACAD
 70
0
  0
APPID
  5
114
330
3
100
AcDbSymbolTableRecord
100
AcDbRegAppTableRecord
  2
HATCHBACKGROUNDCOLOR
 70
0
  0
APPID
  5
115
330
3
100
AcDbSymbolTableRecord
100
AcDbRegAppTableRecord
  2
EZDXF
 70
0
  0
ENDTAB
  0
TABLE
  2
DIMSTYLE
  5
4
330
0
100
AcDbSymbolTable
 70
12
100
AcDbDimStyleTable
  0
DIMSTYLE
105
2B
330
4
100
AcDbSymbolTableRecord
100
AcDbDimStyleTableRecord
  2
Standard
 70
0
 40
1.0
 41
2.5
 42
0.625
 43
3.75
 44
1.25
 45
0.0
 46
0.0
 47
0.0
 48
0.0
 49
2.5
140
2.5
141
2.5
142
0.0
143
0.03937007874
144
1.0
145
0.0
146
1.0
147
0.625
148
0.0
 69
0
 70
0
 71
0
 72
0
 73
0
 74
0
 75
0
 76
0
 77
1
 78
8
 79
3
170
0
171
3
172
1
173
0
174
0
175
0
176
0
177
0
178
0
179
2
271
2
272
2
273
2
274
3
275
0
276
0
277
2
278
44
279
0
280
0
281
0
282
0
283
0
284
8
285
0
286
0
288
0
289
3
290
0
371
-2
372
-2
  0
DIMSTYLE
105
73
330
4
100
AcDbSymbolTableRecord
100
AcDbDimStyleTableRecord
  2
EZDXF
 70
0
 40
1.0
 41
0.175
 42
0.125
 43
3.75
 44
0.375
 45
0.0
 46
0.0
 47
0.0
 48
0.0
 49
2.5
140
0.25
141
2.5
142
0.0
143
0.03937007874
144
100.0
145
0.0
146
0.5
147
0.1
148
0.0
 69
0
 70
0
 71
0
 72
0
 73
0
 74
0
 75
0
 76
0
 77
1
 78
12
 79
3
170
0
171
3
172
1
173
0
174
0
175
0
176
0
177
0
178
0
179
2
271
2
272
2
273
2
274
3
275
0
276
0
277
2
278
46
279
2
280
0
281
0
282
0
283
0
284
8
285
0
286
0
288
1
289
3
290
0
340
4C
342
74
371
-2
372
-2
  0
DIMSTYLE
105
7C
330
4
100
AcDbSymbolTableRecord
100
AcDbDimStyleTableRecord
  2
EZ_M_100_H25_CM
 70
0
 40
1.0
 41
0.25
 42
0.125
 43
3.75
 44
0.375
 45
0.0
 46
0.0
 47
0.0
 48
0.0
 49
2.5
140
0.25
141
2.5
142
0.125
143
0.03937007874
144
100.0
145
0.0
146
0.5
147
0.1
148
0.0
 69
0
 70
0
 71
0
 72
0
 73
0
 74
0
 75
0
 76
0
 77
1
 78
12
 79
3
170
0
171
3
172
1
173
0
174
0
175
0
176
0
177
0
178
0
179
2
271
2
272
2
273
2
274
3
275
0
276
0
277
2
278
46
279
2
280
0
281
0
282
0
283
0
284
8
285
0
286
0
288
1
289
3
290
0
340
4C
371
-2
372
-2
  0
DIMSTYLE
105
7D
330
4
100
AcDbSymbolTableRecord
100
AcDbDimStyleTableRecord
  2
EZ_M_50_H25_CM
 70
0
 40
1.0
 41
0.125
 42
0.0625
 43
3.75
 44
0.1875
 45
0.0
 46
0.0
 47
0.0
 48
0.0
 49
2.5
140
0.125
141
2.5
142
0.0625
143
0.03937007874
144
100.0
145
0.0
146
0.5
147
0.05
148
0.0
 69
0
 70
0
 71
0
 72
0
 73
0
 74
0
 75
0
 76
0
 77
1
 78
12
 79
3
170
0
171
3
172
1
173
0
174
0
175
0
176
0
177
0
178
0
179
2
271
2
272
2
273
2
274
3
275
0
276
0
277
2
278
46
279
2
280
0
281
0
282
0
283
0
284
8
285
0
286
0
288
1
289
3
290
0
340
4C
371
-2
372
-2
  0
DIMSTYLE
105
7E
330
4
100
AcDbSymbolTableRecord
100
AcDbDimStyleTableRecord
  2
EZ_M_25_H25_CM
 70
0
 40
1.0
 41
0.0625
 42
0.03125
 43
3.75
 44
0.09375
 45
0.0
 46
0.0
 47
0.0
 48
0.0
 49
2.5
140
0.0625
141
2.5
142
0.03125
143
0.03937007874
144
100.0
145
0.0
146
0.5
147
0.025
148
0.0
 69
0
 70
0
 71
0
 72
0
 73
0
 74
0
 75
0
 76
0
 77
1
 78
12
 79
3
170
0
171
3
172
1
173
0
174
0
175
0
176
0
177
0
178
0
179
2
271
2
272
2
273
2
274
3
275
0
276
0
277
2
278
46
279
2
280
0
281
0
282
0
283
0
284
8
285
0
286
0
288
1
289
3
290
0
340
4C
371
-2
372
-2
  0
DIMSTYLE
105
7F
330
4
100
AcDbSymbolTableRecord
100
AcDbDimStyleTableRecord
  2
EZ_M_20_H25_CM
 70
0
 40
1.0
 41
0.05
 42
0.025
 43
3.75
 44
0.07500000000000001
 45
0.0
 46
0.0
 47
0.0
 48
0.0
 49
2.5
140
0.05
141
2.5
142
0.025
143
0.03937007874
144
100.0
145
0.0
146
0.5
147
0.020000000000000004
148
0.0
 69
0
 70
0
 71
0
 72
0
 73
0
 74
0
 75
0
 76
0
 77
1
 78
12
 79
3
170
0
171
3
172
1
173
0
174
0
175
0
176
0
177
0
178
0
179
2
271
2
272
2
273
2
274
3
275
0
276
0
277
2
278
46
279
2
280
0
281
0
282
0
283
0
284
8
285
0
286
0
288
1
289
3
290
0
340
4C
371
-2
372
-2
  0
DIMSTYLE
105
80
330
4
100
AcDbSymbolTableRecord
100
AcDbDimStyleTableRecord
  2
EZ_M_10_H25_CM
 70
0
 40
1.0
 41
0.025
 42
0.0125
 43
3.75
 44
0.037500000000000006
 45
0.0
 46
0.0
 47
0.0
 48
0.0
 49
2.5
140
0.025
141
2.5
142
0.0125
143
0.03937007874
144
100.0
145
0.0
146
0.5
147
0.010000000000000002
148
0.0
 69
0
 70
0
 71
0
 72
0
 73
0
 74
0
 75
0
 76
0
 77
1
 78
12
 79
3
170
0
171
3
172
1
173
0
174
0
175
0
176
0
177
0
178
0
179
2
271
2
272
2
273
2
274
3
275
0
276
0
277
2
278
46
279
2
280
0
281
0
282
0
283
0
284
8
285
0
286
0
288
1
289
3
290
0
340
4C
371
-2
372
-2
  0
DIMSTYLE
105
81
330
4
100
AcDbSymbolTableRecord
100
AcDbDimStyleTableRecord
  2
EZ_M_5_H25_CM
 70
0
 40
1.0
 41
0.0125
 42
0.00625
 43
3.75
 44
0.018750000000000003
 45
0.0
 46
0.0
 47
0.0
 48
0.0
 49
2.5
140
0.0125
141
2.5
142
0.00625
143
0.03937007874
144
100.0
145
0.0
146
0.5
147
0.005000000000000001
148
0.0
 69
0
 70
0
 71
0
 72
0
 73
0
 74
0
 75
0
 76
0
 77
1
 78
12
 79
3
170
0
171
3
172
1
173
0
174
0
175
0
176
0
177
0
178
0
179
2
271
2
272
2
273
2
274
3
275
0
276
0
277
2
278
46
279
2
280
0
281
0
282
0
283
0
284
8
285
0
286
0
288
1
289
3
290
0
340
4C
371
-2
372
-2
  0
DIMSTYLE
105
82
330
4
100
AcDbSymbolTableRecord
100
AcDbDimStyleTableRecord
  2
EZ_M_1_H25_CM
 70
0
 40
1.0
 41
0.0025
 42
0.00125
 43
3.75
 44
0.00375
 45
0.0
 46
0.0
 47
0.0
 48
0.0
 49
2.5
140
0.0025
141
2.5
142
0.00125
143
0.03937007874
144
100.0
145
0.0
146
0.5
147
0.001
148
0.0
 69
0
 70
0
 71
0
 72
0
 73
0
 74
0
 75
0
 76
0
 77
1
 78
12
 79
3
170
0
171
3
172
1
173
0
174
0
175
0
176
0
177
0
178
0
179
2
271
2
272
2
273
2
274
3
275
0
276
0
277
2
278
46
279
2
280
0
281
0
282
0
283
0
284
8
285
0
286
0
288
1
289
3
290
0
340
4C
371
-2
372
-2
  0
DIMSTYLE
105
83
330
4
100
AcDbSymbolTableRecord
100
AcDbDimStyleTableRecord
  2
EZ_RADIUS
 70
0
 40
1.0
 41
0.25
 42
0.125
 43
3.75
 44
0.375
 45
0.0
 46
0.0
 47
0.0
 48
0.0
 49
2.5
140
0.25
141
0.0
142
0.0
143
0.03937007874
144
100.0
145
0.0
146
0.5
147
0.1
148
0.0
 69
0
 70
0
 71
0
 72
0
 73
0
 74
0
 75
0
 76
0
 77
1
 78
12
 79
3
170
0
171
3
172
0
173
0
174
0
175
0
176
0
177
0
178
0
179
2
271
2
272
2
273
2
274
3
275
0
276
0
277
2
278
46
279
1
280
0
281
0
282
0
283
0
284
8
285
0
286
0
288
1
289
3
290
0
340
4C
342
84
371
-2
372
-2
  0
DIMSTYLE
105
88
330
4
100
AcDbSymbolTableRecord
100
AcDbDimStyleTableRecord
  2
EZ_RADIUS_INSIDE
 70
0
 40
1.0
 41
0.25
 42
0.125
 43
3.75
 44
0.375
 45
0.0
 46
0.0
 47
0.0
 48
0.0
 49
2.5
140
0.25
141
0.0
142
0.0
143
0.03937007874
144
100.0
145
0.0
146
0.5
147
0.1
148
0.0
 69
0
 70
0
 71
0
 72
0
 73
0
 74
0
 75
0
 76
0
 77
0
 78
12
 79
3
170
0
171
3
172
0
173
0
174
1
175
0
176
0
177
0
178
0
179
2
271
2
272
2
273
2
274
3
275
0
276
0
277
2
278
46
279
0
280
0
281
0
282
0
283
0
284
8
285
0
286
0
288
1
289
0
290
0
340
4C
342
84
371
-2
372
-2
  0
DIMSTYLE
105
89
330
4
100
AcDbSymbolTableRecord
100
AcDbDimStyleTableRecord
  2
EZ_CURVED
 70
0
 40
1.0
 41
0.25
 42
0.125
 43
3.75
 44
0.375
 45
0.0
 46
0.0
 47
0.0
 48
0.0
 49
2.5
140
0.25
141
2.5
142
0.0
143
0.03937007874
144
100.0
145
0.0
146
0.5
147
0.1
148
0.0
 69
0
 70
0
 71
0
 72
0
 73
0
 74
0
 75
0
 76
0
 77
1
 78
12
 79
2
 90
2
170
0
171
3
172
1
173
0
174
0
175
0
176
0
177
0
178
0
179
2
271
2
272
2
273
2
274
3
275
0
276
0
277
2
278
46
279
2
280
0
281
0
282
0
283
0
284
8
285
0
286
0
288
1
289
3
290
0
340
4C
371
-2
372
-2
  0
ENDTAB
  0
TABLE
  2
BLOCK_RECORD
  5
9
330
0
100
AcDbSymbolTable
 70
5
  0
BLOCK_RECORD
  5
17
330
9
100
AcDbSymbolTableRecord
100
AcDbBlockTableRecord
  2
*Model_Space
340
1A
 70
0
280
1
281
0
  0
BLOCK_RECORD
  5
1B
330
9
100
AcDbSymbolTableRecord
100
AcDbBlockTableRecord
  2
*Paper_Space
340
1E
 70
0
280
1
281
0
  0
BLOCK_RECORD
  5
74
330
9
100
AcDbSymbolTableRecord
100
AcDbBlockTableRecord
  2
_ARCHTICK
340
0
 70
0
280
1
281
0
  0
BLOCK_RECORD
  5
78
330
9
100
AcDbSymbolTableRecord
100
AcDbBlockTableRecord
  2
_CLOSEDFILLED
340
0
 70
0
280
1
281
0
  0
BLOCK_RECORD
  5
84
330
9
100
AcDbSymbolTableRecord
100
AcDbBlockTableRecord
  2
_CLOSEDBLANK
340
0
 70
0
280
1
281
0
  0
ENDTAB
  0
ENDSEC
  0
SECTION
  2
BLOCKS
  0
BLOCK
  5
18
330
17
100
AcDbEntity
  8
0
100
AcDbBlockBegin
  2
*Model_Space
 70
0
 10
0.0
 20
0.0
 30
0.0
  3
*Model_Space
  1

  0
ENDBLK
  5
19
330
17
100
AcDbEntity
  8
0
100
AcDbBlockEnd
  0
BLOCK
  5
1C
330
1B
100
AcDbEntity
  8
0
100
AcDbBlockBegin
  2
*Paper_Space
 70
0
 10
0.0
 20
0.0
 30
0.0
  3
*Paper_Space
  1

  0
ENDBLK
  5
1D
330
1B
100
AcDbEntity
  8
0
100
AcDbBlockEnd
  0
BLOCK
  5
75
330
74
100
AcDbEntity
  8
0
100
AcDbBlockBegin
  2
_ARCHTICK
 70
0
 10
0.0
 20
0.0
 30
0.0
  3
_ARCHTICK
  1

  0
LWPOLYLINE
  5
77
330
74
100
AcDbEntity
  8
0
  6
BYBLOCK
 62
0
100
AcDbPolyline
 90
2
 70
0
 43
0.15
 10
-0.5
 20
-0.5
 10
0.5
 20
0.5
  0
ENDBLK
  5
76
330
74
100
AcDbEntity
  8
0
100
AcDbBlockEnd
  0
BLOCK
  5
79
330
78
100
AcDbEntity
  8
0
100
AcDbBlockBegin
  2
_CLOSEDFILLED
 70
0
 10
0.0
 20
0.0
 30
0.0
  3
_CLOSEDFILLED
  1

  0
SOLID
  5
7B
330
78
100
AcDbEntity
  8
0
  6
BYBLOCK
 62
0
100
AcDbTrace
 10
-1.0
 20
0.16439898372402537
 30
0.0
 11
0.0
 21
0.0
 31
0.0
 12
-1.0
 22
-0.16439898372402537
 32
0.0
 13
-1.0
 23
-0.16439898372402537
 33
0.0
  0
ENDBLK
  5
7A
330
78
100
AcDbEntity
  8
0
100
AcDbBlockEnd
  0
BLOCK
  5
85
330
84
100
AcDbEntity
  8
0
100
AcDbBlockBegin
  2
_CLOSEDBLANK
 70
0
 10
0.0
 20
0.0
 30
0.0
  3
_CLOSEDBLANK
  1

  0
LWPOLYLINE
  5
87
330
84
100
AcDbEntity
  8
0
  6
BYBLOCK
 62
0
100
AcDbPolyline
 90
3
 70
1
 10
-1.0
 20
0.16439898372402537
 10
0.0
 20
0.0
 10
-1.0
 20
-0.16439898372402537
  0
ENDBLK
  5
86
330
84
100
AcDbEntity
  8
0
100
AcDbBlockEnd
  0
ENDSEC
  0
SECTION
  2
ENTITIES
  0
CIRCLE
  5
8C
330
17
100
AcDbEntity
  8
KESIM
100
AcDbCircle
 10
0.0
 20
0.0
 30
0.0
 40
14.25
  0
CIRCLE
  5
8D
330
17
100
AcDbEntity
  8
KESIM
100
AcDbCircle
 10
-9.541305298704166e-18
 20
2.8009414288037575e-17
 30
0.0
 40
1.0499950585000548
  0
LWPOLYLINE
  5
8E
330
17
100
AcDbEntity
  8
KESIM
100
AcDbPolyline
 90
68
 70
1
 10
12.0
 20
-0.65
 10
11.9983
 20
-0.6843
 10
11.9933
 20
-0.7183
 10
11.9849
 20
-0.7516
 10
11.9734
 20
-0.7839
 10
11.9587
 20
-0.815
 10
11.941
 20
-0.8444
 10
11.9206
 20
-0.872
 10
11.8975
 20
-0.8975
 10
11.872
 20
-0.9206
 10
11.8444
 20
-0.941
 10
11.815
 20
-0.9587
 10
11.7839
 20
-0.9734
 10
11.7516
 20
-0.9849
 10
11.7183
 20
-0.9933
 10
11.6843
 20
-0.9983
 10
11.65
 20
-1.0
 10
9.45
 20
-1.0
 10
9.4157
 20
-0.9983
 10
9.3817
 20
-0.9933
 10
9.3484
 20
-0.9849
 10
9.3161
 20
-0.9734
 10
9.285
 20
-0.9587
 10
9.2556
 20
-0.941
 10
9.228
 20
-0.9206
 10
9.2025
 20
-0.8975
 10
9.1794
 20
-0.872
 10
9.159
 20
-0.8444
 10
9.1413
 20
-0.815
 10
9.1266
 20
-0.7839
 10
9.1151
 20
-0.7516
 10
9.1067
 20
-0.7183
 10
9.1017
 20
-0.6843
 10
9.1
 20
-0.65
 10
9.1
 20
0.65
 10
9.1017
 20
0.6843
 10
9.1067
 20
0.7183
 10
9.1151
 20
0.7516
 10
9.1266
 20
0.7839
 10
9.1413
 20
0.815
 10
9.159
 20
0.8444
 10
9.1794
 20
0.872
 10
9.2025
 20
0.8975
 10
9.228
 20
0.9206
 10
9.2556
 20
0.941
 10
9.285
 20
0.9587
 10
9.3161
 20
0.9734
 10
9.3484
 20
0.9849
 10
9.3817
 20
0.9933
 10
9.4157
 20
0.9983
 10
9.45
 20
1.0
 10
11.65
 20
1.0
 10
11.6843
 20
0.9983
 10
11.7183
 20
0.9933
 10
11.7516
 20
0.9849
 10
11.7839
 20
0.9734
 10
11.815
 20
0.9587
 10
11.8444
 20
0.941
 10
11.872
 20
0.9206
 10
11.8975
 20
0.8975
 10
11.9206
 20
0.872
 10
11.941
 20
0.8444
 10
11.9587
 20
0.815
 10
11.9734
 20
0.7839
 10
11.9849
 20
0.7516
 10
11.9933
 20
0.7183
 10
11.9983
 20
0.6843
 10
12.0
 20
0.65
  0
LWPOLYLINE
  5
8F
330
17
100
AcDbEntity
  8
ALTIN
100
AcDbPolyline
 90
4
 70
1
 10
-8.8335
 20
-5.1
 10
-9.2343
 20
-5.7817
 10
-10.6954
 20
-6.175
 10
-9.6243
 20
-5.1063
  0
LWPOLYLINE
  5
90
330
17
100
AcDbEntity
  8
ALTIN
100
AcDbPolyline
 90
9
 70
1
 10
-9.925
 20
-1.6149
 10
-9.9571
 20
-1.6149
 10
-9.9571
 20
-1.5943
 10
-9.9571
 20
-1.5732
 10
-9.972
 20
-1.4958
 10
-10.0164
 20
-1.4306
 10
-10.0821
 20
-1.385
 10
-10.1595
 20
-1.3678
 10
-9.925
 20
-1.3678
  0
LWPOLYLINE
  5
91
330
17
100
AcDbEntity
  8
ALTIN
100
AcDbPolyline
 90
9
 70
1
 10
-12.175
 20
-1.3678
 10
-11.9405
 20
-1.3678
 10
-12.0178
 20
-1.385
 10
-12.0831
 20
-1.4306
 10
-12.1279
 20
-1.4958
 10
-12.1429
 20
-1.5732
 10
-12.1429
 20
-1.5943
 10
-12.1429
 20
-1.6149
 10
-12.175
 20
-1.6149
  0
LWPOLYLINE
  5
92
330
17
100
AcDbEntity
  8
ALTIN
100
AcDbPolyline
 90
12
 70
1
 10
-12.175
 20
-1.0785
 10
-11.9405
 20
-1.0785
 10
-11.9405
 20
-1.0684
 10
-10.1595
 20
-1.0684
 10
-10.1595
 20
-1.0785
 10
-9.925
 20
-1.0785
 10
-9.925
 20
-1.3577
 10
-10.1595
 20
-1.3577
 10
-10.1595
 20
-1.3678
 10
-11.9405
 20
-1.3678
 10
-11.9405
 20
-1.3577
 10
-12.175
 20
-1.3577
  0
LWPOLYLINE
  5
93
330
17
100
AcDbEntity
  8
ALTIN
100
AcDbPolyline
 90
9
 70
1
 10
-12.0178
 20
-1.0514
 10
-11.9405
 20
-1.0684
 10
-12.175
 20
-1.0684
 10
-12.175
 20
-0.8214
 10
-12.1429
 20
-0.8214
 10
-12.1429
 20
-0.844
 10
-12.1429
 20
-0.863
 10
-12.1279
 20
-0.9405
 10
-12.0831
 20
-1.0062
  0
LWPOLYLINE
  5
94
330
17
100
AcDbEntity
  8
ALTIN
100
AcDbPolyline
 90
9
 70
1
 10
-9.925
 20
-1.0684
 10
-10.1595
 20
-1.0684
 10
-10.0821
 20
-1.0514
 10
-10.0164
 20
-1.0062
 10
-9.972
 20
-0.9405
 10
-9.9571
 20
-0.863
 10
-9.9571
 20
-0.844
 10
-9.9571
 20
-0.8214
 10
-9.925
 20
-0.8214
  0
LWPOLYLINE
  5
95
330
17
100
AcDbEntity
  8
ALTIN
100
AcDbPolyline
 90
9
 70
1
 10
-11.953
 20
-0.2685
 10
-11.953
 20
-0.2685
 10
-12.0232
 20
-0.3283
 10
-12.0851
 20
-0.4051
 10
-12.1284
 20
-0.4947
 10
-12.1429
 20
-0.5929
 10
-12.1429
 20
-0.6381
 10
-12.175
 20
-0.6381
 10
-12.175
 20
-0.4101
  0
LWPOLYLINE
  5
96
330
17
100
AcDbEntity
  8
ALTIN
100
AcDbPolyline
 90
19
 70
1
 10
-10.0646
 20
-0.1048
 10
-10.0223
 20
-0.0858
 10
-9.9878
 20
-0.055
 10
-9.9648
 20
-0.0167
 10
-9.9571
 20
0.0238
 10
-9.9571
 20
0.0449
 10
-9.9571
 20
0.066
 10
-9.925
 20
0.066
 10
-9.925
 20
-0.6864
 10
-9.9571
 20
-0.6864
 10
-9.9571
 20
-0.6411
 10
-9.9716
 20
-0.5426
 10
-10.0149
 20
-0.4518
 10
-10.0768
 20
-0.3738
 10
-10.139
 20
-0.3206
 10
-9.928
 20
-0.4644
 10
-9.928
 20
-0.2364
 10
-10.1528
 20
-0.0902
 10
-10.111
 20
-0.107
  0
LWPOLYLINE
  5
97
330
17
100
AcDbEntity
  8
ALTIN
100
AcDbPolyline
 90
6
 70
1
 10
-10.1565
 20
-0.0887
 10
-10.147
 20
-0.3137
 10
-10.139
 20
-0.3206
 10
-11.0555
 20
0.3042
 10
-10.9061
 20
0.3996
 10
-10.1528
 20
-0.0902
  0
LWPOLYLINE
  5
98
330
17
100
AcDbEntity
  8
ALTIN
100
AcDbPolyline
 90
12
 70
1
 10
-12.1122
 20
0.1253
 10
-12.0776
 20
0.095
 10
-12.0349
 20
0.0785
 10
-11.9889
 20
0.0778
 10
-11.9435
 20
0.0946
 10
-11.9435
 20
0.0918
 10
-12.175
 20
-0.0566
 10
-12.175
 20
0.2458
 10
-12.1429
 20
0.2458
 10
-12.1429
 20
0.2262
 10
-12.1429
 20
0.2071
 10
-12.1352
 20
0.1643
  0
LWPOLYLINE
  5
99
330
17
100
AcDbEntity
  8
ALTIN
100
AcDbPolyline
 90
13
 70
1
 10
-11.2759
 20
0.5198
 10
-11.153
 20
0.4417
 10
-11.05
 20
0.5577
 10
-11.1311
 20
0.6126
 10
-10.1413
 20
1.2471
 10
-10.1435
 20
1.2452
 10
-10.1564
 20
0.878
 10
-10.9061
 20
0.3996
 10
-10.9762
 20
0.4452
 10
-11.1113
 20
0.3422
 10
-11.0555
 20
0.3042
 10
-11.953
 20
-0.2685
 10
-11.9435
 20
0.0918
  0
LWPOLYLINE
  5
9A
330
17
100
AcDbEntity
  8
ALTIN
100
AcDbPolyline
 90
5
 70
1
 10
-11.953
 20
1.1684
 10
-11.957
 20
1.1719
 10
-11.1311
 20
0.6126
 10
-11.2759
 20
0.5198
 10
-11.9435
 20
0.944
  0
LWPOLYLINE
  5
9B
330
17
100
AcDbEntity
  8
ALTIN
100
AcDbPolyline
 90
12
 70
1
 10
-12.0776
 20
0.9438
 10
-12.1122
 20
0.9143
 10
-12.1352
 20
0.8766
 10
-12.1429
 20
0.8339
 10
-12.1429
 20
0.8143
 10
-12.1429
 20
0.7952
 10
-12.175
 20
0.7922
 10
-12.175
 20
1.091
 10
-11.9435
 20
0.944
 10
-11.9435
 20
0.9434
 10
-11.9889
 20
0.9621
 10
-12.0349
 20
0.961
  0
LWPOLYLINE
  5
9C
330
17
100
AcDbEntity
  8
ALTIN
100
AcDbPolyline
 90
18
 70
1
 10
-9.928
 20
1.0237
 10
-9.928
 20
1.3839
 10
-10.1413
 20
1.2471
 10
-10.074
 20
1.3056
 10
-10.0134
 20
1.3833
 10
-9.9712
 20
1.4735
 10
-9.9571
 20
1.5702
 10
-9.9571
 20
1.6149
 10
-9.925
 20
1.6149
 10
-9.925
 20
0.7249
 10
-9.9571
 20
0.7249
 10
-9.9571
 20
0.7455
 10
-9.9571
 20
0.7666
 10
-9.9732
 20
0.8256
 10
-10.0214
 20
0.8741
 10
-10.0873
 20
0.8963
 10
-10.1565
 20
0.8756
 10
-10.1564
 20
0.878
  0
LWPOLYLINE
  5
9D
330
17
100
AcDbEntity
  8
ALTIN
100
AcDbPolyline
 90
8
 70
1
 10
-11.957
 20
1.1719
 10
-12.175
 20
1.3196
 10
-12.175
 20
1.538
 10
-12.1429
 20
1.538
 10
-12.1429
 20
1.4928
 10
-12.1284
 20
1.3969
 10
-12.0851
 20
1.308
 10
-12.0232
 20
1.2307
  0
LWPOLYLINE
  5
9E
330
17
100
AcDbEntity
  8
ALTIN
100
AcDbPolyline
 90
4
 70
1
 10
-8.8335
 20
5.1
 10
-9.6243
 20
5.1063
 10
-10.6954
 20
6.175
 10
-9.2343
 20
5.7817
  0
LWPOLYLINE
  5
9F
330
17
100
AcDbEntity
  8
ALTIN
100
AcDbPolyline
 90
6
 70
1
 10
-1.391
 20
-10.1325
 10
-1.3901
 20
-10.1339
 10
-1.025
 20
-10.1309
 10
-0.3959
 20
-11.6963
 10
-0.4901
 20
-11.9214
 10
-0.4675
 20
-12.2006
  0
LWPOLYLINE
  5
A0
330
17
100
AcDbEntity
  8
ALTIN
100
AcDbPolyline
 90
18
 70
1
 10
-1.0235
 20
-10.1309
 10
-1.025
 20
-10.1309
 10
-1.1104
 20
-9.9185
 10
-1.4866
 20
-9.9185
 10
-1.391
 20
-10.1325
 10
-1.4464
 20
-10.0405
 10
-1.5187
 20
-9.9782
 10
-1.5974
 20
-9.9432
 10
-1.6729
 20
-9.9315
 10
-1.6854
 20
-9.9315
 10
-1.6985
 20
-9.9315
 10
-1.6985
 20
-9.8994
 10
-0.8758
 20
-9.8994
 10
-0.8758
 20
-9.9315
 10
-0.905
 20
-9.9315
 10
-0.9622
 20
-9.9445
 10
-1.0124
 20
-9.9833
 10
-1.0386
 20
-10.0458
  0
LWPOLYLINE
  5
A1
330
17
100
AcDbEntity
  8
ALTIN
100
AcDbPolyline
 90
4
 70
1
 10
-5.1
 20
-8.8335
 10
-5.1063
 20
-9.6243
 10
-6.175
 20
-10.6954
 10
-5.7817
 20
-9.2343
  0
LWPOLYLINE
  5
A2
330
17
100
AcDbEntity
  8
ALTIN
100
AcDbPolyline
 90
4
 70
1
 10
-5.1063
 20
9.6243
 10
-5.1
 20
8.8335
 10
-5.7817
 20
9.2343
 10
-6.175
 20
10.6954
  0
LWPOLYLINE
  5
A3
330
17
100
AcDbEntity
  8
ALTIN
100
AcDbPolyline
 90
19
 70
1
 10
-1.4786
 20
10.0223
 10
-1.4478
 20
9.9878
 10
-1.4095
 20
9.9648
 10
-1.369
 20
9.9571
 10
-1.3479
 20
9.9571
 10
-1.3268
 20
9.9571
 10
-1.3268
 20
9.925
 10
-2.0791
 20
9.925
 10
-2.0791
 20
9.9571
 10
-2.0339
 20
9.9571
 10
-1.9354
 20
9.9716
 10
-1.8446
 20
10.0149
 10
-1.7666
 20
10.0768
 10
-1.7133
 20
10.139
 10
-1.8572
 20
9.928
 10
-1.6291
 20
9.928
 10
-1.483
 20
10.1528
 10
-1.4998
 20
10.111
 10
-1.4976
 20
10.0646
  0
LWPOLYLINE
  5
A4
330
17
100
AcDbEntity
  8
ALTIN
100
AcDbPolyline
 90
18
 70
1
 10
-0.0089
 20
9.928
 10
-0.1457
 20
10.1413
 10
-0.0872
 20
10.074
 10
-0.0094
 20
10.0134
 10
0.0807
 20
9.9712
 10
0.1774
 20
9.9571
 10
0.2221
 20
9.9571
 10
0.2221
 20
9.925
 10
-0.6679
 20
9.925
 10
-0.6679
 20
9.9571
 10
-0.6473
 20
9.9571
 10
-0.6262
 20
9.9571
 10
-0.5672
 20
9.9732
 10
-0.5187
 20
10.0214
 10
-0.4965
 20
10.0873
 10
-0.5172
 20
10.1565
 10
-0.5148
 20
10.1564
 10
-0.369
 20
9.928
  0
LWPOLYLINE
  5
A5
330
17
100
AcDbEntity
  8
ALTIN
100
AcDbPolyline
 90
6
 70
1
 10
-1.4815
 20
10.1565
 10
-1.7065
 20
10.147
 10
-1.7133
 20
10.139
 10
-1.0886
 20
11.0555
 10
-0.9932
 20
10.9061
 10
-1.483
 20
10.1528
  0
LWPOLYLINE
  5
A6
330
17
100
AcDbEntity
  8
ALTIN
100
AcDbPolyline
 90
13
 70
1
 10
-0.873
 20
11.2759
 10
-0.9511
 20
11.153
 10
-0.8351
 20
11.05
 10
-0.7802
 20
11.1311
 10
-0.1457
 20
10.1413
 10
-0.1476
 20
10.1435
 10
-0.5148
 20
10.1564
 10
-0.9932
 20
10.9061
 10
-0.9476
 20
10.9762
 10
-1.0506
 20
11.1113
 10
-1.0886
 20
11.0555
 10
-1.6613
 20
11.953
 10
-1.301
 20
11.9435
  0
LWPOLYLINE
  5
A7
330
17
100
AcDbEntity
  8
ALTIN
100
AcDbPolyline
 90
5
 70
1
 10
-0.4488
 20
11.9435
 10
-0.2244
 20
11.953
 10
-0.2209
 20
11.957
 10
-0.7802
 20
11.1311
 10
-0.873
 20
11.2759
  0
LWPOLYLINE
  5
A8
330
17
100
AcDbEntity
  8
ALTIN
100
AcDbPolyline
 90
12
 70
1
 10
-0.4785
 20
12.1122
 10
-0.5162
 20
12.1352
 10
-0.5589
 20
12.1429
 10
-0.5785
 20
12.1429
 10
-0.5976
 20
12.1429
 10
-0.6006
 20
12.175
 10
-0.3017
 20
12.175
 10
-0.4488
 20
11.9435
 10
-0.4494
 20
11.9435
 10
-0.4307
 20
11.9889
 10
-0.4318
 20
12.0349
 10
-0.449
 20
12.0776
  0
LWPOLYLINE
  5
A9
330
17
100
AcDbEntity
  8
ALTIN
100
AcDbPolyline
 90
12
 70
1
 10
-1.2675
 20
12.1122
 10
-1.2978
 20
12.0776
 10
-1.3142
 20
12.0349
 10
-1.315
 20
11.9889
 10
-1.2982
 20
11.9435
 10
-1.301
 20
11.9435
 10
-1.4493
 20
12.175
 10
-1.147
 20
12.175
 10
-1.147
 20
12.1429
 10
-1.1666
 20
12.1429
 10
-1.1857
 20
12.1429
 10
-1.2285
 20
12.1352
  0
LWPOLYLINE
  5
AA
330
17
100
AcDbEntity
  8
ALTIN
100
AcDbPolyline
 90
9
 70
1
 10
-1.6613
 20
11.953
 10
-1.721
 20
12.0232
 10
-1.7979
 20
12.0851
 10
-1.8875
 20
12.1284
 10
-1.9857
 20
12.1429
 10
-2.0309
 20
12.1429
 10
-2.0309
 20
12.175
 10
-1.8029
 20
12.175
 10
-1.6613
 20
11.953
  0
LWPOLYLINE
  5
AB
330
17
100
AcDbEntity
  8
ALTIN
100
AcDbPolyline
 90
8
 70
1
 10
-0.0732
 20
12.175
 10
0.1452
 20
12.175
 10
0.1452
 20
12.1429
 10
0.1
 20
12.1429
 10
0.0041
 20
12.1284
 10
-0.0848
 20
12.0851
 10
-0.1621
 20
12.0232
 10
-0.2209
 20
11.957
  0
LWPOLYLINE
  5
AC
330
17
100
AcDbEntity
  8
ALTIN
100
AcDbPolyline
 90
9
 70
1
 10
1.6985
 20
-12.1494
 10
1.4514
 20
-12.1494
 10
1.4514
 20
-11.9148
 10
1.4685
 20
-11.9923
 10
1.5137
 20
-12.058
 10
1.5793
 20
-12.1024
 10
1.6568
 20
-12.1172
 10
1.6759
 20
-12.1172
 10
1.6985
 20
-12.1172
  0
LWPOLYLINE
  5
AD
330
17
100
AcDbEntity
  8
ALTIN
100
AcDbPolyline
 90
9
 70
1
 10
1.1521
 20
-11.9148
 10
1.1521
 20
-12.1494
 10
0.905
 20
-12.1494
 10
0.905
 20
-12.1172
 10
0.9256
 20
-12.1172
 10
0.9467
 20
-12.1172
 10
1.024
 20
-12.1024
 10
1.0893
 20
-12.058
 10
1.1349
 20
-11.9923
  0
LWPOLYLINE
  5
AE
330
17
100
AcDbEntity
  8
ALTIN
100
AcDbPolyline
 90
15
 70
1
 10
0.2642
 20
-10.1189
 10
0.2622
 20
-10.1309
 10
0.4569
 20
-10.1339
 10
-0.3068
 20
-11.841
 10
-0.3121
 20
-11.8565
 10
-0.3279
 20
-11.8907
 10
-0.3499
 20
-11.9384
 10
-0.3746
 20
-11.9952
 10
-0.3982
 20
-12.0553
 10
-0.4178
 20
-12.1142
 10
-0.4319
 20
-12.1647
 10
-0.4389
 20
-12.2006
 10
-0.4675
 20
-12.2006
 10
-0.3585
 20
-11.7893
 10
-0.3959
 20
-11.6963
  0
LWPOLYLINE
  5
AF
330
17
100
AcDbEntity
  8
ALTIN
100
AcDbPolyline
 90
12
 70
1
 10
1.1621
 20
-9.8994
 10
1.4414
 20
-9.8994
 10
1.4414
 20
-10.1339
 10
1.4514
 20
-10.1339
 10
1.4514
 20
-11.9148
 10
1.4414
 20
-11.9148
 10
1.4414
 20
-12.1494
 10
1.1621
 20
-12.1494
 10
1.1621
 20
-11.9148
 10
1.1521
 20
-11.9148
 10
1.1521
 20
-10.1339
 10
1.1621
 20
-10.1339
  0
LWPOLYLINE
  5
B0
330
17
100
AcDbEntity
  8
ALTIN
100
AcDbPolyline
 90
18
 70
1
 10
0.4581
 20
-10.1339
 10
0.4569
 20
-10.1339
 10
0.5575
 20
-9.9089
 10
0.3521
 20
-9.9089
 10
0.2642
 20
-10.1189
 10
0.2765
 20
-10.0458
 10
0.2492
 20
-9.9833
 10
0.1977
 20
-9.9445
 10
0.1397
 20
-9.9315
 10
0.111
 20
-9.9315
 10
0.111
 20
-9.8994
 10
0.77
 20
-9.8994
 10
0.77
 20
-9.9315
 10
0.7554
 20
-9.9315
 10
0.7408
 20
-9.9315
 10
0.6676
 20
-9.9432
 10
0.5897
 20
-9.9782
 10
0.5166
 20
-10.0405
  0
LWPOLYLINE
  5
B1
330
17
100
AcDbEntity
  8
ALTIN
100
AcDbPolyline
 90
9
 70
1
 10
1.4685
 20
-10.0566
 10
1.4514
 20
-10.1339
 10
1.4514
 20
-9.8994
 10
1.6985
 20
-9.8994
 10
1.6985
 20
-9.9315
 10
1.6759
 20
-9.9315
 10
1.6568
 20
-9.9315
 10
1.5793
 20
-9.9465
 10
1.5137
 20
-9.9913
  0
LWPOLYLINE
  5
B2
330
17
100
AcDbEntity
  8
ALTIN
100
AcDbPolyline
 90
9
 70
1
 10
1.1521
 20
-9.8994
 10
1.1521
 20
-10.1339
 10
1.1349
 20
-10.0566
 10
1.0893
 20
-9.9913
 10
1.024
 20
-9.9465
 10
0.9467
 20
-9.9315
 10
0.9256
 20
-9.9315
 10
0.905
 20
-9.9315
 10
0.905
 20
-9.8994
  0
LWPOLYLINE
  5
B3
330
17
100
AcDbEntity
  8
ALTIN
100
AcDbPolyline
 90
5470
 70
1
 10
9.1164
 20
-1.5665
 10
9.113
 20
-1.5864
 10
9.1095
 20
-1.6062
 10
9.1059
 20
-1.6261
 10
9.1024
 20
-1.646
 10
9.0988
 20
-1.6658
 10
9.0951
 20
-1.6857
 10
9.0914
 20
-1.7055
 10
9.0877
 20
-1.7253
 10
9.0839
 20
-1.7452
 10
9.0801
 20
-1.765
 10
9.0762
 20
-1.7848
 10
9.0723
 20
-1.8046
 10
9.0683
 20
-1.8244
 10
9.0643
 20
-1.8442
 10
9.0603
 20
-1.8639
 10
9.0562
 20
-1.8837
 10
9.052
 20
-1.9034
 10
9.0479
 20
-1.9232
 10
9.0436
 20
-1.9429
 10
9.0394
 20
-1.9626
 10
9.0351
 20
-1.9824
 10
9.0307
 20
-2.0021
 10
9.0263
 20
-2.0218
 10
9.0219
 20
-2.0415
 10
9.0174
 20
-2.0611
 10
9.0129
 20
-2.0808
 10
9.0084
 20
-2.1005
 10
9.0038
 20
-2.1201
 10
8.9991
 20
-2.1397
 10
8.9944
 20
-2.1594
 10
8.9897
 20
-2.179
 10
8.9849
 20
-2.1986
 10
8.9801
 20
-2.2182
 10
8.9752
 20
-2.2378
 10
8.9703
 20
-2.2574
 10
8.9654
 20
-2.2769
 10
8.9604
 20
-2.2965
 10
8.9554
 20
-2.316
 10
8.9503
 20
-2.3355
 10
8.9452
 20
-2.3551
 10
8.94
 20
-2.3746
 10
8.9348
 20
-2.3941
 10
8.9296
 20
-2.4136
 10
8.9243
 20
-2.433
 10
8.919
 20
-2.4525
 10
8.9136
 20
-2.472
 10
8.9082
 20
-2.4914
 10
8.9027
 20
-2.5108
 10
8.8972
 20
-2.5302
 10
8.8917
 20
-2.5496
 10
8.8861
 20
-2.569
 10
8.8805
 20
-2.5884
 10
8.8748
 20
-2.6078
 10
8.8691
 20
-2.6271
 10
8.8633
 20
-2.6465
 10
8.8575
 20
-2.6658
 10
8.8517
 20
-2.6851
 10
8.8458
 20
-2.7044
 10
8.8399
 20
-2.7237
 10
8.8339
 20
-2.743
 10
8.8279
 20
-2.7623
 10
8.8219
 20
-2.7815
 10
8.8158
 20
-2.8008
 10
8.8097
 20
-2.82
 10
8.8035
 20
-2.8392
 10
8.7973
 20
-2.8584
 10
8.791
 20
-2.8776
 10
8.7847
 20
-2.8968
 10
8.7784
 20
-2.9159
 10
8.772
 20
-2.9351
 10
8.7656
 20
-2.9542
 10
8.7591
 20
-2.9733
 10
8.7526
 20
-2.9924
 10
8.746
 20
-3.0115
 10
8.7395
 20
-3.0306
 10
8.7328
 20
-3.0496
 10
8.7261
 20
-3.0687
 10
8.7194
 20
-3.0877
 10
8.7127
 20
-3.1067
 10
8.7059
 20
-3.1257
 10
8.699
 20
-3.1447
 10
8.6922
 20
-3.1637
 10
8.6852
 20
-3.1826
 10
8.6783
 20
-3.2016
 10
8.6713
 20
-3.2205
 10
8.6642
 20
-3.2394
 10
8.6571
 20
-3.2583
 10
8.65
 20
-3.2772
 10
8.6428
 20
-3.2961
 10
8.6356
 20
-3.3149
 10
8.6284
 20
-3.3337
 10
8.6211
 20
-3.3526
 10
8.6137
 20
-3.3714
 10
8.6064
 20
-3.3901
 10
8.5989
 20
-3.4089
 10
8.5915
 20
-3.4277
 10
8.584
 20
-3.4464
 10
8.5765
 20
-3.4651
 10
8.5689
 20
-3.4838
 10
8.5612
 20
-3.5025
 10
8.5536
 20
-3.5212
 10
8.5459
 20
-3.5398
 10
8.5381
 20
-3.5585
 10
8.5304
 20
-3.5771
 10
8.5225
 20
-3.5957
 10
8.5147
 20
-3.6143
 10
8.5068
 20
-3.6328
 10
8.4988
 20
-3.6514
 10
8.4908
 20
-3.6699
 10
8.4828
 20
-3.6884
 10
8.4747
 20
-3.7069
 10
8.4666
 20
-3.7254
 10
8.4585
 20
-3.7439
 10
8.4503
 20
-3.7623
 10
8.4421
 20
-3.7807
 10
8.4338
 20
-3.7991
 10
8.4255
 20
-3.8175
 10
8.4171
 20
-3.8359
 10
8.4088
 20
-3.8543
 10
8.4003
 20
-3.8726
 10
8.3919
 20
-3.8909
 10
8.3833
 20
-3.9092
 10
8.3748
 20
-3.9275
 10
8.3662
 20
-3.9458
 10
8.3576
 20
-3.964
 10
8.3489
 20
-3.9822
 10
8.3402
 20
-4.0004
 10
8.3315
 20
-4.0186
 10
8.3227
 20
-4.0368
 10
8.3138
 20
-4.0549
 10
8.305
 20
-4.0731
 10
8.2961
 20
-4.0912
 10
8.2871
 20
-4.1093
 10
8.2781
 20
-4.1273
 10
8.2691
 20
-4.1454
 10
8.2601
 20
-4.1634
 10
8.251
 20
-4.1814
 10
8.2418
 20
-4.1994
 10
8.2326
 20
-4.2174
 10
8.2234
 20
-4.2353
 10
8.2141
 20
-4.2533
 10
8.2049
 20
-4.2712
 10
8.1955
 20
-4.2891
 10
8.1861
 20
-4.3069
 10
8.1767
 20
-4.3248
 10
8.1673
 20
-4.3426
 10
8.1578
 20
-4.3604
 10
8.1482
 20
-4.3782
 10
8.1387
 20
-4.396
 10
8.1291
 20
-4.4137
 10
8.1194
 20
-4.4314
 10
8.1097
 20
-4.4491
 10
8.1
 20
-4.4668
 10
8.0902
 20
-4.4845
 10
8.0804
 20
-4.5021
 10
8.0706
 20
-4.5197
 10
8.0607
 20
-4.5373
 10
8.0508
 20
-4.5549
 10
8.0408
 20
-4.5725
 10
8.0308
 20
-4.59
 10
8.0208
 20
-4.6075
 10
8.0107
 20
-4.625
 10
8.0006
 20
-4.6425
 10
7.9905
 20
-4.6599
 10
7.9803
 20
-4.6773
 10
7.9701
 20
-4.6947
 10
7.9598
 20
-4.7121
 10
7.9495
 20
-4.7295
 10
7.9392
 20
-4.7468
 10
7.9288
 20
-4.7641
 10
7.9184
 20
-4.7814
 10
7.9079
 20
-4.7987
 10
7.8974
 20
-4.8159
 10
7.8869
 20
-4.8331
 10
7.8764
 20
-4.8503
 10
7.8658
 20
-4.8675
 10
7.8551
 20
-4.8846
 10
7.8444
 20
-4.9018
 10
7.8337
 20
-4.9189
 10
7.823
 20
-4.9359
 10
7.8122
 20
-4.953
 10
7.8014
 20
-4.97
 10
7.7905
 20
-4.987
 10
7.7796
 20
-5.004
 10
7.7687
 20
-5.021
 10
7.7577
 20
-5.0379
 10
7.7467
 20
-5.0548
 10
7.7356
 20
-5.0717
 10
7.7246
 20
-5.0886
 10
7.7134
 20
-5.1054
 10
7.7023
 20
-5.1222
 10
7.6911
 20
-5.139
 10
7.6799
 20
-5.1558
 10
7.6686
 20
-5.1725
 10
7.6573
 20
-5.1893
 10
7.646
 20
-5.2059
 10
7.6346
 20
-5.2226
 10
7.6232
 20
-5.2393
 10
7.6117
 20
-5.2559
 10
7.6002
 20
-5.2725
 10
7.5887
 20
-5.289
 10
7.5772
 20
-5.3056
 10
7.5656
 20
-5.3221
 10
7.5539
 20
-5.3386
 10
7.5423
 20
-5.3551
 10
7.5306
 20
-5.3715
 10
7.5188
 20
-5.3879
 10
7.5071
 20
-5.4043
 10
7.4953
 20
-5.4207
 10
7.4834
 20
-5.437
 10
7.4715
 20
-5.4533
 10
7.4596
 20
-5.4696
 10
7.4477
 20
-5.4859
 10
7.4357
 20
-5.5021
 10
7.4237
 20
-5.5183
 10
7.4116
 20
-5.5345
 10
7.3995
 20
-5.5507
 10
7.3874
 20
-5.5668
 10
7.3752
 20
-5.5829
 10
7.363
 20
-5.599
 10
7.3508
 20
-5.615
 10
7.3385
 20
-5.631
 10
7.3262
 20
-5.647
 10
7.3139
 20
-5.663
 10
7.3015
 20
-5.679
 10
7.2891
 20
-5.6949
 10
7.2767
 20
-5.7108
 10
7.2642
 20
-5.7266
 10
7.2517
 20
-5.7425
 10
7.2391
 20
-5.7583
 10
7.2265
 20
-5.774
 10
7.2139
 20
-5.7898
 10
7.2013
 20
-5.8055
 10
7.1886
 20
-5.8212
 10
7.1759
 20
-5.8369
 10
7.1631
 20
-5.8525
 10
7.1503
 20
-5.8681
 10
7.1375
 20
-5.8837
 10
7.1247
 20
-5.8993
 10
7.1118
 20
-5.9148
 10
7.0989
 20
-5.9303
 10
7.0859
 20
-5.9458
 10
7.0729
 20
-5.9612
 10
7.0599
 20
-5.9766
 10
7.0468
 20
-5.992
 10
7.0338
 20
-6.0074
 10
7.0206
 20
-6.0227
 10
7.0075
 20
-6.038
 10
6.9943
 20
-6.0533
 10
6.9811
 20
-6.0685
 10
6.9678
 20
-6.0838
 10
6.9545
 20
-6.0989
 10
6.9412
 20
-6.1141
 10
6.9278
 20
-6.1292
 10
6.9145
 20
-6.1443
 10
6.901
 20
-6.1594
 10
6.8876
 20
-6.1744
 10
6.8741
 20
-6.1895
 10
6.8606
 20
-6.2044
 10
6.847
 20
-6.2194
 10
6.8334
 20
-6.2343
 10
6.8198
 20
-6.2492
 10
6.8062
 20
-6.2641
 10
6.7925
 20
-6.2789
 10
6.7788
 20
-6.2937
 10
6.765
 20
-6.3085
 10
6.7512
 20
-6.3232
 10
6.7374
 20
-6.3379
 10
6.7236
 20
-6.3526
 10
6.7097
 20
-6.3673
 10
6.6958
 20
-6.3819
 10
6.6819
 20
-6.3965
 10
6.6679
 20
-6.4111
 10
6.6539
 20
-6.4256
 10
6.6399
 20
-6.4401
 10
6.6258
 20
-6.4546
 10
6.6117
 20
-6.469
 10
6.5976
 20
-6.4834
 10
6.5834
 20
-6.4978
 10
6.5692
 20
-6.5121
 10
6.555
 20
-6.5265
 10
6.5407
 20
-6.5407
 10
6.5265
 20
-6.555
 10
6.5121
 20
-6.5692
 10
6.4978
 20
-6.5834
 10
6.4834
 20
-6.5976
 10
6.469
 20
-6.6117
 10
6.4546
 20
-6.6258
 10
6.4401
 20
-6.6399
 10
6.4256
 20
-6.6539
 10
6.4111
 20
-6.6679
 10
6.3965
 20
-6.6819
 10
6.3819
 20
-6.6958
 10
6.3673
 20
-6.7097
 10
6.3526
 20
-6.7236
 10
6.3379
 20
-6.7374
 10
6.3232
 20
-6.7512
 10
6.3085
 20
-6.765
 10
6.2937
 20
-6.7788
 10
6.2789
 20
-6.7925
 10
6.2641
 20
-6.8062
 10
6.2492
 20
-6.8198
 10
6.2343
 20
-6.8334
 10
6.2194
 20
-6.847
 10
6.2044
 20
-6.8606
 10
6.1895
 20
-6.8741
 10
6.1744
 20
-6.8876
 10
6.1594
 20
-6.901
 10
6.1443
 20
-6.9145
 10
6.1292
 20
-6.9278
 10
6.1141
 20
-6.9412
 10
6.0989
 20
-6.9545
 10
6.0838
 20
-6.9678
 10
6.0685
 20
-6.9811
 10
6.0533
 20
-6.9943
 10
6.038
 20
-7.0075
 10
6.0227
 20
-7.0206
 10
6.0074
 20
-7.0338
 10
5.992
 20
-7.0468
 10
5.9766
 20
-7.0599
 10
5.9612
 20
-7.0729
 10
5.9458
 20
-7.0859
 10
5.9303
 20
-7.0989
 10
5.9148
 20
-7.1118
 10
5.8993
 20
-7.1247
 10
5.8837
 20
-7.1375
 10
5.8681
 20
-7.1503
 10
5.8525
 20
-7.1631
 10
5.8369
 20
-7.1759
 10
5.8212
 20
-7.1886
 10
5.8055
 20
-7.2013
 10
5.7898
 20
-7.2139
 10
5.774
 20
-7.2265
 10
5.7583
 20
-7.2391
 10
5.7425
 20
-7.2517
 10
5.7266
 20
-7.2642
 10
5.7108
 20
-7.2767
 10
5.6949
 20
-7.2891
 10
5.679
 20
-7.3015
 10
5.663
 20
-7.3139
 10
5.647
 20
-7.3262
 10
5.631
 20
-7.3385
 10
5.615
 20
-7.3508
 10
5.599
 20
-7.363
 10
5.5829
 20
-7.3752
 10
5.5668
 20
-7.3874
 10
5.5507
 20
-7.3995
 10
5.5345
 20
-7.4116
 10
5.5183
 20
-7.4237
 10
5.5021
 20
-7.4357
 10
5.4859
 20
-7.4477
 10
5.4696
 20
-7.4596
 10
5.4533
 20
-7.4715
 10
5.437
 20
-7.4834
 10
5.4207
 20
-7.4953
 10
5.4043
 20
-7.5071
 10
5.3879
 20
-7.5188
 10
5.3715
 20
-7.5306
 10
5.3551
 20
-7.5423
 10
5.3386
 20
-7.5539
 10
5.3221
 20
-7.5656
 10
5.3056
 20
-7.5772
 10
5.289
 20
-7.5887
 10
5.2725
 20
-7.6002
 10
5.2559
 20
-7.6117
 10
5.2393
 20
-7.6232
 10
5.2226
 20
-7.6346
 10
5.2059
 20
-7.646
 10
5.1893
 20
-7.6573
 10
5.1725
 20
-7.6686
 10
5.1558
 20
-7.6799
 10
5.139
 20
-7.6911
 10
5.1222
 20
-7.7023
 10
5.1054
 20
-7.7134
 10
5.0886
 20
-7.7246
 10
5.0717
 20
-7.7356
 10
5.0548
 20
-7.7467
 10
5.0379
 20
-7.7577
 10
5.021
 20
-7.7687
 10
5.004
 20
-7.7796
 10
4.987
 20
-7.7905
 10
4.97
 20
-7.8014
 10
4.953
 20
-7.8122
 10
4.9359
 20
-7.823
 10
4.9189
 20
-7.8337
 10
4.9018
 20
-7.8444
 10
4.8846
 20
-7.8551
 10
4.8675
 20
-7.8658
 10
4.8503
 20
-7.8764
 10
4.8331
 20
-7.8869
 10
4.8159
 20
-7.8974
 10
4.7987
 20
-7.9079
 10
4.7814
 20
-7.9184
 10
4.7641
 20
-7.9288
 10
4.7468
 20
-7.9392
 10
4.7295
 20
-7.9495
 10
4.7121
 20
-7.9598
 10
4.6947
 20
-7.9701
 10
4.6773
 20
-7.9803
 10
4.6599
 20
-7.9905
 10
4.6425
 20
-8.0006
 10
4.625
 20
-8.0107
 10
4.6075
 20
-8.0208
 10
4.59
 20
-8.0308
 10
4.5725
 20
-8.0408
 10
4.5549
 20
-8.0508
 10
4.5373
 20
-8.0607
 10
4.5197
 20
-8.0706
 10
4.5021
 20
-8.0804
 10
4.4845
 20
-8.0902
 10
4.4668
 20
-8.1
 10
4.4491
 20
-8.1097
 10
4.4314
 20
-8.1194
 10
4.4137
 20
-8.1291
 10
4.396
 20
-8.1387
 10
4.3782
 20
-8.1482
 10
4.3604
 20
-8.1578
 10
4.3426
 20
-8.1673
 10
4.3248
 20
-8.1767
 10
4.3069
 20
-8.1861
 10
4.2891
 20
-8.1955
 10
4.2712
 20
-8.2049
 10
4.2533
 20
-8.2141
 10
4.2353
 20
-8.2234
 10
4.2174
 20
-8.2326
 10
4.1994
 20
-8.2418
 10
4.1814
 20
-8.251
 10
4.1634
 20
-8.2601
 10
4.1454
 20
-8.2691
 10
4.1273
 20
-8.2781
 10
4.1093
 20
-8.2871
 10
4.0912
 20
-8.2961
 10
4.0731
 20
-8.305
 10
4.0549
 20
-8.3138
 10
4.0368
 20
-8.3227
 10
4.0186
 20
-8.3315
 10
4.0004
 20
-8.3402
 10
3.9822
 20
-8.3489
 10
3.964
 20
-8.3576
 10
3.9458
 20
-8.3662
 10
3.9275
 20
-8.3748
 10
3.9092
 20
-8.3833
 10
3.8909
 20
-8.3919
 10
3.8726
 20
-8.4003
 10
3.8543
 20
-8.4088
 10
3.8359
 20
-8.4171
 10
3.8175
 20
-8.4255
 10
3.7991
 20
-8.4338
 10
3.7807
 20
-8.4421
 10
3.7623
 20
-8.4503
 10
3.7439
 20
-8.4585
 10
3.7254
 20
-8.4666
 10
3.7069
 20
-8.4747
 10
3.6884
 20
-8.4828
 10
3.6699
 20
-8.4908
 10
3.6514
 20
-8.4988
 10
3.6328
 20
-8.5068
 10
3.6143
 20
-8.5147
 10
3.5957
 20
-8.5225
 10
3.5771
 20
-8.5304
 10
3.5585
 20
-8.5381
 10
3.5398
 20
-8.5459
 10
3.5212
 20
-8.5536
 10
3.5025
 20
-8.5612
 10
3.4838
 20
-8.5689
 10
3.4651
 20
-8.5765
 10
3.4464
 20
-8.584
 10
3.4277
 20
-8.5915
 10
3.4089
 20
-8.5989
 10
3.3901
 20
-8.6064
 10
3.3714
 20
-8.6137
 10
3.3526
 20
-8.6211
 10
3.3337
 20
-8.6284
 10
3.3149
 20
-8.6356
 10
3.2961
 20
-8.6428
 10
3.2772
 20
-8.65
 10
3.2583
 20
-8.6571
 10
3.2394
 20
-8.6642
 10
3.2205
 20
-8.6713
 10
3.2016
 20
-8.6783
 10
3.1826
 20
-8.6852
 10
3.1637
 20
-8.6922
 10
3.1447
 20
-8.699
 10
3.1257
 20
-8.7059
 10
3.1067
 20
-8.7127
 10
3.0877
 20
-8.7194
 10
3.0687
 20
-8.7261
 10
3.0496
 20
-8.7328
 10
3.0306
 20
-8.7395
 10
3.0115
 20
-8.746
 10
2.9924
 20
-8.7526
 10
2.9733
 20
-8.7591
 10
2.9542
 20
-8.7656
 10
2.9351
 20
-8.772
 10
2.9159
 20
-8.7784
 10
2.8968
 20
-8.7847
 10
2.8776
 20
-8.791
 10
2.8584
 20
-8.7973
 10
2.8392
 20
-8.8035
 10
2.82
 20
-8.8097
 10
2.8008
 20
-8.8158
 10
2.7815
 20
-8.8219
 10
2.7623
 20
-8.8279
 10
2.743
 20
-8.8339
 10
2.7237
 20
-8.8399
 10
2.7044
 20
-8.8458
 10
2.6851
 20
-8.8517
 10
2.6658
 20
-8.8575
 10
2.6465
 20
-8.8633
 10
2.6271
 20
-8.8691
 10
2.6078
 20
-8.8748
 10
2.5884
 20
-8.8805
 10
2.569
 20
-8.8861
 10
2.5496
 20
-8.8917
 10
2.5302
 20
-8.8972
 10
2.5108
 20
-8.9027
 10
2.4914
 20
-8.9082
 10
2.472
 20
-8.9136
 10
2.4525
 20
-8.919
 10
2.433
 20
-8.9243
 10
2.4136
 20
-8.9296
 10
2.3941
 20
-8.9348
 10
2.3746
 20
-8.94
 10
2.3551
 20
-8.9452
 10
2.3355
 20
-8.9503
 10
2.316
 20
-8.9554
 10
2.2965
 20
-8.9604
 10
2.2769
 20
-8.9654
 10
2.2574
 20
-8.9703
 10
2.2378
 20
-8.9752
 10
2.2182
 20
-8.9801
 10
2.1986
 20
-8.9849
 10
2.179
 20
-8.9897
 10
2.1594
 20
-8.9944
 10
2.1397
 20
-8.9991
 10
2.1201
 20
-9.0038
 10
2.1005
 20
-9.0084
 10
2.0808
 20
-9.0129
 10
2.0611
 20
-9.0174
 10
2.0415
 20
-9.0219
 10
2.0218
 20
-9.0263
 10
2.0021
 20
-9.0307
 10
1.9824
 20
-9.0351
 10
1.9626
 20
-9.0394
 10
1.9429
 20
-9.0436
 10
1.9232
 20
-9.0479
 10
1.9034
 20
-9.052
 10
1.8837
 20
-9.0562
 10
1.8639
 20
-9.0603
 10
1.8442
 20
-9.0643
 10
1.8244
 20
-9.0683
 10
1.8046
 20
-9.0723
 10
1.7848
 20
-9.0762
 10
1.765
 20
-9.0801
 10
1.7452
 20
-9.0839
 10
1.7253
 20
-9.0877
 10
1.7055
 20
-9.0914
 10
1.6857
 20
-9.0951
 10
1.6658
 20
-9.0988
 10
1.646
 20
-9.1024
 10
1.6261
 20
-9.1059
 10
1.6062
 20
-9.1095
 10
1.5864
 20
-9.113
 10
1.5665
 20
-9.1164
 10
1.5466
 20
-9.1198
 10
1.5267
 20
-9.1231
 10
1.5068
 20
-9.1265
 10
1.4869
 20
-9.1297
 10
1.4669
 20
-9.1329
 10
1.447
 20
-9.1361
 10
1.4271
 20
-9.1393
 10
1.4071
 20
-9.1423
 10
1.3872
 20
-9.1454
 10
1.3672
 20
-9.1484
 10
1.3473
 20
-9.1514
 10
1.3273
 20
-9.1543
 10
1.3073
 20
-9.1571
 10
1.2874
 20
-9.16
 10
1.2674
 20
-9.1628
 10
1.2474
 20
-9.1655
 10
1.2274
 20
-9.1682
 10
1.2074
 20
-9.1709
 10
1.1874
 20
-9.1735
 10
1.1673
 20
-9.176
 10
1.1473
 20
-9.1786
 10
1.1273
 20
-9.1811
 10
1.1073
 20
-9.1835
 10
1.0872
 20
-9.1859
 10
1.0672
 20
-9.1882
 10
1.0471
 20
-9.1905
 10
1.0271
 20
-9.1928
 10
1.007
 20
-9.195
 10
0.987
 20
-9.1972
 10
0.9669
 20
-9.1993
 10
0.9468
 20
-9.2014
 10
0.9267
 20
-9.2035
 10
0.9067
 20
-9.2055
 10
0.8866
 20
-9.2074
 10
0.8665
 20
-9.2093
 10
0.8464
 20
-9.2112
 10
0.8263
 20
-9.213
 10
0.8062
 20
-9.2148
 10
0.7861
 20
-9.2165
 10
0.766
 20
-9.2182
 10
0.7459
 20
-9.2199
 10
0.7257
 20
-9.2215
 10
0.7056
 20
-9.223
 10
0.6855
 20
-9.2246
 10
0.6654
 20
-9.226
 10
0.6452
 20
-9.2275
 10
0.6251
 20
-9.2289
 10
0.605
 20
-9.2302
 10
0.5848
 20
-9.2315
 10
0.5647
 20
-9.2327
 10
0.5446
 20
-9.234
 10
0.5244
 20
-9.2351
 10
0.5043
 20
-9.2362
 10
0.4841
 20
-9.2373
 10
0.464
 20
-9.2384
 10
0.4438
 20
-9.2393
 10
0.4236
 20
-9.2403
 10
0.4035
 20
-9.2412
 10
0.3833
 20
-9.2421
 10
0.3632
 20
-9.2429
 10
0.343
 20
-9.2436
 10
0.3228
 20
-9.2444
 10
0.3027
 20
-9.245
 10
0.2825
 20
-9.2457
 10
0.2623
 20
-9.2463
 10
0.2421
 20
-9.2468
 10
0.222
 20
-9.2473
 10
0.2018
 20
-9.2478
 10
0.1816
 20
-9.2482
 10
0.1614
 20
-9.2486
 10
0.1413
 20
-9.2489
 10
0.1211
 20
-9.2492
 10
0.1009
 20
-9.2494
 10
0.0807
 20
-9.2496
 10
0.0605
 20
-9.2498
 10
0.0404
 20
-9.2499
 10
0.0202
 20
-9.25
 10
0.0
 20
-9.25
 10
-0.0202
 20
-9.25
 10
-0.0404
 20
-9.2499
 10
-0.0605
 20
-9.2498
 10
-0.0807
 20
-9.2496
 10
-0.1009
 20
-9.2494
 10
-0.1211
 20
-9.2492
 10
-0.1413
 20
-9.2489
 10
-0.1614
 20
-9.2486
 10
-0.1816
 20
-9.2482
 10
-0.2018
 20
-9.2478
 10
-0.222
 20
-9.2473
 10
-0.2421
 20
-9.2468
 10
-0.2623
 20
-9.2463
 10
-0.2825
 20
-9.2457
 10
-0.3027
 20
-9.245
 10
-0.3228
 20
-9.2444
 10
-0.343
 20
-9.2436
 10
-0.3632
 20
-9.2429
 10
-0.3833
 20
-9.2421
 10
-0.4035
 20
-9.2412
 10
-0.4236
 20
-9.2403
 10
-0.4438
 20
-9.2393
 10
-0.464
 20
-9.2384
 10
-0.4841
 20
-9.2373
 10
-0.5043
 20
-9.2362
 10
-0.5244
 20
-9.2351
 10
-0.5446
 20
-9.234
 10
-0.5647
 20
-9.2327
 10
-0.5848
 20
-9.2315
 10
-0.605
 20
-9.2302
 10
-0.6251
 20
-9.2289
 10
-0.6452
 20
-9.2275
 10
-0.6654
 20
-9.226
 10
-0.6855
 20
-9.2246
 10
-0.7056
 20
-9.223
 10
-0.7257
 20
-9.2215
 10
-0.7459
 20
-9.2199
 10
-0.766
 20
-9.2182
 10
-0.7861
 20
-9.2165
 10
-0.8062
 20
-9.2148
 10
-0.8263
 20
-9.213
 10
-0.8464
 20
-9.2112
 10
-0.8665
 20
-9.2093
 10
-0.8866
 20
-9.2074
 10
-0.9067
 20
-9.2055
 10
-0.9267
 20
-9.2035
 10
-0.9468
 20
-9.2014
 10
-0.9669
 20
-9.1993
 10
-0.987
 20
-9.1972
 10
-1.007
 20
-9.195
 10
-1.0271
 20
-9.1928
 10
-1.0471
 20
-9.1905
 10
-1.0672
 20
-9.1882
 10
-1.0872
 20
-9.1859
 10
-1.1073
 20
-9.1835
 10
-1.1273
 20
-9.1811
 10
-1.1473
 20
-9.1786
 10
-1.1673
 20
-9.176
 10
-1.1874
 20
-9.1735
 10
-1.2074
 20
-9.1709
 10
-1.2274
 20
-9.1682
 10
-1.2474
 20
-9.1655
 10
-1.2674
 20
-9.1628
 10
-1.2874
 20
-9.16
 10
-1.3073
 20
-9.1571
 10
-1.3273
 20
-9.1543
 10
-1.3473
 20
-9.1514
 10
-1.3672
 20
-9.1484
 10
-1.3872
 20
-9.1454
 10
-1.4071
 20
-9.1423
 10
-1.4271
 20
-9.1393
 10
-1.447
 20
-9.1361
 10
-1.4669
 20
-9.1329
 10
-1.4869
 20
-9.1297
 10
-1.5068
 20
-9.1265
 10
-1.5267
 20
-9.1231
 10
-1.5466
 20
-9.1198
 10
-1.5665
 20
-9.1164
 10
-1.5864
 20
-9.113
 10
-1.6062
 20
-9.1095
 10
-1.6261
 20
-9.1059
 10
-1.646
 20
-9.1024
 10
-1.6658
 20
-9.0988
 10
-1.6857
 20
-9.0951
 10
-1.7055
 20
-9.0914
 10
-1.7253
 20
-9.0877
 10
-1.7452
 20
-9.0839
 10
-1.765
 20
-9.0801
 10
-1.7848
 20
-9.0762
 10
-1.8046
 20
-9.0723
 10
-1.8244
 20
-9.0683
 10
-1.8442
 20
-9.0643
 10
-1.8639
 20
-9.0603
 10
-1.8837
 20
-9.0562
 10
-1.9034
 20
-9.052
 10
-1.9232
 20
-9.0479
 10
-1.9429
 20
-9.0436
 10
-1.9626
 20
-9.0394
 10
-1.9824
 20
-9.0351
 10
-2.0021
 20
-9.0307
 10
-2.0218
 20
-9.0263
 10
-2.0415
 20
-9.0219
 10
-2.0611
 20
-9.0174
 10
-2.0808
 20
-9.0129
 10
-2.1005
 20
-9.0084
 10
-2.1201
 20
-9.0038
 10
-2.1397
 20
-8.9991
 10
-2.1594
 20
-8.9944
 10
-2.179
 20
-8.9897
 10
-2.1986
 20
-8.9849
 10
-2.2182
 20
-8.9801
 10
-2.2378
 20
-8.9752
 10
-2.2574
 20
-8.9703
 10
-2.2769
 20
-8.9654
 10
-2.2965
 20
-8.9604
 10
-2.316
 20
-8.9554
 10
-2.3355
 20
-8.9503
 10
-2.3551
 20
-8.9452
 10
-2.3746
 20
-8.94
 10
-2.3941
 20
-8.9348
 10
-2.4136
 20
-8.9296
 10
-2.433
 20
-8.9243
 10
-2.4525
 20
-8.919
 10
-2.472
 20
-8.9136
 10
-2.4914
 20
-8.9082
 10
-2.5108
 20
-8.9027
 10
-2.5302
 20
-8.8972
 10
-2.5496
 20
-8.8917
 10
-2.569
 20
-8.8861
 10
-2.5884
 20
-8.8805
 10
-2.6078
 20
-8.8748
 10
-2.6271
 20
-8.8691
 10
-2.6465
 20
-8.8633
 10
-2.6658
 20
-8.8575
 10
-2.6851
 20
-8.8517
 10
-2.7044
 20
-8.8458
 10
-2.7237
 20
-8.8399
 10
-2.743
 20
-8.8339
 10
-2.7623
 20
-8.8279
 10
-2.7815
 20
-8.8219
 10
-2.8008
 20
-8.8158
 10
-2.82
 20
-8.8097
 10
-2.8392
 20
-8.8035
 10
-2.8584
 20
-8.7973
 10
-2.8776
 20
-8.791
 10
-2.8968
 20
-8.7847
 10
-2.9159
 20
-8.7784
 10
-2.9351
 20
-8.772
 10
-2.9542
 20
-8.7656
 10
-2.9733
 20
-8.7591
 10
-2.9924
 20
-8.7526
 10
-3.0115
 20
-8.746
 10
-3.0306
 20
-8.7395
 10
-3.0496
 20
-8.7328
 10
-3.0687
 20
-8.7261
 10
-3.0877
 20
-8.7194
 10
-3.1067
 20
-8.7127
 10
-3.1257
 20
-8.7059
 10
-3.1447
 20
-8.699
 10
-3.1637
 20
-8.6922
 10
-3.1826
 20
-8.6852
 10
-3.2016
 20
-8.6783
 10
-3.2205
 20
-8.6713
 10
-3.2394
 20
-8.6642
 10
-3.2583
 20
-8.6571
 10
-3.2772
 20
-8.65
 10
-3.2961
 20
-8.6428
 10
-3.3149
 20
-8.6356
 10
-3.3337
 20
-8.6284
 10
-3.3526
 20
-8.6211
 10
-3.3714
 20
-8.6137
 10
-3.3901
 20
-8.6064
 10
-3.4089
 20
-8.5989
 10
-3.4277
 20
-8.5915
 10
-3.4464
 20
-8.584
 10
-3.4651
 20
-8.5765
 10
-3.4838
 20
-8.5689
 10
-3.5025
 20
-8.5612
 10
-3.5212
 20
-8.5536
 10
-3.5398
 20
-8.5459
 10
-3.5585
 20
-8.5381
 10
-3.5771
 20
-8.5304
 10
-3.5957
 20
-8.5225
 10
-3.6143
 20
-8.5147
 10
-3.6328
 20
-8.5068
 10
-3.6514
 20
-8.4988
 10
-3.6699
 20
-8.4908
 10
-3.6884
 20
-8.4828
 10
-3.7069
 20
-8.4747
 10
-3.7254
 20
-8.4666
 10
-3.7439
 20
-8.4585
 10
-3.7623
 20
-8.4503
 10
-3.7807
 20
-8.4421
 10
-3.7991
 20
-8.4338
 10
-3.8175
 20
-8.4255
 10
-3.8359
 20
-8.4171
 10
-3.8543
 20
-8.4088
 10
-3.8726
 20
-8.4003
 10
-3.8909
 20
-8.3919
 10
-3.9092
 20
-8.3833
 10
-3.9275
 20
-8.3748
 10
-3.9458
 20
-8.3662
 10
-3.964
 20
-8.3576
 10
-3.9822
 20
-8.3489
 10
-4.0004
 20
-8.3402
 10
-4.0186
 20
-8.3315
 10
-4.0368
 20
-8.3227
 10
-4.0549
 20
-8.3138
 10
-4.0731
 20
-8.305
 10
-4.0912
 20
-8.2961
 10
-4.1093
 20
-8.2871
 10
-4.1273
 20
-8.2781
 10
-4.1454
 20
-8.2691
 10
-4.1634
 20
-8.2601
 10
-4.1814
 20
-8.251
 10
-4.1994
 20
-8.2418
 10
-4.2174
 20
-8.2326
 10
-4.2353
 20
-8.2234
 10
-4.2533
 20
-8.2141
 10
-4.2712
 20
-8.2049
 10
-4.2891
 20
-8.1955
 10
-4.3069
 20
-8.1861
 10
-4.3248
 20
-8.1767
 10
-4.3426
 20
-8.1673
 10
-4.3604
 20
-8.1578
 10
-4.3782
 20
-8.1482
 10
-4.396
 20
-8.1387
 10
-4.4137
 20
-8.1291
 10
-4.4314
 20
-8.1194
 10
-4.4491
 20
-8.1097
 10
-4.4668
 20
-8.1
 10
-4.4845
 20
-8.0902
 10
-4.5021
 20
-8.0804
 10
-4.5197
 20
-8.0706
 10
-4.5373
 20
-8.0607
 10
-4.5549
 20
-8.0508
 10
-4.5725
 20
-8.0408
 10
-4.59
 20
-8.0308
 10
-4.6075
 20
-8.0208
 10
-4.625
 20
-8.0107
 10
-4.6425
 20
-8.0006
 10
-4.6599
 20
-7.9905
 10
-4.6773
 20
-7.9803
 10
-4.6947
 20
-7.9701
 10
-4.7121
 20
-7.9598
 10
-4.7295
 20
-7.9495
 10
-4.7468
 20
-7.9392
 10
-4.7641
 20
-7.9288
 10
-4.7814
 20
-7.9184
 10
-4.7987
 20
-7.9079
 10
-4.8159
 20
-7.8974
 10
-4.8331
 20
-7.8869
 10
-4.8503
 20
-7.8764
 10
-4.8675
 20
-7.8658
 10
-4.8846
 20
-7.8551
 10
-4.9018
 20
-7.8444
 10
-4.9189
 20
-7.8337
 10
-4.9359
 20
-7.823
 10
-4.953
 20
-7.8122
 10
-4.97
 20
-7.8014
 10
-4.987
 20
-7.7905
 10
-5.004
 20
-7.7796
 10
-5.021
 20
-7.7687
 10
-5.0379
 20
-7.7577
 10
-5.0548
 20
-7.7467
 10
-5.0717
 20
-7.7356
 10
-5.0886
 20
-7.7246
 10
-5.1054
 20
-7.7134
 10
-5.1222
 20
-7.7023
 10
-5.139
 20
-7.6911
 10
-5.1558
 20
-7.6799
 10
-5.1725
 20
-7.6686
 10
-5.1893
 20
-7.6573
 10
-5.2059
 20
-7.646
 10
-5.2226
 20
-7.6346
 10
-5.2393
 20
-7.6232
 10
-5.2559
 20
-7.6117
 10
-5.2725
 20
-7.6002
 10
-5.289
 20
-7.5887
 10
-5.3056
 20
-7.5772
 10
-5.3221
 20
-7.5656
 10
-5.3386
 20
-7.5539
 10
-5.3551
 20
-7.5423
 10
-5.3715
 20
-7.5306
 10
-5.3879
 20
-7.5188
 10
-5.4043
 20
-7.5071
 10
-5.4207
 20
-7.4953
 10
-5.437
 20
-7.4834
 10
-5.4533
 20
-7.4715
 10
-5.4696
 20
-7.4596
 10
-5.4859
 20
-7.4477
 10
-5.5021
 20
-7.4357
 10
-5.5183
 20
-7.4237
 10
-5.5345
 20
-7.4116
 10
-5.5507
 20
-7.3995
 10
-5.5668
 20
-7.3874
 10
-5.5829
 20
-7.3752
 10
-5.599
 20
-7.363
 10
-5.615
 20
-7.3508
 10
-5.631
 20
-7.3385
 10
-5.647
 20
-7.3262
 10
-5.663
 20
-7.3139
 10
-5.679
 20
-7.3015
 10
-5.6949
 20
-7.2891
 10
-5.7108
 20
-7.2767
 10
-5.7266
 20
-7.2642
 10
-5.7425
 20
-7.2517
 10
-5.7583
 20
-7.2391
 10
-5.774
 20
-7.2265
 10
-5.7898
 20
-7.2139
 10
-5.8055
 20
-7.2013
 10
-5.8212
 20
-7.1886
 10
-5.8369
 20
-7.1759
 10
-5.8525
 20
-7.1631
 10
-5.8681
 20
-7.1503
 10
-5.8837
 20
-7.1375
 10
-5.8993
 20
-7.1247
 10
-5.9148
 20
-7.1118
 10
-5.9303
 20
-7.0989
 10
-5.9458
 20
-7.0859
 10
-5.9612
 20
-7.0729
 10
-5.9766
 20
-7.0599
 10
-5.992
 20
-7.0468
 10
-6.0074
 20
-7.0338
 10
-6.0227
 20
-7.0206
 10
-6.038
 20
-7.0075
 10
-6.0533
 20
-6.9943
 10
-6.0685
 20
-6.9811
 10
-6.0838
 20
-6.9678
 10
-6.0989
 20
-6.9545
 10
-6.1141
 20
-6.9412
 10
-6.1292
 20
-6.9278
 10
-6.1443
 20
-6.9145
 10
-6.1594
 20
-6.901
 10
-6.1744
 20
-6.8876
 10
-6.1895
 20
-6.8741
 10
-6.2044
 20
-6.8606
 10
-6.2194
 20
-6.847
 10
-6.2343
 20
-6.8334
 10
-6.2492
 20
-6.8198
 10
-6.2641
 20
-6.8062
 10
-6.2789
 20
-6.7925
 10
-6.2937
 20
-6.7788
 10
-6.3085
 20
-6.765
 10
-6.3232
 20
-6.7512
 10
-6.3379
 20
-6.7374
 10
-6.3526
 20
-6.7236
 10
-6.3673
 20
-6.7097
 10
-6.3819
 20
-6.6958
 10
-6.3965
 20
-6.6819
 10
-6.4111
 20
-6.6679
 10
-6.4256
 20
-6.6539
 10
-6.4401
 20
-6.6399
 10
-6.4546
 20
-6.6258
 10
-6.469
 20
-6.6117
 10
-6.4834
 20
-6.5976
 10
-6.4978
 20
-6.5834
 10
-6.5121
 20
-6.5692
 10
-6.5265
 20
-6.555
 10
-6.5407
 20
-6.5407
 10
-6.555
 20
-6.5265
 10
-6.5692
 20
-6.5121
 10
-6.5834
 20
-6.4978
 10
-6.5976
 20
-6.4834
 10
-6.6117
 20
-6.469
 10
-6.6258
 20
-6.4546
 10
-6.6399
 20
-6.4401
 10
-6.6539
 20
-6.4256
 10
-6.6679
 20
-6.4111
 10
-6.6819
 20
-6.3965
 10
-6.6958
 20
-6.3819
 10
-6.7097
 20
-6.3673
 10
-6.7236
 20
-6.3526
 10
-6.7374
 20
-6.3379
 10
-6.7512
 20
-6.3232
 10
-6.765
 20
-6.3085
 10
-6.7788
 20
-6.2937
 10
-6.7925
 20
-6.2789
 10
-6.8062
 20
-6.2641
 10
-6.8198
 20
-6.2492
 10
-6.8334
 20
-6.2343
 10
-6.847
 20
-6.2194
 10
-6.8606
 20
-6.2044
 10
-6.8741
 20
-6.1895
 10
-6.8876
 20
-6.1744
 10
-6.901
 20
-6.1594
 10
-6.9145
 20
-6.1443
 10
-6.9278
 20
-6.1292
 10
-6.9412
 20
-6.1141
 10
-6.9545
 20
-6.0989
 10
-6.9678
 20
-6.0838
 10
-6.9811
 20
-6.0685
 10
-6.9943
 20
-6.0533
 10
-7.0075
 20
-6.038
 10
-7.0206
 20
-6.0227
 10
-7.0338
 20
-6.0074
 10
-7.0468
 20
-5.992
 10
-7.0599
 20
-5.9766
 10
-7.0729
 20
-5.9612
 10
-7.0859
 20
-5.9458
 10
-7.0989
 20
-5.9303
 10
-7.1118
 20
-5.9148
 10
-7.1247
 20
-5.8993
 10
-7.1375
 20
-5.8837
 10
-7.1503
 20
-5.8681
 10
-7.1631
 20
-5.8525
 10
-7.1759
 20
-5.8369
 10
-7.1886
 20
-5.8212
 10
-7.2013
 20
-5.8055
 10
-7.2139
 20
-5.7898
 10
-7.2265
 20
-5.774
 10
-7.2391
 20
-5.7583
 10
-7.2517
 20
-5.7425
 10
-7.2642
 20
-5.7266
 10
-7.2767
 20
-5.7108
 10
-7.2891
 20
-5.6949
 10
-7.3015
 20
-5.679
 10
-7.3139
 20
-5.663
 10
-7.3262
 20
-5.647
 10
-7.3385
 20
-5.631
 10
-7.3508
 20
-5.615
 10
-7.363
 20
-5.599
 10
-7.3752
 20
-5.5829
 10
-7.3874
 20
-5.5668
 10
-7.3995
 20
-5.5507
 10
-7.4116
 20
-5.5345
 10
-7.4237
 20
-5.5183
 10
-7.4357
 20
-5.5021
 10
-7.4477
 20
-5.4859
 10
-7.4596
 20
-5.4696
 10
-7.4715
 20
-5.4533
 10
-7.4834
 20
-5.437
 10
-7.4953
 20
-5.4207
 10
-7.5071
 20
-5.4043
 10
-7.5188
 20
-5.3879
 10
-7.5306
 20
-5.3715
 10
-7.5423
 20
-5.3551
 10
-7.5539
 20
-5.3386
 10
-7.5656
 20
-5.3221
 10
-7.5772
 20
-5.3056
 10
-7.5887
 20
-5.289
 10
-7.6002
 20
-5.2725
 10
-7.6117
 20
-5.2559
 10
-7.6232
 20
-5.2393
 10
-7.6346
 20
-5.2226
 10
-7.646
 20
-5.2059
 10
-7.6573
 20
-5.1893
 10
-7.6686
 20
-5.1725
 10
-7.6799
 20
-5.1558
 10
-7.6911
 20
-5.139
 10
-7.7023
 20
-5.1222
 10
-7.7134
 20
-5.1054
 10
-7.7246
 20
-5.0886
 10
-7.7356
 20
-5.0717
 10
-7.7467
 20
-5.0548
 10
-7.7577
 20
-5.0379
 10
-7.7687
 20
-5.021
 10
-7.7796
 20
-5.004
 10
-7.7905
 20
-4.987
 10
-7.8014
 20
-4.97
 10
-7.8122
 20
-4.953
 10
-7.823
 20
-4.9359
 10
-7.8337
 20
-4.9189
 10
-7.8444
 20
-4.9018
 10
-7.8551
 20
-4.8846
 10
-7.8658
 20
-4.8675
 10
-7.8764
 20
-4.8503
 10
-7.8869
 20
-4.8331
 10
-7.8974
 20
-4.8159
 10
-7.9079
 20
-4.7987
 10
-7.9184
 20
-4.7814
 10
-7.9288
 20
-4.7641
 10
-7.9392
 20
-4.7468
 10
-7.9495
 20
-4.7295
 10
-7.9598
 20
-4.7121
 10
-7.9701
 20
-4.6947
 10
-7.9803
 20
-4.6773
 10
-7.9905
 20
-4.6599
 10
-8.0006
 20
-4.6425
 10
-8.0107
 20
-4.625
 10
-8.0208
 20
-4.6075
 10
-8.0308
 20
-4.59
 10
-8.0408
 20
-4.5725
 10
-8.0508
 20
-4.5549
 10
-8.0607
 20
-4.5373
 10
-8.0706
 20
-4.5197
 10
-8.0804
 20
-4.5021
 10
-8.0902
 20
-4.4845
 10
-8.1
 20
-4.4668
 10
-8.1097
 20
-4.4491
 10
-8.1194
 20
-4.4314
 10
-8.1291
 20
-4.4137
 10
-8.1387
 20
-4.396
 10
-8.1482
 20
-4.3782
 10
-8.1578
 20
-4.3604
 10
-8.1673
 20
-4.3426
 10
-8.1767
 20
-4.3248
 10
-8.1861
 20
-4.3069
 10
-8.1955
 20
-4.2891
 10
-8.2049
 20
-4.2712
 10
-8.2141
 20
-4.2533
 10
-8.2234
 20
-4.2353
 10
-8.2326
 20
-4.2174
 10
-8.2418
 20
-4.1994
 10
-8.251
 20
-4.1814
 10
-8.2601
 20
-4.1634
 10
-8.2691
 20
-4.1454
 10
-8.2781
 20
-4.1273
 10
-8.2871
 20
-4.1093
 10
-8.2961
 20
-4.0912
 10
-8.305
 20
-4.0731
 10
-8.3138
 20
-4.0549
 10
-8.3227
 20
-4.0368
 10
-8.3315
 20
-4.0186
 10
-8.3402
 20
-4.0004
 10
-8.3489
 20
-3.9822
 10
-8.3576
 20
-3.964
 10
-8.3662
 20
-3.9458
 10
-8.3748
 20
-3.9275
 10
-8.3833
 20
-3.9092
 10
-8.3919
 20
-3.8909
 10
-8.4003
 20
-3.8726
 10
-8.4088
 20
-3.8543
 10
-8.4171
 20
-3.8359
 10
-8.4255
 20
-3.8175
 10
-8.4338
 20
-3.7991
 10
-8.4421
 20
-3.7807
 10
-8.4503
 20
-3.7623
 10
-8.4585
 20
-3.7439
 10
-8.4666
 20
-3.7254
 10
-8.4747
 20
-3.7069
 10
-8.4828
 20
-3.6884
 10
-8.4908
 20
-3.6699
 10
-8.4988
 20
-3.6514
 10
-8.5068
 20
-3.6328
 10
-8.5147
 20
-3.6143
 10
-8.5225
 20
-3.5957
 10
-8.5304
 20
-3.5771
 10
-8.5381
 20
-3.5585
 10
-8.5459
 20
-3.5398
 10
-8.5536
 20
-3.5212
 10
-8.5612
 20
-3.5025
 10
-8.5689
 20
-3.4838
 10
-8.5765
 20
-3.4651
 10
-8.584
 20
-3.4464
 10
-8.5915
 20
-3.4277
 10
-8.5989
 20
-3.4089
 10
-8.6064
 20
-3.3901
 10
-8.6137
 20
-3.3714
 10
-8.6211
 20
-3.3526
 10
-8.6284
 20
-3.3337
 10
-8.6356
 20
-3.3149
 10
-8.6428
 20
-3.2961
 10
-8.65
 20
-3.2772
 10
-8.6571
 20
-3.2583
 10
-8.6642
 20
-3.2394
 10
-8.6713
 20
-3.2205
 10
-8.6783
 20
-3.2016
 10
-8.6852
 20
-3.1826
 10
-8.6922
 20
-3.1637
 10
-8.699
 20
-3.1447
 10
-8.7059
 20
-3.1257
 10
-8.7127
 20
-3.1067
 10
-8.7194
 20
-3.0877
 10
-8.7261
 20
-3.0687
 10
-8.7328
 20
-3.0496
 10
-8.7395
 20
-3.0306
 10
-8.746
 20
-3.0115
 10
-8.7526
 20
-2.9924
 10
-8.7591
 20
-2.9733
 10
-8.7656
 20
-2.9542
 10
-8.772
 20
-2.9351
 10
-8.7784
 20
-2.9159
 10
-8.7847
 20
-2.8968
 10
-8.791
 20
-2.8776
 10
-8.7973
 20
-2.8584
 10
-8.8035
 20
-2.8392
 10
-8.8097
 20
-2.82
 10
-8.8158
 20
-2.8008
 10
-8.8219
 20
-2.7815
 10
-8.8279
 20
-2.7623
 10
-8.8339
 20
-2.743
 10
-8.8399
 20
-2.7237
 10
-8.8458
 20
-2.7044
 10
-8.8517
 20
-2.6851
 10
-8.8575
 20
-2.6658
 10
-8.8633
 20
-2.6465
 10
-8.8691
 20
-2.6271
 10
-8.8748
 20
-2.6078
 10
-8.8805
 20
-2.5884
 10
-8.8861
 20
-2.569
 10
-8.8917
 20
-2.5496
 10
-8.8972
 20
-2.5302
 10
-8.9027
 20
-2.5108
 10
-8.9082
 20
-2.4914
 10
-8.9136
 20
-2.472
 10
-8.919
 20
-2.4525
 10
-8.9243
 20
-2.433
 10
-8.9296
 20
-2.4136
 10
-8.9348
 20
-2.3941
 10
-8.94
 20
-2.3746
 10
-8.9452
 20
-2.3551
 10
-8.9503
 20
-2.3355
 10
-8.9554
 20
-2.316
 10
-8.9604
 20
-2.2965
 10
-8.9654
 20
-2.2769
 10
-8.9703
 20
-2.2574
 10
-8.9752
 20
-2.2378
 10
-8.9801
 20
-2.2182
 10
-8.9849
 20
-2.1986
 10
-8.9897
 20
-2.179
 10
-8.9944
 20
-2.1594
 10
-8.9991
 20
-2.1397
 10
-9.0038
 20
-2.1201
 10
-9.0084
 20
-2.1005
 10
-9.0129
 20
-2.0808
 10
-9.0174
 20
-2.0611
 10
-9.0219
 20
-2.0415
 10
-9.0263
 20
-2.0218
 10
-9.0307
 20
-2.0021
 10
-9.0351
 20
-1.9824
 10
-9.0394
 20
-1.9626
 10
-9.0436
 20
-1.9429
 10
-9.0479
 20
-1.9232
 10
-9.052
 20
-1.9034
 10
-9.0562
 20
-1.8837
 10
-9.0603
 20
-1.8639
 10
-9.0643
 20
-1.8442
 10
-9.0683
 20
-1.8244
 10
-9.0723
 20
-1.8046
 10
-9.0762
 20
-1.7848
 10
-9.0801
 20
-1.765
 10
-9.0839
 20
-1.7452
 10
-9.0877
 20
-1.7253
 10
-9.0914
 20
-1.7055
 10
-9.0951
 20
-1.6857
 10
-9.0988
 20
-1.6658
 10
-9.1024
 20
-1.646
 10
-9.1059
 20
-1.6261
 10
-9.1095
 20
-1.6062
 10
-9.113
 20
-1.5864
 10
-9.1164
 20
-1.5665
 10
-9.1198
 20
-1.5466
 10
-9.1231
 20
-1.5267
 10
-9.1265
 20
-1.5068
 10
-9.1297
 20
-1.4869
 10
-9.1329
 20
-1.4669
 10
-9.1361
 20
-1.447
 10
-9.1393
 20
-1.4271
 10
-9.1423
 20
-1.4071
 10
-9.1454
 20
-1.3872
 10
-9.1484
 20
-1.3672
 10
-9.1514
 20
-1.3473
 10
-9.1543
 20
-1.3273
 10
-9.1571
 20
-1.3073
 10
-9.16
 20
-1.2874
 10
-9.1628
 20
-1.2674
 10
-9.1655
 20
-1.2474
 10
-9.1682
 20
-1.2274
 10
-9.1709
 20
-1.2074
 10
-9.1735
 20
-1.1874
 10
-9.176
 20
-1.1673
 10
-9.1786
 20
-1.1473
 10
-9.1811
 20
-1.1273
 10
-9.1835
 20
-1.1073
 10
-9.1859
 20
-1.0872
 10
-9.1882
 20
-1.0672
 10
-9.1905
 20
-1.0471
 10
-9.1928
 20
-1.0271
 10
-9.195
 20
-1.007
 10
-9.1972
 20
-0.987
 10
-9.1993
 20
-0.9669
 10
-9.2014
 20
-0.9468
 10
-9.2035
 20
-0.9267
 10
-9.2055
 20
-0.9067
 10
-9.2074
 20
-0.8866
 10
-9.2093
 20
-0.8665
 10
-9.2112
 20
-0.8464
 10
-9.213
 20
-0.8263
 10
-9.2148
 20
-0.8062
 10
-9.2165
 20
-0.7861
 10
-9.2182
 20
-0.766
 10
-9.2199
 20
-0.7459
 10
-9.2215
 20
-0.7257
 10
-9.223
 20
-0.7056
 10
-9.2246
 20
-0.6855
 10
-9.226
 20
-0.6654
 10
-9.2275
 20
-0.6452
 10
-9.2289
 20
-0.6251
 10
-9.2302
 20
-0.605
 10
-9.2315
 20
-0.5848
 10
-9.2327
 20
-0.5647
 10
-9.234
 20
-0.5446
 10
-9.2351
 20
-0.5244
 10
-9.2362
 20
-0.5043
 10
-9.2373
 20
-0.4841
 10
-9.2384
 20
-0.464
 10
-9.2393
 20
-0.4438
 10
-9.2403
 20
-0.4236
 10
-9.2412
 20
-0.4035
 10
-9.2421
 20
-0.3833
 10
-9.2429
 20
-0.3632
 10
-9.2436
 20
-0.343
 10
-9.2444
 20
-0.3228
 10
-9.245
 20
-0.3027
 10
-9.2457
 20
-0.2825
 10
-9.2463
 20
-0.2623
 10
-9.2468
 20
-0.2421
 10
-9.2473
 20
-0.222
 10
-9.2478
 20
-0.2018
 10
-9.2482
 20
-0.1816
 10
-9.2486
 20
-0.1614
 10
-9.2489
 20
-0.1413
 10
-9.2492
 20
-0.1211
 10
-9.2494
 20
-0.1009
 10
-9.2496
 20
-0.0807
 10
-9.2498
 20
-0.0605
 10
-9.2499
 20
-0.0404
 10
-9.25
 20
-0.0202
 10
-9.25
 20
0.0
 10
-9.25
 20
0.0202
 10
-9.2499
 20
0.0404
 10
-9.2498
 20
0.0605
 10
-9.2496
 20
0.0807
 10
-9.2494
 20
0.1009
 10
-9.2492
 20
0.1211
 10
-9.2489
 20
0.1413
 10
-9.2486
 20
0.1614
 10
-9.2482
 20
0.1816
 10
-9.2478
 20
0.2018
 10
-9.2473
 20
0.222
 10
-9.2468
 20
0.2421
 10
-9.2463
 20
0.2623
 10
-9.2457
 20
0.2825
 10
-9.245
 20
0.3027
 10
-9.2444
 20
0.3228
 10
-9.2436
 20
0.343
 10
-9.2429
 20
0.3632
 10
-9.2421
 20
0.3833
 10
-9.2412
 20
0.4035
 10
-9.2403
 20
0.4236
 10
-9.2393
 20
0.4438
 10
-9.2384
 20
0.464
 10
-9.2373
 20
0.4841
 10
-9.2362
 20
0.5043
 10
-9.2351
 20
0.5244
 10
-9.234
 20
0.5446
 10
-9.2327
 20
0.5647
 10
-9.2315
 20
0.5848
 10
-9.2302
 20
0.605
 10
-9.2289
 20
0.6251
 10
-9.2275
 20
0.6452
 10
-9.226
 20
0.6654
 10
-9.2246
 20
0.6855
 10
-9.223
 20
0.7056
 10
-9.2215
 20
0.7257
 10
-9.2199
 20
0.7459
 10
-9.2182
 20
0.766
 10
-9.2165
 20
0.7861
 10
-9.2148
 20
0.8062
 10
-9.213
 20
0.8263
 10
-9.2112
 20
0.8464
 10
-9.2093
 20
0.8665
 10
-9.2074
 20
0.8866
 10
-9.2055
 20
0.9067
 10
-9.2035
 20
0.9267
 10
-9.2014
 20
0.9468
 10
-9.1993
 20
0.9669
 10
-9.1972
 20
0.987
 10
-9.195
 20
1.007
 10
-9.1928
 20
1.0271
 10
-9.1905
 20
1.0471
 10
-9.1882
 20
1.0672
 10
-9.1859
 20
1.0872
 10
-9.1835
 20
1.1073
 10
-9.1811
 20
1.1273
 10
-9.1786
 20
1.1473
 10
-9.176
 20
1.1673
 10
-9.1735
 20
1.1874
 10
-9.1709
 20
1.2074
 10
-9.1682
 20
1.2274
 10
-9.1655
 20
1.2474
 10
-9.1628
 20
1.2674
 10
-9.16
 20
1.2874
 10
-9.1571
 20
1.3073
 10
-9.1543
 20
1.3273
 10
-9.1514
 20
1.3473
 10
-9.1484
 20
1.3672
 10
-9.1454
 20
1.3872
 10
-9.1423
 20
1.4071
 10
-9.1393
 20
1.4271
 10
-9.1361
 20
1.447
 10
-9.1329
 20
1.4669
 10
-9.1297
 20
1.4869
 10
-9.1265
 20
1.5068
 10
-9.1231
 20
1.5267
 10
-9.1198
 20
1.5466
 10
-9.1164
 20
1.5665
 10
-9.113
 20
1.5864
 10
-9.1095
 20
1.6062
 10
-9.1059
 20
1.6261
 10
-9.1024
 20
1.646
 10
-9.0988
 20
1.6658
 10
-9.0951
 20
1.6857
 10
-9.0914
 20
1.7055
 10
-9.0877
 20
1.7253
 10
-9.0839
 20
1.7452
 10
-9.0801
 20
1.765
 10
-9.0762
 20
1.7848
 10
-9.0723
 20
1.8046
 10
-9.0683
 20
1.8244
 10
-9.0643
 20
1.8442
 10
-9.0603
 20
1.8639
 10
-9.0562
 20
1.8837
 10
-9.052
 20
1.9034
 10
-9.0479
 20
1.9232
 10
-9.0436
 20
1.9429
 10
-9.0394
 20
1.9626
 10
-9.0351
 20
1.9824
 10
-9.0307
 20
2.0021
 10
-9.0263
 20
2.0218
 10
-9.0219
 20
2.0415
 10
-9.0174
 20
2.0611
 10
-9.0129
 20
2.0808
 10
-9.0084
 20
2.1005
 10
-9.0038
 20
2.1201
 10
-8.9991
 20
2.1397
 10
-8.9944
 20
2.1594
 10
-8.9897
 20
2.179
 10
-8.9849
 20
2.1986
 10
-8.9801
 20
2.2182
 10
-8.9752
 20
2.2378
 10
-8.9703
 20
2.2574
 10
-8.9654
 20
2.2769
 10
-8.9604
 20
2.2965
 10
-8.9554
 20
2.316
 10
-8.9503
 20
2.3355
 10
-8.9452
 20
2.3551
 10
-8.94
 20
2.3746
 10
-8.9348
 20
2.3941
 10
-8.9296
 20
2.4136
 10
-8.9243
 20
2.433
 10
-8.919
 20
2.4525
 10
-8.9136
 20
2.472
 10
-8.9082
 20
2.4914
 10
-8.9027
 20
2.5108
 10
-8.8972
 20
2.5302
 10
-8.8917
 20
2.5496
 10
-8.8861
 20
2.569
 10
-8.8805
 20
2.5884
 10
-8.8748
 20
2.6078
 10
-8.8691
 20
2.6271
 10
-8.8633
 20
2.6465
 10
-8.8575
 20
2.6658
 10
-8.8517
 20
2.6851
 10
-8.8458
 20
2.7044
 10
-8.8399
 20
2.7237
 10
-8.8339
 20
2.743
 10
-8.8279
 20
2.7623
 10
-8.8219
 20
2.7815
 10
-8.8158
 20
2.8008
 10
-8.8097
 20
2.82
 10
-8.8035
 20
2.8392
 10
-8.7973
 20
2.8584
 10
-8.791
 20
2.8776
 10
-8.7847
 20
2.8968
 10
-8.7784
 20
2.9159
 10
-8.772
 20
2.9351
 10
-8.7656
 20
2.9542
 10
-8.7591
 20
2.9733
 10
-8.7526
 20
2.9924
 10
-8.746
 20
3.0115
 10
-8.7395
 20
3.0306
 10
-8.7328
 20
3.0496
 10
-8.7261
 20
3.0687
 10
-8.7194
 20
3.0877
 10
-8.7127
 20
3.1067
 10
-8.7059
 20
3.1257
 10
-8.699
 20
3.1447
 10
-8.6922
 20
3.1637
 10
-8.6852
 20
3.1826
 10
-8.6783
 20
3.2016
 10
-8.6713
 20
3.2205
 10
-8.6642
 20
3.2394
 10
-8.6571
 20
3.2583
 10
-8.65
 20
3.2772
 10
-8.6428
 20
3.2961
 10
-8.6356
 20
3.3149
 10
-8.6284
 20
3.3337
 10
-8.6211
 20
3.3526
 10
-8.6137
 20
3.3714
 10
-8.6064
 20
3.3901
 10
-8.5989
 20
3.4089
 10
-8.5915
 20
3.4277
 10
-8.584
 20
3.4464
 10
-8.5765
 20
3.4651
 10
-8.5689
 20
3.4838
 10
-8.5612
 20
3.5025
 10
-8.5536
 20
3.5212
 10
-8.5459
 20
3.5398
 10
-8.5381
 20
3.5585
 10
-8.5304
 20
3.5771
 10
-8.5225
 20
3.5957
 10
-8.5147
 20
3.6143
 10
-8.5068
 20
3.6328
 10
-8.4988
 20
3.6514
 10
-8.4908
 20
3.6699
 10
-8.4828
 20
3.6884
 10
-8.4747
 20
3.7069
 10
-8.4666
 20
3.7254
 10
-8.4585
 20
3.7439
 10
-8.4503
 20
3.7623
 10
-8.4421
 20
3.7807
 10
-8.4338
 20
3.7991
 10
-8.4255
 20
3.8175
 10
-8.4171
 20
3.8359
 10
-8.4088
 20
3.8543
 10
-8.4003
 20
3.8726
 10
-8.3919
 20
3.8909
 10
-8.3833
 20
3.9092
 10
-8.3748
 20
3.9275
 10
-8.3662
 20
3.9458
 10
-8.3576
 20
3.964
 10
-8.3489
 20
3.9822
 10
-8.3402
 20
4.0004
 10
-8.3315
 20
4.0186
 10
-8.3227
 20
4.0368
 10
-8.3138
 20
4.0549
 10
-8.305
 20
4.0731
 10
-8.2961
 20
4.0912
 10
-8.2871
 20
4.1093
 10
-8.2781
 20
4.1273
 10
-8.2691
 20
4.1454
 10
-8.2601
 20
4.1634
 10
-8.251
 20
4.1814
 10
-8.2418
 20
4.1994
 10
-8.2326
 20
4.2174
 10
-8.2234
 20
4.2353
 10
-8.2141
 20
4.2533
 10
-8.2049
 20
4.2712
 10
-8.1955
 20
4.2891
 10
-8.1861
 20
4.3069
 10
-8.1767
 20
4.3248
 10
-8.1673
 20
4.3426
 10
-8.1578
 20
4.3604
 10
-8.1482
 20
4.3782
 10
-8.1387
 20
4.396
 10
-8.1291
 20
4.4137
 10
-8.1194
 20
4.4314
 10
-8.1097
 20
4.4491
 10
-8.1
 20
4.4668
 10
-8.0902
 20
4.4845
 10
-8.0804
 20
4.5021
 10
-8.0706
 20
4.5197
 10
-8.0607
 20
4.5373
 10
-8.0508
 20
4.5549
 10
-8.0408
 20
4.5725
 10
-8.0308
 20
4.59
 10
-8.0208
 20
4.6075
 10
-8.0107
 20
4.625
 10
-8.0006
 20
4.6425
 10
-7.9905
 20
4.6599
 10
-7.9803
 20
4.6773
 10
-7.9701
 20
4.6947
 10
-7.9598
 20
4.7121
 10
-7.9495
 20
4.7295
 10
-7.9392
 20
4.7468
 10
-7.9288
 20
4.7641
 10
-7.9184
 20
4.7814
 10
-7.9079
 20
4.7987
 10
-7.8974
 20
4.8159
 10
-7.8869
 20
4.8331
 10
-7.8764
 20
4.8503
 10
-7.8658
 20
4.8675
 10
-7.8551
 20
4.8846
 10
-7.8444
 20
4.9018
 10
-7.8337
 20
4.9189
 10
-7.823
 20
4.9359
 10
-7.8122
 20
4.953
 10
-7.8014
 20
4.97
 10
-7.7905
 20
4.987
 10
-7.7796
 20
5.004
 10
-7.7687
 20
5.021
 10
-7.7577
 20
5.0379
 10
-7.7467
 20
5.0548
 10
-7.7356
 20
5.0717
 10
-7.7246
 20
5.0886
 10
-7.7134
 20
5.1054
 10
-7.7023
 20
5.1222
 10
-7.6911
 20
5.139
 10
-7.6799
 20
5.1558
 10
-7.6686
 20
5.1725
 10
-7.6573
 20
5.1893
 10
-7.646
 20
5.2059
 10
-7.6346
 20
5.2226
 10
-7.6232
 20
5.2393
 10
-7.6117
 20
5.2559
 10
-7.6002
 20
5.2725
 10
-7.5887
 20
5.289
 10
-7.5772
 20
5.3056
 10
-7.5656
 20
5.3221
 10
-7.5539
 20
5.3386
 10
-7.5423
 20
5.3551
 10
-7.5306
 20
5.3715
 10
-7.5188
 20
5.3879
 10
-7.5071
 20
5.4043
 10
-7.4953
 20
5.4207
 10
-7.4834
 20
5.437
 10
-7.4715
 20
5.4533
 10
-7.4596
 20
5.4696
 10
-7.4477
 20
5.4859
 10
-7.4357
 20
5.5021
 10
-7.4237
 20
5.5183
 10
-7.4116
 20
5.5345
 10
-7.3995
 20
5.5507
 10
-7.3874
 20
5.5668
 10
-7.3752
 20
5.5829
 10
-7.363
 20
5.599
 10
-7.3508
 20
5.615
 10
-7.3385
 20
5.631
 10
-7.3262
 20
5.647
 10
-7.3139
 20
5.663
 10
-7.3015
 20
5.679
 10
-7.2891
 20
5.6949
 10
-7.2767
 20
5.7108
 10
-7.2642
 20
5.7266
 10
-7.2517
 20
5.7425
 10
-7.2391
 20
5.7583
 10
-7.2265
 20
5.774
 10
-7.2139
 20
5.7898
 10
-7.2013
 20
5.8055
 10
-7.1886
 20
5.8212
 10
-7.1759
 20
5.8369
 10
-7.1631
 20
5.8525
 10
-7.1503
 20
5.8681
 10
-7.1375
 20
5.8837
 10
-7.1247
 20
5.8993
 10
-7.1118
 20
5.9148
 10
-7.0989
 20
5.9303
 10
-7.0859
 20
5.9458
 10
-7.0729
 20
5.9612
 10
-7.0599
 20
5.9766
 10
-7.0468
 20
5.992
 10
-7.0338
 20
6.0074
 10
-7.0206
 20
6.0227
 10
-7.0075
 20
6.038
 10
-6.9943
 20
6.0533
 10
-6.9811
 20
6.0685
 10
-6.9678
 20
6.0838
 10
-6.9545
 20
6.0989
 10
-6.9412
 20
6.1141
 10
-6.9278
 20
6.1292
 10
-6.9145
 20
6.1443
 10
-6.901
 20
6.1594
 10
-6.8876
 20
6.1744
 10
-6.8741
 20
6.1895
 10
-6.8606
 20
6.2044
 10
-6.847
 20
6.2194
 10
-6.8334
 20
6.2343
 10
-6.8198
 20
6.2492
 10
-6.8062
 20
6.2641
 10
-6.7925
 20
6.2789
 10
-6.7788
 20
6.2937
 10
-6.765
 20
6.3085
 10
-6.7512
 20
6.3232
 10
-6.7374
 20
6.3379
 10
-6.7236
 20
6.3526
 10
-6.7097
 20
6.3673
 10
-6.6958
 20
6.3819
 10
-6.6819
 20
6.3965
 10
-6.6679
 20
6.4111
 10
-6.6539
 20
6.4256
 10
-6.6399
 20
6.4401
 10
-6.6258
 20
6.4546
 10
-6.6117
 20
6.469
 10
-6.5976
 20
6.4834
 10
-6.5834
 20
6.4978
 10
-6.5692
 20
6.5121
 10
-6.555
 20
6.5265
 10
-6.5407
 20
6.5407
 10
-6.5265
 20
6.555
 10
-6.5121
 20
6.5692
 10
-6.4978
 20
6.5834
 10
-6.4834
 20
6.5976
 10
-6.469
 20
6.6117
 10
-6.4546
 20
6.6258
 10
-6.4401
 20
6.6399
 10
-6.4256
 20
6.6539
 10
-6.4111
 20
6.6679
 10
-6.3965
 20
6.6819
 10
-6.3819
 20
6.6958
 10
-6.3673
 20
6.7097
 10
-6.3526
 20
6.7236
 10
-6.3379
 20
6.7374
 10
-6.3232
 20
6.7512
 10
-6.3085
 20
6.765
 10
-6.2937
 20
6.7788
 10
-6.2789
 20
6.7925
 10
-6.2641
 20
6.8062
 10
-6.2492
 20
6.8198
 10
-6.2343
 20
6.8334
 10
-6.2194
 20
6.847
 10
-6.2044
 20
6.8606
 10
-6.1895
 20
6.8741
 10
-6.1744
 20
6.8876
 10
-6.1594
 20
6.901
 10
-6.1443
 20
6.9145
 10
-6.1292
 20
6.9278
 10
-6.1141
 20
6.9412
 10
-6.0989
 20
6.9545
 10
-6.0838
 20
6.9678
 10
-6.0685
 20
6.9811
 10
-6.0533
 20
6.9943
 10
-6.038
 20
7.0075
 10
-6.0227
 20
7.0206
 10
-6.0074
 20
7.0338
 10
-5.992
 20
7.0468
 10
-5.9766
 20
7.0599
 10
-5.9612
 20
7.0729
 10
-5.9458
 20
7.0859
 10
-5.9303
 20
7.0989
 10
-5.9148
 20
7.1118
 10
-5.8993
 20
7.1247
 10
-5.8837
 20
7.1375
 10
-5.8681
 20
7.1503
 10
-5.8525
 20
7.1631
 10
-5.8369
 20
7.1759
 10
-5.8212
 20
7.1886
 10
-5.8055
 20
7.2013
 10
-5.7898
 20
7.2139
 10
-5.774
 20
7.2265
 10
-5.7583
 20
7.2391
 10
-5.7425
 20
7.2517
 10
-5.7266
 20
7.2642
 10
-5.7108
 20
7.2767
 10
-5.6949
 20
7.2891
 10
-5.679
 20
7.3015
 10
-5.663
 20
7.3139
 10
-5.647
 20
7.3262
 10
-5.631
 20
7.3385
 10
-5.615
 20
7.3508
 10
-5.599
 20
7.363
 10
-5.5829
 20
7.3752
 10
-5.5668
 20
7.3874
 10
-5.5507
 20
7.3995
 10
-5.5345
 20
7.4116
 10
-5.5183
 20
7.4237
 10
-5.5021
 20
7.4357
 10
-5.4859
 20
7.4477
 10
-5.4696
 20
7.4596
 10
-5.4533
 20
7.4715
 10
-5.437
 20
7.4834
 10
-5.4207
 20
7.4953
 10
-5.4043
 20
7.5071
 10
-5.3879
 20
7.5188
 10
-5.3715
 20
7.5306
 10
-5.3551
 20
7.5423
 10
-5.3386
 20
7.5539
 10
-5.3221
 20
7.5656
 10
-5.3056
 20
7.5772
 10
-5.289
 20
7.5887
 10
-5.2725
 20
7.6002
 10
-5.2559
 20
7.6117
 10
-5.2393
 20
7.6232
 10
-5.2226
 20
7.6346
 10
-5.2059
 20
7.646
 10
-5.1893
 20
7.6573
 10
-5.1725
 20
7.6686
 10
-5.1558
 20
7.6799
 10
-5.139
 20
7.6911
 10
-5.1222
 20
7.7023
 10
-5.1054
 20
7.7134
 10
-5.0886
 20
7.7246
 10
-5.0717
 20
7.7356
 10
-5.0548
 20
7.7467
 10
-5.0379
 20
7.7577
 10
-5.021
 20
7.7687
 10
-5.004
 20
7.7796
 10
-4.987
 20
7.7905
 10
-4.97
 20
7.8014
 10
-4.953
 20
7.8122
 10
-4.9359
 20
7.823
 10
-4.9189
 20
7.8337
 10
-4.9018
 20
7.8444
 10
-4.8846
 20
7.8551
 10
-4.8675
 20
7.8658
 10
-4.8503
 20
7.8764
 10
-4.8331
 20
7.8869
 10
-4.8159
 20
7.8974
 10
-4.7987
 20
7.9079
 10
-4.7814
 20
7.9184
 10
-4.7641
 20
7.9288
 10
-4.7468
 20
7.9392
 10
-4.7295
 20
7.9495
 10
-4.7121
 20
7.9598
 10
-4.6947
 20
7.9701
 10
-4.6773
 20
7.9803
 10
-4.6599
 20
7.9905
 10
-4.6425
 20
8.0006
 10
-4.625
 20
8.0107
 10
-4.6075
 20
8.0208
 10
-4.59
 20
8.0308
 10
-4.5725
 20
8.0408
 10
-4.5549
 20
8.0508
 10
-4.5373
 20
8.0607
 10
-4.5197
 20
8.0706
 10
-4.5021
 20
8.0804
 10
-4.4845
 20
8.0902
 10
-4.4668
 20
8.1
 10
-4.4491
 20
8.1097
 10
-4.4314
 20
8.1194
 10
-4.4137
 20
8.1291
 10
-4.396
 20
8.1387
 10
-4.3782
 20
8.1482
 10
-4.3604
 20
8.1578
 10
-4.3426
 20
8.1673
 10
-4.3248
 20
8.1767
 10
-4.3069
 20
8.1861
 10
-4.2891
 20
8.1955
 10
-4.2712
 20
8.2049
 10
-4.2533
 20
8.2141
 10
-4.2353
 20
8.2234
 10
-4.2174
 20
8.2326
 10
-4.1994
 20
8.2418
 10
-4.1814
 20
8.251
 10
-4.1634
 20
8.2601
 10
-4.1454
 20
8.2691
 10
-4.1273
 20
8.2781
 10
-4.1093
 20
8.2871
 10
-4.0912
 20
8.2961
 10
-4.0731
 20
8.305
 10
-4.0549
 20
8.3138
 10
-4.0368
 20
8.3227
 10
-4.0186
 20
8.3315
 10
-4.0004
 20
8.3402
 10
-3.9822
 20
8.3489
 10
-3.964
 20
8.3576
 10
-3.9458
 20
8.3662
 10
-3.9275
 20
8.3748
 10
-3.9092
 20
8.3833
 10
-3.8909
 20
8.3919
 10
-3.8726
 20
8.4003
 10
-3.8543
 20
8.4088
 10
-3.8359
 20
8.4171
 10
-3.8175
 20
8.4255
 10
-3.7991
 20
8.4338
 10
-3.7807
 20
8.4421
 10
-3.7623
 20
8.4503
 10
-3.7439
 20
8.4585
 10
-3.7254
 20
8.4666
 10
-3.7069
 20
8.4747
 10
-3.6884
 20
8.4828
 10
-3.6699
 20
8.4908
 10
-3.6514
 20
8.4988
 10
-3.6328
 20
8.5068
 10
-3.6143
 20
8.5147
 10
-3.5957
 20
8.5225
 10
-3.5771
 20
8.5304
 10
-3.5585
 20
8.5381
 10
-3.5398
 20
8.5459
 10
-3.5212
 20
8.5536
 10
-3.5025
 20
8.5612
 10
-3.4838
 20
8.5689
 10
-3.4651
 20
8.5765
 10
-3.4464
 20
8.584
 10
-3.4277
 20
8.5915
 10
-3.4089
 20
8.5989
 10
-3.3901
 20
8.6064
 10
-3.3714
 20
8.6137
 10
-3.3526
 20
8.6211
 10
-3.3337
 20
8.6284
 10
-3.3149
 20
8.6356
 10
-3.2961
 20
8.6428
 10
-3.2772
 20
8.65
 10
-3.2583
 20
8.6571
 10
-3.2394
 20
8.6642
 10
-3.2205
 20
8.6713
 10
-3.2016
 20
8.6783
 10
-3.1826
 20
8.6852
 10
-3.1637
 20
8.6922
 10
-3.1447
 20
8.699
 10
-3.1257
 20
8.7059
 10
-3.1067
 20
8.7127
 10
-3.0877
 20
8.7194
 10
-3.0687
 20
8.7261
 10
-3.0496
 20
8.7328
 10
-3.0306
 20
8.7395
 10
-3.0115
 20
8.746
 10
-2.9924
 20
8.7526
 10
-2.9733
 20
8.7591
 10
-2.9542
 20
8.7656
 10
-2.9351
 20
8.772
 10
-2.9159
 20
8.7784
 10
-2.8968
 20
8.7847
 10
-2.8776
 20
8.791
 10
-2.8584
 20
8.7973
 10
-2.8392
 20
8.8035
 10
-2.82
 20
8.8097
 10
-2.8008
 20
8.8158
 10
-2.7815
 20
8.8219
 10
-2.7623
 20
8.8279
 10
-2.743
 20
8.8339
 10
-2.7237
 20
8.8399
 10
-2.7044
 20
8.8458
 10
-2.6851
 20
8.8517
 10
-2.6658
 20
8.8575
 10
-2.6465
 20
8.8633
 10
-2.6271
 20
8.8691
 10
-2.6078
 20
8.8748
 10
-2.5884
 20
8.8805
 10
-2.569
 20
8.8861
 10
-2.5496
 20
8.8917
 10
-2.5302
 20
8.8972
 10
-2.5108
 20
8.9027
 10
-2.4914
 20
8.9082
 10
-2.472
 20
8.9136
 10
-2.4525
 20
8.919
 10
-2.433
 20
8.9243
 10
-2.4136
 20
8.9296
 10
-2.3941
 20
8.9348
 10
-2.3746
 20
8.94
 10
-2.3551
 20
8.9452
 10
-2.3355
 20
8.9503
 10
-2.316
 20
8.9554
 10
-2.2965
 20
8.9604
 10
-2.2769
 20
8.9654
 10
-2.2574
 20
8.9703
 10
-2.2378
 20
8.9752
 10
-2.2182
 20
8.9801
 10
-2.1986
 20
8.9849
 10
-2.179
 20
8.9897
 10
-2.1594
 20
8.9944
 10
-2.1397
 20
8.9991
 10
-2.1201
 20
9.0038
 10
-2.1005
 20
9.0084
 10
-2.0808
 20
9.0129
 10
-2.0611
 20
9.0174
 10
-2.0415
 20
9.0219
 10
-2.0218
 20
9.0263
 10
-2.0021
 20
9.0307
 10
-1.9824
 20
9.0351
 10
-1.9626
 20
9.0394
 10
-1.9429
 20
9.0436
 10
-1.9232
 20
9.0479
 10
-1.9034
 20
9.052
 10
-1.8837
 20
9.0562
 10
-1.8639
 20
9.0603
 10
-1.8442
 20
9.0643
 10
-1.8244
 20
9.0683
 10
-1.8046
 20
9.0723
 10
-1.7848
 20
9.0762
 10
-1.765
 20
9.0801
 10
-1.7452
 20
9.0839
 10
-1.7253
 20
9.0877
 10
-1.7055
 20
9.0914
 10
-1.6857
 20
9.0951
 10
-1.6658
 20
9.0988
 10
-1.646
 20
9.1024
 10
-1.6261
 20
9.1059
 10
-1.6062
 20
9.1095
 10
-1.5864
 20
9.113
 10
-1.5665
 20
9.1164
 10
-1.5466
 20
9.1198
 10
-1.5267
 20
9.1231
 10
-1.5068
 20
9.1265
 10
-1.4869
 20
9.1297
 10
-1.4669
 20
9.1329
 10
-1.447
 20
9.1361
 10
-1.4271
 20
9.1393
 10
-1.4071
 20
9.1423
 10
-1.3872
 20
9.1454
 10
-1.3672
 20
9.1484
 10
-1.3473
 20
9.1514
 10
-1.3273
 20
9.1543
 10
-1.3073
 20
9.1571
 10
-1.2874
 20
9.16
 10
-1.2674
 20
9.1628
 10
-1.2474
 20
9.1655
 10
-1.2274
 20
9.1682
 10
-1.2074
 20
9.1709
 10
-1.1874
 20
9.1735
 10
-1.1673
 20
9.176
 10
-1.1473
 20
9.1786
 10
-1.1273
 20
9.1811
 10
-1.1073
 20
9.1835
 10
-1.0872
 20
9.1859
 10
-1.0672
 20
9.1882
 10
-1.0471
 20
9.1905
 10
-1.0271
 20
9.1928
 10
-1.007
 20
9.195
 10
-0.987
 20
9.1972
 10
-0.9669
 20
9.1993
 10
-0.9468
 20
9.2014
 10
-0.9267
 20
9.2035
 10
-0.9067
 20
9.2055
 10
-0.8866
 20
9.2074
 10
-0.8665
 20
9.2093
 10
-0.8464
 20
9.2112
 10
-0.8263
 20
9.213
 10
-0.8062
 20
9.2148
 10
-0.7861
 20
9.2165
 10
-0.766
 20
9.2182
 10
-0.7459
 20
9.2199
 10
-0.7257
 20
9.2215
 10
-0.7056
 20
9.223
 10
-0.6855
 20
9.2246
 10
-0.6654
 20
9.226
 10
-0.6452
 20
9.2275
 10
-0.6251
 20
9.2289
 10
-0.605
 20
9.2302
 10
-0.5848
 20
9.2315
 10
-0.5647
 20
9.2327
 10
-0.5446
 20
9.234
 10
-0.5244
 20
9.2351
 10
-0.5043
 20
9.2362
 10
-0.4841
 20
9.2373
 10
-0.464
 20
9.2384
 10
-0.4438
 20
9.2393
 10
-0.4236
 20
9.2403
 10
-0.4035
 20
9.2412
 10
-0.3833
 20
9.2421
 10
-0.3632
 20
9.2429
 10
-0.343
 20
9.2436
 10
-0.3228
 20
9.2444
 10
-0.3027
 20
9.245
 10
-0.2825
 20
9.2457
 10
-0.2623
 20
9.2463
 10
-0.2421
 20
9.2468
 10
-0.222
 20
9.2473
 10
-0.2018
 20
9.2478
 10
-0.1816
 20
9.2482
 10
-0.1614
 20
9.2486
 10
-0.1413
 20
9.2489
 10
-0.1211
 20
9.2492
 10
-0.1009
 20
9.2494
 10
-0.0807
 20
9.2496
 10
-0.0605
 20
9.2498
 10
-0.0404
 20
9.2499
 10
-0.0202
 20
9.25
 10
0.0
 20
9.25
 10
0.0202
 20
9.25
 10
0.0404
 20
9.2499
 10
0.0605
 20
9.2498
 10
0.0807
 20
9.2496
 10
0.1009
 20
9.2494
 10
0.1211
 20
9.2492
 10
0.1413
 20
9.2489
 10
0.1614
 20
9.2486
 10
0.1816
 20
9.2482
 10
0.2018
 20
9.2478
 10
0.222
 20
9.2473
 10
0.2421
 20
9.2468
 10
0.2623
 20
9.2463
 10
0.2825
 20
9.2457
 10
0.3027
 20
9.245
 10
0.3228
 20
9.2444
 10
0.343
 20
9.2436
 10
0.3632
 20
9.2429
 10
0.3833
 20
9.2421
 10
0.4035
 20
9.2412
 10
0.4236
 20
9.2403
 10
0.4438
 20
9.2393
 10
0.464
 20
9.2384
 10
0.4841
 20
9.2373
 10
0.5043
 20
9.2362
 10
0.5244
 20
9.2351
 10
0.5446
 20
9.234
 10
0.5647
 20
9.2327
 10
0.5848
 20
9.2315
 10
0.605
 20
9.2302
 10
0.6251
 20
9.2289
 10
0.6452
 20
9.2275
 10
0.6654
 20
9.226
 10
0.6855
 20
9.2246
 10
0.7056
 20
9.223
 10
0.7257
 20
9.2215
 10
0.7459
 20
9.2199
 10
0.766
 20
9.2182
 10
0.7861
 20
9.2165
 10
0.8062
 20
9.2148
 10
0.8263
 20
9.213
 10
0.8464
 20
9.2112
 10
0.8665
 20
9.2093
 10
0.8866
 20
9.2074
 10
0.9067
 20
9.2055
 10
0.9267
 20
9.2035
 10
0.9468
 20
9.2014
 10
0.9669
 20
9.1993
 10
0.987
 20
9.1972
 10
1.007
 20
9.195
 10
1.0271
 20
9.1928
 10
1.0471
 20
9.1905
 10
1.0672
 20
9.1882
 10
1.0872
 20
9.1859
 10
1.1073
 20
9.1835
 10
1.1273
 20
9.1811
 10
1.1473
 20
9.1786
 10
1.1673
 20
9.176
 10
1.1874
 20
9.1735
 10
1.2074
 20
9.1709
 10
1.2274
 20
9.1682
 10
1.2474
 20
9.1655
 10
1.2674
 20
9.1628
 10
1.2874
 20
9.16
 10
1.3073
 20
9.1571
 10
1.3273
 20
9.1543
 10
1.3473
 20
9.1514
 10
1.3672
 20
9.1484
 10
1.3872
 20
9.1454
 10
1.4071
 20
9.1423
 10
1.4271
 20
9.1393
 10
1.447
 20
9.1361
 10
1.4669
 20
9.1329
 10
1.4869
 20
9.1297
 10
1.5068
 20
9.1265
 10
1.5267
 20
9.1231
 10
1.5466
 20
9.1198
 10
1.5665
 20
9.1164
 10
1.5864
 20
9.113
 10
1.6062
 20
9.1095
 10
1.6261
 20
9.1059
 10
1.646
 20
9.1024
 10
1.6658
 20
9.0988
 10
1.6857
 20
9.0951
 10
1.7055
 20
9.0914
 10
1.7253
 20
9.0877
 10
1.7452
 20
9.0839
 10
1.765
 20
9.0801
 10
1.7848
 20
9.0762
 10
1.8046
 20
9.0723
 10
1.8244
 20
9.0683
 10
1.8442
 20
9.0643
 10
1.8639
 20
9.0603
 10
1.8837
 20
9.0562
 10
1.9034
 20
9.052
 10
1.9232
 20
9.0479
 10
1.9429
 20
9.0436
 10
1.9626
 20
9.0394
 10
1.9824
 20
9.0351
 10
2.0021
 20
9.0307
 10
2.0218
 20
9.0263
 10
2.0415
 20
9.0219
 10
2.0611
 20
9.0174
 10
2.0808
 20
9.0129
 10
2.1005
 20
9.0084
 10
2.1201
 20
9.0038
 10
2.1397
 20
8.9991
 10
2.1594
 20
8.9944
 10
2.179
 20
8.9897
 10
2.1986
 20
8.9849
 10
2.2182
 20
8.9801
 10
2.2378
 20
8.9752
 10
2.2574
 20
8.9703
 10
2.2769
 20
8.9654
 10
2.2965
 20
8.9604
 10
2.316
 20
8.9554
 10
2.3355
 20
8.9503
 10
2.3551
 20
8.9452
 10
2.3746
 20
8.94
 10
2.3941
 20
8.9348
 10
2.4136
 20
8.9296
 10
2.433
 20
8.9243
 10
2.4525
 20
8.919
 10
2.472
 20
8.9136
 10
2.4914
 20
8.9082
 10
2.5108
 20
8.9027
 10
2.5302
 20
8.8972
 10
2.5496
 20
8.8917
 10
2.569
 20
8.8861
 10
2.5884
 20
8.8805
 10
2.6078
 20
8.8748
 10
2.6271
 20
8.8691
 10
2.6465
 20
8.8633
 10
2.6658
 20
8.8575
 10
2.6851
 20
8.8517
 10
2.7044
 20
8.8458
 10
2.7237
 20
8.8399
 10
2.743
 20
8.8339
 10
2.7623
 20
8.8279
 10
2.7815
 20
8.8219
 10
2.8008
 20
8.8158
 10
2.82
 20
8.8097
 10
2.8392
 20
8.8035
 10
2.8584
 20
8.7973
 10
2.8776
 20
8.791
 10
2.8968
 20
8.7847
 10
2.9159
 20
8.7784
 10
2.9351
 20
8.772
 10
2.9542
 20
8.7656
 10
2.9733
 20
8.7591
 10
2.9924
 20
8.7526
 10
3.0115
 20
8.746
 10
3.0306
 20
8.7395
 10
3.0496
 20
8.7328
 10
3.0687
 20
8.7261
 10
3.0877
 20
8.7194
 10
3.1067
 20
8.7127
 10
3.1257
 20
8.7059
 10
3.1447
 20
8.699
 10
3.1637
 20
8.6922
 10
3.1826
 20
8.6852
 10
3.2016
 20
8.6783
 10
3.2205
 20
8.6713
 10
3.2394
 20
8.6642
 10
3.2583
 20
8.6571
 10
3.2772
 20
8.65
 10
3.2961
 20
8.6428
 10
3.3149
 20
8.6356
 10
3.3337
 20
8.6284
 10
3.3526
 20
8.6211
 10
3.3714
 20
8.6137
 10
3.3901
 20
8.6064
 10
3.4089
 20
8.5989
 10
3.4277
 20
8.5915
 10
3.4464
 20
8.584
 10
3.4651
 20
8.5765
 10
3.4838
 20
8.5689
 10
3.5025
 20
8.5612
 10
3.5212
 20
8.5536
 10
3.5398
 20
8.5459
 10
3.5585
 20
8.5381
 10
3.5771
 20
8.5304
 10
3.5957
 20
8.5225
 10
3.6143
 20
8.5147
 10
3.6328
 20
8.5068
 10
3.6514
 20
8.4988
 10
3.6699
 20
8.4908
 10
3.6884
 20
8.4828
 10
3.7069
 20
8.4747
 10
3.7254
 20
8.4666
 10
3.7439
 20
8.4585
 10
3.7623
 20
8.4503
 10
3.7807
 20
8.4421
 10
3.7991
 20
8.4338
 10
3.8175
 20
8.4255
 10
3.8359
 20
8.4171
 10
3.8543
 20
8.4088
 10
3.8726
 20
8.4003
 10
3.8909
 20
8.3919
 10
3.9092
 20
8.3833
 10
3.9275
 20
8.3748
 10
3.9458
 20
8.3662
 10
3.964
 20
8.3576
 10
3.9822
 20
8.3489
 10
4.0004
 20
8.3402
 10
4.0186
 20
8.3315
 10
4.0368
 20
8.3227
 10
4.0549
 20
8.3138
 10
4.0731
 20
8.305
 10
4.0912
 20
8.2961
 10
4.1093
 20
8.2871
 10
4.1273
 20
8.2781
 10
4.1454
 20
8.2691
 10
4.1634
 20
8.2601
 10
4.1814
 20
8.251
 10
4.1994
 20
8.2418
 10
4.2174
 20
8.2326
 10
4.2353
 20
8.2234
 10
4.2533
 20
8.2141
 10
4.2712
 20
8.2049
 10
4.2891
 20
8.1955
 10
4.3069
 20
8.1861
 10
4.3248
 20
8.1767
 10
4.3426
 20
8.1673
 10
4.3604
 20
8.1578
 10
4.3782
 20
8.1482
 10
4.396
 20
8.1387
 10
4.4137
 20
8.1291
 10
4.4314
 20
8.1194
 10
4.4491
 20
8.1097
 10
4.4668
 20
8.1
 10
4.4845
 20
8.0902
 10
4.5021
 20
8.0804
 10
4.5197
 20
8.0706
 10
4.5373
 20
8.0607
 10
4.5549
 20
8.0508
 10
4.5725
 20
8.0408
 10
4.59
 20
8.0308
 10
4.6075
 20
8.0208
 10
4.625
 20
8.0107
 10
4.6425
 20
8.0006
 10
4.6599
 20
7.9905
 10
4.6773
 20
7.9803
 10
4.6947
 20
7.9701
 10
4.7121
 20
7.9598
 10
4.7295
 20
7.9495
 10
4.7468
 20
7.9392
 10
4.7641
 20
7.9288
 10
4.7814
 20
7.9184
 10
4.7987
 20
7.9079
 10
4.8159
 20
7.8974
 10
4.8331
 20
7.8869
 10
4.8503
 20
7.8764
 10
4.8675
 20
7.8658
 10
4.8846
 20
7.8551
 10
4.9018
 20
7.8444
 10
4.9189
 20
7.8337
 10
4.9359
 20
7.823
 10
4.953
 20
7.8122
 10
4.97
 20
7.8014
 10
4.987
 20
7.7905
 10
5.004
 20
7.7796
 10
5.021
 20
7.7687
 10
5.0379
 20
7.7577
 10
5.0548
 20
7.7467
 10
5.0717
 20
7.7356
 10
5.0886
 20
7.7246
 10
5.1054
 20
7.7134
 10
5.1222
 20
7.7023
 10
5.139
 20
7.6911
 10
5.1558
 20
7.6799
 10
5.1725
 20
7.6686
 10
5.1893
 20
7.6573
 10
5.2059
 20
7.646
 10
5.2226
 20
7.6346
 10
5.2393
 20
7.6232
 10
5.2559
 20
7.6117
 10
5.2725
 20
7.6002
 10
5.289
 20
7.5887
 10
5.3056
 20
7.5772
 10
5.3221
 20
7.5656
 10
5.3386
 20
7.5539
 10
5.3551
 20
7.5423
 10
5.3715
 20
7.5306
 10
5.3879
 20
7.5188
 10
5.4043
 20
7.5071
 10
5.4207
 20
7.4953
 10
5.437
 20
7.4834
 10
5.4533
 20
7.4715
 10
5.4696
 20
7.4596
 10
5.4859
 20
7.4477
 10
5.5021
 20
7.4357
 10
5.5183
 20
7.4237
 10
5.5345
 20
7.4116
 10
5.5507
 20
7.3995
 10
5.5668
 20
7.3874
 10
5.5829
 20
7.3752
 10
5.599
 20
7.363
 10
5.615
 20
7.3508
 10
5.631
 20
7.3385
 10
5.647
 20
7.3262
 10
5.663
 20
7.3139
 10
5.679
 20
7.3015
 10
5.6949
 20
7.2891
 10
5.7108
 20
7.2767
 10
5.7266
 20
7.2642
 10
5.7425
 20
7.2517
 10
5.7583
 20
7.2391
 10
5.774
 20
7.2265
 10
5.7898
 20
7.2139
 10
5.8055
 20
7.2013
 10
5.8212
 20
7.1886
 10
5.8369
 20
7.1759
 10
5.8525
 20
7.1631
 10
5.8681
 20
7.1503
 10
5.8837
 20
7.1375
 10
5.8993
 20
7.1247
 10
5.9148
 20
7.1118
 10
5.9303
 20
7.0989
 10
5.9458
 20
7.0859
 10
5.9612
 20
7.0729
 10
5.9766
 20
7.0599
 10
5.992
 20
7.0468
 10
6.0074
 20
7.0338
 10
6.0227
 20
7.0206
 10
6.038
 20
7.0075
 10
6.0533
 20
6.9943
 10
6.0685
 20
6.9811
 10
6.0838
 20
6.9678
 10
6.0989
 20
6.9545
 10
6.1141
 20
6.9412
 10
6.1292
 20
6.9278
 10
6.1443
 20
6.9145
 10
6.1594
 20
6.901
 10
6.1744
 20
6.8876
 10
6.1895
 20
6.8741
 10
6.2044
 20
6.8606
 10
6.2194
 20
6.847
 10
6.2343
 20
6.8334
 10
6.2492
 20
6.8198
 10
6.2641
 20
6.8062
 10
6.2789
 20
6.7925
 10
6.2937
 20
6.7788
 10
6.3085
 20
6.765
 10
6.3232
 20
6.7512
 10
6.3379
 20
6.7374
 10
6.3526
 20
6.7236
 10
6.3673
 20
6.7097
 10
6.3819
 20
6.6958
 10
6.3965
 20
6.6819
 10
6.4111
 20
6.6679
 10
6.4256
 20
6.6539
 10
6.4401
 20
6.6399
 10
6.4546
 20
6.6258
 10
6.469
 20
6.6117
 10
6.4834
 20
6.5976
 10
6.4978
 20
6.5834
 10
6.5121
 20
6.5692
 10
6.5265
 20
6.555
 10
6.5407
 20
6.5407
 10
6.555
 20
6.5265
 10
6.5692
 20
6.5121
 10
6.5834
 20
6.4978
 10
6.5976
 20
6.4834
 10
6.6117
 20
6.469
 10
6.6258
 20
6.4546
 10
6.6399
 20
6.4401
 10
6.6539
 20
6.4256
 10
6.6679
 20
6.4111
 10
6.6819
 20
6.3965
 10
6.6958
 20
6.3819
 10
6.7097
 20
6.3673
 10
6.7236
 20
6.3526
 10
6.7374
 20
6.3379
 10
6.7512
 20
6.3232
 10
6.765
 20
6.3085
 10
6.7788
 20
6.2937
 10
6.7925
 20
6.2789
 10
6.8062
 20
6.2641
 10
6.8198
 20
6.2492
 10
6.8334
 20
6.2343
 10
6.847
 20
6.2194
 10
6.8606
 20
6.2044
 10
6.8741
 20
6.1895
 10
6.8876
 20
6.1744
 10
6.901
 20
6.1594
 10
6.9145
 20
6.1443
 10
6.9278
 20
6.1292
 10
6.9412
 20
6.1141
 10
6.9545
 20
6.0989
 10
6.9678
 20
6.0838
 10
6.9811
 20
6.0685
 10
6.9943
 20
6.0533
 10
7.0075
 20
6.038
 10
7.0206
 20
6.0227
 10
7.0338
 20
6.0074
 10
7.0468
 20
5.992
 10
7.0599
 20
5.9766
 10
7.0729
 20
5.9612
 10
7.0859
 20
5.9458
 10
7.0989
 20
5.9303
 10
7.1118
 20
5.9148
 10
7.1247
 20
5.8993
 10
7.1375
 20
5.8837
 10
7.1503
 20
5.8681
 10
7.1631
 20
5.8525
 10
7.1759
 20
5.8369
 10
7.1886
 20
5.8212
 10
7.2013
 20
5.8055
 10
7.2139
 20
5.7898
 10
7.2265
 20
5.774
 10
7.2391
 20
5.7583
 10
7.2517
 20
5.7425
 10
7.2642
 20
5.7266
 10
7.2767
 20
5.7108
 10
7.2891
 20
5.6949
 10
7.3015
 20
5.679
 10
7.3139
 20
5.663
 10
7.3262
 20
5.647
 10
7.3385
 20
5.631
 10
7.3508
 20
5.615
 10
7.363
 20
5.599
 10
7.3752
 20
5.5829
 10
7.3874
 20
5.5668
 10
7.3995
 20
5.5507
 10
7.4116
 20
5.5345
 10
7.4237
 20
5.5183
 10
7.4357
 20
5.5021
 10
7.4477
 20
5.4859
 10
7.4596
 20
5.4696
 10
7.4715
 20
5.4533
 10
7.4834
 20
5.437
 10
7.4953
 20
5.4207
 10
7.5071
 20
5.4043
 10
7.5188
 20
5.3879
 10
7.5306
 20
5.3715
 10
7.5423
 20
5.3551
 10
7.5539
 20
5.3386
 10
7.5656
 20
5.3221
 10
7.5772
 20
5.3056
 10
7.5887
 20
5.289
 10
7.6002
 20
5.2725
 10
7.6117
 20
5.2559
 10
7.6232
 20
5.2393
 10
7.6346
 20
5.2226
 10
7.646
 20
5.2059
 10
7.6573
 20
5.1893
 10
7.6686
 20
5.1725
 10
7.6799
 20
5.1558
 10
7.6911
 20
5.139
 10
7.7023
 20
5.1222
 10
7.7134
 20
5.1054
 10
7.7246
 20
5.0886
 10
7.7356
 20
5.0717
 10
7.7467
 20
5.0548
 10
7.7577
 20
5.0379
 10
7.7687
 20
5.021
 10
7.7796
 20
5.004
 10
7.7905
 20
4.987
 10
7.8014
 20
4.97
 10
7.8122
 20
4.953
 10
7.823
 20
4.9359
 10
7.8337
 20
4.9189
 10
7.8444
 20
4.9018
 10
7.8551
 20
4.8846
 10
7.8658
 20
4.8675
 10
7.8764
 20
4.8503
 10
7.8869
 20
4.8331
 10
7.8974
 20
4.8159
 10
7.9079
 20
4.7987
 10
7.9184
 20
4.7814
 10
7.9288
 20
4.7641
 10
7.9392
 20
4.7468
 10
7.9495
 20
4.7295
 10
7.9598
 20
4.7121
 10
7.9701
 20
4.6947
 10
7.9803
 20
4.6773
 10
7.9905
 20
4.6599
 10
8.0006
 20
4.6425
 10
8.0107
 20
4.625
 10
8.0208
 20
4.6075
 10
8.0308
 20
4.59
 10
8.0408
 20
4.5725
 10
8.0508
 20
4.5549
 10
8.0607
 20
4.5373
 10
8.0706
 20
4.5197
 10
8.0804
 20
4.5021
 10
8.0902
 20
4.4845
 10
8.1
 20
4.4668
 10
8.1097
 20
4.4491
 10
8.1194
 20
4.4314
 10
8.1291
 20
4.4137
 10
8.1387
 20
4.396
 10
8.1482
 20
4.3782
 10
8.1578
 20
4.3604
 10
8.1673
 20
4.3426
 10
8.1767
 20
4.3248
 10
8.1861
 20
4.3069
 10
8.1955
 20
4.2891
 10
8.2049
 20
4.2712
 10
8.2141
 20
4.2533
 10
8.2234
 20
4.2353
 10
8.2326
 20
4.2174
 10
8.2418
 20
4.1994
 10
8.251
 20
4.1814
 10
8.2601
 20
4.1634
 10
8.2691
 20
4.1454
 10
8.2781
 20
4.1273
 10
8.2871
 20
4.1093
 10
8.2961
 20
4.0912
 10
8.305
 20
4.0731
 10
8.3138
 20
4.0549
 10
8.3227
 20
4.0368
 10
8.3315
 20
4.0186
 10
8.3402
 20
4.0004
 10
8.3489
 20
3.9822
 10
8.3576
 20
3.964
 10
8.3662
 20
3.9458
 10
8.3748
 20
3.9275
 10
8.3833
 20
3.9092
 10
8.3919
 20
3.8909
 10
8.4003
 20
3.8726
 10
8.4088
 20
3.8543
 10
8.4171
 20
3.8359
 10
8.4255
 20
3.8175
 10
8.4338
 20
3.7991
 10
8.4421
 20
3.7807
 10
8.4503
 20
3.7623
 10
8.4585
 20
3.7439
 10
8.4666
 20
3.7254
 10
8.4747
 20
3.7069
 10
8.4828
 20
3.6884
 10
8.4908
 20
3.6699
 10
8.4988
 20
3.6514
 10
8.5068
 20
3.6328
 10
8.5147
 20
3.6143
 10
8.5225
 20
3.5957
 10
8.5304
 20
3.5771
 10
8.5381
 20
3.5585
 10
8.5459
 20
3.5398
 10
8.5536
 20
3.5212
 10
8.5612
 20
3.5025
 10
8.5689
 20
3.4838
 10
8.5765
 20
3.4651
 10
8.584
 20
3.4464
 10
8.5915
 20
3.4277
 10
8.5989
 20
3.4089
 10
8.6064
 20
3.3901
 10
8.6137
 20
3.3714
 10
8.6211
 20
3.3526
 10
8.6284
 20
3.3337
 10
8.6356
 20
3.3149
 10
8.6428
 20
3.2961
 10
8.65
 20
3.2772
 10
8.6571
 20
3.2583
 10
8.6642
 20
3.2394
 10
8.6713
 20
3.2205
 10
8.6783
 20
3.2016
 10
8.6852
 20
3.1826
 10
8.6922
 20
3.1637
 10
8.699
 20
3.1447
 10
8.7059
 20
3.1257
 10
8.7127
 20
3.1067
 10
8.7194
 20
3.0877
 10
8.7261
 20
3.0687
 10
8.7328
 20
3.0496
 10
8.7395
 20
3.0306
 10
8.746
 20
3.0115
 10
8.7526
 20
2.9924
 10
8.7591
 20
2.9733
 10
8.7656
 20
2.9542
 10
8.772
 20
2.9351
 10
8.7784
 20
2.9159
 10
8.7847
 20
2.8968
 10
8.791
 20
2.8776
 10
8.7973
 20
2.8584
 10
8.8035
 20
2.8392
 10
8.8097
 20
2.82
 10
8.8158
 20
2.8008
 10
8.8219
 20
2.7815
 10
8.8279
 20
2.7623
 10
8.8339
 20
2.743
 10
8.8399
 20
2.7237
 10
8.8458
 20
2.7044
 10
8.8517
 20
2.6851
 10
8.8575
 20
2.6658
 10
8.8633
 20
2.6465
 10
8.8691
 20
2.6271
 10
8.8748
 20
2.6078
 10
8.8805
 20
2.5884
 10
8.8861
 20
2.569
 10
8.8917
 20
2.5496
 10
8.8972
 20
2.5302
 10
8.9027
 20
2.5108
 10
8.9082
 20
2.4914
 10
8.9136
 20
2.472
 10
8.919
 20
2.4525
 10
8.9243
 20
2.433
 10
8.9296
 20
2.4136
 10
8.9348
 20
2.3941
 10
8.94
 20
2.3746
 10
8.9452
 20
2.3551
 10
8.9503
 20
2.3355
 10
8.9554
 20
2.316
 10
8.9604
 20
2.2965
 10
8.9654
 20
2.2769
 10
8.9703
 20
2.2574
 10
8.9752
 20
2.2378
 10
8.9801
 20
2.2182
 10
8.9849
 20
2.1986
 10
8.9897
 20
2.179
 10
8.9944
 20
2.1594
 10
8.9991
 20
2.1397
 10
9.0038
 20
2.1201
 10
9.0084
 20
2.1005
 10
9.0129
 20
2.0808
 10
9.0174
 20
2.0611
 10
9.0219
 20
2.0415
 10
9.0263
 20
2.0218
 10
9.0307
 20
2.0021
 10
9.0351
 20
1.9824
 10
9.0394
 20
1.9626
 10
9.0436
 20
1.9429
 10
9.0479
 20
1.9232
 10
9.052
 20
1.9034
 10
9.0562
 20
1.8837
 10
9.0603
 20
1.8639
 10
9.0643
 20
1.8442
 10
9.0683
 20
1.8244
 10
9.0723
 20
1.8046
 10
9.0762
 20
1.7848
 10
9.0801
 20
1.765
 10
9.0839
 20
1.7452
 10
9.0877
 20
1.7253
 10
9.0914
 20
1.7055
 10
9.0951
 20
1.6857
 10
9.0988
 20
1.6658
 10
9.1024
 20
1.646
 10
9.1059
 20
1.6261
 10
9.1095
 20
1.6062
 10
9.113
 20
1.5864
 10
9.1164
 20
1.5665
 10
9.1198
 20
1.5466
 10
9.1231
 20
1.5267
 10
9.1241
 20
1.5207
 10
9.1207
 20
1.5195
 10
9.0681
 20
1.4977
 10
9.037
 20
1.483
 10
9.0297
 20
1.479
 10
9.0278
 20
1.4905
 10
9.0245
 20
1.5102
 10
9.0212
 20
1.5299
 10
9.0178
 20
1.5495
 10
9.0144
 20
1.5692
 10
9.011
 20
1.5889
 10
9.0075
 20
1.6085
 10
9.004
 20
1.6282
 10
9.0004
 20
1.6478
 10
8.9968
 20
1.6675
 10
8.9931
 20
1.6871
 10
8.9894
 20
1.7067
 10
8.9857
 20
1.7263
 10
8.9819
 20
1.7459
 10
8.9781
 20
1.7655
 10
8.9742
 20
1.7851
 10
8.9703
 20
1.8047
 10
8.9663
 20
1.8242
 10
8.9623
 20
1.8438
 10
8.9583
 20
1.8633
 10
8.9542
 20
1.8829
 10
8.9501
 20
1.9024
 10
8.9459
 20
1.9219
 10
8.9417
 20
1.9414
 10
8.9374
 20
1.9609
 10
8.9331
 20
1.9804
 10
8.9288
 20
1.9999
 10
8.9244
 20
2.0194
 10
8.92
 20
2.0388
 10
8.9155
 20
2.0583
 10
8.911
 20
2.0777
 10
8.9064
 20
2.0972
 10
8.9018
 20
2.1166
 10
8.8972
 20
2.136
 10
8.8925
 20
2.1554
 10
8.8878
 20
2.1748
 10
8.883
 20
2.1942
 10
8.8782
 20
2.2136
 10
8.8734
 20
2.2329
 10
8.8685
 20
2.2523
 10
8.8635
 20
2.2716
 10
8.8586
 20
2.291
 10
8.8535
 20
2.3103
 10
8.8485
 20
2.3296
 10
8.8434
 20
2.3489
 10
8.8382
 20
2.3682
 10
8.833
 20
2.3875
 10
8.8278
 20
2.4067
 10
8.8225
 20
2.426
 10
8.8172
 20
2.4452
 10
8.8119
 20
2.4645
 10
8.8065
 20
2.4837
 10
8.801
 20
2.5029
 10
8.7955
 20
2.5221
 10
8.79
 20
2.5413
 10
8.7845
 20
2.5604
 10
8.7788
 20
2.5796
 10
8.7732
 20
2.5987
 10
8.7675
 20
2.6179
 10
8.7618
 20
2.637
 10
8.756
 20
2.6561
 10
8.7502
 20
2.6752
 10
8.7443
 20
2.6943
 10
8.7384
 20
2.7134
 10
8.7325
 20
2.7324
 10
8.7265
 20
2.7515
 10
8.7205
 20
2.7705
 10
8.7144
 20
2.7895
 10
8.7083
 20
2.8085
 10
8.7022
 20
2.8275
 10
8.696
 20
2.8465
 10
8.6897
 20
2.8654
 10
8.6835
 20
2.8844
 10
8.6772
 20
2.9033
 10
8.6708
 20
2.9223
 10
8.6644
 20
2.9412
 10
8.658
 20
2.9601
 10
8.6515
 20
2.9789
 10
8.645
 20
2.9978
 10
8.6384
 20
3.0167
 10
8.6318
 20
3.0355
 10
8.6252
 20
3.0543
 10
8.6185
 20
3.0731
 10
8.6118
 20
3.0919
 10
8.605
 20
3.1107
 10
8.5982
 20
3.1295
 10
8.5913
 20
3.1482
 10
8.5845
 20
3.167
 10
8.5775
 20
3.1857
 10
8.5706
 20
3.2044
 10
8.5635
 20
3.2231
 10
8.5565
 20
3.2418
 10
8.5494
 20
3.2604
 10
8.5423
 20
3.2791
 10
8.5351
 20
3.2977
 10
8.5279
 20
3.3163
 10
8.5206
 20
3.3349
 10
8.5133
 20
3.3535
 10
8.506
 20
3.3721
 10
8.4986
 20
3.3906
 10
8.4912
 20
3.4091
 10
8.4837
 20
3.4277
 10
8.4762
 20
3.4462
 10
8.4687
 20
3.4646
 10
8.4611
 20
3.4831
 10
8.4535
 20
3.5016
 10
8.4458
 20
3.52
 10
8.4381
 20
3.5384
 10
8.4304
 20
3.5568
 10
8.4226
 20
3.5752
 10
8.4148
 20
3.5936
 10
8.4069
 20
3.6119
 10
8.399
 20
3.6302
 10
8.3911
 20
3.6486
 10
8.3831
 20
3.6669
 10
8.3751
 20
3.6851
 10
8.367
 20
3.7034
 10
8.3589
 20
3.7216
 10
8.3508
 20
3.7399
 10
8.3426
 20
3.7581
 10
8.3344
 20
3.7763
 10
8.3261
 20
3.7944
 10
8.3178
 20
3.8126
 10
8.3095
 20
3.8307
 10
8.3011
 20
3.8489
 10
8.2927
 20
3.867
 10
8.2843
 20
3.885
 10
8.2758
 20
3.9031
 10
8.2672
 20
3.9211
 10
8.2587
 20
3.9392
 10
8.25
 20
3.9572
 10
8.2414
 20
3.9752
 10
8.2327
 20
3.9931
 10
8.224
 20
4.0111
 10
8.2152
 20
4.029
 10
8.2064
 20
4.0469
 10
8.1975
 20
4.0648
 10
8.1886
 20
4.0827
 10
8.1797
 20
4.1006
 10
8.1708
 20
4.1184
 10
8.1618
 20
4.1362
 10
8.1527
 20
4.154
 10
8.1436
 20
4.1718
 10
8.1345
 20
4.1895
 10
8.1253
 20
4.2073
 10
8.1161
 20
4.225
 10
8.1069
 20
4.2427
 10
8.0976
 20
4.2604
 10
8.0883
 20
4.278
 10
8.079
 20
4.2957
 10
8.0696
 20
4.3133
 10
8.0602
 20
4.3309
 10
8.0507
 20
4.3484
 10
8.0412
 20
4.366
 10
8.0316
 20
4.3835
 10
8.022
 20
4.401
 10
8.0124
 20
4.4185
 10
8.0028
 20
4.436
 10
7.9931
 20
4.4535
 10
7.9833
 20
4.4709
 10
7.9736
 20
4.4883
 10
7.9638
 20
4.5057
 10
7.9539
 20
4.523
 10
7.944
 20
4.5404
 10
7.9341
 20
4.5577
 10
7.9241
 20
4.575
 10
7.9141
 20
4.5923
 10
7.9041
 20
4.6095
 10
7.894
 20
4.6268
 10
7.8839
 20
4.644
 10
7.8738
 20
4.6612
 10
7.8636
 20
4.6783
 10
7.8533
 20
4.6955
 10
7.8431
 20
4.7126
 10
7.8328
 20
4.7297
 10
7.8224
 20
4.7468
 10
7.8121
 20
4.7638
 10
7.8017
 20
4.7809
 10
7.7912
 20
4.7979
 10
7.7807
 20
4.8149
 10
7.7702
 20
4.8318
 10
7.7596
 20
4.8488
 10
7.749
 20
4.8657
 10
7.7384
 20
4.8826
 10
7.7277
 20
4.8994
 10
7.717
 20
4.9163
 10
7.7063
 20
4.9331
 10
7.6955
 20
4.9499
 10
7.6847
 20
4.9667
 10
7.6738
 20
4.9834
 10
7.6629
 20
5.0002
 10
7.652
 20
5.0169
 10
7.6411
 20
5.0336
 10
7.6301
 20
5.0502
 10
7.619
 20
5.0669
 10
7.6079
 20
5.0835
 10
7.5968
 20
5.1001
 10
7.5857
 20
5.1166
 10
7.5745
 20
5.1332
 10
7.5633
 20
5.1497
 10
7.552
 20
5.1662
 10
7.5408
 20
5.1826
 10
7.5294
 20
5.1991
 10
7.5181
 20
5.2155
 10
7.5067
 20
5.2319
 10
7.4952
 20
5.2482
 10
7.4838
 20
5.2646
 10
7.4723
 20
5.2809
 10
7.4607
 20
5.2972
 10
7.4492
 20
5.3134
 10
7.4375
 20
5.3297
 10
7.4259
 20
5.3459
 10
7.4142
 20
5.3621
 10
7.4025
 20
5.3782
 10
7.3908
 20
5.3944
 10
7.379
 20
5.4105
 10
7.3671
 20
5.4266
 10
7.3553
 20
5.4426
 10
7.3434
 20
5.4587
 10
7.3315
 20
5.4747
 10
7.3195
 20
5.4907
 10
7.3075
 20
5.5066
 10
7.2955
 20
5.5225
 10
7.2834
 20
5.5384
 10
7.2713
 20
5.5543
 10
7.2592
 20
5.5702
 10
7.247
 20
5.586
 10
7.2348
 20
5.6018
 10
7.2226
 20
5.6176
 10
7.2103
 20
5.6333
 10
7.198
 20
5.649
 10
7.1856
 20
5.6647
 10
7.1733
 20
5.6804
 10
7.1609
 20
5.696
 10
7.1484
 20
5.7116
 10
7.1359
 20
5.7272
 10
7.1234
 20
5.7428
 10
7.1109
 20
5.7583
 10
7.0983
 20
5.7738
 10
7.0857
 20
5.7893
 10
7.073
 20
5.8047
 10
7.0604
 20
5.8201
 10
7.0477
 20
5.8355
 10
7.0349
 20
5.8509
 10
7.0221
 20
5.8662
 10
7.0093
 20
5.8815
 10
6.9965
 20
5.8968
 10
6.9836
 20
5.912
 10
6.9707
 20
5.9273
 10
6.9577
 20
5.9424
 10
6.9447
 20
5.9576
 10
6.9317
 20
5.9728
 10
6.9187
 20
5.9879
 10
6.9056
 20
6.0029
 10
6.8925
 20
6.018
 10
6.8793
 20
6.033
 10
6.8662
 20
6.048
 10
6.8529
 20
6.063
 10
6.8397
 20
6.0779
 10
6.8264
 20
6.0928
 10
6.8131
 20
6.1077
 10
6.7998
 20
6.1225
 10
6.7864
 20
6.1374
 10
6.773
 20
6.1522
 10
6.7596
 20
6.1669
 10
6.7461
 20
6.1817
 10
6.7326
 20
6.1964
 10
6.7191
 20
6.211
 10
6.7055
 20
6.2257
 10
6.6919
 20
6.2403
 10
6.6783
 20
6.2549
 10
6.6646
 20
6.2694
 10
6.6509
 20
6.2839
 10
6.6372
 20
6.2984
 10
6.6234
 20
6.3129
 10
6.6096
 20
6.3273
 10
6.5958
 20
6.3417
 10
6.582
 20
6.3561
 10
6.5681
 20
6.3705
 10
6.5542
 20
6.3848
 10
6.5402
 20
6.3991
 10
6.5262
 20
6.4133
 10
6.5122
 20
6.4275
 10
6.4982
 20
6.4417
 10
6.4841
 20
6.4559
 10
6.47
 20
6.47
 10
6.4559
 20
6.4841
 10
6.4417
 20
6.4982
 10
6.4275
 20
6.5122
 10
6.4133
 20
6.5262
 10
6.3991
 20
6.5402
 10
6.3848
 20
6.5542
 10
6.3705
 20
6.5681
 10
6.3561
 20
6.582
 10
6.3417
 20
6.5958
 10
6.3273
 20
6.6096
 10
6.3129
 20
6.6234
 10
6.2984
 20
6.6372
 10
6.2839
 20
6.6509
 10
6.2694
 20
6.6646
 10
6.2549
 20
6.6783
 10
6.2403
 20
6.6919
 10
6.2257
 20
6.7055
 10
6.211
 20
6.7191
 10
6.1964
 20
6.7326
 10
6.1817
 20
6.7461
 10
6.1669
 20
6.7596
 10
6.1522
 20
6.773
 10
6.1374
 20
6.7864
 10
6.1225
 20
6.7998
 10
6.1077
 20
6.8131
 10
6.0928
 20
6.8264
 10
6.0779
 20
6.8397
 10
6.063
 20
6.8529
 10
6.048
 20
6.8662
 10
6.033
 20
6.8793
 10
6.018
 20
6.8925
 10
6.0029
 20
6.9056
 10
5.9879
 20
6.9187
 10
5.9728
 20
6.9317
 10
5.9576
 20
6.9447
 10
5.9424
 20
6.9577
 10
5.9273
 20
6.9707
 10
5.912
 20
6.9836
 10
5.8968
 20
6.9965
 10
5.8815
 20
7.0093
 10
5.8662
 20
7.0221
 10
5.8509
 20
7.0349
 10
5.8355
 20
7.0477
 10
5.8201
 20
7.0604
 10
5.8047
 20
7.073
 10
5.7893
 20
7.0857
 10
5.7738
 20
7.0983
 10
5.7583
 20
7.1109
 10
5.7428
 20
7.1234
 10
5.7272
 20
7.1359
 10
5.7116
 20
7.1484
 10
5.696
 20
7.1609
 10
5.6804
 20
7.1733
 10
5.6647
 20
7.1856
 10
5.649
 20
7.198
 10
5.6333
 20
7.2103
 10
5.6176
 20
7.2226
 10
5.6018
 20
7.2348
 10
5.586
 20
7.247
 10
5.5702
 20
7.2592
 10
5.5543
 20
7.2713
 10
5.5384
 20
7.2834
 10
5.5225
 20
7.2955
 10
5.5066
 20
7.3075
 10
5.4907
 20
7.3195
 10
5.4747
 20
7.3315
 10
5.4587
 20
7.3434
 10
5.4426
 20
7.3553
 10
5.4266
 20
7.3671
 10
5.4105
 20
7.379
 10
5.3944
 20
7.3908
 10
5.3782
 20
7.4025
 10
5.3621
 20
7.4142
 10
5.3459
 20
7.4259
 10
5.3297
 20
7.4375
 10
5.3134
 20
7.4492
 10
5.2972
 20
7.4607
 10
5.2809
 20
7.4723
 10
5.2646
 20
7.4838
 10
5.2482
 20
7.4952
 10
5.2319
 20
7.5067
 10
5.2155
 20
7.5181
 10
5.1991
 20
7.5294
 10
5.1826
 20
7.5408
 10
5.1662
 20
7.552
 10
5.1497
 20
7.5633
 10
5.1332
 20
7.5745
 10
5.1166
 20
7.5857
 10
5.1001
 20
7.5968
 10
5.0835
 20
7.6079
 10
5.0669
 20
7.619
 10
5.0502
 20
7.6301
 10
5.0336
 20
7.6411
 10
5.0169
 20
7.652
 10
5.0002
 20
7.6629
 10
4.9834
 20
7.6738
 10
4.9667
 20
7.6847
 10
4.9499
 20
7.6955
 10
4.9331
 20
7.7063
 10
4.9163
 20
7.717
 10
4.8994
 20
7.7277
 10
4.8826
 20
7.7384
 10
4.8657
 20
7.749
 10
4.8488
 20
7.7596
 10
4.8318
 20
7.7702
 10
4.8149
 20
7.7807
 10
4.7979
 20
7.7912
 10
4.7809
 20
7.8017
 10
4.7638
 20
7.8121
 10
4.7468
 20
7.8224
 10
4.7297
 20
7.8328
 10
4.7126
 20
7.8431
 10
4.6955
 20
7.8533
 10
4.6783
 20
7.8636
 10
4.6612
 20
7.8738
 10
4.644
 20
7.8839
 10
4.6268
 20
7.894
 10
4.6095
 20
7.9041
 10
4.5923
 20
7.9141
 10
4.575
 20
7.9241
 10
4.5577
 20
7.9341
 10
4.5404
 20
7.944
 10
4.523
 20
7.9539
 10
4.5057
 20
7.9638
 10
4.4883
 20
7.9736
 10
4.4709
 20
7.9833
 10
4.4535
 20
7.9931
 10
4.436
 20
8.0028
 10
4.4185
 20
8.0124
 10
4.401
 20
8.022
 10
4.3835
 20
8.0316
 10
4.366
 20
8.0412
 10
4.3484
 20
8.0507
 10
4.3309
 20
8.0602
 10
4.3133
 20
8.0696
 10
4.2957
 20
8.079
 10
4.278
 20
8.0883
 10
4.2604
 20
8.0976
 10
4.2427
 20
8.1069
 10
4.225
 20
8.1161
 10
4.2073
 20
8.1253
 10
4.1895
 20
8.1345
 10
4.1718
 20
8.1436
 10
4.154
 20
8.1527
 10
4.1362
 20
8.1618
 10
4.1184
 20
8.1708
 10
4.1006
 20
8.1797
 10
4.0827
 20
8.1886
 10
4.0648
 20
8.1975
 10
4.0469
 20
8.2064
 10
4.029
 20
8.2152
 10
4.0111
 20
8.224
 10
3.9931
 20
8.2327
 10
3.9752
 20
8.2414
 10
3.9572
 20
8.25
 10
3.9392
 20
8.2587
 10
3.9211
 20
8.2672
 10
3.9031
 20
8.2758
 10
3.885
 20
8.2843
 10
3.867
 20
8.2927
 10
3.8489
 20
8.3011
 10
3.8307
 20
8.3095
 10
3.8126
 20
8.3178
 10
3.7944
 20
8.3261
 10
3.7763
 20
8.3344
 10
3.7581
 20
8.3426
 10
3.7399
 20
8.3508
 10
3.7216
 20
8.3589
 10
3.7034
 20
8.367
 10
3.6851
 20
8.3751
 10
3.6669
 20
8.3831
 10
3.6486
 20
8.3911
 10
3.6302
 20
8.399
 10
3.6119
 20
8.4069
 10
3.5936
 20
8.4148
 10
3.5752
 20
8.4226
 10
3.5568
 20
8.4304
 10
3.5384
 20
8.4381
 10
3.52
 20
8.4458
 10
3.5016
 20
8.4535
 10
3.4831
 20
8.4611
 10
3.4646
 20
8.4687
 10
3.4462
 20
8.4762
 10
3.4277
 20
8.4837
 10
3.4091
 20
8.4912
 10
3.3906
 20
8.4986
 10
3.3721
 20
8.506
 10
3.3535
 20
8.5133
 10
3.3349
 20
8.5206
 10
3.3163
 20
8.5279
 10
3.2977
 20
8.5351
 10
3.2791
 20
8.5423
 10
3.2604
 20
8.5494
 10
3.2418
 20
8.5565
 10
3.2231
 20
8.5635
 10
3.2044
 20
8.5706
 10
3.1857
 20
8.5775
 10
3.167
 20
8.5845
 10
3.1482
 20
8.5913
 10
3.1295
 20
8.5982
 10
3.1107
 20
8.605
 10
3.0919
 20
8.6118
 10
3.0731
 20
8.6185
 10
3.0543
 20
8.6252
 10
3.0355
 20
8.6318
 10
3.0167
 20
8.6384
 10
2.9978
 20
8.645
 10
2.9789
 20
8.6515
 10
2.9601
 20
8.658
 10
2.9412
 20
8.6644
 10
2.9223
 20
8.6708
 10
2.9033
 20
8.6772
 10
2.8844
 20
8.6835
 10
2.8654
 20
8.6897
 10
2.8465
 20
8.696
 10
2.8275
 20
8.7022
 10
2.8085
 20
8.7083
 10
2.7895
 20
8.7144
 10
2.7705
 20
8.7205
 10
2.7515
 20
8.7265
 10
2.7324
 20
8.7325
 10
2.7134
 20
8.7384
 10
2.6943
 20
8.7443
 10
2.6752
 20
8.7502
 10
2.6561
 20
8.756
 10
2.637
 20
8.7618
 10
2.6179
 20
8.7675
 10
2.5987
 20
8.7732
 10
2.5796
 20
8.7788
 10
2.5604
 20
8.7845
 10
2.5413
 20
8.79
 10
2.5221
 20
8.7955
 10
2.5029
 20
8.801
 10
2.4837
 20
8.8065
 10
2.4645
 20
8.8119
 10
2.4452
 20
8.8172
 10
2.426
 20
8.8225
 10
2.4067
 20
8.8278
 10
2.3875
 20
8.833
 10
2.3682
 20
8.8382
 10
2.3489
 20
8.8434
 10
2.3296
 20
8.8485
 10
2.3103
 20
8.8535
 10
2.291
 20
8.8586
 10
2.2716
 20
8.8635
 10
2.2523
 20
8.8685
 10
2.2329
 20
8.8734
 10
2.2136
 20
8.8782
 10
2.1942
 20
8.883
 10
2.1748
 20
8.8878
 10
2.1554
 20
8.8925
 10
2.136
 20
8.8972
 10
2.1166
 20
8.9018
 10
2.0972
 20
8.9064
 10
2.0777
 20
8.911
 10
2.0583
 20
8.9155
 10
2.0388
 20
8.92
 10
2.0194
 20
8.9244
 10
1.9999
 20
8.9288
 10
1.9804
 20
8.9331
 10
1.9609
 20
8.9374
 10
1.9414
 20
8.9417
 10
1.9219
 20
8.9459
 10
1.9024
 20
8.9501
 10
1.8829
 20
8.9542
 10
1.8633
 20
8.9583
 10
1.8438
 20
8.9623
 10
1.8242
 20
8.9663
 10
1.8047
 20
8.9703
 10
1.7851
 20
8.9742
 10
1.7655
 20
8.9781
 10
1.7459
 20
8.9819
 10
1.7263
 20
8.9857
 10
1.7067
 20
8.9894
 10
1.6871
 20
8.9931
 10
1.6675
 20
8.9968
 10
1.6478
 20
9.0004
 10
1.6282
 20
9.004
 10
1.6085
 20
9.0075
 10
1.5889
 20
9.011
 10
1.5692
 20
9.0144
 10
1.5495
 20
9.0178
 10
1.5299
 20
9.0212
 10
1.5102
 20
9.0245
 10
1.4905
 20
9.0278
 10
1.4708
 20
9.031
 10
1.4511
 20
9.0342
 10
1.4314
 20
9.0373
 10
1.4117
 20
9.0404
 10
1.3919
 20
9.0435
 10
1.3722
 20
9.0465
 10
1.3525
 20
9.0495
 10
1.3327
 20
9.0524
 10
1.313
 20
9.0553
 10
1.2932
 20
9.0582
 10
1.2734
 20
9.061
 10
1.2537
 20
9.0637
 10
1.2339
 20
9.0664
 10
1.2141
 20
9.0691
 10
1.1943
 20
9.0717
 10
1.1745
 20
9.0743
 10
1.1547
 20
9.0768
 10
1.1349
 20
9.0793
 10
1.1151
 20
9.0818
 10
1.0953
 20
9.0842
 10
1.0755
 20
9.0866
 10
1.0556
 20
9.0889
 10
1.0358
 20
9.0912
 10
1.016
 20
9.0934
 10
0.9961
 20
9.0956
 10
0.9763
 20
9.0978
 10
0.9564
 20
9.0999
 10
0.9366
 20
9.1019
 10
0.9167
 20
9.104
 10
0.8969
 20
9.1059
 10
0.877
 20
9.1079
 10
0.8571
 20
9.1098
 10
0.8372
 20
9.1116
 10
0.8174
 20
9.1134
 10
0.7975
 20
9.1152
 10
0.7776
 20
9.1169
 10
0.7577
 20
9.1186
 10
0.7378
 20
9.1202
 10
0.7179
 20
9.1218
 10
0.698
 20
9.1233
 10
0.6781
 20
9.1248
 10
0.6582
 20
9.1263
 10
0.6383
 20
9.1277
 10
0.6184
 20
9.1291
 10
0.5984
 20
9.1304
 10
0.5785
 20
9.1317
 10
0.5586
 20
9.1329
 10
0.5387
 20
9.1341
 10
0.5187
 20
9.1353
 10
0.4988
 20
9.1364
 10
0.4789
 20
9.1375
 10
0.4589
 20
9.1385
 10
0.439
 20
9.1395
 10
0.4191
 20
9.1404
 10
0.3991
 20
9.1413
 10
0.3792
 20
9.1421
 10
0.3592
 20
9.1429
 10
0.3393
 20
9.1437
 10
0.3193
 20
9.1444
 10
0.2994
 20
9.1451
 10
0.2794
 20
9.1457
 10
0.2595
 20
9.1463
 10
0.2395
 20
9.1469
 10
0.2196
 20
9.1474
 10
0.1996
 20
9.1478
 10
0.1796
 20
9.1482
 10
0.1597
 20
9.1486
 10
0.1397
 20
9.1489
 10
0.1198
 20
9.1492
 10
0.0998
 20
9.1495
 10
0.0798
 20
9.1497
 10
0.0599
 20
9.1498
 10
0.0399
 20
9.1499
 10
0.02
 20
9.15
 10
0.0
 20
9.15
 10
-0.02
 20
9.15
 10
-0.0399
 20
9.1499
 10
-0.0599
 20
9.1498
 10
-0.0798
 20
9.1497
 10
-0.0998
 20
9.1495
 10
-0.1198
 20
9.1492
 10
-0.1397
 20
9.1489
 10
-0.1597
 20
9.1486
 10
-0.1796
 20
9.1482
 10
-0.1996
 20
9.1478
 10
-0.2196
 20
9.1474
 10
-0.2395
 20
9.1469
 10
-0.2595
 20
9.1463
 10
-0.2794
 20
9.1457
 10
-0.2994
 20
9.1451
 10
-0.3193
 20
9.1444
 10
-0.3393
 20
9.1437
 10
-0.3592
 20
9.1429
 10
-0.3792
 20
9.1421
 10
-0.3991
 20
9.1413
 10
-0.4191
 20
9.1404
 10
-0.439
 20
9.1395
 10
-0.4589
 20
9.1385
 10
-0.4789
 20
9.1375
 10
-0.4988
 20
9.1364
 10
-0.5187
 20
9.1353
 10
-0.5387
 20
9.1341
 10
-0.5586
 20
9.1329
 10
-0.5785
 20
9.1317
 10
-0.5984
 20
9.1304
 10
-0.6184
 20
9.1291
 10
-0.6383
 20
9.1277
 10
-0.6582
 20
9.1263
 10
-0.6781
 20
9.1248
 10
-0.698
 20
9.1233
 10
-0.7179
 20
9.1218
 10
-0.7378
 20
9.1202
 10
-0.7577
 20
9.1186
 10
-0.7776
 20
9.1169
 10
-0.7975
 20
9.1152
 10
-0.8174
 20
9.1134
 10
-0.8372
 20
9.1116
 10
-0.8571
 20
9.1098
 10
-0.877
 20
9.1079
 10
-0.8969
 20
9.1059
 10
-0.9167
 20
9.104
 10
-0.9366
 20
9.1019
 10
-0.9564
 20
9.0999
 10
-0.9763
 20
9.0978
 10
-0.9961
 20
9.0956
 10
-1.016
 20
9.0934
 10
-1.0358
 20
9.0912
 10
-1.0556
 20
9.0889
 10
-1.0755
 20
9.0866
 10
-1.0953
 20
9.0842
 10
-1.1151
 20
9.0818
 10
-1.1349
 20
9.0793
 10
-1.1547
 20
9.0768
 10
-1.1745
 20
9.0743
 10
-1.1943
 20
9.0717
 10
-1.2141
 20
9.0691
 10
-1.2339
 20
9.0664
 10
-1.2537
 20
9.0637
 10
-1.2734
 20
9.061
 10
-1.2932
 20
9.0582
 10
-1.313
 20
9.0553
 10
-1.3327
 20
9.0524
 10
-1.3525
 20
9.0495
 10
-1.3722
 20
9.0465
 10
-1.3919
 20
9.0435
 10
-1.4117
 20
9.0404
 10
-1.4314
 20
9.0373
 10
-1.4511
 20
9.0342
 10
-1.4708
 20
9.031
 10
-1.4905
 20
9.0278
 10
-1.5102
 20
9.0245
 10
-1.5299
 20
9.0212
 10
-1.5495
 20
9.0178
 10
-1.5692
 20
9.0144
 10
-1.5889
 20
9.011
 10
-1.6085
 20
9.0075
 10
-1.6282
 20
9.004
 10
-1.6478
 20
9.0004
 10
-1.6675
 20
8.9968
 10
-1.6871
 20
8.9931
 10
-1.7067
 20
8.9894
 10
-1.7263
 20
8.9857
 10
-1.7459
 20
8.9819
 10
-1.7655
 20
8.9781
 10
-1.7851
 20
8.9742
 10
-1.8047
 20
8.9703
 10
-1.8242
 20
8.9663
 10
-1.8438
 20
8.9623
 10
-1.8633
 20
8.9583
 10
-1.8829
 20
8.9542
 10
-1.9024
 20
8.9501
 10
-1.9219
 20
8.9459
 10
-1.9414
 20
8.9417
 10
-1.9609
 20
8.9374
 10
-1.9804
 20
8.9331
 10
-1.9999
 20
8.9288
 10
-2.0194
 20
8.9244
 10
-2.0388
 20
8.92
 10
-2.0583
 20
8.9155
 10
-2.0777
 20
8.911
 10
-2.0972
 20
8.9064
 10
-2.1166
 20
8.9018
 10
-2.136
 20
8.8972
 10
-2.1554
 20
8.8925
 10
-2.1748
 20
8.8878
 10
-2.1942
 20
8.883
 10
-2.2136
 20
8.8782
 10
-2.2329
 20
8.8734
 10
-2.2523
 20
8.8685
 10
-2.2716
 20
8.8635
 10
-2.291
 20
8.8586
 10
-2.3103
 20
8.8535
 10
-2.3296
 20
8.8485
 10
-2.3489
 20
8.8434
 10
-2.3682
 20
8.8382
 10
-2.3875
 20
8.833
 10
-2.4067
 20
8.8278
 10
-2.426
 20
8.8225
 10
-2.4452
 20
8.8172
 10
-2.4645
 20
8.8119
 10
-2.4837
 20
8.8065
 10
-2.5029
 20
8.801
 10
-2.5221
 20
8.7955
 10
-2.5413
 20
8.79
 10
-2.5604
 20
8.7845
 10
-2.5796
 20
8.7788
 10
-2.5987
 20
8.7732
 10
-2.6179
 20
8.7675
 10
-2.637
 20
8.7618
 10
-2.6561
 20
8.756
 10
-2.6752
 20
8.7502
 10
-2.6943
 20
8.7443
 10
-2.7134
 20
8.7384
 10
-2.7324
 20
8.7325
 10
-2.7515
 20
8.7265
 10
-2.7705
 20
8.7205
 10
-2.7895
 20
8.7144
 10
-2.8085
 20
8.7083
 10
-2.8275
 20
8.7022
 10
-2.8465
 20
8.696
 10
-2.8654
 20
8.6897
 10
-2.8844
 20
8.6835
 10
-2.9033
 20
8.6772
 10
-2.9223
 20
8.6708
 10
-2.9412
 20
8.6644
 10
-2.9601
 20
8.658
 10
-2.9789
 20
8.6515
 10
-2.9978
 20
8.645
 10
-3.0167
 20
8.6384
 10
-3.0355
 20
8.6318
 10
-3.0543
 20
8.6252
 10
-3.0731
 20
8.6185
 10
-3.0919
 20
8.6118
 10
-3.1107
 20
8.605
 10
-3.1295
 20
8.5982
 10
-3.1482
 20
8.5913
 10
-3.167
 20
8.5845
 10
-3.1857
 20
8.5775
 10
-3.2044
 20
8.5706
 10
-3.2231
 20
8.5635
 10
-3.2418
 20
8.5565
 10
-3.2604
 20
8.5494
 10
-3.2791
 20
8.5423
 10
-3.2977
 20
8.5351
 10
-3.3163
 20
8.5279
 10
-3.3349
 20
8.5206
 10
-3.3535
 20
8.5133
 10
-3.3721
 20
8.506
 10
-3.3906
 20
8.4986
 10
-3.4091
 20
8.4912
 10
-3.4277
 20
8.4837
 10
-3.4462
 20
8.4762
 10
-3.4646
 20
8.4687
 10
-3.4831
 20
8.4611
 10
-3.5016
 20
8.4535
 10
-3.52
 20
8.4458
 10
-3.5384
 20
8.4381
 10
-3.5568
 20
8.4304
 10
-3.5752
 20
8.4226
 10
-3.5936
 20
8.4148
 10
-3.6119
 20
8.4069
 10
-3.6302
 20
8.399
 10
-3.6486
 20
8.3911
 10
-3.6669
 20
8.3831
 10
-3.6851
 20
8.3751
 10
-3.7034
 20
8.367
 10
-3.7216
 20
8.3589
 10
-3.7399
 20
8.3508
 10
-3.7581
 20
8.3426
 10
-3.7763
 20
8.3344
 10
-3.7944
 20
8.3261
 10
-3.8126
 20
8.3178
 10
-3.8307
 20
8.3095
 10
-3.8489
 20
8.3011
 10
-3.867
 20
8.2927
 10
-3.885
 20
8.2843
 10
-3.9031
 20
8.2758
 10
-3.9211
 20
8.2672
 10
-3.9392
 20
8.2587
 10
-3.9572
 20
8.25
 10
-3.9752
 20
8.2414
 10
-3.9931
 20
8.2327
 10
-4.0111
 20
8.224
 10
-4.029
 20
8.2152
 10
-4.0469
 20
8.2064
 10
-4.0648
 20
8.1975
 10
-4.0827
 20
8.1886
 10
-4.1006
 20
8.1797
 10
-4.1184
 20
8.1708
 10
-4.1362
 20
8.1618
 10
-4.154
 20
8.1527
 10
-4.1718
 20
8.1436
 10
-4.1895
 20
8.1345
 10
-4.2073
 20
8.1253
 10
-4.225
 20
8.1161
 10
-4.2427
 20
8.1069
 10
-4.2604
 20
8.0976
 10
-4.278
 20
8.0883
 10
-4.2957
 20
8.079
 10
-4.3133
 20
8.0696
 10
-4.3309
 20
8.0602
 10
-4.3484
 20
8.0507
 10
-4.366
 20
8.0412
 10
-4.3835
 20
8.0316
 10
-4.401
 20
8.022
 10
-4.4185
 20
8.0124
 10
-4.436
 20
8.0028
 10
-4.4535
 20
7.9931
 10
-4.4709
 20
7.9833
 10
-4.4883
 20
7.9736
 10
-4.5057
 20
7.9638
 10
-4.523
 20
7.9539
 10
-4.5404
 20
7.944
 10
-4.5577
 20
7.9341
 10
-4.575
 20
7.9241
 10
-4.5923
 20
7.9141
 10
-4.6095
 20
7.9041
 10
-4.6268
 20
7.894
 10
-4.644
 20
7.8839
 10
-4.6612
 20
7.8738
 10
-4.6783
 20
7.8636
 10
-4.6955
 20
7.8533
 10
-4.7126
 20
7.8431
 10
-4.7297
 20
7.8328
 10
-4.7468
 20
7.8224
 10
-4.7638
 20
7.8121
 10
-4.7809
 20
7.8017
 10
-4.7979
 20
7.7912
 10
-4.8149
 20
7.7807
 10
-4.8318
 20
7.7702
 10
-4.8488
 20
7.7596
 10
-4.8657
 20
7.749
 10
-4.8826
 20
7.7384
 10
-4.8994
 20
7.7277
 10
-4.9163
 20
7.717
 10
-4.9331
 20
7.7063
 10
-4.9499
 20
7.6955
 10
-4.9667
 20
7.6847
 10
-4.9834
 20
7.6738
 10
-5.0002
 20
7.6629
 10
-5.0169
 20
7.652
 10
-5.0336
 20
7.6411
 10
-5.0502
 20
7.6301
 10
-5.0669
 20
7.619
 10
-5.0835
 20
7.6079
 10
-5.1001
 20
7.5968
 10
-5.1166
 20
7.5857
 10
-5.1332
 20
7.5745
 10
-5.1497
 20
7.5633
 10
-5.1662
 20
7.552
 10
-5.1826
 20
7.5408
 10
-5.1991
 20
7.5294
 10
-5.2155
 20
7.5181
 10
-5.2319
 20
7.5067
 10
-5.2482
 20
7.4952
 10
-5.2646
 20
7.4838
 10
-5.2809
 20
7.4723
 10
-5.2972
 20
7.4607
 10
-5.3134
 20
7.4492
 10
-5.3297
 20
7.4375
 10
-5.3459
 20
7.4259
 10
-5.3621
 20
7.4142
 10
-5.3782
 20
7.4025
 10
-5.3944
 20
7.3908
 10
-5.4105
 20
7.379
 10
-5.4266
 20
7.3671
 10
-5.4426
 20
7.3553
 10
-5.4587
 20
7.3434
 10
-5.4747
 20
7.3315
 10
-5.4907
 20
7.3195
 10
-5.5066
 20
7.3075
 10
-5.5225
 20
7.2955
 10
-5.5384
 20
7.2834
 10
-5.5543
 20
7.2713
 10
-5.5702
 20
7.2592
 10
-5.586
 20
7.247
 10
-5.6018
 20
7.2348
 10
-5.6176
 20
7.2226
 10
-5.6333
 20
7.2103
 10
-5.649
 20
7.198
 10
-5.6647
 20
7.1856
 10
-5.6804
 20
7.1733
 10
-5.696
 20
7.1609
 10
-5.7116
 20
7.1484
 10
-5.7272
 20
7.1359
 10
-5.7428
 20
7.1234
 10
-5.7583
 20
7.1109
 10
-5.7738
 20
7.0983
 10
-5.7893
 20
7.0857
 10
-5.8047
 20
7.073
 10
-5.8201
 20
7.0604
 10
-5.8355
 20
7.0477
 10
-5.8509
 20
7.0349
 10
-5.8662
 20
7.0221
 10
-5.8815
 20
7.0093
 10
-5.8968
 20
6.9965
 10
-5.912
 20
6.9836
 10
-5.9273
 20
6.9707
 10
-5.9424
 20
6.9577
 10
-5.9576
 20
6.9447
 10
-5.9728
 20
6.9317
 10
-5.9879
 20
6.9187
 10
-6.0029
 20
6.9056
 10
-6.018
 20
6.8925
 10
-6.033
 20
6.8793
 10
-6.048
 20
6.8662
 10
-6.063
 20
6.8529
 10
-6.0779
 20
6.8397
 10
-6.0928
 20
6.8264
 10
-6.1077
 20
6.8131
 10
-6.1225
 20
6.7998
 10
-6.1374
 20
6.7864
 10
-6.1522
 20
6.773
 10
-6.1669
 20
6.7596
 10
-6.1817
 20
6.7461
 10
-6.1964
 20
6.7326
 10
-6.211
 20
6.7191
 10
-6.2257
 20
6.7055
 10
-6.2403
 20
6.6919
 10
-6.2549
 20
6.6783
 10
-6.2694
 20
6.6646
 10
-6.2839
 20
6.6509
 10
-6.2984
 20
6.6372
 10
-6.3129
 20
6.6234
 10
-6.3273
 20
6.6096
 10
-6.3417
 20
6.5958
 10
-6.3561
 20
6.582
 10
-6.3705
 20
6.5681
 10
-6.3848
 20
6.5542
 10
-6.3991
 20
6.5402
 10
-6.4133
 20
6.5262
 10
-6.4275
 20
6.5122
 10
-6.4417
 20
6.4982
 10
-6.4559
 20
6.4841
 10
-6.47
 20
6.47
 10
-6.4841
 20
6.4559
 10
-6.4982
 20
6.4417
 10
-6.5122
 20
6.4275
 10
-6.5262
 20
6.4133
 10
-6.5402
 20
6.3991
 10
-6.5542
 20
6.3848
 10
-6.5681
 20
6.3705
 10
-6.582
 20
6.3561
 10
-6.5958
 20
6.3417
 10
-6.6096
 20
6.3273
 10
-6.6234
 20
6.3129
 10
-6.6372
 20
6.2984
 10
-6.6509
 20
6.2839
 10
-6.6646
 20
6.2694
 10
-6.6783
 20
6.2549
 10
-6.6919
 20
6.2403
 10
-6.7055
 20
6.2257
 10
-6.7191
 20
6.211
 10
-6.7326
 20
6.1964
 10
-6.7461
 20
6.1817
 10
-6.7596
 20
6.1669
 10
-6.773
 20
6.1522
 10
-6.7864
 20
6.1374
 10
-6.7998
 20
6.1225
 10
-6.8131
 20
6.1077
 10
-6.8264
 20
6.0928
 10
-6.8397
 20
6.0779
 10
-6.8529
 20
6.063
 10
-6.8662
 20
6.048
 10
-6.8793
 20
6.033
 10
-6.8925
 20
6.018
 10
-6.9056
 20
6.0029
 10
-6.9187
 20
5.9879
 10
-6.9317
 20
5.9728
 10
-6.9447
 20
5.9576
 10
-6.9577
 20
5.9424
 10
-6.9707
 20
5.9273
 10
-6.9836
 20
5.912
 10
-6.9965
 20
5.8968
 10
-7.0093
 20
5.8815
 10
-7.0221
 20
5.8662
 10
-7.0349
 20
5.8509
 10
-7.0477
 20
5.8355
 10
-7.0604
 20
5.8201
 10
-7.073
 20
5.8047
 10
-7.0857
 20
5.7893
 10
-7.0983
 20
5.7738
 10
-7.1109
 20
5.7583
 10
-7.1234
 20
5.7428
 10
-7.1359
 20
5.7272
 10
-7.1484
 20
5.7116
 10
-7.1609
 20
5.696
 10
-7.1733
 20
5.6804
 10
-7.1856
 20
5.6647
 10
-7.198
 20
5.649
 10
-7.2103
 20
5.6333
 10
-7.2226
 20
5.6176
 10
-7.2348
 20
5.6018
 10
-7.247
 20
5.586
 10
-7.2592
 20
5.5702
 10
-7.2713
 20
5.5543
 10
-7.2834
 20
5.5384
 10
-7.2955
 20
5.5225
 10
-7.3075
 20
5.5066
 10
-7.3195
 20
5.4907
 10
-7.3315
 20
5.4747
 10
-7.3434
 20
5.4587
 10
-7.3553
 20
5.4426
 10
-7.3671
 20
5.4266
 10
-7.379
 20
5.4105
 10
-7.3908
 20
5.3944
 10
-7.4025
 20
5.3782
 10
-7.4142
 20
5.3621
 10
-7.4259
 20
5.3459
 10
-7.4375
 20
5.3297
 10
-7.4492
 20
5.3134
 10
-7.4607
 20
5.2972
 10
-7.4723
 20
5.2809
 10
-7.4838
 20
5.2646
 10
-7.4952
 20
5.2482
 10
-7.5067
 20
5.2319
 10
-7.5181
 20
5.2155
 10
-7.5294
 20
5.1991
 10
-7.5408
 20
5.1826
 10
-7.552
 20
5.1662
 10
-7.5633
 20
5.1497
 10
-7.5745
 20
5.1332
 10
-7.5857
 20
5.1166
 10
-7.5968
 20
5.1001
 10
-7.6079
 20
5.0835
 10
-7.619
 20
5.0669
 10
-7.6301
 20
5.0502
 10
-7.6411
 20
5.0336
 10
-7.652
 20
5.0169
 10
-7.6629
 20
5.0002
 10
-7.6738
 20
4.9834
 10
-7.6847
 20
4.9667
 10
-7.6955
 20
4.9499
 10
-7.7063
 20
4.9331
 10
-7.717
 20
4.9163
 10
-7.7277
 20
4.8994
 10
-7.7384
 20
4.8826
 10
-7.749
 20
4.8657
 10
-7.7596
 20
4.8488
 10
-7.7702
 20
4.8318
 10
-7.7807
 20
4.8149
 10
-7.7912
 20
4.7979
 10
-7.8017
 20
4.7809
 10
-7.8121
 20
4.7638
 10
-7.8224
 20
4.7468
 10
-7.8328
 20
4.7297
 10
-7.8431
 20
4.7126
 10
-7.8533
 20
4.6955
 10
-7.8636
 20
4.6783
 10
-7.8738
 20
4.6612
 10
-7.8839
 20
4.644
 10
-7.894
 20
4.6268
 10
-7.9041
 20
4.6095
 10
-7.9141
 20
4.5923
 10
-7.9241
 20
4.575
 10
-7.9341
 20
4.5577
 10
-7.944
 20
4.5404
 10
-7.9539
 20
4.523
 10
-7.9638
 20
4.5057
 10
-7.9736
 20
4.4883
 10
-7.9833
 20
4.4709
 10
-7.9931
 20
4.4535
 10
-8.0028
 20
4.436
 10
-8.0124
 20
4.4185
 10
-8.022
 20
4.401
 10
-8.0316
 20
4.3835
 10
-8.0412
 20
4.366
 10
-8.0507
 20
4.3484
 10
-8.0602
 20
4.3309
 10
-8.0696
 20
4.3133
 10
-8.079
 20
4.2957
 10
-8.0883
 20
4.278
 10
-8.0976
 20
4.2604
 10
-8.1069
 20
4.2427
 10
-8.1161
 20
4.225
 10
-8.1253
 20
4.2073
 10
-8.1345
 20
4.1895
 10
-8.1436
 20
4.1718
 10
-8.1527
 20
4.154
 10
-8.1618
 20
4.1362
 10
-8.1708
 20
4.1184
 10
-8.1797
 20
4.1006
 10
-8.1886
 20
4.0827
 10
-8.1975
 20
4.0648
 10
-8.2064
 20
4.0469
 10
-8.2152
 20
4.029
 10
-8.224
 20
4.0111
 10
-8.2327
 20
3.9931
 10
-8.2414
 20
3.9752
 10
-8.25
 20
3.9572
 10
-8.2587
 20
3.9392
 10
-8.2672
 20
3.9211
 10
-8.2758
 20
3.9031
 10
-8.2843
 20
3.885
 10
-8.2927
 20
3.867
 10
-8.3011
 20
3.8489
 10
-8.3095
 20
3.8307
 10
-8.3178
 20
3.8126
 10
-8.3261
 20
3.7944
 10
-8.3344
 20
3.7763
 10
-8.3426
 20
3.7581
 10
-8.3508
 20
3.7399
 10
-8.3589
 20
3.7216
 10
-8.367
 20
3.7034
 10
-8.3751
 20
3.6851
 10
-8.3831
 20
3.6669
 10
-8.3911
 20
3.6486
 10
-8.399
 20
3.6302
 10
-8.4069
 20
3.6119
 10
-8.4148
 20
3.5936
 10
-8.4226
 20
3.5752
 10
-8.4304
 20
3.5568
 10
-8.4381
 20
3.5384
 10
-8.4458
 20
3.52
 10
-8.4535
 20
3.5016
 10
-8.4611
 20
3.4831
 10
-8.4687
 20
3.4646
 10
-8.4762
 20
3.4462
 10
-8.4837
 20
3.4277
 10
-8.4912
 20
3.4091
 10
-8.4986
 20
3.3906
 10
-8.506
 20
3.3721
 10
-8.5133
 20
3.3535
 10
-8.5206
 20
3.3349
 10
-8.5279
 20
3.3163
 10
-8.5351
 20
3.2977
 10
-8.5423
 20
3.2791
 10
-8.5494
 20
3.2604
 10
-8.5565
 20
3.2418
 10
-8.5635
 20
3.2231
 10
-8.5706
 20
3.2044
 10
-8.5775
 20
3.1857
 10
-8.5845
 20
3.167
 10
-8.5913
 20
3.1482
 10
-8.5982
 20
3.1295
 10
-8.605
 20
3.1107
 10
-8.6118
 20
3.0919
 10
-8.6185
 20
3.0731
 10
-8.6252
 20
3.0543
 10
-8.6318
 20
3.0355
 10
-8.6384
 20
3.0167
 10
-8.645
 20
2.9978
 10
-8.6515
 20
2.9789
 10
-8.658
 20
2.9601
 10
-8.6644
 20
2.9412
 10
-8.6708
 20
2.9223
 10
-8.6772
 20
2.9033
 10
-8.6835
 20
2.8844
 10
-8.6897
 20
2.8654
 10
-8.696
 20
2.8465
 10
-8.7022
 20
2.8275
 10
-8.7083
 20
2.8085
 10
-8.7144
 20
2.7895
 10
-8.7205
 20
2.7705
 10
-8.7265
 20
2.7515
 10
-8.7325
 20
2.7324
 10
-8.7384
 20
2.7134
 10
-8.7443
 20
2.6943
 10
-8.7502
 20
2.6752
 10
-8.756
 20
2.6561
 10
-8.7618
 20
2.637
 10
-8.7675
 20
2.6179
 10
-8.7732
 20
2.5987
 10
-8.7788
 20
2.5796
 10
-8.7845
 20
2.5604
 10
-8.79
 20
2.5413
 10
-8.7955
 20
2.5221
 10
-8.801
 20
2.5029
 10
-8.8065
 20
2.4837
 10
-8.8119
 20
2.4645
 10
-8.8172
 20
2.4452
 10
-8.8225
 20
2.426
 10
-8.8278
 20
2.4067
 10
-8.833
 20
2.3875
 10
-8.8382
 20
2.3682
 10
-8.8434
 20
2.3489
 10
-8.8485
 20
2.3296
 10
-8.8535
 20
2.3103
 10
-8.8586
 20
2.291
 10
-8.8635
 20
2.2716
 10
-8.8685
 20
2.2523
 10
-8.8734
 20
2.2329
 10
-8.8782
 20
2.2136
 10
-8.883
 20
2.1942
 10
-8.8878
 20
2.1748
 10
-8.8925
 20
2.1554
 10
-8.8972
 20
2.136
 10
-8.9018
 20
2.1166
 10
-8.9064
 20
2.0972
 10
-8.911
 20
2.0777
 10
-8.9155
 20
2.0583
 10
-8.92
 20
2.0388
 10
-8.9244
 20
2.0194
 10
-8.9288
 20
1.9999
 10
-8.9331
 20
1.9804
 10
-8.9374
 20
1.9609
 10
-8.9417
 20
1.9414
 10
-8.9459
 20
1.9219
 10
-8.9501
 20
1.9024
 10
-8.9542
 20
1.8829
 10
-8.9583
 20
1.8633
 10
-8.9623
 20
1.8438
 10
-8.9663
 20
1.8242
 10
-8.9703
 20
1.8047
 10
-8.9742
 20
1.7851
 10
-8.9781
 20
1.7655
 10
-8.9819
 20
1.7459
 10
-8.9857
 20
1.7263
 10
-8.9894
 20
1.7067
 10
-8.9931
 20
1.6871
 10
-8.9968
 20
1.6675
 10
-9.0004
 20
1.6478
 10
-9.004
 20
1.6282
 10
-9.0075
 20
1.6085
 10
-9.011
 20
1.5889
 10
-9.0144
 20
1.5692
 10
-9.0178
 20
1.5495
 10
-9.0212
 20
1.5299
 10
-9.0245
 20
1.5102
 10
-9.0278
 20
1.4905
 10
-9.031
 20
1.4708
 10
-9.0342
 20
1.4511
 10
-9.0373
 20
1.4314
 10
-9.0404
 20
1.4117
 10
-9.0435
 20
1.3919
 10
-9.0465
 20
1.3722
 10
-9.0495
 20
1.3525
 10
-9.0524
 20
1.3327
 10
-9.0553
 20
1.313
 10
-9.0582
 20
1.2932
 10
-9.061
 20
1.2734
 10
-9.0637
 20
1.2537
 10
-9.0664
 20
1.2339
 10
-9.0691
 20
1.2141
 10
-9.0717
 20
1.1943
 10
-9.0743
 20
1.1745
 10
-9.0768
 20
1.1547
 10
-9.0793
 20
1.1349
 10
-9.0818
 20
1.1151
 10
-9.0842
 20
1.0953
 10
-9.0866
 20
1.0755
 10
-9.0889
 20
1.0556
 10
-9.0912
 20
1.0358
 10
-9.0934
 20
1.016
 10
-9.0956
 20
0.9961
 10
-9.0978
 20
0.9763
 10
-9.0999
 20
0.9564
 10
-9.1019
 20
0.9366
 10
-9.104
 20
0.9167
 10
-9.1059
 20
0.8969
 10
-9.1079
 20
0.877
 10
-9.1098
 20
0.8571
 10
-9.1116
 20
0.8372
 10
-9.1134
 20
0.8174
 10
-9.1152
 20
0.7975
 10
-9.1169
 20
0.7776
 10
-9.1186
 20
0.7577
 10
-9.1202
 20
0.7378
 10
-9.1218
 20
0.7179
 10
-9.1233
 20
0.698
 10
-9.1248
 20
0.6781
 10
-9.1263
 20
0.6582
 10
-9.1277
 20
0.6383
 10
-9.1291
 20
0.6184
 10
-9.1304
 20
0.5984
 10
-9.1317
 20
0.5785
 10
-9.1329
 20
0.5586
 10
-9.1341
 20
0.5387
 10
-9.1353
 20
0.5187
 10
-9.1364
 20
0.4988
 10
-9.1375
 20
0.4789
 10
-9.1385
 20
0.4589
 10
-9.1395
 20
0.439
 10
-9.1404
 20
0.4191
 10
-9.1413
 20
0.3991
 10
-9.1421
 20
0.3792
 10
-9.1429
 20
0.3592
 10
-9.1437
 20
0.3393
 10
-9.1444
 20
0.3193
 10
-9.1451
 20
0.2994
 10
-9.1457
 20
0.2794
 10
-9.1463
 20
0.2595
 10
-9.1469
 20
0.2395
 10
-9.1474
 20
0.2196
 10
-9.1478
 20
0.1996
 10
-9.1482
 20
0.1796
 10
-9.1486
 20
0.1597
 10
-9.1489
 20
0.1397
 10
-9.1492
 20
0.1198
 10
-9.1495
 20
0.0998
 10
-9.1497
 20
0.0798
 10
-9.1498
 20
0.0599
 10
-9.1499
 20
0.0399
 10
-9.15
 20
0.02
 10
-9.15
 20
0.0
 10
-9.15
 20
-0.02
 10
-9.1499
 20
-0.0399
 10
-9.1498
 20
-0.0599
 10
-9.1497
 20
-0.0798
 10
-9.1495
 20
-0.0998
 10
-9.1492
 20
-0.1198
 10
-9.1489
 20
-0.1397
 10
-9.1486
 20
-0.1597
 10
-9.1482
 20
-0.1796
 10
-9.1478
 20
-0.1996
 10
-9.1474
 20
-0.2196
 10
-9.1469
 20
-0.2395
 10
-9.1463
 20
-0.2595
 10
-9.1457
 20
-0.2794
 10
-9.1451
 20
-0.2994
 10
-9.1444
 20
-0.3193
 10
-9.1437
 20
-0.3393
 10
-9.1429
 20
-0.3592
 10
-9.1421
 20
-0.3792
 10
-9.1413
 20
-0.3991
 10
-9.1404
 20
-0.4191
 10
-9.1395
 20
-0.439
 10
-9.1385
 20
-0.4589
 10
-9.1375
 20
-0.4789
 10
-9.1364
 20
-0.4988
 10
-9.1353
 20
-0.5187
 10
-9.1341
 20
-0.5387
 10
-9.1329
 20
-0.5586
 10
-9.1317
 20
-0.5785
 10
-9.1304
 20
-0.5984
 10
-9.1291
 20
-0.6184
 10
-9.1277
 20
-0.6383
 10
-9.1263
 20
-0.6582
 10
-9.1248
 20
-0.6781
 10
-9.1233
 20
-0.698
 10
-9.1218
 20
-0.7179
 10
-9.1202
 20
-0.7378
 10
-9.1186
 20
-0.7577
 10
-9.1169
 20
-0.7776
 10
-9.1152
 20
-0.7975
 10
-9.1134
 20
-0.8174
 10
-9.1116
 20
-0.8372
 10
-9.1098
 20
-0.8571
 10
-9.1079
 20
-0.877
 10
-9.1059
 20
-0.8969
 10
-9.104
 20
-0.9167
 10
-9.1019
 20
-0.9366
 10
-9.0999
 20
-0.9564
 10
-9.0978
 20
-0.9763
 10
-9.0956
 20
-0.9961
 10
-9.0934
 20
-1.016
 10
-9.0912
 20
-1.0358
 10
-9.0889
 20
-1.0556
 10
-9.0866
 20
-1.0755
 10
-9.0842
 20
-1.0953
 10
-9.0818
 20
-1.1151
 10
-9.0793
 20
-1.1349
 10
-9.0768
 20
-1.1547
 10
-9.0743
 20
-1.1745
 10
-9.0717
 20
-1.1943
 10
-9.0691
 20
-1.2141
 10
-9.0664
 20
-1.2339
 10
-9.0637
 20
-1.2537
 10
-9.061
 20
-1.2734
 10
-9.0582
 20
-1.2932
 10
-9.0553
 20
-1.313
 10
-9.0524
 20
-1.3327
 10
-9.0495
 20
-1.3525
 10
-9.0465
 20
-1.3722
 10
-9.0435
 20
-1.3919
 10
-9.0404
 20
-1.4117
 10
-9.0373
 20
-1.4314
 10
-9.0342
 20
-1.4511
 10
-9.031
 20
-1.4708
 10
-9.0278
 20
-1.4905
 10
-9.0245
 20
-1.5102
 10
-9.0212
 20
-1.5299
 10
-9.0178
 20
-1.5495
 10
-9.0144
 20
-1.5692
 10
-9.011
 20
-1.5889
 10
-9.0075
 20
-1.6085
 10
-9.004
 20
-1.6282
 10
-9.0004
 20
-1.6478
 10
-8.9968
 20
-1.6675
 10
-8.9931
 20
-1.6871
 10
-8.9894
 20
-1.7067
 10
-8.9857
 20
-1.7263
 10
-8.9819
 20
-1.7459
 10
-8.9781
 20
-1.7655
 10
-8.9742
 20
-1.7851
 10
-8.9703
 20
-1.8047
 10
-8.9663
 20
-1.8242
 10
-8.9623
 20
-1.8438
 10
-8.9583
 20
-1.8633
 10
-8.9542
 20
-1.8829
 10
-8.9501
 20
-1.9024
 10
-8.9459
 20
-1.9219
 10
-8.9417
 20
-1.9414
 10
-8.9374
 20
-1.9609
 10
-8.9331
 20
-1.9804
 10
-8.9288
 20
-1.9999
 10
-8.9244
 20
-2.0194
 10
-8.92
 20
-2.0388
 10
-8.9155
 20
-2.0583
 10
-8.911
 20
-2.0777
 10
-8.9064
 20
-2.0972
 10
-8.9018
 20
-2.1166
 10
-8.8972
 20
-2.136
 10
-8.8925
 20
-2.1554
 10
-8.8878
 20
-2.1748
 10
-8.883
 20
-2.1942
 10
-8.8782
 20
-2.2136
 10
-8.8734
 20
-2.2329
 10
-8.8685
 20
-2.2523
 10
-8.8635
 20
-2.2716
 10
-8.8586
 20
-2.291
 10
-8.8535
 20
-2.3103
 10
-8.8485
 20
-2.3296
 10
-8.8434
 20
-2.3489
 10
-8.8382
 20
-2.3682
 10
-8.833
 20
-2.3875
 10
-8.8278
 20
-2.4067
 10
-8.8225
 20
-2.426
 10
-8.8172
 20
-2.4452
 10
-8.8119
 20
-2.4645
 10
-8.8065
 20
-2.4837
 10
-8.801
 20
-2.5029
 10
-8.7955
 20
-2.5221
 10
-8.79
 20
-2.5413
 10
-8.7845
 20
-2.5604
 10
-8.7788
 20
-2.5796
 10
-8.7732
 20
-2.5987
 10
-8.7675
 20
-2.6179
 10
-8.7618
 20
-2.637
 10
-8.756
 20
-2.6561
 10
-8.7502
 20
-2.6752
 10
-8.7443
 20
-2.6943
 10
-8.7384
 20
-2.7134
 10
-8.7325
 20
-2.7324
 10
-8.7265
 20
-2.7515
 10
-8.7205
 20
-2.7705
 10
-8.7144
 20
-2.7895
 10
-8.7083
 20
-2.8085
 10
-8.7022
 20
-2.8275
 10
-8.696
 20
-2.8465
 10
-8.6897
 20
-2.8654
 10
-8.6835
 20
-2.8844
 10
-8.6772
 20
-2.9033
 10
-8.6708
 20
-2.9223
 10
-8.6644
 20
-2.9412
 10
-8.658
 20
-2.9601
 10
-8.6515
 20
-2.9789
 10
-8.645
 20
-2.9978
 10
-8.6384
 20
-3.0167
 10
-8.6318
 20
-3.0355
 10
-8.6252
 20
-3.0543
 10
-8.6185
 20
-3.0731
 10
-8.6118
 20
-3.0919
 10
-8.605
 20
-3.1107
 10
-8.5982
 20
-3.1295
 10
-8.5913
 20
-3.1482
 10
-8.5845
 20
-3.167
 10
-8.5775
 20
-3.1857
 10
-8.5706
 20
-3.2044
 10
-8.5635
 20
-3.2231
 10
-8.5565
 20
-3.2418
 10
-8.5494
 20
-3.2604
 10
-8.5423
 20
-3.2791
 10
-8.5351
 20
-3.2977
 10
-8.5279
 20
-3.3163
 10
-8.5206
 20
-3.3349
 10
-8.5133
 20
-3.3535
 10
-8.506
 20
-3.3721
 10
-8.4986
 20
-3.3906
 10
-8.4912
 20
-3.4091
 10
-8.4837
 20
-3.4277
 10
-8.4762
 20
-3.4462
 10
-8.4687
 20
-3.4646
 10
-8.4611
 20
-3.4831
 10
-8.4535
 20
-3.5016
 10
-8.4458
 20
-3.52
 10
-8.4381
 20
-3.5384
 10
-8.4304
 20
-3.5568
 10
-8.4226
 20
-3.5752
 10
-8.4148
 20
-3.5936
 10
-8.4069
 20
-3.6119
 10
-8.399
 20
-3.6302
 10
-8.3911
 20
-3.6486
 10
-8.3831
 20
-3.6669
 10
-8.3751
 20
-3.6851
 10
-8.367
 20
-3.7034
 10
-8.3589
 20
-3.7216
 10
-8.3508
 20
-3.7399
 10
-8.3426
 20
-3.7581
 10
-8.3344
 20
-3.7763
 10
-8.3261
 20
-3.7944
 10
-8.3178
 20
-3.8126
 10
-8.3095
 20
-3.8307
 10
-8.3011
 20
-3.8489
 10
-8.2927
 20
-3.867
 10
-8.2843
 20
-3.885
 10
-8.2758
 20
-3.9031
 10
-8.2672
 20
-3.9211
 10
-8.2587
 20
-3.9392
 10
-8.25
 20
-3.9572
 10
-8.2414
 20
-3.9752
 10
-8.2327
 20
-3.9931
 10
-8.224
 20
-4.0111
 10
-8.2152
 20
-4.029
 10
-8.2064
 20
-4.0469
 10
-8.1975
 20
-4.0648
 10
-8.1886
 20
-4.0827
 10
-8.1797
 20
-4.1006
 10
-8.1708
 20
-4.1184
 10
-8.1618
 20
-4.1362
 10
-8.1527
 20
-4.154
 10
-8.1436
 20
-4.1718
 10
-8.1345
 20
-4.1895
 10
-8.1253
 20
-4.2073
 10
-8.1161
 20
-4.225
 10
-8.1069
 20
-4.2427
 10
-8.0976
 20
-4.2604
 10
-8.0883
 20
-4.278
 10
-8.079
 20
-4.2957
 10
-8.0696
 20
-4.3133
 10
-8.0602
 20
-4.3309
 10
-8.0507
 20
-4.3484
 10
-8.0412
 20
-4.366
 10
-8.0316
 20
-4.3835
 10
-8.022
 20
-4.401
 10
-8.0124
 20
-4.4185
 10
-8.0028
 20
-4.436
 10
-7.9931
 20
-4.4535
 10
-7.9833
 20
-4.4709
 10
-7.9736
 20
-4.4883
 10
-7.9638
 20
-4.5057
 10
-7.9539
 20
-4.523
 10
-7.944
 20
-4.5404
 10
-7.9341
 20
-4.5577
 10
-7.9241
 20
-4.575
 10
-7.9141
 20
-4.5923
 10
-7.9041
 20
-4.6095
 10
-7.894
 20
-4.6268
 10
-7.8839
 20
-4.644
 10
-7.8738
 20
-4.6612
 10
-7.8636
 20
-4.6783
 10
-7.8533
 20
-4.6955
 10
-7.8431
 20
-4.7126
 10
-7.8328
 20
-4.7297
 10
-7.8224
 20
-4.7468
 10
-7.8121
 20
-4.7638
 10
-7.8017
 20
-4.7809
 10
-7.7912
 20
-4.7979
 10
-7.7807
 20
-4.8149
 10
-7.7702
 20
-4.8318
 10
-7.7596
 20
-4.8488
 10
-7.749
 20
-4.8657
 10
-7.7384
 20
-4.8826
 10
-7.7277
 20
-4.8994
 10
-7.717
 20
-4.9163
 10
-7.7063
 20
-4.9331
 10
-7.6955
 20
-4.9499
 10
-7.6847
 20
-4.9667
 10
-7.6738
 20
-4.9834
 10
-7.6629
 20
-5.0002
 10
-7.652
 20
-5.0169
 10
-7.6411
 20
-5.0336
 10
-7.6301
 20
-5.0502
 10
-7.619
 20
-5.0669
 10
-7.6079
 20
-5.0835
 10
-7.5968
 20
-5.1001
 10
-7.5857
 20
-5.1166
 10
-7.5745
 20
-5.1332
 10
-7.5633
 20
-5.1497
 10
-7.552
 20
-5.1662
 10
-7.5408
 20
-5.1826
 10
-7.5294
 20
-5.1991
 10
-7.5181
 20
-5.2155
 10
-7.5067
 20
-5.2319
 10
-7.4952
 20
-5.2482
 10
-7.4838
 20
-5.2646
 10
-7.4723
 20
-5.2809
 10
-7.4607
 20
-5.2972
 10
-7.4492
 20
-5.3134
 10
-7.4375
 20
-5.3297
 10
-7.4259
 20
-5.3459
 10
-7.4142
 20
-5.3621
 10
-7.4025
 20
-5.3782
 10
-7.3908
 20
-5.3944
 10
-7.379
 20
-5.4105
 10
-7.3671
 20
-5.4266
 10
-7.3553
 20
-5.4426
 10
-7.3434
 20
-5.4587
 10
-7.3315
 20
-5.4747
 10
-7.3195
 20
-5.4907
 10
-7.3075
 20
-5.5066
 10
-7.2955
 20
-5.5225
 10
-7.2834
 20
-5.5384
 10
-7.2713
 20
-5.5543
 10
-7.2592
 20
-5.5702
 10
-7.247
 20
-5.586
 10
-7.2348
 20
-5.6018
 10
-7.2226
 20
-5.6176
 10
-7.2103
 20
-5.6333
 10
-7.198
 20
-5.649
 10
-7.1856
 20
-5.6647
 10
-7.1733
 20
-5.6804
 10
-7.1609
 20
-5.696
 10
-7.1484
 20
-5.7116
 10
-7.1359
 20
-5.7272
 10
-7.1234
 20
-5.7428
 10
-7.1109
 20
-5.7583
 10
-7.0983
 20
-5.7738
 10
-7.0857
 20
-5.7893
 10
-7.073
 20
-5.8047
 10
-7.0604
 20
-5.8201
 10
-7.0477
 20
-5.8355
 10
-7.0349
 20
-5.8509
 10
-7.0221
 20
-5.8662
 10
-7.0093
 20
-5.8815
 10
-6.9965
 20
-5.8968
 10
-6.9836
 20
-5.912
 10
-6.9707
 20
-5.9273
 10
-6.9577
 20
-5.9424
 10
-6.9447
 20
-5.9576
 10
-6.9317
 20
-5.9728
 10
-6.9187
 20
-5.9879
 10
-6.9056
 20
-6.0029
 10
-6.8925
 20
-6.018
 10
-6.8793
 20
-6.033
 10
-6.8662
 20
-6.048
 10
-6.8529
 20
-6.063
 10
-6.8397
 20
-6.0779
 10
-6.8264
 20
-6.0928
 10
-6.8131
 20
-6.1077
 10
-6.7998
 20
-6.1225
 10
-6.7864
 20
-6.1374
 10
-6.773
 20
-6.1522
 10
-6.7596
 20
-6.1669
 10
-6.7461
 20
-6.1817
 10
-6.7326
 20
-6.1964
 10
-6.7191
 20
-6.211
 10
-6.7055
 20
-6.2257
 10
-6.6919
 20
-6.2403
 10
-6.6783
 20
-6.2549
 10
-6.6646
 20
-6.2694
 10
-6.6509
 20
-6.2839
 10
-6.6372
 20
-6.2984
 10
-6.6234
 20
-6.3129
 10
-6.6096
 20
-6.3273
 10
-6.5958
 20
-6.3417
 10
-6.582
 20
-6.3561
 10
-6.5681
 20
-6.3705
 10
-6.5542
 20
-6.3848
 10
-6.5402
 20
-6.3991
 10
-6.5262
 20
-6.4133
 10
-6.5122
 20
-6.4275
 10
-6.4982
 20
-6.4417
 10
-6.4841
 20
-6.4559
 10
-6.47
 20
-6.47
 10
-6.4559
 20
-6.4841
 10
-6.4417
 20
-6.4982
 10
-6.4275
 20
-6.5122
 10
-6.4133
 20
-6.5262
 10
-6.3991
 20
-6.5402
 10
-6.3848
 20
-6.5542
 10
-6.3705
 20
-6.5681
 10
-6.3561
 20
-6.582
 10
-6.3417
 20
-6.5958
 10
-6.3273
 20
-6.6096
 10
-6.3129
 20
-6.6234
 10
-6.2984
 20
-6.6372
 10
-6.2839
 20
-6.6509
 10
-6.2694
 20
-6.6646
 10
-6.2549
 20
-6.6783
 10
-6.2403
 20
-6.6919
 10
-6.2257
 20
-6.7055
 10
-6.211
 20
-6.7191
 10
-6.1964
 20
-6.7326
 10
-6.1817
 20
-6.7461
 10
-6.1669
 20
-6.7596
 10
-6.1522
 20
-6.773
 10
-6.1374
 20
-6.7864
 10
-6.1225
 20
-6.7998
 10
-6.1077
 20
-6.8131
 10
-6.0928
 20
-6.8264
 10
-6.0779
 20
-6.8397
 10
-6.063
 20
-6.8529
 10
-6.048
 20
-6.8662
 10
-6.033
 20
-6.8793
 10
-6.018
 20
-6.8925
 10
-6.0029
 20
-6.9056
 10
-5.9879
 20
-6.9187
 10
-5.9728
 20
-6.9317
 10
-5.9576
 20
-6.9447
 10
-5.9424
 20
-6.9577
 10
-5.9273
 20
-6.9707
 10
-5.912
 20
-6.9836
 10
-5.8968
 20
-6.9965
 10
-5.8815
 20
-7.0093
 10
-5.8662
 20
-7.0221
 10
-5.8509
 20
-7.0349
 10
-5.8355
 20
-7.0477
 10
-5.8201
 20
-7.0604
 10
-5.8047
 20
-7.073
 10
-5.7893
 20
-7.0857
 10
-5.7738
 20
-7.0983
 10
-5.7583
 20
-7.1109
 10
-5.7428
 20
-7.1234
 10
-5.7272
 20
-7.1359
 10
-5.7116
 20
-7.1484
 10
-5.696
 20
-7.1609
 10
-5.6804
 20
-7.1733
 10
-5.6647
 20
-7.1856
 10
-5.649
 20
-7.198
 10
-5.6333
 20
-7.2103
 10
-5.6176
 20
-7.2226
 10
-5.6018
 20
-7.2348
 10
-5.586
 20
-7.247
 10
-5.5702
 20
-7.2592
 10
-5.5543
 20
-7.2713
 10
-5.5384
 20
-7.2834
 10
-5.5225
 20
-7.2955
 10
-5.5066
 20
-7.3075
 10
-5.4907
 20
-7.3195
 10
-5.4747
 20
-7.3315
 10
-5.4587
 20
-7.3434
 10
-5.4426
 20
-7.3553
 10
-5.4266
 20
-7.3671
 10
-5.4105
 20
-7.379
 10
-5.3944
 20
-7.3908
 10
-5.3782
 20
-7.4025
 10
-5.3621
 20
-7.4142
 10
-5.3459
 20
-7.4259
 10
-5.3297
 20
-7.4375
 10
-5.3134
 20
-7.4492
 10
-5.2972
 20
-7.4607
 10
-5.2809
 20
-7.4723
 10
-5.2646
 20
-7.4838
 10
-5.2482
 20
-7.4952
 10
-5.2319
 20
-7.5067
 10
-5.2155
 20
-7.5181
 10
-5.1991
 20
-7.5294
 10
-5.1826
 20
-7.5408
 10
-5.1662
 20
-7.552
 10
-5.1497
 20
-7.5633
 10
-5.1332
 20
-7.5745
 10
-5.1166
 20
-7.5857
 10
-5.1001
 20
-7.5968
 10
-5.0835
 20
-7.6079
 10
-5.0669
 20
-7.619
 10
-5.0502
 20
-7.6301
 10
-5.0336
 20
-7.6411
 10
-5.0169
 20
-7.652
 10
-5.0002
 20
-7.6629
 10
-4.9834
 20
-7.6738
 10
-4.9667
 20
-7.6847
 10
-4.9499
 20
-7.6955
 10
-4.9331
 20
-7.7063
 10
-4.9163
 20
-7.717
 10
-4.8994
 20
-7.7277
 10
-4.8826
 20
-7.7384
 10
-4.8657
 20
-7.749
 10
-4.8488
 20
-7.7596
 10
-4.8318
 20
-7.7702
 10
-4.8149
 20
-7.7807
 10
-4.7979
 20
-7.7912
 10
-4.7809
 20
-7.8017
 10
-4.7638
 20
-7.8121
 10
-4.7468
 20
-7.8224
 10
-4.7297
 20
-7.8328
 10
-4.7126
 20
-7.8431
 10
-4.6955
 20
-7.8533
 10
-4.6783
 20
-7.8636
 10
-4.6612
 20
-7.8738
 10
-4.644
 20
-7.8839
 10
-4.6268
 20
-7.894
 10
-4.6095
 20
-7.9041
 10
-4.5923
 20
-7.9141
 10
-4.575
 20
-7.9241
 10
-4.5577
 20
-7.9341
 10
-4.5404
 20
-7.944
 10
-4.523
 20
-7.9539
 10
-4.5057
 20
-7.9638
 10
-4.4883
 20
-7.9736
 10
-4.4709
 20
-7.9833
 10
-4.4535
 20
-7.9931
 10
-4.436
 20
-8.0028
 10
-4.4185
 20
-8.0124
 10
-4.401
 20
-8.022
 10
-4.3835
 20
-8.0316
 10
-4.366
 20
-8.0412
 10
-4.3484
 20
-8.0507
 10
-4.3309
 20
-8.0602
 10
-4.3133
 20
-8.0696
 10
-4.2957
 20
-8.079
 10
-4.278
 20
-8.0883
 10
-4.2604
 20
-8.0976
 10
-4.2427
 20
-8.1069
 10
-4.225
 20
-8.1161
 10
-4.2073
 20
-8.1253
 10
-4.1895
 20
-8.1345
 10
-4.1718
 20
-8.1436
 10
-4.154
 20
-8.1527
 10
-4.1362
 20
-8.1618
 10
-4.1184
 20
-8.1708
 10
-4.1006
 20
-8.1797
 10
-4.0827
 20
-8.1886
 10
-4.0648
 20
-8.1975
 10
-4.0469
 20
-8.2064
 10
-4.029
 20
-8.2152
 10
-4.0111
 20
-8.224
 10
-3.9931
 20
-8.2327
 10
-3.9752
 20
-8.2414
 10
-3.9572
 20
-8.25
 10
-3.9392
 20
-8.2587
 10
-3.9211
 20
-8.2672
 10
-3.9031
 20
-8.2758
 10
-3.885
 20
-8.2843
 10
-3.867
 20
-8.2927
 10
-3.8489
 20
-8.3011
 10
-3.8307
 20
-8.3095
 10
-3.8126
 20
-8.3178
 10
-3.7944
 20
-8.3261
 10
-3.7763
 20
-8.3344
 10
-3.7581
 20
-8.3426
 10
-3.7399
 20
-8.3508
 10
-3.7216
 20
-8.3589
 10
-3.7034
 20
-8.367
 10
-3.6851
 20
-8.3751
 10
-3.6669
 20
-8.3831
 10
-3.6486
 20
-8.3911
 10
-3.6302
 20
-8.399
 10
-3.6119
 20
-8.4069
 10
-3.5936
 20
-8.4148
 10
-3.5752
 20
-8.4226
 10
-3.5568
 20
-8.4304
 10
-3.5384
 20
-8.4381
 10
-3.52
 20
-8.4458
 10
-3.5016
 20
-8.4535
 10
-3.4831
 20
-8.4611
 10
-3.4646
 20
-8.4687
 10
-3.4462
 20
-8.4762
 10
-3.4277
 20
-8.4837
 10
-3.4091
 20
-8.4912
 10
-3.3906
 20
-8.4986
 10
-3.3721
 20
-8.506
 10
-3.3535
 20
-8.5133
 10
-3.3349
 20
-8.5206
 10
-3.3163
 20
-8.5279
 10
-3.2977
 20
-8.5351
 10
-3.2791
 20
-8.5423
 10
-3.2604
 20
-8.5494
 10
-3.2418
 20
-8.5565
 10
-3.2231
 20
-8.5635
 10
-3.2044
 20
-8.5706
 10
-3.1857
 20
-8.5775
 10
-3.167
 20
-8.5845
 10
-3.1482
 20
-8.5913
 10
-3.1295
 20
-8.5982
 10
-3.1107
 20
-8.605
 10
-3.0919
 20
-8.6118
 10
-3.0731
 20
-8.6185
 10
-3.0543
 20
-8.6252
 10
-3.0355
 20
-8.6318
 10
-3.0167
 20
-8.6384
 10
-2.9978
 20
-8.645
 10
-2.9789
 20
-8.6515
 10
-2.9601
 20
-8.658
 10
-2.9412
 20
-8.6644
 10
-2.9223
 20
-8.6708
 10
-2.9033
 20
-8.6772
 10
-2.8844
 20
-8.6835
 10
-2.8654
 20
-8.6897
 10
-2.8465
 20
-8.696
 10
-2.8275
 20
-8.7022
 10
-2.8085
 20
-8.7083
 10
-2.7895
 20
-8.7144
 10
-2.7705
 20
-8.7205
 10
-2.7515
 20
-8.7265
 10
-2.7324
 20
-8.7325
 10
-2.7134
 20
-8.7384
 10
-2.6943
 20
-8.7443
 10
-2.6752
 20
-8.7502
 10
-2.6561
 20
-8.756
 10
-2.637
 20
-8.7618
 10
-2.6179
 20
-8.7675
 10
-2.5987
 20
-8.7732
 10
-2.5796
 20
-8.7788
 10
-2.5604
 20
-8.7845
 10
-2.5413
 20
-8.79
 10
-2.5221
 20
-8.7955
 10
-2.5029
 20
-8.801
 10
-2.4837
 20
-8.8065
 10
-2.4645
 20
-8.8119
 10
-2.4452
 20
-8.8172
 10
-2.426
 20
-8.8225
 10
-2.4067
 20
-8.8278
 10
-2.3875
 20
-8.833
 10
-2.3682
 20
-8.8382
 10
-2.3489
 20
-8.8434
 10
-2.3296
 20
-8.8485
 10
-2.3103
 20
-8.8535
 10
-2.291
 20
-8.8586
 10
-2.2716
 20
-8.8635
 10
-2.2523
 20
-8.8685
 10
-2.2329
 20
-8.8734
 10
-2.2136
 20
-8.8782
 10
-2.1942
 20
-8.883
 10
-2.1748
 20
-8.8878
 10
-2.1554
 20
-8.8925
 10
-2.136
 20
-8.8972
 10
-2.1166
 20
-8.9018
 10
-2.0972
 20
-8.9064
 10
-2.0777
 20
-8.911
 10
-2.0583
 20
-8.9155
 10
-2.0388
 20
-8.92
 10
-2.0194
 20
-8.9244
 10
-1.9999
 20
-8.9288
 10
-1.9804
 20
-8.9331
 10
-1.9609
 20
-8.9374
 10
-1.9414
 20
-8.9417
 10
-1.9219
 20
-8.9459
 10
-1.9024
 20
-8.9501
 10
-1.8829
 20
-8.9542
 10
-1.8633
 20
-8.9583
 10
-1.8438
 20
-8.9623
 10
-1.8242
 20
-8.9663
 10
-1.8047
 20
-8.9703
 10
-1.7851
 20
-8.9742
 10
-1.7655
 20
-8.9781
 10
-1.7459
 20
-8.9819
 10
-1.7263
 20
-8.9857
 10
-1.7067
 20
-8.9894
 10
-1.6871
 20
-8.9931
 10
-1.6675
 20
-8.9968
 10
-1.6478
 20
-9.0004
 10
-1.6282
 20
-9.004
 10
-1.6085
 20
-9.0075
 10
-1.5889
 20
-9.011
 10
-1.5692
 20
-9.0144
 10
-1.5495
 20
-9.0178
 10
-1.5299
 20
-9.0212
 10
-1.5102
 20
-9.0245
 10
-1.4905
 20
-9.0278
 10
-1.4708
 20
-9.031
 10
-1.4511
 20
-9.0342
 10
-1.4314
 20
-9.0373
 10
-1.4117
 20
-9.0404
 10
-1.3919
 20
-9.0435
 10
-1.3722
 20
-9.0465
 10
-1.3525
 20
-9.0495
 10
-1.3327
 20
-9.0524
 10
-1.313
 20
-9.0553
 10
-1.2932
 20
-9.0582
 10
-1.2734
 20
-9.061
 10
-1.2537
 20
-9.0637
 10
-1.2339
 20
-9.0664
 10
-1.2141
 20
-9.0691
 10
-1.1943
 20
-9.0717
 10
-1.1745
 20
-9.0743
 10
-1.1547
 20
-9.0768
 10
-1.1349
 20
-9.0793
 10
-1.1151
 20
-9.0818
 10
-1.0953
 20
-9.0842
 10
-1.0755
 20
-9.0866
 10
-1.0556
 20
-9.0889
 10
-1.0358
 20
-9.0912
 10
-1.016
 20
-9.0934
 10
-0.9961
 20
-9.0956
 10
-0.9763
 20
-9.0978
 10
-0.9564
 20
-9.0999
 10
-0.9366
 20
-9.1019
 10
-0.9167
 20
-9.104
 10
-0.8969
 20
-9.1059
 10
-0.877
 20
-9.1079
 10
-0.8571
 20
-9.1098
 10
-0.8372
 20
-9.1116
 10
-0.8174
 20
-9.1134
 10
-0.7975
 20
-9.1152
 10
-0.7776
 20
-9.1169
 10
-0.7577
 20
-9.1186
 10
-0.7378
 20
-9.1202
 10
-0.7179
 20
-9.1218
 10
-0.698
 20
-9.1233
 10
-0.6781
 20
-9.1248
 10
-0.6582
 20
-9.1263
 10
-0.6383
 20
-9.1277
 10
-0.6184
 20
-9.1291
 10
-0.5984
 20
-9.1304
 10
-0.5785
 20
-9.1317
 10
-0.5586
 20
-9.1329
 10
-0.5387
 20
-9.1341
 10
-0.5187
 20
-9.1353
 10
-0.4988
 20
-9.1364
 10
-0.4789
 20
-9.1375
 10
-0.4589
 20
-9.1385
 10
-0.439
 20
-9.1395
 10
-0.4191
 20
-9.1404
 10
-0.3991
 20
-9.1413
 10
-0.3792
 20
-9.1421
 10
-0.3592
 20
-9.1429
 10
-0.3393
 20
-9.1437
 10
-0.3193
 20
-9.1444
 10
-0.2994
 20
-9.1451
 10
-0.2794
 20
-9.1457
 10
-0.2595
 20
-9.1463
 10
-0.2395
 20
-9.1469
 10
-0.2196
 20
-9.1474
 10
-0.1996
 20
-9.1478
 10
-0.1796
 20
-9.1482
 10
-0.1597
 20
-9.1486
 10
-0.1397
 20
-9.1489
 10
-0.1198
 20
-9.1492
 10
-0.0998
 20
-9.1495
 10
-0.0798
 20
-9.1497
 10
-0.0599
 20
-9.1498
 10
-0.0399
 20
-9.1499
 10
-0.02
 20
-9.15
 10
0.0
 20
-9.15
 10
0.02
 20
-9.15
 10
0.0399
 20
-9.1499
 10
0.0599
 20
-9.1498
 10
0.0798
 20
-9.1497
 10
0.0998
 20
-9.1495
 10
0.1198
 20
-9.1492
 10
0.1397
 20
-9.1489
 10
0.1597
 20
-9.1486
 10
0.1796
 20
-9.1482
 10
0.1996
 20
-9.1478
 10
0.2196
 20
-9.1474
 10
0.2395
 20
-9.1469
 10
0.2595
 20
-9.1463
 10
0.2794
 20
-9.1457
 10
0.2994
 20
-9.1451
 10
0.3193
 20
-9.1444
 10
0.3393
 20
-9.1437
 10
0.3592
 20
-9.1429
 10
0.3792
 20
-9.1421
 10
0.3991
 20
-9.1413
 10
0.4191
 20
-9.1404
 10
0.439
 20
-9.1395
 10
0.4589
 20
-9.1385
 10
0.4789
 20
-9.1375
 10
0.4988
 20
-9.1364
 10
0.5187
 20
-9.1353
 10
0.5387
 20
-9.1341
 10
0.5586
 20
-9.1329
 10
0.5785
 20
-9.1317
 10
0.5984
 20
-9.1304
 10
0.6184
 20
-9.1291
 10
0.6383
 20
-9.1277
 10
0.6582
 20
-9.1263
 10
0.6781
 20
-9.1248
 10
0.698
 20
-9.1233
 10
0.7179
 20
-9.1218
 10
0.7378
 20
-9.1202
 10
0.7577
 20
-9.1186
 10
0.7776
 20
-9.1169
 10
0.7975
 20
-9.1152
 10
0.8174
 20
-9.1134
 10
0.8372
 20
-9.1116
 10
0.8571
 20
-9.1098
 10
0.877
 20
-9.1079
 10
0.8969
 20
-9.1059
 10
0.9167
 20
-9.104
 10
0.9366
 20
-9.1019
 10
0.9564
 20
-9.0999
 10
0.9763
 20
-9.0978
 10
0.9961
 20
-9.0956
 10
1.016
 20
-9.0934
 10
1.0358
 20
-9.0912
 10
1.0556
 20
-9.0889
 10
1.0755
 20
-9.0866
 10
1.0953
 20
-9.0842
 10
1.1151
 20
-9.0818
 10
1.1349
 20
-9.0793
 10
1.1547
 20
-9.0768
 10
1.1745
 20
-9.0743
 10
1.1943
 20
-9.0717
 10
1.2141
 20
-9.0691
 10
1.2339
 20
-9.0664
 10
1.2537
 20
-9.0637
 10
1.2734
 20
-9.061
 10
1.2932
 20
-9.0582
 10
1.313
 20
-9.0553
 10
1.3327
 20
-9.0524
 10
1.3525
 20
-9.0495
 10
1.3722
 20
-9.0465
 10
1.3919
 20
-9.0435
 10
1.4117
 20
-9.0404
 10
1.4314
 20
-9.0373
 10
1.4511
 20
-9.0342
 10
1.4708
 20
-9.031
 10
1.4905
 20
-9.0278
 10
1.5102
 20
-9.0245
 10
1.5299
 20
-9.0212
 10
1.5495
 20
-9.0178
 10
1.5692
 20
-9.0144
 10
1.5889
 20
-9.011
 10
1.6085
 20
-9.0075
 10
1.6282
 20
-9.004
 10
1.6478
 20
-9.0004
 10
1.6675
 20
-8.9968
 10
1.6871
 20
-8.9931
 10
1.7067
 20
-8.9894
 10
1.7263
 20
-8.9857
 10
1.7459
 20
-8.9819
 10
1.7655
 20
-8.9781
 10
1.7851
 20
-8.9742
 10
1.8047
 20
-8.9703
 10
1.8242
 20
-8.9663
 10
1.8438
 20
-8.9623
 10
1.8633
 20
-8.9583
 10
1.8829
 20
-8.9542
 10
1.9024
 20
-8.9501
 10
1.9219
 20
-8.9459
 10
1.9414
 20
-8.9417
 10
1.9609
 20
-8.9374
 10
1.9804
 20
-8.9331
 10
1.9999
 20
-8.9288
 10
2.0194
 20
-8.9244
 10
2.0388
 20
-8.92
 10
2.0583
 20
-8.9155
 10
2.0777
 20
-8.911
 10
2.0972
 20
-8.9064
 10
2.1166
 20
-8.9018
 10
2.136
 20
-8.8972
 10
2.1554
 20
-8.8925
 10
2.1748
 20
-8.8878
 10
2.1942
 20
-8.883
 10
2.2136
 20
-8.8782
 10
2.2329
 20
-8.8734
 10
2.2523
 20
-8.8685
 10
2.2716
 20
-8.8635
 10
2.291
 20
-8.8586
 10
2.3103
 20
-8.8535
 10
2.3296
 20
-8.8485
 10
2.3489
 20
-8.8434
 10
2.3682
 20
-8.8382
 10
2.3875
 20
-8.833
 10
2.4067
 20
-8.8278
 10
2.426
 20
-8.8225
 10
2.4452
 20
-8.8172
 10
2.4645
 20
-8.8119
 10
2.4837
 20
-8.8065
 10
2.5029
 20
-8.801
 10
2.5221
 20
-8.7955
 10
2.5413
 20
-8.79
 10
2.5604
 20
-8.7845
 10
2.5796
 20
-8.7788
 10
2.5987
 20
-8.7732
 10
2.6179
 20
-8.7675
 10
2.637
 20
-8.7618
 10
2.6561
 20
-8.756
 10
2.6752
 20
-8.7502
 10
2.6943
 20
-8.7443
 10
2.7134
 20
-8.7384
 10
2.7324
 20
-8.7325
 10
2.7515
 20
-8.7265
 10
2.7705
 20
-8.7205
 10
2.7895
 20
-8.7144
 10
2.8085
 20
-8.7083
 10
2.8275
 20
-8.7022
 10
2.8465
 20
-8.696
 10
2.8654
 20
-8.6897
 10
2.8844
 20
-8.6835
 10
2.9033
 20
-8.6772
 10
2.9223
 20
-8.6708
 10
2.9412
 20
-8.6644
 10
2.9601
 20
-8.658
 10
2.9789
 20
-8.6515
 10
2.9978
 20
-8.645
 10
3.0167
 20
-8.6384
 10
3.0355
 20
-8.6318
 10
3.0543
 20
-8.6252
 10
3.0731
 20
-8.6185
 10
3.0919
 20
-8.6118
 10
3.1107
 20
-8.605
 10
3.1295
 20
-8.5982
 10
3.1482
 20
-8.5913
 10
3.167
 20
-8.5845
 10
3.1857
 20
-8.5775
 10
3.2044
 20
-8.5706
 10
3.2231
 20
-8.5635
 10
3.2418
 20
-8.5565
 10
3.2604
 20
-8.5494
 10
3.2791
 20
-8.5423
 10
3.2977
 20
-8.5351
 10
3.3163
 20
-8.5279
 10
3.3349
 20
-8.5206
 10
3.3535
 20
-8.5133
 10
3.3721
 20
-8.506
 10
3.3906
 20
-8.4986
 10
3.4091
 20
-8.4912
 10
3.4277
 20
-8.4837
 10
3.4462
 20
-8.4762
 10
3.4646
 20
-8.4687
 10
3.4831
 20
-8.4611
 10
3.5016
 20
-8.4535
 10
3.52
 20
-8.4458
 10
3.5384
 20
-8.4381
 10
3.5568
 20
-8.4304
 10
3.5752
 20
-8.4226
 10
3.5936
 20
-8.4148
 10
3.6119
 20
-8.4069
 10
3.6302
 20
-8.399
 10
3.6486
 20
-8.3911
 10
3.6669
 20
-8.3831
 10
3.6851
 20
-8.3751
 10
3.7034
 20
-8.367
 10
3.7216
 20
-8.3589
 10
3.7399
 20
-8.3508
 10
3.7581
 20
-8.3426
 10
3.7763
 20
-8.3344
 10
3.7944
 20
-8.3261
 10
3.8126
 20
-8.3178
 10
3.8307
 20
-8.3095
 10
3.8489
 20
-8.3011
 10
3.867
 20
-8.2927
 10
3.885
 20
-8.2843
 10
3.9031
 20
-8.2758
 10
3.9211
 20
-8.2672
 10
3.9392
 20
-8.2587
 10
3.9572
 20
-8.25
 10
3.9752
 20
-8.2414
 10
3.9931
 20
-8.2327
 10
4.0111
 20
-8.224
 10
4.029
 20
-8.2152
 10
4.0469
 20
-8.2064
 10
4.0648
 20
-8.1975
 10
4.0827
 20
-8.1886
 10
4.1006
 20
-8.1797
 10
4.1184
 20
-8.1708
 10
4.1362
 20
-8.1618
 10
4.154
 20
-8.1527
 10
4.1718
 20
-8.1436
 10
4.1895
 20
-8.1345
 10
4.2073
 20
-8.1253
 10
4.225
 20
-8.1161
 10
4.2427
 20
-8.1069
 10
4.2604
 20
-8.0976
 10
4.278
 20
-8.0883
 10
4.2957
 20
-8.079
 10
4.3133
 20
-8.0696
 10
4.3309
 20
-8.0602
 10
4.3484
 20
-8.0507
 10
4.366
 20
-8.0412
 10
4.3835
 20
-8.0316
 10
4.401
 20
-8.022
 10
4.4185
 20
-8.0124
 10
4.436
 20
-8.0028
 10
4.4535
 20
-7.9931
 10
4.4709
 20
-7.9833
 10
4.4883
 20
-7.9736
 10
4.5057
 20
-7.9638
 10
4.523
 20
-7.9539
 10
4.5404
 20
-7.944
 10
4.5577
 20
-7.9341
 10
4.575
 20
-7.9241
 10
4.5923
 20
-7.9141
 10
4.6095
 20
-7.9041
 10
4.6268
 20
-7.894
 10
4.644
 20
-7.8839
 10
4.6612
 20
-7.8738
 10
4.6783
 20
-7.8636
 10
4.6955
 20
-7.8533
 10
4.7126
 20
-7.8431
 10
4.7297
 20
-7.8328
 10
4.7468
 20
-7.8224
 10
4.7638
 20
-7.8121
 10
4.7809
 20
-7.8017
 10
4.7979
 20
-7.7912
 10
4.8149
 20
-7.7807
 10
4.8318
 20
-7.7702
 10
4.8488
 20
-7.7596
 10
4.8657
 20
-7.749
 10
4.8826
 20
-7.7384
 10
4.8994
 20
-7.7277
 10
4.9163
 20
-7.717
 10
4.9331
 20
-7.7063
 10
4.9499
 20
-7.6955
 10
4.9667
 20
-7.6847
 10
4.9834
 20
-7.6738
 10
5.0002
 20
-7.6629
 10
5.0169
 20
-7.652
 10
5.0336
 20
-7.6411
 10
5.0502
 20
-7.6301
 10
5.0669
 20
-7.619
 10
5.0835
 20
-7.6079
 10
5.1001
 20
-7.5968
 10
5.1166
 20
-7.5857
 10
5.1332
 20
-7.5745
 10
5.1497
 20
-7.5633
 10
5.1662
 20
-7.552
 10
5.1826
 20
-7.5408
 10
5.1991
 20
-7.5294
 10
5.2155
 20
-7.5181
 10
5.2319
 20
-7.5067
 10
5.2482
 20
-7.4952
 10
5.2646
 20
-7.4838
 10
5.2809
 20
-7.4723
 10
5.2972
 20
-7.4607
 10
5.3134
 20
-7.4492
 10
5.3297
 20
-7.4375
 10
5.3459
 20
-7.4259
 10
5.3621
 20
-7.4142
 10
5.3782
 20
-7.4025
 10
5.3944
 20
-7.3908
 10
5.4105
 20
-7.379
 10
5.4266
 20
-7.3671
 10
5.4426
 20
-7.3553
 10
5.4587
 20
-7.3434
 10
5.4747
 20
-7.3315
 10
5.4907
 20
-7.3195
 10
5.5066
 20
-7.3075
 10
5.5225
 20
-7.2955
 10
5.5384
 20
-7.2834
 10
5.5543
 20
-7.2713
 10
5.5702
 20
-7.2592
 10
5.586
 20
-7.247
 10
5.6018
 20
-7.2348
 10
5.6176
 20
-7.2226
 10
5.6333
 20
-7.2103
 10
5.649
 20
-7.198
 10
5.6647
 20
-7.1856
 10
5.6804
 20
-7.1733
 10
5.696
 20
-7.1609
 10
5.7116
 20
-7.1484
 10
5.7272
 20
-7.1359
 10
5.7428
 20
-7.1234
 10
5.7583
 20
-7.1109
 10
5.7738
 20
-7.0983
 10
5.7893
 20
-7.0857
 10
5.8047
 20
-7.073
 10
5.8201
 20
-7.0604
 10
5.8355
 20
-7.0477
 10
5.8509
 20
-7.0349
 10
5.8662
 20
-7.0221
 10
5.8815
 20
-7.0093
 10
5.8968
 20
-6.9965
 10
5.912
 20
-6.9836
 10
5.9273
 20
-6.9707
 10
5.9424
 20
-6.9577
 10
5.9576
 20
-6.9447
 10
5.9728
 20
-6.9317
 10
5.9879
 20
-6.9187
 10
6.0029
 20
-6.9056
 10
6.018
 20
-6.8925
 10
6.033
 20
-6.8793
 10
6.048
 20
-6.8662
 10
6.063
 20
-6.8529
 10
6.0779
 20
-6.8397
 10
6.0928
 20
-6.8264
 10
6.1077
 20
-6.8131
 10
6.1225
 20
-6.7998
 10
6.1374
 20
-6.7864
 10
6.1522
 20
-6.773
 10
6.1669
 20
-6.7596
 10
6.1817
 20
-6.7461
 10
6.1964
 20
-6.7326
 10
6.211
 20
-6.7191
 10
6.2257
 20
-6.7055
 10
6.2403
 20
-6.6919
 10
6.2549
 20
-6.6783
 10
6.2694
 20
-6.6646
 10
6.2839
 20
-6.6509
 10
6.2984
 20
-6.6372
 10
6.3129
 20
-6.6234
 10
6.3273
 20
-6.6096
 10
6.3417
 20
-6.5958
 10
6.3561
 20
-6.582
 10
6.3705
 20
-6.5681
 10
6.3848
 20
-6.5542
 10
6.3991
 20
-6.5402
 10
6.4133
 20
-6.5262
 10
6.4275
 20
-6.5122
 10
6.4417
 20
-6.4982
 10
6.4559
 20
-6.4841
 10
6.47
 20
-6.47
 10
6.4841
 20
-6.4559
 10
6.4982
 20
-6.4417
 10
6.5122
 20
-6.4275
 10
6.5262
 20
-6.4133
 10
6.5402
 20
-6.3991
 10
6.5542
 20
-6.3848
 10
6.5681
 20
-6.3705
 10
6.582
 20
-6.3561
 10
6.5958
 20
-6.3417
 10
6.6096
 20
-6.3273
 10
6.6234
 20
-6.3129
 10
6.6372
 20
-6.2984
 10
6.6509
 20
-6.2839
 10
6.6646
 20
-6.2694
 10
6.6783
 20
-6.2549
 10
6.6919
 20
-6.2403
 10
6.7055
 20
-6.2257
 10
6.7191
 20
-6.211
 10
6.7326
 20
-6.1964
 10
6.7461
 20
-6.1817
 10
6.7596
 20
-6.1669
 10
6.773
 20
-6.1522
 10
6.7864
 20
-6.1374
 10
6.7998
 20
-6.1225
 10
6.8131
 20
-6.1077
 10
6.8264
 20
-6.0928
 10
6.8397
 20
-6.0779
 10
6.8529
 20
-6.063
 10
6.8662
 20
-6.048
 10
6.8793
 20
-6.033
 10
6.8925
 20
-6.018
 10
6.9056
 20
-6.0029
 10
6.9187
 20
-5.9879
 10
6.9317
 20
-5.9728
 10
6.9447
 20
-5.9576
 10
6.9577
 20
-5.9424
 10
6.9707
 20
-5.9273
 10
6.9836
 20
-5.912
 10
6.9965
 20
-5.8968
 10
7.0093
 20
-5.8815
 10
7.0221
 20
-5.8662
 10
7.0349
 20
-5.8509
 10
7.0477
 20
-5.8355
 10
7.0604
 20
-5.8201
 10
7.073
 20
-5.8047
 10
7.0857
 20
-5.7893
 10
7.0983
 20
-5.7738
 10
7.1109
 20
-5.7583
 10
7.1234
 20
-5.7428
 10
7.1359
 20
-5.7272
 10
7.1484
 20
-5.7116
 10
7.1609
 20
-5.696
 10
7.1733
 20
-5.6804
 10
7.1856
 20
-5.6647
 10
7.198
 20
-5.649
 10
7.2103
 20
-5.6333
 10
7.2226
 20
-5.6176
 10
7.2348
 20
-5.6018
 10
7.247
 20
-5.586
 10
7.2592
 20
-5.5702
 10
7.2713
 20
-5.5543
 10
7.2834
 20
-5.5384
 10
7.2955
 20
-5.5225
 10
7.3075
 20
-5.5066
 10
7.3195
 20
-5.4907
 10
7.3315
 20
-5.4747
 10
7.3434
 20
-5.4587
 10
7.3553
 20
-5.4426
 10
7.3671
 20
-5.4266
 10
7.379
 20
-5.4105
 10
7.3908
 20
-5.3944
 10
7.4025
 20
-5.3782
 10
7.4142
 20
-5.3621
 10
7.4259
 20
-5.3459
 10
7.4375
 20
-5.3297
 10
7.4492
 20
-5.3134
 10
7.4607
 20
-5.2972
 10
7.4723
 20
-5.2809
 10
7.4838
 20
-5.2646
 10
7.4952
 20
-5.2482
 10
7.5067
 20
-5.2319
 10
7.5181
 20
-5.2155
 10
7.5294
 20
-5.1991
 10
7.5408
 20
-5.1826
 10
7.552
 20
-5.1662
 10
7.5633
 20
-5.1497
 10
7.5745
 20
-5.1332
 10
7.5857
 20
-5.1166
 10
7.5968
 20
-5.1001
 10
7.6079
 20
-5.0835
 10
7.619
 20
-5.0669
 10
7.6301
 20
-5.0502
 10
7.6411
 20
-5.0336
 10
7.652
 20
-5.0169
 10
7.6629
 20
-5.0002
 10
7.6738
 20
-4.9834
 10
7.6847
 20
-4.9667
 10
7.6955
 20
-4.9499
 10
7.7063
 20
-4.9331
 10
7.717
 20
-4.9163
 10
7.7277
 20
-4.8994
 10
7.7384
 20
-4.8826
 10
7.749
 20
-4.8657
 10
7.7596
 20
-4.8488
 10
7.7702
 20
-4.8318
 10
7.7807
 20
-4.8149
 10
7.7912
 20
-4.7979
 10
7.8017
 20
-4.7809
 10
7.8121
 20
-4.7638
 10
7.8224
 20
-4.7468
 10
7.8328
 20
-4.7297
 10
7.8431
 20
-4.7126
 10
7.8533
 20
-4.6955
 10
7.8636
 20
-4.6783
 10
7.8738
 20
-4.6612
 10
7.8839
 20
-4.644
 10
7.894
 20
-4.6268
 10
7.9041
 20
-4.6095
 10
7.9141
 20
-4.5923
 10
7.9241
 20
-4.575
 10
7.9341
 20
-4.5577
 10
7.944
 20
-4.5404
 10
7.9539
 20
-4.523
 10
7.9638
 20
-4.5057
 10
7.9736
 20
-4.4883
 10
7.9833
 20
-4.4709
 10
7.9931
 20
-4.4535
 10
8.0028
 20
-4.436
 10
8.0124
 20
-4.4185
 10
8.022
 20
-4.401
 10
8.0316
 20
-4.3835
 10
8.0412
 20
-4.366
 10
8.0507
 20
-4.3484
 10
8.0602
 20
-4.3309
 10
8.0696
 20
-4.3133
 10
8.079
 20
-4.2957
 10
8.0883
 20
-4.278
 10
8.0976
 20
-4.2604
 10
8.1069
 20
-4.2427
 10
8.1161
 20
-4.225
 10
8.1253
 20
-4.2073
 10
8.1345
 20
-4.1895
 10
8.1436
 20
-4.1718
 10
8.1527
 20
-4.154
 10
8.1618
 20
-4.1362
 10
8.1708
 20
-4.1184
 10
8.1797
 20
-4.1006
 10
8.1886
 20
-4.0827
 10
8.1975
 20
-4.0648
 10
8.2064
 20
-4.0469
 10
8.2152
 20
-4.029
 10
8.224
 20
-4.0111
 10
8.2327
 20
-3.9931
 10
8.2414
 20
-3.9752
 10
8.25
 20
-3.9572
 10
8.2587
 20
-3.9392
 10
8.2672
 20
-3.9211
 10
8.2758
 20
-3.9031
 10
8.2843
 20
-3.885
 10
8.2927
 20
-3.867
 10
8.3011
 20
-3.8489
 10
8.3095
 20
-3.8307
 10
8.3178
 20
-3.8126
 10
8.3261
 20
-3.7944
 10
8.3344
 20
-3.7763
 10
8.3426
 20
-3.7581
 10
8.3508
 20
-3.7399
 10
8.3589
 20
-3.7216
 10
8.367
 20
-3.7034
 10
8.3751
 20
-3.6851
 10
8.3831
 20
-3.6669
 10
8.3911
 20
-3.6486
 10
8.399
 20
-3.6302
 10
8.4069
 20
-3.6119
 10
8.4148
 20
-3.5936
 10
8.4226
 20
-3.5752
 10
8.4304
 20
-3.5568
 10
8.4381
 20
-3.5384
 10
8.4458
 20
-3.52
 10
8.4535
 20
-3.5016
 10
8.4611
 20
-3.4831
 10
8.4687
 20
-3.4646
 10
8.4762
 20
-3.4462
 10
8.4837
 20
-3.4277
 10
8.4912
 20
-3.4091
 10
8.4986
 20
-3.3906
 10
8.506
 20
-3.3721
 10
8.5133
 20
-3.3535
 10
8.5206
 20
-3.3349
 10
8.5279
 20
-3.3163
 10
8.5351
 20
-3.2977
 10
8.5423
 20
-3.2791
 10
8.5494
 20
-3.2604
 10
8.5565
 20
-3.2418
 10
8.5635
 20
-3.2231
 10
8.5706
 20
-3.2044
 10
8.5775
 20
-3.1857
 10
8.5845
 20
-3.167
 10
8.5913
 20
-3.1482
 10
8.5982
 20
-3.1295
 10
8.605
 20
-3.1107
 10
8.6118
 20
-3.0919
 10
8.6185
 20
-3.0731
 10
8.6252
 20
-3.0543
 10
8.6318
 20
-3.0355
 10
8.6384
 20
-3.0167
 10
8.645
 20
-2.9978
 10
8.6515
 20
-2.9789
 10
8.658
 20
-2.9601
 10
8.6644
 20
-2.9412
 10
8.6708
 20
-2.9223
 10
8.6772
 20
-2.9033
 10
8.6835
 20
-2.8844
 10
8.6897
 20
-2.8654
 10
8.696
 20
-2.8465
 10
8.7022
 20
-2.8275
 10
8.7083
 20
-2.8085
 10
8.7144
 20
-2.7895
 10
8.7205
 20
-2.7705
 10
8.7265
 20
-2.7515
 10
8.7325
 20
-2.7324
 10
8.7384
 20
-2.7134
 10
8.7443
 20
-2.6943
 10
8.7502
 20
-2.6752
 10
8.756
 20
-2.6561
 10
8.7618
 20
-2.637
 10
8.7675
 20
-2.6179
 10
8.7732
 20
-2.5987
 10
8.7788
 20
-2.5796
 10
8.7845
 20
-2.5604
 10
8.79
 20
-2.5413
 10
8.7955
 20
-2.5221
 10
8.801
 20
-2.5029
 10
8.8065
 20
-2.4837
 10
8.8119
 20
-2.4645
 10
8.8172
 20
-2.4452
 10
8.8225
 20
-2.426
 10
8.8278
 20
-2.4067
 10
8.833
 20
-2.3875
 10
8.8382
 20
-2.3682
 10
8.8434
 20
-2.3489
 10
8.8485
 20
-2.3296
 10
8.8535
 20
-2.3103
 10
8.8586
 20
-2.291
 10
8.8635
 20
-2.2716
 10
8.8685
 20
-2.2523
 10
8.8734
 20
-2.2329
 10
8.8782
 20
-2.2136
 10
8.883
 20
-2.1942
 10
8.8878
 20
-2.1748
 10
8.8925
 20
-2.1554
 10
8.8972
 20
-2.136
 10
8.9018
 20
-2.1166
 10
8.9064
 20
-2.0972
 10
8.911
 20
-2.0777
 10
8.9155
 20
-2.0583
 10
8.92
 20
-2.0388
 10
8.9244
 20
-2.0194
 10
8.9288
 20
-1.9999
 10
8.9331
 20
-1.9804
 10
8.9374
 20
-1.9609
 10
8.9417
 20
-1.9414
 10
8.9459
 20
-1.9219
 10
8.9501
 20
-1.9024
 10
8.9542
 20
-1.8829
 10
8.9583
 20
-1.8633
 10
8.9623
 20
-1.8438
 10
8.9663
 20
-1.8242
 10
8.9703
 20
-1.8047
 10
8.9742
 20
-1.7851
 10
8.9781
 20
-1.7655
 10
8.9819
 20
-1.7459
 10
8.9857
 20
-1.7263
 10
8.9894
 20
-1.7067
 10
8.9931
 20
-1.6871
 10
8.9968
 20
-1.6675
 10
9.0004
 20
-1.6478
 10
9.004
 20
-1.6282
 10
9.0075
 20
-1.6085
 10
9.011
 20
-1.5889
 10
9.0144
 20
-1.5692
 10
9.0178
 20
-1.5495
 10
9.0212
 20
-1.5299
 10
9.0245
 20
-1.5102
 10
9.0278
 20
-1.4905
 10
9.0297
 20
-1.479
 10
9.037
 20
-1.483
 10
9.0681
 20
-1.4977
 10
9.1207
 20
-1.5195
 10
9.1241
 20
-1.5207
 10
9.1231
 20
-1.5267
 10
9.1198
 20
-1.5466
  0
LWPOLYLINE
  5
B4
330
17
100
AcDbEntity
  8
ALTIN
100
AcDbPolyline
 90
2880
 70
1
 10
13.3546
 20
-0.3789
 10
13.3538
 20
-0.408
 10
13.3528
 20
-0.4371
 10
13.3519
 20
-0.4663
 10
13.3508
 20
-0.4954
 10
13.3497
 20
-0.5245
 10
13.3485
 20
-0.5536
 10
13.3473
 20
-0.5828
 10
13.346
 20
-0.6119
 10
13.3446
 20
-0.641
 10
13.3432
 20
-0.6701
 10
13.3417
 20
-0.6992
 10
13.3401
 20
-0.7283
 10
13.3385
 20
-0.7574
 10
13.3368
 20
-0.7865
 10
13.3351
 20
-0.8156
 10
13.3333
 20
-0.8447
 10
13.3314
 20
-0.8738
 10
13.3295
 20
-0.9029
 10
13.3275
 20
-0.9319
 10
13.3254
 20
-0.961
 10
13.3233
 20
-0.9901
 10
13.3211
 20
-1.0192
 10
13.3188
 20
-1.0482
 10
13.3165
 20
-1.0773
 10
13.3141
 20
-1.1063
 10
13.3117
 20
-1.1354
 10
13.3092
 20
-1.1644
 10
13.3066
 20
-1.1934
 10
13.304
 20
-1.2225
 10
13.3013
 20
-1.2515
 10
13.2985
 20
-1.2805
 10
13.2957
 20
-1.3095
 10
13.2928
 20
-1.3385
 10
13.2898
 20
-1.3675
 10
13.2868
 20
-1.3965
 10
13.2837
 20
-1.4255
 10
13.2806
 20
-1.4545
 10
13.2774
 20
-1.4834
 10
13.2741
 20
-1.5124
 10
13.2708
 20
-1.5414
 10
13.2674
 20
-1.5703
 10
13.2639
 20
-1.5992
 10
13.2604
 20
-1.6282
 10
13.2568
 20
-1.6571
 10
13.2532
 20
-1.686
 10
13.2495
 20
-1.7149
 10
13.2457
 20
-1.7438
 10
13.2419
 20
-1.7727
 10
13.238
 20
-1.8016
 10
13.234
 20
-1.8305
 10
13.23
 20
-1.8594
 10
13.2259
 20
-1.8882
 10
13.2217
 20
-1.9171
 10
13.2175
 20
-1.9459
 10
13.2133
 20
-1.9747
 10
13.2089
 20
-2.0036
 10
13.2045
 20
-2.0324
 10
13.2
 20
-2.0612
 10
13.1955
 20
-2.09
 10
13.1909
 20
-2.1187
 10
13.1863
 20
-2.1475
 10
13.1816
 20
-2.1763
 10
13.1768
 20
-2.205
 10
13.1719
 20
-2.2338
 10
13.167
 20
-2.2625
 10
13.1621
 20
-2.2912
 10
13.157
 20
-2.3199
 10
13.1519
 20
-2.3486
 10
13.1468
 20
-2.3773
 10
13.1416
 20
-2.406
 10
13.1363
 20
-2.4347
 10
13.1309
 20
-2.4633
 10
13.1255
 20
-2.492
 10
13.1201
 20
-2.5206
 10
13.1145
 20
-2.5492
 10
13.1089
 20
-2.5778
 10
13.1033
 20
-2.6064
 10
13.0976
 20
-2.635
 10
13.0918
 20
-2.6636
 10
13.086
 20
-2.6921
 10
13.08
 20
-2.7207
 10
13.0741
 20
-2.7492
 10
13.0681
 20
-2.7777
 10
13.062
 20
-2.8062
 10
13.0558
 20
-2.8347
 10
13.0496
 20
-2.8632
 10
13.0433
 20
-2.8916
 10
13.037
 20
-2.9201
 10
13.0306
 20
-2.9485
 10
13.0241
 20
-2.9769
 10
13.0176
 20
-3.0053
 10
13.011
 20
-3.0337
 10
13.0043
 20
-3.0621
 10
12.9976
 20
-3.0905
 10
12.9909
 20
-3.1188
 10
12.984
 20
-3.1472
 10
12.9771
 20
-3.1755
 10
12.9702
 20
-3.2038
 10
12.9632
 20
-3.2321
 10
12.9561
 20
-3.2604
 10
12.9489
 20
-3.2886
 10
12.9417
 20
-3.3169
 10
12.9345
 20
-3.3451
 10
12.9271
 20
-3.3733
 10
12.9197
 20
-3.4015
 10
12.9123
 20
-3.4297
 10
12.9048
 20
-3.4578
 10
12.8972
 20
-3.486
 10
12.8896
 20
-3.5141
 10
12.8819
 20
-3.5422
 10
12.8741
 20
-3.5703
 10
12.8663
 20
-3.5984
 10
12.8584
 20
-3.6264
 10
12.8505
 20
-3.6545
 10
12.8425
 20
-3.6825
 10
12.8344
 20
-3.7105
 10
12.8263
 20
-3.7385
 10
12.8181
 20
-3.7665
 10
12.8098
 20
-3.7944
 10
12.8015
 20
-3.8224
 10
12.7932
 20
-3.8503
 10
12.7847
 20
-3.8782
 10
12.7762
 20
-3.9061
 10
12.7677
 20
-3.934
 10
12.7591
 20
-3.9618
 10
12.7504
 20
-3.9896
 10
12.7417
 20
-4.0174
 10
12.7329
 20
-4.0452
 10
12.724
 20
-4.073
 10
12.7151
 20
-4.1007
 10
12.7061
 20
-4.1285
 10
12.6971
 20
-4.1562
 10
12.688
 20
-4.1839
 10
12.6788
 20
-4.2115
 10
12.6696
 20
-4.2392
 10
12.6603
 20
-4.2668
 10
12.651
 20
-4.2944
 10
12.6416
 20
-4.322
 10
12.6321
 20
-4.3496
 10
12.6226
 20
-4.3771
 10
12.613
 20
-4.4047
 10
12.6034
 20
-4.4322
 10
12.5937
 20
-4.4597
 10
12.5839
 20
-4.4871
 10
12.5741
 20
-4.5146
 10
12.5642
 20
-4.542
 10
12.5543
 20
-4.5694
 10
12.5443
 20
-4.5968
 10
12.5342
 20
-4.6241
 10
12.5241
 20
-4.6515
 10
12.5139
 20
-4.6788
 10
12.5037
 20
-4.7061
 10
12.4934
 20
-4.7333
 10
12.4831
 20
-4.7606
 10
12.4726
 20
-4.7878
 10
12.4622
 20
-4.815
 10
12.4516
 20
-4.8422
 10
12.441
 20
-4.8693
 10
12.4304
 20
-4.8965
 10
12.4197
 20
-4.9236
 10
12.4089
 20
-4.9506
 10
12.3981
 20
-4.9777
 10
12.3872
 20
-5.0047
 10
12.3762
 20
-5.0318
 10
12.3652
 20
-5.0587
 10
12.3542
 20
-5.0857
 10
12.343
 20
-5.1127
 10
12.3318
 20
-5.1396
 10
12.3206
 20
-5.1665
 10
12.3093
 20
-5.1933
 10
12.2979
 20
-5.2202
 10
12.2865
 20
-5.247
 10
12.2751
 20
-5.2738
 10
12.2635
 20
-5.3005
 10
12.2519
 20
-5.3273
 10
12.2403
 20
-5.354
 10
12.2286
 20
-5.3807
 10
12.2168
 20
-5.4074
 10
12.205
 20
-5.434
 10
12.1931
 20
-5.4606
 10
12.1811
 20
-5.4872
 10
12.1691
 20
-5.5138
 10
12.1571
 20
-5.5403
 10
12.145
 20
-5.5668
 10
12.1328
 20
-5.5933
 10
12.1206
 20
-5.6198
 10
12.1083
 20
-5.6462
 10
12.0959
 20
-5.6726
 10
12.0835
 20
-5.699
 10
12.0711
 20
-5.7253
 10
12.0585
 20
-5.7516
 10
12.046
 20
-5.7779
 10
12.0333
 20
-5.8042
 10
12.0206
 20
-5.8304
 10
12.0079
 20
-5.8566
 10
11.9951
 20
-5.8828
 10
11.9822
 20
-5.909
 10
11.9693
 20
-5.9351
 10
11.9563
 20
-5.9612
 10
11.9433
 20
-5.9873
 10
11.9302
 20
-6.0133
 10
11.9171
 20
-6.0393
 10
11.9038
 20
-6.0653
 10
11.8906
 20
-6.0913
 10
11.8773
 20
-6.1172
 10
11.8639
 20
-6.1431
 10
11.8505
 20
-6.169
 10
11.837
 20
-6.1948
 10
11.8234
 20
-6.2206
 10
11.8098
 20
-6.2464
 10
11.7962
 20
-6.2721
 10
11.7825
 20
-6.2979
 10
11.7687
 20
-6.3236
 10
11.7549
 20
-6.3492
 10
11.741
 20
-6.3748
 10
11.7271
 20
-6.4004
 10
11.7131
 20
-6.426
 10
11.699
 20
-6.4515
 10
11.6849
 20
-6.4771
 10
11.6708
 20
-6.5025
 10
11.6565
 20
-6.528
 10
11.6423
 20
-6.5534
 10
11.628
 20
-6.5788
 10
11.6136
 20
-6.6041
 10
11.5991
 20
-6.6295
 10
11.5846
 20
-6.6547
 10
11.5701
 20
-6.68
 10
11.5555
 20
-6.7052
 10
11.5408
 20
-6.7304
 10
11.5261
 20
-6.7556
 10
11.5114
 20
-6.7807
 10
11.4965
 20
-6.8058
 10
11.4817
 20
-6.8309
 10
11.4667
 20
-6.8559
 10
11.4518
 20
-6.8809
 10
11.4367
 20
-6.9059
 10
11.4216
 20
-6.9308
 10
11.4065
 20
-6.9557
 10
11.3913
 20
-6.9806
 10
11.376
 20
-7.0054
 10
11.3607
 20
-7.0302
 10
11.3453
 20
-7.055
 10
11.3299
 20
-7.0797
 10
11.3145
 20
-7.1044
 10
11.2989
 20
-7.1291
 10
11.2833
 20
-7.1537
 10
11.2677
 20
-7.1783
 10
11.252
 20
-7.2029
 10
11.2363
 20
-7.2274
 10
11.2205
 20
-7.2519
 10
11.2046
 20
-7.2764
 10
11.1887
 20
-7.3008
 10
11.1728
 20
-7.3252
 10
11.1568
 20
-7.3496
 10
11.1407
 20
-7.3739
 10
11.1246
 20
-7.3982
 10
11.1084
 20
-7.4224
 10
11.0922
 20
-7.4466
 10
11.0759
 20
-7.4708
 10
11.0596
 20
-7.495
 10
11.0432
 20
-7.5191
 10
11.0268
 20
-7.5431
 10
11.0103
 20
-7.5672
 10
10.9938
 20
-7.5912
 10
10.9772
 20
-7.6152
 10
10.9606
 20
-7.6391
 10
10.9439
 20
-7.663
 10
10.9271
 20
-7.6868
 10
10.9103
 20
-7.7107
 10
10.8935
 20
-7.7344
 10
10.8766
 20
-7.7582
 10
10.8596
 20
-7.7819
 10
10.8426
 20
-7.8056
 10
10.8256
 20
-7.8292
 10
10.8085
 20
-7.8528
 10
10.7913
 20
-7.8764
 10
10.7741
 20
-7.8999
 10
10.7568
 20
-7.9234
 10
10.7395
 20
-7.9468
 10
10.7222
 20
-7.9702
 10
10.7048
 20
-7.9936
 10
10.6873
 20
-8.017
 10
10.6698
 20
-8.0402
 10
10.6522
 20
-8.0635
 10
10.6346
 20
-8.0867
 10
10.6169
 20
-8.1099
 10
10.5992
 20
-8.1331
 10
10.5814
 20
-8.1562
 10
10.5636
 20
-8.1792
 10
10.5457
 20
-8.2022
 10
10.5278
 20
-8.2252
 10
10.5099
 20
-8.2482
 10
10.4918
 20
-8.2711
 10
10.4738
 20
-8.294
 10
10.4556
 20
-8.3168
 10
10.4375
 20
-8.3396
 10
10.4193
 20
-8.3623
 10
10.401
 20
-8.385
 10
10.3827
 20
-8.4077
 10
10.3643
 20
-8.4304
 10
10.3459
 20
-8.4529
 10
10.3274
 20
-8.4755
 10
10.3089
 20
-8.498
 10
10.2903
 20
-8.5205
 10
10.2717
 20
-8.5429
 10
10.2531
 20
-8.5653
 10
10.2344
 20
-8.5876
 10
10.2156
 20
-8.6099
 10
10.1968
 20
-8.6322
 10
10.1779
 20
-8.6544
 10
10.159
 20
-8.6766
 10
10.1401
 20
-8.6988
 10
10.1211
 20
-8.7209
 10
10.102
 20
-8.7429
 10
10.0829
 20
-8.7649
 10
10.0638
 20
-8.7869
 10
10.0446
 20
-8.8089
 10
10.0253
 20
-8.8308
 10
10.006
 20
-8.8526
 10
9.9867
 20
-8.8744
 10
9.9673
 20
-8.8962
 10
9.9479
 20
-8.9179
 10
9.9284
 20
-8.9396
 10
9.9089
 20
-8.9612
 10
9.8893
 20
-8.9828
 10
9.8697
 20
-9.0044
 10
9.85
 20
-9.0259
 10
9.8303
 20
-9.0474
 10
9.8105
 20
-9.0688
 10
9.7907
 20
-9.0902
 10
9.7709
 20
-9.1115
 10
9.751
 20
-9.1328
 10
9.731
 20
-9.154
 10
9.711
 20
-9.1753
 10
9.691
 20
-9.1964
 10
9.6709
 20
-9.2175
 10
9.6508
 20
-9.2386
 10
9.6306
 20
-9.2596
 10
9.6104
 20
-9.2806
 10
9.5901
 20
-9.3016
 10
9.5698
 20
-9.3225
 10
9.5494
 20
-9.3433
 10
9.529
 20
-9.3641
 10
9.5086
 20
-9.3849
 10
9.4881
 20
-9.4056
 10
9.4675
 20
-9.4263
 10
9.4469
 20
-9.4469
 10
9.4263
 20
-9.4675
 10
9.4056
 20
-9.4881
 10
9.3849
 20
-9.5086
 10
9.3641
 20
-9.529
 10
9.3433
 20
-9.5494
 10
9.3225
 20
-9.5698
 10
9.3016
 20
-9.5901
 10
9.2806
 20
-9.6104
 10
9.2596
 20
-9.6306
 10
9.2386
 20
-9.6508
 10
9.2175
 20
-9.6709
 10
9.1964
 20
-9.691
 10
9.1753
 20
-9.711
 10
9.154
 20
-9.731
 10
9.1328
 20
-9.751
 10
9.1115
 20
-9.7709
 10
9.0902
 20
-9.7907
 10
9.0688
 20
-9.8105
 10
9.0474
 20
-9.8303
 10
9.0259
 20
-9.85
 10
9.0044
 20
-9.8697
 10
8.9828
 20
-9.8893
 10
8.9612
 20
-9.9089
 10
8.9396
 20
-9.9284
 10
8.9179
 20
-9.9479
 10
8.8962
 20
-9.9673
 10
8.8744
 20
-9.9867
 10
8.8526
 20
-10.006
 10
8.8308
 20
-10.0253
 10
8.8089
 20
-10.0446
 10
8.7869
 20
-10.0638
 10
8.7649
 20
-10.0829
 10
8.7429
 20
-10.102
 10
8.7209
 20
-10.1211
 10
8.6988
 20
-10.1401
 10
8.6766
 20
-10.159
 10
8.6544
 20
-10.1779
 10
8.6322
 20
-10.1968
 10
8.6099
 20
-10.2156
 10
8.5876
 20
-10.2344
 10
8.5653
 20
-10.2531
 10
8.5429
 20
-10.2717
 10
8.5205
 20
-10.2903
 10
8.498
 20
-10.3089
 10
8.4755
 20
-10.3274
 10
8.4529
 20
-10.3459
 10
8.4304
 20
-10.3643
 10
8.4077
 20
-10.3827
 10
8.385
 20
-10.401
 10
8.3623
 20
-10.4193
 10
8.3396
 20
-10.4375
 10
8.3168
 20
-10.4556
 10
8.294
 20
-10.4738
 10
8.2711
 20
-10.4918
 10
8.2482
 20
-10.5099
 10
8.2252
 20
-10.5278
 10
8.2022
 20
-10.5457
 10
8.1792
 20
-10.5636
 10
8.1562
 20
-10.5814
 10
8.1331
 20
-10.5992
 10
8.1099
 20
-10.6169
 10
8.0867
 20
-10.6346
 10
8.0635
 20
-10.6522
 10
8.0402
 20
-10.6698
 10
8.017
 20
-10.6873
 10
7.9936
 20
-10.7048
 10
7.9702
 20
-10.7222
 10
7.9468
 20
-10.7395
 10
7.9234
 20
-10.7568
 10
7.8999
 20
-10.7741
 10
7.8764
 20
-10.7913
 10
7.8528
 20
-10.8085
 10
7.8292
 20
-10.8256
 10
7.8056
 20
-10.8426
 10
7.7819
 20
-10.8596
 10
7.7582
 20
-10.8766
 10
7.7344
 20
-10.8935
 10
7.7107
 20
-10.9103
 10
7.6868
 20
-10.9271
 10
7.663
 20
-10.9439
 10
7.6391
 20
-10.9606
 10
7.6152
 20
-10.9772
 10
7.5912
 20
-10.9938
 10
7.5672
 20
-11.0103
 10
7.5431
 20
-11.0268
 10
7.5191
 20
-11.0432
 10
7.495
 20
-11.0596
 10
7.4708
 20
-11.0759
 10
7.4466
 20
-11.0922
 10
7.4224
 20
-11.1084
 10
7.3982
 20
-11.1246
 10
7.3739
 20
-11.1407
 10
7.3496
 20
-11.1568
 10
7.3252
 20
-11.1728
 10
7.3008
 20
-11.1887
 10
7.2764
 20
-11.2046
 10
7.2519
 20
-11.2205
 10
7.2274
 20
-11.2363
 10
7.2029
 20
-11.252
 10
7.1783
 20
-11.2677
 10
7.1537
 20
-11.2833
 10
7.1291
 20
-11.2989
 10
7.1044
 20
-11.3145
 10
7.0797
 20
-11.3299
 10
7.055
 20
-11.3453
 10
7.0302
 20
-11.3607
 10
7.0054
 20
-11.376
 10
6.9806
 20
-11.3913
 10
6.9557
 20
-11.4065
 10
6.9308
 20
-11.4216
 10
6.9059
 20
-11.4367
 10
6.8809
 20
-11.4518
 10
6.8559
 20
-11.4667
 10
6.8309
 20
-11.4817
 10
6.8058
 20
-11.4965
 10
6.7807
 20
-11.5114
 10
6.7556
 20
-11.5261
 10
6.7304
 20
-11.5408
 10
6.7052
 20
-11.5555
 10
6.68
 20
-11.5701
 10
6.6547
 20
-11.5846
 10
6.6295
 20
-11.5991
 10
6.6041
 20
-11.6136
 10
6.5788
 20
-11.628
 10
6.5534
 20
-11.6423
 10
6.528
 20
-11.6565
 10
6.5025
 20
-11.6708
 10
6.4771
 20
-11.6849
 10
6.4515
 20
-11.699
 10
6.426
 20
-11.7131
 10
6.4004
 20
-11.7271
 10
6.3748
 20
-11.741
 10
6.3492
 20
-11.7549
 10
6.3236
 20
-11.7687
 10
6.2979
 20
-11.7825
 10
6.2721
 20
-11.7962
 10
6.2464
 20
-11.8098
 10
6.2206
 20
-11.8234
 10
6.1948
 20
-11.837
 10
6.169
 20
-11.8505
 10
6.1431
 20
-11.8639
 10
6.1172
 20
-11.8773
 10
6.0913
 20
-11.8906
 10
6.0653
 20
-11.9038
 10
6.0393
 20
-11.9171
 10
6.0133
 20
-11.9302
 10
5.9873
 20
-11.9433
 10
5.9612
 20
-11.9563
 10
5.9351
 20
-11.9693
 10
5.909
 20
-11.9822
 10
5.8828
 20
-11.9951
 10
5.8566
 20
-12.0079
 10
5.8304
 20
-12.0206
 10
5.8042
 20
-12.0333
 10
5.7779
 20
-12.046
 10
5.7516
 20
-12.0585
 10
5.7253
 20
-12.0711
 10
5.699
 20
-12.0835
 10
5.6726
 20
-12.0959
 10
5.6462
 20
-12.1083
 10
5.6198
 20
-12.1206
 10
5.5933
 20
-12.1328
 10
5.5668
 20
-12.145
 10
5.5403
 20
-12.1571
 10
5.5138
 20
-12.1691
 10
5.4872
 20
-12.1811
 10
5.4606
 20
-12.1931
 10
5.434
 20
-12.205
 10
5.4074
 20
-12.2168
 10
5.3807
 20
-12.2286
 10
5.354
 20
-12.2403
 10
5.3273
 20
-12.2519
 10
5.3005
 20
-12.2635
 10
5.2738
 20
-12.2751
 10
5.247
 20
-12.2865
 10
5.2202
 20
-12.2979
 10
5.1933
 20
-12.3093
 10
5.1665
 20
-12.3206
 10
5.1396
 20
-12.3318
 10
5.1127
 20
-12.343
 10
5.0857
 20
-12.3542
 10
5.0587
 20
-12.3652
 10
5.0318
 20
-12.3762
 10
5.0047
 20
-12.3872
 10
4.9777
 20
-12.3981
 10
4.9506
 20
-12.4089
 10
4.9236
 20
-12.4197
 10
4.8965
 20
-12.4304
 10
4.8693
 20
-12.441
 10
4.8422
 20
-12.4516
 10
4.815
 20
-12.4622
 10
4.7878
 20
-12.4726
 10
4.7606
 20
-12.4831
 10
4.7333
 20
-12.4934
 10
4.7061
 20
-12.5037
 10
4.6788
 20
-12.5139
 10
4.6515
 20
-12.5241
 10
4.6241
 20
-12.5342
 10
4.5968
 20
-12.5443
 10
4.5694
 20
-12.5543
 10
4.542
 20
-12.5642
 10
4.5146
 20
-12.5741
 10
4.4871
 20
-12.5839
 10
4.4597
 20
-12.5937
 10
4.4322
 20
-12.6034
 10
4.4047
 20
-12.613
 10
4.3771
 20
-12.6226
 10
4.3496
 20
-12.6321
 10
4.322
 20
-12.6416
 10
4.2944
 20
-12.651
 10
4.2668
 20
-12.6603
 10
4.2392
 20
-12.6696
 10
4.2115
 20
-12.6788
 10
4.1839
 20
-12.688
 10
4.1562
 20
-12.6971
 10
4.1285
 20
-12.7061
 10
4.1007
 20
-12.7151
 10
4.073
 20
-12.724
 10
4.0452
 20
-12.7329
 10
4.0174
 20
-12.7417
 10
3.9896
 20
-12.7504
 10
3.9618
 20
-12.7591
 10
3.934
 20
-12.7677
 10
3.9061
 20
-12.7762
 10
3.8782
 20
-12.7847
 10
3.8503
 20
-12.7932
 10
3.8224
 20
-12.8015
 10
3.7944
 20
-12.8098
 10
3.7665
 20
-12.8181
 10
3.7385
 20
-12.8263
 10
3.7105
 20
-12.8344
 10
3.6825
 20
-12.8425
 10
3.6545
 20
-12.8505
 10
3.6264
 20
-12.8584
 10
3.5984
 20
-12.8663
 10
3.5703
 20
-12.8741
 10
3.5422
 20
-12.8819
 10
3.5141
 20
-12.8896
 10
3.486
 20
-12.8972
 10
3.4578
 20
-12.9048
 10
3.4297
 20
-12.9123
 10
3.4015
 20
-12.9197
 10
3.3733
 20
-12.9271
 10
3.3451
 20
-12.9345
 10
3.3169
 20
-12.9417
 10
3.2886
 20
-12.9489
 10
3.2604
 20
-12.9561
 10
3.2321
 20
-12.9632
 10
3.2038
 20
-12.9702
 10
3.1755
 20
-12.9771
 10
3.1472
 20
-12.984
 10
3.1188
 20
-12.9909
 10
3.0905
 20
-12.9976
 10
3.0621
 20
-13.0043
 10
3.0337
 20
-13.011
 10
3.0053
 20
-13.0176
 10
2.9769
 20
-13.0241
 10
2.9485
 20
-13.0306
 10
2.9201
 20
-13.037
 10
2.8916
 20
-13.0433
 10
2.8632
 20
-13.0496
 10
2.8347
 20
-13.0558
 10
2.8062
 20
-13.062
 10
2.7777
 20
-13.0681
 10
2.7492
 20
-13.0741
 10
2.7207
 20
-13.08
 10
2.6921
 20
-13.086
 10
2.6636
 20
-13.0918
 10
2.635
 20
-13.0976
 10
2.6064
 20
-13.1033
 10
2.5778
 20
-13.1089
 10
2.5492
 20
-13.1145
 10
2.5206
 20
-13.1201
 10
2.492
 20
-13.1255
 10
2.4633
 20
-13.1309
 10
2.4347
 20
-13.1363
 10
2.406
 20
-13.1416
 10
2.3773
 20
-13.1468
 10
2.3486
 20
-13.1519
 10
2.3199
 20
-13.157
 10
2.2912
 20
-13.1621
 10
2.2625
 20
-13.167
 10
2.2338
 20
-13.1719
 10
2.205
 20
-13.1768
 10
2.1763
 20
-13.1816
 10
2.1475
 20
-13.1863
 10
2.1187
 20
-13.1909
 10
2.09
 20
-13.1955
 10
2.0612
 20
-13.2
 10
2.0324
 20
-13.2045
 10
2.0036
 20
-13.2089
 10
1.9747
 20
-13.2133
 10
1.9459
 20
-13.2175
 10
1.9171
 20
-13.2217
 10
1.8882
 20
-13.2259
 10
1.8594
 20
-13.23
 10
1.8305
 20
-13.234
 10
1.8016
 20
-13.238
 10
1.7727
 20
-13.2419
 10
1.7438
 20
-13.2457
 10
1.7149
 20
-13.2495
 10
1.686
 20
-13.2532
 10
1.6571
 20
-13.2568
 10
1.6282
 20
-13.2604
 10
1.5992
 20
-13.2639
 10
1.5703
 20
-13.2674
 10
1.5414
 20
-13.2708
 10
1.5124
 20
-13.2741
 10
1.4834
 20
-13.2774
 10
1.4545
 20
-13.2806
 10
1.4255
 20
-13.2837
 10
1.3965
 20
-13.2868
 10
1.3675
 20
-13.2898
 10
1.3385
 20
-13.2928
 10
1.3095
 20
-13.2957
 10
1.2805
 20
-13.2985
 10
1.2515
 20
-13.3013
 10
1.2225
 20
-13.304
 10
1.1934
 20
-13.3066
 10
1.1644
 20
-13.3092
 10
1.1354
 20
-13.3117
 10
1.1063
 20
-13.3141
 10
1.0773
 20
-13.3165
 10
1.0482
 20
-13.3188
 10
1.0192
 20
-13.3211
 10
0.9901
 20
-13.3233
 10
0.961
 20
-13.3254
 10
0.9319
 20
-13.3275
 10
0.9029
 20
-13.3295
 10
0.8738
 20
-13.3314
 10
0.8447
 20
-13.3333
 10
0.8156
 20
-13.3351
 10
0.7865
 20
-13.3368
 10
0.7574
 20
-13.3385
 10
0.7283
 20
-13.3401
 10
0.6992
 20
-13.3417
 10
0.6701
 20
-13.3432
 10
0.641
 20
-13.3446
 10
0.6119
 20
-13.346
 10
0.5828
 20
-13.3473
 10
0.5536
 20
-13.3485
 10
0.5245
 20
-13.3497
 10
0.4954
 20
-13.3508
 10
0.4663
 20
-13.3519
 10
0.4371
 20
-13.3528
 10
0.408
 20
-13.3538
 10
0.3789
 20
-13.3546
 10
0.3497
 20
-13.3554
 10
0.3206
 20
-13.3562
 10
0.2914
 20
-13.3568
 10
0.2623
 20
-13.3574
 10
0.2332
 20
-13.358
 10
0.204
 20
-13.3584
 10
0.1749
 20
-13.3589
 10
0.1457
 20
-13.3592
 10
0.1166
 20
-13.3595
 10
0.0874
 20
-13.3597
 10
0.0583
 20
-13.3599
 10
0.0291
 20
-13.36
 10
0.0
 20
-13.36
 10
-0.0291
 20
-13.36
 10
-0.0583
 20
-13.3599
 10
-0.0874
 20
-13.3597
 10
-0.1166
 20
-13.3595
 10
-0.1457
 20
-13.3592
 10
-0.1749
 20
-13.3589
 10
-0.204
 20
-13.3584
 10
-0.2332
 20
-13.358
 10
-0.2623
 20
-13.3574
 10
-0.2914
 20
-13.3568
 10
-0.3206
 20
-13.3562
 10
-0.3497
 20
-13.3554
 10
-0.3789
 20
-13.3546
 10
-0.408
 20
-13.3538
 10
-0.4371
 20
-13.3528
 10
-0.4663
 20
-13.3519
 10
-0.4954
 20
-13.3508
 10
-0.5245
 20
-13.3497
 10
-0.5536
 20
-13.3485
 10
-0.5828
 20
-13.3473
 10
-0.6119
 20
-13.346
 10
-0.641
 20
-13.3446
 10
-0.6701
 20
-13.3432
 10
-0.6992
 20
-13.3417
 10
-0.7283
 20
-13.3401
 10
-0.7574
 20
-13.3385
 10
-0.7865
 20
-13.3368
 10
-0.8156
 20
-13.3351
 10
-0.8447
 20
-13.3333
 10
-0.8738
 20
-13.3314
 10
-0.9029
 20
-13.3295
 10
-0.9319
 20
-13.3275
 10
-0.961
 20
-13.3254
 10
-0.9901
 20
-13.3233
 10
-1.0192
 20
-13.3211
 10
-1.0482
 20
-13.3188
 10
-1.0773
 20
-13.3165
 10
-1.1063
 20
-13.3141
 10
-1.1354
 20
-13.3117
 10
-1.1644
 20
-13.3092
 10
-1.1934
 20
-13.3066
 10
-1.2225
 20
-13.304
 10
-1.2515
 20
-13.3013
 10
-1.2805
 20
-13.2985
 10
-1.3095
 20
-13.2957
 10
-1.3385
 20
-13.2928
 10
-1.3675
 20
-13.2898
 10
-1.3965
 20
-13.2868
 10
-1.4255
 20
-13.2837
 10
-1.4545
 20
-13.2806
 10
-1.4834
 20
-13.2774
 10
-1.5124
 20
-13.2741
 10
-1.5414
 20
-13.2708
 10
-1.5703
 20
-13.2674
 10
-1.5992
 20
-13.2639
 10
-1.6282
 20
-13.2604
 10
-1.6571
 20
-13.2568
 10
-1.686
 20
-13.2532
 10
-1.7149
 20
-13.2495
 10
-1.7438
 20
-13.2457
 10
-1.7727
 20
-13.2419
 10
-1.8016
 20
-13.238
 10
-1.8305
 20
-13.234
 10
-1.8594
 20
-13.23
 10
-1.8882
 20
-13.2259
 10
-1.9171
 20
-13.2217
 10
-1.9459
 20
-13.2175
 10
-1.9747
 20
-13.2133
 10
-2.0036
 20
-13.2089
 10
-2.0324
 20
-13.2045
 10
-2.0612
 20
-13.2
 10
-2.09
 20
-13.1955
 10
-2.1187
 20
-13.1909
 10
-2.1475
 20
-13.1863
 10
-2.1763
 20
-13.1816
 10
-2.205
 20
-13.1768
 10
-2.2338
 20
-13.1719
 10
-2.2625
 20
-13.167
 10
-2.2912
 20
-13.1621
 10
-2.3199
 20
-13.157
 10
-2.3486
 20
-13.1519
 10
-2.3773
 20
-13.1468
 10
-2.406
 20
-13.1416
 10
-2.4347
 20
-13.1363
 10
-2.4633
 20
-13.1309
 10
-2.492
 20
-13.1255
 10
-2.5206
 20
-13.1201
 10
-2.5492
 20
-13.1145
 10
-2.5778
 20
-13.1089
 10
-2.6064
 20
-13.1033
 10
-2.635
 20
-13.0976
 10
-2.6636
 20
-13.0918
 10
-2.6921
 20
-13.086
 10
-2.7207
 20
-13.08
 10
-2.7492
 20
-13.0741
 10
-2.7777
 20
-13.0681
 10
-2.8062
 20
-13.062
 10
-2.8347
 20
-13.0558
 10
-2.8632
 20
-13.0496
 10
-2.8916
 20
-13.0433
 10
-2.9201
 20
-13.037
 10
-2.9485
 20
-13.0306
 10
-2.9769
 20
-13.0241
 10
-3.0053
 20
-13.0176
 10
-3.0337
 20
-13.011
 10
-3.0621
 20
-13.0043
 10
-3.0905
 20
-12.9976
 10
-3.1188
 20
-12.9909
 10
-3.1472
 20
-12.984
 10
-3.1755
 20
-12.9771
 10
-3.2038
 20
-12.9702
 10
-3.2321
 20
-12.9632
 10
-3.2604
 20
-12.9561
 10
-3.2886
 20
-12.9489
 10
-3.3169
 20
-12.9417
 10
-3.3451
 20
-12.9345
 10
-3.3733
 20
-12.9271
 10
-3.4015
 20
-12.9197
 10
-3.4297
 20
-12.9123
 10
-3.4578
 20
-12.9048
 10
-3.486
 20
-12.8972
 10
-3.5141
 20
-12.8896
 10
-3.5422
 20
-12.8819
 10
-3.5703
 20
-12.8741
 10
-3.5984
 20
-12.8663
 10
-3.6264
 20
-12.8584
 10
-3.6545
 20
-12.8505
 10
-3.6825
 20
-12.8425
 10
-3.7105
 20
-12.8344
 10
-3.7385
 20
-12.8263
 10
-3.7665
 20
-12.8181
 10
-3.7944
 20
-12.8098
 10
-3.8224
 20
-12.8015
 10
-3.8503
 20
-12.7932
 10
-3.8782
 20
-12.7847
 10
-3.9061
 20
-12.7762
 10
-3.934
 20
-12.7677
 10
-3.9618
 20
-12.7591
 10
-3.9896
 20
-12.7504
 10
-4.0174
 20
-12.7417
 10
-4.0452
 20
-12.7329
 10
-4.073
 20
-12.724
 10
-4.1007
 20
-12.7151
 10
-4.1285
 20
-12.7061
 10
-4.1562
 20
-12.6971
 10
-4.1839
 20
-12.688
 10
-4.2115
 20
-12.6788
 10
-4.2392
 20
-12.6696
 10
-4.2668
 20
-12.6603
 10
-4.2944
 20
-12.651
 10
-4.322
 20
-12.6416
 10
-4.3496
 20
-12.6321
 10
-4.3771
 20
-12.6226
 10
-4.4047
 20
-12.613
 10
-4.4322
 20
-12.6034
 10
-4.4597
 20
-12.5937
 10
-4.4871
 20
-12.5839
 10
-4.5146
 20
-12.5741
 10
-4.542
 20
-12.5642
 10
-4.5694
 20
-12.5543
 10
-4.5968
 20
-12.5443
 10
-4.6241
 20
-12.5342
 10
-4.6515
 20
-12.5241
 10
-4.6788
 20
-12.5139
 10
-4.7061
 20
-12.5037
 10
-4.7333
 20
-12.4934
 10
-4.7606
 20
-12.4831
 10
-4.7878
 20
-12.4726
 10
-4.815
 20
-12.4622
 10
-4.8422
 20
-12.4516
 10
-4.8693
 20
-12.441
 10
-4.8965
 20
-12.4304
 10
-4.9236
 20
-12.4197
 10
-4.9506
 20
-12.4089
 10
-4.9777
 20
-12.3981
 10
-5.0047
 20
-12.3872
 10
-5.0318
 20
-12.3762
 10
-5.0587
 20
-12.3652
 10
-5.0857
 20
-12.3542
 10
-5.1127
 20
-12.343
 10
-5.1396
 20
-12.3318
 10
-5.1665
 20
-12.3206
 10
-5.1933
 20
-12.3093
 10
-5.2202
 20
-12.2979
 10
-5.247
 20
-12.2865
 10
-5.2738
 20
-12.2751
 10
-5.3005
 20
-12.2635
 10
-5.3273
 20
-12.2519
 10
-5.354
 20
-12.2403
 10
-5.3807
 20
-12.2286
 10
-5.4074
 20
-12.2168
 10
-5.434
 20
-12.205
 10
-5.4606
 20
-12.1931
 10
-5.4872
 20
-12.1811
 10
-5.5138
 20
-12.1691
 10
-5.5403
 20
-12.1571
 10
-5.5668
 20
-12.145
 10
-5.5933
 20
-12.1328
 10
-5.6198
 20
-12.1206
 10
-5.6462
 20
-12.1083
 10
-5.6726
 20
-12.0959
 10
-5.699
 20
-12.0835
 10
-5.7253
 20
-12.0711
 10
-5.7516
 20
-12.0585
 10
-5.7779
 20
-12.046
 10
-5.8042
 20
-12.0333
 10
-5.8304
 20
-12.0206
 10
-5.8566
 20
-12.0079
 10
-5.8828
 20
-11.9951
 10
-5.909
 20
-11.9822
 10
-5.9351
 20
-11.9693
 10
-5.9612
 20
-11.9563
 10
-5.9873
 20
-11.9433
 10
-6.0133
 20
-11.9302
 10
-6.0393
 20
-11.9171
 10
-6.0653
 20
-11.9038
 10
-6.0913
 20
-11.8906
 10
-6.1172
 20
-11.8773
 10
-6.1431
 20
-11.8639
 10
-6.169
 20
-11.8505
 10
-6.1948
 20
-11.837
 10
-6.2206
 20
-11.8234
 10
-6.2464
 20
-11.8098
 10
-6.2721
 20
-11.7962
 10
-6.2979
 20
-11.7825
 10
-6.3236
 20
-11.7687
 10
-6.3492
 20
-11.7549
 10
-6.3748
 20
-11.741
 10
-6.4004
 20
-11.7271
 10
-6.426
 20
-11.7131
 10
-6.4515
 20
-11.699
 10
-6.4771
 20
-11.6849
 10
-6.5025
 20
-11.6708
 10
-6.528
 20
-11.6565
 10
-6.5534
 20
-11.6423
 10
-6.5788
 20
-11.628
 10
-6.6041
 20
-11.6136
 10
-6.6295
 20
-11.5991
 10
-6.6547
 20
-11.5846
 10
-6.68
 20
-11.5701
 10
-6.7052
 20
-11.5555
 10
-6.7304
 20
-11.5408
 10
-6.7556
 20
-11.5261
 10
-6.7807
 20
-11.5114
 10
-6.8058
 20
-11.4965
 10
-6.8309
 20
-11.4817
 10
-6.8559
 20
-11.4667
 10
-6.8809
 20
-11.4518
 10
-6.9059
 20
-11.4367
 10
-6.9308
 20
-11.4216
 10
-6.9557
 20
-11.4065
 10
-6.9806
 20
-11.3913
 10
-7.0054
 20
-11.376
 10
-7.0302
 20
-11.3607
 10
-7.055
 20
-11.3453
 10
-7.0797
 20
-11.3299
 10
-7.1044
 20
-11.3145
 10
-7.1291
 20
-11.2989
 10
-7.1537
 20
-11.2833
 10
-7.1783
 20
-11.2677
 10
-7.2029
 20
-11.252
 10
-7.2274
 20
-11.2363
 10
-7.2519
 20
-11.2205
 10
-7.2764
 20
-11.2046
 10
-7.3008
 20
-11.1887
 10
-7.3252
 20
-11.1728
 10
-7.3496
 20
-11.1568
 10
-7.3739
 20
-11.1407
 10
-7.3982
 20
-11.1246
 10
-7.4224
 20
-11.1084
 10
-7.4466
 20
-11.0922
 10
-7.4708
 20
-11.0759
 10
-7.495
 20
-11.0596
 10
-7.5191
 20
-11.0432
 10
-7.5431
 20
-11.0268
 10
-7.5672
 20
-11.0103
 10
-7.5912
 20
-10.9938
 10
-7.6152
 20
-10.9772
 10
-7.6391
 20
-10.9606
 10
-7.663
 20
-10.9439
 10
-7.6868
 20
-10.9271
 10
-7.7107
 20
-10.9103
 10
-7.7344
 20
-10.8935
 10
-7.7582
 20
-10.8766
 10
-7.7819
 20
-10.8596
 10
-7.8056
 20
-10.8426
 10
-7.8292
 20
-10.8256
 10
-7.8528
 20
-10.8085
 10
-7.8764
 20
-10.7913
 10
-7.8999
 20
-10.7741
 10
-7.9234
 20
-10.7568
 10
-7.9468
 20
-10.7395
 10
-7.9702
 20
-10.7222
 10
-7.9936
 20
-10.7048
 10
-8.017
 20
-10.6873
 10
-8.0402
 20
-10.6698
 10
-8.0635
 20
-10.6522
 10
-8.0867
 20
-10.6346
 10
-8.1099
 20
-10.6169
 10
-8.1331
 20
-10.5992
 10
-8.1562
 20
-10.5814
 10
-8.1792
 20
-10.5636
 10
-8.2022
 20
-10.5457
 10
-8.2252
 20
-10.5278
 10
-8.2482
 20
-10.5099
 10
-8.2711
 20
-10.4918
 10
-8.294
 20
-10.4738
 10
-8.3168
 20
-10.4556
 10
-8.3396
 20
-10.4375
 10
-8.3623
 20
-10.4193
 10
-8.385
 20
-10.401
 10
-8.4077
 20
-10.3827
 10
-8.4304
 20
-10.3643
 10
-8.4529
 20
-10.3459
 10
-8.4755
 20
-10.3274
 10
-8.498
 20
-10.3089
 10
-8.5205
 20
-10.2903
 10
-8.5429
 20
-10.2717
 10
-8.5653
 20
-10.2531
 10
-8.5876
 20
-10.2344
 10
-8.6099
 20
-10.2156
 10
-8.6322
 20
-10.1968
 10
-8.6544
 20
-10.1779
 10
-8.6766
 20
-10.159
 10
-8.6988
 20
-10.1401
 10
-8.7209
 20
-10.1211
 10
-8.7429
 20
-10.102
 10
-8.7649
 20
-10.0829
 10
-8.7869
 20
-10.0638
 10
-8.8089
 20
-10.0446
 10
-8.8308
 20
-10.0253
 10
-8.8526
 20
-10.006
 10
-8.8744
 20
-9.9867
 10
-8.8962
 20
-9.9673
 10
-8.9179
 20
-9.9479
 10
-8.9396
 20
-9.9284
 10
-8.9612
 20
-9.9089
 10
-8.9828
 20
-9.8893
 10
-9.0044
 20
-9.8697
 10
-9.0259
 20
-9.85
 10
-9.0474
 20
-9.8303
 10
-9.0688
 20
-9.8105
 10
-9.0902
 20
-9.7907
 10
-9.1115
 20
-9.7709
 10
-9.1328
 20
-9.751
 10
-9.154
 20
-9.731
 10
-9.1753
 20
-9.711
 10
-9.1964
 20
-9.691
 10
-9.2175
 20
-9.6709
 10
-9.2386
 20
-9.6508
 10
-9.2596
 20
-9.6306
 10
-9.2806
 20
-9.6104
 10
-9.3016
 20
-9.5901
 10
-9.3225
 20
-9.5698
 10
-9.3433
 20
-9.5494
 10
-9.3641
 20
-9.529
 10
-9.3849
 20
-9.5086
 10
-9.4056
 20
-9.4881
 10
-9.4263
 20
-9.4675
 10
-9.4469
 20
-9.4469
 10
-9.4675
 20
-9.4263
 10
-9.4881
 20
-9.4056
 10
-9.5086
 20
-9.3849
 10
-9.529
 20
-9.3641
 10
-9.5494
 20
-9.3433
 10
-9.5698
 20
-9.3225
 10
-9.5901
 20
-9.3016
 10
-9.6104
 20
-9.2806
 10
-9.6306
 20
-9.2596
 10
-9.6508
 20
-9.2386
 10
-9.6709
 20
-9.2175
 10
-9.691
 20
-9.1964
 10
-9.711
 20
-9.1753
 10
-9.731
 20
-9.154
 10
-9.751
 20
-9.1328
 10
-9.7709
 20
-9.1115
 10
-9.7907
 20
-9.0902
 10
-9.8105
 20
-9.0688
 10
-9.8303
 20
-9.0474
 10
-9.85
 20
-9.0259
 10
-9.8697
 20
-9.0044
 10
-9.8893
 20
-8.9828
 10
-9.9089
 20
-8.9612
 10
-9.9284
 20
-8.9396
 10
-9.9479
 20
-8.9179
 10
-9.9673
 20
-8.8962
 10
-9.9867
 20
-8.8744
 10
-10.006
 20
-8.8526
 10
-10.0253
 20
-8.8308
 10
-10.0446
 20
-8.8089
 10
-10.0638
 20
-8.7869
 10
-10.0829
 20
-8.7649
 10
-10.102
 20
-8.7429
 10
-10.1211
 20
-8.7209
 10
-10.1401
 20
-8.6988
 10
-10.159
 20
-8.6766
 10
-10.1779
 20
-8.6544
 10
-10.1968
 20
-8.6322
 10
-10.2156
 20
-8.6099
 10
-10.2344
 20
-8.5876
 10
-10.2531
 20
-8.5653
 10
-10.2717
 20
-8.5429
 10
-10.2903
 20
-8.5205
 10
-10.3089
 20
-8.498
 10
-10.3274
 20
-8.4755
 10
-10.3459
 20
-8.4529
 10
-10.3643
 20
-8.4304
 10
-10.3827
 20
-8.4077
 10
-10.401
 20
-8.385
 10
-10.4193
 20
-8.3623
 10
-10.4375
 20
-8.3396
 10
-10.4556
 20
-8.3168
 10
-10.4738
 20
-8.294
 10
-10.4918
 20
-8.2711
 10
-10.5099
 20
-8.2482
 10
-10.5278
 20
-8.2252
 10
-10.5457
 20
-8.2022
 10
-10.5636
 20
-8.1792
 10
-10.5814
 20
-8.1562
 10
-10.5992
 20
-8.1331
 10
-10.6169
 20
-8.1099
 10
-10.6346
 20
-8.0867
 10
-10.6522
 20
-8.0635
 10
-10.6698
 20
-8.0402
 10
-10.6873
 20
-8.017
 10
-10.7048
 20
-7.9936
 10
-10.7222
 20
-7.9702
 10
-10.7395
 20
-7.9468
 10
-10.7568
 20
-7.9234
 10
-10.7741
 20
-7.8999
 10
-10.7913
 20
-7.8764
 10
-10.8085
 20
-7.8528
 10
-10.8256
 20
-7.8292
 10
-10.8426
 20
-7.8056
 10
-10.8596
 20
-7.7819
 10
-10.8766
 20
-7.7582
 10
-10.8935
 20
-7.7344
 10
-10.9103
 20
-7.7107
 10
-10.9271
 20
-7.6868
 10
-10.9439
 20
-7.663
 10
-10.9606
 20
-7.6391
 10
-10.9772
 20
-7.6152
 10
-10.9938
 20
-7.5912
 10
-11.0103
 20
-7.5672
 10
-11.0268
 20
-7.5431
 10
-11.0432
 20
-7.5191
 10
-11.0596
 20
-7.495
 10
-11.0759
 20
-7.4708
 10
-11.0922
 20
-7.4466
 10
-11.1084
 20
-7.4224
 10
-11.1246
 20
-7.3982
 10
-11.1407
 20
-7.3739
 10
-11.1568
 20
-7.3496
 10
-11.1728
 20
-7.3252
 10
-11.1887
 20
-7.3008
 10
-11.2046
 20
-7.2764
 10
-11.2205
 20
-7.2519
 10
-11.2363
 20
-7.2274
 10
-11.252
 20
-7.2029
 10
-11.2677
 20
-7.1783
 10
-11.2833
 20
-7.1537
 10
-11.2989
 20
-7.1291
 10
-11.3145
 20
-7.1044
 10
-11.3299
 20
-7.0797
 10
-11.3453
 20
-7.055
 10
-11.3607
 20
-7.0302
 10
-11.376
 20
-7.0054
 10
-11.3913
 20
-6.9806
 10
-11.4065
 20
-6.9557
 10
-11.4216
 20
-6.9308
 10
-11.4367
 20
-6.9059
 10
-11.4518
 20
-6.8809
 10
-11.4667
 20
-6.8559
 10
-11.4817
 20
-6.8309
 10
-11.4965
 20
-6.8058
 10
-11.5114
 20
-6.7807
 10
-11.5261
 20
-6.7556
 10
-11.5408
 20
-6.7304
 10
-11.5555
 20
-6.7052
 10
-11.5701
 20
-6.68
 10
-11.5846
 20
-6.6547
 10
-11.5991
 20
-6.6295
 10
-11.6136
 20
-6.6041
 10
-11.628
 20
-6.5788
 10
-11.6423
 20
-6.5534
 10
-11.6565
 20
-6.528
 10
-11.6708
 20
-6.5025
 10
-11.6849
 20
-6.4771
 10
-11.699
 20
-6.4515
 10
-11.7131
 20
-6.426
 10
-11.7271
 20
-6.4004
 10
-11.741
 20
-6.3748
 10
-11.7549
 20
-6.3492
 10
-11.7687
 20
-6.3236
 10
-11.7825
 20
-6.2979
 10
-11.7962
 20
-6.2721
 10
-11.8098
 20
-6.2464
 10
-11.8234
 20
-6.2206
 10
-11.837
 20
-6.1948
 10
-11.8505
 20
-6.169
 10
-11.8639
 20
-6.1431
 10
-11.8773
 20
-6.1172
 10
-11.8906
 20
-6.0913
 10
-11.9038
 20
-6.0653
 10
-11.9171
 20
-6.0393
 10
-11.9302
 20
-6.0133
 10
-11.9433
 20
-5.9873
 10
-11.9563
 20
-5.9612
 10
-11.9693
 20
-5.9351
 10
-11.9822
 20
-5.909
 10
-11.9951
 20
-5.8828
 10
-12.0079
 20
-5.8566
 10
-12.0206
 20
-5.8304
 10
-12.0333
 20
-5.8042
 10
-12.046
 20
-5.7779
 10
-12.0585
 20
-5.7516
 10
-12.0711
 20
-5.7253
 10
-12.0835
 20
-5.699
 10
-12.0959
 20
-5.6726
 10
-12.1083
 20
-5.6462
 10
-12.1206
 20
-5.6198
 10
-12.1328
 20
-5.5933
 10
-12.145
 20
-5.5668
 10
-12.1571
 20
-5.5403
 10
-12.1691
 20
-5.5138
 10
-12.1811
 20
-5.4872
 10
-12.1931
 20
-5.4606
 10
-12.205
 20
-5.434
 10
-12.2168
 20
-5.4074
 10
-12.2286
 20
-5.3807
 10
-12.2403
 20
-5.354
 10
-12.2519
 20
-5.3273
 10
-12.2635
 20
-5.3005
 10
-12.2751
 20
-5.2738
 10
-12.2865
 20
-5.247
 10
-12.2979
 20
-5.2202
 10
-12.3093
 20
-5.1933
 10
-12.3206
 20
-5.1665
 10
-12.3318
 20
-5.1396
 10
-12.343
 20
-5.1127
 10
-12.3542
 20
-5.0857
 10
-12.3652
 20
-5.0587
 10
-12.3762
 20
-5.0318
 10
-12.3872
 20
-5.0047
 10
-12.3981
 20
-4.9777
 10
-12.4089
 20
-4.9506
 10
-12.4197
 20
-4.9236
 10
-12.4304
 20
-4.8965
 10
-12.441
 20
-4.8693
 10
-12.4516
 20
-4.8422
 10
-12.4622
 20
-4.815
 10
-12.4726
 20
-4.7878
 10
-12.4831
 20
-4.7606
 10
-12.4934
 20
-4.7333
 10
-12.5037
 20
-4.7061
 10
-12.5139
 20
-4.6788
 10
-12.5241
 20
-4.6515
 10
-12.5342
 20
-4.6241
 10
-12.5443
 20
-4.5968
 10
-12.5543
 20
-4.5694
 10
-12.5642
 20
-4.542
 10
-12.5741
 20
-4.5146
 10
-12.5839
 20
-4.4871
 10
-12.5937
 20
-4.4597
 10
-12.6034
 20
-4.4322
 10
-12.613
 20
-4.4047
 10
-12.6226
 20
-4.3771
 10
-12.6321
 20
-4.3496
 10
-12.6416
 20
-4.322
 10
-12.651
 20
-4.2944
 10
-12.6603
 20
-4.2668
 10
-12.6696
 20
-4.2392
 10
-12.6788
 20
-4.2115
 10
-12.688
 20
-4.1839
 10
-12.6971
 20
-4.1562
 10
-12.7061
 20
-4.1285
 10
-12.7151
 20
-4.1007
 10
-12.724
 20
-4.073
 10
-12.7329
 20
-4.0452
 10
-12.7417
 20
-4.0174
 10
-12.7504
 20
-3.9896
 10
-12.7591
 20
-3.9618
 10
-12.7677
 20
-3.934
 10
-12.7762
 20
-3.9061
 10
-12.7847
 20
-3.8782
 10
-12.7932
 20
-3.8503
 10
-12.8015
 20
-3.8224
 10
-12.8098
 20
-3.7944
 10
-12.8181
 20
-3.7665
 10
-12.8263
 20
-3.7385
 10
-12.8344
 20
-3.7105
 10
-12.8425
 20
-3.6825
 10
-12.8505
 20
-3.6545
 10
-12.8584
 20
-3.6264
 10
-12.8663
 20
-3.5984
 10
-12.8741
 20
-3.5703
 10
-12.8819
 20
-3.5422
 10
-12.8896
 20
-3.5141
 10
-12.8972
 20
-3.486
 10
-12.9048
 20
-3.4578
 10
-12.9123
 20
-3.4297
 10
-12.9197
 20
-3.4015
 10
-12.9271
 20
-3.3733
 10
-12.9345
 20
-3.3451
 10
-12.9417
 20
-3.3169
 10
-12.9489
 20
-3.2886
 10
-12.9561
 20
-3.2604
 10
-12.9632
 20
-3.2321
 10
-12.9702
 20
-3.2038
 10
-12.9771
 20
-3.1755
 10
-12.984
 20
-3.1472
 10
-12.9909
 20
-3.1188
 10
-12.9976
 20
-3.0905
 10
-13.0043
 20
-3.0621
 10
-13.011
 20
-3.0337
 10
-13.0176
 20
-3.0053
 10
-13.0241
 20
-2.9769
 10
-13.0306
 20
-2.9485
 10
-13.037
 20
-2.9201
 10
-13.0433
 20
-2.8916
 10
-13.0496
 20
-2.8632
 10
-13.0558
 20
-2.8347
 10
-13.062
 20
-2.8062
 10
-13.0681
 20
-2.7777
 10
-13.0741
 20
-2.7492
 10
-13.08
 20
-2.7207
 10
-13.086
 20
-2.6921
 10
-13.0918
 20
-2.6636
 10
-13.0976
 20
-2.635
 10
-13.1033
 20
-2.6064
 10
-13.1089
 20
-2.5778
 10
-13.1145
 20
-2.5492
 10
-13.1201
 20
-2.5206
 10
-13.1255
 20
-2.492
 10
-13.1309
 20
-2.4633
 10
-13.1363
 20
-2.4347
 10
-13.1416
 20
-2.406
 10
-13.1468
 20
-2.3773
 10
-13.1519
 20
-2.3486
 10
-13.157
 20
-2.3199
 10
-13.1621
 20
-2.2912
 10
-13.167
 20
-2.2625
 10
-13.1719
 20
-2.2338
 10
-13.1768
 20
-2.205
 10
-13.1816
 20
-2.1763
 10
-13.1863
 20
-2.1475
 10
-13.1909
 20
-2.1187
 10
-13.1955
 20
-2.09
 10
-13.2
 20
-2.0612
 10
-13.2045
 20
-2.0324
 10
-13.2089
 20
-2.0036
 10
-13.2133
 20
-1.9747
 10
-13.2175
 20
-1.9459
 10
-13.2217
 20
-1.9171
 10
-13.2259
 20
-1.8882
 10
-13.23
 20
-1.8594
 10
-13.234
 20
-1.8305
 10
-13.238
 20
-1.8016
 10
-13.2419
 20
-1.7727
 10
-13.2457
 20
-1.7438
 10
-13.2495
 20
-1.7149
 10
-13.2532
 20
-1.686
 10
-13.2568
 20
-1.6571
 10
-13.2604
 20
-1.6282
 10
-13.2639
 20
-1.5992
 10
-13.2674
 20
-1.5703
 10
-13.2708
 20
-1.5414
 10
-13.2741
 20
-1.5124
 10
-13.2774
 20
-1.4834
 10
-13.2806
 20
-1.4545
 10
-13.2837
 20
-1.4255
 10
-13.2868
 20
-1.3965
 10
-13.2898
 20
-1.3675
 10
-13.2928
 20
-1.3385
 10
-13.2957
 20
-1.3095
 10
-13.2985
 20
-1.2805
 10
-13.3013
 20
-1.2515
 10
-13.304
 20
-1.2225
 10
-13.3066
 20
-1.1934
 10
-13.3092
 20
-1.1644
 10
-13.3117
 20
-1.1354
 10
-13.3141
 20
-1.1063
 10
-13.3165
 20
-1.0773
 10
-13.3188
 20
-1.0482
 10
-13.3211
 20
-1.0192
 10
-13.3233
 20
-0.9901
 10
-13.3254
 20
-0.961
 10
-13.3275
 20
-0.9319
 10
-13.3295
 20
-0.9029
 10
-13.3314
 20
-0.8738
 10
-13.3333
 20
-0.8447
 10
-13.3351
 20
-0.8156
 10
-13.3368
 20
-0.7865
 10
-13.3385
 20
-0.7574
 10
-13.3401
 20
-0.7283
 10
-13.3417
 20
-0.6992
 10
-13.3432
 20
-0.6701
 10
-13.3446
 20
-0.641
 10
-13.346
 20
-0.6119
 10
-13.3473
 20
-0.5828
 10
-13.3485
 20
-0.5536
 10
-13.3497
 20
-0.5245
 10
-13.3508
 20
-0.4954
 10
-13.3519
 20
-0.4663
 10
-13.3528
 20
-0.4371
 10
-13.3538
 20
-0.408
 10
-13.3546
 20
-0.3789
 10
-13.3554
 20
-0.3497
 10
-13.3562
 20
-0.3206
 10
-13.3568
 20
-0.2914
 10
-13.3574
 20
-0.2623
 10
-13.358
 20
-0.2332
 10
-13.3584
 20
-0.204
 10
-13.3589
 20
-0.1749
 10
-13.3592
 20
-0.1457
 10
-13.3595
 20
-0.1166
 10
-13.3597
 20
-0.0874
 10
-13.3599
 20
-0.0583
 10
-13.36
 20
-0.0291
 10
-13.36
 20
0.0
 10
-13.36
 20
0.0291
 10
-13.3599
 20
0.0583
 10
-13.3597
 20
0.0874
 10
-13.3595
 20
0.1166
 10
-13.3592
 20
0.1457
 10
-13.3589
 20
0.1749
 10
-13.3584
 20
0.204
 10
-13.358
 20
0.2332
 10
-13.3574
 20
0.2623
 10
-13.3568
 20
0.2914
 10
-13.3562
 20
0.3206
 10
-13.3554
 20
0.3497
 10
-13.3546
 20
0.3789
 10
-13.3538
 20
0.408
 10
-13.3528
 20
0.4371
 10
-13.3519
 20
0.4663
 10
-13.3508
 20
0.4954
 10
-13.3497
 20
0.5245
 10
-13.3485
 20
0.5536
 10
-13.3473
 20
0.5828
 10
-13.346
 20
0.6119
 10
-13.3446
 20
0.641
 10
-13.3432
 20
0.6701
 10
-13.3417
 20
0.6992
 10
-13.3401
 20
0.7283
 10
-13.3385
 20
0.7574
 10
-13.3368
 20
0.7865
 10
-13.3351
 20
0.8156
 10
-13.3333
 20
0.8447
 10
-13.3314
 20
0.8738
 10
-13.3295
 20
0.9029
 10
-13.3275
 20
0.9319
 10
-13.3254
 20
0.961
 10
-13.3233
 20
0.9901
 10
-13.3211
 20
1.0192
 10
-13.3188
 20
1.0482
 10
-13.3165
 20
1.0773
 10
-13.3141
 20
1.1063
 10
-13.3117
 20
1.1354
 10
-13.3092
 20
1.1644
 10
-13.3066
 20
1.1934
 10
-13.304
 20
1.2225
 10
-13.3013
 20
1.2515
 10
-13.2985
 20
1.2805
 10
-13.2957
 20
1.3095
 10
-13.2928
 20
1.3385
 10
-13.2898
 20
1.3675
 10
-13.2868
 20
1.3965
 10
-13.2837
 20
1.4255
 10
-13.2806
 20
1.4545
 10
-13.2774
 20
1.4834
 10
-13.2741
 20
1.5124
 10
-13.2708
 20
1.5414
 10
-13.2674
 20
1.5703
 10
-13.2639
 20
1.5992
 10
-13.2604
 20
1.6282
 10
-13.2568
 20
1.6571
 10
-13.2532
 20
1.686
 10
-13.2495
 20
1.7149
 10
-13.2457
 20
1.7438
 10
-13.2419
 20
1.7727
 10
-13.238
 20
1.8016
 10
-13.234
 20
1.8305
 10
-13.23
 20
1.8594
 10
-13.2259
 20
1.8882
 10
-13.2217
 20
1.9171
 10
-13.2175
 20
1.9459
 10
-13.2133
 20
1.9747
 10
-13.2089
 20
2.0036
 10
-13.2045
 20
2.0324
 10
-13.2
 20
2.0612
 10
-13.1955
 20
2.09
 10
-13.1909
 20
2.1187
 10
-13.1863
 20
2.1475
 10
-13.1816
 20
2.1763
 10
-13.1768
 20
2.205
 10
-13.1719
 20
2.2338
 10
-13.167
 20
2.2625
 10
-13.1621
 20
2.2912
 10
-13.157
 20
2.3199
 10
-13.1519
 20
2.3486
 10
-13.1468
 20
2.3773
 10
-13.1416
 20
2.406
 10
-13.1363
 20
2.4347
 10
-13.1309
 20
2.4633
 10
-13.1255
 20
2.492
 10
-13.1201
 20
2.5206
 10
-13.1145
 20
2.5492
 10
-13.1089
 20
2.5778
 10
-13.1033
 20
2.6064
 10
-13.0976
 20
2.635
 10
-13.0918
 20
2.6636
 10
-13.086
 20
2.6921
 10
-13.08
 20
2.7207
 10
-13.0741
 20
2.7492
 10
-13.0681
 20
2.7777
 10
-13.062
 20
2.8062
 10
-13.0558
 20
2.8347
 10
-13.0496
 20
2.8632
 10
-13.0433
 20
2.8916
 10
-13.037
 20
2.9201
 10
-13.0306
 20
2.9485
 10
-13.0241
 20
2.9769
 10
-13.0176
 20
3.0053
 10
-13.011
 20
3.0337
 10
-13.0043
 20
3.0621
 10
-12.9976
 20
3.0905
 10
-12.9909
 20
3.1188
 10
-12.984
 20
3.1472
 10
-12.9771
 20
3.1755
 10
-12.9702
 20
3.2038
 10
-12.9632
 20
3.2321
 10
-12.9561
 20
3.2604
 10
-12.9489
 20
3.2886
 10
-12.9417
 20
3.3169
 10
-12.9345
 20
3.3451
 10
-12.9271
 20
3.3733
 10
-12.9197
 20
3.4015
 10
-12.9123
 20
3.4297
 10
-12.9048
 20
3.4578
 10
-12.8972
 20
3.486
 10
-12.8896
 20
3.5141
 10
-12.8819
 20
3.5422
 10
-12.8741
 20
3.5703
 10
-12.8663
 20
3.5984
 10
-12.8584
 20
3.6264
 10
-12.8505
 20
3.6545
 10
-12.8425
 20
3.6825
 10
-12.8344
 20
3.7105
 10
-12.8263
 20
3.7385
 10
-12.8181
 20
3.7665
 10
-12.8098
 20
3.7944
 10
-12.8015
 20
3.8224
 10
-12.7932
 20
3.8503
 10
-12.7847
 20
3.8782
 10
-12.7762
 20
3.9061
 10
-12.7677
 20
3.934
 10
-12.7591
 20
3.9618
 10
-12.7504
 20
3.9896
 10
-12.7417
 20
4.0174
 10
-12.7329
 20
4.0452
 10
-12.724
 20
4.073
 10
-12.7151
 20
4.1007
 10
-12.7061
 20
4.1285
 10
-12.6971
 20
4.1562
 10
-12.688
 20
4.1839
 10
-12.6788
 20
4.2115
 10
-12.6696
 20
4.2392
 10
-12.6603
 20
4.2668
 10
-12.651
 20
4.2944
 10
-12.6416
 20
4.322
 10
-12.6321
 20
4.3496
 10
-12.6226
 20
4.3771
 10
-12.613
 20
4.4047
 10
-12.6034
 20
4.4322
 10
-12.5937
 20
4.4597
 10
-12.5839
 20
4.4871
 10
-12.5741
 20
4.5146
 10
-12.5642
 20
4.542
 10
-12.5543
 20
4.5694
 10
-12.5443
 20
4.5968
 10
-12.5342
 20
4.6241
 10
-12.5241
 20
4.6515
 10
-12.5139
 20
4.6788
 10
-12.5037
 20
4.7061
 10
-12.4934
 20
4.7333
 10
-12.4831
 20
4.7606
 10
-12.4726
 20
4.7878
 10
-12.4622
 20
4.815
 10
-12.4516
 20
4.8422
 10
-12.441
 20
4.8693
 10
-12.4304
 20
4.8965
 10
-12.4197
 20
4.9236
 10
-12.4089
 20
4.9506
 10
-12.3981
 20
4.9777
 10
-12.3872
 20
5.0047
 10
-12.3762
 20
5.0318
 10
-12.3652
 20
5.0587
 10
-12.3542
 20
5.0857
 10
-12.343
 20
5.1127
 10
-12.3318
 20
5.1396
 10
-12.3206
 20
5.1665
 10
-12.3093
 20
5.1933
 10
-12.2979
 20
5.2202
 10
-12.2865
 20
5.247
 10
-12.2751
 20
5.2738
 10
-12.2635
 20
5.3005
 10
-12.2519
 20
5.3273
 10
-12.2403
 20
5.354
 10
-12.2286
 20
5.3807
 10
-12.2168
 20
5.4074
 10
-12.205
 20
5.434
 10
-12.1931
 20
5.4606
 10
-12.1811
 20
5.4872
 10
-12.1691
 20
5.5138
 10
-12.1571
 20
5.5403
 10
-12.145
 20
5.5668
 10
-12.1328
 20
5.5933
 10
-12.1206
 20
5.6198
 10
-12.1083
 20
5.6462
 10
-12.0959
 20
5.6726
 10
-12.0835
 20
5.699
 10
-12.0711
 20
5.7253
 10
-12.0585
 20
5.7516
 10
-12.046
 20
5.7779
 10
-12.0333
 20
5.8042
 10
-12.0206
 20
5.8304
 10
-12.0079
 20
5.8566
 10
-11.9951
 20
5.8828
 10
-11.9822
 20
5.909
 10
-11.9693
 20
5.9351
 10
-11.9563
 20
5.9612
 10
-11.9433
 20
5.9873
 10
-11.9302
 20
6.0133
 10
-11.9171
 20
6.0393
 10
-11.9038
 20
6.0653
 10
-11.8906
 20
6.0913
 10
-11.8773
 20
6.1172
 10
-11.8639
 20
6.1431
 10
-11.8505
 20
6.169
 10
-11.837
 20
6.1948
 10
-11.8234
 20
6.2206
 10
-11.8098
 20
6.2464
 10
-11.7962
 20
6.2721
 10
-11.7825
 20
6.2979
 10
-11.7687
 20
6.3236
 10
-11.7549
 20
6.3492
 10
-11.741
 20
6.3748
 10
-11.7271
 20
6.4004
 10
-11.7131
 20
6.426
 10
-11.699
 20
6.4515
 10
-11.6849
 20
6.4771
 10
-11.6708
 20
6.5025
 10
-11.6565
 20
6.528
 10
-11.6423
 20
6.5534
 10
-11.628
 20
6.5788
 10
-11.6136
 20
6.6041
 10
-11.5991
 20
6.6295
 10
-11.5846
 20
6.6547
 10
-11.5701
 20
6.68
 10
-11.5555
 20
6.7052
 10
-11.5408
 20
6.7304
 10
-11.5261
 20
6.7556
 10
-11.5114
 20
6.7807
 10
-11.4965
 20
6.8058
 10
-11.4817
 20
6.8309
 10
-11.4667
 20
6.8559
 10
-11.4518
 20
6.8809
 10
-11.4367
 20
6.9059
 10
-11.4216
 20
6.9308
 10
-11.4065
 20
6.9557
 10
-11.3913
 20
6.9806
 10
-11.376
 20
7.0054
 10
-11.3607
 20
7.0302
 10
-11.3453
 20
7.055
 10
-11.3299
 20
7.0797
 10
-11.3145
 20
7.1044
 10
-11.2989
 20
7.1291
 10
-11.2833
 20
7.1537
 10
-11.2677
 20
7.1783
 10
-11.252
 20
7.2029
 10
-11.2363
 20
7.2274
 10
-11.2205
 20
7.2519
 10
-11.2046
 20
7.2764
 10
-11.1887
 20
7.3008
 10
-11.1728
 20
7.3252
 10
-11.1568
 20
7.3496
 10
-11.1407
 20
7.3739
 10
-11.1246
 20
7.3982
 10
-11.1084
 20
7.4224
 10
-11.0922
 20
7.4466
 10
-11.0759
 20
7.4708
 10
-11.0596
 20
7.495
 10
-11.0432
 20
7.5191
 10
-11.0268
 20
7.5431
 10
-11.0103
 20
7.5672
 10
-10.9938
 20
7.5912
 10
-10.9772
 20
7.6152
 10
-10.9606
 20
7.6391
 10
-10.9439
 20
7.663
 10
-10.9271
 20
7.6868
 10
-10.9103
 20
7.7107
 10
-10.8935
 20
7.7344
 10
-10.8766
 20
7.7582
 10
-10.8596
 20
7.7819
 10
-10.8426
 20
7.8056
 10
-10.8256
 20
7.8292
 10
-10.8085
 20
7.8528
 10
-10.7913
 20
7.8764
 10
-10.7741
 20
7.8999
 10
-10.7568
 20
7.9234
 10
-10.7395
 20
7.9468
 10
-10.7222
 20
7.9702
 10
-10.7048
 20
7.9936
 10
-10.6873
 20
8.017
 10
-10.6698
 20
8.0402
 10
-10.6522
 20
8.0635
 10
-10.6346
 20
8.0867
 10
-10.6169
 20
8.1099
 10
-10.5992
 20
8.1331
 10
-10.5814
 20
8.1562
 10
-10.5636
 20
8.1792
 10
-10.5457
 20
8.2022
 10
-10.5278
 20
8.2252
 10
-10.5099
 20
8.2482
 10
-10.4918
 20
8.2711
 10
-10.4738
 20
8.294
 10
-10.4556
 20
8.3168
 10
-10.4375
 20
8.3396
 10
-10.4193
 20
8.3623
 10
-10.401
 20
8.385
 10
-10.3827
 20
8.4077
 10
-10.3643
 20
8.4304
 10
-10.3459
 20
8.4529
 10
-10.3274
 20
8.4755
 10
-10.3089
 20
8.498
 10
-10.2903
 20
8.5205
 10
-10.2717
 20
8.5429
 10
-10.2531
 20
8.5653
 10
-10.2344
 20
8.5876
 10
-10.2156
 20
8.6099
 10
-10.1968
 20
8.6322
 10
-10.1779
 20
8.6544
 10
-10.159
 20
8.6766
 10
-10.1401
 20
8.6988
 10
-10.1211
 20
8.7209
 10
-10.102
 20
8.7429
 10
-10.0829
 20
8.7649
 10
-10.0638
 20
8.7869
 10
-10.0446
 20
8.8089
 10
-10.0253
 20
8.8308
 10
-10.006
 20
8.8526
 10
-9.9867
 20
8.8744
 10
-9.9673
 20
8.8962
 10
-9.9479
 20
8.9179
 10
-9.9284
 20
8.9396
 10
-9.9089
 20
8.9612
 10
-9.8893
 20
8.9828
 10
-9.8697
 20
9.0044
 10
-9.85
 20
9.0259
 10
-9.8303
 20
9.0474
 10
-9.8105
 20
9.0688
 10
-9.7907
 20
9.0902
 10
-9.7709
 20
9.1115
 10
-9.751
 20
9.1328
 10
-9.731
 20
9.154
 10
-9.711
 20
9.1753
 10
-9.691
 20
9.1964
 10
-9.6709
 20
9.2175
 10
-9.6508
 20
9.2386
 10
-9.6306
 20
9.2596
 10
-9.6104
 20
9.2806
 10
-9.5901
 20
9.3016
 10
-9.5698
 20
9.3225
 10
-9.5494
 20
9.3433
 10
-9.529
 20
9.3641
 10
-9.5086
 20
9.3849
 10
-9.4881
 20
9.4056
 10
-9.4675
 20
9.4263
 10
-9.4469
 20
9.4469
 10
-9.4263
 20
9.4675
 10
-9.4056
 20
9.4881
 10
-9.3849
 20
9.5086
 10
-9.3641
 20
9.529
 10
-9.3433
 20
9.5494
 10
-9.3225
 20
9.5698
 10
-9.3016
 20
9.5901
 10
-9.2806
 20
9.6104
 10
-9.2596
 20
9.6306
 10
-9.2386
 20
9.6508
 10
-9.2175
 20
9.6709
 10
-9.1964
 20
9.691
 10
-9.1753
 20
9.711
 10
-9.154
 20
9.731
 10
-9.1328
 20
9.751
 10
-9.1115
 20
9.7709
 10
-9.0902
 20
9.7907
 10
-9.0688
 20
9.8105
 10
-9.0474
 20
9.8303
 10
-9.0259
 20
9.85
 10
-9.0044
 20
9.8697
 10
-8.9828
 20
9.8893
 10
-8.9612
 20
9.9089
 10
-8.9396
 20
9.9284
 10
-8.9179
 20
9.9479
 10
-8.8962
 20
9.9673
 10
-8.8744
 20
9.9867
 10
-8.8526
 20
10.006
 10
-8.8308
 20
10.0253
 10
-8.8089
 20
10.0446
 10
-8.7869
 20
10.0638
 10
-8.7649
 20
10.0829
 10
-8.7429
 20
10.102
 10
-8.7209
 20
10.1211
 10
-8.6988
 20
10.1401
 10
-8.6766
 20
10.159
 10
-8.6544
 20
10.1779
 10
-8.6322
 20
10.1968
 10
-8.6099
 20
10.2156
 10
-8.5876
 20
10.2344
 10
-8.5653
 20
10.2531
 10
-8.5429
 20
10.2717
 10
-8.5205
 20
10.2903
 10
-8.498
 20
10.3089
 10
-8.4755
 20
10.3274
 10
-8.4529
 20
10.3459
 10
-8.4304
 20
10.3643
 10
-8.4077
 20
10.3827
 10
-8.385
 20
10.401
 10
-8.3623
 20
10.4193
 10
-8.3396
 20
10.4375
 10
-8.3168
 20
10.4556
 10
-8.294
 20
10.4738
 10
-8.2711
 20
10.4918
 10
-8.2482
 20
10.5099
 10
-8.2252
 20
10.5278
 10
-8.2022
 20
10.5457
 10
-8.1792
 20
10.5636
 10
-8.1562
 20
10.5814
 10
-8.1331
 20
10.5992
 10
-8.1099
 20
10.6169
 10
-8.0867
 20
10.6346
 10
-8.0635
 20
10.6522
 10
-8.0402
 20
10.6698
 10
-8.017
 20
10.6873
 10
-7.9936
 20
10.7048
 10
-7.9702
 20
10.7222
 10
-7.9468
 20
10.7395
 10
-7.9234
 20
10.7568
 10
-7.8999
 20
10.7741
 10
-7.8764
 20
10.7913
 10
-7.8528
 20
10.8085
 10
-7.8292
 20
10.8256
 10
-7.8056
 20
10.8426
 10
-7.7819
 20
10.8596
 10
-7.7582
 20
10.8766
 10
-7.7344
 20
10.8935
 10
-7.7107
 20
10.9103
 10
-7.6868
 20
10.9271
 10
-7.663
 20
10.9439
 10
-7.6391
 20
10.9606
 10
-7.6152
 20
10.9772
 10
-7.5912
 20
10.9938
 10
-7.5672
 20
11.0103
 10
-7.5431
 20
11.0268
 10
-7.5191
 20
11.0432
 10
-7.495
 20
11.0596
 10
-7.4708
 20
11.0759
 10
-7.4466
 20
11.0922
 10
-7.4224
 20
11.1084
 10
-7.3982
 20
11.1246
 10
-7.3739
 20
11.1407
 10
-7.3496
 20
11.1568
 10
-7.3252
 20
11.1728
 10
-7.3008
 20
11.1887
 10
-7.2764
 20
11.2046
 10
-7.2519
 20
11.2205
 10
-7.2274
 20
11.2363
 10
-7.2029
 20
11.252
 10
-7.1783
 20
11.2677
 10
-7.1537
 20
11.2833
 10
-7.1291
 20
11.2989
 10
-7.1044
 20
11.3145
 10
-7.0797
 20
11.3299
 10
-7.055
 20
11.3453
 10
-7.0302
 20
11.3607
 10
-7.0054
 20
11.376
 10
-6.9806
 20
11.3913
 10
-6.9557
 20
11.4065
 10
-6.9308
 20
11.4216
 10
-6.9059
 20
11.4367
 10
-6.8809
 20
11.4518
 10
-6.8559
 20
11.4667
 10
-6.8309
 20
11.4817
 10
-6.8058
 20
11.4965
 10
-6.7807
 20
11.5114
 10
-6.7556
 20
11.5261
 10
-6.7304
 20
11.5408
 10
-6.7052
 20
11.5555
 10
-6.68
 20
11.5701
 10
-6.6547
 20
11.5846
 10
-6.6295
 20
11.5991
 10
-6.6041
 20
11.6136
 10
-6.5788
 20
11.628
 10
-6.5534
 20
11.6423
 10
-6.528
 20
11.6565
 10
-6.5025
 20
11.6708
 10
-6.4771
 20
11.6849
 10
-6.4515
 20
11.699
 10
-6.426
 20
11.7131
 10
-6.4004
 20
11.7271
 10
-6.3748
 20
11.741
 10
-6.3492
 20
11.7549
 10
-6.3236
 20
11.7687
 10
-6.2979
 20
11.7825
 10
-6.2721
 20
11.7962
 10
-6.2464
 20
11.8098
 10
-6.2206
 20
11.8234
 10
-6.1948
 20
11.837
 10
-6.169
 20
11.8505
 10
-6.1431
 20
11.8639
 10
-6.1172
 20
11.8773
 10
-6.0913
 20
11.8906
 10
-6.0653
 20
11.9038
 10
-6.0393
 20
11.9171
 10
-6.0133
 20
11.9302
 10
-5.9873
 20
11.9433
 10
-5.9612
 20
11.9563
 10
-5.9351
 20
11.9693
 10
-5.909
 20
11.9822
 10
-5.8828
 20
11.9951
 10
-5.8566
 20
12.0079
 10
-5.8304
 20
12.0206
 10
-5.8042
 20
12.0333
 10
-5.7779
 20
12.046
 10
-5.7516
 20
12.0585
 10
-5.7253
 20
12.0711
 10
-5.699
 20
12.0835
 10
-5.6726
 20
12.0959
 10
-5.6462
 20
12.1083
 10
-5.6198
 20
12.1206
 10
-5.5933
 20
12.1328
 10
-5.5668
 20
12.145
 10
-5.5403
 20
12.1571
 10
-5.5138
 20
12.1691
 10
-5.4872
 20
12.1811
 10
-5.4606
 20
12.1931
 10
-5.434
 20
12.205
 10
-5.4074
 20
12.2168
 10
-5.3807
 20
12.2286
 10
-5.354
 20
12.2403
 10
-5.3273
 20
12.2519
 10
-5.3005
 20
12.2635
 10
-5.2738
 20
12.2751
 10
-5.247
 20
12.2865
 10
-5.2202
 20
12.2979
 10
-5.1933
 20
12.3093
 10
-5.1665
 20
12.3206
 10
-5.1396
 20
12.3318
 10
-5.1127
 20
12.343
 10
-5.0857
 20
12.3542
 10
-5.0587
 20
12.3652
 10
-5.0318
 20
12.3762
 10
-5.0047
 20
12.3872
 10
-4.9777
 20
12.3981
 10
-4.9506
 20
12.4089
 10
-4.9236
 20
12.4197
 10
-4.8965
 20
12.4304
 10
-4.8693
 20
12.441
 10
-4.8422
 20
12.4516
 10
-4.815
 20
12.4622
 10
-4.7878
 20
12.4726
 10
-4.7606
 20
12.4831
 10
-4.7333
 20
12.4934
 10
-4.7061
 20
12.5037
 10
-4.6788
 20
12.5139
 10
-4.6515
 20
12.5241
 10
-4.6241
 20
12.5342
 10
-4.5968
 20
12.5443
 10
-4.5694
 20
12.5543
 10
-4.542
 20
12.5642
 10
-4.5146
 20
12.5741
 10
-4.4871
 20
12.5839
 10
-4.4597
 20
12.5937
 10
-4.4322
 20
12.6034
 10
-4.4047
 20
12.613
 10
-4.3771
 20
12.6226
 10
-4.3496
 20
12.6321
 10
-4.322
 20
12.6416
 10
-4.2944
 20
12.651
 10
-4.2668
 20
12.6603
 10
-4.2392
 20
12.6696
 10
-4.2115
 20
12.6788
 10
-4.1839
 20
12.688
 10
-4.1562
 20
12.6971
 10
-4.1285
 20
12.7061
 10
-4.1007
 20
12.7151
 10
-4.073
 20
12.724
 10
-4.0452
 20
12.7329
 10
-4.0174
 20
12.7417
 10
-3.9896
 20
12.7504
 10
-3.9618
 20
12.7591
 10
-3.934
 20
12.7677
 10
-3.9061
 20
12.7762
 10
-3.8782
 20
12.7847
 10
-3.8503
 20
12.7932
 10
-3.8224
 20
12.8015
 10
-3.7944
 20
12.8098
 10
-3.7665
 20
12.8181
 10
-3.7385
 20
12.8263
 10
-3.7105
 20
12.8344
 10
-3.6825
 20
12.8425
 10
-3.6545
 20
12.8505
 10
-3.6264
 20
12.8584
 10
-3.5984
 20
12.8663
 10
-3.5703
 20
12.8741
 10
-3.5422
 20
12.8819
 10
-3.5141
 20
12.8896
 10
-3.486
 20
12.8972
 10
-3.4578
 20
12.9048
 10
-3.4297
 20
12.9123
 10
-3.4015
 20
12.9197
 10
-3.3733
 20
12.9271
 10
-3.3451
 20
12.9345
 10
-3.3169
 20
12.9417
 10
-3.2886
 20
12.9489
 10
-3.2604
 20
12.9561
 10
-3.2321
 20
12.9632
 10
-3.2038
 20
12.9702
 10
-3.1755
 20
12.9771
 10
-3.1472
 20
12.984
 10
-3.1188
 20
12.9909
 10
-3.0905
 20
12.9976
 10
-3.0621
 20
13.0043
 10
-3.0337
 20
13.011
 10
-3.0053
 20
13.0176
 10
-2.9769
 20
13.0241
 10
-2.9485
 20
13.0306
 10
-2.9201
 20
13.037
 10
-2.8916
 20
13.0433
 10
-2.8632
 20
13.0496
 10
-2.8347
 20
13.0558
 10
-2.8062
 20
13.062
 10
-2.7777
 20
13.0681
 10
-2.7492
 20
13.0741
 10
-2.7207
 20
13.08
 10
-2.6921
 20
13.086
 10
-2.6636
 20
13.0918
 10
-2.635
 20
13.0976
 10
-2.6064
 20
13.1033
 10
-2.5778
 20
13.1089
 10
-2.5492
 20
13.1145
 10
-2.5206
 20
13.1201
 10
-2.492
 20
13.1255
 10
-2.4633
 20
13.1309
 10
-2.4347
 20
13.1363
 10
-2.406
 20
13.1416
 10
-2.3773
 20
13.1468
 10
-2.3486
 20
13.1519
 10
-2.3199
 20
13.157
 10
-2.2912
 20
13.1621
 10
-2.2625
 20
13.167
 10
-2.2338
 20
13.1719
 10
-2.205
 20
13.1768
 10
-2.1763
 20
13.1816
 10
-2.1475
 20
13.1863
 10
-2.1187
 20
13.1909
 10
-2.09
 20
13.1955
 10
-2.0612
 20
13.2
 10
-2.0324
 20
13.2045
 10
-2.0036
 20
13.2089
 10
-1.9747
 20
13.2133
 10
-1.9459
 20
13.2175
 10
-1.9171
 20
13.2217
 10
-1.8882
 20
13.2259
 10
-1.8594
 20
13.23
 10
-1.8305
 20
13.234
 10
-1.8016
 20
13.238
 10
-1.7727
 20
13.2419
 10
-1.7438
 20
13.2457
 10
-1.7149
 20
13.2495
 10
-1.686
 20
13.2532
 10
-1.6571
 20
13.2568
 10
-1.6282
 20
13.2604
 10
-1.5992
 20
13.2639
 10
-1.5703
 20
13.2674
 10
-1.5414
 20
13.2708
 10
-1.5124
 20
13.2741
 10
-1.4834
 20
13.2774
 10
-1.4545
 20
13.2806
 10
-1.4255
 20
13.2837
 10
-1.3965
 20
13.2868
 10
-1.3675
 20
13.2898
 10
-1.3385
 20
13.2928
 10
-1.3095
 20
13.2957
 10
-1.2805
 20
13.2985
 10
-1.2515
 20
13.3013
 10
-1.2225
 20
13.304
 10
-1.1934
 20
13.3066
 10
-1.1644
 20
13.3092
 10
-1.1354
 20
13.3117
 10
-1.1063
 20
13.3141
 10
-1.0773
 20
13.3165
 10
-1.0482
 20
13.3188
 10
-1.0192
 20
13.3211
 10
-0.9901
 20
13.3233
 10
-0.961
 20
13.3254
 10
-0.9319
 20
13.3275
 10
-0.9029
 20
13.3295
 10
-0.8738
 20
13.3314
 10
-0.8447
 20
13.3333
 10
-0.8156
 20
13.3351
 10
-0.7865
 20
13.3368
 10
-0.7574
 20
13.3385
 10
-0.7283
 20
13.3401
 10
-0.6992
 20
13.3417
 10
-0.6701
 20
13.3432
 10
-0.641
 20
13.3446
 10
-0.6119
 20
13.346
 10
-0.5828
 20
13.3473
 10
-0.5536
 20
13.3485
 10
-0.5245
 20
13.3497
 10
-0.4954
 20
13.3508
 10
-0.4663
 20
13.3519
 10
-0.4371
 20
13.3528
 10
-0.408
 20
13.3538
 10
-0.3789
 20
13.3546
 10
-0.3497
 20
13.3554
 10
-0.3206
 20
13.3562
 10
-0.2914
 20
13.3568
 10
-0.2623
 20
13.3574
 10
-0.2332
 20
13.358
 10
-0.204
 20
13.3584
 10
-0.1749
 20
13.3589
 10
-0.1457
 20
13.3592
 10
-0.1166
 20
13.3595
 10
-0.0874
 20
13.3597
 10
-0.0583
 20
13.3599
 10
-0.0291
 20
13.36
 10
0.0
 20
13.36
 10
0.0291
 20
13.36
 10
0.0583
 20
13.3599
 10
0.0874
 20
13.3597
 10
0.1166
 20
13.3595
 10
0.1457
 20
13.3592
 10
0.1749
 20
13.3589
 10
0.204
 20
13.3584
 10
0.2332
 20
13.358
 10
0.2623
 20
13.3574
 10
0.2914
 20
13.3568
 10
0.3206
 20
13.3562
 10
0.3497
 20
13.3554
 10
0.3789
 20
13.3546
 10
0.408
 20
13.3538
 10
0.4371
 20
13.3528
 10
0.4663
 20
13.3519
 10
0.4954
 20
13.3508
 10
0.5245
 20
13.3497
 10
0.5536
 20
13.3485
 10
0.5828
 20
13.3473
 10
0.6119
 20
13.346
 10
0.641
 20
13.3446
 10
0.6701
 20
13.3432
 10
0.6992
 20
13.3417
 10
0.7283
 20
13.3401
 10
0.7574
 20
13.3385
 10
0.7865
 20
13.3368
 10
0.8156
 20
13.3351
 10
0.8447
 20
13.3333
 10
0.8738
 20
13.3314
 10
0.9029
 20
13.3295
 10
0.9319
 20
13.3275
 10
0.961
 20
13.3254
 10
0.9901
 20
13.3233
 10
1.0192
 20
13.3211
 10
1.0482
 20
13.3188
 10
1.0773
 20
13.3165
 10
1.1063
 20
13.3141
 10
1.1354
 20
13.3117
 10
1.1644
 20
13.3092
 10
1.1934
 20
13.3066
 10
1.2225
 20
13.304
 10
1.2515
 20
13.3013
 10
1.2805
 20
13.2985
 10
1.3095
 20
13.2957
 10
1.3385
 20
13.2928
 10
1.3675
 20
13.2898
 10
1.3965
 20
13.2868
 10
1.4255
 20
13.2837
 10
1.4545
 20
13.2806
 10
1.4834
 20
13.2774
 10
1.5124
 20
13.2741
 10
1.5414
 20
13.2708
 10
1.5703
 20
13.2674
 10
1.5992
 20
13.2639
 10
1.6282
 20
13.2604
 10
1.6571
 20
13.2568
 10
1.686
 20
13.2532
 10
1.7149
 20
13.2495
 10
1.7438
 20
13.2457
 10
1.7727
 20
13.2419
 10
1.8016
 20
13.238
 10
1.8305
 20
13.234
 10
1.8594
 20
13.23
 10
1.8882
 20
13.2259
 10
1.9171
 20
13.2217
 10
1.9459
 20
13.2175
 10
1.9747
 20
13.2133
 10
2.0036
 20
13.2089
 10
2.0324
 20
13.2045
 10
2.0612
 20
13.2
 10
2.09
 20
13.1955
 10
2.1187
 20
13.1909
 10
2.1475
 20
13.1863
 10
2.1763
 20
13.1816
 10
2.205
 20
13.1768
 10
2.2338
 20
13.1719
 10
2.2625
 20
13.167
 10
2.2912
 20
13.1621
 10
2.3199
 20
13.157
 10
2.3486
 20
13.1519
 10
2.3773
 20
13.1468
 10
2.406
 20
13.1416
 10
2.4347
 20
13.1363
 10
2.4633
 20
13.1309
 10
2.492
 20
13.1255
 10
2.5206
 20
13.1201
 10
2.5492
 20
13.1145
 10
2.5778
 20
13.1089
 10
2.6064
 20
13.1033
 10
2.635
 20
13.0976
 10
2.6636
 20
13.0918
 10
2.6921
 20
13.086
 10
2.7207
 20
13.08
 10
2.7492
 20
13.0741
 10
2.7777
 20
13.0681
 10
2.8062
 20
13.062
 10
2.8347
 20
13.0558
 10
2.8632
 20
13.0496
 10
2.8916
 20
13.0433
 10
2.9201
 20
13.037
 10
2.9485
 20
13.0306
 10
2.9769
 20
13.0241
 10
3.0053
 20
13.0176
 10
3.0337
 20
13.011
 10
3.0621
 20
13.0043
 10
3.0905
 20
12.9976
 10
3.1188
 20
12.9909
 10
3.1472
 20
12.984
 10
3.1755
 20
12.9771
 10
3.2038
 20
12.9702
 10
3.2321
 20
12.9632
 10
3.2604
 20
12.9561
 10
3.2886
 20
12.9489
 10
3.3169
 20
12.9417
 10
3.3451
 20
12.9345
 10
3.3733
 20
12.9271
 10
3.4015
 20
12.9197
 10
3.4297
 20
12.9123
 10
3.4578
 20
12.9048
 10
3.486
 20
12.8972
 10
3.5141
 20
12.8896
 10
3.5422
 20
12.8819
 10
3.5703
 20
12.8741
 10
3.5984
 20
12.8663
 10
3.6264
 20
12.8584
 10
3.6545
 20
12.8505
 10
3.6825
 20
12.8425
 10
3.7105
 20
12.8344
 10
3.7385
 20
12.8263
 10
3.7665
 20
12.8181
 10
3.7944
 20
12.8098
 10
3.8224
 20
12.8015
 10
3.8503
 20
12.7932
 10
3.8782
 20
12.7847
 10
3.9061
 20
12.7762
 10
3.934
 20
12.7677
 10
3.9618
 20
12.7591
 10
3.9896
 20
12.7504
 10
4.0174
 20
12.7417
 10
4.0452
 20
12.7329
 10
4.073
 20
12.724
 10
4.1007
 20
12.7151
 10
4.1285
 20
12.7061
 10
4.1562
 20
12.6971
 10
4.1839
 20
12.688
 10
4.2115
 20
12.6788
 10
4.2392
 20
12.6696
 10
4.2668
 20
12.6603
 10
4.2944
 20
12.651
 10
4.322
 20
12.6416
 10
4.3496
 20
12.6321
 10
4.3771
 20
12.6226
 10
4.4047
 20
12.613
 10
4.4322
 20
12.6034
 10
4.4597
 20
12.5937
 10
4.4871
 20
12.5839
 10
4.5146
 20
12.5741
 10
4.542
 20
12.5642
 10
4.5694
 20
12.5543
 10
4.5968
 20
12.5443
 10
4.6241
 20
12.5342
 10
4.6515
 20
12.5241
 10
4.6788
 20
12.5139
 10
4.7061
 20
12.5037
 10
4.7333
 20
12.4934
 10
4.7606
 20
12.4831
 10
4.7878
 20
12.4726
 10
4.815
 20
12.4622
 10
4.8422
 20
12.4516
 10
4.8693
 20
12.441
 10
4.8965
 20
12.4304
 10
4.9236
 20
12.4197
 10
4.9506
 20
12.4089
 10
4.9777
 20
12.3981
 10
5.0047
 20
12.3872
 10
5.0318
 20
12.3762
 10
5.0587
 20
12.3652
 10
5.0857
 20
12.3542
 10
5.1127
 20
12.343
 10
5.1396
 20
12.3318
 10
5.1665
 20
12.3206
 10
5.1933
 20
12.3093
 10
5.2202
 20
12.2979
 10
5.247
 20
12.2865
 10
5.2738
 20
12.2751
 10
5.3005
 20
12.2635
 10
5.3273
 20
12.2519
 10
5.354
 20
12.2403
 10
5.3807
 20
12.2286
 10
5.4074
 20
12.2168
 10
5.434
 20
12.205
 10
5.4606
 20
12.1931
 10
5.4872
 20
12.1811
 10
5.5138
 20
12.1691
 10
5.5403
 20
12.1571
 10
5.5668
 20
12.145
 10
5.5933
 20
12.1328
 10
5.6198
 20
12.1206
 10
5.6462
 20
12.1083
 10
5.6726
 20
12.0959
 10
5.699
 20
12.0835
 10
5.7253
 20
12.0711
 10
5.7516
 20
12.0585
 10
5.7779
 20
12.046
 10
5.8042
 20
12.0333
 10
5.8304
 20
12.0206
 10
5.8566
 20
12.0079
 10
5.8828
 20
11.9951
 10
5.909
 20
11.9822
 10
5.9351
 20
11.9693
 10
5.9612
 20
11.9563
 10
5.9873
 20
11.9433
 10
6.0133
 20
11.9302
 10
6.0393
 20
11.9171
 10
6.0653
 20
11.9038
 10
6.0913
 20
11.8906
 10
6.1172
 20
11.8773
 10
6.1431
 20
11.8639
 10
6.169
 20
11.8505
 10
6.1948
 20
11.837
 10
6.2206
 20
11.8234
 10
6.2464
 20
11.8098
 10
6.2721
 20
11.7962
 10
6.2979
 20
11.7825
 10
6.3236
 20
11.7687
 10
6.3492
 20
11.7549
 10
6.3748
 20
11.741
 10
6.4004
 20
11.7271
 10
6.426
 20
11.7131
 10
6.4515
 20
11.699
 10
6.4771
 20
11.6849
 10
6.5025
 20
11.6708
 10
6.528
 20
11.6565
 10
6.5534
 20
11.6423
 10
6.5788
 20
11.628
 10
6.6041
 20
11.6136
 10
6.6295
 20
11.5991
 10
6.6547
 20
11.5846
 10
6.68
 20
11.5701
 10
6.7052
 20
11.5555
 10
6.7304
 20
11.5408
 10
6.7556
 20
11.5261
 10
6.7807
 20
11.5114
 10
6.8058
 20
11.4965
 10
6.8309
 20
11.4817
 10
6.8559
 20
11.4667
 10
6.8809
 20
11.4518
 10
6.9059
 20
11.4367
 10
6.9308
 20
11.4216
 10
6.9557
 20
11.4065
 10
6.9806
 20
11.3913
 10
7.0054
 20
11.376
 10
7.0302
 20
11.3607
 10
7.055
 20
11.3453
 10
7.0797
 20
11.3299
 10
7.1044
 20
11.3145
 10
7.1291
 20
11.2989
 10
7.1537
 20
11.2833
 10
7.1783
 20
11.2677
 10
7.2029
 20
11.252
 10
7.2274
 20
11.2363
 10
7.2519
 20
11.2205
 10
7.2764
 20
11.2046
 10
7.3008
 20
11.1887
 10
7.3252
 20
11.1728
 10
7.3496
 20
11.1568
 10
7.3739
 20
11.1407
 10
7.3982
 20
11.1246
 10
7.4224
 20
11.1084
 10
7.4466
 20
11.0922
 10
7.4708
 20
11.0759
 10
7.495
 20
11.0596
 10
7.5191
 20
11.0432
 10
7.5431
 20
11.0268
 10
7.5672
 20
11.0103
 10
7.5912
 20
10.9938
 10
7.6152
 20
10.9772
 10
7.6391
 20
10.9606
 10
7.663
 20
10.9439
 10
7.6868
 20
10.9271
 10
7.7107
 20
10.9103
 10
7.7344
 20
10.8935
 10
7.7582
 20
10.8766
 10
7.7819
 20
10.8596
 10
7.8056
 20
10.8426
 10
7.8292
 20
10.8256
 10
7.8528
 20
10.8085
 10
7.8764
 20
10.7913
 10
7.8999
 20
10.7741
 10
7.9234
 20
10.7568
 10
7.9468
 20
10.7395
 10
7.9702
 20
10.7222
 10
7.9936
 20
10.7048
 10
8.017
 20
10.6873
 10
8.0402
 20
10.6698
 10
8.0635
 20
10.6522
 10
8.0867
 20
10.6346
 10
8.1099
 20
10.6169
 10
8.1331
 20
10.5992
 10
8.1562
 20
10.5814
 10
8.1792
 20
10.5636
 10
8.2022
 20
10.5457
 10
8.2252
 20
10.5278
 10
8.2482
 20
10.5099
 10
8.2711
 20
10.4918
 10
8.294
 20
10.4738
 10
8.3168
 20
10.4556
 10
8.3396
 20
10.4375
 10
8.3623
 20
10.4193
 10
8.385
 20
10.401
 10
8.4077
 20
10.3827
 10
8.4304
 20
10.3643
 10
8.4529
 20
10.3459
 10
8.4755
 20
10.3274
 10
8.498
 20
10.3089
 10
8.5205
 20
10.2903
 10
8.5429
 20
10.2717
 10
8.5653
 20
10.2531
 10
8.5876
 20
10.2344
 10
8.6099
 20
10.2156
 10
8.6322
 20
10.1968
 10
8.6544
 20
10.1779
 10
8.6766
 20
10.159
 10
8.6988
 20
10.1401
 10
8.7209
 20
10.1211
 10
8.7429
 20
10.102
 10
8.7649
 20
10.0829
 10
8.7869
 20
10.0638
 10
8.8089
 20
10.0446
 10
8.8308
 20
10.0253
 10
8.8526
 20
10.006
 10
8.8744
 20
9.9867
 10
8.8962
 20
9.9673
 10
8.9179
 20
9.9479
 10
8.9396
 20
9.9284
 10
8.9612
 20
9.9089
 10
8.9828
 20
9.8893
 10
9.0044
 20
9.8697
 10
9.0259
 20
9.85
 10
9.0474
 20
9.8303
 10
9.0688
 20
9.8105
 10
9.0902
 20
9.7907
 10
9.1115
 20
9.7709
 10
9.1328
 20
9.751
 10
9.154
 20
9.731
 10
9.1753
 20
9.711
 10
9.1964
 20
9.691
 10
9.2175
 20
9.6709
 10
9.2386
 20
9.6508
 10
9.2596
 20
9.6306
 10
9.2806
 20
9.6104
 10
9.3016
 20
9.5901
 10
9.3225
 20
9.5698
 10
9.3433
 20
9.5494
 10
9.3641
 20
9.529
 10
9.3849
 20
9.5086
 10
9.4056
 20
9.4881
 10
9.4263
 20
9.4675
 10
9.4469
 20
9.4469
 10
9.4675
 20
9.4263
 10
9.4881
 20
9.4056
 10
9.5086
 20
9.3849
 10
9.529
 20
9.3641
 10
9.5494
 20
9.3433
 10
9.5698
 20
9.3225
 10
9.5901
 20
9.3016
 10
9.6104
 20
9.2806
 10
9.6306
 20
9.2596
 10
9.6508
 20
9.2386
 10
9.6709
 20
9.2175
 10
9.691
 20
9.1964
 10
9.711
 20
9.1753
 10
9.731
 20
9.154
 10
9.751
 20
9.1328
 10
9.7709
 20
9.1115
 10
9.7907
 20
9.0902
 10
9.8105
 20
9.0688
 10
9.8303
 20
9.0474
 10
9.85
 20
9.0259
 10
9.8697
 20
9.0044
 10
9.8893
 20
8.9828
 10
9.9089
 20
8.9612
 10
9.9284
 20
8.9396
 10
9.9479
 20
8.9179
 10
9.9673
 20
8.8962
 10
9.9867
 20
8.8744
 10
10.006
 20
8.8526
 10
10.0253
 20
8.8308
 10
10.0446
 20
8.8089
 10
10.0638
 20
8.7869
 10
10.0829
 20
8.7649
 10
10.102
 20
8.7429
 10
10.1211
 20
8.7209
 10
10.1401
 20
8.6988
 10
10.159
 20
8.6766
 10
10.1779
 20
8.6544
 10
10.1968
 20
8.6322
 10
10.2156
 20
8.6099
 10
10.2344
 20
8.5876
 10
10.2531
 20
8.5653
 10
10.2717
 20
8.5429
 10
10.2903
 20
8.5205
 10
10.3089
 20
8.498
 10
10.3274
 20
8.4755
 10
10.3459
 20
8.4529
 10
10.3643
 20
8.4304
 10
10.3827
 20
8.4077
 10
10.401
 20
8.385
 10
10.4193
 20
8.3623
 10
10.4375
 20
8.3396
 10
10.4556
 20
8.3168
 10
10.4738
 20
8.294
 10
10.4918
 20
8.2711
 10
10.5099
 20
8.2482
 10
10.5278
 20
8.2252
 10
10.5457
 20
8.2022
 10
10.5636
 20
8.1792
 10
10.5814
 20
8.1562
 10
10.5992
 20
8.1331
 10
10.6169
 20
8.1099
 10
10.6346
 20
8.0867
 10
10.6522
 20
8.0635
 10
10.6698
 20
8.0402
 10
10.6873
 20
8.017
 10
10.7048
 20
7.9936
 10
10.7222
 20
7.9702
 10
10.7395
 20
7.9468
 10
10.7568
 20
7.9234
 10
10.7741
 20
7.8999
 10
10.7913
 20
7.8764
 10
10.8085
 20
7.8528
 10
10.8256
 20
7.8292
 10
10.8426
 20
7.8056
 10
10.8596
 20
7.7819
 10
10.8766
 20
7.7582
 10
10.8935
 20
7.7344
 10
10.9103
 20
7.7107
 10
10.9271
 20
7.6868
 10
10.9439
 20
7.663
 10
10.9606
 20
7.6391
 10
10.9772
 20
7.6152
 10
10.9938
 20
7.5912
 10
11.0103
 20
7.5672
 10
11.0268
 20
7.5431
 10
11.0432
 20
7.5191
 10
11.0596
 20
7.495
 10
11.0759
 20
7.4708
 10
11.0922
 20
7.4466
 10
11.1084
 20
7.4224
 10
11.1246
 20
7.3982
 10
11.1407
 20
7.3739
 10
11.1568
 20
7.3496
 10
11.1728
 20
7.3252
 10
11.1887
 20
7.3008
 10
11.2046
 20
7.2764
 10
11.2205
 20
7.2519
 10
11.2363
 20
7.2274
 10
11.252
 20
7.2029
 10
11.2677
 20
7.1783
 10
11.2833
 20
7.1537
 10
11.2989
 20
7.1291
 10
11.3145
 20
7.1044
 10
11.3299
 20
7.0797
 10
11.3453
 20
7.055
 10
11.3607
 20
7.0302
 10
11.376
 20
7.0054
 10
11.3913
 20
6.9806
 10
11.4065
 20
6.9557
 10
11.4216
 20
6.9308
 10
11.4367
 20
6.9059
 10
11.4518
 20
6.8809
 10
11.4667
 20
6.8559
 10
11.4817
 20
6.8309
 10
11.4965
 20
6.8058
 10
11.5114
 20
6.7807
 10
11.5261
 20
6.7556
 10
11.5408
 20
6.7304
 10
11.5555
 20
6.7052
 10
11.5701
 20
6.68
 10
11.5846
 20
6.6547
 10
11.5991
 20
6.6295
 10
11.6136
 20
6.6041
 10
11.628
 20
6.5788
 10
11.6423
 20
6.5534
 10
11.6565
 20
6.528
 10
11.6708
 20
6.5025
 10
11.6849
 20
6.4771
 10
11.699
 20
6.4515
 10
11.7131
 20
6.426
 10
11.7271
 20
6.4004
 10
11.741
 20
6.3748
 10
11.7549
 20
6.3492
 10
11.7687
 20
6.3236
 10
11.7825
 20
6.2979
 10
11.7962
 20
6.2721
 10
11.8098
 20
6.2464
 10
11.8234
 20
6.2206
 10
11.837
 20
6.1948
 10
11.8505
 20
6.169
 10
11.8639
 20
6.1431
 10
11.8773
 20
6.1172
 10
11.8906
 20
6.0913
 10
11.9038
 20
6.0653
 10
11.9171
 20
6.0393
 10
11.9302
 20
6.0133
 10
11.9433
 20
5.9873
 10
11.9563
 20
5.9612
 10
11.9693
 20
5.9351
 10
11.9822
 20
5.909
 10
11.9951
 20
5.8828
 10
12.0079
 20
5.8566
 10
12.0206
 20
5.8304
 10
12.0333
 20
5.8042
 10
12.046
 20
5.7779
 10
12.0585
 20
5.7516
 10
12.0711
 20
5.7253
 10
12.0835
 20
5.699
 10
12.0959
 20
5.6726
 10
12.1083
 20
5.6462
 10
12.1206
 20
5.6198
 10
12.1328
 20
5.5933
 10
12.145
 20
5.5668
 10
12.1571
 20
5.5403
 10
12.1691
 20
5.5138
 10
12.1811
 20
5.4872
 10
12.1931
 20
5.4606
 10
12.205
 20
5.434
 10
12.2168
 20
5.4074
 10
12.2286
 20
5.3807
 10
12.2403
 20
5.354
 10
12.2519
 20
5.3273
 10
12.2635
 20
5.3005
 10
12.2751
 20
5.2738
 10
12.2865
 20
5.247
 10
12.2979
 20
5.2202
 10
12.3093
 20
5.1933
 10
12.3206
 20
5.1665
 10
12.3318
 20
5.1396
 10
12.343
 20
5.1127
 10
12.3542
 20
5.0857
 10
12.3652
 20
5.0587
 10
12.3762
 20
5.0318
 10
12.3872
 20
5.0047
 10
12.3981
 20
4.9777
 10
12.4089
 20
4.9506
 10
12.4197
 20
4.9236
 10
12.4304
 20
4.8965
 10
12.441
 20
4.8693
 10
12.4516
 20
4.8422
 10
12.4622
 20
4.815
 10
12.4726
 20
4.7878
 10
12.4831
 20
4.7606
 10
12.4934
 20
4.7333
 10
12.5037
 20
4.7061
 10
12.5139
 20
4.6788
 10
12.5241
 20
4.6515
 10
12.5342
 20
4.6241
 10
12.5443
 20
4.5968
 10
12.5543
 20
4.5694
 10
12.5642
 20
4.542
 10
12.5741
 20
4.5146
 10
12.5839
 20
4.4871
 10
12.5937
 20
4.4597
 10
12.6034
 20
4.4322
 10
12.613
 20
4.4047
 10
12.6226
 20
4.3771
 10
12.6321
 20
4.3496
 10
12.6416
 20
4.322
 10
12.651
 20
4.2944
 10
12.6603
 20
4.2668
 10
12.6696
 20
4.2392
 10
12.6788
 20
4.2115
 10
12.688
 20
4.1839
 10
12.6971
 20
4.1562
 10
12.7061
 20
4.1285
 10
12.7151
 20
4.1007
 10
12.724
 20
4.073
 10
12.7329
 20
4.0452
 10
12.7417
 20
4.0174
 10
12.7504
 20
3.9896
 10
12.7591
 20
3.9618
 10
12.7677
 20
3.934
 10
12.7762
 20
3.9061
 10
12.7847
 20
3.8782
 10
12.7932
 20
3.8503
 10
12.8015
 20
3.8224
 10
12.8098
 20
3.7944
 10
12.8181
 20
3.7665
 10
12.8263
 20
3.7385
 10
12.8344
 20
3.7105
 10
12.8425
 20
3.6825
 10
12.8505
 20
3.6545
 10
12.8584
 20
3.6264
 10
12.8663
 20
3.5984
 10
12.8741
 20
3.5703
 10
12.8819
 20
3.5422
 10
12.8896
 20
3.5141
 10
12.8972
 20
3.486
 10
12.9048
 20
3.4578
 10
12.9123
 20
3.4297
 10
12.9197
 20
3.4015
 10
12.9271
 20
3.3733
 10
12.9345
 20
3.3451
 10
12.9417
 20
3.3169
 10
12.9489
 20
3.2886
 10
12.9561
 20
3.2604
 10
12.9632
 20
3.2321
 10
12.9702
 20
3.2038
 10
12.9771
 20
3.1755
 10
12.984
 20
3.1472
 10
12.9909
 20
3.1188
 10
12.9976
 20
3.0905
 10
13.0043
 20
3.0621
 10
13.011
 20
3.0337
 10
13.0176
 20
3.0053
 10
13.0241
 20
2.9769
 10
13.0306
 20
2.9485
 10
13.037
 20
2.9201
 10
13.0433
 20
2.8916
 10
13.0496
 20
2.8632
 10
13.0558
 20
2.8347
 10
13.062
 20
2.8062
 10
13.0681
 20
2.7777
 10
13.0741
 20
2.7492
 10
13.08
 20
2.7207
 10
13.086
 20
2.6921
 10
13.0918
 20
2.6636
 10
13.0976
 20
2.635
 10
13.1033
 20
2.6064
 10
13.1089
 20
2.5778
 10
13.1145
 20
2.5492
 10
13.1201
 20
2.5206
 10
13.1255
 20
2.492
 10
13.1309
 20
2.4633
 10
13.1363
 20
2.4347
 10
13.1416
 20
2.406
 10
13.1468
 20
2.3773
 10
13.1519
 20
2.3486
 10
13.157
 20
2.3199
 10
13.1621
 20
2.2912
 10
13.167
 20
2.2625
 10
13.1719
 20
2.2338
 10
13.1768
 20
2.205
 10
13.1816
 20
2.1763
 10
13.1863
 20
2.1475
 10
13.1909
 20
2.1187
 10
13.1955
 20
2.09
 10
13.2
 20
2.0612
 10
13.2045
 20
2.0324
 10
13.2089
 20
2.0036
 10
13.2133
 20
1.9747
 10
13.2175
 20
1.9459
 10
13.2217
 20
1.9171
 10
13.2259
 20
1.8882
 10
13.23
 20
1.8594
 10
13.234
 20
1.8305
 10
13.238
 20
1.8016
 10
13.2419
 20
1.7727
 10
13.2457
 20
1.7438
 10
13.2495
 20
1.7149
 10
13.2532
 20
1.686
 10
13.2568
 20
1.6571
 10
13.2604
 20
1.6282
 10
13.2639
 20
1.5992
 10
13.2674
 20
1.5703
 10
13.2708
 20
1.5414
 10
13.2741
 20
1.5124
 10
13.2774
 20
1.4834
 10
13.2806
 20
1.4545
 10
13.2837
 20
1.4255
 10
13.2868
 20
1.3965
 10
13.2898
 20
1.3675
 10
13.2928
 20
1.3385
 10
13.2957
 20
1.3095
 10
13.2985
 20
1.2805
 10
13.3013
 20
1.2515
 10
13.304
 20
1.2225
 10
13.3066
 20
1.1934
 10
13.3092
 20
1.1644
 10
13.3117
 20
1.1354
 10
13.3141
 20
1.1063
 10
13.3165
 20
1.0773
 10
13.3188
 20
1.0482
 10
13.3211
 20
1.0192
 10
13.3233
 20
0.9901
 10
13.3254
 20
0.961
 10
13.3275
 20
0.9319
 10
13.3295
 20
0.9029
 10
13.3314
 20
0.8738
 10
13.3333
 20
0.8447
 10
13.3351
 20
0.8156
 10
13.3368
 20
0.7865
 10
13.3385
 20
0.7574
 10
13.3401
 20
0.7283
 10
13.3417
 20
0.6992
 10
13.3432
 20
0.6701
 10
13.3446
 20
0.641
 10
13.346
 20
0.6119
 10
13.3473
 20
0.5828
 10
13.3485
 20
0.5536
 10
13.3497
 20
0.5245
 10
13.3508
 20
0.4954
 10
13.3519
 20
0.4663
 10
13.3528
 20
0.4371
 10
13.3538
 20
0.408
 10
13.3546
 20
0.3789
 10
13.3554
 20
0.3497
 10
13.3562
 20
0.3206
 10
13.3568
 20
0.2914
 10
13.3574
 20
0.2623
 10
13.358
 20
0.2332
 10
13.3584
 20
0.204
 10
13.3589
 20
0.1749
 10
13.3592
 20
0.1457
 10
13.3595
 20
0.1166
 10
13.3597
 20
0.0874
 10
13.3599
 20
0.0583
 10
13.36
 20
0.0291
 10
13.36
 20
0.0
 10
13.36
 20
-0.0291
 10
13.3599
 20
-0.0583
 10
13.3597
 20
-0.0874
 10
13.3595
 20
-0.1166
 10
13.3592
 20
-0.1457
 10
13.3589
 20
-0.1749
 10
13.3584
 20
-0.204
 10
13.358
 20
-0.2332
 10
13.3574
 20
-0.2623
 10
13.3568
 20
-0.2914
 10
13.3562
 20
-0.3206
 10
13.3554
 20
-0.3497
  0
LWPOLYLINE
  5
B5
330
17
100
AcDbEntity
  8
ALTIN
100
AcDbPolyline
 90
88
 70
1
 10
-10.5182
 20
-7.3992
 10
-10.5343
 20
-7.3762
 10
-10.5504
 20
-7.3532
 10
-10.5664
 20
-7.3302
 10
-10.5823
 20
-7.3071
 10
-10.5983
 20
-7.284
 10
-10.6141
 20
-7.2608
 10
-10.6299
 20
-7.2377
 10
-10.6457
 20
-7.2145
 10
-10.6614
 20
-7.1912
 10
-10.6771
 20
-7.1679
 10
-10.6927
 20
-7.1446
 10
-10.7083
 20
-7.1213
 10
-10.7238
 20
-7.0979
 10
-10.7392
 20
-7.0745
 10
-10.7546
 20
-7.0511
 10
-10.77
 20
-7.0276
 10
-10.7853
 20
-7.0041
 10
-10.8006
 20
-6.9805
 10
-10.8158
 20
-6.9569
 10
-10.8309
 20
-6.9333
 10
-10.846
 20
-6.9097
 10
-10.8611
 20
-6.886
 10
-10.8761
 20
-6.8623
 10
-10.891
 20
-6.8385
 10
-10.9059
 20
-6.8148
 10
-10.9207
 20
-6.791
 10
-10.9355
 20
-6.7671
 10
-10.9503
 20
-6.7432
 10
-10.965
 20
-6.7193
 10
-10.9796
 20
-6.6954
 10
-10.9942
 20
-6.6714
 10
-11.0087
 20
-6.6474
 10
-11.0232
 20
-6.6234
 10
-11.0376
 20
-6.5993
 10
-11.052
 20
-6.5752
 10
-11.0663
 20
-6.5511
 10
-11.0806
 20
-6.5269
 10
-11.0817
 20
-6.525
 10
-11.4108
 20
-6.715
 10
-11.408
 20
-6.7198
 10
-11.3933
 20
-6.7447
 10
-11.3785
 20
-6.7695
 10
-11.3637
 20
-6.7943
 10
-11.3489
 20
-6.8191
 10
-11.334
 20
-6.8438
 10
-11.319
 20
-6.8686
 10
-11.304
 20
-6.8932
 10
-11.289
 20
-6.9179
 10
-11.2738
 20
-6.9425
 10
-11.2587
 20
-6.9671
 10
-11.2434
 20
-6.9916
 10
-11.2282
 20
-7.0161
 10
-11.2128
 20
-7.0406
 10
-11.1974
 20
-7.0651
 10
-11.182
 20
-7.0895
 10
-11.1665
 20
-7.1138
 10
-11.151
 20
-7.1382
 10
-11.1354
 20
-7.1625
 10
-11.1197
 20
-7.1868
 10
-11.104
 20
-7.211
 10
-11.0882
 20
-7.2352
 10
-11.0724
 20
-7.2594
 10
-11.0566
 20
-7.2835
 10
-11.0406
 20
-7.3076
 10
-11.0247
 20
-7.3317
 10
-11.0087
 20
-7.3557
 10
-10.9926
 20
-7.3797
 10
-10.9765
 20
-7.4037
 10
-10.9603
 20
-7.4276
 10
-10.944
 20
-7.4515
 10
-10.9278
 20
-7.4754
 10
-10.9114
 20
-7.4992
 10
-10.895
 20
-7.523
 10
-10.8786
 20
-7.5468
 10
-10.8621
 20
-7.5705
 10
-10.8456
 20
-7.5942
 10
-10.829
 20
-7.6178
 10
-10.8123
 20
-7.6414
 10
-10.7956
 20
-7.665
 10
-10.7789
 20
-7.6885
 10
-10.7621
 20
-7.712
 10
-10.7465
 20
-7.7337
 10
-10.4391
 20
-7.5103
 10
-10.4532
 20
-7.4907
 10
-10.4695
 20
-7.4678
 10
-10.4858
 20
-7.445
 10
-10.502
 20
-7.4221
  0
LWPOLYLINE
  5
B6
330
17
100
AcDbEntity
  8
ALTIN
100
AcDbPolyline
 90
90
 70
1
 10
-10.5913
 20
-7.9449
 10
-10.5739
 20
-7.968
 10
-10.5565
 20
-7.9911
 10
-10.5391
 20
-8.0141
 10
-10.5216
 20
-8.0371
 10
-10.504
 20
-8.06
 10
-10.4864
 20
-8.0829
 10
-10.4687
 20
-8.1058
 10
-10.451
 20
-8.1286
 10
-10.4333
 20
-8.1514
 10
-10.4155
 20
-8.1741
 10
-10.3976
 20
-8.1968
 10
-10.3797
 20
-8.2195
 10
-10.3617
 20
-8.2421
 10
-10.3437
 20
-8.2647
 10
-10.3257
 20
-8.2872
 10
-10.3076
 20
-8.3097
 10
-10.2894
 20
-8.3322
 10
-10.2712
 20
-8.3546
 10
-10.253
 20
-8.377
 10
-10.2347
 20
-8.3994
 10
-10.2163
 20
-8.4217
 10
-10.1979
 20
-8.4439
 10
-10.1795
 20
-8.4662
 10
-10.161
 20
-8.4884
 10
-10.1424
 20
-8.5105
 10
-10.1238
 20
-8.5326
 10
-10.1052
 20
-8.5547
 10
-10.0865
 20
-8.5767
 10
-10.0678
 20
-8.5987
 10
-10.049
 20
-8.6206
 10
-10.0302
 20
-8.6425
 10
-10.0113
 20
-8.6644
 10
-9.9924
 20
-8.6862
 10
-9.9734
 20
-8.708
 10
-9.9544
 20
-8.7297
 10
-9.9353
 20
-8.7514
 10
-9.9162
 20
-8.7731
 10
-9.897
 20
-8.7947
 10
-9.8793
 20
-8.8146
 10
-9.5969
 20
-8.5603
 10
-9.613
 20
-8.5423
 10
-9.6316
 20
-8.5213
 10
-9.6501
 20
-8.5003
 10
-9.6687
 20
-8.4792
 10
-9.6871
 20
-8.4581
 10
-9.7056
 20
-8.4369
 10
-9.7239
 20
-8.4157
 10
-9.7423
 20
-8.3945
 10
-9.7606
 20
-8.3732
 10
-9.7788
 20
-8.3519
 10
-9.797
 20
-8.3305
 10
-9.8152
 20
-8.3092
 10
-9.8333
 20
-8.2877
 10
-9.8513
 20
-8.2662
 10
-9.8693
 20
-8.2447
 10
-9.8873
 20
-8.2232
 10
-9.9052
 20
-8.2016
 10
-9.9231
 20
-8.18
 10
-9.9409
 20
-8.1583
 10
-9.9587
 20
-8.1366
 10
-9.9764
 20
-8.1148
 10
-9.9941
 20
-8.0931
 10
-10.0117
 20
-8.0712
 10
-10.0293
 20
-8.0494
 10
-10.0469
 20
-8.0275
 10
-10.0643
 20
-8.0055
 10
-10.0818
 20
-7.9836
 10
-10.0992
 20
-7.9615
 10
-10.1165
 20
-7.9395
 10
-10.1338
 20
-7.9174
 10
-10.1511
 20
-7.8953
 10
-10.1683
 20
-7.8731
 10
-10.1854
 20
-7.8509
 10
-10.2025
 20
-7.8287
 10
-10.2196
 20
-7.8064
 10
-10.2366
 20
-7.7841
 10
-10.2535
 20
-7.7617
 10
-10.2705
 20
-7.7393
 10
-10.2873
 20
-7.7169
 10
-10.3041
 20
-7.6945
 10
-10.3209
 20
-7.672
 10
-10.3376
 20
-7.6494
 10
-10.3543
 20
-7.6268
 10
-10.3686
 20
-7.6074
 10
-10.676
 20
-7.8307
 10
-10.6602
 20
-7.8522
 10
-10.6431
 20
-7.8755
 10
-10.6259
 20
-7.8987
 10
-10.6086
 20
-7.9218
  0
LWPOLYLINE
  5
B7
330
17
100
AcDbEntity
  8
ALTIN
100
AcDbPolyline
 90
88
 70
1
 10
-11.2476
 20
-6.2347
 10
-11.2612
 20
-6.2101
 10
-11.2747
 20
-6.1855
 10
-11.2882
 20
-6.1609
 10
-11.3016
 20
-6.1363
 10
-11.3149
 20
-6.1116
 10
-11.3283
 20
-6.0869
 10
-11.3415
 20
-6.0622
 10
-11.3547
 20
-6.0374
 10
-11.3679
 20
-6.0126
 10
-11.3809
 20
-5.9878
 10
-11.394
 20
-5.963
 10
-11.407
 20
-5.9381
 10
-11.4199
 20
-5.9132
 10
-11.4328
 20
-5.8883
 10
-11.4456
 20
-5.8633
 10
-11.4583
 20
-5.8383
 10
-11.4711
 20
-5.8133
 10
-11.4837
 20
-5.7883
 10
-11.4963
 20
-5.7632
 10
-11.5089
 20
-5.7381
 10
-11.5213
 20
-5.713
 10
-11.5338
 20
-5.6878
 10
-11.5462
 20
-5.6627
 10
-11.5585
 20
-5.6375
 10
-11.5708
 20
-5.6122
 10
-11.583
 20
-5.587
 10
-11.5951
 20
-5.5617
 10
-11.6072
 20
-5.5364
 10
-11.6193
 20
-5.511
 10
-11.6313
 20
-5.4857
 10
-11.6432
 20
-5.4603
 10
-11.6551
 20
-5.4349
 10
-11.6669
 20
-5.4094
 10
-11.6787
 20
-5.384
 10
-11.6904
 20
-5.3585
 10
-11.7021
 20
-5.333
 10
-11.7137
 20
-5.3074
 10
-11.7237
 20
-5.2854
 10
-12.0708
 20
-5.4399
 10
-12.0598
 20
-5.4642
 10
-12.0479
 20
-5.4905
 10
-12.0359
 20
-5.5168
 10
-12.0238
 20
-5.5431
 10
-12.0117
 20
-5.5693
 10
-11.9995
 20
-5.5955
 10
-11.9873
 20
-5.6216
 10
-11.975
 20
-5.6478
 10
-11.9626
 20
-5.6739
 10
-11.9502
 20
-5.7
 10
-11.9378
 20
-5.726
 10
-11.9252
 20
-5.7521
 10
-11.9127
 20
-5.7781
 10
-11.9
 20
-5.804
 10
-11.8873
 20
-5.83
 10
-11.8746
 20
-5.8559
 10
-11.8618
 20
-5.8818
 10
-11.8489
 20
-5.9077
 10
-11.836
 20
-5.9335
 10
-11.823
 20
-5.9593
 10
-11.81
 20
-5.9851
 10
-11.7969
 20
-6.0108
 10
-11.7838
 20
-6.0366
 10
-11.7706
 20
-6.0623
 10
-11.7573
 20
-6.0879
 10
-11.744
 20
-6.1136
 10
-11.7307
 20
-6.1392
 10
-11.7172
 20
-6.1647
 10
-11.7038
 20
-6.1903
 10
-11.6902
 20
-6.2158
 10
-11.6766
 20
-6.2413
 10
-11.663
 20
-6.2668
 10
-11.6493
 20
-6.2922
 10
-11.6355
 20
-6.3176
 10
-11.6217
 20
-6.343
 10
-11.6079
 20
-6.3683
 10
-11.5939
 20
-6.3936
 10
-11.58
 20
-6.4189
 10
-11.5659
 20
-6.4441
 10
-11.5518
 20
-6.4693
 10
-11.5377
 20
-6.4945
 10
-11.5235
 20
-6.5197
 10
-11.5208
 20
-6.5245
 10
-11.1917
 20
-6.3345
 10
-11.1928
 20
-6.3326
 10
-11.2066
 20
-6.3081
 10
-11.2203
 20
-6.2837
 10
-11.234
 20
-6.2592
  0
LWPOLYLINE
  5
B8
330
17
100
AcDbEntity
  8
ALTIN
100
AcDbPolyline
 90
90
 70
1
 10
-11.8267
 20
-5.0506
 10
-11.8377
 20
-5.0248
 10
-11.8486
 20
-4.999
 10
-11.8595
 20
-4.9731
 10
-11.8703
 20
-4.9472
 10
-11.8811
 20
-4.9213
 10
-11.8918
 20
-4.8954
 10
-11.9025
 20
-4.8694
 10
-11.913
 20
-4.8434
 10
-11.9236
 20
-4.8174
 10
-11.9341
 20
-4.7914
 10
-11.9445
 20
-4.7654
 10
-11.9549
 20
-4.7393
 10
-11.9652
 20
-4.7132
 10
-11.9754
 20
-4.6871
 10
-11.9856
 20
-4.661
 10
-11.9958
 20
-4.6348
 10
-12.0058
 20
-4.6086
 10
-12.0159
 20
-4.5824
 10
-12.0258
 20
-4.5562
 10
-12.0358
 20
-4.5299
 10
-12.0456
 20
-4.5037
 10
-12.0554
 20
-4.4774
 10
-12.0651
 20
-4.4511
 10
-12.0748
 20
-4.4247
 10
-12.0844
 20
-4.3984
 10
-12.094
 20
-4.372
 10
-12.1035
 20
-4.3456
 10
-12.113
 20
-4.3192
 10
-12.1224
 20
-4.2928
 10
-12.1317
 20
-4.2663
 10
-12.141
 20
-4.2398
 10
-12.1502
 20
-4.2133
 10
-12.1594
 20
-4.1868
 10
-12.1685
 20
-4.1603
 10
-12.1775
 20
-4.1337
 10
-12.1865
 20
-4.1071
 10
-12.1954
 20
-4.0805
 10
-12.2043
 20
-4.0539
 10
-12.2119
 20
-4.031
 10
-12.5733
 20
-4.1484
 10
-12.5649
 20
-4.1737
 10
-12.5558
 20
-4.2011
 10
-12.5466
 20
-4.2285
 10
-12.5374
 20
-4.2559
 10
-12.528
 20
-4.2832
 10
-12.5187
 20
-4.3105
 10
-12.5092
 20
-4.3378
 10
-12.4997
 20
-4.3651
 10
-12.4902
 20
-4.3924
 10
-12.4806
 20
-4.4196
 10
-12.4709
 20
-4.4468
 10
-12.4612
 20
-4.474
 10
-12.4514
 20
-4.5012
 10
-12.4415
 20
-4.5283
 10
-12.4316
 20
-4.5555
 10
-12.4217
 20
-4.5826
 10
-12.4116
 20
-4.6097
 10
-12.4015
 20
-4.6367
 10
-12.3914
 20
-4.6638
 10
-12.3812
 20
-4.6908
 10
-12.3709
 20
-4.7178
 10
-12.3606
 20
-4.7448
 10
-12.3502
 20
-4.7717
 10
-12.3398
 20
-4.7987
 10
-12.3293
 20
-4.8256
 10
-12.3187
 20
-4.8525
 10
-12.3081
 20
-4.8793
 10
-12.2974
 20
-4.9062
 10
-12.2867
 20
-4.933
 10
-12.2759
 20
-4.9598
 10
-12.2651
 20
-4.9866
 10
-12.2542
 20
-5.0133
 10
-12.2432
 20
-5.04
 10
-12.2322
 20
-5.0667
 10
-12.2211
 20
-5.0934
 10
-12.2099
 20
-5.1201
 10
-12.1987
 20
-5.1467
 10
-12.1875
 20
-5.1733
 10
-12.1762
 20
-5.1999
 10
-12.1648
 20
-5.2264
 10
-12.1534
 20
-5.2529
 10
-12.1419
 20
-5.2794
 10
-12.1303
 20
-5.3059
 10
-12.1196
 20
-5.3303
 10
-11.7725
 20
-5.1758
 10
-11.7822
 20
-5.1536
 10
-11.7934
 20
-5.1279
 10
-11.8046
 20
-5.1022
 10
-11.8157
 20
-5.0764
  0
LWPOLYLINE
  5
B9
330
17
100
AcDbEntity
  8
ALTIN
100
AcDbPolyline
 90
90
 70
1
 10
-12.2898
 20
-3.7867
 10
-12.2981
 20
-3.7599
 10
-12.3063
 20
-3.7331
 10
-12.3144
 20
-3.7062
 10
-12.3224
 20
-3.6793
 10
-12.3304
 20
-3.6524
 10
-12.3384
 20
-3.6255
 10
-12.3462
 20
-3.5986
 10
-12.3541
 20
-3.5717
 10
-12.3618
 20
-3.5447
 10
-12.3695
 20
-3.5177
 10
-12.3772
 20
-3.4907
 10
-12.3848
 20
-3.4637
 10
-12.3923
 20
-3.4367
 10
-12.3998
 20
-3.4096
 10
-12.4072
 20
-3.3826
 10
-12.4145
 20
-3.3555
 10
-12.4218
 20
-3.3284
 10
-12.429
 20
-3.3013
 10
-12.4362
 20
-3.2742
 10
-12.4433
 20
-3.247
 10
-12.4504
 20
-3.2199
 10
-12.4574
 20
-3.1927
 10
-12.4643
 20
-3.1655
 10
-12.4712
 20
-3.1383
 10
-12.478
 20
-3.1111
 10
-12.4848
 20
-3.0839
 10
-12.4915
 20
-3.0566
 10
-12.4981
 20
-3.0294
 10
-12.5047
 20
-3.0021
 10
-12.5112
 20
-2.9748
 10
-12.5177
 20
-2.9475
 10
-12.5241
 20
-2.9202
 10
-12.5304
 20
-2.8929
 10
-12.5367
 20
-2.8655
 10
-12.5429
 20
-2.8382
 10
-12.5491
 20
-2.8108
 10
-12.5552
 20
-2.7834
 10
-12.5612
 20
-2.756
 10
-12.5664
 20
-2.7324
 10
-12.9381
 20
-2.8114
 10
-12.9324
 20
-2.8375
 10
-12.9262
 20
-2.8657
 10
-12.9199
 20
-2.8939
 10
-12.9135
 20
-2.922
 10
-12.9071
 20
-2.9502
 10
-12.9007
 20
-2.9784
 10
-12.8941
 20
-3.0065
 10
-12.8875
 20
-3.0346
 10
-12.8809
 20
-3.0627
 10
-12.8742
 20
-3.0908
 10
-12.8674
 20
-3.1189
 10
-12.8606
 20
-3.147
 10
-12.8537
 20
-3.175
 10
-12.8467
 20
-3.203
 10
-12.8397
 20
-3.2311
 10
-12.8326
 20
-3.2591
 10
-12.8255
 20
-3.2871
 10
-12.8183
 20
-3.315
 10
-12.811
 20
-3.343
 10
-12.8037
 20
-3.3709
 10
-12.7963
 20
-3.3989
 10
-12.7889
 20
-3.4268
 10
-12.7814
 20
-3.4547
 10
-12.7738
 20
-3.4825
 10
-12.7662
 20
-3.5104
 10
-12.7585
 20
-3.5382
 10
-12.7507
 20
-3.5661
 10
-12.7429
 20
-3.5939
 10
-12.735
 20
-3.6217
 10
-12.7271
 20
-3.6494
 10
-12.7191
 20
-3.6772
 10
-12.7111
 20
-3.7049
 10
-12.7029
 20
-3.7327
 10
-12.6948
 20
-3.7604
 10
-12.6865
 20
-3.788
 10
-12.6782
 20
-3.8157
 10
-12.6699
 20
-3.8434
 10
-12.6615
 20
-3.871
 10
-12.653
 20
-3.8986
 10
-12.6445
 20
-3.9262
 10
-12.6359
 20
-3.9538
 10
-12.6272
 20
-3.9813
 10
-12.6185
 20
-4.0089
 10
-12.6104
 20
-4.0343
 10
-12.249
 20
-3.9169
 10
-12.2563
 20
-3.8938
 10
-12.2648
 20
-3.8671
 10
-12.2732
 20
-3.8403
 10
-12.2816
 20
-3.8135
  0
LWPOLYLINE
  5
BA
330
17
100
AcDbEntity
  8
ALTIN
100
AcDbPolyline
 90
90
 70
1
 10
-12.6183
 20
-2.4813
 10
-12.6237
 20
-2.4538
 10
-12.629
 20
-2.4263
 10
-12.6343
 20
-2.3987
 10
-12.6395
 20
-2.3711
 10
-12.6447
 20
-2.3435
 10
-12.6497
 20
-2.316
 10
-12.6548
 20
-2.2884
 10
-12.6597
 20
-2.2607
 10
-12.6646
 20
-2.2331
 10
-12.6695
 20
-2.2055
 10
-12.6743
 20
-2.1778
 10
-12.679
 20
-2.1502
 10
-12.6836
 20
-2.1225
 10
-12.6882
 20
-2.0948
 10
-12.6928
 20
-2.0671
 10
-12.6973
 20
-2.0395
 10
-12.7017
 20
-2.0117
 10
-12.706
 20
-1.984
 10
-12.7103
 20
-1.9563
 10
-12.7146
 20
-1.9286
 10
-12.7187
 20
-1.9008
 10
-12.7229
 20
-1.8731
 10
-12.7269
 20
-1.8453
 10
-12.7309
 20
-1.8175
 10
-12.7348
 20
-1.7898
 10
-12.7387
 20
-1.762
 10
-12.7425
 20
-1.7342
 10
-12.7463
 20
-1.7064
 10
-12.75
 20
-1.6786
 10
-12.7536
 20
-1.6507
 10
-12.7572
 20
-1.6229
 10
-12.7607
 20
-1.5951
 10
-12.7641
 20
-1.5672
 10
-12.7675
 20
-1.5394
 10
-12.7709
 20
-1.5115
 10
-12.7741
 20
-1.4837
 10
-12.7773
 20
-1.4558
 10
-12.7805
 20
-1.4279
 10
-12.7831
 20
-1.4039
 10
-13.1611
 20
-1.4436
 10
-13.1581
 20
-1.4701
 10
-13.1549
 20
-1.4988
 10
-13.1516
 20
-1.5275
 10
-13.1482
 20
-1.5562
 10
-13.1448
 20
-1.5849
 10
-13.1413
 20
-1.6136
 10
-13.1378
 20
-1.6422
 10
-13.1341
 20
-1.6709
 10
-13.1305
 20
-1.6995
 10
-13.1267
 20
-1.7282
 10
-13.1229
 20
-1.7568
 10
-13.1191
 20
-1.7854
 10
-13.1151
 20
-1.814
 10
-13.1111
 20
-1.8427
 10
-13.1071
 20
-1.8713
 10
-13.103
 20
-1.8998
 10
-13.0988
 20
-1.9284
 10
-13.0946
 20
-1.957
 10
-13.0903
 20
-1.9856
 10
-13.0859
 20
-2.0141
 10
-13.0815
 20
-2.0427
 10
-13.077
 20
-2.0712
 10
-13.0724
 20
-2.0997
 10
-13.0678
 20
-2.1282
 10
-13.0632
 20
-2.1567
 10
-13.0584
 20
-2.1852
 10
-13.0536
 20
-2.2137
 10
-13.0488
 20
-2.2422
 10
-13.0438
 20
-2.2707
 10
-13.0389
 20
-2.2991
 10
-13.0338
 20
-2.3275
 10
-13.0287
 20
-2.356
 10
-13.0235
 20
-2.3844
 10
-13.0183
 20
-2.4128
 10
-13.013
 20
-2.4412
 10
-13.0076
 20
-2.4696
 10
-13.0022
 20
-2.498
 10
-12.9967
 20
-2.5263
 10
-12.9912
 20
-2.5547
 10
-12.9856
 20
-2.583
 10
-12.9799
 20
-2.6113
 10
-12.9742
 20
-2.6396
 10
-12.9684
 20
-2.6679
 10
-12.963
 20
-2.694
 10
-12.5913
 20
-2.615
 10
-12.5962
 20
-2.5914
 10
-12.6018
 20
-2.5639
 10
-12.6074
 20
-2.5364
 10
-12.6129
 20
-2.5089
  0
LWPOLYLINE
  5
BB
330
17
100
AcDbEntity
  8
ALTIN
100
AcDbPolyline
 90
88
 70
1
 10
-12.8086
 20
-1.1488
 10
-12.8111
 20
-1.1208
 10
-12.8135
 20
-1.0929
 10
-12.8158
 20
-1.0649
 10
-12.8181
 20
-1.037
 10
-12.8204
 20
-1.009
 10
-12.8225
 20
-0.981
 10
-12.8246
 20
-0.953
 10
-12.8267
 20
-0.9251
 10
-12.8287
 20
-0.8971
 10
-12.8306
 20
-0.8691
 10
-12.8325
 20
-0.8411
 10
-12.8343
 20
-0.8131
 10
-12.836
 20
-0.7851
 10
-12.8377
 20
-0.7571
 10
-12.8393
 20
-0.7291
 10
-12.8409
 20
-0.7011
 10
-12.8424
 20
-0.673
 10
-12.8438
 20
-0.645
 10
-12.8452
 20
-0.617
 10
-12.8465
 20
-0.589
 10
-12.8478
 20
-0.5609
 10
-12.849
 20
-0.5329
 10
-12.8501
 20
-0.5049
 10
-12.8512
 20
-0.4768
 10
-12.8522
 20
-0.4488
 10
-12.8531
 20
-0.4208
 10
-12.854
 20
-0.3927
 10
-12.8548
 20
-0.3647
 10
-12.8556
 20
-0.3366
 10
-12.8563
 20
-0.3086
 10
-12.8569
 20
-0.2805
 10
-12.8575
 20
-0.2525
 10
-12.858
 20
-0.2244
 10
-12.8585
 20
-0.1964
 10
-12.8589
 20
-0.1683
 10
-12.8592
 20
-0.1403
 10
-12.8595
 20
-0.1122
 10
-12.8595
 20
-0.11
 10
-13.2395
 20
-0.11
 10
-13.2395
 20
-0.1155
 10
-13.2392
 20
-0.1444
 10
-13.2389
 20
-0.1733
 10
-13.2385
 20
-0.2022
 10
-13.238
 20
-0.2311
 10
-13.2374
 20
-0.26
 10
-13.2368
 20
-0.2888
 10
-13.2362
 20
-0.3177
 10
-13.2355
 20
-0.3466
 10
-13.2347
 20
-0.3755
 10
-13.2338
 20
-0.4043
 10
-13.2329
 20
-0.4332
 10
-13.2319
 20
-0.4621
 10
-13.2309
 20
-0.4909
 10
-13.2298
 20
-0.5198
 10
-13.2286
 20
-0.5487
 10
-13.2274
 20
-0.5775
 10
-13.2261
 20
-0.6064
 10
-13.2248
 20
-0.6352
 10
-13.2233
 20
-0.6641
 10
-13.2219
 20
-0.6929
 10
-13.2203
 20
-0.7218
 10
-13.2187
 20
-0.7506
 10
-13.217
 20
-0.7794
 10
-13.2153
 20
-0.8083
 10
-13.2135
 20
-0.8371
 10
-13.2117
 20
-0.8659
 10
-13.2097
 20
-0.8948
 10
-13.2077
 20
-0.9236
 10
-13.2057
 20
-0.9524
 10
-13.2036
 20
-0.9812
 10
-13.2014
 20
-1.01
 10
-13.1992
 20
-1.0388
 10
-13.1969
 20
-1.0676
 10
-13.1945
 20
-1.0964
 10
-13.1921
 20
-1.1252
 10
-13.1896
 20
-1.1539
 10
-13.1871
 20
-1.1827
 10
-13.1845
 20
-1.2115
 10
-13.1818
 20
-1.2402
 10
-13.179
 20
-1.269
 10
-13.1762
 20
-1.2977
 10
-13.1736
 20
-1.3243
 10
-12.7957
 20
-1.2845
 10
-12.7981
 20
-1.2605
 10
-12.8008
 20
-1.2326
 10
-12.8035
 20
-1.2046
 10
-12.8061
 20
-1.1767
  0
LWPOLYLINE
  5
BC
330
17
100
AcDbEntity
  8
ALTIN
100
AcDbPolyline
 90
88
 70
1
 10
-12.858
 20
0.2244
 10
-12.8575
 20
0.2525
 10
-12.8569
 20
0.2805
 10
-12.8563
 20
0.3086
 10
-12.8556
 20
0.3366
 10
-12.8548
 20
0.3647
 10
-12.854
 20
0.3927
 10
-12.8531
 20
0.4208
 10
-12.8522
 20
0.4488
 10
-12.8512
 20
0.4768
 10
-12.8501
 20
0.5049
 10
-12.849
 20
0.5329
 10
-12.8478
 20
0.5609
 10
-12.8465
 20
0.589
 10
-12.8452
 20
0.617
 10
-12.8438
 20
0.645
 10
-12.8424
 20
0.673
 10
-12.8409
 20
0.7011
 10
-12.8393
 20
0.7291
 10
-12.8377
 20
0.7571
 10
-12.836
 20
0.7851
 10
-12.8343
 20
0.8131
 10
-12.8325
 20
0.8411
 10
-12.8306
 20
0.8691
 10
-12.8287
 20
0.8971
 10
-12.8267
 20
0.9251
 10
-12.8246
 20
0.953
 10
-12.8225
 20
0.981
 10
-12.8204
 20
1.009
 10
-12.8181
 20
1.037
 10
-12.8158
 20
1.0649
 10
-12.8135
 20
1.0929
 10
-12.8111
 20
1.1208
 10
-12.8086
 20
1.1488
 10
-12.8061
 20
1.1767
 10
-12.8035
 20
1.2046
 10
-12.8008
 20
1.2326
 10
-12.7981
 20
1.2605
 10
-12.7957
 20
1.2845
 10
-13.1736
 20
1.3243
 10
-13.1762
 20
1.2977
 10
-13.179
 20
1.269
 10
-13.1818
 20
1.2402
 10
-13.1845
 20
1.2115
 10
-13.1871
 20
1.1827
 10
-13.1896
 20
1.1539
 10
-13.1921
 20
1.1252
 10
-13.1945
 20
1.0964
 10
-13.1969
 20
1.0676
 10
-13.1992
 20
1.0388
 10
-13.2014
 20
1.01
 10
-13.2036
 20
0.9812
 10
-13.2057
 20
0.9524
 10
-13.2077
 20
0.9236
 10
-13.2097
 20
0.8948
 10
-13.2117
 20
0.8659
 10
-13.2135
 20
0.8371
 10
-13.2153
 20
0.8083
 10
-13.217
 20
0.7794
 10
-13.2187
 20
0.7506
 10
-13.2203
 20
0.7218
 10
-13.2219
 20
0.6929
 10
-13.2233
 20
0.6641
 10
-13.2248
 20
0.6352
 10
-13.2261
 20
0.6064
 10
-13.2274
 20
0.5775
 10
-13.2286
 20
0.5487
 10
-13.2298
 20
0.5198
 10
-13.2309
 20
0.4909
 10
-13.2319
 20
0.4621
 10
-13.2329
 20
0.4332
 10
-13.2338
 20
0.4043
 10
-13.2347
 20
0.3755
 10
-13.2355
 20
0.3466
 10
-13.2362
 20
0.3177
 10
-13.2368
 20
0.2888
 10
-13.2374
 20
0.26
 10
-13.238
 20
0.2311
 10
-13.2385
 20
0.2022
 10
-13.2389
 20
0.1733
 10
-13.2392
 20
0.1444
 10
-13.2395
 20
0.1155
 10
-13.2395
 20
0.11
 10
-12.8595
 20
0.11
 10
-12.8595
 20
0.1122
 10
-12.8592
 20
0.1403
 10
-12.8589
 20
0.1683
 10
-12.8585
 20
0.1964
  0
LWPOLYLINE
  5
BD
330
17
100
AcDbEntity
  8
ALTIN
100
AcDbPolyline
 90
90
 70
1
 10
-12.7675
 20
1.5394
 10
-12.7641
 20
1.5672
 10
-12.7607
 20
1.5951
 10
-12.7572
 20
1.6229
 10
-12.7536
 20
1.6507
 10
-12.75
 20
1.6786
 10
-12.7463
 20
1.7064
 10
-12.7425
 20
1.7342
 10
-12.7387
 20
1.762
 10
-12.7348
 20
1.7898
 10
-12.7309
 20
1.8175
 10
-12.7269
 20
1.8453
 10
-12.7229
 20
1.8731
 10
-12.7187
 20
1.9008
 10
-12.7146
 20
1.9286
 10
-12.7103
 20
1.9563
 10
-12.706
 20
1.984
 10
-12.7017
 20
2.0117
 10
-12.6973
 20
2.0395
 10
-12.6928
 20
2.0671
 10
-12.6882
 20
2.0948
 10
-12.6836
 20
2.1225
 10
-12.679
 20
2.1502
 10
-12.6743
 20
2.1778
 10
-12.6695
 20
2.2055
 10
-12.6646
 20
2.2331
 10
-12.6597
 20
2.2607
 10
-12.6548
 20
2.2884
 10
-12.6497
 20
2.316
 10
-12.6447
 20
2.3435
 10
-12.6395
 20
2.3711
 10
-12.6343
 20
2.3987
 10
-12.629
 20
2.4263
 10
-12.6237
 20
2.4538
 10
-12.6183
 20
2.4813
 10
-12.6129
 20
2.5089
 10
-12.6074
 20
2.5364
 10
-12.6018
 20
2.5639
 10
-12.5962
 20
2.5914
 10
-12.5913
 20
2.615
 10
-12.963
 20
2.694
 10
-12.9684
 20
2.6679
 10
-12.9742
 20
2.6396
 10
-12.9799
 20
2.6113
 10
-12.9856
 20
2.583
 10
-12.9912
 20
2.5547
 10
-12.9967
 20
2.5263
 10
-13.0022
 20
2.498
 10
-13.0076
 20
2.4696
 10
-13.013
 20
2.4412
 10
-13.0183
 20
2.4128
 10
-13.0235
 20
2.3844
 10
-13.0287
 20
2.356
 10
-13.0338
 20
2.3275
 10
-13.0389
 20
2.2991
 10
-13.0438
 20
2.2707
 10
-13.0488
 20
2.2422
 10
-13.0536
 20
2.2137
 10
-13.0584
 20
2.1852
 10
-13.0632
 20
2.1567
 10
-13.0678
 20
2.1282
 10
-13.0724
 20
2.0997
 10
-13.077
 20
2.0712
 10
-13.0815
 20
2.0427
 10
-13.0859
 20
2.0141
 10
-13.0903
 20
1.9856
 10
-13.0946
 20
1.957
 10
-13.0988
 20
1.9284
 10
-13.103
 20
1.8998
 10
-13.1071
 20
1.8713
 10
-13.1111
 20
1.8427
 10
-13.1151
 20
1.814
 10
-13.1191
 20
1.7854
 10
-13.1229
 20
1.7568
 10
-13.1267
 20
1.7282
 10
-13.1305
 20
1.6995
 10
-13.1341
 20
1.6709
 10
-13.1378
 20
1.6422
 10
-13.1413
 20
1.6136
 10
-13.1448
 20
1.5849
 10
-13.1482
 20
1.5562
 10
-13.1516
 20
1.5275
 10
-13.1549
 20
1.4988
 10
-13.1581
 20
1.4701
 10
-13.1611
 20
1.4436
 10
-12.7831
 20
1.4039
 10
-12.7805
 20
1.4279
 10
-12.7773
 20
1.4558
 10
-12.7741
 20
1.4837
 10
-12.7709
 20
1.5115
  0
LWPOLYLINE
  5
BE
330
17
100
AcDbEntity
  8
ALTIN
100
AcDbPolyline
 90
90
 70
1
 10
-12.5367
 20
2.8655
 10
-12.5304
 20
2.8929
 10
-12.5241
 20
2.9202
 10
-12.5177
 20
2.9475
 10
-12.5112
 20
2.9748
 10
-12.5047
 20
3.0021
 10
-12.4981
 20
3.0294
 10
-12.4915
 20
3.0566
 10
-12.4848
 20
3.0839
 10
-12.478
 20
3.1111
 10
-12.4712
 20
3.1383
 10
-12.4643
 20
3.1655
 10
-12.4574
 20
3.1927
 10
-12.4504
 20
3.2199
 10
-12.4433
 20
3.247
 10
-12.4362
 20
3.2742
 10
-12.429
 20
3.3013
 10
-12.4218
 20
3.3284
 10
-12.4145
 20
3.3555
 10
-12.4072
 20
3.3826
 10
-12.3998
 20
3.4096
 10
-12.3923
 20
3.4367
 10
-12.3848
 20
3.4637
 10
-12.3772
 20
3.4907
 10
-12.3695
 20
3.5177
 10
-12.3618
 20
3.5447
 10
-12.3541
 20
3.5717
 10
-12.3462
 20
3.5986
 10
-12.3384
 20
3.6255
 10
-12.3304
 20
3.6524
 10
-12.3224
 20
3.6793
 10
-12.3144
 20
3.7062
 10
-12.3063
 20
3.7331
 10
-12.2981
 20
3.7599
 10
-12.2898
 20
3.7867
 10
-12.2816
 20
3.8135
 10
-12.2732
 20
3.8403
 10
-12.2648
 20
3.8671
 10
-12.2563
 20
3.8938
 10
-12.249
 20
3.9169
 10
-12.6104
 20
4.0343
 10
-12.6185
 20
4.0089
 10
-12.6272
 20
3.9813
 10
-12.6359
 20
3.9538
 10
-12.6445
 20
3.9262
 10
-12.653
 20
3.8986
 10
-12.6615
 20
3.871
 10
-12.6699
 20
3.8434
 10
-12.6782
 20
3.8157
 10
-12.6865
 20
3.788
 10
-12.6948
 20
3.7604
 10
-12.7029
 20
3.7327
 10
-12.7111
 20
3.7049
 10
-12.7191
 20
3.6772
 10
-12.7271
 20
3.6494
 10
-12.735
 20
3.6217
 10
-12.7429
 20
3.5939
 10
-12.7507
 20
3.5661
 10
-12.7585
 20
3.5382
 10
-12.7662
 20
3.5104
 10
-12.7738
 20
3.4825
 10
-12.7814
 20
3.4547
 10
-12.7889
 20
3.4268
 10
-12.7963
 20
3.3989
 10
-12.8037
 20
3.3709
 10
-12.811
 20
3.343
 10
-12.8183
 20
3.315
 10
-12.8255
 20
3.2871
 10
-12.8326
 20
3.2591
 10
-12.8397
 20
3.2311
 10
-12.8467
 20
3.203
 10
-12.8537
 20
3.175
 10
-12.8606
 20
3.147
 10
-12.8674
 20
3.1189
 10
-12.8742
 20
3.0908
 10
-12.8809
 20
3.0627
 10
-12.8875
 20
3.0346
 10
-12.8941
 20
3.0065
 10
-12.9007
 20
2.9784
 10
-12.9071
 20
2.9502
 10
-12.9135
 20
2.922
 10
-12.9199
 20
2.8939
 10
-12.9262
 20
2.8657
 10
-12.9324
 20
2.8375
 10
-12.9381
 20
2.8114
 10
-12.5664
 20
2.7324
 10
-12.5612
 20
2.756
 10
-12.5552
 20
2.7834
 10
-12.5491
 20
2.8108
 10
-12.5429
 20
2.8382
  0
LWPOLYLINE
  5
BF
330
17
100
AcDbEntity
  8
ALTIN
100
AcDbPolyline
 90
90
 70
1
 10
-12.1685
 20
4.1603
 10
-12.1594
 20
4.1868
 10
-12.1502
 20
4.2133
 10
-12.141
 20
4.2398
 10
-12.1317
 20
4.2663
 10
-12.1224
 20
4.2928
 10
-12.113
 20
4.3192
 10
-12.1035
 20
4.3456
 10
-12.094
 20
4.372
 10
-12.0844
 20
4.3984
 10
-12.0748
 20
4.4247
 10
-12.0651
 20
4.4511
 10
-12.0554
 20
4.4774
 10
-12.0456
 20
4.5037
 10
-12.0358
 20
4.5299
 10
-12.0258
 20
4.5562
 10
-12.0159
 20
4.5824
 10
-12.0058
 20
4.6086
 10
-11.9958
 20
4.6348
 10
-11.9856
 20
4.661
 10
-11.9754
 20
4.6871
 10
-11.9652
 20
4.7132
 10
-11.9549
 20
4.7393
 10
-11.9445
 20
4.7654
 10
-11.9341
 20
4.7914
 10
-11.9236
 20
4.8174
 10
-11.913
 20
4.8434
 10
-11.9025
 20
4.8694
 10
-11.8918
 20
4.8954
 10
-11.8811
 20
4.9213
 10
-11.8703
 20
4.9472
 10
-11.8595
 20
4.9731
 10
-11.8486
 20
4.999
 10
-11.8377
 20
5.0248
 10
-11.8267
 20
5.0506
 10
-11.8157
 20
5.0764
 10
-11.8046
 20
5.1022
 10
-11.7934
 20
5.1279
 10
-11.7822
 20
5.1536
 10
-11.7725
 20
5.1758
 10
-12.1196
 20
5.3303
 10
-12.1303
 20
5.3059
 10
-12.1419
 20
5.2794
 10
-12.1534
 20
5.2529
 10
-12.1648
 20
5.2264
 10
-12.1762
 20
5.1999
 10
-12.1875
 20
5.1733
 10
-12.1987
 20
5.1467
 10
-12.2099
 20
5.1201
 10
-12.2211
 20
5.0934
 10
-12.2322
 20
5.0667
 10
-12.2432
 20
5.04
 10
-12.2542
 20
5.0133
 10
-12.2651
 20
4.9866
 10
-12.2759
 20
4.9598
 10
-12.2867
 20
4.933
 10
-12.2974
 20
4.9062
 10
-12.3081
 20
4.8793
 10
-12.3187
 20
4.8525
 10
-12.3293
 20
4.8256
 10
-12.3398
 20
4.7987
 10
-12.3502
 20
4.7717
 10
-12.3606
 20
4.7448
 10
-12.3709
 20
4.7178
 10
-12.3812
 20
4.6908
 10
-12.3914
 20
4.6638
 10
-12.4015
 20
4.6367
 10
-12.4116
 20
4.6097
 10
-12.4217
 20
4.5826
 10
-12.4316
 20
4.5555
 10
-12.4415
 20
4.5283
 10
-12.4514
 20
4.5012
 10
-12.4612
 20
4.474
 10
-12.4709
 20
4.4468
 10
-12.4806
 20
4.4196
 10
-12.4902
 20
4.3924
 10
-12.4997
 20
4.3651
 10
-12.5092
 20
4.3378
 10
-12.5187
 20
4.3105
 10
-12.528
 20
4.2832
 10
-12.5374
 20
4.2559
 10
-12.5466
 20
4.2285
 10
-12.5558
 20
4.2011
 10
-12.5649
 20
4.1737
 10
-12.5733
 20
4.1484
 10
-12.2119
 20
4.031
 10
-12.2043
 20
4.0539
 10
-12.1954
 20
4.0805
 10
-12.1865
 20
4.1071
 10
-12.1775
 20
4.1337
  0
LWPOLYLINE
  5
C0
330
17
100
AcDbEntity
  8
ALTIN
100
AcDbPolyline
 90
88
 70
1
 10
-11.6669
 20
5.4094
 10
-11.6551
 20
5.4349
 10
-11.6432
 20
5.4603
 10
-11.6313
 20
5.4857
 10
-11.6193
 20
5.511
 10
-11.6072
 20
5.5364
 10
-11.5951
 20
5.5617
 10
-11.583
 20
5.587
 10
-11.5708
 20
5.6122
 10
-11.5585
 20
5.6375
 10
-11.5462
 20
5.6627
 10
-11.5338
 20
5.6878
 10
-11.5213
 20
5.713
 10
-11.5089
 20
5.7381
 10
-11.4963
 20
5.7632
 10
-11.4837
 20
5.7883
 10
-11.4711
 20
5.8133
 10
-11.4583
 20
5.8383
 10
-11.4456
 20
5.8633
 10
-11.4328
 20
5.8883
 10
-11.4199
 20
5.9132
 10
-11.407
 20
5.9381
 10
-11.394
 20
5.963
 10
-11.3809
 20
5.9878
 10
-11.3679
 20
6.0126
 10
-11.3547
 20
6.0374
 10
-11.3415
 20
6.0622
 10
-11.3283
 20
6.0869
 10
-11.3149
 20
6.1116
 10
-11.3016
 20
6.1363
 10
-11.2882
 20
6.1609
 10
-11.2747
 20
6.1855
 10
-11.2612
 20
6.2101
 10
-11.2476
 20
6.2347
 10
-11.234
 20
6.2592
 10
-11.2203
 20
6.2837
 10
-11.2066
 20
6.3081
 10
-11.1928
 20
6.3326
 10
-11.1917
 20
6.3345
 10
-11.5208
 20
6.5245
 10
-11.5235
 20
6.5197
 10
-11.5377
 20
6.4945
 10
-11.5518
 20
6.4693
 10
-11.5659
 20
6.4441
 10
-11.58
 20
6.4189
 10
-11.5939
 20
6.3936
 10
-11.6079
 20
6.3683
 10
-11.6217
 20
6.343
 10
-11.6355
 20
6.3176
 10
-11.6493
 20
6.2922
 10
-11.663
 20
6.2668
 10
-11.6766
 20
6.2413
 10
-11.6902
 20
6.2158
 10
-11.7038
 20
6.1903
 10
-11.7172
 20
6.1647
 10
-11.7307
 20
6.1392
 10
-11.744
 20
6.1136
 10
-11.7573
 20
6.0879
 10
-11.7706
 20
6.0623
 10
-11.7838
 20
6.0366
 10
-11.7969
 20
6.0108
 10
-11.81
 20
5.9851
 10
-11.823
 20
5.9593
 10
-11.836
 20
5.9335
 10
-11.8489
 20
5.9077
 10
-11.8618
 20
5.8818
 10
-11.8746
 20
5.8559
 10
-11.8873
 20
5.83
 10
-11.9
 20
5.804
 10
-11.9127
 20
5.7781
 10
-11.9252
 20
5.7521
 10
-11.9378
 20
5.726
 10
-11.9502
 20
5.7
 10
-11.9626
 20
5.6739
 10
-11.975
 20
5.6478
 10
-11.9873
 20
5.6216
 10
-11.9995
 20
5.5955
 10
-12.0117
 20
5.5693
 10
-12.0238
 20
5.5431
 10
-12.0359
 20
5.5168
 10
-12.0479
 20
5.4905
 10
-12.0598
 20
5.4642
 10
-12.0708
 20
5.4399
 10
-11.7237
 20
5.2854
 10
-11.7137
 20
5.3074
 10
-11.7021
 20
5.333
 10
-11.6904
 20
5.3585
 10
-11.6787
 20
5.384
  0
LWPOLYLINE
  5
C1
330
17
100
AcDbEntity
  8
ALTIN
100
AcDbPolyline
 90
88
 70
1
 10
-11.0232
 20
6.6234
 10
-11.0087
 20
6.6474
 10
-10.9942
 20
6.6714
 10
-10.9796
 20
6.6954
 10
-10.965
 20
6.7193
 10
-10.9503
 20
6.7432
 10
-10.9355
 20
6.7671
 10
-10.9207
 20
6.791
 10
-10.9059
 20
6.8148
 10
-10.891
 20
6.8385
 10
-10.8761
 20
6.8623
 10
-10.8611
 20
6.886
 10
-10.846
 20
6.9097
 10
-10.8309
 20
6.9333
 10
-10.8158
 20
6.9569
 10
-10.8006
 20
6.9805
 10
-10.7853
 20
7.0041
 10
-10.77
 20
7.0276
 10
-10.7546
 20
7.0511
 10
-10.7392
 20
7.0745
 10
-10.7238
 20
7.0979
 10
-10.7083
 20
7.1213
 10
-10.6927
 20
7.1446
 10
-10.6771
 20
7.1679
 10
-10.6614
 20
7.1912
 10
-10.6457
 20
7.2145
 10
-10.6299
 20
7.2377
 10
-10.6141
 20
7.2608
 10
-10.5983
 20
7.284
 10
-10.5823
 20
7.3071
 10
-10.5664
 20
7.3302
 10
-10.5504
 20
7.3532
 10
-10.5343
 20
7.3762
 10
-10.5182
 20
7.3992
 10
-10.502
 20
7.4221
 10
-10.4858
 20
7.445
 10
-10.4695
 20
7.4678
 10
-10.4532
 20
7.4907
 10
-10.4391
 20
7.5103
 10
-10.7465
 20
7.7337
 10
-10.7621
 20
7.712
 10
-10.7789
 20
7.6885
 10
-10.7956
 20
7.665
 10
-10.8123
 20
7.6414
 10
-10.829
 20
7.6178
 10
-10.8456
 20
7.5942
 10
-10.8621
 20
7.5705
 10
-10.8786
 20
7.5468
 10
-10.895
 20
7.523
 10
-10.9114
 20
7.4992
 10
-10.9278
 20
7.4754
 10
-10.944
 20
7.4515
 10
-10.9603
 20
7.4276
 10
-10.9765
 20
7.4037
 10
-10.9926
 20
7.3797
 10
-11.0087
 20
7.3557
 10
-11.0247
 20
7.3317
 10
-11.0406
 20
7.3076
 10
-11.0566
 20
7.2835
 10
-11.0724
 20
7.2594
 10
-11.0882
 20
7.2352
 10
-11.104
 20
7.211
 10
-11.1197
 20
7.1868
 10
-11.1354
 20
7.1625
 10
-11.151
 20
7.1382
 10
-11.1665
 20
7.1138
 10
-11.182
 20
7.0895
 10
-11.1974
 20
7.0651
 10
-11.2128
 20
7.0406
 10
-11.2282
 20
7.0161
 10
-11.2434
 20
6.9916
 10
-11.2587
 20
6.9671
 10
-11.2738
 20
6.9425
 10
-11.289
 20
6.9179
 10
-11.304
 20
6.8932
 10
-11.319
 20
6.8686
 10
-11.334
 20
6.8438
 10
-11.3489
 20
6.8191
 10
-11.3637
 20
6.7943
 10
-11.3785
 20
6.7695
 10
-11.3933
 20
6.7447
 10
-11.408
 20
6.7198
 10
-11.4108
 20
6.715
 10
-11.0817
 20
6.525
 10
-11.0806
 20
6.5269
 10
-11.0663
 20
6.5511
 10
-11.052
 20
6.5752
 10
-11.0376
 20
6.5993
  0
LWPOLYLINE
  5
C2
330
17
100
AcDbEntity
  8
ALTIN
100
AcDbPolyline
 90
90
 70
1
 10
-10.2873
 20
7.7169
 10
-10.2705
 20
7.7393
 10
-10.2535
 20
7.7617
 10
-10.2366
 20
7.7841
 10
-10.2196
 20
7.8064
 10
-10.2025
 20
7.8287
 10
-10.1854
 20
7.8509
 10
-10.1683
 20
7.8731
 10
-10.1511
 20
7.8953
 10
-10.1338
 20
7.9174
 10
-10.1165
 20
7.9395
 10
-10.0992
 20
7.9615
 10
-10.0818
 20
7.9836
 10
-10.0643
 20
8.0055
 10
-10.0469
 20
8.0275
 10
-10.0293
 20
8.0494
 10
-10.0117
 20
8.0712
 10
-9.9941
 20
8.0931
 10
-9.9764
 20
8.1148
 10
-9.9587
 20
8.1366
 10
-9.9409
 20
8.1583
 10
-9.9231
 20
8.18
 10
-9.9052
 20
8.2016
 10
-9.8873
 20
8.2232
 10
-9.8693
 20
8.2447
 10
-9.8513
 20
8.2662
 10
-9.8333
 20
8.2877
 10
-9.8152
 20
8.3092
 10
-9.797
 20
8.3305
 10
-9.7788
 20
8.3519
 10
-9.7606
 20
8.3732
 10
-9.7423
 20
8.3945
 10
-9.7239
 20
8.4157
 10
-9.7056
 20
8.4369
 10
-9.6871
 20
8.4581
 10
-9.6687
 20
8.4792
 10
-9.6501
 20
8.5003
 10
-9.6316
 20
8.5213
 10
-9.613
 20
8.5423
 10
-9.5969
 20
8.5603
 10
-9.8793
 20
8.8146
 10
-9.897
 20
8.7947
 10
-9.9162
 20
8.7731
 10
-9.9353
 20
8.7514
 10
-9.9544
 20
8.7297
 10
-9.9734
 20
8.708
 10
-9.9924
 20
8.6862
 10
-10.0113
 20
8.6644
 10
-10.0302
 20
8.6425
 10
-10.049
 20
8.6206
 10
-10.0678
 20
8.5987
 10
-10.0865
 20
8.5767
 10
-10.1052
 20
8.5547
 10
-10.1238
 20
8.5326
 10
-10.1424
 20
8.5105
 10
-10.161
 20
8.4884
 10
-10.1795
 20
8.4662
 10
-10.1979
 20
8.4439
 10
-10.2163
 20
8.4217
 10
-10.2347
 20
8.3994
 10
-10.253
 20
8.377
 10
-10.2712
 20
8.3546
 10
-10.2894
 20
8.3322
 10
-10.3076
 20
8.3097
 10
-10.3257
 20
8.2872
 10
-10.3437
 20
8.2647
 10
-10.3617
 20
8.2421
 10
-10.3797
 20
8.2195
 10
-10.3976
 20
8.1968
 10
-10.4155
 20
8.1741
 10
-10.4333
 20
8.1514
 10
-10.451
 20
8.1286
 10
-10.4687
 20
8.1058
 10
-10.4864
 20
8.0829
 10
-10.504
 20
8.06
 10
-10.5216
 20
8.0371
 10
-10.5391
 20
8.0141
 10
-10.5565
 20
7.9911
 10
-10.5739
 20
7.968
 10
-10.5913
 20
7.9449
 10
-10.6086
 20
7.9218
 10
-10.6259
 20
7.8987
 10
-10.6431
 20
7.8755
 10
-10.6602
 20
7.8522
 10
-10.676
 20
7.8307
 10
-10.3686
 20
7.6074
 10
-10.3543
 20
7.6268
 10
-10.3376
 20
7.6494
 10
-10.3209
 20
7.672
 10
-10.3041
 20
7.6945
  0
LWPOLYLINE
  5
C3
330
17
100
AcDbEntity
  8
ALTIN
100
AcDbPolyline
 90
88
 70
1
 10
-1.1827
 20
-13.1871
 10
-1.1539
 20
-13.1896
 10
-1.1252
 20
-13.1921
 10
-1.0964
 20
-13.1945
 10
-1.0676
 20
-13.1969
 10
-1.0388
 20
-13.1992
 10
-1.01
 20
-13.2014
 10
-0.9812
 20
-13.2036
 10
-0.9524
 20
-13.2057
 10
-0.9236
 20
-13.2077
 10
-0.8948
 20
-13.2097
 10
-0.8659
 20
-13.2117
 10
-0.8371
 20
-13.2135
 10
-0.8083
 20
-13.2153
 10
-0.7794
 20
-13.217
 10
-0.7506
 20
-13.2187
 10
-0.7218
 20
-13.2203
 10
-0.6929
 20
-13.2219
 10
-0.6641
 20
-13.2233
 10
-0.6352
 20
-13.2248
 10
-0.6064
 20
-13.2261
 10
-0.5775
 20
-13.2274
 10
-0.5487
 20
-13.2286
 10
-0.5198
 20
-13.2298
 10
-0.4909
 20
-13.2309
 10
-0.4621
 20
-13.2319
 10
-0.4332
 20
-13.2329
 10
-0.4043
 20
-13.2338
 10
-0.3755
 20
-13.2347
 10
-0.3466
 20
-13.2355
 10
-0.3177
 20
-13.2362
 10
-0.2888
 20
-13.2368
 10
-0.26
 20
-13.2374
 10
-0.2311
 20
-13.238
 10
-0.2022
 20
-13.2385
 10
-0.1733
 20
-13.2389
 10
-0.1444
 20
-13.2392
 10
-0.1155
 20
-13.2395
 10
-0.11
 20
-13.2395
 10
-0.11
 20
-12.8595
 10
-0.1122
 20
-12.8595
 10
-0.1403
 20
-12.8592
 10
-0.1683
 20
-12.8589
 10
-0.1964
 20
-12.8585
 10
-0.2244
 20
-12.858
 10
-0.2525
 20
-12.8575
 10
-0.2805
 20
-12.8569
 10
-0.3086
 20
-12.8563
 10
-0.3366
 20
-12.8556
 10
-0.3647
 20
-12.8548
 10
-0.3927
 20
-12.854
 10
-0.4208
 20
-12.8531
 10
-0.4488
 20
-12.8522
 10
-0.4768
 20
-12.8512
 10
-0.5049
 20
-12.8501
 10
-0.5329
 20
-12.849
 10
-0.5609
 20
-12.8478
 10
-0.589
 20
-12.8465
 10
-0.617
 20
-12.8452
 10
-0.645
 20
-12.8438
 10
-0.673
 20
-12.8424
 10
-0.7011
 20
-12.8409
 10
-0.7291
 20
-12.8393
 10
-0.7571
 20
-12.8377
 10
-0.7851
 20
-12.836
 10
-0.8131
 20
-12.8343
 10
-0.8411
 20
-12.8325
 10
-0.8691
 20
-12.8306
 10
-0.8971
 20
-12.8287
 10
-0.9251
 20
-12.8267
 10
-0.953
 20
-12.8246
 10
-0.981
 20
-12.8225
 10
-1.009
 20
-12.8204
 10
-1.037
 20
-12.8181
 10
-1.0649
 20
-12.8158
 10
-1.0929
 20
-12.8135
 10
-1.1208
 20
-12.8111
 10
-1.1488
 20
-12.8086
 10
-1.1767
 20
-12.8061
 10
-1.2046
 20
-12.8035
 10
-1.2326
 20
-12.8008
 10
-1.2605
 20
-12.7981
 10
-1.2845
 20
-12.7957
 10
-1.3243
 20
-13.1736
 10
-1.2977
 20
-13.1762
 10
-1.269
 20
-13.179
 10
-1.2402
 20
-13.1818
 10
-1.2115
 20
-13.1845
  0
LWPOLYLINE
  5
C4
330
17
100
AcDbEntity
  8
ALTIN
100
AcDbPolyline
 90
90
 70
1
 10
-1.5394
 20
-12.7675
 10
-1.5672
 20
-12.7641
 10
-1.5951
 20
-12.7607
 10
-1.6229
 20
-12.7572
 10
-1.6507
 20
-12.7536
 10
-1.6786
 20
-12.75
 10
-1.7064
 20
-12.7463
 10
-1.7342
 20
-12.7425
 10
-1.762
 20
-12.7387
 10
-1.7898
 20
-12.7348
 10
-1.8175
 20
-12.7309
 10
-1.8453
 20
-12.7269
 10
-1.8731
 20
-12.7229
 10
-1.9008
 20
-12.7187
 10
-1.9286
 20
-12.7146
 10
-1.9563
 20
-12.7103
 10
-1.984
 20
-12.706
 10
-2.0117
 20
-12.7017
 10
-2.0395
 20
-12.6973
 10
-2.0671
 20
-12.6928
 10
-2.0948
 20
-12.6882
 10
-2.1225
 20
-12.6836
 10
-2.1502
 20
-12.679
 10
-2.1778
 20
-12.6743
 10
-2.2055
 20
-12.6695
 10
-2.2331
 20
-12.6646
 10
-2.2607
 20
-12.6597
 10
-2.2884
 20
-12.6548
 10
-2.316
 20
-12.6497
 10
-2.3435
 20
-12.6447
 10
-2.3711
 20
-12.6395
 10
-2.3987
 20
-12.6343
 10
-2.4263
 20
-12.629
 10
-2.4538
 20
-12.6237
 10
-2.4813
 20
-12.6183
 10
-2.5089
 20
-12.6129
 10
-2.5364
 20
-12.6074
 10
-2.5639
 20
-12.6018
 10
-2.5914
 20
-12.5962
 10
-2.615
 20
-12.5913
 10
-2.694
 20
-12.963
 10
-2.6679
 20
-12.9684
 10
-2.6396
 20
-12.9742
 10
-2.6113
 20
-12.9799
 10
-2.583
 20
-12.9856
 10
-2.5547
 20
-12.9912
 10
-2.5263
 20
-12.9967
 10
-2.498
 20
-13.0022
 10
-2.4696
 20
-13.0076
 10
-2.4412
 20
-13.013
 10
-2.4128
 20
-13.0183
 10
-2.3844
 20
-13.0235
 10
-2.356
 20
-13.0287
 10
-2.3275
 20
-13.0338
 10
-2.2991
 20
-13.0389
 10
-2.2707
 20
-13.0438
 10
-2.2422
 20
-13.0488
 10
-2.2137
 20
-13.0536
 10
-2.1852
 20
-13.0584
 10
-2.1567
 20
-13.0632
 10
-2.1282
 20
-13.0678
 10
-2.0997
 20
-13.0724
 10
-2.0712
 20
-13.077
 10
-2.0427
 20
-13.0815
 10
-2.0141
 20
-13.0859
 10
-1.9856
 20
-13.0903
 10
-1.957
 20
-13.0946
 10
-1.9284
 20
-13.0988
 10
-1.8998
 20
-13.103
 10
-1.8713
 20
-13.1071
 10
-1.8427
 20
-13.1111
 10
-1.814
 20
-13.1151
 10
-1.7854
 20
-13.1191
 10
-1.7568
 20
-13.1229
 10
-1.7282
 20
-13.1267
 10
-1.6995
 20
-13.1305
 10
-1.6709
 20
-13.1341
 10
-1.6422
 20
-13.1378
 10
-1.6136
 20
-13.1413
 10
-1.5849
 20
-13.1448
 10
-1.5562
 20
-13.1482
 10
-1.5275
 20
-13.1516
 10
-1.4988
 20
-13.1549
 10
-1.4701
 20
-13.1581
 10
-1.4436
 20
-13.1611
 10
-1.4039
 20
-12.7831
 10
-1.4279
 20
-12.7805
 10
-1.4558
 20
-12.7773
 10
-1.4837
 20
-12.7741
 10
-1.5115
 20
-12.7709
  0
LWPOLYLINE
  5
C5
330
17
100
AcDbEntity
  8
ALTIN
100
AcDbPolyline
 90
90
 70
1
 10
-2.8655
 20
-12.5367
 10
-2.8929
 20
-12.5304
 10
-2.9202
 20
-12.5241
 10
-2.9475
 20
-12.5177
 10
-2.9748
 20
-12.5112
 10
-3.0021
 20
-12.5047
 10
-3.0294
 20
-12.4981
 10
-3.0566
 20
-12.4915
 10
-3.0839
 20
-12.4848
 10
-3.1111
 20
-12.478
 10
-3.1383
 20
-12.4712
 10
-3.1655
 20
-12.4643
 10
-3.1927
 20
-12.4574
 10
-3.2199
 20
-12.4504
 10
-3.247
 20
-12.4433
 10
-3.2742
 20
-12.4362
 10
-3.3013
 20
-12.429
 10
-3.3284
 20
-12.4218
 10
-3.3555
 20
-12.4145
 10
-3.3826
 20
-12.4072
 10
-3.4096
 20
-12.3998
 10
-3.4367
 20
-12.3923
 10
-3.4637
 20
-12.3848
 10
-3.4907
 20
-12.3772
 10
-3.5177
 20
-12.3695
 10
-3.5447
 20
-12.3618
 10
-3.5717
 20
-12.3541
 10
-3.5986
 20
-12.3462
 10
-3.6255
 20
-12.3384
 10
-3.6524
 20
-12.3304
 10
-3.6793
 20
-12.3224
 10
-3.7062
 20
-12.3144
 10
-3.7331
 20
-12.3063
 10
-3.7599
 20
-12.2981
 10
-3.7867
 20
-12.2898
 10
-3.8135
 20
-12.2816
 10
-3.8403
 20
-12.2732
 10
-3.8671
 20
-12.2648
 10
-3.8938
 20
-12.2563
 10
-3.9169
 20
-12.249
 10
-4.0343
 20
-12.6104
 10
-4.0089
 20
-12.6185
 10
-3.9813
 20
-12.6272
 10
-3.9538
 20
-12.6359
 10
-3.9262
 20
-12.6445
 10
-3.8986
 20
-12.653
 10
-3.871
 20
-12.6615
 10
-3.8434
 20
-12.6699
 10
-3.8157
 20
-12.6782
 10
-3.788
 20
-12.6865
 10
-3.7604
 20
-12.6948
 10
-3.7327
 20
-12.7029
 10
-3.7049
 20
-12.7111
 10
-3.6772
 20
-12.7191
 10
-3.6494
 20
-12.7271
 10
-3.6217
 20
-12.735
 10
-3.5939
 20
-12.7429
 10
-3.5661
 20
-12.7507
 10
-3.5382
 20
-12.7585
 10
-3.5104
 20
-12.7662
 10
-3.4825
 20
-12.7738
 10
-3.4547
 20
-12.7814
 10
-3.4268
 20
-12.7889
 10
-3.3989
 20
-12.7963
 10
-3.3709
 20
-12.8037
 10
-3.343
 20
-12.811
 10
-3.315
 20
-12.8183
 10
-3.2871
 20
-12.8255
 10
-3.2591
 20
-12.8326
 10
-3.2311
 20
-12.8397
 10
-3.203
 20
-12.8467
 10
-3.175
 20
-12.8537
 10
-3.147
 20
-12.8606
 10
-3.1189
 20
-12.8674
 10
-3.0908
 20
-12.8742
 10
-3.0627
 20
-12.8809
 10
-3.0346
 20
-12.8875
 10
-3.0065
 20
-12.8941
 10
-2.9784
 20
-12.9007
 10
-2.9502
 20
-12.9071
 10
-2.922
 20
-12.9135
 10
-2.8939
 20
-12.9199
 10
-2.8657
 20
-12.9262
 10
-2.8375
 20
-12.9324
 10
-2.8114
 20
-12.9381
 10
-2.7324
 20
-12.5664
 10
-2.756
 20
-12.5612
 10
-2.7834
 20
-12.5552
 10
-2.8108
 20
-12.5491
 10
-2.8382
 20
-12.5429
  0
LWPOLYLINE
  5
C6
330
17
100
AcDbEntity
  8
ALTIN
100
AcDbPolyline
 90
90
 70
1
 10
-4.1603
 20
-12.1685
 10
-4.1868
 20
-12.1594
 10
-4.2133
 20
-12.1502
 10
-4.2398
 20
-12.141
 10
-4.2663
 20
-12.1317
 10
-4.2928
 20
-12.1224
 10
-4.3192
 20
-12.113
 10
-4.3456
 20
-12.1035
 10
-4.372
 20
-12.094
 10
-4.3984
 20
-12.0844
 10
-4.4247
 20
-12.0748
 10
-4.4511
 20
-12.0651
 10
-4.4774
 20
-12.0554
 10
-4.5037
 20
-12.0456
 10
-4.5299
 20
-12.0358
 10
-4.5562
 20
-12.0258
 10
-4.5824
 20
-12.0159
 10
-4.6086
 20
-12.0058
 10
-4.6348
 20
-11.9958
 10
-4.661
 20
-11.9856
 10
-4.6871
 20
-11.9754
 10
-4.7132
 20
-11.9652
 10
-4.7393
 20
-11.9549
 10
-4.7654
 20
-11.9445
 10
-4.7914
 20
-11.9341
 10
-4.8174
 20
-11.9236
 10
-4.8434
 20
-11.913
 10
-4.8694
 20
-11.9025
 10
-4.8954
 20
-11.8918
 10
-4.9213
 20
-11.8811
 10
-4.9472
 20
-11.8703
 10
-4.9731
 20
-11.8595
 10
-4.999
 20
-11.8486
 10
-5.0248
 20
-11.8377
 10
-5.0506
 20
-11.8267
 10
-5.0764
 20
-11.8157
 10
-5.1022
 20
-11.8046
 10
-5.1279
 20
-11.7934
 10
-5.1536
 20
-11.7822
 10
-5.1758
 20
-11.7725
 10
-5.3303
 20
-12.1196
 10
-5.3059
 20
-12.1303
 10
-5.2794
 20
-12.1419
 10
-5.2529
 20
-12.1534
 10
-5.2264
 20
-12.1648
 10
-5.1999
 20
-12.1762
 10
-5.1733
 20
-12.1875
 10
-5.1467
 20
-12.1987
 10
-5.1201
 20
-12.2099
 10
-5.0934
 20
-12.2211
 10
-5.0667
 20
-12.2322
 10
-5.04
 20
-12.2432
 10
-5.0133
 20
-12.2542
 10
-4.9866
 20
-12.2651
 10
-4.9598
 20
-12.2759
 10
-4.933
 20
-12.2867
 10
-4.9062
 20
-12.2974
 10
-4.8793
 20
-12.3081
 10
-4.8525
 20
-12.3187
 10
-4.8256
 20
-12.3293
 10
-4.7987
 20
-12.3398
 10
-4.7717
 20
-12.3502
 10
-4.7448
 20
-12.3606
 10
-4.7178
 20
-12.3709
 10
-4.6908
 20
-12.3812
 10
-4.6638
 20
-12.3914
 10
-4.6367
 20
-12.4015
 10
-4.6097
 20
-12.4116
 10
-4.5826
 20
-12.4217
 10
-4.5555
 20
-12.4316
 10
-4.5283
 20
-12.4415
 10
-4.5012
 20
-12.4514
 10
-4.474
 20
-12.4612
 10
-4.4468
 20
-12.4709
 10
-4.4196
 20
-12.4806
 10
-4.3924
 20
-12.4902
 10
-4.3651
 20
-12.4997
 10
-4.3378
 20
-12.5092
 10
-4.3105
 20
-12.5187
 10
-4.2832
 20
-12.528
 10
-4.2559
 20
-12.5374
 10
-4.2285
 20
-12.5466
 10
-4.2011
 20
-12.5558
 10
-4.1737
 20
-12.5649
 10
-4.1484
 20
-12.5733
 10
-4.031
 20
-12.2119
 10
-4.0539
 20
-12.2043
 10
-4.0805
 20
-12.1954
 10
-4.1071
 20
-12.1865
 10
-4.1337
 20
-12.1775
  0
LWPOLYLINE
  5
C7
330
17
100
AcDbEntity
  8
ALTIN
100
AcDbPolyline
 90
88
 70
1
 10
-5.4094
 20
-11.6669
 10
-5.4349
 20
-11.6551
 10
-5.4603
 20
-11.6432
 10
-5.4857
 20
-11.6313
 10
-5.511
 20
-11.6193
 10
-5.5364
 20
-11.6072
 10
-5.5617
 20
-11.5951
 10
-5.587
 20
-11.583
 10
-5.6122
 20
-11.5708
 10
-5.6375
 20
-11.5585
 10
-5.6627
 20
-11.5462
 10
-5.6878
 20
-11.5338
 10
-5.713
 20
-11.5213
 10
-5.7381
 20
-11.5089
 10
-5.7632
 20
-11.4963
 10
-5.7883
 20
-11.4837
 10
-5.8133
 20
-11.4711
 10
-5.8383
 20
-11.4583
 10
-5.8633
 20
-11.4456
 10
-5.8883
 20
-11.4328
 10
-5.9132
 20
-11.4199
 10
-5.9381
 20
-11.407
 10
-5.963
 20
-11.394
 10
-5.9878
 20
-11.3809
 10
-6.0126
 20
-11.3679
 10
-6.0374
 20
-11.3547
 10
-6.0622
 20
-11.3415
 10
-6.0869
 20
-11.3283
 10
-6.1116
 20
-11.3149
 10
-6.1363
 20
-11.3016
 10
-6.1609
 20
-11.2882
 10
-6.1855
 20
-11.2747
 10
-6.2101
 20
-11.2612
 10
-6.2347
 20
-11.2476
 10
-6.2592
 20
-11.234
 10
-6.2837
 20
-11.2203
 10
-6.3081
 20
-11.2066
 10
-6.3326
 20
-11.1928
 10
-6.3345
 20
-11.1917
 10
-6.5245
 20
-11.5208
 10
-6.5197
 20
-11.5235
 10
-6.4945
 20
-11.5377
 10
-6.4693
 20
-11.5518
 10
-6.4441
 20
-11.5659
 10
-6.4189
 20
-11.58
 10
-6.3936
 20
-11.5939
 10
-6.3683
 20
-11.6079
 10
-6.343
 20
-11.6217
 10
-6.3176
 20
-11.6355
 10
-6.2922
 20
-11.6493
 10
-6.2668
 20
-11.663
 10
-6.2413
 20
-11.6766
 10
-6.2158
 20
-11.6902
 10
-6.1903
 20
-11.7038
 10
-6.1647
 20
-11.7172
 10
-6.1392
 20
-11.7307
 10
-6.1136
 20
-11.744
 10
-6.0879
 20
-11.7573
 10
-6.0623
 20
-11.7706
 10
-6.0366
 20
-11.7838
 10
-6.0108
 20
-11.7969
 10
-5.9851
 20
-11.81
 10
-5.9593
 20
-11.823
 10
-5.9335
 20
-11.836
 10
-5.9077
 20
-11.8489
 10
-5.8818
 20
-11.8618
 10
-5.8559
 20
-11.8746
 10
-5.83
 20
-11.8873
 10
-5.804
 20
-11.9
 10
-5.7781
 20
-11.9127
 10
-5.7521
 20
-11.9252
 10
-5.726
 20
-11.9378
 10
-5.7
 20
-11.9502
 10
-5.6739
 20
-11.9626
 10
-5.6478
 20
-11.975
 10
-5.6216
 20
-11.9873
 10
-5.5955
 20
-11.9995
 10
-5.5693
 20
-12.0117
 10
-5.5431
 20
-12.0238
 10
-5.5168
 20
-12.0359
 10
-5.4905
 20
-12.0479
 10
-5.4642
 20
-12.0598
 10
-5.4399
 20
-12.0708
 10
-5.2854
 20
-11.7237
 10
-5.3074
 20
-11.7137
 10
-5.333
 20
-11.7021
 10
-5.3585
 20
-11.6904
 10
-5.384
 20
-11.6787
  0
LWPOLYLINE
  5
C8
330
17
100
AcDbEntity
  8
ALTIN
100
AcDbPolyline
 90
88
 70
1
 10
-6.6234
 20
-11.0232
 10
-6.6474
 20
-11.0087
 10
-6.6714
 20
-10.9942
 10
-6.6954
 20
-10.9796
 10
-6.7193
 20
-10.965
 10
-6.7432
 20
-10.9503
 10
-6.7671
 20
-10.9355
 10
-6.791
 20
-10.9207
 10
-6.8148
 20
-10.9059
 10
-6.8385
 20
-10.891
 10
-6.8623
 20
-10.8761
 10
-6.886
 20
-10.8611
 10
-6.9097
 20
-10.846
 10
-6.9333
 20
-10.8309
 10
-6.9569
 20
-10.8158
 10
-6.9805
 20
-10.8006
 10
-7.0041
 20
-10.7853
 10
-7.0276
 20
-10.77
 10
-7.0511
 20
-10.7546
 10
-7.0745
 20
-10.7392
 10
-7.0979
 20
-10.7238
 10
-7.1213
 20
-10.7083
 10
-7.1446
 20
-10.6927
 10
-7.1679
 20
-10.6771
 10
-7.1912
 20
-10.6614
 10
-7.2145
 20
-10.6457
 10
-7.2377
 20
-10.6299
 10
-7.2608
 20
-10.6141
 10
-7.284
 20
-10.5983
 10
-7.3071
 20
-10.5823
 10
-7.3302
 20
-10.5664
 10
-7.3532
 20
-10.5504
 10
-7.3762
 20
-10.5343
 10
-7.3992
 20
-10.5182
 10
-7.4221
 20
-10.502
 10
-7.445
 20
-10.4858
 10
-7.4678
 20
-10.4695
 10
-7.4907
 20
-10.4532
 10
-7.5103
 20
-10.4391
 10
-7.7337
 20
-10.7465
 10
-7.712
 20
-10.7621
 10
-7.6885
 20
-10.7789
 10
-7.665
 20
-10.7956
 10
-7.6414
 20
-10.8123
 10
-7.6178
 20
-10.829
 10
-7.5942
 20
-10.8456
 10
-7.5705
 20
-10.8621
 10
-7.5468
 20
-10.8786
 10
-7.523
 20
-10.895
 10
-7.4992
 20
-10.9114
 10
-7.4754
 20
-10.9278
 10
-7.4515
 20
-10.944
 10
-7.4276
 20
-10.9603
 10
-7.4037
 20
-10.9765
 10
-7.3797
 20
-10.9926
 10
-7.3557
 20
-11.0087
 10
-7.3317
 20
-11.0247
 10
-7.3076
 20
-11.0406
 10
-7.2835
 20
-11.0566
 10
-7.2594
 20
-11.0724
 10
-7.2352
 20
-11.0882
 10
-7.211
 20
-11.104
 10
-7.1868
 20
-11.1197
 10
-7.1625
 20
-11.1354
 10
-7.1382
 20
-11.151
 10
-7.1138
 20
-11.1665
 10
-7.0895
 20
-11.182
 10
-7.0651
 20
-11.1974
 10
-7.0406
 20
-11.2128
 10
-7.0161
 20
-11.2282
 10
-6.9916
 20
-11.2434
 10
-6.9671
 20
-11.2587
 10
-6.9425
 20
-11.2738
 10
-6.9179
 20
-11.289
 10
-6.8932
 20
-11.304
 10
-6.8686
 20
-11.319
 10
-6.8438
 20
-11.334
 10
-6.8191
 20
-11.3489
 10
-6.7943
 20
-11.3637
 10
-6.7695
 20
-11.3785
 10
-6.7447
 20
-11.3933
 10
-6.7198
 20
-11.408
 10
-6.715
 20
-11.4108
 10
-6.525
 20
-11.0817
 10
-6.5269
 20
-11.0806
 10
-6.5511
 20
-11.0663
 10
-6.5752
 20
-11.052
 10
-6.5993
 20
-11.0376
  0
LWPOLYLINE
  5
C9
330
17
100
AcDbEntity
  8
ALTIN
100
AcDbPolyline
 90
90
 70
1
 10
-7.7169
 20
-10.2873
 10
-7.7393
 20
-10.2705
 10
-7.7617
 20
-10.2535
 10
-7.7841
 20
-10.2366
 10
-7.8064
 20
-10.2196
 10
-7.8287
 20
-10.2025
 10
-7.8509
 20
-10.1854
 10
-7.8731
 20
-10.1683
 10
-7.8953
 20
-10.1511
 10
-7.9174
 20
-10.1338
 10
-7.9395
 20
-10.1165
 10
-7.9615
 20
-10.0992
 10
-7.9836
 20
-10.0818
 10
-8.0055
 20
-10.0643
 10
-8.0275
 20
-10.0469
 10
-8.0494
 20
-10.0293
 10
-8.0712
 20
-10.0117
 10
-8.0931
 20
-9.9941
 10
-8.1148
 20
-9.9764
 10
-8.1366
 20
-9.9587
 10
-8.1583
 20
-9.9409
 10
-8.18
 20
-9.9231
 10
-8.2016
 20
-9.9052
 10
-8.2232
 20
-9.8873
 10
-8.2447
 20
-9.8693
 10
-8.2662
 20
-9.8513
 10
-8.2877
 20
-9.8333
 10
-8.3092
 20
-9.8152
 10
-8.3305
 20
-9.797
 10
-8.3519
 20
-9.7788
 10
-8.3732
 20
-9.7606
 10
-8.3945
 20
-9.7423
 10
-8.4157
 20
-9.7239
 10
-8.4369
 20
-9.7056
 10
-8.4581
 20
-9.6871
 10
-8.4792
 20
-9.6687
 10
-8.5003
 20
-9.6501
 10
-8.5213
 20
-9.6316
 10
-8.5423
 20
-9.613
 10
-8.5603
 20
-9.5969
 10
-8.8146
 20
-9.8793
 10
-8.7947
 20
-9.897
 10
-8.7731
 20
-9.9162
 10
-8.7514
 20
-9.9353
 10
-8.7297
 20
-9.9544
 10
-8.708
 20
-9.9734
 10
-8.6862
 20
-9.9924
 10
-8.6644
 20
-10.0113
 10
-8.6425
 20
-10.0302
 10
-8.6206
 20
-10.049
 10
-8.5987
 20
-10.0678
 10
-8.5767
 20
-10.0865
 10
-8.5547
 20
-10.1052
 10
-8.5326
 20
-10.1238
 10
-8.5105
 20
-10.1424
 10
-8.4884
 20
-10.161
 10
-8.4662
 20
-10.1795
 10
-8.4439
 20
-10.1979
 10
-8.4217
 20
-10.2163
 10
-8.3994
 20
-10.2347
 10
-8.377
 20
-10.253
 10
-8.3546
 20
-10.2712
 10
-8.3322
 20
-10.2894
 10
-8.3097
 20
-10.3076
 10
-8.2872
 20
-10.3257
 10
-8.2647
 20
-10.3437
 10
-8.2421
 20
-10.3617
 10
-8.2195
 20
-10.3797
 10
-8.1968
 20
-10.3976
 10
-8.1741
 20
-10.4155
 10
-8.1514
 20
-10.4333
 10
-8.1286
 20
-10.451
 10
-8.1058
 20
-10.4687
 10
-8.0829
 20
-10.4864
 10
-8.06
 20
-10.504
 10
-8.0371
 20
-10.5216
 10
-8.0141
 20
-10.5391
 10
-7.9911
 20
-10.5565
 10
-7.968
 20
-10.5739
 10
-7.9449
 20
-10.5913
 10
-7.9218
 20
-10.6086
 10
-7.8987
 20
-10.6259
 10
-7.8755
 20
-10.6431
 10
-7.8522
 20
-10.6602
 10
-7.8307
 20
-10.676
 10
-7.6074
 20
-10.3686
 10
-7.6268
 20
-10.3543
 10
-7.6494
 20
-10.3376
 10
-7.672
 20
-10.3209
 10
-7.6945
 20
-10.3041
  0
LWPOLYLINE
  5
CA
330
17
100
AcDbEntity
  8
ALTIN
100
AcDbPolyline
 90
90
 70
1
 10
-8.75
 20
-9.4243
 10
-8.7705
 20
-9.4052
 10
-8.791
 20
-9.3861
 10
-8.8115
 20
-9.3669
 10
-8.8319
 20
-9.3476
 10
-8.8522
 20
-9.3283
 10
-8.8726
 20
-9.309
 10
-8.8929
 20
-9.2896
 10
-8.9131
 20
-9.2702
 10
-8.9333
 20
-9.2507
 10
-8.9535
 20
-9.2312
 10
-8.9736
 20
-9.2116
 10
-8.9937
 20
-9.192
 10
-9.0137
 20
-9.1724
 10
-9.0337
 20
-9.1527
 10
-9.0536
 20
-9.133
 10
-9.0735
 20
-9.1132
 10
-9.0934
 20
-9.0934
 10
-9.1132
 20
-9.0735
 10
-9.133
 20
-9.0536
 10
-9.1527
 20
-9.0337
 10
-9.1724
 20
-9.0137
 10
-9.192
 20
-8.9937
 10
-9.2116
 20
-8.9736
 10
-9.2312
 20
-8.9535
 10
-9.2507
 20
-8.9333
 10
-9.2702
 20
-8.9131
 10
-9.2896
 20
-8.8929
 10
-9.309
 20
-8.8726
 10
-9.3283
 20
-8.8522
 10
-9.3476
 20
-8.8319
 10
-9.3669
 20
-8.8115
 10
-9.3861
 20
-8.791
 10
-9.4052
 20
-8.7705
 10
-9.4243
 20
-8.75
 10
-9.4434
 20
-8.7294
 10
-9.4624
 20
-8.7088
 10
-9.4814
 20
-8.6881
 10
-9.5003
 20
-8.6674
 10
-9.5166
 20
-8.6495
 10
-9.799
 20
-8.9038
 10
-9.781
 20
-8.9235
 10
-9.7616
 20
-8.9448
 10
-9.742
 20
-8.9661
 10
-9.7224
 20
-8.9873
 10
-9.7028
 20
-9.0085
 10
-9.6831
 20
-9.0297
 10
-9.6634
 20
-9.0508
 10
-9.6436
 20
-9.0718
 10
-9.6238
 20
-9.0928
 10
-9.604
 20
-9.1138
 10
-9.5841
 20
-9.1347
 10
-9.5641
 20
-9.1556
 10
-9.5441
 20
-9.1765
 10
-9.5241
 20
-9.1973
 10
-9.504
 20
-9.218
 10
-9.4838
 20
-9.2387
 10
-9.4637
 20
-9.2594
 10
-9.4434
 20
-9.28
 10
-9.4232
 20
-9.3006
 10
-9.4029
 20
-9.3212
 10
-9.3825
 20
-9.3416
 10
-9.3621
 20
-9.3621
 10
-9.3416
 20
-9.3825
 10
-9.3212
 20
-9.4029
 10
-9.3006
 20
-9.4232
 10
-9.28
 20
-9.4434
 10
-9.2594
 20
-9.4637
 10
-9.2387
 20
-9.4838
 10
-9.218
 20
-9.504
 10
-9.1973
 20
-9.5241
 10
-9.1765
 20
-9.5441
 10
-9.1556
 20
-9.5641
 10
-9.1347
 20
-9.5841
 10
-9.1138
 20
-9.604
 10
-9.0928
 20
-9.6238
 10
-9.0718
 20
-9.6436
 10
-9.0508
 20
-9.6634
 10
-9.0297
 20
-9.6831
 10
-9.0085
 20
-9.7028
 10
-8.9873
 20
-9.7224
 10
-8.9661
 20
-9.742
 10
-8.9448
 20
-9.7616
 10
-8.9235
 20
-9.781
 10
-8.9038
 20
-9.799
 10
-8.6495
 20
-9.5166
 10
-8.6674
 20
-9.5003
 10
-8.6881
 20
-9.4814
 10
-8.7088
 20
-9.4624
 10
-8.7294
 20
-9.4434
  0
LWPOLYLINE
  5
CB
330
17
100
AcDbEntity
  8
ALTIN
100
AcDbPolyline
 90
90
 70
1
 10
-9.4243
 20
8.75
 10
-9.4052
 20
8.7705
 10
-9.3861
 20
8.791
 10
-9.3669
 20
8.8115
 10
-9.3476
 20
8.8319
 10
-9.3283
 20
8.8522
 10
-9.309
 20
8.8726
 10
-9.2896
 20
8.8929
 10
-9.2702
 20
8.9131
 10
-9.2507
 20
8.9333
 10
-9.2312
 20
8.9535
 10
-9.2116
 20
8.9736
 10
-9.192
 20
8.9937
 10
-9.1724
 20
9.0137
 10
-9.1527
 20
9.0337
 10
-9.133
 20
9.0536
 10
-9.1132
 20
9.0735
 10
-9.0934
 20
9.0934
 10
-9.0735
 20
9.1132
 10
-9.0536
 20
9.133
 10
-9.0337
 20
9.1527
 10
-9.0137
 20
9.1724
 10
-8.9937
 20
9.192
 10
-8.9736
 20
9.2116
 10
-8.9535
 20
9.2312
 10
-8.9333
 20
9.2507
 10
-8.9131
 20
9.2702
 10
-8.8929
 20
9.2896
 10
-8.8726
 20
9.309
 10
-8.8522
 20
9.3283
 10
-8.8319
 20
9.3476
 10
-8.8115
 20
9.3669
 10
-8.791
 20
9.3861
 10
-8.7705
 20
9.4052
 10
-8.75
 20
9.4243
 10
-8.7294
 20
9.4434
 10
-8.7088
 20
9.4624
 10
-8.6881
 20
9.4814
 10
-8.6674
 20
9.5003
 10
-8.6495
 20
9.5166
 10
-8.9038
 20
9.799
 10
-8.9235
 20
9.781
 10
-8.9448
 20
9.7616
 10
-8.9661
 20
9.742
 10
-8.9873
 20
9.7224
 10
-9.0085
 20
9.7028
 10
-9.0297
 20
9.6831
 10
-9.0508
 20
9.6634
 10
-9.0718
 20
9.6436
 10
-9.0928
 20
9.6238
 10
-9.1138
 20
9.604
 10
-9.1347
 20
9.5841
 10
-9.1556
 20
9.5641
 10
-9.1765
 20
9.5441
 10
-9.1973
 20
9.5241
 10
-9.218
 20
9.504
 10
-9.2387
 20
9.4838
 10
-9.2594
 20
9.4637
 10
-9.28
 20
9.4434
 10
-9.3006
 20
9.4232
 10
-9.3212
 20
9.4029
 10
-9.3416
 20
9.3825
 10
-9.3621
 20
9.3621
 10
-9.3825
 20
9.3416
 10
-9.4029
 20
9.3212
 10
-9.4232
 20
9.3006
 10
-9.4434
 20
9.28
 10
-9.4637
 20
9.2594
 10
-9.4838
 20
9.2387
 10
-9.504
 20
9.218
 10
-9.5241
 20
9.1973
 10
-9.5441
 20
9.1765
 10
-9.5641
 20
9.1556
 10
-9.5841
 20
9.1347
 10
-9.604
 20
9.1138
 10
-9.6238
 20
9.0928
 10
-9.6436
 20
9.0718
 10
-9.6634
 20
9.0508
 10
-9.6831
 20
9.0297
 10
-9.7028
 20
9.0085
 10
-9.7224
 20
8.9873
 10
-9.742
 20
8.9661
 10
-9.7616
 20
8.9448
 10
-9.781
 20
8.9235
 10
-9.799
 20
8.9038
 10
-9.5166
 20
8.6495
 10
-9.5003
 20
8.6674
 10
-9.4814
 20
8.6881
 10
-9.4624
 20
8.7088
 10
-9.4434
 20
8.7294
  0
LWPOLYLINE
  5
CC
330
17
100
AcDbEntity
  8
ALTIN
100
AcDbPolyline
 90
90
 70
1
 10
-8.4581
 20
9.6871
 10
-8.4369
 20
9.7056
 10
-8.4157
 20
9.7239
 10
-8.3945
 20
9.7423
 10
-8.3732
 20
9.7606
 10
-8.3519
 20
9.7788
 10
-8.3305
 20
9.797
 10
-8.3092
 20
9.8152
 10
-8.2877
 20
9.8333
 10
-8.2662
 20
9.8513
 10
-8.2447
 20
9.8693
 10
-8.2232
 20
9.8873
 10
-8.2016
 20
9.9052
 10
-8.18
 20
9.9231
 10
-8.1583
 20
9.9409
 10
-8.1366
 20
9.9587
 10
-8.1148
 20
9.9764
 10
-8.0931
 20
9.9941
 10
-8.0712
 20
10.0117
 10
-8.0494
 20
10.0293
 10
-8.0275
 20
10.0469
 10
-8.0055
 20
10.0643
 10
-7.9836
 20
10.0818
 10
-7.9615
 20
10.0992
 10
-7.9395
 20
10.1165
 10
-7.9174
 20
10.1338
 10
-7.8953
 20
10.1511
 10
-7.8731
 20
10.1683
 10
-7.8509
 20
10.1854
 10
-7.8287
 20
10.2025
 10
-7.8064
 20
10.2196
 10
-7.7841
 20
10.2366
 10
-7.7617
 20
10.2535
 10
-7.7393
 20
10.2705
 10
-7.7169
 20
10.2873
 10
-7.6945
 20
10.3041
 10
-7.672
 20
10.3209
 10
-7.6494
 20
10.3376
 10
-7.6268
 20
10.3543
 10
-7.6074
 20
10.3686
 10
-7.8307
 20
10.676
 10
-7.8522
 20
10.6602
 10
-7.8755
 20
10.6431
 10
-7.8987
 20
10.6259
 10
-7.9218
 20
10.6086
 10
-7.9449
 20
10.5913
 10
-7.968
 20
10.5739
 10
-7.9911
 20
10.5565
 10
-8.0141
 20
10.5391
 10
-8.0371
 20
10.5216
 10
-8.06
 20
10.504
 10
-8.0829
 20
10.4864
 10
-8.1058
 20
10.4687
 10
-8.1286
 20
10.451
 10
-8.1514
 20
10.4333
 10
-8.1741
 20
10.4155
 10
-8.1968
 20
10.3976
 10
-8.2195
 20
10.3797
 10
-8.2421
 20
10.3617
 10
-8.2647
 20
10.3437
 10
-8.2872
 20
10.3257
 10
-8.3097
 20
10.3076
 10
-8.3322
 20
10.2894
 10
-8.3546
 20
10.2712
 10
-8.377
 20
10.253
 10
-8.3994
 20
10.2347
 10
-8.4217
 20
10.2163
 10
-8.4439
 20
10.1979
 10
-8.4662
 20
10.1795
 10
-8.4884
 20
10.161
 10
-8.5105
 20
10.1424
 10
-8.5326
 20
10.1238
 10
-8.5547
 20
10.1052
 10
-8.5767
 20
10.0865
 10
-8.5987
 20
10.0678
 10
-8.6206
 20
10.049
 10
-8.6425
 20
10.0302
 10
-8.6644
 20
10.0113
 10
-8.6862
 20
9.9924
 10
-8.708
 20
9.9734
 10
-8.7297
 20
9.9544
 10
-8.7514
 20
9.9353
 10
-8.7731
 20
9.9162
 10
-8.7947
 20
9.897
 10
-8.8146
 20
9.8793
 10
-8.5603
 20
9.5969
 10
-8.5423
 20
9.613
 10
-8.5213
 20
9.6316
 10
-8.5003
 20
9.6501
 10
-8.4792
 20
9.6687
  0
LWPOLYLINE
  5
CD
330
17
100
AcDbEntity
  8
ALTIN
100
AcDbPolyline
 90
88
 70
1
 10
-7.3992
 20
10.5182
 10
-7.3762
 20
10.5343
 10
-7.3532
 20
10.5504
 10
-7.3302
 20
10.5664
 10
-7.3071
 20
10.5823
 10
-7.284
 20
10.5983
 10
-7.2608
 20
10.6141
 10
-7.2377
 20
10.6299
 10
-7.2145
 20
10.6457
 10
-7.1912
 20
10.6614
 10
-7.1679
 20
10.6771
 10
-7.1446
 20
10.6927
 10
-7.1213
 20
10.7083
 10
-7.0979
 20
10.7238
 10
-7.0745
 20
10.7392
 10
-7.0511
 20
10.7546
 10
-7.0276
 20
10.77
 10
-7.0041
 20
10.7853
 10
-6.9805
 20
10.8006
 10
-6.9569
 20
10.8158
 10
-6.9333
 20
10.8309
 10
-6.9097
 20
10.846
 10
-6.886
 20
10.8611
 10
-6.8623
 20
10.8761
 10
-6.8385
 20
10.891
 10
-6.8148
 20
10.9059
 10
-6.791
 20
10.9207
 10
-6.7671
 20
10.9355
 10
-6.7432
 20
10.9503
 10
-6.7193
 20
10.965
 10
-6.6954
 20
10.9796
 10
-6.6714
 20
10.9942
 10
-6.6474
 20
11.0087
 10
-6.6234
 20
11.0232
 10
-6.5993
 20
11.0376
 10
-6.5752
 20
11.052
 10
-6.5511
 20
11.0663
 10
-6.5269
 20
11.0806
 10
-6.525
 20
11.0817
 10
-6.715
 20
11.4108
 10
-6.7198
 20
11.408
 10
-6.7447
 20
11.3933
 10
-6.7695
 20
11.3785
 10
-6.7943
 20
11.3637
 10
-6.8191
 20
11.3489
 10
-6.8438
 20
11.334
 10
-6.8686
 20
11.319
 10
-6.8932
 20
11.304
 10
-6.9179
 20
11.289
 10
-6.9425
 20
11.2738
 10
-6.9671
 20
11.2587
 10
-6.9916
 20
11.2434
 10
-7.0161
 20
11.2282
 10
-7.0406
 20
11.2128
 10
-7.0651
 20
11.1974
 10
-7.0895
 20
11.182
 10
-7.1138
 20
11.1665
 10
-7.1382
 20
11.151
 10
-7.1625
 20
11.1354
 10
-7.1868
 20
11.1197
 10
-7.211
 20
11.104
 10
-7.2352
 20
11.0882
 10
-7.2594
 20
11.0724
 10
-7.2835
 20
11.0566
 10
-7.3076
 20
11.0406
 10
-7.3317
 20
11.0247
 10
-7.3557
 20
11.0087
 10
-7.3797
 20
10.9926
 10
-7.4037
 20
10.9765
 10
-7.4276
 20
10.9603
 10
-7.4515
 20
10.944
 10
-7.4754
 20
10.9278
 10
-7.4992
 20
10.9114
 10
-7.523
 20
10.895
 10
-7.5468
 20
10.8786
 10
-7.5705
 20
10.8621
 10
-7.5942
 20
10.8456
 10
-7.6178
 20
10.829
 10
-7.6414
 20
10.8123
 10
-7.665
 20
10.7956
 10
-7.6885
 20
10.7789
 10
-7.712
 20
10.7621
 10
-7.7337
 20
10.7465
 10
-7.5103
 20
10.4391
 10
-7.4907
 20
10.4532
 10
-7.4678
 20
10.4695
 10
-7.445
 20
10.4858
 10
-7.4221
 20
10.502
  0
LWPOLYLINE
  5
CE
330
17
100
AcDbEntity
  8
ALTIN
100
AcDbPolyline
 90
88
 70
1
 10
-6.2347
 20
11.2476
 10
-6.2101
 20
11.2612
 10
-6.1855
 20
11.2747
 10
-6.1609
 20
11.2882
 10
-6.1363
 20
11.3016
 10
-6.1116
 20
11.3149
 10
-6.0869
 20
11.3283
 10
-6.0622
 20
11.3415
 10
-6.0374
 20
11.3547
 10
-6.0126
 20
11.3679
 10
-5.9878
 20
11.3809
 10
-5.963
 20
11.394
 10
-5.9381
 20
11.407
 10
-5.9132
 20
11.4199
 10
-5.8883
 20
11.4328
 10
-5.8633
 20
11.4456
 10
-5.8383
 20
11.4583
 10
-5.8133
 20
11.4711
 10
-5.7883
 20
11.4837
 10
-5.7632
 20
11.4963
 10
-5.7381
 20
11.5089
 10
-5.713
 20
11.5213
 10
-5.6878
 20
11.5338
 10
-5.6627
 20
11.5462
 10
-5.6375
 20
11.5585
 10
-5.6122
 20
11.5708
 10
-5.587
 20
11.583
 10
-5.5617
 20
11.5951
 10
-5.5364
 20
11.6072
 10
-5.511
 20
11.6193
 10
-5.4857
 20
11.6313
 10
-5.4603
 20
11.6432
 10
-5.4349
 20
11.6551
 10
-5.4094
 20
11.6669
 10
-5.384
 20
11.6787
 10
-5.3585
 20
11.6904
 10
-5.333
 20
11.7021
 10
-5.3074
 20
11.7137
 10
-5.2854
 20
11.7237
 10
-5.4399
 20
12.0708
 10
-5.4642
 20
12.0598
 10
-5.4905
 20
12.0479
 10
-5.5168
 20
12.0359
 10
-5.5431
 20
12.0238
 10
-5.5693
 20
12.0117
 10
-5.5955
 20
11.9995
 10
-5.6216
 20
11.9873
 10
-5.6478
 20
11.975
 10
-5.6739
 20
11.9626
 10
-5.7
 20
11.9502
 10
-5.726
 20
11.9378
 10
-5.7521
 20
11.9252
 10
-5.7781
 20
11.9127
 10
-5.804
 20
11.9
 10
-5.83
 20
11.8873
 10
-5.8559
 20
11.8746
 10
-5.8818
 20
11.8618
 10
-5.9077
 20
11.8489
 10
-5.9335
 20
11.836
 10
-5.9593
 20
11.823
 10
-5.9851
 20
11.81
 10
-6.0108
 20
11.7969
 10
-6.0366
 20
11.7838
 10
-6.0623
 20
11.7706
 10
-6.0879
 20
11.7573
 10
-6.1136
 20
11.744
 10
-6.1392
 20
11.7307
 10
-6.1647
 20
11.7172
 10
-6.1903
 20
11.7038
 10
-6.2158
 20
11.6902
 10
-6.2413
 20
11.6766
 10
-6.2668
 20
11.663
 10
-6.2922
 20
11.6493
 10
-6.3176
 20
11.6355
 10
-6.343
 20
11.6217
 10
-6.3683
 20
11.6079
 10
-6.3936
 20
11.5939
 10
-6.4189
 20
11.58
 10
-6.4441
 20
11.5659
 10
-6.4693
 20
11.5518
 10
-6.4945
 20
11.5377
 10
-6.5197
 20
11.5235
 10
-6.5245
 20
11.5208
 10
-6.3345
 20
11.1917
 10
-6.3326
 20
11.1928
 10
-6.3081
 20
11.2066
 10
-6.2837
 20
11.2203
 10
-6.2592
 20
11.234
  0
LWPOLYLINE
  5
CF
330
17
100
AcDbEntity
  8
ALTIN
100
AcDbPolyline
 90
90
 70
1
 10
-5.0506
 20
11.8267
 10
-5.0248
 20
11.8377
 10
-4.999
 20
11.8486
 10
-4.9731
 20
11.8595
 10
-4.9472
 20
11.8703
 10
-4.9213
 20
11.8811
 10
-4.8954
 20
11.8918
 10
-4.8694
 20
11.9025
 10
-4.8434
 20
11.913
 10
-4.8174
 20
11.9236
 10
-4.7914
 20
11.9341
 10
-4.7654
 20
11.9445
 10
-4.7393
 20
11.9549
 10
-4.7132
 20
11.9652
 10
-4.6871
 20
11.9754
 10
-4.661
 20
11.9856
 10
-4.6348
 20
11.9958
 10
-4.6086
 20
12.0058
 10
-4.5824
 20
12.0159
 10
-4.5562
 20
12.0258
 10
-4.5299
 20
12.0358
 10
-4.5037
 20
12.0456
 10
-4.4774
 20
12.0554
 10
-4.4511
 20
12.0651
 10
-4.4247
 20
12.0748
 10
-4.3984
 20
12.0844
 10
-4.372
 20
12.094
 10
-4.3456
 20
12.1035
 10
-4.3192
 20
12.113
 10
-4.2928
 20
12.1224
 10
-4.2663
 20
12.1317
 10
-4.2398
 20
12.141
 10
-4.2133
 20
12.1502
 10
-4.1868
 20
12.1594
 10
-4.1603
 20
12.1685
 10
-4.1337
 20
12.1775
 10
-4.1071
 20
12.1865
 10
-4.0805
 20
12.1954
 10
-4.0539
 20
12.2043
 10
-4.031
 20
12.2119
 10
-4.1484
 20
12.5733
 10
-4.1737
 20
12.5649
 10
-4.2011
 20
12.5558
 10
-4.2285
 20
12.5466
 10
-4.2559
 20
12.5374
 10
-4.2832
 20
12.528
 10
-4.3105
 20
12.5187
 10
-4.3378
 20
12.5092
 10
-4.3651
 20
12.4997
 10
-4.3924
 20
12.4902
 10
-4.4196
 20
12.4806
 10
-4.4468
 20
12.4709
 10
-4.474
 20
12.4612
 10
-4.5012
 20
12.4514
 10
-4.5283
 20
12.4415
 10
-4.5555
 20
12.4316
 10
-4.5826
 20
12.4217
 10
-4.6097
 20
12.4116
 10
-4.6367
 20
12.4015
 10
-4.6638
 20
12.3914
 10
-4.6908
 20
12.3812
 10
-4.7178
 20
12.3709
 10
-4.7448
 20
12.3606
 10
-4.7717
 20
12.3502
 10
-4.7987
 20
12.3398
 10
-4.8256
 20
12.3293
 10
-4.8525
 20
12.3187
 10
-4.8793
 20
12.3081
 10
-4.9062
 20
12.2974
 10
-4.933
 20
12.2867
 10
-4.9598
 20
12.2759
 10
-4.9866
 20
12.2651
 10
-5.0133
 20
12.2542
 10
-5.04
 20
12.2432
 10
-5.0667
 20
12.2322
 10
-5.0934
 20
12.2211
 10
-5.1201
 20
12.2099
 10
-5.1467
 20
12.1987
 10
-5.1733
 20
12.1875
 10
-5.1999
 20
12.1762
 10
-5.2264
 20
12.1648
 10
-5.2529
 20
12.1534
 10
-5.2794
 20
12.1419
 10
-5.3059
 20
12.1303
 10
-5.3303
 20
12.1196
 10
-5.1758
 20
11.7725
 10
-5.1536
 20
11.7822
 10
-5.1279
 20
11.7934
 10
-5.1022
 20
11.8046
 10
-5.0764
 20
11.8157
  0
LWPOLYLINE
  5
D0
330
17
100
AcDbEntity
  8
ALTIN
100
AcDbPolyline
 90
90
 70
1
 10
-3.7867
 20
12.2898
 10
-3.7599
 20
12.2981
 10
-3.7331
 20
12.3063
 10
-3.7062
 20
12.3144
 10
-3.6793
 20
12.3224
 10
-3.6524
 20
12.3304
 10
-3.6255
 20
12.3384
 10
-3.5986
 20
12.3462
 10
-3.5717
 20
12.3541
 10
-3.5447
 20
12.3618
 10
-3.5177
 20
12.3695
 10
-3.4907
 20
12.3772
 10
-3.4637
 20
12.3848
 10
-3.4367
 20
12.3923
 10
-3.4096
 20
12.3998
 10
-3.3826
 20
12.4072
 10
-3.3555
 20
12.4145
 10
-3.3284
 20
12.4218
 10
-3.3013
 20
12.429
 10
-3.2742
 20
12.4362
 10
-3.247
 20
12.4433
 10
-3.2199
 20
12.4504
 10
-3.1927
 20
12.4574
 10
-3.1655
 20
12.4643
 10
-3.1383
 20
12.4712
 10
-3.1111
 20
12.478
 10
-3.0839
 20
12.4848
 10
-3.0566
 20
12.4915
 10
-3.0294
 20
12.4981
 10
-3.0021
 20
12.5047
 10
-2.9748
 20
12.5112
 10
-2.9475
 20
12.5177
 10
-2.9202
 20
12.5241
 10
-2.8929
 20
12.5304
 10
-2.8655
 20
12.5367
 10
-2.8382
 20
12.5429
 10
-2.8108
 20
12.5491
 10
-2.7834
 20
12.5552
 10
-2.756
 20
12.5612
 10
-2.7324
 20
12.5664
 10
-2.8114
 20
12.9381
 10
-2.8375
 20
12.9324
 10
-2.8657
 20
12.9262
 10
-2.8939
 20
12.9199
 10
-2.922
 20
12.9135
 10
-2.9502
 20
12.9071
 10
-2.9784
 20
12.9007
 10
-3.0065
 20
12.8941
 10
-3.0346
 20
12.8875
 10
-3.0627
 20
12.8809
 10
-3.0908
 20
12.8742
 10
-3.1189
 20
12.8674
 10
-3.147
 20
12.8606
 10
-3.175
 20
12.8537
 10
-3.203
 20
12.8467
 10
-3.2311
 20
12.8397
 10
-3.2591
 20
12.8326
 10
-3.2871
 20
12.8255
 10
-3.315
 20
12.8183
 10
-3.343
 20
12.811
 10
-3.3709
 20
12.8037
 10
-3.3989
 20
12.7963
 10
-3.4268
 20
12.7889
 10
-3.4547
 20
12.7814
 10
-3.4825
 20
12.7738
 10
-3.5104
 20
12.7662
 10
-3.5382
 20
12.7585
 10
-3.5661
 20
12.7507
 10
-3.5939
 20
12.7429
 10
-3.6217
 20
12.735
 10
-3.6494
 20
12.7271
 10
-3.6772
 20
12.7191
 10
-3.7049
 20
12.7111
 10
-3.7327
 20
12.7029
 10
-3.7604
 20
12.6948
 10
-3.788
 20
12.6865
 10
-3.8157
 20
12.6782
 10
-3.8434
 20
12.6699
 10
-3.871
 20
12.6615
 10
-3.8986
 20
12.653
 10
-3.9262
 20
12.6445
 10
-3.9538
 20
12.6359
 10
-3.9813
 20
12.6272
 10
-4.0089
 20
12.6185
 10
-4.0343
 20
12.6104
 10
-3.9169
 20
12.249
 10
-3.8938
 20
12.2563
 10
-3.8671
 20
12.2648
 10
-3.8403
 20
12.2732
 10
-3.8135
 20
12.2816
  0
LWPOLYLINE
  5
D1
330
17
100
AcDbEntity
  8
ALTIN
100
AcDbPolyline
 90
90
 70
1
 10
-2.4263
 20
12.629
 10
-2.3987
 20
12.6343
 10
-2.3711
 20
12.6395
 10
-2.3435
 20
12.6447
 10
-2.316
 20
12.6497
 10
-2.2884
 20
12.6548
 10
-2.2607
 20
12.6597
 10
-2.2331
 20
12.6646
 10
-2.2055
 20
12.6695
 10
-2.1778
 20
12.6743
 10
-2.1502
 20
12.679
 10
-2.1225
 20
12.6836
 10
-2.0948
 20
12.6882
 10
-2.0671
 20
12.6928
 10
-2.0395
 20
12.6973
 10
-2.0117
 20
12.7017
 10
-1.984
 20
12.706
 10
-1.9563
 20
12.7103
 10
-1.9286
 20
12.7146
 10
-1.9008
 20
12.7187
 10
-1.8731
 20
12.7229
 10
-1.8453
 20
12.7269
 10
-1.8175
 20
12.7309
 10
-1.7898
 20
12.7348
 10
-1.762
 20
12.7387
 10
-1.7342
 20
12.7425
 10
-1.7064
 20
12.7463
 10
-1.6786
 20
12.75
 10
-1.6507
 20
12.7536
 10
-1.6229
 20
12.7572
 10
-1.5951
 20
12.7607
 10
-1.5672
 20
12.7641
 10
-1.5394
 20
12.7675
 10
-1.5115
 20
12.7709
 10
-1.4837
 20
12.7741
 10
-1.4558
 20
12.7773
 10
-1.4279
 20
12.7805
 10
-1.4039
 20
12.7831
 10
-1.4436
 20
13.1611
 10
-1.4701
 20
13.1581
 10
-1.4988
 20
13.1549
 10
-1.5275
 20
13.1516
 10
-1.5562
 20
13.1482
 10
-1.5849
 20
13.1448
 10
-1.6136
 20
13.1413
 10
-1.6422
 20
13.1378
 10
-1.6709
 20
13.1341
 10
-1.6995
 20
13.1305
 10
-1.7282
 20
13.1267
 10
-1.7568
 20
13.1229
 10
-1.7854
 20
13.1191
 10
-1.814
 20
13.1151
 10
-1.8427
 20
13.1111
 10
-1.8713
 20
13.1071
 10
-1.8998
 20
13.103
 10
-1.9284
 20
13.0988
 10
-1.957
 20
13.0946
 10
-1.9856
 20
13.0903
 10
-2.0141
 20
13.0859
 10
-2.0427
 20
13.0815
 10
-2.0712
 20
13.077
 10
-2.0997
 20
13.0724
 10
-2.1282
 20
13.0678
 10
-2.1567
 20
13.0632
 10
-2.1852
 20
13.0584
 10
-2.2137
 20
13.0536
 10
-2.2422
 20
13.0488
 10
-2.2707
 20
13.0438
 10
-2.2991
 20
13.0389
 10
-2.3275
 20
13.0338
 10
-2.356
 20
13.0287
 10
-2.3844
 20
13.0235
 10
-2.4128
 20
13.0183
 10
-2.4412
 20
13.013
 10
-2.4696
 20
13.0076
 10
-2.498
 20
13.0022
 10
-2.5263
 20
12.9967
 10
-2.5547
 20
12.9912
 10
-2.583
 20
12.9856
 10
-2.6113
 20
12.9799
 10
-2.6396
 20
12.9742
 10
-2.6679
 20
12.9684
 10
-2.694
 20
12.963
 10
-2.615
 20
12.5913
 10
-2.5914
 20
12.5962
 10
-2.5639
 20
12.6018
 10
-2.5364
 20
12.6074
 10
-2.5089
 20
12.6129
 10
-2.4813
 20
12.6183
 10
-2.4538
 20
12.6237
  0
LWPOLYLINE
  5
D2
330
17
100
AcDbEntity
  8
ALTIN
100
AcDbPolyline
 90
88
 70
1
 10
-1.0929
 20
12.8135
 10
-1.0649
 20
12.8158
 10
-1.037
 20
12.8181
 10
-1.009
 20
12.8204
 10
-0.981
 20
12.8225
 10
-0.953
 20
12.8246
 10
-0.9251
 20
12.8267
 10
-0.8971
 20
12.8287
 10
-0.8691
 20
12.8306
 10
-0.8411
 20
12.8325
 10
-0.8131
 20
12.8343
 10
-0.7851
 20
12.836
 10
-0.7571
 20
12.8377
 10
-0.7291
 20
12.8393
 10
-0.7011
 20
12.8409
 10
-0.673
 20
12.8424
 10
-0.645
 20
12.8438
 10
-0.617
 20
12.8452
 10
-0.589
 20
12.8465
 10
-0.5609
 20
12.8478
 10
-0.5329
 20
12.849
 10
-0.5049
 20
12.8501
 10
-0.4768
 20
12.8512
 10
-0.4488
 20
12.8522
 10
-0.4208
 20
12.8531
 10
-0.3927
 20
12.854
 10
-0.3647
 20
12.8548
 10
-0.3366
 20
12.8556
 10
-0.3086
 20
12.8563
 10
-0.2805
 20
12.8569
 10
-0.2525
 20
12.8575
 10
-0.2244
 20
12.858
 10
-0.1964
 20
12.8585
 10
-0.1683
 20
12.8589
 10
-0.1403
 20
12.8592
 10
-0.1122
 20
12.8595
 10
-0.11
 20
12.8595
 10
-0.11
 20
13.2395
 10
-0.1155
 20
13.2395
 10
-0.1444
 20
13.2392
 10
-0.1733
 20
13.2389
 10
-0.2022
 20
13.2385
 10
-0.2311
 20
13.238
 10
-0.26
 20
13.2374
 10
-0.2888
 20
13.2368
 10
-0.3177
 20
13.2362
 10
-0.3466
 20
13.2355
 10
-0.3755
 20
13.2347
 10
-0.4043
 20
13.2338
 10
-0.4332
 20
13.2329
 10
-0.4621
 20
13.2319
 10
-0.4909
 20
13.2309
 10
-0.5198
 20
13.2298
 10
-0.5487
 20
13.2286
 10
-0.5775
 20
13.2274
 10
-0.6064
 20
13.2261
 10
-0.6352
 20
13.2248
 10
-0.6641
 20
13.2233
 10
-0.6929
 20
13.2219
 10
-0.7218
 20
13.2203
 10
-0.7506
 20
13.2187
 10
-0.7794
 20
13.217
 10
-0.8083
 20
13.2153
 10
-0.8371
 20
13.2135
 10
-0.8659
 20
13.2117
 10
-0.8948
 20
13.2097
 10
-0.9236
 20
13.2077
 10
-0.9524
 20
13.2057
 10
-0.9812
 20
13.2036
 10
-1.01
 20
13.2014
 10
-1.0388
 20
13.1992
 10
-1.0676
 20
13.1969
 10
-1.0964
 20
13.1945
 10
-1.1252
 20
13.1921
 10
-1.1539
 20
13.1896
 10
-1.1827
 20
13.1871
 10
-1.2115
 20
13.1845
 10
-1.2402
 20
13.1818
 10
-1.269
 20
13.179
 10
-1.2977
 20
13.1762
 10
-1.3243
 20
13.1736
 10
-1.2845
 20
12.7957
 10
-1.2605
 20
12.7981
 10
-1.2326
 20
12.8008
 10
-1.2046
 20
12.8035
 10
-1.1767
 20
12.8061
 10
-1.1488
 20
12.8086
 10
-1.1208
 20
12.8111
  0
LWPOLYLINE
  5
D3
330
17
100
AcDbEntity
  8
ALTIN
100
AcDbPolyline
 90
88
 70
1
 10
0.2805
 20
12.8569
 10
0.3086
 20
12.8563
 10
0.3366
 20
12.8556
 10
0.3647
 20
12.8548
 10
0.3927
 20
12.854
 10
0.4208
 20
12.8531
 10
0.4488
 20
12.8522
 10
0.4768
 20
12.8512
 10
0.5049
 20
12.8501
 10
0.5329
 20
12.849
 10
0.5609
 20
12.8478
 10
0.589
 20
12.8465
 10
0.617
 20
12.8452
 10
0.645
 20
12.8438
 10
0.673
 20
12.8424
 10
0.7011
 20
12.8409
 10
0.7291
 20
12.8393
 10
0.7571
 20
12.8377
 10
0.7851
 20
12.836
 10
0.8131
 20
12.8343
 10
0.8411
 20
12.8325
 10
0.8691
 20
12.8306
 10
0.8971
 20
12.8287
 10
0.9251
 20
12.8267
 10
0.953
 20
12.8246
 10
0.981
 20
12.8225
 10
1.009
 20
12.8204
 10
1.037
 20
12.8181
 10
1.0649
 20
12.8158
 10
1.0929
 20
12.8135
 10
1.1208
 20
12.8111
 10
1.1488
 20
12.8086
 10
1.1767
 20
12.8061
 10
1.2046
 20
12.8035
 10
1.2326
 20
12.8008
 10
1.2605
 20
12.7981
 10
1.2845
 20
12.7957
 10
1.3243
 20
13.1736
 10
1.2977
 20
13.1762
 10
1.269
 20
13.179
 10
1.2402
 20
13.1818
 10
1.2115
 20
13.1845
 10
1.1827
 20
13.1871
 10
1.1539
 20
13.1896
 10
1.1252
 20
13.1921
 10
1.0964
 20
13.1945
 10
1.0676
 20
13.1969
 10
1.0388
 20
13.1992
 10
1.01
 20
13.2014
 10
0.9812
 20
13.2036
 10
0.9524
 20
13.2057
 10
0.9236
 20
13.2077
 10
0.8948
 20
13.2097
 10
0.8659
 20
13.2117
 10
0.8371
 20
13.2135
 10
0.8083
 20
13.2153
 10
0.7794
 20
13.217
 10
0.7506
 20
13.2187
 10
0.7218
 20
13.2203
 10
0.6929
 20
13.2219
 10
0.6641
 20
13.2233
 10
0.6352
 20
13.2248
 10
0.6064
 20
13.2261
 10
0.5775
 20
13.2274
 10
0.5487
 20
13.2286
 10
0.5198
 20
13.2298
 10
0.4909
 20
13.2309
 10
0.4621
 20
13.2319
 10
0.4332
 20
13.2329
 10
0.4043
 20
13.2338
 10
0.3755
 20
13.2347
 10
0.3466
 20
13.2355
 10
0.3177
 20
13.2362
 10
0.2888
 20
13.2368
 10
0.26
 20
13.2374
 10
0.2311
 20
13.238
 10
0.2022
 20
13.2385
 10
0.1733
 20
13.2389
 10
0.1444
 20
13.2392
 10
0.1155
 20
13.2395
 10
0.11
 20
13.2395
 10
0.11
 20
12.8595
 10
0.1122
 20
12.8595
 10
0.1403
 20
12.8592
 10
0.1683
 20
12.8589
 10
0.1964
 20
12.8585
 10
0.2244
 20
12.858
 10
0.2525
 20
12.8575
  0
LWPOLYLINE
  5
D4
330
17
100
AcDbEntity
  8
ALTIN
100
AcDbPolyline
 90
90
 70
1
 10
1.5951
 20
12.7607
 10
1.6229
 20
12.7572
 10
1.6507
 20
12.7536
 10
1.6786
 20
12.75
 10
1.7064
 20
12.7463
 10
1.7342
 20
12.7425
 10
1.762
 20
12.7387
 10
1.7898
 20
12.7348
 10
1.8175
 20
12.7309
 10
1.8453
 20
12.7269
 10
1.8731
 20
12.7229
 10
1.9008
 20
12.7187
 10
1.9286
 20
12.7146
 10
1.9563
 20
12.7103
 10
1.984
 20
12.706
 10
2.0117
 20
12.7017
 10
2.0395
 20
12.6973
 10
2.0671
 20
12.6928
 10
2.0948
 20
12.6882
 10
2.1225
 20
12.6836
 10
2.1502
 20
12.679
 10
2.1778
 20
12.6743
 10
2.2055
 20
12.6695
 10
2.2331
 20
12.6646
 10
2.2607
 20
12.6597
 10
2.2884
 20
12.6548
 10
2.316
 20
12.6497
 10
2.3435
 20
12.6447
 10
2.3711
 20
12.6395
 10
2.3987
 20
12.6343
 10
2.4263
 20
12.629
 10
2.4538
 20
12.6237
 10
2.4813
 20
12.6183
 10
2.5089
 20
12.6129
 10
2.5364
 20
12.6074
 10
2.5639
 20
12.6018
 10
2.5914
 20
12.5962
 10
2.615
 20
12.5913
 10
2.694
 20
12.963
 10
2.6679
 20
12.9684
 10
2.6396
 20
12.9742
 10
2.6113
 20
12.9799
 10
2.583
 20
12.9856
 10
2.5547
 20
12.9912
 10
2.5263
 20
12.9967
 10
2.498
 20
13.0022
 10
2.4696
 20
13.0076
 10
2.4412
 20
13.013
 10
2.4128
 20
13.0183
 10
2.3844
 20
13.0235
 10
2.356
 20
13.0287
 10
2.3275
 20
13.0338
 10
2.2991
 20
13.0389
 10
2.2707
 20
13.0438
 10
2.2422
 20
13.0488
 10
2.2137
 20
13.0536
 10
2.1852
 20
13.0584
 10
2.1567
 20
13.0632
 10
2.1282
 20
13.0678
 10
2.0997
 20
13.0724
 10
2.0712
 20
13.077
 10
2.0427
 20
13.0815
 10
2.0141
 20
13.0859
 10
1.9856
 20
13.0903
 10
1.957
 20
13.0946
 10
1.9284
 20
13.0988
 10
1.8998
 20
13.103
 10
1.8713
 20
13.1071
 10
1.8427
 20
13.1111
 10
1.814
 20
13.1151
 10
1.7854
 20
13.1191
 10
1.7568
 20
13.1229
 10
1.7282
 20
13.1267
 10
1.6995
 20
13.1305
 10
1.6709
 20
13.1341
 10
1.6422
 20
13.1378
 10
1.6136
 20
13.1413
 10
1.5849
 20
13.1448
 10
1.5562
 20
13.1482
 10
1.5275
 20
13.1516
 10
1.4988
 20
13.1549
 10
1.4701
 20
13.1581
 10
1.4436
 20
13.1611
 10
1.4039
 20
12.7831
 10
1.4279
 20
12.7805
 10
1.4558
 20
12.7773
 10
1.4837
 20
12.7741
 10
1.5115
 20
12.7709
 10
1.5394
 20
12.7675
 10
1.5672
 20
12.7641
  0
LWPOLYLINE
  5
D5
330
17
100
AcDbEntity
  8
ALTIN
100
AcDbPolyline
 90
90
 70
1
 10
2.9202
 20
12.5241
 10
2.9475
 20
12.5177
 10
2.9748
 20
12.5112
 10
3.0021
 20
12.5047
 10
3.0294
 20
12.4981
 10
3.0566
 20
12.4915
 10
3.0839
 20
12.4848
 10
3.1111
 20
12.478
 10
3.1383
 20
12.4712
 10
3.1655
 20
12.4643
 10
3.1927
 20
12.4574
 10
3.2199
 20
12.4504
 10
3.247
 20
12.4433
 10
3.2742
 20
12.4362
 10
3.3013
 20
12.429
 10
3.3284
 20
12.4218
 10
3.3555
 20
12.4145
 10
3.3826
 20
12.4072
 10
3.4096
 20
12.3998
 10
3.4367
 20
12.3923
 10
3.4637
 20
12.3848
 10
3.4907
 20
12.3772
 10
3.5177
 20
12.3695
 10
3.5447
 20
12.3618
 10
3.5717
 20
12.3541
 10
3.5986
 20
12.3462
 10
3.6255
 20
12.3384
 10
3.6524
 20
12.3304
 10
3.6793
 20
12.3224
 10
3.7062
 20
12.3144
 10
3.7331
 20
12.3063
 10
3.7599
 20
12.2981
 10
3.7867
 20
12.2898
 10
3.8135
 20
12.2816
 10
3.8403
 20
12.2732
 10
3.8671
 20
12.2648
 10
3.8938
 20
12.2563
 10
3.9169
 20
12.249
 10
4.0343
 20
12.6104
 10
4.0089
 20
12.6185
 10
3.9813
 20
12.6272
 10
3.9538
 20
12.6359
 10
3.9262
 20
12.6445
 10
3.8986
 20
12.653
 10
3.871
 20
12.6615
 10
3.8434
 20
12.6699
 10
3.8157
 20
12.6782
 10
3.788
 20
12.6865
 10
3.7604
 20
12.6948
 10
3.7327
 20
12.7029
 10
3.7049
 20
12.7111
 10
3.6772
 20
12.7191
 10
3.6494
 20
12.7271
 10
3.6217
 20
12.735
 10
3.5939
 20
12.7429
 10
3.5661
 20
12.7507
 10
3.5382
 20
12.7585
 10
3.5104
 20
12.7662
 10
3.4825
 20
12.7738
 10
3.4547
 20
12.7814
 10
3.4268
 20
12.7889
 10
3.3989
 20
12.7963
 10
3.3709
 20
12.8037
 10
3.343
 20
12.811
 10
3.315
 20
12.8183
 10
3.2871
 20
12.8255
 10
3.2591
 20
12.8326
 10
3.2311
 20
12.8397
 10
3.203
 20
12.8467
 10
3.175
 20
12.8537
 10
3.147
 20
12.8606
 10
3.1189
 20
12.8674
 10
3.0908
 20
12.8742
 10
3.0627
 20
12.8809
 10
3.0346
 20
12.8875
 10
3.0065
 20
12.8941
 10
2.9784
 20
12.9007
 10
2.9502
 20
12.9071
 10
2.922
 20
12.9135
 10
2.8939
 20
12.9199
 10
2.8657
 20
12.9262
 10
2.8375
 20
12.9324
 10
2.8114
 20
12.9381
 10
2.7324
 20
12.5664
 10
2.756
 20
12.5612
 10
2.7834
 20
12.5552
 10
2.8108
 20
12.5491
 10
2.8382
 20
12.5429
 10
2.8655
 20
12.5367
 10
2.8929
 20
12.5304
  0
LWPOLYLINE
  5
D6
330
17
100
AcDbEntity
  8
ALTIN
100
AcDbPolyline
 90
88
 70
1
 10
0.2888
 20
-13.2368
 10
0.3177
 20
-13.2362
 10
0.3466
 20
-13.2355
 10
0.3755
 20
-13.2347
 10
0.4043
 20
-13.2338
 10
0.4332
 20
-13.2329
 10
0.4621
 20
-13.2319
 10
0.4909
 20
-13.2309
 10
0.5198
 20
-13.2298
 10
0.5487
 20
-13.2286
 10
0.5775
 20
-13.2274
 10
0.6064
 20
-13.2261
 10
0.6352
 20
-13.2248
 10
0.6641
 20
-13.2233
 10
0.6929
 20
-13.2219
 10
0.7218
 20
-13.2203
 10
0.7506
 20
-13.2187
 10
0.7794
 20
-13.217
 10
0.8083
 20
-13.2153
 10
0.8371
 20
-13.2135
 10
0.8659
 20
-13.2117
 10
0.8948
 20
-13.2097
 10
0.9236
 20
-13.2077
 10
0.9524
 20
-13.2057
 10
0.9812
 20
-13.2036
 10
1.01
 20
-13.2014
 10
1.0388
 20
-13.1992
 10
1.0676
 20
-13.1969
 10
1.0964
 20
-13.1945
 10
1.1252
 20
-13.1921
 10
1.1539
 20
-13.1896
 10
1.1827
 20
-13.1871
 10
1.2115
 20
-13.1845
 10
1.2402
 20
-13.1818
 10
1.269
 20
-13.179
 10
1.2977
 20
-13.1762
 10
1.3243
 20
-13.1736
 10
1.2845
 20
-12.7957
 10
1.2605
 20
-12.7981
 10
1.2326
 20
-12.8008
 10
1.2046
 20
-12.8035
 10
1.1767
 20
-12.8061
 10
1.1488
 20
-12.8086
 10
1.1208
 20
-12.8111
 10
1.0929
 20
-12.8135
 10
1.0649
 20
-12.8158
 10
1.037
 20
-12.8181
 10
1.009
 20
-12.8204
 10
0.981
 20
-12.8225
 10
0.953
 20
-12.8246
 10
0.9251
 20
-12.8267
 10
0.8971
 20
-12.8287
 10
0.8691
 20
-12.8306
 10
0.8411
 20
-12.8325
 10
0.8131
 20
-12.8343
 10
0.7851
 20
-12.836
 10
0.7571
 20
-12.8377
 10
0.7291
 20
-12.8393
 10
0.7011
 20
-12.8409
 10
0.673
 20
-12.8424
 10
0.645
 20
-12.8438
 10
0.617
 20
-12.8452
 10
0.589
 20
-12.8465
 10
0.5609
 20
-12.8478
 10
0.5329
 20
-12.849
 10
0.5049
 20
-12.8501
 10
0.4768
 20
-12.8512
 10
0.4488
 20
-12.8522
 10
0.4208
 20
-12.8531
 10
0.3927
 20
-12.854
 10
0.3647
 20
-12.8548
 10
0.3366
 20
-12.8556
 10
0.3086
 20
-12.8563
 10
0.2805
 20
-12.8569
 10
0.2525
 20
-12.8575
 10
0.2244
 20
-12.858
 10
0.1964
 20
-12.8585
 10
0.1683
 20
-12.8589
 10
0.1403
 20
-12.8592
 10
0.1122
 20
-12.8595
 10
0.11
 20
-12.8595
 10
0.11
 20
-13.2395
 10
0.1155
 20
-13.2395
 10
0.1444
 20
-13.2392
 10
0.1733
 20
-13.2389
 10
0.2022
 20
-13.2385
 10
0.2311
 20
-13.238
 10
0.26
 20
-13.2374
  0
LWPOLYLINE
  5
D7
330
17
100
AcDbEntity
  8
ALTIN
100
AcDbPolyline
 90
90
 70
1
 10
1.6422
 20
-13.1378
 10
1.6709
 20
-13.1341
 10
1.6995
 20
-13.1305
 10
1.7282
 20
-13.1267
 10
1.7568
 20
-13.1229
 10
1.7854
 20
-13.1191
 10
1.814
 20
-13.1151
 10
1.8427
 20
-13.1111
 10
1.8713
 20
-13.1071
 10
1.8998
 20
-13.103
 10
1.9284
 20
-13.0988
 10
1.957
 20
-13.0946
 10
1.9856
 20
-13.0903
 10
2.0141
 20
-13.0859
 10
2.0427
 20
-13.0815
 10
2.0712
 20
-13.077
 10
2.0997
 20
-13.0724
 10
2.1282
 20
-13.0678
 10
2.1567
 20
-13.0632
 10
2.1852
 20
-13.0584
 10
2.2137
 20
-13.0536
 10
2.2422
 20
-13.0488
 10
2.2707
 20
-13.0438
 10
2.2991
 20
-13.0389
 10
2.3275
 20
-13.0338
 10
2.356
 20
-13.0287
 10
2.3844
 20
-13.0235
 10
2.4128
 20
-13.0183
 10
2.4412
 20
-13.013
 10
2.4696
 20
-13.0076
 10
2.498
 20
-13.0022
 10
2.5263
 20
-12.9967
 10
2.5547
 20
-12.9912
 10
2.583
 20
-12.9856
 10
2.6113
 20
-12.9799
 10
2.6396
 20
-12.9742
 10
2.6679
 20
-12.9684
 10
2.694
 20
-12.963
 10
2.615
 20
-12.5913
 10
2.5914
 20
-12.5962
 10
2.5639
 20
-12.6018
 10
2.5364
 20
-12.6074
 10
2.5089
 20
-12.6129
 10
2.4813
 20
-12.6183
 10
2.4538
 20
-12.6237
 10
2.4263
 20
-12.629
 10
2.3987
 20
-12.6343
 10
2.3711
 20
-12.6395
 10
2.3435
 20
-12.6447
 10
2.316
 20
-12.6497
 10
2.2884
 20
-12.6548
 10
2.2607
 20
-12.6597
 10
2.2331
 20
-12.6646
 10
2.2055
 20
-12.6695
 10
2.1778
 20
-12.6743
 10
2.1502
 20
-12.679
 10
2.1225
 20
-12.6836
 10
2.0948
 20
-12.6882
 10
2.0671
 20
-12.6928
 10
2.0395
 20
-12.6973
 10
2.0117
 20
-12.7017
 10
1.984
 20
-12.706
 10
1.9563
 20
-12.7103
 10
1.9286
 20
-12.7146
 10
1.9008
 20
-12.7187
 10
1.8731
 20
-12.7229
 10
1.8453
 20
-12.7269
 10
1.8175
 20
-12.7309
 10
1.7898
 20
-12.7348
 10
1.762
 20
-12.7387
 10
1.7342
 20
-12.7425
 10
1.7064
 20
-12.7463
 10
1.6786
 20
-12.75
 10
1.6507
 20
-12.7536
 10
1.6229
 20
-12.7572
 10
1.5951
 20
-12.7607
 10
1.5672
 20
-12.7641
 10
1.5394
 20
-12.7675
 10
1.5115
 20
-12.7709
 10
1.4837
 20
-12.7741
 10
1.4558
 20
-12.7773
 10
1.4279
 20
-12.7805
 10
1.4039
 20
-12.7831
 10
1.4436
 20
-13.1611
 10
1.4701
 20
-13.1581
 10
1.4988
 20
-13.1549
 10
1.5275
 20
-13.1516
 10
1.5562
 20
-13.1482
 10
1.5849
 20
-13.1448
 10
1.6136
 20
-13.1413
  0
LWPOLYLINE
  5
D8
330
17
100
AcDbEntity
  8
ALTIN
100
AcDbPolyline
 90
90
 70
1
 10
3.0065
 20
-12.8941
 10
3.0346
 20
-12.8875
 10
3.0627
 20
-12.8809
 10
3.0908
 20
-12.8742
 10
3.1189
 20
-12.8674
 10
3.147
 20
-12.8606
 10
3.175
 20
-12.8537
 10
3.203
 20
-12.8467
 10
3.2311
 20
-12.8397
 10
3.2591
 20
-12.8326
 10
3.2871
 20
-12.8255
 10
3.315
 20
-12.8183
 10
3.343
 20
-12.811
 10
3.3709
 20
-12.8037
 10
3.3989
 20
-12.7963
 10
3.4268
 20
-12.7889
 10
3.4547
 20
-12.7814
 10
3.4825
 20
-12.7738
 10
3.5104
 20
-12.7662
 10
3.5382
 20
-12.7585
 10
3.5661
 20
-12.7507
 10
3.5939
 20
-12.7429
 10
3.6217
 20
-12.735
 10
3.6494
 20
-12.7271
 10
3.6772
 20
-12.7191
 10
3.7049
 20
-12.7111
 10
3.7327
 20
-12.7029
 10
3.7604
 20
-12.6948
 10
3.788
 20
-12.6865
 10
3.8157
 20
-12.6782
 10
3.8434
 20
-12.6699
 10
3.871
 20
-12.6615
 10
3.8986
 20
-12.653
 10
3.9262
 20
-12.6445
 10
3.9538
 20
-12.6359
 10
3.9813
 20
-12.6272
 10
4.0089
 20
-12.6185
 10
4.0343
 20
-12.6104
 10
3.9169
 20
-12.249
 10
3.8938
 20
-12.2563
 10
3.8671
 20
-12.2648
 10
3.8403
 20
-12.2732
 10
3.8135
 20
-12.2816
 10
3.7867
 20
-12.2898
 10
3.7599
 20
-12.2981
 10
3.7331
 20
-12.3063
 10
3.7062
 20
-12.3144
 10
3.6793
 20
-12.3224
 10
3.6524
 20
-12.3304
 10
3.6255
 20
-12.3384
 10
3.5986
 20
-12.3462
 10
3.5717
 20
-12.3541
 10
3.5447
 20
-12.3618
 10
3.5177
 20
-12.3695
 10
3.4907
 20
-12.3772
 10
3.4637
 20
-12.3848
 10
3.4367
 20
-12.3923
 10
3.4096
 20
-12.3998
 10
3.3826
 20
-12.4072
 10
3.3555
 20
-12.4145
 10
3.3284
 20
-12.4218
 10
3.3013
 20
-12.429
 10
3.2742
 20
-12.4362
 10
3.247
 20
-12.4433
 10
3.2199
 20
-12.4504
 10
3.1927
 20
-12.4574
 10
3.1655
 20
-12.4643
 10
3.1383
 20
-12.4712
 10
3.1111
 20
-12.478
 10
3.0839
 20
-12.4848
 10
3.0566
 20
-12.4915
 10
3.0294
 20
-12.4981
 10
3.0021
 20
-12.5047
 10
2.9748
 20
-12.5112
 10
2.9475
 20
-12.5177
 10
2.9202
 20
-12.5241
 10
2.8929
 20
-12.5304
 10
2.8655
 20
-12.5367
 10
2.8382
 20
-12.5429
 10
2.8108
 20
-12.5491
 10
2.7834
 20
-12.5552
 10
2.756
 20
-12.5612
 10
2.7324
 20
-12.5664
 10
2.8114
 20
-12.9381
 10
2.8375
 20
-12.9324
 10
2.8657
 20
-12.9262
 10
2.8939
 20
-12.9199
 10
2.922
 20
-12.9135
 10
2.9502
 20
-12.9071
 10
2.9784
 20
-12.9007
  0
LWPOLYLINE
  5
D9
330
17
100
AcDbEntity
  8
ALTIN
100
AcDbPolyline
 90
90
 70
1
 10
4.3378
 20
-12.5092
 10
4.3651
 20
-12.4997
 10
4.3924
 20
-12.4902
 10
4.4196
 20
-12.4806
 10
4.4468
 20
-12.4709
 10
4.474
 20
-12.4612
 10
4.5012
 20
-12.4514
 10
4.5283
 20
-12.4415
 10
4.5555
 20
-12.4316
 10
4.5826
 20
-12.4217
 10
4.6097
 20
-12.4116
 10
4.6367
 20
-12.4015
 10
4.6638
 20
-12.3914
 10
4.6908
 20
-12.3812
 10
4.7178
 20
-12.3709
 10
4.7448
 20
-12.3606
 10
4.7717
 20
-12.3502
 10
4.7987
 20
-12.3398
 10
4.8256
 20
-12.3293
 10
4.8525
 20
-12.3187
 10
4.8793
 20
-12.3081
 10
4.9062
 20
-12.2974
 10
4.933
 20
-12.2867
 10
4.9598
 20
-12.2759
 10
4.9866
 20
-12.2651
 10
5.0133
 20
-12.2542
 10
5.04
 20
-12.2432
 10
5.0667
 20
-12.2322
 10
5.0934
 20
-12.2211
 10
5.1201
 20
-12.2099
 10
5.1467
 20
-12.1987
 10
5.1733
 20
-12.1875
 10
5.1999
 20
-12.1762
 10
5.2264
 20
-12.1648
 10
5.2529
 20
-12.1534
 10
5.2794
 20
-12.1419
 10
5.3059
 20
-12.1303
 10
5.3303
 20
-12.1196
 10
5.1758
 20
-11.7725
 10
5.1536
 20
-11.7822
 10
5.1279
 20
-11.7934
 10
5.1022
 20
-11.8046
 10
5.0764
 20
-11.8157
 10
5.0506
 20
-11.8267
 10
5.0248
 20
-11.8377
 10
4.999
 20
-11.8486
 10
4.9731
 20
-11.8595
 10
4.9472
 20
-11.8703
 10
4.9213
 20
-11.8811
 10
4.8954
 20
-11.8918
 10
4.8694
 20
-11.9025
 10
4.8434
 20
-11.913
 10
4.8174
 20
-11.9236
 10
4.7914
 20
-11.9341
 10
4.7654
 20
-11.9445
 10
4.7393
 20
-11.9549
 10
4.7132
 20
-11.9652
 10
4.6871
 20
-11.9754
 10
4.661
 20
-11.9856
 10
4.6348
 20
-11.9958
 10
4.6086
 20
-12.0058
 10
4.5824
 20
-12.0159
 10
4.5562
 20
-12.0258
 10
4.5299
 20
-12.0358
 10
4.5037
 20
-12.0456
 10
4.4774
 20
-12.0554
 10
4.4511
 20
-12.0651
 10
4.4247
 20
-12.0748
 10
4.3984
 20
-12.0844
 10
4.372
 20
-12.094
 10
4.3456
 20
-12.1035
 10
4.3192
 20
-12.113
 10
4.2928
 20
-12.1224
 10
4.2663
 20
-12.1317
 10
4.2398
 20
-12.141
 10
4.2133
 20
-12.1502
 10
4.1868
 20
-12.1594
 10
4.1603
 20
-12.1685
 10
4.1337
 20
-12.1775
 10
4.1071
 20
-12.1865
 10
4.0805
 20
-12.1954
 10
4.0539
 20
-12.2043
 10
4.031
 20
-12.2119
 10
4.1484
 20
-12.5733
 10
4.1737
 20
-12.5649
 10
4.2011
 20
-12.5558
 10
4.2285
 20
-12.5466
 10
4.2559
 20
-12.5374
 10
4.2832
 20
-12.528
 10
4.3105
 20
-12.5187
  0
LWPOLYLINE
  5
DA
330
17
100
AcDbEntity
  8
ALTIN
100
AcDbPolyline
 90
88
 70
1
 10
5.6216
 20
-11.9873
 10
5.6478
 20
-11.975
 10
5.6739
 20
-11.9626
 10
5.7
 20
-11.9502
 10
5.726
 20
-11.9378
 10
5.7521
 20
-11.9252
 10
5.7781
 20
-11.9127
 10
5.804
 20
-11.9
 10
5.83
 20
-11.8873
 10
5.8559
 20
-11.8746
 10
5.8818
 20
-11.8618
 10
5.9077
 20
-11.8489
 10
5.9335
 20
-11.836
 10
5.9593
 20
-11.823
 10
5.9851
 20
-11.81
 10
6.0108
 20
-11.7969
 10
6.0366
 20
-11.7838
 10
6.0623
 20
-11.7706
 10
6.0879
 20
-11.7573
 10
6.1136
 20
-11.744
 10
6.1392
 20
-11.7307
 10
6.1647
 20
-11.7172
 10
6.1903
 20
-11.7038
 10
6.2158
 20
-11.6902
 10
6.2413
 20
-11.6766
 10
6.2668
 20
-11.663
 10
6.2922
 20
-11.6493
 10
6.3176
 20
-11.6355
 10
6.343
 20
-11.6217
 10
6.3683
 20
-11.6079
 10
6.3936
 20
-11.5939
 10
6.4189
 20
-11.58
 10
6.4441
 20
-11.5659
 10
6.4693
 20
-11.5518
 10
6.4945
 20
-11.5377
 10
6.5197
 20
-11.5235
 10
6.5245
 20
-11.5208
 10
6.3345
 20
-11.1917
 10
6.3326
 20
-11.1928
 10
6.3081
 20
-11.2066
 10
6.2837
 20
-11.2203
 10
6.2592
 20
-11.234
 10
6.2347
 20
-11.2476
 10
6.2101
 20
-11.2612
 10
6.1855
 20
-11.2747
 10
6.1609
 20
-11.2882
 10
6.1363
 20
-11.3016
 10
6.1116
 20
-11.3149
 10
6.0869
 20
-11.3283
 10
6.0622
 20
-11.3415
 10
6.0374
 20
-11.3547
 10
6.0126
 20
-11.3679
 10
5.9878
 20
-11.3809
 10
5.963
 20
-11.394
 10
5.9381
 20
-11.407
 10
5.9132
 20
-11.4199
 10
5.8883
 20
-11.4328
 10
5.8633
 20
-11.4456
 10
5.8383
 20
-11.4583
 10
5.8133
 20
-11.4711
 10
5.7883
 20
-11.4837
 10
5.7632
 20
-11.4963
 10
5.7381
 20
-11.5089
 10
5.713
 20
-11.5213
 10
5.6878
 20
-11.5338
 10
5.6627
 20
-11.5462
 10
5.6375
 20
-11.5585
 10
5.6122
 20
-11.5708
 10
5.587
 20
-11.583
 10
5.5617
 20
-11.5951
 10
5.5364
 20
-11.6072
 10
5.511
 20
-11.6193
 10
5.4857
 20
-11.6313
 10
5.4603
 20
-11.6432
 10
5.4349
 20
-11.6551
 10
5.4094
 20
-11.6669
 10
5.384
 20
-11.6787
 10
5.3585
 20
-11.6904
 10
5.333
 20
-11.7021
 10
5.3074
 20
-11.7137
 10
5.2854
 20
-11.7237
 10
5.4399
 20
-12.0708
 10
5.4642
 20
-12.0598
 10
5.4905
 20
-12.0479
 10
5.5168
 20
-12.0359
 10
5.5431
 20
-12.0238
 10
5.5693
 20
-12.0117
 10
5.5955
 20
-11.9995
  0
LWPOLYLINE
  5
DB
330
17
100
AcDbEntity
  8
ALTIN
100
AcDbPolyline
 90
88
 70
1
 10
6.8686
 20
-11.319
 10
6.8932
 20
-11.304
 10
6.9179
 20
-11.289
 10
6.9425
 20
-11.2738
 10
6.9671
 20
-11.2587
 10
6.9916
 20
-11.2434
 10
7.0161
 20
-11.2282
 10
7.0406
 20
-11.2128
 10
7.0651
 20
-11.1974
 10
7.0895
 20
-11.182
 10
7.1138
 20
-11.1665
 10
7.1382
 20
-11.151
 10
7.1625
 20
-11.1354
 10
7.1868
 20
-11.1197
 10
7.211
 20
-11.104
 10
7.2352
 20
-11.0882
 10
7.2594
 20
-11.0724
 10
7.2835
 20
-11.0566
 10
7.3076
 20
-11.0406
 10
7.3317
 20
-11.0247
 10
7.3557
 20
-11.0087
 10
7.3797
 20
-10.9926
 10
7.4037
 20
-10.9765
 10
7.4276
 20
-10.9603
 10
7.4515
 20
-10.944
 10
7.4754
 20
-10.9278
 10
7.4992
 20
-10.9114
 10
7.523
 20
-10.895
 10
7.5468
 20
-10.8786
 10
7.5705
 20
-10.8621
 10
7.5942
 20
-10.8456
 10
7.6178
 20
-10.829
 10
7.6414
 20
-10.8123
 10
7.665
 20
-10.7956
 10
7.6885
 20
-10.7789
 10
7.712
 20
-10.7621
 10
7.7337
 20
-10.7465
 10
7.5103
 20
-10.4391
 10
7.4907
 20
-10.4532
 10
7.4678
 20
-10.4695
 10
7.445
 20
-10.4858
 10
7.4221
 20
-10.502
 10
7.3992
 20
-10.5182
 10
7.3762
 20
-10.5343
 10
7.3532
 20
-10.5504
 10
7.3302
 20
-10.5664
 10
7.3071
 20
-10.5823
 10
7.284
 20
-10.5983
 10
7.2608
 20
-10.6141
 10
7.2377
 20
-10.6299
 10
7.2145
 20
-10.6457
 10
7.1912
 20
-10.6614
 10
7.1679
 20
-10.6771
 10
7.1446
 20
-10.6927
 10
7.1213
 20
-10.7083
 10
7.0979
 20
-10.7238
 10
7.0745
 20
-10.7392
 10
7.0511
 20
-10.7546
 10
7.0276
 20
-10.77
 10
7.0041
 20
-10.7853
 10
6.9805
 20
-10.8006
 10
6.9569
 20
-10.8158
 10
6.9333
 20
-10.8309
 10
6.9097
 20
-10.846
 10
6.886
 20
-10.8611
 10
6.8623
 20
-10.8761
 10
6.8385
 20
-10.891
 10
6.8148
 20
-10.9059
 10
6.791
 20
-10.9207
 10
6.7671
 20
-10.9355
 10
6.7432
 20
-10.9503
 10
6.7193
 20
-10.965
 10
6.6954
 20
-10.9796
 10
6.6714
 20
-10.9942
 10
6.6474
 20
-11.0087
 10
6.6234
 20
-11.0232
 10
6.5993
 20
-11.0376
 10
6.5752
 20
-11.052
 10
6.5511
 20
-11.0663
 10
6.5269
 20
-11.0806
 10
6.525
 20
-11.0817
 10
6.715
 20
-11.4108
 10
6.7198
 20
-11.408
 10
6.7447
 20
-11.3933
 10
6.7695
 20
-11.3785
 10
6.7943
 20
-11.3637
 10
6.8191
 20
-11.3489
 10
6.8438
 20
-11.334
  0
LWPOLYLINE
  5
DC
330
17
100
AcDbEntity
  8
ALTIN
100
AcDbPolyline
 90
90
 70
1
 10
7.9911
 20
-10.5565
 10
8.0141
 20
-10.5391
 10
8.0371
 20
-10.5216
 10
8.06
 20
-10.504
 10
8.0829
 20
-10.4864
 10
8.1058
 20
-10.4687
 10
8.1286
 20
-10.451
 10
8.1514
 20
-10.4333
 10
8.1741
 20
-10.4155
 10
8.1968
 20
-10.3976
 10
8.2195
 20
-10.3797
 10
8.2421
 20
-10.3617
 10
8.2647
 20
-10.3437
 10
8.2872
 20
-10.3257
 10
8.3097
 20
-10.3076
 10
8.3322
 20
-10.2894
 10
8.3546
 20
-10.2712
 10
8.377
 20
-10.253
 10
8.3994
 20
-10.2347
 10
8.4217
 20
-10.2163
 10
8.4439
 20
-10.1979
 10
8.4662
 20
-10.1795
 10
8.4884
 20
-10.161
 10
8.5105
 20
-10.1424
 10
8.5326
 20
-10.1238
 10
8.5547
 20
-10.1052
 10
8.5767
 20
-10.0865
 10
8.5987
 20
-10.0678
 10
8.6206
 20
-10.049
 10
8.6425
 20
-10.0302
 10
8.6644
 20
-10.0113
 10
8.6862
 20
-9.9924
 10
8.708
 20
-9.9734
 10
8.7297
 20
-9.9544
 10
8.7514
 20
-9.9353
 10
8.7731
 20
-9.9162
 10
8.7947
 20
-9.897
 10
8.8146
 20
-9.8793
 10
8.5603
 20
-9.5969
 10
8.5423
 20
-9.613
 10
8.5213
 20
-9.6316
 10
8.5003
 20
-9.6501
 10
8.4792
 20
-9.6687
 10
8.4581
 20
-9.6871
 10
8.4369
 20
-9.7056
 10
8.4157
 20
-9.7239
 10
8.3945
 20
-9.7423
 10
8.3732
 20
-9.7606
 10
8.3519
 20
-9.7788
 10
8.3305
 20
-9.797
 10
8.3092
 20
-9.8152
 10
8.2877
 20
-9.8333
 10
8.2662
 20
-9.8513
 10
8.2447
 20
-9.8693
 10
8.2232
 20
-9.8873
 10
8.2016
 20
-9.9052
 10
8.18
 20
-9.9231
 10
8.1583
 20
-9.9409
 10
8.1366
 20
-9.9587
 10
8.1148
 20
-9.9764
 10
8.0931
 20
-9.9941
 10
8.0712
 20
-10.0117
 10
8.0494
 20
-10.0293
 10
8.0275
 20
-10.0469
 10
8.0055
 20
-10.0643
 10
7.9836
 20
-10.0818
 10
7.9615
 20
-10.0992
 10
7.9395
 20
-10.1165
 10
7.9174
 20
-10.1338
 10
7.8953
 20
-10.1511
 10
7.8731
 20
-10.1683
 10
7.8509
 20
-10.1854
 10
7.8287
 20
-10.2025
 10
7.8064
 20
-10.2196
 10
7.7841
 20
-10.2366
 10
7.7617
 20
-10.2535
 10
7.7393
 20
-10.2705
 10
7.7169
 20
-10.2873
 10
7.6945
 20
-10.3041
 10
7.672
 20
-10.3209
 10
7.6494
 20
-10.3376
 10
7.6268
 20
-10.3543
 10
7.6074
 20
-10.3686
 10
7.8307
 20
-10.676
 10
7.8522
 20
-10.6602
 10
7.8755
 20
-10.6431
 10
7.8987
 20
-10.6259
 10
7.9218
 20
-10.6086
 10
7.9449
 20
-10.5913
 10
7.968
 20
-10.5739
  0
LWPOLYLINE
  5
DD
330
17
100
AcDbEntity
  8
ALTIN
100
AcDbPolyline
 90
90
 70
1
 10
9.0508
 20
-9.6634
 10
9.0718
 20
-9.6436
 10
9.0928
 20
-9.6238
 10
9.1138
 20
-9.604
 10
9.1347
 20
-9.5841
 10
9.1556
 20
-9.5641
 10
9.1765
 20
-9.5441
 10
9.1973
 20
-9.5241
 10
9.218
 20
-9.504
 10
9.2387
 20
-9.4838
 10
9.2594
 20
-9.4637
 10
9.28
 20
-9.4434
 10
9.3006
 20
-9.4232
 10
9.3212
 20
-9.4029
 10
9.3416
 20
-9.3825
 10
9.3621
 20
-9.3621
 10
9.3825
 20
-9.3416
 10
9.4029
 20
-9.3212
 10
9.4232
 20
-9.3006
 10
9.4434
 20
-9.28
 10
9.4637
 20
-9.2594
 10
9.4838
 20
-9.2387
 10
9.504
 20
-9.218
 10
9.5241
 20
-9.1973
 10
9.5441
 20
-9.1765
 10
9.5641
 20
-9.1556
 10
9.5841
 20
-9.1347
 10
9.604
 20
-9.1138
 10
9.6238
 20
-9.0928
 10
9.6436
 20
-9.0718
 10
9.6634
 20
-9.0508
 10
9.6831
 20
-9.0297
 10
9.7028
 20
-9.0085
 10
9.7224
 20
-8.9873
 10
9.742
 20
-8.9661
 10
9.7616
 20
-8.9448
 10
9.781
 20
-8.9235
 10
9.799
 20
-8.9038
 10
9.5166
 20
-8.6495
 10
9.5003
 20
-8.6674
 10
9.4814
 20
-8.6881
 10
9.4624
 20
-8.7088
 10
9.4434
 20
-8.7294
 10
9.4243
 20
-8.75
 10
9.4052
 20
-8.7705
 10
9.3861
 20
-8.791
 10
9.3669
 20
-8.8115
 10
9.3476
 20
-8.8319
 10
9.3283
 20
-8.8522
 10
9.309
 20
-8.8726
 10
9.2896
 20
-8.8929
 10
9.2702
 20
-8.9131
 10
9.2507
 20
-8.9333
 10
9.2312
 20
-8.9535
 10
9.2116
 20
-8.9736
 10
9.192
 20
-8.9937
 10
9.1724
 20
-9.0137
 10
9.1527
 20
-9.0337
 10
9.133
 20
-9.0536
 10
9.1132
 20
-9.0735
 10
9.0934
 20
-9.0934
 10
9.0735
 20
-9.1132
 10
9.0536
 20
-9.133
 10
9.0337
 20
-9.1527
 10
9.0137
 20
-9.1724
 10
8.9937
 20
-9.192
 10
8.9736
 20
-9.2116
 10
8.9535
 20
-9.2312
 10
8.9333
 20
-9.2507
 10
8.9131
 20
-9.2702
 10
8.8929
 20
-9.2896
 10
8.8726
 20
-9.309
 10
8.8522
 20
-9.3283
 10
8.8319
 20
-9.3476
 10
8.8115
 20
-9.3669
 10
8.791
 20
-9.3861
 10
8.7705
 20
-9.4052
 10
8.75
 20
-9.4243
 10
8.7294
 20
-9.4434
 10
8.7088
 20
-9.4624
 10
8.6881
 20
-9.4814
 10
8.6674
 20
-9.5003
 10
8.6495
 20
-9.5166
 10
8.9038
 20
-9.799
 10
8.9235
 20
-9.781
 10
8.9448
 20
-9.7616
 10
8.9661
 20
-9.742
 10
8.9873
 20
-9.7224
 10
9.0085
 20
-9.7028
 10
9.0297
 20
-9.6831
  0
LWPOLYLINE
  5
DE
330
17
100
AcDbEntity
  8
ALTIN
100
AcDbPolyline
 90
90
 70
1
 10
10.0113
 20
-8.6644
 10
10.0302
 20
-8.6425
 10
10.049
 20
-8.6206
 10
10.0678
 20
-8.5987
 10
10.0865
 20
-8.5767
 10
10.1052
 20
-8.5547
 10
10.1238
 20
-8.5326
 10
10.1424
 20
-8.5105
 10
10.161
 20
-8.4884
 10
10.1795
 20
-8.4662
 10
10.1979
 20
-8.4439
 10
10.2163
 20
-8.4217
 10
10.2347
 20
-8.3994
 10
10.253
 20
-8.377
 10
10.2712
 20
-8.3546
 10
10.2894
 20
-8.3322
 10
10.3076
 20
-8.3097
 10
10.3257
 20
-8.2872
 10
10.3437
 20
-8.2647
 10
10.3617
 20
-8.2421
 10
10.3797
 20
-8.2195
 10
10.3976
 20
-8.1968
 10
10.4155
 20
-8.1741
 10
10.4333
 20
-8.1514
 10
10.451
 20
-8.1286
 10
10.4687
 20
-8.1058
 10
10.4864
 20
-8.0829
 10
10.504
 20
-8.06
 10
10.5216
 20
-8.0371
 10
10.5391
 20
-8.0141
 10
10.5565
 20
-7.9911
 10
10.5739
 20
-7.968
 10
10.5913
 20
-7.9449
 10
10.6086
 20
-7.9218
 10
10.6259
 20
-7.8987
 10
10.6431
 20
-7.8755
 10
10.6602
 20
-7.8522
 10
10.676
 20
-7.8307
 10
10.3686
 20
-7.6074
 10
10.3543
 20
-7.6268
 10
10.3376
 20
-7.6494
 10
10.3209
 20
-7.672
 10
10.3041
 20
-7.6945
 10
10.2873
 20
-7.7169
 10
10.2705
 20
-7.7393
 10
10.2535
 20
-7.7617
 10
10.2366
 20
-7.7841
 10
10.2196
 20
-7.8064
 10
10.2025
 20
-7.8287
 10
10.1854
 20
-7.8509
 10
10.1683
 20
-7.8731
 10
10.1511
 20
-7.8953
 10
10.1338
 20
-7.9174
 10
10.1165
 20
-7.9395
 10
10.0992
 20
-7.9615
 10
10.0818
 20
-7.9836
 10
10.0643
 20
-8.0055
 10
10.0469
 20
-8.0275
 10
10.0293
 20
-8.0494
 10
10.0117
 20
-8.0712
 10
9.9941
 20
-8.0931
 10
9.9764
 20
-8.1148
 10
9.9587
 20
-8.1366
 10
9.9409
 20
-8.1583
 10
9.9231
 20
-8.18
 10
9.9052
 20
-8.2016
 10
9.8873
 20
-8.2232
 10
9.8693
 20
-8.2447
 10
9.8513
 20
-8.2662
 10
9.8333
 20
-8.2877
 10
9.8152
 20
-8.3092
 10
9.797
 20
-8.3305
 10
9.7788
 20
-8.3519
 10
9.7606
 20
-8.3732
 10
9.7423
 20
-8.3945
 10
9.7239
 20
-8.4157
 10
9.7056
 20
-8.4369
 10
9.6871
 20
-8.4581
 10
9.6687
 20
-8.4792
 10
9.6501
 20
-8.5003
 10
9.6316
 20
-8.5213
 10
9.613
 20
-8.5423
 10
9.5969
 20
-8.5603
 10
9.8793
 20
-8.8146
 10
9.897
 20
-8.7947
 10
9.9162
 20
-8.7731
 10
9.9353
 20
-8.7514
 10
9.9544
 20
-8.7297
 10
9.9734
 20
-8.708
 10
9.9924
 20
-8.6862
  0
LWPOLYLINE
  5
DF
330
17
100
AcDbEntity
  8
ALTIN
100
AcDbPolyline
 90
88
 70
1
 10
10.8621
 20
-7.5705
 10
10.8786
 20
-7.5468
 10
10.895
 20
-7.523
 10
10.9114
 20
-7.4992
 10
10.9278
 20
-7.4754
 10
10.944
 20
-7.4515
 10
10.9603
 20
-7.4276
 10
10.9765
 20
-7.4037
 10
10.9926
 20
-7.3797
 10
11.0087
 20
-7.3557
 10
11.0247
 20
-7.3317
 10
11.0406
 20
-7.3076
 10
11.0566
 20
-7.2835
 10
11.0724
 20
-7.2594
 10
11.0882
 20
-7.2352
 10
11.104
 20
-7.211
 10
11.1197
 20
-7.1868
 10
11.1354
 20
-7.1625
 10
11.151
 20
-7.1382
 10
11.1665
 20
-7.1138
 10
11.182
 20
-7.0895
 10
11.1974
 20
-7.0651
 10
11.2128
 20
-7.0406
 10
11.2282
 20
-7.0161
 10
11.2434
 20
-6.9916
 10
11.2587
 20
-6.9671
 10
11.2738
 20
-6.9425
 10
11.289
 20
-6.9179
 10
11.304
 20
-6.8932
 10
11.319
 20
-6.8686
 10
11.334
 20
-6.8438
 10
11.3489
 20
-6.8191
 10
11.3637
 20
-6.7943
 10
11.3785
 20
-6.7695
 10
11.3933
 20
-6.7447
 10
11.408
 20
-6.7198
 10
11.4108
 20
-6.715
 10
11.0817
 20
-6.525
 10
11.0806
 20
-6.5269
 10
11.0663
 20
-6.5511
 10
11.052
 20
-6.5752
 10
11.0376
 20
-6.5993
 10
11.0232
 20
-6.6234
 10
11.0087
 20
-6.6474
 10
10.9942
 20
-6.6714
 10
10.9796
 20
-6.6954
 10
10.965
 20
-6.7193
 10
10.9503
 20
-6.7432
 10
10.9355
 20
-6.7671
 10
10.9207
 20
-6.791
 10
10.9059
 20
-6.8148
 10
10.891
 20
-6.8385
 10
10.8761
 20
-6.8623
 10
10.8611
 20
-6.886
 10
10.846
 20
-6.9097
 10
10.8309
 20
-6.9333
 10
10.8158
 20
-6.9569
 10
10.8006
 20
-6.9805
 10
10.7853
 20
-7.0041
 10
10.77
 20
-7.0276
 10
10.7546
 20
-7.0511
 10
10.7392
 20
-7.0745
 10
10.7238
 20
-7.0979
 10
10.7083
 20
-7.1213
 10
10.6927
 20
-7.1446
 10
10.6771
 20
-7.1679
 10
10.6614
 20
-7.1912
 10
10.6457
 20
-7.2145
 10
10.6299
 20
-7.2377
 10
10.6141
 20
-7.2608
 10
10.5983
 20
-7.284
 10
10.5823
 20
-7.3071
 10
10.5664
 20
-7.3302
 10
10.5504
 20
-7.3532
 10
10.5343
 20
-7.3762
 10
10.5182
 20
-7.3992
 10
10.502
 20
-7.4221
 10
10.4858
 20
-7.445
 10
10.4695
 20
-7.4678
 10
10.4532
 20
-7.4907
 10
10.4391
 20
-7.5103
 10
10.7465
 20
-7.7337
 10
10.7621
 20
-7.712
 10
10.7789
 20
-7.6885
 10
10.7956
 20
-7.665
 10
10.8123
 20
-7.6414
 10
10.829
 20
-7.6178
 10
10.8456
 20
-7.5942
  0
LWPOLYLINE
  5
E0
330
17
100
AcDbEntity
  8
ALTIN
100
AcDbPolyline
 90
88
 70
1
 10
11.6079
 20
-6.3683
 10
11.6217
 20
-6.343
 10
11.6355
 20
-6.3176
 10
11.6493
 20
-6.2922
 10
11.663
 20
-6.2668
 10
11.6766
 20
-6.2413
 10
11.6902
 20
-6.2158
 10
11.7038
 20
-6.1903
 10
11.7172
 20
-6.1647
 10
11.7307
 20
-6.1392
 10
11.744
 20
-6.1136
 10
11.7573
 20
-6.0879
 10
11.7706
 20
-6.0623
 10
11.7838
 20
-6.0366
 10
11.7969
 20
-6.0108
 10
11.81
 20
-5.9851
 10
11.823
 20
-5.9593
 10
11.836
 20
-5.9335
 10
11.8489
 20
-5.9077
 10
11.8618
 20
-5.8818
 10
11.8746
 20
-5.8559
 10
11.8873
 20
-5.83
 10
11.9
 20
-5.804
 10
11.9127
 20
-5.7781
 10
11.9252
 20
-5.7521
 10
11.9378
 20
-5.726
 10
11.9502
 20
-5.7
 10
11.9626
 20
-5.6739
 10
11.975
 20
-5.6478
 10
11.9873
 20
-5.6216
 10
11.9995
 20
-5.5955
 10
12.0117
 20
-5.5693
 10
12.0238
 20
-5.5431
 10
12.0359
 20
-5.5168
 10
12.0479
 20
-5.4905
 10
12.0598
 20
-5.4642
 10
12.0708
 20
-5.4399
 10
11.7237
 20
-5.2854
 10
11.7137
 20
-5.3074
 10
11.7021
 20
-5.333
 10
11.6904
 20
-5.3585
 10
11.6787
 20
-5.384
 10
11.6669
 20
-5.4094
 10
11.6551
 20
-5.4349
 10
11.6432
 20
-5.4603
 10
11.6313
 20
-5.4857
 10
11.6193
 20
-5.511
 10
11.6072
 20
-5.5364
 10
11.5951
 20
-5.5617
 10
11.583
 20
-5.587
 10
11.5708
 20
-5.6122
 10
11.5585
 20
-5.6375
 10
11.5462
 20
-5.6627
 10
11.5338
 20
-5.6878
 10
11.5213
 20
-5.713
 10
11.5089
 20
-5.7381
 10
11.4963
 20
-5.7632
 10
11.4837
 20
-5.7883
 10
11.4711
 20
-5.8133
 10
11.4583
 20
-5.8383
 10
11.4456
 20
-5.8633
 10
11.4328
 20
-5.8883
 10
11.4199
 20
-5.9132
 10
11.407
 20
-5.9381
 10
11.394
 20
-5.963
 10
11.3809
 20
-5.9878
 10
11.3679
 20
-6.0126
 10
11.3547
 20
-6.0374
 10
11.3415
 20
-6.0622
 10
11.3283
 20
-6.0869
 10
11.3149
 20
-6.1116
 10
11.3016
 20
-6.1363
 10
11.2882
 20
-6.1609
 10
11.2747
 20
-6.1855
 10
11.2612
 20
-6.2101
 10
11.2476
 20
-6.2347
 10
11.234
 20
-6.2592
 10
11.2203
 20
-6.2837
 10
11.2066
 20
-6.3081
 10
11.1928
 20
-6.3326
 10
11.1917
 20
-6.3345
 10
11.5208
 20
-6.5245
 10
11.5235
 20
-6.5197
 10
11.5377
 20
-6.4945
 10
11.5518
 20
-6.4693
 10
11.5659
 20
-6.4441
 10
11.58
 20
-6.4189
 10
11.5939
 20
-6.3936
  0
LWPOLYLINE
  5
E1
330
17
100
AcDbEntity
  8
ALTIN
100
AcDbPolyline
 90
90
 70
1
 10
12.1987
 20
-5.1467
 10
12.2099
 20
-5.1201
 10
12.2211
 20
-5.0934
 10
12.2322
 20
-5.0667
 10
12.2432
 20
-5.04
 10
12.2542
 20
-5.0133
 10
12.2651
 20
-4.9866
 10
12.2759
 20
-4.9598
 10
12.2867
 20
-4.933
 10
12.2974
 20
-4.9062
 10
12.3081
 20
-4.8793
 10
12.3187
 20
-4.8525
 10
12.3293
 20
-4.8256
 10
12.3398
 20
-4.7987
 10
12.3502
 20
-4.7717
 10
12.3606
 20
-4.7448
 10
12.3709
 20
-4.7178
 10
12.3812
 20
-4.6908
 10
12.3914
 20
-4.6638
 10
12.4015
 20
-4.6367
 10
12.4116
 20
-4.6097
 10
12.4217
 20
-4.5826
 10
12.4316
 20
-4.5555
 10
12.4415
 20
-4.5283
 10
12.4514
 20
-4.5012
 10
12.4612
 20
-4.474
 10
12.4709
 20
-4.4468
 10
12.4806
 20
-4.4196
 10
12.4902
 20
-4.3924
 10
12.4997
 20
-4.3651
 10
12.5092
 20
-4.3378
 10
12.5187
 20
-4.3105
 10
12.528
 20
-4.2832
 10
12.5374
 20
-4.2559
 10
12.5466
 20
-4.2285
 10
12.5558
 20
-4.2011
 10
12.5649
 20
-4.1737
 10
12.5733
 20
-4.1484
 10
12.2119
 20
-4.031
 10
12.2043
 20
-4.0539
 10
12.1954
 20
-4.0805
 10
12.1865
 20
-4.1071
 10
12.1775
 20
-4.1337
 10
12.1685
 20
-4.1603
 10
12.1594
 20
-4.1868
 10
12.1502
 20
-4.2133
 10
12.141
 20
-4.2398
 10
12.1317
 20
-4.2663
 10
12.1224
 20
-4.2928
 10
12.113
 20
-4.3192
 10
12.1035
 20
-4.3456
 10
12.094
 20
-4.372
 10
12.0844
 20
-4.3984
 10
12.0748
 20
-4.4247
 10
12.0651
 20
-4.4511
 10
12.0554
 20
-4.4774
 10
12.0456
 20
-4.5037
 10
12.0358
 20
-4.5299
 10
12.0258
 20
-4.5562
 10
12.0159
 20
-4.5824
 10
12.0058
 20
-4.6086
 10
11.9958
 20
-4.6348
 10
11.9856
 20
-4.661
 10
11.9754
 20
-4.6871
 10
11.9652
 20
-4.7132
 10
11.9549
 20
-4.7393
 10
11.9445
 20
-4.7654
 10
11.9341
 20
-4.7914
 10
11.9236
 20
-4.8174
 10
11.913
 20
-4.8434
 10
11.9025
 20
-4.8694
 10
11.8918
 20
-4.8954
 10
11.8811
 20
-4.9213
 10
11.8703
 20
-4.9472
 10
11.8595
 20
-4.9731
 10
11.8486
 20
-4.999
 10
11.8377
 20
-5.0248
 10
11.8267
 20
-5.0506
 10
11.8157
 20
-5.0764
 10
11.8046
 20
-5.1022
 10
11.7934
 20
-5.1279
 10
11.7822
 20
-5.1536
 10
11.7725
 20
-5.1758
 10
12.1196
 20
-5.3303
 10
12.1303
 20
-5.3059
 10
12.1419
 20
-5.2794
 10
12.1534
 20
-5.2529
 10
12.1648
 20
-5.2264
 10
12.1762
 20
-5.1999
 10
12.1875
 20
-5.1733
  0
LWPOLYLINE
  5
E2
330
17
100
AcDbEntity
  8
ALTIN
100
AcDbPolyline
 90
90
 70
1
 10
12.6699
 20
-3.8434
 10
12.6782
 20
-3.8157
 10
12.6865
 20
-3.788
 10
12.6948
 20
-3.7604
 10
12.7029
 20
-3.7327
 10
12.7111
 20
-3.7049
 10
12.7191
 20
-3.6772
 10
12.7271
 20
-3.6494
 10
12.735
 20
-3.6217
 10
12.7429
 20
-3.5939
 10
12.7507
 20
-3.5661
 10
12.7585
 20
-3.5382
 10
12.7662
 20
-3.5104
 10
12.7738
 20
-3.4825
 10
12.7814
 20
-3.4547
 10
12.7889
 20
-3.4268
 10
12.7963
 20
-3.3989
 10
12.8037
 20
-3.3709
 10
12.811
 20
-3.343
 10
12.8183
 20
-3.315
 10
12.8255
 20
-3.2871
 10
12.8326
 20
-3.2591
 10
12.8397
 20
-3.2311
 10
12.8467
 20
-3.203
 10
12.8537
 20
-3.175
 10
12.8606
 20
-3.147
 10
12.8674
 20
-3.1189
 10
12.8742
 20
-3.0908
 10
12.8809
 20
-3.0627
 10
12.8875
 20
-3.0346
 10
12.8941
 20
-3.0065
 10
12.9007
 20
-2.9784
 10
12.9071
 20
-2.9502
 10
12.9135
 20
-2.922
 10
12.9199
 20
-2.8939
 10
12.9262
 20
-2.8657
 10
12.9324
 20
-2.8375
 10
12.9381
 20
-2.8114
 10
12.5664
 20
-2.7324
 10
12.5612
 20
-2.756
 10
12.5552
 20
-2.7834
 10
12.5491
 20
-2.8108
 10
12.5429
 20
-2.8382
 10
12.5367
 20
-2.8655
 10
12.5304
 20
-2.8929
 10
12.5241
 20
-2.9202
 10
12.5177
 20
-2.9475
 10
12.5112
 20
-2.9748
 10
12.5047
 20
-3.0021
 10
12.4981
 20
-3.0294
 10
12.4915
 20
-3.0566
 10
12.4848
 20
-3.0839
 10
12.478
 20
-3.1111
 10
12.4712
 20
-3.1383
 10
12.4643
 20
-3.1655
 10
12.4574
 20
-3.1927
 10
12.4504
 20
-3.2199
 10
12.4433
 20
-3.247
 10
12.4362
 20
-3.2742
 10
12.429
 20
-3.3013
 10
12.4218
 20
-3.3284
 10
12.4145
 20
-3.3555
 10
12.4072
 20
-3.3826
 10
12.3998
 20
-3.4096
 10
12.3923
 20
-3.4367
 10
12.3848
 20
-3.4637
 10
12.3772
 20
-3.4907
 10
12.3695
 20
-3.5177
 10
12.3618
 20
-3.5447
 10
12.3541
 20
-3.5717
 10
12.3462
 20
-3.5986
 10
12.3384
 20
-3.6255
 10
12.3304
 20
-3.6524
 10
12.3224
 20
-3.6793
 10
12.3144
 20
-3.7062
 10
12.3063
 20
-3.7331
 10
12.2981
 20
-3.7599
 10
12.2898
 20
-3.7867
 10
12.2816
 20
-3.8135
 10
12.2732
 20
-3.8403
 10
12.2648
 20
-3.8671
 10
12.2563
 20
-3.8938
 10
12.249
 20
-3.9169
 10
12.6104
 20
-4.0343
 10
12.6185
 20
-4.0089
 10
12.6272
 20
-3.9813
 10
12.6359
 20
-3.9538
 10
12.6445
 20
-3.9262
 10
12.653
 20
-3.8986
 10
12.6615
 20
-3.871
  0
LWPOLYLINE
  5
E3
330
17
100
AcDbEntity
  8
ALTIN
100
AcDbPolyline
 90
90
 70
1
 10
13.0022
 20
-2.498
 10
13.0076
 20
-2.4696
 10
13.013
 20
-2.4412
 10
13.0183
 20
-2.4128
 10
13.0235
 20
-2.3844
 10
13.0287
 20
-2.356
 10
13.0338
 20
-2.3275
 10
13.0389
 20
-2.2991
 10
13.0438
 20
-2.2707
 10
13.0488
 20
-2.2422
 10
13.0536
 20
-2.2137
 10
13.0584
 20
-2.1852
 10
13.0632
 20
-2.1567
 10
13.0678
 20
-2.1282
 10
13.0724
 20
-2.0997
 10
13.077
 20
-2.0712
 10
13.0815
 20
-2.0427
 10
13.0859
 20
-2.0141
 10
13.0903
 20
-1.9856
 10
13.0946
 20
-1.957
 10
13.0988
 20
-1.9284
 10
13.103
 20
-1.8998
 10
13.1071
 20
-1.8713
 10
13.1111
 20
-1.8427
 10
13.1151
 20
-1.814
 10
13.1191
 20
-1.7854
 10
13.1229
 20
-1.7568
 10
13.1267
 20
-1.7282
 10
13.1305
 20
-1.6995
 10
13.1341
 20
-1.6709
 10
13.1378
 20
-1.6422
 10
13.1413
 20
-1.6136
 10
13.1448
 20
-1.5849
 10
13.1482
 20
-1.5562
 10
13.1516
 20
-1.5275
 10
13.1549
 20
-1.4988
 10
13.1581
 20
-1.4701
 10
13.1611
 20
-1.4436
 10
12.7831
 20
-1.4039
 10
12.7805
 20
-1.4279
 10
12.7773
 20
-1.4558
 10
12.7741
 20
-1.4837
 10
12.7709
 20
-1.5115
 10
12.7675
 20
-1.5394
 10
12.7641
 20
-1.5672
 10
12.7607
 20
-1.5951
 10
12.7572
 20
-1.6229
 10
12.7536
 20
-1.6507
 10
12.75
 20
-1.6786
 10
12.7463
 20
-1.7064
 10
12.7425
 20
-1.7342
 10
12.7387
 20
-1.762
 10
12.7348
 20
-1.7898
 10
12.7309
 20
-1.8175
 10
12.7269
 20
-1.8453
 10
12.7229
 20
-1.8731
 10
12.7187
 20
-1.9008
 10
12.7146
 20
-1.9286
 10
12.7103
 20
-1.9563
 10
12.706
 20
-1.984
 10
12.7017
 20
-2.0117
 10
12.6973
 20
-2.0395
 10
12.6928
 20
-2.0671
 10
12.6882
 20
-2.0948
 10
12.6836
 20
-2.1225
 10
12.679
 20
-2.1502
 10
12.6743
 20
-2.1778
 10
12.6695
 20
-2.2055
 10
12.6646
 20
-2.2331
 10
12.6597
 20
-2.2607
 10
12.6548
 20
-2.2884
 10
12.6497
 20
-2.316
 10
12.6447
 20
-2.3435
 10
12.6395
 20
-2.3711
 10
12.6343
 20
-2.3987
 10
12.629
 20
-2.4263
 10
12.6237
 20
-2.4538
 10
12.6183
 20
-2.4813
 10
12.6129
 20
-2.5089
 10
12.6074
 20
-2.5364
 10
12.6018
 20
-2.5639
 10
12.5962
 20
-2.5914
 10
12.5913
 20
-2.615
 10
12.963
 20
-2.694
 10
12.9684
 20
-2.6679
 10
12.9742
 20
-2.6396
 10
12.9799
 20
-2.6113
 10
12.9856
 20
-2.583
 10
12.9912
 20
-2.5547
 10
12.9967
 20
-2.5263
  0
LWPOLYLINE
  5
E4
330
17
100
AcDbEntity
  8
ALTIN
100
AcDbPolyline
 90
88
 70
1
 10
13.1921
 20
-1.1252
 10
13.1945
 20
-1.0964
 10
13.1969
 20
-1.0676
 10
13.1992
 20
-1.0388
 10
13.2014
 20
-1.01
 10
13.2036
 20
-0.9812
 10
13.2057
 20
-0.9524
 10
13.2077
 20
-0.9236
 10
13.2097
 20
-0.8948
 10
13.2117
 20
-0.8659
 10
13.2135
 20
-0.8371
 10
13.2153
 20
-0.8083
 10
13.217
 20
-0.7794
 10
13.2187
 20
-0.7506
 10
13.2203
 20
-0.7218
 10
13.2219
 20
-0.6929
 10
13.2233
 20
-0.6641
 10
13.2248
 20
-0.6352
 10
13.2261
 20
-0.6064
 10
13.2274
 20
-0.5775
 10
13.2286
 20
-0.5487
 10
13.2298
 20
-0.5198
 10
13.2309
 20
-0.4909
 10
13.2319
 20
-0.4621
 10
13.2329
 20
-0.4332
 10
13.2338
 20
-0.4043
 10
13.2347
 20
-0.3755
 10
13.2355
 20
-0.3466
 10
13.2362
 20
-0.3177
 10
13.2368
 20
-0.2888
 10
13.2374
 20
-0.26
 10
13.238
 20
-0.2311
 10
13.2385
 20
-0.2022
 10
13.2389
 20
-0.1733
 10
13.2392
 20
-0.1444
 10
13.2395
 20
-0.1155
 10
13.2395
 20
-0.11
 10
12.8595
 20
-0.11
 10
12.8595
 20
-0.1122
 10
12.8592
 20
-0.1403
 10
12.8589
 20
-0.1683
 10
12.8585
 20
-0.1964
 10
12.858
 20
-0.2244
 10
12.8575
 20
-0.2525
 10
12.8569
 20
-0.2805
 10
12.8563
 20
-0.3086
 10
12.8556
 20
-0.3366
 10
12.8548
 20
-0.3647
 10
12.854
 20
-0.3927
 10
12.8531
 20
-0.4208
 10
12.8522
 20
-0.4488
 10
12.8512
 20
-0.4768
 10
12.8501
 20
-0.5049
 10
12.849
 20
-0.5329
 10
12.8478
 20
-0.5609
 10
12.8465
 20
-0.589
 10
12.8452
 20
-0.617
 10
12.8438
 20
-0.645
 10
12.8424
 20
-0.673
 10
12.8409
 20
-0.7011
 10
12.8393
 20
-0.7291
 10
12.8377
 20
-0.7571
 10
12.836
 20
-0.7851
 10
12.8343
 20
-0.8131
 10
12.8325
 20
-0.8411
 10
12.8306
 20
-0.8691
 10
12.8287
 20
-0.8971
 10
12.8267
 20
-0.9251
 10
12.8246
 20
-0.953
 10
12.8225
 20
-0.981
 10
12.8204
 20
-1.009
 10
12.8181
 20
-1.037
 10
12.8158
 20
-1.0649
 10
12.8135
 20
-1.0929
 10
12.8111
 20
-1.1208
 10
12.8086
 20
-1.1488
 10
12.8061
 20
-1.1767
 10
12.8035
 20
-1.2046
 10
12.8008
 20
-1.2326
 10
12.7981
 20
-1.2605
 10
12.7957
 20
-1.2845
 10
13.1736
 20
-1.3243
 10
13.1762
 20
-1.2977
 10
13.179
 20
-1.269
 10
13.1818
 20
-1.2402
 10
13.1845
 20
-1.2115
 10
13.1871
 20
-1.1827
 10
13.1896
 20
-1.1539
  0
LWPOLYLINE
  5
E5
330
17
100
AcDbEntity
  8
ALTIN
100
AcDbPolyline
 90
88
 70
1
 10
13.2368
 20
0.2888
 10
13.2362
 20
0.3177
 10
13.2355
 20
0.3466
 10
13.2347
 20
0.3755
 10
13.2338
 20
0.4043
 10
13.2329
 20
0.4332
 10
13.2319
 20
0.4621
 10
13.2309
 20
0.4909
 10
13.2298
 20
0.5198
 10
13.2286
 20
0.5487
 10
13.2274
 20
0.5775
 10
13.2261
 20
0.6064
 10
13.2248
 20
0.6352
 10
13.2233
 20
0.6641
 10
13.2219
 20
0.6929
 10
13.2203
 20
0.7218
 10
13.2187
 20
0.7506
 10
13.217
 20
0.7794
 10
13.2153
 20
0.8083
 10
13.2135
 20
0.8371
 10
13.2117
 20
0.8659
 10
13.2097
 20
0.8948
 10
13.2077
 20
0.9236
 10
13.2057
 20
0.9524
 10
13.2036
 20
0.9812
 10
13.2014
 20
1.01
 10
13.1992
 20
1.0388
 10
13.1969
 20
1.0676
 10
13.1945
 20
1.0964
 10
13.1921
 20
1.1252
 10
13.1896
 20
1.1539
 10
13.1871
 20
1.1827
 10
13.1845
 20
1.2115
 10
13.1818
 20
1.2402
 10
13.179
 20
1.269
 10
13.1762
 20
1.2977
 10
13.1736
 20
1.3243
 10
12.7957
 20
1.2845
 10
12.7981
 20
1.2605
 10
12.8008
 20
1.2326
 10
12.8035
 20
1.2046
 10
12.8061
 20
1.1767
 10
12.8086
 20
1.1488
 10
12.8111
 20
1.1208
 10
12.8135
 20
1.0929
 10
12.8158
 20
1.0649
 10
12.8181
 20
1.037
 10
12.8204
 20
1.009
 10
12.8225
 20
0.981
 10
12.8246
 20
0.953
 10
12.8267
 20
0.9251
 10
12.8287
 20
0.8971
 10
12.8306
 20
0.8691
 10
12.8325
 20
0.8411
 10
12.8343
 20
0.8131
 10
12.836
 20
0.7851
 10
12.8377
 20
0.7571
 10
12.8393
 20
0.7291
 10
12.8409
 20
0.7011
 10
12.8424
 20
0.673
 10
12.8438
 20
0.645
 10
12.8452
 20
0.617
 10
12.8465
 20
0.589
 10
12.8478
 20
0.5609
 10
12.849
 20
0.5329
 10
12.8501
 20
0.5049
 10
12.8512
 20
0.4768
 10
12.8522
 20
0.4488
 10
12.8531
 20
0.4208
 10
12.854
 20
0.3927
 10
12.8548
 20
0.3647
 10
12.8556
 20
0.3366
 10
12.8563
 20
0.3086
 10
12.8569
 20
0.2805
 10
12.8575
 20
0.2525
 10
12.858
 20
0.2244
 10
12.8585
 20
0.1964
 10
12.8589
 20
0.1683
 10
12.8592
 20
0.1403
 10
12.8595
 20
0.1122
 10
12.8595
 20
0.11
 10
13.2395
 20
0.11
 10
13.2395
 20
0.1155
 10
13.2392
 20
0.1444
 10
13.2389
 20
0.1733
 10
13.2385
 20
0.2022
 10
13.238
 20
0.2311
 10
13.2374
 20
0.26
  0
LWPOLYLINE
  5
E6
330
17
100
AcDbEntity
  8
ALTIN
100
AcDbPolyline
 90
90
 70
1
 10
13.1378
 20
1.6422
 10
13.1341
 20
1.6709
 10
13.1305
 20
1.6995
 10
13.1267
 20
1.7282
 10
13.1229
 20
1.7568
 10
13.1191
 20
1.7854
 10
13.1151
 20
1.814
 10
13.1111
 20
1.8427
 10
13.1071
 20
1.8713
 10
13.103
 20
1.8998
 10
13.0988
 20
1.9284
 10
13.0946
 20
1.957
 10
13.0903
 20
1.9856
 10
13.0859
 20
2.0141
 10
13.0815
 20
2.0427
 10
13.077
 20
2.0712
 10
13.0724
 20
2.0997
 10
13.0678
 20
2.1282
 10
13.0632
 20
2.1567
 10
13.0584
 20
2.1852
 10
13.0536
 20
2.2137
 10
13.0488
 20
2.2422
 10
13.0438
 20
2.2707
 10
13.0389
 20
2.2991
 10
13.0338
 20
2.3275
 10
13.0287
 20
2.356
 10
13.0235
 20
2.3844
 10
13.0183
 20
2.4128
 10
13.013
 20
2.4412
 10
13.0076
 20
2.4696
 10
13.0022
 20
2.498
 10
12.9967
 20
2.5263
 10
12.9912
 20
2.5547
 10
12.9856
 20
2.583
 10
12.9799
 20
2.6113
 10
12.9742
 20
2.6396
 10
12.9684
 20
2.6679
 10
12.963
 20
2.694
 10
12.5913
 20
2.615
 10
12.5962
 20
2.5914
 10
12.6018
 20
2.5639
 10
12.6074
 20
2.5364
 10
12.6129
 20
2.5089
 10
12.6183
 20
2.4813
 10
12.6237
 20
2.4538
 10
12.629
 20
2.4263
 10
12.6343
 20
2.3987
 10
12.6395
 20
2.3711
 10
12.6447
 20
2.3435
 10
12.6497
 20
2.316
 10
12.6548
 20
2.2884
 10
12.6597
 20
2.2607
 10
12.6646
 20
2.2331
 10
12.6695
 20
2.2055
 10
12.6743
 20
2.1778
 10
12.679
 20
2.1502
 10
12.6836
 20
2.1225
 10
12.6882
 20
2.0948
 10
12.6928
 20
2.0671
 10
12.6973
 20
2.0395
 10
12.7017
 20
2.0117
 10
12.706
 20
1.984
 10
12.7103
 20
1.9563
 10
12.7146
 20
1.9286
 10
12.7187
 20
1.9008
 10
12.7229
 20
1.8731
 10
12.7269
 20
1.8453
 10
12.7309
 20
1.8175
 10
12.7348
 20
1.7898
 10
12.7387
 20
1.762
 10
12.7425
 20
1.7342
 10
12.7463
 20
1.7064
 10
12.75
 20
1.6786
 10
12.7536
 20
1.6507
 10
12.7572
 20
1.6229
 10
12.7607
 20
1.5951
 10
12.7641
 20
1.5672
 10
12.7675
 20
1.5394
 10
12.7709
 20
1.5115
 10
12.7741
 20
1.4837
 10
12.7773
 20
1.4558
 10
12.7805
 20
1.4279
 10
12.7831
 20
1.4039
 10
13.1611
 20
1.4436
 10
13.1581
 20
1.4701
 10
13.1549
 20
1.4988
 10
13.1516
 20
1.5275
 10
13.1482
 20
1.5562
 10
13.1448
 20
1.5849
 10
13.1413
 20
1.6136
  0
LWPOLYLINE
  5
E7
330
17
100
AcDbEntity
  8
ALTIN
100
AcDbPolyline
 90
90
 70
1
 10
12.8941
 20
3.0065
 10
12.8875
 20
3.0346
 10
12.8809
 20
3.0627
 10
12.8742
 20
3.0908
 10
12.8674
 20
3.1189
 10
12.8606
 20
3.147
 10
12.8537
 20
3.175
 10
12.8467
 20
3.203
 10
12.8397
 20
3.2311
 10
12.8326
 20
3.2591
 10
12.8255
 20
3.2871
 10
12.8183
 20
3.315
 10
12.811
 20
3.343
 10
12.8037
 20
3.3709
 10
12.7963
 20
3.3989
 10
12.7889
 20
3.4268
 10
12.7814
 20
3.4547
 10
12.7738
 20
3.4825
 10
12.7662
 20
3.5104
 10
12.7585
 20
3.5382
 10
12.7507
 20
3.5661
 10
12.7429
 20
3.5939
 10
12.735
 20
3.6217
 10
12.7271
 20
3.6494
 10
12.7191
 20
3.6772
 10
12.7111
 20
3.7049
 10
12.7029
 20
3.7327
 10
12.6948
 20
3.7604
 10
12.6865
 20
3.788
 10
12.6782
 20
3.8157
 10
12.6699
 20
3.8434
 10
12.6615
 20
3.871
 10
12.653
 20
3.8986
 10
12.6445
 20
3.9262
 10
12.6359
 20
3.9538
 10
12.6272
 20
3.9813
 10
12.6185
 20
4.0089
 10
12.6104
 20
4.0343
 10
12.249
 20
3.9169
 10
12.2563
 20
3.8938
 10
12.2648
 20
3.8671
 10
12.2732
 20
3.8403
 10
12.2816
 20
3.8135
 10
12.2898
 20
3.7867
 10
12.2981
 20
3.7599
 10
12.3063
 20
3.7331
 10
12.3144
 20
3.7062
 10
12.3224
 20
3.6793
 10
12.3304
 20
3.6524
 10
12.3384
 20
3.6255
 10
12.3462
 20
3.5986
 10
12.3541
 20
3.5717
 10
12.3618
 20
3.5447
 10
12.3695
 20
3.5177
 10
12.3772
 20
3.4907
 10
12.3848
 20
3.4637
 10
12.3923
 20
3.4367
 10
12.3998
 20
3.4096
 10
12.4072
 20
3.3826
 10
12.4145
 20
3.3555
 10
12.4218
 20
3.3284
 10
12.429
 20
3.3013
 10
12.4362
 20
3.2742
 10
12.4433
 20
3.247
 10
12.4504
 20
3.2199
 10
12.4574
 20
3.1927
 10
12.4643
 20
3.1655
 10
12.4712
 20
3.1383
 10
12.478
 20
3.1111
 10
12.4848
 20
3.0839
 10
12.4915
 20
3.0566
 10
12.4981
 20
3.0294
 10
12.5047
 20
3.0021
 10
12.5112
 20
2.9748
 10
12.5177
 20
2.9475
 10
12.5241
 20
2.9202
 10
12.5304
 20
2.8929
 10
12.5367
 20
2.8655
 10
12.5429
 20
2.8382
 10
12.5491
 20
2.8108
 10
12.5552
 20
2.7834
 10
12.5612
 20
2.756
 10
12.5664
 20
2.7324
 10
12.9381
 20
2.8114
 10
12.9324
 20
2.8375
 10
12.9262
 20
2.8657
 10
12.9199
 20
2.8939
 10
12.9135
 20
2.922
 10
12.9071
 20
2.9502
 10
12.9007
 20
2.9784
  0
LWPOLYLINE
  5
E8
330
17
100
AcDbEntity
  8
ALTIN
100
AcDbPolyline
 90
90
 70
1
 10
12.5092
 20
4.3378
 10
12.4997
 20
4.3651
 10
12.4902
 20
4.3924
 10
12.4806
 20
4.4196
 10
12.4709
 20
4.4468
 10
12.4612
 20
4.474
 10
12.4514
 20
4.5012
 10
12.4415
 20
4.5283
 10
12.4316
 20
4.5555
 10
12.4217
 20
4.5826
 10
12.4116
 20
4.6097
 10
12.4015
 20
4.6367
 10
12.3914
 20
4.6638
 10
12.3812
 20
4.6908
 10
12.3709
 20
4.7178
 10
12.3606
 20
4.7448
 10
12.3502
 20
4.7717
 10
12.3398
 20
4.7987
 10
12.3293
 20
4.8256
 10
12.3187
 20
4.8525
 10
12.3081
 20
4.8793
 10
12.2974
 20
4.9062
 10
12.2867
 20
4.933
 10
12.2759
 20
4.9598
 10
12.2651
 20
4.9866
 10
12.2542
 20
5.0133
 10
12.2432
 20
5.04
 10
12.2322
 20
5.0667
 10
12.2211
 20
5.0934
 10
12.2099
 20
5.1201
 10
12.1987
 20
5.1467
 10
12.1875
 20
5.1733
 10
12.1762
 20
5.1999
 10
12.1648
 20
5.2264
 10
12.1534
 20
5.2529
 10
12.1419
 20
5.2794
 10
12.1303
 20
5.3059
 10
12.1196
 20
5.3303
 10
11.7725
 20
5.1758
 10
11.7822
 20
5.1536
 10
11.7934
 20
5.1279
 10
11.8046
 20
5.1022
 10
11.8157
 20
5.0764
 10
11.8267
 20
5.0506
 10
11.8377
 20
5.0248
 10
11.8486
 20
4.999
 10
11.8595
 20
4.9731
 10
11.8703
 20
4.9472
 10
11.8811
 20
4.9213
 10
11.8918
 20
4.8954
 10
11.9025
 20
4.8694
 10
11.913
 20
4.8434
 10
11.9236
 20
4.8174
 10
11.9341
 20
4.7914
 10
11.9445
 20
4.7654
 10
11.9549
 20
4.7393
 10
11.9652
 20
4.7132
 10
11.9754
 20
4.6871
 10
11.9856
 20
4.661
 10
11.9958
 20
4.6348
 10
12.0058
 20
4.6086
 10
12.0159
 20
4.5824
 10
12.0258
 20
4.5562
 10
12.0358
 20
4.5299
 10
12.0456
 20
4.5037
 10
12.0554
 20
4.4774
 10
12.0651
 20
4.4511
 10
12.0748
 20
4.4247
 10
12.0844
 20
4.3984
 10
12.094
 20
4.372
 10
12.1035
 20
4.3456
 10
12.113
 20
4.3192
 10
12.1224
 20
4.2928
 10
12.1317
 20
4.2663
 10
12.141
 20
4.2398
 10
12.1502
 20
4.2133
 10
12.1594
 20
4.1868
 10
12.1685
 20
4.1603
 10
12.1775
 20
4.1337
 10
12.1865
 20
4.1071
 10
12.1954
 20
4.0805
 10
12.2043
 20
4.0539
 10
12.2119
 20
4.031
 10
12.5733
 20
4.1484
 10
12.5649
 20
4.1737
 10
12.5558
 20
4.2011
 10
12.5466
 20
4.2285
 10
12.5374
 20
4.2559
 10
12.528
 20
4.2832
 10
12.5187
 20
4.3105
  0
LWPOLYLINE
  5
E9
330
17
100
AcDbEntity
  8
ALTIN
100
AcDbPolyline
 90
88
 70
1
 10
11.9873
 20
5.6216
 10
11.975
 20
5.6478
 10
11.9626
 20
5.6739
 10
11.9502
 20
5.7
 10
11.9378
 20
5.726
 10
11.9252
 20
5.7521
 10
11.9127
 20
5.7781
 10
11.9
 20
5.804
 10
11.8873
 20
5.83
 10
11.8746
 20
5.8559
 10
11.8618
 20
5.8818
 10
11.8489
 20
5.9077
 10
11.836
 20
5.9335
 10
11.823
 20
5.9593
 10
11.81
 20
5.9851
 10
11.7969
 20
6.0108
 10
11.7838
 20
6.0366
 10
11.7706
 20
6.0623
 10
11.7573
 20
6.0879
 10
11.744
 20
6.1136
 10
11.7307
 20
6.1392
 10
11.7172
 20
6.1647
 10
11.7038
 20
6.1903
 10
11.6902
 20
6.2158
 10
11.6766
 20
6.2413
 10
11.663
 20
6.2668
 10
11.6493
 20
6.2922
 10
11.6355
 20
6.3176
 10
11.6217
 20
6.343
 10
11.6079
 20
6.3683
 10
11.5939
 20
6.3936
 10
11.58
 20
6.4189
 10
11.5659
 20
6.4441
 10
11.5518
 20
6.4693
 10
11.5377
 20
6.4945
 10
11.5235
 20
6.5197
 10
11.5208
 20
6.5245
 10
11.1917
 20
6.3345
 10
11.1928
 20
6.3326
 10
11.2066
 20
6.3081
 10
11.2203
 20
6.2837
 10
11.234
 20
6.2592
 10
11.2476
 20
6.2347
 10
11.2612
 20
6.2101
 10
11.2747
 20
6.1855
 10
11.2882
 20
6.1609
 10
11.3016
 20
6.1363
 10
11.3149
 20
6.1116
 10
11.3283
 20
6.0869
 10
11.3415
 20
6.0622
 10
11.3547
 20
6.0374
 10
11.3679
 20
6.0126
 10
11.3809
 20
5.9878
 10
11.394
 20
5.963
 10
11.407
 20
5.9381
 10
11.4199
 20
5.9132
 10
11.4328
 20
5.8883
 10
11.4456
 20
5.8633
 10
11.4583
 20
5.8383
 10
11.4711
 20
5.8133
 10
11.4837
 20
5.7883
 10
11.4963
 20
5.7632
 10
11.5089
 20
5.7381
 10
11.5213
 20
5.713
 10
11.5338
 20
5.6878
 10
11.5462
 20
5.6627
 10
11.5585
 20
5.6375
 10
11.5708
 20
5.6122
 10
11.583
 20
5.587
 10
11.5951
 20
5.5617
 10
11.6072
 20
5.5364
 10
11.6193
 20
5.511
 10
11.6313
 20
5.4857
 10
11.6432
 20
5.4603
 10
11.6551
 20
5.4349
 10
11.6669
 20
5.4094
 10
11.6787
 20
5.384
 10
11.6904
 20
5.3585
 10
11.7021
 20
5.333
 10
11.7137
 20
5.3074
 10
11.7237
 20
5.2854
 10
12.0708
 20
5.4399
 10
12.0598
 20
5.4642
 10
12.0479
 20
5.4905
 10
12.0359
 20
5.5168
 10
12.0238
 20
5.5431
 10
12.0117
 20
5.5693
 10
11.9995
 20
5.5955
  0
LWPOLYLINE
  5
EA
330
17
100
AcDbEntity
  8
ALTIN
100
AcDbPolyline
 90
88
 70
1
 10
11.319
 20
6.8686
 10
11.304
 20
6.8932
 10
11.289
 20
6.9179
 10
11.2738
 20
6.9425
 10
11.2587
 20
6.9671
 10
11.2434
 20
6.9916
 10
11.2282
 20
7.0161
 10
11.2128
 20
7.0406
 10
11.1974
 20
7.0651
 10
11.182
 20
7.0895
 10
11.1665
 20
7.1138
 10
11.151
 20
7.1382
 10
11.1354
 20
7.1625
 10
11.1197
 20
7.1868
 10
11.104
 20
7.211
 10
11.0882
 20
7.2352
 10
11.0724
 20
7.2594
 10
11.0566
 20
7.2835
 10
11.0406
 20
7.3076
 10
11.0247
 20
7.3317
 10
11.0087
 20
7.3557
 10
10.9926
 20
7.3797
 10
10.9765
 20
7.4037
 10
10.9603
 20
7.4276
 10
10.944
 20
7.4515
 10
10.9278
 20
7.4754
 10
10.9114
 20
7.4992
 10
10.895
 20
7.523
 10
10.8786
 20
7.5468
 10
10.8621
 20
7.5705
 10
10.8456
 20
7.5942
 10
10.829
 20
7.6178
 10
10.8123
 20
7.6414
 10
10.7956
 20
7.665
 10
10.7789
 20
7.6885
 10
10.7621
 20
7.712
 10
10.7465
 20
7.7337
 10
10.4391
 20
7.5103
 10
10.4532
 20
7.4907
 10
10.4695
 20
7.4678
 10
10.4858
 20
7.445
 10
10.502
 20
7.4221
 10
10.5182
 20
7.3992
 10
10.5343
 20
7.3762
 10
10.5504
 20
7.3532
 10
10.5664
 20
7.3302
 10
10.5823
 20
7.3071
 10
10.5983
 20
7.284
 10
10.6141
 20
7.2608
 10
10.6299
 20
7.2377
 10
10.6457
 20
7.2145
 10
10.6614
 20
7.1912
 10
10.6771
 20
7.1679
 10
10.6927
 20
7.1446
 10
10.7083
 20
7.1213
 10
10.7238
 20
7.0979
 10
10.7392
 20
7.0745
 10
10.7546
 20
7.0511
 10
10.77
 20
7.0276
 10
10.7853
 20
7.0041
 10
10.8006
 20
6.9805
 10
10.8158
 20
6.9569
 10
10.8309
 20
6.9333
 10
10.846
 20
6.9097
 10
10.8611
 20
6.886
 10
10.8761
 20
6.8623
 10
10.891
 20
6.8385
 10
10.9059
 20
6.8148
 10
10.9207
 20
6.791
 10
10.9355
 20
6.7671
 10
10.9503
 20
6.7432
 10
10.965
 20
6.7193
 10
10.9796
 20
6.6954
 10
10.9942
 20
6.6714
 10
11.0087
 20
6.6474
 10
11.0232
 20
6.6234
 10
11.0376
 20
6.5993
 10
11.052
 20
6.5752
 10
11.0663
 20
6.5511
 10
11.0806
 20
6.5269
 10
11.0817
 20
6.525
 10
11.4108
 20
6.715
 10
11.408
 20
6.7198
 10
11.3933
 20
6.7447
 10
11.3785
 20
6.7695
 10
11.3637
 20
6.7943
 10
11.3489
 20
6.8191
 10
11.334
 20
6.8438
  0
LWPOLYLINE
  5
EB
330
17
100
AcDbEntity
  8
ALTIN
100
AcDbPolyline
 90
90
 70
1
 10
10.5565
 20
7.9911
 10
10.5391
 20
8.0141
 10
10.5216
 20
8.0371
 10
10.504
 20
8.06
 10
10.4864
 20
8.0829
 10
10.4687
 20
8.1058
 10
10.451
 20
8.1286
 10
10.4333
 20
8.1514
 10
10.4155
 20
8.1741
 10
10.3976
 20
8.1968
 10
10.3797
 20
8.2195
 10
10.3617
 20
8.2421
 10
10.3437
 20
8.2647
 10
10.3257
 20
8.2872
 10
10.3076
 20
8.3097
 10
10.2894
 20
8.3322
 10
10.2712
 20
8.3546
 10
10.253
 20
8.377
 10
10.2347
 20
8.3994
 10
10.2163
 20
8.4217
 10
10.1979
 20
8.4439
 10
10.1795
 20
8.4662
 10
10.161
 20
8.4884
 10
10.1424
 20
8.5105
 10
10.1238
 20
8.5326
 10
10.1052
 20
8.5547
 10
10.0865
 20
8.5767
 10
10.0678
 20
8.5987
 10
10.049
 20
8.6206
 10
10.0302
 20
8.6425
 10
10.0113
 20
8.6644
 10
9.9924
 20
8.6862
 10
9.9734
 20
8.708
 10
9.9544
 20
8.7297
 10
9.9353
 20
8.7514
 10
9.9162
 20
8.7731
 10
9.897
 20
8.7947
 10
9.8793
 20
8.8146
 10
9.5969
 20
8.5603
 10
9.613
 20
8.5423
 10
9.6316
 20
8.5213
 10
9.6501
 20
8.5003
 10
9.6687
 20
8.4792
 10
9.6871
 20
8.4581
 10
9.7056
 20
8.4369
 10
9.7239
 20
8.4157
 10
9.7423
 20
8.3945
 10
9.7606
 20
8.3732
 10
9.7788
 20
8.3519
 10
9.797
 20
8.3305
 10
9.8152
 20
8.3092
 10
9.8333
 20
8.2877
 10
9.8513
 20
8.2662
 10
9.8693
 20
8.2447
 10
9.8873
 20
8.2232
 10
9.9052
 20
8.2016
 10
9.9231
 20
8.18
 10
9.9409
 20
8.1583
 10
9.9587
 20
8.1366
 10
9.9764
 20
8.1148
 10
9.9941
 20
8.0931
 10
10.0117
 20
8.0712
 10
10.0293
 20
8.0494
 10
10.0469
 20
8.0275
 10
10.0643
 20
8.0055
 10
10.0818
 20
7.9836
 10
10.0992
 20
7.9615
 10
10.1165
 20
7.9395
 10
10.1338
 20
7.9174
 10
10.1511
 20
7.8953
 10
10.1683
 20
7.8731
 10
10.1854
 20
7.8509
 10
10.2025
 20
7.8287
 10
10.2196
 20
7.8064
 10
10.2366
 20
7.7841
 10
10.2535
 20
7.7617
 10
10.2705
 20
7.7393
 10
10.2873
 20
7.7169
 10
10.3041
 20
7.6945
 10
10.3209
 20
7.672
 10
10.3376
 20
7.6494
 10
10.3543
 20
7.6268
 10
10.3686
 20
7.6074
 10
10.676
 20
7.8307
 10
10.6602
 20
7.8522
 10
10.6431
 20
7.8755
 10
10.6259
 20
7.8987
 10
10.6086
 20
7.9218
 10
10.5913
 20
7.9449
 10
10.5739
 20
7.968
  0
LWPOLYLINE
  5
EC
330
17
100
AcDbEntity
  8
ALTIN
100
AcDbPolyline
 90
90
 70
1
 10
9.6634
 20
9.0508
 10
9.6436
 20
9.0718
 10
9.6238
 20
9.0928
 10
9.604
 20
9.1138
 10
9.5841
 20
9.1347
 10
9.5641
 20
9.1556
 10
9.5441
 20
9.1765
 10
9.5241
 20
9.1973
 10
9.504
 20
9.218
 10
9.4838
 20
9.2387
 10
9.4637
 20
9.2594
 10
9.4434
 20
9.28
 10
9.4232
 20
9.3006
 10
9.4029
 20
9.3212
 10
9.3825
 20
9.3416
 10
9.3621
 20
9.3621
 10
9.3416
 20
9.3825
 10
9.3212
 20
9.4029
 10
9.3006
 20
9.4232
 10
9.28
 20
9.4434
 10
9.2594
 20
9.4637
 10
9.2387
 20
9.4838
 10
9.218
 20
9.504
 10
9.1973
 20
9.5241
 10
9.1765
 20
9.5441
 10
9.1556
 20
9.5641
 10
9.1347
 20
9.5841
 10
9.1138
 20
9.604
 10
9.0928
 20
9.6238
 10
9.0718
 20
9.6436
 10
9.0508
 20
9.6634
 10
9.0297
 20
9.6831
 10
9.0085
 20
9.7028
 10
8.9873
 20
9.7224
 10
8.9661
 20
9.742
 10
8.9448
 20
9.7616
 10
8.9235
 20
9.781
 10
8.9038
 20
9.799
 10
8.6495
 20
9.5166
 10
8.6674
 20
9.5003
 10
8.6881
 20
9.4814
 10
8.7088
 20
9.4624
 10
8.7294
 20
9.4434
 10
8.75
 20
9.4243
 10
8.7705
 20
9.4052
 10
8.791
 20
9.3861
 10
8.8115
 20
9.3669
 10
8.8319
 20
9.3476
 10
8.8522
 20
9.3283
 10
8.8726
 20
9.309
 10
8.8929
 20
9.2896
 10
8.9131
 20
9.2702
 10
8.9333
 20
9.2507
 10
8.9535
 20
9.2312
 10
8.9736
 20
9.2116
 10
8.9937
 20
9.192
 10
9.0137
 20
9.1724
 10
9.0337
 20
9.1527
 10
9.0536
 20
9.133
 10
9.0735
 20
9.1132
 10
9.0934
 20
9.0934
 10
9.1132
 20
9.0735
 10
9.133
 20
9.0536
 10
9.1527
 20
9.0337
 10
9.1724
 20
9.0137
 10
9.192
 20
8.9937
 10
9.2116
 20
8.9736
 10
9.2312
 20
8.9535
 10
9.2507
 20
8.9333
 10
9.2702
 20
8.9131
 10
9.2896
 20
8.8929
 10
9.309
 20
8.8726
 10
9.3283
 20
8.8522
 10
9.3476
 20
8.8319
 10
9.3669
 20
8.8115
 10
9.3861
 20
8.791
 10
9.4052
 20
8.7705
 10
9.4243
 20
8.75
 10
9.4434
 20
8.7294
 10
9.4624
 20
8.7088
 10
9.4814
 20
8.6881
 10
9.5003
 20
8.6674
 10
9.5166
 20
8.6495
 10
9.799
 20
8.9038
 10
9.781
 20
8.9235
 10
9.7616
 20
8.9448
 10
9.742
 20
8.9661
 10
9.7224
 20
8.9873
 10
9.7028
 20
9.0085
 10
9.6831
 20
9.0297
  0
LWPOLYLINE
  5
ED
330
17
100
AcDbEntity
  8
ALTIN
100
AcDbPolyline
 90
90
 70
1
 10
8.6644
 20
10.0113
 10
8.6425
 20
10.0302
 10
8.6206
 20
10.049
 10
8.5987
 20
10.0678
 10
8.5767
 20
10.0865
 10
8.5547
 20
10.1052
 10
8.5326
 20
10.1238
 10
8.5105
 20
10.1424
 10
8.4884
 20
10.161
 10
8.4662
 20
10.1795
 10
8.4439
 20
10.1979
 10
8.4217
 20
10.2163
 10
8.3994
 20
10.2347
 10
8.377
 20
10.253
 10
8.3546
 20
10.2712
 10
8.3322
 20
10.2894
 10
8.3097
 20
10.3076
 10
8.2872
 20
10.3257
 10
8.2647
 20
10.3437
 10
8.2421
 20
10.3617
 10
8.2195
 20
10.3797
 10
8.1968
 20
10.3976
 10
8.1741
 20
10.4155
 10
8.1514
 20
10.4333
 10
8.1286
 20
10.451
 10
8.1058
 20
10.4687
 10
8.0829
 20
10.4864
 10
8.06
 20
10.504
 10
8.0371
 20
10.5216
 10
8.0141
 20
10.5391
 10
7.9911
 20
10.5565
 10
7.968
 20
10.5739
 10
7.9449
 20
10.5913
 10
7.9218
 20
10.6086
 10
7.8987
 20
10.6259
 10
7.8755
 20
10.6431
 10
7.8522
 20
10.6602
 10
7.8307
 20
10.676
 10
7.6074
 20
10.3686
 10
7.6268
 20
10.3543
 10
7.6494
 20
10.3376
 10
7.672
 20
10.3209
 10
7.6945
 20
10.3041
 10
7.7169
 20
10.2873
 10
7.7393
 20
10.2705
 10
7.7617
 20
10.2535
 10
7.7841
 20
10.2366
 10
7.8064
 20
10.2196
 10
7.8287
 20
10.2025
 10
7.8509
 20
10.1854
 10
7.8731
 20
10.1683
 10
7.8953
 20
10.1511
 10
7.9174
 20
10.1338
 10
7.9395
 20
10.1165
 10
7.9615
 20
10.0992
 10
7.9836
 20
10.0818
 10
8.0055
 20
10.0643
 10
8.0275
 20
10.0469
 10
8.0494
 20
10.0293
 10
8.0712
 20
10.0117
 10
8.0931
 20
9.9941
 10
8.1148
 20
9.9764
 10
8.1366
 20
9.9587
 10
8.1583
 20
9.9409
 10
8.18
 20
9.9231
 10
8.2016
 20
9.9052
 10
8.2232
 20
9.8873
 10
8.2447
 20
9.8693
 10
8.2662
 20
9.8513
 10
8.2877
 20
9.8333
 10
8.3092
 20
9.8152
 10
8.3305
 20
9.797
 10
8.3519
 20
9.7788
 10
8.3732
 20
9.7606
 10
8.3945
 20
9.7423
 10
8.4157
 20
9.7239
 10
8.4369
 20
9.7056
 10
8.4581
 20
9.6871
 10
8.4792
 20
9.6687
 10
8.5003
 20
9.6501
 10
8.5213
 20
9.6316
 10
8.5423
 20
9.613
 10
8.5603
 20
9.5969
 10
8.8146
 20
9.8793
 10
8.7947
 20
9.897
 10
8.7731
 20
9.9162
 10
8.7514
 20
9.9353
 10
8.7297
 20
9.9544
 10
8.708
 20
9.9734
 10
8.6862
 20
9.9924
  0
LWPOLYLINE
  5
EE
330
17
100
AcDbEntity
  8
ALTIN
100
AcDbPolyline
 90
88
 70
1
 10
7.5705
 20
10.8621
 10
7.5468
 20
10.8786
 10
7.523
 20
10.895
 10
7.4992
 20
10.9114
 10
7.4754
 20
10.9278
 10
7.4515
 20
10.944
 10
7.4276
 20
10.9603
 10
7.4037
 20
10.9765
 10
7.3797
 20
10.9926
 10
7.3557
 20
11.0087
 10
7.3317
 20
11.0247
 10
7.3076
 20
11.0406
 10
7.2835
 20
11.0566
 10
7.2594
 20
11.0724
 10
7.2352
 20
11.0882
 10
7.211
 20
11.104
 10
7.1868
 20
11.1197
 10
7.1625
 20
11.1354
 10
7.1382
 20
11.151
 10
7.1138
 20
11.1665
 10
7.0895
 20
11.182
 10
7.0651
 20
11.1974
 10
7.0406
 20
11.2128
 10
7.0161
 20
11.2282
 10
6.9916
 20
11.2434
 10
6.9671
 20
11.2587
 10
6.9425
 20
11.2738
 10
6.9179
 20
11.289
 10
6.8932
 20
11.304
 10
6.8686
 20
11.319
 10
6.8438
 20
11.334
 10
6.8191
 20
11.3489
 10
6.7943
 20
11.3637
 10
6.7695
 20
11.3785
 10
6.7447
 20
11.3933
 10
6.7198
 20
11.408
 10
6.715
 20
11.4108
 10
6.525
 20
11.0817
 10
6.5269
 20
11.0806
 10
6.5511
 20
11.0663
 10
6.5752
 20
11.052
 10
6.5993
 20
11.0376
 10
6.6234
 20
11.0232
 10
6.6474
 20
11.0087
 10
6.6714
 20
10.9942
 10
6.6954
 20
10.9796
 10
6.7193
 20
10.965
 10
6.7432
 20
10.9503
 10
6.7671
 20
10.9355
 10
6.791
 20
10.9207
 10
6.8148
 20
10.9059
 10
6.8385
 20
10.891
 10
6.8623
 20
10.8761
 10
6.886
 20
10.8611
 10
6.9097
 20
10.846
 10
6.9333
 20
10.8309
 10
6.9569
 20
10.8158
 10
6.9805
 20
10.8006
 10
7.0041
 20
10.7853
 10
7.0276
 20
10.77
 10
7.0511
 20
10.7546
 10
7.0745
 20
10.7392
 10
7.0979
 20
10.7238
 10
7.1213
 20
10.7083
 10
7.1446
 20
10.6927
 10
7.1679
 20
10.6771
 10
7.1912
 20
10.6614
 10
7.2145
 20
10.6457
 10
7.2377
 20
10.6299
 10
7.2608
 20
10.6141
 10
7.284
 20
10.5983
 10
7.3071
 20
10.5823
 10
7.3302
 20
10.5664
 10
7.3532
 20
10.5504
 10
7.3762
 20
10.5343
 10
7.3992
 20
10.5182
 10
7.4221
 20
10.502
 10
7.445
 20
10.4858
 10
7.4678
 20
10.4695
 10
7.4907
 20
10.4532
 10
7.5103
 20
10.4391
 10
7.7337
 20
10.7465
 10
7.712
 20
10.7621
 10
7.6885
 20
10.7789
 10
7.665
 20
10.7956
 10
7.6414
 20
10.8123
 10
7.6178
 20
10.829
 10
7.5942
 20
10.8456
  0
LWPOLYLINE
  5
EF
330
17
100
AcDbEntity
  8
ALTIN
100
AcDbPolyline
 90
88
 70
1
 10
6.3683
 20
11.6079
 10
6.343
 20
11.6217
 10
6.3176
 20
11.6355
 10
6.2922
 20
11.6493
 10
6.2668
 20
11.663
 10
6.2413
 20
11.6766
 10
6.2158
 20
11.6902
 10
6.1903
 20
11.7038
 10
6.1647
 20
11.7172
 10
6.1392
 20
11.7307
 10
6.1136
 20
11.744
 10
6.0879
 20
11.7573
 10
6.0623
 20
11.7706
 10
6.0366
 20
11.7838
 10
6.0108
 20
11.7969
 10
5.9851
 20
11.81
 10
5.9593
 20
11.823
 10
5.9335
 20
11.836
 10
5.9077
 20
11.8489
 10
5.8818
 20
11.8618
 10
5.8559
 20
11.8746
 10
5.83
 20
11.8873
 10
5.804
 20
11.9
 10
5.7781
 20
11.9127
 10
5.7521
 20
11.9252
 10
5.726
 20
11.9378
 10
5.7
 20
11.9502
 10
5.6739
 20
11.9626
 10
5.6478
 20
11.975
 10
5.6216
 20
11.9873
 10
5.5955
 20
11.9995
 10
5.5693
 20
12.0117
 10
5.5431
 20
12.0238
 10
5.5168
 20
12.0359
 10
5.4905
 20
12.0479
 10
5.4642
 20
12.0598
 10
5.4399
 20
12.0708
 10
5.2854
 20
11.7237
 10
5.3074
 20
11.7137
 10
5.333
 20
11.7021
 10
5.3585
 20
11.6904
 10
5.384
 20
11.6787
 10
5.4094
 20
11.6669
 10
5.4349
 20
11.6551
 10
5.4603
 20
11.6432
 10
5.4857
 20
11.6313
 10
5.511
 20
11.6193
 10
5.5364
 20
11.6072
 10
5.5617
 20
11.5951
 10
5.587
 20
11.583
 10
5.6122
 20
11.5708
 10
5.6375
 20
11.5585
 10
5.6627
 20
11.5462
 10
5.6878
 20
11.5338
 10
5.713
 20
11.5213
 10
5.7381
 20
11.5089
 10
5.7632
 20
11.4963
 10
5.7883
 20
11.4837
 10
5.8133
 20
11.4711
 10
5.8383
 20
11.4583
 10
5.8633
 20
11.4456
 10
5.8883
 20
11.4328
 10
5.9132
 20
11.4199
 10
5.9381
 20
11.407
 10
5.963
 20
11.394
 10
5.9878
 20
11.3809
 10
6.0126
 20
11.3679
 10
6.0374
 20
11.3547
 10
6.0622
 20
11.3415
 10
6.0869
 20
11.3283
 10
6.1116
 20
11.3149
 10
6.1363
 20
11.3016
 10
6.1609
 20
11.2882
 10
6.1855
 20
11.2747
 10
6.2101
 20
11.2612
 10
6.2347
 20
11.2476
 10
6.2592
 20
11.234
 10
6.2837
 20
11.2203
 10
6.3081
 20
11.2066
 10
6.3326
 20
11.1928
 10
6.3345
 20
11.1917
 10
6.5245
 20
11.5208
 10
6.5197
 20
11.5235
 10
6.4945
 20
11.5377
 10
6.4693
 20
11.5518
 10
6.4441
 20
11.5659
 10
6.4189
 20
11.58
 10
6.3936
 20
11.5939
  0
LWPOLYLINE
  5
F0
330
17
100
AcDbEntity
  8
ALTIN
100
AcDbPolyline
 90
90
 70
1
 10
4.2663
 20
12.1317
 10
4.2928
 20
12.1224
 10
4.3192
 20
12.113
 10
4.3456
 20
12.1035
 10
4.372
 20
12.094
 10
4.3984
 20
12.0844
 10
4.4247
 20
12.0748
 10
4.4511
 20
12.0651
 10
4.4774
 20
12.0554
 10
4.5037
 20
12.0456
 10
4.5299
 20
12.0358
 10
4.5562
 20
12.0258
 10
4.5824
 20
12.0159
 10
4.6086
 20
12.0058
 10
4.6348
 20
11.9958
 10
4.661
 20
11.9856
 10
4.6871
 20
11.9754
 10
4.7132
 20
11.9652
 10
4.7393
 20
11.9549
 10
4.7654
 20
11.9445
 10
4.7914
 20
11.9341
 10
4.8174
 20
11.9236
 10
4.8434
 20
11.913
 10
4.8694
 20
11.9025
 10
4.8954
 20
11.8918
 10
4.9213
 20
11.8811
 10
4.9472
 20
11.8703
 10
4.9731
 20
11.8595
 10
4.999
 20
11.8486
 10
5.0248
 20
11.8377
 10
5.0506
 20
11.8267
 10
5.0764
 20
11.8157
 10
5.1022
 20
11.8046
 10
5.1279
 20
11.7934
 10
5.1536
 20
11.7822
 10
5.1758
 20
11.7725
 10
5.3303
 20
12.1196
 10
5.3059
 20
12.1303
 10
5.2794
 20
12.1419
 10
5.2529
 20
12.1534
 10
5.2264
 20
12.1648
 10
5.1999
 20
12.1762
 10
5.1733
 20
12.1875
 10
5.1467
 20
12.1987
 10
5.1201
 20
12.2099
 10
5.0934
 20
12.2211
 10
5.0667
 20
12.2322
 10
5.04
 20
12.2432
 10
5.0133
 20
12.2542
 10
4.9866
 20
12.2651
 10
4.9598
 20
12.2759
 10
4.933
 20
12.2867
 10
4.9062
 20
12.2974
 10
4.8793
 20
12.3081
 10
4.8525
 20
12.3187
 10
4.8256
 20
12.3293
 10
4.7987
 20
12.3398
 10
4.7717
 20
12.3502
 10
4.7448
 20
12.3606
 10
4.7178
 20
12.3709
 10
4.6908
 20
12.3812
 10
4.6638
 20
12.3914
 10
4.6367
 20
12.4015
 10
4.6097
 20
12.4116
 10
4.5826
 20
12.4217
 10
4.5555
 20
12.4316
 10
4.5283
 20
12.4415
 10
4.5012
 20
12.4514
 10
4.474
 20
12.4612
 10
4.4468
 20
12.4709
 10
4.4196
 20
12.4806
 10
4.3924
 20
12.4902
 10
4.3651
 20
12.4997
 10
4.3378
 20
12.5092
 10
4.3105
 20
12.5187
 10
4.2832
 20
12.528
 10
4.2559
 20
12.5374
 10
4.2285
 20
12.5466
 10
4.2011
 20
12.5558
 10
4.1737
 20
12.5649
 10
4.1484
 20
12.5733
 10
4.031
 20
12.2119
 10
4.0539
 20
12.2043
 10
4.0805
 20
12.1954
 10
4.1071
 20
12.1865
 10
4.1337
 20
12.1775
 10
4.1603
 20
12.1685
 10
4.1868
 20
12.1594
 10
4.2133
 20
12.1502
 10
4.2398
 20
12.141
  0
LWPOLYLINE
  5
F1
330
17
100
AcDbEntity
  8
ALTIN
100
AcDbPolyline
 90
2880
 70
1
 10
12.7356
 20
0.3335
 10
12.7349
 20
0.3613
 10
12.7341
 20
0.3891
 10
12.7332
 20
0.4168
 10
12.7322
 20
0.4446
 10
12.7312
 20
0.4724
 10
12.7302
 20
0.5002
 10
12.7291
 20
0.5279
 10
12.7279
 20
0.5557
 10
12.7266
 20
0.5835
 10
12.7253
 20
0.6112
 10
12.724
 20
0.639
 10
12.7225
 20
0.6668
 10
12.7211
 20
0.6945
 10
12.7195
 20
0.7223
 10
12.7179
 20
0.75
 10
12.7162
 20
0.7778
 10
12.7145
 20
0.8055
 10
12.7127
 20
0.8332
 10
12.7109
 20
0.861
 10
12.709
 20
0.8887
 10
12.707
 20
0.9164
 10
12.705
 20
0.9441
 10
12.7029
 20
0.9719
 10
12.7007
 20
0.9996
 10
12.6985
 20
1.0273
 10
12.6962
 20
1.055
 10
12.6939
 20
1.0827
 10
12.6915
 20
1.1104
 10
12.6891
 20
1.1381
 10
12.6866
 20
1.1657
 10
12.684
 20
1.1934
 10
12.6813
 20
1.2211
 10
12.6787
 20
1.2487
 10
12.6759
 20
1.2764
 10
12.6731
 20
1.304
 10
12.6702
 20
1.3317
 10
12.6673
 20
1.3593
 10
12.6643
 20
1.387
 10
12.6612
 20
1.4146
 10
12.6581
 20
1.4422
 10
12.6549
 20
1.4698
 10
12.6517
 20
1.4974
 10
12.6484
 20
1.525
 10
12.645
 20
1.5526
 10
12.6416
 20
1.5802
 10
12.6381
 20
1.6078
 10
12.6346
 20
1.6353
 10
12.631
 20
1.6629
 10
12.6273
 20
1.6905
 10
12.6236
 20
1.718
 10
12.6199
 20
1.7455
 10
12.616
 20
1.7731
 10
12.6121
 20
1.8006
 10
12.6082
 20
1.8281
 10
12.6041
 20
1.8556
 10
12.6001
 20
1.8831
 10
12.5959
 20
1.9106
 10
12.5917
 20
1.9381
 10
12.5875
 20
1.9655
 10
12.5831
 20
1.993
 10
12.5788
 20
2.0204
 10
12.5743
 20
2.0479
 10
12.5698
 20
2.0753
 10
12.5653
 20
2.1027
 10
12.5607
 20
2.1301
 10
12.556
 20
2.1575
 10
12.5512
 20
2.1849
 10
12.5465
 20
2.2123
 10
12.5416
 20
2.2396
 10
12.5367
 20
2.267
 10
12.5317
 20
2.2943
 10
12.5267
 20
2.3217
 10
12.5216
 20
2.349
 10
12.5164
 20
2.3763
 10
12.5112
 20
2.4036
 10
12.5059
 20
2.4309
 10
12.5006
 20
2.4582
 10
12.4952
 20
2.4855
 10
12.4898
 20
2.5127
 10
12.4842
 20
2.5399
 10
12.4787
 20
2.5672
 10
12.473
 20
2.5944
 10
12.4673
 20
2.6216
 10
12.4616
 20
2.6488
 10
12.4558
 20
2.676
 10
12.4499
 20
2.7031
 10
12.444
 20
2.7303
 10
12.438
 20
2.7574
 10
12.432
 20
2.7846
 10
12.4259
 20
2.8117
 10
12.4197
 20
2.8388
 10
12.4135
 20
2.8659
 10
12.4072
 20
2.893
 10
12.4009
 20
2.92
 10
12.3945
 20
2.9471
 10
12.388
 20
2.9741
 10
12.3815
 20
3.0011
 10
12.3749
 20
3.0281
 10
12.3683
 20
3.0551
 10
12.3616
 20
3.0821
 10
12.3548
 20
3.109
 10
12.348
 20
3.136
 10
12.3411
 20
3.1629
 10
12.3342
 20
3.1898
 10
12.3272
 20
3.2167
 10
12.3202
 20
3.2436
 10
12.3131
 20
3.2705
 10
12.3059
 20
3.2974
 10
12.2987
 20
3.3242
 10
12.2914
 20
3.351
 10
12.2841
 20
3.3778
 10
12.2767
 20
3.4046
 10
12.2692
 20
3.4314
 10
12.2617
 20
3.4582
 10
12.2541
 20
3.4849
 10
12.2465
 20
3.5116
 10
12.2388
 20
3.5383
 10
12.231
 20
3.565
 10
12.2232
 20
3.5917
 10
12.2154
 20
3.6184
 10
12.2074
 20
3.645
 10
12.1995
 20
3.6716
 10
12.1914
 20
3.6982
 10
12.1833
 20
3.7248
 10
12.1752
 20
3.7514
 10
12.167
 20
3.7779
 10
12.1587
 20
3.8045
 10
12.1504
 20
3.831
 10
12.142
 20
3.8575
 10
12.1335
 20
3.884
 10
12.125
 20
3.9104
 10
12.1165
 20
3.9369
 10
12.1078
 20
3.9633
 10
12.0992
 20
3.9897
 10
12.0904
 20
4.0161
 10
12.0816
 20
4.0425
 10
12.0728
 20
4.0688
 10
12.0639
 20
4.0951
 10
12.0549
 20
4.1214
 10
12.0459
 20
4.1477
 10
12.0368
 20
4.174
 10
12.0277
 20
4.2003
 10
12.0185
 20
4.2265
 10
12.0093
 20
4.2527
 10
11.9999
 20
4.2789
 10
11.9906
 20
4.3051
 10
11.9812
 20
4.3312
 10
11.9717
 20
4.3573
 10
11.9621
 20
4.3834
 10
11.9526
 20
4.4095
 10
11.9429
 20
4.4356
 10
11.9332
 20
4.4616
 10
11.9234
 20
4.4877
 10
11.9136
 20
4.5137
 10
11.9037
 20
4.5396
 10
11.8938
 20
4.5656
 10
11.8838
 20
4.5915
 10
11.8738
 20
4.6175
 10
11.8637
 20
4.6434
 10
11.8535
 20
4.6692
 10
11.8433
 20
4.6951
 10
11.833
 20
4.7209
 10
11.8227
 20
4.7467
 10
11.8123
 20
4.7725
 10
11.8019
 20
4.7982
 10
11.7914
 20
4.824
 10
11.7808
 20
4.8497
 10
11.7702
 20
4.8754
 10
11.7596
 20
4.9011
 10
11.7488
 20
4.9267
 10
11.7381
 20
4.9523
 10
11.7272
 20
4.9779
 10
11.7163
 20
5.0035
 10
11.7054
 20
5.029
 10
11.6944
 20
5.0546
 10
11.6833
 20
5.0801
 10
11.6722
 20
5.1055
 10
11.6611
 20
5.131
 10
11.6498
 20
5.1564
 10
11.6386
 20
5.1818
 10
11.6272
 20
5.2072
 10
11.6158
 20
5.2326
 10
11.6044
 20
5.2579
 10
11.5929
 20
5.2832
 10
11.5814
 20
5.3085
 10
11.5697
 20
5.3337
 10
11.5581
 20
5.359
 10
11.5464
 20
5.3842
 10
11.5346
 20
5.4093
 10
11.5228
 20
5.4345
 10
11.5109
 20
5.4596
 10
11.4989
 20
5.4847
 10
11.4869
 20
5.5098
 10
11.4749
 20
5.5348
 10
11.4628
 20
5.5599
 10
11.4506
 20
5.5848
 10
11.4384
 20
5.6098
 10
11.4262
 20
5.6348
 10
11.4138
 20
5.6597
 10
11.4015
 20
5.6846
 10
11.389
 20
5.7094
 10
11.3766
 20
5.7343
 10
11.364
 20
5.7591
 10
11.3514
 20
5.7838
 10
11.3388
 20
5.8086
 10
11.3261
 20
5.8333
 10
11.3133
 20
5.858
 10
11.3005
 20
5.8827
 10
11.2877
 20
5.9073
 10
11.2747
 20
5.9319
 10
11.2618
 20
5.9565
 10
11.2488
 20
5.9811
 10
11.2357
 20
6.0056
 10
11.2225
 20
6.0301
 10
11.2094
 20
6.0546
 10
11.1961
 20
6.079
 10
11.1828
 20
6.1034
 10
11.1695
 20
6.1278
 10
11.1561
 20
6.1522
 10
11.1427
 20
6.1765
 10
11.1292
 20
6.2008
 10
11.1156
 20
6.225
 10
11.102
 20
6.2493
 10
11.0883
 20
6.2735
 10
11.0746
 20
6.2977
 10
11.0609
 20
6.3218
 10
11.047
 20
6.3459
 10
11.0332
 20
6.37
 10
11.0192
 20
6.3941
 10
11.0053
 20
6.4181
 10
10.9912
 20
6.4421
 10
10.9772
 20
6.466
 10
10.963
 20
6.49
 10
10.9488
 20
6.5139
 10
10.9346
 20
6.5377
 10
10.9203
 20
6.5616
 10
10.906
 20
6.5854
 10
10.8916
 20
6.6092
 10
10.8771
 20
6.6329
 10
10.8626
 20
6.6566
 10
10.8481
 20
6.6803
 10
10.8335
 20
6.704
 10
10.8188
 20
6.7276
 10
10.8041
 20
6.7512
 10
10.7894
 20
6.7747
 10
10.7746
 20
6.7982
 10
10.7597
 20
6.8217
 10
10.7448
 20
6.8452
 10
10.7298
 20
6.8686
 10
10.7148
 20
6.892
 10
10.6998
 20
6.9154
 10
10.6847
 20
6.9387
 10
10.6695
 20
6.962
 10
10.6543
 20
6.9853
 10
10.639
 20
7.0085
 10
10.6237
 20
7.0317
 10
10.6083
 20
7.0548
 10
10.5929
 20
7.078
 10
10.5775
 20
7.1011
 10
10.5619
 20
7.1241
 10
10.5464
 20
7.1471
 10
10.5308
 20
7.1701
 10
10.5151
 20
7.1931
 10
10.4994
 20
7.216
 10
10.4836
 20
7.2389
 10
10.4678
 20
7.2618
 10
10.4519
 20
7.2846
 10
10.436
 20
7.3074
 10
10.42
 20
7.3301
 10
10.404
 20
7.3528
 10
10.3879
 20
7.3755
 10
10.3718
 20
7.3982
 10
10.3557
 20
7.4208
 10
10.3395
 20
7.4433
 10
10.3232
 20
7.4659
 10
10.3069
 20
7.4884
 10
10.2905
 20
7.5109
 10
10.2741
 20
7.5333
 10
10.2576
 20
7.5557
 10
10.2411
 20
7.578
 10
10.2246
 20
7.6004
 10
10.208
 20
7.6227
 10
10.1913
 20
7.6449
 10
10.1746
 20
7.6671
 10
10.1579
 20
7.6893
 10
10.1411
 20
7.7114
 10
10.1242
 20
7.7336
 10
10.1073
 20
7.7556
 10
10.0904
 20
7.7777
 10
10.0734
 20
7.7996
 10
10.0563
 20
7.8216
 10
10.0393
 20
7.8435
 10
10.0221
 20
7.8654
 10
10.0049
 20
7.8873
 10
9.9877
 20
7.9091
 10
9.9704
 20
7.9308
 10
9.9531
 20
7.9526
 10
9.9357
 20
7.9743
 10
9.9183
 20
7.9959
 10
9.9008
 20
8.0175
 10
9.8833
 20
8.0391
 10
9.8658
 20
8.0607
 10
9.8482
 20
8.0822
 10
9.8305
 20
8.1036
 10
9.8128
 20
8.1251
 10
9.795
 20
8.1465
 10
9.7772
 20
8.1678
 10
9.7594
 20
8.1891
 10
9.7415
 20
8.2104
 10
9.7236
 20
8.2316
 10
9.7056
 20
8.2528
 10
9.6876
 20
8.274
 10
9.6695
 20
8.2951
 10
9.6514
 20
8.3162
 10
9.6332
 20
8.3372
 10
9.615
 20
8.3582
 10
9.5967
 20
8.3791
 10
9.5784
 20
8.4001
 10
9.5601
 20
8.4209
 10
9.5417
 20
8.4418
 10
9.5233
 20
8.4626
 10
9.5048
 20
8.4833
 10
9.4862
 20
8.504
 10
9.4677
 20
8.5247
 10
9.449
 20
8.5454
 10
9.4304
 20
8.566
 10
9.4117
 20
8.5865
 10
9.3929
 20
8.607
 10
9.3741
 20
8.6275
 10
9.3553
 20
8.6479
 10
9.3364
 20
8.6683
 10
9.3174
 20
8.6887
 10
9.2985
 20
8.709
 10
9.2794
 20
8.7292
 10
9.2604
 20
8.7495
 10
9.2413
 20
8.7696
 10
9.2221
 20
8.7898
 10
9.2029
 20
8.8099
 10
9.1837
 20
8.8299
 10
9.1644
 20
8.8499
 10
9.1451
 20
8.8699
 10
9.1257
 20
8.8899
 10
9.1063
 20
8.9097
 10
9.0868
 20
8.9296
 10
9.0673
 20
8.9494
 10
9.0478
 20
8.9691
 10
9.0282
 20
8.9889
 10
9.0085
 20
9.0085
 10
8.9889
 20
9.0282
 10
8.9691
 20
9.0478
 10
8.9494
 20
9.0673
 10
8.9296
 20
9.0868
 10
8.9097
 20
9.1063
 10
8.8899
 20
9.1257
 10
8.8699
 20
9.1451
 10
8.8499
 20
9.1644
 10
8.8299
 20
9.1837
 10
8.8099
 20
9.2029
 10
8.7898
 20
9.2221
 10
8.7696
 20
9.2413
 10
8.7495
 20
9.2604
 10
8.7292
 20
9.2794
 10
8.709
 20
9.2985
 10
8.6887
 20
9.3174
 10
8.6683
 20
9.3364
 10
8.6479
 20
9.3553
 10
8.6275
 20
9.3741
 10
8.607
 20
9.3929
 10
8.5865
 20
9.4117
 10
8.566
 20
9.4304
 10
8.5454
 20
9.449
 10
8.5247
 20
9.4677
 10
8.504
 20
9.4862
 10
8.4833
 20
9.5048
 10
8.4626
 20
9.5233
 10
8.4418
 20
9.5417
 10
8.4209
 20
9.5601
 10
8.4001
 20
9.5784
 10
8.3791
 20
9.5967
 10
8.3582
 20
9.615
 10
8.3372
 20
9.6332
 10
8.3162
 20
9.6514
 10
8.2951
 20
9.6695
 10
8.274
 20
9.6876
 10
8.2528
 20
9.7056
 10
8.2316
 20
9.7236
 10
8.2104
 20
9.7415
 10
8.1891
 20
9.7594
 10
8.1678
 20
9.7772
 10
8.1465
 20
9.795
 10
8.1251
 20
9.8128
 10
8.1036
 20
9.8305
 10
8.0822
 20
9.8482
 10
8.0607
 20
9.8658
 10
8.0391
 20
9.8833
 10
8.0175
 20
9.9008
 10
7.9959
 20
9.9183
 10
7.9743
 20
9.9357
 10
7.9526
 20
9.9531
 10
7.9308
 20
9.9704
 10
7.9091
 20
9.9877
 10
7.8873
 20
10.0049
 10
7.8654
 20
10.0221
 10
7.8435
 20
10.0393
 10
7.8216
 20
10.0563
 10
7.7996
 20
10.0734
 10
7.7777
 20
10.0904
 10
7.7556
 20
10.1073
 10
7.7336
 20
10.1242
 10
7.7114
 20
10.1411
 10
7.6893
 20
10.1579
 10
7.6671
 20
10.1746
 10
7.6449
 20
10.1913
 10
7.6227
 20
10.208
 10
7.6004
 20
10.2246
 10
7.578
 20
10.2411
 10
7.5557
 20
10.2576
 10
7.5333
 20
10.2741
 10
7.5109
 20
10.2905
 10
7.4884
 20
10.3069
 10
7.4659
 20
10.3232
 10
7.4433
 20
10.3395
 10
7.4208
 20
10.3557
 10
7.3982
 20
10.3718
 10
7.3755
 20
10.3879
 10
7.3528
 20
10.404
 10
7.3301
 20
10.42
 10
7.3074
 20
10.436
 10
7.2846
 20
10.4519
 10
7.2618
 20
10.4678
 10
7.2389
 20
10.4836
 10
7.216
 20
10.4994
 10
7.1931
 20
10.5151
 10
7.1701
 20
10.5308
 10
7.1471
 20
10.5464
 10
7.1241
 20
10.5619
 10
7.1011
 20
10.5775
 10
7.078
 20
10.5929
 10
7.0548
 20
10.6083
 10
7.0317
 20
10.6237
 10
7.0085
 20
10.639
 10
6.9853
 20
10.6543
 10
6.962
 20
10.6695
 10
6.9387
 20
10.6847
 10
6.9154
 20
10.6998
 10
6.892
 20
10.7148
 10
6.8686
 20
10.7298
 10
6.8452
 20
10.7448
 10
6.8217
 20
10.7597
 10
6.7982
 20
10.7746
 10
6.7747
 20
10.7894
 10
6.7512
 20
10.8041
 10
6.7276
 20
10.8188
 10
6.704
 20
10.8335
 10
6.6803
 20
10.8481
 10
6.6566
 20
10.8626
 10
6.6329
 20
10.8771
 10
6.6092
 20
10.8916
 10
6.5854
 20
10.906
 10
6.5616
 20
10.9203
 10
6.5377
 20
10.9346
 10
6.5139
 20
10.9488
 10
6.49
 20
10.963
 10
6.466
 20
10.9772
 10
6.4421
 20
10.9912
 10
6.4181
 20
11.0053
 10
6.3941
 20
11.0192
 10
6.37
 20
11.0332
 10
6.3459
 20
11.047
 10
6.3218
 20
11.0609
 10
6.2977
 20
11.0746
 10
6.2735
 20
11.0883
 10
6.2493
 20
11.102
 10
6.225
 20
11.1156
 10
6.2008
 20
11.1292
 10
6.1765
 20
11.1427
 10
6.1522
 20
11.1561
 10
6.1278
 20
11.1695
 10
6.1034
 20
11.1828
 10
6.079
 20
11.1961
 10
6.0546
 20
11.2094
 10
6.0301
 20
11.2225
 10
6.0056
 20
11.2357
 10
5.9811
 20
11.2488
 10
5.9565
 20
11.2618
 10
5.9319
 20
11.2747
 10
5.9073
 20
11.2877
 10
5.8827
 20
11.3005
 10
5.858
 20
11.3133
 10
5.8333
 20
11.3261
 10
5.8086
 20
11.3388
 10
5.7838
 20
11.3514
 10
5.7591
 20
11.364
 10
5.7343
 20
11.3766
 10
5.7094
 20
11.389
 10
5.6846
 20
11.4015
 10
5.6597
 20
11.4138
 10
5.6348
 20
11.4262
 10
5.6098
 20
11.4384
 10
5.5848
 20
11.4506
 10
5.5599
 20
11.4628
 10
5.5348
 20
11.4749
 10
5.5098
 20
11.4869
 10
5.4847
 20
11.4989
 10
5.4596
 20
11.5109
 10
5.4345
 20
11.5228
 10
5.4093
 20
11.5346
 10
5.3842
 20
11.5464
 10
5.359
 20
11.5581
 10
5.3337
 20
11.5697
 10
5.3085
 20
11.5814
 10
5.2832
 20
11.5929
 10
5.2579
 20
11.6044
 10
5.2326
 20
11.6158
 10
5.2072
 20
11.6272
 10
5.1818
 20
11.6386
 10
5.1564
 20
11.6498
 10
5.131
 20
11.6611
 10
5.1055
 20
11.6722
 10
5.0801
 20
11.6833
 10
5.0546
 20
11.6944
 10
5.029
 20
11.7054
 10
5.0035
 20
11.7163
 10
4.9779
 20
11.7272
 10
4.9523
 20
11.7381
 10
4.9267
 20
11.7488
 10
4.9011
 20
11.7596
 10
4.8754
 20
11.7702
 10
4.8497
 20
11.7808
 10
4.824
 20
11.7914
 10
4.7982
 20
11.8019
 10
4.7725
 20
11.8123
 10
4.7467
 20
11.8227
 10
4.7209
 20
11.833
 10
4.6951
 20
11.8433
 10
4.6692
 20
11.8535
 10
4.6434
 20
11.8637
 10
4.6175
 20
11.8738
 10
4.5915
 20
11.8838
 10
4.5656
 20
11.8938
 10
4.5396
 20
11.9037
 10
4.5137
 20
11.9136
 10
4.4877
 20
11.9234
 10
4.4616
 20
11.9332
 10
4.4356
 20
11.9429
 10
4.4095
 20
11.9526
 10
4.3834
 20
11.9621
 10
4.3573
 20
11.9717
 10
4.3312
 20
11.9812
 10
4.3051
 20
11.9906
 10
4.2789
 20
11.9999
 10
4.2527
 20
12.0093
 10
4.2265
 20
12.0185
 10
4.2003
 20
12.0277
 10
4.174
 20
12.0368
 10
4.1477
 20
12.0459
 10
4.1214
 20
12.0549
 10
4.0951
 20
12.0639
 10
4.0688
 20
12.0728
 10
4.0425
 20
12.0816
 10
4.0161
 20
12.0904
 10
3.9897
 20
12.0992
 10
3.9633
 20
12.1078
 10
3.9369
 20
12.1165
 10
3.9104
 20
12.125
 10
3.884
 20
12.1335
 10
3.8575
 20
12.142
 10
3.831
 20
12.1504
 10
3.8045
 20
12.1587
 10
3.7779
 20
12.167
 10
3.7514
 20
12.1752
 10
3.7248
 20
12.1833
 10
3.6982
 20
12.1914
 10
3.6716
 20
12.1995
 10
3.645
 20
12.2074
 10
3.6184
 20
12.2154
 10
3.5917
 20
12.2232
 10
3.565
 20
12.231
 10
3.5383
 20
12.2388
 10
3.5116
 20
12.2465
 10
3.4849
 20
12.2541
 10
3.4582
 20
12.2617
 10
3.4314
 20
12.2692
 10
3.4046
 20
12.2767
 10
3.3778
 20
12.2841
 10
3.351
 20
12.2914
 10
3.3242
 20
12.2987
 10
3.2974
 20
12.3059
 10
3.2705
 20
12.3131
 10
3.2436
 20
12.3202
 10
3.2167
 20
12.3272
 10
3.1898
 20
12.3342
 10
3.1629
 20
12.3411
 10
3.136
 20
12.348
 10
3.109
 20
12.3548
 10
3.0821
 20
12.3616
 10
3.0551
 20
12.3683
 10
3.0281
 20
12.3749
 10
3.0011
 20
12.3815
 10
2.9741
 20
12.388
 10
2.9471
 20
12.3945
 10
2.92
 20
12.4009
 10
2.893
 20
12.4072
 10
2.8659
 20
12.4135
 10
2.8388
 20
12.4197
 10
2.8117
 20
12.4259
 10
2.7846
 20
12.432
 10
2.7574
 20
12.438
 10
2.7303
 20
12.444
 10
2.7031
 20
12.4499
 10
2.676
 20
12.4558
 10
2.6488
 20
12.4616
 10
2.6216
 20
12.4673
 10
2.5944
 20
12.473
 10
2.5672
 20
12.4787
 10
2.5399
 20
12.4842
 10
2.5127
 20
12.4898
 10
2.4855
 20
12.4952
 10
2.4582
 20
12.5006
 10
2.4309
 20
12.5059
 10
2.4036
 20
12.5112
 10
2.3763
 20
12.5164
 10
2.349
 20
12.5216
 10
2.3217
 20
12.5267
 10
2.2943
 20
12.5317
 10
2.267
 20
12.5367
 10
2.2396
 20
12.5416
 10
2.2123
 20
12.5465
 10
2.1849
 20
12.5512
 10
2.1575
 20
12.556
 10
2.1301
 20
12.5607
 10
2.1027
 20
12.5653
 10
2.0753
 20
12.5698
 10
2.0479
 20
12.5743
 10
2.0204
 20
12.5788
 10
1.993
 20
12.5831
 10
1.9655
 20
12.5875
 10
1.9381
 20
12.5917
 10
1.9106
 20
12.5959
 10
1.8831
 20
12.6001
 10
1.8556
 20
12.6041
 10
1.8281
 20
12.6082
 10
1.8006
 20
12.6121
 10
1.7731
 20
12.616
 10
1.7455
 20
12.6199
 10
1.718
 20
12.6236
 10
1.6905
 20
12.6273
 10
1.6629
 20
12.631
 10
1.6353
 20
12.6346
 10
1.6078
 20
12.6381
 10
1.5802
 20
12.6416
 10
1.5526
 20
12.645
 10
1.525
 20
12.6484
 10
1.4974
 20
12.6517
 10
1.4698
 20
12.6549
 10
1.4422
 20
12.6581
 10
1.4146
 20
12.6612
 10
1.387
 20
12.6643
 10
1.3593
 20
12.6673
 10
1.3317
 20
12.6702
 10
1.304
 20
12.6731
 10
1.2764
 20
12.6759
 10
1.2487
 20
12.6787
 10
1.2211
 20
12.6813
 10
1.1934
 20
12.684
 10
1.1657
 20
12.6866
 10
1.1381
 20
12.6891
 10
1.1104
 20
12.6915
 10
1.0827
 20
12.6939
 10
1.055
 20
12.6962
 10
1.0273
 20
12.6985
 10
0.9996
 20
12.7007
 10
0.9719
 20
12.7029
 10
0.9441
 20
12.705
 10
0.9164
 20
12.707
 10
0.8887
 20
12.709
 10
0.861
 20
12.7109
 10
0.8332
 20
12.7127
 10
0.8055
 20
12.7145
 10
0.7778
 20
12.7162
 10
0.75
 20
12.7179
 10
0.7223
 20
12.7195
 10
0.6945
 20
12.7211
 10
0.6668
 20
12.7225
 10
0.639
 20
12.724
 10
0.6112
 20
12.7253
 10
0.5835
 20
12.7266
 10
0.5557
 20
12.7279
 10
0.5279
 20
12.7291
 10
0.5002
 20
12.7302
 10
0.4724
 20
12.7312
 10
0.4446
 20
12.7322
 10
0.4168
 20
12.7332
 10
0.3891
 20
12.7341
 10
0.3613
 20
12.7349
 10
0.3335
 20
12.7356
 10
0.3057
 20
12.7363
 10
0.2779
 20
12.737
 10
0.2501
 20
12.7375
 10
0.2223
 20
12.7381
 10
0.1946
 20
12.7385
 10
0.1668
 20
12.7389
 10
0.139
 20
12.7392
 10
0.1112
 20
12.7395
 10
0.0834
 20
12.7397
 10
0.0556
 20
12.7399
 10
0.0278
 20
12.74
 10
0.0
 20
12.74
 10
-0.0278
 20
12.74
 10
-0.0556
 20
12.7399
 10
-0.0834
 20
12.7397
 10
-0.1112
 20
12.7395
 10
-0.139
 20
12.7392
 10
-0.1668
 20
12.7389
 10
-0.1946
 20
12.7385
 10
-0.2223
 20
12.7381
 10
-0.2501
 20
12.7375
 10
-0.2779
 20
12.737
 10
-0.3057
 20
12.7363
 10
-0.3335
 20
12.7356
 10
-0.3613
 20
12.7349
 10
-0.3891
 20
12.7341
 10
-0.4168
 20
12.7332
 10
-0.4446
 20
12.7322
 10
-0.4724
 20
12.7312
 10
-0.5002
 20
12.7302
 10
-0.5279
 20
12.7291
 10
-0.5557
 20
12.7279
 10
-0.5835
 20
12.7266
 10
-0.6112
 20
12.7253
 10
-0.639
 20
12.724
 10
-0.6668
 20
12.7225
 10
-0.6945
 20
12.7211
 10
-0.7223
 20
12.7195
 10
-0.75
 20
12.7179
 10
-0.7778
 20
12.7162
 10
-0.8055
 20
12.7145
 10
-0.8332
 20
12.7127
 10
-0.861
 20
12.7109
 10
-0.8887
 20
12.709
 10
-0.9164
 20
12.707
 10
-0.9441
 20
12.705
 10
-0.9719
 20
12.7029
 10
-0.9996
 20
12.7007
 10
-1.0273
 20
12.6985
 10
-1.055
 20
12.6962
 10
-1.0827
 20
12.6939
 10
-1.1104
 20
12.6915
 10
-1.1381
 20
12.6891
 10
-1.1657
 20
12.6866
 10
-1.1934
 20
12.684
 10
-1.2211
 20
12.6813
 10
-1.2487
 20
12.6787
 10
-1.2764
 20
12.6759
 10
-1.304
 20
12.6731
 10
-1.3317
 20
12.6702
 10
-1.3593
 20
12.6673
 10
-1.387
 20
12.6643
 10
-1.4146
 20
12.6612
 10
-1.4422
 20
12.6581
 10
-1.4698
 20
12.6549
 10
-1.4974
 20
12.6517
 10
-1.525
 20
12.6484
 10
-1.5526
 20
12.645
 10
-1.5802
 20
12.6416
 10
-1.6078
 20
12.6381
 10
-1.6353
 20
12.6346
 10
-1.6629
 20
12.631
 10
-1.6905
 20
12.6273
 10
-1.718
 20
12.6236
 10
-1.7455
 20
12.6199
 10
-1.7731
 20
12.616
 10
-1.8006
 20
12.6121
 10
-1.8281
 20
12.6082
 10
-1.8556
 20
12.6041
 10
-1.8831
 20
12.6001
 10
-1.9106
 20
12.5959
 10
-1.9381
 20
12.5917
 10
-1.9655
 20
12.5875
 10
-1.993
 20
12.5831
 10
-2.0204
 20
12.5788
 10
-2.0479
 20
12.5743
 10
-2.0753
 20
12.5698
 10
-2.1027
 20
12.5653
 10
-2.1301
 20
12.5607
 10
-2.1575
 20
12.556
 10
-2.1849
 20
12.5512
 10
-2.2123
 20
12.5465
 10
-2.2396
 20
12.5416
 10
-2.267
 20
12.5367
 10
-2.2943
 20
12.5317
 10
-2.3217
 20
12.5267
 10
-2.349
 20
12.5216
 10
-2.3763
 20
12.5164
 10
-2.4036
 20
12.5112
 10
-2.4309
 20
12.5059
 10
-2.4582
 20
12.5006
 10
-2.4855
 20
12.4952
 10
-2.5127
 20
12.4898
 10
-2.5399
 20
12.4842
 10
-2.5672
 20
12.4787
 10
-2.5944
 20
12.473
 10
-2.6216
 20
12.4673
 10
-2.6488
 20
12.4616
 10
-2.676
 20
12.4558
 10
-2.7031
 20
12.4499
 10
-2.7303
 20
12.444
 10
-2.7574
 20
12.438
 10
-2.7846
 20
12.432
 10
-2.8117
 20
12.4259
 10
-2.8388
 20
12.4197
 10
-2.8659
 20
12.4135
 10
-2.893
 20
12.4072
 10
-2.92
 20
12.4009
 10
-2.9471
 20
12.3945
 10
-2.9741
 20
12.388
 10
-3.0011
 20
12.3815
 10
-3.0281
 20
12.3749
 10
-3.0551
 20
12.3683
 10
-3.0821
 20
12.3616
 10
-3.109
 20
12.3548
 10
-3.136
 20
12.348
 10
-3.1629
 20
12.3411
 10
-3.1898
 20
12.3342
 10
-3.2167
 20
12.3272
 10
-3.2436
 20
12.3202
 10
-3.2705
 20
12.3131
 10
-3.2974
 20
12.3059
 10
-3.3242
 20
12.2987
 10
-3.351
 20
12.2914
 10
-3.3778
 20
12.2841
 10
-3.4046
 20
12.2767
 10
-3.4314
 20
12.2692
 10
-3.4582
 20
12.2617
 10
-3.4849
 20
12.2541
 10
-3.5116
 20
12.2465
 10
-3.5383
 20
12.2388
 10
-3.565
 20
12.231
 10
-3.5917
 20
12.2232
 10
-3.6184
 20
12.2154
 10
-3.645
 20
12.2074
 10
-3.6716
 20
12.1995
 10
-3.6982
 20
12.1914
 10
-3.7248
 20
12.1833
 10
-3.7514
 20
12.1752
 10
-3.7779
 20
12.167
 10
-3.8045
 20
12.1587
 10
-3.831
 20
12.1504
 10
-3.8575
 20
12.142
 10
-3.884
 20
12.1335
 10
-3.9104
 20
12.125
 10
-3.9369
 20
12.1165
 10
-3.9633
 20
12.1078
 10
-3.9897
 20
12.0992
 10
-4.0161
 20
12.0904
 10
-4.0425
 20
12.0816
 10
-4.0688
 20
12.0728
 10
-4.0951
 20
12.0639
 10
-4.1214
 20
12.0549
 10
-4.1477
 20
12.0459
 10
-4.174
 20
12.0368
 10
-4.2003
 20
12.0277
 10
-4.2265
 20
12.0185
 10
-4.2527
 20
12.0093
 10
-4.2789
 20
11.9999
 10
-4.3051
 20
11.9906
 10
-4.3312
 20
11.9812
 10
-4.3573
 20
11.9717
 10
-4.3834
 20
11.9621
 10
-4.4095
 20
11.9526
 10
-4.4356
 20
11.9429
 10
-4.4616
 20
11.9332
 10
-4.4877
 20
11.9234
 10
-4.5137
 20
11.9136
 10
-4.5396
 20
11.9037
 10
-4.5656
 20
11.8938
 10
-4.5915
 20
11.8838
 10
-4.6175
 20
11.8738
 10
-4.6434
 20
11.8637
 10
-4.6692
 20
11.8535
 10
-4.6951
 20
11.8433
 10
-4.7209
 20
11.833
 10
-4.7467
 20
11.8227
 10
-4.7725
 20
11.8123
 10
-4.7982
 20
11.8019
 10
-4.824
 20
11.7914
 10
-4.8497
 20
11.7808
 10
-4.8754
 20
11.7702
 10
-4.9011
 20
11.7596
 10
-4.9267
 20
11.7488
 10
-4.9523
 20
11.7381
 10
-4.9779
 20
11.7272
 10
-5.0035
 20
11.7163
 10
-5.029
 20
11.7054
 10
-5.0546
 20
11.6944
 10
-5.0801
 20
11.6833
 10
-5.1055
 20
11.6722
 10
-5.131
 20
11.6611
 10
-5.1564
 20
11.6498
 10
-5.1818
 20
11.6386
 10
-5.2072
 20
11.6272
 10
-5.2326
 20
11.6158
 10
-5.2579
 20
11.6044
 10
-5.2832
 20
11.5929
 10
-5.3085
 20
11.5814
 10
-5.3337
 20
11.5697
 10
-5.359
 20
11.5581
 10
-5.3842
 20
11.5464
 10
-5.4093
 20
11.5346
 10
-5.4345
 20
11.5228
 10
-5.4596
 20
11.5109
 10
-5.4847
 20
11.4989
 10
-5.5098
 20
11.4869
 10
-5.5348
 20
11.4749
 10
-5.5599
 20
11.4628
 10
-5.5848
 20
11.4506
 10
-5.6098
 20
11.4384
 10
-5.6348
 20
11.4262
 10
-5.6597
 20
11.4138
 10
-5.6846
 20
11.4015
 10
-5.7094
 20
11.389
 10
-5.7343
 20
11.3766
 10
-5.7591
 20
11.364
 10
-5.7838
 20
11.3514
 10
-5.8086
 20
11.3388
 10
-5.8333
 20
11.3261
 10
-5.858
 20
11.3133
 10
-5.8827
 20
11.3005
 10
-5.9073
 20
11.2877
 10
-5.9319
 20
11.2747
 10
-5.9565
 20
11.2618
 10
-5.9811
 20
11.2488
 10
-6.0056
 20
11.2357
 10
-6.0301
 20
11.2225
 10
-6.0546
 20
11.2094
 10
-6.079
 20
11.1961
 10
-6.1034
 20
11.1828
 10
-6.1278
 20
11.1695
 10
-6.1522
 20
11.1561
 10
-6.1765
 20
11.1427
 10
-6.2008
 20
11.1292
 10
-6.225
 20
11.1156
 10
-6.2493
 20
11.102
 10
-6.2735
 20
11.0883
 10
-6.2977
 20
11.0746
 10
-6.3218
 20
11.0609
 10
-6.3459
 20
11.047
 10
-6.37
 20
11.0332
 10
-6.3941
 20
11.0192
 10
-6.4181
 20
11.0053
 10
-6.4421
 20
10.9912
 10
-6.466
 20
10.9772
 10
-6.49
 20
10.963
 10
-6.5139
 20
10.9488
 10
-6.5377
 20
10.9346
 10
-6.5616
 20
10.9203
 10
-6.5854
 20
10.906
 10
-6.6092
 20
10.8916
 10
-6.6329
 20
10.8771
 10
-6.6566
 20
10.8626
 10
-6.6803
 20
10.8481
 10
-6.704
 20
10.8335
 10
-6.7276
 20
10.8188
 10
-6.7512
 20
10.8041
 10
-6.7747
 20
10.7894
 10
-6.7982
 20
10.7746
 10
-6.8217
 20
10.7597
 10
-6.8452
 20
10.7448
 10
-6.8686
 20
10.7298
 10
-6.892
 20
10.7148
 10
-6.9154
 20
10.6998
 10
-6.9387
 20
10.6847
 10
-6.962
 20
10.6695
 10
-6.9853
 20
10.6543
 10
-7.0085
 20
10.639
 10
-7.0317
 20
10.6237
 10
-7.0548
 20
10.6083
 10
-7.078
 20
10.5929
 10
-7.1011
 20
10.5775
 10
-7.1241
 20
10.5619
 10
-7.1471
 20
10.5464
 10
-7.1701
 20
10.5308
 10
-7.1931
 20
10.5151
 10
-7.216
 20
10.4994
 10
-7.2389
 20
10.4836
 10
-7.2618
 20
10.4678
 10
-7.2846
 20
10.4519
 10
-7.3074
 20
10.436
 10
-7.3301
 20
10.42
 10
-7.3528
 20
10.404
 10
-7.3755
 20
10.3879
 10
-7.3982
 20
10.3718
 10
-7.4208
 20
10.3557
 10
-7.4433
 20
10.3395
 10
-7.4659
 20
10.3232
 10
-7.4884
 20
10.3069
 10
-7.5109
 20
10.2905
 10
-7.5333
 20
10.2741
 10
-7.5557
 20
10.2576
 10
-7.578
 20
10.2411
 10
-7.6004
 20
10.2246
 10
-7.6227
 20
10.208
 10
-7.6449
 20
10.1913
 10
-7.6671
 20
10.1746
 10
-7.6893
 20
10.1579
 10
-7.7114
 20
10.1411
 10
-7.7336
 20
10.1242
 10
-7.7556
 20
10.1073
 10
-7.7777
 20
10.0904
 10
-7.7996
 20
10.0734
 10
-7.8216
 20
10.0563
 10
-7.8435
 20
10.0393
 10
-7.8654
 20
10.0221
 10
-7.8873
 20
10.0049
 10
-7.9091
 20
9.9877
 10
-7.9308
 20
9.9704
 10
-7.9526
 20
9.9531
 10
-7.9743
 20
9.9357
 10
-7.9959
 20
9.9183
 10
-8.0175
 20
9.9008
 10
-8.0391
 20
9.8833
 10
-8.0607
 20
9.8658
 10
-8.0822
 20
9.8482
 10
-8.1036
 20
9.8305
 10
-8.1251
 20
9.8128
 10
-8.1465
 20
9.795
 10
-8.1678
 20
9.7772
 10
-8.1891
 20
9.7594
 10
-8.2104
 20
9.7415
 10
-8.2316
 20
9.7236
 10
-8.2528
 20
9.7056
 10
-8.274
 20
9.6876
 10
-8.2951
 20
9.6695
 10
-8.3162
 20
9.6514
 10
-8.3372
 20
9.6332
 10
-8.3582
 20
9.615
 10
-8.3791
 20
9.5967
 10
-8.4001
 20
9.5784
 10
-8.4209
 20
9.5601
 10
-8.4418
 20
9.5417
 10
-8.4626
 20
9.5233
 10
-8.4833
 20
9.5048
 10
-8.504
 20
9.4862
 10
-8.5247
 20
9.4677
 10
-8.5454
 20
9.449
 10
-8.566
 20
9.4304
 10
-8.5865
 20
9.4117
 10
-8.607
 20
9.3929
 10
-8.6275
 20
9.3741
 10
-8.6479
 20
9.3553
 10
-8.6683
 20
9.3364
 10
-8.6887
 20
9.3174
 10
-8.709
 20
9.2985
 10
-8.7292
 20
9.2794
 10
-8.7495
 20
9.2604
 10
-8.7696
 20
9.2413
 10
-8.7898
 20
9.2221
 10
-8.8099
 20
9.2029
 10
-8.8299
 20
9.1837
 10
-8.8499
 20
9.1644
 10
-8.8699
 20
9.1451
 10
-8.8899
 20
9.1257
 10
-8.9097
 20
9.1063
 10
-8.9296
 20
9.0868
 10
-8.9494
 20
9.0673
 10
-8.9691
 20
9.0478
 10
-8.9889
 20
9.0282
 10
-9.0085
 20
9.0085
 10
-9.0282
 20
8.9889
 10
-9.0478
 20
8.9691
 10
-9.0673
 20
8.9494
 10
-9.0868
 20
8.9296
 10
-9.1063
 20
8.9097
 10
-9.1257
 20
8.8899
 10
-9.1451
 20
8.8699
 10
-9.1644
 20
8.8499
 10
-9.1837
 20
8.8299
 10
-9.2029
 20
8.8099
 10
-9.2221
 20
8.7898
 10
-9.2413
 20
8.7696
 10
-9.2604
 20
8.7495
 10
-9.2794
 20
8.7292
 10
-9.2985
 20
8.709
 10
-9.3174
 20
8.6887
 10
-9.3364
 20
8.6683
 10
-9.3553
 20
8.6479
 10
-9.3741
 20
8.6275
 10
-9.3929
 20
8.607
 10
-9.4117
 20
8.5865
 10
-9.4304
 20
8.566
 10
-9.449
 20
8.5454
 10
-9.4677
 20
8.5247
 10
-9.4862
 20
8.504
 10
-9.5048
 20
8.4833
 10
-9.5233
 20
8.4626
 10
-9.5417
 20
8.4418
 10
-9.5601
 20
8.4209
 10
-9.5784
 20
8.4001
 10
-9.5967
 20
8.3791
 10
-9.615
 20
8.3582
 10
-9.6332
 20
8.3372
 10
-9.6514
 20
8.3162
 10
-9.6695
 20
8.2951
 10
-9.6876
 20
8.274
 10
-9.7056
 20
8.2528
 10
-9.7236
 20
8.2316
 10
-9.7415
 20
8.2104
 10
-9.7594
 20
8.1891
 10
-9.7772
 20
8.1678
 10
-9.795
 20
8.1465
 10
-9.8128
 20
8.1251
 10
-9.8305
 20
8.1036
 10
-9.8482
 20
8.0822
 10
-9.8658
 20
8.0607
 10
-9.8833
 20
8.0391
 10
-9.9008
 20
8.0175
 10
-9.9183
 20
7.9959
 10
-9.9357
 20
7.9743
 10
-9.9531
 20
7.9526
 10
-9.9704
 20
7.9308
 10
-9.9877
 20
7.9091
 10
-10.0049
 20
7.8873
 10
-10.0221
 20
7.8654
 10
-10.0393
 20
7.8435
 10
-10.0563
 20
7.8216
 10
-10.0734
 20
7.7996
 10
-10.0904
 20
7.7777
 10
-10.1073
 20
7.7556
 10
-10.1242
 20
7.7336
 10
-10.1411
 20
7.7114
 10
-10.1579
 20
7.6893
 10
-10.1746
 20
7.6671
 10
-10.1913
 20
7.6449
 10
-10.208
 20
7.6227
 10
-10.2246
 20
7.6004
 10
-10.2411
 20
7.578
 10
-10.2576
 20
7.5557
 10
-10.2741
 20
7.5333
 10
-10.2905
 20
7.5109
 10
-10.3069
 20
7.4884
 10
-10.3232
 20
7.4659
 10
-10.3395
 20
7.4433
 10
-10.3557
 20
7.4208
 10
-10.3718
 20
7.3982
 10
-10.3879
 20
7.3755
 10
-10.404
 20
7.3528
 10
-10.42
 20
7.3301
 10
-10.436
 20
7.3074
 10
-10.4519
 20
7.2846
 10
-10.4678
 20
7.2618
 10
-10.4836
 20
7.2389
 10
-10.4994
 20
7.216
 10
-10.5151
 20
7.1931
 10
-10.5308
 20
7.1701
 10
-10.5464
 20
7.1471
 10
-10.5619
 20
7.1241
 10
-10.5775
 20
7.1011
 10
-10.5929
 20
7.078
 10
-10.6083
 20
7.0548
 10
-10.6237
 20
7.0317
 10
-10.639
 20
7.0085
 10
-10.6543
 20
6.9853
 10
-10.6695
 20
6.962
 10
-10.6847
 20
6.9387
 10
-10.6998
 20
6.9154
 10
-10.7148
 20
6.892
 10
-10.7298
 20
6.8686
 10
-10.7448
 20
6.8452
 10
-10.7597
 20
6.8217
 10
-10.7746
 20
6.7982
 10
-10.7894
 20
6.7747
 10
-10.8041
 20
6.7512
 10
-10.8188
 20
6.7276
 10
-10.8335
 20
6.704
 10
-10.8481
 20
6.6803
 10
-10.8626
 20
6.6566
 10
-10.8771
 20
6.6329
 10
-10.8916
 20
6.6092
 10
-10.906
 20
6.5854
 10
-10.9203
 20
6.5616
 10
-10.9346
 20
6.5377
 10
-10.9488
 20
6.5139
 10
-10.963
 20
6.49
 10
-10.9772
 20
6.466
 10
-10.9912
 20
6.4421
 10
-11.0053
 20
6.4181
 10
-11.0192
 20
6.3941
 10
-11.0332
 20
6.37
 10
-11.047
 20
6.3459
 10
-11.0609
 20
6.3218
 10
-11.0746
 20
6.2977
 10
-11.0883
 20
6.2735
 10
-11.102
 20
6.2493
 10
-11.1156
 20
6.225
 10
-11.1292
 20
6.2008
 10
-11.1427
 20
6.1765
 10
-11.1561
 20
6.1522
 10
-11.1695
 20
6.1278
 10
-11.1828
 20
6.1034
 10
-11.1961
 20
6.079
 10
-11.2094
 20
6.0546
 10
-11.2225
 20
6.0301
 10
-11.2357
 20
6.0056
 10
-11.2488
 20
5.9811
 10
-11.2618
 20
5.9565
 10
-11.2747
 20
5.9319
 10
-11.2877
 20
5.9073
 10
-11.3005
 20
5.8827
 10
-11.3133
 20
5.858
 10
-11.3261
 20
5.8333
 10
-11.3388
 20
5.8086
 10
-11.3514
 20
5.7838
 10
-11.364
 20
5.7591
 10
-11.3766
 20
5.7343
 10
-11.389
 20
5.7094
 10
-11.4015
 20
5.6846
 10
-11.4138
 20
5.6597
 10
-11.4262
 20
5.6348
 10
-11.4384
 20
5.6098
 10
-11.4506
 20
5.5848
 10
-11.4628
 20
5.5599
 10
-11.4749
 20
5.5348
 10
-11.4869
 20
5.5098
 10
-11.4989
 20
5.4847
 10
-11.5109
 20
5.4596
 10
-11.5228
 20
5.4345
 10
-11.5346
 20
5.4093
 10
-11.5464
 20
5.3842
 10
-11.5581
 20
5.359
 10
-11.5697
 20
5.3337
 10
-11.5814
 20
5.3085
 10
-11.5929
 20
5.2832
 10
-11.6044
 20
5.2579
 10
-11.6158
 20
5.2326
 10
-11.6272
 20
5.2072
 10
-11.6386
 20
5.1818
 10
-11.6498
 20
5.1564
 10
-11.6611
 20
5.131
 10
-11.6722
 20
5.1055
 10
-11.6833
 20
5.0801
 10
-11.6944
 20
5.0546
 10
-11.7054
 20
5.029
 10
-11.7163
 20
5.0035
 10
-11.7272
 20
4.9779
 10
-11.7381
 20
4.9523
 10
-11.7488
 20
4.9267
 10
-11.7596
 20
4.9011
 10
-11.7702
 20
4.8754
 10
-11.7808
 20
4.8497
 10
-11.7914
 20
4.824
 10
-11.8019
 20
4.7982
 10
-11.8123
 20
4.7725
 10
-11.8227
 20
4.7467
 10
-11.833
 20
4.7209
 10
-11.8433
 20
4.6951
 10
-11.8535
 20
4.6692
 10
-11.8637
 20
4.6434
 10
-11.8738
 20
4.6175
 10
-11.8838
 20
4.5915
 10
-11.8938
 20
4.5656
 10
-11.9037
 20
4.5396
 10
-11.9136
 20
4.5137
 10
-11.9234
 20
4.4877
 10
-11.9332
 20
4.4616
 10
-11.9429
 20
4.4356
 10
-11.9526
 20
4.4095
 10
-11.9621
 20
4.3834
 10
-11.9717
 20
4.3573
 10
-11.9812
 20
4.3312
 10
-11.9906
 20
4.3051
 10
-11.9999
 20
4.2789
 10
-12.0093
 20
4.2527
 10
-12.0185
 20
4.2265
 10
-12.0277
 20
4.2003
 10
-12.0368
 20
4.174
 10
-12.0459
 20
4.1477
 10
-12.0549
 20
4.1214
 10
-12.0639
 20
4.0951
 10
-12.0728
 20
4.0688
 10
-12.0816
 20
4.0425
 10
-12.0904
 20
4.0161
 10
-12.0992
 20
3.9897
 10
-12.1078
 20
3.9633
 10
-12.1165
 20
3.9369
 10
-12.125
 20
3.9104
 10
-12.1335
 20
3.884
 10
-12.142
 20
3.8575
 10
-12.1504
 20
3.831
 10
-12.1587
 20
3.8045
 10
-12.167
 20
3.7779
 10
-12.1752
 20
3.7514
 10
-12.1833
 20
3.7248
 10
-12.1914
 20
3.6982
 10
-12.1995
 20
3.6716
 10
-12.2074
 20
3.645
 10
-12.2154
 20
3.6184
 10
-12.2232
 20
3.5917
 10
-12.231
 20
3.565
 10
-12.2388
 20
3.5383
 10
-12.2465
 20
3.5116
 10
-12.2541
 20
3.4849
 10
-12.2617
 20
3.4582
 10
-12.2692
 20
3.4314
 10
-12.2767
 20
3.4046
 10
-12.2841
 20
3.3778
 10
-12.2914
 20
3.351
 10
-12.2987
 20
3.3242
 10
-12.3059
 20
3.2974
 10
-12.3131
 20
3.2705
 10
-12.3202
 20
3.2436
 10
-12.3272
 20
3.2167
 10
-12.3342
 20
3.1898
 10
-12.3411
 20
3.1629
 10
-12.348
 20
3.136
 10
-12.3548
 20
3.109
 10
-12.3616
 20
3.0821
 10
-12.3683
 20
3.0551
 10
-12.3749
 20
3.0281
 10
-12.3815
 20
3.0011
 10
-12.388
 20
2.9741
 10
-12.3945
 20
2.9471
 10
-12.4009
 20
2.92
 10
-12.4072
 20
2.893
 10
-12.4135
 20
2.8659
 10
-12.4197
 20
2.8388
 10
-12.4259
 20
2.8117
 10
-12.432
 20
2.7846
 10
-12.438
 20
2.7574
 10
-12.444
 20
2.7303
 10
-12.4499
 20
2.7031
 10
-12.4558
 20
2.676
 10
-12.4616
 20
2.6488
 10
-12.4673
 20
2.6216
 10
-12.473
 20
2.5944
 10
-12.4787
 20
2.5672
 10
-12.4842
 20
2.5399
 10
-12.4898
 20
2.5127
 10
-12.4952
 20
2.4855
 10
-12.5006
 20
2.4582
 10
-12.5059
 20
2.4309
 10
-12.5112
 20
2.4036
 10
-12.5164
 20
2.3763
 10
-12.5216
 20
2.349
 10
-12.5267
 20
2.3217
 10
-12.5317
 20
2.2943
 10
-12.5367
 20
2.267
 10
-12.5416
 20
2.2396
 10
-12.5465
 20
2.2123
 10
-12.5512
 20
2.1849
 10
-12.556
 20
2.1575
 10
-12.5607
 20
2.1301
 10
-12.5653
 20
2.1027
 10
-12.5698
 20
2.0753
 10
-12.5743
 20
2.0479
 10
-12.5788
 20
2.0204
 10
-12.5831
 20
1.993
 10
-12.5875
 20
1.9655
 10
-12.5917
 20
1.9381
 10
-12.5959
 20
1.9106
 10
-12.6001
 20
1.8831
 10
-12.6041
 20
1.8556
 10
-12.6082
 20
1.8281
 10
-12.6121
 20
1.8006
 10
-12.616
 20
1.7731
 10
-12.6199
 20
1.7455
 10
-12.6236
 20
1.718
 10
-12.6273
 20
1.6905
 10
-12.631
 20
1.6629
 10
-12.6346
 20
1.6353
 10
-12.6381
 20
1.6078
 10
-12.6416
 20
1.5802
 10
-12.645
 20
1.5526
 10
-12.6484
 20
1.525
 10
-12.6517
 20
1.4974
 10
-12.6549
 20
1.4698
 10
-12.6581
 20
1.4422
 10
-12.6612
 20
1.4146
 10
-12.6643
 20
1.387
 10
-12.6673
 20
1.3593
 10
-12.6702
 20
1.3317
 10
-12.6731
 20
1.304
 10
-12.6759
 20
1.2764
 10
-12.6787
 20
1.2487
 10
-12.6813
 20
1.2211
 10
-12.684
 20
1.1934
 10
-12.6866
 20
1.1657
 10
-12.6891
 20
1.1381
 10
-12.6915
 20
1.1104
 10
-12.6939
 20
1.0827
 10
-12.6962
 20
1.055
 10
-12.6985
 20
1.0273
 10
-12.7007
 20
0.9996
 10
-12.7029
 20
0.9719
 10
-12.705
 20
0.9441
 10
-12.707
 20
0.9164
 10
-12.709
 20
0.8887
 10
-12.7109
 20
0.861
 10
-12.7127
 20
0.8332
 10
-12.7145
 20
0.8055
 10
-12.7162
 20
0.7778
 10
-12.7179
 20
0.75
 10
-12.7195
 20
0.7223
 10
-12.7211
 20
0.6945
 10
-12.7225
 20
0.6668
 10
-12.724
 20
0.639
 10
-12.7253
 20
0.6112
 10
-12.7266
 20
0.5835
 10
-12.7279
 20
0.5557
 10
-12.7291
 20
0.5279
 10
-12.7302
 20
0.5002
 10
-12.7312
 20
0.4724
 10
-12.7322
 20
0.4446
 10
-12.7332
 20
0.4168
 10
-12.7341
 20
0.3891
 10
-12.7349
 20
0.3613
 10
-12.7356
 20
0.3335
 10
-12.7363
 20
0.3057
 10
-12.737
 20
0.2779
 10
-12.7375
 20
0.2501
 10
-12.7381
 20
0.2223
 10
-12.7385
 20
0.1946
 10
-12.7389
 20
0.1668
 10
-12.7392
 20
0.139
 10
-12.7395
 20
0.1112
 10
-12.7397
 20
0.0834
 10
-12.7399
 20
0.0556
 10
-12.74
 20
0.0278
 10
-12.74
 20
0.0
 10
-12.74
 20
-0.0278
 10
-12.7399
 20
-0.0556
 10
-12.7397
 20
-0.0834
 10
-12.7395
 20
-0.1112
 10
-12.7392
 20
-0.139
 10
-12.7389
 20
-0.1668
 10
-12.7385
 20
-0.1946
 10
-12.7381
 20
-0.2223
 10
-12.7375
 20
-0.2501
 10
-12.737
 20
-0.2779
 10
-12.7363
 20
-0.3057
 10
-12.7356
 20
-0.3335
 10
-12.7349
 20
-0.3613
 10
-12.7341
 20
-0.3891
 10
-12.7332
 20
-0.4168
 10
-12.7322
 20
-0.4446
 10
-12.7312
 20
-0.4724
 10
-12.7302
 20
-0.5002
 10
-12.7291
 20
-0.5279
 10
-12.7279
 20
-0.5557
 10
-12.7266
 20
-0.5835
 10
-12.7253
 20
-0.6112
 10
-12.724
 20
-0.639
 10
-12.7225
 20
-0.6668
 10
-12.7211
 20
-0.6945
 10
-12.7195
 20
-0.7223
 10
-12.7179
 20
-0.75
 10
-12.7162
 20
-0.7778
 10
-12.7145
 20
-0.8055
 10
-12.7127
 20
-0.8332
 10
-12.7109
 20
-0.861
 10
-12.709
 20
-0.8887
 10
-12.707
 20
-0.9164
 10
-12.705
 20
-0.9441
 10
-12.7029
 20
-0.9719
 10
-12.7007
 20
-0.9996
 10
-12.6985
 20
-1.0273
 10
-12.6962
 20
-1.055
 10
-12.6939
 20
-1.0827
 10
-12.6915
 20
-1.1104
 10
-12.6891
 20
-1.1381
 10
-12.6866
 20
-1.1657
 10
-12.684
 20
-1.1934
 10
-12.6813
 20
-1.2211
 10
-12.6787
 20
-1.2487
 10
-12.6759
 20
-1.2764
 10
-12.6731
 20
-1.304
 10
-12.6702
 20
-1.3317
 10
-12.6673
 20
-1.3593
 10
-12.6643
 20
-1.387
 10
-12.6612
 20
-1.4146
 10
-12.6581
 20
-1.4422
 10
-12.6549
 20
-1.4698
 10
-12.6517
 20
-1.4974
 10
-12.6484
 20
-1.525
 10
-12.645
 20
-1.5526
 10
-12.6416
 20
-1.5802
 10
-12.6381
 20
-1.6078
 10
-12.6346
 20
-1.6353
 10
-12.631
 20
-1.6629
 10
-12.6273
 20
-1.6905
 10
-12.6236
 20
-1.718
 10
-12.6199
 20
-1.7455
 10
-12.616
 20
-1.7731
 10
-12.6121
 20
-1.8006
 10
-12.6082
 20
-1.8281
 10
-12.6041
 20
-1.8556
 10
-12.6001
 20
-1.8831
 10
-12.5959
 20
-1.9106
 10
-12.5917
 20
-1.9381
 10
-12.5875
 20
-1.9655
 10
-12.5831
 20
-1.993
 10
-12.5788
 20
-2.0204
 10
-12.5743
 20
-2.0479
 10
-12.5698
 20
-2.0753
 10
-12.5653
 20
-2.1027
 10
-12.5607
 20
-2.1301
 10
-12.556
 20
-2.1575
 10
-12.5512
 20
-2.1849
 10
-12.5465
 20
-2.2123
 10
-12.5416
 20
-2.2396
 10
-12.5367
 20
-2.267
 10
-12.5317
 20
-2.2943
 10
-12.5267
 20
-2.3217
 10
-12.5216
 20
-2.349
 10
-12.5164
 20
-2.3763
 10
-12.5112
 20
-2.4036
 10
-12.5059
 20
-2.4309
 10
-12.5006
 20
-2.4582
 10
-12.4952
 20
-2.4855
 10
-12.4898
 20
-2.5127
 10
-12.4842
 20
-2.5399
 10
-12.4787
 20
-2.5672
 10
-12.473
 20
-2.5944
 10
-12.4673
 20
-2.6216
 10
-12.4616
 20
-2.6488
 10
-12.4558
 20
-2.676
 10
-12.4499
 20
-2.7031
 10
-12.444
 20
-2.7303
 10
-12.438
 20
-2.7574
 10
-12.432
 20
-2.7846
 10
-12.4259
 20
-2.8117
 10
-12.4197
 20
-2.8388
 10
-12.4135
 20
-2.8659
 10
-12.4072
 20
-2.893
 10
-12.4009
 20
-2.92
 10
-12.3945
 20
-2.9471
 10
-12.388
 20
-2.9741
 10
-12.3815
 20
-3.0011
 10
-12.3749
 20
-3.0281
 10
-12.3683
 20
-3.0551
 10
-12.3616
 20
-3.0821
 10
-12.3548
 20
-3.109
 10
-12.348
 20
-3.136
 10
-12.3411
 20
-3.1629
 10
-12.3342
 20
-3.1898
 10
-12.3272
 20
-3.2167
 10
-12.3202
 20
-3.2436
 10
-12.3131
 20
-3.2705
 10
-12.3059
 20
-3.2974
 10
-12.2987
 20
-3.3242
 10
-12.2914
 20
-3.351
 10
-12.2841
 20
-3.3778
 10
-12.2767
 20
-3.4046
 10
-12.2692
 20
-3.4314
 10
-12.2617
 20
-3.4582
 10
-12.2541
 20
-3.4849
 10
-12.2465
 20
-3.5116
 10
-12.2388
 20
-3.5383
 10
-12.231
 20
-3.565
 10
-12.2232
 20
-3.5917
 10
-12.2154
 20
-3.6184
 10
-12.2074
 20
-3.645
 10
-12.1995
 20
-3.6716
 10
-12.1914
 20
-3.6982
 10
-12.1833
 20
-3.7248
 10
-12.1752
 20
-3.7514
 10
-12.167
 20
-3.7779
 10
-12.1587
 20
-3.8045
 10
-12.1504
 20
-3.831
 10
-12.142
 20
-3.8575
 10
-12.1335
 20
-3.884
 10
-12.125
 20
-3.9104
 10
-12.1165
 20
-3.9369
 10
-12.1078
 20
-3.9633
 10
-12.0992
 20
-3.9897
 10
-12.0904
 20
-4.0161
 10
-12.0816
 20
-4.0425
 10
-12.0728
 20
-4.0688
 10
-12.0639
 20
-4.0951
 10
-12.0549
 20
-4.1214
 10
-12.0459
 20
-4.1477
 10
-12.0368
 20
-4.174
 10
-12.0277
 20
-4.2003
 10
-12.0185
 20
-4.2265
 10
-12.0093
 20
-4.2527
 10
-11.9999
 20
-4.2789
 10
-11.9906
 20
-4.3051
 10
-11.9812
 20
-4.3312
 10
-11.9717
 20
-4.3573
 10
-11.9621
 20
-4.3834
 10
-11.9526
 20
-4.4095
 10
-11.9429
 20
-4.4356
 10
-11.9332
 20
-4.4616
 10
-11.9234
 20
-4.4877
 10
-11.9136
 20
-4.5137
 10
-11.9037
 20
-4.5396
 10
-11.8938
 20
-4.5656
 10
-11.8838
 20
-4.5915
 10
-11.8738
 20
-4.6175
 10
-11.8637
 20
-4.6434
 10
-11.8535
 20
-4.6692
 10
-11.8433
 20
-4.6951
 10
-11.833
 20
-4.7209
 10
-11.8227
 20
-4.7467
 10
-11.8123
 20
-4.7725
 10
-11.8019
 20
-4.7982
 10
-11.7914
 20
-4.824
 10
-11.7808
 20
-4.8497
 10
-11.7702
 20
-4.8754
 10
-11.7596
 20
-4.9011
 10
-11.7488
 20
-4.9267
 10
-11.7381
 20
-4.9523
 10
-11.7272
 20
-4.9779
 10
-11.7163
 20
-5.0035
 10
-11.7054
 20
-5.029
 10
-11.6944
 20
-5.0546
 10
-11.6833
 20
-5.0801
 10
-11.6722
 20
-5.1055
 10
-11.6611
 20
-5.131
 10
-11.6498
 20
-5.1564
 10
-11.6386
 20
-5.1818
 10
-11.6272
 20
-5.2072
 10
-11.6158
 20
-5.2326
 10
-11.6044
 20
-5.2579
 10
-11.5929
 20
-5.2832
 10
-11.5814
 20
-5.3085
 10
-11.5697
 20
-5.3337
 10
-11.5581
 20
-5.359
 10
-11.5464
 20
-5.3842
 10
-11.5346
 20
-5.4093
 10
-11.5228
 20
-5.4345
 10
-11.5109
 20
-5.4596
 10
-11.4989
 20
-5.4847
 10
-11.4869
 20
-5.5098
 10
-11.4749
 20
-5.5348
 10
-11.4628
 20
-5.5599
 10
-11.4506
 20
-5.5848
 10
-11.4384
 20
-5.6098
 10
-11.4262
 20
-5.6348
 10
-11.4138
 20
-5.6597
 10
-11.4015
 20
-5.6846
 10
-11.389
 20
-5.7094
 10
-11.3766
 20
-5.7343
 10
-11.364
 20
-5.7591
 10
-11.3514
 20
-5.7838
 10
-11.3388
 20
-5.8086
 10
-11.3261
 20
-5.8333
 10
-11.3133
 20
-5.858
 10
-11.3005
 20
-5.8827
 10
-11.2877
 20
-5.9073
 10
-11.2747
 20
-5.9319
 10
-11.2618
 20
-5.9565
 10
-11.2488
 20
-5.9811
 10
-11.2357
 20
-6.0056
 10
-11.2225
 20
-6.0301
 10
-11.2094
 20
-6.0546
 10
-11.1961
 20
-6.079
 10
-11.1828
 20
-6.1034
 10
-11.1695
 20
-6.1278
 10
-11.1561
 20
-6.1522
 10
-11.1427
 20
-6.1765
 10
-11.1292
 20
-6.2008
 10
-11.1156
 20
-6.225
 10
-11.102
 20
-6.2493
 10
-11.0883
 20
-6.2735
 10
-11.0746
 20
-6.2977
 10
-11.0609
 20
-6.3218
 10
-11.047
 20
-6.3459
 10
-11.0332
 20
-6.37
 10
-11.0192
 20
-6.3941
 10
-11.0053
 20
-6.4181
 10
-10.9912
 20
-6.4421
 10
-10.9772
 20
-6.466
 10
-10.963
 20
-6.49
 10
-10.9488
 20
-6.5139
 10
-10.9346
 20
-6.5377
 10
-10.9203
 20
-6.5616
 10
-10.906
 20
-6.5854
 10
-10.8916
 20
-6.6092
 10
-10.8771
 20
-6.6329
 10
-10.8626
 20
-6.6566
 10
-10.8481
 20
-6.6803
 10
-10.8335
 20
-6.704
 10
-10.8188
 20
-6.7276
 10
-10.8041
 20
-6.7512
 10
-10.7894
 20
-6.7747
 10
-10.7746
 20
-6.7982
 10
-10.7597
 20
-6.8217
 10
-10.7448
 20
-6.8452
 10
-10.7298
 20
-6.8686
 10
-10.7148
 20
-6.892
 10
-10.6998
 20
-6.9154
 10
-10.6847
 20
-6.9387
 10
-10.6695
 20
-6.962
 10
-10.6543
 20
-6.9853
 10
-10.639
 20
-7.0085
 10
-10.6237
 20
-7.0317
 10
-10.6083
 20
-7.0548
 10
-10.5929
 20
-7.078
 10
-10.5775
 20
-7.1011
 10
-10.5619
 20
-7.1241
 10
-10.5464
 20
-7.1471
 10
-10.5308
 20
-7.1701
 10
-10.5151
 20
-7.1931
 10
-10.4994
 20
-7.216
 10
-10.4836
 20
-7.2389
 10
-10.4678
 20
-7.2618
 10
-10.4519
 20
-7.2846
 10
-10.436
 20
-7.3074
 10
-10.42
 20
-7.3301
 10
-10.404
 20
-7.3528
 10
-10.3879
 20
-7.3755
 10
-10.3718
 20
-7.3982
 10
-10.3557
 20
-7.4208
 10
-10.3395
 20
-7.4433
 10
-10.3232
 20
-7.4659
 10
-10.3069
 20
-7.4884
 10
-10.2905
 20
-7.5109
 10
-10.2741
 20
-7.5333
 10
-10.2576
 20
-7.5557
 10
-10.2411
 20
-7.578
 10
-10.2246
 20
-7.6004
 10
-10.208
 20
-7.6227
 10
-10.1913
 20
-7.6449
 10
-10.1746
 20
-7.6671
 10
-10.1579
 20
-7.6893
 10
-10.1411
 20
-7.7114
 10
-10.1242
 20
-7.7336
 10
-10.1073
 20
-7.7556
 10
-10.0904
 20
-7.7777
 10
-10.0734
 20
-7.7996
 10
-10.0563
 20
-7.8216
 10
-10.0393
 20
-7.8435
 10
-10.0221
 20
-7.8654
 10
-10.0049
 20
-7.8873
 10
-9.9877
 20
-7.9091
 10
-9.9704
 20
-7.9308
 10
-9.9531
 20
-7.9526
 10
-9.9357
 20
-7.9743
 10
-9.9183
 20
-7.9959
 10
-9.9008
 20
-8.0175
 10
-9.8833
 20
-8.0391
 10
-9.8658
 20
-8.0607
 10
-9.8482
 20
-8.0822
 10
-9.8305
 20
-8.1036
 10
-9.8128
 20
-8.1251
 10
-9.795
 20
-8.1465
 10
-9.7772
 20
-8.1678
 10
-9.7594
 20
-8.1891
 10
-9.7415
 20
-8.2104
 10
-9.7236
 20
-8.2316
 10
-9.7056
 20
-8.2528
 10
-9.6876
 20
-8.274
 10
-9.6695
 20
-8.2951
 10
-9.6514
 20
-8.3162
 10
-9.6332
 20
-8.3372
 10
-9.615
 20
-8.3582
 10
-9.5967
 20
-8.3791
 10
-9.5784
 20
-8.4001
 10
-9.5601
 20
-8.4209
 10
-9.5417
 20
-8.4418
 10
-9.5233
 20
-8.4626
 10
-9.5048
 20
-8.4833
 10
-9.4862
 20
-8.504
 10
-9.4677
 20
-8.5247
 10
-9.449
 20
-8.5454
 10
-9.4304
 20
-8.566
 10
-9.4117
 20
-8.5865
 10
-9.3929
 20
-8.607
 10
-9.3741
 20
-8.6275
 10
-9.3553
 20
-8.6479
 10
-9.3364
 20
-8.6683
 10
-9.3174
 20
-8.6887
 10
-9.2985
 20
-8.709
 10
-9.2794
 20
-8.7292
 10
-9.2604
 20
-8.7495
 10
-9.2413
 20
-8.7696
 10
-9.2221
 20
-8.7898
 10
-9.2029
 20
-8.8099
 10
-9.1837
 20
-8.8299
 10
-9.1644
 20
-8.8499
 10
-9.1451
 20
-8.8699
 10
-9.1257
 20
-8.8899
 10
-9.1063
 20
-8.9097
 10
-9.0868
 20
-8.9296
 10
-9.0673
 20
-8.9494
 10
-9.0478
 20
-8.9691
 10
-9.0282
 20
-8.9889
 10
-9.0085
 20
-9.0085
 10
-8.9889
 20
-9.0282
 10
-8.9691
 20
-9.0478
 10
-8.9494
 20
-9.0673
 10
-8.9296
 20
-9.0868
 10
-8.9097
 20
-9.1063
 10
-8.8899
 20
-9.1257
 10
-8.8699
 20
-9.1451
 10
-8.8499
 20
-9.1644
 10
-8.8299
 20
-9.1837
 10
-8.8099
 20
-9.2029
 10
-8.7898
 20
-9.2221
 10
-8.7696
 20
-9.2413
 10
-8.7495
 20
-9.2604
 10
-8.7292
 20
-9.2794
 10
-8.709
 20
-9.2985
 10
-8.6887
 20
-9.3174
 10
-8.6683
 20
-9.3364
 10
-8.6479
 20
-9.3553
 10
-8.6275
 20
-9.3741
 10
-8.607
 20
-9.3929
 10
-8.5865
 20
-9.4117
 10
-8.566
 20
-9.4304
 10
-8.5454
 20
-9.449
 10
-8.5247
 20
-9.4677
 10
-8.504
 20
-9.4862
 10
-8.4833
 20
-9.5048
 10
-8.4626
 20
-9.5233
 10
-8.4418
 20
-9.5417
 10
-8.4209
 20
-9.5601
 10
-8.4001
 20
-9.5784
 10
-8.3791
 20
-9.5967
 10
-8.3582
 20
-9.615
 10
-8.3372
 20
-9.6332
 10
-8.3162
 20
-9.6514
 10
-8.2951
 20
-9.6695
 10
-8.274
 20
-9.6876
 10
-8.2528
 20
-9.7056
 10
-8.2316
 20
-9.7236
 10
-8.2104
 20
-9.7415
 10
-8.1891
 20
-9.7594
 10
-8.1678
 20
-9.7772
 10
-8.1465
 20
-9.795
 10
-8.1251
 20
-9.8128
 10
-8.1036
 20
-9.8305
 10
-8.0822
 20
-9.8482
 10
-8.0607
 20
-9.8658
 10
-8.0391
 20
-9.8833
 10
-8.0175
 20
-9.9008
 10
-7.9959
 20
-9.9183
 10
-7.9743
 20
-9.9357
 10
-7.9526
 20
-9.9531
 10
-7.9308
 20
-9.9704
 10
-7.9091
 20
-9.9877
 10
-7.8873
 20
-10.0049
 10
-7.8654
 20
-10.0221
 10
-7.8435
 20
-10.0393
 10
-7.8216
 20
-10.0563
 10
-7.7996
 20
-10.0734
 10
-7.7777
 20
-10.0904
 10
-7.7556
 20
-10.1073
 10
-7.7336
 20
-10.1242
 10
-7.7114
 20
-10.1411
 10
-7.6893
 20
-10.1579
 10
-7.6671
 20
-10.1746
 10
-7.6449
 20
-10.1913
 10
-7.6227
 20
-10.208
 10
-7.6004
 20
-10.2246
 10
-7.578
 20
-10.2411
 10
-7.5557
 20
-10.2576
 10
-7.5333
 20
-10.2741
 10
-7.5109
 20
-10.2905
 10
-7.4884
 20
-10.3069
 10
-7.4659
 20
-10.3232
 10
-7.4433
 20
-10.3395
 10
-7.4208
 20
-10.3557
 10
-7.3982
 20
-10.3718
 10
-7.3755
 20
-10.3879
 10
-7.3528
 20
-10.404
 10
-7.3301
 20
-10.42
 10
-7.3074
 20
-10.436
 10
-7.2846
 20
-10.4519
 10
-7.2618
 20
-10.4678
 10
-7.2389
 20
-10.4836
 10
-7.216
 20
-10.4994
 10
-7.1931
 20
-10.5151
 10
-7.1701
 20
-10.5308
 10
-7.1471
 20
-10.5464
 10
-7.1241
 20
-10.5619
 10
-7.1011
 20
-10.5775
 10
-7.078
 20
-10.5929
 10
-7.0548
 20
-10.6083
 10
-7.0317
 20
-10.6237
 10
-7.0085
 20
-10.639
 10
-6.9853
 20
-10.6543
 10
-6.962
 20
-10.6695
 10
-6.9387
 20
-10.6847
 10
-6.9154
 20
-10.6998
 10
-6.892
 20
-10.7148
 10
-6.8686
 20
-10.7298
 10
-6.8452
 20
-10.7448
 10
-6.8217
 20
-10.7597
 10
-6.7982
 20
-10.7746
 10
-6.7747
 20
-10.7894
 10
-6.7512
 20
-10.8041
 10
-6.7276
 20
-10.8188
 10
-6.704
 20
-10.8335
 10
-6.6803
 20
-10.8481
 10
-6.6566
 20
-10.8626
 10
-6.6329
 20
-10.8771
 10
-6.6092
 20
-10.8916
 10
-6.5854
 20
-10.906
 10
-6.5616
 20
-10.9203
 10
-6.5377
 20
-10.9346
 10
-6.5139
 20
-10.9488
 10
-6.49
 20
-10.963
 10
-6.466
 20
-10.9772
 10
-6.4421
 20
-10.9912
 10
-6.4181
 20
-11.0053
 10
-6.3941
 20
-11.0192
 10
-6.37
 20
-11.0332
 10
-6.3459
 20
-11.047
 10
-6.3218
 20
-11.0609
 10
-6.2977
 20
-11.0746
 10
-6.2735
 20
-11.0883
 10
-6.2493
 20
-11.102
 10
-6.225
 20
-11.1156
 10
-6.2008
 20
-11.1292
 10
-6.1765
 20
-11.1427
 10
-6.1522
 20
-11.1561
 10
-6.1278
 20
-11.1695
 10
-6.1034
 20
-11.1828
 10
-6.079
 20
-11.1961
 10
-6.0546
 20
-11.2094
 10
-6.0301
 20
-11.2225
 10
-6.0056
 20
-11.2357
 10
-5.9811
 20
-11.2488
 10
-5.9565
 20
-11.2618
 10
-5.9319
 20
-11.2747
 10
-5.9073
 20
-11.2877
 10
-5.8827
 20
-11.3005
 10
-5.858
 20
-11.3133
 10
-5.8333
 20
-11.3261
 10
-5.8086
 20
-11.3388
 10
-5.7838
 20
-11.3514
 10
-5.7591
 20
-11.364
 10
-5.7343
 20
-11.3766
 10
-5.7094
 20
-11.389
 10
-5.6846
 20
-11.4015
 10
-5.6597
 20
-11.4138
 10
-5.6348
 20
-11.4262
 10
-5.6098
 20
-11.4384
 10
-5.5848
 20
-11.4506
 10
-5.5599
 20
-11.4628
 10
-5.5348
 20
-11.4749
 10
-5.5098
 20
-11.4869
 10
-5.4847
 20
-11.4989
 10
-5.4596
 20
-11.5109
 10
-5.4345
 20
-11.5228
 10
-5.4093
 20
-11.5346
 10
-5.3842
 20
-11.5464
 10
-5.359
 20
-11.5581
 10
-5.3337
 20
-11.5697
 10
-5.3085
 20
-11.5814
 10
-5.2832
 20
-11.5929
 10
-5.2579
 20
-11.6044
 10
-5.2326
 20
-11.6158
 10
-5.2072
 20
-11.6272
 10
-5.1818
 20
-11.6386
 10
-5.1564
 20
-11.6498
 10
-5.131
 20
-11.6611
 10
-5.1055
 20
-11.6722
 10
-5.0801
 20
-11.6833
 10
-5.0546
 20
-11.6944
 10
-5.029
 20
-11.7054
 10
-5.0035
 20
-11.7163
 10
-4.9779
 20
-11.7272
 10
-4.9523
 20
-11.7381
 10
-4.9267
 20
-11.7488
 10
-4.9011
 20
-11.7596
 10
-4.8754
 20
-11.7702
 10
-4.8497
 20
-11.7808
 10
-4.824
 20
-11.7914
 10
-4.7982
 20
-11.8019
 10
-4.7725
 20
-11.8123
 10
-4.7467
 20
-11.8227
 10
-4.7209
 20
-11.833
 10
-4.6951
 20
-11.8433
 10
-4.6692
 20
-11.8535
 10
-4.6434
 20
-11.8637
 10
-4.6175
 20
-11.8738
 10
-4.5915
 20
-11.8838
 10
-4.5656
 20
-11.8938
 10
-4.5396
 20
-11.9037
 10
-4.5137
 20
-11.9136
 10
-4.4877
 20
-11.9234
 10
-4.4616
 20
-11.9332
 10
-4.4356
 20
-11.9429
 10
-4.4095
 20
-11.9526
 10
-4.3834
 20
-11.9621
 10
-4.3573
 20
-11.9717
 10
-4.3312
 20
-11.9812
 10
-4.3051
 20
-11.9906
 10
-4.2789
 20
-11.9999
 10
-4.2527
 20
-12.0093
 10
-4.2265
 20
-12.0185
 10
-4.2003
 20
-12.0277
 10
-4.174
 20
-12.0368
 10
-4.1477
 20
-12.0459
 10
-4.1214
 20
-12.0549
 10
-4.0951
 20
-12.0639
 10
-4.0688
 20
-12.0728
 10
-4.0425
 20
-12.0816
 10
-4.0161
 20
-12.0904
 10
-3.9897
 20
-12.0992
 10
-3.9633
 20
-12.1078
 10
-3.9369
 20
-12.1165
 10
-3.9104
 20
-12.125
 10
-3.884
 20
-12.1335
 10
-3.8575
 20
-12.142
 10
-3.831
 20
-12.1504
 10
-3.8045
 20
-12.1587
 10
-3.7779
 20
-12.167
 10
-3.7514
 20
-12.1752
 10
-3.7248
 20
-12.1833
 10
-3.6982
 20
-12.1914
 10
-3.6716
 20
-12.1995
 10
-3.645
 20
-12.2074
 10
-3.6184
 20
-12.2154
 10
-3.5917
 20
-12.2232
 10
-3.565
 20
-12.231
 10
-3.5383
 20
-12.2388
 10
-3.5116
 20
-12.2465
 10
-3.4849
 20
-12.2541
 10
-3.4582
 20
-12.2617
 10
-3.4314
 20
-12.2692
 10
-3.4046
 20
-12.2767
 10
-3.3778
 20
-12.2841
 10
-3.351
 20
-12.2914
 10
-3.3242
 20
-12.2987
 10
-3.2974
 20
-12.3059
 10
-3.2705
 20
-12.3131
 10
-3.2436
 20
-12.3202
 10
-3.2167
 20
-12.3272
 10
-3.1898
 20
-12.3342
 10
-3.1629
 20
-12.3411
 10
-3.136
 20
-12.348
 10
-3.109
 20
-12.3548
 10
-3.0821
 20
-12.3616
 10
-3.0551
 20
-12.3683
 10
-3.0281
 20
-12.3749
 10
-3.0011
 20
-12.3815
 10
-2.9741
 20
-12.388
 10
-2.9471
 20
-12.3945
 10
-2.92
 20
-12.4009
 10
-2.893
 20
-12.4072
 10
-2.8659
 20
-12.4135
 10
-2.8388
 20
-12.4197
 10
-2.8117
 20
-12.4259
 10
-2.7846
 20
-12.432
 10
-2.7574
 20
-12.438
 10
-2.7303
 20
-12.444
 10
-2.7031
 20
-12.4499
 10
-2.676
 20
-12.4558
 10
-2.6488
 20
-12.4616
 10
-2.6216
 20
-12.4673
 10
-2.5944
 20
-12.473
 10
-2.5672
 20
-12.4787
 10
-2.5399
 20
-12.4842
 10
-2.5127
 20
-12.4898
 10
-2.4855
 20
-12.4952
 10
-2.4582
 20
-12.5006
 10
-2.4309
 20
-12.5059
 10
-2.4036
 20
-12.5112
 10
-2.3763
 20
-12.5164
 10
-2.349
 20
-12.5216
 10
-2.3217
 20
-12.5267
 10
-2.2943
 20
-12.5317
 10
-2.267
 20
-12.5367
 10
-2.2396
 20
-12.5416
 10
-2.2123
 20
-12.5465
 10
-2.1849
 20
-12.5512
 10
-2.1575
 20
-12.556
 10
-2.1301
 20
-12.5607
 10
-2.1027
 20
-12.5653
 10
-2.0753
 20
-12.5698
 10
-2.0479
 20
-12.5743
 10
-2.0204
 20
-12.5788
 10
-1.993
 20
-12.5831
 10
-1.9655
 20
-12.5875
 10
-1.9381
 20
-12.5917
 10
-1.9106
 20
-12.5959
 10
-1.8831
 20
-12.6001
 10
-1.8556
 20
-12.6041
 10
-1.8281
 20
-12.6082
 10
-1.8006
 20
-12.6121
 10
-1.7731
 20
-12.616
 10
-1.7455
 20
-12.6199
 10
-1.718
 20
-12.6236
 10
-1.6905
 20
-12.6273
 10
-1.6629
 20
-12.631
 10
-1.6353
 20
-12.6346
 10
-1.6078
 20
-12.6381
 10
-1.5802
 20
-12.6416
 10
-1.5526
 20
-12.645
 10
-1.525
 20
-12.6484
 10
-1.4974
 20
-12.6517
 10
-1.4698
 20
-12.6549
 10
-1.4422
 20
-12.6581
 10
-1.4146
 20
-12.6612
 10
-1.387
 20
-12.6643
 10
-1.3593
 20
-12.6673
 10
-1.3317
 20
-12.6702
 10
-1.304
 20
-12.6731
 10
-1.2764
 20
-12.6759
 10
-1.2487
 20
-12.6787
 10
-1.2211
 20
-12.6813
 10
-1.1934
 20
-12.684
 10
-1.1657
 20
-12.6866
 10
-1.1381
 20
-12.6891
 10
-1.1104
 20
-12.6915
 10
-1.0827
 20
-12.6939
 10
-1.055
 20
-12.6962
 10
-1.0273
 20
-12.6985
 10
-0.9996
 20
-12.7007
 10
-0.9719
 20
-12.7029
 10
-0.9441
 20
-12.705
 10
-0.9164
 20
-12.707
 10
-0.8887
 20
-12.709
 10
-0.861
 20
-12.7109
 10
-0.8332
 20
-12.7127
 10
-0.8055
 20
-12.7145
 10
-0.7778
 20
-12.7162
 10
-0.75
 20
-12.7179
 10
-0.7223
 20
-12.7195
 10
-0.6945
 20
-12.7211
 10
-0.6668
 20
-12.7225
 10
-0.639
 20
-12.724
 10
-0.6112
 20
-12.7253
 10
-0.5835
 20
-12.7266
 10
-0.5557
 20
-12.7279
 10
-0.5279
 20
-12.7291
 10
-0.5002
 20
-12.7302
 10
-0.4724
 20
-12.7312
 10
-0.4446
 20
-12.7322
 10
-0.4168
 20
-12.7332
 10
-0.3891
 20
-12.7341
 10
-0.3613
 20
-12.7349
 10
-0.3335
 20
-12.7356
 10
-0.3057
 20
-12.7363
 10
-0.2779
 20
-12.737
 10
-0.2501
 20
-12.7375
 10
-0.2223
 20
-12.7381
 10
-0.1946
 20
-12.7385
 10
-0.1668
 20
-12.7389
 10
-0.139
 20
-12.7392
 10
-0.1112
 20
-12.7395
 10
-0.0834
 20
-12.7397
 10
-0.0556
 20
-12.7399
 10
-0.0278
 20
-12.74
 10
0.0
 20
-12.74
 10
0.0278
 20
-12.74
 10
0.0556
 20
-12.7399
 10
0.0834
 20
-12.7397
 10
0.1112
 20
-12.7395
 10
0.139
 20
-12.7392
 10
0.1668
 20
-12.7389
 10
0.1946
 20
-12.7385
 10
0.2223
 20
-12.7381
 10
0.2501
 20
-12.7375
 10
0.2779
 20
-12.737
 10
0.3057
 20
-12.7363
 10
0.3335
 20
-12.7356
 10
0.3613
 20
-12.7349
 10
0.3891
 20
-12.7341
 10
0.4168
 20
-12.7332
 10
0.4446
 20
-12.7322
 10
0.4724
 20
-12.7312
 10
0.5002
 20
-12.7302
 10
0.5279
 20
-12.7291
 10
0.5557
 20
-12.7279
 10
0.5835
 20
-12.7266
 10
0.6112
 20
-12.7253
 10
0.639
 20
-12.724
 10
0.6668
 20
-12.7225
 10
0.6945
 20
-12.7211
 10
0.7223
 20
-12.7195
 10
0.75
 20
-12.7179
 10
0.7778
 20
-12.7162
 10
0.8055
 20
-12.7145
 10
0.8332
 20
-12.7127
 10
0.861
 20
-12.7109
 10
0.8887
 20
-12.709
 10
0.9164
 20
-12.707
 10
0.9441
 20
-12.705
 10
0.9719
 20
-12.7029
 10
0.9996
 20
-12.7007
 10
1.0273
 20
-12.6985
 10
1.055
 20
-12.6962
 10
1.0827
 20
-12.6939
 10
1.1104
 20
-12.6915
 10
1.1381
 20
-12.6891
 10
1.1657
 20
-12.6866
 10
1.1934
 20
-12.684
 10
1.2211
 20
-12.6813
 10
1.2487
 20
-12.6787
 10
1.2764
 20
-12.6759
 10
1.304
 20
-12.6731
 10
1.3317
 20
-12.6702
 10
1.3593
 20
-12.6673
 10
1.387
 20
-12.6643
 10
1.4146
 20
-12.6612
 10
1.4422
 20
-12.6581
 10
1.4698
 20
-12.6549
 10
1.4974
 20
-12.6517
 10
1.525
 20
-12.6484
 10
1.5526
 20
-12.645
 10
1.5802
 20
-12.6416
 10
1.6078
 20
-12.6381
 10
1.6353
 20
-12.6346
 10
1.6629
 20
-12.631
 10
1.6905
 20
-12.6273
 10
1.718
 20
-12.6236
 10
1.7455
 20
-12.6199
 10
1.7731
 20
-12.616
 10
1.8006
 20
-12.6121
 10
1.8281
 20
-12.6082
 10
1.8556
 20
-12.6041
 10
1.8831
 20
-12.6001
 10
1.9106
 20
-12.5959
 10
1.9381
 20
-12.5917
 10
1.9655
 20
-12.5875
 10
1.993
 20
-12.5831
 10
2.0204
 20
-12.5788
 10
2.0479
 20
-12.5743
 10
2.0753
 20
-12.5698
 10
2.1027
 20
-12.5653
 10
2.1301
 20
-12.5607
 10
2.1575
 20
-12.556
 10
2.1849
 20
-12.5512
 10
2.2123
 20
-12.5465
 10
2.2396
 20
-12.5416
 10
2.267
 20
-12.5367
 10
2.2943
 20
-12.5317
 10
2.3217
 20
-12.5267
 10
2.349
 20
-12.5216
 10
2.3763
 20
-12.5164
 10
2.4036
 20
-12.5112
 10
2.4309
 20
-12.5059
 10
2.4582
 20
-12.5006
 10
2.4855
 20
-12.4952
 10
2.5127
 20
-12.4898
 10
2.5399
 20
-12.4842
 10
2.5672
 20
-12.4787
 10
2.5944
 20
-12.473
 10
2.6216
 20
-12.4673
 10
2.6488
 20
-12.4616
 10
2.676
 20
-12.4558
 10
2.7031
 20
-12.4499
 10
2.7303
 20
-12.444
 10
2.7574
 20
-12.438
 10
2.7846
 20
-12.432
 10
2.8117
 20
-12.4259
 10
2.8388
 20
-12.4197
 10
2.8659
 20
-12.4135
 10
2.893
 20
-12.4072
 10
2.92
 20
-12.4009
 10
2.9471
 20
-12.3945
 10
2.9741
 20
-12.388
 10
3.0011
 20
-12.3815
 10
3.0281
 20
-12.3749
 10
3.0551
 20
-12.3683
 10
3.0821
 20
-12.3616
 10
3.109
 20
-12.3548
 10
3.136
 20
-12.348
 10
3.1629
 20
-12.3411
 10
3.1898
 20
-12.3342
 10
3.2167
 20
-12.3272
 10
3.2436
 20
-12.3202
 10
3.2705
 20
-12.3131
 10
3.2974
 20
-12.3059
 10
3.3242
 20
-12.2987
 10
3.351
 20
-12.2914
 10
3.3778
 20
-12.2841
 10
3.4046
 20
-12.2767
 10
3.4314
 20
-12.2692
 10
3.4582
 20
-12.2617
 10
3.4849
 20
-12.2541
 10
3.5116
 20
-12.2465
 10
3.5383
 20
-12.2388
 10
3.565
 20
-12.231
 10
3.5917
 20
-12.2232
 10
3.6184
 20
-12.2154
 10
3.645
 20
-12.2074
 10
3.6716
 20
-12.1995
 10
3.6982
 20
-12.1914
 10
3.7248
 20
-12.1833
 10
3.7514
 20
-12.1752
 10
3.7779
 20
-12.167
 10
3.8045
 20
-12.1587
 10
3.831
 20
-12.1504
 10
3.8575
 20
-12.142
 10
3.884
 20
-12.1335
 10
3.9104
 20
-12.125
 10
3.9369
 20
-12.1165
 10
3.9633
 20
-12.1078
 10
3.9897
 20
-12.0992
 10
4.0161
 20
-12.0904
 10
4.0425
 20
-12.0816
 10
4.0688
 20
-12.0728
 10
4.0951
 20
-12.0639
 10
4.1214
 20
-12.0549
 10
4.1477
 20
-12.0459
 10
4.174
 20
-12.0368
 10
4.2003
 20
-12.0277
 10
4.2265
 20
-12.0185
 10
4.2527
 20
-12.0093
 10
4.2789
 20
-11.9999
 10
4.3051
 20
-11.9906
 10
4.3312
 20
-11.9812
 10
4.3573
 20
-11.9717
 10
4.3834
 20
-11.9621
 10
4.4095
 20
-11.9526
 10
4.4356
 20
-11.9429
 10
4.4616
 20
-11.9332
 10
4.4877
 20
-11.9234
 10
4.5137
 20
-11.9136
 10
4.5396
 20
-11.9037
 10
4.5656
 20
-11.8938
 10
4.5915
 20
-11.8838
 10
4.6175
 20
-11.8738
 10
4.6434
 20
-11.8637
 10
4.6692
 20
-11.8535
 10
4.6951
 20
-11.8433
 10
4.7209
 20
-11.833
 10
4.7467
 20
-11.8227
 10
4.7725
 20
-11.8123
 10
4.7982
 20
-11.8019
 10
4.824
 20
-11.7914
 10
4.8497
 20
-11.7808
 10
4.8754
 20
-11.7702
 10
4.9011
 20
-11.7596
 10
4.9267
 20
-11.7488
 10
4.9523
 20
-11.7381
 10
4.9779
 20
-11.7272
 10
5.0035
 20
-11.7163
 10
5.029
 20
-11.7054
 10
5.0546
 20
-11.6944
 10
5.0801
 20
-11.6833
 10
5.1055
 20
-11.6722
 10
5.131
 20
-11.6611
 10
5.1564
 20
-11.6498
 10
5.1818
 20
-11.6386
 10
5.2072
 20
-11.6272
 10
5.2326
 20
-11.6158
 10
5.2579
 20
-11.6044
 10
5.2832
 20
-11.5929
 10
5.3085
 20
-11.5814
 10
5.3337
 20
-11.5697
 10
5.359
 20
-11.5581
 10
5.3842
 20
-11.5464
 10
5.4093
 20
-11.5346
 10
5.4345
 20
-11.5228
 10
5.4596
 20
-11.5109
 10
5.4847
 20
-11.4989
 10
5.5098
 20
-11.4869
 10
5.5348
 20
-11.4749
 10
5.5599
 20
-11.4628
 10
5.5848
 20
-11.4506
 10
5.6098
 20
-11.4384
 10
5.6348
 20
-11.4262
 10
5.6597
 20
-11.4138
 10
5.6846
 20
-11.4015
 10
5.7094
 20
-11.389
 10
5.7343
 20
-11.3766
 10
5.7591
 20
-11.364
 10
5.7838
 20
-11.3514
 10
5.8086
 20
-11.3388
 10
5.8333
 20
-11.3261
 10
5.858
 20
-11.3133
 10
5.8827
 20
-11.3005
 10
5.9073
 20
-11.2877
 10
5.9319
 20
-11.2747
 10
5.9565
 20
-11.2618
 10
5.9811
 20
-11.2488
 10
6.0056
 20
-11.2357
 10
6.0301
 20
-11.2225
 10
6.0546
 20
-11.2094
 10
6.079
 20
-11.1961
 10
6.1034
 20
-11.1828
 10
6.1278
 20
-11.1695
 10
6.1522
 20
-11.1561
 10
6.1765
 20
-11.1427
 10
6.2008
 20
-11.1292
 10
6.225
 20
-11.1156
 10
6.2493
 20
-11.102
 10
6.2735
 20
-11.0883
 10
6.2977
 20
-11.0746
 10
6.3218
 20
-11.0609
 10
6.3459
 20
-11.047
 10
6.37
 20
-11.0332
 10
6.3941
 20
-11.0192
 10
6.4181
 20
-11.0053
 10
6.4421
 20
-10.9912
 10
6.466
 20
-10.9772
 10
6.49
 20
-10.963
 10
6.5139
 20
-10.9488
 10
6.5377
 20
-10.9346
 10
6.5616
 20
-10.9203
 10
6.5854
 20
-10.906
 10
6.6092
 20
-10.8916
 10
6.6329
 20
-10.8771
 10
6.6566
 20
-10.8626
 10
6.6803
 20
-10.8481
 10
6.704
 20
-10.8335
 10
6.7276
 20
-10.8188
 10
6.7512
 20
-10.8041
 10
6.7747
 20
-10.7894
 10
6.7982
 20
-10.7746
 10
6.8217
 20
-10.7597
 10
6.8452
 20
-10.7448
 10
6.8686
 20
-10.7298
 10
6.892
 20
-10.7148
 10
6.9154
 20
-10.6998
 10
6.9387
 20
-10.6847
 10
6.962
 20
-10.6695
 10
6.9853
 20
-10.6543
 10
7.0085
 20
-10.639
 10
7.0317
 20
-10.6237
 10
7.0548
 20
-10.6083
 10
7.078
 20
-10.5929
 10
7.1011
 20
-10.5775
 10
7.1241
 20
-10.5619
 10
7.1471
 20
-10.5464
 10
7.1701
 20
-10.5308
 10
7.1931
 20
-10.5151
 10
7.216
 20
-10.4994
 10
7.2389
 20
-10.4836
 10
7.2618
 20
-10.4678
 10
7.2846
 20
-10.4519
 10
7.3074
 20
-10.436
 10
7.3301
 20
-10.42
 10
7.3528
 20
-10.404
 10
7.3755
 20
-10.3879
 10
7.3982
 20
-10.3718
 10
7.4208
 20
-10.3557
 10
7.4433
 20
-10.3395
 10
7.4659
 20
-10.3232
 10
7.4884
 20
-10.3069
 10
7.5109
 20
-10.2905
 10
7.5333
 20
-10.2741
 10
7.5557
 20
-10.2576
 10
7.578
 20
-10.2411
 10
7.6004
 20
-10.2246
 10
7.6227
 20
-10.208
 10
7.6449
 20
-10.1913
 10
7.6671
 20
-10.1746
 10
7.6893
 20
-10.1579
 10
7.7114
 20
-10.1411
 10
7.7336
 20
-10.1242
 10
7.7556
 20
-10.1073
 10
7.7777
 20
-10.0904
 10
7.7996
 20
-10.0734
 10
7.8216
 20
-10.0563
 10
7.8435
 20
-10.0393
 10
7.8654
 20
-10.0221
 10
7.8873
 20
-10.0049
 10
7.9091
 20
-9.9877
 10
7.9308
 20
-9.9704
 10
7.9526
 20
-9.9531
 10
7.9743
 20
-9.9357
 10
7.9959
 20
-9.9183
 10
8.0175
 20
-9.9008
 10
8.0391
 20
-9.8833
 10
8.0607
 20
-9.8658
 10
8.0822
 20
-9.8482
 10
8.1036
 20
-9.8305
 10
8.1251
 20
-9.8128
 10
8.1465
 20
-9.795
 10
8.1678
 20
-9.7772
 10
8.1891
 20
-9.7594
 10
8.2104
 20
-9.7415
 10
8.2316
 20
-9.7236
 10
8.2528
 20
-9.7056
 10
8.274
 20
-9.6876
 10
8.2951
 20
-9.6695
 10
8.3162
 20
-9.6514
 10
8.3372
 20
-9.6332
 10
8.3582
 20
-9.615
 10
8.3791
 20
-9.5967
 10
8.4001
 20
-9.5784
 10
8.4209
 20
-9.5601
 10
8.4418
 20
-9.5417
 10
8.4626
 20
-9.5233
 10
8.4833
 20
-9.5048
 10
8.504
 20
-9.4862
 10
8.5247
 20
-9.4677
 10
8.5454
 20
-9.449
 10
8.566
 20
-9.4304
 10
8.5865
 20
-9.4117
 10
8.607
 20
-9.3929
 10
8.6275
 20
-9.3741
 10
8.6479
 20
-9.3553
 10
8.6683
 20
-9.3364
 10
8.6887
 20
-9.3174
 10
8.709
 20
-9.2985
 10
8.7292
 20
-9.2794
 10
8.7495
 20
-9.2604
 10
8.7696
 20
-9.2413
 10
8.7898
 20
-9.2221
 10
8.8099
 20
-9.2029
 10
8.8299
 20
-9.1837
 10
8.8499
 20
-9.1644
 10
8.8699
 20
-9.1451
 10
8.8899
 20
-9.1257
 10
8.9097
 20
-9.1063
 10
8.9296
 20
-9.0868
 10
8.9494
 20
-9.0673
 10
8.9691
 20
-9.0478
 10
8.9889
 20
-9.0282
 10
9.0085
 20
-9.0085
 10
9.0282
 20
-8.9889
 10
9.0478
 20
-8.9691
 10
9.0673
 20
-8.9494
 10
9.0868
 20
-8.9296
 10
9.1063
 20
-8.9097
 10
9.1257
 20
-8.8899
 10
9.1451
 20
-8.8699
 10
9.1644
 20
-8.8499
 10
9.1837
 20
-8.8299
 10
9.2029
 20
-8.8099
 10
9.2221
 20
-8.7898
 10
9.2413
 20
-8.7696
 10
9.2604
 20
-8.7495
 10
9.2794
 20
-8.7292
 10
9.2985
 20
-8.709
 10
9.3174
 20
-8.6887
 10
9.3364
 20
-8.6683
 10
9.3553
 20
-8.6479
 10
9.3741
 20
-8.6275
 10
9.3929
 20
-8.607
 10
9.4117
 20
-8.5865
 10
9.4304
 20
-8.566
 10
9.449
 20
-8.5454
 10
9.4677
 20
-8.5247
 10
9.4862
 20
-8.504
 10
9.5048
 20
-8.4833
 10
9.5233
 20
-8.4626
 10
9.5417
 20
-8.4418
 10
9.5601
 20
-8.4209
 10
9.5784
 20
-8.4001
 10
9.5967
 20
-8.3791
 10
9.615
 20
-8.3582
 10
9.6332
 20
-8.3372
 10
9.6514
 20
-8.3162
 10
9.6695
 20
-8.2951
 10
9.6876
 20
-8.274
 10
9.7056
 20
-8.2528
 10
9.7236
 20
-8.2316
 10
9.7415
 20
-8.2104
 10
9.7594
 20
-8.1891
 10
9.7772
 20
-8.1678
 10
9.795
 20
-8.1465
 10
9.8128
 20
-8.1251
 10
9.8305
 20
-8.1036
 10
9.8482
 20
-8.0822
 10
9.8658
 20
-8.0607
 10
9.8833
 20
-8.0391
 10
9.9008
 20
-8.0175
 10
9.9183
 20
-7.9959
 10
9.9357
 20
-7.9743
 10
9.9531
 20
-7.9526
 10
9.9704
 20
-7.9308
 10
9.9877
 20
-7.9091
 10
10.0049
 20
-7.8873
 10
10.0221
 20
-7.8654
 10
10.0393
 20
-7.8435
 10
10.0563
 20
-7.8216
 10
10.0734
 20
-7.7996
 10
10.0904
 20
-7.7777
 10
10.1073
 20
-7.7556
 10
10.1242
 20
-7.7336
 10
10.1411
 20
-7.7114
 10
10.1579
 20
-7.6893
 10
10.1746
 20
-7.6671
 10
10.1913
 20
-7.6449
 10
10.208
 20
-7.6227
 10
10.2246
 20
-7.6004
 10
10.2411
 20
-7.578
 10
10.2576
 20
-7.5557
 10
10.2741
 20
-7.5333
 10
10.2905
 20
-7.5109
 10
10.3069
 20
-7.4884
 10
10.3232
 20
-7.4659
 10
10.3395
 20
-7.4433
 10
10.3557
 20
-7.4208
 10
10.3718
 20
-7.3982
 10
10.3879
 20
-7.3755
 10
10.404
 20
-7.3528
 10
10.42
 20
-7.3301
 10
10.436
 20
-7.3074
 10
10.4519
 20
-7.2846
 10
10.4678
 20
-7.2618
 10
10.4836
 20
-7.2389
 10
10.4994
 20
-7.216
 10
10.5151
 20
-7.1931
 10
10.5308
 20
-7.1701
 10
10.5464
 20
-7.1471
 10
10.5619
 20
-7.1241
 10
10.5775
 20
-7.1011
 10
10.5929
 20
-7.078
 10
10.6083
 20
-7.0548
 10
10.6237
 20
-7.0317
 10
10.639
 20
-7.0085
 10
10.6543
 20
-6.9853
 10
10.6695
 20
-6.962
 10
10.6847
 20
-6.9387
 10
10.6998
 20
-6.9154
 10
10.7148
 20
-6.892
 10
10.7298
 20
-6.8686
 10
10.7448
 20
-6.8452
 10
10.7597
 20
-6.8217
 10
10.7746
 20
-6.7982
 10
10.7894
 20
-6.7747
 10
10.8041
 20
-6.7512
 10
10.8188
 20
-6.7276
 10
10.8335
 20
-6.704
 10
10.8481
 20
-6.6803
 10
10.8626
 20
-6.6566
 10
10.8771
 20
-6.6329
 10
10.8916
 20
-6.6092
 10
10.906
 20
-6.5854
 10
10.9203
 20
-6.5616
 10
10.9346
 20
-6.5377
 10
10.9488
 20
-6.5139
 10
10.963
 20
-6.49
 10
10.9772
 20
-6.466
 10
10.9912
 20
-6.4421
 10
11.0053
 20
-6.4181
 10
11.0192
 20
-6.3941
 10
11.0332
 20
-6.37
 10
11.047
 20
-6.3459
 10
11.0609
 20
-6.3218
 10
11.0746
 20
-6.2977
 10
11.0883
 20
-6.2735
 10
11.102
 20
-6.2493
 10
11.1156
 20
-6.225
 10
11.1292
 20
-6.2008
 10
11.1427
 20
-6.1765
 10
11.1561
 20
-6.1522
 10
11.1695
 20
-6.1278
 10
11.1828
 20
-6.1034
 10
11.1961
 20
-6.079
 10
11.2094
 20
-6.0546
 10
11.2225
 20
-6.0301
 10
11.2357
 20
-6.0056
 10
11.2488
 20
-5.9811
 10
11.2618
 20
-5.9565
 10
11.2747
 20
-5.9319
 10
11.2877
 20
-5.9073
 10
11.3005
 20
-5.8827
 10
11.3133
 20
-5.858
 10
11.3261
 20
-5.8333
 10
11.3388
 20
-5.8086
 10
11.3514
 20
-5.7838
 10
11.364
 20
-5.7591
 10
11.3766
 20
-5.7343
 10
11.389
 20
-5.7094
 10
11.4015
 20
-5.6846
 10
11.4138
 20
-5.6597
 10
11.4262
 20
-5.6348
 10
11.4384
 20
-5.6098
 10
11.4506
 20
-5.5848
 10
11.4628
 20
-5.5599
 10
11.4749
 20
-5.5348
 10
11.4869
 20
-5.5098
 10
11.4989
 20
-5.4847
 10
11.5109
 20
-5.4596
 10
11.5228
 20
-5.4345
 10
11.5346
 20
-5.4093
 10
11.5464
 20
-5.3842
 10
11.5581
 20
-5.359
 10
11.5697
 20
-5.3337
 10
11.5814
 20
-5.3085
 10
11.5929
 20
-5.2832
 10
11.6044
 20
-5.2579
 10
11.6158
 20
-5.2326
 10
11.6272
 20
-5.2072
 10
11.6386
 20
-5.1818
 10
11.6498
 20
-5.1564
 10
11.6611
 20
-5.131
 10
11.6722
 20
-5.1055
 10
11.6833
 20
-5.0801
 10
11.6944
 20
-5.0546
 10
11.7054
 20
-5.029
 10
11.7163
 20
-5.0035
 10
11.7272
 20
-4.9779
 10
11.7381
 20
-4.9523
 10
11.7488
 20
-4.9267
 10
11.7596
 20
-4.9011
 10
11.7702
 20
-4.8754
 10
11.7808
 20
-4.8497
 10
11.7914
 20
-4.824
 10
11.8019
 20
-4.7982
 10
11.8123
 20
-4.7725
 10
11.8227
 20
-4.7467
 10
11.833
 20
-4.7209
 10
11.8433
 20
-4.6951
 10
11.8535
 20
-4.6692
 10
11.8637
 20
-4.6434
 10
11.8738
 20
-4.6175
 10
11.8838
 20
-4.5915
 10
11.8938
 20
-4.5656
 10
11.9037
 20
-4.5396
 10
11.9136
 20
-4.5137
 10
11.9234
 20
-4.4877
 10
11.9332
 20
-4.4616
 10
11.9429
 20
-4.4356
 10
11.9526
 20
-4.4095
 10
11.9621
 20
-4.3834
 10
11.9717
 20
-4.3573
 10
11.9812
 20
-4.3312
 10
11.9906
 20
-4.3051
 10
11.9999
 20
-4.2789
 10
12.0093
 20
-4.2527
 10
12.0185
 20
-4.2265
 10
12.0277
 20
-4.2003
 10
12.0368
 20
-4.174
 10
12.0459
 20
-4.1477
 10
12.0549
 20
-4.1214
 10
12.0639
 20
-4.0951
 10
12.0728
 20
-4.0688
 10
12.0816
 20
-4.0425
 10
12.0904
 20
-4.0161
 10
12.0992
 20
-3.9897
 10
12.1078
 20
-3.9633
 10
12.1165
 20
-3.9369
 10
12.125
 20
-3.9104
 10
12.1335
 20
-3.884
 10
12.142
 20
-3.8575
 10
12.1504
 20
-3.831
 10
12.1587
 20
-3.8045
 10
12.167
 20
-3.7779
 10
12.1752
 20
-3.7514
 10
12.1833
 20
-3.7248
 10
12.1914
 20
-3.6982
 10
12.1995
 20
-3.6716
 10
12.2074
 20
-3.645
 10
12.2154
 20
-3.6184
 10
12.2232
 20
-3.5917
 10
12.231
 20
-3.565
 10
12.2388
 20
-3.5383
 10
12.2465
 20
-3.5116
 10
12.2541
 20
-3.4849
 10
12.2617
 20
-3.4582
 10
12.2692
 20
-3.4314
 10
12.2767
 20
-3.4046
 10
12.2841
 20
-3.3778
 10
12.2914
 20
-3.351
 10
12.2987
 20
-3.3242
 10
12.3059
 20
-3.2974
 10
12.3131
 20
-3.2705
 10
12.3202
 20
-3.2436
 10
12.3272
 20
-3.2167
 10
12.3342
 20
-3.1898
 10
12.3411
 20
-3.1629
 10
12.348
 20
-3.136
 10
12.3548
 20
-3.109
 10
12.3616
 20
-3.0821
 10
12.3683
 20
-3.0551
 10
12.3749
 20
-3.0281
 10
12.3815
 20
-3.0011
 10
12.388
 20
-2.9741
 10
12.3945
 20
-2.9471
 10
12.4009
 20
-2.92
 10
12.4072
 20
-2.893
 10
12.4135
 20
-2.8659
 10
12.4197
 20
-2.8388
 10
12.4259
 20
-2.8117
 10
12.432
 20
-2.7846
 10
12.438
 20
-2.7574
 10
12.444
 20
-2.7303
 10
12.4499
 20
-2.7031
 10
12.4558
 20
-2.676
 10
12.4616
 20
-2.6488
 10
12.4673
 20
-2.6216
 10
12.473
 20
-2.5944
 10
12.4787
 20
-2.5672
 10
12.4842
 20
-2.5399
 10
12.4898
 20
-2.5127
 10
12.4952
 20
-2.4855
 10
12.5006
 20
-2.4582
 10
12.5059
 20
-2.4309
 10
12.5112
 20
-2.4036
 10
12.5164
 20
-2.3763
 10
12.5216
 20
-2.349
 10
12.5267
 20
-2.3217
 10
12.5317
 20
-2.2943
 10
12.5367
 20
-2.267
 10
12.5416
 20
-2.2396
 10
12.5465
 20
-2.2123
 10
12.5512
 20
-2.1849
 10
12.556
 20
-2.1575
 10
12.5607
 20
-2.1301
 10
12.5653
 20
-2.1027
 10
12.5698
 20
-2.0753
 10
12.5743
 20
-2.0479
 10
12.5788
 20
-2.0204
 10
12.5831
 20
-1.993
 10
12.5875
 20
-1.9655
 10
12.5917
 20
-1.9381
 10
12.5959
 20
-1.9106
 10
12.6001
 20
-1.8831
 10
12.6041
 20
-1.8556
 10
12.6082
 20
-1.8281
 10
12.6121
 20
-1.8006
 10
12.616
 20
-1.7731
 10
12.6199
 20
-1.7455
 10
12.6236
 20
-1.718
 10
12.6273
 20
-1.6905
 10
12.631
 20
-1.6629
 10
12.6346
 20
-1.6353
 10
12.6381
 20
-1.6078
 10
12.6416
 20
-1.5802
 10
12.645
 20
-1.5526
 10
12.6484
 20
-1.525
 10
12.6517
 20
-1.4974
 10
12.6549
 20
-1.4698
 10
12.6581
 20
-1.4422
 10
12.6612
 20
-1.4146
 10
12.6643
 20
-1.387
 10
12.6673
 20
-1.3593
 10
12.6702
 20
-1.3317
 10
12.6731
 20
-1.304
 10
12.6759
 20
-1.2764
 10
12.6787
 20
-1.2487
 10
12.6813
 20
-1.2211
 10
12.684
 20
-1.1934
 10
12.6866
 20
-1.1657
 10
12.6891
 20
-1.1381
 10
12.6915
 20
-1.1104
 10
12.6939
 20
-1.0827
 10
12.6962
 20
-1.055
 10
12.6985
 20
-1.0273
 10
12.7007
 20
-0.9996
 10
12.7029
 20
-0.9719
 10
12.705
 20
-0.9441
 10
12.707
 20
-0.9164
 10
12.709
 20
-0.8887
 10
12.7109
 20
-0.861
 10
12.7127
 20
-0.8332
 10
12.7145
 20
-0.8055
 10
12.7162
 20
-0.7778
 10
12.7179
 20
-0.75
 10
12.7195
 20
-0.7223
 10
12.7211
 20
-0.6945
 10
12.7225
 20
-0.6668
 10
12.724
 20
-0.639
 10
12.7253
 20
-0.6112
 10
12.7266
 20
-0.5835
 10
12.7279
 20
-0.5557
 10
12.7291
 20
-0.5279
 10
12.7302
 20
-0.5002
 10
12.7312
 20
-0.4724
 10
12.7322
 20
-0.4446
 10
12.7332
 20
-0.4168
 10
12.7341
 20
-0.3891
 10
12.7349
 20
-0.3613
 10
12.7356
 20
-0.3335
 10
12.7363
 20
-0.3057
 10
12.737
 20
-0.2779
 10
12.7375
 20
-0.2501
 10
12.7381
 20
-0.2223
 10
12.7385
 20
-0.1946
 10
12.7389
 20
-0.1668
 10
12.7392
 20
-0.139
 10
12.7395
 20
-0.1112
 10
12.7397
 20
-0.0834
 10
12.7399
 20
-0.0556
 10
12.74
 20
-0.0278
 10
12.74
 20
0.0
 10
12.74
 20
0.0278
 10
12.7399
 20
0.0556
 10
12.7397
 20
0.0834
 10
12.7395
 20
0.1112
 10
12.7392
 20
0.139
 10
12.7389
 20
0.1668
 10
12.7385
 20
0.1946
 10
12.7381
 20
0.2223
 10
12.7375
 20
0.2501
 10
12.737
 20
0.2779
 10
12.7363
 20
0.3057
  0
LWPOLYLINE
  5
F2
330
17
100
AcDbEntity
  8
ALTIN
100
AcDbPolyline
 90
9
 70
1
 10
0.9035
 20
9.925
 10
0.9035
 20
10.1595
 10
0.9206
 20
10.0821
 10
0.9658
 20
10.0164
 10
1.0315
 20
9.972
 10
1.1089
 20
9.9571
 10
1.128
 20
9.9571
 10
1.1506
 20
9.9571
 10
1.1506
 20
9.925
  0
LWPOLYLINE
  5
F3
330
17
100
AcDbEntity
  8
ALTIN
100
AcDbPolyline
 90
9
 70
1
 10
1.2856
 20
9.925
 10
1.2856
 20
9.9571
 10
1.3062
 20
9.9571
 10
1.3273
 20
9.9571
 10
1.4046
 20
9.972
 10
1.4699
 20
10.0164
 10
1.5155
 20
10.0821
 10
1.5327
 20
10.1595
 10
1.5327
 20
9.925
  0
LWPOLYLINE
  5
F4
330
17
100
AcDbEntity
  8
ALTIN
100
AcDbPolyline
 90
9
 70
1
 10
1.832
 20
10.1595
 10
1.8491
 20
10.0821
 10
1.8943
 20
10.0164
 10
1.96
 20
9.972
 10
2.0375
 20
9.9571
 10
2.0565
 20
9.9571
 10
2.0791
 20
9.9571
 10
2.0791
 20
9.925
 10
1.832
 20
9.925
  0
LWPOLYLINE
  5
F5
330
17
100
AcDbEntity
  8
ALTIN
100
AcDbPolyline
 90
9
 70
1
 10
0.3571
 20
9.925
 10
0.3571
 20
9.9571
 10
0.3777
 20
9.9571
 10
0.3988
 20
9.9571
 10
0.4761
 20
9.972
 10
0.5414
 20
10.0164
 10
0.587
 20
10.0821
 10
0.6042
 20
10.1595
 10
0.6042
 20
9.925
  0
LWPOLYLINE
  5
F6
330
17
100
AcDbEntity
  8
ALTIN
100
AcDbPolyline
 90
12
 70
1
 10
0.8935
 20
11.9405
 10
0.9035
 20
11.9405
 10
0.9035
 20
10.1595
 10
0.8935
 20
10.1595
 10
0.8935
 20
9.925
 10
0.6142
 20
9.925
 10
0.6142
 20
10.1595
 10
0.6042
 20
10.1595
 10
0.6042
 20
11.9405
 10
0.6142
 20
11.9405
 10
0.6142
 20
12.175
 10
0.8935
 20
12.175
  0
LWPOLYLINE
  5
F7
330
17
100
AcDbEntity
  8
ALTIN
100
AcDbPolyline
 90
12
 70
1
 10
1.5428
 20
12.175
 10
1.822
 20
12.175
 10
1.822
 20
11.9405
 10
1.832
 20
11.9405
 10
1.832
 20
10.1595
 10
1.822
 20
10.1595
 10
1.822
 20
9.925
 10
1.5428
 20
9.925
 10
1.5428
 20
10.1595
 10
1.5327
 20
10.1595
 10
1.5327
 20
11.9405
 10
1.5428
 20
11.9405
  0
LWPOLYLINE
  5
F8
330
17
100
AcDbEntity
  8
ALTIN
100
AcDbPolyline
 90
9
 70
1
 10
1.5155
 20
12.0178
 10
1.4699
 20
12.0831
 10
1.4046
 20
12.1279
 10
1.3273
 20
12.1429
 10
1.3062
 20
12.1429
 10
1.2856
 20
12.1429
 10
1.2856
 20
12.175
 10
1.5327
 20
12.175
 10
1.5327
 20
11.9405
  0
LWPOLYLINE
  5
F9
330
17
100
AcDbEntity
  8
ALTIN
100
AcDbPolyline
 90
9
 70
1
 10
1.832
 20
11.9405
 10
1.832
 20
12.175
 10
2.0791
 20
12.175
 10
2.0791
 20
12.1429
 10
2.0565
 20
12.1429
 10
2.0375
 20
12.1429
 10
1.96
 20
12.1279
 10
1.8943
 20
12.0831
 10
1.8491
 20
12.0178
  0
LWPOLYLINE
  5
FA
330
17
100
AcDbEntity
  8
ALTIN
100
AcDbPolyline
 90
9
 70
1
 10
0.6042
 20
11.9405
 10
0.587
 20
12.0178
 10
0.5414
 20
12.0831
 10
0.4761
 20
12.1279
 10
0.3988
 20
12.1429
 10
0.3777
 20
12.1429
 10
0.3571
 20
12.1429
 10
0.3571
 20
12.175
 10
0.6042
 20
12.175
  0
LWPOLYLINE
  5
FB
330
17
100
AcDbEntity
  8
ALTIN
100
AcDbPolyline
 90
9
 70
1
 10
0.9206
 20
12.0178
 10
0.9035
 20
11.9405
 10
0.9035
 20
12.175
 10
1.1506
 20
12.175
 10
1.1506
 20
12.1429
 10
1.128
 20
12.1429
 10
1.1089
 20
12.1429
 10
1.0315
 20
12.1279
 10
0.9658
 20
12.0831
  0
LWPOLYLINE
  5
FC
330
17
100
AcDbEntity
  8
ALTIN
100
AcDbPolyline
 90
4
 70
1
 10
5.1
 20
-8.8335
 10
5.7817
 20
-9.2343
 10
6.175
 20
-10.6954
 10
5.1063
 20
-9.6243
  0
LWPOLYLINE
  5
FD
330
17
100
AcDbEntity
  8
ALTIN
100
AcDbPolyline
 90
4
 70
1
 10
8.8335
 20
-5.1
 10
9.6243
 20
-5.1063
 10
10.6954
 20
-6.175
 10
9.2343
 20
-5.7817
  0
LWPOLYLINE
  5
FE
330
17
100
AcDbEntity
  8
ALTIN
100
AcDbPolyline
 90
4
 70
1
 10
8.8335
 20
5.1
 10
9.2343
 20
5.7817
 10
10.6954
 20
6.175
 10
9.6243
 20
5.1063
  0
LWPOLYLINE
  5
FF
330
17
100
AcDbEntity
  8
ALTIN
100
AcDbPolyline
 90
4
 70
1
 10
5.1
 20
8.8335
 10
5.1063
 20
9.6243
 10
6.175
 20
10.6954
 10
5.7817
 20
9.2343
  0
LWPOLYLINE
  5
100
330
17
100
AcDbEntity
  8
ALTIN
100
AcDbPolyline
 90
5
 70
1
 10
-1.2399
 20
4.8723
 10
-1.2594
 20
4.8618
 10
-1.2728
 20
4.8212
 10
-1.6913
 20
4.8212
 10
-1.6603
 20
4.8723
  0
LWPOLYLINE
  5
101
330
17
100
AcDbEntity
  8
ALTIN
100
AcDbPolyline
 90
9
 70
1
 10
-1.2399
 20
4.8723
 10
-1.1591
 20
4.8868
 10
-1.0937
 20
4.93
 10
-1.0446
 20
4.9954
 10
-1.0133
 20
5.0762
 10
-0.9983
 20
5.0762
 10
-1.0494
 20
4.8212
 10
-1.0569
 20
4.8212
 10
-1.0478
 20
4.8723
  0
LWPOLYLINE
  5
102
330
17
100
AcDbEntity
  8
ALTIN
100
AcDbPolyline
 90
24
 70
1
 10
-2.4012
 20
4.949
 10
-2.5127
 20
4.8677
 10
-2.6486
 20
4.817
 10
-2.8059
 20
4.8002
 10
-2.961
 20
4.817
 10
-3.0963
 20
4.8677
 10
-3.2076
 20
4.949
 10
-3.2913
 20
5.0582
 10
-3.3435
 20
5.1917
 10
-3.3609
 20
5.3462
 10
-3.3435
 20
5.5008
 10
-3.2913
 20
5.6343
 10
-3.2076
 20
5.7435
 10
-3.0963
 20
5.8248
 10
-2.961
 20
5.8755
 10
-2.8059
 20
5.8923
 10
-2.6486
 20
5.8755
 10
-2.5127
 20
5.8248
 10
-2.4012
 20
5.7435
 10
-2.3177
 20
5.6343
 10
-2.2653
 20
5.5008
 10
-2.2478
 20
5.3462
 10
-2.2653
 20
5.1917
 10
-2.3177
 20
5.0582
  0
LWPOLYLINE
  5
103
330
17
100
AcDbEntity
  8
ALTIN
100
AcDbPolyline
 90
24
 70
1
 10
-2.5171
 20
5.7058
 10
-2.5959
 20
5.7796
 10
-2.6926
 20
5.8258
 10
-2.8059
 20
5.8412
 10
-2.917
 20
5.8258
 10
-3.0135
 20
5.7796
 10
-3.0929
 20
5.7058
 10
-3.1523
 20
5.6071
 10
-3.1894
 20
5.4865
 10
-3.2018
 20
5.3462
 10
-3.1894
 20
5.206
 10
-3.1523
 20
5.0852
 10
-3.0929
 20
4.9866
 10
-3.0135
 20
4.9127
 10
-2.917
 20
4.8666
 10
-2.8059
 20
4.8512
 10
-2.6926
 20
4.8666
 10
-2.5959
 20
4.9127
 10
-2.5171
 20
4.9866
 10
-2.4578
 20
5.0852
 10
-2.4208
 20
5.206
 10
-2.4084
 20
5.3462
 10
-2.4208
 20
5.4865
 10
-2.4578
 20
5.6071
  0
LWPOLYLINE
  5
104
330
17
100
AcDbEntity
  8
ALTIN
100
AcDbPolyline
 90
61
 70
1
 10
-0.2042
 20
4.8183
 10
-0.3375
 20
4.8693
 10
-0.4476
 20
4.9504
 10
-0.5304
 20
5.0589
 10
-0.5821
 20
5.1919
 10
-0.5993
 20
5.3462
 10
-0.5821
 20
5.5008
 10
-0.5304
 20
5.6343
 10
-0.4476
 20
5.7435
 10
-0.3375
 20
5.8248
 10
-0.2034
 20
5.8755
 10
-0.0488
 20
5.8923
 10
0.0307
 20
5.8891
 10
0.1041
 20
5.8795
 10
0.1712
 20
5.8645
 10
0.2316
 20
5.845
 10
0.2853
 20
5.8219
 10
0.3321
 20
5.7962
 10
0.3532
 20
5.5698
 10
0.3396
 20
5.5698
 10
0.3086
 20
5.6543
 10
0.2632
 20
5.722
 10
0.2049
 20
5.7739
 10
0.135
 20
5.8112
 10
0.055
 20
5.8337
 10
-0.0338
 20
5.8412
 10
-0.1502
 20
5.8258
 10
-0.2505
 20
5.7796
 10
-0.3323
 20
5.7056
 10
-0.393
 20
5.6064
 10
-0.4307
 20
5.4848
 10
-0.4432
 20
5.3432
 10
-0.4308
 20
5.2052
 10
-0.3938
 20
5.0852
 10
-0.3343
 20
4.9868
 10
-0.255
 20
4.9134
 10
-0.1577
 20
4.8675
 10
-0.0443
 20
4.8512
 10
0.0162
 20
4.8554
 10
0.0748
 20
4.8677
 10
0.1305
 20
4.8876
 10
0.1821
 20
4.9143
 10
0.2276
 20
4.9476
 10
0.2646
 20
4.9877
 10
0.2662
 20
5.2412
 10
0.2471
 20
5.2919
 10
0.1896
 20
5.3087
 10
0.1657
 20
5.3087
 10
0.1657
 20
5.3237
 10
0.5018
 20
5.3237
 10
0.5018
 20
5.3087
 10
0.4793
 20
5.3087
 10
0.4215
 20
5.2919
 10
0.4043
 20
5.2412
 10
0.4043
 20
4.9937
 10
0.3625
 20
4.9487
 10
0.3066
 20
4.9037
 10
0.2371
 20
4.8627
 10
0.1545
 20
4.8295
 10
0.0582
 20
4.8075
 10
-0.0518
 20
4.8002
  0
LWPOLYLINE
  5
105
330
17
100
AcDbEntity
  8
ALTIN
100
AcDbPolyline
 90
20
 70
1
 10
-1.8278
 20
5.8562
 10
-1.6449
 20
5.8727
 10
-1.2083
 20
5.8727
 10
-1.1774
 20
5.8734
 10
-1.1445
 20
5.8757
 10
-1.1127
 20
5.8791
 10
-1.0845
 20
5.8832
 10
-1.0626
 20
5.8877
 10
-1.0494
 20
5.8923
 10
-1.0494
 20
5.8855
 10
-1.0494
 20
5.8787
 10
-1.6603
 20
4.8723
 10
-1.7499
 20
4.8723
 10
-1.7499
 20
4.8212
 10
-1.8488
 20
4.8212
 10
-1.8488
 20
4.8348
 10
-1.2458
 20
5.8218
 10
-1.7033
 20
5.8218
 10
-1.7033
 20
5.8262
 10
-1.8278
 20
5.8262
  0
LWPOLYLINE
  5
106
330
17
100
AcDbEntity
  8
ALTIN
100
AcDbPolyline
 90
8
 70
1
 10
-1.747
 20
5.8129
 10
-1.782
 20
5.7895
 10
-1.8051
 20
5.7544
 10
-1.8128
 20
5.7107
 10
-1.8128
 20
5.6868
 10
-1.8278
 20
5.6868
 10
-1.8278
 20
5.8218
 10
-1.7033
 20
5.8218
  0
LWPOLYLINE
  5
107
330
17
100
AcDbEntity
  8
ALTIN
100
AcDbPolyline
 90
9
 70
1
 10
0.9812
 20
5.8352
 10
0.9555
 20
5.851
 10
0.9249
 20
5.8562
 10
0.9127
 20
5.8562
 10
0.9008
 20
5.8562
 10
0.9008
 20
5.8712
 10
1.0044
 20
5.8712
 10
1.0044
 20
5.7812
 10
0.9986
 20
5.8112
  0
LWPOLYLINE
  5
108
330
17
100
AcDbEntity
  8
ALTIN
100
AcDbPolyline
 90
9
 70
1
 10
1.2474
 20
5.8712
 10
1.2474
 20
5.8562
 10
1.2352
 20
5.8562
 10
1.2233
 20
5.8562
 10
1.1928
 20
5.851
 10
1.167
 20
5.8352
 10
1.1496
 20
5.8112
 10
1.1438
 20
5.7812
 10
1.1438
 20
5.8712
  0
LWPOLYLINE
  5
109
330
17
100
AcDbEntity
  8
ALTIN
100
AcDbPolyline
 90
8
 70
1
 10
-1.8278
 20
5.8727
 10
-1.8278
 20
5.8998
 10
-1.8088
 20
5.8937
 10
-1.782
 20
5.8877
 10
-1.7496
 20
5.8821
 10
-1.7138
 20
5.8771
 10
-1.6779
 20
5.8738
 10
-1.6449
 20
5.8727
  0
LWPOLYLINE
  5
10A
330
17
100
AcDbEntity
  8
ALTIN
100
AcDbPolyline
 90
9
 70
1
 10
2.3603
 20
4.8212
 10
2.3603
 20
4.8362
 10
2.37
 20
4.8362
 10
2.3798
 20
4.8362
 10
2.4161
 20
4.8432
 10
2.4466
 20
4.8639
 10
2.4677
 20
4.8946
 10
2.4759
 20
4.9307
 10
2.4759
 20
4.8212
  0
LWPOLYLINE
  5
10B
330
17
100
AcDbEntity
  8
ALTIN
100
AcDbPolyline
 90
9
 70
1
 10
2.6153
 20
4.8212
 10
2.6153
 20
4.9307
 10
2.6224
 20
4.8946
 10
2.6437
 20
4.8639
 10
2.6749
 20
4.8432
 10
2.7114
 20
4.8362
 10
2.721
 20
4.8362
 10
2.7293
 20
4.8362
 10
2.7293
 20
4.8212
  0
LWPOLYLINE
  5
10C
330
17
100
AcDbEntity
  8
ALTIN
100
AcDbPolyline
 90
38
 70
1
 10
1.7655
 20
5.0962
 10
1.7755
 20
5.1918
 10
1.7755
 20
5.7812
 10
1.7799
 20
5.7812
 10
1.7799
 20
5.8712
 10
1.8549
 20
5.8712
 10
1.8549
 20
5.7812
 10
1.858
 20
5.7812
 10
1.858
 20
5.1948
 10
1.8454
 20
5.0837
 10
1.8076
 20
4.9877
 10
1.7465
 20
4.909
 10
1.6637
 20
4.8496
 10
1.5619
 20
4.8125
 10
1.4438
 20
4.8002
 10
1.3168
 20
4.8123
 10
1.2083
 20
4.8489
 10
1.121
 20
4.9076
 10
1.0569
 20
4.9862
 10
1.0175
 20
5.0823
 10
1.0044
 20
5.1932
 10
1.0044
 20
5.7812
 10
1.0088
 20
5.7812
 10
1.0088
 20
5.8712
 10
1.1408
 20
5.8712
 10
1.1408
 20
5.7812
 10
1.1438
 20
5.7812
 10
1.1438
 20
5.2112
 10
1.1534
 20
5.1099
 10
1.182
 20
5.0221
 10
1.2283
 20
4.9504
 10
1.2901
 20
4.897
 10
1.3657
 20
4.8637
 10
1.453
 20
4.8527
 10
1.5443
 20
4.8631
 10
1.6231
 20
4.8946
 10
1.6876
 20
4.9454
 10
1.7356
 20
5.0132
  0
LWPOLYLINE
  5
10D
330
17
100
AcDbEntity
  8
ALTIN
100
AcDbPolyline
 90
16
 70
1
 10
2.4759
 20
4.9307
 10
2.4759
 20
5.7618
 10
2.4803
 20
5.7618
 10
2.4803
 20
5.8712
 10
2.5959
 20
5.8712
 10
2.5996
 20
5.8584
 10
2.6034
 20
5.8456
 10
2.6071
 20
5.8328
 10
2.61
 20
5.823
 10
2.6109
 20
5.8187
 10
2.6153
 20
5.8187
 10
2.6153
 20
4.9307
 10
2.6109
 20
4.9307
 10
2.6109
 20
4.8212
 10
2.4803
 20
4.8212
 10
2.4803
 20
4.9307
  0
LWPOLYLINE
  5
10E
330
17
100
AcDbEntity
  8
ALTIN
100
AcDbPolyline
 90
80
 70
1
 10
3.0472
 20
5.3956
 10
2.9971
 20
5.3477
 10
2.9358
 20
5.3154
 10
2.8643
 20
5.3027
 10
2.8973
 20
5.2851
 10
2.9303
 20
5.2562
 10
2.9611
 20
5.2221
 10
2.9873
 20
5.1887
 10
2.992
 20
5.1809
 10
3.006
 20
5.1602
 10
3.0272
 20
5.13
 10
3.0532
 20
5.0934
 10
3.0819
 20
5.0539
 10
3.111
 20
5.0146
 10
3.1386
 20
4.979
 10
3.1628
 20
4.9502
 10
3.1927
 20
4.9171
 10
3.2221
 20
4.8895
 10
3.2526
 20
4.8674
 10
3.2852
 20
4.8505
 10
3.321
 20
4.8398
 10
3.3609
 20
4.8362
 10
3.3609
 20
4.8212
 10
3.2559
 20
4.8212
 10
3.188
 20
4.8259
 10
3.1284
 20
4.84
 10
3.0766
 20
4.8621
 10
3.0323
 20
4.8909
 10
2.9948
 20
4.9245
 10
2.9634
 20
4.9607
 10
2.9541
 20
4.9757
 10
2.9385
 20
4.9996
 10
2.9187
 20
5.0303
 10
2.8966
 20
5.065
 10
2.8736
 20
5.1016
 10
2.8509
 20
5.1377
 10
2.8299
 20
5.1713
 10
2.8118
 20
5.2
 10
2.7983
 20
5.2216
 10
2.7909
 20
5.2337
 10
2.7638
 20
5.2714
 10
2.7337
 20
5.3034
 10
2.7008
 20
5.3257
 10
2.6648
 20
5.3343
 10
2.6648
 20
5.3493
 10
2.6711
 20
5.3491
 10
2.6866
 20
5.3484
 10
2.7085
 20
5.3482
 10
2.7339
 20
5.3493
 10
2.7742
 20
5.3533
 10
2.8171
 20
5.3627
 10
2.8595
 20
5.3804
 10
2.898
 20
5.4093
 10
2.9301
 20
5.452
 10
2.9528
 20
5.5112
 10
2.9567
 20
5.5281
 10
2.9594
 20
5.5487
 10
2.9608
 20
5.5716
 10
2.9603
 20
5.5952
 10
2.9467
 20
5.6873
 10
2.9085
 20
5.7564
 10
2.8507
 20
5.8006
 10
2.7773
 20
5.8173
 10
2.7421
 20
5.8193
 10
2.7053
 20
5.8195
 10
2.6705
 20
5.8189
 10
2.6409
 20
5.8187
 10
2.6153
 20
5.8187
 10
2.6153
 20
5.8712
 10
2.8014
 20
5.8712
 10
2.8667
 20
5.8667
 10
2.9273
 20
5.8532
 10
2.9816
 20
5.8309
 10
3.0271
 20
5.8
 10
3.0641
 20
5.7605
 10
3.0923
 20
5.7123
 10
3.1104
 20
5.6553
 10
3.1164
 20
5.5893
 10
3.1085
 20
5.5212
 10
3.0848
 20
5.455
  0
LWPOLYLINE
  5
10F
330
17
100
AcDbEntity
  8
ALTIN
100
AcDbPolyline
 90
9
 70
1
 10
2.4759
 20
5.7618
 10
2.4677
 20
5.7979
 10
2.4466
 20
5.8284
 10
2.4161
 20
5.8493
 10
2.3798
 20
5.8562
 10
2.37
 20
5.8562
 10
2.3603
 20
5.8562
 10
2.3603
 20
5.8712
 10
2.4759
 20
5.8712
  0
LWPOLYLINE
  5
110
330
17
100
AcDbEntity
  8
ALTIN
100
AcDbPolyline
 90
9
 70
1
 10
1.7696
 20
5.8112
 10
1.752
 20
5.8352
 10
1.7264
 20
5.851
 10
1.6958
 20
5.8562
 10
1.6838
 20
5.8562
 10
1.6719
 20
5.8562
 10
1.6719
 20
5.8712
 10
1.7755
 20
5.8712
 10
1.7755
 20
5.7812
  0
LWPOLYLINE
  5
111
330
17
100
AcDbEntity
  8
ALTIN
100
AcDbPolyline
 90
9
 70
1
 10
1.858
 20
5.8712
 10
1.9613
 20
5.8712
 10
1.9613
 20
5.8562
 10
1.9494
 20
5.8562
 10
1.9374
 20
5.8562
 10
1.9069
 20
5.851
 10
1.8812
 20
5.8352
 10
1.8638
 20
5.8112
 10
1.858
 20
5.7812
  0
LWPOLYLINE
  5
112
330
17
100
AcDbEntity
  8
ALTIN
100
AcDbPolyline
 90
136
 70
1
 10
12.3544
 20
-0.7371
 10
12.3494
 20
-0.7711
 10
12.3425
 20
-0.8058
 10
12.3341
 20
-0.8391
 10
12.3239
 20
-0.8729
 10
12.3123
 20
-0.9052
 10
12.2988
 20
-0.9379
 10
12.2841
 20
-0.9689
 10
12.2675
 20
-1.0001
 10
12.2498
 20
-1.0295
 10
12.2302
 20
-1.0589
 10
12.2097
 20
-1.0865
 10
12.1873
 20
-1.1138
 10
12.1642
 20
-1.1392
 10
12.1392
 20
-1.1642
 10
12.1138
 20
-1.1873
 10
12.0865
 20
-1.2097
 10
12.0589
 20
-1.2302
 10
12.0295
 20
-1.2498
 10
12.0001
 20
-1.2675
 10
11.9689
 20
-1.2841
 10
11.9379
 20
-1.2988
 10
11.9052
 20
-1.3123
 10
11.8729
 20
-1.3239
 10
11.8391
 20
-1.3341
 10
11.8058
 20
-1.3425
 10
11.7711
 20
-1.3494
 10
11.7371
 20
-1.3544
 10
11.702
 20
-1.3579
 10
11.6677
 20
-1.3596
 10
11.65
 20
-1.36
 10
9.45
 20
-1.36
 10
9.4323
 20
-1.3596
 10
9.398
 20
-1.3579
 10
9.3629
 20
-1.3544
 10
9.3289
 20
-1.3494
 10
9.2942
 20
-1.3425
 10
9.2609
 20
-1.3341
 10
9.2271
 20
-1.3239
 10
9.1948
 20
-1.3123
 10
9.1621
 20
-1.2988
 10
9.1311
 20
-1.2841
 10
9.0999
 20
-1.2675
 10
9.0705
 20
-1.2498
 10
9.0411
 20
-1.2302
 10
9.0135
 20
-1.2097
 10
8.9862
 20
-1.1873
 10
8.9608
 20
-1.1642
 10
8.9358
 20
-1.1392
 10
8.9127
 20
-1.1138
 10
8.8903
 20
-1.0865
 10
8.8698
 20
-1.0589
 10
8.8502
 20
-1.0295
 10
8.8325
 20
-1.0001
 10
8.8159
 20
-0.9689
 10
8.8012
 20
-0.9379
 10
8.7877
 20
-0.9052
 10
8.7761
 20
-0.8729
 10
8.7659
 20
-0.8391
 10
8.7575
 20
-0.8058
 10
8.7506
 20
-0.7711
 10
8.7456
 20
-0.7371
 10
8.7421
 20
-0.702
 10
8.7404
 20
-0.6677
 10
8.74
 20
-0.65
 10
8.74
 20
0.65
 10
8.7404
 20
0.6677
 10
8.7421
 20
0.702
 10
8.7456
 20
0.7371
 10
8.7506
 20
0.7711
 10
8.7575
 20
0.8058
 10
8.7659
 20
0.8391
 10
8.7761
 20
0.8729
 10
8.7877
 20
0.9052
 10
8.8012
 20
0.9379
 10
8.8159
 20
0.9689
 10
8.8325
 20
1.0001
 10
8.8502
 20
1.0295
 10
8.8698
 20
1.0589
 10
8.8903
 20
1.0865
 10
8.9127
 20
1.1138
 10
8.9358
 20
1.1392
 10
8.9608
 20
1.1642
 10
8.9862
 20
1.1873
 10
9.0135
 20
1.2097
 10
9.0411
 20
1.2302
 10
9.0705
 20
1.2498
 10
9.0999
 20
1.2675
 10
9.1311
 20
1.2841
 10
9.1621
 20
1.2988
 10
9.1948
 20
1.3123
 10
9.2271
 20
1.3239
 10
9.2609
 20
1.3341
 10
9.2942
 20
1.3425
 10
9.3289
 20
1.3494
 10
9.3629
 20
1.3544
 10
9.398
 20
1.3579
 10
9.4323
 20
1.3596
 10
9.45
 20
1.36
 10
11.65
 20
1.36
 10
11.6677
 20
1.3596
 10
11.702
 20
1.3579
 10
11.7371
 20
1.3544
 10
11.7711
 20
1.3494
 10
11.8058
 20
1.3425
 10
11.8391
 20
1.3341
 10
11.8729
 20
1.3239
 10
11.9052
 20
1.3123
 10
11.9379
 20
1.2988
 10
11.9689
 20
1.2841
 10
12.0001
 20
1.2675
 10
12.0295
 20
1.2498
 10
12.0589
 20
1.2302
 10
12.0865
 20
1.2097
 10
12.1138
 20
1.1873
 10
12.1392
 20
1.1642
 10
12.1642
 20
1.1392
 10
12.1873
 20
1.1138
 10
12.2097
 20
1.0865
 10
12.2302
 20
1.0589
 10
12.2498
 20
1.0295
 10
12.2675
 20
1.0001
 10
12.2841
 20
0.9689
 10
12.2988
 20
0.9379
 10
12.3123
 20
0.9052
 10
12.3239
 20
0.8729
 10
12.3341
 20
0.8391
 10
12.3425
 20
0.8058
 10
12.3494
 20
0.7711
 10
12.3544
 20
0.7371
 10
12.3579
 20
0.702
 10
12.3596
 20
0.6677
 10
12.36
 20
0.65
 10
12.36
 20
-0.65
 10
12.3596
 20
-0.6677
 10
12.3579
 20
-0.702
  0
LWPOLYLINE
  5
113
330
17
100
AcDbEntity
  8
ALTIN
100
AcDbPolyline
 90
136
 70
1
 10
12.2497
 20
0.6623
 10
12.248
 20
0.6966
 10
12.2456
 20
0.721
 10
12.2406
 20
0.755
 10
12.2358
 20
0.779
 10
12.2274
 20
0.8123
 10
12.2203
 20
0.8358
 10
12.2087
 20
0.8682
 10
12.1994
 20
0.8908
 10
12.1847
 20
0.9219
 10
12.1731
 20
0.9435
 10
12.1554
 20
0.973
 10
12.1418
 20
0.9934
 10
12.1214
 20
1.021
 10
12.1058
 20
1.0399
 10
12.0827
 20
1.0654
 10
12.0654
 20
1.0827
 10
12.0399
 20
1.1058
 10
12.021
 20
1.1214
 10
11.9934
 20
1.1418
 10
11.973
 20
1.1554
 10
11.9435
 20
1.1731
 10
11.9219
 20
1.1847
 10
11.8908
 20
1.1994
 10
11.8682
 20
1.2087
 10
11.8358
 20
1.2203
 10
11.8123
 20
1.2274
 10
11.779
 20
1.2358
 10
11.755
 20
1.2406
 10
11.721
 20
1.2456
 10
11.6966
 20
1.248
 10
11.6623
 20
1.2497
 10
11.65
 20
1.25
 10
9.45
 20
1.25
 10
9.4377
 20
1.2497
 10
9.4034
 20
1.248
 10
9.379
 20
1.2456
 10
9.345
 20
1.2406
 10
9.321
 20
1.2358
 10
9.2877
 20
1.2274
 10
9.2642
 20
1.2203
 10
9.2318
 20
1.2087
 10
9.2092
 20
1.1994
 10
9.1781
 20
1.1847
 10
9.1565
 20
1.1731
 10
9.127
 20
1.1554
 10
9.1066
 20
1.1418
 10
9.079
 20
1.1214
 10
9.0601
 20
1.1058
 10
9.0346
 20
1.0827
 10
9.0173
 20
1.0654
 10
8.9942
 20
1.0399
 10
8.9786
 20
1.021
 10
8.9582
 20
0.9934
 10
8.9446
 20
0.973
 10
8.9269
 20
0.9435
 10
8.9153
 20
0.9219
 10
8.9006
 20
0.8908
 10
8.8913
 20
0.8682
 10
8.8797
 20
0.8358
 10
8.8726
 20
0.8123
 10
8.8642
 20
0.779
 10
8.8594
 20
0.755
 10
8.8544
 20
0.721
 10
8.852
 20
0.6966
 10
8.8503
 20
0.6623
 10
8.85
 20
0.65
 10
8.85
 20
-0.65
 10
8.8503
 20
-0.6623
 10
8.852
 20
-0.6966
 10
8.8544
 20
-0.721
 10
8.8594
 20
-0.755
 10
8.8642
 20
-0.779
 10
8.8726
 20
-0.8123
 10
8.8797
 20
-0.8358
 10
8.8913
 20
-0.8682
 10
8.9006
 20
-0.8908
 10
8.9153
 20
-0.9219
 10
8.9269
 20
-0.9435
 10
8.9446
 20
-0.973
 10
8.9582
 20
-0.9934
 10
8.9786
 20
-1.021
 10
8.9942
 20
-1.0399
 10
9.0173
 20
-1.0654
 10
9.0346
 20
-1.0827
 10
9.0601
 20
-1.1058
 10
9.079
 20
-1.1214
 10
9.1066
 20
-1.1418
 10
9.127
 20
-1.1554
 10
9.1565
 20
-1.1731
 10
9.1781
 20
-1.1847
 10
9.2092
 20
-1.1994
 10
9.2318
 20
-1.2087
 10
9.2642
 20
-1.2203
 10
9.2877
 20
-1.2274
 10
9.321
 20
-1.2358
 10
9.345
 20
-1.2406
 10
9.379
 20
-1.2456
 10
9.4034
 20
-1.248
 10
9.4377
 20
-1.2497
 10
9.45
 20
-1.25
 10
11.65
 20
-1.25
 10
11.6623
 20
-1.2497
 10
11.6966
 20
-1.248
 10
11.721
 20
-1.2456
 10
11.755
 20
-1.2406
 10
11.779
 20
-1.2358
 10
11.8123
 20
-1.2274
 10
11.8358
 20
-1.2203
 10
11.8682
 20
-1.2087
 10
11.8908
 20
-1.1994
 10
11.9219
 20
-1.1847
 10
11.9435
 20
-1.1731
 10
11.973
 20
-1.1554
 10
11.9934
 20
-1.1418
 10
12.021
 20
-1.1214
 10
12.0399
 20
-1.1058
 10
12.0654
 20
-1.0827
 10
12.0827
 20
-1.0654
 10
12.1058
 20
-1.0399
 10
12.1214
 20
-1.021
 10
12.1418
 20
-0.9934
 10
12.1554
 20
-0.973
 10
12.1731
 20
-0.9435
 10
12.1847
 20
-0.9219
 10
12.1994
 20
-0.8908
 10
12.2087
 20
-0.8682
 10
12.2203
 20
-0.8358
 10
12.2274
 20
-0.8123
 10
12.2358
 20
-0.779
 10
12.2406
 20
-0.755
 10
12.2456
 20
-0.721
 10
12.248
 20
-0.6966
 10
12.2497
 20
-0.6623
 10
12.25
 20
-0.65
 10
12.25
 20
0.65
  0
ENDSEC
  0
SECTION
  2
OBJECTS
  0
DICTIONARY
  5
A
330
0
100
AcDbDictionary
281
1
  3
ACAD_COLOR
350
B
  3
ACAD_GROUP
350
C
  3
ACAD_LAYOUT
350
D
  3
ACAD_MATERIAL
350
E
  3
ACAD_MLEADERSTYLE
350
F
  3
ACAD_MLINESTYLE
350
10
  3
ACAD_PLOTSETTINGS
350
11
  3
ACAD_PLOTSTYLENAME
350
12
  3
ACAD_SCALELIST
350
14
  3
ACAD_TABLESTYLE
350
15
  3
ACAD_VISUALSTYLE
350
16
  3
EZDXF_META
350
2D
  0
DICTIONARY
  5
B
330
A
100
AcDbDictionary
281
1
  0
DICTIONARY
  5
C
330
A
100
AcDbDictionary
281
1
  0
DICTIONARY
  5
D
330
A
100
AcDbDictionary
281
1
  3
Model
350
1A
  3
Layout1
350
1E
  0
DICTIONARY
  5
E
330
A
100
AcDbDictionary
281
1
  3
ByBlock
350
1F
  3
ByLayer
350
20
  3
Global
350
21
  0
DICTIONARY
  5
F
330
A
100
AcDbDictionary
281
1
  3
Standard
350
2C
  0
DICTIONARY
  5
10
330
A
100
AcDbDictionary
281
1
  3
Standard
350
22
  0
DICTIONARY
  5
11
330
A
100
AcDbDictionary
281
1
  0
ACDBDICTIONARYWDFLT
  5
12
330
A
100
AcDbDictionary
281
1
  3
Normal
350
13
100
AcDbDictionaryWithDefault
340
13
  0
ACDBPLACEHOLDER
  5
13
330
12
  0
DICTIONARY
  5
14
330
A
100
AcDbDictionary
281
1
  0
DICTIONARY
  5
15
330
A
100
AcDbDictionary
281
1
  0
DICTIONARY
  5
16
330
A
100
AcDbDictionary
281
1
  3
2dWireframe
350
5A
  3
Basic
350
5B
  3
Brighten
350
5C
  3
ColorChange
350
5D
  3
Conceptual
350
5E
  3
Dim
350
5F
  3
EdgeColorOff
350
60
  3
Facepattern
350
61
  3
Flat
350
62
  3
FlatWithEdges
350
63
  3
Gouraud
350
64
  3
GouraudWithEdges
350
65
  3
Hidden
350
66
  3
JitterOff
350
67
  3
Linepattern
350
68
  3
Modeling
350
69
  3
OverhangOff
350
6A
  3
Realistic
350
6B
  3
Shaded
350
6C
  3
Shaded with edges
350
6D
  3
Shades of Gray
350
6E
  3
Sketchy
350
6F
  3
Thicken
350
70
  3
Wireframe
350
71
  3
X-Ray
350
72
  0
LAYOUT
  5
1A
330
D
100
AcDbPlotSettings
  1

  4
A3
  6

 40
7.5
 41
20.0
 42
7.5
 43
20.0
 44
420.0
 45
297.0
 46
0.0
 47
0.0
 48
0.0
 49
0.0
140
0.0
141
0.0
142
1.0
143
1.0
 70
1024
 72
1
 73
0
 74
5
  7

 75
16
 76
0
 77
2
 78
300
147
1.0
148
0.0
149
0.0
100
AcDbLayout
  1
Model
 70
1
 71
0
 10
0.0
 20
0.0
 11
420.0
 21
297.0
 12
0.0
 22
0.0
 32
0.0
 14
1e+20
 24
1e+20
 34
1e+20
 15
-1e+20
 25
-1e+20
 35
-1e+20
146
0.0
 13
0.0
 23
0.0
 33
0.0
 16
1.0
 26
0.0
 36
0.0
 17
0.0
 27
1.0
 37
0.0
 76
1
330
17
  0
LAYOUT
  5
1E
330
D
100
AcDbPlotSettings
  1

  4
A3
  6

 40
7.5
 41
20.0
 42
7.5
 43
20.0
 44
420.0
 45
297.0
 46
0.0
 47
0.0
 48
0.0
 49
0.0
140
0.0
141
0.0
142
1.0
143
1.0
 70
0
 72
1
 73
0
 74
5
  7

 75
16
 76
0
 77
2
 78
300
147
1.0
148
0.0
149
0.0
100
AcDbLayout
  1
Layout1
 70
1
 71
1
 10
0.0
 20
0.0
 11
420.0
 21
297.0
 12
0.0
 22
0.0
 32
0.0
 14
1e+20
 24
1e+20
 34
1e+20
 15
-1e+20
 25
-1e+20
 35
-1e+20
146
0.0
 13
0.0
 23
0.0
 33
0.0
 16
1.0
 26
0.0
 36
0.0
 17
0.0
 27
1.0
 37
0.0
 76
1
330
1B
  0
MATERIAL
  5
1F
102
{ACAD_REACTORS
330
E
102
}
330
E
100
AcDbMaterial
  1
ByBlock
  2

 70
0
 40
1.0
 71
1
 41
1.0
 91
-1023410177
 42
1.0
 72
1
  3

 73
1
 74
1
 75
1
 44
0.5
 73
0
 45
1.0
 46
1.0
 77
1
  4

 78
1
 79
1
170
1
 48
1.0
171
1
  6

172
1
173
1
174
1
140
1.0
141
1.0
175
1
  7

176
1
177
1
178
1
143
1.0
179
1
  8

270
1
271
1
272
1
145
1.0
146
1.0
273
1
  9

274
1
275
1
276
1
 42
1.0
 72
1
  3

 73
1
 74
1
 75
1
 94
63
  0
MATERIAL
  5
20
102
{ACAD_REACTORS
330
E
102
}
330
E
100
AcDbMaterial
  1
ByLayer
  2

 70
0
 40
1.0
 71
1
 41
1.0
 91
-1023410177
 42
1.0
 72
1
  3

 73
1
 74
1
 75
1
 44
0.5
 73
0
 45
1.0
 46
1.0
 77
1
  4

 78
1
 79
1
170
1
 48
1.0
171
1
  6

172
1
173
1
174
1
140
1.0
141
1.0
175
1
  7

176
1
177
1
178
1
143
1.0
179
1
  8

270
1
271
1
272
1
145
1.0
146
1.0
273
1
  9

274
1
275
1
276
1
 42
1.0
 72
1
  3

 73
1
 74
1
 75
1
 94
63
  0
MATERIAL
  5
21
102
{ACAD_REACTORS
330
E
102
}
330
E
100
AcDbMaterial
  1
Global
  2

 70
0
 40
1.0
 71
1
 41
1.0
 91
-1023410177
 42
1.0
 72
1
  3

 73
1
 74
1
 75
1
 44
0.5
 73
0
 45
1.0
 46
1.0
 77
1
  4

 78
1
 79
1
170
1
 48
1.0
171
1
  6

172
1
173
1
174
1
140
1.0
141
1.0
175
1
  7

176
1
177
1
178
1
143
1.0
179
1
  8

270
1
271
1
272
1
145
1.0
146
1.0
273
1
  9

274
1
275
1
276
1
 42
1.0
 72
1
  3

 73
1
 74
1
 75
1
 94
63
  0
MLINESTYLE
  5
22
102
{ACAD_REACTORS
330
10
102
}
330
10
100
AcDbMlineStyle
  2
Standard
 70
0
  3

 62
256
 51
90.0
 52
90.0
 71
2
 49
0.5
 62
256
  6
BYLAYER
 49
-0.5
 62
256
  6
BYLAYER
  0
MLEADERSTYLE
  5
2C
102
{ACAD_REACTORS
330
F
102
}
330
F
100
AcDbMLeaderStyle
179
2
170
2
171
1
172
0
 90
2
 40
0.0
 41
0.0
173
1
 91
-1056964608
 92
-2
290
1
 42
2.0
291
1
 43
8.0
  3
Standard
 44
4.0
300

342
29
174
1
175
1
176
0
178
1
 93
-1056964608
 45
4.0
292
0
297
0
 46
4.0
 94
-1056964608
 47
1.0
 49
1.0
140
1.0
294
1
141
0.0
177
0
142
1.0
295
0
296
0
143
3.75
271
0
272
9
273
9
  0
DICTIONARY
  5
2D
330
A
100
AcDbDictionary
280
1
281
1
  3
CREATED_BY_EZDXF
350
2E
  3
WRITTEN_BY_EZDXF
350
116
  0
DICTIONARYVAR
  5
2E
330
2D
100
DictionaryVariables
280
0
  1
1.4.4 @ 2026-10-08T08:03:40.148460+00:00
  0
VISUALSTYLE
  5
5A
102
{ACAD_REACTORS
330
16
102
}
330
16
100
AcDbVisualStyle
  2
2dWireframe
 70
4
 90
0
 40
0.6
 62
7
290
0
291
0
  0
VISUALSTYLE
  5
5B
102
{ACAD_REACTORS
330
16
102
}
330
16
100
AcDbVisualStyle
  2
Basic
 70
7
 90
1
 40
0.6
 62
7
290
0
291
1
  0
VISUALSTYLE
  5
5C
102
{ACAD_REACTORS
330
16
102
}
330
16
100
AcDbVisualStyle
  2
Brighten
 70
12
 90
2
 40
0.6
 62
7
290
0
291
1
  0
VISUALSTYLE
  5
5D
102
{ACAD_REACTORS
330
16
102
}
330
16
100
AcDbVisualStyle
  2
ColorChange
 70
16
 90
2
 40
0.6
 62
8
290
0
291
1
  0
VISUALSTYLE
  5
5E
102
{ACAD_REACTORS
330
16
102
}
330
16
100
AcDbVisualStyle
  2
Conceptual
 70
9
 90
3
 40
0.6
 62
7
290
0
291
0
  0
VISUALSTYLE
  5
5F
102
{ACAD_REACTORS
330
16
102
}
330
16
100
AcDbVisualStyle
  2
Dim
 70
11
 90
2
 40
0.6
 62
7
290
0
291
1
  0
VISUALSTYLE
  5
60
102
{ACAD_REACTORS
330
16
102
}
330
16
100
AcDbVisualStyle
  2
EdgeColorOff
 70
22
 90
2
 40
0.6
 62
7
290
0
291
1
  0
VISUALSTYLE
  5
61
102
{ACAD_REACTORS
330
16
102
}
330
16
100
AcDbVisualStyle
  2
Facepattern
 70
15
 90
2
 40
0.6
 62
7
290
0
291
1
  0
VISUALSTYLE
  5
62
102
{ACAD_REACTORS
330
16
102
}
330
16
100
AcDbVisualStyle
  2
Flat
 70
0
 90
2
 40
0.6
 62
7
290
0
291
1
  0
VISUALSTYLE
  5
63
102
{ACAD_REACTORS
330
16
102
}
330
16
100
AcDbVisualStyle
  2
FlatWithEdges
 70
1
 90
2
 40
0.6
 62
7
290
0
291
1
  0
VISUALSTYLE
  5
64
102
{ACAD_REACTORS
330
16
102
}
330
16
100
AcDbVisualStyle
  2
Gouraud
 70
2
 90
2
 40
0.6
 62
7
290
0
291
1
  0
VISUALSTYLE
  5
65
102
{ACAD_REACTORS
330
16
102
}
330
16
100
AcDbVisualStyle
  2
GouraudWithEdges
 70
3
 90
2
 40
0.6
 62
7
290
0
291
1
  0
VISUALSTYLE
  5
66
102
{ACAD_REACTORS
330
16
102
}
330
16
100
AcDbVisualStyle
  2
Hidden
 70
6
 90
1
 40
0.6
 62
7
290
0
291
0
  0
VISUALSTYLE
  5
67
102
{ACAD_REACTORS
330
16
102
}
330
16
100
AcDbVisualStyle
  2
JitterOff
 70
20
 90
2
 40
0.6
 62
7
290
0
291
1
  0
VISUALSTYLE
  5
68
102
{ACAD_REACTORS
330
16
102
}
330
16
100
AcDbVisualStyle
  2
Linepattern
 70
14
 90
2
 40
0.6
 62
7
290
0
291
1
  0
VISUALSTYLE
  5
69
102
{ACAD_REACTORS
330
16
102
}
330
16
100
AcDbVisualStyle
  2
Modeling
 70
10
 90
2
 40
0.6
 62
7
290
0
291
0
  0
VISUALSTYLE
  5
6A
102
{ACAD_REACTORS
330
16
102
}
330
16
100
AcDbVisualStyle
  2
OverhangOff
 70
21
 90
2
 40
0.6
 62
7
290
0
291
1
  0
VISUALSTYLE
  5
6B
102
{ACAD_REACTORS
330
16
102
}
330
16
100
AcDbVisualStyle
  2
Realistic
 70
8
 90
2
 40
0.6
 62
7
290
0
291
0
  0
VISUALSTYLE
  5
6C
102
{ACAD_REACTORS
330
16
102
}
330
16
100
AcDbVisualStyle
  2
Shaded
 70
27
 90
2
 40
0.6
 62
7
290
0
291
0
  0
VISUALSTYLE
  5
6D
102
{ACAD_REACTORS
330
16
102
}
330
16
100
AcDbVisualStyle
  2
Shaded with edges
 70
26
 90
2
 40
0.6
 62
7
290
0
291
0
  0
VISUALSTYLE
  5
6E
102
{ACAD_REACTORS
330
16
102
}
330
16
100
AcDbVisualStyle
  2
Shades of Gray
 70
23
 90
2
 40
0.6
 62
7
290
0
291
0
  0
VISUALSTYLE
  5
6F
102
{ACAD_REACTORS
330
16
102
}
330
16
100
AcDbVisualStyle
  2
Sketchy
 70
24
 90
1
 40
0.6
 62
7
290
0
291
0
  0
VISUALSTYLE
  5
70
102
{ACAD_REACTORS
330
16
102
}
330
16
100
AcDbVisualStyle
  2
Thicken
 70
13
 90
2
 40
0.6
 62
7
290
0
291
1
  0
VISUALSTYLE
  5
71
102
{ACAD_REACTORS
330
16
102
}
330
16
100
AcDbVisualStyle
  2
Wireframe
 70
5
 90
0
 40
0.6
 62
7
290
0
291
0
  0
VISUALSTYLE
  5
72
102
{ACAD_REACTORS
330
16
102
}
330
16
100
AcDbVisualStyle
  2
X-Ray
 70
25
 90
2
 40
0.5
 62
7
290
0
291
0
  0
DICTIONARYVAR
  5
116
330
2D
100
DictionaryVariables
280
0
  1
1.4.4 @ 2026-10-08T08:03:40.305640+00:00
  0
ENDSEC
  0
EOF
