  0
SECTION
  2
HEADER
  9
$ACADVER
  1
AC1024
  9
$ACADMAINTVER
 70
6
  9
$DWGCODEPAGE
  3
ANSI_1252
  9
$LASTSAVEDBY
  1
ezdxf
  9
$INSBASE
 10
0.0
 20
0.0
 30
0.0
  9
$EXTMIN
 10
1e+20
 20
1e+20
 30
1e+20
  9
$EXTMAX
 10
-1e+20
 20
-1e+20
 30
-1e+20
  9
$LIMMIN
 10
0.0
 20
0.0
  9
$LIMMAX
 10
420.0
 20
297.0
  9
$ORTHOMODE
 70
0
  9
$REGENMODE
 70
1
  9
$FILLMODE
 70
1
  9
$QTEXTMODE
 70
0
  9
$MIRRTEXT
 70
1
  9
$LTSCALE
 40
1.0
  9
$ATTMODE
 70
1
  9
$TEXTSIZE
 40
2.5
  9
$TRACEWID
 40
1.0
  9
$TEXTSTYLE
  7
OpenSans
  9
$CLAYER
  8
0
  9
$CELTYPE
  6
ByLayer
  9
$CECOLOR
 62
256
  9
$CELTSCALE
 40
1.0
  9
$DISPSILH
 70
0
  9
$DIMSCALE
 40
1.0
  9
$DIMASZ
 40
0.175
  9
$DIMEXO
 40
0.125
  9
$DIMDLI
 40
3.75
  9
$DIMRND
 40
0.0
  9
$DIMDLE
 40
0.0
  9
$DIMEXE
 40
0.375
  9
$DIMTP
 40
0.0
  9
$DIMTM
 40
0.0
  9
$DIMTXT
 40
0.25
  9
$DIMCEN
 40
2.5
  9
$DIMTSZ
 40
0.0
  9
$DIMTOL
 70
0
  9
$DIMLIM
 70
0
  9
$DIMTIH
 70
0
  9
$DIMTOH
 70
0
  9
$DIMSE1
 70
0
  9
$DIMSE2
 70
0
  9
$DIMTAD
 70
1
  9
$DIMZIN
 70
12
  9
$DIMBLK
  1
ARCHTICK
  9
$DIMASO
 70
1
  9
$DIMSHO
 70
1
  9
$DIMPOST
  1

  9
$DIMAPOST
  1

  9
$DIMALT
 70
0
  9
$DIMALTD
 70
3
  9
$DIMALTF
 40
0.03937007874
  9
$DIMLFAC
 40
100.0
  9
$DIMTOFL
 70
1
  9
$DIMTVP
 40
0.0
  9
$DIMTIX
 70
0
  9
$DIMSOXD
 70
0
  9
$DIMSAH
 70
0
  9
$DIMBLK1
  1

  9
$DIMBLK2
  1

  9
$DIMSTYLE
  2
EZDXF
  9
$DIMCLRD
 70
0
  9
$DIMCLRE
 70
0
  9
$DIMCLRT
 70
0
  9
$DIMTFAC
 40
0.5
  9
$DIMGAP
 40
0.1
  9
$DIMJUST
 70
0
  9
$DIMSD1
 70
0
  9
$DIMSD2
 70
0
  9
$DIMTOLJ
 70
0
  9
$DIMTZIN
 70
8
  9
$DIMALTZ
 70
0
  9
$DIMALTTZ
 70
0
  9
$DIMUPT
 70
1
  9
$DIMDEC
 70
2
  9
$DIMTDEC
 70
2
  9
$DIMALTU
 70
2
  9
$DIMALTTD
 70
3
  9
$DIMTXSTY
  7
OpenSansCondensed-Light
  9
$DIMAUNIT
 70
0
  9
$DIMADEC
 70
2
  9
$DIMALTRND
 40
0.0
  9
$DIMAZIN
 70
3
  9
$DIMDSEP
 70
46
  9
$DIMATFIT
 70
3
  9
$DIMFRAC
 70
0
  9
$DIMLDRBLK
  1

  9
$DIMLUNIT
 70
2
  9
$DIMLWD
 70
-2
  9
$DIMLWE
 70
-2
  9
$DIMTMOVE
 70
2
  9
$DIMFXL
 40
1.0
  9
$DIMFXLON
 70
0
  9
$DIMJOGANG
 40
0.785398163397
  9
$DIMTFILL
 70
0
  9
$DIMTFILLCLR
 70
0
  9
$DIMARCSYM
 70
0
  9
$DIMLTYPE
  6

  9
$DIMLTEX1
  6

  9
$DIMLTEX2
  6

  9
$DIMTXTDIRECTION
 70
0
  9
$LUNITS
 70
2
  9
$LUPREC
 70
4
  9
$SKETCHINC
 40
1.0
  9
$FILLETRAD
 40
10.0
  9
$AUNITS
 70
0
  9
$AUPREC
 70
2
  9
$MENU
  1
.
  9
$ELEVATION
 40
0.0
  9
$PELEVATION
 40
0.0
  9
$THICKNESS
 40
0.0
  9
$LIMCHECK
 70
0
  9
$CHAMFERA
 40
0.0
  9
$CHAMFERB
 40
0.0
  9
$CHAMFERC
 40
0.0
  9
$CHAMFERD
 40
0.0
  9
$SKPOLY
 70
0
  9
$TDCREATE
 40
2461322.381539352
  9
$TDUCREATE
 40
2458532.153996898
  9
$TDUPDATE
 40
2461322.381539352
  9
$TDUUPDATE
 40
2458532.1544311
  9
$TDINDWG
 40
0.0
  9
$TDUSRTIMER
 40
0.0
  9
$USRTIMER
 70
1
  9
$ANGBASE
 50
0.0
  9
$ANGDIR
 70
0
  9
$PDMODE
 70
0
  9
$PDSIZE
 40
0.0
  9
$PLINEWID
 40
0.0
  9
$SPLFRAME
 70
0
  9
$SPLINETYPE
 70
6
  9
$SPLINESEGS
 70
8
  9
$HANDSEED
  5
E8
  9
$SURFTAB1
 70
6
  9
$SURFTAB2
 70
6
  9
$SURFTYPE
 70
6
  9
$SURFU
 70
6
  9
$SURFV
 70
6
  9
$UCSBASE
  2

  9
$UCSNAME
  2

  9
$UCSORG
 10
0.0
 20
0.0
 30
0.0
  9
$UCSXDIR
 10
1.0
 20
0.0
 30
0.0
  9
$UCSYDIR
 10
0.0
 20
1.0
 30
0.0
  9
$UCSORTHOREF
  2

  9
$UCSORTHOVIEW
 70
0
  9
$UCSORGTOP
 10
0.0
 20
0.0
 30
0.0
  9
$UCSORGBOTTOM
 10
0.0
 20
0.0
 30
0.0
  9
$UCSORGLEFT
 10
0.0
 20
0.0
 30
0.0
  9
$UCSORGRIGHT
 10
0.0
 20
0.0
 30
0.0
  9
$UCSORGFRONT
 10
0.0
 20
0.0
 30
0.0
  9
$UCSORGBACK
 10
0.0
 20
0.0
 30
0.0
  9
$PUCSBASE
  2

  9
$PUCSNAME
  2

  9
$PUCSORG
 10
0.0
 20
0.0
 30
0.0
  9
$PUCSXDIR
 10
1.0
 20
0.0
 30
0.0
  9
$PUCSYDIR
 10
0.0
 20
1.0
 30
0.0
  9
$PUCSORTHOREF
  2

  9
$PUCSORTHOVIEW
 70
0
  9
$PUCSORGTOP
 10
0.0
 20
0.0
 30
0.0
  9
$PUCSORGBOTTOM
 10
0.0
 20
0.0
 30
0.0
  9
$PUCSORGLEFT
 10
0.0
 20
0.0
 30
0.0
  9
$PUCSORGRIGHT
 10
0.0
 20
0.0
 30
0.0
  9
$PUCSORGFRONT
 10
0.0
 20
0.0
 30
0.0
  9
$PUCSORGBACK
 10
0.0
 20
0.0
 30
0.0
  9
$USERI1
 70
0
  9
$USERI2
 70
0
  9
$USERI3
 70
0
  9
$USERI4
 70
0
  9
$USERI5
 70
0
  9
$USERR1
 40
0.0
  9
$USERR2
 40
0.0
  9
$USERR3
 40
0.0
  9
$USERR4
 40
0.0
  9
$USERR5
 40
0.0
  9
$WORLDVIEW
 70
1
  9
$SHADEDGE
 70
3
  9
$SHADEDIF
 70
70
  9
$TILEMODE
 70
1
  9
$MAXACTVP
 70
64
  9
$PINSBASE
 10
0.0
 20
0.0
 30
0.0
  9
$PLIMCHECK
 70
0
  9
$PEXTMIN
 10
1e+20
 20
1e+20
 30
1e+20
  9
$PEXTMAX
 10
-1e+20
 20
-1e+20
 30
-1e+20
  9
$PLIMMIN
 10
0.0
 20
0.0
  9
$PLIMMAX
 10
420.0
 20
297.0
  9
$UNITMODE
 70
0
  9
$VISRETAIN
 70
1
  9
$PLINEGEN
 70
0
  9
$PSLTSCALE
 70
1
  9
$TREEDEPTH
 70
3020
  9
$CMLSTYLE
  2
Standard
  9
$CMLJUST
 70
0
  9
$CMLSCALE
 40
20.0
  9
$PROXYGRAPHICS
 70
1
  9
$MEASUREMENT
 70
1
  9
$CELWEIGHT
370
-1
  9
$ENDCAPS
280
0
  9
$JOINSTYLE
280
0
  9
$LWDISPLAY
290
0
  9
$INSUNITS
 70
4
  9
$HYPERLINKBASE
  1

  9
$STYLESHEET
  1

  9
$XEDIT
290
1
  9
$CEPSNTYPE
380
0
  9
$PSTYLEMODE
290
1
  9
$FINGERPRINTGUID
  2
{64A68B13-5779-4A92-A1D7-C9580389B373}
  9
$VERSIONGUID
  2
{1259101C-A3AA-4576-89D5-27DD0D59247E}
  9
$EXTNAMES
290
1
  9
$PSVPSCALE
 40
0.0
  9
$OLESTARTUP
290
0
  9
$SORTENTS
280
127
  9
$INDEXCTL
280
0
  9
$HIDETEXT
280
1
  9
$XCLIPFRAME
280
1
  9
$HALOGAP
280
0
  9
$OBSCOLOR
 70
257
  9
$OBSLTYPE
280
0
  9
$INTERSECTIONDISPLAY
280
0
  9
$INTERSECTIONCOLOR
 70
257
  9
$DIMASSOC
280
2
  9
$PROJECTNAME
  1

  9
$CAMERADISPLAY
290
0
  9
$LENSLENGTH
 40
50.0
  9
$CAMERAHEIGHT
 40
0.0
  9
$STEPSPERSEC
 40
24.0
  9
$STEPSIZE
 40
100.0
  9
$3DDWFPREC
 40
2.0
  9
$PSOLWIDTH
 40
0.005
  9
$PSOLHEIGHT
 40
0.08
  9
$LOFTANG1
 40
1.570796326795
  9
$LOFTANG2
 40
1.570796326795
  9
$LOFTMAG1
 40
0.0
  9
$LOFTMAG2
 40
0.0
  9
$LOFTPARAM
 70
7
  9
$LOFTNORMALS
280
1
  9
$LATITUDE
 40
37.795
  9
$LONGITUDE
 40
-122.394
  9
$NORTHDIRECTION
 40
0.0
  9
$TIMEZONE
 70
-8000
  9
$LIGHTGLYPHDISPLAY
280
1
  9
$TILEMODELIGHTSYNCH
280
1
  9
$CMATERIAL
347
20
  9
$SOLIDHIST
280
0
  9
$SHOWHIST
280
1
  9
$DWFFRAME
280
2
  9
$DGNFRAME
280
2
  9
$REALWORLDSCALE
290
1
  9
$INTERFERECOLOR
 62
256
  9
$CSHADOW
280
0
  9
$SHADOWPLANELOCATION
 40
0.0
  0
ENDSEC
  0
SECTION
  2
CLASSES
  0
CLASS
  1
ACDBDICTIONARYWDFLT
  2
AcDbDictionaryWithDefault
  3
ObjectDBX Classes
 90
0
 91
0
280
0
281
0
  0
CLASS
  1
SUN
  2
AcDbSun
  3
SCENEOE
 90
1153
 91
0
280
0
281
0
  0
CLASS
  1
VISUALSTYLE
  2
AcDbVisualStyle
  3
ObjectDBX Classes
 90
4095
 91
0
280
0
281
0
  0
CLASS
  1
MATERIAL
  2
AcDbMaterial
  3
ObjectDBX Classes
 90
1153
 91
0
280
0
281
0
  0
CLASS
  1
SCALE
  2
AcDbScale
  3
ObjectDBX Classes
 90
1153
 91
0
280
0
281
0
  0
CLASS
  1
TABLESTYLE
  2
AcDbTableStyle
  3
ObjectDBX Classes
 90
4095
 91
0
280
0
281
0
  0
CLASS
  1
MLEADERSTYLE
  2
AcDbMLeaderStyle
  3
ACDB_MLEADERSTYLE_CLASS
 90
4095
 91
0
280
0
281
0
  0
CLASS
  1
DICTIONARYVAR
  2
AcDbDictionaryVar
  3
ObjectDBX Classes
 90
0
 91
0
280
0
281
0
  0
CLASS
  1
CELLSTYLEMAP
  2
AcDbCellStyleMap
  3
ObjectDBX Classes
 90
1152
 91
0
280
0
281
0
  0
CLASS
  1
MENTALRAYRENDERSETTINGS
  2
AcDbMentalRayRenderSettings
  3
SCENEOE
 90
1024
 91
0
280
0
281
0
  0
CLASS
  1
ACDBDETAILVIEWSTYLE
  2
AcDbDetailViewStyle
  3
ObjectDBX Classes
 90
1025
 91
0
280
0
281
0
  0
CLASS
  1
ACDBSECTIONVIEWSTYLE
  2
AcDbSectionViewStyle
  3
ObjectDBX Classes
 90
1025
 91
0
280
0
281
0
  0
CLASS
  1
RASTERVARIABLES
  2
AcDbRasterVariables
  3
ISM
 90
0
 91
0
280
0
281
0
  0
CLASS
  1
LAYOUT
  2
AcDbLayout
  3
ObjectDBX Classes
 90
0
 91
0
280
0
281
0
  0
CLASS
  1
ACDBPLACEHOLDER
  2
AcDbPlaceHolder
  3
ObjectDBX Classes
 90
0
 91
0
280
0
281
0
  0
ENDSEC
  0
SECTION
  2
TABLES
  0
TABLE
  2
VPORT
  5
8
330
0
100
AcDbSymbolTable
 70
1
  0
VPORT
  5
23
330
8
100
AcDbSymbolTableRecord
100
AcDbViewportTableRecord
  2
*Active
 70
0
 10
0.0
 20
0.0
 11
1.0
 21
1.0
 12
0.0
 22
0.0
 13
0.0
 23
0.0
 14
0.5
 24
0.5
 15
0.5
 25
0.5
 16
0.0
 26
0.0
 36
1.0
 17
0.0
 27
0.0
 37
0.0
 40
1000.0
 41
1.34
 42
50.0
 43
0.0
 44
0.0
 50
0.0
 51
0.0
 71
0
 72
1000
 73
1
 74
3
 75
0
 76
0
 77
0
 78
0
281
0
 65
0
146
0.0
  0
ENDTAB
  0
TABLE
  2
LTYPE
  5
2
330
0
100
AcDbSymbolTable
 70
21
  0
LTYPE
  5
24
330
2
100
AcDbSymbolTableRecord
100
AcDbLinetypeTableRecord
  2
ByBlock
 70
0
  3

 72
65
 73
0
 40
0.0
  0
LTYPE
  5
25
330
2
100
AcDbSymbolTableRecord
100
AcDbLinetypeTableRecord
  2
ByLayer
 70
0
  3

 72
65
 73
0
 40
0.0
  0
LTYPE
  5
26
330
2
100
AcDbSymbolTableRecord
100
AcDbLinetypeTableRecord
  2
Continuous
 70
0
  3

 72
65
 73
0
 40
0.0
  0
LTYPE
  5
2F
330
2
100
AcDbSymbolTableRecord
100
AcDbLinetypeTableRecord
  2
CENTER
 70
0
  3
Center ____ _ ____ _ ____ _ ____ _ ____ _ ____
 72
65
 73
4
 40
5.08
 49
3.175
 74
0
 49
-0.635
 74
0
 49
0.635
 74
0
 49
-0.635
 74
0
  0
LTYPE
  5
30
330
2
100
AcDbSymbolTableRecord
100
AcDbLinetypeTableRecord
  2
CENTERX2
 70
0
  3
Center (2x) ________  __  ________  __  ________
 72
65
 73
4
 40
8.89
 49
6.35
 74
0
 49
-0.635
 74
0
 49
1.27
 74
0
 49
-0.635
 74
0
  0
LTYPE
  5
31
330
2
100
AcDbSymbolTableRecord
100
AcDbLinetypeTableRecord
  2
CENTER2
 70
0
  3
Center (.5x) ____ _ ____ _ ____ _ ____ _ ____
 72
65
 73
4
 40
2.54
 49
1.587
 74
0
 49
-0.318
 74
0
 49
0.318
 74
0
 49
-0.318
 74
0
  0
LTYPE
  5
32
330
2
100
AcDbSymbolTableRecord
100
AcDbLinetypeTableRecord
  2
DASHED
 70
0
  3
Dashed __ __ __ __ __ __ __ __ __ __ __ __ __ _
 72
65
 73
2
 40
1.524
 49
1.27
 74
0
 49
-0.254
 74
0
  0
LTYPE
  5
33
330
2
100
AcDbSymbolTableRecord
100
AcDbLinetypeTableRecord
  2
DASHEDX2
 70
0
  3
Dashed (2x) ____  ____  ____  ____  ____  ____
 72
65
 73
2
 40
3.048
 49
2.54
 74
0
 49
-0.508
 74
0
  0
LTYPE
  5
34
330
2
100
AcDbSymbolTableRecord
100
AcDbLinetypeTableRecord
  2
DASHED2
 70
0
  3
Dashed (.5x) _ _ _ _ _ _ _ _ _ _ _ _ _ _
 72
65
 73
2
 40
0.762
 49
0.635
 74
0
 49
-0.127
 74
0
  0
LTYPE
  5
35
330
2
100
AcDbSymbolTableRecord
100
AcDbLinetypeTableRecord
  2
PHANTOM
 70
0
  3
Phantom ______  __  __  ______  __  __  ______
 72
65
 73
6
 40
6.35
 49
3.175
 74
0
 49
-0.635
 74
0
 49
0.635
 74
0
 49
-0.635
 74
0
 49
0.635
 74
0
 49
-0.635
 74
0
  0
LTYPE
  5
36
330
2
100
AcDbSymbolTableRecord
100
AcDbLinetypeTableRecord
  2
PHANTOMX2
 70
0
  3
Phantom (2x)____________    ____    ____    ____________
 72
65
 73
6
 40
10.795
 49
6.35
 74
0
 49
-0.635
 74
0
 49
1.27
 74
0
 49
-0.635
 74
0
 49
1.27
 74
0
 49
-0.635
 74
0
  0
LTYPE
  5
37
330
2
100
AcDbSymbolTableRecord
100
AcDbLinetypeTableRecord
  2
PHANTOM2
 70
0
  3
Phantom (.5x) ___ _ _ ___ _ _ ___ _ _ ___ _ _ ___
 72
65
 73
6
 40
3.175
 49
1.587
 74
0
 49
-0.318
 74
0
 49
0.318
 74
0
 49
-0.318
 74
0
 49
0.318
 74
0
 49
-0.318
 74
0
  0
LTYPE
  5
38
330
2
100
AcDbSymbolTableRecord
100
AcDbLinetypeTableRecord
  2
DASHDOT
 70
0
  3
Dash dot __ . __ . __ . __ . __ . __ . __ . __
 72
65
 73
4
 40
3.556
 49
2.54
 74
0
 49
-0.508
 74
0
 49
0.0
 74
0
 49
-0.508
 74
0
  0
LTYPE
  5
39
330
2
100
AcDbSymbolTableRecord
100
AcDbLinetypeTableRecord
  2
DASHDOTX2
 70
0
  3
Dash dot (2x) ____  .  ____  .  ____  .  ____
 72
65
 73
4
 40
6.096
 49
5.08
 74
0
 49
-0.508
 74
0
 49
0.0
 74
0
 49
-0.508
 74
0
  0
LTYPE
  5
3A
330
2
100
AcDbSymbolTableRecord
100
AcDbLinetypeTableRecord
  2
DASHDOT2
 70
0
  3
Dash dot (.5x) _ . _ . _ . _ . _ . _ . _ . _
 72
65
 73
4
 40
1.778
 49
1.27
 74
0
 49
-0.254
 74
0
 49
0.0
 74
0
 49
-0.254
 74
0
  0
LTYPE
  5
3B
330
2
100
AcDbSymbolTableRecord
100
AcDbLinetypeTableRecord
  2
DOT
 70
0
  3
Dot .  .  .  .  .  .  .  .  .  .  .  .  .  .  .  .
 72
65
 73
2
 40
0.508
 49
0.0
 74
0
 49
-0.508
 74
0
  0
LTYPE
  5
3C
330
2
100
AcDbSymbolTableRecord
100
AcDbLinetypeTableRecord
  2
DOTX2
 70
0
  3
Dot (2x) .    .    .    .    .    .    .    . 
 72
65
 73
2
 40
1.016
 49
0.0
 74
0
 49
-1.016
 74
0
  0
LTYPE
  5
3D
330
2
100
AcDbSymbolTableRecord
100
AcDbLinetypeTableRecord
  2
DOT2
 70
0
  3
Dot (.5) . . . . . . . . . . . . . . . . . . . 
 72
65
 73
2
 40
0.254
 49
0.0
 74
0
 49
-0.254
 74
0
  0
LTYPE
  5
3E
330
2
100
AcDbSymbolTableRecord
100
AcDbLinetypeTableRecord
  2
DIVIDE
 70
0
  3
Divide __ . . __ . . __ . . __ . . __ . . __
 72
65
 73
6
 40
4.064
 49
2.54
 74
0
 49
-0.508
 74
0
 49
0.0
 74
0
 49
-0.508
 74
0
 49
0.0
 74
0
 49
-0.508
 74
0
  0
LTYPE
  5
3F
330
2
100
AcDbSymbolTableRecord
100
AcDbLinetypeTableRecord
  2
DIVIDEX2
 70
0
  3
Divide (2x) ____  . .  ____  . .  ____  . .  ____
 72
65
 73
6
 40
6.604
 49
5.08
 74
0
 49
-0.508
 74
0
 49
0.0
 74
0
 49
-0.508
 74
0
 49
0.0
 74
0
 49
-0.508
 74
0
  0
LTYPE
  5
40
330
2
100
AcDbSymbolTableRecord
100
AcDbLinetypeTableRecord
  2
DIVIDE2
 70
0
  3
Divide(.5x) _ . _ . _ . _ . _ . _ . _ . _
 72
65
 73
6
 40
2.032
 49
1.27
 74
0
 49
-0.254
 74
0
 49
0.0
 74
0
 49
-0.254
 74
0
 49
0.0
 74
0
 49
-0.254
 74
0
  0
ENDTAB
  0
TABLE
  2
LAYER
  5
1
330
0
100
AcDbSymbolTable
 70
4
  0
LAYER
  5
27
330
1
100
AcDbSymbolTableRecord
100
AcDbLayerTableRecord
  2
0
 70
0
 62
7
  6
Continuous
370
-3
390
13
347
21
  0
LAYER
  5
28
330
1
100
AcDbSymbolTableRecord
100
AcDbLayerTableRecord
  2
Defpoints
 70
0
 62
7
  6
Continuous
290
0
370
-3
390
13
347
21
  0
LAYER
  5
8A
330
1
100
AcDbSymbolTableRecord
100
AcDbLayerTableRecord
  2
KESIM
 70
0
 62
1
  6
Continuous
370
-3
390
13
347
21
  0
LAYER
  5
8B
330
1
100
AcDbSymbolTableRecord
100
AcDbLayerTableRecord
  2
ALTIN
 70
0
 62
2
  6
Continuous
370
-3
390
13
347
21
  0
ENDTAB
  0
TABLE
  2
STYLE
  5
5
330
0
100
AcDbSymbolTable
 70
26
  0
STYLE
  5
29
330
5
100
AcDbSymbolTableRecord
100
AcDbTextStyleTableRecord
  2
Standard
 70
0
 40
0.0
 41
1.0
 50
0.0
 71
0
 42
2.5
  3
txt
  4

  0
STYLE
  5
41
330
5
100
AcDbSymbolTableRecord
100
AcDbTextStyleTableRecord
  2
OpenSans-Light
 70
0
 40
0.0
 41
1.0
 50
0.0
 71
0
 42
2.5
  3
OpenSans-Light.ttf
  4

  0
STYLE
  5
42
330
5
100
AcDbSymbolTableRecord
100
AcDbTextStyleTableRecord
  2
OpenSans-Light-Italic
 70
0
 40
0.0
 41
1.0
 50
0.0
 71
0
 42
2.5
  3
OpenSans-LightItalic.ttf
  4

  0
STYLE
  5
43
330
5
100
AcDbSymbolTableRecord
100
AcDbTextStyleTableRecord
  2
OpenSans
 70
0
 40
0.0
 41
1.0
 50
0.0
 71
0
 42
2.5
  3
OpenSans-Regular.ttf
  4

  0
STYLE
  5
44
330
5
100
AcDbSymbolTableRecord
100
AcDbTextStyleTableRecord
  2
OpenSans-Italic
 70
0
 40
0.0
 41
1.0
 50
0.0
 71
0
 42
2.5
  3
OpenSans-Italic.ttf
  4

  0
STYLE
  5
45
330
5
100
AcDbSymbolTableRecord
100
AcDbTextStyleTableRecord
  2
OpenSans-SemiBold
 70
0
 40
0.0
 41
1.0
 50
0.0
 71
0
 42
2.5
  3
OpenSans-SemiBold.ttf
  4

  0
STYLE
  5
46
330
5
100
AcDbSymbolTableRecord
100
AcDbTextStyleTableRecord
  2
OpenSans-SemiBoldItalic
 70
0
 40
0.0
 41
1.0
 50
0.0
 71
0
 42
2.5
  3
OpenSans-SemiBoldItalic.ttf
  4

  0
STYLE
  5
47
330
5
100
AcDbSymbolTableRecord
100
AcDbTextStyleTableRecord
  2
OpenSans-Bold
 70
0
 40
0.0
 41
1.0
 50
0.0
 71
0
 42
2.5
  3
OpenSans-Bold.ttf
  4

  0
STYLE
  5
48
330
5
100
AcDbSymbolTableRecord
100
AcDbTextStyleTableRecord
  2
OpenSans-BoldItalic
 70
0
 40
0.0
 41
1.0
 50
0.0
 71
0
 42
2.5
  3
OpenSans-BoldItalic.ttf
  4

  0
STYLE
  5
49
330
5
100
AcDbSymbolTableRecord
100
AcDbTextStyleTableRecord
  2
OpenSans-ExtraBold
 70
0
 40
0.0
 41
1.0
 50
0.0
 71
0
 42
2.5
  3
OpenSans-ExtraBold.ttf
  4

  0
STYLE
  5
4A
330
5
100
AcDbSymbolTableRecord
100
AcDbTextStyleTableRecord
  2
OpenSans-ExtraBoldItalic
 70
0
 40
0.0
 41
1.0
 50
0.0
 71
0
 42
2.5
  3
OpenSans-ExtraBoldItalic.ttf
  4

  0
STYLE
  5
4B
330
5
100
AcDbSymbolTableRecord
100
AcDbTextStyleTableRecord
  2
OpenSansCondensed-Bold
 70
0
 40
0.0
 41
1.0
 50
0.0
 71
0
 42
2.5
  3
OpenSansCondensed-Bold.ttf
  4

  0
STYLE
  5
4C
330
5
100
AcDbSymbolTableRecord
100
AcDbTextStyleTableRecord
  2
OpenSansCondensed-Light
 70
0
 40
0.0
 41
1.0
 50
0.0
 71
0
 42
2.5
  3
OpenSansCondensed-Light.ttf
  4

  0
STYLE
  5
4D
330
5
100
AcDbSymbolTableRecord
100
AcDbTextStyleTableRecord
  2
OpenSansCondensed-Italic
 70
0
 40
0.0
 41
1.0
 50
0.0
 71
0
 42
2.5
  3
OpenSansCondensed-LightItalic.ttf
  4

  0
STYLE
  5
4E
330
5
100
AcDbSymbolTableRecord
100
AcDbTextStyleTableRecord
  2
LiberationSans
 70
0
 40
0.0
 41
1.0
 50
0.0
 71
0
 42
2.5
  3
LiberationSans-Regular.ttf
  4

  0
STYLE
  5
4F
330
5
100
AcDbSymbolTableRecord
100
AcDbTextStyleTableRecord
  2
LiberationSans-Bold
 70
0
 40
0.0
 41
1.0
 50
0.0
 71
0
 42
2.5
  3
LiberationSans-Bold.ttf
  4

  0
STYLE
  5
50
330
5
100
AcDbSymbolTableRecord
100
AcDbTextStyleTableRecord
  2
LiberationSans-BoldItalic
 70
0
 40
0.0
 41
1.0
 50
0.0
 71
0
 42
2.5
  3
LiberationSans-BoldItalic.ttf
  4

  0
STYLE
  5
51
330
5
100
AcDbSymbolTableRecord
100
AcDbTextStyleTableRecord
  2
LiberationSans-Italic
 70
0
 40
0.0
 41
1.0
 50
0.0
 71
0
 42
2.5
  3
LiberationSans-Italic.ttf
  4

  0
STYLE
  5
52
330
5
100
AcDbSymbolTableRecord
100
AcDbTextStyleTableRecord
  2
LiberationSerif
 70
0
 40
0.0
 41
1.0
 50
0.0
 71
0
 42
2.5
  3
LiberationSerif-Regular.ttf
  4

  0
STYLE
  5
53
330
5
100
AcDbSymbolTableRecord
100
AcDbTextStyleTableRecord
  2
LiberationSerif-Bold
 70
0
 40
0.0
 41
1.0
 50
0.0
 71
0
 42
2.5
  3
LiberationSerif-Bold.ttf
  4

  0
STYLE
  5
54
330
5
100
AcDbSymbolTableRecord
100
AcDbTextStyleTableRecord
  2
LiberationSerif-BoldItalic
 70
0
 40
0.0
 41
1.0
 50
0.0
 71
0
 42
2.5
  3
LiberationSerif-BoldItalic.ttf
  4

  0
STYLE
  5
55
330
5
100
AcDbSymbolTableRecord
100
AcDbTextStyleTableRecord
  2
LiberationSerif-Italic
 70
0
 40
0.0
 41
1.0
 50
0.0
 71
0
 42
2.5
  3
LiberationSerif-Italic.ttf
  4

  0
STYLE
  5
56
330
5
100
AcDbSymbolTableRecord
100
AcDbTextStyleTableRecord
  2
LiberationMono
 70
0
 40
0.0
 41
1.0
 50
0.0
 71
0
 42
2.5
  3
LiberationMono-Regular.ttf
  4

  0
STYLE
  5
57
330
5
100
AcDbSymbolTableRecord
100
AcDbTextStyleTableRecord
  2
LiberationMono-Bold
 70
0
 40
0.0
 41
1.0
 50
0.0
 71
0
 42
2.5
  3
LiberationMono-Bold.ttf
  4

  0
STYLE
  5
58
330
5
100
AcDbSymbolTableRecord
100
AcDbTextStyleTableRecord
  2
LiberationMono-BoldItalic
 70
0
 40
0.0
 41
1.0
 50
0.0
 71
0
 42
2.5
  3
LiberationMono-BoldItalic.ttf
  4

  0
STYLE
  5
59
330
5
100
AcDbSymbolTableRecord
100
AcDbTextStyleTableRecord
  2
LiberationMono-Italic
 70
0
 40
0.0
 41
1.0
 50
0.0
 71
0
 42
2.5
  3
LiberationMono-Italic.ttf
  4

  0
ENDTAB
  0
TABLE
  2
VIEW
  5
7
330
0
100
AcDbSymbolTable
 70
0
  0
ENDTAB
  0
TABLE
  2
UCS
  5
6
330
0
100
AcDbSymbolTable
 70
0
  0
ENDTAB
  0
TABLE
  2
APPID
  5
3
330
0
100
AcDbSymbolTable
 70
3
  0
APPID
  5
2A
330
3
100
AcDbSymbolTableRecord
100
AcDbRegAppTableRecord
  2
ACAD
 70
0
  0
APPID
  5
E5
330
3
100
AcDbSymbolTableRecord
100
AcDbRegAppTableRecord
  2
HATCHBACKGROUNDCOLOR
 70
0
  0
APPID
  5
E6
330
3
100
AcDbSymbolTableRecord
100
AcDbRegAppTableRecord
  2
EZDXF
 70
0
  0
ENDTAB
  0
TABLE
  2
DIMSTYLE
  5
4
330
0
100
AcDbSymbolTable
 70
12
100
AcDbDimStyleTable
  0
DIMSTYLE
105
2B
330
4
100
AcDbSymbolTableRecord
100
AcDbDimStyleTableRecord
  2
Standard
 70
0
 40
1.0
 41
2.5
 42
0.625
 43
3.75
 44
1.25
 45
0.0
 46
0.0
 47
0.0
 48
0.0
 49
2.5
140
2.5
141
2.5
142
0.0
143
0.03937007874
144
1.0
145
0.0
146
1.0
147
0.625
148
0.0
 69
0
 70
0
 71
0
 72
0
 73
0
 74
0
 75
0
 76
0
 77
1
 78
8
 79
3
170
0
171
3
172
1
173
0
174
0
175
0
176
0
177
0
178
0
179
2
271
2
272
2
273
2
274
3
275
0
276
0
277
2
278
44
279
0
280
0
281
0
282
0
283
0
284
8
285
0
286
0
288
0
289
3
290
0
371
-2
372
-2
  0
DIMSTYLE
105
73
330
4
100
AcDbSymbolTableRecord
100
AcDbDimStyleTableRecord
  2
EZDXF
 70
0
 40
1.0
 41
0.175
 42
0.125
 43
3.75
 44
0.375
 45
0.0
 46
0.0
 47
0.0
 48
0.0
 49
2.5
140
0.25
141
2.5
142
0.0
143
0.03937007874
144
100.0
145
0.0
146
0.5
147
0.1
148
0.0
 69
0
 70
0
 71
0
 72
0
 73
0
 74
0
 75
0
 76
0
 77
1
 78
12
 79
3
170
0
171
3
172
1
173
0
174
0
175
0
176
0
177
0
178
0
179
2
271
2
272
2
273
2
274
3
275
0
276
0
277
2
278
46
279
2
280
0
281
0
282
0
283
0
284
8
285
0
286
0
288
1
289
3
290
0
340
4C
342
74
371
-2
372
-2
  0
DIMSTYLE
105
7C
330
4
100
AcDbSymbolTableRecord
100
AcDbDimStyleTableRecord
  2
EZ_M_100_H25_CM
 70
0
 40
1.0
 41
0.25
 42
0.125
 43
3.75
 44
0.375
 45
0.0
 46
0.0
 47
0.0
 48
0.0
 49
2.5
140
0.25
141
2.5
142
0.125
143
0.03937007874
144
100.0
145
0.0
146
0.5
147
0.1
148
0.0
 69
0
 70
0
 71
0
 72
0
 73
0
 74
0
 75
0
 76
0
 77
1
 78
12
 79
3
170
0
171
3
172
1
173
0
174
0
175
0
176
0
177
0
178
0
179
2
271
2
272
2
273
2
274
3
275
0
276
0
277
2
278
46
279
2
280
0
281
0
282
0
283
0
284
8
285
0
286
0
288
1
289
3
290
0
340
4C
371
-2
372
-2
  0
DIMSTYLE
105
7D
330
4
100
AcDbSymbolTableRecord
100
AcDbDimStyleTableRecord
  2
EZ_M_50_H25_CM
 70
0
 40
1.0
 41
0.125
 42
0.0625
 43
3.75
 44
0.1875
 45
0.0
 46
0.0
 47
0.0
 48
0.0
 49
2.5
140
0.125
141
2.5
142
0.0625
143
0.03937007874
144
100.0
145
0.0
146
0.5
147
0.05
148
0.0
 69
0
 70
0
 71
0
 72
0
 73
0
 74
0
 75
0
 76
0
 77
1
 78
12
 79
3
170
0
171
3
172
1
173
0
174
0
175
0
176
0
177
0
178
0
179
2
271
2
272
2
273
2
274
3
275
0
276
0
277
2
278
46
279
2
280
0
281
0
282
0
283
0
284
8
285
0
286
0
288
1
289
3
290
0
340
4C
371
-2
372
-2
  0
DIMSTYLE
105
7E
330
4
100
AcDbSymbolTableRecord
100
AcDbDimStyleTableRecord
  2
EZ_M_25_H25_CM
 70
0
 40
1.0
 41
0.0625
 42
0.03125
 43
3.75
 44
0.09375
 45
0.0
 46
0.0
 47
0.0
 48
0.0
 49
2.5
140
0.0625
141
2.5
142
0.03125
143
0.03937007874
144
100.0
145
0.0
146
0.5
147
0.025
148
0.0
 69
0
 70
0
 71
0
 72
0
 73
0
 74
0
 75
0
 76
0
 77
1
 78
12
 79
3
170
0
171
3
172
1
173
0
174
0
175
0
176
0
177
0
178
0
179
2
271
2
272
2
273
2
274
3
275
0
276
0
277
2
278
46
279
2
280
0
281
0
282
0
283
0
284
8
285
0
286
0
288
1
289
3
290
0
340
4C
371
-2
372
-2
  0
DIMSTYLE
105
7F
330
4
100
AcDbSymbolTableRecord
100
AcDbDimStyleTableRecord
  2
EZ_M_20_H25_CM
 70
0
 40
1.0
 41
0.05
 42
0.025
 43
3.75
 44
0.07500000000000001
 45
0.0
 46
0.0
 47
0.0
 48
0.0
 49
2.5
140
0.05
141
2.5
142
0.025
143
0.03937007874
144
100.0
145
0.0
146
0.5
147
0.020000000000000004
148
0.0
 69
0
 70
0
 71
0
 72
0
 73
0
 74
0
 75
0
 76
0
 77
1
 78
12
 79
3
170
0
171
3
172
1
173
0
174
0
175
0
176
0
177
0
178
0
179
2
271
2
272
2
273
2
274
3
275
0
276
0
277
2
278
46
279
2
280
0
281
0
282
0
283
0
284
8
285
0
286
0
288
1
289
3
290
0
340
4C
371
-2
372
-2
  0
DIMSTYLE
105
80
330
4
100
AcDbSymbolTableRecord
100
AcDbDimStyleTableRecord
  2
EZ_M_10_H25_CM
 70
0
 40
1.0
 41
0.025
 42
0.0125
 43
3.75
 44
0.037500000000000006
 45
0.0
 46
0.0
 47
0.0
 48
0.0
 49
2.5
140
0.025
141
2.5
142
0.0125
143
0.03937007874
144
100.0
145
0.0
146
0.5
147
0.010000000000000002
148
0.0
 69
0
 70
0
 71
0
 72
0
 73
0
 74
0
 75
0
 76
0
 77
1
 78
12
 79
3
170
0
171
3
172
1
173
0
174
0
175
0
176
0
177
0
178
0
179
2
271
2
272
2
273
2
274
3
275
0
276
0
277
2
278
46
279
2
280
0
281
0
282
0
283
0
284
8
285
0
286
0
288
1
289
3
290
0
340
4C
371
-2
372
-2
  0
DIMSTYLE
105
81
330
4
100
AcDbSymbolTableRecord
100
AcDbDimStyleTableRecord
  2
EZ_M_5_H25_CM
 70
0
 40
1.0
 41
0.0125
 42
0.00625
 43
3.75
 44
0.018750000000000003
 45
0.0
 46
0.0
 47
0.0
 48
0.0
 49
2.5
140
0.0125
141
2.5
142
0.00625
143
0.03937007874
144
100.0
145
0.0
146
0.5
147
0.005000000000000001
148
0.0
 69
0
 70
0
 71
0
 72
0
 73
0
 74
0
 75
0
 76
0
 77
1
 78
12
 79
3
170
0
171
3
172
1
173
0
174
0
175
0
176
0
177
0
178
0
179
2
271
2
272
2
273
2
274
3
275
0
276
0
277
2
278
46
279
2
280
0
281
0
282
0
283
0
284
8
285
0
286
0
288
1
289
3
290
0
340
4C
371
-2
372
-2
  0
DIMSTYLE
105
82
330
4
100
AcDbSymbolTableRecord
100
AcDbDimStyleTableRecord
  2
EZ_M_1_H25_CM
 70
0
 40
1.0
 41
0.0025
 42
0.00125
 43
3.75
 44
0.00375
 45
0.0
 46
0.0
 47
0.0
 48
0.0
 49
2.5
140
0.0025
141
2.5
142
0.00125
143
0.03937007874
144
100.0
145
0.0
146
0.5
147
0.001
148
0.0
 69
0
 70
0
 71
0
 72
0
 73
0
 74
0
 75
0
 76
0
 77
1
 78
12
 79
3
170
0
171
3
172
1
173
0
174
0
175
0
176
0
177
0
178
0
179
2
271
2
272
2
273
2
274
3
275
0
276
0
277
2
278
46
279
2
280
0
281
0
282
0
283
0
284
8
285
0
286
0
288
1
289
3
290
0
340
4C
371
-2
372
-2
  0
DIMSTYLE
105
83
330
4
100
AcDbSymbolTableRecord
100
AcDbDimStyleTableRecord
  2
EZ_RADIUS
 70
0
 40
1.0
 41
0.25
 42
0.125
 43
3.75
 44
0.375
 45
0.0
 46
0.0
 47
0.0
 48
0.0
 49
2.5
140
0.25
141
0.0
142
0.0
143
0.03937007874
144
100.0
145
0.0
146
0.5
147
0.1
148
0.0
 69
0
 70
0
 71
0
 72
0
 73
0
 74
0
 75
0
 76
0
 77
1
 78
12
 79
3
170
0
171
3
172
0
173
0
174
0
175
0
176
0
177
0
178
0
179
2
271
2
272
2
273
2
274
3
275
0
276
0
277
2
278
46
279
1
280
0
281
0
282
0
283
0
284
8
285
0
286
0
288
1
289
3
290
0
340
4C
342
84
371
-2
372
-2
  0
DIMSTYLE
105
88
330
4
100
AcDbSymbolTableRecord
100
AcDbDimStyleTableRecord
  2
EZ_RADIUS_INSIDE
 70
0
 40
1.0
 41
0.25
 42
0.125
 43
3.75
 44
0.375
 45
0.0
 46
0.0
 47
0.0
 48
0.0
 49
2.5
140
0.25
141
0.0
142
0.0
143
0.03937007874
144
100.0
145
0.0
146
0.5
147
0.1
148
0.0
 69
0
 70
0
 71
0
 72
0
 73
0
 74
0
 75
0
 76
0
 77
0
 78
12
 79
3
170
0
171
3
172
0
173
0
174
1
175
0
176
0
177
0
178
0
179
2
271
2
272
2
273
2
274
3
275
0
276
0
277
2
278
46
279
0
280
0
281
0
282
0
283
0
284
8
285
0
286
0
288
1
289
0
290
0
340
4C
342
84
371
-2
372
-2
  0
DIMSTYLE
105
89
330
4
100
AcDbSymbolTableRecord
100
AcDbDimStyleTableRecord
  2
EZ_CURVED
 70
0
 40
1.0
 41
0.25
 42
0.125
 43
3.75
 44
0.375
 45
0.0
 46
0.0
 47
0.0
 48
0.0
 49
2.5
140
0.25
141
2.5
142
0.0
143
0.03937007874
144
100.0
145
0.0
146
0.5
147
0.1
148
0.0
 69
0
 70
0
 71
0
 72
0
 73
0
 74
0
 75
0
 76
0
 77
1
 78
12
 79
2
 90
2
170
0
171
3
172
1
173
0
174
0
175
0
176
0
177
0
178
0
179
2
271
2
272
2
273
2
274
3
275
0
276
0
277
2
278
46
279
2
280
0
281
0
282
0
283
0
284
8
285
0
286
0
288
1
289
3
290
0
340
4C
371
-2
372
-2
  0
ENDTAB
  0
TABLE
  2
BLOCK_RECORD
  5
9
330
0
100
AcDbSymbolTable
 70
5
  0
BLOCK_RECORD
  5
17
330
9
100
AcDbSymbolTableRecord
100
AcDbBlockTableRecord
  2
*Model_Space
340
1A
 70
0
280
1
281
0
  0
BLOCK_RECORD
  5
1B
330
9
100
AcDbSymbolTableRecord
100
AcDbBlockTableRecord
  2
*Paper_Space
340
1E
 70
0
280
1
281
0
  0
BLOCK_RECORD
  5
74
330
9
100
AcDbSymbolTableRecord
100
AcDbBlockTableRecord
  2
_ARCHTICK
340
0
 70
0
280
1
281
0
  0
BLOCK_RECORD
  5
78
330
9
100
AcDbSymbolTableRecord
100
AcDbBlockTableRecord
  2
_CLOSEDFILLED
340
0
 70
0
280
1
281
0
  0
BLOCK_RECORD
  5
84
330
9
100
AcDbSymbolTableRecord
100
AcDbBlockTableRecord
  2
_CLOSEDBLANK
340
0
 70
0
280
1
281
0
  0
ENDTAB
  0
ENDSEC
  0
SECTION
  2
BLOCKS
  0
BLOCK
  5
18
330
17
100
AcDbEntity
  8
0
100
AcDbBlockBegin
  2
*Model_Space
 70
0
 10
0.0
 20
0.0
 30
0.0
  3
*Model_Space
  1

  0
ENDBLK
  5
19
330
17
100
AcDbEntity
  8
0
100
AcDbBlockEnd
  0
BLOCK
  5
1C
330
1B
100
AcDbEntity
  8
0
100
AcDbBlockBegin
  2
*Paper_Space
 70
0
 10
0.0
 20
0.0
 30
0.0
  3
*Paper_Space
  1

  0
ENDBLK
  5
1D
330
1B
100
AcDbEntity
  8
0
100
AcDbBlockEnd
  0
BLOCK
  5
75
330
74
100
AcDbEntity
  8
0
100
AcDbBlockBegin
  2
_ARCHTICK
 70
0
 10
0.0
 20
0.0
 30
0.0
  3
_ARCHTICK
  1

  0
LWPOLYLINE
  5
77
330
74
100
AcDbEntity
  8
0
  6
BYBLOCK
 62
0
100
AcDbPolyline
 90
2
 70
0
 43
0.15
 10
-0.5
 20
-0.5
 10
0.5
 20
0.5
  0
ENDBLK
  5
76
330
74
100
AcDbEntity
  8
0
100
AcDbBlockEnd
  0
BLOCK
  5
79
330
78
100
AcDbEntity
  8
0
100
AcDbBlockBegin
  2
_CLOSEDFILLED
 70
0
 10
0.0
 20
0.0
 30
0.0
  3
_CLOSEDFILLED
  1

  0
SOLID
  5
7B
330
78
100
AcDbEntity
  8
0
  6
BYBLOCK
 62
0
100
AcDbTrace
 10
-1.0
 20
0.16439898372402537
 30
0.0
 11
0.0
 21
0.0
 31
0.0
 12
-1.0
 22
-0.16439898372402537
 32
0.0
 13
-1.0
 23
-0.16439898372402537
 33
0.0
  0
ENDBLK
  5
7A
330
78
100
AcDbEntity
  8
0
100
AcDbBlockEnd
  0
BLOCK
  5
85
330
84
100
AcDbEntity
  8
0
100
AcDbBlockBegin
  2
_CLOSEDBLANK
 70
0
 10
0.0
 20
0.0
 30
0.0
  3
_CLOSEDBLANK
  1

  0
LWPOLYLINE
  5
87
330
84
100
AcDbEntity
  8
0
  6
BYBLOCK
 62
0
100
AcDbPolyline
 90
3
 70
1
 10
-1.0
 20
0.16439898372402537
 10
0.0
 20
0.0
 10
-1.0
 20
-0.16439898372402537
  0
ENDBLK
  5
86
330
84
100
AcDbEntity
  8
0
100
AcDbBlockEnd
  0
ENDSEC
  0
SECTION
  2
ENTITIES
  0
CIRCLE
  5
8C
330
17
100
AcDbEntity
  8
KESIM
100
AcDbCircle
 10
0.0
 20
0.0
 30
0.0
 40
14.25
  0
CIRCLE
  5
8D
330
17
100
AcDbEntity
  8
KESIM
100
AcDbCircle
 10
-9.541305298704166e-18
 20
2.8009414288037575e-17
 30
0.0
 40
1.0499950585000548
  0
LWPOLYLINE
  5
8E
330
17
100
AcDbEntity
  8
ALTIN
100
AcDbPolyline
 90
4
 70
1
 10
-5.0563
 20
-9.5377
 10
-6.125
 20
-10.6088
 10
-5.7317
 20
-9.1477
 10
-5.05
 20
-8.7469
  0
LWPOLYLINE
  5
8F
330
17
100
AcDbEntity
  8
ALTIN
100
AcDbPolyline
 90
4
 70
1
 10
-9.1477
 20
-5.7317
 10
-10.6088
 20
-6.125
 10
-9.5377
 20
-5.0563
 10
-8.7469
 20
-5.05
  0
LWPOLYLINE
  5
90
330
17
100
AcDbEntity
  8
ALTIN
100
AcDbPolyline
 90
156
 70
1
 10
-9.3778
 20
-1.9913
 10
-9.3811
 20
-1.9934
 10
-9.3847
 20
-1.995
 10
-9.3884
 20
-1.9964
 10
-9.3922
 20
-1.9973
 10
-9.3961
 20
-1.9979
 10
-9.4
 20
-1.9981
 10
-9.4371
 20
-1.9981
 10
-9.4411
 20
-1.9979
 10
-9.4449
 20
-1.9973
 10
-9.4488
 20
-1.9964
 10
-9.4525
 20
-1.995
 10
-9.456
 20
-1.9934
 10
-9.4594
 20
-1.9913
 10
-9.4625
 20
-1.989
 10
-9.4654
 20
-1.9864
 10
-9.4681
 20
-1.9835
 10
-9.4704
 20
-1.9803
 10
-9.4724
 20
-1.9769
 10
-9.4741
 20
-1.9734
 10
-9.4754
 20
-1.9697
 10
-9.4764
 20
-1.9659
 10
-9.477
 20
-1.962
 10
-9.4771
 20
-1.9581
 10
-9.4771
 20
-1.9137
 10
-9.492
 20
-1.8362
 10
-9.5345
 20
-1.7737
 10
-9.5979
 20
-1.7298
 10
-9.6754
 20
-1.7125
 10
-11.7246
 20
-1.7125
 10
-11.8019
 20
-1.7298
 10
-11.8649
 20
-1.7737
 10
-11.9079
 20
-1.8363
 10
-11.9229
 20
-1.9137
 10
-11.9229
 20
-1.9581
 10
-11.923
 20
-1.962
 10
-11.9236
 20
-1.9659
 10
-11.9246
 20
-1.9697
 10
-11.9259
 20
-1.9734
 10
-11.9276
 20
-1.9769
 10
-11.9296
 20
-1.9803
 10
-11.9319
 20
-1.9835
 10
-11.9346
 20
-1.9864
 10
-11.9375
 20
-1.989
 10
-11.9406
 20
-1.9913
 10
-11.944
 20
-1.9934
 10
-11.9475
 20
-1.995
 10
-11.9512
 20
-1.9964
 10
-11.9551
 20
-1.9973
 10
-11.9589
 20
-1.9979
 10
-11.9629
 20
-1.9981
 10
-12.0
 20
-1.9981
 10
-12.0039
 20
-1.9979
 10
-12.0078
 20
-1.9973
 10
-12.0116
 20
-1.9964
 10
-12.0153
 20
-1.995
 10
-12.0189
 20
-1.9934
 10
-12.0222
 20
-1.9913
 10
-12.0254
 20
-1.989
 10
-12.0283
 20
-1.9864
 10
-12.0309
 20
-1.9835
 10
-12.0333
 20
-1.9803
 10
-12.0353
 20
-1.9769
 10
-12.037
 20
-1.9734
 10
-12.0383
 20
-1.9697
 10
-12.0392
 20
-1.9659
 10
-12.0398
 20
-1.962
 10
-12.04
 20
-1.9581
 10
-12.04
 20
-1.0411
 10
-12.0398
 20
-1.0372
 10
-12.0392
 20
-1.0333
 10
-12.0383
 20
-1.0295
 10
-12.037
 20
-1.0258
 10
-12.0353
 20
-1.0223
 10
-12.0333
 20
-1.0189
 10
-12.0309
 20
-1.0157
 10
-12.0283
 20
-1.0128
 10
-12.0254
 20
-1.0102
 10
-12.0222
 20
-1.0079
 10
-12.0189
 20
-1.0058
 10
-12.0153
 20
-1.0042
 10
-12.0116
 20
-1.0028
 10
-12.0078
 20
-1.0019
 10
-12.0039
 20
-1.0013
 10
-12.0
 20
-1.0011
 10
-11.9629
 20
-1.0011
 10
-11.9589
 20
-1.0013
 10
-11.9551
 20
-1.0019
 10
-11.9512
 20
-1.0028
 10
-11.9475
 20
-1.0042
 10
-11.944
 20
-1.0058
 10
-11.9406
 20
-1.0079
 10
-11.9375
 20
-1.0102
 10
-11.9346
 20
-1.0128
 10
-11.9319
 20
-1.0157
 10
-11.9296
 20
-1.0189
 10
-11.9276
 20
-1.0223
 10
-11.9259
 20
-1.0258
 10
-11.9246
 20
-1.0295
 10
-11.9236
 20
-1.0333
 10
-11.923
 20
-1.0372
 10
-11.9229
 20
-1.0411
 10
-11.9229
 20
-1.0855
 10
-11.9079
 20
-1.1631
 10
-11.8649
 20
-1.226
 10
-11.802
 20
-1.2696
 10
-11.7246
 20
-1.2867
 10
-9.6754
 20
-1.2867
 10
-9.5977
 20
-1.2695
 10
-9.5345
 20
-1.226
 10
-9.492
 20
-1.1632
 10
-9.4771
 20
-1.0855
 10
-9.4771
 20
-1.0411
 10
-9.477
 20
-1.0372
 10
-9.4764
 20
-1.0333
 10
-9.4754
 20
-1.0295
 10
-9.4741
 20
-1.0258
 10
-9.4724
 20
-1.0223
 10
-9.4704
 20
-1.0189
 10
-9.4681
 20
-1.0157
 10
-9.4654
 20
-1.0128
 10
-9.4625
 20
-1.0102
 10
-9.4594
 20
-1.0079
 10
-9.456
 20
-1.0058
 10
-9.4525
 20
-1.0042
 10
-9.4488
 20
-1.0028
 10
-9.4449
 20
-1.0019
 10
-9.4411
 20
-1.0013
 10
-9.4371
 20
-1.0011
 10
-9.4
 20
-1.0011
 10
-9.3961
 20
-1.0013
 10
-9.3922
 20
-1.0019
 10
-9.3884
 20
-1.0028
 10
-9.3847
 20
-1.0042
 10
-9.3811
 20
-1.0058
 10
-9.3778
 20
-1.0079
 10
-9.3746
 20
-1.0102
 10
-9.3717
 20
-1.0128
 10
-9.3691
 20
-1.0157
 10
-9.3667
 20
-1.0189
 10
-9.3647
 20
-1.0223
 10
-9.363
 20
-1.0258
 10
-9.3617
 20
-1.0295
 10
-9.3608
 20
-1.0333
 10
-9.3602
 20
-1.0372
 10
-9.36
 20
-1.0411
 10
-9.36
 20
-1.9581
 10
-9.3602
 20
-1.962
 10
-9.3608
 20
-1.9659
 10
-9.3617
 20
-1.9697
 10
-9.363
 20
-1.9734
 10
-9.3647
 20
-1.9769
 10
-9.3667
 20
-1.9803
 10
-9.3691
 20
-1.9835
 10
-9.3717
 20
-1.9864
 10
-9.3746
 20
-1.989
  0
LWPOLYLINE
  5
91
330
17
100
AcDbEntity
  8
ALTIN
100
AcDbPolyline
 90
325
 70
1
 10
-11.9296
 20
-0.6676
 10
-11.9319
 20
-0.6708
 10
-11.9346
 20
-0.6737
 10
-11.9375
 20
-0.6763
 10
-11.9406
 20
-0.6787
 10
-11.944
 20
-0.6807
 10
-11.9475
 20
-0.6824
 10
-11.9512
 20
-0.6837
 10
-11.9551
 20
-0.6846
 10
-11.9589
 20
-0.6852
 10
-11.9629
 20
-0.6854
 10
-12.0
 20
-0.6854
 10
-12.0039
 20
-0.6852
 10
-12.0078
 20
-0.6846
 10
-12.0116
 20
-0.6837
 10
-12.0153
 20
-0.6824
 10
-12.0189
 20
-0.6807
 10
-12.0222
 20
-0.6787
 10
-12.0254
 20
-0.6763
 10
-12.0283
 20
-0.6737
 10
-12.0309
 20
-0.6708
 10
-12.0333
 20
-0.6676
 10
-12.0353
 20
-0.6643
 10
-12.037
 20
-0.6607
 10
-12.0383
 20
-0.657
 10
-12.0392
 20
-0.6532
 10
-12.0398
 20
-0.6493
 10
-12.04
 20
-0.6454
 10
-12.04
 20
0.376
 10
-12.0398
 20
0.3799
 10
-12.0392
 20
0.3838
 10
-12.0383
 20
0.3876
 10
-12.037
 20
0.3913
 10
-12.0353
 20
0.3949
 10
-12.0333
 20
0.3982
 10
-12.0309
 20
0.4014
 10
-12.0283
 20
0.4043
 10
-12.0254
 20
0.4069
 10
-12.0222
 20
0.4093
 10
-12.0189
 20
0.4113
 10
-12.0153
 20
0.413
 10
-12.0116
 20
0.4143
 10
-12.0078
 20
0.4153
 10
-12.0039
 20
0.4158
 10
-12.0
 20
0.416
 10
-11.9629
 20
0.416
 10
-11.9589
 20
0.4158
 10
-11.9551
 20
0.4153
 10
-11.9512
 20
0.4143
 10
-11.9475
 20
0.413
 10
-11.944
 20
0.4113
 10
-11.9406
 20
0.4093
 10
-11.9375
 20
0.4069
 10
-11.9346
 20
0.4043
 10
-11.9319
 20
0.4014
 10
-11.9296
 20
0.3982
 10
-11.9276
 20
0.3949
 10
-11.9259
 20
0.3913
 10
-11.9246
 20
0.3876
 10
-11.9236
 20
0.3838
 10
-11.923
 20
0.3799
 10
-11.9229
 20
0.376
 10
-11.9229
 20
0.3349
 10
-11.9159
 20
0.296
 10
-11.8963
 20
0.2626
 10
-11.8664
 20
0.2366
 10
-11.8303
 20
0.2226
 10
-11.7918
 20
0.222
 10
-11.7463
 20
0.2389
 10
-11.7426
 20
0.24
 10
-11.7406
 20
0.2405
 10
-11.0354
 20
0.6925
 10
-11.7481
 20
1.1453
 10
-11.7924
 20
1.1636
 10
-11.8299
 20
1.1626
 10
-11.8664
 20
1.1479
 10
-11.8966
 20
1.1222
 10
-11.916
 20
1.0905
 10
-11.9229
 20
1.0521
 10
-11.9229
 20
1.0109
 10
-11.9231
 20
1.007
 10
-11.9236
 20
1.0031
 10
-11.9246
 20
0.9993
 10
-11.9259
 20
0.9956
 10
-11.9276
 20
0.992
 10
-11.9296
 20
0.9887
 10
-11.932
 20
0.9855
 10
-11.9346
 20
0.9826
 10
-11.9376
 20
0.9799
 10
-11.9407
 20
0.9776
 10
-11.9441
 20
0.9756
 10
-11.9477
 20
0.9739
 10
-11.9514
 20
0.9726
 10
-11.9552
 20
0.9717
 10
-11.9591
 20
0.9711
 10
-11.9963
 20
0.9676
 10
-12.0002
 20
0.9675
 10
-12.0041
 20
0.9677
 10
-12.008
 20
0.9683
 10
-12.0117
 20
0.9692
 10
-12.0154
 20
0.9706
 10
-12.019
 20
0.9722
 10
-12.0223
 20
0.9743
 10
-12.0255
 20
0.9766
 10
-12.0283
 20
0.9792
 10
-12.031
 20
0.9821
 10
-12.0333
 20
0.9853
 10
-12.0353
 20
0.9886
 10
-12.037
 20
0.9922
 10
-12.0383
 20
0.9959
 10
-12.0392
 20
0.9997
 10
-12.0398
 20
1.0035
 10
-12.04
 20
1.0075
 10
-12.04
 20
1.8693
 10
-12.0398
 20
1.8732
 10
-12.0392
 20
1.8771
 10
-12.0383
 20
1.8809
 10
-12.037
 20
1.8846
 10
-12.0353
 20
1.8881
 10
-12.0333
 20
1.8915
 10
-12.0309
 20
1.8947
 10
-12.0283
 20
1.8976
 10
-12.0254
 20
1.9002
 10
-12.0222
 20
1.9025
 10
-12.0189
 20
1.9046
 10
-12.0153
 20
1.9062
 10
-12.0116
 20
1.9076
 10
-12.0078
 20
1.9085
 10
-12.0039
 20
1.9091
 10
-12.0
 20
1.9093
 10
-11.9629
 20
1.9093
 10
-11.9589
 20
1.9091
 10
-11.9551
 20
1.9085
 10
-11.9512
 20
1.9076
 10
-11.9475
 20
1.9062
 10
-11.944
 20
1.9046
 10
-11.9406
 20
1.9025
 10
-11.9375
 20
1.9002
 10
-11.9346
 20
1.8976
 10
-11.9319
 20
1.8947
 10
-11.9296
 20
1.8915
 10
-11.9276
 20
1.8881
 10
-11.9259
 20
1.8846
 10
-11.9246
 20
1.8809
 10
-11.9236
 20
1.8771
 10
-11.923
 20
1.8732
 10
-11.9229
 20
1.8693
 10
-11.9229
 20
1.82
 10
-11.9075
 20
1.7182
 10
-11.8621
 20
1.625
 10
-11.7955
 20
1.5418
 10
-11.7235
 20
1.4779
 10
-10.7931
 20
0.8478
 10
-9.674
 20
1.5652
 10
-9.6014
 20
1.6284
 10
-9.5365
 20
1.7116
 10
-9.4921
 20
1.8063
 10
-9.4771
 20
1.9093
 10
-9.4771
 20
1.9581
 10
-9.477
 20
1.962
 10
-9.4764
 20
1.9659
 10
-9.4754
 20
1.9697
 10
-9.4741
 20
1.9734
 10
-9.4724
 20
1.9769
 10
-9.4704
 20
1.9803
 10
-9.4681
 20
1.9835
 10
-9.4654
 20
1.9864
 10
-9.4625
 20
1.989
 10
-9.4594
 20
1.9913
 10
-9.456
 20
1.9934
 10
-9.4525
 20
1.995
 10
-9.4488
 20
1.9964
 10
-9.4449
 20
1.9973
 10
-9.4411
 20
1.9979
 10
-9.4371
 20
1.9981
 10
-9.4
 20
1.9981
 10
-9.3961
 20
1.9979
 10
-9.3922
 20
1.9973
 10
-9.3884
 20
1.9964
 10
-9.3847
 20
1.995
 10
-9.3811
 20
1.9934
 10
-9.3778
 20
1.9913
 10
-9.3746
 20
1.989
 10
-9.3717
 20
1.9864
 10
-9.3691
 20
1.9835
 10
-9.3667
 20
1.9803
 10
-9.3647
 20
1.9769
 10
-9.363
 20
1.9734
 10
-9.3617
 20
1.9697
 10
-9.3608
 20
1.9659
 10
-9.3602
 20
1.962
 10
-9.36
 20
1.9581
 10
-9.36
 20
0.9297
 10
-9.3602
 20
0.9258
 10
-9.3608
 20
0.9219
 10
-9.3617
 20
0.9181
 10
-9.363
 20
0.9144
 10
-9.3647
 20
0.9108
 10
-9.3667
 20
0.9075
 10
-9.3691
 20
0.9043
 10
-9.3717
 20
0.9014
 10
-9.3746
 20
0.8988
 10
-9.3778
 20
0.8964
 10
-9.3811
 20
0.8944
 10
-9.3847
 20
0.8927
 10
-9.3884
 20
0.8914
 10
-9.3922
 20
0.8905
 10
-9.3961
 20
0.8899
 10
-9.4
 20
0.8897
 10
-9.4371
 20
0.8897
 10
-9.4411
 20
0.8899
 10
-9.4449
 20
0.8905
 10
-9.4488
 20
0.8914
 10
-9.4525
 20
0.8927
 10
-9.456
 20
0.8944
 10
-9.4594
 20
0.8964
 10
-9.4625
 20
0.8988
 10
-9.4654
 20
0.9014
 10
-9.4681
 20
0.9043
 10
-9.4704
 20
0.9075
 10
-9.4724
 20
0.9108
 10
-9.4741
 20
0.9144
 10
-9.4754
 20
0.9181
 10
-9.4764
 20
0.9219
 10
-9.477
 20
0.9258
 10
-9.4771
 20
0.9297
 10
-9.4771
 20
0.9725
 10
-9.4915
 20
1.0253
 10
-9.5331
 20
1.0672
 10
-9.5883
 20
1.0858
 10
-9.6561
 20
1.0655
 10
-9.6583
 20
1.0649
 10
-10.4598
 20
0.5535
 10
-9.6447
 20
0.0234
 10
-9.6081
 20
0.0087
 10
-9.5708
 20
0.0105
 10
-9.5344
 20
0.0268
 10
-9.5037
 20
0.0542
 10
-9.484
 20
0.0871
 10
-9.4771
 20
0.1233
 10
-9.4771
 20
0.1683
 10
-9.477
 20
0.1722
 10
-9.4764
 20
0.1761
 10
-9.4754
 20
0.1799
 10
-9.4741
 20
0.1836
 10
-9.4724
 20
0.1871
 10
-9.4704
 20
0.1905
 10
-9.4681
 20
0.1936
 10
-9.4654
 20
0.1965
 10
-9.4625
 20
0.1992
 10
-9.4594
 20
0.2015
 10
-9.456
 20
0.2035
 10
-9.4525
 20
0.2052
 10
-9.4488
 20
0.2065
 10
-9.4449
 20
0.2075
 10
-9.4411
 20
0.2081
 10
-9.4371
 20
0.2083
 10
-9.4
 20
0.2083
 10
-9.3961
 20
0.2081
 10
-9.3922
 20
0.2075
 10
-9.3884
 20
0.2065
 10
-9.3847
 20
0.2052
 10
-9.3811
 20
0.2035
 10
-9.3778
 20
0.2015
 10
-9.3746
 20
0.1992
 10
-9.3717
 20
0.1965
 10
-9.3691
 20
0.1936
 10
-9.3667
 20
0.1905
 10
-9.3647
 20
0.1871
 10
-9.363
 20
0.1836
 10
-9.3617
 20
0.1799
 10
-9.3608
 20
0.1761
 10
-9.3602
 20
0.1722
 10
-9.36
 20
0.1683
 10
-9.36
 20
-0.7011
 10
-9.3602
 20
-0.705
 10
-9.3608
 20
-0.7089
 10
-9.3617
 20
-0.7127
 10
-9.363
 20
-0.7164
 10
-9.3647
 20
-0.72
 10
-9.3667
 20
-0.7233
 10
-9.3691
 20
-0.7265
 10
-9.3717
 20
-0.7294
 10
-9.3746
 20
-0.732
 10
-9.3778
 20
-0.7344
 10
-9.3811
 20
-0.7364
 10
-9.3847
 20
-0.7381
 10
-9.3884
 20
-0.7394
 10
-9.3922
 20
-0.7403
 10
-9.3961
 20
-0.7409
 10
-9.4
 20
-0.7411
 10
-9.4371
 20
-0.7411
 10
-9.4411
 20
-0.7409
 10
-9.4449
 20
-0.7403
 10
-9.4488
 20
-0.7394
 10
-9.4525
 20
-0.7381
 10
-9.456
 20
-0.7364
 10
-9.4594
 20
-0.7344
 10
-9.4625
 20
-0.732
 10
-9.4654
 20
-0.7294
 10
-9.4681
 20
-0.7265
 10
-9.4704
 20
-0.7233
 10
-9.4724
 20
-0.72
 10
-9.4741
 20
-0.7164
 10
-9.4754
 20
-0.7127
 10
-9.4764
 20
-0.7089
 10
-9.477
 20
-0.705
 10
-9.4771
 20
-0.7011
 10
-9.4771
 20
-0.6518
 10
-9.4925
 20
-0.5468
 10
-9.538
 20
-0.4514
 10
-9.6044
 20
-0.3679
 10
-9.6716
 20
-0.3102
 10
-10.7071
 20
0.3956
 10
-11.7195
 20
-0.2504
 10
-11.7958
 20
-0.3153
 10
-11.8621
 20
-0.3976
 10
-11.9075
 20
-0.4916
 10
-11.9229
 20
-0.5961
 10
-11.9229
 20
-0.6454
 10
-11.923
 20
-0.6493
 10
-11.9236
 20
-0.6532
 10
-11.9246
 20
-0.657
 10
-11.9259
 20
-0.6607
 10
-11.9276
 20
-0.6643
  0
LWPOLYLINE
  5
92
330
17
100
AcDbEntity
  8
ALTIN
100
AcDbPolyline
 90
4
 70
1
 10
-10.6088
 20
6.125
 10
-9.1477
 20
5.7317
 10
-8.7469
 20
5.05
 10
-9.5377
 20
5.0563
  0
LWPOLYLINE
  5
93
330
17
100
AcDbEntity
  8
ALTIN
100
AcDbPolyline
 90
4
 70
1
 10
-6.125
 20
10.6088
 10
-5.0563
 20
9.5377
 10
-5.05
 20
8.7469
 10
-5.7317
 20
9.1477
  0
LWPOLYLINE
  5
94
330
17
100
AcDbEntity
  8
ALTIN
100
AcDbPolyline
 90
197
 70
1
 10
0.0247
 20
-9.4458
 10
0.021
 20
-9.4445
 10
0.0175
 20
-9.4428
 10
0.0141
 20
-9.4408
 10
0.0109
 20
-9.4385
 10
0.008
 20
-9.4358
 10
0.0054
 20
-9.4329
 10
0.0031
 20
-9.4298
 10
0.001
 20
-9.4264
 10
-0.0006
 20
-9.4229
 10
-0.002
 20
-9.4192
 10
-0.0029
 20
-9.4153
 10
-0.0035
 20
-9.4115
 10
-0.0037
 20
-9.4075
 10
-0.0037
 20
-9.3704
 10
-0.0035
 20
-9.3665
 10
-0.0029
 20
-9.3626
 10
-0.002
 20
-9.3588
 10
-0.0006
 20
-9.3551
 10
0.001
 20
-9.3515
 10
0.0031
 20
-9.3482
 10
0.0054
 20
-9.345
 10
0.008
 20
-9.3421
 10
0.0109
 20
-9.3395
 10
0.0141
 20
-9.3371
 10
0.0175
 20
-9.3351
 10
0.021
 20
-9.3334
 10
0.0247
 20
-9.3321
 10
0.0285
 20
-9.3312
 10
0.0324
 20
-9.3306
 10
0.0363
 20
-9.3304
 10
0.7977
 20
-9.3304
 10
0.8017
 20
-9.3306
 10
0.8055
 20
-9.3312
 10
0.8094
 20
-9.3321
 10
0.8131
 20
-9.3334
 10
0.8166
 20
-9.3351
 10
0.82
 20
-9.3371
 10
0.8231
 20
-9.3395
 10
0.826
 20
-9.3421
 10
0.8287
 20
-9.345
 10
0.831
 20
-9.3482
 10
0.833
 20
-9.3515
 10
0.8347
 20
-9.3551
 10
0.836
 20
-9.3588
 10
0.837
 20
-9.3626
 10
0.8376
 20
-9.3665
 10
0.8377
 20
-9.3704
 10
0.8377
 20
-9.4075
 10
0.8376
 20
-9.4115
 10
0.837
 20
-9.4153
 10
0.836
 20
-9.4192
 10
0.8347
 20
-9.4229
 10
0.833
 20
-9.4264
 10
0.831
 20
-9.4298
 10
0.8287
 20
-9.4329
 10
0.826
 20
-9.4358
 10
0.8231
 20
-9.4385
 10
0.82
 20
-9.4408
 10
0.8166
 20
-9.4428
 10
0.8131
 20
-9.4445
 10
0.8094
 20
-9.4458
 10
0.8055
 20
-9.4468
 10
0.8017
 20
-9.4474
 10
0.7977
 20
-9.4475
 10
0.7673
 20
-9.4475
 10
0.691
 20
-9.4597
 10
0.611
 20
-9.4957
 10
0.5356
 20
-9.5599
 10
0.4712
 20
-9.6627
 10
0.4689
 20
-9.666
 10
0.4686
 20
-9.6663
 10
-0.4093
 20
-11.6287
 10
-0.4148
 20
-11.6448
 10
-0.4163
 20
-11.6487
 10
-0.4346
 20
-11.6883
 10
-0.4598
 20
-11.743
 10
-0.4879
 20
-11.8075
 10
-0.5145
 20
-11.8754
 10
-0.5365
 20
-11.9415
 10
-0.5521
 20
-11.9973
 10
-0.5599
 20
-12.0373
 10
-0.5609
 20
-12.0411
 10
-0.5622
 20
-12.0448
 10
-0.5639
 20
-12.0484
 10
-0.5659
 20
-12.0517
 10
-0.5682
 20
-12.0549
 10
-0.5708
 20
-12.0578
 10
-0.5738
 20
-12.0605
 10
-0.5769
 20
-12.0628
 10
-0.5803
 20
-12.0649
 10
-0.5838
 20
-12.0665
 10
-0.5875
 20
-12.0679
 10
-0.5914
 20
-12.0688
 10
-0.5952
 20
-12.0694
 10
-0.5992
 20
-12.0696
 10
-0.6323
 20
-12.0696
 10
-0.6361
 20
-12.0694
 10
-0.6399
 20
-12.0689
 10
-0.6436
 20
-12.068
 10
-0.6472
 20
-12.0667
 10
-0.6507
 20
-12.0651
 10
-0.654
 20
-12.0632
 10
-0.6571
 20
-12.0609
 10
-0.66
 20
-12.0584
 10
-0.6626
 20
-12.0556
 10
-0.665
 20
-12.0526
 10
-0.667
 20
-12.0493
 10
-0.6688
 20
-12.0459
 10
-1.7349
 20
-9.6583
 10
-1.7943
 20
-9.5596
 10
-1.8686
 20
-9.4957
 10
-1.9493
 20
-9.4598
 10
-2.0282
 20
-9.4475
 10
-2.0547
 20
-9.4475
 10
-2.0586
 20
-9.4474
 10
-2.0625
 20
-9.4468
 10
-2.0663
 20
-9.4458
 10
-2.07
 20
-9.4445
 10
-2.0736
 20
-9.4428
 10
-2.0769
 20
-9.4408
 10
-2.0801
 20
-9.4385
 10
-2.083
 20
-9.4358
 10
-2.0856
 20
-9.4329
 10
-2.088
 20
-9.4298
 10
-2.09
 20
-9.4264
 10
-2.0917
 20
-9.4229
 10
-2.093
 20
-9.4192
 10
-2.0939
 20
-9.4153
 10
-2.0945
 20
-9.4115
 10
-2.0947
 20
-9.4075
 10
-2.0947
 20
-9.3704
 10
-2.0945
 20
-9.3665
 10
-2.0939
 20
-9.3626
 10
-2.093
 20
-9.3588
 10
-2.0917
 20
-9.3551
 10
-2.09
 20
-9.3515
 10
-2.088
 20
-9.3482
 10
-2.0856
 20
-9.345
 10
-2.083
 20
-9.3421
 10
-2.0801
 20
-9.3395
 10
-2.0769
 20
-9.3371
 10
-2.0736
 20
-9.3351
 10
-2.07
 20
-9.3334
 10
-2.0663
 20
-9.3321
 10
-2.0625
 20
-9.3312
 10
-2.0586
 20
-9.3306
 10
-2.0547
 20
-9.3304
 10
-1.1041
 20
-9.3304
 10
-1.1002
 20
-9.3306
 10
-1.0963
 20
-9.3312
 10
-1.0925
 20
-9.3321
 10
-1.0888
 20
-9.3334
 10
-1.0852
 20
-9.3351
 10
-1.0819
 20
-9.3371
 10
-1.0787
 20
-9.3395
 10
-1.0758
 20
-9.3421
 10
-1.0732
 20
-9.345
 10
-1.0708
 20
-9.3482
 10
-1.0688
 20
-9.3515
 10
-1.0671
 20
-9.3551
 10
-1.0658
 20
-9.3588
 10
-1.0649
 20
-9.3626
 10
-1.0643
 20
-9.3665
 10
-1.0641
 20
-9.3704
 10
-1.0641
 20
-9.4075
 10
-1.0643
 20
-9.4115
 10
-1.0649
 20
-9.4153
 10
-1.0658
 20
-9.4192
 10
-1.0671
 20
-9.4229
 10
-1.0688
 20
-9.4264
 10
-1.0708
 20
-9.4298
 10
-1.0732
 20
-9.4329
 10
-1.0758
 20
-9.4358
 10
-1.0787
 20
-9.4385
 10
-1.0819
 20
-9.4408
 10
-1.0852
 20
-9.4428
 10
-1.0888
 20
-9.4445
 10
-1.0925
 20
-9.4458
 10
-1.0963
 20
-9.4468
 10
-1.1002
 20
-9.4474
 10
-1.1041
 20
-9.4475
 10
-1.1333
 20
-9.4475
 10
-1.1865
 20
-9.4596
 10
-1.2291
 20
-9.4925
 10
-1.2507
 20
-9.5442
 10
-1.2353
 20
-9.631
 10
-1.2349
 20
-9.634
 10
-0.5488
 20
-11.3414
 10
0.1747
 20
-9.6129
 10
0.1861
 20
-9.5447
 10
0.1635
 20
-9.493
 10
0.1193
 20
-9.4596
 10
0.065
 20
-9.4475
 10
0.0363
 20
-9.4475
 10
0.0324
 20
-9.4474
 10
0.0285
 20
-9.4468
  0
LWPOLYLINE
  5
95
330
17
100
AcDbEntity
  8
ALTIN
100
AcDbPolyline
 90
156
 70
1
 10
1.1045
 20
-11.9926
 10
1.1025
 20
-11.9893
 10
1.1008
 20
-11.9857
 10
1.0995
 20
-11.982
 10
1.0985
 20
-11.9782
 10
1.0979
 20
-11.9743
 10
1.0977
 20
-11.9704
 10
1.0977
 20
-11.9333
 10
1.0979
 20
-11.9293
 10
1.0985
 20
-11.9255
 10
1.0995
 20
-11.9216
 10
1.1008
 20
-11.918
 10
1.1025
 20
-11.9144
 10
1.1045
 20
-11.911
 10
1.1068
 20
-11.9079
 10
1.1095
 20
-11.905
 10
1.1124
 20
-11.9023
 10
1.1155
 20
-11.9
 10
1.1189
 20
-11.898
 10
1.1224
 20
-11.8963
 10
1.1261
 20
-11.895
 10
1.1299
 20
-11.894
 10
1.1338
 20
-11.8935
 10
1.1377
 20
-11.8933
 10
1.1821
 20
-11.8933
 10
1.2596
 20
-11.8784
 10
1.3221
 20
-11.8359
 10
1.3661
 20
-11.7725
 10
1.3833
 20
-11.695
 10
1.3833
 20
-9.6458
 10
1.3661
 20
-9.5685
 10
1.3221
 20
-9.5055
 10
1.2595
 20
-9.4625
 10
1.1821
 20
-9.4475
 10
1.1377
 20
-9.4475
 10
1.1338
 20
-9.4474
 10
1.1299
 20
-9.4468
 10
1.1261
 20
-9.4458
 10
1.1224
 20
-9.4445
 10
1.1189
 20
-9.4428
 10
1.1155
 20
-9.4408
 10
1.1124
 20
-9.4385
 10
1.1095
 20
-9.4358
 10
1.1068
 20
-9.4329
 10
1.1045
 20
-9.4298
 10
1.1025
 20
-9.4264
 10
1.1008
 20
-9.4229
 10
1.0995
 20
-9.4192
 10
1.0985
 20
-9.4153
 10
1.0979
 20
-9.4115
 10
1.0977
 20
-9.4075
 10
1.0977
 20
-9.3704
 10
1.0979
 20
-9.3665
 10
1.0985
 20
-9.3626
 10
1.0995
 20
-9.3588
 10
1.1008
 20
-9.3551
 10
1.1025
 20
-9.3515
 10
1.1045
 20
-9.3482
 10
1.1068
 20
-9.345
 10
1.1095
 20
-9.3421
 10
1.1124
 20
-9.3395
 10
1.1155
 20
-9.3371
 10
1.1189
 20
-9.3351
 10
1.1224
 20
-9.3334
 10
1.1261
 20
-9.3321
 10
1.1299
 20
-9.3312
 10
1.1338
 20
-9.3306
 10
1.1377
 20
-9.3304
 10
2.0547
 20
-9.3304
 10
2.0586
 20
-9.3306
 10
2.0625
 20
-9.3312
 10
2.0663
 20
-9.3321
 10
2.07
 20
-9.3334
 10
2.0736
 20
-9.3351
 10
2.0769
 20
-9.3371
 10
2.0801
 20
-9.3395
 10
2.083
 20
-9.3421
 10
2.0856
 20
-9.345
 10
2.088
 20
-9.3482
 10
2.09
 20
-9.3515
 10
2.0917
 20
-9.3551
 10
2.093
 20
-9.3588
 10
2.0939
 20
-9.3626
 10
2.0945
 20
-9.3665
 10
2.0947
 20
-9.3704
 10
2.0947
 20
-9.4075
 10
2.0945
 20
-9.4115
 10
2.0939
 20
-9.4153
 10
2.093
 20
-9.4192
 10
2.0917
 20
-9.4229
 10
2.09
 20
-9.4264
 10
2.088
 20
-9.4298
 10
2.0856
 20
-9.4329
 10
2.083
 20
-9.4358
 10
2.0801
 20
-9.4385
 10
2.0769
 20
-9.4408
 10
2.0736
 20
-9.4428
 10
2.07
 20
-9.4445
 10
2.0663
 20
-9.4458
 10
2.0625
 20
-9.4468
 10
2.0586
 20
-9.4474
 10
2.0547
 20
-9.4475
 10
2.0104
 20
-9.4475
 10
1.9327
 20
-9.4625
 10
1.8698
 20
-9.5055
 10
1.8263
 20
-9.5684
 10
1.8092
 20
-9.6458
 10
1.8092
 20
-11.695
 10
1.8263
 20
-11.7727
 10
1.8698
 20
-11.8359
 10
1.9326
 20
-11.8784
 10
2.0103
 20
-11.8933
 10
2.0547
 20
-11.8933
 10
2.0586
 20
-11.8935
 10
2.0625
 20
-11.894
 10
2.0663
 20
-11.895
 10
2.07
 20
-11.8963
 10
2.0736
 20
-11.898
 10
2.0769
 20
-11.9
 10
2.0801
 20
-11.9023
 10
2.083
 20
-11.905
 10
2.0856
 20
-11.9079
 10
2.088
 20
-11.911
 10
2.09
 20
-11.9144
 10
2.0917
 20
-11.918
 10
2.093
 20
-11.9216
 10
2.0939
 20
-11.9255
 10
2.0945
 20
-11.9293
 10
2.0947
 20
-11.9333
 10
2.0947
 20
-11.9704
 10
2.0945
 20
-11.9743
 10
2.0939
 20
-11.9782
 10
2.093
 20
-11.982
 10
2.0917
 20
-11.9857
 10
2.09
 20
-11.9893
 10
2.088
 20
-11.9926
 10
2.0856
 20
-11.9958
 10
2.083
 20
-11.9987
 10
2.0801
 20
-12.0013
 10
2.0769
 20
-12.0037
 10
2.0736
 20
-12.0057
 10
2.07
 20
-12.0074
 10
2.0663
 20
-12.0087
 10
2.0625
 20
-12.0096
 10
2.0586
 20
-12.0102
 10
2.0547
 20
-12.0104
 10
1.1377
 20
-12.0104
 10
1.1338
 20
-12.0102
 10
1.1299
 20
-12.0096
 10
1.1261
 20
-12.0087
 10
1.1224
 20
-12.0074
 10
1.1189
 20
-12.0057
 10
1.1155
 20
-12.0037
 10
1.1124
 20
-12.0013
 10
1.1095
 20
-11.9987
 10
1.1068
 20
-11.9958
  0
LWPOLYLINE
  5
96
330
17
100
AcDbEntity
  8
ALTIN
100
AcDbPolyline
 90
4
 70
1
 10
6.125
 20
-10.6088
 10
5.0563
 20
-9.5377
 10
5.05
 20
-8.7469
 10
5.7317
 20
-9.1477
  0
LWPOLYLINE
  5
97
330
17
100
AcDbEntity
  8
ALTIN
100
AcDbPolyline
 90
2880
 70
1
 10
13.2062
 20
-0.317
 10
13.2055
 20
-0.3458
 10
13.2047
 20
-0.3746
 10
13.2038
 20
-0.4034
 10
13.2029
 20
-0.4322
 10
13.202
 20
-0.461
 10
13.2009
 20
-0.4898
 10
13.1998
 20
-0.5186
 10
13.1987
 20
-0.5474
 10
13.1974
 20
-0.5762
 10
13.1961
 20
-0.605
 10
13.1948
 20
-0.6338
 10
13.1934
 20
-0.6626
 10
13.1919
 20
-0.6914
 10
13.1904
 20
-0.7201
 10
13.1888
 20
-0.7489
 10
13.1871
 20
-0.7777
 10
13.1854
 20
-0.8065
 10
13.1836
 20
-0.8352
 10
13.1817
 20
-0.864
 10
13.1798
 20
-0.8927
 10
13.1778
 20
-0.9215
 10
13.1758
 20
-0.9502
 10
13.1737
 20
-0.979
 10
13.1715
 20
-1.0077
 10
13.1693
 20
-1.0364
 10
13.167
 20
-1.0652
 10
13.1646
 20
-1.0939
 10
13.1622
 20
-1.1226
 10
13.1597
 20
-1.1513
 10
13.1572
 20
-1.18
 10
13.1546
 20
-1.2087
 10
13.1519
 20
-1.2374
 10
13.1492
 20
-1.2661
 10
13.1464
 20
-1.2948
 10
13.1435
 20
-1.3235
 10
13.1406
 20
-1.3522
 10
13.1376
 20
-1.3808
 10
13.1346
 20
-1.4095
 10
13.1315
 20
-1.4381
 10
13.1283
 20
-1.4668
 10
13.1251
 20
-1.4954
 10
13.1218
 20
-1.524
 10
13.1184
 20
-1.5527
 10
13.115
 20
-1.5813
 10
13.1115
 20
-1.6099
 10
13.108
 20
-1.6385
 10
13.1044
 20
-1.6671
 10
13.1007
 20
-1.6957
 10
13.097
 20
-1.7243
 10
13.0932
 20
-1.7528
 10
13.0893
 20
-1.7814
 10
13.0854
 20
-1.8099
 10
13.0814
 20
-1.8385
 10
13.0774
 20
-1.867
 10
13.0733
 20
-1.8955
 10
13.0691
 20
-1.9241
 10
13.0649
 20
-1.9526
 10
13.0606
 20
-1.9811
 10
13.0563
 20
-2.0095
 10
13.0518
 20
-2.038
 10
13.0474
 20
-2.0665
 10
13.0428
 20
-2.095
 10
13.0382
 20
-2.1234
 10
13.0336
 20
-2.1518
 10
13.0288
 20
-2.1803
 10
13.024
 20
-2.2087
 10
13.0192
 20
-2.2371
 10
13.0143
 20
-2.2655
 10
13.0093
 20
-2.2939
 10
13.0043
 20
-2.3223
 10
12.9992
 20
-2.3506
 10
12.994
 20
-2.379
 10
12.9888
 20
-2.4073
 10
12.9835
 20
-2.4357
 10
12.9782
 20
-2.464
 10
12.9728
 20
-2.4923
 10
12.9673
 20
-2.5206
 10
12.9618
 20
-2.5489
 10
12.9562
 20
-2.5771
 10
12.9505
 20
-2.6054
 10
12.9448
 20
-2.6337
 10
12.939
 20
-2.6619
 10
12.9332
 20
-2.6901
 10
12.9273
 20
-2.7183
 10
12.9213
 20
-2.7465
 10
12.9153
 20
-2.7747
 10
12.9092
 20
-2.8029
 10
12.9031
 20
-2.831
 10
12.8969
 20
-2.8592
 10
12.8906
 20
-2.8873
 10
12.8843
 20
-2.9154
 10
12.8779
 20
-2.9435
 10
12.8714
 20
-2.9716
 10
12.8649
 20
-2.9997
 10
12.8583
 20
-3.0277
 10
12.8517
 20
-3.0558
 10
12.845
 20
-3.0838
 10
12.8382
 20
-3.1118
 10
12.8314
 20
-3.1398
 10
12.8245
 20
-3.1678
 10
12.8176
 20
-3.1958
 10
12.8106
 20
-3.2237
 10
12.8035
 20
-3.2517
 10
12.7964
 20
-3.2796
 10
12.7892
 20
-3.3075
 10
12.782
 20
-3.3354
 10
12.7747
 20
-3.3633
 10
12.7673
 20
-3.3912
 10
12.7599
 20
-3.419
 10
12.7524
 20
-3.4468
 10
12.7448
 20
-3.4746
 10
12.7372
 20
-3.5024
 10
12.7296
 20
-3.5302
 10
12.7218
 20
-3.558
 10
12.714
 20
-3.5857
 10
12.7062
 20
-3.6135
 10
12.6983
 20
-3.6412
 10
12.6903
 20
-3.6689
 10
12.6823
 20
-3.6965
 10
12.6742
 20
-3.7242
 10
12.666
 20
-3.7518
 10
12.6578
 20
-3.7795
 10
12.6495
 20
-3.8071
 10
12.6412
 20
-3.8347
 10
12.6328
 20
-3.8622
 10
12.6243
 20
-3.8898
 10
12.6158
 20
-3.9173
 10
12.6072
 20
-3.9448
 10
12.5986
 20
-3.9723
 10
12.5899
 20
-3.9998
 10
12.5811
 20
-4.0273
 10
12.5723
 20
-4.0547
 10
12.5635
 20
-4.0821
 10
12.5545
 20
-4.1095
 10
12.5455
 20
-4.1369
 10
12.5365
 20
-4.1643
 10
12.5274
 20
-4.1916
 10
12.5182
 20
-4.2189
 10
12.5089
 20
-4.2462
 10
12.4997
 20
-4.2735
 10
12.4903
 20
-4.3008
 10
12.4809
 20
-4.328
 10
12.4714
 20
-4.3552
 10
12.4619
 20
-4.3824
 10
12.4523
 20
-4.4096
 10
12.4426
 20
-4.4367
 10
12.4329
 20
-4.4639
 10
12.4232
 20
-4.491
 10
12.4133
 20
-4.5181
 10
12.4035
 20
-4.5452
 10
12.3935
 20
-4.5722
 10
12.3835
 20
-4.5992
 10
12.3734
 20
-4.6262
 10
12.3633
 20
-4.6532
 10
12.3531
 20
-4.6802
 10
12.3429
 20
-4.7071
 10
12.3326
 20
-4.734
 10
12.3222
 20
-4.7609
 10
12.3118
 20
-4.7878
 10
12.3013
 20
-4.8147
 10
12.2908
 20
-4.8415
 10
12.2802
 20
-4.8683
 10
12.2696
 20
-4.8951
 10
12.2589
 20
-4.9218
 10
12.2481
 20
-4.9486
 10
12.2373
 20
-4.9753
 10
12.2264
 20
-5.0019
 10
12.2154
 20
-5.0286
 10
12.2044
 20
-5.0552
 10
12.1934
 20
-5.0819
 10
12.1823
 20
-5.1085
 10
12.1711
 20
-5.135
 10
12.1599
 20
-5.1616
 10
12.1486
 20
-5.1881
 10
12.1372
 20
-5.2146
 10
12.1258
 20
-5.241
 10
12.1144
 20
-5.2675
 10
12.1028
 20
-5.2939
 10
12.0913
 20
-5.3203
 10
12.0796
 20
-5.3467
 10
12.0679
 20
-5.373
 10
12.0562
 20
-5.3993
 10
12.0444
 20
-5.4256
 10
12.0325
 20
-5.4519
 10
12.0206
 20
-5.4781
 10
12.0086
 20
-5.5043
 10
11.9966
 20
-5.5305
 10
11.9845
 20
-5.5567
 10
11.9723
 20
-5.5828
 10
11.9601
 20
-5.6089
 10
11.9479
 20
-5.635
 10
11.9355
 20
-5.661
 10
11.9232
 20
-5.6871
 10
11.9107
 20
-5.7131
 10
11.8982
 20
-5.739
 10
11.8857
 20
-5.765
 10
11.8731
 20
-5.7909
 10
11.8604
 20
-5.8168
 10
11.8477
 20
-5.8426
 10
11.8349
 20
-5.8685
 10
11.8221
 20
-5.8943
 10
11.8092
 20
-5.9201
 10
11.7963
 20
-5.9458
 10
11.7833
 20
-5.9715
 10
11.7702
 20
-5.9972
 10
11.7571
 20
-6.0229
 10
11.7439
 20
-6.0485
 10
11.7307
 20
-6.0741
 10
11.7174
 20
-6.0997
 10
11.7041
 20
-6.1252
 10
11.6907
 20
-6.1508
 10
11.6772
 20
-6.1763
 10
11.6637
 20
-6.2017
 10
11.6502
 20
-6.2272
 10
11.6366
 20
-6.2526
 10
11.6229
 20
-6.2779
 10
11.6092
 20
-6.3033
 10
11.5954
 20
-6.3286
 10
11.5816
 20
-6.3539
 10
11.5677
 20
-6.3791
 10
11.5537
 20
-6.4043
 10
11.5397
 20
-6.4295
 10
11.5257
 20
-6.4547
 10
11.5116
 20
-6.4798
 10
11.4974
 20
-6.5049
 10
11.4832
 20
-6.53
 10
11.4689
 20
-6.555
 10
11.4546
 20
-6.58
 10
11.4402
 20
-6.605
 10
11.4258
 20
-6.6299
 10
11.4113
 20
-6.6549
 10
11.3967
 20
-6.6797
 10
11.3821
 20
-6.7046
 10
11.3675
 20
-6.7294
 10
11.3528
 20
-6.7542
 10
11.338
 20
-6.7789
 10
11.3232
 20
-6.8037
 10
11.3083
 20
-6.8283
 10
11.2934
 20
-6.853
 10
11.2784
 20
-6.8776
 10
11.2634
 20
-6.9022
 10
11.2483
 20
-6.9268
 10
11.2332
 20
-6.9513
 10
11.218
 20
-6.9758
 10
11.2027
 20
-7.0002
 10
11.1874
 20
-7.0247
 10
11.1721
 20
-7.049
 10
11.1567
 20
-7.0734
 10
11.1412
 20
-7.0977
 10
11.1257
 20
-7.122
 10
11.1101
 20
-7.1463
 10
11.0945
 20
-7.1705
 10
11.0788
 20
-7.1947
 10
11.0631
 20
-7.2188
 10
11.0473
 20
-7.243
 10
11.0315
 20
-7.267
 10
11.0156
 20
-7.2911
 10
10.9997
 20
-7.3151
 10
10.9837
 20
-7.3391
 10
10.9677
 20
-7.363
 10
10.9516
 20
-7.3869
 10
10.9354
 20
-7.4108
 10
10.9193
 20
-7.4347
 10
10.903
 20
-7.4585
 10
10.8867
 20
-7.4822
 10
10.8704
 20
-7.506
 10
10.854
 20
-7.5297
 10
10.8375
 20
-7.5533
 10
10.821
 20
-7.5769
 10
10.8044
 20
-7.6005
 10
10.7878
 20
-7.6241
 10
10.7712
 20
-7.6476
 10
10.7545
 20
-7.6711
 10
10.7377
 20
-7.6945
 10
10.7209
 20
-7.7179
 10
10.704
 20
-7.7413
 10
10.6871
 20
-7.7646
 10
10.6701
 20
-7.7879
 10
10.6531
 20
-7.8112
 10
10.6361
 20
-7.8344
 10
10.6189
 20
-7.8576
 10
10.6018
 20
-7.8808
 10
10.5846
 20
-7.9039
 10
10.5673
 20
-7.9269
 10
10.55
 20
-7.95
 10
10.5326
 20
-7.973
 10
10.5152
 20
-7.9959
 10
10.4977
 20
-8.0189
 10
10.4802
 20
-8.0417
 10
10.4626
 20
-8.0646
 10
10.445
 20
-8.0874
 10
10.4273
 20
-8.1102
 10
10.4096
 20
-8.1329
 10
10.3919
 20
-8.1556
 10
10.374
 20
-8.1782
 10
10.3562
 20
-8.2008
 10
10.3383
 20
-8.2234
 10
10.3203
 20
-8.246
 10
10.3023
 20
-8.2684
 10
10.2842
 20
-8.2909
 10
10.2661
 20
-8.3133
 10
10.2479
 20
-8.3357
 10
10.2297
 20
-8.358
 10
10.2115
 20
-8.3803
 10
10.1932
 20
-8.4026
 10
10.1748
 20
-8.4248
 10
10.1564
 20
-8.447
 10
10.1379
 20
-8.4691
 10
10.1194
 20
-8.4912
 10
10.1009
 20
-8.5133
 10
10.0823
 20
-8.5353
 10
10.0637
 20
-8.5573
 10
10.045
 20
-8.5792
 10
10.0262
 20
-8.6011
 10
10.0074
 20
-8.623
 10
9.9886
 20
-8.6448
 10
9.9697
 20
-8.6665
 10
9.9508
 20
-8.6883
 10
9.9318
 20
-8.71
 10
9.9128
 20
-8.7316
 10
9.8937
 20
-8.7532
 10
9.8746
 20
-8.7748
 10
9.8554
 20
-8.7963
 10
9.8362
 20
-8.8178
 10
9.8169
 20
-8.8392
 10
9.7976
 20
-8.8606
 10
9.7783
 20
-8.882
 10
9.7589
 20
-8.9033
 10
9.7394
 20
-8.9245
 10
9.7199
 20
-8.9458
 10
9.7004
 20
-8.967
 10
9.6808
 20
-8.9881
 10
9.6612
 20
-9.0092
 10
9.6415
 20
-9.0303
 10
9.6218
 20
-9.0513
 10
9.602
 20
-9.0722
 10
9.5822
 20
-9.0932
 10
9.5623
 20
-9.114
 10
9.5424
 20
-9.1349
 10
9.5225
 20
-9.1557
 10
9.5025
 20
-9.1764
 10
9.4824
 20
-9.1971
 10
9.4623
 20
-9.2178
 10
9.4422
 20
-9.2384
 10
9.422
 20
-9.259
 10
9.4018
 20
-9.2795
 10
9.3815
 20
-9.3
 10
9.3612
 20
-9.3205
 10
9.3409
 20
-9.3409
 10
9.3205
 20
-9.3612
 10
9.3
 20
-9.3815
 10
9.2795
 20
-9.4018
 10
9.259
 20
-9.422
 10
9.2384
 20
-9.4422
 10
9.2178
 20
-9.4623
 10
9.1971
 20
-9.4824
 10
9.1764
 20
-9.5025
 10
9.1557
 20
-9.5225
 10
9.1349
 20
-9.5424
 10
9.114
 20
-9.5623
 10
9.0932
 20
-9.5822
 10
9.0722
 20
-9.602
 10
9.0513
 20
-9.6218
 10
9.0303
 20
-9.6415
 10
9.0092
 20
-9.6612
 10
8.9881
 20
-9.6808
 10
8.967
 20
-9.7004
 10
8.9458
 20
-9.7199
 10
8.9245
 20
-9.7394
 10
8.9033
 20
-9.7589
 10
8.882
 20
-9.7783
 10
8.8606
 20
-9.7976
 10
8.8392
 20
-9.8169
 10
8.8178
 20
-9.8362
 10
8.7963
 20
-9.8554
 10
8.7748
 20
-9.8746
 10
8.7532
 20
-9.8937
 10
8.7316
 20
-9.9128
 10
8.71
 20
-9.9318
 10
8.6883
 20
-9.9508
 10
8.6665
 20
-9.9697
 10
8.6448
 20
-9.9886
 10
8.623
 20
-10.0074
 10
8.6011
 20
-10.0262
 10
8.5792
 20
-10.045
 10
8.5573
 20
-10.0637
 10
8.5353
 20
-10.0823
 10
8.5133
 20
-10.1009
 10
8.4912
 20
-10.1194
 10
8.4691
 20
-10.1379
 10
8.447
 20
-10.1564
 10
8.4248
 20
-10.1748
 10
8.4026
 20
-10.1932
 10
8.3803
 20
-10.2115
 10
8.358
 20
-10.2297
 10
8.3357
 20
-10.2479
 10
8.3133
 20
-10.2661
 10
8.2909
 20
-10.2842
 10
8.2684
 20
-10.3023
 10
8.246
 20
-10.3203
 10
8.2234
 20
-10.3383
 10
8.2008
 20
-10.3562
 10
8.1782
 20
-10.374
 10
8.1556
 20
-10.3919
 10
8.1329
 20
-10.4096
 10
8.1102
 20
-10.4273
 10
8.0874
 20
-10.445
 10
8.0646
 20
-10.4626
 10
8.0417
 20
-10.4802
 10
8.0189
 20
-10.4977
 10
7.9959
 20
-10.5152
 10
7.973
 20
-10.5326
 10
7.95
 20
-10.55
 10
7.9269
 20
-10.5673
 10
7.9039
 20
-10.5846
 10
7.8808
 20
-10.6018
 10
7.8576
 20
-10.6189
 10
7.8344
 20
-10.6361
 10
7.8112
 20
-10.6531
 10
7.7879
 20
-10.6701
 10
7.7646
 20
-10.6871
 10
7.7413
 20
-10.704
 10
7.7179
 20
-10.7209
 10
7.6945
 20
-10.7377
 10
7.6711
 20
-10.7545
 10
7.6476
 20
-10.7712
 10
7.6241
 20
-10.7878
 10
7.6005
 20
-10.8044
 10
7.5769
 20
-10.821
 10
7.5533
 20
-10.8375
 10
7.5297
 20
-10.854
 10
7.506
 20
-10.8704
 10
7.4822
 20
-10.8867
 10
7.4585
 20
-10.903
 10
7.4347
 20
-10.9193
 10
7.4108
 20
-10.9354
 10
7.3869
 20
-10.9516
 10
7.363
 20
-10.9677
 10
7.3391
 20
-10.9837
 10
7.3151
 20
-10.9997
 10
7.2911
 20
-11.0156
 10
7.267
 20
-11.0315
 10
7.243
 20
-11.0473
 10
7.2188
 20
-11.0631
 10
7.1947
 20
-11.0788
 10
7.1705
 20
-11.0945
 10
7.1463
 20
-11.1101
 10
7.122
 20
-11.1257
 10
7.0977
 20
-11.1412
 10
7.0734
 20
-11.1567
 10
7.049
 20
-11.1721
 10
7.0247
 20
-11.1874
 10
7.0002
 20
-11.2027
 10
6.9758
 20
-11.218
 10
6.9513
 20
-11.2332
 10
6.9268
 20
-11.2483
 10
6.9022
 20
-11.2634
 10
6.8776
 20
-11.2784
 10
6.853
 20
-11.2934
 10
6.8283
 20
-11.3083
 10
6.8037
 20
-11.3232
 10
6.7789
 20
-11.338
 10
6.7542
 20
-11.3528
 10
6.7294
 20
-11.3675
 10
6.7046
 20
-11.3821
 10
6.6797
 20
-11.3967
 10
6.6549
 20
-11.4113
 10
6.6299
 20
-11.4258
 10
6.605
 20
-11.4402
 10
6.58
 20
-11.4546
 10
6.555
 20
-11.4689
 10
6.53
 20
-11.4832
 10
6.5049
 20
-11.4974
 10
6.4798
 20
-11.5116
 10
6.4547
 20
-11.5257
 10
6.4295
 20
-11.5397
 10
6.4043
 20
-11.5537
 10
6.3791
 20
-11.5677
 10
6.3539
 20
-11.5816
 10
6.3286
 20
-11.5954
 10
6.3033
 20
-11.6092
 10
6.2779
 20
-11.6229
 10
6.2526
 20
-11.6366
 10
6.2272
 20
-11.6502
 10
6.2017
 20
-11.6637
 10
6.1763
 20
-11.6772
 10
6.1508
 20
-11.6907
 10
6.1252
 20
-11.7041
 10
6.0997
 20
-11.7174
 10
6.0741
 20
-11.7307
 10
6.0485
 20
-11.7439
 10
6.0229
 20
-11.7571
 10
5.9972
 20
-11.7702
 10
5.9715
 20
-11.7833
 10
5.9458
 20
-11.7963
 10
5.9201
 20
-11.8092
 10
5.8943
 20
-11.8221
 10
5.8685
 20
-11.8349
 10
5.8426
 20
-11.8477
 10
5.8168
 20
-11.8604
 10
5.7909
 20
-11.8731
 10
5.765
 20
-11.8857
 10
5.739
 20
-11.8982
 10
5.7131
 20
-11.9107
 10
5.6871
 20
-11.9232
 10
5.661
 20
-11.9355
 10
5.635
 20
-11.9479
 10
5.6089
 20
-11.9601
 10
5.5828
 20
-11.9723
 10
5.5567
 20
-11.9845
 10
5.5305
 20
-11.9966
 10
5.5043
 20
-12.0086
 10
5.4781
 20
-12.0206
 10
5.4519
 20
-12.0325
 10
5.4256
 20
-12.0444
 10
5.3993
 20
-12.0562
 10
5.373
 20
-12.0679
 10
5.3467
 20
-12.0796
 10
5.3203
 20
-12.0913
 10
5.2939
 20
-12.1028
 10
5.2675
 20
-12.1144
 10
5.241
 20
-12.1258
 10
5.2146
 20
-12.1372
 10
5.1881
 20
-12.1486
 10
5.1616
 20
-12.1599
 10
5.135
 20
-12.1711
 10
5.1085
 20
-12.1823
 10
5.0819
 20
-12.1934
 10
5.0552
 20
-12.2044
 10
5.0286
 20
-12.2154
 10
5.0019
 20
-12.2264
 10
4.9753
 20
-12.2373
 10
4.9486
 20
-12.2481
 10
4.9218
 20
-12.2589
 10
4.8951
 20
-12.2696
 10
4.8683
 20
-12.2802
 10
4.8415
 20
-12.2908
 10
4.8147
 20
-12.3013
 10
4.7878
 20
-12.3118
 10
4.7609
 20
-12.3222
 10
4.734
 20
-12.3326
 10
4.7071
 20
-12.3429
 10
4.6802
 20
-12.3531
 10
4.6532
 20
-12.3633
 10
4.6262
 20
-12.3734
 10
4.5992
 20
-12.3835
 10
4.5722
 20
-12.3935
 10
4.5452
 20
-12.4035
 10
4.5181
 20
-12.4133
 10
4.491
 20
-12.4232
 10
4.4639
 20
-12.4329
 10
4.4367
 20
-12.4426
 10
4.4096
 20
-12.4523
 10
4.3824
 20
-12.4619
 10
4.3552
 20
-12.4714
 10
4.328
 20
-12.4809
 10
4.3008
 20
-12.4903
 10
4.2735
 20
-12.4997
 10
4.2462
 20
-12.5089
 10
4.2189
 20
-12.5182
 10
4.1916
 20
-12.5274
 10
4.1643
 20
-12.5365
 10
4.1369
 20
-12.5455
 10
4.1095
 20
-12.5545
 10
4.0821
 20
-12.5635
 10
4.0547
 20
-12.5723
 10
4.0273
 20
-12.5811
 10
3.9998
 20
-12.5899
 10
3.9723
 20
-12.5986
 10
3.9448
 20
-12.6072
 10
3.9173
 20
-12.6158
 10
3.8898
 20
-12.6243
 10
3.8622
 20
-12.6328
 10
3.8347
 20
-12.6412
 10
3.8071
 20
-12.6495
 10
3.7795
 20
-12.6578
 10
3.7518
 20
-12.666
 10
3.7242
 20
-12.6742
 10
3.6965
 20
-12.6823
 10
3.6689
 20
-12.6903
 10
3.6412
 20
-12.6983
 10
3.6135
 20
-12.7062
 10
3.5857
 20
-12.714
 10
3.558
 20
-12.7218
 10
3.5302
 20
-12.7296
 10
3.5024
 20
-12.7372
 10
3.4746
 20
-12.7448
 10
3.4468
 20
-12.7524
 10
3.419
 20
-12.7599
 10
3.3912
 20
-12.7673
 10
3.3633
 20
-12.7747
 10
3.3354
 20
-12.782
 10
3.3075
 20
-12.7892
 10
3.2796
 20
-12.7964
 10
3.2517
 20
-12.8035
 10
3.2237
 20
-12.8106
 10
3.1958
 20
-12.8176
 10
3.1678
 20
-12.8245
 10
3.1398
 20
-12.8314
 10
3.1118
 20
-12.8382
 10
3.0838
 20
-12.845
 10
3.0558
 20
-12.8517
 10
3.0277
 20
-12.8583
 10
2.9997
 20
-12.8649
 10
2.9716
 20
-12.8714
 10
2.9435
 20
-12.8779
 10
2.9154
 20
-12.8843
 10
2.8873
 20
-12.8906
 10
2.8592
 20
-12.8969
 10
2.831
 20
-12.9031
 10
2.8029
 20
-12.9092
 10
2.7747
 20
-12.9153
 10
2.7465
 20
-12.9213
 10
2.7183
 20
-12.9273
 10
2.6901
 20
-12.9332
 10
2.6619
 20
-12.939
 10
2.6337
 20
-12.9448
 10
2.6054
 20
-12.9505
 10
2.5771
 20
-12.9562
 10
2.5489
 20
-12.9618
 10
2.5206
 20
-12.9673
 10
2.4923
 20
-12.9728
 10
2.464
 20
-12.9782
 10
2.4357
 20
-12.9835
 10
2.4073
 20
-12.9888
 10
2.379
 20
-12.994
 10
2.3506
 20
-12.9992
 10
2.3223
 20
-13.0043
 10
2.2939
 20
-13.0093
 10
2.2655
 20
-13.0143
 10
2.2371
 20
-13.0192
 10
2.2087
 20
-13.024
 10
2.1803
 20
-13.0288
 10
2.1518
 20
-13.0336
 10
2.1234
 20
-13.0382
 10
2.095
 20
-13.0428
 10
2.0665
 20
-13.0474
 10
2.038
 20
-13.0518
 10
2.0095
 20
-13.0563
 10
1.9811
 20
-13.0606
 10
1.9526
 20
-13.0649
 10
1.9241
 20
-13.0691
 10
1.8955
 20
-13.0733
 10
1.867
 20
-13.0774
 10
1.8385
 20
-13.0814
 10
1.8099
 20
-13.0854
 10
1.7814
 20
-13.0893
 10
1.7528
 20
-13.0932
 10
1.7243
 20
-13.097
 10
1.6957
 20
-13.1007
 10
1.6671
 20
-13.1044
 10
1.6385
 20
-13.108
 10
1.6099
 20
-13.1115
 10
1.5813
 20
-13.115
 10
1.5527
 20
-13.1184
 10
1.524
 20
-13.1218
 10
1.4954
 20
-13.1251
 10
1.4668
 20
-13.1283
 10
1.4381
 20
-13.1315
 10
1.4095
 20
-13.1346
 10
1.3808
 20
-13.1376
 10
1.3522
 20
-13.1406
 10
1.3235
 20
-13.1435
 10
1.2948
 20
-13.1464
 10
1.2661
 20
-13.1492
 10
1.2374
 20
-13.1519
 10
1.2087
 20
-13.1546
 10
1.18
 20
-13.1572
 10
1.1513
 20
-13.1597
 10
1.1226
 20
-13.1622
 10
1.0939
 20
-13.1646
 10
1.0652
 20
-13.167
 10
1.0364
 20
-13.1693
 10
1.0077
 20
-13.1715
 10
0.979
 20
-13.1737
 10
0.9502
 20
-13.1758
 10
0.9215
 20
-13.1778
 10
0.8927
 20
-13.1798
 10
0.864
 20
-13.1817
 10
0.8352
 20
-13.1836
 10
0.8065
 20
-13.1854
 10
0.7777
 20
-13.1871
 10
0.7489
 20
-13.1888
 10
0.7201
 20
-13.1904
 10
0.6914
 20
-13.1919
 10
0.6626
 20
-13.1934
 10
0.6338
 20
-13.1948
 10
0.605
 20
-13.1961
 10
0.5762
 20
-13.1974
 10
0.5474
 20
-13.1987
 10
0.5186
 20
-13.1998
 10
0.4898
 20
-13.2009
 10
0.461
 20
-13.202
 10
0.4322
 20
-13.2029
 10
0.4034
 20
-13.2038
 10
0.3746
 20
-13.2047
 10
0.3458
 20
-13.2055
 10
0.317
 20
-13.2062
 10
0.2882
 20
-13.2069
 10
0.2594
 20
-13.2075
 10
0.2305
 20
-13.208
 10
0.2017
 20
-13.2085
 10
0.1729
 20
-13.2089
 10
0.1441
 20
-13.2092
 10
0.1153
 20
-13.2095
 10
0.0865
 20
-13.2097
 10
0.0576
 20
-13.2099
 10
0.0288
 20
-13.21
 10
0.0
 20
-13.21
 10
-0.0288
 20
-13.21
 10
-0.0576
 20
-13.2099
 10
-0.0865
 20
-13.2097
 10
-0.1153
 20
-13.2095
 10
-0.1441
 20
-13.2092
 10
-0.1729
 20
-13.2089
 10
-0.2017
 20
-13.2085
 10
-0.2305
 20
-13.208
 10
-0.2594
 20
-13.2075
 10
-0.2882
 20
-13.2069
 10
-0.317
 20
-13.2062
 10
-0.3458
 20
-13.2055
 10
-0.3746
 20
-13.2047
 10
-0.4034
 20
-13.2038
 10
-0.4322
 20
-13.2029
 10
-0.461
 20
-13.202
 10
-0.4898
 20
-13.2009
 10
-0.5186
 20
-13.1998
 10
-0.5474
 20
-13.1987
 10
-0.5762
 20
-13.1974
 10
-0.605
 20
-13.1961
 10
-0.6338
 20
-13.1948
 10
-0.6626
 20
-13.1934
 10
-0.6914
 20
-13.1919
 10
-0.7201
 20
-13.1904
 10
-0.7489
 20
-13.1888
 10
-0.7777
 20
-13.1871
 10
-0.8065
 20
-13.1854
 10
-0.8352
 20
-13.1836
 10
-0.864
 20
-13.1817
 10
-0.8927
 20
-13.1798
 10
-0.9215
 20
-13.1778
 10
-0.9502
 20
-13.1758
 10
-0.979
 20
-13.1737
 10
-1.0077
 20
-13.1715
 10
-1.0364
 20
-13.1693
 10
-1.0652
 20
-13.167
 10
-1.0939
 20
-13.1646
 10
-1.1226
 20
-13.1622
 10
-1.1513
 20
-13.1597
 10
-1.18
 20
-13.1572
 10
-1.2087
 20
-13.1546
 10
-1.2374
 20
-13.1519
 10
-1.2661
 20
-13.1492
 10
-1.2948
 20
-13.1464
 10
-1.3235
 20
-13.1435
 10
-1.3522
 20
-13.1406
 10
-1.3808
 20
-13.1376
 10
-1.4095
 20
-13.1346
 10
-1.4381
 20
-13.1315
 10
-1.4668
 20
-13.1283
 10
-1.4954
 20
-13.1251
 10
-1.524
 20
-13.1218
 10
-1.5527
 20
-13.1184
 10
-1.5813
 20
-13.115
 10
-1.6099
 20
-13.1115
 10
-1.6385
 20
-13.108
 10
-1.6671
 20
-13.1044
 10
-1.6957
 20
-13.1007
 10
-1.7243
 20
-13.097
 10
-1.7528
 20
-13.0932
 10
-1.7814
 20
-13.0893
 10
-1.8099
 20
-13.0854
 10
-1.8385
 20
-13.0814
 10
-1.867
 20
-13.0774
 10
-1.8955
 20
-13.0733
 10
-1.9241
 20
-13.0691
 10
-1.9526
 20
-13.0649
 10
-1.9811
 20
-13.0606
 10
-2.0095
 20
-13.0563
 10
-2.038
 20
-13.0518
 10
-2.0665
 20
-13.0474
 10
-2.095
 20
-13.0428
 10
-2.1234
 20
-13.0382
 10
-2.1518
 20
-13.0336
 10
-2.1803
 20
-13.0288
 10
-2.2087
 20
-13.024
 10
-2.2371
 20
-13.0192
 10
-2.2655
 20
-13.0143
 10
-2.2939
 20
-13.0093
 10
-2.3223
 20
-13.0043
 10
-2.3506
 20
-12.9992
 10
-2.379
 20
-12.994
 10
-2.4073
 20
-12.9888
 10
-2.4357
 20
-12.9835
 10
-2.464
 20
-12.9782
 10
-2.4923
 20
-12.9728
 10
-2.5206
 20
-12.9673
 10
-2.5489
 20
-12.9618
 10
-2.5771
 20
-12.9562
 10
-2.6054
 20
-12.9505
 10
-2.6337
 20
-12.9448
 10
-2.6619
 20
-12.939
 10
-2.6901
 20
-12.9332
 10
-2.7183
 20
-12.9273
 10
-2.7465
 20
-12.9213
 10
-2.7747
 20
-12.9153
 10
-2.8029
 20
-12.9092
 10
-2.831
 20
-12.9031
 10
-2.8592
 20
-12.8969
 10
-2.8873
 20
-12.8906
 10
-2.9154
 20
-12.8843
 10
-2.9435
 20
-12.8779
 10
-2.9716
 20
-12.8714
 10
-2.9997
 20
-12.8649
 10
-3.0277
 20
-12.8583
 10
-3.0558
 20
-12.8517
 10
-3.0838
 20
-12.845
 10
-3.1118
 20
-12.8382
 10
-3.1398
 20
-12.8314
 10
-3.1678
 20
-12.8245
 10
-3.1958
 20
-12.8176
 10
-3.2237
 20
-12.8106
 10
-3.2517
 20
-12.8035
 10
-3.2796
 20
-12.7964
 10
-3.3075
 20
-12.7892
 10
-3.3354
 20
-12.782
 10
-3.3633
 20
-12.7747
 10
-3.3912
 20
-12.7673
 10
-3.419
 20
-12.7599
 10
-3.4468
 20
-12.7524
 10
-3.4746
 20
-12.7448
 10
-3.5024
 20
-12.7372
 10
-3.5302
 20
-12.7296
 10
-3.558
 20
-12.7218
 10
-3.5857
 20
-12.714
 10
-3.6135
 20
-12.7062
 10
-3.6412
 20
-12.6983
 10
-3.6689
 20
-12.6903
 10
-3.6965
 20
-12.6823
 10
-3.7242
 20
-12.6742
 10
-3.7518
 20
-12.666
 10
-3.7795
 20
-12.6578
 10
-3.8071
 20
-12.6495
 10
-3.8347
 20
-12.6412
 10
-3.8622
 20
-12.6328
 10
-3.8898
 20
-12.6243
 10
-3.9173
 20
-12.6158
 10
-3.9448
 20
-12.6072
 10
-3.9723
 20
-12.5986
 10
-3.9998
 20
-12.5899
 10
-4.0273
 20
-12.5811
 10
-4.0547
 20
-12.5723
 10
-4.0821
 20
-12.5635
 10
-4.1095
 20
-12.5545
 10
-4.1369
 20
-12.5455
 10
-4.1643
 20
-12.5365
 10
-4.1916
 20
-12.5274
 10
-4.2189
 20
-12.5182
 10
-4.2462
 20
-12.5089
 10
-4.2735
 20
-12.4997
 10
-4.3008
 20
-12.4903
 10
-4.328
 20
-12.4809
 10
-4.3552
 20
-12.4714
 10
-4.3824
 20
-12.4619
 10
-4.4096
 20
-12.4523
 10
-4.4367
 20
-12.4426
 10
-4.4639
 20
-12.4329
 10
-4.491
 20
-12.4232
 10
-4.5181
 20
-12.4133
 10
-4.5452
 20
-12.4035
 10
-4.5722
 20
-12.3935
 10
-4.5992
 20
-12.3835
 10
-4.6262
 20
-12.3734
 10
-4.6532
 20
-12.3633
 10
-4.6802
 20
-12.3531
 10
-4.7071
 20
-12.3429
 10
-4.734
 20
-12.3326
 10
-4.7609
 20
-12.3222
 10
-4.7878
 20
-12.3118
 10
-4.8147
 20
-12.3013
 10
-4.8415
 20
-12.2908
 10
-4.8683
 20
-12.2802
 10
-4.8951
 20
-12.2696
 10
-4.9218
 20
-12.2589
 10
-4.9486
 20
-12.2481
 10
-4.9753
 20
-12.2373
 10
-5.0019
 20
-12.2264
 10
-5.0286
 20
-12.2154
 10
-5.0552
 20
-12.2044
 10
-5.0819
 20
-12.1934
 10
-5.1085
 20
-12.1823
 10
-5.135
 20
-12.1711
 10
-5.1616
 20
-12.1599
 10
-5.1881
 20
-12.1486
 10
-5.2146
 20
-12.1372
 10
-5.241
 20
-12.1258
 10
-5.2675
 20
-12.1144
 10
-5.2939
 20
-12.1028
 10
-5.3203
 20
-12.0913
 10
-5.3467
 20
-12.0796
 10
-5.373
 20
-12.0679
 10
-5.3993
 20
-12.0562
 10
-5.4256
 20
-12.0444
 10
-5.4519
 20
-12.0325
 10
-5.4781
 20
-12.0206
 10
-5.5043
 20
-12.0086
 10
-5.5305
 20
-11.9966
 10
-5.5567
 20
-11.9845
 10
-5.5828
 20
-11.9723
 10
-5.6089
 20
-11.9601
 10
-5.635
 20
-11.9479
 10
-5.661
 20
-11.9355
 10
-5.6871
 20
-11.9232
 10
-5.7131
 20
-11.9107
 10
-5.739
 20
-11.8982
 10
-5.765
 20
-11.8857
 10
-5.7909
 20
-11.8731
 10
-5.8168
 20
-11.8604
 10
-5.8426
 20
-11.8477
 10
-5.8685
 20
-11.8349
 10
-5.8943
 20
-11.8221
 10
-5.9201
 20
-11.8092
 10
-5.9458
 20
-11.7963
 10
-5.9715
 20
-11.7833
 10
-5.9972
 20
-11.7702
 10
-6.0229
 20
-11.7571
 10
-6.0485
 20
-11.7439
 10
-6.0741
 20
-11.7307
 10
-6.0997
 20
-11.7174
 10
-6.1252
 20
-11.7041
 10
-6.1508
 20
-11.6907
 10
-6.1763
 20
-11.6772
 10
-6.2017
 20
-11.6637
 10
-6.2272
 20
-11.6502
 10
-6.2526
 20
-11.6366
 10
-6.2779
 20
-11.6229
 10
-6.3033
 20
-11.6092
 10
-6.3286
 20
-11.5954
 10
-6.3539
 20
-11.5816
 10
-6.3791
 20
-11.5677
 10
-6.4043
 20
-11.5537
 10
-6.4295
 20
-11.5397
 10
-6.4547
 20
-11.5257
 10
-6.4798
 20
-11.5116
 10
-6.5049
 20
-11.4974
 10
-6.53
 20
-11.4832
 10
-6.555
 20
-11.4689
 10
-6.58
 20
-11.4546
 10
-6.605
 20
-11.4402
 10
-6.6299
 20
-11.4258
 10
-6.6549
 20
-11.4113
 10
-6.6797
 20
-11.3967
 10
-6.7046
 20
-11.3821
 10
-6.7294
 20
-11.3675
 10
-6.7542
 20
-11.3528
 10
-6.7789
 20
-11.338
 10
-6.8037
 20
-11.3232
 10
-6.8283
 20
-11.3083
 10
-6.853
 20
-11.2934
 10
-6.8776
 20
-11.2784
 10
-6.9022
 20
-11.2634
 10
-6.9268
 20
-11.2483
 10
-6.9513
 20
-11.2332
 10
-6.9758
 20
-11.218
 10
-7.0002
 20
-11.2027
 10
-7.0247
 20
-11.1874
 10
-7.049
 20
-11.1721
 10
-7.0734
 20
-11.1567
 10
-7.0977
 20
-11.1412
 10
-7.122
 20
-11.1257
 10
-7.1463
 20
-11.1101
 10
-7.1705
 20
-11.0945
 10
-7.1947
 20
-11.0788
 10
-7.2188
 20
-11.0631
 10
-7.243
 20
-11.0473
 10
-7.267
 20
-11.0315
 10
-7.2911
 20
-11.0156
 10
-7.3151
 20
-10.9997
 10
-7.3391
 20
-10.9837
 10
-7.363
 20
-10.9677
 10
-7.3869
 20
-10.9516
 10
-7.4108
 20
-10.9354
 10
-7.4347
 20
-10.9193
 10
-7.4585
 20
-10.903
 10
-7.4822
 20
-10.8867
 10
-7.506
 20
-10.8704
 10
-7.5297
 20
-10.854
 10
-7.5533
 20
-10.8375
 10
-7.5769
 20
-10.821
 10
-7.6005
 20
-10.8044
 10
-7.6241
 20
-10.7878
 10
-7.6476
 20
-10.7712
 10
-7.6711
 20
-10.7545
 10
-7.6945
 20
-10.7377
 10
-7.7179
 20
-10.7209
 10
-7.7413
 20
-10.704
 10
-7.7646
 20
-10.6871
 10
-7.7879
 20
-10.6701
 10
-7.8112
 20
-10.6531
 10
-7.8344
 20
-10.6361
 10
-7.8576
 20
-10.6189
 10
-7.8808
 20
-10.6018
 10
-7.9039
 20
-10.5846
 10
-7.9269
 20
-10.5673
 10
-7.95
 20
-10.55
 10
-7.973
 20
-10.5326
 10
-7.9959
 20
-10.5152
 10
-8.0189
 20
-10.4977
 10
-8.0417
 20
-10.4802
 10
-8.0646
 20
-10.4626
 10
-8.0874
 20
-10.445
 10
-8.1102
 20
-10.4273
 10
-8.1329
 20
-10.4096
 10
-8.1556
 20
-10.3919
 10
-8.1782
 20
-10.374
 10
-8.2008
 20
-10.3562
 10
-8.2234
 20
-10.3383
 10
-8.246
 20
-10.3203
 10
-8.2684
 20
-10.3023
 10
-8.2909
 20
-10.2842
 10
-8.3133
 20
-10.2661
 10
-8.3357
 20
-10.2479
 10
-8.358
 20
-10.2297
 10
-8.3803
 20
-10.2115
 10
-8.4026
 20
-10.1932
 10
-8.4248
 20
-10.1748
 10
-8.447
 20
-10.1564
 10
-8.4691
 20
-10.1379
 10
-8.4912
 20
-10.1194
 10
-8.5133
 20
-10.1009
 10
-8.5353
 20
-10.0823
 10
-8.5573
 20
-10.0637
 10
-8.5792
 20
-10.045
 10
-8.6011
 20
-10.0262
 10
-8.623
 20
-10.0074
 10
-8.6448
 20
-9.9886
 10
-8.6665
 20
-9.9697
 10
-8.6883
 20
-9.9508
 10
-8.71
 20
-9.9318
 10
-8.7316
 20
-9.9128
 10
-8.7532
 20
-9.8937
 10
-8.7748
 20
-9.8746
 10
-8.7963
 20
-9.8554
 10
-8.8178
 20
-9.8362
 10
-8.8392
 20
-9.8169
 10
-8.8606
 20
-9.7976
 10
-8.882
 20
-9.7783
 10
-8.9033
 20
-9.7589
 10
-8.9245
 20
-9.7394
 10
-8.9458
 20
-9.7199
 10
-8.967
 20
-9.7004
 10
-8.9881
 20
-9.6808
 10
-9.0092
 20
-9.6612
 10
-9.0303
 20
-9.6415
 10
-9.0513
 20
-9.6218
 10
-9.0722
 20
-9.602
 10
-9.0932
 20
-9.5822
 10
-9.114
 20
-9.5623
 10
-9.1349
 20
-9.5424
 10
-9.1557
 20
-9.5225
 10
-9.1764
 20
-9.5025
 10
-9.1971
 20
-9.4824
 10
-9.2178
 20
-9.4623
 10
-9.2384
 20
-9.4422
 10
-9.259
 20
-9.422
 10
-9.2795
 20
-9.4018
 10
-9.3
 20
-9.3815
 10
-9.3205
 20
-9.3612
 10
-9.3409
 20
-9.3409
 10
-9.3612
 20
-9.3205
 10
-9.3815
 20
-9.3
 10
-9.4018
 20
-9.2795
 10
-9.422
 20
-9.259
 10
-9.4422
 20
-9.2384
 10
-9.4623
 20
-9.2178
 10
-9.4824
 20
-9.1971
 10
-9.5025
 20
-9.1764
 10
-9.5225
 20
-9.1557
 10
-9.5424
 20
-9.1349
 10
-9.5623
 20
-9.114
 10
-9.5822
 20
-9.0932
 10
-9.602
 20
-9.0722
 10
-9.6218
 20
-9.0513
 10
-9.6415
 20
-9.0303
 10
-9.6612
 20
-9.0092
 10
-9.6808
 20
-8.9881
 10
-9.7004
 20
-8.967
 10
-9.7199
 20
-8.9458
 10
-9.7394
 20
-8.9245
 10
-9.7589
 20
-8.9033
 10
-9.7783
 20
-8.882
 10
-9.7976
 20
-8.8606
 10
-9.8169
 20
-8.8392
 10
-9.8362
 20
-8.8178
 10
-9.8554
 20
-8.7963
 10
-9.8746
 20
-8.7748
 10
-9.8937
 20
-8.7532
 10
-9.9128
 20
-8.7316
 10
-9.9318
 20
-8.71
 10
-9.9508
 20
-8.6883
 10
-9.9697
 20
-8.6665
 10
-9.9886
 20
-8.6448
 10
-10.0074
 20
-8.623
 10
-10.0262
 20
-8.6011
 10
-10.045
 20
-8.5792
 10
-10.0637
 20
-8.5573
 10
-10.0823
 20
-8.5353
 10
-10.1009
 20
-8.5133
 10
-10.1194
 20
-8.4912
 10
-10.1379
 20
-8.4691
 10
-10.1564
 20
-8.447
 10
-10.1748
 20
-8.4248
 10
-10.1932
 20
-8.4026
 10
-10.2115
 20
-8.3803
 10
-10.2297
 20
-8.358
 10
-10.2479
 20
-8.3357
 10
-10.2661
 20
-8.3133
 10
-10.2842
 20
-8.2909
 10
-10.3023
 20
-8.2684
 10
-10.3203
 20
-8.246
 10
-10.3383
 20
-8.2234
 10
-10.3562
 20
-8.2008
 10
-10.374
 20
-8.1782
 10
-10.3919
 20
-8.1556
 10
-10.4096
 20
-8.1329
 10
-10.4273
 20
-8.1102
 10
-10.445
 20
-8.0874
 10
-10.4626
 20
-8.0646
 10
-10.4802
 20
-8.0417
 10
-10.4977
 20
-8.0189
 10
-10.5152
 20
-7.9959
 10
-10.5326
 20
-7.973
 10
-10.55
 20
-7.95
 10
-10.5673
 20
-7.9269
 10
-10.5846
 20
-7.9039
 10
-10.6018
 20
-7.8808
 10
-10.6189
 20
-7.8576
 10
-10.6361
 20
-7.8344
 10
-10.6531
 20
-7.8112
 10
-10.6701
 20
-7.7879
 10
-10.6871
 20
-7.7646
 10
-10.704
 20
-7.7413
 10
-10.7209
 20
-7.7179
 10
-10.7377
 20
-7.6945
 10
-10.7545
 20
-7.6711
 10
-10.7712
 20
-7.6476
 10
-10.7878
 20
-7.6241
 10
-10.8044
 20
-7.6005
 10
-10.821
 20
-7.5769
 10
-10.8375
 20
-7.5533
 10
-10.854
 20
-7.5297
 10
-10.8704
 20
-7.506
 10
-10.8867
 20
-7.4822
 10
-10.903
 20
-7.4585
 10
-10.9193
 20
-7.4347
 10
-10.9354
 20
-7.4108
 10
-10.9516
 20
-7.3869
 10
-10.9677
 20
-7.363
 10
-10.9837
 20
-7.3391
 10
-10.9997
 20
-7.3151
 10
-11.0156
 20
-7.2911
 10
-11.0315
 20
-7.267
 10
-11.0473
 20
-7.243
 10
-11.0631
 20
-7.2188
 10
-11.0788
 20
-7.1947
 10
-11.0945
 20
-7.1705
 10
-11.1101
 20
-7.1463
 10
-11.1257
 20
-7.122
 10
-11.1412
 20
-7.0977
 10
-11.1567
 20
-7.0734
 10
-11.1721
 20
-7.049
 10
-11.1874
 20
-7.0247
 10
-11.2027
 20
-7.0002
 10
-11.218
 20
-6.9758
 10
-11.2332
 20
-6.9513
 10
-11.2483
 20
-6.9268
 10
-11.2634
 20
-6.9022
 10
-11.2784
 20
-6.8776
 10
-11.2934
 20
-6.853
 10
-11.3083
 20
-6.8283
 10
-11.3232
 20
-6.8037
 10
-11.338
 20
-6.7789
 10
-11.3528
 20
-6.7542
 10
-11.3675
 20
-6.7294
 10
-11.3821
 20
-6.7046
 10
-11.3967
 20
-6.6797
 10
-11.4113
 20
-6.6549
 10
-11.4258
 20
-6.6299
 10
-11.4402
 20
-6.605
 10
-11.4546
 20
-6.58
 10
-11.4689
 20
-6.555
 10
-11.4832
 20
-6.53
 10
-11.4974
 20
-6.5049
 10
-11.5116
 20
-6.4798
 10
-11.5257
 20
-6.4547
 10
-11.5397
 20
-6.4295
 10
-11.5537
 20
-6.4043
 10
-11.5677
 20
-6.3791
 10
-11.5816
 20
-6.3539
 10
-11.5954
 20
-6.3286
 10
-11.6092
 20
-6.3033
 10
-11.6229
 20
-6.2779
 10
-11.6366
 20
-6.2526
 10
-11.6502
 20
-6.2272
 10
-11.6637
 20
-6.2017
 10
-11.6772
 20
-6.1763
 10
-11.6907
 20
-6.1508
 10
-11.7041
 20
-6.1252
 10
-11.7174
 20
-6.0997
 10
-11.7307
 20
-6.0741
 10
-11.7439
 20
-6.0485
 10
-11.7571
 20
-6.0229
 10
-11.7702
 20
-5.9972
 10
-11.7833
 20
-5.9715
 10
-11.7963
 20
-5.9458
 10
-11.8092
 20
-5.9201
 10
-11.8221
 20
-5.8943
 10
-11.8349
 20
-5.8685
 10
-11.8477
 20
-5.8426
 10
-11.8604
 20
-5.8168
 10
-11.8731
 20
-5.7909
 10
-11.8857
 20
-5.765
 10
-11.8982
 20
-5.739
 10
-11.9107
 20
-5.7131
 10
-11.9232
 20
-5.6871
 10
-11.9355
 20
-5.661
 10
-11.9479
 20
-5.635
 10
-11.9601
 20
-5.6089
 10
-11.9723
 20
-5.5828
 10
-11.9845
 20
-5.5567
 10
-11.9966
 20
-5.5305
 10
-12.0086
 20
-5.5043
 10
-12.0206
 20
-5.4781
 10
-12.0325
 20
-5.4519
 10
-12.0444
 20
-5.4256
 10
-12.0562
 20
-5.3993
 10
-12.0679
 20
-5.373
 10
-12.0796
 20
-5.3467
 10
-12.0913
 20
-5.3203
 10
-12.1028
 20
-5.2939
 10
-12.1144
 20
-5.2675
 10
-12.1258
 20
-5.241
 10
-12.1372
 20
-5.2146
 10
-12.1486
 20
-5.1881
 10
-12.1599
 20
-5.1616
 10
-12.1711
 20
-5.135
 10
-12.1823
 20
-5.1085
 10
-12.1934
 20
-5.0819
 10
-12.2044
 20
-5.0552
 10
-12.2154
 20
-5.0286
 10
-12.2264
 20
-5.0019
 10
-12.2373
 20
-4.9753
 10
-12.2481
 20
-4.9486
 10
-12.2589
 20
-4.9218
 10
-12.2696
 20
-4.8951
 10
-12.2802
 20
-4.8683
 10
-12.2908
 20
-4.8415
 10
-12.3013
 20
-4.8147
 10
-12.3118
 20
-4.7878
 10
-12.3222
 20
-4.7609
 10
-12.3326
 20
-4.734
 10
-12.3429
 20
-4.7071
 10
-12.3531
 20
-4.6802
 10
-12.3633
 20
-4.6532
 10
-12.3734
 20
-4.6262
 10
-12.3835
 20
-4.5992
 10
-12.3935
 20
-4.5722
 10
-12.4035
 20
-4.5452
 10
-12.4133
 20
-4.5181
 10
-12.4232
 20
-4.491
 10
-12.4329
 20
-4.4639
 10
-12.4426
 20
-4.4367
 10
-12.4523
 20
-4.4096
 10
-12.4619
 20
-4.3824
 10
-12.4714
 20
-4.3552
 10
-12.4809
 20
-4.328
 10
-12.4903
 20
-4.3008
 10
-12.4997
 20
-4.2735
 10
-12.5089
 20
-4.2462
 10
-12.5182
 20
-4.2189
 10
-12.5274
 20
-4.1916
 10
-12.5365
 20
-4.1643
 10
-12.5455
 20
-4.1369
 10
-12.5545
 20
-4.1095
 10
-12.5635
 20
-4.0821
 10
-12.5723
 20
-4.0547
 10
-12.5811
 20
-4.0273
 10
-12.5899
 20
-3.9998
 10
-12.5986
 20
-3.9723
 10
-12.6072
 20
-3.9448
 10
-12.6158
 20
-3.9173
 10
-12.6243
 20
-3.8898
 10
-12.6328
 20
-3.8622
 10
-12.6412
 20
-3.8347
 10
-12.6495
 20
-3.8071
 10
-12.6578
 20
-3.7795
 10
-12.666
 20
-3.7518
 10
-12.6742
 20
-3.7242
 10
-12.6823
 20
-3.6965
 10
-12.6903
 20
-3.6689
 10
-12.6983
 20
-3.6412
 10
-12.7062
 20
-3.6135
 10
-12.714
 20
-3.5857
 10
-12.7218
 20
-3.558
 10
-12.7296
 20
-3.5302
 10
-12.7372
 20
-3.5024
 10
-12.7448
 20
-3.4746
 10
-12.7524
 20
-3.4468
 10
-12.7599
 20
-3.419
 10
-12.7673
 20
-3.3912
 10
-12.7747
 20
-3.3633
 10
-12.782
 20
-3.3354
 10
-12.7892
 20
-3.3075
 10
-12.7964
 20
-3.2796
 10
-12.8035
 20
-3.2517
 10
-12.8106
 20
-3.2237
 10
-12.8176
 20
-3.1958
 10
-12.8245
 20
-3.1678
 10
-12.8314
 20
-3.1398
 10
-12.8382
 20
-3.1118
 10
-12.845
 20
-3.0838
 10
-12.8517
 20
-3.0558
 10
-12.8583
 20
-3.0277
 10
-12.8649
 20
-2.9997
 10
-12.8714
 20
-2.9716
 10
-12.8779
 20
-2.9435
 10
-12.8843
 20
-2.9154
 10
-12.8906
 20
-2.8873
 10
-12.8969
 20
-2.8592
 10
-12.9031
 20
-2.831
 10
-12.9092
 20
-2.8029
 10
-12.9153
 20
-2.7747
 10
-12.9213
 20
-2.7465
 10
-12.9273
 20
-2.7183
 10
-12.9332
 20
-2.6901
 10
-12.939
 20
-2.6619
 10
-12.9448
 20
-2.6337
 10
-12.9505
 20
-2.6054
 10
-12.9562
 20
-2.5771
 10
-12.9618
 20
-2.5489
 10
-12.9673
 20
-2.5206
 10
-12.9728
 20
-2.4923
 10
-12.9782
 20
-2.464
 10
-12.9835
 20
-2.4357
 10
-12.9888
 20
-2.4073
 10
-12.994
 20
-2.379
 10
-12.9992
 20
-2.3506
 10
-13.0043
 20
-2.3223
 10
-13.0093
 20
-2.2939
 10
-13.0143
 20
-2.2655
 10
-13.0192
 20
-2.2371
 10
-13.024
 20
-2.2087
 10
-13.0288
 20
-2.1803
 10
-13.0336
 20
-2.1518
 10
-13.0382
 20
-2.1234
 10
-13.0428
 20
-2.095
 10
-13.0474
 20
-2.0665
 10
-13.0518
 20
-2.038
 10
-13.0563
 20
-2.0095
 10
-13.0606
 20
-1.9811
 10
-13.0649
 20
-1.9526
 10
-13.0691
 20
-1.9241
 10
-13.0733
 20
-1.8955
 10
-13.0774
 20
-1.867
 10
-13.0814
 20
-1.8385
 10
-13.0854
 20
-1.8099
 10
-13.0893
 20
-1.7814
 10
-13.0932
 20
-1.7528
 10
-13.097
 20
-1.7243
 10
-13.1007
 20
-1.6957
 10
-13.1044
 20
-1.6671
 10
-13.108
 20
-1.6385
 10
-13.1115
 20
-1.6099
 10
-13.115
 20
-1.5813
 10
-13.1184
 20
-1.5527
 10
-13.1218
 20
-1.524
 10
-13.1251
 20
-1.4954
 10
-13.1283
 20
-1.4668
 10
-13.1315
 20
-1.4381
 10
-13.1346
 20
-1.4095
 10
-13.1376
 20
-1.3808
 10
-13.1406
 20
-1.3522
 10
-13.1435
 20
-1.3235
 10
-13.1464
 20
-1.2948
 10
-13.1492
 20
-1.2661
 10
-13.1519
 20
-1.2374
 10
-13.1546
 20
-1.2087
 10
-13.1572
 20
-1.18
 10
-13.1597
 20
-1.1513
 10
-13.1622
 20
-1.1226
 10
-13.1646
 20
-1.0939
 10
-13.167
 20
-1.0652
 10
-13.1693
 20
-1.0364
 10
-13.1715
 20
-1.0077
 10
-13.1737
 20
-0.979
 10
-13.1758
 20
-0.9502
 10
-13.1778
 20
-0.9215
 10
-13.1798
 20
-0.8927
 10
-13.1817
 20
-0.864
 10
-13.1836
 20
-0.8352
 10
-13.1854
 20
-0.8065
 10
-13.1871
 20
-0.7777
 10
-13.1888
 20
-0.7489
 10
-13.1904
 20
-0.7201
 10
-13.1919
 20
-0.6914
 10
-13.1934
 20
-0.6626
 10
-13.1948
 20
-0.6338
 10
-13.1961
 20
-0.605
 10
-13.1974
 20
-0.5762
 10
-13.1987
 20
-0.5474
 10
-13.1998
 20
-0.5186
 10
-13.2009
 20
-0.4898
 10
-13.202
 20
-0.461
 10
-13.2029
 20
-0.4322
 10
-13.2038
 20
-0.4034
 10
-13.2047
 20
-0.3746
 10
-13.2055
 20
-0.3458
 10
-13.2062
 20
-0.317
 10
-13.2069
 20
-0.2882
 10
-13.2075
 20
-0.2594
 10
-13.208
 20
-0.2305
 10
-13.2085
 20
-0.2017
 10
-13.2089
 20
-0.1729
 10
-13.2092
 20
-0.1441
 10
-13.2095
 20
-0.1153
 10
-13.2097
 20
-0.0865
 10
-13.2099
 20
-0.0576
 10
-13.21
 20
-0.0288
 10
-13.21
 20
0.0
 10
-13.21
 20
0.0288
 10
-13.2099
 20
0.0576
 10
-13.2097
 20
0.0865
 10
-13.2095
 20
0.1153
 10
-13.2092
 20
0.1441
 10
-13.2089
 20
0.1729
 10
-13.2085
 20
0.2017
 10
-13.208
 20
0.2305
 10
-13.2075
 20
0.2594
 10
-13.2069
 20
0.2882
 10
-13.2062
 20
0.317
 10
-13.2055
 20
0.3458
 10
-13.2047
 20
0.3746
 10
-13.2038
 20
0.4034
 10
-13.2029
 20
0.4322
 10
-13.202
 20
0.461
 10
-13.2009
 20
0.4898
 10
-13.1998
 20
0.5186
 10
-13.1987
 20
0.5474
 10
-13.1974
 20
0.5762
 10
-13.1961
 20
0.605
 10
-13.1948
 20
0.6338
 10
-13.1934
 20
0.6626
 10
-13.1919
 20
0.6914
 10
-13.1904
 20
0.7201
 10
-13.1888
 20
0.7489
 10
-13.1871
 20
0.7777
 10
-13.1854
 20
0.8065
 10
-13.1836
 20
0.8352
 10
-13.1817
 20
0.864
 10
-13.1798
 20
0.8927
 10
-13.1778
 20
0.9215
 10
-13.1758
 20
0.9502
 10
-13.1737
 20
0.979
 10
-13.1715
 20
1.0077
 10
-13.1693
 20
1.0364
 10
-13.167
 20
1.0652
 10
-13.1646
 20
1.0939
 10
-13.1622
 20
1.1226
 10
-13.1597
 20
1.1513
 10
-13.1572
 20
1.18
 10
-13.1546
 20
1.2087
 10
-13.1519
 20
1.2374
 10
-13.1492
 20
1.2661
 10
-13.1464
 20
1.2948
 10
-13.1435
 20
1.3235
 10
-13.1406
 20
1.3522
 10
-13.1376
 20
1.3808
 10
-13.1346
 20
1.4095
 10
-13.1315
 20
1.4381
 10
-13.1283
 20
1.4668
 10
-13.1251
 20
1.4954
 10
-13.1218
 20
1.524
 10
-13.1184
 20
1.5527
 10
-13.115
 20
1.5813
 10
-13.1115
 20
1.6099
 10
-13.108
 20
1.6385
 10
-13.1044
 20
1.6671
 10
-13.1007
 20
1.6957
 10
-13.097
 20
1.7243
 10
-13.0932
 20
1.7528
 10
-13.0893
 20
1.7814
 10
-13.0854
 20
1.8099
 10
-13.0814
 20
1.8385
 10
-13.0774
 20
1.867
 10
-13.0733
 20
1.8955
 10
-13.0691
 20
1.9241
 10
-13.0649
 20
1.9526
 10
-13.0606
 20
1.9811
 10
-13.0563
 20
2.0095
 10
-13.0518
 20
2.038
 10
-13.0474
 20
2.0665
 10
-13.0428
 20
2.095
 10
-13.0382
 20
2.1234
 10
-13.0336
 20
2.1518
 10
-13.0288
 20
2.1803
 10
-13.024
 20
2.2087
 10
-13.0192
 20
2.2371
 10
-13.0143
 20
2.2655
 10
-13.0093
 20
2.2939
 10
-13.0043
 20
2.3223
 10
-12.9992
 20
2.3506
 10
-12.994
 20
2.379
 10
-12.9888
 20
2.4073
 10
-12.9835
 20
2.4357
 10
-12.9782
 20
2.464
 10
-12.9728
 20
2.4923
 10
-12.9673
 20
2.5206
 10
-12.9618
 20
2.5489
 10
-12.9562
 20
2.5771
 10
-12.9505
 20
2.6054
 10
-12.9448
 20
2.6337
 10
-12.939
 20
2.6619
 10
-12.9332
 20
2.6901
 10
-12.9273
 20
2.7183
 10
-12.9213
 20
2.7465
 10
-12.9153
 20
2.7747
 10
-12.9092
 20
2.8029
 10
-12.9031
 20
2.831
 10
-12.8969
 20
2.8592
 10
-12.8906
 20
2.8873
 10
-12.8843
 20
2.9154
 10
-12.8779
 20
2.9435
 10
-12.8714
 20
2.9716
 10
-12.8649
 20
2.9997
 10
-12.8583
 20
3.0277
 10
-12.8517
 20
3.0558
 10
-12.845
 20
3.0838
 10
-12.8382
 20
3.1118
 10
-12.8314
 20
3.1398
 10
-12.8245
 20
3.1678
 10
-12.8176
 20
3.1958
 10
-12.8106
 20
3.2237
 10
-12.8035
 20
3.2517
 10
-12.7964
 20
3.2796
 10
-12.7892
 20
3.3075
 10
-12.782
 20
3.3354
 10
-12.7747
 20
3.3633
 10
-12.7673
 20
3.3912
 10
-12.7599
 20
3.419
 10
-12.7524
 20
3.4468
 10
-12.7448
 20
3.4746
 10
-12.7372
 20
3.5024
 10
-12.7296
 20
3.5302
 10
-12.7218
 20
3.558
 10
-12.714
 20
3.5857
 10
-12.7062
 20
3.6135
 10
-12.6983
 20
3.6412
 10
-12.6903
 20
3.6689
 10
-12.6823
 20
3.6965
 10
-12.6742
 20
3.7242
 10
-12.666
 20
3.7518
 10
-12.6578
 20
3.7795
 10
-12.6495
 20
3.8071
 10
-12.6412
 20
3.8347
 10
-12.6328
 20
3.8622
 10
-12.6243
 20
3.8898
 10
-12.6158
 20
3.9173
 10
-12.6072
 20
3.9448
 10
-12.5986
 20
3.9723
 10
-12.5899
 20
3.9998
 10
-12.5811
 20
4.0273
 10
-12.5723
 20
4.0547
 10
-12.5635
 20
4.0821
 10
-12.5545
 20
4.1095
 10
-12.5455
 20
4.1369
 10
-12.5365
 20
4.1643
 10
-12.5274
 20
4.1916
 10
-12.5182
 20
4.2189
 10
-12.5089
 20
4.2462
 10
-12.4997
 20
4.2735
 10
-12.4903
 20
4.3008
 10
-12.4809
 20
4.328
 10
-12.4714
 20
4.3552
 10
-12.4619
 20
4.3824
 10
-12.4523
 20
4.4096
 10
-12.4426
 20
4.4367
 10
-12.4329
 20
4.4639
 10
-12.4232
 20
4.491
 10
-12.4133
 20
4.5181
 10
-12.4035
 20
4.5452
 10
-12.3935
 20
4.5722
 10
-12.3835
 20
4.5992
 10
-12.3734
 20
4.6262
 10
-12.3633
 20
4.6532
 10
-12.3531
 20
4.6802
 10
-12.3429
 20
4.7071
 10
-12.3326
 20
4.734
 10
-12.3222
 20
4.7609
 10
-12.3118
 20
4.7878
 10
-12.3013
 20
4.8147
 10
-12.2908
 20
4.8415
 10
-12.2802
 20
4.8683
 10
-12.2696
 20
4.8951
 10
-12.2589
 20
4.9218
 10
-12.2481
 20
4.9486
 10
-12.2373
 20
4.9753
 10
-12.2264
 20
5.0019
 10
-12.2154
 20
5.0286
 10
-12.2044
 20
5.0552
 10
-12.1934
 20
5.0819
 10
-12.1823
 20
5.1085
 10
-12.1711
 20
5.135
 10
-12.1599
 20
5.1616
 10
-12.1486
 20
5.1881
 10
-12.1372
 20
5.2146
 10
-12.1258
 20
5.241
 10
-12.1144
 20
5.2675
 10
-12.1028
 20
5.2939
 10
-12.0913
 20
5.3203
 10
-12.0796
 20
5.3467
 10
-12.0679
 20
5.373
 10
-12.0562
 20
5.3993
 10
-12.0444
 20
5.4256
 10
-12.0325
 20
5.4519
 10
-12.0206
 20
5.4781
 10
-12.0086
 20
5.5043
 10
-11.9966
 20
5.5305
 10
-11.9845
 20
5.5567
 10
-11.9723
 20
5.5828
 10
-11.9601
 20
5.6089
 10
-11.9479
 20
5.635
 10
-11.9355
 20
5.661
 10
-11.9232
 20
5.6871
 10
-11.9107
 20
5.7131
 10
-11.8982
 20
5.739
 10
-11.8857
 20
5.765
 10
-11.8731
 20
5.7909
 10
-11.8604
 20
5.8168
 10
-11.8477
 20
5.8426
 10
-11.8349
 20
5.8685
 10
-11.8221
 20
5.8943
 10
-11.8092
 20
5.9201
 10
-11.7963
 20
5.9458
 10
-11.7833
 20
5.9715
 10
-11.7702
 20
5.9972
 10
-11.7571
 20
6.0229
 10
-11.7439
 20
6.0485
 10
-11.7307
 20
6.0741
 10
-11.7174
 20
6.0997
 10
-11.7041
 20
6.1252
 10
-11.6907
 20
6.1508
 10
-11.6772
 20
6.1763
 10
-11.6637
 20
6.2017
 10
-11.6502
 20
6.2272
 10
-11.6366
 20
6.2526
 10
-11.6229
 20
6.2779
 10
-11.6092
 20
6.3033
 10
-11.5954
 20
6.3286
 10
-11.5816
 20
6.3539
 10
-11.5677
 20
6.3791
 10
-11.5537
 20
6.4043
 10
-11.5397
 20
6.4295
 10
-11.5257
 20
6.4547
 10
-11.5116
 20
6.4798
 10
-11.4974
 20
6.5049
 10
-11.4832
 20
6.53
 10
-11.4689
 20
6.555
 10
-11.4546
 20
6.58
 10
-11.4402
 20
6.605
 10
-11.4258
 20
6.6299
 10
-11.4113
 20
6.6549
 10
-11.3967
 20
6.6797
 10
-11.3821
 20
6.7046
 10
-11.3675
 20
6.7294
 10
-11.3528
 20
6.7542
 10
-11.338
 20
6.7789
 10
-11.3232
 20
6.8037
 10
-11.3083
 20
6.8283
 10
-11.2934
 20
6.853
 10
-11.2784
 20
6.8776
 10
-11.2634
 20
6.9022
 10
-11.2483
 20
6.9268
 10
-11.2332
 20
6.9513
 10
-11.218
 20
6.9758
 10
-11.2027
 20
7.0002
 10
-11.1874
 20
7.0247
 10
-11.1721
 20
7.049
 10
-11.1567
 20
7.0734
 10
-11.1412
 20
7.0977
 10
-11.1257
 20
7.122
 10
-11.1101
 20
7.1463
 10
-11.0945
 20
7.1705
 10
-11.0788
 20
7.1947
 10
-11.0631
 20
7.2188
 10
-11.0473
 20
7.243
 10
-11.0315
 20
7.267
 10
-11.0156
 20
7.2911
 10
-10.9997
 20
7.3151
 10
-10.9837
 20
7.3391
 10
-10.9677
 20
7.363
 10
-10.9516
 20
7.3869
 10
-10.9354
 20
7.4108
 10
-10.9193
 20
7.4347
 10
-10.903
 20
7.4585
 10
-10.8867
 20
7.4822
 10
-10.8704
 20
7.506
 10
-10.854
 20
7.5297
 10
-10.8375
 20
7.5533
 10
-10.821
 20
7.5769
 10
-10.8044
 20
7.6005
 10
-10.7878
 20
7.6241
 10
-10.7712
 20
7.6476
 10
-10.7545
 20
7.6711
 10
-10.7377
 20
7.6945
 10
-10.7209
 20
7.7179
 10
-10.704
 20
7.7413
 10
-10.6871
 20
7.7646
 10
-10.6701
 20
7.7879
 10
-10.6531
 20
7.8112
 10
-10.6361
 20
7.8344
 10
-10.6189
 20
7.8576
 10
-10.6018
 20
7.8808
 10
-10.5846
 20
7.9039
 10
-10.5673
 20
7.9269
 10
-10.55
 20
7.95
 10
-10.5326
 20
7.973
 10
-10.5152
 20
7.9959
 10
-10.4977
 20
8.0189
 10
-10.4802
 20
8.0417
 10
-10.4626
 20
8.0646
 10
-10.445
 20
8.0874
 10
-10.4273
 20
8.1102
 10
-10.4096
 20
8.1329
 10
-10.3919
 20
8.1556
 10
-10.374
 20
8.1782
 10
-10.3562
 20
8.2008
 10
-10.3383
 20
8.2234
 10
-10.3203
 20
8.246
 10
-10.3023
 20
8.2684
 10
-10.2842
 20
8.2909
 10
-10.2661
 20
8.3133
 10
-10.2479
 20
8.3357
 10
-10.2297
 20
8.358
 10
-10.2115
 20
8.3803
 10
-10.1932
 20
8.4026
 10
-10.1748
 20
8.4248
 10
-10.1564
 20
8.447
 10
-10.1379
 20
8.4691
 10
-10.1194
 20
8.4912
 10
-10.1009
 20
8.5133
 10
-10.0823
 20
8.5353
 10
-10.0637
 20
8.5573
 10
-10.045
 20
8.5792
 10
-10.0262
 20
8.6011
 10
-10.0074
 20
8.623
 10
-9.9886
 20
8.6448
 10
-9.9697
 20
8.6665
 10
-9.9508
 20
8.6883
 10
-9.9318
 20
8.71
 10
-9.9128
 20
8.7316
 10
-9.8937
 20
8.7532
 10
-9.8746
 20
8.7748
 10
-9.8554
 20
8.7963
 10
-9.8362
 20
8.8178
 10
-9.8169
 20
8.8392
 10
-9.7976
 20
8.8606
 10
-9.7783
 20
8.882
 10
-9.7589
 20
8.9033
 10
-9.7394
 20
8.9245
 10
-9.7199
 20
8.9458
 10
-9.7004
 20
8.967
 10
-9.6808
 20
8.9881
 10
-9.6612
 20
9.0092
 10
-9.6415
 20
9.0303
 10
-9.6218
 20
9.0513
 10
-9.602
 20
9.0722
 10
-9.5822
 20
9.0932
 10
-9.5623
 20
9.114
 10
-9.5424
 20
9.1349
 10
-9.5225
 20
9.1557
 10
-9.5025
 20
9.1764
 10
-9.4824
 20
9.1971
 10
-9.4623
 20
9.2178
 10
-9.4422
 20
9.2384
 10
-9.422
 20
9.259
 10
-9.4018
 20
9.2795
 10
-9.3815
 20
9.3
 10
-9.3612
 20
9.3205
 10
-9.3409
 20
9.3409
 10
-9.3205
 20
9.3612
 10
-9.3
 20
9.3815
 10
-9.2795
 20
9.4018
 10
-9.259
 20
9.422
 10
-9.2384
 20
9.4422
 10
-9.2178
 20
9.4623
 10
-9.1971
 20
9.4824
 10
-9.1764
 20
9.5025
 10
-9.1557
 20
9.5225
 10
-9.1349
 20
9.5424
 10
-9.114
 20
9.5623
 10
-9.0932
 20
9.5822
 10
-9.0722
 20
9.602
 10
-9.0513
 20
9.6218
 10
-9.0303
 20
9.6415
 10
-9.0092
 20
9.6612
 10
-8.9881
 20
9.6808
 10
-8.967
 20
9.7004
 10
-8.9458
 20
9.7199
 10
-8.9245
 20
9.7394
 10
-8.9033
 20
9.7589
 10
-8.882
 20
9.7783
 10
-8.8606
 20
9.7976
 10
-8.8392
 20
9.8169
 10
-8.8178
 20
9.8362
 10
-8.7963
 20
9.8554
 10
-8.7748
 20
9.8746
 10
-8.7532
 20
9.8937
 10
-8.7316
 20
9.9128
 10
-8.71
 20
9.9318
 10
-8.6883
 20
9.9508
 10
-8.6665
 20
9.9697
 10
-8.6448
 20
9.9886
 10
-8.623
 20
10.0074
 10
-8.6011
 20
10.0262
 10
-8.5792
 20
10.045
 10
-8.5573
 20
10.0637
 10
-8.5353
 20
10.0823
 10
-8.5133
 20
10.1009
 10
-8.4912
 20
10.1194
 10
-8.4691
 20
10.1379
 10
-8.447
 20
10.1564
 10
-8.4248
 20
10.1748
 10
-8.4026
 20
10.1932
 10
-8.3803
 20
10.2115
 10
-8.358
 20
10.2297
 10
-8.3357
 20
10.2479
 10
-8.3133
 20
10.2661
 10
-8.2909
 20
10.2842
 10
-8.2684
 20
10.3023
 10
-8.246
 20
10.3203
 10
-8.2234
 20
10.3383
 10
-8.2008
 20
10.3562
 10
-8.1782
 20
10.374
 10
-8.1556
 20
10.3919
 10
-8.1329
 20
10.4096
 10
-8.1102
 20
10.4273
 10
-8.0874
 20
10.445
 10
-8.0646
 20
10.4626
 10
-8.0417
 20
10.4802
 10
-8.0189
 20
10.4977
 10
-7.9959
 20
10.5152
 10
-7.973
 20
10.5326
 10
-7.95
 20
10.55
 10
-7.9269
 20
10.5673
 10
-7.9039
 20
10.5846
 10
-7.8808
 20
10.6018
 10
-7.8576
 20
10.6189
 10
-7.8344
 20
10.6361
 10
-7.8112
 20
10.6531
 10
-7.7879
 20
10.6701
 10
-7.7646
 20
10.6871
 10
-7.7413
 20
10.704
 10
-7.7179
 20
10.7209
 10
-7.6945
 20
10.7377
 10
-7.6711
 20
10.7545
 10
-7.6476
 20
10.7712
 10
-7.6241
 20
10.7878
 10
-7.6005
 20
10.8044
 10
-7.5769
 20
10.821
 10
-7.5533
 20
10.8375
 10
-7.5297
 20
10.854
 10
-7.506
 20
10.8704
 10
-7.4822
 20
10.8867
 10
-7.4585
 20
10.903
 10
-7.4347
 20
10.9193
 10
-7.4108
 20
10.9354
 10
-7.3869
 20
10.9516
 10
-7.363
 20
10.9677
 10
-7.3391
 20
10.9837
 10
-7.3151
 20
10.9997
 10
-7.2911
 20
11.0156
 10
-7.267
 20
11.0315
 10
-7.243
 20
11.0473
 10
-7.2188
 20
11.0631
 10
-7.1947
 20
11.0788
 10
-7.1705
 20
11.0945
 10
-7.1463
 20
11.1101
 10
-7.122
 20
11.1257
 10
-7.0977
 20
11.1412
 10
-7.0734
 20
11.1567
 10
-7.049
 20
11.1721
 10
-7.0247
 20
11.1874
 10
-7.0002
 20
11.2027
 10
-6.9758
 20
11.218
 10
-6.9513
 20
11.2332
 10
-6.9268
 20
11.2483
 10
-6.9022
 20
11.2634
 10
-6.8776
 20
11.2784
 10
-6.853
 20
11.2934
 10
-6.8283
 20
11.3083
 10
-6.8037
 20
11.3232
 10
-6.7789
 20
11.338
 10
-6.7542
 20
11.3528
 10
-6.7294
 20
11.3675
 10
-6.7046
 20
11.3821
 10
-6.6797
 20
11.3967
 10
-6.6549
 20
11.4113
 10
-6.6299
 20
11.4258
 10
-6.605
 20
11.4402
 10
-6.58
 20
11.4546
 10
-6.555
 20
11.4689
 10
-6.53
 20
11.4832
 10
-6.5049
 20
11.4974
 10
-6.4798
 20
11.5116
 10
-6.4547
 20
11.5257
 10
-6.4295
 20
11.5397
 10
-6.4043
 20
11.5537
 10
-6.3791
 20
11.5677
 10
-6.3539
 20
11.5816
 10
-6.3286
 20
11.5954
 10
-6.3033
 20
11.6092
 10
-6.2779
 20
11.6229
 10
-6.2526
 20
11.6366
 10
-6.2272
 20
11.6502
 10
-6.2017
 20
11.6637
 10
-6.1763
 20
11.6772
 10
-6.1508
 20
11.6907
 10
-6.1252
 20
11.7041
 10
-6.0997
 20
11.7174
 10
-6.0741
 20
11.7307
 10
-6.0485
 20
11.7439
 10
-6.0229
 20
11.7571
 10
-5.9972
 20
11.7702
 10
-5.9715
 20
11.7833
 10
-5.9458
 20
11.7963
 10
-5.9201
 20
11.8092
 10
-5.8943
 20
11.8221
 10
-5.8685
 20
11.8349
 10
-5.8426
 20
11.8477
 10
-5.8168
 20
11.8604
 10
-5.7909
 20
11.8731
 10
-5.765
 20
11.8857
 10
-5.739
 20
11.8982
 10
-5.7131
 20
11.9107
 10
-5.6871
 20
11.9232
 10
-5.661
 20
11.9355
 10
-5.635
 20
11.9479
 10
-5.6089
 20
11.9601
 10
-5.5828
 20
11.9723
 10
-5.5567
 20
11.9845
 10
-5.5305
 20
11.9966
 10
-5.5043
 20
12.0086
 10
-5.4781
 20
12.0206
 10
-5.4519
 20
12.0325
 10
-5.4256
 20
12.0444
 10
-5.3993
 20
12.0562
 10
-5.373
 20
12.0679
 10
-5.3467
 20
12.0796
 10
-5.3203
 20
12.0913
 10
-5.2939
 20
12.1028
 10
-5.2675
 20
12.1144
 10
-5.241
 20
12.1258
 10
-5.2146
 20
12.1372
 10
-5.1881
 20
12.1486
 10
-5.1616
 20
12.1599
 10
-5.135
 20
12.1711
 10
-5.1085
 20
12.1823
 10
-5.0819
 20
12.1934
 10
-5.0552
 20
12.2044
 10
-5.0286
 20
12.2154
 10
-5.0019
 20
12.2264
 10
-4.9753
 20
12.2373
 10
-4.9486
 20
12.2481
 10
-4.9218
 20
12.2589
 10
-4.8951
 20
12.2696
 10
-4.8683
 20
12.2802
 10
-4.8415
 20
12.2908
 10
-4.8147
 20
12.3013
 10
-4.7878
 20
12.3118
 10
-4.7609
 20
12.3222
 10
-4.734
 20
12.3326
 10
-4.7071
 20
12.3429
 10
-4.6802
 20
12.3531
 10
-4.6532
 20
12.3633
 10
-4.6262
 20
12.3734
 10
-4.5992
 20
12.3835
 10
-4.5722
 20
12.3935
 10
-4.5452
 20
12.4035
 10
-4.5181
 20
12.4133
 10
-4.491
 20
12.4232
 10
-4.4639
 20
12.4329
 10
-4.4367
 20
12.4426
 10
-4.4096
 20
12.4523
 10
-4.3824
 20
12.4619
 10
-4.3552
 20
12.4714
 10
-4.328
 20
12.4809
 10
-4.3008
 20
12.4903
 10
-4.2735
 20
12.4997
 10
-4.2462
 20
12.5089
 10
-4.2189
 20
12.5182
 10
-4.1916
 20
12.5274
 10
-4.1643
 20
12.5365
 10
-4.1369
 20
12.5455
 10
-4.1095
 20
12.5545
 10
-4.0821
 20
12.5635
 10
-4.0547
 20
12.5723
 10
-4.0273
 20
12.5811
 10
-3.9998
 20
12.5899
 10
-3.9723
 20
12.5986
 10
-3.9448
 20
12.6072
 10
-3.9173
 20
12.6158
 10
-3.8898
 20
12.6243
 10
-3.8622
 20
12.6328
 10
-3.8347
 20
12.6412
 10
-3.8071
 20
12.6495
 10
-3.7795
 20
12.6578
 10
-3.7518
 20
12.666
 10
-3.7242
 20
12.6742
 10
-3.6965
 20
12.6823
 10
-3.6689
 20
12.6903
 10
-3.6412
 20
12.6983
 10
-3.6135
 20
12.7062
 10
-3.5857
 20
12.714
 10
-3.558
 20
12.7218
 10
-3.5302
 20
12.7296
 10
-3.5024
 20
12.7372
 10
-3.4746
 20
12.7448
 10
-3.4468
 20
12.7524
 10
-3.419
 20
12.7599
 10
-3.3912
 20
12.7673
 10
-3.3633
 20
12.7747
 10
-3.3354
 20
12.782
 10
-3.3075
 20
12.7892
 10
-3.2796
 20
12.7964
 10
-3.2517
 20
12.8035
 10
-3.2237
 20
12.8106
 10
-3.1958
 20
12.8176
 10
-3.1678
 20
12.8245
 10
-3.1398
 20
12.8314
 10
-3.1118
 20
12.8382
 10
-3.0838
 20
12.845
 10
-3.0558
 20
12.8517
 10
-3.0277
 20
12.8583
 10
-2.9997
 20
12.8649
 10
-2.9716
 20
12.8714
 10
-2.9435
 20
12.8779
 10
-2.9154
 20
12.8843
 10
-2.8873
 20
12.8906
 10
-2.8592
 20
12.8969
 10
-2.831
 20
12.9031
 10
-2.8029
 20
12.9092
 10
-2.7747
 20
12.9153
 10
-2.7465
 20
12.9213
 10
-2.7183
 20
12.9273
 10
-2.6901
 20
12.9332
 10
-2.6619
 20
12.939
 10
-2.6337
 20
12.9448
 10
-2.6054
 20
12.9505
 10
-2.5771
 20
12.9562
 10
-2.5489
 20
12.9618
 10
-2.5206
 20
12.9673
 10
-2.4923
 20
12.9728
 10
-2.464
 20
12.9782
 10
-2.4357
 20
12.9835
 10
-2.4073
 20
12.9888
 10
-2.379
 20
12.994
 10
-2.3506
 20
12.9992
 10
-2.3223
 20
13.0043
 10
-2.2939
 20
13.0093
 10
-2.2655
 20
13.0143
 10
-2.2371
 20
13.0192
 10
-2.2087
 20
13.024
 10
-2.1803
 20
13.0288
 10
-2.1518
 20
13.0336
 10
-2.1234
 20
13.0382
 10
-2.095
 20
13.0428
 10
-2.0665
 20
13.0474
 10
-2.038
 20
13.0518
 10
-2.0095
 20
13.0563
 10
-1.9811
 20
13.0606
 10
-1.9526
 20
13.0649
 10
-1.9241
 20
13.0691
 10
-1.8955
 20
13.0733
 10
-1.867
 20
13.0774
 10
-1.8385
 20
13.0814
 10
-1.8099
 20
13.0854
 10
-1.7814
 20
13.0893
 10
-1.7528
 20
13.0932
 10
-1.7243
 20
13.097
 10
-1.6957
 20
13.1007
 10
-1.6671
 20
13.1044
 10
-1.6385
 20
13.108
 10
-1.6099
 20
13.1115
 10
-1.5813
 20
13.115
 10
-1.5527
 20
13.1184
 10
-1.524
 20
13.1218
 10
-1.4954
 20
13.1251
 10
-1.4668
 20
13.1283
 10
-1.4381
 20
13.1315
 10
-1.4095
 20
13.1346
 10
-1.3808
 20
13.1376
 10
-1.3522
 20
13.1406
 10
-1.3235
 20
13.1435
 10
-1.2948
 20
13.1464
 10
-1.2661
 20
13.1492
 10
-1.2374
 20
13.1519
 10
-1.2087
 20
13.1546
 10
-1.18
 20
13.1572
 10
-1.1513
 20
13.1597
 10
-1.1226
 20
13.1622
 10
-1.0939
 20
13.1646
 10
-1.0652
 20
13.167
 10
-1.0364
 20
13.1693
 10
-1.0077
 20
13.1715
 10
-0.979
 20
13.1737
 10
-0.9502
 20
13.1758
 10
-0.9215
 20
13.1778
 10
-0.8927
 20
13.1798
 10
-0.864
 20
13.1817
 10
-0.8352
 20
13.1836
 10
-0.8065
 20
13.1854
 10
-0.7777
 20
13.1871
 10
-0.7489
 20
13.1888
 10
-0.7201
 20
13.1904
 10
-0.6914
 20
13.1919
 10
-0.6626
 20
13.1934
 10
-0.6338
 20
13.1948
 10
-0.605
 20
13.1961
 10
-0.5762
 20
13.1974
 10
-0.5474
 20
13.1987
 10
-0.5186
 20
13.1998
 10
-0.4898
 20
13.2009
 10
-0.461
 20
13.202
 10
-0.4322
 20
13.2029
 10
-0.4034
 20
13.2038
 10
-0.3746
 20
13.2047
 10
-0.3458
 20
13.2055
 10
-0.317
 20
13.2062
 10
-0.2882
 20
13.2069
 10
-0.2594
 20
13.2075
 10
-0.2305
 20
13.208
 10
-0.2017
 20
13.2085
 10
-0.1729
 20
13.2089
 10
-0.1441
 20
13.2092
 10
-0.1153
 20
13.2095
 10
-0.0865
 20
13.2097
 10
-0.0576
 20
13.2099
 10
-0.0288
 20
13.21
 10
0.0
 20
13.21
 10
0.0288
 20
13.21
 10
0.0576
 20
13.2099
 10
0.0865
 20
13.2097
 10
0.1153
 20
13.2095
 10
0.1441
 20
13.2092
 10
0.1729
 20
13.2089
 10
0.2017
 20
13.2085
 10
0.2305
 20
13.208
 10
0.2594
 20
13.2075
 10
0.2882
 20
13.2069
 10
0.317
 20
13.2062
 10
0.3458
 20
13.2055
 10
0.3746
 20
13.2047
 10
0.4034
 20
13.2038
 10
0.4322
 20
13.2029
 10
0.461
 20
13.202
 10
0.4898
 20
13.2009
 10
0.5186
 20
13.1998
 10
0.5474
 20
13.1987
 10
0.5762
 20
13.1974
 10
0.605
 20
13.1961
 10
0.6338
 20
13.1948
 10
0.6626
 20
13.1934
 10
0.6914
 20
13.1919
 10
0.7201
 20
13.1904
 10
0.7489
 20
13.1888
 10
0.7777
 20
13.1871
 10
0.8065
 20
13.1854
 10
0.8352
 20
13.1836
 10
0.864
 20
13.1817
 10
0.8927
 20
13.1798
 10
0.9215
 20
13.1778
 10
0.9502
 20
13.1758
 10
0.979
 20
13.1737
 10
1.0077
 20
13.1715
 10
1.0364
 20
13.1693
 10
1.0652
 20
13.167
 10
1.0939
 20
13.1646
 10
1.1226
 20
13.1622
 10
1.1513
 20
13.1597
 10
1.18
 20
13.1572
 10
1.2087
 20
13.1546
 10
1.2374
 20
13.1519
 10
1.2661
 20
13.1492
 10
1.2948
 20
13.1464
 10
1.3235
 20
13.1435
 10
1.3522
 20
13.1406
 10
1.3808
 20
13.1376
 10
1.4095
 20
13.1346
 10
1.4381
 20
13.1315
 10
1.4668
 20
13.1283
 10
1.4954
 20
13.1251
 10
1.524
 20
13.1218
 10
1.5527
 20
13.1184
 10
1.5813
 20
13.115
 10
1.6099
 20
13.1115
 10
1.6385
 20
13.108
 10
1.6671
 20
13.1044
 10
1.6957
 20
13.1007
 10
1.7243
 20
13.097
 10
1.7528
 20
13.0932
 10
1.7814
 20
13.0893
 10
1.8099
 20
13.0854
 10
1.8385
 20
13.0814
 10
1.867
 20
13.0774
 10
1.8955
 20
13.0733
 10
1.9241
 20
13.0691
 10
1.9526
 20
13.0649
 10
1.9811
 20
13.0606
 10
2.0095
 20
13.0563
 10
2.038
 20
13.0518
 10
2.0665
 20
13.0474
 10
2.095
 20
13.0428
 10
2.1234
 20
13.0382
 10
2.1518
 20
13.0336
 10
2.1803
 20
13.0288
 10
2.2087
 20
13.024
 10
2.2371
 20
13.0192
 10
2.2655
 20
13.0143
 10
2.2939
 20
13.0093
 10
2.3223
 20
13.0043
 10
2.3506
 20
12.9992
 10
2.379
 20
12.994
 10
2.4073
 20
12.9888
 10
2.4357
 20
12.9835
 10
2.464
 20
12.9782
 10
2.4923
 20
12.9728
 10
2.5206
 20
12.9673
 10
2.5489
 20
12.9618
 10
2.5771
 20
12.9562
 10
2.6054
 20
12.9505
 10
2.6337
 20
12.9448
 10
2.6619
 20
12.939
 10
2.6901
 20
12.9332
 10
2.7183
 20
12.9273
 10
2.7465
 20
12.9213
 10
2.7747
 20
12.9153
 10
2.8029
 20
12.9092
 10
2.831
 20
12.9031
 10
2.8592
 20
12.8969
 10
2.8873
 20
12.8906
 10
2.9154
 20
12.8843
 10
2.9435
 20
12.8779
 10
2.9716
 20
12.8714
 10
2.9997
 20
12.8649
 10
3.0277
 20
12.8583
 10
3.0558
 20
12.8517
 10
3.0838
 20
12.845
 10
3.1118
 20
12.8382
 10
3.1398
 20
12.8314
 10
3.1678
 20
12.8245
 10
3.1958
 20
12.8176
 10
3.2237
 20
12.8106
 10
3.2517
 20
12.8035
 10
3.2796
 20
12.7964
 10
3.3075
 20
12.7892
 10
3.3354
 20
12.782
 10
3.3633
 20
12.7747
 10
3.3912
 20
12.7673
 10
3.419
 20
12.7599
 10
3.4468
 20
12.7524
 10
3.4746
 20
12.7448
 10
3.5024
 20
12.7372
 10
3.5302
 20
12.7296
 10
3.558
 20
12.7218
 10
3.5857
 20
12.714
 10
3.6135
 20
12.7062
 10
3.6412
 20
12.6983
 10
3.6689
 20
12.6903
 10
3.6965
 20
12.6823
 10
3.7242
 20
12.6742
 10
3.7518
 20
12.666
 10
3.7795
 20
12.6578
 10
3.8071
 20
12.6495
 10
3.8347
 20
12.6412
 10
3.8622
 20
12.6328
 10
3.8898
 20
12.6243
 10
3.9173
 20
12.6158
 10
3.9448
 20
12.6072
 10
3.9723
 20
12.5986
 10
3.9998
 20
12.5899
 10
4.0273
 20
12.5811
 10
4.0547
 20
12.5723
 10
4.0821
 20
12.5635
 10
4.1095
 20
12.5545
 10
4.1369
 20
12.5455
 10
4.1643
 20
12.5365
 10
4.1916
 20
12.5274
 10
4.2189
 20
12.5182
 10
4.2462
 20
12.5089
 10
4.2735
 20
12.4997
 10
4.3008
 20
12.4903
 10
4.328
 20
12.4809
 10
4.3552
 20
12.4714
 10
4.3824
 20
12.4619
 10
4.4096
 20
12.4523
 10
4.4367
 20
12.4426
 10
4.4639
 20
12.4329
 10
4.491
 20
12.4232
 10
4.5181
 20
12.4133
 10
4.5452
 20
12.4035
 10
4.5722
 20
12.3935
 10
4.5992
 20
12.3835
 10
4.6262
 20
12.3734
 10
4.6532
 20
12.3633
 10
4.6802
 20
12.3531
 10
4.7071
 20
12.3429
 10
4.734
 20
12.3326
 10
4.7609
 20
12.3222
 10
4.7878
 20
12.3118
 10
4.8147
 20
12.3013
 10
4.8415
 20
12.2908
 10
4.8683
 20
12.2802
 10
4.8951
 20
12.2696
 10
4.9218
 20
12.2589
 10
4.9486
 20
12.2481
 10
4.9753
 20
12.2373
 10
5.0019
 20
12.2264
 10
5.0286
 20
12.2154
 10
5.0552
 20
12.2044
 10
5.0819
 20
12.1934
 10
5.1085
 20
12.1823
 10
5.135
 20
12.1711
 10
5.1616
 20
12.1599
 10
5.1881
 20
12.1486
 10
5.2146
 20
12.1372
 10
5.241
 20
12.1258
 10
5.2675
 20
12.1144
 10
5.2939
 20
12.1028
 10
5.3203
 20
12.0913
 10
5.3467
 20
12.0796
 10
5.373
 20
12.0679
 10
5.3993
 20
12.0562
 10
5.4256
 20
12.0444
 10
5.4519
 20
12.0325
 10
5.4781
 20
12.0206
 10
5.5043
 20
12.0086
 10
5.5305
 20
11.9966
 10
5.5567
 20
11.9845
 10
5.5828
 20
11.9723
 10
5.6089
 20
11.9601
 10
5.635
 20
11.9479
 10
5.661
 20
11.9355
 10
5.6871
 20
11.9232
 10
5.7131
 20
11.9107
 10
5.739
 20
11.8982
 10
5.765
 20
11.8857
 10
5.7909
 20
11.8731
 10
5.8168
 20
11.8604
 10
5.8426
 20
11.8477
 10
5.8685
 20
11.8349
 10
5.8943
 20
11.8221
 10
5.9201
 20
11.8092
 10
5.9458
 20
11.7963
 10
5.9715
 20
11.7833
 10
5.9972
 20
11.7702
 10
6.0229
 20
11.7571
 10
6.0485
 20
11.7439
 10
6.0741
 20
11.7307
 10
6.0997
 20
11.7174
 10
6.1252
 20
11.7041
 10
6.1508
 20
11.6907
 10
6.1763
 20
11.6772
 10
6.2017
 20
11.6637
 10
6.2272
 20
11.6502
 10
6.2526
 20
11.6366
 10
6.2779
 20
11.6229
 10
6.3033
 20
11.6092
 10
6.3286
 20
11.5954
 10
6.3539
 20
11.5816
 10
6.3791
 20
11.5677
 10
6.4043
 20
11.5537
 10
6.4295
 20
11.5397
 10
6.4547
 20
11.5257
 10
6.4798
 20
11.5116
 10
6.5049
 20
11.4974
 10
6.53
 20
11.4832
 10
6.555
 20
11.4689
 10
6.58
 20
11.4546
 10
6.605
 20
11.4402
 10
6.6299
 20
11.4258
 10
6.6549
 20
11.4113
 10
6.6797
 20
11.3967
 10
6.7046
 20
11.3821
 10
6.7294
 20
11.3675
 10
6.7542
 20
11.3528
 10
6.7789
 20
11.338
 10
6.8037
 20
11.3232
 10
6.8283
 20
11.3083
 10
6.853
 20
11.2934
 10
6.8776
 20
11.2784
 10
6.9022
 20
11.2634
 10
6.9268
 20
11.2483
 10
6.9513
 20
11.2332
 10
6.9758
 20
11.218
 10
7.0002
 20
11.2027
 10
7.0247
 20
11.1874
 10
7.049
 20
11.1721
 10
7.0734
 20
11.1567
 10
7.0977
 20
11.1412
 10
7.122
 20
11.1257
 10
7.1463
 20
11.1101
 10
7.1705
 20
11.0945
 10
7.1947
 20
11.0788
 10
7.2188
 20
11.0631
 10
7.243
 20
11.0473
 10
7.267
 20
11.0315
 10
7.2911
 20
11.0156
 10
7.3151
 20
10.9997
 10
7.3391
 20
10.9837
 10
7.363
 20
10.9677
 10
7.3869
 20
10.9516
 10
7.4108
 20
10.9354
 10
7.4347
 20
10.9193
 10
7.4585
 20
10.903
 10
7.4822
 20
10.8867
 10
7.506
 20
10.8704
 10
7.5297
 20
10.854
 10
7.5533
 20
10.8375
 10
7.5769
 20
10.821
 10
7.6005
 20
10.8044
 10
7.6241
 20
10.7878
 10
7.6476
 20
10.7712
 10
7.6711
 20
10.7545
 10
7.6945
 20
10.7377
 10
7.7179
 20
10.7209
 10
7.7413
 20
10.704
 10
7.7646
 20
10.6871
 10
7.7879
 20
10.6701
 10
7.8112
 20
10.6531
 10
7.8344
 20
10.6361
 10
7.8576
 20
10.6189
 10
7.8808
 20
10.6018
 10
7.9039
 20
10.5846
 10
7.9269
 20
10.5673
 10
7.95
 20
10.55
 10
7.973
 20
10.5326
 10
7.9959
 20
10.5152
 10
8.0189
 20
10.4977
 10
8.0417
 20
10.4802
 10
8.0646
 20
10.4626
 10
8.0874
 20
10.445
 10
8.1102
 20
10.4273
 10
8.1329
 20
10.4096
 10
8.1556
 20
10.3919
 10
8.1782
 20
10.374
 10
8.2008
 20
10.3562
 10
8.2234
 20
10.3383
 10
8.246
 20
10.3203
 10
8.2684
 20
10.3023
 10
8.2909
 20
10.2842
 10
8.3133
 20
10.2661
 10
8.3357
 20
10.2479
 10
8.358
 20
10.2297
 10
8.3803
 20
10.2115
 10
8.4026
 20
10.1932
 10
8.4248
 20
10.1748
 10
8.447
 20
10.1564
 10
8.4691
 20
10.1379
 10
8.4912
 20
10.1194
 10
8.5133
 20
10.1009
 10
8.5353
 20
10.0823
 10
8.5573
 20
10.0637
 10
8.5792
 20
10.045
 10
8.6011
 20
10.0262
 10
8.623
 20
10.0074
 10
8.6448
 20
9.9886
 10
8.6665
 20
9.9697
 10
8.6883
 20
9.9508
 10
8.71
 20
9.9318
 10
8.7316
 20
9.9128
 10
8.7532
 20
9.8937
 10
8.7748
 20
9.8746
 10
8.7963
 20
9.8554
 10
8.8178
 20
9.8362
 10
8.8392
 20
9.8169
 10
8.8606
 20
9.7976
 10
8.882
 20
9.7783
 10
8.9033
 20
9.7589
 10
8.9245
 20
9.7394
 10
8.9458
 20
9.7199
 10
8.967
 20
9.7004
 10
8.9881
 20
9.6808
 10
9.0092
 20
9.6612
 10
9.0303
 20
9.6415
 10
9.0513
 20
9.6218
 10
9.0722
 20
9.602
 10
9.0932
 20
9.5822
 10
9.114
 20
9.5623
 10
9.1349
 20
9.5424
 10
9.1557
 20
9.5225
 10
9.1764
 20
9.5025
 10
9.1971
 20
9.4824
 10
9.2178
 20
9.4623
 10
9.2384
 20
9.4422
 10
9.259
 20
9.422
 10
9.2795
 20
9.4018
 10
9.3
 20
9.3815
 10
9.3205
 20
9.3612
 10
9.3409
 20
9.3409
 10
9.3612
 20
9.3205
 10
9.3815
 20
9.3
 10
9.4018
 20
9.2795
 10
9.422
 20
9.259
 10
9.4422
 20
9.2384
 10
9.4623
 20
9.2178
 10
9.4824
 20
9.1971
 10
9.5025
 20
9.1764
 10
9.5225
 20
9.1557
 10
9.5424
 20
9.1349
 10
9.5623
 20
9.114
 10
9.5822
 20
9.0932
 10
9.602
 20
9.0722
 10
9.6218
 20
9.0513
 10
9.6415
 20
9.0303
 10
9.6612
 20
9.0092
 10
9.6808
 20
8.9881
 10
9.7004
 20
8.967
 10
9.7199
 20
8.9458
 10
9.7394
 20
8.9245
 10
9.7589
 20
8.9033
 10
9.7783
 20
8.882
 10
9.7976
 20
8.8606
 10
9.8169
 20
8.8392
 10
9.8362
 20
8.8178
 10
9.8554
 20
8.7963
 10
9.8746
 20
8.7748
 10
9.8937
 20
8.7532
 10
9.9128
 20
8.7316
 10
9.9318
 20
8.71
 10
9.9508
 20
8.6883
 10
9.9697
 20
8.6665
 10
9.9886
 20
8.6448
 10
10.0074
 20
8.623
 10
10.0262
 20
8.6011
 10
10.045
 20
8.5792
 10
10.0637
 20
8.5573
 10
10.0823
 20
8.5353
 10
10.1009
 20
8.5133
 10
10.1194
 20
8.4912
 10
10.1379
 20
8.4691
 10
10.1564
 20
8.447
 10
10.1748
 20
8.4248
 10
10.1932
 20
8.4026
 10
10.2115
 20
8.3803
 10
10.2297
 20
8.358
 10
10.2479
 20
8.3357
 10
10.2661
 20
8.3133
 10
10.2842
 20
8.2909
 10
10.3023
 20
8.2684
 10
10.3203
 20
8.246
 10
10.3383
 20
8.2234
 10
10.3562
 20
8.2008
 10
10.374
 20
8.1782
 10
10.3919
 20
8.1556
 10
10.4096
 20
8.1329
 10
10.4273
 20
8.1102
 10
10.445
 20
8.0874
 10
10.4626
 20
8.0646
 10
10.4802
 20
8.0417
 10
10.4977
 20
8.0189
 10
10.5152
 20
7.9959
 10
10.5326
 20
7.973
 10
10.55
 20
7.95
 10
10.5673
 20
7.9269
 10
10.5846
 20
7.9039
 10
10.6018
 20
7.8808
 10
10.6189
 20
7.8576
 10
10.6361
 20
7.8344
 10
10.6531
 20
7.8112
 10
10.6701
 20
7.7879
 10
10.6871
 20
7.7646
 10
10.704
 20
7.7413
 10
10.7209
 20
7.7179
 10
10.7377
 20
7.6945
 10
10.7545
 20
7.6711
 10
10.7712
 20
7.6476
 10
10.7878
 20
7.6241
 10
10.8044
 20
7.6005
 10
10.821
 20
7.5769
 10
10.8375
 20
7.5533
 10
10.854
 20
7.5297
 10
10.8704
 20
7.506
 10
10.8867
 20
7.4822
 10
10.903
 20
7.4585
 10
10.9193
 20
7.4347
 10
10.9354
 20
7.4108
 10
10.9516
 20
7.3869
 10
10.9677
 20
7.363
 10
10.9837
 20
7.3391
 10
10.9997
 20
7.3151
 10
11.0156
 20
7.2911
 10
11.0315
 20
7.267
 10
11.0473
 20
7.243
 10
11.0631
 20
7.2188
 10
11.0788
 20
7.1947
 10
11.0945
 20
7.1705
 10
11.1101
 20
7.1463
 10
11.1257
 20
7.122
 10
11.1412
 20
7.0977
 10
11.1567
 20
7.0734
 10
11.1721
 20
7.049
 10
11.1874
 20
7.0247
 10
11.2027
 20
7.0002
 10
11.218
 20
6.9758
 10
11.2332
 20
6.9513
 10
11.2483
 20
6.9268
 10
11.2634
 20
6.9022
 10
11.2784
 20
6.8776
 10
11.2934
 20
6.853
 10
11.3083
 20
6.8283
 10
11.3232
 20
6.8037
 10
11.338
 20
6.7789
 10
11.3528
 20
6.7542
 10
11.3675
 20
6.7294
 10
11.3821
 20
6.7046
 10
11.3967
 20
6.6797
 10
11.4113
 20
6.6549
 10
11.4258
 20
6.6299
 10
11.4402
 20
6.605
 10
11.4546
 20
6.58
 10
11.4689
 20
6.555
 10
11.4832
 20
6.53
 10
11.4974
 20
6.5049
 10
11.5116
 20
6.4798
 10
11.5257
 20
6.4547
 10
11.5397
 20
6.4295
 10
11.5537
 20
6.4043
 10
11.5677
 20
6.3791
 10
11.5816
 20
6.3539
 10
11.5954
 20
6.3286
 10
11.6092
 20
6.3033
 10
11.6229
 20
6.2779
 10
11.6366
 20
6.2526
 10
11.6502
 20
6.2272
 10
11.6637
 20
6.2017
 10
11.6772
 20
6.1763
 10
11.6907
 20
6.1508
 10
11.7041
 20
6.1252
 10
11.7174
 20
6.0997
 10
11.7307
 20
6.0741
 10
11.7439
 20
6.0485
 10
11.7571
 20
6.0229
 10
11.7702
 20
5.9972
 10
11.7833
 20
5.9715
 10
11.7963
 20
5.9458
 10
11.8092
 20
5.9201
 10
11.8221
 20
5.8943
 10
11.8349
 20
5.8685
 10
11.8477
 20
5.8426
 10
11.8604
 20
5.8168
 10
11.8731
 20
5.7909
 10
11.8857
 20
5.765
 10
11.8982
 20
5.739
 10
11.9107
 20
5.7131
 10
11.9232
 20
5.6871
 10
11.9355
 20
5.661
 10
11.9479
 20
5.635
 10
11.9601
 20
5.6089
 10
11.9723
 20
5.5828
 10
11.9845
 20
5.5567
 10
11.9966
 20
5.5305
 10
12.0086
 20
5.5043
 10
12.0206
 20
5.4781
 10
12.0325
 20
5.4519
 10
12.0444
 20
5.4256
 10
12.0562
 20
5.3993
 10
12.0679
 20
5.373
 10
12.0796
 20
5.3467
 10
12.0913
 20
5.3203
 10
12.1028
 20
5.2939
 10
12.1144
 20
5.2675
 10
12.1258
 20
5.241
 10
12.1372
 20
5.2146
 10
12.1486
 20
5.1881
 10
12.1599
 20
5.1616
 10
12.1711
 20
5.135
 10
12.1823
 20
5.1085
 10
12.1934
 20
5.0819
 10
12.2044
 20
5.0552
 10
12.2154
 20
5.0286
 10
12.2264
 20
5.0019
 10
12.2373
 20
4.9753
 10
12.2481
 20
4.9486
 10
12.2589
 20
4.9218
 10
12.2696
 20
4.8951
 10
12.2802
 20
4.8683
 10
12.2908
 20
4.8415
 10
12.3013
 20
4.8147
 10
12.3118
 20
4.7878
 10
12.3222
 20
4.7609
 10
12.3326
 20
4.734
 10
12.3429
 20
4.7071
 10
12.3531
 20
4.6802
 10
12.3633
 20
4.6532
 10
12.3734
 20
4.6262
 10
12.3835
 20
4.5992
 10
12.3935
 20
4.5722
 10
12.4035
 20
4.5452
 10
12.4133
 20
4.5181
 10
12.4232
 20
4.491
 10
12.4329
 20
4.4639
 10
12.4426
 20
4.4367
 10
12.4523
 20
4.4096
 10
12.4619
 20
4.3824
 10
12.4714
 20
4.3552
 10
12.4809
 20
4.328
 10
12.4903
 20
4.3008
 10
12.4997
 20
4.2735
 10
12.5089
 20
4.2462
 10
12.5182
 20
4.2189
 10
12.5274
 20
4.1916
 10
12.5365
 20
4.1643
 10
12.5455
 20
4.1369
 10
12.5545
 20
4.1095
 10
12.5635
 20
4.0821
 10
12.5723
 20
4.0547
 10
12.5811
 20
4.0273
 10
12.5899
 20
3.9998
 10
12.5986
 20
3.9723
 10
12.6072
 20
3.9448
 10
12.6158
 20
3.9173
 10
12.6243
 20
3.8898
 10
12.6328
 20
3.8622
 10
12.6412
 20
3.8347
 10
12.6495
 20
3.8071
 10
12.6578
 20
3.7795
 10
12.666
 20
3.7518
 10
12.6742
 20
3.7242
 10
12.6823
 20
3.6965
 10
12.6903
 20
3.6689
 10
12.6983
 20
3.6412
 10
12.7062
 20
3.6135
 10
12.714
 20
3.5857
 10
12.7218
 20
3.558
 10
12.7296
 20
3.5302
 10
12.7372
 20
3.5024
 10
12.7448
 20
3.4746
 10
12.7524
 20
3.4468
 10
12.7599
 20
3.419
 10
12.7673
 20
3.3912
 10
12.7747
 20
3.3633
 10
12.782
 20
3.3354
 10
12.7892
 20
3.3075
 10
12.7964
 20
3.2796
 10
12.8035
 20
3.2517
 10
12.8106
 20
3.2237
 10
12.8176
 20
3.1958
 10
12.8245
 20
3.1678
 10
12.8314
 20
3.1398
 10
12.8382
 20
3.1118
 10
12.845
 20
3.0838
 10
12.8517
 20
3.0558
 10
12.8583
 20
3.0277
 10
12.8649
 20
2.9997
 10
12.8714
 20
2.9716
 10
12.8779
 20
2.9435
 10
12.8843
 20
2.9154
 10
12.8906
 20
2.8873
 10
12.8969
 20
2.8592
 10
12.9031
 20
2.831
 10
12.9092
 20
2.8029
 10
12.9153
 20
2.7747
 10
12.9213
 20
2.7465
 10
12.9273
 20
2.7183
 10
12.9332
 20
2.6901
 10
12.939
 20
2.6619
 10
12.9448
 20
2.6337
 10
12.9505
 20
2.6054
 10
12.9562
 20
2.5771
 10
12.9618
 20
2.5489
 10
12.9673
 20
2.5206
 10
12.9728
 20
2.4923
 10
12.9782
 20
2.464
 10
12.9835
 20
2.4357
 10
12.9888
 20
2.4073
 10
12.994
 20
2.379
 10
12.9992
 20
2.3506
 10
13.0043
 20
2.3223
 10
13.0093
 20
2.2939
 10
13.0143
 20
2.2655
 10
13.0192
 20
2.2371
 10
13.024
 20
2.2087
 10
13.0288
 20
2.1803
 10
13.0336
 20
2.1518
 10
13.0382
 20
2.1234
 10
13.0428
 20
2.095
 10
13.0474
 20
2.0665
 10
13.0518
 20
2.038
 10
13.0563
 20
2.0095
 10
13.0606
 20
1.9811
 10
13.0649
 20
1.9526
 10
13.0691
 20
1.9241
 10
13.0733
 20
1.8955
 10
13.0774
 20
1.867
 10
13.0814
 20
1.8385
 10
13.0854
 20
1.8099
 10
13.0893
 20
1.7814
 10
13.0932
 20
1.7528
 10
13.097
 20
1.7243
 10
13.1007
 20
1.6957
 10
13.1044
 20
1.6671
 10
13.108
 20
1.6385
 10
13.1115
 20
1.6099
 10
13.115
 20
1.5813
 10
13.1184
 20
1.5527
 10
13.1218
 20
1.524
 10
13.1251
 20
1.4954
 10
13.1283
 20
1.4668
 10
13.1315
 20
1.4381
 10
13.1346
 20
1.4095
 10
13.1376
 20
1.3808
 10
13.1406
 20
1.3522
 10
13.1435
 20
1.3235
 10
13.1464
 20
1.2948
 10
13.1492
 20
1.2661
 10
13.1519
 20
1.2374
 10
13.1546
 20
1.2087
 10
13.1572
 20
1.18
 10
13.1597
 20
1.1513
 10
13.1622
 20
1.1226
 10
13.1646
 20
1.0939
 10
13.167
 20
1.0652
 10
13.1693
 20
1.0364
 10
13.1715
 20
1.0077
 10
13.1737
 20
0.979
 10
13.1758
 20
0.9502
 10
13.1778
 20
0.9215
 10
13.1798
 20
0.8927
 10
13.1817
 20
0.864
 10
13.1836
 20
0.8352
 10
13.1854
 20
0.8065
 10
13.1871
 20
0.7777
 10
13.1888
 20
0.7489
 10
13.1904
 20
0.7201
 10
13.1919
 20
0.6914
 10
13.1934
 20
0.6626
 10
13.1948
 20
0.6338
 10
13.1961
 20
0.605
 10
13.1974
 20
0.5762
 10
13.1987
 20
0.5474
 10
13.1998
 20
0.5186
 10
13.2009
 20
0.4898
 10
13.202
 20
0.461
 10
13.2029
 20
0.4322
 10
13.2038
 20
0.4034
 10
13.2047
 20
0.3746
 10
13.2055
 20
0.3458
 10
13.2062
 20
0.317
 10
13.2069
 20
0.2882
 10
13.2075
 20
0.2594
 10
13.208
 20
0.2305
 10
13.2085
 20
0.2017
 10
13.2089
 20
0.1729
 10
13.2092
 20
0.1441
 10
13.2095
 20
0.1153
 10
13.2097
 20
0.0865
 10
13.2099
 20
0.0576
 10
13.21
 20
0.0288
 10
13.21
 20
0.0
 10
13.21
 20
-0.0288
 10
13.2099
 20
-0.0576
 10
13.2097
 20
-0.0865
 10
13.2095
 20
-0.1153
 10
13.2092
 20
-0.1441
 10
13.2089
 20
-0.1729
 10
13.2085
 20
-0.2017
 10
13.208
 20
-0.2305
 10
13.2075
 20
-0.2594
 10
13.2069
 20
-0.2882
  0
LWPOLYLINE
  5
98
330
17
100
AcDbEntity
  8
ALTIN
100
AcDbPolyline
 90
84
 70
1
 10
-6.3268
 20
-11.4138
 10
-6.3018
 20
-11.4276
 10
-6.2769
 20
-11.4413
 10
-6.2519
 20
-11.455
 10
-6.2269
 20
-11.4686
 10
-6.2019
 20
-11.4821
 10
-6.1768
 20
-11.4956
 10
-6.1517
 20
-11.5091
 10
-6.1266
 20
-11.5225
 10
-6.1015
 20
-11.5358
 10
-6.0763
 20
-11.5491
 10
-6.0511
 20
-11.5623
 10
-6.0258
 20
-11.5755
 10
-6.0006
 20
-11.5886
 10
-5.9753
 20
-11.6017
 10
-5.9499
 20
-11.6147
 10
-5.9246
 20
-11.6276
 10
-5.8992
 20
-11.6405
 10
-5.8738
 20
-11.6534
 10
-5.8483
 20
-11.6662
 10
-5.8229
 20
-11.6789
 10
-5.7974
 20
-11.6916
 10
-5.7719
 20
-11.7042
 10
-5.7463
 20
-11.7168
 10
-5.7207
 20
-11.7293
 10
-5.6951
 20
-11.7417
 10
-5.6695
 20
-11.7541
 10
-5.6439
 20
-11.7665
 10
-5.6182
 20
-11.7787
 10
-5.5925
 20
-11.791
 10
-5.5667
 20
-11.8031
 10
-5.541
 20
-11.8153
 10
-5.5152
 20
-11.8273
 10
-5.4894
 20
-11.8393
 10
-5.4635
 20
-11.8513
 10
-5.4376
 20
-11.8632
 10
-5.4117
 20
-11.875
 10
-5.3858
 20
-11.8868
 10
-5.3809
 20
-11.889
 10
-5.2507
 20
-11.5967
 10
-5.2538
 20
-11.5953
 10
-5.279
 20
-11.5838
 10
-5.3043
 20
-11.5723
 10
-5.3295
 20
-11.5607
 10
-5.3547
 20
-11.549
 10
-5.3799
 20
-11.5373
 10
-5.4051
 20
-11.5255
 10
-5.4302
 20
-11.5137
 10
-5.4553
 20
-11.5018
 10
-5.4804
 20
-11.4899
 10
-5.5055
 20
-11.4779
 10
-5.5305
 20
-11.4659
 10
-5.5555
 20
-11.4538
 10
-5.5805
 20
-11.4416
 10
-5.6054
 20
-11.4294
 10
-5.6303
 20
-11.4172
 10
-5.6552
 20
-11.4049
 10
-5.6801
 20
-11.3925
 10
-5.7049
 20
-11.3801
 10
-5.7298
 20
-11.3676
 10
-5.7545
 20
-11.3551
 10
-5.7793
 20
-11.3425
 10
-5.804
 20
-11.3299
 10
-5.8287
 20
-11.3172
 10
-5.8534
 20
-11.3044
 10
-5.8781
 20
-11.2916
 10
-5.9027
 20
-11.2788
 10
-5.9273
 20
-11.2659
 10
-5.9518
 20
-11.2529
 10
-5.9764
 20
-11.2399
 10
-6.0009
 20
-11.2269
 10
-6.0254
 20
-11.2137
 10
-6.0498
 20
-11.2006
 10
-6.0742
 20
-11.1873
 10
-6.0986
 20
-11.1741
 10
-6.123
 20
-11.1607
 10
-6.1473
 20
-11.1473
 10
-6.1716
 20
-11.1339
 10
-6.1959
 20
-11.1204
 10
-6.2201
 20
-11.1069
 10
-6.2347
 20
-11.0987
 10
-6.3947
 20
-11.3759
 10
-6.3765
 20
-11.3861
 10
-6.3517
 20
-11.4
  0
LWPOLYLINE
  5
99
330
17
100
AcDbEntity
  8
ALTIN
100
AcDbPolyline
 90
90
 70
1
 10
-5.1776
 20
-11.979
 10
-5.1514
 20
-11.9902
 10
-5.1252
 20
-12.0014
 10
-5.099
 20
-12.0126
 10
-5.0728
 20
-12.0237
 10
-5.0466
 20
-12.0347
 10
-5.0203
 20
-12.0457
 10
-4.994
 20
-12.0566
 10
-4.9677
 20
-12.0675
 10
-4.9414
 20
-12.0783
 10
-4.915
 20
-12.0891
 10
-4.8886
 20
-12.0997
 10
-4.8622
 20
-12.1104
 10
-4.8358
 20
-12.121
 10
-4.8093
 20
-12.1315
 10
-4.7828
 20
-12.1419
 10
-4.7563
 20
-12.1524
 10
-4.7298
 20
-12.1627
 10
-4.7033
 20
-12.173
 10
-4.6767
 20
-12.1832
 10
-4.6501
 20
-12.1934
 10
-4.6235
 20
-12.2035
 10
-4.5969
 20
-12.2136
 10
-4.5702
 20
-12.2236
 10
-4.5435
 20
-12.2335
 10
-4.5168
 20
-12.2434
 10
-4.4901
 20
-12.2532
 10
-4.4634
 20
-12.263
 10
-4.4366
 20
-12.2727
 10
-4.4098
 20
-12.2823
 10
-4.383
 20
-12.2919
 10
-4.3562
 20
-12.3015
 10
-4.3293
 20
-12.3109
 10
-4.3025
 20
-12.3204
 10
-4.2756
 20
-12.3297
 10
-4.2487
 20
-12.339
 10
-4.2217
 20
-12.3483
 10
-4.1948
 20
-12.3574
 10
-4.1678
 20
-12.3666
 10
-4.1408
 20
-12.3756
 10
-4.1138
 20
-12.3846
 10
-4.1087
 20
-12.3863
 10
-4.0098
 20
-12.082
 10
-4.0129
 20
-12.0809
 10
-4.0393
 20
-12.0722
 10
-4.0656
 20
-12.0633
 10
-4.0919
 20
-12.0544
 10
-4.1182
 20
-12.0455
 10
-4.1445
 20
-12.0365
 10
-4.1707
 20
-12.0274
 10
-4.197
 20
-12.0183
 10
-4.2232
 20
-12.0091
 10
-4.2494
 20
-11.9998
 10
-4.2755
 20
-11.9905
 10
-4.3017
 20
-11.9812
 10
-4.3278
 20
-11.9718
 10
-4.3539
 20
-11.9623
 10
-4.38
 20
-11.9528
 10
-4.4061
 20
-11.9432
 10
-4.4321
 20
-11.9335
 10
-4.4581
 20
-11.9238
 10
-4.4841
 20
-11.9141
 10
-4.5101
 20
-11.9043
 10
-4.5361
 20
-11.8944
 10
-4.562
 20
-11.8845
 10
-4.5879
 20
-11.8745
 10
-4.6138
 20
-11.8645
 10
-4.6397
 20
-11.8544
 10
-4.6656
 20
-11.8442
 10
-4.6914
 20
-11.834
 10
-4.7172
 20
-11.8237
 10
-4.743
 20
-11.8134
 10
-4.7687
 20
-11.8031
 10
-4.7945
 20
-11.7926
 10
-4.8202
 20
-11.7821
 10
-4.8459
 20
-11.7716
 10
-4.8716
 20
-11.761
 10
-4.8972
 20
-11.7503
 10
-4.9228
 20
-11.7396
 10
-4.9484
 20
-11.7289
 10
-4.974
 20
-11.718
 10
-4.9996
 20
-11.7071
 10
-5.0251
 20
-11.6962
 10
-5.0506
 20
-11.6852
 10
-5.0761
 20
-11.6742
 10
-5.1015
 20
-11.6631
 10
-5.1046
 20
-11.6617
 10
-5.2347
 20
-11.9541
 10
-5.2298
 20
-11.9563
 10
-5.2037
 20
-11.9676
  0
LWPOLYLINE
  5
9A
330
17
100
AcDbEntity
  8
ALTIN
100
AcDbPolyline
 90
90
 70
1
 10
-3.897
 20
-12.4545
 10
-3.8699
 20
-12.463
 10
-3.8427
 20
-12.4714
 10
-3.8155
 20
-12.4798
 10
-3.7882
 20
-12.4881
 10
-3.761
 20
-12.4963
 10
-3.7337
 20
-12.5045
 10
-3.7064
 20
-12.5126
 10
-3.6791
 20
-12.5207
 10
-3.6518
 20
-12.5287
 10
-3.6244
 20
-12.5366
 10
-3.5971
 20
-12.5445
 10
-3.5697
 20
-12.5523
 10
-3.5423
 20
-12.56
 10
-3.5149
 20
-12.5677
 10
-3.4875
 20
-12.5754
 10
-3.46
 20
-12.583
 10
-3.4326
 20
-12.5905
 10
-3.4051
 20
-12.5979
 10
-3.3776
 20
-12.6053
 10
-3.3501
 20
-12.6127
 10
-3.3226
 20
-12.6199
 10
-3.295
 20
-12.6272
 10
-3.2675
 20
-12.6343
 10
-3.2399
 20
-12.6414
 10
-3.2123
 20
-12.6485
 10
-3.1847
 20
-12.6554
 10
-3.1571
 20
-12.6624
 10
-3.1294
 20
-12.6692
 10
-3.1018
 20
-12.676
 10
-3.0741
 20
-12.6828
 10
-3.0465
 20
-12.6894
 10
-3.0188
 20
-12.696
 10
-2.9911
 20
-12.7026
 10
-2.9633
 20
-12.7091
 10
-2.9356
 20
-12.7155
 10
-2.9079
 20
-12.7219
 10
-2.8801
 20
-12.7282
 10
-2.8523
 20
-12.7345
 10
-2.8245
 20
-12.7407
 10
-2.7967
 20
-12.7468
 10
-2.7914
 20
-12.7479
 10
-2.7249
 20
-12.4349
 10
-2.7282
 20
-12.4342
 10
-2.7553
 20
-12.4282
 10
-2.7824
 20
-12.4222
 10
-2.8095
 20
-12.4161
 10
-2.8366
 20
-12.4099
 10
-2.8636
 20
-12.4037
 10
-2.8907
 20
-12.3975
 10
-2.9177
 20
-12.3911
 10
-2.9447
 20
-12.3847
 10
-2.9718
 20
-12.3783
 10
-2.9988
 20
-12.3718
 10
-3.0257
 20
-12.3652
 10
-3.0527
 20
-12.3586
 10
-3.0797
 20
-12.3519
 10
-3.1066
 20
-12.3451
 10
-3.1335
 20
-12.3383
 10
-3.1604
 20
-12.3314
 10
-3.1873
 20
-12.3245
 10
-3.2142
 20
-12.3175
 10
-3.2411
 20
-12.3105
 10
-3.2679
 20
-12.3034
 10
-3.2948
 20
-12.2962
 10
-3.3216
 20
-12.289
 10
-3.3484
 20
-12.2817
 10
-3.3752
 20
-12.2744
 10
-3.4019
 20
-12.267
 10
-3.4287
 20
-12.2596
 10
-3.4554
 20
-12.2521
 10
-3.4822
 20
-12.2445
 10
-3.5089
 20
-12.2369
 10
-3.5356
 20
-12.2292
 10
-3.5622
 20
-12.2214
 10
-3.5889
 20
-12.2136
 10
-3.6155
 20
-12.2058
 10
-3.6421
 20
-12.1979
 10
-3.6687
 20
-12.1899
 10
-3.6953
 20
-12.1819
 10
-3.7219
 20
-12.1738
 10
-3.7484
 20
-12.1656
 10
-3.775
 20
-12.1574
 10
-3.8015
 20
-12.1491
 10
-3.828
 20
-12.1408
 10
-3.8545
 20
-12.1324
 10
-3.8576
 20
-12.1314
 10
-3.9565
 20
-12.4358
 10
-3.9514
 20
-12.4374
 10
-3.9242
 20
-12.446
  0
LWPOLYLINE
  5
9B
330
17
100
AcDbEntity
  8
ALTIN
100
AcDbPolyline
 90
90
 70
1
 10
-2.5738
 20
-12.7937
 10
-2.5459
 20
-12.7992
 10
-2.518
 20
-12.8048
 10
-2.4901
 20
-12.8102
 10
-2.4621
 20
-12.8156
 10
-2.4341
 20
-12.821
 10
-2.4062
 20
-12.8263
 10
-2.3782
 20
-12.8315
 10
-2.3502
 20
-12.8366
 10
-2.3222
 20
-12.8417
 10
-2.2941
 20
-12.8468
 10
-2.2661
 20
-12.8517
 10
-2.2381
 20
-12.8567
 10
-2.21
 20
-12.8615
 10
-2.1819
 20
-12.8663
 10
-2.1539
 20
-12.871
 10
-2.1258
 20
-12.8757
 10
-2.0977
 20
-12.8803
 10
-2.0696
 20
-12.8848
 10
-2.0415
 20
-12.8893
 10
-2.0133
 20
-12.8938
 10
-1.9852
 20
-12.8981
 10
-1.9571
 20
-12.9024
 10
-1.9289
 20
-12.9067
 10
-1.9008
 20
-12.9108
 10
-1.8726
 20
-12.915
 10
-1.8444
 20
-12.919
 10
-1.8162
 20
-12.923
 10
-1.788
 20
-12.9269
 10
-1.7598
 20
-12.9308
 10
-1.7316
 20
-12.9346
 10
-1.7034
 20
-12.9384
 10
-1.6751
 20
-12.942
 10
-1.6469
 20
-12.9457
 10
-1.6186
 20
-12.9492
 10
-1.5904
 20
-12.9527
 10
-1.5621
 20
-12.9562
 10
-1.5339
 20
-12.9595
 10
-1.5056
 20
-12.9629
 10
-1.4773
 20
-12.9661
 10
-1.449
 20
-12.9693
 10
-1.4436
 20
-12.9699
 10
-1.4102
 20
-12.6516
 10
-1.4135
 20
-12.6513
 10
-1.4411
 20
-12.6482
 10
-1.4687
 20
-12.645
 10
-1.4963
 20
-12.6418
 10
-1.5238
 20
-12.6385
 10
-1.5514
 20
-12.6351
 10
-1.579
 20
-12.6317
 10
-1.6065
 20
-12.6282
 10
-1.6341
 20
-12.6247
 10
-1.6616
 20
-12.6211
 10
-1.6891
 20
-12.6174
 10
-1.7167
 20
-12.6137
 10
-1.7442
 20
-12.6099
 10
-1.7717
 20
-12.6061
 10
-1.7992
 20
-12.6022
 10
-1.8267
 20
-12.5983
 10
-1.8541
 20
-12.5942
 10
-1.8816
 20
-12.5902
 10
-1.9091
 20
-12.586
 10
-1.9365
 20
-12.5818
 10
-1.964
 20
-12.5776
 10
-1.9914
 20
-12.5733
 10
-2.0188
 20
-12.5689
 10
-2.0463
 20
-12.5645
 10
-2.0737
 20
-12.56
 10
-2.1011
 20
-12.5554
 10
-2.1284
 20
-12.5508
 10
-2.1558
 20
-12.5461
 10
-2.1832
 20
-12.5414
 10
-2.2105
 20
-12.5366
 10
-2.2379
 20
-12.5318
 10
-2.2652
 20
-12.5268
 10
-2.2925
 20
-12.5219
 10
-2.3199
 20
-12.5168
 10
-2.3472
 20
-12.5117
 10
-2.3745
 20
-12.5066
 10
-2.4017
 20
-12.5014
 10
-2.429
 20
-12.4961
 10
-2.4563
 20
-12.4908
 10
-2.4835
 20
-12.4854
 10
-2.5107
 20
-12.4799
 10
-2.538
 20
-12.4744
 10
-2.5652
 20
-12.4689
 10
-2.5684
 20
-12.4682
 10
-2.6349
 20
-12.7812
 10
-2.6296
 20
-12.7823
 10
-2.6018
 20
-12.788
  0
LWPOLYLINE
  5
9C
330
17
100
AcDbEntity
  8
ALTIN
100
AcDbPolyline
 90
84
 70
1
 10
-1.2224
 20
-12.9926
 10
-1.1941
 20
-12.9953
 10
-1.1657
 20
-12.9978
 10
-1.1374
 20
-13.0003
 10
-1.109
 20
-13.0028
 10
-1.0806
 20
-13.0052
 10
-1.0523
 20
-13.0075
 10
-1.0239
 20
-13.0098
 10
-0.9955
 20
-13.012
 10
-0.9671
 20
-13.0141
 10
-0.9387
 20
-13.0162
 10
-0.9103
 20
-13.0182
 10
-0.8819
 20
-13.0202
 10
-0.8535
 20
-13.0221
 10
-0.8251
 20
-13.0239
 10
-0.7967
 20
-13.0257
 10
-0.7683
 20
-13.0274
 10
-0.7398
 20
-13.029
 10
-0.7114
 20
-13.0306
 10
-0.683
 20
-13.0321
 10
-0.6546
 20
-13.0336
 10
-0.6261
 20
-13.035
 10
-0.5977
 20
-13.0363
 10
-0.5692
 20
-13.0376
 10
-0.5408
 20
-13.0388
 10
-0.5123
 20
-13.0399
 10
-0.4839
 20
-13.041
 10
-0.4554
 20
-13.0421
 10
-0.427
 20
-13.043
 10
-0.3985
 20
-13.0439
 10
-0.3701
 20
-13.0448
 10
-0.3416
 20
-13.0455
 10
-0.3131
 20
-13.0462
 10
-0.2847
 20
-13.0469
 10
-0.2562
 20
-13.0475
 10
-0.2278
 20
-13.048
 10
-0.1993
 20
-13.0485
 10
-0.1708
 20
-13.0489
 10
-0.15
 20
-13.0491
 10
-0.15
 20
-12.7291
 10
-0.1666
 20
-12.7289
 10
-0.1944
 20
-12.7285
 10
-0.2222
 20
-12.7281
 10
-0.2499
 20
-12.7275
 10
-0.2777
 20
-12.727
 10
-0.3055
 20
-12.7263
 10
-0.3332
 20
-12.7256
 10
-0.361
 20
-12.7249
 10
-0.3888
 20
-12.7241
 10
-0.4165
 20
-12.7232
 10
-0.4443
 20
-12.7222
 10
-0.472
 20
-12.7212
 10
-0.4998
 20
-12.7202
 10
-0.5275
 20
-12.7191
 10
-0.5553
 20
-12.7179
 10
-0.583
 20
-12.7166
 10
-0.6108
 20
-12.7153
 10
-0.6385
 20
-12.714
 10
-0.6662
 20
-12.7126
 10
-0.694
 20
-12.7111
 10
-0.7217
 20
-12.7095
 10
-0.7494
 20
-12.7079
 10
-0.7771
 20
-12.7063
 10
-0.8049
 20
-12.7045
 10
-0.8326
 20
-12.7027
 10
-0.8603
 20
-12.7009
 10
-0.888
 20
-12.699
 10
-0.9157
 20
-12.697
 10
-0.9434
 20
-12.695
 10
-0.9711
 20
-12.6929
 10
-0.9988
 20
-12.6908
 10
-1.0265
 20
-12.6885
 10
-1.0541
 20
-12.6863
 10
-1.0818
 20
-12.6839
 10
-1.1095
 20
-12.6816
 10
-1.1372
 20
-12.6791
 10
-1.1648
 20
-12.6766
 10
-1.1925
 20
-12.674
 10
-1.2201
 20
-12.6714
 10
-1.2478
 20
-12.6687
 10
-1.2511
 20
-12.6684
 10
-1.2845
 20
-12.9866
 10
-1.2791
 20
-12.9872
 10
-1.2508
 20
-12.9899
  0
LWPOLYLINE
  5
9D
330
17
100
AcDbEntity
  8
ALTIN
100
AcDbPolyline
 90
84
 70
1
 10
0.2278
 20
-13.048
 10
0.2562
 20
-13.0475
 10
0.2847
 20
-13.0469
 10
0.3131
 20
-13.0462
 10
0.3416
 20
-13.0455
 10
0.3701
 20
-13.0448
 10
0.3985
 20
-13.0439
 10
0.427
 20
-13.043
 10
0.4554
 20
-13.0421
 10
0.4839
 20
-13.041
 10
0.5123
 20
-13.0399
 10
0.5408
 20
-13.0388
 10
0.5692
 20
-13.0376
 10
0.5977
 20
-13.0363
 10
0.6261
 20
-13.035
 10
0.6546
 20
-13.0336
 10
0.683
 20
-13.0321
 10
0.7114
 20
-13.0306
 10
0.7398
 20
-13.029
 10
0.7683
 20
-13.0274
 10
0.7967
 20
-13.0257
 10
0.8251
 20
-13.0239
 10
0.8535
 20
-13.0221
 10
0.8819
 20
-13.0202
 10
0.9103
 20
-13.0182
 10
0.9387
 20
-13.0162
 10
0.9671
 20
-13.0141
 10
0.9955
 20
-13.012
 10
1.0239
 20
-13.0098
 10
1.0523
 20
-13.0075
 10
1.0806
 20
-13.0052
 10
1.109
 20
-13.0028
 10
1.1374
 20
-13.0003
 10
1.1657
 20
-12.9978
 10
1.1941
 20
-12.9953
 10
1.2224
 20
-12.9926
 10
1.2508
 20
-12.9899
 10
1.2791
 20
-12.9872
 10
1.2845
 20
-12.9866
 10
1.2511
 20
-12.6684
 10
1.2478
 20
-12.6687
 10
1.2201
 20
-12.6714
 10
1.1925
 20
-12.674
 10
1.1648
 20
-12.6766
 10
1.1372
 20
-12.6791
 10
1.1095
 20
-12.6816
 10
1.0818
 20
-12.6839
 10
1.0541
 20
-12.6863
 10
1.0265
 20
-12.6885
 10
0.9988
 20
-12.6908
 10
0.9711
 20
-12.6929
 10
0.9434
 20
-12.695
 10
0.9157
 20
-12.697
 10
0.888
 20
-12.699
 10
0.8603
 20
-12.7009
 10
0.8326
 20
-12.7027
 10
0.8049
 20
-12.7045
 10
0.7771
 20
-12.7063
 10
0.7494
 20
-12.7079
 10
0.7217
 20
-12.7095
 10
0.694
 20
-12.7111
 10
0.6662
 20
-12.7126
 10
0.6385
 20
-12.714
 10
0.6108
 20
-12.7153
 10
0.583
 20
-12.7166
 10
0.5553
 20
-12.7179
 10
0.5275
 20
-12.7191
 10
0.4998
 20
-12.7202
 10
0.472
 20
-12.7212
 10
0.4443
 20
-12.7222
 10
0.4165
 20
-12.7232
 10
0.3888
 20
-12.7241
 10
0.361
 20
-12.7249
 10
0.3332
 20
-12.7256
 10
0.3055
 20
-12.7263
 10
0.2777
 20
-12.727
 10
0.2499
 20
-12.7275
 10
0.2222
 20
-12.7281
 10
0.1944
 20
-12.7285
 10
0.1666
 20
-12.7289
 10
0.15
 20
-12.7291
 10
0.15
 20
-13.0491
 10
0.1708
 20
-13.0489
 10
0.1993
 20
-13.0485
  0
LWPOLYLINE
  5
9E
330
17
100
AcDbEntity
  8
ALTIN
100
AcDbPolyline
 90
90
 70
1
 10
1.5056
 20
-12.9629
 10
1.5339
 20
-12.9595
 10
1.5621
 20
-12.9562
 10
1.5904
 20
-12.9527
 10
1.6186
 20
-12.9492
 10
1.6469
 20
-12.9457
 10
1.6751
 20
-12.942
 10
1.7034
 20
-12.9384
 10
1.7316
 20
-12.9346
 10
1.7598
 20
-12.9308
 10
1.788
 20
-12.9269
 10
1.8162
 20
-12.923
 10
1.8444
 20
-12.919
 10
1.8726
 20
-12.915
 10
1.9008
 20
-12.9108
 10
1.9289
 20
-12.9067
 10
1.9571
 20
-12.9024
 10
1.9852
 20
-12.8981
 10
2.0133
 20
-12.8938
 10
2.0415
 20
-12.8893
 10
2.0696
 20
-12.8848
 10
2.0977
 20
-12.8803
 10
2.1258
 20
-12.8757
 10
2.1539
 20
-12.871
 10
2.1819
 20
-12.8663
 10
2.21
 20
-12.8615
 10
2.2381
 20
-12.8567
 10
2.2661
 20
-12.8517
 10
2.2941
 20
-12.8468
 10
2.3222
 20
-12.8417
 10
2.3502
 20
-12.8366
 10
2.3782
 20
-12.8315
 10
2.4062
 20
-12.8263
 10
2.4341
 20
-12.821
 10
2.4621
 20
-12.8156
 10
2.4901
 20
-12.8102
 10
2.518
 20
-12.8048
 10
2.5459
 20
-12.7992
 10
2.5738
 20
-12.7937
 10
2.6018
 20
-12.788
 10
2.6296
 20
-12.7823
 10
2.6349
 20
-12.7812
 10
2.5684
 20
-12.4682
 10
2.5652
 20
-12.4689
 10
2.538
 20
-12.4744
 10
2.5107
 20
-12.4799
 10
2.4835
 20
-12.4854
 10
2.4563
 20
-12.4908
 10
2.429
 20
-12.4961
 10
2.4017
 20
-12.5014
 10
2.3745
 20
-12.5066
 10
2.3472
 20
-12.5117
 10
2.3199
 20
-12.5168
 10
2.2925
 20
-12.5219
 10
2.2652
 20
-12.5268
 10
2.2379
 20
-12.5318
 10
2.2105
 20
-12.5366
 10
2.1832
 20
-12.5414
 10
2.1558
 20
-12.5461
 10
2.1284
 20
-12.5508
 10
2.1011
 20
-12.5554
 10
2.0737
 20
-12.56
 10
2.0463
 20
-12.5645
 10
2.0188
 20
-12.5689
 10
1.9914
 20
-12.5733
 10
1.964
 20
-12.5776
 10
1.9365
 20
-12.5818
 10
1.9091
 20
-12.586
 10
1.8816
 20
-12.5902
 10
1.8541
 20
-12.5942
 10
1.8267
 20
-12.5983
 10
1.7992
 20
-12.6022
 10
1.7717
 20
-12.6061
 10
1.7442
 20
-12.6099
 10
1.7167
 20
-12.6137
 10
1.6891
 20
-12.6174
 10
1.6616
 20
-12.6211
 10
1.6341
 20
-12.6247
 10
1.6065
 20
-12.6282
 10
1.579
 20
-12.6317
 10
1.5514
 20
-12.6351
 10
1.5238
 20
-12.6385
 10
1.4963
 20
-12.6418
 10
1.4687
 20
-12.645
 10
1.4411
 20
-12.6482
 10
1.4135
 20
-12.6513
 10
1.4102
 20
-12.6516
 10
1.4436
 20
-12.9699
 10
1.449
 20
-12.9693
 10
1.4773
 20
-12.9661
  0
LWPOLYLINE
  5
9F
330
17
100
AcDbEntity
  8
ALTIN
100
AcDbPolyline
 90
90
 70
1
 10
2.8523
 20
-12.7345
 10
2.8801
 20
-12.7282
 10
2.9079
 20
-12.7219
 10
2.9356
 20
-12.7155
 10
2.9633
 20
-12.7091
 10
2.9911
 20
-12.7026
 10
3.0188
 20
-12.696
 10
3.0465
 20
-12.6894
 10
3.0741
 20
-12.6828
 10
3.1018
 20
-12.676
 10
3.1294
 20
-12.6692
 10
3.1571
 20
-12.6624
 10
3.1847
 20
-12.6554
 10
3.2123
 20
-12.6485
 10
3.2399
 20
-12.6414
 10
3.2675
 20
-12.6343
 10
3.295
 20
-12.6272
 10
3.3226
 20
-12.6199
 10
3.3501
 20
-12.6127
 10
3.3776
 20
-12.6053
 10
3.4051
 20
-12.5979
 10
3.4326
 20
-12.5905
 10
3.46
 20
-12.583
 10
3.4875
 20
-12.5754
 10
3.5149
 20
-12.5677
 10
3.5423
 20
-12.56
 10
3.5697
 20
-12.5523
 10
3.5971
 20
-12.5445
 10
3.6244
 20
-12.5366
 10
3.6518
 20
-12.5287
 10
3.6791
 20
-12.5207
 10
3.7064
 20
-12.5126
 10
3.7337
 20
-12.5045
 10
3.761
 20
-12.4963
 10
3.7882
 20
-12.4881
 10
3.8155
 20
-12.4798
 10
3.8427
 20
-12.4714
 10
3.8699
 20
-12.463
 10
3.897
 20
-12.4545
 10
3.9242
 20
-12.446
 10
3.9514
 20
-12.4374
 10
3.9565
 20
-12.4358
 10
3.8576
 20
-12.1314
 10
3.8545
 20
-12.1324
 10
3.828
 20
-12.1408
 10
3.8015
 20
-12.1491
 10
3.775
 20
-12.1574
 10
3.7484
 20
-12.1656
 10
3.7219
 20
-12.1738
 10
3.6953
 20
-12.1819
 10
3.6687
 20
-12.1899
 10
3.6421
 20
-12.1979
 10
3.6155
 20
-12.2058
 10
3.5889
 20
-12.2136
 10
3.5622
 20
-12.2214
 10
3.5356
 20
-12.2292
 10
3.5089
 20
-12.2369
 10
3.4822
 20
-12.2445
 10
3.4554
 20
-12.2521
 10
3.4287
 20
-12.2596
 10
3.4019
 20
-12.267
 10
3.3752
 20
-12.2744
 10
3.3484
 20
-12.2817
 10
3.3216
 20
-12.289
 10
3.2948
 20
-12.2962
 10
3.2679
 20
-12.3034
 10
3.2411
 20
-12.3105
 10
3.2142
 20
-12.3175
 10
3.1873
 20
-12.3245
 10
3.1604
 20
-12.3314
 10
3.1335
 20
-12.3383
 10
3.1066
 20
-12.3451
 10
3.0797
 20
-12.3519
 10
3.0527
 20
-12.3586
 10
3.0257
 20
-12.3652
 10
2.9988
 20
-12.3718
 10
2.9718
 20
-12.3783
 10
2.9447
 20
-12.3847
 10
2.9177
 20
-12.3911
 10
2.8907
 20
-12.3975
 10
2.8636
 20
-12.4037
 10
2.8366
 20
-12.4099
 10
2.8095
 20
-12.4161
 10
2.7824
 20
-12.4222
 10
2.7553
 20
-12.4282
 10
2.7282
 20
-12.4342
 10
2.7249
 20
-12.4349
 10
2.7914
 20
-12.7479
 10
2.7967
 20
-12.7468
 10
2.8245
 20
-12.7407
  0
LWPOLYLINE
  5
A0
330
17
100
AcDbEntity
  8
ALTIN
100
AcDbPolyline
 90
90
 70
1
 10
4.1678
 20
-12.3666
 10
4.1948
 20
-12.3574
 10
4.2217
 20
-12.3483
 10
4.2487
 20
-12.339
 10
4.2756
 20
-12.3297
 10
4.3025
 20
-12.3204
 10
4.3293
 20
-12.3109
 10
4.3562
 20
-12.3015
 10
4.383
 20
-12.2919
 10
4.4098
 20
-12.2823
 10
4.4366
 20
-12.2727
 10
4.4634
 20
-12.263
 10
4.4901
 20
-12.2532
 10
4.5168
 20
-12.2434
 10
4.5435
 20
-12.2335
 10
4.5702
 20
-12.2236
 10
4.5969
 20
-12.2136
 10
4.6235
 20
-12.2035
 10
4.6501
 20
-12.1934
 10
4.6767
 20
-12.1832
 10
4.7033
 20
-12.173
 10
4.7298
 20
-12.1627
 10
4.7563
 20
-12.1524
 10
4.7828
 20
-12.1419
 10
4.8093
 20
-12.1315
 10
4.8358
 20
-12.121
 10
4.8622
 20
-12.1104
 10
4.8886
 20
-12.0997
 10
4.915
 20
-12.0891
 10
4.9414
 20
-12.0783
 10
4.9677
 20
-12.0675
 10
4.994
 20
-12.0566
 10
5.0203
 20
-12.0457
 10
5.0466
 20
-12.0347
 10
5.0728
 20
-12.0237
 10
5.099
 20
-12.0126
 10
5.1252
 20
-12.0014
 10
5.1514
 20
-11.9902
 10
5.1776
 20
-11.979
 10
5.2037
 20
-11.9676
 10
5.2298
 20
-11.9563
 10
5.2347
 20
-11.9541
 10
5.1046
 20
-11.6617
 10
5.1015
 20
-11.6631
 10
5.0761
 20
-11.6742
 10
5.0506
 20
-11.6852
 10
5.0251
 20
-11.6962
 10
4.9996
 20
-11.7071
 10
4.974
 20
-11.718
 10
4.9484
 20
-11.7289
 10
4.9228
 20
-11.7396
 10
4.8972
 20
-11.7503
 10
4.8716
 20
-11.761
 10
4.8459
 20
-11.7716
 10
4.8202
 20
-11.7821
 10
4.7945
 20
-11.7926
 10
4.7687
 20
-11.8031
 10
4.743
 20
-11.8134
 10
4.7172
 20
-11.8237
 10
4.6914
 20
-11.834
 10
4.6656
 20
-11.8442
 10
4.6397
 20
-11.8544
 10
4.6138
 20
-11.8645
 10
4.5879
 20
-11.8745
 10
4.562
 20
-11.8845
 10
4.5361
 20
-11.8944
 10
4.5101
 20
-11.9043
 10
4.4841
 20
-11.9141
 10
4.4581
 20
-11.9238
 10
4.4321
 20
-11.9335
 10
4.4061
 20
-11.9432
 10
4.38
 20
-11.9528
 10
4.3539
 20
-11.9623
 10
4.3278
 20
-11.9718
 10
4.3017
 20
-11.9812
 10
4.2755
 20
-11.9905
 10
4.2494
 20
-11.9998
 10
4.2232
 20
-12.0091
 10
4.197
 20
-12.0183
 10
4.1707
 20
-12.0274
 10
4.1445
 20
-12.0365
 10
4.1182
 20
-12.0455
 10
4.0919
 20
-12.0544
 10
4.0656
 20
-12.0633
 10
4.0393
 20
-12.0722
 10
4.0129
 20
-12.0809
 10
4.0098
 20
-12.082
 10
4.1087
 20
-12.3863
 10
4.1138
 20
-12.3846
 10
4.1408
 20
-12.3756
  0
LWPOLYLINE
  5
A1
330
17
100
AcDbEntity
  8
ALTIN
100
AcDbPolyline
 90
84
 70
1
 10
5.4376
 20
-11.8632
 10
5.4635
 20
-11.8513
 10
5.4894
 20
-11.8393
 10
5.5152
 20
-11.8273
 10
5.541
 20
-11.8153
 10
5.5667
 20
-11.8031
 10
5.5925
 20
-11.791
 10
5.6182
 20
-11.7787
 10
5.6439
 20
-11.7665
 10
5.6695
 20
-11.7541
 10
5.6951
 20
-11.7417
 10
5.7207
 20
-11.7293
 10
5.7463
 20
-11.7168
 10
5.7719
 20
-11.7042
 10
5.7974
 20
-11.6916
 10
5.8229
 20
-11.6789
 10
5.8483
 20
-11.6662
 10
5.8738
 20
-11.6534
 10
5.8992
 20
-11.6405
 10
5.9246
 20
-11.6276
 10
5.9499
 20
-11.6147
 10
5.9753
 20
-11.6017
 10
6.0006
 20
-11.5886
 10
6.0258
 20
-11.5755
 10
6.0511
 20
-11.5623
 10
6.0763
 20
-11.5491
 10
6.1015
 20
-11.5358
 10
6.1266
 20
-11.5225
 10
6.1517
 20
-11.5091
 10
6.1768
 20
-11.4956
 10
6.2019
 20
-11.4821
 10
6.2269
 20
-11.4686
 10
6.2519
 20
-11.455
 10
6.2769
 20
-11.4413
 10
6.3018
 20
-11.4276
 10
6.3268
 20
-11.4138
 10
6.3517
 20
-11.4
 10
6.3765
 20
-11.3861
 10
6.3947
 20
-11.3759
 10
6.2347
 20
-11.0987
 10
6.2201
 20
-11.1069
 10
6.1959
 20
-11.1204
 10
6.1716
 20
-11.1339
 10
6.1473
 20
-11.1473
 10
6.123
 20
-11.1607
 10
6.0986
 20
-11.1741
 10
6.0742
 20
-11.1873
 10
6.0498
 20
-11.2006
 10
6.0254
 20
-11.2137
 10
6.0009
 20
-11.2269
 10
5.9764
 20
-11.2399
 10
5.9518
 20
-11.2529
 10
5.9273
 20
-11.2659
 10
5.9027
 20
-11.2788
 10
5.8781
 20
-11.2916
 10
5.8534
 20
-11.3044
 10
5.8287
 20
-11.3172
 10
5.804
 20
-11.3299
 10
5.7793
 20
-11.3425
 10
5.7545
 20
-11.3551
 10
5.7298
 20
-11.3676
 10
5.7049
 20
-11.3801
 10
5.6801
 20
-11.3925
 10
5.6552
 20
-11.4049
 10
5.6303
 20
-11.4172
 10
5.6054
 20
-11.4294
 10
5.5805
 20
-11.4416
 10
5.5555
 20
-11.4538
 10
5.5305
 20
-11.4659
 10
5.5055
 20
-11.4779
 10
5.4804
 20
-11.4899
 10
5.4553
 20
-11.5018
 10
5.4302
 20
-11.5137
 10
5.4051
 20
-11.5255
 10
5.3799
 20
-11.5373
 10
5.3547
 20
-11.549
 10
5.3295
 20
-11.5607
 10
5.3043
 20
-11.5723
 10
5.279
 20
-11.5838
 10
5.2538
 20
-11.5953
 10
5.2507
 20
-11.5967
 10
5.3809
 20
-11.889
 10
5.3858
 20
-11.8868
 10
5.4117
 20
-11.875
  0
LWPOLYLINE
  5
A2
330
17
100
AcDbEntity
  8
ALTIN
100
AcDbPolyline
 90
84
 70
1
 10
6.7456
 20
-11.1713
 10
6.77
 20
-11.1566
 10
6.7943
 20
-11.1418
 10
6.8186
 20
-11.127
 10
6.8429
 20
-11.1121
 10
6.8671
 20
-11.0971
 10
6.8913
 20
-11.0821
 10
6.9154
 20
-11.067
 10
6.9396
 20
-11.0519
 10
6.9637
 20
-11.0367
 10
6.9877
 20
-11.0215
 10
7.0118
 20
-11.0063
 10
7.0358
 20
-10.9909
 10
7.0597
 20
-10.9756
 10
7.0836
 20
-10.9601
 10
7.1075
 20
-10.9447
 10
7.1314
 20
-10.9291
 10
7.1552
 20
-10.9135
 10
7.179
 20
-10.8979
 10
7.2028
 20
-10.8822
 10
7.2265
 20
-10.8665
 10
7.2502
 20
-10.8507
 10
7.2738
 20
-10.8348
 10
7.2975
 20
-10.8189
 10
7.3211
 20
-10.803
 10
7.3446
 20
-10.787
 10
7.3681
 20
-10.7709
 10
7.3916
 20
-10.7548
 10
7.415
 20
-10.7387
 10
7.4385
 20
-10.7225
 10
7.4618
 20
-10.7062
 10
7.4852
 20
-10.6899
 10
7.5085
 20
-10.6736
 10
7.5317
 20
-10.6572
 10
7.555
 20
-10.6407
 10
7.5782
 20
-10.6242
 10
7.6013
 20
-10.6076
 10
7.6057
 20
-10.6045
 10
7.4176
 20
-10.3456
 10
7.4149
 20
-10.3475
 10
7.3923
 20
-10.3637
 10
7.3697
 20
-10.3798
 10
7.3471
 20
-10.3958
 10
7.3244
 20
-10.4119
 10
7.3016
 20
-10.4278
 10
7.2789
 20
-10.4437
 10
7.2561
 20
-10.4596
 10
7.2332
 20
-10.4754
 10
7.2104
 20
-10.4911
 10
7.1874
 20
-10.5068
 10
7.1645
 20
-10.5225
 10
7.1415
 20
-10.5381
 10
7.1185
 20
-10.5536
 10
7.0955
 20
-10.5692
 10
7.0724
 20
-10.5846
 10
7.0493
 20
-10.6
 10
7.0262
 20
-10.6154
 10
7.003
 20
-10.6307
 10
6.9798
 20
-10.6459
 10
6.9565
 20
-10.6611
 10
6.9333
 20
-10.6763
 10
6.9099
 20
-10.6914
 10
6.8866
 20
-10.7064
 10
6.8632
 20
-10.7214
 10
6.8398
 20
-10.7364
 10
6.8164
 20
-10.7513
 10
6.7929
 20
-10.7661
 10
6.7694
 20
-10.7809
 10
6.7459
 20
-10.7957
 10
6.7223
 20
-10.8103
 10
6.6987
 20
-10.825
 10
6.6751
 20
-10.8396
 10
6.6514
 20
-10.8541
 10
6.6277
 20
-10.8686
 10
6.604
 20
-10.883
 10
6.5802
 20
-10.8974
 10
6.5564
 20
-10.9117
 10
6.5326
 20
-10.926
 10
6.5088
 20
-10.9402
 10
6.4945
 20
-10.9487
 10
6.6545
 20
-11.2259
 10
6.6724
 20
-11.2153
 10
6.6968
 20
-11.2007
 10
6.7212
 20
-11.186
  0
LWPOLYLINE
  5
A3
330
17
100
AcDbEntity
  8
ALTIN
100
AcDbPolyline
 90
90
 70
1
 10
7.8081
 20
-10.4564
 10
7.8309
 20
-10.4393
 10
7.8537
 20
-10.4222
 10
7.8764
 20
-10.405
 10
7.8991
 20
-10.3878
 10
7.9217
 20
-10.3706
 10
7.9443
 20
-10.3533
 10
7.9669
 20
-10.3359
 10
7.9894
 20
-10.3185
 10
8.0119
 20
-10.301
 10
8.0344
 20
-10.2835
 10
8.0568
 20
-10.266
 10
8.0792
 20
-10.2484
 10
8.1015
 20
-10.2307
 10
8.1238
 20
-10.213
 10
8.1461
 20
-10.1953
 10
8.1683
 20
-10.1775
 10
8.1905
 20
-10.1596
 10
8.2126
 20
-10.1418
 10
8.2347
 20
-10.1238
 10
8.2568
 20
-10.1058
 10
8.2788
 20
-10.0878
 10
8.3008
 20
-10.0697
 10
8.3228
 20
-10.0516
 10
8.3447
 20
-10.0334
 10
8.3665
 20
-10.0152
 10
8.3884
 20
-9.9969
 10
8.4102
 20
-9.9786
 10
8.4319
 20
-9.9602
 10
8.4536
 20
-9.9418
 10
8.4753
 20
-9.9233
 10
8.4969
 20
-9.9048
 10
8.5185
 20
-9.8862
 10
8.5401
 20
-9.8676
 10
8.5616
 20
-9.849
 10
8.583
 20
-9.8303
 10
8.6045
 20
-9.8115
 10
8.6258
 20
-9.7927
 10
8.6472
 20
-9.7739
 10
8.6685
 20
-9.755
 10
8.6725
 20
-9.7514
 10
8.4584
 20
-9.5136
 10
8.4559
 20
-9.5158
 10
8.4352
 20
-9.5342
 10
8.4143
 20
-9.5526
 10
8.3935
 20
-9.5709
 10
8.3726
 20
-9.5892
 10
8.3516
 20
-9.6075
 10
8.3307
 20
-9.6257
 10
8.3096
 20
-9.6438
 10
8.2886
 20
-9.6619
 10
8.2675
 20
-9.68
 10
8.2463
 20
-9.698
 10
8.2252
 20
-9.7159
 10
8.2039
 20
-9.7339
 10
8.1827
 20
-9.7517
 10
8.1614
 20
-9.7696
 10
8.1401
 20
-9.7874
 10
8.1187
 20
-9.8051
 10
8.0973
 20
-9.8228
 10
8.0758
 20
-9.8404
 10
8.0543
 20
-9.858
 10
8.0328
 20
-9.8756
 10
8.0112
 20
-9.8931
 10
7.9896
 20
-9.9105
 10
7.968
 20
-9.9279
 10
7.9463
 20
-9.9453
 10
7.9246
 20
-9.9626
 10
7.9029
 20
-9.9799
 10
7.8811
 20
-9.9971
 10
7.8592
 20
-10.0143
 10
7.8374
 20
-10.0314
 10
7.8155
 20
-10.0485
 10
7.7935
 20
-10.0655
 10
7.7715
 20
-10.0825
 10
7.7495
 20
-10.0994
 10
7.7275
 20
-10.1163
 10
7.7054
 20
-10.1331
 10
7.6833
 20
-10.1499
 10
7.6611
 20
-10.1666
 10
7.6389
 20
-10.1833
 10
7.6167
 20
-10.2
 10
7.5944
 20
-10.2166
 10
7.5721
 20
-10.2331
 10
7.5498
 20
-10.2496
 10
7.5471
 20
-10.2516
 10
7.7352
 20
-10.5104
 10
7.7395
 20
-10.5072
 10
7.7624
 20
-10.4903
 10
7.7853
 20
-10.4734
  0
LWPOLYLINE
  5
A4
330
17
100
AcDbEntity
  8
ALTIN
100
AcDbPolyline
 90
90
 70
1
 10
8.8583
 20
-9.5829
 10
8.8792
 20
-9.5636
 10
8.9001
 20
-9.5442
 10
8.9209
 20
-9.5247
 10
8.9416
 20
-9.5052
 10
8.9624
 20
-9.4857
 10
8.983
 20
-9.4661
 10
9.0037
 20
-9.4465
 10
9.0242
 20
-9.4268
 10
9.0448
 20
-9.4071
 10
9.0653
 20
-9.3874
 10
9.0858
 20
-9.3676
 10
9.1062
 20
-9.3477
 10
9.1265
 20
-9.3279
 10
9.1469
 20
-9.3079
 10
9.1672
 20
-9.2879
 10
9.1874
 20
-9.2679
 10
9.2076
 20
-9.2479
 10
9.2277
 20
-9.2277
 10
9.2479
 20
-9.2076
 10
9.2679
 20
-9.1874
 10
9.2879
 20
-9.1672
 10
9.3079
 20
-9.1469
 10
9.3279
 20
-9.1265
 10
9.3477
 20
-9.1062
 10
9.3676
 20
-9.0858
 10
9.3874
 20
-9.0653
 10
9.4071
 20
-9.0448
 10
9.4268
 20
-9.0242
 10
9.4465
 20
-9.0037
 10
9.4661
 20
-8.983
 10
9.4857
 20
-8.9624
 10
9.5052
 20
-8.9416
 10
9.5247
 20
-8.9209
 10
9.5442
 20
-8.9001
 10
9.5636
 20
-8.8792
 10
9.5829
 20
-8.8583
 10
9.6022
 20
-8.8374
 10
9.6215
 20
-8.8165
 10
9.6407
 20
-8.7954
 10
9.6443
 20
-8.7914
 10
9.4065
 20
-8.5773
 10
9.4043
 20
-8.5798
 10
9.3855
 20
-8.6003
 10
9.3668
 20
-8.6207
 10
9.3479
 20
-8.6411
 10
9.3291
 20
-8.6615
 10
9.3101
 20
-8.6818
 10
9.2912
 20
-8.7021
 10
9.2722
 20
-8.7224
 10
9.2531
 20
-8.7426
 10
9.234
 20
-8.7628
 10
9.2149
 20
-8.7829
 10
9.1957
 20
-8.803
 10
9.1765
 20
-8.823
 10
9.1572
 20
-8.843
 10
9.1379
 20
-8.863
 10
9.1185
 20
-8.8829
 10
9.0991
 20
-8.9027
 10
9.0797
 20
-8.9226
 10
9.0602
 20
-8.9424
 10
9.0407
 20
-8.9621
 10
9.0211
 20
-8.9818
 10
9.0015
 20
-9.0015
 10
8.9818
 20
-9.0211
 10
8.9621
 20
-9.0407
 10
8.9424
 20
-9.0602
 10
8.9226
 20
-9.0797
 10
8.9027
 20
-9.0991
 10
8.8829
 20
-9.1185
 10
8.863
 20
-9.1379
 10
8.843
 20
-9.1572
 10
8.823
 20
-9.1765
 10
8.803
 20
-9.1957
 10
8.7829
 20
-9.2149
 10
8.7628
 20
-9.234
 10
8.7426
 20
-9.2531
 10
8.7224
 20
-9.2722
 10
8.7021
 20
-9.2912
 10
8.6818
 20
-9.3101
 10
8.6615
 20
-9.3291
 10
8.6411
 20
-9.3479
 10
8.6207
 20
-9.3668
 10
8.6003
 20
-9.3855
 10
8.5798
 20
-9.4043
 10
8.5773
 20
-9.4065
 10
8.7914
 20
-9.6443
 10
8.7954
 20
-9.6407
 10
8.8165
 20
-9.6215
 10
8.8374
 20
-9.6022
  0
LWPOLYLINE
  5
A5
330
17
100
AcDbEntity
  8
ALTIN
100
AcDbPolyline
 90
90
 70
1
 10
9.8115
 20
-8.6045
 10
9.8303
 20
-8.583
 10
9.849
 20
-8.5616
 10
9.8676
 20
-8.5401
 10
9.8862
 20
-8.5185
 10
9.9048
 20
-8.4969
 10
9.9233
 20
-8.4753
 10
9.9418
 20
-8.4536
 10
9.9602
 20
-8.4319
 10
9.9786
 20
-8.4102
 10
9.9969
 20
-8.3884
 10
10.0152
 20
-8.3665
 10
10.0334
 20
-8.3447
 10
10.0516
 20
-8.3228
 10
10.0697
 20
-8.3008
 10
10.0878
 20
-8.2788
 10
10.1058
 20
-8.2568
 10
10.1238
 20
-8.2347
 10
10.1418
 20
-8.2126
 10
10.1596
 20
-8.1905
 10
10.1775
 20
-8.1683
 10
10.1953
 20
-8.1461
 10
10.213
 20
-8.1238
 10
10.2307
 20
-8.1015
 10
10.2484
 20
-8.0792
 10
10.266
 20
-8.0568
 10
10.2835
 20
-8.0344
 10
10.301
 20
-8.0119
 10
10.3185
 20
-7.9894
 10
10.3359
 20
-7.9669
 10
10.3533
 20
-7.9443
 10
10.3706
 20
-7.9217
 10
10.3878
 20
-7.8991
 10
10.405
 20
-7.8764
 10
10.4222
 20
-7.8537
 10
10.4393
 20
-7.8309
 10
10.4564
 20
-7.8081
 10
10.4734
 20
-7.7853
 10
10.4903
 20
-7.7624
 10
10.5072
 20
-7.7395
 10
10.5104
 20
-7.7352
 10
10.2516
 20
-7.5471
 10
10.2496
 20
-7.5498
 10
10.2331
 20
-7.5721
 10
10.2166
 20
-7.5944
 10
10.2
 20
-7.6167
 10
10.1833
 20
-7.6389
 10
10.1666
 20
-7.6611
 10
10.1499
 20
-7.6833
 10
10.1331
 20
-7.7054
 10
10.1163
 20
-7.7275
 10
10.0994
 20
-7.7495
 10
10.0825
 20
-7.7715
 10
10.0655
 20
-7.7935
 10
10.0485
 20
-7.8155
 10
10.0314
 20
-7.8374
 10
10.0143
 20
-7.8592
 10
9.9971
 20
-7.8811
 10
9.9799
 20
-7.9029
 10
9.9626
 20
-7.9246
 10
9.9453
 20
-7.9463
 10
9.9279
 20
-7.968
 10
9.9105
 20
-7.9896
 10
9.8931
 20
-8.0112
 10
9.8756
 20
-8.0328
 10
9.858
 20
-8.0543
 10
9.8404
 20
-8.0758
 10
9.8228
 20
-8.0973
 10
9.8051
 20
-8.1187
 10
9.7874
 20
-8.1401
 10
9.7696
 20
-8.1614
 10
9.7517
 20
-8.1827
 10
9.7339
 20
-8.2039
 10
9.7159
 20
-8.2252
 10
9.698
 20
-8.2463
 10
9.68
 20
-8.2675
 10
9.6619
 20
-8.2886
 10
9.6438
 20
-8.3096
 10
9.6257
 20
-8.3307
 10
9.6075
 20
-8.3516
 10
9.5892
 20
-8.3726
 10
9.5709
 20
-8.3935
 10
9.5526
 20
-8.4143
 10
9.5342
 20
-8.4352
 10
9.5158
 20
-8.4559
 10
9.5136
 20
-8.4584
 10
9.7514
 20
-8.6725
 10
9.755
 20
-8.6685
 10
9.7739
 20
-8.6472
 10
9.7927
 20
-8.6258
  0
LWPOLYLINE
  5
A6
330
17
100
AcDbEntity
  8
ALTIN
100
AcDbPolyline
 90
84
 70
1
 10
10.6572
 20
-7.5317
 10
10.6736
 20
-7.5085
 10
10.6899
 20
-7.4852
 10
10.7062
 20
-7.4618
 10
10.7225
 20
-7.4385
 10
10.7387
 20
-7.415
 10
10.7548
 20
-7.3916
 10
10.7709
 20
-7.3681
 10
10.787
 20
-7.3446
 10
10.803
 20
-7.3211
 10
10.8189
 20
-7.2975
 10
10.8348
 20
-7.2738
 10
10.8507
 20
-7.2502
 10
10.8665
 20
-7.2265
 10
10.8822
 20
-7.2028
 10
10.8979
 20
-7.179
 10
10.9135
 20
-7.1552
 10
10.9291
 20
-7.1314
 10
10.9447
 20
-7.1075
 10
10.9601
 20
-7.0836
 10
10.9756
 20
-7.0597
 10
10.9909
 20
-7.0358
 10
11.0063
 20
-7.0118
 10
11.0215
 20
-6.9877
 10
11.0367
 20
-6.9637
 10
11.0519
 20
-6.9396
 10
11.067
 20
-6.9154
 10
11.0821
 20
-6.8913
 10
11.0971
 20
-6.8671
 10
11.1121
 20
-6.8429
 10
11.127
 20
-6.8186
 10
11.1418
 20
-6.7943
 10
11.1566
 20
-6.77
 10
11.1713
 20
-6.7456
 10
11.186
 20
-6.7212
 10
11.2007
 20
-6.6968
 10
11.2153
 20
-6.6724
 10
11.2259
 20
-6.6545
 10
10.9487
 20
-6.4945
 10
10.9402
 20
-6.5088
 10
10.926
 20
-6.5326
 10
10.9117
 20
-6.5564
 10
10.8974
 20
-6.5802
 10
10.883
 20
-6.604
 10
10.8686
 20
-6.6277
 10
10.8541
 20
-6.6514
 10
10.8396
 20
-6.6751
 10
10.825
 20
-6.6987
 10
10.8103
 20
-6.7223
 10
10.7957
 20
-6.7459
 10
10.7809
 20
-6.7694
 10
10.7661
 20
-6.7929
 10
10.7513
 20
-6.8164
 10
10.7364
 20
-6.8398
 10
10.7214
 20
-6.8632
 10
10.7064
 20
-6.8866
 10
10.6914
 20
-6.9099
 10
10.6763
 20
-6.9333
 10
10.6611
 20
-6.9565
 10
10.6459
 20
-6.9798
 10
10.6307
 20
-7.003
 10
10.6154
 20
-7.0262
 10
10.6
 20
-7.0493
 10
10.5846
 20
-7.0724
 10
10.5692
 20
-7.0955
 10
10.5536
 20
-7.1185
 10
10.5381
 20
-7.1415
 10
10.5225
 20
-7.1645
 10
10.5068
 20
-7.1874
 10
10.4911
 20
-7.2104
 10
10.4754
 20
-7.2332
 10
10.4596
 20
-7.2561
 10
10.4437
 20
-7.2789
 10
10.4278
 20
-7.3016
 10
10.4119
 20
-7.3244
 10
10.3958
 20
-7.3471
 10
10.3798
 20
-7.3697
 10
10.3637
 20
-7.3923
 10
10.3475
 20
-7.4149
 10
10.3456
 20
-7.4176
 10
10.6045
 20
-7.6057
 10
10.6076
 20
-7.6013
 10
10.6242
 20
-7.5782
 10
10.6407
 20
-7.555
  0
LWPOLYLINE
  5
A7
330
17
100
AcDbEntity
  8
ALTIN
100
AcDbPolyline
 90
84
 70
1
 10
11.4276
 20
-6.3018
 10
11.4413
 20
-6.2769
 10
11.455
 20
-6.2519
 10
11.4686
 20
-6.2269
 10
11.4821
 20
-6.2019
 10
11.4956
 20
-6.1768
 10
11.5091
 20
-6.1517
 10
11.5225
 20
-6.1266
 10
11.5358
 20
-6.1015
 10
11.5491
 20
-6.0763
 10
11.5623
 20
-6.0511
 10
11.5755
 20
-6.0258
 10
11.5886
 20
-6.0006
 10
11.6017
 20
-5.9753
 10
11.6147
 20
-5.9499
 10
11.6276
 20
-5.9246
 10
11.6405
 20
-5.8992
 10
11.6534
 20
-5.8738
 10
11.6662
 20
-5.8483
 10
11.6789
 20
-5.8229
 10
11.6916
 20
-5.7974
 10
11.7042
 20
-5.7719
 10
11.7168
 20
-5.7463
 10
11.7293
 20
-5.7207
 10
11.7417
 20
-5.6951
 10
11.7541
 20
-5.6695
 10
11.7665
 20
-5.6439
 10
11.7787
 20
-5.6182
 10
11.791
 20
-5.5925
 10
11.8031
 20
-5.5667
 10
11.8153
 20
-5.541
 10
11.8273
 20
-5.5152
 10
11.8393
 20
-5.4894
 10
11.8513
 20
-5.4635
 10
11.8632
 20
-5.4376
 10
11.875
 20
-5.4117
 10
11.8868
 20
-5.3858
 10
11.889
 20
-5.3809
 10
11.5967
 20
-5.2507
 10
11.5953
 20
-5.2538
 10
11.5838
 20
-5.279
 10
11.5723
 20
-5.3043
 10
11.5607
 20
-5.3295
 10
11.549
 20
-5.3547
 10
11.5373
 20
-5.3799
 10
11.5255
 20
-5.4051
 10
11.5137
 20
-5.4302
 10
11.5018
 20
-5.4553
 10
11.4899
 20
-5.4804
 10
11.4779
 20
-5.5055
 10
11.4659
 20
-5.5305
 10
11.4538
 20
-5.5555
 10
11.4416
 20
-5.5805
 10
11.4294
 20
-5.6054
 10
11.4172
 20
-5.6303
 10
11.4049
 20
-5.6552
 10
11.3925
 20
-5.6801
 10
11.3801
 20
-5.7049
 10
11.3676
 20
-5.7298
 10
11.3551
 20
-5.7545
 10
11.3425
 20
-5.7793
 10
11.3299
 20
-5.804
 10
11.3172
 20
-5.8287
 10
11.3044
 20
-5.8534
 10
11.2916
 20
-5.8781
 10
11.2788
 20
-5.9027
 10
11.2659
 20
-5.9273
 10
11.2529
 20
-5.9518
 10
11.2399
 20
-5.9764
 10
11.2269
 20
-6.0009
 10
11.2137
 20
-6.0254
 10
11.2006
 20
-6.0498
 10
11.1873
 20
-6.0742
 10
11.1741
 20
-6.0986
 10
11.1607
 20
-6.123
 10
11.1473
 20
-6.1473
 10
11.1339
 20
-6.1716
 10
11.1204
 20
-6.1959
 10
11.1069
 20
-6.2201
 10
11.0987
 20
-6.2347
 10
11.3759
 20
-6.3947
 10
11.3861
 20
-6.3765
 10
11.4
 20
-6.3517
 10
11.4138
 20
-6.3268
  0
LWPOLYLINE
  5
A8
330
17
100
AcDbEntity
  8
ALTIN
100
AcDbPolyline
 90
90
 70
1
 10
11.9902
 20
-5.1514
 10
12.0014
 20
-5.1252
 10
12.0126
 20
-5.099
 10
12.0237
 20
-5.0728
 10
12.0347
 20
-5.0466
 10
12.0457
 20
-5.0203
 10
12.0566
 20
-4.994
 10
12.0675
 20
-4.9677
 10
12.0783
 20
-4.9414
 10
12.0891
 20
-4.915
 10
12.0997
 20
-4.8886
 10
12.1104
 20
-4.8622
 10
12.121
 20
-4.8358
 10
12.1315
 20
-4.8093
 10
12.1419
 20
-4.7828
 10
12.1524
 20
-4.7563
 10
12.1627
 20
-4.7298
 10
12.173
 20
-4.7033
 10
12.1832
 20
-4.6767
 10
12.1934
 20
-4.6501
 10
12.2035
 20
-4.6235
 10
12.2136
 20
-4.5969
 10
12.2236
 20
-4.5702
 10
12.2335
 20
-4.5435
 10
12.2434
 20
-4.5168
 10
12.2532
 20
-4.4901
 10
12.263
 20
-4.4634
 10
12.2727
 20
-4.4366
 10
12.2823
 20
-4.4098
 10
12.2919
 20
-4.383
 10
12.3015
 20
-4.3562
 10
12.3109
 20
-4.3293
 10
12.3204
 20
-4.3025
 10
12.3297
 20
-4.2756
 10
12.339
 20
-4.2487
 10
12.3483
 20
-4.2217
 10
12.3574
 20
-4.1948
 10
12.3666
 20
-4.1678
 10
12.3756
 20
-4.1408
 10
12.3846
 20
-4.1138
 10
12.3863
 20
-4.1087
 10
12.082
 20
-4.0098
 10
12.0809
 20
-4.0129
 10
12.0722
 20
-4.0393
 10
12.0633
 20
-4.0656
 10
12.0544
 20
-4.0919
 10
12.0455
 20
-4.1182
 10
12.0365
 20
-4.1445
 10
12.0274
 20
-4.1707
 10
12.0183
 20
-4.197
 10
12.0091
 20
-4.2232
 10
11.9998
 20
-4.2494
 10
11.9905
 20
-4.2755
 10
11.9812
 20
-4.3017
 10
11.9718
 20
-4.3278
 10
11.9623
 20
-4.3539
 10
11.9528
 20
-4.38
 10
11.9432
 20
-4.4061
 10
11.9335
 20
-4.4321
 10
11.9238
 20
-4.4581
 10
11.9141
 20
-4.4841
 10
11.9043
 20
-4.5101
 10
11.8944
 20
-4.5361
 10
11.8845
 20
-4.562
 10
11.8745
 20
-4.5879
 10
11.8645
 20
-4.6138
 10
11.8544
 20
-4.6397
 10
11.8442
 20
-4.6656
 10
11.834
 20
-4.6914
 10
11.8237
 20
-4.7172
 10
11.8134
 20
-4.743
 10
11.8031
 20
-4.7687
 10
11.7926
 20
-4.7945
 10
11.7821
 20
-4.8202
 10
11.7716
 20
-4.8459
 10
11.761
 20
-4.8716
 10
11.7503
 20
-4.8972
 10
11.7396
 20
-4.9228
 10
11.7289
 20
-4.9484
 10
11.718
 20
-4.974
 10
11.7071
 20
-4.9996
 10
11.6962
 20
-5.0251
 10
11.6852
 20
-5.0506
 10
11.6742
 20
-5.0761
 10
11.6631
 20
-5.1015
 10
11.6617
 20
-5.1046
 10
11.9541
 20
-5.2347
 10
11.9563
 20
-5.2298
 10
11.9676
 20
-5.2037
 10
11.979
 20
-5.1776
  0
LWPOLYLINE
  5
A9
330
17
100
AcDbEntity
  8
ALTIN
100
AcDbPolyline
 90
90
 70
1
 10
12.463
 20
-3.8699
 10
12.4714
 20
-3.8427
 10
12.4798
 20
-3.8155
 10
12.4881
 20
-3.7882
 10
12.4963
 20
-3.761
 10
12.5045
 20
-3.7337
 10
12.5126
 20
-3.7064
 10
12.5207
 20
-3.6791
 10
12.5287
 20
-3.6518
 10
12.5366
 20
-3.6244
 10
12.5445
 20
-3.5971
 10
12.5523
 20
-3.5697
 10
12.56
 20
-3.5423
 10
12.5677
 20
-3.5149
 10
12.5754
 20
-3.4875
 10
12.583
 20
-3.46
 10
12.5905
 20
-3.4326
 10
12.5979
 20
-3.4051
 10
12.6053
 20
-3.3776
 10
12.6127
 20
-3.3501
 10
12.6199
 20
-3.3226
 10
12.6272
 20
-3.295
 10
12.6343
 20
-3.2675
 10
12.6414
 20
-3.2399
 10
12.6485
 20
-3.2123
 10
12.6554
 20
-3.1847
 10
12.6624
 20
-3.1571
 10
12.6692
 20
-3.1294
 10
12.676
 20
-3.1018
 10
12.6828
 20
-3.0741
 10
12.6894
 20
-3.0465
 10
12.696
 20
-3.0188
 10
12.7026
 20
-2.9911
 10
12.7091
 20
-2.9633
 10
12.7155
 20
-2.9356
 10
12.7219
 20
-2.9079
 10
12.7282
 20
-2.8801
 10
12.7345
 20
-2.8523
 10
12.7407
 20
-2.8245
 10
12.7468
 20
-2.7967
 10
12.7479
 20
-2.7914
 10
12.4349
 20
-2.7249
 10
12.4342
 20
-2.7282
 10
12.4282
 20
-2.7553
 10
12.4222
 20
-2.7824
 10
12.4161
 20
-2.8095
 10
12.4099
 20
-2.8366
 10
12.4037
 20
-2.8636
 10
12.3975
 20
-2.8907
 10
12.3911
 20
-2.9177
 10
12.3847
 20
-2.9447
 10
12.3783
 20
-2.9718
 10
12.3718
 20
-2.9988
 10
12.3652
 20
-3.0257
 10
12.3586
 20
-3.0527
 10
12.3519
 20
-3.0797
 10
12.3451
 20
-3.1066
 10
12.3383
 20
-3.1335
 10
12.3314
 20
-3.1604
 10
12.3245
 20
-3.1873
 10
12.3175
 20
-3.2142
 10
12.3105
 20
-3.2411
 10
12.3034
 20
-3.2679
 10
12.2962
 20
-3.2948
 10
12.289
 20
-3.3216
 10
12.2817
 20
-3.3484
 10
12.2744
 20
-3.3752
 10
12.267
 20
-3.4019
 10
12.2596
 20
-3.4287
 10
12.2521
 20
-3.4554
 10
12.2445
 20
-3.4822
 10
12.2369
 20
-3.5089
 10
12.2292
 20
-3.5356
 10
12.2214
 20
-3.5622
 10
12.2136
 20
-3.5889
 10
12.2058
 20
-3.6155
 10
12.1979
 20
-3.6421
 10
12.1899
 20
-3.6687
 10
12.1819
 20
-3.6953
 10
12.1738
 20
-3.7219
 10
12.1656
 20
-3.7484
 10
12.1574
 20
-3.775
 10
12.1491
 20
-3.8015
 10
12.1408
 20
-3.828
 10
12.1324
 20
-3.8545
 10
12.1314
 20
-3.8576
 10
12.4358
 20
-3.9565
 10
12.4374
 20
-3.9514
 10
12.446
 20
-3.9242
 10
12.4545
 20
-3.897
  0
LWPOLYLINE
  5
AA
330
17
100
AcDbEntity
  8
ALTIN
100
AcDbPolyline
 90
90
 70
1
 10
12.7992
 20
-2.5459
 10
12.8048
 20
-2.518
 10
12.8102
 20
-2.4901
 10
12.8156
 20
-2.4621
 10
12.821
 20
-2.4341
 10
12.8263
 20
-2.4062
 10
12.8315
 20
-2.3782
 10
12.8366
 20
-2.3502
 10
12.8417
 20
-2.3222
 10
12.8468
 20
-2.2941
 10
12.8517
 20
-2.2661
 10
12.8567
 20
-2.2381
 10
12.8615
 20
-2.21
 10
12.8663
 20
-2.1819
 10
12.871
 20
-2.1539
 10
12.8757
 20
-2.1258
 10
12.8803
 20
-2.0977
 10
12.8848
 20
-2.0696
 10
12.8893
 20
-2.0415
 10
12.8938
 20
-2.0133
 10
12.8981
 20
-1.9852
 10
12.9024
 20
-1.9571
 10
12.9067
 20
-1.9289
 10
12.9108
 20
-1.9008
 10
12.915
 20
-1.8726
 10
12.919
 20
-1.8444
 10
12.923
 20
-1.8162
 10
12.9269
 20
-1.788
 10
12.9308
 20
-1.7598
 10
12.9346
 20
-1.7316
 10
12.9384
 20
-1.7034
 10
12.942
 20
-1.6751
 10
12.9457
 20
-1.6469
 10
12.9492
 20
-1.6186
 10
12.9527
 20
-1.5904
 10
12.9562
 20
-1.5621
 10
12.9595
 20
-1.5339
 10
12.9629
 20
-1.5056
 10
12.9661
 20
-1.4773
 10
12.9693
 20
-1.449
 10
12.9699
 20
-1.4436
 10
12.6516
 20
-1.4102
 10
12.6513
 20
-1.4135
 10
12.6482
 20
-1.4411
 10
12.645
 20
-1.4687
 10
12.6418
 20
-1.4963
 10
12.6385
 20
-1.5238
 10
12.6351
 20
-1.5514
 10
12.6317
 20
-1.579
 10
12.6282
 20
-1.6065
 10
12.6247
 20
-1.6341
 10
12.6211
 20
-1.6616
 10
12.6174
 20
-1.6891
 10
12.6137
 20
-1.7167
 10
12.6099
 20
-1.7442
 10
12.6061
 20
-1.7717
 10
12.6022
 20
-1.7992
 10
12.5983
 20
-1.8267
 10
12.5942
 20
-1.8541
 10
12.5902
 20
-1.8816
 10
12.586
 20
-1.9091
 10
12.5818
 20
-1.9365
 10
12.5776
 20
-1.964
 10
12.5733
 20
-1.9914
 10
12.5689
 20
-2.0188
 10
12.5645
 20
-2.0463
 10
12.56
 20
-2.0737
 10
12.5554
 20
-2.1011
 10
12.5508
 20
-2.1284
 10
12.5461
 20
-2.1558
 10
12.5414
 20
-2.1832
 10
12.5366
 20
-2.2105
 10
12.5318
 20
-2.2379
 10
12.5268
 20
-2.2652
 10
12.5219
 20
-2.2925
 10
12.5168
 20
-2.3199
 10
12.5117
 20
-2.3472
 10
12.5066
 20
-2.3745
 10
12.5014
 20
-2.4017
 10
12.4961
 20
-2.429
 10
12.4908
 20
-2.4563
 10
12.4854
 20
-2.4835
 10
12.4799
 20
-2.5107
 10
12.4744
 20
-2.538
 10
12.4689
 20
-2.5652
 10
12.4682
 20
-2.5684
 10
12.7812
 20
-2.6349
 10
12.7823
 20
-2.6296
 10
12.788
 20
-2.6018
 10
12.7937
 20
-2.5738
  0
LWPOLYLINE
  5
AB
330
17
100
AcDbEntity
  8
ALTIN
100
AcDbPolyline
 90
84
 70
1
 10
12.9953
 20
-1.1941
 10
12.9978
 20
-1.1657
 10
13.0003
 20
-1.1374
 10
13.0028
 20
-1.109
 10
13.0052
 20
-1.0806
 10
13.0075
 20
-1.0523
 10
13.0098
 20
-1.0239
 10
13.012
 20
-0.9955
 10
13.0141
 20
-0.9671
 10
13.0162
 20
-0.9387
 10
13.0182
 20
-0.9103
 10
13.0202
 20
-0.8819
 10
13.0221
 20
-0.8535
 10
13.0239
 20
-0.8251
 10
13.0257
 20
-0.7967
 10
13.0274
 20
-0.7683
 10
13.029
 20
-0.7398
 10
13.0306
 20
-0.7114
 10
13.0321
 20
-0.683
 10
13.0336
 20
-0.6546
 10
13.035
 20
-0.6261
 10
13.0363
 20
-0.5977
 10
13.0376
 20
-0.5692
 10
13.0388
 20
-0.5408
 10
13.0399
 20
-0.5123
 10
13.041
 20
-0.4839
 10
13.0421
 20
-0.4554
 10
13.043
 20
-0.427
 10
13.0439
 20
-0.3985
 10
13.0448
 20
-0.3701
 10
13.0455
 20
-0.3416
 10
13.0462
 20
-0.3131
 10
13.0469
 20
-0.2847
 10
13.0475
 20
-0.2562
 10
13.048
 20
-0.2278
 10
13.0485
 20
-0.1993
 10
13.0489
 20
-0.1708
 10
13.0491
 20
-0.15
 10
12.7291
 20
-0.15
 10
12.7289
 20
-0.1666
 10
12.7285
 20
-0.1944
 10
12.7281
 20
-0.2222
 10
12.7275
 20
-0.2499
 10
12.727
 20
-0.2777
 10
12.7263
 20
-0.3055
 10
12.7256
 20
-0.3332
 10
12.7249
 20
-0.361
 10
12.7241
 20
-0.3888
 10
12.7232
 20
-0.4165
 10
12.7222
 20
-0.4443
 10
12.7212
 20
-0.472
 10
12.7202
 20
-0.4998
 10
12.7191
 20
-0.5275
 10
12.7179
 20
-0.5553
 10
12.7166
 20
-0.583
 10
12.7153
 20
-0.6108
 10
12.714
 20
-0.6385
 10
12.7126
 20
-0.6662
 10
12.7111
 20
-0.694
 10
12.7095
 20
-0.7217
 10
12.7079
 20
-0.7494
 10
12.7063
 20
-0.7771
 10
12.7045
 20
-0.8049
 10
12.7027
 20
-0.8326
 10
12.7009
 20
-0.8603
 10
12.699
 20
-0.888
 10
12.697
 20
-0.9157
 10
12.695
 20
-0.9434
 10
12.6929
 20
-0.9711
 10
12.6908
 20
-0.9988
 10
12.6885
 20
-1.0265
 10
12.6863
 20
-1.0541
 10
12.6839
 20
-1.0818
 10
12.6816
 20
-1.1095
 10
12.6791
 20
-1.1372
 10
12.6766
 20
-1.1648
 10
12.674
 20
-1.1925
 10
12.6714
 20
-1.2201
 10
12.6687
 20
-1.2478
 10
12.6684
 20
-1.2511
 10
12.9866
 20
-1.2845
 10
12.9872
 20
-1.2791
 10
12.9899
 20
-1.2508
 10
12.9926
 20
-1.2224
  0
LWPOLYLINE
  5
AC
330
17
100
AcDbEntity
  8
ALTIN
100
AcDbPolyline
 90
84
 70
1
 10
13.0475
 20
0.2562
 10
13.0469
 20
0.2847
 10
13.0462
 20
0.3131
 10
13.0455
 20
0.3416
 10
13.0448
 20
0.3701
 10
13.0439
 20
0.3985
 10
13.043
 20
0.427
 10
13.0421
 20
0.4554
 10
13.041
 20
0.4839
 10
13.0399
 20
0.5123
 10
13.0388
 20
0.5408
 10
13.0376
 20
0.5692
 10
13.0363
 20
0.5977
 10
13.035
 20
0.6261
 10
13.0336
 20
0.6546
 10
13.0321
 20
0.683
 10
13.0306
 20
0.7114
 10
13.029
 20
0.7398
 10
13.0274
 20
0.7683
 10
13.0257
 20
0.7967
 10
13.0239
 20
0.8251
 10
13.0221
 20
0.8535
 10
13.0202
 20
0.8819
 10
13.0182
 20
0.9103
 10
13.0162
 20
0.9387
 10
13.0141
 20
0.9671
 10
13.012
 20
0.9955
 10
13.0098
 20
1.0239
 10
13.0075
 20
1.0523
 10
13.0052
 20
1.0806
 10
13.0028
 20
1.109
 10
13.0003
 20
1.1374
 10
12.9978
 20
1.1657
 10
12.9953
 20
1.1941
 10
12.9926
 20
1.2224
 10
12.9899
 20
1.2508
 10
12.9872
 20
1.2791
 10
12.9866
 20
1.2845
 10
12.6684
 20
1.2511
 10
12.6687
 20
1.2478
 10
12.6714
 20
1.2201
 10
12.674
 20
1.1925
 10
12.6766
 20
1.1648
 10
12.6791
 20
1.1372
 10
12.6816
 20
1.1095
 10
12.6839
 20
1.0818
 10
12.6863
 20
1.0541
 10
12.6885
 20
1.0265
 10
12.6908
 20
0.9988
 10
12.6929
 20
0.9711
 10
12.695
 20
0.9434
 10
12.697
 20
0.9157
 10
12.699
 20
0.888
 10
12.7009
 20
0.8603
 10
12.7027
 20
0.8326
 10
12.7045
 20
0.8049
 10
12.7063
 20
0.7771
 10
12.7079
 20
0.7494
 10
12.7095
 20
0.7217
 10
12.7111
 20
0.694
 10
12.7126
 20
0.6662
 10
12.714
 20
0.6385
 10
12.7153
 20
0.6108
 10
12.7166
 20
0.583
 10
12.7179
 20
0.5553
 10
12.7191
 20
0.5275
 10
12.7202
 20
0.4998
 10
12.7212
 20
0.472
 10
12.7222
 20
0.4443
 10
12.7232
 20
0.4165
 10
12.7241
 20
0.3888
 10
12.7249
 20
0.361
 10
12.7256
 20
0.3332
 10
12.7263
 20
0.3055
 10
12.727
 20
0.2777
 10
12.7275
 20
0.2499
 10
12.7281
 20
0.2222
 10
12.7285
 20
0.1944
 10
12.7289
 20
0.1666
 10
12.7291
 20
0.15
 10
13.0491
 20
0.15
 10
13.0489
 20
0.1708
 10
13.0485
 20
0.1993
 10
13.048
 20
0.2278
  0
LWPOLYLINE
  5
AD
330
17
100
AcDbEntity
  8
ALTIN
100
AcDbPolyline
 90
90
 70
1
 10
12.9595
 20
1.5339
 10
12.9562
 20
1.5621
 10
12.9527
 20
1.5904
 10
12.9492
 20
1.6186
 10
12.9457
 20
1.6469
 10
12.942
 20
1.6751
 10
12.9384
 20
1.7034
 10
12.9346
 20
1.7316
 10
12.9308
 20
1.7598
 10
12.9269
 20
1.788
 10
12.923
 20
1.8162
 10
12.919
 20
1.8444
 10
12.915
 20
1.8726
 10
12.9108
 20
1.9008
 10
12.9067
 20
1.9289
 10
12.9024
 20
1.9571
 10
12.8981
 20
1.9852
 10
12.8938
 20
2.0133
 10
12.8893
 20
2.0415
 10
12.8848
 20
2.0696
 10
12.8803
 20
2.0977
 10
12.8757
 20
2.1258
 10
12.871
 20
2.1539
 10
12.8663
 20
2.1819
 10
12.8615
 20
2.21
 10
12.8567
 20
2.2381
 10
12.8517
 20
2.2661
 10
12.8468
 20
2.2941
 10
12.8417
 20
2.3222
 10
12.8366
 20
2.3502
 10
12.8315
 20
2.3782
 10
12.8263
 20
2.4062
 10
12.821
 20
2.4341
 10
12.8156
 20
2.4621
 10
12.8102
 20
2.4901
 10
12.8048
 20
2.518
 10
12.7992
 20
2.5459
 10
12.7937
 20
2.5738
 10
12.788
 20
2.6018
 10
12.7823
 20
2.6296
 10
12.7812
 20
2.6349
 10
12.4682
 20
2.5684
 10
12.4689
 20
2.5652
 10
12.4744
 20
2.538
 10
12.4799
 20
2.5107
 10
12.4854
 20
2.4835
 10
12.4908
 20
2.4563
 10
12.4961
 20
2.429
 10
12.5014
 20
2.4017
 10
12.5066
 20
2.3745
 10
12.5117
 20
2.3472
 10
12.5168
 20
2.3199
 10
12.5219
 20
2.2925
 10
12.5268
 20
2.2652
 10
12.5318
 20
2.2379
 10
12.5366
 20
2.2105
 10
12.5414
 20
2.1832
 10
12.5461
 20
2.1558
 10
12.5508
 20
2.1284
 10
12.5554
 20
2.1011
 10
12.56
 20
2.0737
 10
12.5645
 20
2.0463
 10
12.5689
 20
2.0188
 10
12.5733
 20
1.9914
 10
12.5776
 20
1.964
 10
12.5818
 20
1.9365
 10
12.586
 20
1.9091
 10
12.5902
 20
1.8816
 10
12.5942
 20
1.8541
 10
12.5983
 20
1.8267
 10
12.6022
 20
1.7992
 10
12.6061
 20
1.7717
 10
12.6099
 20
1.7442
 10
12.6137
 20
1.7167
 10
12.6174
 20
1.6891
 10
12.6211
 20
1.6616
 10
12.6247
 20
1.6341
 10
12.6282
 20
1.6065
 10
12.6317
 20
1.579
 10
12.6351
 20
1.5514
 10
12.6385
 20
1.5238
 10
12.6418
 20
1.4963
 10
12.645
 20
1.4687
 10
12.6482
 20
1.4411
 10
12.6513
 20
1.4135
 10
12.6516
 20
1.4102
 10
12.9699
 20
1.4436
 10
12.9693
 20
1.449
 10
12.9661
 20
1.4773
 10
12.9629
 20
1.5056
  0
LWPOLYLINE
  5
AE
330
17
100
AcDbEntity
  8
ALTIN
100
AcDbPolyline
 90
90
 70
1
 10
12.7282
 20
2.8801
 10
12.7219
 20
2.9079
 10
12.7155
 20
2.9356
 10
12.7091
 20
2.9633
 10
12.7026
 20
2.9911
 10
12.696
 20
3.0188
 10
12.6894
 20
3.0465
 10
12.6828
 20
3.0741
 10
12.676
 20
3.1018
 10
12.6692
 20
3.1294
 10
12.6624
 20
3.1571
 10
12.6554
 20
3.1847
 10
12.6485
 20
3.2123
 10
12.6414
 20
3.2399
 10
12.6343
 20
3.2675
 10
12.6272
 20
3.295
 10
12.6199
 20
3.3226
 10
12.6127
 20
3.3501
 10
12.6053
 20
3.3776
 10
12.5979
 20
3.4051
 10
12.5905
 20
3.4326
 10
12.583
 20
3.46
 10
12.5754
 20
3.4875
 10
12.5677
 20
3.5149
 10
12.56
 20
3.5423
 10
12.5523
 20
3.5697
 10
12.5445
 20
3.5971
 10
12.5366
 20
3.6244
 10
12.5287
 20
3.6518
 10
12.5207
 20
3.6791
 10
12.5126
 20
3.7064
 10
12.5045
 20
3.7337
 10
12.4963
 20
3.761
 10
12.4881
 20
3.7882
 10
12.4798
 20
3.8155
 10
12.4714
 20
3.8427
 10
12.463
 20
3.8699
 10
12.4545
 20
3.897
 10
12.446
 20
3.9242
 10
12.4374
 20
3.9514
 10
12.4358
 20
3.9565
 10
12.1314
 20
3.8576
 10
12.1324
 20
3.8545
 10
12.1408
 20
3.828
 10
12.1491
 20
3.8015
 10
12.1574
 20
3.775
 10
12.1656
 20
3.7484
 10
12.1738
 20
3.7219
 10
12.1819
 20
3.6953
 10
12.1899
 20
3.6687
 10
12.1979
 20
3.6421
 10
12.2058
 20
3.6155
 10
12.2136
 20
3.5889
 10
12.2214
 20
3.5622
 10
12.2292
 20
3.5356
 10
12.2369
 20
3.5089
 10
12.2445
 20
3.4822
 10
12.2521
 20
3.4554
 10
12.2596
 20
3.4287
 10
12.267
 20
3.4019
 10
12.2744
 20
3.3752
 10
12.2817
 20
3.3484
 10
12.289
 20
3.3216
 10
12.2962
 20
3.2948
 10
12.3034
 20
3.2679
 10
12.3105
 20
3.2411
 10
12.3175
 20
3.2142
 10
12.3245
 20
3.1873
 10
12.3314
 20
3.1604
 10
12.3383
 20
3.1335
 10
12.3451
 20
3.1066
 10
12.3519
 20
3.0797
 10
12.3586
 20
3.0527
 10
12.3652
 20
3.0257
 10
12.3718
 20
2.9988
 10
12.3783
 20
2.9718
 10
12.3847
 20
2.9447
 10
12.3911
 20
2.9177
 10
12.3975
 20
2.8907
 10
12.4037
 20
2.8636
 10
12.4099
 20
2.8366
 10
12.4161
 20
2.8095
 10
12.4222
 20
2.7824
 10
12.4282
 20
2.7553
 10
12.4342
 20
2.7282
 10
12.4349
 20
2.7249
 10
12.7479
 20
2.7914
 10
12.7468
 20
2.7967
 10
12.7407
 20
2.8245
 10
12.7345
 20
2.8523
  0
LWPOLYLINE
  5
AF
330
17
100
AcDbEntity
  8
ALTIN
100
AcDbPolyline
 90
90
 70
1
 10
12.3574
 20
4.1948
 10
12.3483
 20
4.2217
 10
12.339
 20
4.2487
 10
12.3297
 20
4.2756
 10
12.3204
 20
4.3025
 10
12.3109
 20
4.3293
 10
12.3015
 20
4.3562
 10
12.2919
 20
4.383
 10
12.2823
 20
4.4098
 10
12.2727
 20
4.4366
 10
12.263
 20
4.4634
 10
12.2532
 20
4.4901
 10
12.2434
 20
4.5168
 10
12.2335
 20
4.5435
 10
12.2236
 20
4.5702
 10
12.2136
 20
4.5969
 10
12.2035
 20
4.6235
 10
12.1934
 20
4.6501
 10
12.1832
 20
4.6767
 10
12.173
 20
4.7033
 10
12.1627
 20
4.7298
 10
12.1524
 20
4.7563
 10
12.1419
 20
4.7828
 10
12.1315
 20
4.8093
 10
12.121
 20
4.8358
 10
12.1104
 20
4.8622
 10
12.0997
 20
4.8886
 10
12.0891
 20
4.915
 10
12.0783
 20
4.9414
 10
12.0675
 20
4.9677
 10
12.0566
 20
4.994
 10
12.0457
 20
5.0203
 10
12.0347
 20
5.0466
 10
12.0237
 20
5.0728
 10
12.0126
 20
5.099
 10
12.0014
 20
5.1252
 10
11.9902
 20
5.1514
 10
11.979
 20
5.1776
 10
11.9676
 20
5.2037
 10
11.9563
 20
5.2298
 10
11.9541
 20
5.2347
 10
11.6617
 20
5.1046
 10
11.6631
 20
5.1015
 10
11.6742
 20
5.0761
 10
11.6852
 20
5.0506
 10
11.6962
 20
5.0251
 10
11.7071
 20
4.9996
 10
11.718
 20
4.974
 10
11.7289
 20
4.9484
 10
11.7396
 20
4.9228
 10
11.7503
 20
4.8972
 10
11.761
 20
4.8716
 10
11.7716
 20
4.8459
 10
11.7821
 20
4.8202
 10
11.7926
 20
4.7945
 10
11.8031
 20
4.7687
 10
11.8134
 20
4.743
 10
11.8237
 20
4.7172
 10
11.834
 20
4.6914
 10
11.8442
 20
4.6656
 10
11.8544
 20
4.6397
 10
11.8645
 20
4.6138
 10
11.8745
 20
4.5879
 10
11.8845
 20
4.562
 10
11.8944
 20
4.5361
 10
11.9043
 20
4.5101
 10
11.9141
 20
4.4841
 10
11.9238
 20
4.4581
 10
11.9335
 20
4.4321
 10
11.9432
 20
4.4061
 10
11.9528
 20
4.38
 10
11.9623
 20
4.3539
 10
11.9718
 20
4.3278
 10
11.9812
 20
4.3017
 10
11.9905
 20
4.2755
 10
11.9998
 20
4.2494
 10
12.0091
 20
4.2232
 10
12.0183
 20
4.197
 10
12.0274
 20
4.1707
 10
12.0365
 20
4.1445
 10
12.0455
 20
4.1182
 10
12.0544
 20
4.0919
 10
12.0633
 20
4.0656
 10
12.0722
 20
4.0393
 10
12.0809
 20
4.0129
 10
12.082
 20
4.0098
 10
12.3863
 20
4.1087
 10
12.3846
 20
4.1138
 10
12.3756
 20
4.1408
 10
12.3666
 20
4.1678
  0
LWPOLYLINE
  5
B0
330
17
100
AcDbEntity
  8
ALTIN
100
AcDbPolyline
 90
84
 70
1
 10
11.8513
 20
5.4635
 10
11.8393
 20
5.4894
 10
11.8273
 20
5.5152
 10
11.8153
 20
5.541
 10
11.8031
 20
5.5667
 10
11.791
 20
5.5925
 10
11.7787
 20
5.6182
 10
11.7665
 20
5.6439
 10
11.7541
 20
5.6695
 10
11.7417
 20
5.6951
 10
11.7293
 20
5.7207
 10
11.7168
 20
5.7463
 10
11.7042
 20
5.7719
 10
11.6916
 20
5.7974
 10
11.6789
 20
5.8229
 10
11.6662
 20
5.8483
 10
11.6534
 20
5.8738
 10
11.6405
 20
5.8992
 10
11.6276
 20
5.9246
 10
11.6147
 20
5.9499
 10
11.6017
 20
5.9753
 10
11.5886
 20
6.0006
 10
11.5755
 20
6.0258
 10
11.5623
 20
6.0511
 10
11.5491
 20
6.0763
 10
11.5358
 20
6.1015
 10
11.5225
 20
6.1266
 10
11.5091
 20
6.1517
 10
11.4956
 20
6.1768
 10
11.4821
 20
6.2019
 10
11.4686
 20
6.2269
 10
11.455
 20
6.2519
 10
11.4413
 20
6.2769
 10
11.4276
 20
6.3018
 10
11.4138
 20
6.3268
 10
11.4
 20
6.3517
 10
11.3861
 20
6.3765
 10
11.3759
 20
6.3947
 10
11.0987
 20
6.2347
 10
11.1069
 20
6.2201
 10
11.1204
 20
6.1959
 10
11.1339
 20
6.1716
 10
11.1473
 20
6.1473
 10
11.1607
 20
6.123
 10
11.1741
 20
6.0986
 10
11.1873
 20
6.0742
 10
11.2006
 20
6.0498
 10
11.2137
 20
6.0254
 10
11.2269
 20
6.0009
 10
11.2399
 20
5.9764
 10
11.2529
 20
5.9518
 10
11.2659
 20
5.9273
 10
11.2788
 20
5.9027
 10
11.2916
 20
5.8781
 10
11.3044
 20
5.8534
 10
11.3172
 20
5.8287
 10
11.3299
 20
5.804
 10
11.3425
 20
5.7793
 10
11.3551
 20
5.7545
 10
11.3676
 20
5.7298
 10
11.3801
 20
5.7049
 10
11.3925
 20
5.6801
 10
11.4049
 20
5.6552
 10
11.4172
 20
5.6303
 10
11.4294
 20
5.6054
 10
11.4416
 20
5.5805
 10
11.4538
 20
5.5555
 10
11.4659
 20
5.5305
 10
11.4779
 20
5.5055
 10
11.4899
 20
5.4804
 10
11.5018
 20
5.4553
 10
11.5137
 20
5.4302
 10
11.5255
 20
5.4051
 10
11.5373
 20
5.3799
 10
11.549
 20
5.3547
 10
11.5607
 20
5.3295
 10
11.5723
 20
5.3043
 10
11.5838
 20
5.279
 10
11.5953
 20
5.2538
 10
11.5967
 20
5.2507
 10
11.889
 20
5.3809
 10
11.8868
 20
5.3858
 10
11.875
 20
5.4117
 10
11.8632
 20
5.4376
  0
LWPOLYLINE
  5
B1
330
17
100
AcDbEntity
  8
ALTIN
100
AcDbPolyline
 90
84
 70
1
 10
11.1713
 20
6.7456
 10
11.1566
 20
6.77
 10
11.1418
 20
6.7943
 10
11.127
 20
6.8186
 10
11.1121
 20
6.8429
 10
11.0971
 20
6.8671
 10
11.0821
 20
6.8913
 10
11.067
 20
6.9154
 10
11.0519
 20
6.9396
 10
11.0367
 20
6.9637
 10
11.0215
 20
6.9877
 10
11.0063
 20
7.0118
 10
10.9909
 20
7.0358
 10
10.9756
 20
7.0597
 10
10.9601
 20
7.0836
 10
10.9447
 20
7.1075
 10
10.9291
 20
7.1314
 10
10.9135
 20
7.1552
 10
10.8979
 20
7.179
 10
10.8822
 20
7.2028
 10
10.8665
 20
7.2265
 10
10.8507
 20
7.2502
 10
10.8348
 20
7.2738
 10
10.8189
 20
7.2975
 10
10.803
 20
7.3211
 10
10.787
 20
7.3446
 10
10.7709
 20
7.3681
 10
10.7548
 20
7.3916
 10
10.7387
 20
7.415
 10
10.7225
 20
7.4385
 10
10.7062
 20
7.4618
 10
10.6899
 20
7.4852
 10
10.6736
 20
7.5085
 10
10.6572
 20
7.5317
 10
10.6407
 20
7.555
 10
10.6242
 20
7.5782
 10
10.6076
 20
7.6013
 10
10.6045
 20
7.6057
 10
10.3456
 20
7.4176
 10
10.3475
 20
7.4149
 10
10.3637
 20
7.3923
 10
10.3798
 20
7.3697
 10
10.3958
 20
7.3471
 10
10.4119
 20
7.3244
 10
10.4278
 20
7.3016
 10
10.4437
 20
7.2789
 10
10.4596
 20
7.2561
 10
10.4754
 20
7.2332
 10
10.4911
 20
7.2104
 10
10.5068
 20
7.1874
 10
10.5225
 20
7.1645
 10
10.5381
 20
7.1415
 10
10.5536
 20
7.1185
 10
10.5692
 20
7.0955
 10
10.5846
 20
7.0724
 10
10.6
 20
7.0493
 10
10.6154
 20
7.0262
 10
10.6307
 20
7.003
 10
10.6459
 20
6.9798
 10
10.6611
 20
6.9565
 10
10.6763
 20
6.9333
 10
10.6914
 20
6.9099
 10
10.7064
 20
6.8866
 10
10.7214
 20
6.8632
 10
10.7364
 20
6.8398
 10
10.7513
 20
6.8164
 10
10.7661
 20
6.7929
 10
10.7809
 20
6.7694
 10
10.7957
 20
6.7459
 10
10.8103
 20
6.7223
 10
10.825
 20
6.6987
 10
10.8396
 20
6.6751
 10
10.8541
 20
6.6514
 10
10.8686
 20
6.6277
 10
10.883
 20
6.604
 10
10.8974
 20
6.5802
 10
10.9117
 20
6.5564
 10
10.926
 20
6.5326
 10
10.9402
 20
6.5088
 10
10.9487
 20
6.4945
 10
11.2259
 20
6.6545
 10
11.2153
 20
6.6724
 10
11.2007
 20
6.6968
 10
11.186
 20
6.7212
  0
LWPOLYLINE
  5
B2
330
17
100
AcDbEntity
  8
ALTIN
100
AcDbPolyline
 90
90
 70
1
 10
10.4564
 20
7.8081
 10
10.4393
 20
7.8309
 10
10.4222
 20
7.8537
 10
10.405
 20
7.8764
 10
10.3878
 20
7.8991
 10
10.3706
 20
7.9217
 10
10.3533
 20
7.9443
 10
10.3359
 20
7.9669
 10
10.3185
 20
7.9894
 10
10.301
 20
8.0119
 10
10.2835
 20
8.0344
 10
10.266
 20
8.0568
 10
10.2484
 20
8.0792
 10
10.2307
 20
8.1015
 10
10.213
 20
8.1238
 10
10.1953
 20
8.1461
 10
10.1775
 20
8.1683
 10
10.1596
 20
8.1905
 10
10.1418
 20
8.2126
 10
10.1238
 20
8.2347
 10
10.1058
 20
8.2568
 10
10.0878
 20
8.2788
 10
10.0697
 20
8.3008
 10
10.0516
 20
8.3228
 10
10.0334
 20
8.3447
 10
10.0152
 20
8.3665
 10
9.9969
 20
8.3884
 10
9.9786
 20
8.4102
 10
9.9602
 20
8.4319
 10
9.9418
 20
8.4536
 10
9.9233
 20
8.4753
 10
9.9048
 20
8.4969
 10
9.8862
 20
8.5185
 10
9.8676
 20
8.5401
 10
9.849
 20
8.5616
 10
9.8303
 20
8.583
 10
9.8115
 20
8.6045
 10
9.7927
 20
8.6258
 10
9.7739
 20
8.6472
 10
9.755
 20
8.6685
 10
9.7514
 20
8.6725
 10
9.5136
 20
8.4584
 10
9.5158
 20
8.4559
 10
9.5342
 20
8.4352
 10
9.5526
 20
8.4143
 10
9.5709
 20
8.3935
 10
9.5892
 20
8.3726
 10
9.6075
 20
8.3516
 10
9.6257
 20
8.3307
 10
9.6438
 20
8.3096
 10
9.6619
 20
8.2886
 10
9.68
 20
8.2675
 10
9.698
 20
8.2463
 10
9.7159
 20
8.2252
 10
9.7339
 20
8.2039
 10
9.7517
 20
8.1827
 10
9.7696
 20
8.1614
 10
9.7874
 20
8.1401
 10
9.8051
 20
8.1187
 10
9.8228
 20
8.0973
 10
9.8404
 20
8.0758
 10
9.858
 20
8.0543
 10
9.8756
 20
8.0328
 10
9.8931
 20
8.0112
 10
9.9105
 20
7.9896
 10
9.9279
 20
7.968
 10
9.9453
 20
7.9463
 10
9.9626
 20
7.9246
 10
9.9799
 20
7.9029
 10
9.9971
 20
7.8811
 10
10.0143
 20
7.8592
 10
10.0314
 20
7.8374
 10
10.0485
 20
7.8155
 10
10.0655
 20
7.7935
 10
10.0825
 20
7.7715
 10
10.0994
 20
7.7495
 10
10.1163
 20
7.7275
 10
10.1331
 20
7.7054
 10
10.1499
 20
7.6833
 10
10.1666
 20
7.6611
 10
10.1833
 20
7.6389
 10
10.2
 20
7.6167
 10
10.2166
 20
7.5944
 10
10.2331
 20
7.5721
 10
10.2496
 20
7.5498
 10
10.2516
 20
7.5471
 10
10.5104
 20
7.7352
 10
10.5072
 20
7.7395
 10
10.4903
 20
7.7624
 10
10.4734
 20
7.7853
  0
LWPOLYLINE
  5
B3
330
17
100
AcDbEntity
  8
ALTIN
100
AcDbPolyline
 90
90
 70
1
 10
9.5829
 20
8.8583
 10
9.5636
 20
8.8792
 10
9.5442
 20
8.9001
 10
9.5247
 20
8.9209
 10
9.5052
 20
8.9416
 10
9.4857
 20
8.9624
 10
9.4661
 20
8.983
 10
9.4465
 20
9.0037
 10
9.4268
 20
9.0242
 10
9.4071
 20
9.0448
 10
9.3874
 20
9.0653
 10
9.3676
 20
9.0858
 10
9.3477
 20
9.1062
 10
9.3279
 20
9.1265
 10
9.3079
 20
9.1469
 10
9.2879
 20
9.1672
 10
9.2679
 20
9.1874
 10
9.2479
 20
9.2076
 10
9.2277
 20
9.2277
 10
9.2076
 20
9.2479
 10
9.1874
 20
9.2679
 10
9.1672
 20
9.2879
 10
9.1469
 20
9.3079
 10
9.1265
 20
9.3279
 10
9.1062
 20
9.3477
 10
9.0858
 20
9.3676
 10
9.0653
 20
9.3874
 10
9.0448
 20
9.4071
 10
9.0242
 20
9.4268
 10
9.0037
 20
9.4465
 10
8.983
 20
9.4661
 10
8.9624
 20
9.4857
 10
8.9416
 20
9.5052
 10
8.9209
 20
9.5247
 10
8.9001
 20
9.5442
 10
8.8792
 20
9.5636
 10
8.8583
 20
9.5829
 10
8.8374
 20
9.6022
 10
8.8165
 20
9.6215
 10
8.7954
 20
9.6407
 10
8.7914
 20
9.6443
 10
8.5773
 20
9.4065
 10
8.5798
 20
9.4043
 10
8.6003
 20
9.3855
 10
8.6207
 20
9.3668
 10
8.6411
 20
9.3479
 10
8.6615
 20
9.3291
 10
8.6818
 20
9.3101
 10
8.7021
 20
9.2912
 10
8.7224
 20
9.2722
 10
8.7426
 20
9.2531
 10
8.7628
 20
9.234
 10
8.7829
 20
9.2149
 10
8.803
 20
9.1957
 10
8.823
 20
9.1765
 10
8.843
 20
9.1572
 10
8.863
 20
9.1379
 10
8.8829
 20
9.1185
 10
8.9027
 20
9.0991
 10
8.9226
 20
9.0797
 10
8.9424
 20
9.0602
 10
8.9621
 20
9.0407
 10
8.9818
 20
9.0211
 10
9.0015
 20
9.0015
 10
9.0211
 20
8.9818
 10
9.0407
 20
8.9621
 10
9.0602
 20
8.9424
 10
9.0797
 20
8.9226
 10
9.0991
 20
8.9027
 10
9.1185
 20
8.8829
 10
9.1379
 20
8.863
 10
9.1572
 20
8.843
 10
9.1765
 20
8.823
 10
9.1957
 20
8.803
 10
9.2149
 20
8.7829
 10
9.234
 20
8.7628
 10
9.2531
 20
8.7426
 10
9.2722
 20
8.7224
 10
9.2912
 20
8.7021
 10
9.3101
 20
8.6818
 10
9.3291
 20
8.6615
 10
9.3479
 20
8.6411
 10
9.3668
 20
8.6207
 10
9.3855
 20
8.6003
 10
9.4043
 20
8.5798
 10
9.4065
 20
8.5773
 10
9.6443
 20
8.7914
 10
9.6407
 20
8.7954
 10
9.6215
 20
8.8165
 10
9.6022
 20
8.8374
  0
LWPOLYLINE
  5
B4
330
17
100
AcDbEntity
  8
ALTIN
100
AcDbPolyline
 90
90
 70
1
 10
8.6045
 20
9.8115
 10
8.583
 20
9.8303
 10
8.5616
 20
9.849
 10
8.5401
 20
9.8676
 10
8.5185
 20
9.8862
 10
8.4969
 20
9.9048
 10
8.4753
 20
9.9233
 10
8.4536
 20
9.9418
 10
8.4319
 20
9.9602
 10
8.4102
 20
9.9786
 10
8.3884
 20
9.9969
 10
8.3665
 20
10.0152
 10
8.3447
 20
10.0334
 10
8.3228
 20
10.0516
 10
8.3008
 20
10.0697
 10
8.2788
 20
10.0878
 10
8.2568
 20
10.1058
 10
8.2347
 20
10.1238
 10
8.2126
 20
10.1418
 10
8.1905
 20
10.1596
 10
8.1683
 20
10.1775
 10
8.1461
 20
10.1953
 10
8.1238
 20
10.213
 10
8.1015
 20
10.2307
 10
8.0792
 20
10.2484
 10
8.0568
 20
10.266
 10
8.0344
 20
10.2835
 10
8.0119
 20
10.301
 10
7.9894
 20
10.3185
 10
7.9669
 20
10.3359
 10
7.9443
 20
10.3533
 10
7.9217
 20
10.3706
 10
7.8991
 20
10.3878
 10
7.8764
 20
10.405
 10
7.8537
 20
10.4222
 10
7.8309
 20
10.4393
 10
7.8081
 20
10.4564
 10
7.7853
 20
10.4734
 10
7.7624
 20
10.4903
 10
7.7395
 20
10.5072
 10
7.7352
 20
10.5104
 10
7.5471
 20
10.2516
 10
7.5498
 20
10.2496
 10
7.5721
 20
10.2331
 10
7.5944
 20
10.2166
 10
7.6167
 20
10.2
 10
7.6389
 20
10.1833
 10
7.6611
 20
10.1666
 10
7.6833
 20
10.1499
 10
7.7054
 20
10.1331
 10
7.7275
 20
10.1163
 10
7.7495
 20
10.0994
 10
7.7715
 20
10.0825
 10
7.7935
 20
10.0655
 10
7.8155
 20
10.0485
 10
7.8374
 20
10.0314
 10
7.8592
 20
10.0143
 10
7.8811
 20
9.9971
 10
7.9029
 20
9.9799
 10
7.9246
 20
9.9626
 10
7.9463
 20
9.9453
 10
7.968
 20
9.9279
 10
7.9896
 20
9.9105
 10
8.0112
 20
9.8931
 10
8.0328
 20
9.8756
 10
8.0543
 20
9.858
 10
8.0758
 20
9.8404
 10
8.0973
 20
9.8228
 10
8.1187
 20
9.8051
 10
8.1401
 20
9.7874
 10
8.1614
 20
9.7696
 10
8.1827
 20
9.7517
 10
8.2039
 20
9.7339
 10
8.2252
 20
9.7159
 10
8.2463
 20
9.698
 10
8.2675
 20
9.68
 10
8.2886
 20
9.6619
 10
8.3096
 20
9.6438
 10
8.3307
 20
9.6257
 10
8.3516
 20
9.6075
 10
8.3726
 20
9.5892
 10
8.3935
 20
9.5709
 10
8.4143
 20
9.5526
 10
8.4352
 20
9.5342
 10
8.4559
 20
9.5158
 10
8.4584
 20
9.5136
 10
8.6725
 20
9.7514
 10
8.6685
 20
9.755
 10
8.6472
 20
9.7739
 10
8.6258
 20
9.7927
  0
LWPOLYLINE
  5
B5
330
17
100
AcDbEntity
  8
ALTIN
100
AcDbPolyline
 90
84
 70
1
 10
7.5317
 20
10.6572
 10
7.5085
 20
10.6736
 10
7.4852
 20
10.6899
 10
7.4618
 20
10.7062
 10
7.4385
 20
10.7225
 10
7.415
 20
10.7387
 10
7.3916
 20
10.7548
 10
7.3681
 20
10.7709
 10
7.3446
 20
10.787
 10
7.3211
 20
10.803
 10
7.2975
 20
10.8189
 10
7.2738
 20
10.8348
 10
7.2502
 20
10.8507
 10
7.2265
 20
10.8665
 10
7.2028
 20
10.8822
 10
7.179
 20
10.8979
 10
7.1552
 20
10.9135
 10
7.1314
 20
10.9291
 10
7.1075
 20
10.9447
 10
7.0836
 20
10.9601
 10
7.0597
 20
10.9756
 10
7.0358
 20
10.9909
 10
7.0118
 20
11.0063
 10
6.9877
 20
11.0215
 10
6.9637
 20
11.0367
 10
6.9396
 20
11.0519
 10
6.9154
 20
11.067
 10
6.8913
 20
11.0821
 10
6.8671
 20
11.0971
 10
6.8429
 20
11.1121
 10
6.8186
 20
11.127
 10
6.7943
 20
11.1418
 10
6.77
 20
11.1566
 10
6.7456
 20
11.1713
 10
6.7212
 20
11.186
 10
6.6968
 20
11.2007
 10
6.6724
 20
11.2153
 10
6.6545
 20
11.2259
 10
6.4945
 20
10.9487
 10
6.5088
 20
10.9402
 10
6.5326
 20
10.926
 10
6.5564
 20
10.9117
 10
6.5802
 20
10.8974
 10
6.604
 20
10.883
 10
6.6277
 20
10.8686
 10
6.6514
 20
10.8541
 10
6.6751
 20
10.8396
 10
6.6987
 20
10.825
 10
6.7223
 20
10.8103
 10
6.7459
 20
10.7957
 10
6.7694
 20
10.7809
 10
6.7929
 20
10.7661
 10
6.8164
 20
10.7513
 10
6.8398
 20
10.7364
 10
6.8632
 20
10.7214
 10
6.8866
 20
10.7064
 10
6.9099
 20
10.6914
 10
6.9333
 20
10.6763
 10
6.9565
 20
10.6611
 10
6.9798
 20
10.6459
 10
7.003
 20
10.6307
 10
7.0262
 20
10.6154
 10
7.0493
 20
10.6
 10
7.0724
 20
10.5846
 10
7.0955
 20
10.5692
 10
7.1185
 20
10.5536
 10
7.1415
 20
10.5381
 10
7.1645
 20
10.5225
 10
7.1874
 20
10.5068
 10
7.2104
 20
10.4911
 10
7.2332
 20
10.4754
 10
7.2561
 20
10.4596
 10
7.2789
 20
10.4437
 10
7.3016
 20
10.4278
 10
7.3244
 20
10.4119
 10
7.3471
 20
10.3958
 10
7.3697
 20
10.3798
 10
7.3923
 20
10.3637
 10
7.4149
 20
10.3475
 10
7.4176
 20
10.3456
 10
7.6057
 20
10.6045
 10
7.6013
 20
10.6076
 10
7.5782
 20
10.6242
 10
7.555
 20
10.6407
  0
LWPOLYLINE
  5
B6
330
17
100
AcDbEntity
  8
ALTIN
100
AcDbPolyline
 90
84
 70
1
 10
6.3018
 20
11.4276
 10
6.2769
 20
11.4413
 10
6.2519
 20
11.455
 10
6.2269
 20
11.4686
 10
6.2019
 20
11.4821
 10
6.1768
 20
11.4956
 10
6.1517
 20
11.5091
 10
6.1266
 20
11.5225
 10
6.1015
 20
11.5358
 10
6.0763
 20
11.5491
 10
6.0511
 20
11.5623
 10
6.0258
 20
11.5755
 10
6.0006
 20
11.5886
 10
5.9753
 20
11.6017
 10
5.9499
 20
11.6147
 10
5.9246
 20
11.6276
 10
5.8992
 20
11.6405
 10
5.8738
 20
11.6534
 10
5.8483
 20
11.6662
 10
5.8229
 20
11.6789
 10
5.7974
 20
11.6916
 10
5.7719
 20
11.7042
 10
5.7463
 20
11.7168
 10
5.7207
 20
11.7293
 10
5.6951
 20
11.7417
 10
5.6695
 20
11.7541
 10
5.6439
 20
11.7665
 10
5.6182
 20
11.7787
 10
5.5925
 20
11.791
 10
5.5667
 20
11.8031
 10
5.541
 20
11.8153
 10
5.5152
 20
11.8273
 10
5.4894
 20
11.8393
 10
5.4635
 20
11.8513
 10
5.4376
 20
11.8632
 10
5.4117
 20
11.875
 10
5.3858
 20
11.8868
 10
5.3809
 20
11.889
 10
5.2507
 20
11.5967
 10
5.2538
 20
11.5953
 10
5.279
 20
11.5838
 10
5.3043
 20
11.5723
 10
5.3295
 20
11.5607
 10
5.3547
 20
11.549
 10
5.3799
 20
11.5373
 10
5.4051
 20
11.5255
 10
5.4302
 20
11.5137
 10
5.4553
 20
11.5018
 10
5.4804
 20
11.4899
 10
5.5055
 20
11.4779
 10
5.5305
 20
11.4659
 10
5.5555
 20
11.4538
 10
5.5805
 20
11.4416
 10
5.6054
 20
11.4294
 10
5.6303
 20
11.4172
 10
5.6552
 20
11.4049
 10
5.6801
 20
11.3925
 10
5.7049
 20
11.3801
 10
5.7298
 20
11.3676
 10
5.7545
 20
11.3551
 10
5.7793
 20
11.3425
 10
5.804
 20
11.3299
 10
5.8287
 20
11.3172
 10
5.8534
 20
11.3044
 10
5.8781
 20
11.2916
 10
5.9027
 20
11.2788
 10
5.9273
 20
11.2659
 10
5.9518
 20
11.2529
 10
5.9764
 20
11.2399
 10
6.0009
 20
11.2269
 10
6.0254
 20
11.2137
 10
6.0498
 20
11.2006
 10
6.0742
 20
11.1873
 10
6.0986
 20
11.1741
 10
6.123
 20
11.1607
 10
6.1473
 20
11.1473
 10
6.1716
 20
11.1339
 10
6.1959
 20
11.1204
 10
6.2201
 20
11.1069
 10
6.2347
 20
11.0987
 10
6.3947
 20
11.3759
 10
6.3765
 20
11.3861
 10
6.3517
 20
11.4
 10
6.3268
 20
11.4138
  0
LWPOLYLINE
  5
B7
330
17
100
AcDbEntity
  8
ALTIN
100
AcDbPolyline
 90
90
 70
1
 10
5.1514
 20
11.9902
 10
5.1252
 20
12.0014
 10
5.099
 20
12.0126
 10
5.0728
 20
12.0237
 10
5.0466
 20
12.0347
 10
5.0203
 20
12.0457
 10
4.994
 20
12.0566
 10
4.9677
 20
12.0675
 10
4.9414
 20
12.0783
 10
4.915
 20
12.0891
 10
4.8886
 20
12.0997
 10
4.8622
 20
12.1104
 10
4.8358
 20
12.121
 10
4.8093
 20
12.1315
 10
4.7828
 20
12.1419
 10
4.7563
 20
12.1524
 10
4.7298
 20
12.1627
 10
4.7033
 20
12.173
 10
4.6767
 20
12.1832
 10
4.6501
 20
12.1934
 10
4.6235
 20
12.2035
 10
4.5969
 20
12.2136
 10
4.5702
 20
12.2236
 10
4.5435
 20
12.2335
 10
4.5168
 20
12.2434
 10
4.4901
 20
12.2532
 10
4.4634
 20
12.263
 10
4.4366
 20
12.2727
 10
4.4098
 20
12.2823
 10
4.383
 20
12.2919
 10
4.3562
 20
12.3015
 10
4.3293
 20
12.3109
 10
4.3025
 20
12.3204
 10
4.2756
 20
12.3297
 10
4.2487
 20
12.339
 10
4.2217
 20
12.3483
 10
4.1948
 20
12.3574
 10
4.1678
 20
12.3666
 10
4.1408
 20
12.3756
 10
4.1138
 20
12.3846
 10
4.1087
 20
12.3863
 10
4.0098
 20
12.082
 10
4.0129
 20
12.0809
 10
4.0393
 20
12.0722
 10
4.0656
 20
12.0633
 10
4.0919
 20
12.0544
 10
4.1182
 20
12.0455
 10
4.1445
 20
12.0365
 10
4.1707
 20
12.0274
 10
4.197
 20
12.0183
 10
4.2232
 20
12.0091
 10
4.2494
 20
11.9998
 10
4.2755
 20
11.9905
 10
4.3017
 20
11.9812
 10
4.3278
 20
11.9718
 10
4.3539
 20
11.9623
 10
4.38
 20
11.9528
 10
4.4061
 20
11.9432
 10
4.4321
 20
11.9335
 10
4.4581
 20
11.9238
 10
4.4841
 20
11.9141
 10
4.5101
 20
11.9043
 10
4.5361
 20
11.8944
 10
4.562
 20
11.8845
 10
4.5879
 20
11.8745
 10
4.6138
 20
11.8645
 10
4.6397
 20
11.8544
 10
4.6656
 20
11.8442
 10
4.6914
 20
11.834
 10
4.7172
 20
11.8237
 10
4.743
 20
11.8134
 10
4.7687
 20
11.8031
 10
4.7945
 20
11.7926
 10
4.8202
 20
11.7821
 10
4.8459
 20
11.7716
 10
4.8716
 20
11.761
 10
4.8972
 20
11.7503
 10
4.9228
 20
11.7396
 10
4.9484
 20
11.7289
 10
4.974
 20
11.718
 10
4.9996
 20
11.7071
 10
5.0251
 20
11.6962
 10
5.0506
 20
11.6852
 10
5.0761
 20
11.6742
 10
5.1015
 20
11.6631
 10
5.1046
 20
11.6617
 10
5.2347
 20
11.9541
 10
5.2298
 20
11.9563
 10
5.2037
 20
11.9676
 10
5.1776
 20
11.979
  0
LWPOLYLINE
  5
B8
330
17
100
AcDbEntity
  8
ALTIN
100
AcDbPolyline
 90
90
 70
1
 10
3.8699
 20
12.463
 10
3.8427
 20
12.4714
 10
3.8155
 20
12.4798
 10
3.7882
 20
12.4881
 10
3.761
 20
12.4963
 10
3.7337
 20
12.5045
 10
3.7064
 20
12.5126
 10
3.6791
 20
12.5207
 10
3.6518
 20
12.5287
 10
3.6244
 20
12.5366
 10
3.5971
 20
12.5445
 10
3.5697
 20
12.5523
 10
3.5423
 20
12.56
 10
3.5149
 20
12.5677
 10
3.4875
 20
12.5754
 10
3.46
 20
12.583
 10
3.4326
 20
12.5905
 10
3.4051
 20
12.5979
 10
3.3776
 20
12.6053
 10
3.3501
 20
12.6127
 10
3.3226
 20
12.6199
 10
3.295
 20
12.6272
 10
3.2675
 20
12.6343
 10
3.2399
 20
12.6414
 10
3.2123
 20
12.6485
 10
3.1847
 20
12.6554
 10
3.1571
 20
12.6624
 10
3.1294
 20
12.6692
 10
3.1018
 20
12.676
 10
3.0741
 20
12.6828
 10
3.0465
 20
12.6894
 10
3.0188
 20
12.696
 10
2.9911
 20
12.7026
 10
2.9633
 20
12.7091
 10
2.9356
 20
12.7155
 10
2.9079
 20
12.7219
 10
2.8801
 20
12.7282
 10
2.8523
 20
12.7345
 10
2.8245
 20
12.7407
 10
2.7967
 20
12.7468
 10
2.7914
 20
12.7479
 10
2.7249
 20
12.4349
 10
2.7282
 20
12.4342
 10
2.7553
 20
12.4282
 10
2.7824
 20
12.4222
 10
2.8095
 20
12.4161
 10
2.8366
 20
12.4099
 10
2.8636
 20
12.4037
 10
2.8907
 20
12.3975
 10
2.9177
 20
12.3911
 10
2.9447
 20
12.3847
 10
2.9718
 20
12.3783
 10
2.9988
 20
12.3718
 10
3.0257
 20
12.3652
 10
3.0527
 20
12.3586
 10
3.0797
 20
12.3519
 10
3.1066
 20
12.3451
 10
3.1335
 20
12.3383
 10
3.1604
 20
12.3314
 10
3.1873
 20
12.3245
 10
3.2142
 20
12.3175
 10
3.2411
 20
12.3105
 10
3.2679
 20
12.3034
 10
3.2948
 20
12.2962
 10
3.3216
 20
12.289
 10
3.3484
 20
12.2817
 10
3.3752
 20
12.2744
 10
3.4019
 20
12.267
 10
3.4287
 20
12.2596
 10
3.4554
 20
12.2521
 10
3.4822
 20
12.2445
 10
3.5089
 20
12.2369
 10
3.5356
 20
12.2292
 10
3.5622
 20
12.2214
 10
3.5889
 20
12.2136
 10
3.6155
 20
12.2058
 10
3.6421
 20
12.1979
 10
3.6687
 20
12.1899
 10
3.6953
 20
12.1819
 10
3.7219
 20
12.1738
 10
3.7484
 20
12.1656
 10
3.775
 20
12.1574
 10
3.8015
 20
12.1491
 10
3.828
 20
12.1408
 10
3.8545
 20
12.1324
 10
3.8576
 20
12.1314
 10
3.9565
 20
12.4358
 10
3.9514
 20
12.4374
 10
3.9242
 20
12.446
 10
3.897
 20
12.4545
  0
LWPOLYLINE
  5
B9
330
17
100
AcDbEntity
  8
ALTIN
100
AcDbPolyline
 90
90
 70
1
 10
2.5459
 20
12.7992
 10
2.518
 20
12.8048
 10
2.4901
 20
12.8102
 10
2.4621
 20
12.8156
 10
2.4341
 20
12.821
 10
2.4062
 20
12.8263
 10
2.3782
 20
12.8315
 10
2.3502
 20
12.8366
 10
2.3222
 20
12.8417
 10
2.2941
 20
12.8468
 10
2.2661
 20
12.8517
 10
2.2381
 20
12.8567
 10
2.21
 20
12.8615
 10
2.1819
 20
12.8663
 10
2.1539
 20
12.871
 10
2.1258
 20
12.8757
 10
2.0977
 20
12.8803
 10
2.0696
 20
12.8848
 10
2.0415
 20
12.8893
 10
2.0133
 20
12.8938
 10
1.9852
 20
12.8981
 10
1.9571
 20
12.9024
 10
1.9289
 20
12.9067
 10
1.9008
 20
12.9108
 10
1.8726
 20
12.915
 10
1.8444
 20
12.919
 10
1.8162
 20
12.923
 10
1.788
 20
12.9269
 10
1.7598
 20
12.9308
 10
1.7316
 20
12.9346
 10
1.7034
 20
12.9384
 10
1.6751
 20
12.942
 10
1.6469
 20
12.9457
 10
1.6186
 20
12.9492
 10
1.5904
 20
12.9527
 10
1.5621
 20
12.9562
 10
1.5339
 20
12.9595
 10
1.5056
 20
12.9629
 10
1.4773
 20
12.9661
 10
1.449
 20
12.9693
 10
1.4436
 20
12.9699
 10
1.4102
 20
12.6516
 10
1.4135
 20
12.6513
 10
1.4411
 20
12.6482
 10
1.4687
 20
12.645
 10
1.4963
 20
12.6418
 10
1.5238
 20
12.6385
 10
1.5514
 20
12.6351
 10
1.579
 20
12.6317
 10
1.6065
 20
12.6282
 10
1.6341
 20
12.6247
 10
1.6616
 20
12.6211
 10
1.6891
 20
12.6174
 10
1.7167
 20
12.6137
 10
1.7442
 20
12.6099
 10
1.7717
 20
12.6061
 10
1.7992
 20
12.6022
 10
1.8267
 20
12.5983
 10
1.8541
 20
12.5942
 10
1.8816
 20
12.5902
 10
1.9091
 20
12.586
 10
1.9365
 20
12.5818
 10
1.964
 20
12.5776
 10
1.9914
 20
12.5733
 10
2.0188
 20
12.5689
 10
2.0463
 20
12.5645
 10
2.0737
 20
12.56
 10
2.1011
 20
12.5554
 10
2.1284
 20
12.5508
 10
2.1558
 20
12.5461
 10
2.1832
 20
12.5414
 10
2.2105
 20
12.5366
 10
2.2379
 20
12.5318
 10
2.2652
 20
12.5268
 10
2.2925
 20
12.5219
 10
2.3199
 20
12.5168
 10
2.3472
 20
12.5117
 10
2.3745
 20
12.5066
 10
2.4017
 20
12.5014
 10
2.429
 20
12.4961
 10
2.4563
 20
12.4908
 10
2.4835
 20
12.4854
 10
2.5107
 20
12.4799
 10
2.538
 20
12.4744
 10
2.5652
 20
12.4689
 10
2.5684
 20
12.4682
 10
2.6349
 20
12.7812
 10
2.6296
 20
12.7823
 10
2.6018
 20
12.788
 10
2.5738
 20
12.7937
  0
LWPOLYLINE
  5
BA
330
17
100
AcDbEntity
  8
ALTIN
100
AcDbPolyline
 90
84
 70
1
 10
1.1941
 20
12.9953
 10
1.1657
 20
12.9978
 10
1.1374
 20
13.0003
 10
1.109
 20
13.0028
 10
1.0806
 20
13.0052
 10
1.0523
 20
13.0075
 10
1.0239
 20
13.0098
 10
0.9955
 20
13.012
 10
0.9671
 20
13.0141
 10
0.9387
 20
13.0162
 10
0.9103
 20
13.0182
 10
0.8819
 20
13.0202
 10
0.8535
 20
13.0221
 10
0.8251
 20
13.0239
 10
0.7967
 20
13.0257
 10
0.7683
 20
13.0274
 10
0.7398
 20
13.029
 10
0.7114
 20
13.0306
 10
0.683
 20
13.0321
 10
0.6546
 20
13.0336
 10
0.6261
 20
13.035
 10
0.5977
 20
13.0363
 10
0.5692
 20
13.0376
 10
0.5408
 20
13.0388
 10
0.5123
 20
13.0399
 10
0.4839
 20
13.041
 10
0.4554
 20
13.0421
 10
0.427
 20
13.043
 10
0.3985
 20
13.0439
 10
0.3701
 20
13.0448
 10
0.3416
 20
13.0455
 10
0.3131
 20
13.0462
 10
0.2847
 20
13.0469
 10
0.2562
 20
13.0475
 10
0.2278
 20
13.048
 10
0.1993
 20
13.0485
 10
0.1708
 20
13.0489
 10
0.15
 20
13.0491
 10
0.15
 20
12.7291
 10
0.1666
 20
12.7289
 10
0.1944
 20
12.7285
 10
0.2222
 20
12.7281
 10
0.2499
 20
12.7275
 10
0.2777
 20
12.727
 10
0.3055
 20
12.7263
 10
0.3332
 20
12.7256
 10
0.361
 20
12.7249
 10
0.3888
 20
12.7241
 10
0.4165
 20
12.7232
 10
0.4443
 20
12.7222
 10
0.472
 20
12.7212
 10
0.4998
 20
12.7202
 10
0.5275
 20
12.7191
 10
0.5553
 20
12.7179
 10
0.583
 20
12.7166
 10
0.6108
 20
12.7153
 10
0.6385
 20
12.714
 10
0.6662
 20
12.7126
 10
0.694
 20
12.7111
 10
0.7217
 20
12.7095
 10
0.7494
 20
12.7079
 10
0.7771
 20
12.7063
 10
0.8049
 20
12.7045
 10
0.8326
 20
12.7027
 10
0.8603
 20
12.7009
 10
0.888
 20
12.699
 10
0.9157
 20
12.697
 10
0.9434
 20
12.695
 10
0.9711
 20
12.6929
 10
0.9988
 20
12.6908
 10
1.0265
 20
12.6885
 10
1.0541
 20
12.6863
 10
1.0818
 20
12.6839
 10
1.1095
 20
12.6816
 10
1.1372
 20
12.6791
 10
1.1648
 20
12.6766
 10
1.1925
 20
12.674
 10
1.2201
 20
12.6714
 10
1.2478
 20
12.6687
 10
1.2511
 20
12.6684
 10
1.2845
 20
12.9866
 10
1.2791
 20
12.9872
 10
1.2508
 20
12.9899
 10
1.2224
 20
12.9926
  0
LWPOLYLINE
  5
BB
330
17
100
AcDbEntity
  8
ALTIN
100
AcDbPolyline
 90
84
 70
1
 10
-0.2562
 20
13.0475
 10
-0.2847
 20
13.0469
 10
-0.3131
 20
13.0462
 10
-0.3416
 20
13.0455
 10
-0.3701
 20
13.0448
 10
-0.3985
 20
13.0439
 10
-0.427
 20
13.043
 10
-0.4554
 20
13.0421
 10
-0.4839
 20
13.041
 10
-0.5123
 20
13.0399
 10
-0.5408
 20
13.0388
 10
-0.5692
 20
13.0376
 10
-0.5977
 20
13.0363
 10
-0.6261
 20
13.035
 10
-0.6546
 20
13.0336
 10
-0.683
 20
13.0321
 10
-0.7114
 20
13.0306
 10
-0.7398
 20
13.029
 10
-0.7683
 20
13.0274
 10
-0.7967
 20
13.0257
 10
-0.8251
 20
13.0239
 10
-0.8535
 20
13.0221
 10
-0.8819
 20
13.0202
 10
-0.9103
 20
13.0182
 10
-0.9387
 20
13.0162
 10
-0.9671
 20
13.0141
 10
-0.9955
 20
13.012
 10
-1.0239
 20
13.0098
 10
-1.0523
 20
13.0075
 10
-1.0806
 20
13.0052
 10
-1.109
 20
13.0028
 10
-1.1374
 20
13.0003
 10
-1.1657
 20
12.9978
 10
-1.1941
 20
12.9953
 10
-1.2224
 20
12.9926
 10
-1.2508
 20
12.9899
 10
-1.2791
 20
12.9872
 10
-1.2845
 20
12.9866
 10
-1.2511
 20
12.6684
 10
-1.2478
 20
12.6687
 10
-1.2201
 20
12.6714
 10
-1.1925
 20
12.674
 10
-1.1648
 20
12.6766
 10
-1.1372
 20
12.6791
 10
-1.1095
 20
12.6816
 10
-1.0818
 20
12.6839
 10
-1.0541
 20
12.6863
 10
-1.0265
 20
12.6885
 10
-0.9988
 20
12.6908
 10
-0.9711
 20
12.6929
 10
-0.9434
 20
12.695
 10
-0.9157
 20
12.697
 10
-0.888
 20
12.699
 10
-0.8603
 20
12.7009
 10
-0.8326
 20
12.7027
 10
-0.8049
 20
12.7045
 10
-0.7771
 20
12.7063
 10
-0.7494
 20
12.7079
 10
-0.7217
 20
12.7095
 10
-0.694
 20
12.7111
 10
-0.6662
 20
12.7126
 10
-0.6385
 20
12.714
 10
-0.6108
 20
12.7153
 10
-0.583
 20
12.7166
 10
-0.5553
 20
12.7179
 10
-0.5275
 20
12.7191
 10
-0.4998
 20
12.7202
 10
-0.472
 20
12.7212
 10
-0.4443
 20
12.7222
 10
-0.4165
 20
12.7232
 10
-0.3888
 20
12.7241
 10
-0.361
 20
12.7249
 10
-0.3332
 20
12.7256
 10
-0.3055
 20
12.7263
 10
-0.2777
 20
12.727
 10
-0.2499
 20
12.7275
 10
-0.2222
 20
12.7281
 10
-0.1944
 20
12.7285
 10
-0.1666
 20
12.7289
 10
-0.15
 20
12.7291
 10
-0.15
 20
13.0491
 10
-0.1708
 20
13.0489
 10
-0.1993
 20
13.0485
 10
-0.2278
 20
13.048
  0
LWPOLYLINE
  5
BC
330
17
100
AcDbEntity
  8
ALTIN
100
AcDbPolyline
 90
90
 70
1
 10
-1.5339
 20
12.9595
 10
-1.5621
 20
12.9562
 10
-1.5904
 20
12.9527
 10
-1.6186
 20
12.9492
 10
-1.6469
 20
12.9457
 10
-1.6751
 20
12.942
 10
-1.7034
 20
12.9384
 10
-1.7316
 20
12.9346
 10
-1.7598
 20
12.9308
 10
-1.788
 20
12.9269
 10
-1.8162
 20
12.923
 10
-1.8444
 20
12.919
 10
-1.8726
 20
12.915
 10
-1.9008
 20
12.9108
 10
-1.9289
 20
12.9067
 10
-1.9571
 20
12.9024
 10
-1.9852
 20
12.8981
 10
-2.0133
 20
12.8938
 10
-2.0415
 20
12.8893
 10
-2.0696
 20
12.8848
 10
-2.0977
 20
12.8803
 10
-2.1258
 20
12.8757
 10
-2.1539
 20
12.871
 10
-2.1819
 20
12.8663
 10
-2.21
 20
12.8615
 10
-2.2381
 20
12.8567
 10
-2.2661
 20
12.8517
 10
-2.2941
 20
12.8468
 10
-2.3222
 20
12.8417
 10
-2.3502
 20
12.8366
 10
-2.3782
 20
12.8315
 10
-2.4062
 20
12.8263
 10
-2.4341
 20
12.821
 10
-2.4621
 20
12.8156
 10
-2.4901
 20
12.8102
 10
-2.518
 20
12.8048
 10
-2.5459
 20
12.7992
 10
-2.5738
 20
12.7937
 10
-2.6018
 20
12.788
 10
-2.6296
 20
12.7823
 10
-2.6349
 20
12.7812
 10
-2.5684
 20
12.4682
 10
-2.5652
 20
12.4689
 10
-2.538
 20
12.4744
 10
-2.5107
 20
12.4799
 10
-2.4835
 20
12.4854
 10
-2.4563
 20
12.4908
 10
-2.429
 20
12.4961
 10
-2.4017
 20
12.5014
 10
-2.3745
 20
12.5066
 10
-2.3472
 20
12.5117
 10
-2.3199
 20
12.5168
 10
-2.2925
 20
12.5219
 10
-2.2652
 20
12.5268
 10
-2.2379
 20
12.5318
 10
-2.2105
 20
12.5366
 10
-2.1832
 20
12.5414
 10
-2.1558
 20
12.5461
 10
-2.1284
 20
12.5508
 10
-2.1011
 20
12.5554
 10
-2.0737
 20
12.56
 10
-2.0463
 20
12.5645
 10
-2.0188
 20
12.5689
 10
-1.9914
 20
12.5733
 10
-1.964
 20
12.5776
 10
-1.9365
 20
12.5818
 10
-1.9091
 20
12.586
 10
-1.8816
 20
12.5902
 10
-1.8541
 20
12.5942
 10
-1.8267
 20
12.5983
 10
-1.7992
 20
12.6022
 10
-1.7717
 20
12.6061
 10
-1.7442
 20
12.6099
 10
-1.7167
 20
12.6137
 10
-1.6891
 20
12.6174
 10
-1.6616
 20
12.6211
 10
-1.6341
 20
12.6247
 10
-1.6065
 20
12.6282
 10
-1.579
 20
12.6317
 10
-1.5514
 20
12.6351
 10
-1.5238
 20
12.6385
 10
-1.4963
 20
12.6418
 10
-1.4687
 20
12.645
 10
-1.4411
 20
12.6482
 10
-1.4135
 20
12.6513
 10
-1.4102
 20
12.6516
 10
-1.4436
 20
12.9699
 10
-1.449
 20
12.9693
 10
-1.4773
 20
12.9661
 10
-1.5056
 20
12.9629
  0
LWPOLYLINE
  5
BD
330
17
100
AcDbEntity
  8
ALTIN
100
AcDbPolyline
 90
90
 70
1
 10
-2.8801
 20
12.7282
 10
-2.9079
 20
12.7219
 10
-2.9356
 20
12.7155
 10
-2.9633
 20
12.7091
 10
-2.9911
 20
12.7026
 10
-3.0188
 20
12.696
 10
-3.0465
 20
12.6894
 10
-3.0741
 20
12.6828
 10
-3.1018
 20
12.676
 10
-3.1294
 20
12.6692
 10
-3.1571
 20
12.6624
 10
-3.1847
 20
12.6554
 10
-3.2123
 20
12.6485
 10
-3.2399
 20
12.6414
 10
-3.2675
 20
12.6343
 10
-3.295
 20
12.6272
 10
-3.3226
 20
12.6199
 10
-3.3501
 20
12.6127
 10
-3.3776
 20
12.6053
 10
-3.4051
 20
12.5979
 10
-3.4326
 20
12.5905
 10
-3.46
 20
12.583
 10
-3.4875
 20
12.5754
 10
-3.5149
 20
12.5677
 10
-3.5423
 20
12.56
 10
-3.5697
 20
12.5523
 10
-3.5971
 20
12.5445
 10
-3.6244
 20
12.5366
 10
-3.6518
 20
12.5287
 10
-3.6791
 20
12.5207
 10
-3.7064
 20
12.5126
 10
-3.7337
 20
12.5045
 10
-3.761
 20
12.4963
 10
-3.7882
 20
12.4881
 10
-3.8155
 20
12.4798
 10
-3.8427
 20
12.4714
 10
-3.8699
 20
12.463
 10
-3.897
 20
12.4545
 10
-3.9242
 20
12.446
 10
-3.9514
 20
12.4374
 10
-3.9565
 20
12.4358
 10
-3.8576
 20
12.1314
 10
-3.8545
 20
12.1324
 10
-3.828
 20
12.1408
 10
-3.8015
 20
12.1491
 10
-3.775
 20
12.1574
 10
-3.7484
 20
12.1656
 10
-3.7219
 20
12.1738
 10
-3.6953
 20
12.1819
 10
-3.6687
 20
12.1899
 10
-3.6421
 20
12.1979
 10
-3.6155
 20
12.2058
 10
-3.5889
 20
12.2136
 10
-3.5622
 20
12.2214
 10
-3.5356
 20
12.2292
 10
-3.5089
 20
12.2369
 10
-3.4822
 20
12.2445
 10
-3.4554
 20
12.2521
 10
-3.4287
 20
12.2596
 10
-3.4019
 20
12.267
 10
-3.3752
 20
12.2744
 10
-3.3484
 20
12.2817
 10
-3.3216
 20
12.289
 10
-3.2948
 20
12.2962
 10
-3.2679
 20
12.3034
 10
-3.2411
 20
12.3105
 10
-3.2142
 20
12.3175
 10
-3.1873
 20
12.3245
 10
-3.1604
 20
12.3314
 10
-3.1335
 20
12.3383
 10
-3.1066
 20
12.3451
 10
-3.0797
 20
12.3519
 10
-3.0527
 20
12.3586
 10
-3.0257
 20
12.3652
 10
-2.9988
 20
12.3718
 10
-2.9718
 20
12.3783
 10
-2.9447
 20
12.3847
 10
-2.9177
 20
12.3911
 10
-2.8907
 20
12.3975
 10
-2.8636
 20
12.4037
 10
-2.8366
 20
12.4099
 10
-2.8095
 20
12.4161
 10
-2.7824
 20
12.4222
 10
-2.7553
 20
12.4282
 10
-2.7282
 20
12.4342
 10
-2.7249
 20
12.4349
 10
-2.7914
 20
12.7479
 10
-2.7967
 20
12.7468
 10
-2.8245
 20
12.7407
 10
-2.8523
 20
12.7345
  0
LWPOLYLINE
  5
BE
330
17
100
AcDbEntity
  8
ALTIN
100
AcDbPolyline
 90
90
 70
1
 10
-4.1948
 20
12.3574
 10
-4.2217
 20
12.3483
 10
-4.2487
 20
12.339
 10
-4.2756
 20
12.3297
 10
-4.3025
 20
12.3204
 10
-4.3293
 20
12.3109
 10
-4.3562
 20
12.3015
 10
-4.383
 20
12.2919
 10
-4.4098
 20
12.2823
 10
-4.4366
 20
12.2727
 10
-4.4634
 20
12.263
 10
-4.4901
 20
12.2532
 10
-4.5168
 20
12.2434
 10
-4.5435
 20
12.2335
 10
-4.5702
 20
12.2236
 10
-4.5969
 20
12.2136
 10
-4.6235
 20
12.2035
 10
-4.6501
 20
12.1934
 10
-4.6767
 20
12.1832
 10
-4.7033
 20
12.173
 10
-4.7298
 20
12.1627
 10
-4.7563
 20
12.1524
 10
-4.7828
 20
12.1419
 10
-4.8093
 20
12.1315
 10
-4.8358
 20
12.121
 10
-4.8622
 20
12.1104
 10
-4.8886
 20
12.0997
 10
-4.915
 20
12.0891
 10
-4.9414
 20
12.0783
 10
-4.9677
 20
12.0675
 10
-4.994
 20
12.0566
 10
-5.0203
 20
12.0457
 10
-5.0466
 20
12.0347
 10
-5.0728
 20
12.0237
 10
-5.099
 20
12.0126
 10
-5.1252
 20
12.0014
 10
-5.1514
 20
11.9902
 10
-5.1776
 20
11.979
 10
-5.2037
 20
11.9676
 10
-5.2298
 20
11.9563
 10
-5.2347
 20
11.9541
 10
-5.1046
 20
11.6617
 10
-5.1015
 20
11.6631
 10
-5.0761
 20
11.6742
 10
-5.0506
 20
11.6852
 10
-5.0251
 20
11.6962
 10
-4.9996
 20
11.7071
 10
-4.974
 20
11.718
 10
-4.9484
 20
11.7289
 10
-4.9228
 20
11.7396
 10
-4.8972
 20
11.7503
 10
-4.8716
 20
11.761
 10
-4.8459
 20
11.7716
 10
-4.8202
 20
11.7821
 10
-4.7945
 20
11.7926
 10
-4.7687
 20
11.8031
 10
-4.743
 20
11.8134
 10
-4.7172
 20
11.8237
 10
-4.6914
 20
11.834
 10
-4.6656
 20
11.8442
 10
-4.6397
 20
11.8544
 10
-4.6138
 20
11.8645
 10
-4.5879
 20
11.8745
 10
-4.562
 20
11.8845
 10
-4.5361
 20
11.8944
 10
-4.5101
 20
11.9043
 10
-4.4841
 20
11.9141
 10
-4.4581
 20
11.9238
 10
-4.4321
 20
11.9335
 10
-4.4061
 20
11.9432
 10
-4.38
 20
11.9528
 10
-4.3539
 20
11.9623
 10
-4.3278
 20
11.9718
 10
-4.3017
 20
11.9812
 10
-4.2755
 20
11.9905
 10
-4.2494
 20
11.9998
 10
-4.2232
 20
12.0091
 10
-4.197
 20
12.0183
 10
-4.1707
 20
12.0274
 10
-4.1445
 20
12.0365
 10
-4.1182
 20
12.0455
 10
-4.0919
 20
12.0544
 10
-4.0656
 20
12.0633
 10
-4.0393
 20
12.0722
 10
-4.0129
 20
12.0809
 10
-4.0098
 20
12.082
 10
-4.1087
 20
12.3863
 10
-4.1138
 20
12.3846
 10
-4.1408
 20
12.3756
 10
-4.1678
 20
12.3666
  0
LWPOLYLINE
  5
BF
330
17
100
AcDbEntity
  8
ALTIN
100
AcDbPolyline
 90
84
 70
1
 10
-5.4635
 20
11.8513
 10
-5.4894
 20
11.8393
 10
-5.5152
 20
11.8273
 10
-5.541
 20
11.8153
 10
-5.5667
 20
11.8031
 10
-5.5925
 20
11.791
 10
-5.6182
 20
11.7787
 10
-5.6439
 20
11.7665
 10
-5.6695
 20
11.7541
 10
-5.6951
 20
11.7417
 10
-5.7207
 20
11.7293
 10
-5.7463
 20
11.7168
 10
-5.7719
 20
11.7042
 10
-5.7974
 20
11.6916
 10
-5.8229
 20
11.6789
 10
-5.8483
 20
11.6662
 10
-5.8738
 20
11.6534
 10
-5.8992
 20
11.6405
 10
-5.9246
 20
11.6276
 10
-5.9499
 20
11.6147
 10
-5.9753
 20
11.6017
 10
-6.0006
 20
11.5886
 10
-6.0258
 20
11.5755
 10
-6.0511
 20
11.5623
 10
-6.0763
 20
11.5491
 10
-6.1015
 20
11.5358
 10
-6.1266
 20
11.5225
 10
-6.1517
 20
11.5091
 10
-6.1768
 20
11.4956
 10
-6.2019
 20
11.4821
 10
-6.2269
 20
11.4686
 10
-6.2519
 20
11.455
 10
-6.2769
 20
11.4413
 10
-6.3018
 20
11.4276
 10
-6.3268
 20
11.4138
 10
-6.3517
 20
11.4
 10
-6.3765
 20
11.3861
 10
-6.3947
 20
11.3759
 10
-6.2347
 20
11.0987
 10
-6.2201
 20
11.1069
 10
-6.1959
 20
11.1204
 10
-6.1716
 20
11.1339
 10
-6.1473
 20
11.1473
 10
-6.123
 20
11.1607
 10
-6.0986
 20
11.1741
 10
-6.0742
 20
11.1873
 10
-6.0498
 20
11.2006
 10
-6.0254
 20
11.2137
 10
-6.0009
 20
11.2269
 10
-5.9764
 20
11.2399
 10
-5.9518
 20
11.2529
 10
-5.9273
 20
11.2659
 10
-5.9027
 20
11.2788
 10
-5.8781
 20
11.2916
 10
-5.8534
 20
11.3044
 10
-5.8287
 20
11.3172
 10
-5.804
 20
11.3299
 10
-5.7793
 20
11.3425
 10
-5.7545
 20
11.3551
 10
-5.7298
 20
11.3676
 10
-5.7049
 20
11.3801
 10
-5.6801
 20
11.3925
 10
-5.6552
 20
11.4049
 10
-5.6303
 20
11.4172
 10
-5.6054
 20
11.4294
 10
-5.5805
 20
11.4416
 10
-5.5555
 20
11.4538
 10
-5.5305
 20
11.4659
 10
-5.5055
 20
11.4779
 10
-5.4804
 20
11.4899
 10
-5.4553
 20
11.5018
 10
-5.4302
 20
11.5137
 10
-5.4051
 20
11.5255
 10
-5.3799
 20
11.5373
 10
-5.3547
 20
11.549
 10
-5.3295
 20
11.5607
 10
-5.3043
 20
11.5723
 10
-5.279
 20
11.5838
 10
-5.2538
 20
11.5953
 10
-5.2507
 20
11.5967
 10
-5.3809
 20
11.889
 10
-5.3858
 20
11.8868
 10
-5.4117
 20
11.875
 10
-5.4376
 20
11.8632
  0
LWPOLYLINE
  5
C0
330
17
100
AcDbEntity
  8
ALTIN
100
AcDbPolyline
 90
84
 70
1
 10
-6.7212
 20
11.186
 10
-6.7456
 20
11.1713
 10
-6.77
 20
11.1566
 10
-6.7943
 20
11.1418
 10
-6.8186
 20
11.127
 10
-6.8429
 20
11.1121
 10
-6.8671
 20
11.0971
 10
-6.8913
 20
11.0821
 10
-6.9154
 20
11.067
 10
-6.9396
 20
11.0519
 10
-6.9637
 20
11.0367
 10
-6.9877
 20
11.0215
 10
-7.0118
 20
11.0063
 10
-7.0358
 20
10.9909
 10
-7.0597
 20
10.9756
 10
-7.0836
 20
10.9601
 10
-7.1075
 20
10.9447
 10
-7.1314
 20
10.9291
 10
-7.1552
 20
10.9135
 10
-7.179
 20
10.8979
 10
-7.2028
 20
10.8822
 10
-7.2265
 20
10.8665
 10
-7.2502
 20
10.8507
 10
-7.2738
 20
10.8348
 10
-7.2975
 20
10.8189
 10
-7.3211
 20
10.803
 10
-7.3446
 20
10.787
 10
-7.3681
 20
10.7709
 10
-7.3916
 20
10.7548
 10
-7.415
 20
10.7387
 10
-7.4385
 20
10.7225
 10
-7.4618
 20
10.7062
 10
-7.4852
 20
10.6899
 10
-7.5085
 20
10.6736
 10
-7.5317
 20
10.6572
 10
-7.555
 20
10.6407
 10
-7.5782
 20
10.6242
 10
-7.6013
 20
10.6076
 10
-7.6057
 20
10.6045
 10
-7.4176
 20
10.3456
 10
-7.4149
 20
10.3475
 10
-7.3923
 20
10.3637
 10
-7.3697
 20
10.3798
 10
-7.3471
 20
10.3958
 10
-7.3244
 20
10.4119
 10
-7.3016
 20
10.4278
 10
-7.2789
 20
10.4437
 10
-7.2561
 20
10.4596
 10
-7.2332
 20
10.4754
 10
-7.2104
 20
10.4911
 10
-7.1874
 20
10.5068
 10
-7.1645
 20
10.5225
 10
-7.1415
 20
10.5381
 10
-7.1185
 20
10.5536
 10
-7.0955
 20
10.5692
 10
-7.0724
 20
10.5846
 10
-7.0493
 20
10.6
 10
-7.0262
 20
10.6154
 10
-7.003
 20
10.6307
 10
-6.9798
 20
10.6459
 10
-6.9565
 20
10.6611
 10
-6.9333
 20
10.6763
 10
-6.9099
 20
10.6914
 10
-6.8866
 20
10.7064
 10
-6.8632
 20
10.7214
 10
-6.8398
 20
10.7364
 10
-6.8164
 20
10.7513
 10
-6.7929
 20
10.7661
 10
-6.7694
 20
10.7809
 10
-6.7459
 20
10.7957
 10
-6.7223
 20
10.8103
 10
-6.6987
 20
10.825
 10
-6.6751
 20
10.8396
 10
-6.6514
 20
10.8541
 10
-6.6277
 20
10.8686
 10
-6.604
 20
10.883
 10
-6.5802
 20
10.8974
 10
-6.5564
 20
10.9117
 10
-6.5326
 20
10.926
 10
-6.5088
 20
10.9402
 10
-6.4945
 20
10.9487
 10
-6.6545
 20
11.2259
 10
-6.6724
 20
11.2153
 10
-6.6968
 20
11.2007
  0
LWPOLYLINE
  5
C1
330
17
100
AcDbEntity
  8
ALTIN
100
AcDbPolyline
 90
90
 70
1
 10
-7.7853
 20
10.4734
 10
-7.8081
 20
10.4564
 10
-7.8309
 20
10.4393
 10
-7.8537
 20
10.4222
 10
-7.8764
 20
10.405
 10
-7.8991
 20
10.3878
 10
-7.9217
 20
10.3706
 10
-7.9443
 20
10.3533
 10
-7.9669
 20
10.3359
 10
-7.9894
 20
10.3185
 10
-8.0119
 20
10.301
 10
-8.0344
 20
10.2835
 10
-8.0568
 20
10.266
 10
-8.0792
 20
10.2484
 10
-8.1015
 20
10.2307
 10
-8.1238
 20
10.213
 10
-8.1461
 20
10.1953
 10
-8.1683
 20
10.1775
 10
-8.1905
 20
10.1596
 10
-8.2126
 20
10.1418
 10
-8.2347
 20
10.1238
 10
-8.2568
 20
10.1058
 10
-8.2788
 20
10.0878
 10
-8.3008
 20
10.0697
 10
-8.3228
 20
10.0516
 10
-8.3447
 20
10.0334
 10
-8.3665
 20
10.0152
 10
-8.3884
 20
9.9969
 10
-8.4102
 20
9.9786
 10
-8.4319
 20
9.9602
 10
-8.4536
 20
9.9418
 10
-8.4753
 20
9.9233
 10
-8.4969
 20
9.9048
 10
-8.5185
 20
9.8862
 10
-8.5401
 20
9.8676
 10
-8.5616
 20
9.849
 10
-8.583
 20
9.8303
 10
-8.6045
 20
9.8115
 10
-8.6258
 20
9.7927
 10
-8.6472
 20
9.7739
 10
-8.6685
 20
9.755
 10
-8.6725
 20
9.7514
 10
-8.4584
 20
9.5136
 10
-8.4559
 20
9.5158
 10
-8.4352
 20
9.5342
 10
-8.4143
 20
9.5526
 10
-8.3935
 20
9.5709
 10
-8.3726
 20
9.5892
 10
-8.3516
 20
9.6075
 10
-8.3307
 20
9.6257
 10
-8.3096
 20
9.6438
 10
-8.2886
 20
9.6619
 10
-8.2675
 20
9.68
 10
-8.2463
 20
9.698
 10
-8.2252
 20
9.7159
 10
-8.2039
 20
9.7339
 10
-8.1827
 20
9.7517
 10
-8.1614
 20
9.7696
 10
-8.1401
 20
9.7874
 10
-8.1187
 20
9.8051
 10
-8.0973
 20
9.8228
 10
-8.0758
 20
9.8404
 10
-8.0543
 20
9.858
 10
-8.0328
 20
9.8756
 10
-8.0112
 20
9.8931
 10
-7.9896
 20
9.9105
 10
-7.968
 20
9.9279
 10
-7.9463
 20
9.9453
 10
-7.9246
 20
9.9626
 10
-7.9029
 20
9.9799
 10
-7.8811
 20
9.9971
 10
-7.8592
 20
10.0143
 10
-7.8374
 20
10.0314
 10
-7.8155
 20
10.0485
 10
-7.7935
 20
10.0655
 10
-7.7715
 20
10.0825
 10
-7.7495
 20
10.0994
 10
-7.7275
 20
10.1163
 10
-7.7054
 20
10.1331
 10
-7.6833
 20
10.1499
 10
-7.6611
 20
10.1666
 10
-7.6389
 20
10.1833
 10
-7.6167
 20
10.2
 10
-7.5944
 20
10.2166
 10
-7.5721
 20
10.2331
 10
-7.5498
 20
10.2496
 10
-7.5471
 20
10.2516
 10
-7.7352
 20
10.5104
 10
-7.7395
 20
10.5072
 10
-7.7624
 20
10.4903
  0
LWPOLYLINE
  5
C2
330
17
100
AcDbEntity
  8
ALTIN
100
AcDbPolyline
 90
90
 70
1
 10
-8.8374
 20
9.6022
 10
-8.8583
 20
9.5829
 10
-8.8792
 20
9.5636
 10
-8.9001
 20
9.5442
 10
-8.9209
 20
9.5247
 10
-8.9416
 20
9.5052
 10
-8.9624
 20
9.4857
 10
-8.983
 20
9.4661
 10
-9.0037
 20
9.4465
 10
-9.0242
 20
9.4268
 10
-9.0448
 20
9.4071
 10
-9.0653
 20
9.3874
 10
-9.0858
 20
9.3676
 10
-9.1062
 20
9.3477
 10
-9.1265
 20
9.3279
 10
-9.1469
 20
9.3079
 10
-9.1672
 20
9.2879
 10
-9.1874
 20
9.2679
 10
-9.2076
 20
9.2479
 10
-9.2277
 20
9.2277
 10
-9.2479
 20
9.2076
 10
-9.2679
 20
9.1874
 10
-9.2879
 20
9.1672
 10
-9.3079
 20
9.1469
 10
-9.3279
 20
9.1265
 10
-9.3477
 20
9.1062
 10
-9.3676
 20
9.0858
 10
-9.3874
 20
9.0653
 10
-9.4071
 20
9.0448
 10
-9.4268
 20
9.0242
 10
-9.4465
 20
9.0037
 10
-9.4661
 20
8.983
 10
-9.4857
 20
8.9624
 10
-9.5052
 20
8.9416
 10
-9.5247
 20
8.9209
 10
-9.5442
 20
8.9001
 10
-9.5636
 20
8.8792
 10
-9.5829
 20
8.8583
 10
-9.6022
 20
8.8374
 10
-9.6215
 20
8.8165
 10
-9.6407
 20
8.7954
 10
-9.6443
 20
8.7914
 10
-9.4065
 20
8.5773
 10
-9.4043
 20
8.5798
 10
-9.3855
 20
8.6003
 10
-9.3668
 20
8.6207
 10
-9.3479
 20
8.6411
 10
-9.3291
 20
8.6615
 10
-9.3101
 20
8.6818
 10
-9.2912
 20
8.7021
 10
-9.2722
 20
8.7224
 10
-9.2531
 20
8.7426
 10
-9.234
 20
8.7628
 10
-9.2149
 20
8.7829
 10
-9.1957
 20
8.803
 10
-9.1765
 20
8.823
 10
-9.1572
 20
8.843
 10
-9.1379
 20
8.863
 10
-9.1185
 20
8.8829
 10
-9.0991
 20
8.9027
 10
-9.0797
 20
8.9226
 10
-9.0602
 20
8.9424
 10
-9.0407
 20
8.9621
 10
-9.0211
 20
8.9818
 10
-9.0015
 20
9.0015
 10
-8.9818
 20
9.0211
 10
-8.9621
 20
9.0407
 10
-8.9424
 20
9.0602
 10
-8.9226
 20
9.0797
 10
-8.9027
 20
9.0991
 10
-8.8829
 20
9.1185
 10
-8.863
 20
9.1379
 10
-8.843
 20
9.1572
 10
-8.823
 20
9.1765
 10
-8.803
 20
9.1957
 10
-8.7829
 20
9.2149
 10
-8.7628
 20
9.234
 10
-8.7426
 20
9.2531
 10
-8.7224
 20
9.2722
 10
-8.7021
 20
9.2912
 10
-8.6818
 20
9.3101
 10
-8.6615
 20
9.3291
 10
-8.6411
 20
9.3479
 10
-8.6207
 20
9.3668
 10
-8.6003
 20
9.3855
 10
-8.5798
 20
9.4043
 10
-8.5773
 20
9.4065
 10
-8.7914
 20
9.6443
 10
-8.7954
 20
9.6407
 10
-8.8165
 20
9.6215
  0
LWPOLYLINE
  5
C3
330
17
100
AcDbEntity
  8
ALTIN
100
AcDbPolyline
 90
90
 70
1
 10
-9.7927
 20
8.6258
 10
-9.8115
 20
8.6045
 10
-9.8303
 20
8.583
 10
-9.849
 20
8.5616
 10
-9.8676
 20
8.5401
 10
-9.8862
 20
8.5185
 10
-9.9048
 20
8.4969
 10
-9.9233
 20
8.4753
 10
-9.9418
 20
8.4536
 10
-9.9602
 20
8.4319
 10
-9.9786
 20
8.4102
 10
-9.9969
 20
8.3884
 10
-10.0152
 20
8.3665
 10
-10.0334
 20
8.3447
 10
-10.0516
 20
8.3228
 10
-10.0697
 20
8.3008
 10
-10.0878
 20
8.2788
 10
-10.1058
 20
8.2568
 10
-10.1238
 20
8.2347
 10
-10.1418
 20
8.2126
 10
-10.1596
 20
8.1905
 10
-10.1775
 20
8.1683
 10
-10.1953
 20
8.1461
 10
-10.213
 20
8.1238
 10
-10.2307
 20
8.1015
 10
-10.2484
 20
8.0792
 10
-10.266
 20
8.0568
 10
-10.2835
 20
8.0344
 10
-10.301
 20
8.0119
 10
-10.3185
 20
7.9894
 10
-10.3359
 20
7.9669
 10
-10.3533
 20
7.9443
 10
-10.3706
 20
7.9217
 10
-10.3878
 20
7.8991
 10
-10.405
 20
7.8764
 10
-10.4222
 20
7.8537
 10
-10.4393
 20
7.8309
 10
-10.4564
 20
7.8081
 10
-10.4734
 20
7.7853
 10
-10.4903
 20
7.7624
 10
-10.5072
 20
7.7395
 10
-10.5104
 20
7.7352
 10
-10.2516
 20
7.5471
 10
-10.2496
 20
7.5498
 10
-10.2331
 20
7.5721
 10
-10.2166
 20
7.5944
 10
-10.2
 20
7.6167
 10
-10.1833
 20
7.6389
 10
-10.1666
 20
7.6611
 10
-10.1499
 20
7.6833
 10
-10.1331
 20
7.7054
 10
-10.1163
 20
7.7275
 10
-10.0994
 20
7.7495
 10
-10.0825
 20
7.7715
 10
-10.0655
 20
7.7935
 10
-10.0485
 20
7.8155
 10
-10.0314
 20
7.8374
 10
-10.0143
 20
7.8592
 10
-9.9971
 20
7.8811
 10
-9.9799
 20
7.9029
 10
-9.9626
 20
7.9246
 10
-9.9453
 20
7.9463
 10
-9.9279
 20
7.968
 10
-9.9105
 20
7.9896
 10
-9.8931
 20
8.0112
 10
-9.8756
 20
8.0328
 10
-9.858
 20
8.0543
 10
-9.8404
 20
8.0758
 10
-9.8228
 20
8.0973
 10
-9.8051
 20
8.1187
 10
-9.7874
 20
8.1401
 10
-9.7696
 20
8.1614
 10
-9.7517
 20
8.1827
 10
-9.7339
 20
8.2039
 10
-9.7159
 20
8.2252
 10
-9.698
 20
8.2463
 10
-9.68
 20
8.2675
 10
-9.6619
 20
8.2886
 10
-9.6438
 20
8.3096
 10
-9.6257
 20
8.3307
 10
-9.6075
 20
8.3516
 10
-9.5892
 20
8.3726
 10
-9.5709
 20
8.3935
 10
-9.5526
 20
8.4143
 10
-9.5342
 20
8.4352
 10
-9.5158
 20
8.4559
 10
-9.5136
 20
8.4584
 10
-9.7514
 20
8.6725
 10
-9.755
 20
8.6685
 10
-9.7739
 20
8.6472
  0
LWPOLYLINE
  5
C4
330
17
100
AcDbEntity
  8
ALTIN
100
AcDbPolyline
 90
84
 70
1
 10
-10.6407
 20
7.555
 10
-10.6572
 20
7.5317
 10
-10.6736
 20
7.5085
 10
-10.6899
 20
7.4852
 10
-10.7062
 20
7.4618
 10
-10.7225
 20
7.4385
 10
-10.7387
 20
7.415
 10
-10.7548
 20
7.3916
 10
-10.7709
 20
7.3681
 10
-10.787
 20
7.3446
 10
-10.803
 20
7.3211
 10
-10.8189
 20
7.2975
 10
-10.8348
 20
7.2738
 10
-10.8507
 20
7.2502
 10
-10.8665
 20
7.2265
 10
-10.8822
 20
7.2028
 10
-10.8979
 20
7.179
 10
-10.9135
 20
7.1552
 10
-10.9291
 20
7.1314
 10
-10.9447
 20
7.1075
 10
-10.9601
 20
7.0836
 10
-10.9756
 20
7.0597
 10
-10.9909
 20
7.0358
 10
-11.0063
 20
7.0118
 10
-11.0215
 20
6.9877
 10
-11.0367
 20
6.9637
 10
-11.0519
 20
6.9396
 10
-11.067
 20
6.9154
 10
-11.0821
 20
6.8913
 10
-11.0971
 20
6.8671
 10
-11.1121
 20
6.8429
 10
-11.127
 20
6.8186
 10
-11.1418
 20
6.7943
 10
-11.1566
 20
6.77
 10
-11.1713
 20
6.7456
 10
-11.186
 20
6.7212
 10
-11.2007
 20
6.6968
 10
-11.2153
 20
6.6724
 10
-11.2259
 20
6.6545
 10
-10.9487
 20
6.4945
 10
-10.9402
 20
6.5088
 10
-10.926
 20
6.5326
 10
-10.9117
 20
6.5564
 10
-10.8974
 20
6.5802
 10
-10.883
 20
6.604
 10
-10.8686
 20
6.6277
 10
-10.8541
 20
6.6514
 10
-10.8396
 20
6.6751
 10
-10.825
 20
6.6987
 10
-10.8103
 20
6.7223
 10
-10.7957
 20
6.7459
 10
-10.7809
 20
6.7694
 10
-10.7661
 20
6.7929
 10
-10.7513
 20
6.8164
 10
-10.7364
 20
6.8398
 10
-10.7214
 20
6.8632
 10
-10.7064
 20
6.8866
 10
-10.6914
 20
6.9099
 10
-10.6763
 20
6.9333
 10
-10.6611
 20
6.9565
 10
-10.6459
 20
6.9798
 10
-10.6307
 20
7.003
 10
-10.6154
 20
7.0262
 10
-10.6
 20
7.0493
 10
-10.5846
 20
7.0724
 10
-10.5692
 20
7.0955
 10
-10.5536
 20
7.1185
 10
-10.5381
 20
7.1415
 10
-10.5225
 20
7.1645
 10
-10.5068
 20
7.1874
 10
-10.4911
 20
7.2104
 10
-10.4754
 20
7.2332
 10
-10.4596
 20
7.2561
 10
-10.4437
 20
7.2789
 10
-10.4278
 20
7.3016
 10
-10.4119
 20
7.3244
 10
-10.3958
 20
7.3471
 10
-10.3798
 20
7.3697
 10
-10.3637
 20
7.3923
 10
-10.3475
 20
7.4149
 10
-10.3456
 20
7.4176
 10
-10.6045
 20
7.6057
 10
-10.6076
 20
7.6013
 10
-10.6242
 20
7.5782
  0
LWPOLYLINE
  5
C5
330
17
100
AcDbEntity
  8
ALTIN
100
AcDbPolyline
 90
84
 70
1
 10
-11.4138
 20
6.3268
 10
-11.4276
 20
6.3018
 10
-11.4413
 20
6.2769
 10
-11.455
 20
6.2519
 10
-11.4686
 20
6.2269
 10
-11.4821
 20
6.2019
 10
-11.4956
 20
6.1768
 10
-11.5091
 20
6.1517
 10
-11.5225
 20
6.1266
 10
-11.5358
 20
6.1015
 10
-11.5491
 20
6.0763
 10
-11.5623
 20
6.0511
 10
-11.5755
 20
6.0258
 10
-11.5886
 20
6.0006
 10
-11.6017
 20
5.9753
 10
-11.6147
 20
5.9499
 10
-11.6276
 20
5.9246
 10
-11.6405
 20
5.8992
 10
-11.6534
 20
5.8738
 10
-11.6662
 20
5.8483
 10
-11.6789
 20
5.8229
 10
-11.6916
 20
5.7974
 10
-11.7042
 20
5.7719
 10
-11.7168
 20
5.7463
 10
-11.7293
 20
5.7207
 10
-11.7417
 20
5.6951
 10
-11.7541
 20
5.6695
 10
-11.7665
 20
5.6439
 10
-11.7787
 20
5.6182
 10
-11.791
 20
5.5925
 10
-11.8031
 20
5.5667
 10
-11.8153
 20
5.541
 10
-11.8273
 20
5.5152
 10
-11.8393
 20
5.4894
 10
-11.8513
 20
5.4635
 10
-11.8632
 20
5.4376
 10
-11.875
 20
5.4117
 10
-11.8868
 20
5.3858
 10
-11.889
 20
5.3809
 10
-11.5967
 20
5.2507
 10
-11.5953
 20
5.2538
 10
-11.5838
 20
5.279
 10
-11.5723
 20
5.3043
 10
-11.5607
 20
5.3295
 10
-11.549
 20
5.3547
 10
-11.5373
 20
5.3799
 10
-11.5255
 20
5.4051
 10
-11.5137
 20
5.4302
 10
-11.5018
 20
5.4553
 10
-11.4899
 20
5.4804
 10
-11.4779
 20
5.5055
 10
-11.4659
 20
5.5305
 10
-11.4538
 20
5.5555
 10
-11.4416
 20
5.5805
 10
-11.4294
 20
5.6054
 10
-11.4172
 20
5.6303
 10
-11.4049
 20
5.6552
 10
-11.3925
 20
5.6801
 10
-11.3801
 20
5.7049
 10
-11.3676
 20
5.7298
 10
-11.3551
 20
5.7545
 10
-11.3425
 20
5.7793
 10
-11.3299
 20
5.804
 10
-11.3172
 20
5.8287
 10
-11.3044
 20
5.8534
 10
-11.2916
 20
5.8781
 10
-11.2788
 20
5.9027
 10
-11.2659
 20
5.9273
 10
-11.2529
 20
5.9518
 10
-11.2399
 20
5.9764
 10
-11.2269
 20
6.0009
 10
-11.2137
 20
6.0254
 10
-11.2006
 20
6.0498
 10
-11.1873
 20
6.0742
 10
-11.1741
 20
6.0986
 10
-11.1607
 20
6.123
 10
-11.1473
 20
6.1473
 10
-11.1339
 20
6.1716
 10
-11.1204
 20
6.1959
 10
-11.1069
 20
6.2201
 10
-11.0987
 20
6.2347
 10
-11.3759
 20
6.3947
 10
-11.3861
 20
6.3765
 10
-11.4
 20
6.3517
  0
LWPOLYLINE
  5
C6
330
17
100
AcDbEntity
  8
ALTIN
100
AcDbPolyline
 90
90
 70
1
 10
-11.979
 20
5.1776
 10
-11.9902
 20
5.1514
 10
-12.0014
 20
5.1252
 10
-12.0126
 20
5.099
 10
-12.0237
 20
5.0728
 10
-12.0347
 20
5.0466
 10
-12.0457
 20
5.0203
 10
-12.0566
 20
4.994
 10
-12.0675
 20
4.9677
 10
-12.0783
 20
4.9414
 10
-12.0891
 20
4.915
 10
-12.0997
 20
4.8886
 10
-12.1104
 20
4.8622
 10
-12.121
 20
4.8358
 10
-12.1315
 20
4.8093
 10
-12.1419
 20
4.7828
 10
-12.1524
 20
4.7563
 10
-12.1627
 20
4.7298
 10
-12.173
 20
4.7033
 10
-12.1832
 20
4.6767
 10
-12.1934
 20
4.6501
 10
-12.2035
 20
4.6235
 10
-12.2136
 20
4.5969
 10
-12.2236
 20
4.5702
 10
-12.2335
 20
4.5435
 10
-12.2434
 20
4.5168
 10
-12.2532
 20
4.4901
 10
-12.263
 20
4.4634
 10
-12.2727
 20
4.4366
 10
-12.2823
 20
4.4098
 10
-12.2919
 20
4.383
 10
-12.3015
 20
4.3562
 10
-12.3109
 20
4.3293
 10
-12.3204
 20
4.3025
 10
-12.3297
 20
4.2756
 10
-12.339
 20
4.2487
 10
-12.3483
 20
4.2217
 10
-12.3574
 20
4.1948
 10
-12.3666
 20
4.1678
 10
-12.3756
 20
4.1408
 10
-12.3846
 20
4.1138
 10
-12.3863
 20
4.1087
 10
-12.082
 20
4.0098
 10
-12.0809
 20
4.0129
 10
-12.0722
 20
4.0393
 10
-12.0633
 20
4.0656
 10
-12.0544
 20
4.0919
 10
-12.0455
 20
4.1182
 10
-12.0365
 20
4.1445
 10
-12.0274
 20
4.1707
 10
-12.0183
 20
4.197
 10
-12.0091
 20
4.2232
 10
-11.9998
 20
4.2494
 10
-11.9905
 20
4.2755
 10
-11.9812
 20
4.3017
 10
-11.9718
 20
4.3278
 10
-11.9623
 20
4.3539
 10
-11.9528
 20
4.38
 10
-11.9432
 20
4.4061
 10
-11.9335
 20
4.4321
 10
-11.9238
 20
4.4581
 10
-11.9141
 20
4.4841
 10
-11.9043
 20
4.5101
 10
-11.8944
 20
4.5361
 10
-11.8845
 20
4.562
 10
-11.8745
 20
4.5879
 10
-11.8645
 20
4.6138
 10
-11.8544
 20
4.6397
 10
-11.8442
 20
4.6656
 10
-11.834
 20
4.6914
 10
-11.8237
 20
4.7172
 10
-11.8134
 20
4.743
 10
-11.8031
 20
4.7687
 10
-11.7926
 20
4.7945
 10
-11.7821
 20
4.8202
 10
-11.7716
 20
4.8459
 10
-11.761
 20
4.8716
 10
-11.7503
 20
4.8972
 10
-11.7396
 20
4.9228
 10
-11.7289
 20
4.9484
 10
-11.718
 20
4.974
 10
-11.7071
 20
4.9996
 10
-11.6962
 20
5.0251
 10
-11.6852
 20
5.0506
 10
-11.6742
 20
5.0761
 10
-11.6631
 20
5.1015
 10
-11.6617
 20
5.1046
 10
-11.9541
 20
5.2347
 10
-11.9563
 20
5.2298
 10
-11.9676
 20
5.2037
  0
LWPOLYLINE
  5
C7
330
17
100
AcDbEntity
  8
ALTIN
100
AcDbPolyline
 90
90
 70
1
 10
-12.4545
 20
3.897
 10
-12.463
 20
3.8699
 10
-12.4714
 20
3.8427
 10
-12.4798
 20
3.8155
 10
-12.4881
 20
3.7882
 10
-12.4963
 20
3.761
 10
-12.5045
 20
3.7337
 10
-12.5126
 20
3.7064
 10
-12.5207
 20
3.6791
 10
-12.5287
 20
3.6518
 10
-12.5366
 20
3.6244
 10
-12.5445
 20
3.5971
 10
-12.5523
 20
3.5697
 10
-12.56
 20
3.5423
 10
-12.5677
 20
3.5149
 10
-12.5754
 20
3.4875
 10
-12.583
 20
3.46
 10
-12.5905
 20
3.4326
 10
-12.5979
 20
3.4051
 10
-12.6053
 20
3.3776
 10
-12.6127
 20
3.3501
 10
-12.6199
 20
3.3226
 10
-12.6272
 20
3.295
 10
-12.6343
 20
3.2675
 10
-12.6414
 20
3.2399
 10
-12.6485
 20
3.2123
 10
-12.6554
 20
3.1847
 10
-12.6624
 20
3.1571
 10
-12.6692
 20
3.1294
 10
-12.676
 20
3.1018
 10
-12.6828
 20
3.0741
 10
-12.6894
 20
3.0465
 10
-12.696
 20
3.0188
 10
-12.7026
 20
2.9911
 10
-12.7091
 20
2.9633
 10
-12.7155
 20
2.9356
 10
-12.7219
 20
2.9079
 10
-12.7282
 20
2.8801
 10
-12.7345
 20
2.8523
 10
-12.7407
 20
2.8245
 10
-12.7468
 20
2.7967
 10
-12.7479
 20
2.7914
 10
-12.4349
 20
2.7249
 10
-12.4342
 20
2.7282
 10
-12.4282
 20
2.7553
 10
-12.4222
 20
2.7824
 10
-12.4161
 20
2.8095
 10
-12.4099
 20
2.8366
 10
-12.4037
 20
2.8636
 10
-12.3975
 20
2.8907
 10
-12.3911
 20
2.9177
 10
-12.3847
 20
2.9447
 10
-12.3783
 20
2.9718
 10
-12.3718
 20
2.9988
 10
-12.3652
 20
3.0257
 10
-12.3586
 20
3.0527
 10
-12.3519
 20
3.0797
 10
-12.3451
 20
3.1066
 10
-12.3383
 20
3.1335
 10
-12.3314
 20
3.1604
 10
-12.3245
 20
3.1873
 10
-12.3175
 20
3.2142
 10
-12.3105
 20
3.2411
 10
-12.3034
 20
3.2679
 10
-12.2962
 20
3.2948
 10
-12.289
 20
3.3216
 10
-12.2817
 20
3.3484
 10
-12.2744
 20
3.3752
 10
-12.267
 20
3.4019
 10
-12.2596
 20
3.4287
 10
-12.2521
 20
3.4554
 10
-12.2445
 20
3.4822
 10
-12.2369
 20
3.5089
 10
-12.2292
 20
3.5356
 10
-12.2214
 20
3.5622
 10
-12.2136
 20
3.5889
 10
-12.2058
 20
3.6155
 10
-12.1979
 20
3.6421
 10
-12.1899
 20
3.6687
 10
-12.1819
 20
3.6953
 10
-12.1738
 20
3.7219
 10
-12.1656
 20
3.7484
 10
-12.1574
 20
3.775
 10
-12.1491
 20
3.8015
 10
-12.1408
 20
3.828
 10
-12.1324
 20
3.8545
 10
-12.1314
 20
3.8576
 10
-12.4358
 20
3.9565
 10
-12.4374
 20
3.9514
 10
-12.446
 20
3.9242
  0
LWPOLYLINE
  5
C8
330
17
100
AcDbEntity
  8
ALTIN
100
AcDbPolyline
 90
90
 70
1
 10
-12.7937
 20
2.5738
 10
-12.7992
 20
2.5459
 10
-12.8048
 20
2.518
 10
-12.8102
 20
2.4901
 10
-12.8156
 20
2.4621
 10
-12.821
 20
2.4341
 10
-12.8263
 20
2.4062
 10
-12.8315
 20
2.3782
 10
-12.8366
 20
2.3502
 10
-12.8417
 20
2.3222
 10
-12.8468
 20
2.2941
 10
-12.8517
 20
2.2661
 10
-12.8567
 20
2.2381
 10
-12.8615
 20
2.21
 10
-12.8663
 20
2.1819
 10
-12.871
 20
2.1539
 10
-12.8757
 20
2.1258
 10
-12.8803
 20
2.0977
 10
-12.8848
 20
2.0696
 10
-12.8893
 20
2.0415
 10
-12.8938
 20
2.0133
 10
-12.8981
 20
1.9852
 10
-12.9024
 20
1.9571
 10
-12.9067
 20
1.9289
 10
-12.9108
 20
1.9008
 10
-12.915
 20
1.8726
 10
-12.919
 20
1.8444
 10
-12.923
 20
1.8162
 10
-12.9269
 20
1.788
 10
-12.9308
 20
1.7598
 10
-12.9346
 20
1.7316
 10
-12.9384
 20
1.7034
 10
-12.942
 20
1.6751
 10
-12.9457
 20
1.6469
 10
-12.9492
 20
1.6186
 10
-12.9527
 20
1.5904
 10
-12.9562
 20
1.5621
 10
-12.9595
 20
1.5339
 10
-12.9629
 20
1.5056
 10
-12.9661
 20
1.4773
 10
-12.9693
 20
1.449
 10
-12.9699
 20
1.4436
 10
-12.6516
 20
1.4102
 10
-12.6513
 20
1.4135
 10
-12.6482
 20
1.4411
 10
-12.645
 20
1.4687
 10
-12.6418
 20
1.4963
 10
-12.6385
 20
1.5238
 10
-12.6351
 20
1.5514
 10
-12.6317
 20
1.579
 10
-12.6282
 20
1.6065
 10
-12.6247
 20
1.6341
 10
-12.6211
 20
1.6616
 10
-12.6174
 20
1.6891
 10
-12.6137
 20
1.7167
 10
-12.6099
 20
1.7442
 10
-12.6061
 20
1.7717
 10
-12.6022
 20
1.7992
 10
-12.5983
 20
1.8267
 10
-12.5942
 20
1.8541
 10
-12.5902
 20
1.8816
 10
-12.586
 20
1.9091
 10
-12.5818
 20
1.9365
 10
-12.5776
 20
1.964
 10
-12.5733
 20
1.9914
 10
-12.5689
 20
2.0188
 10
-12.5645
 20
2.0463
 10
-12.56
 20
2.0737
 10
-12.5554
 20
2.1011
 10
-12.5508
 20
2.1284
 10
-12.5461
 20
2.1558
 10
-12.5414
 20
2.1832
 10
-12.5366
 20
2.2105
 10
-12.5318
 20
2.2379
 10
-12.5268
 20
2.2652
 10
-12.5219
 20
2.2925
 10
-12.5168
 20
2.3199
 10
-12.5117
 20
2.3472
 10
-12.5066
 20
2.3745
 10
-12.5014
 20
2.4017
 10
-12.4961
 20
2.429
 10
-12.4908
 20
2.4563
 10
-12.4854
 20
2.4835
 10
-12.4799
 20
2.5107
 10
-12.4744
 20
2.538
 10
-12.4689
 20
2.5652
 10
-12.4682
 20
2.5684
 10
-12.7812
 20
2.6349
 10
-12.7823
 20
2.6296
 10
-12.788
 20
2.6018
  0
LWPOLYLINE
  5
C9
330
17
100
AcDbEntity
  8
ALTIN
100
AcDbPolyline
 90
84
 70
1
 10
-12.9926
 20
1.2224
 10
-12.9953
 20
1.1941
 10
-12.9978
 20
1.1657
 10
-13.0003
 20
1.1374
 10
-13.0028
 20
1.109
 10
-13.0052
 20
1.0806
 10
-13.0075
 20
1.0523
 10
-13.0098
 20
1.0239
 10
-13.012
 20
0.9955
 10
-13.0141
 20
0.9671
 10
-13.0162
 20
0.9387
 10
-13.0182
 20
0.9103
 10
-13.0202
 20
0.8819
 10
-13.0221
 20
0.8535
 10
-13.0239
 20
0.8251
 10
-13.0257
 20
0.7967
 10
-13.0274
 20
0.7683
 10
-13.029
 20
0.7398
 10
-13.0306
 20
0.7114
 10
-13.0321
 20
0.683
 10
-13.0336
 20
0.6546
 10
-13.035
 20
0.6261
 10
-13.0363
 20
0.5977
 10
-13.0376
 20
0.5692
 10
-13.0388
 20
0.5408
 10
-13.0399
 20
0.5123
 10
-13.041
 20
0.4839
 10
-13.0421
 20
0.4554
 10
-13.043
 20
0.427
 10
-13.0439
 20
0.3985
 10
-13.0448
 20
0.3701
 10
-13.0455
 20
0.3416
 10
-13.0462
 20
0.3131
 10
-13.0469
 20
0.2847
 10
-13.0475
 20
0.2562
 10
-13.048
 20
0.2278
 10
-13.0485
 20
0.1993
 10
-13.0489
 20
0.1708
 10
-13.0491
 20
0.15
 10
-12.7291
 20
0.15
 10
-12.7289
 20
0.1666
 10
-12.7285
 20
0.1944
 10
-12.7281
 20
0.2222
 10
-12.7275
 20
0.2499
 10
-12.727
 20
0.2777
 10
-12.7263
 20
0.3055
 10
-12.7256
 20
0.3332
 10
-12.7249
 20
0.361
 10
-12.7241
 20
0.3888
 10
-12.7232
 20
0.4165
 10
-12.7222
 20
0.4443
 10
-12.7212
 20
0.472
 10
-12.7202
 20
0.4998
 10
-12.7191
 20
0.5275
 10
-12.7179
 20
0.5553
 10
-12.7166
 20
0.583
 10
-12.7153
 20
0.6108
 10
-12.714
 20
0.6385
 10
-12.7126
 20
0.6662
 10
-12.7111
 20
0.694
 10
-12.7095
 20
0.7217
 10
-12.7079
 20
0.7494
 10
-12.7063
 20
0.7771
 10
-12.7045
 20
0.8049
 10
-12.7027
 20
0.8326
 10
-12.7009
 20
0.8603
 10
-12.699
 20
0.888
 10
-12.697
 20
0.9157
 10
-12.695
 20
0.9434
 10
-12.6929
 20
0.9711
 10
-12.6908
 20
0.9988
 10
-12.6885
 20
1.0265
 10
-12.6863
 20
1.0541
 10
-12.6839
 20
1.0818
 10
-12.6816
 20
1.1095
 10
-12.6791
 20
1.1372
 10
-12.6766
 20
1.1648
 10
-12.674
 20
1.1925
 10
-12.6714
 20
1.2201
 10
-12.6687
 20
1.2478
 10
-12.6684
 20
1.2511
 10
-12.9866
 20
1.2845
 10
-12.9872
 20
1.2791
 10
-12.9899
 20
1.2508
  0
LWPOLYLINE
  5
CA
330
17
100
AcDbEntity
  8
ALTIN
100
AcDbPolyline
 90
84
 70
1
 10
-13.048
 20
-0.2278
 10
-13.0475
 20
-0.2562
 10
-13.0469
 20
-0.2847
 10
-13.0462
 20
-0.3131
 10
-13.0455
 20
-0.3416
 10
-13.0448
 20
-0.3701
 10
-13.0439
 20
-0.3985
 10
-13.043
 20
-0.427
 10
-13.0421
 20
-0.4554
 10
-13.041
 20
-0.4839
 10
-13.0399
 20
-0.5123
 10
-13.0388
 20
-0.5408
 10
-13.0376
 20
-0.5692
 10
-13.0363
 20
-0.5977
 10
-13.035
 20
-0.6261
 10
-13.0336
 20
-0.6546
 10
-13.0321
 20
-0.683
 10
-13.0306
 20
-0.7114
 10
-13.029
 20
-0.7398
 10
-13.0274
 20
-0.7683
 10
-13.0257
 20
-0.7967
 10
-13.0239
 20
-0.8251
 10
-13.0221
 20
-0.8535
 10
-13.0202
 20
-0.8819
 10
-13.0182
 20
-0.9103
 10
-13.0162
 20
-0.9387
 10
-13.0141
 20
-0.9671
 10
-13.012
 20
-0.9955
 10
-13.0098
 20
-1.0239
 10
-13.0075
 20
-1.0523
 10
-13.0052
 20
-1.0806
 10
-13.0028
 20
-1.109
 10
-13.0003
 20
-1.1374
 10
-12.9978
 20
-1.1657
 10
-12.9953
 20
-1.1941
 10
-12.9926
 20
-1.2224
 10
-12.9899
 20
-1.2508
 10
-12.9872
 20
-1.2791
 10
-12.9866
 20
-1.2845
 10
-12.6684
 20
-1.2511
 10
-12.6687
 20
-1.2478
 10
-12.6714
 20
-1.2201
 10
-12.674
 20
-1.1925
 10
-12.6766
 20
-1.1648
 10
-12.6791
 20
-1.1372
 10
-12.6816
 20
-1.1095
 10
-12.6839
 20
-1.0818
 10
-12.6863
 20
-1.0541
 10
-12.6885
 20
-1.0265
 10
-12.6908
 20
-0.9988
 10
-12.6929
 20
-0.9711
 10
-12.695
 20
-0.9434
 10
-12.697
 20
-0.9157
 10
-12.699
 20
-0.888
 10
-12.7009
 20
-0.8603
 10
-12.7027
 20
-0.8326
 10
-12.7045
 20
-0.8049
 10
-12.7063
 20
-0.7771
 10
-12.7079
 20
-0.7494
 10
-12.7095
 20
-0.7217
 10
-12.7111
 20
-0.694
 10
-12.7126
 20
-0.6662
 10
-12.714
 20
-0.6385
 10
-12.7153
 20
-0.6108
 10
-12.7166
 20
-0.583
 10
-12.7179
 20
-0.5553
 10
-12.7191
 20
-0.5275
 10
-12.7202
 20
-0.4998
 10
-12.7212
 20
-0.472
 10
-12.7222
 20
-0.4443
 10
-12.7232
 20
-0.4165
 10
-12.7241
 20
-0.3888
 10
-12.7249
 20
-0.361
 10
-12.7256
 20
-0.3332
 10
-12.7263
 20
-0.3055
 10
-12.727
 20
-0.2777
 10
-12.7275
 20
-0.2499
 10
-12.7281
 20
-0.2222
 10
-12.7285
 20
-0.1944
 10
-12.7289
 20
-0.1666
 10
-12.7291
 20
-0.15
 10
-13.0491
 20
-0.15
 10
-13.0489
 20
-0.1708
 10
-13.0485
 20
-0.1993
  0
LWPOLYLINE
  5
CB
330
17
100
AcDbEntity
  8
ALTIN
100
AcDbPolyline
 90
90
 70
1
 10
-12.9629
 20
-1.5056
 10
-12.9595
 20
-1.5339
 10
-12.9562
 20
-1.5621
 10
-12.9527
 20
-1.5904
 10
-12.9492
 20
-1.6186
 10
-12.9457
 20
-1.6469
 10
-12.942
 20
-1.6751
 10
-12.9384
 20
-1.7034
 10
-12.9346
 20
-1.7316
 10
-12.9308
 20
-1.7598
 10
-12.9269
 20
-1.788
 10
-12.923
 20
-1.8162
 10
-12.919
 20
-1.8444
 10
-12.915
 20
-1.8726
 10
-12.9108
 20
-1.9008
 10
-12.9067
 20
-1.9289
 10
-12.9024
 20
-1.9571
 10
-12.8981
 20
-1.9852
 10
-12.8938
 20
-2.0133
 10
-12.8893
 20
-2.0415
 10
-12.8848
 20
-2.0696
 10
-12.8803
 20
-2.0977
 10
-12.8757
 20
-2.1258
 10
-12.871
 20
-2.1539
 10
-12.8663
 20
-2.1819
 10
-12.8615
 20
-2.21
 10
-12.8567
 20
-2.2381
 10
-12.8517
 20
-2.2661
 10
-12.8468
 20
-2.2941
 10
-12.8417
 20
-2.3222
 10
-12.8366
 20
-2.3502
 10
-12.8315
 20
-2.3782
 10
-12.8263
 20
-2.4062
 10
-12.821
 20
-2.4341
 10
-12.8156
 20
-2.4621
 10
-12.8102
 20
-2.4901
 10
-12.8048
 20
-2.518
 10
-12.7992
 20
-2.5459
 10
-12.7937
 20
-2.5738
 10
-12.788
 20
-2.6018
 10
-12.7823
 20
-2.6296
 10
-12.7812
 20
-2.6349
 10
-12.4682
 20
-2.5684
 10
-12.4689
 20
-2.5652
 10
-12.4744
 20
-2.538
 10
-12.4799
 20
-2.5107
 10
-12.4854
 20
-2.4835
 10
-12.4908
 20
-2.4563
 10
-12.4961
 20
-2.429
 10
-12.5014
 20
-2.4017
 10
-12.5066
 20
-2.3745
 10
-12.5117
 20
-2.3472
 10
-12.5168
 20
-2.3199
 10
-12.5219
 20
-2.2925
 10
-12.5268
 20
-2.2652
 10
-12.5318
 20
-2.2379
 10
-12.5366
 20
-2.2105
 10
-12.5414
 20
-2.1832
 10
-12.5461
 20
-2.1558
 10
-12.5508
 20
-2.1284
 10
-12.5554
 20
-2.1011
 10
-12.56
 20
-2.0737
 10
-12.5645
 20
-2.0463
 10
-12.5689
 20
-2.0188
 10
-12.5733
 20
-1.9914
 10
-12.5776
 20
-1.964
 10
-12.5818
 20
-1.9365
 10
-12.586
 20
-1.9091
 10
-12.5902
 20
-1.8816
 10
-12.5942
 20
-1.8541
 10
-12.5983
 20
-1.8267
 10
-12.6022
 20
-1.7992
 10
-12.6061
 20
-1.7717
 10
-12.6099
 20
-1.7442
 10
-12.6137
 20
-1.7167
 10
-12.6174
 20
-1.6891
 10
-12.6211
 20
-1.6616
 10
-12.6247
 20
-1.6341
 10
-12.6282
 20
-1.6065
 10
-12.6317
 20
-1.579
 10
-12.6351
 20
-1.5514
 10
-12.6385
 20
-1.5238
 10
-12.6418
 20
-1.4963
 10
-12.645
 20
-1.4687
 10
-12.6482
 20
-1.4411
 10
-12.6513
 20
-1.4135
 10
-12.6516
 20
-1.4102
 10
-12.9699
 20
-1.4436
 10
-12.9693
 20
-1.449
 10
-12.9661
 20
-1.4773
  0
LWPOLYLINE
  5
CC
330
17
100
AcDbEntity
  8
ALTIN
100
AcDbPolyline
 90
90
 70
1
 10
-12.7345
 20
-2.8523
 10
-12.7282
 20
-2.8801
 10
-12.7219
 20
-2.9079
 10
-12.7155
 20
-2.9356
 10
-12.7091
 20
-2.9633
 10
-12.7026
 20
-2.9911
 10
-12.696
 20
-3.0188
 10
-12.6894
 20
-3.0465
 10
-12.6828
 20
-3.0741
 10
-12.676
 20
-3.1018
 10
-12.6692
 20
-3.1294
 10
-12.6624
 20
-3.1571
 10
-12.6554
 20
-3.1847
 10
-12.6485
 20
-3.2123
 10
-12.6414
 20
-3.2399
 10
-12.6343
 20
-3.2675
 10
-12.6272
 20
-3.295
 10
-12.6199
 20
-3.3226
 10
-12.6127
 20
-3.3501
 10
-12.6053
 20
-3.3776
 10
-12.5979
 20
-3.4051
 10
-12.5905
 20
-3.4326
 10
-12.583
 20
-3.46
 10
-12.5754
 20
-3.4875
 10
-12.5677
 20
-3.5149
 10
-12.56
 20
-3.5423
 10
-12.5523
 20
-3.5697
 10
-12.5445
 20
-3.5971
 10
-12.5366
 20
-3.6244
 10
-12.5287
 20
-3.6518
 10
-12.5207
 20
-3.6791
 10
-12.5126
 20
-3.7064
 10
-12.5045
 20
-3.7337
 10
-12.4963
 20
-3.761
 10
-12.4881
 20
-3.7882
 10
-12.4798
 20
-3.8155
 10
-12.4714
 20
-3.8427
 10
-12.463
 20
-3.8699
 10
-12.4545
 20
-3.897
 10
-12.446
 20
-3.9242
 10
-12.4374
 20
-3.9514
 10
-12.4358
 20
-3.9565
 10
-12.1314
 20
-3.8576
 10
-12.1324
 20
-3.8545
 10
-12.1408
 20
-3.828
 10
-12.1491
 20
-3.8015
 10
-12.1574
 20
-3.775
 10
-12.1656
 20
-3.7484
 10
-12.1738
 20
-3.7219
 10
-12.1819
 20
-3.6953
 10
-12.1899
 20
-3.6687
 10
-12.1979
 20
-3.6421
 10
-12.2058
 20
-3.6155
 10
-12.2136
 20
-3.5889
 10
-12.2214
 20
-3.5622
 10
-12.2292
 20
-3.5356
 10
-12.2369
 20
-3.5089
 10
-12.2445
 20
-3.4822
 10
-12.2521
 20
-3.4554
 10
-12.2596
 20
-3.4287
 10
-12.267
 20
-3.4019
 10
-12.2744
 20
-3.3752
 10
-12.2817
 20
-3.3484
 10
-12.289
 20
-3.3216
 10
-12.2962
 20
-3.2948
 10
-12.3034
 20
-3.2679
 10
-12.3105
 20
-3.2411
 10
-12.3175
 20
-3.2142
 10
-12.3245
 20
-3.1873
 10
-12.3314
 20
-3.1604
 10
-12.3383
 20
-3.1335
 10
-12.3451
 20
-3.1066
 10
-12.3519
 20
-3.0797
 10
-12.3586
 20
-3.0527
 10
-12.3652
 20
-3.0257
 10
-12.3718
 20
-2.9988
 10
-12.3783
 20
-2.9718
 10
-12.3847
 20
-2.9447
 10
-12.3911
 20
-2.9177
 10
-12.3975
 20
-2.8907
 10
-12.4037
 20
-2.8636
 10
-12.4099
 20
-2.8366
 10
-12.4161
 20
-2.8095
 10
-12.4222
 20
-2.7824
 10
-12.4282
 20
-2.7553
 10
-12.4342
 20
-2.7282
 10
-12.4349
 20
-2.7249
 10
-12.7479
 20
-2.7914
 10
-12.7468
 20
-2.7967
 10
-12.7407
 20
-2.8245
  0
LWPOLYLINE
  5
CD
330
17
100
AcDbEntity
  8
ALTIN
100
AcDbPolyline
 90
90
 70
1
 10
-12.3666
 20
-4.1678
 10
-12.3574
 20
-4.1948
 10
-12.3483
 20
-4.2217
 10
-12.339
 20
-4.2487
 10
-12.3297
 20
-4.2756
 10
-12.3204
 20
-4.3025
 10
-12.3109
 20
-4.3293
 10
-12.3015
 20
-4.3562
 10
-12.2919
 20
-4.383
 10
-12.2823
 20
-4.4098
 10
-12.2727
 20
-4.4366
 10
-12.263
 20
-4.4634
 10
-12.2532
 20
-4.4901
 10
-12.2434
 20
-4.5168
 10
-12.2335
 20
-4.5435
 10
-12.2236
 20
-4.5702
 10
-12.2136
 20
-4.5969
 10
-12.2035
 20
-4.6235
 10
-12.1934
 20
-4.6501
 10
-12.1832
 20
-4.6767
 10
-12.173
 20
-4.7033
 10
-12.1627
 20
-4.7298
 10
-12.1524
 20
-4.7563
 10
-12.1419
 20
-4.7828
 10
-12.1315
 20
-4.8093
 10
-12.121
 20
-4.8358
 10
-12.1104
 20
-4.8622
 10
-12.0997
 20
-4.8886
 10
-12.0891
 20
-4.915
 10
-12.0783
 20
-4.9414
 10
-12.0675
 20
-4.9677
 10
-12.0566
 20
-4.994
 10
-12.0457
 20
-5.0203
 10
-12.0347
 20
-5.0466
 10
-12.0237
 20
-5.0728
 10
-12.0126
 20
-5.099
 10
-12.0014
 20
-5.1252
 10
-11.9902
 20
-5.1514
 10
-11.979
 20
-5.1776
 10
-11.9676
 20
-5.2037
 10
-11.9563
 20
-5.2298
 10
-11.9541
 20
-5.2347
 10
-11.6617
 20
-5.1046
 10
-11.6631
 20
-5.1015
 10
-11.6742
 20
-5.0761
 10
-11.6852
 20
-5.0506
 10
-11.6962
 20
-5.0251
 10
-11.7071
 20
-4.9996
 10
-11.718
 20
-4.974
 10
-11.7289
 20
-4.9484
 10
-11.7396
 20
-4.9228
 10
-11.7503
 20
-4.8972
 10
-11.761
 20
-4.8716
 10
-11.7716
 20
-4.8459
 10
-11.7821
 20
-4.8202
 10
-11.7926
 20
-4.7945
 10
-11.8031
 20
-4.7687
 10
-11.8134
 20
-4.743
 10
-11.8237
 20
-4.7172
 10
-11.834
 20
-4.6914
 10
-11.8442
 20
-4.6656
 10
-11.8544
 20
-4.6397
 10
-11.8645
 20
-4.6138
 10
-11.8745
 20
-4.5879
 10
-11.8845
 20
-4.562
 10
-11.8944
 20
-4.5361
 10
-11.9043
 20
-4.5101
 10
-11.9141
 20
-4.4841
 10
-11.9238
 20
-4.4581
 10
-11.9335
 20
-4.4321
 10
-11.9432
 20
-4.4061
 10
-11.9528
 20
-4.38
 10
-11.9623
 20
-4.3539
 10
-11.9718
 20
-4.3278
 10
-11.9812
 20
-4.3017
 10
-11.9905
 20
-4.2755
 10
-11.9998
 20
-4.2494
 10
-12.0091
 20
-4.2232
 10
-12.0183
 20
-4.197
 10
-12.0274
 20
-4.1707
 10
-12.0365
 20
-4.1445
 10
-12.0455
 20
-4.1182
 10
-12.0544
 20
-4.0919
 10
-12.0633
 20
-4.0656
 10
-12.0722
 20
-4.0393
 10
-12.0809
 20
-4.0129
 10
-12.082
 20
-4.0098
 10
-12.3863
 20
-4.1087
 10
-12.3846
 20
-4.1138
 10
-12.3756
 20
-4.1408
  0
LWPOLYLINE
  5
CE
330
17
100
AcDbEntity
  8
ALTIN
100
AcDbPolyline
 90
84
 70
1
 10
-11.8632
 20
-5.4376
 10
-11.8513
 20
-5.4635
 10
-11.8393
 20
-5.4894
 10
-11.8273
 20
-5.5152
 10
-11.8153
 20
-5.541
 10
-11.8031
 20
-5.5667
 10
-11.791
 20
-5.5925
 10
-11.7787
 20
-5.6182
 10
-11.7665
 20
-5.6439
 10
-11.7541
 20
-5.6695
 10
-11.7417
 20
-5.6951
 10
-11.7293
 20
-5.7207
 10
-11.7168
 20
-5.7463
 10
-11.7042
 20
-5.7719
 10
-11.6916
 20
-5.7974
 10
-11.6789
 20
-5.8229
 10
-11.6662
 20
-5.8483
 10
-11.6534
 20
-5.8738
 10
-11.6405
 20
-5.8992
 10
-11.6276
 20
-5.9246
 10
-11.6147
 20
-5.9499
 10
-11.6017
 20
-5.9753
 10
-11.5886
 20
-6.0006
 10
-11.5755
 20
-6.0258
 10
-11.5623
 20
-6.0511
 10
-11.5491
 20
-6.0763
 10
-11.5358
 20
-6.1015
 10
-11.5225
 20
-6.1266
 10
-11.5091
 20
-6.1517
 10
-11.4956
 20
-6.1768
 10
-11.4821
 20
-6.2019
 10
-11.4686
 20
-6.2269
 10
-11.455
 20
-6.2519
 10
-11.4413
 20
-6.2769
 10
-11.4276
 20
-6.3018
 10
-11.4138
 20
-6.3268
 10
-11.4
 20
-6.3517
 10
-11.3861
 20
-6.3765
 10
-11.3759
 20
-6.3947
 10
-11.0987
 20
-6.2347
 10
-11.1069
 20
-6.2201
 10
-11.1204
 20
-6.1959
 10
-11.1339
 20
-6.1716
 10
-11.1473
 20
-6.1473
 10
-11.1607
 20
-6.123
 10
-11.1741
 20
-6.0986
 10
-11.1873
 20
-6.0742
 10
-11.2006
 20
-6.0498
 10
-11.2137
 20
-6.0254
 10
-11.2269
 20
-6.0009
 10
-11.2399
 20
-5.9764
 10
-11.2529
 20
-5.9518
 10
-11.2659
 20
-5.9273
 10
-11.2788
 20
-5.9027
 10
-11.2916
 20
-5.8781
 10
-11.3044
 20
-5.8534
 10
-11.3172
 20
-5.8287
 10
-11.3299
 20
-5.804
 10
-11.3425
 20
-5.7793
 10
-11.3551
 20
-5.7545
 10
-11.3676
 20
-5.7298
 10
-11.3801
 20
-5.7049
 10
-11.3925
 20
-5.6801
 10
-11.4049
 20
-5.6552
 10
-11.4172
 20
-5.6303
 10
-11.4294
 20
-5.6054
 10
-11.4416
 20
-5.5805
 10
-11.4538
 20
-5.5555
 10
-11.4659
 20
-5.5305
 10
-11.4779
 20
-5.5055
 10
-11.4899
 20
-5.4804
 10
-11.5018
 20
-5.4553
 10
-11.5137
 20
-5.4302
 10
-11.5255
 20
-5.4051
 10
-11.5373
 20
-5.3799
 10
-11.549
 20
-5.3547
 10
-11.5607
 20
-5.3295
 10
-11.5723
 20
-5.3043
 10
-11.5838
 20
-5.279
 10
-11.5953
 20
-5.2538
 10
-11.5967
 20
-5.2507
 10
-11.889
 20
-5.3809
 10
-11.8868
 20
-5.3858
 10
-11.875
 20
-5.4117
  0
LWPOLYLINE
  5
CF
330
17
100
AcDbEntity
  8
ALTIN
100
AcDbPolyline
 90
84
 70
1
 10
-11.186
 20
-6.7212
 10
-11.1713
 20
-6.7456
 10
-11.1566
 20
-6.77
 10
-11.1418
 20
-6.7943
 10
-11.127
 20
-6.8186
 10
-11.1121
 20
-6.8429
 10
-11.0971
 20
-6.8671
 10
-11.0821
 20
-6.8913
 10
-11.067
 20
-6.9154
 10
-11.0519
 20
-6.9396
 10
-11.0367
 20
-6.9637
 10
-11.0215
 20
-6.9877
 10
-11.0063
 20
-7.0118
 10
-10.9909
 20
-7.0358
 10
-10.9756
 20
-7.0597
 10
-10.9601
 20
-7.0836
 10
-10.9447
 20
-7.1075
 10
-10.9291
 20
-7.1314
 10
-10.9135
 20
-7.1552
 10
-10.8979
 20
-7.179
 10
-10.8822
 20
-7.2028
 10
-10.8665
 20
-7.2265
 10
-10.8507
 20
-7.2502
 10
-10.8348
 20
-7.2738
 10
-10.8189
 20
-7.2975
 10
-10.803
 20
-7.3211
 10
-10.787
 20
-7.3446
 10
-10.7709
 20
-7.3681
 10
-10.7548
 20
-7.3916
 10
-10.7387
 20
-7.415
 10
-10.7225
 20
-7.4385
 10
-10.7062
 20
-7.4618
 10
-10.6899
 20
-7.4852
 10
-10.6736
 20
-7.5085
 10
-10.6572
 20
-7.5317
 10
-10.6407
 20
-7.555
 10
-10.6242
 20
-7.5782
 10
-10.6076
 20
-7.6013
 10
-10.6045
 20
-7.6057
 10
-10.3456
 20
-7.4176
 10
-10.3475
 20
-7.4149
 10
-10.3637
 20
-7.3923
 10
-10.3798
 20
-7.3697
 10
-10.3958
 20
-7.3471
 10
-10.4119
 20
-7.3244
 10
-10.4278
 20
-7.3016
 10
-10.4437
 20
-7.2789
 10
-10.4596
 20
-7.2561
 10
-10.4754
 20
-7.2332
 10
-10.4911
 20
-7.2104
 10
-10.5068
 20
-7.1874
 10
-10.5225
 20
-7.1645
 10
-10.5381
 20
-7.1415
 10
-10.5536
 20
-7.1185
 10
-10.5692
 20
-7.0955
 10
-10.5846
 20
-7.0724
 10
-10.6
 20
-7.0493
 10
-10.6154
 20
-7.0262
 10
-10.6307
 20
-7.003
 10
-10.6459
 20
-6.9798
 10
-10.6611
 20
-6.9565
 10
-10.6763
 20
-6.9333
 10
-10.6914
 20
-6.9099
 10
-10.7064
 20
-6.8866
 10
-10.7214
 20
-6.8632
 10
-10.7364
 20
-6.8398
 10
-10.7513
 20
-6.8164
 10
-10.7661
 20
-6.7929
 10
-10.7809
 20
-6.7694
 10
-10.7957
 20
-6.7459
 10
-10.8103
 20
-6.7223
 10
-10.825
 20
-6.6987
 10
-10.8396
 20
-6.6751
 10
-10.8541
 20
-6.6514
 10
-10.8686
 20
-6.6277
 10
-10.883
 20
-6.604
 10
-10.8974
 20
-6.5802
 10
-10.9117
 20
-6.5564
 10
-10.926
 20
-6.5326
 10
-10.9402
 20
-6.5088
 10
-10.9487
 20
-6.4945
 10
-11.2259
 20
-6.6545
 10
-11.2153
 20
-6.6724
 10
-11.2007
 20
-6.6968
  0
LWPOLYLINE
  5
D0
330
17
100
AcDbEntity
  8
ALTIN
100
AcDbPolyline
 90
90
 70
1
 10
-10.4734
 20
-7.7853
 10
-10.4564
 20
-7.8081
 10
-10.4393
 20
-7.8309
 10
-10.4222
 20
-7.8537
 10
-10.405
 20
-7.8764
 10
-10.3878
 20
-7.8991
 10
-10.3706
 20
-7.9217
 10
-10.3533
 20
-7.9443
 10
-10.3359
 20
-7.9669
 10
-10.3185
 20
-7.9894
 10
-10.301
 20
-8.0119
 10
-10.2835
 20
-8.0344
 10
-10.266
 20
-8.0568
 10
-10.2484
 20
-8.0792
 10
-10.2307
 20
-8.1015
 10
-10.213
 20
-8.1238
 10
-10.1953
 20
-8.1461
 10
-10.1775
 20
-8.1683
 10
-10.1596
 20
-8.1905
 10
-10.1418
 20
-8.2126
 10
-10.1238
 20
-8.2347
 10
-10.1058
 20
-8.2568
 10
-10.0878
 20
-8.2788
 10
-10.0697
 20
-8.3008
 10
-10.0516
 20
-8.3228
 10
-10.0334
 20
-8.3447
 10
-10.0152
 20
-8.3665
 10
-9.9969
 20
-8.3884
 10
-9.9786
 20
-8.4102
 10
-9.9602
 20
-8.4319
 10
-9.9418
 20
-8.4536
 10
-9.9233
 20
-8.4753
 10
-9.9048
 20
-8.4969
 10
-9.8862
 20
-8.5185
 10
-9.8676
 20
-8.5401
 10
-9.849
 20
-8.5616
 10
-9.8303
 20
-8.583
 10
-9.8115
 20
-8.6045
 10
-9.7927
 20
-8.6258
 10
-9.7739
 20
-8.6472
 10
-9.755
 20
-8.6685
 10
-9.7514
 20
-8.6725
 10
-9.5136
 20
-8.4584
 10
-9.5158
 20
-8.4559
 10
-9.5342
 20
-8.4352
 10
-9.5526
 20
-8.4143
 10
-9.5709
 20
-8.3935
 10
-9.5892
 20
-8.3726
 10
-9.6075
 20
-8.3516
 10
-9.6257
 20
-8.3307
 10
-9.6438
 20
-8.3096
 10
-9.6619
 20
-8.2886
 10
-9.68
 20
-8.2675
 10
-9.698
 20
-8.2463
 10
-9.7159
 20
-8.2252
 10
-9.7339
 20
-8.2039
 10
-9.7517
 20
-8.1827
 10
-9.7696
 20
-8.1614
 10
-9.7874
 20
-8.1401
 10
-9.8051
 20
-8.1187
 10
-9.8228
 20
-8.0973
 10
-9.8404
 20
-8.0758
 10
-9.858
 20
-8.0543
 10
-9.8756
 20
-8.0328
 10
-9.8931
 20
-8.0112
 10
-9.9105
 20
-7.9896
 10
-9.9279
 20
-7.968
 10
-9.9453
 20
-7.9463
 10
-9.9626
 20
-7.9246
 10
-9.9799
 20
-7.9029
 10
-9.9971
 20
-7.8811
 10
-10.0143
 20
-7.8592
 10
-10.0314
 20
-7.8374
 10
-10.0485
 20
-7.8155
 10
-10.0655
 20
-7.7935
 10
-10.0825
 20
-7.7715
 10
-10.0994
 20
-7.7495
 10
-10.1163
 20
-7.7275
 10
-10.1331
 20
-7.7054
 10
-10.1499
 20
-7.6833
 10
-10.1666
 20
-7.6611
 10
-10.1833
 20
-7.6389
 10
-10.2
 20
-7.6167
 10
-10.2166
 20
-7.5944
 10
-10.2331
 20
-7.5721
 10
-10.2496
 20
-7.5498
 10
-10.2516
 20
-7.5471
 10
-10.5104
 20
-7.7352
 10
-10.5072
 20
-7.7395
 10
-10.4903
 20
-7.7624
  0
LWPOLYLINE
  5
D1
330
17
100
AcDbEntity
  8
ALTIN
100
AcDbPolyline
 90
90
 70
1
 10
-9.6022
 20
-8.8374
 10
-9.5829
 20
-8.8583
 10
-9.5636
 20
-8.8792
 10
-9.5442
 20
-8.9001
 10
-9.5247
 20
-8.9209
 10
-9.5052
 20
-8.9416
 10
-9.4857
 20
-8.9624
 10
-9.4661
 20
-8.983
 10
-9.4465
 20
-9.0037
 10
-9.4268
 20
-9.0242
 10
-9.4071
 20
-9.0448
 10
-9.3874
 20
-9.0653
 10
-9.3676
 20
-9.0858
 10
-9.3477
 20
-9.1062
 10
-9.3279
 20
-9.1265
 10
-9.3079
 20
-9.1469
 10
-9.2879
 20
-9.1672
 10
-9.2679
 20
-9.1874
 10
-9.2479
 20
-9.2076
 10
-9.2277
 20
-9.2277
 10
-9.2076
 20
-9.2479
 10
-9.1874
 20
-9.2679
 10
-9.1672
 20
-9.2879
 10
-9.1469
 20
-9.3079
 10
-9.1265
 20
-9.3279
 10
-9.1062
 20
-9.3477
 10
-9.0858
 20
-9.3676
 10
-9.0653
 20
-9.3874
 10
-9.0448
 20
-9.4071
 10
-9.0242
 20
-9.4268
 10
-9.0037
 20
-9.4465
 10
-8.983
 20
-9.4661
 10
-8.9624
 20
-9.4857
 10
-8.9416
 20
-9.5052
 10
-8.9209
 20
-9.5247
 10
-8.9001
 20
-9.5442
 10
-8.8792
 20
-9.5636
 10
-8.8583
 20
-9.5829
 10
-8.8374
 20
-9.6022
 10
-8.8165
 20
-9.6215
 10
-8.7954
 20
-9.6407
 10
-8.7914
 20
-9.6443
 10
-8.5773
 20
-9.4065
 10
-8.5798
 20
-9.4043
 10
-8.6003
 20
-9.3855
 10
-8.6207
 20
-9.3668
 10
-8.6411
 20
-9.3479
 10
-8.6615
 20
-9.3291
 10
-8.6818
 20
-9.3101
 10
-8.7021
 20
-9.2912
 10
-8.7224
 20
-9.2722
 10
-8.7426
 20
-9.2531
 10
-8.7628
 20
-9.234
 10
-8.7829
 20
-9.2149
 10
-8.803
 20
-9.1957
 10
-8.823
 20
-9.1765
 10
-8.843
 20
-9.1572
 10
-8.863
 20
-9.1379
 10
-8.8829
 20
-9.1185
 10
-8.9027
 20
-9.0991
 10
-8.9226
 20
-9.0797
 10
-8.9424
 20
-9.0602
 10
-8.9621
 20
-9.0407
 10
-8.9818
 20
-9.0211
 10
-9.0015
 20
-9.0015
 10
-9.0211
 20
-8.9818
 10
-9.0407
 20
-8.9621
 10
-9.0602
 20
-8.9424
 10
-9.0797
 20
-8.9226
 10
-9.0991
 20
-8.9027
 10
-9.1185
 20
-8.8829
 10
-9.1379
 20
-8.863
 10
-9.1572
 20
-8.843
 10
-9.1765
 20
-8.823
 10
-9.1957
 20
-8.803
 10
-9.2149
 20
-8.7829
 10
-9.234
 20
-8.7628
 10
-9.2531
 20
-8.7426
 10
-9.2722
 20
-8.7224
 10
-9.2912
 20
-8.7021
 10
-9.3101
 20
-8.6818
 10
-9.3291
 20
-8.6615
 10
-9.3479
 20
-8.6411
 10
-9.3668
 20
-8.6207
 10
-9.3855
 20
-8.6003
 10
-9.4043
 20
-8.5798
 10
-9.4065
 20
-8.5773
 10
-9.6443
 20
-8.7914
 10
-9.6407
 20
-8.7954
 10
-9.6215
 20
-8.8165
  0
LWPOLYLINE
  5
D2
330
17
100
AcDbEntity
  8
ALTIN
100
AcDbPolyline
 90
90
 70
1
 10
-8.6258
 20
-9.7927
 10
-8.6045
 20
-9.8115
 10
-8.583
 20
-9.8303
 10
-8.5616
 20
-9.849
 10
-8.5401
 20
-9.8676
 10
-8.5185
 20
-9.8862
 10
-8.4969
 20
-9.9048
 10
-8.4753
 20
-9.9233
 10
-8.4536
 20
-9.9418
 10
-8.4319
 20
-9.9602
 10
-8.4102
 20
-9.9786
 10
-8.3884
 20
-9.9969
 10
-8.3665
 20
-10.0152
 10
-8.3447
 20
-10.0334
 10
-8.3228
 20
-10.0516
 10
-8.3008
 20
-10.0697
 10
-8.2788
 20
-10.0878
 10
-8.2568
 20
-10.1058
 10
-8.2347
 20
-10.1238
 10
-8.2126
 20
-10.1418
 10
-8.1905
 20
-10.1596
 10
-8.1683
 20
-10.1775
 10
-8.1461
 20
-10.1953
 10
-8.1238
 20
-10.213
 10
-8.1015
 20
-10.2307
 10
-8.0792
 20
-10.2484
 10
-8.0568
 20
-10.266
 10
-8.0344
 20
-10.2835
 10
-8.0119
 20
-10.301
 10
-7.9894
 20
-10.3185
 10
-7.9669
 20
-10.3359
 10
-7.9443
 20
-10.3533
 10
-7.9217
 20
-10.3706
 10
-7.8991
 20
-10.3878
 10
-7.8764
 20
-10.405
 10
-7.8537
 20
-10.4222
 10
-7.8309
 20
-10.4393
 10
-7.8081
 20
-10.4564
 10
-7.7853
 20
-10.4734
 10
-7.7624
 20
-10.4903
 10
-7.7395
 20
-10.5072
 10
-7.7352
 20
-10.5104
 10
-7.5471
 20
-10.2516
 10
-7.5498
 20
-10.2496
 10
-7.5721
 20
-10.2331
 10
-7.5944
 20
-10.2166
 10
-7.6167
 20
-10.2
 10
-7.6389
 20
-10.1833
 10
-7.6611
 20
-10.1666
 10
-7.6833
 20
-10.1499
 10
-7.7054
 20
-10.1331
 10
-7.7275
 20
-10.1163
 10
-7.7495
 20
-10.0994
 10
-7.7715
 20
-10.0825
 10
-7.7935
 20
-10.0655
 10
-7.8155
 20
-10.0485
 10
-7.8374
 20
-10.0314
 10
-7.8592
 20
-10.0143
 10
-7.8811
 20
-9.9971
 10
-7.9029
 20
-9.9799
 10
-7.9246
 20
-9.9626
 10
-7.9463
 20
-9.9453
 10
-7.968
 20
-9.9279
 10
-7.9896
 20
-9.9105
 10
-8.0112
 20
-9.8931
 10
-8.0328
 20
-9.8756
 10
-8.0543
 20
-9.858
 10
-8.0758
 20
-9.8404
 10
-8.0973
 20
-9.8228
 10
-8.1187
 20
-9.8051
 10
-8.1401
 20
-9.7874
 10
-8.1614
 20
-9.7696
 10
-8.1827
 20
-9.7517
 10
-8.2039
 20
-9.7339
 10
-8.2252
 20
-9.7159
 10
-8.2463
 20
-9.698
 10
-8.2675
 20
-9.68
 10
-8.2886
 20
-9.6619
 10
-8.3096
 20
-9.6438
 10
-8.3307
 20
-9.6257
 10
-8.3516
 20
-9.6075
 10
-8.3726
 20
-9.5892
 10
-8.3935
 20
-9.5709
 10
-8.4143
 20
-9.5526
 10
-8.4352
 20
-9.5342
 10
-8.4559
 20
-9.5158
 10
-8.4584
 20
-9.5136
 10
-8.6725
 20
-9.7514
 10
-8.6685
 20
-9.755
 10
-8.6472
 20
-9.7739
  0
LWPOLYLINE
  5
D3
330
17
100
AcDbEntity
  8
ALTIN
100
AcDbPolyline
 90
84
 70
1
 10
-7.555
 20
-10.6407
 10
-7.5317
 20
-10.6572
 10
-7.5085
 20
-10.6736
 10
-7.4852
 20
-10.6899
 10
-7.4618
 20
-10.7062
 10
-7.4385
 20
-10.7225
 10
-7.415
 20
-10.7387
 10
-7.3916
 20
-10.7548
 10
-7.3681
 20
-10.7709
 10
-7.3446
 20
-10.787
 10
-7.3211
 20
-10.803
 10
-7.2975
 20
-10.8189
 10
-7.2738
 20
-10.8348
 10
-7.2502
 20
-10.8507
 10
-7.2265
 20
-10.8665
 10
-7.2028
 20
-10.8822
 10
-7.179
 20
-10.8979
 10
-7.1552
 20
-10.9135
 10
-7.1314
 20
-10.9291
 10
-7.1075
 20
-10.9447
 10
-7.0836
 20
-10.9601
 10
-7.0597
 20
-10.9756
 10
-7.0358
 20
-10.9909
 10
-7.0118
 20
-11.0063
 10
-6.9877
 20
-11.0215
 10
-6.9637
 20
-11.0367
 10
-6.9396
 20
-11.0519
 10
-6.9154
 20
-11.067
 10
-6.8913
 20
-11.0821
 10
-6.8671
 20
-11.0971
 10
-6.8429
 20
-11.1121
 10
-6.8186
 20
-11.127
 10
-6.7943
 20
-11.1418
 10
-6.77
 20
-11.1566
 10
-6.7456
 20
-11.1713
 10
-6.7212
 20
-11.186
 10
-6.6968
 20
-11.2007
 10
-6.6724
 20
-11.2153
 10
-6.6545
 20
-11.2259
 10
-6.4945
 20
-10.9487
 10
-6.5088
 20
-10.9402
 10
-6.5326
 20
-10.926
 10
-6.5564
 20
-10.9117
 10
-6.5802
 20
-10.8974
 10
-6.604
 20
-10.883
 10
-6.6277
 20
-10.8686
 10
-6.6514
 20
-10.8541
 10
-6.6751
 20
-10.8396
 10
-6.6987
 20
-10.825
 10
-6.7223
 20
-10.8103
 10
-6.7459
 20
-10.7957
 10
-6.7694
 20
-10.7809
 10
-6.7929
 20
-10.7661
 10
-6.8164
 20
-10.7513
 10
-6.8398
 20
-10.7364
 10
-6.8632
 20
-10.7214
 10
-6.8866
 20
-10.7064
 10
-6.9099
 20
-10.6914
 10
-6.9333
 20
-10.6763
 10
-6.9565
 20
-10.6611
 10
-6.9798
 20
-10.6459
 10
-7.003
 20
-10.6307
 10
-7.0262
 20
-10.6154
 10
-7.0493
 20
-10.6
 10
-7.0724
 20
-10.5846
 10
-7.0955
 20
-10.5692
 10
-7.1185
 20
-10.5536
 10
-7.1415
 20
-10.5381
 10
-7.1645
 20
-10.5225
 10
-7.1874
 20
-10.5068
 10
-7.2104
 20
-10.4911
 10
-7.2332
 20
-10.4754
 10
-7.2561
 20
-10.4596
 10
-7.2789
 20
-10.4437
 10
-7.3016
 20
-10.4278
 10
-7.3244
 20
-10.4119
 10
-7.3471
 20
-10.3958
 10
-7.3697
 20
-10.3798
 10
-7.3923
 20
-10.3637
 10
-7.4149
 20
-10.3475
 10
-7.4176
 20
-10.3456
 10
-7.6057
 20
-10.6045
 10
-7.6013
 20
-10.6076
 10
-7.5782
 20
-10.6242
  0
LWPOLYLINE
  5
D4
330
17
100
AcDbEntity
  8
ALTIN
100
AcDbPolyline
 90
2880
 70
1
 10
12.567
 20
0.2742
 10
12.5664
 20
0.3016
 10
12.5657
 20
0.329
 10
12.5649
 20
0.3565
 10
12.5641
 20
0.3839
 10
12.5633
 20
0.4113
 10
12.5623
 20
0.4387
 10
12.5614
 20
0.4661
 10
12.5603
 20
0.4935
 10
12.5592
 20
0.5209
 10
12.558
 20
0.5483
 10
12.5568
 20
0.5757
 10
12.5555
 20
0.6031
 10
12.5542
 20
0.6305
 10
12.5528
 20
0.6579
 10
12.5513
 20
0.6852
 10
12.5498
 20
0.7126
 10
12.5482
 20
0.74
 10
12.5466
 20
0.7674
 10
12.5449
 20
0.7948
 10
12.5431
 20
0.8221
 10
12.5413
 20
0.8495
 10
12.5394
 20
0.8768
 10
12.5374
 20
0.9042
 10
12.5354
 20
0.9315
 10
12.5334
 20
0.9589
 10
12.5313
 20
0.9862
 10
12.5291
 20
1.0136
 10
12.5268
 20
1.0409
 10
12.5245
 20
1.0682
 10
12.5222
 20
1.0955
 10
12.5197
 20
1.1229
 10
12.5173
 20
1.1502
 10
12.5147
 20
1.1775
 10
12.5121
 20
1.2048
 10
12.5095
 20
1.2321
 10
12.5068
 20
1.2594
 10
12.504
 20
1.2866
 10
12.5011
 20
1.3139
 10
12.4982
 20
1.3412
 10
12.4953
 20
1.3685
 10
12.4923
 20
1.3957
 10
12.4892
 20
1.423
 10
12.4861
 20
1.4502
 10
12.4829
 20
1.4774
 10
12.4796
 20
1.5047
 10
12.4763
 20
1.5319
 10
12.4729
 20
1.5591
 10
12.4695
 20
1.5863
 10
12.466
 20
1.6135
 10
12.4625
 20
1.6407
 10
12.4589
 20
1.6679
 10
12.4552
 20
1.6951
 10
12.4515
 20
1.7222
 10
12.4477
 20
1.7494
 10
12.4438
 20
1.7766
 10
12.4399
 20
1.8037
 10
12.436
 20
1.8308
 10
12.4319
 20
1.858
 10
12.4278
 20
1.8851
 10
12.4237
 20
1.9122
 10
12.4195
 20
1.9393
 10
12.4152
 20
1.9664
 10
12.4109
 20
1.9935
 10
12.4065
 20
2.0205
 10
12.4021
 20
2.0476
 10
12.3976
 20
2.0746
 10
12.3931
 20
2.1017
 10
12.3884
 20
2.1287
 10
12.3838
 20
2.1557
 10
12.379
 20
2.1828
 10
12.3742
 20
2.2098
 10
12.3694
 20
2.2368
 10
12.3645
 20
2.2637
 10
12.3595
 20
2.2907
 10
12.3545
 20
2.3177
 10
12.3494
 20
2.3446
 10
12.3443
 20
2.3715
 10
12.3391
 20
2.3985
 10
12.3338
 20
2.4254
 10
12.3285
 20
2.4523
 10
12.3231
 20
2.4792
 10
12.3177
 20
2.5061
 10
12.3122
 20
2.5329
 10
12.3066
 20
2.5598
 10
12.301
 20
2.5866
 10
12.2953
 20
2.6134
 10
12.2896
 20
2.6403
 10
12.2838
 20
2.6671
 10
12.2779
 20
2.6939
 10
12.272
 20
2.7206
 10
12.2661
 20
2.7474
 10
12.2601
 20
2.7742
 10
12.254
 20
2.8009
 10
12.2478
 20
2.8276
 10
12.2416
 20
2.8543
 10
12.2354
 20
2.881
 10
12.2291
 20
2.9077
 10
12.2227
 20
2.9344
 10
12.2163
 20
2.9611
 10
12.2098
 20
2.9877
 10
12.2032
 20
3.0143
 10
12.1966
 20
3.041
 10
12.19
 20
3.0676
 10
12.1832
 20
3.0941
 10
12.1765
 20
3.1207
 10
12.1696
 20
3.1473
 10
12.1627
 20
3.1738
 10
12.1558
 20
3.2003
 10
12.1488
 20
3.2269
 10
12.1417
 20
3.2534
 10
12.1346
 20
3.2798
 10
12.1274
 20
3.3063
 10
12.1201
 20
3.3328
 10
12.1128
 20
3.3592
 10
12.1055
 20
3.3856
 10
12.0981
 20
3.412
 10
12.0906
 20
3.4384
 10
12.0831
 20
3.4648
 10
12.0755
 20
3.4911
 10
12.0678
 20
3.5175
 10
12.0601
 20
3.5438
 10
12.0524
 20
3.5701
 10
12.0445
 20
3.5964
 10
12.0367
 20
3.6226
 10
12.0287
 20
3.6489
 10
12.0208
 20
3.6751
 10
12.0127
 20
3.7013
 10
12.0046
 20
3.7275
 10
11.9964
 20
3.7537
 10
11.9882
 20
3.7799
 10
11.9799
 20
3.806
 10
11.9716
 20
3.8321
 10
11.9632
 20
3.8583
 10
11.9548
 20
3.8843
 10
11.9463
 20
3.9104
 10
11.9377
 20
3.9365
 10
11.9291
 20
3.9625
 10
11.9204
 20
3.9885
 10
11.9117
 20
4.0145
 10
11.9029
 20
4.0405
 10
11.8941
 20
4.0665
 10
11.8852
 20
4.0924
 10
11.8762
 20
4.1183
 10
11.8672
 20
4.1442
 10
11.8581
 20
4.1701
 10
11.849
 20
4.196
 10
11.8398
 20
4.2218
 10
11.8306
 20
4.2476
 10
11.8213
 20
4.2734
 10
11.8119
 20
4.2992
 10
11.8025
 20
4.325
 10
11.7931
 20
4.3507
 10
11.7835
 20
4.3764
 10
11.774
 20
4.4021
 10
11.7643
 20
4.4278
 10
11.7546
 20
4.4534
 10
11.7449
 20
4.4791
 10
11.7351
 20
4.5047
 10
11.7253
 20
4.5303
 10
11.7153
 20
4.5558
 10
11.7054
 20
4.5814
 10
11.6953
 20
4.6069
 10
11.6853
 20
4.6324
 10
11.6751
 20
4.6579
 10
11.6649
 20
4.6834
 10
11.6547
 20
4.7088
 10
11.6444
 20
4.7342
 10
11.634
 20
4.7596
 10
11.6236
 20
4.785
 10
11.6132
 20
4.8103
 10
11.6026
 20
4.8357
 10
11.5921
 20
4.861
 10
11.5814
 20
4.8862
 10
11.5707
 20
4.9115
 10
11.56
 20
4.9367
 10
11.5492
 20
4.9619
 10
11.5384
 20
4.9871
 10
11.5274
 20
5.0123
 10
11.5165
 20
5.0374
 10
11.5055
 20
5.0625
 10
11.4944
 20
5.0876
 10
11.4833
 20
5.1127
 10
11.4721
 20
5.1377
 10
11.4608
 20
5.1627
 10
11.4496
 20
5.1877
 10
11.4382
 20
5.2127
 10
11.4268
 20
5.2376
 10
11.4154
 20
5.2626
 10
11.4039
 20
5.2874
 10
11.3923
 20
5.3123
 10
11.3807
 20
5.3372
 10
11.369
 20
5.362
 10
11.3573
 20
5.3868
 10
11.3455
 20
5.4115
 10
11.3337
 20
5.4363
 10
11.3218
 20
5.461
 10
11.3098
 20
5.4857
 10
11.2978
 20
5.5103
 10
11.2858
 20
5.535
 10
11.2737
 20
5.5596
 10
11.2615
 20
5.5842
 10
11.2493
 20
5.6087
 10
11.2371
 20
5.6332
 10
11.2247
 20
5.6577
 10
11.2124
 20
5.6822
 10
11.2
 20
5.7067
 10
11.1875
 20
5.7311
 10
11.1749
 20
5.7555
 10
11.1624
 20
5.7798
 10
11.1497
 20
5.8042
 10
11.137
 20
5.8285
 10
11.1243
 20
5.8528
 10
11.1115
 20
5.877
 10
11.0987
 20
5.9013
 10
11.0858
 20
5.9255
 10
11.0728
 20
5.9496
 10
11.0598
 20
5.9738
 10
11.0467
 20
5.9979
 10
11.0336
 20
6.022
 10
11.0205
 20
6.046
 10
11.0072
 20
6.0701
 10
10.994
 20
6.0941
 10
10.9806
 20
6.118
 10
10.9673
 20
6.142
 10
10.9538
 20
6.1659
 10
10.9404
 20
6.1898
 10
10.9268
 20
6.2136
 10
10.9133
 20
6.2374
 10
10.8996
 20
6.2612
 10
10.8859
 20
6.285
 10
10.8722
 20
6.3087
 10
10.8584
 20
6.3324
 10
10.8446
 20
6.3561
 10
10.8307
 20
6.3798
 10
10.8167
 20
6.4034
 10
10.8027
 20
6.427
 10
10.7887
 20
6.4505
 10
10.7746
 20
6.474
 10
10.7604
 20
6.4975
 10
10.7462
 20
6.521
 10
10.732
 20
6.5444
 10
10.7177
 20
6.5678
 10
10.7033
 20
6.5912
 10
10.6889
 20
6.6145
 10
10.6745
 20
6.6378
 10
10.66
 20
6.6611
 10
10.6454
 20
6.6843
 10
10.6308
 20
6.7075
 10
10.6161
 20
6.7307
 10
10.6014
 20
6.7539
 10
10.5867
 20
6.777
 10
10.5719
 20
6.8
 10
10.557
 20
6.8231
 10
10.5421
 20
6.8461
 10
10.5271
 20
6.8691
 10
10.5121
 20
6.892
 10
10.4971
 20
6.915
 10
10.4819
 20
6.9378
 10
10.4668
 20
6.9607
 10
10.4516
 20
6.9835
 10
10.4363
 20
7.0063
 10
10.421
 20
7.0291
 10
10.4056
 20
7.0518
 10
10.3902
 20
7.0745
 10
10.3748
 20
7.0971
 10
10.3593
 20
7.1197
 10
10.3437
 20
7.1423
 10
10.3281
 20
7.1649
 10
10.3124
 20
7.1874
 10
10.2967
 20
7.2099
 10
10.281
 20
7.2323
 10
10.2652
 20
7.2547
 10
10.2493
 20
7.2771
 10
10.2334
 20
7.2994
 10
10.2175
 20
7.3217
 10
10.2015
 20
7.344
 10
10.1854
 20
7.3663
 10
10.1693
 20
7.3885
 10
10.1532
 20
7.4106
 10
10.137
 20
7.4328
 10
10.1208
 20
7.4549
 10
10.1045
 20
7.4769
 10
10.0881
 20
7.4989
 10
10.0718
 20
7.5209
 10
10.0553
 20
7.5429
 10
10.0388
 20
7.5648
 10
10.0223
 20
7.5867
 10
10.0057
 20
7.6085
 10
9.9891
 20
7.6304
 10
9.9725
 20
7.6521
 10
9.9557
 20
7.6739
 10
9.939
 20
7.6956
 10
9.9222
 20
7.7172
 10
9.9053
 20
7.7389
 10
9.8884
 20
7.7605
 10
9.8714
 20
7.782
 10
9.8544
 20
7.8035
 10
9.8374
 20
7.825
 10
9.8203
 20
7.8465
 10
9.8031
 20
7.8679
 10
9.786
 20
7.8892
 10
9.7687
 20
7.9106
 10
9.7514
 20
7.9319
 10
9.7341
 20
7.9531
 10
9.7167
 20
7.9743
 10
9.6993
 20
7.9955
 10
9.6819
 20
8.0166
 10
9.6643
 20
8.0377
 10
9.6468
 20
8.0588
 10
9.6292
 20
8.0798
 10
9.6115
 20
8.1008
 10
9.5938
 20
8.1218
 10
9.5761
 20
8.1427
 10
9.5583
 20
8.1636
 10
9.5405
 20
8.1844
 10
9.5226
 20
8.2052
 10
9.5047
 20
8.2259
 10
9.4867
 20
8.2467
 10
9.4687
 20
8.2673
 10
9.4506
 20
8.288
 10
9.4325
 20
8.3086
 10
9.4144
 20
8.3291
 10
9.3962
 20
8.3497
 10
9.3779
 20
8.3701
 10
9.3597
 20
8.3906
 10
9.3413
 20
8.411
 10
9.323
 20
8.4313
 10
9.3045
 20
8.4517
 10
9.2861
 20
8.4719
 10
9.2676
 20
8.4922
 10
9.249
 20
8.5124
 10
9.2304
 20
8.5325
 10
9.2118
 20
8.5526
 10
9.1931
 20
8.5727
 10
9.1744
 20
8.5928
 10
9.1556
 20
8.6128
 10
9.1368
 20
8.6327
 10
9.118
 20
8.6526
 10
9.0991
 20
8.6725
 10
9.0801
 20
8.6923
 10
9.0611
 20
8.7121
 10
9.0421
 20
8.7319
 10
9.023
 20
8.7516
 10
9.0039
 20
8.7712
 10
8.9848
 20
8.7908
 10
8.9656
 20
8.8104
 10
8.9463
 20
8.83
 10
8.927
 20
8.8495
 10
8.9077
 20
8.8689
 10
8.8883
 20
8.8883
 10
8.8689
 20
8.9077
 10
8.8495
 20
8.927
 10
8.83
 20
8.9463
 10
8.8104
 20
8.9656
 10
8.7908
 20
8.9848
 10
8.7712
 20
9.0039
 10
8.7516
 20
9.023
 10
8.7319
 20
9.0421
 10
8.7121
 20
9.0611
 10
8.6923
 20
9.0801
 10
8.6725
 20
9.0991
 10
8.6526
 20
9.118
 10
8.6327
 20
9.1368
 10
8.6128
 20
9.1556
 10
8.5928
 20
9.1744
 10
8.5727
 20
9.1931
 10
8.5526
 20
9.2118
 10
8.5325
 20
9.2304
 10
8.5124
 20
9.249
 10
8.4922
 20
9.2676
 10
8.4719
 20
9.2861
 10
8.4517
 20
9.3045
 10
8.4313
 20
9.323
 10
8.411
 20
9.3413
 10
8.3906
 20
9.3597
 10
8.3701
 20
9.3779
 10
8.3497
 20
9.3962
 10
8.3291
 20
9.4144
 10
8.3086
 20
9.4325
 10
8.288
 20
9.4506
 10
8.2673
 20
9.4687
 10
8.2467
 20
9.4867
 10
8.2259
 20
9.5047
 10
8.2052
 20
9.5226
 10
8.1844
 20
9.5405
 10
8.1636
 20
9.5583
 10
8.1427
 20
9.5761
 10
8.1218
 20
9.5938
 10
8.1008
 20
9.6115
 10
8.0798
 20
9.6292
 10
8.0588
 20
9.6468
 10
8.0377
 20
9.6643
 10
8.0166
 20
9.6819
 10
7.9955
 20
9.6993
 10
7.9743
 20
9.7167
 10
7.9531
 20
9.7341
 10
7.9319
 20
9.7514
 10
7.9106
 20
9.7687
 10
7.8892
 20
9.786
 10
7.8679
 20
9.8031
 10
7.8465
 20
9.8203
 10
7.825
 20
9.8374
 10
7.8035
 20
9.8544
 10
7.782
 20
9.8714
 10
7.7605
 20
9.8884
 10
7.7389
 20
9.9053
 10
7.7172
 20
9.9222
 10
7.6956
 20
9.939
 10
7.6739
 20
9.9557
 10
7.6521
 20
9.9725
 10
7.6304
 20
9.9891
 10
7.6085
 20
10.0057
 10
7.5867
 20
10.0223
 10
7.5648
 20
10.0388
 10
7.5429
 20
10.0553
 10
7.5209
 20
10.0718
 10
7.4989
 20
10.0881
 10
7.4769
 20
10.1045
 10
7.4549
 20
10.1208
 10
7.4328
 20
10.137
 10
7.4106
 20
10.1532
 10
7.3885
 20
10.1693
 10
7.3663
 20
10.1854
 10
7.344
 20
10.2015
 10
7.3217
 20
10.2175
 10
7.2994
 20
10.2334
 10
7.2771
 20
10.2493
 10
7.2547
 20
10.2652
 10
7.2323
 20
10.281
 10
7.2099
 20
10.2967
 10
7.1874
 20
10.3124
 10
7.1649
 20
10.3281
 10
7.1423
 20
10.3437
 10
7.1197
 20
10.3593
 10
7.0971
 20
10.3748
 10
7.0745
 20
10.3902
 10
7.0518
 20
10.4056
 10
7.0291
 20
10.421
 10
7.0063
 20
10.4363
 10
6.9835
 20
10.4516
 10
6.9607
 20
10.4668
 10
6.9378
 20
10.4819
 10
6.915
 20
10.4971
 10
6.892
 20
10.5121
 10
6.8691
 20
10.5271
 10
6.8461
 20
10.5421
 10
6.8231
 20
10.557
 10
6.8
 20
10.5719
 10
6.777
 20
10.5867
 10
6.7539
 20
10.6014
 10
6.7307
 20
10.6161
 10
6.7075
 20
10.6308
 10
6.6843
 20
10.6454
 10
6.6611
 20
10.66
 10
6.6378
 20
10.6745
 10
6.6145
 20
10.6889
 10
6.5912
 20
10.7033
 10
6.5678
 20
10.7177
 10
6.5444
 20
10.732
 10
6.521
 20
10.7462
 10
6.4975
 20
10.7604
 10
6.474
 20
10.7746
 10
6.4505
 20
10.7887
 10
6.427
 20
10.8027
 10
6.4034
 20
10.8167
 10
6.3798
 20
10.8307
 10
6.3561
 20
10.8446
 10
6.3324
 20
10.8584
 10
6.3087
 20
10.8722
 10
6.285
 20
10.8859
 10
6.2612
 20
10.8996
 10
6.2374
 20
10.9133
 10
6.2136
 20
10.9268
 10
6.1898
 20
10.9404
 10
6.1659
 20
10.9538
 10
6.142
 20
10.9673
 10
6.118
 20
10.9806
 10
6.0941
 20
10.994
 10
6.0701
 20
11.0072
 10
6.046
 20
11.0205
 10
6.022
 20
11.0336
 10
5.9979
 20
11.0467
 10
5.9738
 20
11.0598
 10
5.9496
 20
11.0728
 10
5.9255
 20
11.0858
 10
5.9013
 20
11.0987
 10
5.877
 20
11.1115
 10
5.8528
 20
11.1243
 10
5.8285
 20
11.137
 10
5.8042
 20
11.1497
 10
5.7798
 20
11.1624
 10
5.7555
 20
11.1749
 10
5.7311
 20
11.1875
 10
5.7067
 20
11.2
 10
5.6822
 20
11.2124
 10
5.6577
 20
11.2247
 10
5.6332
 20
11.2371
 10
5.6087
 20
11.2493
 10
5.5842
 20
11.2615
 10
5.5596
 20
11.2737
 10
5.535
 20
11.2858
 10
5.5103
 20
11.2978
 10
5.4857
 20
11.3098
 10
5.461
 20
11.3218
 10
5.4363
 20
11.3337
 10
5.4115
 20
11.3455
 10
5.3868
 20
11.3573
 10
5.362
 20
11.369
 10
5.3372
 20
11.3807
 10
5.3123
 20
11.3923
 10
5.2874
 20
11.4039
 10
5.2626
 20
11.4154
 10
5.2376
 20
11.4268
 10
5.2127
 20
11.4382
 10
5.1877
 20
11.4496
 10
5.1627
 20
11.4608
 10
5.1377
 20
11.4721
 10
5.1127
 20
11.4833
 10
5.0876
 20
11.4944
 10
5.0625
 20
11.5055
 10
5.0374
 20
11.5165
 10
5.0123
 20
11.5274
 10
4.9871
 20
11.5384
 10
4.9619
 20
11.5492
 10
4.9367
 20
11.56
 10
4.9115
 20
11.5707
 10
4.8862
 20
11.5814
 10
4.861
 20
11.5921
 10
4.8357
 20
11.6026
 10
4.8103
 20
11.6132
 10
4.785
 20
11.6236
 10
4.7596
 20
11.634
 10
4.7342
 20
11.6444
 10
4.7088
 20
11.6547
 10
4.6834
 20
11.6649
 10
4.6579
 20
11.6751
 10
4.6324
 20
11.6853
 10
4.6069
 20
11.6953
 10
4.5814
 20
11.7054
 10
4.5558
 20
11.7153
 10
4.5303
 20
11.7253
 10
4.5047
 20
11.7351
 10
4.4791
 20
11.7449
 10
4.4534
 20
11.7546
 10
4.4278
 20
11.7643
 10
4.4021
 20
11.774
 10
4.3764
 20
11.7835
 10
4.3507
 20
11.7931
 10
4.325
 20
11.8025
 10
4.2992
 20
11.8119
 10
4.2734
 20
11.8213
 10
4.2476
 20
11.8306
 10
4.2218
 20
11.8398
 10
4.196
 20
11.849
 10
4.1701
 20
11.8581
 10
4.1442
 20
11.8672
 10
4.1183
 20
11.8762
 10
4.0924
 20
11.8852
 10
4.0665
 20
11.8941
 10
4.0405
 20
11.9029
 10
4.0145
 20
11.9117
 10
3.9885
 20
11.9204
 10
3.9625
 20
11.9291
 10
3.9365
 20
11.9377
 10
3.9104
 20
11.9463
 10
3.8843
 20
11.9548
 10
3.8583
 20
11.9632
 10
3.8321
 20
11.9716
 10
3.806
 20
11.9799
 10
3.7799
 20
11.9882
 10
3.7537
 20
11.9964
 10
3.7275
 20
12.0046
 10
3.7013
 20
12.0127
 10
3.6751
 20
12.0208
 10
3.6489
 20
12.0287
 10
3.6226
 20
12.0367
 10
3.5964
 20
12.0445
 10
3.5701
 20
12.0524
 10
3.5438
 20
12.0601
 10
3.5175
 20
12.0678
 10
3.4911
 20
12.0755
 10
3.4648
 20
12.0831
 10
3.4384
 20
12.0906
 10
3.412
 20
12.0981
 10
3.3856
 20
12.1055
 10
3.3592
 20
12.1128
 10
3.3328
 20
12.1201
 10
3.3063
 20
12.1274
 10
3.2798
 20
12.1346
 10
3.2534
 20
12.1417
 10
3.2269
 20
12.1488
 10
3.2003
 20
12.1558
 10
3.1738
 20
12.1627
 10
3.1473
 20
12.1696
 10
3.1207
 20
12.1765
 10
3.0941
 20
12.1832
 10
3.0676
 20
12.19
 10
3.041
 20
12.1966
 10
3.0143
 20
12.2032
 10
2.9877
 20
12.2098
 10
2.9611
 20
12.2163
 10
2.9344
 20
12.2227
 10
2.9077
 20
12.2291
 10
2.881
 20
12.2354
 10
2.8543
 20
12.2416
 10
2.8276
 20
12.2478
 10
2.8009
 20
12.254
 10
2.7742
 20
12.2601
 10
2.7474
 20
12.2661
 10
2.7206
 20
12.272
 10
2.6939
 20
12.2779
 10
2.6671
 20
12.2838
 10
2.6403
 20
12.2896
 10
2.6134
 20
12.2953
 10
2.5866
 20
12.301
 10
2.5598
 20
12.3066
 10
2.5329
 20
12.3122
 10
2.5061
 20
12.3177
 10
2.4792
 20
12.3231
 10
2.4523
 20
12.3285
 10
2.4254
 20
12.3338
 10
2.3985
 20
12.3391
 10
2.3715
 20
12.3443
 10
2.3446
 20
12.3494
 10
2.3177
 20
12.3545
 10
2.2907
 20
12.3595
 10
2.2637
 20
12.3645
 10
2.2368
 20
12.3694
 10
2.2098
 20
12.3742
 10
2.1828
 20
12.379
 10
2.1557
 20
12.3838
 10
2.1287
 20
12.3884
 10
2.1017
 20
12.3931
 10
2.0746
 20
12.3976
 10
2.0476
 20
12.4021
 10
2.0205
 20
12.4065
 10
1.9935
 20
12.4109
 10
1.9664
 20
12.4152
 10
1.9393
 20
12.4195
 10
1.9122
 20
12.4237
 10
1.8851
 20
12.4278
 10
1.858
 20
12.4319
 10
1.8308
 20
12.436
 10
1.8037
 20
12.4399
 10
1.7766
 20
12.4438
 10
1.7494
 20
12.4477
 10
1.7222
 20
12.4515
 10
1.6951
 20
12.4552
 10
1.6679
 20
12.4589
 10
1.6407
 20
12.4625
 10
1.6135
 20
12.466
 10
1.5863
 20
12.4695
 10
1.5591
 20
12.4729
 10
1.5319
 20
12.4763
 10
1.5047
 20
12.4796
 10
1.4774
 20
12.4829
 10
1.4502
 20
12.4861
 10
1.423
 20
12.4892
 10
1.3957
 20
12.4923
 10
1.3685
 20
12.4953
 10
1.3412
 20
12.4982
 10
1.3139
 20
12.5011
 10
1.2866
 20
12.504
 10
1.2594
 20
12.5068
 10
1.2321
 20
12.5095
 10
1.2048
 20
12.5121
 10
1.1775
 20
12.5147
 10
1.1502
 20
12.5173
 10
1.1229
 20
12.5197
 10
1.0955
 20
12.5222
 10
1.0682
 20
12.5245
 10
1.0409
 20
12.5268
 10
1.0136
 20
12.5291
 10
0.9862
 20
12.5313
 10
0.9589
 20
12.5334
 10
0.9315
 20
12.5354
 10
0.9042
 20
12.5374
 10
0.8768
 20
12.5394
 10
0.8495
 20
12.5413
 10
0.8221
 20
12.5431
 10
0.7948
 20
12.5449
 10
0.7674
 20
12.5466
 10
0.74
 20
12.5482
 10
0.7126
 20
12.5498
 10
0.6852
 20
12.5513
 10
0.6579
 20
12.5528
 10
0.6305
 20
12.5542
 10
0.6031
 20
12.5555
 10
0.5757
 20
12.5568
 10
0.5483
 20
12.558
 10
0.5209
 20
12.5592
 10
0.4935
 20
12.5603
 10
0.4661
 20
12.5614
 10
0.4387
 20
12.5623
 10
0.4113
 20
12.5633
 10
0.3839
 20
12.5641
 10
0.3565
 20
12.5649
 10
0.329
 20
12.5657
 10
0.3016
 20
12.5664
 10
0.2742
 20
12.567
 10
0.2468
 20
12.5676
 10
0.2194
 20
12.5681
 10
0.192
 20
12.5685
 10
0.1645
 20
12.5689
 10
0.1371
 20
12.5693
 10
0.1097
 20
12.5695
 10
0.0823
 20
12.5697
 10
0.0548
 20
12.5699
 10
0.0274
 20
12.57
 10
0.0
 20
12.57
 10
-0.0274
 20
12.57
 10
-0.0548
 20
12.5699
 10
-0.0823
 20
12.5697
 10
-0.1097
 20
12.5695
 10
-0.1371
 20
12.5693
 10
-0.1645
 20
12.5689
 10
-0.192
 20
12.5685
 10
-0.2194
 20
12.5681
 10
-0.2468
 20
12.5676
 10
-0.2742
 20
12.567
 10
-0.3016
 20
12.5664
 10
-0.329
 20
12.5657
 10
-0.3565
 20
12.5649
 10
-0.3839
 20
12.5641
 10
-0.4113
 20
12.5633
 10
-0.4387
 20
12.5623
 10
-0.4661
 20
12.5614
 10
-0.4935
 20
12.5603
 10
-0.5209
 20
12.5592
 10
-0.5483
 20
12.558
 10
-0.5757
 20
12.5568
 10
-0.6031
 20
12.5555
 10
-0.6305
 20
12.5542
 10
-0.6579
 20
12.5528
 10
-0.6852
 20
12.5513
 10
-0.7126
 20
12.5498
 10
-0.74
 20
12.5482
 10
-0.7674
 20
12.5466
 10
-0.7948
 20
12.5449
 10
-0.8221
 20
12.5431
 10
-0.8495
 20
12.5413
 10
-0.8768
 20
12.5394
 10
-0.9042
 20
12.5374
 10
-0.9315
 20
12.5354
 10
-0.9589
 20
12.5334
 10
-0.9862
 20
12.5313
 10
-1.0136
 20
12.5291
 10
-1.0409
 20
12.5268
 10
-1.0682
 20
12.5245
 10
-1.0955
 20
12.5222
 10
-1.1229
 20
12.5197
 10
-1.1502
 20
12.5173
 10
-1.1775
 20
12.5147
 10
-1.2048
 20
12.5121
 10
-1.2321
 20
12.5095
 10
-1.2594
 20
12.5068
 10
-1.2866
 20
12.504
 10
-1.3139
 20
12.5011
 10
-1.3412
 20
12.4982
 10
-1.3685
 20
12.4953
 10
-1.3957
 20
12.4923
 10
-1.423
 20
12.4892
 10
-1.4502
 20
12.4861
 10
-1.4774
 20
12.4829
 10
-1.5047
 20
12.4796
 10
-1.5319
 20
12.4763
 10
-1.5591
 20
12.4729
 10
-1.5863
 20
12.4695
 10
-1.6135
 20
12.466
 10
-1.6407
 20
12.4625
 10
-1.6679
 20
12.4589
 10
-1.6951
 20
12.4552
 10
-1.7222
 20
12.4515
 10
-1.7494
 20
12.4477
 10
-1.7766
 20
12.4438
 10
-1.8037
 20
12.4399
 10
-1.8308
 20
12.436
 10
-1.858
 20
12.4319
 10
-1.8851
 20
12.4278
 10
-1.9122
 20
12.4237
 10
-1.9393
 20
12.4195
 10
-1.9664
 20
12.4152
 10
-1.9935
 20
12.4109
 10
-2.0205
 20
12.4065
 10
-2.0476
 20
12.4021
 10
-2.0746
 20
12.3976
 10
-2.1017
 20
12.3931
 10
-2.1287
 20
12.3884
 10
-2.1557
 20
12.3838
 10
-2.1828
 20
12.379
 10
-2.2098
 20
12.3742
 10
-2.2368
 20
12.3694
 10
-2.2637
 20
12.3645
 10
-2.2907
 20
12.3595
 10
-2.3177
 20
12.3545
 10
-2.3446
 20
12.3494
 10
-2.3715
 20
12.3443
 10
-2.3985
 20
12.3391
 10
-2.4254
 20
12.3338
 10
-2.4523
 20
12.3285
 10
-2.4792
 20
12.3231
 10
-2.5061
 20
12.3177
 10
-2.5329
 20
12.3122
 10
-2.5598
 20
12.3066
 10
-2.5866
 20
12.301
 10
-2.6134
 20
12.2953
 10
-2.6403
 20
12.2896
 10
-2.6671
 20
12.2838
 10
-2.6939
 20
12.2779
 10
-2.7206
 20
12.272
 10
-2.7474
 20
12.2661
 10
-2.7742
 20
12.2601
 10
-2.8009
 20
12.254
 10
-2.8276
 20
12.2478
 10
-2.8543
 20
12.2416
 10
-2.881
 20
12.2354
 10
-2.9077
 20
12.2291
 10
-2.9344
 20
12.2227
 10
-2.9611
 20
12.2163
 10
-2.9877
 20
12.2098
 10
-3.0143
 20
12.2032
 10
-3.041
 20
12.1966
 10
-3.0676
 20
12.19
 10
-3.0941
 20
12.1832
 10
-3.1207
 20
12.1765
 10
-3.1473
 20
12.1696
 10
-3.1738
 20
12.1627
 10
-3.2003
 20
12.1558
 10
-3.2269
 20
12.1488
 10
-3.2534
 20
12.1417
 10
-3.2798
 20
12.1346
 10
-3.3063
 20
12.1274
 10
-3.3328
 20
12.1201
 10
-3.3592
 20
12.1128
 10
-3.3856
 20
12.1055
 10
-3.412
 20
12.0981
 10
-3.4384
 20
12.0906
 10
-3.4648
 20
12.0831
 10
-3.4911
 20
12.0755
 10
-3.5175
 20
12.0678
 10
-3.5438
 20
12.0601
 10
-3.5701
 20
12.0524
 10
-3.5964
 20
12.0445
 10
-3.6226
 20
12.0367
 10
-3.6489
 20
12.0287
 10
-3.6751
 20
12.0208
 10
-3.7013
 20
12.0127
 10
-3.7275
 20
12.0046
 10
-3.7537
 20
11.9964
 10
-3.7799
 20
11.9882
 10
-3.806
 20
11.9799
 10
-3.8321
 20
11.9716
 10
-3.8583
 20
11.9632
 10
-3.8843
 20
11.9548
 10
-3.9104
 20
11.9463
 10
-3.9365
 20
11.9377
 10
-3.9625
 20
11.9291
 10
-3.9885
 20
11.9204
 10
-4.0145
 20
11.9117
 10
-4.0405
 20
11.9029
 10
-4.0665
 20
11.8941
 10
-4.0924
 20
11.8852
 10
-4.1183
 20
11.8762
 10
-4.1442
 20
11.8672
 10
-4.1701
 20
11.8581
 10
-4.196
 20
11.849
 10
-4.2218
 20
11.8398
 10
-4.2476
 20
11.8306
 10
-4.2734
 20
11.8213
 10
-4.2992
 20
11.8119
 10
-4.325
 20
11.8025
 10
-4.3507
 20
11.7931
 10
-4.3764
 20
11.7835
 10
-4.4021
 20
11.774
 10
-4.4278
 20
11.7643
 10
-4.4534
 20
11.7546
 10
-4.4791
 20
11.7449
 10
-4.5047
 20
11.7351
 10
-4.5303
 20
11.7253
 10
-4.5558
 20
11.7153
 10
-4.5814
 20
11.7054
 10
-4.6069
 20
11.6953
 10
-4.6324
 20
11.6853
 10
-4.6579
 20
11.6751
 10
-4.6834
 20
11.6649
 10
-4.7088
 20
11.6547
 10
-4.7342
 20
11.6444
 10
-4.7596
 20
11.634
 10
-4.785
 20
11.6236
 10
-4.8103
 20
11.6132
 10
-4.8357
 20
11.6026
 10
-4.861
 20
11.5921
 10
-4.8862
 20
11.5814
 10
-4.9115
 20
11.5707
 10
-4.9367
 20
11.56
 10
-4.9619
 20
11.5492
 10
-4.9871
 20
11.5384
 10
-5.0123
 20
11.5274
 10
-5.0374
 20
11.5165
 10
-5.0625
 20
11.5055
 10
-5.0876
 20
11.4944
 10
-5.1127
 20
11.4833
 10
-5.1377
 20
11.4721
 10
-5.1627
 20
11.4608
 10
-5.1877
 20
11.4496
 10
-5.2127
 20
11.4382
 10
-5.2376
 20
11.4268
 10
-5.2626
 20
11.4154
 10
-5.2874
 20
11.4039
 10
-5.3123
 20
11.3923
 10
-5.3372
 20
11.3807
 10
-5.362
 20
11.369
 10
-5.3868
 20
11.3573
 10
-5.4115
 20
11.3455
 10
-5.4363
 20
11.3337
 10
-5.461
 20
11.3218
 10
-5.4857
 20
11.3098
 10
-5.5103
 20
11.2978
 10
-5.535
 20
11.2858
 10
-5.5596
 20
11.2737
 10
-5.5842
 20
11.2615
 10
-5.6087
 20
11.2493
 10
-5.6332
 20
11.2371
 10
-5.6577
 20
11.2247
 10
-5.6822
 20
11.2124
 10
-5.7067
 20
11.2
 10
-5.7311
 20
11.1875
 10
-5.7555
 20
11.1749
 10
-5.7798
 20
11.1624
 10
-5.8042
 20
11.1497
 10
-5.8285
 20
11.137
 10
-5.8528
 20
11.1243
 10
-5.877
 20
11.1115
 10
-5.9013
 20
11.0987
 10
-5.9255
 20
11.0858
 10
-5.9496
 20
11.0728
 10
-5.9738
 20
11.0598
 10
-5.9979
 20
11.0467
 10
-6.022
 20
11.0336
 10
-6.046
 20
11.0205
 10
-6.0701
 20
11.0072
 10
-6.0941
 20
10.994
 10
-6.118
 20
10.9806
 10
-6.142
 20
10.9673
 10
-6.1659
 20
10.9538
 10
-6.1898
 20
10.9404
 10
-6.2136
 20
10.9268
 10
-6.2374
 20
10.9133
 10
-6.2612
 20
10.8996
 10
-6.285
 20
10.8859
 10
-6.3087
 20
10.8722
 10
-6.3324
 20
10.8584
 10
-6.3561
 20
10.8446
 10
-6.3798
 20
10.8307
 10
-6.4034
 20
10.8167
 10
-6.427
 20
10.8027
 10
-6.4505
 20
10.7887
 10
-6.474
 20
10.7746
 10
-6.4975
 20
10.7604
 10
-6.521
 20
10.7462
 10
-6.5444
 20
10.732
 10
-6.5678
 20
10.7177
 10
-6.5912
 20
10.7033
 10
-6.6145
 20
10.6889
 10
-6.6378
 20
10.6745
 10
-6.6611
 20
10.66
 10
-6.6843
 20
10.6454
 10
-6.7075
 20
10.6308
 10
-6.7307
 20
10.6161
 10
-6.7539
 20
10.6014
 10
-6.777
 20
10.5867
 10
-6.8
 20
10.5719
 10
-6.8231
 20
10.557
 10
-6.8461
 20
10.5421
 10
-6.8691
 20
10.5271
 10
-6.892
 20
10.5121
 10
-6.915
 20
10.4971
 10
-6.9378
 20
10.4819
 10
-6.9607
 20
10.4668
 10
-6.9835
 20
10.4516
 10
-7.0063
 20
10.4363
 10
-7.0291
 20
10.421
 10
-7.0518
 20
10.4056
 10
-7.0745
 20
10.3902
 10
-7.0971
 20
10.3748
 10
-7.1197
 20
10.3593
 10
-7.1423
 20
10.3437
 10
-7.1649
 20
10.3281
 10
-7.1874
 20
10.3124
 10
-7.2099
 20
10.2967
 10
-7.2323
 20
10.281
 10
-7.2547
 20
10.2652
 10
-7.2771
 20
10.2493
 10
-7.2994
 20
10.2334
 10
-7.3217
 20
10.2175
 10
-7.344
 20
10.2015
 10
-7.3663
 20
10.1854
 10
-7.3885
 20
10.1693
 10
-7.4106
 20
10.1532
 10
-7.4328
 20
10.137
 10
-7.4549
 20
10.1208
 10
-7.4769
 20
10.1045
 10
-7.4989
 20
10.0881
 10
-7.5209
 20
10.0718
 10
-7.5429
 20
10.0553
 10
-7.5648
 20
10.0388
 10
-7.5867
 20
10.0223
 10
-7.6085
 20
10.0057
 10
-7.6304
 20
9.9891
 10
-7.6521
 20
9.9725
 10
-7.6739
 20
9.9557
 10
-7.6956
 20
9.939
 10
-7.7172
 20
9.9222
 10
-7.7389
 20
9.9053
 10
-7.7605
 20
9.8884
 10
-7.782
 20
9.8714
 10
-7.8035
 20
9.8544
 10
-7.825
 20
9.8374
 10
-7.8465
 20
9.8203
 10
-7.8679
 20
9.8031
 10
-7.8892
 20
9.786
 10
-7.9106
 20
9.7687
 10
-7.9319
 20
9.7514
 10
-7.9531
 20
9.7341
 10
-7.9743
 20
9.7167
 10
-7.9955
 20
9.6993
 10
-8.0166
 20
9.6819
 10
-8.0377
 20
9.6643
 10
-8.0588
 20
9.6468
 10
-8.0798
 20
9.6292
 10
-8.1008
 20
9.6115
 10
-8.1218
 20
9.5938
 10
-8.1427
 20
9.5761
 10
-8.1636
 20
9.5583
 10
-8.1844
 20
9.5405
 10
-8.2052
 20
9.5226
 10
-8.2259
 20
9.5047
 10
-8.2467
 20
9.4867
 10
-8.2673
 20
9.4687
 10
-8.288
 20
9.4506
 10
-8.3086
 20
9.4325
 10
-8.3291
 20
9.4144
 10
-8.3497
 20
9.3962
 10
-8.3701
 20
9.3779
 10
-8.3906
 20
9.3597
 10
-8.411
 20
9.3413
 10
-8.4313
 20
9.323
 10
-8.4517
 20
9.3045
 10
-8.4719
 20
9.2861
 10
-8.4922
 20
9.2676
 10
-8.5124
 20
9.249
 10
-8.5325
 20
9.2304
 10
-8.5526
 20
9.2118
 10
-8.5727
 20
9.1931
 10
-8.5928
 20
9.1744
 10
-8.6128
 20
9.1556
 10
-8.6327
 20
9.1368
 10
-8.6526
 20
9.118
 10
-8.6725
 20
9.0991
 10
-8.6923
 20
9.0801
 10
-8.7121
 20
9.0611
 10
-8.7319
 20
9.0421
 10
-8.7516
 20
9.023
 10
-8.7712
 20
9.0039
 10
-8.7908
 20
8.9848
 10
-8.8104
 20
8.9656
 10
-8.83
 20
8.9463
 10
-8.8495
 20
8.927
 10
-8.8689
 20
8.9077
 10
-8.8883
 20
8.8883
 10
-8.9077
 20
8.8689
 10
-8.927
 20
8.8495
 10
-8.9463
 20
8.83
 10
-8.9656
 20
8.8104
 10
-8.9848
 20
8.7908
 10
-9.0039
 20
8.7712
 10
-9.023
 20
8.7516
 10
-9.0421
 20
8.7319
 10
-9.0611
 20
8.7121
 10
-9.0801
 20
8.6923
 10
-9.0991
 20
8.6725
 10
-9.118
 20
8.6526
 10
-9.1368
 20
8.6327
 10
-9.1556
 20
8.6128
 10
-9.1744
 20
8.5928
 10
-9.1931
 20
8.5727
 10
-9.2118
 20
8.5526
 10
-9.2304
 20
8.5325
 10
-9.249
 20
8.5124
 10
-9.2676
 20
8.4922
 10
-9.2861
 20
8.4719
 10
-9.3045
 20
8.4517
 10
-9.323
 20
8.4313
 10
-9.3413
 20
8.411
 10
-9.3597
 20
8.3906
 10
-9.3779
 20
8.3701
 10
-9.3962
 20
8.3497
 10
-9.4144
 20
8.3291
 10
-9.4325
 20
8.3086
 10
-9.4506
 20
8.288
 10
-9.4687
 20
8.2673
 10
-9.4867
 20
8.2467
 10
-9.5047
 20
8.2259
 10
-9.5226
 20
8.2052
 10
-9.5405
 20
8.1844
 10
-9.5583
 20
8.1636
 10
-9.5761
 20
8.1427
 10
-9.5938
 20
8.1218
 10
-9.6115
 20
8.1008
 10
-9.6292
 20
8.0798
 10
-9.6468
 20
8.0588
 10
-9.6643
 20
8.0377
 10
-9.6819
 20
8.0166
 10
-9.6993
 20
7.9955
 10
-9.7167
 20
7.9743
 10
-9.7341
 20
7.9531
 10
-9.7514
 20
7.9319
 10
-9.7687
 20
7.9106
 10
-9.786
 20
7.8892
 10
-9.8031
 20
7.8679
 10
-9.8203
 20
7.8465
 10
-9.8374
 20
7.825
 10
-9.8544
 20
7.8035
 10
-9.8714
 20
7.782
 10
-9.8884
 20
7.7605
 10
-9.9053
 20
7.7389
 10
-9.9222
 20
7.7172
 10
-9.939
 20
7.6956
 10
-9.9557
 20
7.6739
 10
-9.9725
 20
7.6521
 10
-9.9891
 20
7.6304
 10
-10.0057
 20
7.6085
 10
-10.0223
 20
7.5867
 10
-10.0388
 20
7.5648
 10
-10.0553
 20
7.5429
 10
-10.0718
 20
7.5209
 10
-10.0881
 20
7.4989
 10
-10.1045
 20
7.4769
 10
-10.1208
 20
7.4549
 10
-10.137
 20
7.4328
 10
-10.1532
 20
7.4106
 10
-10.1693
 20
7.3885
 10
-10.1854
 20
7.3663
 10
-10.2015
 20
7.344
 10
-10.2175
 20
7.3217
 10
-10.2334
 20
7.2994
 10
-10.2493
 20
7.2771
 10
-10.2652
 20
7.2547
 10
-10.281
 20
7.2323
 10
-10.2967
 20
7.2099
 10
-10.3124
 20
7.1874
 10
-10.3281
 20
7.1649
 10
-10.3437
 20
7.1423
 10
-10.3593
 20
7.1197
 10
-10.3748
 20
7.0971
 10
-10.3902
 20
7.0745
 10
-10.4056
 20
7.0518
 10
-10.421
 20
7.0291
 10
-10.4363
 20
7.0063
 10
-10.4516
 20
6.9835
 10
-10.4668
 20
6.9607
 10
-10.4819
 20
6.9378
 10
-10.4971
 20
6.915
 10
-10.5121
 20
6.892
 10
-10.5271
 20
6.8691
 10
-10.5421
 20
6.8461
 10
-10.557
 20
6.8231
 10
-10.5719
 20
6.8
 10
-10.5867
 20
6.777
 10
-10.6014
 20
6.7539
 10
-10.6161
 20
6.7307
 10
-10.6308
 20
6.7075
 10
-10.6454
 20
6.6843
 10
-10.66
 20
6.6611
 10
-10.6745
 20
6.6378
 10
-10.6889
 20
6.6145
 10
-10.7033
 20
6.5912
 10
-10.7177
 20
6.5678
 10
-10.732
 20
6.5444
 10
-10.7462
 20
6.521
 10
-10.7604
 20
6.4975
 10
-10.7746
 20
6.474
 10
-10.7887
 20
6.4505
 10
-10.8027
 20
6.427
 10
-10.8167
 20
6.4034
 10
-10.8307
 20
6.3798
 10
-10.8446
 20
6.3561
 10
-10.8584
 20
6.3324
 10
-10.8722
 20
6.3087
 10
-10.8859
 20
6.285
 10
-10.8996
 20
6.2612
 10
-10.9133
 20
6.2374
 10
-10.9268
 20
6.2136
 10
-10.9404
 20
6.1898
 10
-10.9538
 20
6.1659
 10
-10.9673
 20
6.142
 10
-10.9806
 20
6.118
 10
-10.994
 20
6.0941
 10
-11.0072
 20
6.0701
 10
-11.0205
 20
6.046
 10
-11.0336
 20
6.022
 10
-11.0467
 20
5.9979
 10
-11.0598
 20
5.9738
 10
-11.0728
 20
5.9496
 10
-11.0858
 20
5.9255
 10
-11.0987
 20
5.9013
 10
-11.1115
 20
5.877
 10
-11.1243
 20
5.8528
 10
-11.137
 20
5.8285
 10
-11.1497
 20
5.8042
 10
-11.1624
 20
5.7798
 10
-11.1749
 20
5.7555
 10
-11.1875
 20
5.7311
 10
-11.2
 20
5.7067
 10
-11.2124
 20
5.6822
 10
-11.2247
 20
5.6577
 10
-11.2371
 20
5.6332
 10
-11.2493
 20
5.6087
 10
-11.2615
 20
5.5842
 10
-11.2737
 20
5.5596
 10
-11.2858
 20
5.535
 10
-11.2978
 20
5.5103
 10
-11.3098
 20
5.4857
 10
-11.3218
 20
5.461
 10
-11.3337
 20
5.4363
 10
-11.3455
 20
5.4115
 10
-11.3573
 20
5.3868
 10
-11.369
 20
5.362
 10
-11.3807
 20
5.3372
 10
-11.3923
 20
5.3123
 10
-11.4039
 20
5.2874
 10
-11.4154
 20
5.2626
 10
-11.4268
 20
5.2376
 10
-11.4382
 20
5.2127
 10
-11.4496
 20
5.1877
 10
-11.4608
 20
5.1627
 10
-11.4721
 20
5.1377
 10
-11.4833
 20
5.1127
 10
-11.4944
 20
5.0876
 10
-11.5055
 20
5.0625
 10
-11.5165
 20
5.0374
 10
-11.5274
 20
5.0123
 10
-11.5384
 20
4.9871
 10
-11.5492
 20
4.9619
 10
-11.56
 20
4.9367
 10
-11.5707
 20
4.9115
 10
-11.5814
 20
4.8862
 10
-11.5921
 20
4.861
 10
-11.6026
 20
4.8357
 10
-11.6132
 20
4.8103
 10
-11.6236
 20
4.785
 10
-11.634
 20
4.7596
 10
-11.6444
 20
4.7342
 10
-11.6547
 20
4.7088
 10
-11.6649
 20
4.6834
 10
-11.6751
 20
4.6579
 10
-11.6853
 20
4.6324
 10
-11.6953
 20
4.6069
 10
-11.7054
 20
4.5814
 10
-11.7153
 20
4.5558
 10
-11.7253
 20
4.5303
 10
-11.7351
 20
4.5047
 10
-11.7449
 20
4.4791
 10
-11.7546
 20
4.4534
 10
-11.7643
 20
4.4278
 10
-11.774
 20
4.4021
 10
-11.7835
 20
4.3764
 10
-11.7931
 20
4.3507
 10
-11.8025
 20
4.325
 10
-11.8119
 20
4.2992
 10
-11.8213
 20
4.2734
 10
-11.8306
 20
4.2476
 10
-11.8398
 20
4.2218
 10
-11.849
 20
4.196
 10
-11.8581
 20
4.1701
 10
-11.8672
 20
4.1442
 10
-11.8762
 20
4.1183
 10
-11.8852
 20
4.0924
 10
-11.8941
 20
4.0665
 10
-11.9029
 20
4.0405
 10
-11.9117
 20
4.0145
 10
-11.9204
 20
3.9885
 10
-11.9291
 20
3.9625
 10
-11.9377
 20
3.9365
 10
-11.9463
 20
3.9104
 10
-11.9548
 20
3.8843
 10
-11.9632
 20
3.8583
 10
-11.9716
 20
3.8321
 10
-11.9799
 20
3.806
 10
-11.9882
 20
3.7799
 10
-11.9964
 20
3.7537
 10
-12.0046
 20
3.7275
 10
-12.0127
 20
3.7013
 10
-12.0208
 20
3.6751
 10
-12.0287
 20
3.6489
 10
-12.0367
 20
3.6226
 10
-12.0445
 20
3.5964
 10
-12.0524
 20
3.5701
 10
-12.0601
 20
3.5438
 10
-12.0678
 20
3.5175
 10
-12.0755
 20
3.4911
 10
-12.0831
 20
3.4648
 10
-12.0906
 20
3.4384
 10
-12.0981
 20
3.412
 10
-12.1055
 20
3.3856
 10
-12.1128
 20
3.3592
 10
-12.1201
 20
3.3328
 10
-12.1274
 20
3.3063
 10
-12.1346
 20
3.2798
 10
-12.1417
 20
3.2534
 10
-12.1488
 20
3.2269
 10
-12.1558
 20
3.2003
 10
-12.1627
 20
3.1738
 10
-12.1696
 20
3.1473
 10
-12.1765
 20
3.1207
 10
-12.1832
 20
3.0941
 10
-12.19
 20
3.0676
 10
-12.1966
 20
3.041
 10
-12.2032
 20
3.0143
 10
-12.2098
 20
2.9877
 10
-12.2163
 20
2.9611
 10
-12.2227
 20
2.9344
 10
-12.2291
 20
2.9077
 10
-12.2354
 20
2.881
 10
-12.2416
 20
2.8543
 10
-12.2478
 20
2.8276
 10
-12.254
 20
2.8009
 10
-12.2601
 20
2.7742
 10
-12.2661
 20
2.7474
 10
-12.272
 20
2.7206
 10
-12.2779
 20
2.6939
 10
-12.2838
 20
2.6671
 10
-12.2896
 20
2.6403
 10
-12.2953
 20
2.6134
 10
-12.301
 20
2.5866
 10
-12.3066
 20
2.5598
 10
-12.3122
 20
2.5329
 10
-12.3177
 20
2.5061
 10
-12.3231
 20
2.4792
 10
-12.3285
 20
2.4523
 10
-12.3338
 20
2.4254
 10
-12.3391
 20
2.3985
 10
-12.3443
 20
2.3715
 10
-12.3494
 20
2.3446
 10
-12.3545
 20
2.3177
 10
-12.3595
 20
2.2907
 10
-12.3645
 20
2.2637
 10
-12.3694
 20
2.2368
 10
-12.3742
 20
2.2098
 10
-12.379
 20
2.1828
 10
-12.3838
 20
2.1557
 10
-12.3884
 20
2.1287
 10
-12.3931
 20
2.1017
 10
-12.3976
 20
2.0746
 10
-12.4021
 20
2.0476
 10
-12.4065
 20
2.0205
 10
-12.4109
 20
1.9935
 10
-12.4152
 20
1.9664
 10
-12.4195
 20
1.9393
 10
-12.4237
 20
1.9122
 10
-12.4278
 20
1.8851
 10
-12.4319
 20
1.858
 10
-12.436
 20
1.8308
 10
-12.4399
 20
1.8037
 10
-12.4438
 20
1.7766
 10
-12.4477
 20
1.7494
 10
-12.4515
 20
1.7222
 10
-12.4552
 20
1.6951
 10
-12.4589
 20
1.6679
 10
-12.4625
 20
1.6407
 10
-12.466
 20
1.6135
 10
-12.4695
 20
1.5863
 10
-12.4729
 20
1.5591
 10
-12.4763
 20
1.5319
 10
-12.4796
 20
1.5047
 10
-12.4829
 20
1.4774
 10
-12.4861
 20
1.4502
 10
-12.4892
 20
1.423
 10
-12.4923
 20
1.3957
 10
-12.4953
 20
1.3685
 10
-12.4982
 20
1.3412
 10
-12.5011
 20
1.3139
 10
-12.504
 20
1.2866
 10
-12.5068
 20
1.2594
 10
-12.5095
 20
1.2321
 10
-12.5121
 20
1.2048
 10
-12.5147
 20
1.1775
 10
-12.5173
 20
1.1502
 10
-12.5197
 20
1.1229
 10
-12.5222
 20
1.0955
 10
-12.5245
 20
1.0682
 10
-12.5268
 20
1.0409
 10
-12.5291
 20
1.0136
 10
-12.5313
 20
0.9862
 10
-12.5334
 20
0.9589
 10
-12.5354
 20
0.9315
 10
-12.5374
 20
0.9042
 10
-12.5394
 20
0.8768
 10
-12.5413
 20
0.8495
 10
-12.5431
 20
0.8221
 10
-12.5449
 20
0.7948
 10
-12.5466
 20
0.7674
 10
-12.5482
 20
0.74
 10
-12.5498
 20
0.7126
 10
-12.5513
 20
0.6852
 10
-12.5528
 20
0.6579
 10
-12.5542
 20
0.6305
 10
-12.5555
 20
0.6031
 10
-12.5568
 20
0.5757
 10
-12.558
 20
0.5483
 10
-12.5592
 20
0.5209
 10
-12.5603
 20
0.4935
 10
-12.5614
 20
0.4661
 10
-12.5623
 20
0.4387
 10
-12.5633
 20
0.4113
 10
-12.5641
 20
0.3839
 10
-12.5649
 20
0.3565
 10
-12.5657
 20
0.329
 10
-12.5664
 20
0.3016
 10
-12.567
 20
0.2742
 10
-12.5676
 20
0.2468
 10
-12.5681
 20
0.2194
 10
-12.5685
 20
0.192
 10
-12.5689
 20
0.1645
 10
-12.5693
 20
0.1371
 10
-12.5695
 20
0.1097
 10
-12.5697
 20
0.0823
 10
-12.5699
 20
0.0548
 10
-12.57
 20
0.0274
 10
-12.57
 20
0.0
 10
-12.57
 20
-0.0274
 10
-12.5699
 20
-0.0548
 10
-12.5697
 20
-0.0823
 10
-12.5695
 20
-0.1097
 10
-12.5693
 20
-0.1371
 10
-12.5689
 20
-0.1645
 10
-12.5685
 20
-0.192
 10
-12.5681
 20
-0.2194
 10
-12.5676
 20
-0.2468
 10
-12.567
 20
-0.2742
 10
-12.5664
 20
-0.3016
 10
-12.5657
 20
-0.329
 10
-12.5649
 20
-0.3565
 10
-12.5641
 20
-0.3839
 10
-12.5633
 20
-0.4113
 10
-12.5623
 20
-0.4387
 10
-12.5614
 20
-0.4661
 10
-12.5603
 20
-0.4935
 10
-12.5592
 20
-0.5209
 10
-12.558
 20
-0.5483
 10
-12.5568
 20
-0.5757
 10
-12.5555
 20
-0.6031
 10
-12.5542
 20
-0.6305
 10
-12.5528
 20
-0.6579
 10
-12.5513
 20
-0.6852
 10
-12.5498
 20
-0.7126
 10
-12.5482
 20
-0.74
 10
-12.5466
 20
-0.7674
 10
-12.5449
 20
-0.7948
 10
-12.5431
 20
-0.8221
 10
-12.5413
 20
-0.8495
 10
-12.5394
 20
-0.8768
 10
-12.5374
 20
-0.9042
 10
-12.5354
 20
-0.9315
 10
-12.5334
 20
-0.9589
 10
-12.5313
 20
-0.9862
 10
-12.5291
 20
-1.0136
 10
-12.5268
 20
-1.0409
 10
-12.5245
 20
-1.0682
 10
-12.5222
 20
-1.0955
 10
-12.5197
 20
-1.1229
 10
-12.5173
 20
-1.1502
 10
-12.5147
 20
-1.1775
 10
-12.5121
 20
-1.2048
 10
-12.5095
 20
-1.2321
 10
-12.5068
 20
-1.2594
 10
-12.504
 20
-1.2866
 10
-12.5011
 20
-1.3139
 10
-12.4982
 20
-1.3412
 10
-12.4953
 20
-1.3685
 10
-12.4923
 20
-1.3957
 10
-12.4892
 20
-1.423
 10
-12.4861
 20
-1.4502
 10
-12.4829
 20
-1.4774
 10
-12.4796
 20
-1.5047
 10
-12.4763
 20
-1.5319
 10
-12.4729
 20
-1.5591
 10
-12.4695
 20
-1.5863
 10
-12.466
 20
-1.6135
 10
-12.4625
 20
-1.6407
 10
-12.4589
 20
-1.6679
 10
-12.4552
 20
-1.6951
 10
-12.4515
 20
-1.7222
 10
-12.4477
 20
-1.7494
 10
-12.4438
 20
-1.7766
 10
-12.4399
 20
-1.8037
 10
-12.436
 20
-1.8308
 10
-12.4319
 20
-1.858
 10
-12.4278
 20
-1.8851
 10
-12.4237
 20
-1.9122
 10
-12.4195
 20
-1.9393
 10
-12.4152
 20
-1.9664
 10
-12.4109
 20
-1.9935
 10
-12.4065
 20
-2.0205
 10
-12.4021
 20
-2.0476
 10
-12.3976
 20
-2.0746
 10
-12.3931
 20
-2.1017
 10
-12.3884
 20
-2.1287
 10
-12.3838
 20
-2.1557
 10
-12.379
 20
-2.1828
 10
-12.3742
 20
-2.2098
 10
-12.3694
 20
-2.2368
 10
-12.3645
 20
-2.2637
 10
-12.3595
 20
-2.2907
 10
-12.3545
 20
-2.3177
 10
-12.3494
 20
-2.3446
 10
-12.3443
 20
-2.3715
 10
-12.3391
 20
-2.3985
 10
-12.3338
 20
-2.4254
 10
-12.3285
 20
-2.4523
 10
-12.3231
 20
-2.4792
 10
-12.3177
 20
-2.5061
 10
-12.3122
 20
-2.5329
 10
-12.3066
 20
-2.5598
 10
-12.301
 20
-2.5866
 10
-12.2953
 20
-2.6134
 10
-12.2896
 20
-2.6403
 10
-12.2838
 20
-2.6671
 10
-12.2779
 20
-2.6939
 10
-12.272
 20
-2.7206
 10
-12.2661
 20
-2.7474
 10
-12.2601
 20
-2.7742
 10
-12.254
 20
-2.8009
 10
-12.2478
 20
-2.8276
 10
-12.2416
 20
-2.8543
 10
-12.2354
 20
-2.881
 10
-12.2291
 20
-2.9077
 10
-12.2227
 20
-2.9344
 10
-12.2163
 20
-2.9611
 10
-12.2098
 20
-2.9877
 10
-12.2032
 20
-3.0143
 10
-12.1966
 20
-3.041
 10
-12.19
 20
-3.0676
 10
-12.1832
 20
-3.0941
 10
-12.1765
 20
-3.1207
 10
-12.1696
 20
-3.1473
 10
-12.1627
 20
-3.1738
 10
-12.1558
 20
-3.2003
 10
-12.1488
 20
-3.2269
 10
-12.1417
 20
-3.2534
 10
-12.1346
 20
-3.2798
 10
-12.1274
 20
-3.3063
 10
-12.1201
 20
-3.3328
 10
-12.1128
 20
-3.3592
 10
-12.1055
 20
-3.3856
 10
-12.0981
 20
-3.412
 10
-12.0906
 20
-3.4384
 10
-12.0831
 20
-3.4648
 10
-12.0755
 20
-3.4911
 10
-12.0678
 20
-3.5175
 10
-12.0601
 20
-3.5438
 10
-12.0524
 20
-3.5701
 10
-12.0445
 20
-3.5964
 10
-12.0367
 20
-3.6226
 10
-12.0287
 20
-3.6489
 10
-12.0208
 20
-3.6751
 10
-12.0127
 20
-3.7013
 10
-12.0046
 20
-3.7275
 10
-11.9964
 20
-3.7537
 10
-11.9882
 20
-3.7799
 10
-11.9799
 20
-3.806
 10
-11.9716
 20
-3.8321
 10
-11.9632
 20
-3.8583
 10
-11.9548
 20
-3.8843
 10
-11.9463
 20
-3.9104
 10
-11.9377
 20
-3.9365
 10
-11.9291
 20
-3.9625
 10
-11.9204
 20
-3.9885
 10
-11.9117
 20
-4.0145
 10
-11.9029
 20
-4.0405
 10
-11.8941
 20
-4.0665
 10
-11.8852
 20
-4.0924
 10
-11.8762
 20
-4.1183
 10
-11.8672
 20
-4.1442
 10
-11.8581
 20
-4.1701
 10
-11.849
 20
-4.196
 10
-11.8398
 20
-4.2218
 10
-11.8306
 20
-4.2476
 10
-11.8213
 20
-4.2734
 10
-11.8119
 20
-4.2992
 10
-11.8025
 20
-4.325
 10
-11.7931
 20
-4.3507
 10
-11.7835
 20
-4.3764
 10
-11.774
 20
-4.4021
 10
-11.7643
 20
-4.4278
 10
-11.7546
 20
-4.4534
 10
-11.7449
 20
-4.4791
 10
-11.7351
 20
-4.5047
 10
-11.7253
 20
-4.5303
 10
-11.7153
 20
-4.5558
 10
-11.7054
 20
-4.5814
 10
-11.6953
 20
-4.6069
 10
-11.6853
 20
-4.6324
 10
-11.6751
 20
-4.6579
 10
-11.6649
 20
-4.6834
 10
-11.6547
 20
-4.7088
 10
-11.6444
 20
-4.7342
 10
-11.634
 20
-4.7596
 10
-11.6236
 20
-4.785
 10
-11.6132
 20
-4.8103
 10
-11.6026
 20
-4.8357
 10
-11.5921
 20
-4.861
 10
-11.5814
 20
-4.8862
 10
-11.5707
 20
-4.9115
 10
-11.56
 20
-4.9367
 10
-11.5492
 20
-4.9619
 10
-11.5384
 20
-4.9871
 10
-11.5274
 20
-5.0123
 10
-11.5165
 20
-5.0374
 10
-11.5055
 20
-5.0625
 10
-11.4944
 20
-5.0876
 10
-11.4833
 20
-5.1127
 10
-11.4721
 20
-5.1377
 10
-11.4608
 20
-5.1627
 10
-11.4496
 20
-5.1877
 10
-11.4382
 20
-5.2127
 10
-11.4268
 20
-5.2376
 10
-11.4154
 20
-5.2626
 10
-11.4039
 20
-5.2874
 10
-11.3923
 20
-5.3123
 10
-11.3807
 20
-5.3372
 10
-11.369
 20
-5.362
 10
-11.3573
 20
-5.3868
 10
-11.3455
 20
-5.4115
 10
-11.3337
 20
-5.4363
 10
-11.3218
 20
-5.461
 10
-11.3098
 20
-5.4857
 10
-11.2978
 20
-5.5103
 10
-11.2858
 20
-5.535
 10
-11.2737
 20
-5.5596
 10
-11.2615
 20
-5.5842
 10
-11.2493
 20
-5.6087
 10
-11.2371
 20
-5.6332
 10
-11.2247
 20
-5.6577
 10
-11.2124
 20
-5.6822
 10
-11.2
 20
-5.7067
 10
-11.1875
 20
-5.7311
 10
-11.1749
 20
-5.7555
 10
-11.1624
 20
-5.7798
 10
-11.1497
 20
-5.8042
 10
-11.137
 20
-5.8285
 10
-11.1243
 20
-5.8528
 10
-11.1115
 20
-5.877
 10
-11.0987
 20
-5.9013
 10
-11.0858
 20
-5.9255
 10
-11.0728
 20
-5.9496
 10
-11.0598
 20
-5.9738
 10
-11.0467
 20
-5.9979
 10
-11.0336
 20
-6.022
 10
-11.0205
 20
-6.046
 10
-11.0072
 20
-6.0701
 10
-10.994
 20
-6.0941
 10
-10.9806
 20
-6.118
 10
-10.9673
 20
-6.142
 10
-10.9538
 20
-6.1659
 10
-10.9404
 20
-6.1898
 10
-10.9268
 20
-6.2136
 10
-10.9133
 20
-6.2374
 10
-10.8996
 20
-6.2612
 10
-10.8859
 20
-6.285
 10
-10.8722
 20
-6.3087
 10
-10.8584
 20
-6.3324
 10
-10.8446
 20
-6.3561
 10
-10.8307
 20
-6.3798
 10
-10.8167
 20
-6.4034
 10
-10.8027
 20
-6.427
 10
-10.7887
 20
-6.4505
 10
-10.7746
 20
-6.474
 10
-10.7604
 20
-6.4975
 10
-10.7462
 20
-6.521
 10
-10.732
 20
-6.5444
 10
-10.7177
 20
-6.5678
 10
-10.7033
 20
-6.5912
 10
-10.6889
 20
-6.6145
 10
-10.6745
 20
-6.6378
 10
-10.66
 20
-6.6611
 10
-10.6454
 20
-6.6843
 10
-10.6308
 20
-6.7075
 10
-10.6161
 20
-6.7307
 10
-10.6014
 20
-6.7539
 10
-10.5867
 20
-6.777
 10
-10.5719
 20
-6.8
 10
-10.557
 20
-6.8231
 10
-10.5421
 20
-6.8461
 10
-10.5271
 20
-6.8691
 10
-10.5121
 20
-6.892
 10
-10.4971
 20
-6.915
 10
-10.4819
 20
-6.9378
 10
-10.4668
 20
-6.9607
 10
-10.4516
 20
-6.9835
 10
-10.4363
 20
-7.0063
 10
-10.421
 20
-7.0291
 10
-10.4056
 20
-7.0518
 10
-10.3902
 20
-7.0745
 10
-10.3748
 20
-7.0971
 10
-10.3593
 20
-7.1197
 10
-10.3437
 20
-7.1423
 10
-10.3281
 20
-7.1649
 10
-10.3124
 20
-7.1874
 10
-10.2967
 20
-7.2099
 10
-10.281
 20
-7.2323
 10
-10.2652
 20
-7.2547
 10
-10.2493
 20
-7.2771
 10
-10.2334
 20
-7.2994
 10
-10.2175
 20
-7.3217
 10
-10.2015
 20
-7.344
 10
-10.1854
 20
-7.3663
 10
-10.1693
 20
-7.3885
 10
-10.1532
 20
-7.4106
 10
-10.137
 20
-7.4328
 10
-10.1208
 20
-7.4549
 10
-10.1045
 20
-7.4769
 10
-10.0881
 20
-7.4989
 10
-10.0718
 20
-7.5209
 10
-10.0553
 20
-7.5429
 10
-10.0388
 20
-7.5648
 10
-10.0223
 20
-7.5867
 10
-10.0057
 20
-7.6085
 10
-9.9891
 20
-7.6304
 10
-9.9725
 20
-7.6521
 10
-9.9557
 20
-7.6739
 10
-9.939
 20
-7.6956
 10
-9.9222
 20
-7.7172
 10
-9.9053
 20
-7.7389
 10
-9.8884
 20
-7.7605
 10
-9.8714
 20
-7.782
 10
-9.8544
 20
-7.8035
 10
-9.8374
 20
-7.825
 10
-9.8203
 20
-7.8465
 10
-9.8031
 20
-7.8679
 10
-9.786
 20
-7.8892
 10
-9.7687
 20
-7.9106
 10
-9.7514
 20
-7.9319
 10
-9.7341
 20
-7.9531
 10
-9.7167
 20
-7.9743
 10
-9.6993
 20
-7.9955
 10
-9.6819
 20
-8.0166
 10
-9.6643
 20
-8.0377
 10
-9.6468
 20
-8.0588
 10
-9.6292
 20
-8.0798
 10
-9.6115
 20
-8.1008
 10
-9.5938
 20
-8.1218
 10
-9.5761
 20
-8.1427
 10
-9.5583
 20
-8.1636
 10
-9.5405
 20
-8.1844
 10
-9.5226
 20
-8.2052
 10
-9.5047
 20
-8.2259
 10
-9.4867
 20
-8.2467
 10
-9.4687
 20
-8.2673
 10
-9.4506
 20
-8.288
 10
-9.4325
 20
-8.3086
 10
-9.4144
 20
-8.3291
 10
-9.3962
 20
-8.3497
 10
-9.3779
 20
-8.3701
 10
-9.3597
 20
-8.3906
 10
-9.3413
 20
-8.411
 10
-9.323
 20
-8.4313
 10
-9.3045
 20
-8.4517
 10
-9.2861
 20
-8.4719
 10
-9.2676
 20
-8.4922
 10
-9.249
 20
-8.5124
 10
-9.2304
 20
-8.5325
 10
-9.2118
 20
-8.5526
 10
-9.1931
 20
-8.5727
 10
-9.1744
 20
-8.5928
 10
-9.1556
 20
-8.6128
 10
-9.1368
 20
-8.6327
 10
-9.118
 20
-8.6526
 10
-9.0991
 20
-8.6725
 10
-9.0801
 20
-8.6923
 10
-9.0611
 20
-8.7121
 10
-9.0421
 20
-8.7319
 10
-9.023
 20
-8.7516
 10
-9.0039
 20
-8.7712
 10
-8.9848
 20
-8.7908
 10
-8.9656
 20
-8.8104
 10
-8.9463
 20
-8.83
 10
-8.927
 20
-8.8495
 10
-8.9077
 20
-8.8689
 10
-8.8883
 20
-8.8883
 10
-8.8689
 20
-8.9077
 10
-8.8495
 20
-8.927
 10
-8.83
 20
-8.9463
 10
-8.8104
 20
-8.9656
 10
-8.7908
 20
-8.9848
 10
-8.7712
 20
-9.0039
 10
-8.7516
 20
-9.023
 10
-8.7319
 20
-9.0421
 10
-8.7121
 20
-9.0611
 10
-8.6923
 20
-9.0801
 10
-8.6725
 20
-9.0991
 10
-8.6526
 20
-9.118
 10
-8.6327
 20
-9.1368
 10
-8.6128
 20
-9.1556
 10
-8.5928
 20
-9.1744
 10
-8.5727
 20
-9.1931
 10
-8.5526
 20
-9.2118
 10
-8.5325
 20
-9.2304
 10
-8.5124
 20
-9.249
 10
-8.4922
 20
-9.2676
 10
-8.4719
 20
-9.2861
 10
-8.4517
 20
-9.3045
 10
-8.4313
 20
-9.323
 10
-8.411
 20
-9.3413
 10
-8.3906
 20
-9.3597
 10
-8.3701
 20
-9.3779
 10
-8.3497
 20
-9.3962
 10
-8.3291
 20
-9.4144
 10
-8.3086
 20
-9.4325
 10
-8.288
 20
-9.4506
 10
-8.2673
 20
-9.4687
 10
-8.2467
 20
-9.4867
 10
-8.2259
 20
-9.5047
 10
-8.2052
 20
-9.5226
 10
-8.1844
 20
-9.5405
 10
-8.1636
 20
-9.5583
 10
-8.1427
 20
-9.5761
 10
-8.1218
 20
-9.5938
 10
-8.1008
 20
-9.6115
 10
-8.0798
 20
-9.6292
 10
-8.0588
 20
-9.6468
 10
-8.0377
 20
-9.6643
 10
-8.0166
 20
-9.6819
 10
-7.9955
 20
-9.6993
 10
-7.9743
 20
-9.7167
 10
-7.9531
 20
-9.7341
 10
-7.9319
 20
-9.7514
 10
-7.9106
 20
-9.7687
 10
-7.8892
 20
-9.786
 10
-7.8679
 20
-9.8031
 10
-7.8465
 20
-9.8203
 10
-7.825
 20
-9.8374
 10
-7.8035
 20
-9.8544
 10
-7.782
 20
-9.8714
 10
-7.7605
 20
-9.8884
 10
-7.7389
 20
-9.9053
 10
-7.7172
 20
-9.9222
 10
-7.6956
 20
-9.939
 10
-7.6739
 20
-9.9557
 10
-7.6521
 20
-9.9725
 10
-7.6304
 20
-9.9891
 10
-7.6085
 20
-10.0057
 10
-7.5867
 20
-10.0223
 10
-7.5648
 20
-10.0388
 10
-7.5429
 20
-10.0553
 10
-7.5209
 20
-10.0718
 10
-7.4989
 20
-10.0881
 10
-7.4769
 20
-10.1045
 10
-7.4549
 20
-10.1208
 10
-7.4328
 20
-10.137
 10
-7.4106
 20
-10.1532
 10
-7.3885
 20
-10.1693
 10
-7.3663
 20
-10.1854
 10
-7.344
 20
-10.2015
 10
-7.3217
 20
-10.2175
 10
-7.2994
 20
-10.2334
 10
-7.2771
 20
-10.2493
 10
-7.2547
 20
-10.2652
 10
-7.2323
 20
-10.281
 10
-7.2099
 20
-10.2967
 10
-7.1874
 20
-10.3124
 10
-7.1649
 20
-10.3281
 10
-7.1423
 20
-10.3437
 10
-7.1197
 20
-10.3593
 10
-7.0971
 20
-10.3748
 10
-7.0745
 20
-10.3902
 10
-7.0518
 20
-10.4056
 10
-7.0291
 20
-10.421
 10
-7.0063
 20
-10.4363
 10
-6.9835
 20
-10.4516
 10
-6.9607
 20
-10.4668
 10
-6.9378
 20
-10.4819
 10
-6.915
 20
-10.4971
 10
-6.892
 20
-10.5121
 10
-6.8691
 20
-10.5271
 10
-6.8461
 20
-10.5421
 10
-6.8231
 20
-10.557
 10
-6.8
 20
-10.5719
 10
-6.777
 20
-10.5867
 10
-6.7539
 20
-10.6014
 10
-6.7307
 20
-10.6161
 10
-6.7075
 20
-10.6308
 10
-6.6843
 20
-10.6454
 10
-6.6611
 20
-10.66
 10
-6.6378
 20
-10.6745
 10
-6.6145
 20
-10.6889
 10
-6.5912
 20
-10.7033
 10
-6.5678
 20
-10.7177
 10
-6.5444
 20
-10.732
 10
-6.521
 20
-10.7462
 10
-6.4975
 20
-10.7604
 10
-6.474
 20
-10.7746
 10
-6.4505
 20
-10.7887
 10
-6.427
 20
-10.8027
 10
-6.4034
 20
-10.8167
 10
-6.3798
 20
-10.8307
 10
-6.3561
 20
-10.8446
 10
-6.3324
 20
-10.8584
 10
-6.3087
 20
-10.8722
 10
-6.285
 20
-10.8859
 10
-6.2612
 20
-10.8996
 10
-6.2374
 20
-10.9133
 10
-6.2136
 20
-10.9268
 10
-6.1898
 20
-10.9404
 10
-6.1659
 20
-10.9538
 10
-6.142
 20
-10.9673
 10
-6.118
 20
-10.9806
 10
-6.0941
 20
-10.994
 10
-6.0701
 20
-11.0072
 10
-6.046
 20
-11.0205
 10
-6.022
 20
-11.0336
 10
-5.9979
 20
-11.0467
 10
-5.9738
 20
-11.0598
 10
-5.9496
 20
-11.0728
 10
-5.9255
 20
-11.0858
 10
-5.9013
 20
-11.0987
 10
-5.877
 20
-11.1115
 10
-5.8528
 20
-11.1243
 10
-5.8285
 20
-11.137
 10
-5.8042
 20
-11.1497
 10
-5.7798
 20
-11.1624
 10
-5.7555
 20
-11.1749
 10
-5.7311
 20
-11.1875
 10
-5.7067
 20
-11.2
 10
-5.6822
 20
-11.2124
 10
-5.6577
 20
-11.2247
 10
-5.6332
 20
-11.2371
 10
-5.6087
 20
-11.2493
 10
-5.5842
 20
-11.2615
 10
-5.5596
 20
-11.2737
 10
-5.535
 20
-11.2858
 10
-5.5103
 20
-11.2978
 10
-5.4857
 20
-11.3098
 10
-5.461
 20
-11.3218
 10
-5.4363
 20
-11.3337
 10
-5.4115
 20
-11.3455
 10
-5.3868
 20
-11.3573
 10
-5.362
 20
-11.369
 10
-5.3372
 20
-11.3807
 10
-5.3123
 20
-11.3923
 10
-5.2874
 20
-11.4039
 10
-5.2626
 20
-11.4154
 10
-5.2376
 20
-11.4268
 10
-5.2127
 20
-11.4382
 10
-5.1877
 20
-11.4496
 10
-5.1627
 20
-11.4608
 10
-5.1377
 20
-11.4721
 10
-5.1127
 20
-11.4833
 10
-5.0876
 20
-11.4944
 10
-5.0625
 20
-11.5055
 10
-5.0374
 20
-11.5165
 10
-5.0123
 20
-11.5274
 10
-4.9871
 20
-11.5384
 10
-4.9619
 20
-11.5492
 10
-4.9367
 20
-11.56
 10
-4.9115
 20
-11.5707
 10
-4.8862
 20
-11.5814
 10
-4.861
 20
-11.5921
 10
-4.8357
 20
-11.6026
 10
-4.8103
 20
-11.6132
 10
-4.785
 20
-11.6236
 10
-4.7596
 20
-11.634
 10
-4.7342
 20
-11.6444
 10
-4.7088
 20
-11.6547
 10
-4.6834
 20
-11.6649
 10
-4.6579
 20
-11.6751
 10
-4.6324
 20
-11.6853
 10
-4.6069
 20
-11.6953
 10
-4.5814
 20
-11.7054
 10
-4.5558
 20
-11.7153
 10
-4.5303
 20
-11.7253
 10
-4.5047
 20
-11.7351
 10
-4.4791
 20
-11.7449
 10
-4.4534
 20
-11.7546
 10
-4.4278
 20
-11.7643
 10
-4.4021
 20
-11.774
 10
-4.3764
 20
-11.7835
 10
-4.3507
 20
-11.7931
 10
-4.325
 20
-11.8025
 10
-4.2992
 20
-11.8119
 10
-4.2734
 20
-11.8213
 10
-4.2476
 20
-11.8306
 10
-4.2218
 20
-11.8398
 10
-4.196
 20
-11.849
 10
-4.1701
 20
-11.8581
 10
-4.1442
 20
-11.8672
 10
-4.1183
 20
-11.8762
 10
-4.0924
 20
-11.8852
 10
-4.0665
 20
-11.8941
 10
-4.0405
 20
-11.9029
 10
-4.0145
 20
-11.9117
 10
-3.9885
 20
-11.9204
 10
-3.9625
 20
-11.9291
 10
-3.9365
 20
-11.9377
 10
-3.9104
 20
-11.9463
 10
-3.8843
 20
-11.9548
 10
-3.8583
 20
-11.9632
 10
-3.8321
 20
-11.9716
 10
-3.806
 20
-11.9799
 10
-3.7799
 20
-11.9882
 10
-3.7537
 20
-11.9964
 10
-3.7275
 20
-12.0046
 10
-3.7013
 20
-12.0127
 10
-3.6751
 20
-12.0208
 10
-3.6489
 20
-12.0287
 10
-3.6226
 20
-12.0367
 10
-3.5964
 20
-12.0445
 10
-3.5701
 20
-12.0524
 10
-3.5438
 20
-12.0601
 10
-3.5175
 20
-12.0678
 10
-3.4911
 20
-12.0755
 10
-3.4648
 20
-12.0831
 10
-3.4384
 20
-12.0906
 10
-3.412
 20
-12.0981
 10
-3.3856
 20
-12.1055
 10
-3.3592
 20
-12.1128
 10
-3.3328
 20
-12.1201
 10
-3.3063
 20
-12.1274
 10
-3.2798
 20
-12.1346
 10
-3.2534
 20
-12.1417
 10
-3.2269
 20
-12.1488
 10
-3.2003
 20
-12.1558
 10
-3.1738
 20
-12.1627
 10
-3.1473
 20
-12.1696
 10
-3.1207
 20
-12.1765
 10
-3.0941
 20
-12.1832
 10
-3.0676
 20
-12.19
 10
-3.041
 20
-12.1966
 10
-3.0143
 20
-12.2032
 10
-2.9877
 20
-12.2098
 10
-2.9611
 20
-12.2163
 10
-2.9344
 20
-12.2227
 10
-2.9077
 20
-12.2291
 10
-2.881
 20
-12.2354
 10
-2.8543
 20
-12.2416
 10
-2.8276
 20
-12.2478
 10
-2.8009
 20
-12.254
 10
-2.7742
 20
-12.2601
 10
-2.7474
 20
-12.2661
 10
-2.7206
 20
-12.272
 10
-2.6939
 20
-12.2779
 10
-2.6671
 20
-12.2838
 10
-2.6403
 20
-12.2896
 10
-2.6134
 20
-12.2953
 10
-2.5866
 20
-12.301
 10
-2.5598
 20
-12.3066
 10
-2.5329
 20
-12.3122
 10
-2.5061
 20
-12.3177
 10
-2.4792
 20
-12.3231
 10
-2.4523
 20
-12.3285
 10
-2.4254
 20
-12.3338
 10
-2.3985
 20
-12.3391
 10
-2.3715
 20
-12.3443
 10
-2.3446
 20
-12.3494
 10
-2.3177
 20
-12.3545
 10
-2.2907
 20
-12.3595
 10
-2.2637
 20
-12.3645
 10
-2.2368
 20
-12.3694
 10
-2.2098
 20
-12.3742
 10
-2.1828
 20
-12.379
 10
-2.1557
 20
-12.3838
 10
-2.1287
 20
-12.3884
 10
-2.1017
 20
-12.3931
 10
-2.0746
 20
-12.3976
 10
-2.0476
 20
-12.4021
 10
-2.0205
 20
-12.4065
 10
-1.9935
 20
-12.4109
 10
-1.9664
 20
-12.4152
 10
-1.9393
 20
-12.4195
 10
-1.9122
 20
-12.4237
 10
-1.8851
 20
-12.4278
 10
-1.858
 20
-12.4319
 10
-1.8308
 20
-12.436
 10
-1.8037
 20
-12.4399
 10
-1.7766
 20
-12.4438
 10
-1.7494
 20
-12.4477
 10
-1.7222
 20
-12.4515
 10
-1.6951
 20
-12.4552
 10
-1.6679
 20
-12.4589
 10
-1.6407
 20
-12.4625
 10
-1.6135
 20
-12.466
 10
-1.5863
 20
-12.4695
 10
-1.5591
 20
-12.4729
 10
-1.5319
 20
-12.4763
 10
-1.5047
 20
-12.4796
 10
-1.4774
 20
-12.4829
 10
-1.4502
 20
-12.4861
 10
-1.423
 20
-12.4892
 10
-1.3957
 20
-12.4923
 10
-1.3685
 20
-12.4953
 10
-1.3412
 20
-12.4982
 10
-1.3139
 20
-12.5011
 10
-1.2866
 20
-12.504
 10
-1.2594
 20
-12.5068
 10
-1.2321
 20
-12.5095
 10
-1.2048
 20
-12.5121
 10
-1.1775
 20
-12.5147
 10
-1.1502
 20
-12.5173
 10
-1.1229
 20
-12.5197
 10
-1.0955
 20
-12.5222
 10
-1.0682
 20
-12.5245
 10
-1.0409
 20
-12.5268
 10
-1.0136
 20
-12.5291
 10
-0.9862
 20
-12.5313
 10
-0.9589
 20
-12.5334
 10
-0.9315
 20
-12.5354
 10
-0.9042
 20
-12.5374
 10
-0.8768
 20
-12.5394
 10
-0.8495
 20
-12.5413
 10
-0.8221
 20
-12.5431
 10
-0.7948
 20
-12.5449
 10
-0.7674
 20
-12.5466
 10
-0.74
 20
-12.5482
 10
-0.7126
 20
-12.5498
 10
-0.6852
 20
-12.5513
 10
-0.6579
 20
-12.5528
 10
-0.6305
 20
-12.5542
 10
-0.6031
 20
-12.5555
 10
-0.5757
 20
-12.5568
 10
-0.5483
 20
-12.558
 10
-0.5209
 20
-12.5592
 10
-0.4935
 20
-12.5603
 10
-0.4661
 20
-12.5614
 10
-0.4387
 20
-12.5623
 10
-0.4113
 20
-12.5633
 10
-0.3839
 20
-12.5641
 10
-0.3565
 20
-12.5649
 10
-0.329
 20
-12.5657
 10
-0.3016
 20
-12.5664
 10
-0.2742
 20
-12.567
 10
-0.2468
 20
-12.5676
 10
-0.2194
 20
-12.5681
 10
-0.192
 20
-12.5685
 10
-0.1645
 20
-12.5689
 10
-0.1371
 20
-12.5693
 10
-0.1097
 20
-12.5695
 10
-0.0823
 20
-12.5697
 10
-0.0548
 20
-12.5699
 10
-0.0274
 20
-12.57
 10
0.0
 20
-12.57
 10
0.0274
 20
-12.57
 10
0.0548
 20
-12.5699
 10
0.0823
 20
-12.5697
 10
0.1097
 20
-12.5695
 10
0.1371
 20
-12.5693
 10
0.1645
 20
-12.5689
 10
0.192
 20
-12.5685
 10
0.2194
 20
-12.5681
 10
0.2468
 20
-12.5676
 10
0.2742
 20
-12.567
 10
0.3016
 20
-12.5664
 10
0.329
 20
-12.5657
 10
0.3565
 20
-12.5649
 10
0.3839
 20
-12.5641
 10
0.4113
 20
-12.5633
 10
0.4387
 20
-12.5623
 10
0.4661
 20
-12.5614
 10
0.4935
 20
-12.5603
 10
0.5209
 20
-12.5592
 10
0.5483
 20
-12.558
 10
0.5757
 20
-12.5568
 10
0.6031
 20
-12.5555
 10
0.6305
 20
-12.5542
 10
0.6579
 20
-12.5528
 10
0.6852
 20
-12.5513
 10
0.7126
 20
-12.5498
 10
0.74
 20
-12.5482
 10
0.7674
 20
-12.5466
 10
0.7948
 20
-12.5449
 10
0.8221
 20
-12.5431
 10
0.8495
 20
-12.5413
 10
0.8768
 20
-12.5394
 10
0.9042
 20
-12.5374
 10
0.9315
 20
-12.5354
 10
0.9589
 20
-12.5334
 10
0.9862
 20
-12.5313
 10
1.0136
 20
-12.5291
 10
1.0409
 20
-12.5268
 10
1.0682
 20
-12.5245
 10
1.0955
 20
-12.5222
 10
1.1229
 20
-12.5197
 10
1.1502
 20
-12.5173
 10
1.1775
 20
-12.5147
 10
1.2048
 20
-12.5121
 10
1.2321
 20
-12.5095
 10
1.2594
 20
-12.5068
 10
1.2866
 20
-12.504
 10
1.3139
 20
-12.5011
 10
1.3412
 20
-12.4982
 10
1.3685
 20
-12.4953
 10
1.3957
 20
-12.4923
 10
1.423
 20
-12.4892
 10
1.4502
 20
-12.4861
 10
1.4774
 20
-12.4829
 10
1.5047
 20
-12.4796
 10
1.5319
 20
-12.4763
 10
1.5591
 20
-12.4729
 10
1.5863
 20
-12.4695
 10
1.6135
 20
-12.466
 10
1.6407
 20
-12.4625
 10
1.6679
 20
-12.4589
 10
1.6951
 20
-12.4552
 10
1.7222
 20
-12.4515
 10
1.7494
 20
-12.4477
 10
1.7766
 20
-12.4438
 10
1.8037
 20
-12.4399
 10
1.8308
 20
-12.436
 10
1.858
 20
-12.4319
 10
1.8851
 20
-12.4278
 10
1.9122
 20
-12.4237
 10
1.9393
 20
-12.4195
 10
1.9664
 20
-12.4152
 10
1.9935
 20
-12.4109
 10
2.0205
 20
-12.4065
 10
2.0476
 20
-12.4021
 10
2.0746
 20
-12.3976
 10
2.1017
 20
-12.3931
 10
2.1287
 20
-12.3884
 10
2.1557
 20
-12.3838
 10
2.1828
 20
-12.379
 10
2.2098
 20
-12.3742
 10
2.2368
 20
-12.3694
 10
2.2637
 20
-12.3645
 10
2.2907
 20
-12.3595
 10
2.3177
 20
-12.3545
 10
2.3446
 20
-12.3494
 10
2.3715
 20
-12.3443
 10
2.3985
 20
-12.3391
 10
2.4254
 20
-12.3338
 10
2.4523
 20
-12.3285
 10
2.4792
 20
-12.3231
 10
2.5061
 20
-12.3177
 10
2.5329
 20
-12.3122
 10
2.5598
 20
-12.3066
 10
2.5866
 20
-12.301
 10
2.6134
 20
-12.2953
 10
2.6403
 20
-12.2896
 10
2.6671
 20
-12.2838
 10
2.6939
 20
-12.2779
 10
2.7206
 20
-12.272
 10
2.7474
 20
-12.2661
 10
2.7742
 20
-12.2601
 10
2.8009
 20
-12.254
 10
2.8276
 20
-12.2478
 10
2.8543
 20
-12.2416
 10
2.881
 20
-12.2354
 10
2.9077
 20
-12.2291
 10
2.9344
 20
-12.2227
 10
2.9611
 20
-12.2163
 10
2.9877
 20
-12.2098
 10
3.0143
 20
-12.2032
 10
3.041
 20
-12.1966
 10
3.0676
 20
-12.19
 10
3.0941
 20
-12.1832
 10
3.1207
 20
-12.1765
 10
3.1473
 20
-12.1696
 10
3.1738
 20
-12.1627
 10
3.2003
 20
-12.1558
 10
3.2269
 20
-12.1488
 10
3.2534
 20
-12.1417
 10
3.2798
 20
-12.1346
 10
3.3063
 20
-12.1274
 10
3.3328
 20
-12.1201
 10
3.3592
 20
-12.1128
 10
3.3856
 20
-12.1055
 10
3.412
 20
-12.0981
 10
3.4384
 20
-12.0906
 10
3.4648
 20
-12.0831
 10
3.4911
 20
-12.0755
 10
3.5175
 20
-12.0678
 10
3.5438
 20
-12.0601
 10
3.5701
 20
-12.0524
 10
3.5964
 20
-12.0445
 10
3.6226
 20
-12.0367
 10
3.6489
 20
-12.0287
 10
3.6751
 20
-12.0208
 10
3.7013
 20
-12.0127
 10
3.7275
 20
-12.0046
 10
3.7537
 20
-11.9964
 10
3.7799
 20
-11.9882
 10
3.806
 20
-11.9799
 10
3.8321
 20
-11.9716
 10
3.8583
 20
-11.9632
 10
3.8843
 20
-11.9548
 10
3.9104
 20
-11.9463
 10
3.9365
 20
-11.9377
 10
3.9625
 20
-11.9291
 10
3.9885
 20
-11.9204
 10
4.0145
 20
-11.9117
 10
4.0405
 20
-11.9029
 10
4.0665
 20
-11.8941
 10
4.0924
 20
-11.8852
 10
4.1183
 20
-11.8762
 10
4.1442
 20
-11.8672
 10
4.1701
 20
-11.8581
 10
4.196
 20
-11.849
 10
4.2218
 20
-11.8398
 10
4.2476
 20
-11.8306
 10
4.2734
 20
-11.8213
 10
4.2992
 20
-11.8119
 10
4.325
 20
-11.8025
 10
4.3507
 20
-11.7931
 10
4.3764
 20
-11.7835
 10
4.4021
 20
-11.774
 10
4.4278
 20
-11.7643
 10
4.4534
 20
-11.7546
 10
4.4791
 20
-11.7449
 10
4.5047
 20
-11.7351
 10
4.5303
 20
-11.7253
 10
4.5558
 20
-11.7153
 10
4.5814
 20
-11.7054
 10
4.6069
 20
-11.6953
 10
4.6324
 20
-11.6853
 10
4.6579
 20
-11.6751
 10
4.6834
 20
-11.6649
 10
4.7088
 20
-11.6547
 10
4.7342
 20
-11.6444
 10
4.7596
 20
-11.634
 10
4.785
 20
-11.6236
 10
4.8103
 20
-11.6132
 10
4.8357
 20
-11.6026
 10
4.861
 20
-11.5921
 10
4.8862
 20
-11.5814
 10
4.9115
 20
-11.5707
 10
4.9367
 20
-11.56
 10
4.9619
 20
-11.5492
 10
4.9871
 20
-11.5384
 10
5.0123
 20
-11.5274
 10
5.0374
 20
-11.5165
 10
5.0625
 20
-11.5055
 10
5.0876
 20
-11.4944
 10
5.1127
 20
-11.4833
 10
5.1377
 20
-11.4721
 10
5.1627
 20
-11.4608
 10
5.1877
 20
-11.4496
 10
5.2127
 20
-11.4382
 10
5.2376
 20
-11.4268
 10
5.2626
 20
-11.4154
 10
5.2874
 20
-11.4039
 10
5.3123
 20
-11.3923
 10
5.3372
 20
-11.3807
 10
5.362
 20
-11.369
 10
5.3868
 20
-11.3573
 10
5.4115
 20
-11.3455
 10
5.4363
 20
-11.3337
 10
5.461
 20
-11.3218
 10
5.4857
 20
-11.3098
 10
5.5103
 20
-11.2978
 10
5.535
 20
-11.2858
 10
5.5596
 20
-11.2737
 10
5.5842
 20
-11.2615
 10
5.6087
 20
-11.2493
 10
5.6332
 20
-11.2371
 10
5.6577
 20
-11.2247
 10
5.6822
 20
-11.2124
 10
5.7067
 20
-11.2
 10
5.7311
 20
-11.1875
 10
5.7555
 20
-11.1749
 10
5.7798
 20
-11.1624
 10
5.8042
 20
-11.1497
 10
5.8285
 20
-11.137
 10
5.8528
 20
-11.1243
 10
5.877
 20
-11.1115
 10
5.9013
 20
-11.0987
 10
5.9255
 20
-11.0858
 10
5.9496
 20
-11.0728
 10
5.9738
 20
-11.0598
 10
5.9979
 20
-11.0467
 10
6.022
 20
-11.0336
 10
6.046
 20
-11.0205
 10
6.0701
 20
-11.0072
 10
6.0941
 20
-10.994
 10
6.118
 20
-10.9806
 10
6.142
 20
-10.9673
 10
6.1659
 20
-10.9538
 10
6.1898
 20
-10.9404
 10
6.2136
 20
-10.9268
 10
6.2374
 20
-10.9133
 10
6.2612
 20
-10.8996
 10
6.285
 20
-10.8859
 10
6.3087
 20
-10.8722
 10
6.3324
 20
-10.8584
 10
6.3561
 20
-10.8446
 10
6.3798
 20
-10.8307
 10
6.4034
 20
-10.8167
 10
6.427
 20
-10.8027
 10
6.4505
 20
-10.7887
 10
6.474
 20
-10.7746
 10
6.4975
 20
-10.7604
 10
6.521
 20
-10.7462
 10
6.5444
 20
-10.732
 10
6.5678
 20
-10.7177
 10
6.5912
 20
-10.7033
 10
6.6145
 20
-10.6889
 10
6.6378
 20
-10.6745
 10
6.6611
 20
-10.66
 10
6.6843
 20
-10.6454
 10
6.7075
 20
-10.6308
 10
6.7307
 20
-10.6161
 10
6.7539
 20
-10.6014
 10
6.777
 20
-10.5867
 10
6.8
 20
-10.5719
 10
6.8231
 20
-10.557
 10
6.8461
 20
-10.5421
 10
6.8691
 20
-10.5271
 10
6.892
 20
-10.5121
 10
6.915
 20
-10.4971
 10
6.9378
 20
-10.4819
 10
6.9607
 20
-10.4668
 10
6.9835
 20
-10.4516
 10
7.0063
 20
-10.4363
 10
7.0291
 20
-10.421
 10
7.0518
 20
-10.4056
 10
7.0745
 20
-10.3902
 10
7.0971
 20
-10.3748
 10
7.1197
 20
-10.3593
 10
7.1423
 20
-10.3437
 10
7.1649
 20
-10.3281
 10
7.1874
 20
-10.3124
 10
7.2099
 20
-10.2967
 10
7.2323
 20
-10.281
 10
7.2547
 20
-10.2652
 10
7.2771
 20
-10.2493
 10
7.2994
 20
-10.2334
 10
7.3217
 20
-10.2175
 10
7.344
 20
-10.2015
 10
7.3663
 20
-10.1854
 10
7.3885
 20
-10.1693
 10
7.4106
 20
-10.1532
 10
7.4328
 20
-10.137
 10
7.4549
 20
-10.1208
 10
7.4769
 20
-10.1045
 10
7.4989
 20
-10.0881
 10
7.5209
 20
-10.0718
 10
7.5429
 20
-10.0553
 10
7.5648
 20
-10.0388
 10
7.5867
 20
-10.0223
 10
7.6085
 20
-10.0057
 10
7.6304
 20
-9.9891
 10
7.6521
 20
-9.9725
 10
7.6739
 20
-9.9557
 10
7.6956
 20
-9.939
 10
7.7172
 20
-9.9222
 10
7.7389
 20
-9.9053
 10
7.7605
 20
-9.8884
 10
7.782
 20
-9.8714
 10
7.8035
 20
-9.8544
 10
7.825
 20
-9.8374
 10
7.8465
 20
-9.8203
 10
7.8679
 20
-9.8031
 10
7.8892
 20
-9.786
 10
7.9106
 20
-9.7687
 10
7.9319
 20
-9.7514
 10
7.9531
 20
-9.7341
 10
7.9743
 20
-9.7167
 10
7.9955
 20
-9.6993
 10
8.0166
 20
-9.6819
 10
8.0377
 20
-9.6643
 10
8.0588
 20
-9.6468
 10
8.0798
 20
-9.6292
 10
8.1008
 20
-9.6115
 10
8.1218
 20
-9.5938
 10
8.1427
 20
-9.5761
 10
8.1636
 20
-9.5583
 10
8.1844
 20
-9.5405
 10
8.2052
 20
-9.5226
 10
8.2259
 20
-9.5047
 10
8.2467
 20
-9.4867
 10
8.2673
 20
-9.4687
 10
8.288
 20
-9.4506
 10
8.3086
 20
-9.4325
 10
8.3291
 20
-9.4144
 10
8.3497
 20
-9.3962
 10
8.3701
 20
-9.3779
 10
8.3906
 20
-9.3597
 10
8.411
 20
-9.3413
 10
8.4313
 20
-9.323
 10
8.4517
 20
-9.3045
 10
8.4719
 20
-9.2861
 10
8.4922
 20
-9.2676
 10
8.5124
 20
-9.249
 10
8.5325
 20
-9.2304
 10
8.5526
 20
-9.2118
 10
8.5727
 20
-9.1931
 10
8.5928
 20
-9.1744
 10
8.6128
 20
-9.1556
 10
8.6327
 20
-9.1368
 10
8.6526
 20
-9.118
 10
8.6725
 20
-9.0991
 10
8.6923
 20
-9.0801
 10
8.7121
 20
-9.0611
 10
8.7319
 20
-9.0421
 10
8.7516
 20
-9.023
 10
8.7712
 20
-9.0039
 10
8.7908
 20
-8.9848
 10
8.8104
 20
-8.9656
 10
8.83
 20
-8.9463
 10
8.8495
 20
-8.927
 10
8.8689
 20
-8.9077
 10
8.8883
 20
-8.8883
 10
8.9077
 20
-8.8689
 10
8.927
 20
-8.8495
 10
8.9463
 20
-8.83
 10
8.9656
 20
-8.8104
 10
8.9848
 20
-8.7908
 10
9.0039
 20
-8.7712
 10
9.023
 20
-8.7516
 10
9.0421
 20
-8.7319
 10
9.0611
 20
-8.7121
 10
9.0801
 20
-8.6923
 10
9.0991
 20
-8.6725
 10
9.118
 20
-8.6526
 10
9.1368
 20
-8.6327
 10
9.1556
 20
-8.6128
 10
9.1744
 20
-8.5928
 10
9.1931
 20
-8.5727
 10
9.2118
 20
-8.5526
 10
9.2304
 20
-8.5325
 10
9.249
 20
-8.5124
 10
9.2676
 20
-8.4922
 10
9.2861
 20
-8.4719
 10
9.3045
 20
-8.4517
 10
9.323
 20
-8.4313
 10
9.3413
 20
-8.411
 10
9.3597
 20
-8.3906
 10
9.3779
 20
-8.3701
 10
9.3962
 20
-8.3497
 10
9.4144
 20
-8.3291
 10
9.4325
 20
-8.3086
 10
9.4506
 20
-8.288
 10
9.4687
 20
-8.2673
 10
9.4867
 20
-8.2467
 10
9.5047
 20
-8.2259
 10
9.5226
 20
-8.2052
 10
9.5405
 20
-8.1844
 10
9.5583
 20
-8.1636
 10
9.5761
 20
-8.1427
 10
9.5938
 20
-8.1218
 10
9.6115
 20
-8.1008
 10
9.6292
 20
-8.0798
 10
9.6468
 20
-8.0588
 10
9.6643
 20
-8.0377
 10
9.6819
 20
-8.0166
 10
9.6993
 20
-7.9955
 10
9.7167
 20
-7.9743
 10
9.7341
 20
-7.9531
 10
9.7514
 20
-7.9319
 10
9.7687
 20
-7.9106
 10
9.786
 20
-7.8892
 10
9.8031
 20
-7.8679
 10
9.8203
 20
-7.8465
 10
9.8374
 20
-7.825
 10
9.8544
 20
-7.8035
 10
9.8714
 20
-7.782
 10
9.8884
 20
-7.7605
 10
9.9053
 20
-7.7389
 10
9.9222
 20
-7.7172
 10
9.939
 20
-7.6956
 10
9.9557
 20
-7.6739
 10
9.9725
 20
-7.6521
 10
9.9891
 20
-7.6304
 10
10.0057
 20
-7.6085
 10
10.0223
 20
-7.5867
 10
10.0388
 20
-7.5648
 10
10.0553
 20
-7.5429
 10
10.0718
 20
-7.5209
 10
10.0881
 20
-7.4989
 10
10.1045
 20
-7.4769
 10
10.1208
 20
-7.4549
 10
10.137
 20
-7.4328
 10
10.1532
 20
-7.4106
 10
10.1693
 20
-7.3885
 10
10.1854
 20
-7.3663
 10
10.2015
 20
-7.344
 10
10.2175
 20
-7.3217
 10
10.2334
 20
-7.2994
 10
10.2493
 20
-7.2771
 10
10.2652
 20
-7.2547
 10
10.281
 20
-7.2323
 10
10.2967
 20
-7.2099
 10
10.3124
 20
-7.1874
 10
10.3281
 20
-7.1649
 10
10.3437
 20
-7.1423
 10
10.3593
 20
-7.1197
 10
10.3748
 20
-7.0971
 10
10.3902
 20
-7.0745
 10
10.4056
 20
-7.0518
 10
10.421
 20
-7.0291
 10
10.4363
 20
-7.0063
 10
10.4516
 20
-6.9835
 10
10.4668
 20
-6.9607
 10
10.4819
 20
-6.9378
 10
10.4971
 20
-6.915
 10
10.5121
 20
-6.892
 10
10.5271
 20
-6.8691
 10
10.5421
 20
-6.8461
 10
10.557
 20
-6.8231
 10
10.5719
 20
-6.8
 10
10.5867
 20
-6.777
 10
10.6014
 20
-6.7539
 10
10.6161
 20
-6.7307
 10
10.6308
 20
-6.7075
 10
10.6454
 20
-6.6843
 10
10.66
 20
-6.6611
 10
10.6745
 20
-6.6378
 10
10.6889
 20
-6.6145
 10
10.7033
 20
-6.5912
 10
10.7177
 20
-6.5678
 10
10.732
 20
-6.5444
 10
10.7462
 20
-6.521
 10
10.7604
 20
-6.4975
 10
10.7746
 20
-6.474
 10
10.7887
 20
-6.4505
 10
10.8027
 20
-6.427
 10
10.8167
 20
-6.4034
 10
10.8307
 20
-6.3798
 10
10.8446
 20
-6.3561
 10
10.8584
 20
-6.3324
 10
10.8722
 20
-6.3087
 10
10.8859
 20
-6.285
 10
10.8996
 20
-6.2612
 10
10.9133
 20
-6.2374
 10
10.9268
 20
-6.2136
 10
10.9404
 20
-6.1898
 10
10.9538
 20
-6.1659
 10
10.9673
 20
-6.142
 10
10.9806
 20
-6.118
 10
10.994
 20
-6.0941
 10
11.0072
 20
-6.0701
 10
11.0205
 20
-6.046
 10
11.0336
 20
-6.022
 10
11.0467
 20
-5.9979
 10
11.0598
 20
-5.9738
 10
11.0728
 20
-5.9496
 10
11.0858
 20
-5.9255
 10
11.0987
 20
-5.9013
 10
11.1115
 20
-5.877
 10
11.1243
 20
-5.8528
 10
11.137
 20
-5.8285
 10
11.1497
 20
-5.8042
 10
11.1624
 20
-5.7798
 10
11.1749
 20
-5.7555
 10
11.1875
 20
-5.7311
 10
11.2
 20
-5.7067
 10
11.2124
 20
-5.6822
 10
11.2247
 20
-5.6577
 10
11.2371
 20
-5.6332
 10
11.2493
 20
-5.6087
 10
11.2615
 20
-5.5842
 10
11.2737
 20
-5.5596
 10
11.2858
 20
-5.535
 10
11.2978
 20
-5.5103
 10
11.3098
 20
-5.4857
 10
11.3218
 20
-5.461
 10
11.3337
 20
-5.4363
 10
11.3455
 20
-5.4115
 10
11.3573
 20
-5.3868
 10
11.369
 20
-5.362
 10
11.3807
 20
-5.3372
 10
11.3923
 20
-5.3123
 10
11.4039
 20
-5.2874
 10
11.4154
 20
-5.2626
 10
11.4268
 20
-5.2376
 10
11.4382
 20
-5.2127
 10
11.4496
 20
-5.1877
 10
11.4608
 20
-5.1627
 10
11.4721
 20
-5.1377
 10
11.4833
 20
-5.1127
 10
11.4944
 20
-5.0876
 10
11.5055
 20
-5.0625
 10
11.5165
 20
-5.0374
 10
11.5274
 20
-5.0123
 10
11.5384
 20
-4.9871
 10
11.5492
 20
-4.9619
 10
11.56
 20
-4.9367
 10
11.5707
 20
-4.9115
 10
11.5814
 20
-4.8862
 10
11.5921
 20
-4.861
 10
11.6026
 20
-4.8357
 10
11.6132
 20
-4.8103
 10
11.6236
 20
-4.785
 10
11.634
 20
-4.7596
 10
11.6444
 20
-4.7342
 10
11.6547
 20
-4.7088
 10
11.6649
 20
-4.6834
 10
11.6751
 20
-4.6579
 10
11.6853
 20
-4.6324
 10
11.6953
 20
-4.6069
 10
11.7054
 20
-4.5814
 10
11.7153
 20
-4.5558
 10
11.7253
 20
-4.5303
 10
11.7351
 20
-4.5047
 10
11.7449
 20
-4.4791
 10
11.7546
 20
-4.4534
 10
11.7643
 20
-4.4278
 10
11.774
 20
-4.4021
 10
11.7835
 20
-4.3764
 10
11.7931
 20
-4.3507
 10
11.8025
 20
-4.325
 10
11.8119
 20
-4.2992
 10
11.8213
 20
-4.2734
 10
11.8306
 20
-4.2476
 10
11.8398
 20
-4.2218
 10
11.849
 20
-4.196
 10
11.8581
 20
-4.1701
 10
11.8672
 20
-4.1442
 10
11.8762
 20
-4.1183
 10
11.8852
 20
-4.0924
 10
11.8941
 20
-4.0665
 10
11.9029
 20
-4.0405
 10
11.9117
 20
-4.0145
 10
11.9204
 20
-3.9885
 10
11.9291
 20
-3.9625
 10
11.9377
 20
-3.9365
 10
11.9463
 20
-3.9104
 10
11.9548
 20
-3.8843
 10
11.9632
 20
-3.8583
 10
11.9716
 20
-3.8321
 10
11.9799
 20
-3.806
 10
11.9882
 20
-3.7799
 10
11.9964
 20
-3.7537
 10
12.0046
 20
-3.7275
 10
12.0127
 20
-3.7013
 10
12.0208
 20
-3.6751
 10
12.0287
 20
-3.6489
 10
12.0367
 20
-3.6226
 10
12.0445
 20
-3.5964
 10
12.0524
 20
-3.5701
 10
12.0601
 20
-3.5438
 10
12.0678
 20
-3.5175
 10
12.0755
 20
-3.4911
 10
12.0831
 20
-3.4648
 10
12.0906
 20
-3.4384
 10
12.0981
 20
-3.412
 10
12.1055
 20
-3.3856
 10
12.1128
 20
-3.3592
 10
12.1201
 20
-3.3328
 10
12.1274
 20
-3.3063
 10
12.1346
 20
-3.2798
 10
12.1417
 20
-3.2534
 10
12.1488
 20
-3.2269
 10
12.1558
 20
-3.2003
 10
12.1627
 20
-3.1738
 10
12.1696
 20
-3.1473
 10
12.1765
 20
-3.1207
 10
12.1832
 20
-3.0941
 10
12.19
 20
-3.0676
 10
12.1966
 20
-3.041
 10
12.2032
 20
-3.0143
 10
12.2098
 20
-2.9877
 10
12.2163
 20
-2.9611
 10
12.2227
 20
-2.9344
 10
12.2291
 20
-2.9077
 10
12.2354
 20
-2.881
 10
12.2416
 20
-2.8543
 10
12.2478
 20
-2.8276
 10
12.254
 20
-2.8009
 10
12.2601
 20
-2.7742
 10
12.2661
 20
-2.7474
 10
12.272
 20
-2.7206
 10
12.2779
 20
-2.6939
 10
12.2838
 20
-2.6671
 10
12.2896
 20
-2.6403
 10
12.2953
 20
-2.6134
 10
12.301
 20
-2.5866
 10
12.3066
 20
-2.5598
 10
12.3122
 20
-2.5329
 10
12.3177
 20
-2.5061
 10
12.3231
 20
-2.4792
 10
12.3285
 20
-2.4523
 10
12.3338
 20
-2.4254
 10
12.3391
 20
-2.3985
 10
12.3443
 20
-2.3715
 10
12.3494
 20
-2.3446
 10
12.3545
 20
-2.3177
 10
12.3595
 20
-2.2907
 10
12.3645
 20
-2.2637
 10
12.3694
 20
-2.2368
 10
12.3742
 20
-2.2098
 10
12.379
 20
-2.1828
 10
12.3838
 20
-2.1557
 10
12.3884
 20
-2.1287
 10
12.3931
 20
-2.1017
 10
12.3976
 20
-2.0746
 10
12.4021
 20
-2.0476
 10
12.4065
 20
-2.0205
 10
12.4109
 20
-1.9935
 10
12.4152
 20
-1.9664
 10
12.4195
 20
-1.9393
 10
12.4237
 20
-1.9122
 10
12.4278
 20
-1.8851
 10
12.4319
 20
-1.858
 10
12.436
 20
-1.8308
 10
12.4399
 20
-1.8037
 10
12.4438
 20
-1.7766
 10
12.4477
 20
-1.7494
 10
12.4515
 20
-1.7222
 10
12.4552
 20
-1.6951
 10
12.4589
 20
-1.6679
 10
12.4625
 20
-1.6407
 10
12.466
 20
-1.6135
 10
12.4695
 20
-1.5863
 10
12.4729
 20
-1.5591
 10
12.4763
 20
-1.5319
 10
12.4796
 20
-1.5047
 10
12.4829
 20
-1.4774
 10
12.4861
 20
-1.4502
 10
12.4892
 20
-1.423
 10
12.4923
 20
-1.3957
 10
12.4953
 20
-1.3685
 10
12.4982
 20
-1.3412
 10
12.5011
 20
-1.3139
 10
12.504
 20
-1.2866
 10
12.5068
 20
-1.2594
 10
12.5095
 20
-1.2321
 10
12.5121
 20
-1.2048
 10
12.5147
 20
-1.1775
 10
12.5173
 20
-1.1502
 10
12.5197
 20
-1.1229
 10
12.5222
 20
-1.0955
 10
12.5245
 20
-1.0682
 10
12.5268
 20
-1.0409
 10
12.5291
 20
-1.0136
 10
12.5313
 20
-0.9862
 10
12.5334
 20
-0.9589
 10
12.5354
 20
-0.9315
 10
12.5374
 20
-0.9042
 10
12.5394
 20
-0.8768
 10
12.5413
 20
-0.8495
 10
12.5431
 20
-0.8221
 10
12.5449
 20
-0.7948
 10
12.5466
 20
-0.7674
 10
12.5482
 20
-0.74
 10
12.5498
 20
-0.7126
 10
12.5513
 20
-0.6852
 10
12.5528
 20
-0.6579
 10
12.5542
 20
-0.6305
 10
12.5555
 20
-0.6031
 10
12.5568
 20
-0.5757
 10
12.558
 20
-0.5483
 10
12.5592
 20
-0.5209
 10
12.5603
 20
-0.4935
 10
12.5614
 20
-0.4661
 10
12.5623
 20
-0.4387
 10
12.5633
 20
-0.4113
 10
12.5641
 20
-0.3839
 10
12.5649
 20
-0.3565
 10
12.5657
 20
-0.329
 10
12.5664
 20
-0.3016
 10
12.567
 20
-0.2742
 10
12.5676
 20
-0.2468
 10
12.5681
 20
-0.2194
 10
12.5685
 20
-0.192
 10
12.5689
 20
-0.1645
 10
12.5693
 20
-0.1371
 10
12.5695
 20
-0.1097
 10
12.5697
 20
-0.0823
 10
12.5699
 20
-0.0548
 10
12.57
 20
-0.0274
 10
12.57
 20
0.0
 10
12.57
 20
0.0274
 10
12.5699
 20
0.0548
 10
12.5697
 20
0.0823
 10
12.5695
 20
0.1097
 10
12.5693
 20
0.1371
 10
12.5689
 20
0.1645
 10
12.5685
 20
0.192
 10
12.5681
 20
0.2194
 10
12.5676
 20
0.2468
  0
LWPOLYLINE
  5
D5
330
17
100
AcDbEntity
  8
ALTIN
100
AcDbPolyline
 90
4
 70
1
 10
5.0563
 20
9.5377
 10
6.125
 20
10.6088
 10
5.7317
 20
9.1477
 10
5.05
 20
8.7469
  0
LWPOLYLINE
  5
D6
330
17
100
AcDbEntity
  8
ALTIN
100
AcDbPolyline
 90
325
 70
1
 10
-2.5497
 20
11.9276
 10
-2.5531
 20
11.9296
 10
-2.5562
 20
11.9319
 10
-2.5591
 20
11.9346
 10
-2.5618
 20
11.9375
 10
-2.5641
 20
11.9406
 10
-2.5661
 20
11.944
 10
-2.5678
 20
11.9475
 10
-2.5691
 20
11.9512
 10
-2.5701
 20
11.9551
 10
-2.5707
 20
11.9589
 10
-2.5708
 20
11.9629
 10
-2.5708
 20
12.0
 10
-2.5707
 20
12.0039
 10
-2.5701
 20
12.0078
 10
-2.5691
 20
12.0116
 10
-2.5678
 20
12.0153
 10
-2.5661
 20
12.0189
 10
-2.5641
 20
12.0222
 10
-2.5618
 20
12.0254
 10
-2.5591
 20
12.0283
 10
-2.5562
 20
12.0309
 10
-2.5531
 20
12.0333
 10
-2.5497
 20
12.0353
 10
-2.5462
 20
12.037
 10
-2.5425
 20
12.0383
 10
-2.5387
 20
12.0392
 10
-2.5348
 20
12.0398
 10
-2.5308
 20
12.04
 10
-1.5094
 20
12.04
 10
-1.5055
 20
12.0398
 10
-1.5016
 20
12.0392
 10
-1.4978
 20
12.0383
 10
-1.4941
 20
12.037
 10
-1.4906
 20
12.0353
 10
-1.4872
 20
12.0333
 10
-1.484
 20
12.0309
 10
-1.4811
 20
12.0283
 10
-1.4785
 20
12.0254
 10
-1.4762
 20
12.0222
 10
-1.4741
 20
12.0189
 10
-1.4725
 20
12.0153
 10
-1.4711
 20
12.0116
 10
-1.4702
 20
12.0078
 10
-1.4696
 20
12.0039
 10
-1.4694
 20
12.0
 10
-1.4694
 20
11.9629
 10
-1.4696
 20
11.9589
 10
-1.4702
 20
11.9551
 10
-1.4711
 20
11.9512
 10
-1.4725
 20
11.9475
 10
-1.4741
 20
11.944
 10
-1.4762
 20
11.9406
 10
-1.4785
 20
11.9375
 10
-1.4811
 20
11.9346
 10
-1.484
 20
11.9319
 10
-1.4872
 20
11.9296
 10
-1.4906
 20
11.9276
 10
-1.4941
 20
11.9259
 10
-1.4978
 20
11.9246
 10
-1.5016
 20
11.9236
 10
-1.5055
 20
11.923
 10
-1.5094
 20
11.9229
 10
-1.5506
 20
11.9229
 10
-1.5895
 20
11.9159
 10
-1.6228
 20
11.8963
 10
-1.6489
 20
11.8664
 10
-1.6628
 20
11.8303
 10
-1.6634
 20
11.7918
 10
-1.6466
 20
11.7463
 10
-1.6454
 20
11.7426
 10
-1.645
 20
11.7406
 10
-1.1929
 20
11.0354
 10
-0.7401
 20
11.7481
 10
-0.7219
 20
11.7924
 10
-0.7228
 20
11.8299
 10
-0.7375
 20
11.8664
 10
-0.7633
 20
11.8966
 10
-0.7949
 20
11.916
 10
-0.8334
 20
11.9229
 10
-0.8745
 20
11.9229
 10
-0.8784
 20
11.9231
 10
-0.8823
 20
11.9236
 10
-0.8862
 20
11.9246
 10
-0.8899
 20
11.9259
 10
-0.8934
 20
11.9276
 10
-0.8968
 20
11.9296
 10
-0.9
 20
11.932
 10
-0.9029
 20
11.9346
 10
-0.9055
 20
11.9376
 10
-0.9078
 20
11.9407
 10
-0.9099
 20
11.9441
 10
-0.9115
 20
11.9477
 10
-0.9128
 20
11.9514
 10
-0.9138
 20
11.9552
 10
-0.9143
 20
11.9591
 10
-0.9178
 20
11.9963
 10
-0.918
 20
12.0002
 10
-0.9178
 20
12.0041
 10
-0.9172
 20
12.008
 10
-0.9162
 20
12.0117
 10
-0.9149
 20
12.0154
 10
-0.9132
 20
12.019
 10
-0.9112
 20
12.0223
 10
-0.9088
 20
12.0255
 10
-0.9062
 20
12.0283
 10
-0.9033
 20
12.031
 10
-0.9002
 20
12.0333
 10
-0.8968
 20
12.0353
 10
-0.8933
 20
12.037
 10
-0.8896
 20
12.0383
 10
-0.8858
 20
12.0392
 10
-0.8819
 20
12.0398
 10
-0.878
 20
12.04
 10
-0.0162
 20
12.04
 10
-0.0122
 20
12.0398
 10
-0.0084
 20
12.0392
 10
-0.0045
 20
12.0383
 10
-0.0009
 20
12.037
 10
0.0027
 20
12.0353
 10
0.0061
 20
12.0333
 10
0.0092
 20
12.0309
 10
0.0121
 20
12.0283
 10
0.0148
 20
12.0254
 10
0.0171
 20
12.0222
 10
0.0191
 20
12.0189
 10
0.0208
 20
12.0153
 10
0.0221
 20
12.0116
 10
0.0231
 20
12.0078
 10
0.0236
 20
12.0039
 10
0.0238
 20
12.0
 10
0.0238
 20
11.9629
 10
0.0236
 20
11.9589
 10
0.0231
 20
11.9551
 10
0.0221
 20
11.9512
 10
0.0208
 20
11.9475
 10
0.0191
 20
11.944
 10
0.0171
 20
11.9406
 10
0.0148
 20
11.9375
 10
0.0121
 20
11.9346
 10
0.0092
 20
11.9319
 10
0.0061
 20
11.9296
 10
0.0027
 20
11.9276
 10
-0.0009
 20
11.9259
 10
-0.0045
 20
11.9246
 10
-0.0084
 20
11.9236
 10
-0.0122
 20
11.923
 10
-0.0162
 20
11.9229
 10
-0.0654
 20
11.9229
 10
-0.1672
 20
11.9075
 10
-0.2604
 20
11.8621
 10
-0.3437
 20
11.7955
 10
-0.4076
 20
11.7235
 10
-1.0376
 20
10.7931
 10
-0.3202
 20
9.674
 10
-0.2571
 20
9.6014
 10
-0.1739
 20
9.5365
 10
-0.0791
 20
9.4921
 10
0.0239
 20
9.4771
 10
0.0726
 20
9.4771
 10
0.0766
 20
9.477
 10
0.0804
 20
9.4764
 10
0.0842
 20
9.4754
 10
0.0879
 20
9.4741
 10
0.0915
 20
9.4724
 10
0.0949
 20
9.4704
 10
0.098
 20
9.4681
 10
0.1009
 20
9.4654
 10
0.1036
 20
9.4625
 10
0.1059
 20
9.4594
 10
0.1079
 20
9.456
 10
0.1096
 20
9.4525
 10
0.1109
 20
9.4488
 10
0.1119
 20
9.4449
 10
0.1124
 20
9.4411
 10
0.1126
 20
9.4371
 10
0.1126
 20
9.4
 10
0.1124
 20
9.3961
 10
0.1119
 20
9.3922
 10
0.1109
 20
9.3884
 10
0.1096
 20
9.3847
 10
0.1079
 20
9.3811
 10
0.1059
 20
9.3778
 10
0.1036
 20
9.3746
 10
0.1009
 20
9.3717
 10
0.098
 20
9.3691
 10
0.0949
 20
9.3667
 10
0.0915
 20
9.3647
 10
0.0879
 20
9.363
 10
0.0842
 20
9.3617
 10
0.0804
 20
9.3608
 10
0.0766
 20
9.3602
 10
0.0726
 20
9.36
 10
-0.9558
 20
9.36
 10
-0.9597
 20
9.3602
 10
-0.9636
 20
9.3608
 10
-0.9674
 20
9.3617
 10
-0.9711
 20
9.363
 10
-0.9746
 20
9.3647
 10
-0.978
 20
9.3667
 10
-0.9811
 20
9.3691
 10
-0.984
 20
9.3717
 10
-0.9867
 20
9.3746
 10
-0.989
 20
9.3778
 10
-0.991
 20
9.3811
 10
-0.9927
 20
9.3847
 10
-0.994
 20
9.3884
 10
-0.995
 20
9.3922
 10
-0.9956
 20
9.3961
 10
-0.9958
 20
9.4
 10
-0.9958
 20
9.4371
 10
-0.9956
 20
9.4411
 10
-0.995
 20
9.4449
 10
-0.994
 20
9.4488
 10
-0.9927
 20
9.4525
 10
-0.991
 20
9.456
 10
-0.989
 20
9.4594
 10
-0.9867
 20
9.4625
 10
-0.984
 20
9.4654
 10
-0.9811
 20
9.4681
 10
-0.978
 20
9.4704
 10
-0.9746
 20
9.4724
 10
-0.9711
 20
9.4741
 10
-0.9674
 20
9.4754
 10
-0.9636
 20
9.4764
 10
-0.9597
 20
9.477
 10
-0.9558
 20
9.4771
 10
-0.9129
 20
9.4771
 10
-0.8601
 20
9.4915
 10
-0.8183
 20
9.5331
 10
-0.7997
 20
9.5883
 10
-0.82
 20
9.6561
 10
-0.8205
 20
9.6583
 10
-1.332
 20
10.4598
 10
-1.862
 20
9.6447
 10
-1.8767
 20
9.6081
 10
-1.8749
 20
9.5708
 10
-1.8586
 20
9.5344
 10
-1.8312
 20
9.5037
 10
-1.7984
 20
9.484
 10
-1.7622
 20
9.4771
 10
-1.7172
 20
9.4771
 10
-1.7133
 20
9.477
 10
-1.7094
 20
9.4764
 10
-1.7056
 20
9.4754
 10
-1.7019
 20
9.4741
 10
-1.6983
 20
9.4724
 10
-1.695
 20
9.4704
 10
-1.6918
 20
9.4681
 10
-1.6889
 20
9.4654
 10
-1.6863
 20
9.4625
 10
-1.6839
 20
9.4594
 10
-1.6819
 20
9.456
 10
-1.6802
 20
9.4525
 10
-1.6789
 20
9.4488
 10
-1.678
 20
9.4449
 10
-1.6774
 20
9.4411
 10
-1.6772
 20
9.4371
 10
-1.6772
 20
9.4
 10
-1.6774
 20
9.3961
 10
-1.678
 20
9.3922
 10
-1.6789
 20
9.3884
 10
-1.6802
 20
9.3847
 10
-1.6819
 20
9.3811
 10
-1.6839
 20
9.3778
 10
-1.6863
 20
9.3746
 10
-1.6889
 20
9.3717
 10
-1.6918
 20
9.3691
 10
-1.695
 20
9.3667
 10
-1.6983
 20
9.3647
 10
-1.7019
 20
9.363
 10
-1.7056
 20
9.3617
 10
-1.7094
 20
9.3608
 10
-1.7133
 20
9.3602
 10
-1.7172
 20
9.36
 10
-2.5866
 20
9.36
 10
-2.5905
 20
9.3602
 10
-2.5944
 20
9.3608
 10
-2.5982
 20
9.3617
 10
-2.6019
 20
9.363
 10
-2.6054
 20
9.3647
 10
-2.6088
 20
9.3667
 10
-2.6119
 20
9.3691
 10
-2.6148
 20
9.3717
 10
-2.6175
 20
9.3746
 10
-2.6198
 20
9.3778
 10
-2.6218
 20
9.3811
 10
-2.6235
 20
9.3847
 10
-2.6248
 20
9.3884
 10
-2.6258
 20
9.3922
 10
-2.6264
 20
9.3961
 10
-2.6266
 20
9.4
 10
-2.6266
 20
9.4371
 10
-2.6264
 20
9.4411
 10
-2.6258
 20
9.4449
 10
-2.6248
 20
9.4488
 10
-2.6235
 20
9.4525
 10
-2.6218
 20
9.456
 10
-2.6198
 20
9.4594
 10
-2.6175
 20
9.4625
 10
-2.6148
 20
9.4654
 10
-2.6119
 20
9.4681
 10
-2.6088
 20
9.4704
 10
-2.6054
 20
9.4724
 10
-2.6019
 20
9.4741
 10
-2.5982
 20
9.4754
 10
-2.5944
 20
9.4764
 10
-2.5905
 20
9.477
 10
-2.5866
 20
9.4771
 10
-2.5372
 20
9.4771
 10
-2.4322
 20
9.4925
 10
-2.3369
 20
9.538
 10
-2.2533
 20
9.6044
 10
-2.1957
 20
9.6716
 10
-1.4898
 20
10.7071
 10
-2.1358
 20
11.7195
 10
-2.2008
 20
11.7958
 10
-2.2831
 20
11.8621
 10
-2.377
 20
11.9075
 10
-2.4815
 20
11.9229
 10
-2.5308
 20
11.9229
 10
-2.5348
 20
11.923
 10
-2.5387
 20
11.9236
 10
-2.5425
 20
11.9246
 10
-2.5462
 20
11.9259
  0
LWPOLYLINE
  5
D7
330
17
100
AcDbEntity
  8
ALTIN
100
AcDbPolyline
 90
156
 70
1
 10
0.3757
 20
9.3847
 10
0.3744
 20
9.3884
 10
0.3734
 20
9.3922
 10
0.3728
 20
9.3961
 10
0.3726
 20
9.4
 10
0.3726
 20
9.4371
 10
0.3728
 20
9.4411
 10
0.3734
 20
9.4449
 10
0.3744
 20
9.4488
 10
0.3757
 20
9.4525
 10
0.3774
 20
9.456
 10
0.3794
 20
9.4594
 10
0.3817
 20
9.4625
 10
0.3843
 20
9.4654
 10
0.3873
 20
9.4681
 10
0.3904
 20
9.4704
 10
0.3938
 20
9.4724
 10
0.3973
 20
9.4741
 10
0.401
 20
9.4754
 10
0.4048
 20
9.4764
 10
0.4087
 20
9.477
 10
0.4126
 20
9.4771
 10
0.457
 20
9.4771
 10
0.5345
 20
9.492
 10
0.597
 20
9.5345
 10
0.6409
 20
9.5979
 10
0.6582
 20
9.6754
 10
0.6582
 20
11.7246
 10
0.641
 20
11.8019
 10
0.597
 20
11.8649
 10
0.5344
 20
11.9079
 10
0.457
 20
11.9229
 10
0.4126
 20
11.9229
 10
0.4087
 20
11.923
 10
0.4048
 20
11.9236
 10
0.401
 20
11.9246
 10
0.3973
 20
11.9259
 10
0.3938
 20
11.9276
 10
0.3904
 20
11.9296
 10
0.3873
 20
11.9319
 10
0.3843
 20
11.9346
 10
0.3817
 20
11.9375
 10
0.3794
 20
11.9406
 10
0.3774
 20
11.944
 10
0.3757
 20
11.9475
 10
0.3744
 20
11.9512
 10
0.3734
 20
11.9551
 10
0.3728
 20
11.9589
 10
0.3726
 20
11.9629
 10
0.3726
 20
12.0
 10
0.3728
 20
12.0039
 10
0.3734
 20
12.0078
 10
0.3744
 20
12.0116
 10
0.3757
 20
12.0153
 10
0.3774
 20
12.0189
 10
0.3794
 20
12.0222
 10
0.3817
 20
12.0254
 10
0.3843
 20
12.0283
 10
0.3873
 20
12.0309
 10
0.3904
 20
12.0333
 10
0.3938
 20
12.0353
 10
0.3973
 20
12.037
 10
0.401
 20
12.0383
 10
0.4048
 20
12.0392
 10
0.4087
 20
12.0398
 10
0.4126
 20
12.04
 10
1.3296
 20
12.04
 10
1.3335
 20
12.0398
 10
1.3374
 20
12.0392
 10
1.3412
 20
12.0383
 10
1.3449
 20
12.037
 10
1.3485
 20
12.0353
 10
1.3518
 20
12.0333
 10
1.355
 20
12.0309
 10
1.3579
 20
12.0283
 10
1.3605
 20
12.0254
 10
1.3629
 20
12.0222
 10
1.3649
 20
12.0189
 10
1.3666
 20
12.0153
 10
1.3679
 20
12.0116
 10
1.3688
 20
12.0078
 10
1.3694
 20
12.0039
 10
1.3696
 20
12.0
 10
1.3696
 20
11.9629
 10
1.3694
 20
11.9589
 10
1.3688
 20
11.9551
 10
1.3679
 20
11.9512
 10
1.3666
 20
11.9475
 10
1.3649
 20
11.944
 10
1.3629
 20
11.9406
 10
1.3605
 20
11.9375
 10
1.3579
 20
11.9346
 10
1.355
 20
11.9319
 10
1.3518
 20
11.9296
 10
1.3485
 20
11.9276
 10
1.3449
 20
11.9259
 10
1.3412
 20
11.9246
 10
1.3374
 20
11.9236
 10
1.3335
 20
11.923
 10
1.3296
 20
11.9229
 10
1.2853
 20
11.9229
 10
1.2076
 20
11.9079
 10
1.1447
 20
11.8649
 10
1.1012
 20
11.802
 10
1.0841
 20
11.7246
 10
1.0841
 20
9.6754
 10
1.1012
 20
9.5977
 10
1.1447
 20
9.5345
 10
1.2075
 20
9.492
 10
1.2852
 20
9.4771
 10
1.3296
 20
9.4771
 10
1.3335
 20
9.477
 10
1.3374
 20
9.4764
 10
1.3412
 20
9.4754
 10
1.3449
 20
9.4741
 10
1.3485
 20
9.4724
 10
1.3518
 20
9.4704
 10
1.355
 20
9.4681
 10
1.3579
 20
9.4654
 10
1.3605
 20
9.4625
 10
1.3629
 20
9.4594
 10
1.3649
 20
9.456
 10
1.3666
 20
9.4525
 10
1.3679
 20
9.4488
 10
1.3688
 20
9.4449
 10
1.3694
 20
9.4411
 10
1.3696
 20
9.4371
 10
1.3696
 20
9.4
 10
1.3694
 20
9.3961
 10
1.3688
 20
9.3922
 10
1.3679
 20
9.3884
 10
1.3666
 20
9.3847
 10
1.3649
 20
9.3811
 10
1.3629
 20
9.3778
 10
1.3605
 20
9.3746
 10
1.3579
 20
9.3717
 10
1.355
 20
9.3691
 10
1.3518
 20
9.3667
 10
1.3485
 20
9.3647
 10
1.3449
 20
9.363
 10
1.3412
 20
9.3617
 10
1.3374
 20
9.3608
 10
1.3335
 20
9.3602
 10
1.3296
 20
9.36
 10
0.4126
 20
9.36
 10
0.4087
 20
9.3602
 10
0.4048
 20
9.3608
 10
0.401
 20
9.3617
 10
0.3973
 20
9.363
 10
0.3938
 20
9.3647
 10
0.3904
 20
9.3667
 10
0.3873
 20
9.3691
 10
0.3843
 20
9.3717
 10
0.3817
 20
9.3746
 10
0.3794
 20
9.3778
 10
0.3774
 20
9.3811
  0
LWPOLYLINE
  5
D8
330
17
100
AcDbEntity
  8
ALTIN
100
AcDbPolyline
 90
156
 70
1
 10
1.6326
 20
9.3847
 10
1.6313
 20
9.3884
 10
1.6304
 20
9.3922
 10
1.6298
 20
9.3961
 10
1.6296
 20
9.4
 10
1.6296
 20
9.4371
 10
1.6298
 20
9.4411
 10
1.6304
 20
9.4449
 10
1.6313
 20
9.4488
 10
1.6326
 20
9.4525
 10
1.6343
 20
9.456
 10
1.6363
 20
9.4594
 10
1.6387
 20
9.4625
 10
1.6413
 20
9.4654
 10
1.6442
 20
9.4681
 10
1.6474
 20
9.4704
 10
1.6507
 20
9.4724
 10
1.6543
 20
9.4741
 10
1.658
 20
9.4754
 10
1.6618
 20
9.4764
 10
1.6657
 20
9.477
 10
1.6696
 20
9.4771
 10
1.714
 20
9.4771
 10
1.7915
 20
9.492
 10
1.854
 20
9.5345
 10
1.8979
 20
9.5979
 10
1.9151
 20
9.6754
 10
1.9151
 20
11.7246
 10
1.8979
 20
11.8019
 10
1.854
 20
11.8649
 10
1.7914
 20
11.9079
 10
1.7139
 20
11.9229
 10
1.6696
 20
11.9229
 10
1.6657
 20
11.923
 10
1.6618
 20
11.9236
 10
1.658
 20
11.9246
 10
1.6543
 20
11.9259
 10
1.6507
 20
11.9276
 10
1.6474
 20
11.9296
 10
1.6442
 20
11.9319
 10
1.6413
 20
11.9346
 10
1.6387
 20
11.9375
 10
1.6363
 20
11.9406
 10
1.6343
 20
11.944
 10
1.6326
 20
11.9475
 10
1.6313
 20
11.9512
 10
1.6304
 20
11.9551
 10
1.6298
 20
11.9589
 10
1.6296
 20
11.9629
 10
1.6296
 20
12.0
 10
1.6298
 20
12.0039
 10
1.6304
 20
12.0078
 10
1.6313
 20
12.0116
 10
1.6326
 20
12.0153
 10
1.6343
 20
12.0189
 10
1.6363
 20
12.0222
 10
1.6387
 20
12.0254
 10
1.6413
 20
12.0283
 10
1.6442
 20
12.0309
 10
1.6474
 20
12.0333
 10
1.6507
 20
12.0353
 10
1.6543
 20
12.037
 10
1.658
 20
12.0383
 10
1.6618
 20
12.0392
 10
1.6657
 20
12.0398
 10
1.6696
 20
12.04
 10
2.5866
 20
12.04
 10
2.5905
 20
12.0398
 10
2.5944
 20
12.0392
 10
2.5982
 20
12.0383
 10
2.6019
 20
12.037
 10
2.6054
 20
12.0353
 10
2.6088
 20
12.0333
 10
2.6119
 20
12.0309
 10
2.6148
 20
12.0283
 10
2.6175
 20
12.0254
 10
2.6198
 20
12.0222
 10
2.6218
 20
12.0189
 10
2.6235
 20
12.0153
 10
2.6248
 20
12.0116
 10
2.6258
 20
12.0078
 10
2.6264
 20
12.0039
 10
2.6266
 20
12.0
 10
2.6266
 20
11.9629
 10
2.6264
 20
11.9589
 10
2.6258
 20
11.9551
 10
2.6248
 20
11.9512
 10
2.6235
 20
11.9475
 10
2.6218
 20
11.944
 10
2.6198
 20
11.9406
 10
2.6175
 20
11.9375
 10
2.6148
 20
11.9346
 10
2.6119
 20
11.9319
 10
2.6088
 20
11.9296
 10
2.6054
 20
11.9276
 10
2.6019
 20
11.9259
 10
2.5982
 20
11.9246
 10
2.5944
 20
11.9236
 10
2.5905
 20
11.923
 10
2.5866
 20
11.9229
 10
2.5422
 20
11.9229
 10
2.4646
 20
11.9079
 10
2.4017
 20
11.8649
 10
2.3581
 20
11.802
 10
2.341
 20
11.7246
 10
2.341
 20
9.6754
 10
2.3581
 20
9.5977
 10
2.4017
 20
9.5345
 10
2.4645
 20
9.492
 10
2.5422
 20
9.4771
 10
2.5866
 20
9.4771
 10
2.5905
 20
9.477
 10
2.5944
 20
9.4764
 10
2.5982
 20
9.4754
 10
2.6019
 20
9.4741
 10
2.6054
 20
9.4724
 10
2.6088
 20
9.4704
 10
2.6119
 20
9.4681
 10
2.6148
 20
9.4654
 10
2.6175
 20
9.4625
 10
2.6198
 20
9.4594
 10
2.6218
 20
9.456
 10
2.6235
 20
9.4525
 10
2.6248
 20
9.4488
 10
2.6258
 20
9.4449
 10
2.6264
 20
9.4411
 10
2.6266
 20
9.4371
 10
2.6266
 20
9.4
 10
2.6264
 20
9.3961
 10
2.6258
 20
9.3922
 10
2.6248
 20
9.3884
 10
2.6235
 20
9.3847
 10
2.6218
 20
9.3811
 10
2.6198
 20
9.3778
 10
2.6175
 20
9.3746
 10
2.6148
 20
9.3717
 10
2.6119
 20
9.3691
 10
2.6088
 20
9.3667
 10
2.6054
 20
9.3647
 10
2.6019
 20
9.363
 10
2.5982
 20
9.3617
 10
2.5944
 20
9.3608
 10
2.5905
 20
9.3602
 10
2.5866
 20
9.36
 10
1.6696
 20
9.36
 10
1.6657
 20
9.3602
 10
1.6618
 20
9.3608
 10
1.658
 20
9.3617
 10
1.6543
 20
9.363
 10
1.6507
 20
9.3647
 10
1.6474
 20
9.3667
 10
1.6442
 20
9.3691
 10
1.6413
 20
9.3717
 10
1.6387
 20
9.3746
 10
1.6363
 20
9.3778
 10
1.6343
 20
9.3811
  0
LWPOLYLINE
  5
D9
330
17
100
AcDbEntity
  8
ALTIN
100
AcDbPolyline
 90
4
 70
1
 10
9.5377
 20
-5.0563
 10
10.6088
 20
-6.125
 10
9.1477
 20
-5.7317
 10
8.7469
 20
-5.05
  0
LWPOLYLINE
  5
DA
330
17
100
AcDbEntity
  8
ALTIN
100
AcDbPolyline
 90
156
 70
1
 10
9.3811
 20
-0.7632
 10
9.3847
 20
-0.7615
 10
9.3884
 20
-0.7602
 10
9.3922
 20
-0.7593
 10
9.3961
 20
-0.7587
 10
9.4
 20
-0.7585
 10
9.4371
 20
-0.7585
 10
9.4411
 20
-0.7587
 10
9.4449
 20
-0.7593
 10
9.4488
 20
-0.7602
 10
9.4525
 20
-0.7615
 10
9.456
 20
-0.7632
 10
9.4594
 20
-0.7652
 10
9.4625
 20
-0.7676
 10
9.4654
 20
-0.7702
 10
9.4681
 20
-0.7731
 10
9.4704
 20
-0.7763
 10
9.4724
 20
-0.7796
 10
9.4741
 20
-0.7832
 10
9.4754
 20
-0.7869
 10
9.4764
 20
-0.7907
 10
9.477
 20
-0.7946
 10
9.4771
 20
-0.7985
 10
9.4771
 20
-0.8429
 10
9.492
 20
-0.9204
 10
9.5345
 20
-0.9828
 10
9.5979
 20
-1.0268
 10
9.6754
 20
-1.044
 10
11.7246
 20
-1.044
 10
11.8019
 20
-1.0268
 10
11.8649
 20
-0.9828
 10
11.9079
 20
-0.9203
 10
11.9229
 20
-0.8428
 10
11.9229
 20
-0.7985
 10
11.923
 20
-0.7946
 10
11.9236
 20
-0.7907
 10
11.9246
 20
-0.7869
 10
11.9259
 20
-0.7832
 10
11.9276
 20
-0.7796
 10
11.9296
 20
-0.7763
 10
11.9319
 20
-0.7731
 10
11.9346
 20
-0.7702
 10
11.9375
 20
-0.7676
 10
11.9406
 20
-0.7652
 10
11.944
 20
-0.7632
 10
11.9475
 20
-0.7615
 10
11.9512
 20
-0.7602
 10
11.9551
 20
-0.7593
 10
11.9589
 20
-0.7587
 10
11.9629
 20
-0.7585
 10
12.0
 20
-0.7585
 10
12.0039
 20
-0.7587
 10
12.0078
 20
-0.7593
 10
12.0116
 20
-0.7602
 10
12.0153
 20
-0.7615
 10
12.0189
 20
-0.7632
 10
12.0222
 20
-0.7652
 10
12.0254
 20
-0.7676
 10
12.0283
 20
-0.7702
 10
12.0309
 20
-0.7731
 10
12.0333
 20
-0.7763
 10
12.0353
 20
-0.7796
 10
12.037
 20
-0.7832
 10
12.0383
 20
-0.7869
 10
12.0392
 20
-0.7907
 10
12.0398
 20
-0.7946
 10
12.04
 20
-0.7985
 10
12.04
 20
-1.7154
 10
12.0398
 20
-1.7194
 10
12.0392
 20
-1.7233
 10
12.0383
 20
-1.7271
 10
12.037
 20
-1.7308
 10
12.0353
 20
-1.7343
 10
12.0333
 20
-1.7377
 10
12.0309
 20
-1.7408
 10
12.0283
 20
-1.7437
 10
12.0254
 20
-1.7464
 10
12.0222
 20
-1.7487
 10
12.0189
 20
-1.7507
 10
12.0153
 20
-1.7524
 10
12.0116
 20
-1.7537
 10
12.0078
 20
-1.7547
 10
12.0039
 20
-1.7553
 10
12.0
 20
-1.7554
 10
11.9629
 20
-1.7554
 10
11.9589
 20
-1.7553
 10
11.9551
 20
-1.7547
 10
11.9512
 20
-1.7537
 10
11.9475
 20
-1.7524
 10
11.944
 20
-1.7507
 10
11.9406
 20
-1.7487
 10
11.9375
 20
-1.7464
 10
11.9346
 20
-1.7437
 10
11.9319
 20
-1.7408
 10
11.9296
 20
-1.7377
 10
11.9276
 20
-1.7343
 10
11.9259
 20
-1.7308
 10
11.9246
 20
-1.7271
 10
11.9236
 20
-1.7233
 10
11.923
 20
-1.7194
 10
11.9229
 20
-1.7154
 10
11.9229
 20
-1.6711
 10
11.9079
 20
-1.5935
 10
11.8649
 20
-1.5305
 10
11.802
 20
-1.487
 10
11.7246
 20
-1.4699
 10
9.6754
 20
-1.4699
 10
9.5977
 20
-1.487
 10
9.5345
 20
-1.5305
 10
9.492
 20
-1.5934
 10
9.4771
 20
-1.6711
 10
9.4771
 20
-1.7154
 10
9.477
 20
-1.7194
 10
9.4764
 20
-1.7233
 10
9.4754
 20
-1.7271
 10
9.4741
 20
-1.7308
 10
9.4724
 20
-1.7343
 10
9.4704
 20
-1.7377
 10
9.4681
 20
-1.7408
 10
9.4654
 20
-1.7437
 10
9.4625
 20
-1.7464
 10
9.4594
 20
-1.7487
 10
9.456
 20
-1.7507
 10
9.4525
 20
-1.7524
 10
9.4488
 20
-1.7537
 10
9.4449
 20
-1.7547
 10
9.4411
 20
-1.7553
 10
9.4371
 20
-1.7554
 10
9.4
 20
-1.7554
 10
9.3961
 20
-1.7553
 10
9.3922
 20
-1.7547
 10
9.3884
 20
-1.7537
 10
9.3847
 20
-1.7524
 10
9.3811
 20
-1.7507
 10
9.3778
 20
-1.7487
 10
9.3746
 20
-1.7464
 10
9.3717
 20
-1.7437
 10
9.3691
 20
-1.7408
 10
9.3667
 20
-1.7377
 10
9.3647
 20
-1.7343
 10
9.363
 20
-1.7308
 10
9.3617
 20
-1.7271
 10
9.3608
 20
-1.7233
 10
9.3602
 20
-1.7194
 10
9.36
 20
-1.7154
 10
9.36
 20
-0.7985
 10
9.3602
 20
-0.7946
 10
9.3608
 20
-0.7907
 10
9.3617
 20
-0.7869
 10
9.363
 20
-0.7832
 10
9.3647
 20
-0.7796
 10
9.3667
 20
-0.7763
 10
9.3691
 20
-0.7731
 10
9.3717
 20
-0.7702
 10
9.3746
 20
-0.7676
 10
9.3778
 20
-0.7652
  0
LWPOLYLINE
  5
DB
330
17
100
AcDbEntity
  8
ALTIN
100
AcDbPolyline
 90
156
 70
1
 10
9.3811
 20
0.4938
 10
9.3847
 20
0.4954
 10
9.3884
 20
0.4968
 10
9.3922
 20
0.4977
 10
9.3961
 20
0.4983
 10
9.4
 20
0.4985
 10
9.4371
 20
0.4985
 10
9.4411
 20
0.4983
 10
9.4449
 20
0.4977
 10
9.4488
 20
0.4968
 10
9.4525
 20
0.4954
 10
9.456
 20
0.4938
 10
9.4594
 20
0.4917
 10
9.4625
 20
0.4894
 10
9.4654
 20
0.4868
 10
9.4681
 20
0.4839
 10
9.4704
 20
0.4807
 10
9.4724
 20
0.4773
 10
9.4741
 20
0.4738
 10
9.4754
 20
0.4701
 10
9.4764
 20
0.4663
 10
9.477
 20
0.4624
 10
9.4771
 20
0.4585
 10
9.4771
 20
0.4141
 10
9.492
 20
0.3366
 10
9.5345
 20
0.2741
 10
9.5979
 20
0.2302
 10
9.6754
 20
0.2129
 10
11.7246
 20
0.2129
 10
11.8019
 20
0.2302
 10
11.8649
 20
0.2741
 10
11.9079
 20
0.3367
 10
11.9229
 20
0.4141
 10
11.9229
 20
0.4585
 10
11.923
 20
0.4624
 10
11.9236
 20
0.4663
 10
11.9246
 20
0.4701
 10
11.9259
 20
0.4738
 10
11.9276
 20
0.4773
 10
11.9296
 20
0.4807
 10
11.9319
 20
0.4839
 10
11.9346
 20
0.4868
 10
11.9375
 20
0.4894
 10
11.9406
 20
0.4917
 10
11.944
 20
0.4938
 10
11.9475
 20
0.4954
 10
11.9512
 20
0.4968
 10
11.9551
 20
0.4977
 10
11.9589
 20
0.4983
 10
11.9629
 20
0.4985
 10
12.0
 20
0.4985
 10
12.0039
 20
0.4983
 10
12.0078
 20
0.4977
 10
12.0116
 20
0.4968
 10
12.0153
 20
0.4954
 10
12.0189
 20
0.4938
 10
12.0222
 20
0.4917
 10
12.0254
 20
0.4894
 10
12.0283
 20
0.4868
 10
12.0309
 20
0.4839
 10
12.0333
 20
0.4807
 10
12.0353
 20
0.4773
 10
12.037
 20
0.4738
 10
12.0383
 20
0.4701
 10
12.0392
 20
0.4663
 10
12.0398
 20
0.4624
 10
12.04
 20
0.4585
 10
12.04
 20
-0.4585
 10
12.0398
 20
-0.4624
 10
12.0392
 20
-0.4663
 10
12.0383
 20
-0.4701
 10
12.037
 20
-0.4738
 10
12.0353
 20
-0.4773
 10
12.0333
 20
-0.4807
 10
12.0309
 20
-0.4839
 10
12.0283
 20
-0.4868
 10
12.0254
 20
-0.4894
 10
12.0222
 20
-0.4917
 10
12.0189
 20
-0.4938
 10
12.0153
 20
-0.4954
 10
12.0116
 20
-0.4968
 10
12.0078
 20
-0.4977
 10
12.0039
 20
-0.4983
 10
12.0
 20
-0.4985
 10
11.9629
 20
-0.4985
 10
11.9589
 20
-0.4983
 10
11.9551
 20
-0.4977
 10
11.9512
 20
-0.4968
 10
11.9475
 20
-0.4954
 10
11.944
 20
-0.4938
 10
11.9406
 20
-0.4917
 10
11.9375
 20
-0.4894
 10
11.9346
 20
-0.4868
 10
11.9319
 20
-0.4839
 10
11.9296
 20
-0.4807
 10
11.9276
 20
-0.4773
 10
11.9259
 20
-0.4738
 10
11.9246
 20
-0.4701
 10
11.9236
 20
-0.4663
 10
11.923
 20
-0.4624
 10
11.9229
 20
-0.4585
 10
11.9229
 20
-0.4141
 10
11.9079
 20
-0.3365
 10
11.8649
 20
-0.2736
 10
11.802
 20
-0.23
 10
11.7246
 20
-0.2129
 10
9.6754
 20
-0.2129
 10
9.5977
 20
-0.2301
 10
9.5345
 20
-0.2736
 10
9.492
 20
-0.3364
 10
9.4771
 20
-0.4141
 10
9.4771
 20
-0.4585
 10
9.477
 20
-0.4624
 10
9.4764
 20
-0.4663
 10
9.4754
 20
-0.4701
 10
9.4741
 20
-0.4738
 10
9.4724
 20
-0.4773
 10
9.4704
 20
-0.4807
 10
9.4681
 20
-0.4839
 10
9.4654
 20
-0.4868
 10
9.4625
 20
-0.4894
 10
9.4594
 20
-0.4917
 10
9.456
 20
-0.4938
 10
9.4525
 20
-0.4954
 10
9.4488
 20
-0.4968
 10
9.4449
 20
-0.4977
 10
9.4411
 20
-0.4983
 10
9.4371
 20
-0.4985
 10
9.4
 20
-0.4985
 10
9.3961
 20
-0.4983
 10
9.3922
 20
-0.4977
 10
9.3884
 20
-0.4968
 10
9.3847
 20
-0.4954
 10
9.3811
 20
-0.4938
 10
9.3778
 20
-0.4917
 10
9.3746
 20
-0.4894
 10
9.3717
 20
-0.4868
 10
9.3691
 20
-0.4839
 10
9.3667
 20
-0.4807
 10
9.3647
 20
-0.4773
 10
9.363
 20
-0.4738
 10
9.3617
 20
-0.4701
 10
9.3608
 20
-0.4663
 10
9.3602
 20
-0.4624
 10
9.36
 20
-0.4585
 10
9.36
 20
0.4585
 10
9.3602
 20
0.4624
 10
9.3608
 20
0.4663
 10
9.3617
 20
0.4701
 10
9.363
 20
0.4738
 10
9.3647
 20
0.4773
 10
9.3667
 20
0.4807
 10
9.3691
 20
0.4839
 10
9.3717
 20
0.4868
 10
9.3746
 20
0.4894
 10
9.3778
 20
0.4917
  0
LWPOLYLINE
  5
DC
330
17
100
AcDbEntity
  8
ALTIN
100
AcDbPolyline
 90
156
 70
1
 10
9.3811
 20
1.7507
 10
9.3847
 20
1.7524
 10
9.3884
 20
1.7537
 10
9.3922
 20
1.7547
 10
9.3961
 20
1.7553
 10
9.4
 20
1.7554
 10
9.4371
 20
1.7554
 10
9.4411
 20
1.7553
 10
9.4449
 20
1.7547
 10
9.4488
 20
1.7537
 10
9.4525
 20
1.7524
 10
9.456
 20
1.7507
 10
9.4594
 20
1.7487
 10
9.4625
 20
1.7464
 10
9.4654
 20
1.7437
 10
9.4681
 20
1.7408
 10
9.4704
 20
1.7377
 10
9.4724
 20
1.7343
 10
9.4741
 20
1.7308
 10
9.4754
 20
1.7271
 10
9.4764
 20
1.7233
 10
9.477
 20
1.7194
 10
9.4771
 20
1.7154
 10
9.4771
 20
1.6711
 10
9.492
 20
1.5936
 10
9.5345
 20
1.5311
 10
9.5979
 20
1.4871
 10
9.6754
 20
1.4699
 10
11.7246
 20
1.4699
 10
11.8019
 20
1.4871
 10
11.8649
 20
1.5311
 10
11.9079
 20
1.5937
 10
11.9229
 20
1.6711
 10
11.9229
 20
1.7154
 10
11.923
 20
1.7194
 10
11.9236
 20
1.7233
 10
11.9246
 20
1.7271
 10
11.9259
 20
1.7308
 10
11.9276
 20
1.7343
 10
11.9296
 20
1.7377
 10
11.9319
 20
1.7408
 10
11.9346
 20
1.7437
 10
11.9375
 20
1.7464
 10
11.9406
 20
1.7487
 10
11.944
 20
1.7507
 10
11.9475
 20
1.7524
 10
11.9512
 20
1.7537
 10
11.9551
 20
1.7547
 10
11.9589
 20
1.7553
 10
11.9629
 20
1.7554
 10
12.0
 20
1.7554
 10
12.0039
 20
1.7553
 10
12.0078
 20
1.7547
 10
12.0116
 20
1.7537
 10
12.0153
 20
1.7524
 10
12.0189
 20
1.7507
 10
12.0222
 20
1.7487
 10
12.0254
 20
1.7464
 10
12.0283
 20
1.7437
 10
12.0309
 20
1.7408
 10
12.0333
 20
1.7377
 10
12.0353
 20
1.7343
 10
12.037
 20
1.7308
 10
12.0383
 20
1.7271
 10
12.0392
 20
1.7233
 10
12.0398
 20
1.7194
 10
12.04
 20
1.7154
 10
12.04
 20
0.7985
 10
12.0398
 20
0.7946
 10
12.0392
 20
0.7907
 10
12.0383
 20
0.7869
 10
12.037
 20
0.7832
 10
12.0353
 20
0.7796
 10
12.0333
 20
0.7763
 10
12.0309
 20
0.7731
 10
12.0283
 20
0.7702
 10
12.0254
 20
0.7676
 10
12.0222
 20
0.7652
 10
12.0189
 20
0.7632
 10
12.0153
 20
0.7615
 10
12.0116
 20
0.7602
 10
12.0078
 20
0.7593
 10
12.0039
 20
0.7587
 10
12.0
 20
0.7585
 10
11.9629
 20
0.7585
 10
11.9589
 20
0.7587
 10
11.9551
 20
0.7593
 10
11.9512
 20
0.7602
 10
11.9475
 20
0.7615
 10
11.944
 20
0.7632
 10
11.9406
 20
0.7652
 10
11.9375
 20
0.7676
 10
11.9346
 20
0.7702
 10
11.9319
 20
0.7731
 10
11.9296
 20
0.7763
 10
11.9276
 20
0.7796
 10
11.9259
 20
0.7832
 10
11.9246
 20
0.7869
 10
11.9236
 20
0.7907
 10
11.923
 20
0.7946
 10
11.9229
 20
0.7985
 10
11.9229
 20
0.8428
 10
11.9079
 20
0.9205
 10
11.8649
 20
0.9834
 10
11.802
 20
1.0269
 10
11.7246
 20
1.044
 10
9.6754
 20
1.044
 10
9.5977
 20
1.0269
 10
9.5345
 20
0.9834
 10
9.492
 20
0.9206
 10
9.4771
 20
0.8429
 10
9.4771
 20
0.7985
 10
9.477
 20
0.7946
 10
9.4764
 20
0.7907
 10
9.4754
 20
0.7869
 10
9.4741
 20
0.7832
 10
9.4724
 20
0.7796
 10
9.4704
 20
0.7763
 10
9.4681
 20
0.7731
 10
9.4654
 20
0.7702
 10
9.4625
 20
0.7676
 10
9.4594
 20
0.7652
 10
9.456
 20
0.7632
 10
9.4525
 20
0.7615
 10
9.4488
 20
0.7602
 10
9.4449
 20
0.7593
 10
9.4411
 20
0.7587
 10
9.4371
 20
0.7585
 10
9.4
 20
0.7585
 10
9.3961
 20
0.7587
 10
9.3922
 20
0.7593
 10
9.3884
 20
0.7602
 10
9.3847
 20
0.7615
 10
9.3811
 20
0.7632
 10
9.3778
 20
0.7652
 10
9.3746
 20
0.7676
 10
9.3717
 20
0.7702
 10
9.3691
 20
0.7731
 10
9.3667
 20
0.7763
 10
9.3647
 20
0.7796
 10
9.363
 20
0.7832
 10
9.3617
 20
0.7869
 10
9.3608
 20
0.7907
 10
9.3602
 20
0.7946
 10
9.36
 20
0.7985
 10
9.36
 20
1.7154
 10
9.3602
 20
1.7194
 10
9.3608
 20
1.7233
 10
9.3617
 20
1.7271
 10
9.363
 20
1.7308
 10
9.3647
 20
1.7343
 10
9.3667
 20
1.7377
 10
9.3691
 20
1.7408
 10
9.3717
 20
1.7437
 10
9.3746
 20
1.7464
 10
9.3778
 20
1.7487
  0
LWPOLYLINE
  5
DD
330
17
100
AcDbEntity
  8
ALTIN
100
AcDbPolyline
 90
4
 70
1
 10
10.6088
 20
6.125
 10
9.5377
 20
5.0563
 10
8.7469
 20
5.05
 10
9.1477
 20
5.7317
  0
LWPOLYLINE
  5
DE
330
17
100
AcDbEntity
  8
ALTIN
100
AcDbPolyline
 90
214
 70
1
 10
1.8391
 20
4.7455
 10
1.9436
 20
4.7322
 10
2.0539
 20
4.7449
 10
2.1475
 20
4.7822
 10
2.2232
 20
4.8418
 10
2.2799
 20
4.9219
 10
2.3158
 20
5.0217
 10
2.3283
 20
5.1414
 10
2.3283
 20
5.9206
 10
2.3233
 20
5.9465
 10
2.311
 20
5.9632
 10
2.2916
 20
5.9751
 10
2.2632
 20
5.98
 10
2.2352
 20
5.98
 10
2.2308
 20
5.9802
 10
2.2264
 20
5.9809
 10
2.2221
 20
5.9819
 10
2.218
 20
5.9834
 10
2.214
 20
5.9853
 10
2.2102
 20
5.9876
 10
2.2066
 20
5.9902
 10
2.2034
 20
5.9932
 10
2.2004
 20
5.9965
 10
2.1978
 20
6.0
 10
2.1955
 20
6.0038
 10
2.1936
 20
6.0078
 10
2.1921
 20
6.0119
 10
2.1911
 20
6.0162
 10
2.1904
 20
6.0206
 10
2.1902
 20
6.025
 10
2.1902
 20
6.045
 10
2.1904
 20
6.0494
 10
2.1911
 20
6.0538
 10
2.1921
 20
6.0581
 10
2.1936
 20
6.0622
 10
2.1955
 20
6.0662
 10
2.1978
 20
6.07
 10
2.2004
 20
6.0735
 10
2.2034
 20
6.0768
 10
2.2066
 20
6.0798
 10
2.2102
 20
6.0824
 10
2.214
 20
6.0847
 10
2.218
 20
6.0866
 10
2.2221
 20
6.0881
 10
2.2264
 20
6.0891
 10
2.2308
 20
6.0898
 10
2.2352
 20
6.09
 10
2.6211
 20
6.09
 10
2.6255
 20
6.0898
 10
2.6299
 20
6.0891
 10
2.6342
 20
6.0881
 10
2.6383
 20
6.0866
 10
2.6423
 20
6.0847
 10
2.6461
 20
6.0824
 10
2.6497
 20
6.0798
 10
2.6529
 20
6.0768
 10
2.6559
 20
6.0735
 10
2.6585
 20
6.07
 10
2.6608
 20
6.0662
 10
2.6627
 20
6.0622
 10
2.6642
 20
6.0581
 10
2.6653
 20
6.0538
 10
2.6659
 20
6.0494
 10
2.6661
 20
6.045
 10
2.6661
 20
6.025
 10
2.6659
 20
6.0206
 10
2.6653
 20
6.0162
 10
2.6642
 20
6.0119
 10
2.6627
 20
6.0078
 10
2.6608
 20
6.0038
 10
2.6585
 20
6.0
 10
2.6559
 20
5.9965
 10
2.6529
 20
5.9932
 10
2.6497
 20
5.9902
 10
2.6461
 20
5.9876
 10
2.6423
 20
5.9853
 10
2.6383
 20
5.9834
 10
2.6342
 20
5.9819
 10
2.6299
 20
5.9809
 10
2.6255
 20
5.9802
 10
2.6211
 20
5.98
 10
2.5931
 20
5.98
 10
2.5647
 20
5.9751
 10
2.5454
 20
5.9632
 10
2.5333
 20
5.9466
 10
2.5283
 20
5.9207
 10
2.5283
 20
5.1431
 10
2.528
 20
5.1381
 10
2.5112
 20
4.9899
 10
2.5106
 20
4.9861
 10
2.5097
 20
4.9822
 10
2.5084
 20
4.9785
 10
2.458
 20
4.8504
 10
2.4563
 20
4.8465
 10
2.4541
 20
4.8428
 10
2.4517
 20
4.8393
 10
2.3703
 20
4.7344
 10
2.3675
 20
4.7311
 10
2.3643
 20
4.7281
 10
2.3609
 20
4.7254
 10
2.2505
 20
4.6462
 10
2.247
 20
4.644
 10
2.2434
 20
4.6421
 10
2.2396
 20
4.6405
 10
2.1039
 20
4.5911
 10
2.0986
 20
4.5895
 10
2.0932
 20
4.5886
 10
1.9358
 20
4.5721
 10
1.9313
 20
4.5719
 10
1.9268
 20
4.5721
 10
1.7574
 20
4.5883
 10
1.7523
 20
4.5891
 10
1.7473
 20
4.5905
 10
1.6027
 20
4.6392
 10
1.599
 20
4.6407
 10
1.5954
 20
4.6425
 10
1.592
 20
4.6445
 10
1.4755
 20
4.7228
 10
1.472
 20
4.7255
 10
1.4687
 20
4.7284
 10
1.4658
 20
4.7317
 10
1.3803
 20
4.8366
 10
1.3777
 20
4.8401
 10
1.3754
 20
4.8439
 10
1.3736
 20
4.8479
 10
1.3211
 20
4.976
 10
1.3197
 20
4.9798
 10
1.3187
 20
4.9837
 10
1.318
 20
4.9878
 10
1.3005
 20
5.1357
 10
1.3002
 20
5.1409
 10
1.3002
 20
5.9207
 10
1.2952
 20
5.9466
 10
1.2831
 20
5.9632
 10
1.2638
 20
5.9751
 10
1.2354
 20
5.98
 10
1.2071
 20
5.98
 10
1.2027
 20
5.9802
 10
1.1983
 20
5.9809
 10
1.194
 20
5.9819
 10
1.1898
 20
5.9834
 10
1.1858
 20
5.9853
 10
1.1821
 20
5.9876
 10
1.1785
 20
5.9902
 10
1.1752
 20
5.9932
 10
1.1723
 20
5.9965
 10
1.1696
 20
6.0
 10
1.1674
 20
6.0038
 10
1.1655
 20
6.0078
 10
1.164
 20
6.0119
 10
1.1629
 20
6.0162
 10
1.1623
 20
6.0206
 10
1.1621
 20
6.025
 10
1.1621
 20
6.045
 10
1.1623
 20
6.0494
 10
1.1629
 20
6.0538
 10
1.164
 20
6.0581
 10
1.1655
 20
6.0622
 10
1.1674
 20
6.0662
 10
1.1696
 20
6.07
 10
1.1723
 20
6.0735
 10
1.1752
 20
6.0768
 10
1.1785
 20
6.0798
 10
1.1821
 20
6.0824
 10
1.1858
 20
6.0847
 10
1.1898
 20
6.0866
 10
1.194
 20
6.0881
 10
1.1983
 20
6.0891
 10
1.2027
 20
6.0898
 10
1.2071
 20
6.09
 10
1.6692
 20
6.09
 10
1.6737
 20
6.0898
 10
1.678
 20
6.0891
 10
1.6823
 20
6.0881
 10
1.6865
 20
6.0866
 10
1.6905
 20
6.0847
 10
1.6943
 20
6.0824
 10
1.6978
 20
6.0798
 10
1.7011
 20
6.0768
 10
1.704
 20
6.0735
 10
1.7067
 20
6.07
 10
1.7089
 20
6.0662
 10
1.7108
 20
6.0622
 10
1.7123
 20
6.0581
 10
1.7134
 20
6.0538
 10
1.714
 20
6.0494
 10
1.7142
 20
6.045
 10
1.7142
 20
6.025
 10
1.714
 20
6.0206
 10
1.7134
 20
6.0162
 10
1.7123
 20
6.0119
 10
1.7108
 20
6.0078
 10
1.7089
 20
6.0038
 10
1.7067
 20
6.0
 10
1.704
 20
5.9965
 10
1.7011
 20
5.9932
 10
1.6978
 20
5.9902
 10
1.6943
 20
5.9876
 10
1.6905
 20
5.9853
 10
1.6865
 20
5.9834
 10
1.6823
 20
5.9819
 10
1.678
 20
5.9809
 10
1.6737
 20
5.9802
 10
1.6692
 20
5.98
 10
1.6409
 20
5.98
 10
1.6126
 20
5.9751
 10
1.5932
 20
5.9632
 10
1.5811
 20
5.9466
 10
1.5761
 20
5.9207
 10
1.5761
 20
5.1671
 10
1.5882
 20
5.0391
 10
1.623
 20
4.9323
 10
1.678
 20
4.847
 10
1.7504
 20
4.7844
  0
LWPOLYLINE
  5
DF
330
17
100
AcDbEntity
  8
ALTIN
100
AcDbPolyline
 90
221
 70
1
 10
0.5823
 20
4.8625
 10
0.5809
 20
4.8586
 10
0.5792
 20
4.8547
 10
0.5772
 20
4.8511
 10
0.5748
 20
4.8476
 10
0.572
 20
4.8444
 10
0.5163
 20
4.7844
 10
0.5116
 20
4.7799
 10
0.437
 20
4.7199
 10
0.4317
 20
4.7163
 10
0.3391
 20
4.6615
 10
0.3361
 20
4.6599
 10
0.333
 20
4.6585
 10
0.2227
 20
4.6142
 10
0.2194
 20
4.613
 10
0.216
 20
4.6121
 10
0.0877
 20
4.5828
 10
0.0842
 20
4.5821
 10
0.0806
 20
4.5817
 10
-0.0661
 20
4.572
 10
-0.0702
 20
4.5719
 10
-0.0744
 20
4.5722
 10
-0.2776
 20
4.5963
 10
-0.2812
 20
4.5969
 10
-0.2848
 20
4.5978
 10
-0.2884
 20
4.599
 10
-0.4661
 20
4.667
 10
-0.4698
 20
4.6687
 10
-0.4733
 20
4.6706
 10
-0.4767
 20
4.6728
 10
-0.6235
 20
4.781
 10
-0.6268
 20
4.7837
 10
-0.6298
 20
4.7867
 10
-0.6326
 20
4.79
 10
-0.743
 20
4.9346
 10
-0.7454
 20
4.938
 10
-0.7474
 20
4.9417
 10
-0.7491
 20
4.9456
 10
-0.818
 20
5.1229
 10
-0.8193
 20
5.1266
 10
-0.8202
 20
5.1304
 10
-0.8208
 20
5.1342
 10
-0.8438
 20
5.34
 10
-0.8441
 20
5.345
 10
-0.8438
 20
5.35
 10
-0.8208
 20
5.556
 10
-0.8202
 20
5.5598
 10
-0.8193
 20
5.5636
 10
-0.8181
 20
5.5673
 10
-0.7492
 20
5.7453
 10
-0.7475
 20
5.7491
 10
-0.7454
 20
5.7528
 10
-0.743
 20
5.7563
 10
-0.6327
 20
5.9018
 10
-0.6299
 20
5.9051
 10
-0.6269
 20
5.9081
 10
-0.6235
 20
5.9108
 10
-0.4767
 20
6.0193
 10
-0.4733
 20
6.0216
 10
-0.4697
 20
6.0236
 10
-0.4659
 20
6.0252
 10
-0.2871
 20
6.0927
 10
-0.2836
 20
6.0939
 10
-0.2799
 20
6.0948
 10
-0.2761
 20
6.0954
 10
-0.0699
 20
6.1179
 10
-0.0665
 20
6.1181
 10
-0.0632
 20
6.1181
 10
0.0428
 20
6.1138
 10
0.0468
 20
6.1134
 10
0.1446
 20
6.1006
 10
0.1485
 20
6.0999
 10
0.2381
 20
6.0799
 10
0.2421
 20
6.0788
 10
0.3226
 20
6.0528
 10
0.3265
 20
6.0513
 10
0.3982
 20
6.0206
 10
0.402
 20
6.0187
 10
0.4644
 20
5.9845
 10
0.4682
 20
5.9822
 10
0.4717
 20
5.9795
 10
0.4749
 20
5.9765
 10
0.4778
 20
5.9733
 10
0.4804
 20
5.9697
 10
0.4827
 20
5.9659
 10
0.4845
 20
5.9619
 10
0.486
 20
5.9578
 10
0.487
 20
5.9535
 10
0.4876
 20
5.9492
 10
0.5157
 20
5.6473
 10
0.5159
 20
5.6429
 10
0.5157
 20
5.6385
 10
0.515
 20
5.6342
 10
0.5139
 20
5.6299
 10
0.5124
 20
5.6258
 10
0.5106
 20
5.6218
 10
0.5083
 20
5.618
 10
0.5056
 20
5.6145
 10
0.5027
 20
5.6112
 10
0.4994
 20
5.6083
 10
0.4959
 20
5.6057
 10
0.4921
 20
5.6034
 10
0.4881
 20
5.6015
 10
0.484
 20
5.6001
 10
0.4797
 20
5.599
 10
0.4753
 20
5.5983
 10
0.4709
 20
5.5981
 10
0.4528
 20
5.5981
 10
0.4483
 20
5.5984
 10
0.4437
 20
5.5991
 10
0.4393
 20
5.6002
 10
0.435
 20
5.6018
 10
0.4309
 20
5.6038
 10
0.4271
 20
5.6062
 10
0.4235
 20
5.609
 10
0.4202
 20
5.6122
 10
0.4172
 20
5.6156
 10
0.4146
 20
5.6194
 10
0.4124
 20
5.6234
 10
0.4106
 20
5.6276
 10
0.371
 20
5.7351
 10
0.3167
 20
5.8161
 10
0.2473
 20
5.8781
 10
0.1631
 20
5.923
 10
0.0652
 20
5.9505
 10
-0.0439
 20
5.9598
 10
-0.1876
 20
5.9407
 10
-0.309
 20
5.8848
 10
-0.4081
 20
5.7951
 10
-0.4827
 20
5.6732
 10
-0.5298
 20
5.521
 10
-0.5458
 20
5.341
 10
-0.5301
 20
5.1657
 10
-0.4836
 20
5.0154
 10
-0.4105
 20
4.8944
 10
-0.3145
 20
4.8056
 10
-0.1972
 20
4.7502
 10
-0.0574
 20
4.7302
 10
0.0154
 20
4.7352
 10
0.0874
 20
4.7503
 10
0.1561
 20
4.7749
 10
0.219
 20
4.8074
 10
0.2733
 20
4.8473
 10
0.3079
 20
4.8846
 10
0.3099
 20
5.1969
 10
0.2953
 20
5.2356
 10
0.2463
 20
5.25
 10
0.2209
 20
5.25
 10
0.2165
 20
5.2502
 10
0.2122
 20
5.2509
 10
0.2079
 20
5.2519
 10
0.2037
 20
5.2534
 10
0.1997
 20
5.2553
 10
0.1959
 20
5.2576
 10
0.1924
 20
5.2602
 10
0.1891
 20
5.2632
 10
0.1862
 20
5.2665
 10
0.1835
 20
5.27
 10
0.1813
 20
5.2738
 10
0.1794
 20
5.2778
 10
0.1779
 20
5.2819
 10
0.1768
 20
5.2862
 10
0.1762
 20
5.2906
 10
0.1759
 20
5.295
 10
0.1759
 20
5.315
 10
0.1762
 20
5.3194
 10
0.1768
 20
5.3238
 10
0.1779
 20
5.3281
 10
0.1794
 20
5.3322
 10
0.1813
 20
5.3362
 10
0.1835
 20
5.34
 10
0.1862
 20
5.3435
 10
0.1891
 20
5.3468
 10
0.1924
 20
5.3498
 10
0.1959
 20
5.3524
 10
0.1997
 20
5.3547
 10
0.2037
 20
5.3566
 10
0.2079
 20
5.3581
 10
0.2122
 20
5.3591
 10
0.2165
 20
5.3598
 10
0.2209
 20
5.36
 10
0.6691
 20
5.36
 10
0.6735
 20
5.3598
 10
0.6778
 20
5.3591
 10
0.6821
 20
5.3581
 10
0.6863
 20
5.3566
 10
0.6903
 20
5.3547
 10
0.6941
 20
5.3524
 10
0.6976
 20
5.3498
 10
0.7009
 20
5.3468
 10
0.7038
 20
5.3435
 10
0.7065
 20
5.34
 10
0.7087
 20
5.3362
 10
0.7106
 20
5.3322
 10
0.7121
 20
5.3281
 10
0.7132
 20
5.3238
 10
0.7138
 20
5.3194
 10
0.7141
 20
5.315
 10
0.7141
 20
5.295
 10
0.7138
 20
5.2906
 10
0.7132
 20
5.2862
 10
0.7121
 20
5.2819
 10
0.7106
 20
5.2778
 10
0.7087
 20
5.2738
 10
0.7065
 20
5.27
 10
0.7038
 20
5.2665
 10
0.7009
 20
5.2632
 10
0.6976
 20
5.2602
 10
0.6941
 20
5.2576
 10
0.6903
 20
5.2553
 10
0.6863
 20
5.2534
 10
0.6821
 20
5.2519
 10
0.6778
 20
5.2509
 10
0.6735
 20
5.2502
 10
0.6691
 20
5.25
 10
0.6455
 20
5.25
 10
0.5971
 20
5.2359
 10
0.5841
 20
5.1976
 10
0.5841
 20
4.875
 10
0.5839
 20
4.8708
 10
0.5833
 20
4.8666
  0
LWPOLYLINE
  5
E0
330
17
100
AcDbEntity
  8
ALTIN
100
AcDbPolyline
 90
253
 70
1
 10
3.1419
 20
4.6034
 10
3.1379
 20
4.6053
 10
3.1341
 20
4.6076
 10
3.1306
 20
4.6102
 10
3.1273
 20
4.6132
 10
3.1243
 20
4.6165
 10
3.1217
 20
4.62
 10
3.1194
 20
4.6238
 10
3.1176
 20
4.6278
 10
3.1161
 20
4.6319
 10
3.115
 20
4.6362
 10
3.1143
 20
4.6406
 10
3.1141
 20
4.645
 10
3.1141
 20
4.665
 10
3.1143
 20
4.6694
 10
3.115
 20
4.6738
 10
3.1161
 20
4.6781
 10
3.1176
 20
4.6822
 10
3.1194
 20
4.6862
 10
3.1217
 20
4.69
 10
3.1243
 20
4.6935
 10
3.1273
 20
4.6968
 10
3.1306
 20
4.6998
 10
3.1341
 20
4.7024
 10
3.1379
 20
4.7047
 10
3.1419
 20
4.7066
 10
3.1461
 20
4.7081
 10
3.1503
 20
4.7091
 10
3.1547
 20
4.7098
 10
3.1591
 20
4.71
 10
3.1808
 20
4.71
 10
3.2158
 20
4.7167
 10
3.2419
 20
4.7344
 10
3.2603
 20
4.7611
 10
3.2682
 20
4.7959
 10
3.2682
 20
5.8941
 10
3.2604
 20
5.9287
 10
3.2419
 20
5.9554
 10
3.2157
 20
5.9733
 10
3.1808
 20
5.98
 10
3.1591
 20
5.98
 10
3.1547
 20
5.9802
 10
3.1503
 20
5.9809
 10
3.1461
 20
5.9819
 10
3.1419
 20
5.9834
 10
3.1379
 20
5.9853
 10
3.1341
 20
5.9876
 10
3.1306
 20
5.9902
 10
3.1273
 20
5.9932
 10
3.1243
 20
5.9965
 10
3.1217
 20
6.0
 10
3.1194
 20
6.0038
 10
3.1176
 20
6.0078
 10
3.1161
 20
6.0119
 10
3.115
 20
6.0162
 10
3.1143
 20
6.0206
 10
3.1141
 20
6.025
 10
3.1141
 20
6.045
 10
3.1143
 20
6.0494
 10
3.115
 20
6.0538
 10
3.1161
 20
6.0581
 10
3.1176
 20
6.0622
 10
3.1194
 20
6.0662
 10
3.1217
 20
6.07
 10
3.1243
 20
6.0735
 10
3.1273
 20
6.0768
 10
3.1306
 20
6.0798
 10
3.1341
 20
6.0824
 10
3.1379
 20
6.0847
 10
3.1419
 20
6.0866
 10
3.1461
 20
6.0881
 10
3.1503
 20
6.0891
 10
3.1547
 20
6.0898
 10
3.1591
 20
6.09
 10
3.7472
 20
6.09
 10
3.7504
 20
6.0899
 10
3.8373
 20
6.0839
 10
3.8407
 20
6.0835
 10
3.844
 20
6.0829
 10
3.9249
 20
6.0649
 10
3.9286
 20
6.0639
 10
3.9322
 20
6.0626
 10
4.0045
 20
6.0328
 10
4.0087
 20
6.0308
 10
4.0126
 20
6.0284
 10
4.0734
 20
5.9873
 10
4.0774
 20
5.9842
 10
4.0811
 20
5.9807
 10
4.1303
 20
5.9281
 10
4.1335
 20
5.9243
 10
4.1362
 20
5.9201
 10
4.1739
 20
5.8559
 10
4.1762
 20
5.8514
 10
4.178
 20
5.8467
 10
4.2021
 20
5.7707
 10
4.2033
 20
5.766
 10
4.204
 20
5.7612
 10
4.2121
 20
5.6732
 10
4.2122
 20
5.6685
 10
4.2119
 20
5.6639
 10
4.2014
 20
5.573
 10
4.2005
 20
5.5679
 10
4.1991
 20
5.563
 10
4.1674
 20
5.4748
 10
4.1655
 20
5.4702
 10
4.1631
 20
5.4659
 10
4.1129
 20
5.3867
 10
4.1097
 20
5.3823
 10
4.106
 20
5.3783
 10
4.0393
 20
5.3144
 10
4.0361
 20
5.3116
 10
4.0327
 20
5.3092
 10
4.0291
 20
5.307
 10
3.9473
 20
5.2641
 10
3.9444
 20
5.2627
 10
3.9487
 20
5.2589
 10
3.9525
 20
5.2551
 10
3.9936
 20
5.2097
 10
3.9956
 20
5.2073
 10
4.0305
 20
5.1628
 10
4.0337
 20
5.1581
 10
4.0393
 20
5.1487
 10
4.0571
 20
5.1224
 10
4.085
 20
5.0826
 10
4.1194
 20
5.0341
 10
4.1575
 20
4.9818
 10
4.1959
 20
4.93
 10
4.2319
 20
4.8836
 10
4.2631
 20
4.8464
 10
4.301
 20
4.8043
 10
4.3369
 20
4.7707
 10
4.3724
 20
4.745
 10
4.4092
 20
4.726
 10
4.4485
 20
4.7142
 10
4.4972
 20
4.7098
 10
4.5016
 20
4.7092
 10
4.5059
 20
4.7082
 10
4.5101
 20
4.7067
 10
4.5141
 20
4.7048
 10
4.518
 20
4.7026
 10
4.5216
 20
4.6999
 10
4.5249
 20
4.697
 10
4.5279
 20
4.6937
 10
4.5305
 20
4.6901
 10
4.5328
 20
4.6863
 10
4.5347
 20
4.6823
 10
4.5362
 20
4.6781
 10
4.5373
 20
4.6738
 10
4.538
 20
4.6694
 10
4.5382
 20
4.665
 10
4.5382
 20
4.645
 10
4.538
 20
4.6406
 10
4.5373
 20
4.6362
 10
4.5362
 20
4.6319
 10
4.5348
 20
4.6278
 10
4.5329
 20
4.6238
 10
4.5306
 20
4.62
 10
4.528
 20
4.6165
 10
4.525
 20
4.6132
 10
4.5217
 20
4.6102
 10
4.5182
 20
4.6076
 10
4.5144
 20
4.6053
 10
4.5104
 20
4.6034
 10
4.5063
 20
4.6019
 10
4.502
 20
4.6009
 10
4.4976
 20
4.6002
 10
4.4932
 20
4.6
 10
4.3532
 20
4.6
 10
4.3501
 20
4.6001
 10
4.2596
 20
4.6064
 10
4.256
 20
4.6068
 10
4.2524
 20
4.6075
 10
4.1729
 20
4.6262
 10
4.1691
 20
4.6272
 10
4.1655
 20
4.6286
 10
4.0965
 20
4.6581
 10
4.093
 20
4.6597
 10
4.0896
 20
4.6617
 10
4.0306
 20
4.7001
 10
4.0277
 20
4.7021
 10
4.025
 20
4.7043
 10
3.975
 20
4.7492
 10
3.9711
 20
4.7532
 10
3.9292
 20
4.8015
 10
3.9269
 20
4.8043
 10
3.9249
 20
4.8073
 10
3.9128
 20
4.8268
 10
3.8924
 20
4.8582
 10
3.8923
 20
4.8583
 10
3.8658
 20
4.8992
 10
3.8656
 20
4.8995
 10
3.8361
 20
4.9459
 10
3.836
 20
4.946
 10
3.8053
 20
4.9948
 10
3.8053
 20
4.9948
 10
3.7751
 20
5.0429
 10
3.775
 20
5.043
 10
3.747
 20
5.0878
 10
3.7229
 20
5.126
 10
3.7228
 20
5.1262
 10
3.7049
 20
5.155
 10
3.7047
 20
5.1553
 10
3.6957
 20
5.1701
 10
3.6623
 20
5.2165
 10
3.6276
 20
5.2534
 10
3.5946
 20
5.2758
 10
3.5547
 20
5.2853
 10
3.5505
 20
5.2865
 10
3.5465
 20
5.2881
 10
3.5441
 20
5.2893
 10
3.5441
 20
4.7953
 10
3.5509
 20
4.7606
 10
3.569
 20
4.7346
 10
3.5959
 20
4.7167
 10
3.6315
 20
4.71
 10
3.651
 20
4.71
 10
3.6554
 20
4.7098
 10
3.6598
 20
4.7091
 10
3.6641
 20
4.7081
 10
3.6682
 20
4.7066
 10
3.6722
 20
4.7047
 10
3.676
 20
4.7024
 10
3.6795
 20
4.6998
 10
3.6828
 20
4.6968
 10
3.6858
 20
4.6935
 10
3.6884
 20
4.69
 10
3.6907
 20
4.6862
 10
3.6926
 20
4.6822
 10
3.6941
 20
4.6781
 10
3.6951
 20
4.6738
 10
3.6958
 20
4.6694
 10
3.696
 20
4.665
 10
3.696
 20
4.645
 10
3.6958
 20
4.6406
 10
3.6951
 20
4.6362
 10
3.6941
 20
4.6319
 10
3.6926
 20
4.6278
 10
3.6907
 20
4.6238
 10
3.6884
 20
4.62
 10
3.6858
 20
4.6165
 10
3.6828
 20
4.6132
 10
3.6795
 20
4.6102
 10
3.676
 20
4.6076
 10
3.6722
 20
4.6053
 10
3.6682
 20
4.6034
 10
3.6641
 20
4.6019
 10
3.6598
 20
4.6009
 10
3.6554
 20
4.6002
 10
3.651
 20
4.6
 10
3.1591
 20
4.6
 10
3.1547
 20
4.6002
 10
3.1503
 20
4.6009
 10
3.1461
 20
4.6019
  0
LWPOLYLINE
  5
E1
330
17
100
AcDbEntity
  8
ALTIN
100
AcDbPolyline
 90
31
 70
1
 10
3.5577
 20
5.3935
 10
3.5622
 20
5.394
 10
3.5667
 20
5.394
 10
3.5751
 20
5.3937
 10
3.5755
 20
5.3937
 10
3.5953
 20
5.3928
 10
3.6225
 20
5.3927
 10
3.6541
 20
5.394
 10
3.7039
 20
5.399
 10
3.7546
 20
5.41
 10
3.8021
 20
5.4299
 10
3.8439
 20
5.4612
 10
3.8791
 20
5.508
 10
3.906
 20
5.5782
 10
3.9099
 20
5.5955
 10
3.9131
 20
5.6193
 10
3.9147
 20
5.6464
 10
3.9142
 20
5.6731
 10
3.8976
 20
5.7851
 10
3.8552
 20
5.8618
 10
3.7933
 20
5.9091
 10
3.7088
 20
5.9284
 10
3.6668
 20
5.9307
 10
3.6194
 20
5.9309
 10
3.5733
 20
5.9302
 10
3.5729
 20
5.9302
 10
3.5441
 20
5.9301
 10
3.5441
 20
5.3889
 10
3.5449
 20
5.3893
 10
3.549
 20
5.3911
 10
3.5533
 20
5.3925
  0
LWPOLYLINE
  5
E2
330
17
100
AcDbEntity
  8
ALTIN
100
AcDbPolyline
 90
92
 70
1
 10
-3.3428
 20
6.0237
 10
-3.3391
 20
6.0217
 10
-3.3357
 20
6.0195
 10
-3.1871
 20
5.911
 10
-3.1838
 20
5.9083
 10
-3.1807
 20
5.9052
 10
-3.1779
 20
5.902
 10
-3.0665
 20
5.7564
 10
-3.0641
 20
5.753
 10
-3.0621
 20
5.7493
 10
-3.0604
 20
5.7455
 10
-2.9905
 20
5.5675
 10
-2.9892
 20
5.5637
 10
-2.9883
 20
5.5599
 10
-2.9877
 20
5.5561
 10
-2.9644
 20
5.3501
 10
-2.9641
 20
5.345
 10
-2.9644
 20
5.3399
 10
-2.9877
 20
5.1339
 10
-2.9883
 20
5.1301
 10
-2.9892
 20
5.1263
 10
-2.9905
 20
5.1226
 10
-3.0604
 20
4.9445
 10
-3.0621
 20
4.9407
 10
-3.0641
 20
4.937
 10
-3.0665
 20
4.9336
 10
-3.1779
 20
4.788
 10
-3.1807
 20
4.7848
 10
-3.1838
 20
4.7818
 10
-3.1871
 20
4.7791
 10
-3.3357
 20
4.6705
 10
-3.3391
 20
4.6683
 10
-3.3428
 20
4.6663
 10
-3.3465
 20
4.6647
 10
-3.5277
 20
4.5972
 10
-3.5313
 20
4.596
 10
-3.5349
 20
4.5952
 10
-3.5386
 20
4.5946
 10
-3.7484
 20
4.5721
 10
-3.7532
 20
4.5719
 10
-3.7581
 20
4.5721
 10
-3.9649
 20
4.5946
 10
-3.9686
 20
4.5952
 10
-3.9722
 20
4.5961
 10
-3.9758
 20
4.5972
 10
-4.1561
 20
4.6647
 10
-4.1599
 20
4.6663
 10
-4.1635
 20
4.6683
 10
-4.1669
 20
4.6705
 10
-4.3154
 20
4.7791
 10
-4.3187
 20
4.7818
 10
-4.3218
 20
4.7847
 10
-4.3245
 20
4.788
 10
-4.4361
 20
4.9336
 10
-4.4385
 20
4.937
 10
-4.4406
 20
4.9407
 10
-4.4423
 20
4.9446
 10
-4.5119
 20
5.1226
 10
-4.5132
 20
5.1263
 10
-4.5141
 20
5.1301
 10
-4.5147
 20
5.134
 10
-4.5379
 20
5.34
 10
-4.5382
 20
5.345
 10
-4.5379
 20
5.35
 10
-4.5147
 20
5.5561
 10
-4.5141
 20
5.5599
 10
-4.5132
 20
5.5637
 10
-4.5119
 20
5.5674
 10
-4.4423
 20
5.7455
 10
-4.4406
 20
5.7493
 10
-4.4385
 20
5.753
 10
-4.4361
 20
5.7564
 10
-4.3245
 20
5.902
 10
-4.3218
 20
5.9053
 10
-4.3187
 20
5.9083
 10
-4.3154
 20
5.9109
 10
-4.1669
 20
6.0195
 10
-4.1635
 20
6.0217
 10
-4.1599
 20
6.0237
 10
-4.1561
 20
6.0253
 10
-3.9758
 20
6.0928
 10
-3.9722
 20
6.0939
 10
-3.9686
 20
6.0948
 10
-3.9649
 20
6.0954
 10
-3.7581
 20
6.1179
 10
-3.7532
 20
6.1181
 10
-3.7484
 20
6.1179
 10
-3.5386
 20
6.0954
 10
-3.5349
 20
6.0948
 10
-3.5313
 20
6.094
 10
-3.5277
 20
6.0928
 10
-3.3465
 20
6.0253
  0
LWPOLYLINE
  5
E3
330
17
100
AcDbEntity
  8
ALTIN
100
AcDbPolyline
 90
24
 70
1
 10
-3.2684
 20
5.345
 10
-3.2841
 20
5.5233
 10
-3.3305
 20
5.6744
 10
-3.4035
 20
5.7958
 10
-3.4989
 20
5.8852
 10
-3.6151
 20
5.9408
 10
-3.7531
 20
5.9596
 10
-3.8882
 20
5.9408
 10
-4.0044
 20
5.8852
 10
-4.1006
 20
5.7957
 10
-4.1737
 20
5.6743
 10
-4.2201
 20
5.5233
 10
-4.2358
 20
5.345
 10
-4.2201
 20
5.1666
 10
-4.1737
 20
5.0154
 10
-4.1006
 20
4.8941
 10
-4.0044
 20
4.8045
 10
-3.8882
 20
4.7491
 10
-3.7531
 20
4.7304
 10
-3.6151
 20
4.7491
 10
-3.4989
 20
4.8045
 10
-3.4035
 20
4.894
 10
-3.3305
 20
5.0153
 10
-3.2841
 20
5.1666
  0
LWPOLYLINE
  5
E4
330
17
100
AcDbEntity
  8
ALTIN
100
AcDbPolyline
 90
175
 70
1
 10
-2.4923
 20
4.6053
 10
-2.4961
 20
4.6076
 10
-2.4997
 20
4.6102
 10
-2.5029
 20
4.6132
 10
-2.5059
 20
4.6165
 10
-2.5085
 20
4.62
 10
-2.5108
 20
4.6238
 10
-2.5127
 20
4.6278
 10
-2.5142
 20
4.6319
 10
-2.5153
 20
4.6362
 10
-2.5159
 20
4.6406
 10
-2.5161
 20
4.645
 10
-2.5161
 20
4.6631
 10
-2.5159
 20
4.6672
 10
-2.5154
 20
4.6713
 10
-2.5144
 20
4.6753
 10
-2.5132
 20
4.6792
 10
-2.5115
 20
4.683
 10
-2.5095
 20
4.6866
 10
-1.7473
 20
5.9341
 10
-2.2725
 20
5.9341
 10
-2.3177
 20
5.9249
 10
-2.3495
 20
5.9036
 10
-2.3701
 20
5.8723
 10
-2.378
 20
5.827
 10
-2.378
 20
5.7991
 10
-2.3782
 20
5.7947
 10
-2.3789
 20
5.7903
 10
-2.3799
 20
5.786
 10
-2.3814
 20
5.7818
 10
-2.3833
 20
5.7779
 10
-2.3856
 20
5.7741
 10
-2.3882
 20
5.7705
 10
-2.3912
 20
5.7672
 10
-2.3945
 20
5.7643
 10
-2.398
 20
5.7616
 10
-2.4018
 20
5.7594
 10
-2.4058
 20
5.7575
 10
-2.4099
 20
5.756
 10
-2.4142
 20
5.7549
 10
-2.4186
 20
5.7543
 10
-2.423
 20
5.7541
 10
-2.443
 20
5.7541
 10
-2.4474
 20
5.7543
 10
-2.4518
 20
5.7549
 10
-2.4561
 20
5.756
 10
-2.4602
 20
5.7575
 10
-2.4642
 20
5.7594
 10
-2.468
 20
5.7616
 10
-2.4715
 20
5.7643
 10
-2.4748
 20
5.7672
 10
-2.4778
 20
5.7705
 10
-2.4804
 20
5.7741
 10
-2.4827
 20
5.7779
 10
-2.4846
 20
5.7818
 10
-2.4861
 20
5.786
 10
-2.4871
 20
5.7903
 10
-2.4878
 20
5.7947
 10
-2.488
 20
5.7991
 10
-2.488
 20
6.0831
 10
-2.4878
 20
6.0876
 10
-2.4871
 20
6.092
 10
-2.486
 20
6.0963
 10
-2.4845
 20
6.1005
 10
-2.4826
 20
6.1045
 10
-2.4803
 20
6.1083
 10
-2.4776
 20
6.1119
 10
-2.4746
 20
6.1152
 10
-2.4713
 20
6.1181
 10
-2.4677
 20
6.1208
 10
-2.4638
 20
6.123
 10
-2.4598
 20
6.1249
 10
-2.4556
 20
6.1263
 10
-2.4512
 20
6.1274
 10
-2.4468
 20
6.128
 10
-2.4424
 20
6.1281
 10
-2.4379
 20
6.1278
 10
-2.4335
 20
6.1271
 10
-2.4292
 20
6.126
 10
-2.4059
 20
6.1184
 10
-2.3733
 20
6.111
 10
-2.3319
 20
6.1039
 10
-2.2859
 20
6.0975
 10
-2.2403
 20
6.0933
 10
-2.1985
 20
6.0919
 10
-1.6176
 20
6.0919
 10
-1.5779
 20
6.0929
 10
-1.536
 20
6.0958
 10
-1.4952
 20
6.1001
 10
-1.4599
 20
6.1053
 10
-1.4349
 20
6.1104
 10
-1.42
 20
6.1156
 10
-1.4157
 20
6.1169
 10
-1.4113
 20
6.1177
 10
-1.4068
 20
6.1181
 10
-1.4023
 20
6.118
 10
-1.3978
 20
6.1175
 10
-1.3934
 20
6.1165
 10
-1.3891
 20
6.1151
 10
-1.3849
 20
6.1133
 10
-1.381
 20
6.1111
 10
-1.3773
 20
6.1085
 10
-1.3739
 20
6.1055
 10
-1.3708
 20
6.1022
 10
-1.3681
 20
6.0986
 10
-1.3657
 20
6.0948
 10
-1.3638
 20
6.0907
 10
-1.3622
 20
6.0865
 10
-1.3611
 20
6.0821
 10
-1.3604
 20
6.0776
 10
-1.3602
 20
6.0731
 10
-1.3602
 20
6.055
 10
-1.3604
 20
6.0509
 10
-1.3609
 20
6.0469
 10
-1.3619
 20
6.0429
 10
-1.3631
 20
6.039
 10
-1.3648
 20
6.0352
 10
-1.3667
 20
6.0317
 10
-2.1398
 20
4.7581
 10
-1.6632
 20
4.7581
 10
-1.5685
 20
4.775
 10
-1.4956
 20
4.8232
 10
-1.4386
 20
4.8992
 10
-1.399
 20
5.0013
 10
-1.3972
 20
5.0054
 10
-1.3949
 20
5.0093
 10
-1.3923
 20
5.0129
 10
-1.3894
 20
5.0163
 10
-1.3861
 20
5.0194
 10
-1.3825
 20
5.0221
 10
-1.3787
 20
5.0245
 10
-1.3746
 20
5.0264
 10
-1.3704
 20
5.028
 10
-1.366
 20
5.0291
 10
-1.3616
 20
5.0298
 10
-1.3571
 20
5.03
 10
-1.3371
 20
5.03
 10
-1.3326
 20
5.0298
 10
-1.3283
 20
5.0291
 10
-1.324
 20
5.0281
 10
-1.3198
 20
5.0266
 10
-1.3158
 20
5.0247
 10
-1.312
 20
5.0224
 10
-1.3085
 20
5.0198
 10
-1.3052
 20
5.0168
 10
-1.3023
 20
5.0135
 10
-1.2996
 20
5.01
 10
-1.2974
 20
5.0062
 10
-1.2955
 20
5.0022
 10
-1.294
 20
4.998
 10
-1.2929
 20
4.9937
 10
-1.2923
 20
4.9894
 10
-1.2921
 20
4.9849
 10
-1.2923
 20
4.9805
 10
-1.2929
 20
4.9762
 10
-1.3611
 20
4.6362
 10
-1.3621
 20
4.6319
 10
-1.3636
 20
4.6277
 10
-1.3655
 20
4.6237
 10
-1.3678
 20
4.62
 10
-1.3704
 20
4.6164
 10
-1.3734
 20
4.6132
 10
-1.3767
 20
4.6102
 10
-1.3802
 20
4.6076
 10
-1.384
 20
4.6053
 10
-1.388
 20
4.6034
 10
-1.3921
 20
4.6019
 10
-1.3964
 20
4.6009
 10
-1.4008
 20
4.6002
 10
-1.4052
 20
4.6
 10
-2.4711
 20
4.6
 10
-2.4755
 20
4.6002
 10
-2.4799
 20
4.6009
 10
-2.4842
 20
4.6019
 10
-2.4883
 20
4.6034
  0
ENDSEC
  0
SECTION
  2
OBJECTS
  0
DICTIONARY
  5
A
330
0
100
AcDbDictionary
281
1
  3
ACAD_COLOR
350
B
  3
ACAD_GROUP
350
C
  3
ACAD_LAYOUT
350
D
  3
ACAD_MATERIAL
350
E
  3
ACAD_MLEADERSTYLE
350
F
  3
ACAD_MLINESTYLE
350
10
  3
ACAD_PLOTSETTINGS
350
11
  3
ACAD_PLOTSTYLENAME
350
12
  3
ACAD_SCALELIST
350
14
  3
ACAD_TABLESTYLE
350
15
  3
ACAD_VISUALSTYLE
350
16
  3
EZDXF_META
350
2D
  0
DICTIONARY
  5
B
330
A
100
AcDbDictionary
281
1
  0
DICTIONARY
  5
C
330
A
100
AcDbDictionary
281
1
  0
DICTIONARY
  5
D
330
A
100
AcDbDictionary
281
1
  3
Model
350
1A
  3
Layout1
350
1E
  0
DICTIONARY
  5
E
330
A
100
AcDbDictionary
281
1
  3
ByBlock
350
1F
  3
ByLayer
350
20
  3
Global
350
21
  0
DICTIONARY
  5
F
330
A
100
AcDbDictionary
281
1
  3
Standard
350
2C
  0
DICTIONARY
  5
10
330
A
100
AcDbDictionary
281
1
  3
Standard
350
22
  0
DICTIONARY
  5
11
330
A
100
AcDbDictionary
281
1
  0
ACDBDICTIONARYWDFLT
  5
12
330
A
100
AcDbDictionary
281
1
  3
Normal
350
13
100
AcDbDictionaryWithDefault
340
13
  0
ACDBPLACEHOLDER
  5
13
330
12
  0
DICTIONARY
  5
14
330
A
100
AcDbDictionary
281
1
  0
DICTIONARY
  5
15
330
A
100
AcDbDictionary
281
1
  0
DICTIONARY
  5
16
330
A
100
AcDbDictionary
281
1
  3
2dWireframe
350
5A
  3
Basic
350
5B
  3
Brighten
350
5C
  3
ColorChange
350
5D
  3
Conceptual
350
5E
  3
Dim
350
5F
  3
EdgeColorOff
350
60
  3
Facepattern
350
61
  3
Flat
350
62
  3
FlatWithEdges
350
63
  3
Gouraud
350
64
  3
GouraudWithEdges
350
65
  3
Hidden
350
66
  3
JitterOff
350
67
  3
Linepattern
350
68
  3
Modeling
350
69
  3
OverhangOff
350
6A
  3
Realistic
350
6B
  3
Shaded
350
6C
  3
Shaded with edges
350
6D
  3
Shades of Gray
350
6E
  3
Sketchy
350
6F
  3
Thicken
350
70
  3
Wireframe
350
71
  3
X-Ray
350
72
  0
LAYOUT
  5
1A
330
D
100
AcDbPlotSettings
  1

  4
A3
  6

 40
7.5
 41
20.0
 42
7.5
 43
20.0
 44
420.0
 45
297.0
 46
0.0
 47
0.0
 48
0.0
 49
0.0
140
0.0
141
0.0
142
1.0
143
1.0
 70
1024
 72
1
 73
0
 74
5
  7

 75
16
 76
0
 77
2
 78
300
147
1.0
148
0.0
149
0.0
100
AcDbLayout
  1
Model
 70
1
 71
0
 10
0.0
 20
0.0
 11
420.0
 21
297.0
 12
0.0
 22
0.0
 32
0.0
 14
1e+20
 24
1e+20
 34
1e+20
 15
-1e+20
 25
-1e+20
 35
-1e+20
146
0.0
 13
0.0
 23
0.0
 33
0.0
 16
1.0
 26
0.0
 36
0.0
 17
0.0
 27
1.0
 37
0.0
 76
1
330
17
  0
LAYOUT
  5
1E
330
D
100
AcDbPlotSettings
  1

  4
A3
  6

 40
7.5
 41
20.0
 42
7.5
 43
20.0
 44
420.0
 45
297.0
 46
0.0
 47
0.0
 48
0.0
 49
0.0
140
0.0
141
0.0
142
1.0
143
1.0
 70
0
 72
1
 73
0
 74
5
  7

 75
16
 76
0
 77
2
 78
300
147
1.0
148
0.0
149
0.0
100
AcDbLayout
  1
Layout1
 70
1
 71
1
 10
0.0
 20
0.0
 11
420.0
 21
297.0
 12
0.0
 22
0.0
 32
0.0
 14
1e+20
 24
1e+20
 34
1e+20
 15
-1e+20
 25
-1e+20
 35
-1e+20
146
0.0
 13
0.0
 23
0.0
 33
0.0
 16
1.0
 26
0.0
 36
0.0
 17
0.0
 27
1.0
 37
0.0
 76
1
330
1B
  0
MATERIAL
  5
1F
102
{ACAD_REACTORS
330
E
102
}
330
E
100
AcDbMaterial
  1
ByBlock
  2

 70
0
 40
1.0
 71
1
 41
1.0
 91
-1023410177
 42
1.0
 72
1
  3

 73
1
 74
1
 75
1
 44
0.5
 73
0
 45
1.0
 46
1.0
 77
1
  4

 78
1
 79
1
170
1
 48
1.0
171
1
  6

172
1
173
1
174
1
140
1.0
141
1.0
175
1
  7

176
1
177
1
178
1
143
1.0
179
1
  8

270
1
271
1
272
1
145
1.0
146
1.0
273
1
  9

274
1
275
1
276
1
 42
1.0
 72
1
  3

 73
1
 74
1
 75
1
 94
63
  0
MATERIAL
  5
20
102
{ACAD_REACTORS
330
E
102
}
330
E
100
AcDbMaterial
  1
ByLayer
  2

 70
0
 40
1.0
 71
1
 41
1.0
 91
-1023410177
 42
1.0
 72
1
  3

 73
1
 74
1
 75
1
 44
0.5
 73
0
 45
1.0
 46
1.0
 77
1
  4

 78
1
 79
1
170
1
 48
1.0
171
1
  6

172
1
173
1
174
1
140
1.0
141
1.0
175
1
  7

176
1
177
1
178
1
143
1.0
179
1
  8

270
1
271
1
272
1
145
1.0
146
1.0
273
1
  9

274
1
275
1
276
1
 42
1.0
 72
1
  3

 73
1
 74
1
 75
1
 94
63
  0
MATERIAL
  5
21
102
{ACAD_REACTORS
330
E
102
}
330
E
100
AcDbMaterial
  1
Global
  2

 70
0
 40
1.0
 71
1
 41
1.0
 91
-1023410177
 42
1.0
 72
1
  3

 73
1
 74
1
 75
1
 44
0.5
 73
0
 45
1.0
 46
1.0
 77
1
  4

 78
1
 79
1
170
1
 48
1.0
171
1
  6

172
1
173
1
174
1
140
1.0
141
1.0
175
1
  7

176
1
177
1
178
1
143
1.0
179
1
  8

270
1
271
1
272
1
145
1.0
146
1.0
273
1
  9

274
1
275
1
276
1
 42
1.0
 72
1
  3

 73
1
 74
1
 75
1
 94
63
  0
MLINESTYLE
  5
22
102
{ACAD_REACTORS
330
10
102
}
330
10
100
AcDbMlineStyle
  2
Standard
 70
0
  3

 62
256
 51
90.0
 52
90.0
 71
2
 49
0.5
 62
256
  6
BYLAYER
 49
-0.5
 62
256
  6
BYLAYER
  0
MLEADERSTYLE
  5
2C
102
{ACAD_REACTORS
330
F
102
}
330
F
100
AcDbMLeaderStyle
179
2
170
2
171
1
172
0
 90
2
 40
0.0
 41
0.0
173
1
 91
-1056964608
 92
-2
290
1
 42
2.0
291
1
 43
8.0
  3
Standard
 44
4.0
300

342
29
174
1
175
1
176
0
178
1
 93
-1056964608
 45
4.0
292
0
297
0
 46
4.0
 94
-1056964608
 47
1.0
 49
1.0
140
1.0
294
1
141
0.0
177
0
142
1.0
295
0
296
0
143
3.75
271
0
272
9
273
9
  0
DICTIONARY
  5
2D
330
A
100
AcDbDictionary
280
1
281
1
  3
CREATED_BY_EZDXF
350
2E
  3
WRITTEN_BY_EZDXF
350
E7
  0
DICTIONARYVAR
  5
2E
330
2D
100
DictionaryVariables
280
0
  1
1.4.4 @ 2026-10-08T09:09:25.236506+00:00
  0
VISUALSTYLE
  5
5A
102
{ACAD_REACTORS
330
16
102
}
330
16
100
AcDbVisualStyle
  2
2dWireframe
 70
4
 90
0
 40
0.6
 62
7
290
0
291
0
  0
VISUALSTYLE
  5
5B
102
{ACAD_REACTORS
330
16
102
}
330
16
100
AcDbVisualStyle
  2
Basic
 70
7
 90
1
 40
0.6
 62
7
290
0
291
1
  0
VISUALSTYLE
  5
5C
102
{ACAD_REACTORS
330
16
102
}
330
16
100
AcDbVisualStyle
  2
Brighten
 70
12
 90
2
 40
0.6
 62
7
290
0
291
1
  0
VISUALSTYLE
  5
5D
102
{ACAD_REACTORS
330
16
102
}
330
16
100
AcDbVisualStyle
  2
ColorChange
 70
16
 90
2
 40
0.6
 62
8
290
0
291
1
  0
VISUALSTYLE
  5
5E
102
{ACAD_REACTORS
330
16
102
}
330
16
100
AcDbVisualStyle
  2
Conceptual
 70
9
 90
3
 40
0.6
 62
7
290
0
291
0
  0
VISUALSTYLE
  5
5F
102
{ACAD_REACTORS
330
16
102
}
330
16
100
AcDbVisualStyle
  2
Dim
 70
11
 90
2
 40
0.6
 62
7
290
0
291
1
  0
VISUALSTYLE
  5
60
102
{ACAD_REACTORS
330
16
102
}
330
16
100
AcDbVisualStyle
  2
EdgeColorOff
 70
22
 90
2
 40
0.6
 62
7
290
0
291
1
  0
VISUALSTYLE
  5
61
102
{ACAD_REACTORS
330
16
102
}
330
16
100
AcDbVisualStyle
  2
Facepattern
 70
15
 90
2
 40
0.6
 62
7
290
0
291
1
  0
VISUALSTYLE
  5
62
102
{ACAD_REACTORS
330
16
102
}
330
16
100
AcDbVisualStyle
  2
Flat
 70
0
 90
2
 40
0.6
 62
7
290
0
291
1
  0
VISUALSTYLE
  5
63
102
{ACAD_REACTORS
330
16
102
}
330
16
100
AcDbVisualStyle
  2
FlatWithEdges
 70
1
 90
2
 40
0.6
 62
7
290
0
291
1
  0
VISUALSTYLE
  5
64
102
{ACAD_REACTORS
330
16
102
}
330
16
100
AcDbVisualStyle
  2
Gouraud
 70
2
 90
2
 40
0.6
 62
7
290
0
291
1
  0
VISUALSTYLE
  5
65
102
{ACAD_REACTORS
330
16
102
}
330
16
100
AcDbVisualStyle
  2
GouraudWithEdges
 70
3
 90
2
 40
0.6
 62
7
290
0
291
1
  0
VISUALSTYLE
  5
66
102
{ACAD_REACTORS
330
16
102
}
330
16
100
AcDbVisualStyle
  2
Hidden
 70
6
 90
1
 40
0.6
 62
7
290
0
291
0
  0
VISUALSTYLE
  5
67
102
{ACAD_REACTORS
330
16
102
}
330
16
100
AcDbVisualStyle
  2
JitterOff
 70
20
 90
2
 40
0.6
 62
7
290
0
291
1
  0
VISUALSTYLE
  5
68
102
{ACAD_REACTORS
330
16
102
}
330
16
100
AcDbVisualStyle
  2
Linepattern
 70
14
 90
2
 40
0.6
 62
7
290
0
291
1
  0
VISUALSTYLE
  5
69
102
{ACAD_REACTORS
330
16
102
}
330
16
100
AcDbVisualStyle
  2
Modeling
 70
10
 90
2
 40
0.6
 62
7
290
0
291
0
  0
VISUALSTYLE
  5
6A
102
{ACAD_REACTORS
330
16
102
}
330
16
100
AcDbVisualStyle
  2
OverhangOff
 70
21
 90
2
 40
0.6
 62
7
290
0
291
1
  0
VISUALSTYLE
  5
6B
102
{ACAD_REACTORS
330
16
102
}
330
16
100
AcDbVisualStyle
  2
Realistic
 70
8
 90
2
 40
0.6
 62
7
290
0
291
0
  0
VISUALSTYLE
  5
6C
102
{ACAD_REACTORS
330
16
102
}
330
16
100
AcDbVisualStyle
  2
Shaded
 70
27
 90
2
 40
0.6
 62
7
290
0
291
0
  0
VISUALSTYLE
  5
6D
102
{ACAD_REACTORS
330
16
102
}
330
16
100
AcDbVisualStyle
  2
Shaded with edges
 70
26
 90
2
 40
0.6
 62
7
290
0
291
0
  0
VISUALSTYLE
  5
6E
102
{ACAD_REACTORS
330
16
102
}
330
16
100
AcDbVisualStyle
  2
Shades of Gray
 70
23
 90
2
 40
0.6
 62
7
290
0
291
0
  0
VISUALSTYLE
  5
6F
102
{ACAD_REACTORS
330
16
102
}
330
16
100
AcDbVisualStyle
  2
Sketchy
 70
24
 90
1
 40
0.6
 62
7
290
0
291
0
  0
VISUALSTYLE
  5
70
102
{ACAD_REACTORS
330
16
102
}
330
16
100
AcDbVisualStyle
  2
Thicken
 70
13
 90
2
 40
0.6
 62
7
290
0
291
1
  0
VISUALSTYLE
  5
71
102
{ACAD_REACTORS
330
16
102
}
330
16
100
AcDbVisualStyle
  2
Wireframe
 70
5
 90
0
 40
0.6
 62
7
290
0
291
0
  0
VISUALSTYLE
  5
72
102
{ACAD_REACTORS
330
16
102
}
330
16
100
AcDbVisualStyle
  2
X-Ray
 70
25
 90
2
 40
0.5
 62
7
290
0
291
0
  0
DICTIONARYVAR
  5
E7
330
2D
100
DictionaryVariables
280
0
  1
1.4.4 @ 2026-10-08T09:09:25.537945+00:00
  0
ENDSEC
  0
EOF
