  0
SECTION
  2
HEADER
  9
$ACADVER
  1
AC1024
  9
$ACADMAINTVER
 70
6
  9
$DWGCODEPAGE
  3
ANSI_1252
  9
$LASTSAVEDBY
  1
ezdxf
  9
$INSBASE
 10
0.0
 20
0.0
 30
0.0
  9
$EXTMIN
 10
1e+20
 20
1e+20
 30
1e+20
  9
$EXTMAX
 10
-1e+20
 20
-1e+20
 30
-1e+20
  9
$LIMMIN
 10
0.0
 20
0.0
  9
$LIMMAX
 10
420.0
 20
297.0
  9
$ORTHOMODE
 70
0
  9
$REGENMODE
 70
1
  9
$FILLMODE
 70
1
  9
$QTEXTMODE
 70
0
  9
$MIRRTEXT
 70
1
  9
$LTSCALE
 40
1.0
  9
$ATTMODE
 70
1
  9
$TEXTSIZE
 40
2.5
  9
$TRACEWID
 40
1.0
  9
$TEXTSTYLE
  7
OpenSans
  9
$CLAYER
  8
0
  9
$CELTYPE
  6
ByLayer
  9
$CECOLOR
 62
256
  9
$CELTSCALE
 40
1.0
  9
$DISPSILH
 70
0
  9
$DIMSCALE
 40
1.0
  9
$DIMASZ
 40
0.175
  9
$DIMEXO
 40
0.125
  9
$DIMDLI
 40
3.75
  9
$DIMRND
 40
0.0
  9
$DIMDLE
 40
0.0
  9
$DIMEXE
 40
0.375
  9
$DIMTP
 40
0.0
  9
$DIMTM
 40
0.0
  9
$DIMTXT
 40
0.25
  9
$DIMCEN
 40
2.5
  9
$DIMTSZ
 40
0.0
  9
$DIMTOL
 70
0
  9
$DIMLIM
 70
0
  9
$DIMTIH
 70
0
  9
$DIMTOH
 70
0
  9
$DIMSE1
 70
0
  9
$DIMSE2
 70
0
  9
$DIMTAD
 70
1
  9
$DIMZIN
 70
12
  9
$DIMBLK
  1
ARCHTICK
  9
$DIMASO
 70
1
  9
$DIMSHO
 70
1
  9
$DIMPOST
  1

  9
$DIMAPOST
  1

  9
$DIMALT
 70
0
  9
$DIMALTD
 70
3
  9
$DIMALTF
 40
0.03937007874
  9
$DIMLFAC
 40
100.0
  9
$DIMTOFL
 70
1
  9
$DIMTVP
 40
0.0
  9
$DIMTIX
 70
0
  9
$DIMSOXD
 70
0
  9
$DIMSAH
 70
0
  9
$DIMBLK1
  1

  9
$DIMBLK2
  1

  9
$DIMSTYLE
  2
EZDXF
  9
$DIMCLRD
 70
0
  9
$DIMCLRE
 70
0
  9
$DIMCLRT
 70
0
  9
$DIMTFAC
 40
0.5
  9
$DIMGAP
 40
0.1
  9
$DIMJUST
 70
0
  9
$DIMSD1
 70
0
  9
$DIMSD2
 70
0
  9
$DIMTOLJ
 70
0
  9
$DIMTZIN
 70
8
  9
$DIMALTZ
 70
0
  9
$DIMALTTZ
 70
0
  9
$DIMUPT
 70
1
  9
$DIMDEC
 70
2
  9
$DIMTDEC
 70
2
  9
$DIMALTU
 70
2
  9
$DIMALTTD
 70
3
  9
$DIMTXSTY
  7
OpenSansCondensed-Light
  9
$DIMAUNIT
 70
0
  9
$DIMADEC
 70
2
  9
$DIMALTRND
 40
0.0
  9
$DIMAZIN
 70
3
  9
$DIMDSEP
 70
46
  9
$DIMATFIT
 70
3
  9
$DIMFRAC
 70
0
  9
$DIMLDRBLK
  1

  9
$DIMLUNIT
 70
2
  9
$DIMLWD
 70
-2
  9
$DIMLWE
 70
-2
  9
$DIMTMOVE
 70
2
  9
$DIMFXL
 40
1.0
  9
$DIMFXLON
 70
0
  9
$DIMJOGANG
 40
0.785398163397
  9
$DIMTFILL
 70
0
  9
$DIMTFILLCLR
 70
0
  9
$DIMARCSYM
 70
0
  9
$DIMLTYPE
  6

  9
$DIMLTEX1
  6

  9
$DIMLTEX2
  6

  9
$DIMTXTDIRECTION
 70
0
  9
$LUNITS
 70
2
  9
$LUPREC
 70
4
  9
$SKETCHINC
 40
1.0
  9
$FILLETRAD
 40
10.0
  9
$AUNITS
 70
0
  9
$AUPREC
 70
2
  9
$MENU
  1
.
  9
$ELEVATION
 40
0.0
  9
$PELEVATION
 40
0.0
  9
$THICKNESS
 40
0.0
  9
$LIMCHECK
 70
0
  9
$CHAMFERA
 40
0.0
  9
$CHAMFERB
 40
0.0
  9
$CHAMFERC
 40
0.0
  9
$CHAMFERD
 40
0.0
  9
$SKPOLY
 70
0
  9
$TDCREATE
 40
2461322.4951041667
  9
$TDUCREATE
 40
2458532.153996898
  9
$TDUPDATE
 40
2461322.4951041667
  9
$TDUUPDATE
 40
2458532.1544311
  9
$TDINDWG
 40
0.0
  9
$TDUSRTIMER
 40
0.0
  9
$USRTIMER
 70
1
  9
$ANGBASE
 50
0.0
  9
$ANGDIR
 70
0
  9
$PDMODE
 70
0
  9
$PDSIZE
 40
0.0
  9
$PLINEWID
 40
0.0
  9
$SPLFRAME
 70
0
  9
$SPLINETYPE
 70
6
  9
$SPLINESEGS
 70
8
  9
$HANDSEED
  5
122
  9
$SURFTAB1
 70
6
  9
$SURFTAB2
 70
6
  9
$SURFTYPE
 70
6
  9
$SURFU
 70
6
  9
$SURFV
 70
6
  9
$UCSBASE
  2

  9
$UCSNAME
  2

  9
$UCSORG
 10
0.0
 20
0.0
 30
0.0
  9
$UCSXDIR
 10
1.0
 20
0.0
 30
0.0
  9
$UCSYDIR
 10
0.0
 20
1.0
 30
0.0
  9
$UCSORTHOREF
  2

  9
$UCSORTHOVIEW
 70
0
  9
$UCSORGTOP
 10
0.0
 20
0.0
 30
0.0
  9
$UCSORGBOTTOM
 10
0.0
 20
0.0
 30
0.0
  9
$UCSORGLEFT
 10
0.0
 20
0.0
 30
0.0
  9
$UCSORGRIGHT
 10
0.0
 20
0.0
 30
0.0
  9
$UCSORGFRONT
 10
0.0
 20
0.0
 30
0.0
  9
$UCSORGBACK
 10
0.0
 20
0.0
 30
0.0
  9
$PUCSBASE
  2

  9
$PUCSNAME
  2

  9
$PUCSORG
 10
0.0
 20
0.0
 30
0.0
  9
$PUCSXDIR
 10
1.0
 20
0.0
 30
0.0
  9
$PUCSYDIR
 10
0.0
 20
1.0
 30
0.0
  9
$PUCSORTHOREF
  2

  9
$PUCSORTHOVIEW
 70
0
  9
$PUCSORGTOP
 10
0.0
 20
0.0
 30
0.0
  9
$PUCSORGBOTTOM
 10
0.0
 20
0.0
 30
0.0
  9
$PUCSORGLEFT
 10
0.0
 20
0.0
 30
0.0
  9
$PUCSORGRIGHT
 10
0.0
 20
0.0
 30
0.0
  9
$PUCSORGFRONT
 10
0.0
 20
0.0
 30
0.0
  9
$PUCSORGBACK
 10
0.0
 20
0.0
 30
0.0
  9
$USERI1
 70
0
  9
$USERI2
 70
0
  9
$USERI3
 70
0
  9
$USERI4
 70
0
  9
$USERI5
 70
0
  9
$USERR1
 40
0.0
  9
$USERR2
 40
0.0
  9
$USERR3
 40
0.0
  9
$USERR4
 40
0.0
  9
$USERR5
 40
0.0
  9
$WORLDVIEW
 70
1
  9
$SHADEDGE
 70
3
  9
$SHADEDIF
 70
70
  9
$TILEMODE
 70
1
  9
$MAXACTVP
 70
64
  9
$PINSBASE
 10
0.0
 20
0.0
 30
0.0
  9
$PLIMCHECK
 70
0
  9
$PEXTMIN
 10
1e+20
 20
1e+20
 30
1e+20
  9
$PEXTMAX
 10
-1e+20
 20
-1e+20
 30
-1e+20
  9
$PLIMMIN
 10
0.0
 20
0.0
  9
$PLIMMAX
 10
420.0
 20
297.0
  9
$UNITMODE
 70
0
  9
$VISRETAIN
 70
1
  9
$PLINEGEN
 70
0
  9
$PSLTSCALE
 70
1
  9
$TREEDEPTH
 70
3020
  9
$CMLSTYLE
  2
Standard
  9
$CMLJUST
 70
0
  9
$CMLSCALE
 40
20.0
  9
$PROXYGRAPHICS
 70
1
  9
$MEASUREMENT
 70
1
  9
$CELWEIGHT
370
-1
  9
$ENDCAPS
280
0
  9
$JOINSTYLE
280
0
  9
$LWDISPLAY
290
0
  9
$INSUNITS
 70
4
  9
$HYPERLINKBASE
  1

  9
$STYLESHEET
  1

  9
$XEDIT
290
1
  9
$CEPSNTYPE
380
0
  9
$PSTYLEMODE
290
1
  9
$FINGERPRINTGUID
  2
{9A00E6D9-53CB-4752-8AED-2766F8D6CE10}
  9
$VERSIONGUID
  2
{9E85FECD-7976-4B82-80BB-FB15FAB68EC9}
  9
$EXTNAMES
290
1
  9
$PSVPSCALE
 40
0.0
  9
$OLESTARTUP
290
0
  9
$SORTENTS
280
127
  9
$INDEXCTL
280
0
  9
$HIDETEXT
280
1
  9
$XCLIPFRAME
280
1
  9
$HALOGAP
280
0
  9
$OBSCOLOR
 70
257
  9
$OBSLTYPE
280
0
  9
$INTERSECTIONDISPLAY
280
0
  9
$INTERSECTIONCOLOR
 70
257
  9
$DIMASSOC
280
2
  9
$PROJECTNAME
  1

  9
$CAMERADISPLAY
290
0
  9
$LENSLENGTH
 40
50.0
  9
$CAMERAHEIGHT
 40
0.0
  9
$STEPSPERSEC
 40
24.0
  9
$STEPSIZE
 40
100.0
  9
$3DDWFPREC
 40
2.0
  9
$PSOLWIDTH
 40
0.005
  9
$PSOLHEIGHT
 40
0.08
  9
$LOFTANG1
 40
1.570796326795
  9
$LOFTANG2
 40
1.570796326795
  9
$LOFTMAG1
 40
0.0
  9
$LOFTMAG2
 40
0.0
  9
$LOFTPARAM
 70
7
  9
$LOFTNORMALS
280
1
  9
$LATITUDE
 40
37.795
  9
$LONGITUDE
 40
-122.394
  9
$NORTHDIRECTION
 40
0.0
  9
$TIMEZONE
 70
-8000
  9
$LIGHTGLYPHDISPLAY
280
1
  9
$TILEMODELIGHTSYNCH
280
1
  9
$CMATERIAL
347
20
  9
$SOLIDHIST
280
0
  9
$SHOWHIST
280
1
  9
$DWFFRAME
280
2
  9
$DGNFRAME
280
2
  9
$REALWORLDSCALE
290
1
  9
$INTERFERECOLOR
 62
256
  9
$CSHADOW
280
0
  9
$SHADOWPLANELOCATION
 40
0.0
  0
ENDSEC
  0
SECTION
  2
CLASSES
  0
CLASS
  1
ACDBDICTIONARYWDFLT
  2
AcDbDictionaryWithDefault
  3
ObjectDBX Classes
 90
0
 91
0
280
0
281
0
  0
CLASS
  1
SUN
  2
AcDbSun
  3
SCENEOE
 90
1153
 91
0
280
0
281
0
  0
CLASS
  1
VISUALSTYLE
  2
AcDbVisualStyle
  3
ObjectDBX Classes
 90
4095
 91
0
280
0
281
0
  0
CLASS
  1
MATERIAL
  2
AcDbMaterial
  3
ObjectDBX Classes
 90
1153
 91
0
280
0
281
0
  0
CLASS
  1
SCALE
  2
AcDbScale
  3
ObjectDBX Classes
 90
1153
 91
0
280
0
281
0
  0
CLASS
  1
TABLESTYLE
  2
AcDbTableStyle
  3
ObjectDBX Classes
 90
4095
 91
0
280
0
281
0
  0
CLASS
  1
MLEADERSTYLE
  2
AcDbMLeaderStyle
  3
ACDB_MLEADERSTYLE_CLASS
 90
4095
 91
0
280
0
281
0
  0
CLASS
  1
DICTIONARYVAR
  2
AcDbDictionaryVar
  3
ObjectDBX Classes
 90
0
 91
0
280
0
281
0
  0
CLASS
  1
CELLSTYLEMAP
  2
AcDbCellStyleMap
  3
ObjectDBX Classes
 90
1152
 91
0
280
0
281
0
  0
CLASS
  1
MENTALRAYRENDERSETTINGS
  2
AcDbMentalRayRenderSettings
  3
SCENEOE
 90
1024
 91
0
280
0
281
0
  0
CLASS
  1
ACDBDETAILVIEWSTYLE
  2
AcDbDetailViewStyle
  3
ObjectDBX Classes
 90
1025
 91
0
280
0
281
0
  0
CLASS
  1
ACDBSECTIONVIEWSTYLE
  2
AcDbSectionViewStyle
  3
ObjectDBX Classes
 90
1025
 91
0
280
0
281
0
  0
CLASS
  1
RASTERVARIABLES
  2
AcDbRasterVariables
  3
ISM
 90
0
 91
0
280
0
281
0
  0
CLASS
  1
ACDBPLACEHOLDER
  2
AcDbPlaceHolder
  3
ObjectDBX Classes
 90
0
 91
0
280
0
281
0
  0
CLASS
  1
LAYOUT
  2
AcDbLayout
  3
ObjectDBX Classes
 90
0
 91
0
280
0
281
0
  0
ENDSEC
  0
SECTION
  2
TABLES
  0
TABLE
  2
VPORT
  5
8
330
0
100
AcDbSymbolTable
 70
1
  0
VPORT
  5
23
330
8
100
AcDbSymbolTableRecord
100
AcDbViewportTableRecord
  2
*Active
 70
0
 10
0.0
 20
0.0
 11
1.0
 21
1.0
 12
0.0
 22
0.0
 13
0.0
 23
0.0
 14
0.5
 24
0.5
 15
0.5
 25
0.5
 16
0.0
 26
0.0
 36
1.0
 17
0.0
 27
0.0
 37
0.0
 40
1000.0
 41
1.34
 42
50.0
 43
0.0
 44
0.0
 50
0.0
 51
0.0
 71
0
 72
1000
 73
1
 74
3
 75
0
 76
0
 77
0
 78
0
281
0
 65
0
146
0.0
  0
ENDTAB
  0
TABLE
  2
LTYPE
  5
2
330
0
100
AcDbSymbolTable
 70
21
  0
LTYPE
  5
24
330
2
100
AcDbSymbolTableRecord
100
AcDbLinetypeTableRecord
  2
ByBlock
 70
0
  3

 72
65
 73
0
 40
0.0
  0
LTYPE
  5
25
330
2
100
AcDbSymbolTableRecord
100
AcDbLinetypeTableRecord
  2
ByLayer
 70
0
  3

 72
65
 73
0
 40
0.0
  0
LTYPE
  5
26
330
2
100
AcDbSymbolTableRecord
100
AcDbLinetypeTableRecord
  2
Continuous
 70
0
  3

 72
65
 73
0
 40
0.0
  0
LTYPE
  5
2F
330
2
100
AcDbSymbolTableRecord
100
AcDbLinetypeTableRecord
  2
CENTER
 70
0
  3
Center ____ _ ____ _ ____ _ ____ _ ____ _ ____
 72
65
 73
4
 40
5.08
 49
3.175
 74
0
 49
-0.635
 74
0
 49
0.635
 74
0
 49
-0.635
 74
0
  0
LTYPE
  5
30
330
2
100
AcDbSymbolTableRecord
100
AcDbLinetypeTableRecord
  2
CENTERX2
 70
0
  3
Center (2x) ________  __  ________  __  ________
 72
65
 73
4
 40
8.89
 49
6.35
 74
0
 49
-0.635
 74
0
 49
1.27
 74
0
 49
-0.635
 74
0
  0
LTYPE
  5
31
330
2
100
AcDbSymbolTableRecord
100
AcDbLinetypeTableRecord
  2
CENTER2
 70
0
  3
Center (.5x) ____ _ ____ _ ____ _ ____ _ ____
 72
65
 73
4
 40
2.54
 49
1.587
 74
0
 49
-0.318
 74
0
 49
0.318
 74
0
 49
-0.318
 74
0
  0
LTYPE
  5
32
330
2
100
AcDbSymbolTableRecord
100
AcDbLinetypeTableRecord
  2
DASHED
 70
0
  3
Dashed __ __ __ __ __ __ __ __ __ __ __ __ __ _
 72
65
 73
2
 40
1.524
 49
1.27
 74
0
 49
-0.254
 74
0
  0
LTYPE
  5
33
330
2
100
AcDbSymbolTableRecord
100
AcDbLinetypeTableRecord
  2
DASHEDX2
 70
0
  3
Dashed (2x) ____  ____  ____  ____  ____  ____
 72
65
 73
2
 40
3.048
 49
2.54
 74
0
 49
-0.508
 74
0
  0
LTYPE
  5
34
330
2
100
AcDbSymbolTableRecord
100
AcDbLinetypeTableRecord
  2
DASHED2
 70
0
  3
Dashed (.5x) _ _ _ _ _ _ _ _ _ _ _ _ _ _
 72
65
 73
2
 40
0.762
 49
0.635
 74
0
 49
-0.127
 74
0
  0
LTYPE
  5
35
330
2
100
AcDbSymbolTableRecord
100
AcDbLinetypeTableRecord
  2
PHANTOM
 70
0
  3
Phantom ______  __  __  ______  __  __  ______
 72
65
 73
6
 40
6.35
 49
3.175
 74
0
 49
-0.635
 74
0
 49
0.635
 74
0
 49
-0.635
 74
0
 49
0.635
 74
0
 49
-0.635
 74
0
  0
LTYPE
  5
36
330
2
100
AcDbSymbolTableRecord
100
AcDbLinetypeTableRecord
  2
PHANTOMX2
 70
0
  3
Phantom (2x)____________    ____    ____    ____________
 72
65
 73
6
 40
10.795
 49
6.35
 74
0
 49
-0.635
 74
0
 49
1.27
 74
0
 49
-0.635
 74
0
 49
1.27
 74
0
 49
-0.635
 74
0
  0
LTYPE
  5
37
330
2
100
AcDbSymbolTableRecord
100
AcDbLinetypeTableRecord
  2
PHANTOM2
 70
0
  3
Phantom (.5x) ___ _ _ ___ _ _ ___ _ _ ___ _ _ ___
 72
65
 73
6
 40
3.175
 49
1.587
 74
0
 49
-0.318
 74
0
 49
0.318
 74
0
 49
-0.318
 74
0
 49
0.318
 74
0
 49
-0.318
 74
0
  0
LTYPE
  5
38
330
2
100
AcDbSymbolTableRecord
100
AcDbLinetypeTableRecord
  2
DASHDOT
 70
0
  3
Dash dot __ . __ . __ . __ . __ . __ . __ . __
 72
65
 73
4
 40
3.556
 49
2.54
 74
0
 49
-0.508
 74
0
 49
0.0
 74
0
 49
-0.508
 74
0
  0
LTYPE
  5
39
330
2
100
AcDbSymbolTableRecord
100
AcDbLinetypeTableRecord
  2
DASHDOTX2
 70
0
  3
Dash dot (2x) ____  .  ____  .  ____  .  ____
 72
65
 73
4
 40
6.096
 49
5.08
 74
0
 49
-0.508
 74
0
 49
0.0
 74
0
 49
-0.508
 74
0
  0
LTYPE
  5
3A
330
2
100
AcDbSymbolTableRecord
100
AcDbLinetypeTableRecord
  2
DASHDOT2
 70
0
  3
Dash dot (.5x) _ . _ . _ . _ . _ . _ . _ . _
 72
65
 73
4
 40
1.778
 49
1.27
 74
0
 49
-0.254
 74
0
 49
0.0
 74
0
 49
-0.254
 74
0
  0
LTYPE
  5
3B
330
2
100
AcDbSymbolTableRecord
100
AcDbLinetypeTableRecord
  2
DOT
 70
0
  3
Dot .  .  .  .  .  .  .  .  .  .  .  .  .  .  .  .
 72
65
 73
2
 40
0.508
 49
0.0
 74
0
 49
-0.508
 74
0
  0
LTYPE
  5
3C
330
2
100
AcDbSymbolTableRecord
100
AcDbLinetypeTableRecord
  2
DOTX2
 70
0
  3
Dot (2x) .    .    .    .    .    .    .    . 
 72
65
 73
2
 40
1.016
 49
0.0
 74
0
 49
-1.016
 74
0
  0
LTYPE
  5
3D
330
2
100
AcDbSymbolTableRecord
100
AcDbLinetypeTableRecord
  2
DOT2
 70
0
  3
Dot (.5) . . . . . . . . . . . . . . . . . . . 
 72
65
 73
2
 40
0.254
 49
0.0
 74
0
 49
-0.254
 74
0
  0
LTYPE
  5
3E
330
2
100
AcDbSymbolTableRecord
100
AcDbLinetypeTableRecord
  2
DIVIDE
 70
0
  3
Divide __ . . __ . . __ . . __ . . __ . . __
 72
65
 73
6
 40
4.064
 49
2.54
 74
0
 49
-0.508
 74
0
 49
0.0
 74
0
 49
-0.508
 74
0
 49
0.0
 74
0
 49
-0.508
 74
0
  0
LTYPE
  5
3F
330
2
100
AcDbSymbolTableRecord
100
AcDbLinetypeTableRecord
  2
DIVIDEX2
 70
0
  3
Divide (2x) ____  . .  ____  . .  ____  . .  ____
 72
65
 73
6
 40
6.604
 49
5.08
 74
0
 49
-0.508
 74
0
 49
0.0
 74
0
 49
-0.508
 74
0
 49
0.0
 74
0
 49
-0.508
 74
0
  0
LTYPE
  5
40
330
2
100
AcDbSymbolTableRecord
100
AcDbLinetypeTableRecord
  2
DIVIDE2
 70
0
  3
Divide(.5x) _ . _ . _ . _ . _ . _ . _ . _
 72
65
 73
6
 40
2.032
 49
1.27
 74
0
 49
-0.254
 74
0
 49
0.0
 74
0
 49
-0.254
 74
0
 49
0.0
 74
0
 49
-0.254
 74
0
  0
ENDTAB
  0
TABLE
  2
LAYER
  5
1
330
0
100
AcDbSymbolTable
 70
4
  0
LAYER
  5
27
330
1
100
AcDbSymbolTableRecord
100
AcDbLayerTableRecord
  2
0
 70
0
 62
7
  6
Continuous
370
-3
390
13
347
21
  0
LAYER
  5
28
330
1
100
AcDbSymbolTableRecord
100
AcDbLayerTableRecord
  2
Defpoints
 70
0
 62
7
  6
Continuous
290
0
370
-3
390
13
347
21
  0
LAYER
  5
8A
330
1
100
AcDbSymbolTableRecord
100
AcDbLayerTableRecord
  2
KESIM
 70
0
 62
1
  6
Continuous
370
-3
390
13
347
21
  0
LAYER
  5
8B
330
1
100
AcDbSymbolTableRecord
100
AcDbLayerTableRecord
  2
ALTIN
 70
0
 62
2
  6
Continuous
370
-3
390
13
347
21
  0
ENDTAB
  0
TABLE
  2
STYLE
  5
5
330
0
100
AcDbSymbolTable
 70
26
  0
STYLE
  5
29
330
5
100
AcDbSymbolTableRecord
100
AcDbTextStyleTableRecord
  2
Standard
 70
0
 40
0.0
 41
1.0
 50
0.0
 71
0
 42
2.5
  3
txt
  4

  0
STYLE
  5
41
330
5
100
AcDbSymbolTableRecord
100
AcDbTextStyleTableRecord
  2
OpenSans-Light
 70
0
 40
0.0
 41
1.0
 50
0.0
 71
0
 42
2.5
  3
OpenSans-Light.ttf
  4

  0
STYLE
  5
42
330
5
100
AcDbSymbolTableRecord
100
AcDbTextStyleTableRecord
  2
OpenSans-Light-Italic
 70
0
 40
0.0
 41
1.0
 50
0.0
 71
0
 42
2.5
  3
OpenSans-LightItalic.ttf
  4

  0
STYLE
  5
43
330
5
100
AcDbSymbolTableRecord
100
AcDbTextStyleTableRecord
  2
OpenSans
 70
0
 40
0.0
 41
1.0
 50
0.0
 71
0
 42
2.5
  3
OpenSans-Regular.ttf
  4

  0
STYLE
  5
44
330
5
100
AcDbSymbolTableRecord
100
AcDbTextStyleTableRecord
  2
OpenSans-Italic
 70
0
 40
0.0
 41
1.0
 50
0.0
 71
0
 42
2.5
  3
OpenSans-Italic.ttf
  4

  0
STYLE
  5
45
330
5
100
AcDbSymbolTableRecord
100
AcDbTextStyleTableRecord
  2
OpenSans-SemiBold
 70
0
 40
0.0
 41
1.0
 50
0.0
 71
0
 42
2.5
  3
OpenSans-SemiBold.ttf
  4

  0
STYLE
  5
46
330
5
100
AcDbSymbolTableRecord
100
AcDbTextStyleTableRecord
  2
OpenSans-SemiBoldItalic
 70
0
 40
0.0
 41
1.0
 50
0.0
 71
0
 42
2.5
  3
OpenSans-SemiBoldItalic.ttf
  4

  0
STYLE
  5
47
330
5
100
AcDbSymbolTableRecord
100
AcDbTextStyleTableRecord
  2
OpenSans-Bold
 70
0
 40
0.0
 41
1.0
 50
0.0
 71
0
 42
2.5
  3
OpenSans-Bold.ttf
  4

  0
STYLE
  5
48
330
5
100
AcDbSymbolTableRecord
100
AcDbTextStyleTableRecord
  2
OpenSans-BoldItalic
 70
0
 40
0.0
 41
1.0
 50
0.0
 71
0
 42
2.5
  3
OpenSans-BoldItalic.ttf
  4

  0
STYLE
  5
49
330
5
100
AcDbSymbolTableRecord
100
AcDbTextStyleTableRecord
  2
OpenSans-ExtraBold
 70
0
 40
0.0
 41
1.0
 50
0.0
 71
0
 42
2.5
  3
OpenSans-ExtraBold.ttf
  4

  0
STYLE
  5
4A
330
5
100
AcDbSymbolTableRecord
100
AcDbTextStyleTableRecord
  2
OpenSans-ExtraBoldItalic
 70
0
 40
0.0
 41
1.0
 50
0.0
 71
0
 42
2.5
  3
OpenSans-ExtraBoldItalic.ttf
  4

  0
STYLE
  5
4B
330
5
100
AcDbSymbolTableRecord
100
AcDbTextStyleTableRecord
  2
OpenSansCondensed-Bold
 70
0
 40
0.0
 41
1.0
 50
0.0
 71
0
 42
2.5
  3
OpenSansCondensed-Bold.ttf
  4

  0
STYLE
  5
4C
330
5
100
AcDbSymbolTableRecord
100
AcDbTextStyleTableRecord
  2
OpenSansCondensed-Light
 70
0
 40
0.0
 41
1.0
 50
0.0
 71
0
 42
2.5
  3
OpenSansCondensed-Light.ttf
  4

  0
STYLE
  5
4D
330
5
100
AcDbSymbolTableRecord
100
AcDbTextStyleTableRecord
  2
OpenSansCondensed-Italic
 70
0
 40
0.0
 41
1.0
 50
0.0
 71
0
 42
2.5
  3
OpenSansCondensed-LightItalic.ttf
  4

  0
STYLE
  5
4E
330
5
100
AcDbSymbolTableRecord
100
AcDbTextStyleTableRecord
  2
LiberationSans
 70
0
 40
0.0
 41
1.0
 50
0.0
 71
0
 42
2.5
  3
LiberationSans-Regular.ttf
  4

  0
STYLE
  5
4F
330
5
100
AcDbSymbolTableRecord
100
AcDbTextStyleTableRecord
  2
LiberationSans-Bold
 70
0
 40
0.0
 41
1.0
 50
0.0
 71
0
 42
2.5
  3
LiberationSans-Bold.ttf
  4

  0
STYLE
  5
50
330
5
100
AcDbSymbolTableRecord
100
AcDbTextStyleTableRecord
  2
LiberationSans-BoldItalic
 70
0
 40
0.0
 41
1.0
 50
0.0
 71
0
 42
2.5
  3
LiberationSans-BoldItalic.ttf
  4

  0
STYLE
  5
51
330
5
100
AcDbSymbolTableRecord
100
AcDbTextStyleTableRecord
  2
LiberationSans-Italic
 70
0
 40
0.0
 41
1.0
 50
0.0
 71
0
 42
2.5
  3
LiberationSans-Italic.ttf
  4

  0
STYLE
  5
52
330
5
100
AcDbSymbolTableRecord
100
AcDbTextStyleTableRecord
  2
LiberationSerif
 70
0
 40
0.0
 41
1.0
 50
0.0
 71
0
 42
2.5
  3
LiberationSerif-Regular.ttf
  4

  0
STYLE
  5
53
330
5
100
AcDbSymbolTableRecord
100
AcDbTextStyleTableRecord
  2
LiberationSerif-Bold
 70
0
 40
0.0
 41
1.0
 50
0.0
 71
0
 42
2.5
  3
LiberationSerif-Bold.ttf
  4

  0
STYLE
  5
54
330
5
100
AcDbSymbolTableRecord
100
AcDbTextStyleTableRecord
  2
LiberationSerif-BoldItalic
 70
0
 40
0.0
 41
1.0
 50
0.0
 71
0
 42
2.5
  3
LiberationSerif-BoldItalic.ttf
  4

  0
STYLE
  5
55
330
5
100
AcDbSymbolTableRecord
100
AcDbTextStyleTableRecord
  2
LiberationSerif-Italic
 70
0
 40
0.0
 41
1.0
 50
0.0
 71
0
 42
2.5
  3
LiberationSerif-Italic.ttf
  4

  0
STYLE
  5
56
330
5
100
AcDbSymbolTableRecord
100
AcDbTextStyleTableRecord
  2
LiberationMono
 70
0
 40
0.0
 41
1.0
 50
0.0
 71
0
 42
2.5
  3
LiberationMono-Regular.ttf
  4

  0
STYLE
  5
57
330
5
100
AcDbSymbolTableRecord
100
AcDbTextStyleTableRecord
  2
LiberationMono-Bold
 70
0
 40
0.0
 41
1.0
 50
0.0
 71
0
 42
2.5
  3
LiberationMono-Bold.ttf
  4

  0
STYLE
  5
58
330
5
100
AcDbSymbolTableRecord
100
AcDbTextStyleTableRecord
  2
LiberationMono-BoldItalic
 70
0
 40
0.0
 41
1.0
 50
0.0
 71
0
 42
2.5
  3
LiberationMono-BoldItalic.ttf
  4

  0
STYLE
  5
59
330
5
100
AcDbSymbolTableRecord
100
AcDbTextStyleTableRecord
  2
LiberationMono-Italic
 70
0
 40
0.0
 41
1.0
 50
0.0
 71
0
 42
2.5
  3
LiberationMono-Italic.ttf
  4

  0
ENDTAB
  0
TABLE
  2
VIEW
  5
7
330
0
100
AcDbSymbolTable
 70
0
  0
ENDTAB
  0
TABLE
  2
UCS
  5
6
330
0
100
AcDbSymbolTable
 70
0
  0
ENDTAB
  0
TABLE
  2
APPID
  5
3
330
0
100
AcDbSymbolTable
 70
3
  0
APPID
  5
2A
330
3
100
AcDbSymbolTableRecord
100
AcDbRegAppTableRecord
  2
ACAD
 70
0
  0
APPID
  5
11F
330
3
100
AcDbSymbolTableRecord
100
AcDbRegAppTableRecord
  2
HATCHBACKGROUNDCOLOR
 70
0
  0
APPID
  5
120
330
3
100
AcDbSymbolTableRecord
100
AcDbRegAppTableRecord
  2
EZDXF
 70
0
  0
ENDTAB
  0
TABLE
  2
DIMSTYLE
  5
4
330
0
100
AcDbSymbolTable
 70
12
100
AcDbDimStyleTable
  0
DIMSTYLE
105
2B
330
4
100
AcDbSymbolTableRecord
100
AcDbDimStyleTableRecord
  2
Standard
 70
0
 40
1.0
 41
2.5
 42
0.625
 43
3.75
 44
1.25
 45
0.0
 46
0.0
 47
0.0
 48
0.0
 49
2.5
140
2.5
141
2.5
142
0.0
143
0.03937007874
144
1.0
145
0.0
146
1.0
147
0.625
148
0.0
 69
0
 70
0
 71
0
 72
0
 73
0
 74
0
 75
0
 76
0
 77
1
 78
8
 79
3
170
0
171
3
172
1
173
0
174
0
175
0
176
0
177
0
178
0
179
2
271
2
272
2
273
2
274
3
275
0
276
0
277
2
278
44
279
0
280
0
281
0
282
0
283
0
284
8
285
0
286
0
288
0
289
3
290
0
371
-2
372
-2
  0
DIMSTYLE
105
73
330
4
100
AcDbSymbolTableRecord
100
AcDbDimStyleTableRecord
  2
EZDXF
 70
0
 40
1.0
 41
0.175
 42
0.125
 43
3.75
 44
0.375
 45
0.0
 46
0.0
 47
0.0
 48
0.0
 49
2.5
140
0.25
141
2.5
142
0.0
143
0.03937007874
144
100.0
145
0.0
146
0.5
147
0.1
148
0.0
 69
0
 70
0
 71
0
 72
0
 73
0
 74
0
 75
0
 76
0
 77
1
 78
12
 79
3
170
0
171
3
172
1
173
0
174
0
175
0
176
0
177
0
178
0
179
2
271
2
272
2
273
2
274
3
275
0
276
0
277
2
278
46
279
2
280
0
281
0
282
0
283
0
284
8
285
0
286
0
288
1
289
3
290
0
340
4C
342
74
371
-2
372
-2
  0
DIMSTYLE
105
7C
330
4
100
AcDbSymbolTableRecord
100
AcDbDimStyleTableRecord
  2
EZ_M_100_H25_CM
 70
0
 40
1.0
 41
0.25
 42
0.125
 43
3.75
 44
0.375
 45
0.0
 46
0.0
 47
0.0
 48
0.0
 49
2.5
140
0.25
141
2.5
142
0.125
143
0.03937007874
144
100.0
145
0.0
146
0.5
147
0.1
148
0.0
 69
0
 70
0
 71
0
 72
0
 73
0
 74
0
 75
0
 76
0
 77
1
 78
12
 79
3
170
0
171
3
172
1
173
0
174
0
175
0
176
0
177
0
178
0
179
2
271
2
272
2
273
2
274
3
275
0
276
0
277
2
278
46
279
2
280
0
281
0
282
0
283
0
284
8
285
0
286
0
288
1
289
3
290
0
340
4C
371
-2
372
-2
  0
DIMSTYLE
105
7D
330
4
100
AcDbSymbolTableRecord
100
AcDbDimStyleTableRecord
  2
EZ_M_50_H25_CM
 70
0
 40
1.0
 41
0.125
 42
0.0625
 43
3.75
 44
0.1875
 45
0.0
 46
0.0
 47
0.0
 48
0.0
 49
2.5
140
0.125
141
2.5
142
0.0625
143
0.03937007874
144
100.0
145
0.0
146
0.5
147
0.05
148
0.0
 69
0
 70
0
 71
0
 72
0
 73
0
 74
0
 75
0
 76
0
 77
1
 78
12
 79
3
170
0
171
3
172
1
173
0
174
0
175
0
176
0
177
0
178
0
179
2
271
2
272
2
273
2
274
3
275
0
276
0
277
2
278
46
279
2
280
0
281
0
282
0
283
0
284
8
285
0
286
0
288
1
289
3
290
0
340
4C
371
-2
372
-2
  0
DIMSTYLE
105
7E
330
4
100
AcDbSymbolTableRecord
100
AcDbDimStyleTableRecord
  2
EZ_M_25_H25_CM
 70
0
 40
1.0
 41
0.0625
 42
0.03125
 43
3.75
 44
0.09375
 45
0.0
 46
0.0
 47
0.0
 48
0.0
 49
2.5
140
0.0625
141
2.5
142
0.03125
143
0.03937007874
144
100.0
145
0.0
146
0.5
147
0.025
148
0.0
 69
0
 70
0
 71
0
 72
0
 73
0
 74
0
 75
0
 76
0
 77
1
 78
12
 79
3
170
0
171
3
172
1
173
0
174
0
175
0
176
0
177
0
178
0
179
2
271
2
272
2
273
2
274
3
275
0
276
0
277
2
278
46
279
2
280
0
281
0
282
0
283
0
284
8
285
0
286
0
288
1
289
3
290
0
340
4C
371
-2
372
-2
  0
DIMSTYLE
105
7F
330
4
100
AcDbSymbolTableRecord
100
AcDbDimStyleTableRecord
  2
EZ_M_20_H25_CM
 70
0
 40
1.0
 41
0.05
 42
0.025
 43
3.75
 44
0.07500000000000001
 45
0.0
 46
0.0
 47
0.0
 48
0.0
 49
2.5
140
0.05
141
2.5
142
0.025
143
0.03937007874
144
100.0
145
0.0
146
0.5
147
0.020000000000000004
148
0.0
 69
0
 70
0
 71
0
 72
0
 73
0
 74
0
 75
0
 76
0
 77
1
 78
12
 79
3
170
0
171
3
172
1
173
0
174
0
175
0
176
0
177
0
178
0
179
2
271
2
272
2
273
2
274
3
275
0
276
0
277
2
278
46
279
2
280
0
281
0
282
0
283
0
284
8
285
0
286
0
288
1
289
3
290
0
340
4C
371
-2
372
-2
  0
DIMSTYLE
105
80
330
4
100
AcDbSymbolTableRecord
100
AcDbDimStyleTableRecord
  2
EZ_M_10_H25_CM
 70
0
 40
1.0
 41
0.025
 42
0.0125
 43
3.75
 44
0.037500000000000006
 45
0.0
 46
0.0
 47
0.0
 48
0.0
 49
2.5
140
0.025
141
2.5
142
0.0125
143
0.03937007874
144
100.0
145
0.0
146
0.5
147
0.010000000000000002
148
0.0
 69
0
 70
0
 71
0
 72
0
 73
0
 74
0
 75
0
 76
0
 77
1
 78
12
 79
3
170
0
171
3
172
1
173
0
174
0
175
0
176
0
177
0
178
0
179
2
271
2
272
2
273
2
274
3
275
0
276
0
277
2
278
46
279
2
280
0
281
0
282
0
283
0
284
8
285
0
286
0
288
1
289
3
290
0
340
4C
371
-2
372
-2
  0
DIMSTYLE
105
81
330
4
100
AcDbSymbolTableRecord
100
AcDbDimStyleTableRecord
  2
EZ_M_5_H25_CM
 70
0
 40
1.0
 41
0.0125
 42
0.00625
 43
3.75
 44
0.018750000000000003
 45
0.0
 46
0.0
 47
0.0
 48
0.0
 49
2.5
140
0.0125
141
2.5
142
0.00625
143
0.03937007874
144
100.0
145
0.0
146
0.5
147
0.005000000000000001
148
0.0
 69
0
 70
0
 71
0
 72
0
 73
0
 74
0
 75
0
 76
0
 77
1
 78
12
 79
3
170
0
171
3
172
1
173
0
174
0
175
0
176
0
177
0
178
0
179
2
271
2
272
2
273
2
274
3
275
0
276
0
277
2
278
46
279
2
280
0
281
0
282
0
283
0
284
8
285
0
286
0
288
1
289
3
290
0
340
4C
371
-2
372
-2
  0
DIMSTYLE
105
82
330
4
100
AcDbSymbolTableRecord
100
AcDbDimStyleTableRecord
  2
EZ_M_1_H25_CM
 70
0
 40
1.0
 41
0.0025
 42
0.00125
 43
3.75
 44
0.00375
 45
0.0
 46
0.0
 47
0.0
 48
0.0
 49
2.5
140
0.0025
141
2.5
142
0.00125
143
0.03937007874
144
100.0
145
0.0
146
0.5
147
0.001
148
0.0
 69
0
 70
0
 71
0
 72
0
 73
0
 74
0
 75
0
 76
0
 77
1
 78
12
 79
3
170
0
171
3
172
1
173
0
174
0
175
0
176
0
177
0
178
0
179
2
271
2
272
2
273
2
274
3
275
0
276
0
277
2
278
46
279
2
280
0
281
0
282
0
283
0
284
8
285
0
286
0
288
1
289
3
290
0
340
4C
371
-2
372
-2
  0
DIMSTYLE
105
83
330
4
100
AcDbSymbolTableRecord
100
AcDbDimStyleTableRecord
  2
EZ_RADIUS
 70
0
 40
1.0
 41
0.25
 42
0.125
 43
3.75
 44
0.375
 45
0.0
 46
0.0
 47
0.0
 48
0.0
 49
2.5
140
0.25
141
0.0
142
0.0
143
0.03937007874
144
100.0
145
0.0
146
0.5
147
0.1
148
0.0
 69
0
 70
0
 71
0
 72
0
 73
0
 74
0
 75
0
 76
0
 77
1
 78
12
 79
3
170
0
171
3
172
0
173
0
174
0
175
0
176
0
177
0
178
0
179
2
271
2
272
2
273
2
274
3
275
0
276
0
277
2
278
46
279
1
280
0
281
0
282
0
283
0
284
8
285
0
286
0
288
1
289
3
290
0
340
4C
342
84
371
-2
372
-2
  0
DIMSTYLE
105
88
330
4
100
AcDbSymbolTableRecord
100
AcDbDimStyleTableRecord
  2
EZ_RADIUS_INSIDE
 70
0
 40
1.0
 41
0.25
 42
0.125
 43
3.75
 44
0.375
 45
0.0
 46
0.0
 47
0.0
 48
0.0
 49
2.5
140
0.25
141
0.0
142
0.0
143
0.03937007874
144
100.0
145
0.0
146
0.5
147
0.1
148
0.0
 69
0
 70
0
 71
0
 72
0
 73
0
 74
0
 75
0
 76
0
 77
0
 78
12
 79
3
170
0
171
3
172
0
173
0
174
1
175
0
176
0
177
0
178
0
179
2
271
2
272
2
273
2
274
3
275
0
276
0
277
2
278
46
279
0
280
0
281
0
282
0
283
0
284
8
285
0
286
0
288
1
289
0
290
0
340
4C
342
84
371
-2
372
-2
  0
DIMSTYLE
105
89
330
4
100
AcDbSymbolTableRecord
100
AcDbDimStyleTableRecord
  2
EZ_CURVED
 70
0
 40
1.0
 41
0.25
 42
0.125
 43
3.75
 44
0.375
 45
0.0
 46
0.0
 47
0.0
 48
0.0
 49
2.5
140
0.25
141
2.5
142
0.0
143
0.03937007874
144
100.0
145
0.0
146
0.5
147
0.1
148
0.0
 69
0
 70
0
 71
0
 72
0
 73
0
 74
0
 75
0
 76
0
 77
1
 78
12
 79
2
 90
2
170
0
171
3
172
1
173
0
174
0
175
0
176
0
177
0
178
0
179
2
271
2
272
2
273
2
274
3
275
0
276
0
277
2
278
46
279
2
280
0
281
0
282
0
283
0
284
8
285
0
286
0
288
1
289
3
290
0
340
4C
371
-2
372
-2
  0
ENDTAB
  0
TABLE
  2
BLOCK_RECORD
  5
9
330
0
100
AcDbSymbolTable
 70
5
  0
BLOCK_RECORD
  5
17
330
9
100
AcDbSymbolTableRecord
100
AcDbBlockTableRecord
  2
*Model_Space
340
1A
 70
0
280
1
281
0
  0
BLOCK_RECORD
  5
1B
330
9
100
AcDbSymbolTableRecord
100
AcDbBlockTableRecord
  2
*Paper_Space
340
1E
 70
0
280
1
281
0
  0
BLOCK_RECORD
  5
74
330
9
100
AcDbSymbolTableRecord
100
AcDbBlockTableRecord
  2
_ARCHTICK
340
0
 70
0
280
1
281
0
  0
BLOCK_RECORD
  5
78
330
9
100
AcDbSymbolTableRecord
100
AcDbBlockTableRecord
  2
_CLOSEDFILLED
340
0
 70
0
280
1
281
0
  0
BLOCK_RECORD
  5
84
330
9
100
AcDbSymbolTableRecord
100
AcDbBlockTableRecord
  2
_CLOSEDBLANK
340
0
 70
0
280
1
281
0
  0
ENDTAB
  0
ENDSEC
  0
SECTION
  2
BLOCKS
  0
BLOCK
  5
18
330
17
100
AcDbEntity
  8
0
100
AcDbBlockBegin
  2
*Model_Space
 70
0
 10
0.0
 20
0.0
 30
0.0
  3
*Model_Space
  1

  0
ENDBLK
  5
19
330
17
100
AcDbEntity
  8
0
100
AcDbBlockEnd
  0
BLOCK
  5
1C
330
1B
100
AcDbEntity
  8
0
100
AcDbBlockBegin
  2
*Paper_Space
 70
0
 10
0.0
 20
0.0
 30
0.0
  3
*Paper_Space
  1

  0
ENDBLK
  5
1D
330
1B
100
AcDbEntity
  8
0
100
AcDbBlockEnd
  0
BLOCK
  5
75
330
74
100
AcDbEntity
  8
0
100
AcDbBlockBegin
  2
_ARCHTICK
 70
0
 10
0.0
 20
0.0
 30
0.0
  3
_ARCHTICK
  1

  0
LWPOLYLINE
  5
77
330
74
100
AcDbEntity
  8
0
  6
BYBLOCK
 62
0
100
AcDbPolyline
 90
2
 70
0
 43
0.15
 10
-0.5
 20
-0.5
 10
0.5
 20
0.5
  0
ENDBLK
  5
76
330
74
100
AcDbEntity
  8
0
100
AcDbBlockEnd
  0
BLOCK
  5
79
330
78
100
AcDbEntity
  8
0
100
AcDbBlockBegin
  2
_CLOSEDFILLED
 70
0
 10
0.0
 20
0.0
 30
0.0
  3
_CLOSEDFILLED
  1

  0
SOLID
  5
7B
330
78
100
AcDbEntity
  8
0
  6
BYBLOCK
 62
0
100
AcDbTrace
 10
-1.0
 20
0.16439898372402537
 30
0.0
 11
0.0
 21
0.0
 31
0.0
 12
-1.0
 22
-0.16439898372402537
 32
0.0
 13
-1.0
 23
-0.16439898372402537
 33
0.0
  0
ENDBLK
  5
7A
330
78
100
AcDbEntity
  8
0
100
AcDbBlockEnd
  0
BLOCK
  5
85
330
84
100
AcDbEntity
  8
0
100
AcDbBlockBegin
  2
_CLOSEDBLANK
 70
0
 10
0.0
 20
0.0
 30
0.0
  3
_CLOSEDBLANK
  1

  0
LWPOLYLINE
  5
87
330
84
100
AcDbEntity
  8
0
  6
BYBLOCK
 62
0
100
AcDbPolyline
 90
3
 70
1
 10
-1.0
 20
0.16439898372402537
 10
0.0
 20
0.0
 10
-1.0
 20
-0.16439898372402537
  0
ENDBLK
  5
86
330
84
100
AcDbEntity
  8
0
100
AcDbBlockEnd
  0
ENDSEC
  0
SECTION
  2
ENTITIES
  0
CIRCLE
  5
8C
330
17
100
AcDbEntity
  8
KESIM
100
AcDbCircle
 10
0.0
 20
0.0
 30
0.0
 40
17.8
  0
CIRCLE
  5
8D
330
17
100
AcDbEntity
  8
KESIM
100
AcDbCircle
 10
-9.541305298704166e-18
 20
2.8009414288037575e-17
 30
0.0
 40
1.0499950585000548
  0
CIRCLE
  5
8E
330
17
100
AcDbEntity
  8
KESIM
100
AcDbCircle
 10
-7.102200000000009
 20
8.247346260249605e-18
 30
0.0
 40
0.44993976205929476
  0
CIRCLE
  5
8F
330
17
100
AcDbEntity
  8
KESIM
100
AcDbCircle
 10
7.102200000000011
 20
8.247346260249605e-18
 30
0.0
 40
0.4499397620592921
  0
LWPOLYLINE
  5
90
330
17
100
AcDbEntity
  8
KESIM
100
AcDbPolyline
 90
768
 70
1
 10
4.45
 20
-7.9922
 10
4.4499
 20
-8.0286
 10
4.4494
 20
-8.065
 10
4.4487
 20
-8.1014
 10
4.4476
 20
-8.1378
 10
4.4463
 20
-8.1742
 10
4.4446
 20
-8.2106
 10
4.4427
 20
-8.2469
 10
4.4405
 20
-8.2832
 10
4.4379
 20
-8.3196
 10
4.4351
 20
-8.3559
 10
4.432
 20
-8.3921
 10
4.4286
 20
-8.4284
 10
4.4249
 20
-8.4646
 10
4.4208
 20
-8.5008
 10
4.4165
 20
-8.5369
 10
4.4119
 20
-8.573
 10
4.407
 20
-8.6091
 10
4.4018
 20
-8.6452
 10
4.3963
 20
-8.6811
 10
4.3906
 20
-8.7171
 10
4.3845
 20
-8.753
 10
4.3781
 20
-8.7888
 10
4.3715
 20
-8.8246
 10
4.3645
 20
-8.8604
 10
4.3572
 20
-8.896
 10
4.3497
 20
-8.9316
 10
4.3419
 20
-8.9672
 10
4.3338
 20
-9.0027
 10
4.3253
 20
-9.0381
 10
4.3166
 20
-9.0735
 10
4.3076
 20
-9.1087
 10
4.2984
 20
-9.1439
 10
4.2888
 20
-9.1791
 10
4.2789
 20
-9.2141
 10
4.2688
 20
-9.2491
 10
4.2584
 20
-9.284
 10
4.2477
 20
-9.3188
 10
4.2367
 20
-9.3535
 10
4.2254
 20
-9.3881
 10
4.2138
 20
-9.4226
 10
4.202
 20
-9.457
 10
4.1899
 20
-9.4914
 10
4.1775
 20
-9.5256
 10
4.1648
 20
-9.5597
 10
4.1518
 20
-9.5937
 10
4.1386
 20
-9.6276
 10
4.1251
 20
-9.6614
 10
4.1113
 20
-9.6951
 10
4.0972
 20
-9.7287
 10
4.0829
 20
-9.7622
 10
4.0682
 20
-9.7955
 10
4.0533
 20
-9.8287
 10
4.0382
 20
-9.8618
 10
4.0228
 20
-9.8948
 10
4.0071
 20
-9.9277
 10
3.9911
 20
-9.9604
 10
3.9748
 20
-9.993
 10
3.9583
 20
-10.0254
 10
3.9416
 20
-10.0577
 10
3.9245
 20
-10.0899
 10
3.9073
 20
-10.122
 10
3.8897
 20
-10.1538
 10
3.8719
 20
-10.1856
 10
3.8538
 20
-10.2172
 10
3.8355
 20
-10.2487
 10
3.8169
 20
-10.28
 10
3.798
 20
-10.3111
 10
3.7789
 20
-10.3421
 10
3.7596
 20
-10.3729
 10
3.74
 20
-10.4036
 10
3.7201
 20
-10.4341
 10
3.7
 20
-10.4645
 10
3.6797
 20
-10.4947
 10
3.6591
 20
-10.5247
 10
3.6383
 20
-10.5545
 10
3.6172
 20
-10.5842
 10
3.5958
 20
-10.6137
 10
3.5743
 20
-10.6431
 10
3.5525
 20
-10.6722
 10
3.5304
 20
-10.7012
 10
3.5081
 20
-10.73
 10
3.4856
 20
-10.7586
 10
3.4629
 20
-10.787
 10
3.4399
 20
-10.8153
 10
3.4167
 20
-10.8433
 10
3.3932
 20
-10.8712
 10
3.3696
 20
-10.8988
 10
3.3457
 20
-10.9263
 10
3.3216
 20
-10.9536
 10
3.2972
 20
-10.9806
 10
3.2727
 20
-11.0075
 10
3.2479
 20
-11.0342
 10
3.2229
 20
-11.0607
 10
3.1977
 20
-11.0869
 10
3.1723
 20
-11.113
 10
3.1466
 20
-11.1388
 10
3.1208
 20
-11.1645
 10
3.0947
 20
-11.1899
 10
3.0685
 20
-11.2151
 10
3.042
 20
-11.2401
 10
3.0153
 20
-11.2649
 10
2.9884
 20
-11.2894
 10
2.9614
 20
-11.3138
 10
2.9341
 20
-11.3379
 10
2.9066
 20
-11.3618
 10
2.879
 20
-11.3854
 10
2.8511
 20
-11.4089
 10
2.8231
 20
-11.4321
 10
2.7948
 20
-11.4551
 10
2.7664
 20
-11.4778
 10
2.7378
 20
-11.5003
 10
2.709
 20
-11.5226
 10
2.68
 20
-11.5447
 10
2.6509
 20
-11.5665
 10
2.6215
 20
-11.588
 10
2.592
 20
-11.6094
 10
2.5623
 20
-11.6305
 10
2.5325
 20
-11.6513
 10
2.5025
 20
-11.6719
 10
2.4723
 20
-11.6922
 10
2.4419
 20
-11.7123
 10
2.4114
 20
-11.7322
 10
2.3807
 20
-11.7518
 10
2.3499
 20
-11.7711
 10
2.3189
 20
-11.7902
 10
2.2878
 20
-11.8091
 10
2.2565
 20
-11.8277
 10
2.225
 20
-11.846
 10
2.1934
 20
-11.8641
 10
2.1616
 20
-11.8819
 10
2.1298
 20
-11.8995
 10
2.0977
 20
-11.9167
 10
2.0655
 20
-11.9338
 10
2.0332
 20
-11.9505
 10
2.0008
 20
-11.967
 10
1.9682
 20
-11.9833
 10
1.9355
 20
-11.9993
 10
1.9026
 20
-12.015
 10
1.8696
 20
-12.0304
 10
1.8365
 20
-12.0455
 10
1.8033
 20
-12.0604
 10
1.77
 20
-12.0751
 10
1.7365
 20
-12.0894
 10
1.7029
 20
-12.1035
 10
1.6692
 20
-12.1173
 10
1.6354
 20
-12.1308
 10
1.6015
 20
-12.144
 10
1.5675
 20
-12.157
 10
1.5334
 20
-12.1697
 10
1.4992
 20
-12.1821
 10
1.4648
 20
-12.1942
 10
1.4304
 20
-12.206
 10
1.3959
 20
-12.2176
 10
1.3613
 20
-12.2289
 10
1.3266
 20
-12.2399
 10
1.2918
 20
-12.2506
 10
1.2569
 20
-12.261
 10
1.2219
 20
-12.2711
 10
1.1869
 20
-12.281
 10
1.1517
 20
-12.2906
 10
1.1165
 20
-12.2998
 10
1.0813
 20
-12.3088
 10
1.0459
 20
-12.3175
 10
1.0105
 20
-12.326
 10
0.975
 20
-12.3341
 10
0.9394
 20
-12.3419
 10
0.9038
 20
-12.3494
 10
0.8682
 20
-12.3567
 10
0.8324
 20
-12.3637
 10
0.7966
 20
-12.3703
 10
0.7608
 20
-12.3767
 10
0.7249
 20
-12.3828
 10
0.6889
 20
-12.3885
 10
0.653
 20
-12.394
 10
0.6169
 20
-12.3992
 10
0.5808
 20
-12.4041
 10
0.5447
 20
-12.4087
 10
0.5086
 20
-12.413
 10
0.4724
 20
-12.4171
 10
0.4362
 20
-12.4208
 10
0.3999
 20
-12.4242
 10
0.3637
 20
-12.4273
 10
0.3274
 20
-12.4301
 10
0.291
 20
-12.4327
 10
0.2547
 20
-12.4349
 10
0.2184
 20
-12.4368
 10
0.182
 20
-12.4385
 10
0.1456
 20
-12.4398
 10
0.1092
 20
-12.4409
 10
0.0728
 20
-12.4416
 10
0.0364
 20
-12.4421
 10
0.0
 20
-12.4422
 10
-0.0364
 20
-12.4421
 10
-0.0728
 20
-12.4416
 10
-0.1092
 20
-12.4409
 10
-0.1456
 20
-12.4398
 10
-0.182
 20
-12.4385
 10
-0.2184
 20
-12.4368
 10
-0.2547
 20
-12.4349
 10
-0.291
 20
-12.4327
 10
-0.3274
 20
-12.4301
 10
-0.3637
 20
-12.4273
 10
-0.3999
 20
-12.4242
 10
-0.4362
 20
-12.4208
 10
-0.4724
 20
-12.4171
 10
-0.5086
 20
-12.413
 10
-0.5447
 20
-12.4087
 10
-0.5808
 20
-12.4041
 10
-0.6169
 20
-12.3992
 10
-0.653
 20
-12.394
 10
-0.6889
 20
-12.3885
 10
-0.7249
 20
-12.3828
 10
-0.7608
 20
-12.3767
 10
-0.7966
 20
-12.3703
 10
-0.8324
 20
-12.3637
 10
-0.8682
 20
-12.3567
 10
-0.9038
 20
-12.3494
 10
-0.9394
 20
-12.3419
 10
-0.975
 20
-12.3341
 10
-1.0105
 20
-12.326
 10
-1.0459
 20
-12.3175
 10
-1.0813
 20
-12.3088
 10
-1.1165
 20
-12.2998
 10
-1.1517
 20
-12.2906
 10
-1.1869
 20
-12.281
 10
-1.2219
 20
-12.2711
 10
-1.2569
 20
-12.261
 10
-1.2918
 20
-12.2506
 10
-1.3266
 20
-12.2399
 10
-1.3613
 20
-12.2289
 10
-1.3959
 20
-12.2176
 10
-1.4304
 20
-12.206
 10
-1.4648
 20
-12.1942
 10
-1.4992
 20
-12.1821
 10
-1.5334
 20
-12.1697
 10
-1.5675
 20
-12.157
 10
-1.6015
 20
-12.144
 10
-1.6354
 20
-12.1308
 10
-1.6692
 20
-12.1173
 10
-1.7029
 20
-12.1035
 10
-1.7365
 20
-12.0894
 10
-1.77
 20
-12.0751
 10
-1.8033
 20
-12.0604
 10
-1.8365
 20
-12.0455
 10
-1.8696
 20
-12.0304
 10
-1.9026
 20
-12.015
 10
-1.9355
 20
-11.9993
 10
-1.9682
 20
-11.9833
 10
-2.0008
 20
-11.967
 10
-2.0332
 20
-11.9505
 10
-2.0655
 20
-11.9338
 10
-2.0977
 20
-11.9167
 10
-2.1298
 20
-11.8995
 10
-2.1616
 20
-11.8819
 10
-2.1934
 20
-11.8641
 10
-2.225
 20
-11.846
 10
-2.2565
 20
-11.8277
 10
-2.2878
 20
-11.8091
 10
-2.3189
 20
-11.7902
 10
-2.3499
 20
-11.7711
 10
-2.3807
 20
-11.7518
 10
-2.4114
 20
-11.7322
 10
-2.4419
 20
-11.7123
 10
-2.4723
 20
-11.6922
 10
-2.5025
 20
-11.6719
 10
-2.5325
 20
-11.6513
 10
-2.5623
 20
-11.6305
 10
-2.592
 20
-11.6094
 10
-2.6215
 20
-11.588
 10
-2.6509
 20
-11.5665
 10
-2.68
 20
-11.5447
 10
-2.709
 20
-11.5226
 10
-2.7378
 20
-11.5003
 10
-2.7664
 20
-11.4778
 10
-2.7948
 20
-11.4551
 10
-2.8231
 20
-11.4321
 10
-2.8511
 20
-11.4089
 10
-2.879
 20
-11.3854
 10
-2.9066
 20
-11.3618
 10
-2.9341
 20
-11.3379
 10
-2.9614
 20
-11.3138
 10
-2.9884
 20
-11.2894
 10
-3.0153
 20
-11.2649
 10
-3.042
 20
-11.2401
 10
-3.0685
 20
-11.2151
 10
-3.0947
 20
-11.1899
 10
-3.1208
 20
-11.1645
 10
-3.1466
 20
-11.1388
 10
-3.1723
 20
-11.113
 10
-3.1977
 20
-11.0869
 10
-3.2229
 20
-11.0607
 10
-3.2479
 20
-11.0342
 10
-3.2727
 20
-11.0075
 10
-3.2972
 20
-10.9806
 10
-3.3216
 20
-10.9536
 10
-3.3457
 20
-10.9263
 10
-3.3696
 20
-10.8988
 10
-3.3932
 20
-10.8712
 10
-3.4167
 20
-10.8433
 10
-3.4399
 20
-10.8153
 10
-3.4629
 20
-10.787
 10
-3.4856
 20
-10.7586
 10
-3.5081
 20
-10.73
 10
-3.5304
 20
-10.7012
 10
-3.5525
 20
-10.6722
 10
-3.5743
 20
-10.6431
 10
-3.5958
 20
-10.6137
 10
-3.6172
 20
-10.5842
 10
-3.6383
 20
-10.5545
 10
-3.6591
 20
-10.5247
 10
-3.6797
 20
-10.4947
 10
-3.7
 20
-10.4645
 10
-3.7201
 20
-10.4341
 10
-3.74
 20
-10.4036
 10
-3.7596
 20
-10.3729
 10
-3.7789
 20
-10.3421
 10
-3.798
 20
-10.3111
 10
-3.8169
 20
-10.28
 10
-3.8355
 20
-10.2487
 10
-3.8538
 20
-10.2172
 10
-3.8719
 20
-10.1856
 10
-3.8897
 20
-10.1538
 10
-3.9073
 20
-10.122
 10
-3.9245
 20
-10.0899
 10
-3.9416
 20
-10.0577
 10
-3.9583
 20
-10.0254
 10
-3.9748
 20
-9.993
 10
-3.9911
 20
-9.9604
 10
-4.0071
 20
-9.9277
 10
-4.0228
 20
-9.8948
 10
-4.0382
 20
-9.8618
 10
-4.0533
 20
-9.8287
 10
-4.0682
 20
-9.7955
 10
-4.0829
 20
-9.7622
 10
-4.0972
 20
-9.7287
 10
-4.1113
 20
-9.6951
 10
-4.1251
 20
-9.6614
 10
-4.1386
 20
-9.6276
 10
-4.1518
 20
-9.5937
 10
-4.1648
 20
-9.5597
 10
-4.1775
 20
-9.5256
 10
-4.1899
 20
-9.4914
 10
-4.202
 20
-9.457
 10
-4.2138
 20
-9.4226
 10
-4.2254
 20
-9.3881
 10
-4.2367
 20
-9.3535
 10
-4.2477
 20
-9.3188
 10
-4.2584
 20
-9.284
 10
-4.2688
 20
-9.2491
 10
-4.2789
 20
-9.2141
 10
-4.2888
 20
-9.1791
 10
-4.2984
 20
-9.1439
 10
-4.3076
 20
-9.1087
 10
-4.3166
 20
-9.0735
 10
-4.3253
 20
-9.0381
 10
-4.3338
 20
-9.0027
 10
-4.3419
 20
-8.9672
 10
-4.3497
 20
-8.9316
 10
-4.3572
 20
-8.896
 10
-4.3645
 20
-8.8604
 10
-4.3715
 20
-8.8246
 10
-4.3781
 20
-8.7888
 10
-4.3845
 20
-8.753
 10
-4.3906
 20
-8.7171
 10
-4.3963
 20
-8.6811
 10
-4.4018
 20
-8.6452
 10
-4.407
 20
-8.6091
 10
-4.4119
 20
-8.573
 10
-4.4165
 20
-8.5369
 10
-4.4208
 20
-8.5008
 10
-4.4249
 20
-8.4646
 10
-4.4286
 20
-8.4284
 10
-4.432
 20
-8.3921
 10
-4.4351
 20
-8.3559
 10
-4.4379
 20
-8.3196
 10
-4.4405
 20
-8.2832
 10
-4.4427
 20
-8.2469
 10
-4.4446
 20
-8.2106
 10
-4.4463
 20
-8.1742
 10
-4.4476
 20
-8.1378
 10
-4.4487
 20
-8.1014
 10
-4.4494
 20
-8.065
 10
-4.4499
 20
-8.0286
 10
-4.45
 20
-7.9922
 10
-4.4499
 20
-7.9558
 10
-4.4494
 20
-7.9194
 10
-4.4487
 20
-7.883
 10
-4.4476
 20
-7.8466
 10
-4.4463
 20
-7.8102
 10
-4.4446
 20
-7.7738
 10
-4.4427
 20
-7.7375
 10
-4.4405
 20
-7.7012
 10
-4.4379
 20
-7.6648
 10
-4.4351
 20
-7.6285
 10
-4.432
 20
-7.5923
 10
-4.4286
 20
-7.556
 10
-4.4249
 20
-7.5198
 10
-4.4208
 20
-7.4836
 10
-4.4165
 20
-7.4475
 10
-4.4119
 20
-7.4114
 10
-4.407
 20
-7.3753
 10
-4.4018
 20
-7.3392
 10
-4.3963
 20
-7.3033
 10
-4.3906
 20
-7.2673
 10
-4.3845
 20
-7.2314
 10
-4.3781
 20
-7.1956
 10
-4.3715
 20
-7.1598
 10
-4.3645
 20
-7.124
 10
-4.3572
 20
-7.0884
 10
-4.3497
 20
-7.0528
 10
-4.3419
 20
-7.0172
 10
-4.3338
 20
-6.9817
 10
-4.3253
 20
-6.9463
 10
-4.3166
 20
-6.9109
 10
-4.3076
 20
-6.8757
 10
-4.2984
 20
-6.8405
 10
-4.2888
 20
-6.8053
 10
-4.2789
 20
-6.7703
 10
-4.2688
 20
-6.7353
 10
-4.2584
 20
-6.7004
 10
-4.2477
 20
-6.6656
 10
-4.2367
 20
-6.6309
 10
-4.2254
 20
-6.5963
 10
-4.2138
 20
-6.5618
 10
-4.202
 20
-6.5274
 10
-4.1899
 20
-6.493
 10
-4.1775
 20
-6.4588
 10
-4.1648
 20
-6.4247
 10
-4.1518
 20
-6.3907
 10
-4.1386
 20
-6.3568
 10
-4.1251
 20
-6.323
 10
-4.1113
 20
-6.2893
 10
-4.0972
 20
-6.2557
 10
-4.0829
 20
-6.2222
 10
-4.0682
 20
-6.1889
 10
-4.0533
 20
-6.1557
 10
-4.0382
 20
-6.1226
 10
-4.0228
 20
-6.0896
 10
-4.0071
 20
-6.0567
 10
-3.9911
 20
-6.024
 10
-3.9748
 20
-5.9914
 10
-3.9583
 20
-5.959
 10
-3.9416
 20
-5.9267
 10
-3.9245
 20
-5.8945
 10
-3.9073
 20
-5.8624
 10
-3.8897
 20
-5.8306
 10
-3.8719
 20
-5.7988
 10
-3.8538
 20
-5.7672
 10
-3.8355
 20
-5.7357
 10
-3.8169
 20
-5.7044
 10
-3.798
 20
-5.6733
 10
-3.7789
 20
-5.6423
 10
-3.7596
 20
-5.6115
 10
-3.74
 20
-5.5808
 10
-3.7201
 20
-5.5503
 10
-3.7
 20
-5.5199
 10
-3.6797
 20
-5.4897
 10
-3.6591
 20
-5.4597
 10
-3.6383
 20
-5.4299
 10
-3.6172
 20
-5.4002
 10
-3.5958
 20
-5.3707
 10
-3.5743
 20
-5.3413
 10
-3.5525
 20
-5.3122
 10
-3.5304
 20
-5.2832
 10
-3.5081
 20
-5.2544
 10
-3.4856
 20
-5.2258
 10
-3.4629
 20
-5.1974
 10
-3.4399
 20
-5.1691
 10
-3.4167
 20
-5.1411
 10
-3.3932
 20
-5.1132
 10
-3.3696
 20
-5.0856
 10
-3.3457
 20
-5.0581
 10
-3.3216
 20
-5.0308
 10
-3.2972
 20
-5.0038
 10
-3.2727
 20
-4.9769
 10
-3.2479
 20
-4.9502
 10
-3.2229
 20
-4.9237
 10
-3.1977
 20
-4.8975
 10
-3.1723
 20
-4.8714
 10
-3.1466
 20
-4.8456
 10
-3.1208
 20
-4.8199
 10
-3.0947
 20
-4.7945
 10
-3.0685
 20
-4.7693
 10
-3.042
 20
-4.7443
 10
-3.0153
 20
-4.7195
 10
-2.9884
 20
-4.695
 10
-2.9614
 20
-4.6706
 10
-2.9341
 20
-4.6465
 10
-2.9066
 20
-4.6226
 10
-2.879
 20
-4.599
 10
-2.8511
 20
-4.5755
 10
-2.8231
 20
-4.5523
 10
-2.7948
 20
-4.5293
 10
-2.7664
 20
-4.5066
 10
-2.7378
 20
-4.4841
 10
-2.709
 20
-4.4618
 10
-2.68
 20
-4.4397
 10
-2.6509
 20
-4.4179
 10
-2.6215
 20
-4.3964
 10
-2.592
 20
-4.375
 10
-2.5623
 20
-4.3539
 10
-2.5325
 20
-4.3331
 10
-2.5025
 20
-4.3125
 10
-2.4723
 20
-4.2922
 10
-2.4419
 20
-4.2721
 10
-2.4114
 20
-4.2522
 10
-2.3807
 20
-4.2326
 10
-2.3499
 20
-4.2133
 10
-2.3189
 20
-4.1942
 10
-2.2878
 20
-4.1753
 10
-2.2565
 20
-4.1567
 10
-2.225
 20
-4.1384
 10
-2.1934
 20
-4.1203
 10
-2.1616
 20
-4.1025
 10
-2.1298
 20
-4.0849
 10
-2.0977
 20
-4.0677
 10
-2.0655
 20
-4.0506
 10
-2.0332
 20
-4.0339
 10
-2.0008
 20
-4.0174
 10
-1.9682
 20
-4.0011
 10
-1.9355
 20
-3.9851
 10
-1.9026
 20
-3.9694
 10
-1.8696
 20
-3.954
 10
-1.8365
 20
-3.9389
 10
-1.8033
 20
-3.924
 10
-1.77
 20
-3.9093
 10
-1.7365
 20
-3.895
 10
-1.7029
 20
-3.8809
 10
-1.6692
 20
-3.8671
 10
-1.6354
 20
-3.8536
 10
-1.6015
 20
-3.8404
 10
-1.5675
 20
-3.8274
 10
-1.5334
 20
-3.8147
 10
-1.4992
 20
-3.8023
 10
-1.4648
 20
-3.7902
 10
-1.4304
 20
-3.7784
 10
-1.3959
 20
-3.7668
 10
-1.3613
 20
-3.7555
 10
-1.3266
 20
-3.7445
 10
-1.2918
 20
-3.7338
 10
-1.2569
 20
-3.7234
 10
-1.2219
 20
-3.7133
 10
-1.1869
 20
-3.7034
 10
-1.1517
 20
-3.6938
 10
-1.1165
 20
-3.6846
 10
-1.0813
 20
-3.6756
 10
-1.0459
 20
-3.6669
 10
-1.0105
 20
-3.6584
 10
-0.975
 20
-3.6503
 10
-0.9394
 20
-3.6425
 10
-0.9038
 20
-3.635
 10
-0.8682
 20
-3.6277
 10
-0.8324
 20
-3.6207
 10
-0.7966
 20
-3.6141
 10
-0.7608
 20
-3.6077
 10
-0.7249
 20
-3.6016
 10
-0.6889
 20
-3.5959
 10
-0.653
 20
-3.5904
 10
-0.6169
 20
-3.5852
 10
-0.5808
 20
-3.5803
 10
-0.5447
 20
-3.5757
 10
-0.5086
 20
-3.5714
 10
-0.4724
 20
-3.5673
 10
-0.4362
 20
-3.5636
 10
-0.3999
 20
-3.5602
 10
-0.3637
 20
-3.5571
 10
-0.3274
 20
-3.5543
 10
-0.291
 20
-3.5517
 10
-0.2547
 20
-3.5495
 10
-0.2184
 20
-3.5476
 10
-0.182
 20
-3.5459
 10
-0.1456
 20
-3.5446
 10
-0.1092
 20
-3.5435
 10
-0.0728
 20
-3.5428
 10
-0.0364
 20
-3.5423
 10
0.0
 20
-3.5422
 10
0.0364
 20
-3.5423
 10
0.0728
 20
-3.5428
 10
0.1092
 20
-3.5435
 10
0.1456
 20
-3.5446
 10
0.182
 20
-3.5459
 10
0.2184
 20
-3.5476
 10
0.2547
 20
-3.5495
 10
0.291
 20
-3.5517
 10
0.3274
 20
-3.5543
 10
0.3637
 20
-3.5571
 10
0.3999
 20
-3.5602
 10
0.4362
 20
-3.5636
 10
0.4724
 20
-3.5673
 10
0.5086
 20
-3.5714
 10
0.5447
 20
-3.5757
 10
0.5808
 20
-3.5803
 10
0.6169
 20
-3.5852
 10
0.653
 20
-3.5904
 10
0.6889
 20
-3.5959
 10
0.7249
 20
-3.6016
 10
0.7608
 20
-3.6077
 10
0.7966
 20
-3.6141
 10
0.8324
 20
-3.6207
 10
0.8682
 20
-3.6277
 10
0.9038
 20
-3.635
 10
0.9394
 20
-3.6425
 10
0.975
 20
-3.6503
 10
1.0105
 20
-3.6584
 10
1.0459
 20
-3.6669
 10
1.0813
 20
-3.6756
 10
1.1165
 20
-3.6846
 10
1.1517
 20
-3.6938
 10
1.1869
 20
-3.7034
 10
1.2219
 20
-3.7133
 10
1.2569
 20
-3.7234
 10
1.2918
 20
-3.7338
 10
1.3266
 20
-3.7445
 10
1.3613
 20
-3.7555
 10
1.3959
 20
-3.7668
 10
1.4304
 20
-3.7784
 10
1.4648
 20
-3.7902
 10
1.4992
 20
-3.8023
 10
1.5334
 20
-3.8147
 10
1.5675
 20
-3.8274
 10
1.6015
 20
-3.8404
 10
1.6354
 20
-3.8536
 10
1.6692
 20
-3.8671
 10
1.7029
 20
-3.8809
 10
1.7365
 20
-3.895
 10
1.77
 20
-3.9093
 10
1.8033
 20
-3.924
 10
1.8365
 20
-3.9389
 10
1.8696
 20
-3.954
 10
1.9026
 20
-3.9694
 10
1.9355
 20
-3.9851
 10
1.9682
 20
-4.0011
 10
2.0008
 20
-4.0174
 10
2.0332
 20
-4.0339
 10
2.0655
 20
-4.0506
 10
2.0977
 20
-4.0677
 10
2.1298
 20
-4.0849
 10
2.1616
 20
-4.1025
 10
2.1934
 20
-4.1203
 10
2.225
 20
-4.1384
 10
2.2565
 20
-4.1567
 10
2.2878
 20
-4.1753
 10
2.3189
 20
-4.1942
 10
2.3499
 20
-4.2133
 10
2.3807
 20
-4.2326
 10
2.4114
 20
-4.2522
 10
2.4419
 20
-4.2721
 10
2.4723
 20
-4.2922
 10
2.5025
 20
-4.3125
 10
2.5325
 20
-4.3331
 10
2.5623
 20
-4.3539
 10
2.592
 20
-4.375
 10
2.6215
 20
-4.3964
 10
2.6509
 20
-4.4179
 10
2.68
 20
-4.4397
 10
2.709
 20
-4.4618
 10
2.7378
 20
-4.4841
 10
2.7664
 20
-4.5066
 10
2.7948
 20
-4.5293
 10
2.8231
 20
-4.5523
 10
2.8511
 20
-4.5755
 10
2.879
 20
-4.599
 10
2.9066
 20
-4.6226
 10
2.9341
 20
-4.6465
 10
2.9614
 20
-4.6706
 10
2.9884
 20
-4.695
 10
3.0153
 20
-4.7195
 10
3.042
 20
-4.7443
 10
3.0685
 20
-4.7693
 10
3.0947
 20
-4.7945
 10
3.1208
 20
-4.8199
 10
3.1466
 20
-4.8456
 10
3.1723
 20
-4.8714
 10
3.1977
 20
-4.8975
 10
3.2229
 20
-4.9237
 10
3.2479
 20
-4.9502
 10
3.2727
 20
-4.9769
 10
3.2972
 20
-5.0038
 10
3.3216
 20
-5.0308
 10
3.3457
 20
-5.0581
 10
3.3696
 20
-5.0856
 10
3.3932
 20
-5.1132
 10
3.4167
 20
-5.1411
 10
3.4399
 20
-5.1691
 10
3.4629
 20
-5.1974
 10
3.4856
 20
-5.2258
 10
3.5081
 20
-5.2544
 10
3.5304
 20
-5.2832
 10
3.5525
 20
-5.3122
 10
3.5743
 20
-5.3413
 10
3.5958
 20
-5.3707
 10
3.6172
 20
-5.4002
 10
3.6383
 20
-5.4299
 10
3.6591
 20
-5.4597
 10
3.6797
 20
-5.4897
 10
3.7
 20
-5.5199
 10
3.7201
 20
-5.5503
 10
3.74
 20
-5.5808
 10
3.7596
 20
-5.6115
 10
3.7789
 20
-5.6423
 10
3.798
 20
-5.6733
 10
3.8169
 20
-5.7044
 10
3.8355
 20
-5.7357
 10
3.8538
 20
-5.7672
 10
3.8719
 20
-5.7988
 10
3.8897
 20
-5.8306
 10
3.9073
 20
-5.8624
 10
3.9245
 20
-5.8945
 10
3.9416
 20
-5.9267
 10
3.9583
 20
-5.959
 10
3.9748
 20
-5.9914
 10
3.9911
 20
-6.024
 10
4.0071
 20
-6.0567
 10
4.0228
 20
-6.0896
 10
4.0382
 20
-6.1226
 10
4.0533
 20
-6.1557
 10
4.0682
 20
-6.1889
 10
4.0829
 20
-6.2222
 10
4.0972
 20
-6.2557
 10
4.1113
 20
-6.2893
 10
4.1251
 20
-6.323
 10
4.1386
 20
-6.3568
 10
4.1518
 20
-6.3907
 10
4.1648
 20
-6.4247
 10
4.1775
 20
-6.4588
 10
4.1899
 20
-6.493
 10
4.202
 20
-6.5274
 10
4.2138
 20
-6.5618
 10
4.2254
 20
-6.5963
 10
4.2367
 20
-6.6309
 10
4.2477
 20
-6.6656
 10
4.2584
 20
-6.7004
 10
4.2688
 20
-6.7353
 10
4.2789
 20
-6.7703
 10
4.2888
 20
-6.8053
 10
4.2984
 20
-6.8405
 10
4.3076
 20
-6.8757
 10
4.3166
 20
-6.9109
 10
4.3253
 20
-6.9463
 10
4.3338
 20
-6.9817
 10
4.3419
 20
-7.0172
 10
4.3497
 20
-7.0528
 10
4.3572
 20
-7.0884
 10
4.3645
 20
-7.124
 10
4.3715
 20
-7.1598
 10
4.3781
 20
-7.1956
 10
4.3845
 20
-7.2314
 10
4.3906
 20
-7.2673
 10
4.3963
 20
-7.3033
 10
4.4018
 20
-7.3392
 10
4.407
 20
-7.3753
 10
4.4119
 20
-7.4114
 10
4.4165
 20
-7.4475
 10
4.4208
 20
-7.4836
 10
4.4249
 20
-7.5198
 10
4.4286
 20
-7.556
 10
4.432
 20
-7.5923
 10
4.4351
 20
-7.6285
 10
4.4379
 20
-7.6648
 10
4.4405
 20
-7.7012
 10
4.4427
 20
-7.7375
 10
4.4446
 20
-7.7738
 10
4.4463
 20
-7.8102
 10
4.4476
 20
-7.8466
 10
4.4487
 20
-7.883
 10
4.4494
 20
-7.9194
 10
4.4499
 20
-7.9558
  0
LWPOLYLINE
  5
91
330
17
100
AcDbEntity
  8
KESIM
100
AcDbPolyline
 90
68
 70
1
 10
2.314
 20
5.8256
 10
2.3118
 20
5.7815
 10
2.3054
 20
5.7378
 10
2.2946
 20
5.695
 10
2.2797
 20
5.6534
 10
2.2609
 20
5.6135
 10
2.2382
 20
5.5756
 10
2.2119
 20
5.5401
 10
2.1822
 20
5.5074
 10
2.1495
 20
5.4777
 10
2.114
 20
5.4514
 10
2.0761
 20
5.4287
 10
2.0362
 20
5.4099
 10
1.9946
 20
5.395
 10
1.9518
 20
5.3842
 10
1.9081
 20
5.3778
 10
1.864
 20
5.3756
 10
-1.864
 20
5.3756
 10
-1.9081
 20
5.3778
 10
-1.9518
 20
5.3842
 10
-1.9946
 20
5.395
 10
-2.0362
 20
5.4099
 10
-2.0761
 20
5.4287
 10
-2.114
 20
5.4514
 10
-2.1495
 20
5.4777
 10
-2.1822
 20
5.5074
 10
-2.2119
 20
5.5401
 10
-2.2382
 20
5.5756
 10
-2.2609
 20
5.6135
 10
-2.2797
 20
5.6534
 10
-2.2946
 20
5.695
 10
-2.3054
 20
5.7378
 10
-2.3118
 20
5.7815
 10
-2.314
 20
5.8256
 10
-2.314
 20
7.7736
 10
-2.3118
 20
7.8177
 10
-2.3054
 20
7.8614
 10
-2.2946
 20
7.9042
 10
-2.2797
 20
7.9458
 10
-2.2609
 20
7.9857
 10
-2.2382
 20
8.0236
 10
-2.2119
 20
8.0591
 10
-2.1822
 20
8.0918
 10
-2.1495
 20
8.1215
 10
-2.114
 20
8.1478
 10
-2.0761
 20
8.1705
 10
-2.0362
 20
8.1893
 10
-1.9946
 20
8.2042
 10
-1.9518
 20
8.215
 10
-1.9081
 20
8.2214
 10
-1.864
 20
8.2236
 10
1.864
 20
8.2236
 10
1.9081
 20
8.2214
 10
1.9518
 20
8.215
 10
1.9946
 20
8.2042
 10
2.0362
 20
8.1893
 10
2.0761
 20
8.1705
 10
2.114
 20
8.1478
 10
2.1495
 20
8.1215
 10
2.1822
 20
8.0918
 10
2.2119
 20
8.0591
 10
2.2382
 20
8.0236
 10
2.2609
 20
7.9857
 10
2.2797
 20
7.9458
 10
2.2946
 20
7.9042
 10
2.3054
 20
7.8614
 10
2.3118
 20
7.8177
 10
2.314
 20
7.7736
  0
LWPOLYLINE
  5
92
330
17
100
AcDbEntity
  8
ALTIN
100
AcDbPolyline
 90
156
 70
1
 10
-12.258
 20
-9.8669
 10
-12.225
 20
-9.8478
 10
-12.2215
 20
-9.846
 10
-12.2179
 20
-9.8446
 10
-12.2141
 20
-9.8435
 10
-12.2102
 20
-9.8428
 10
-12.2063
 20
-9.8425
 10
-12.2024
 20
-9.8425
 10
-12.1985
 20
-9.843
 10
-12.1946
 20
-9.8438
 10
-12.1909
 20
-9.845
 10
-12.1873
 20
-9.8466
 10
-12.1839
 20
-9.8485
 10
-12.1806
 20
-9.8507
 10
-12.1777
 20
-9.8533
 10
-12.1749
 20
-9.8561
 10
-12.1725
 20
-9.8591
 10
-12.1704
 20
-9.8624
 10
-12.1475
 20
-9.902
 10
-12.0943
 20
-9.9636
 10
-12.024
 20
-9.9975
 10
-11.9447
 20
-10.0041
 10
-11.8666
 20
-9.9795
 10
-10.044
 20
-8.9272
 10
-9.9838
 20
-8.8719
 10
-9.9501
 20
-8.8001
 10
-9.944
 20
-8.722
 10
-9.9706
 20
-8.6451
 10
-9.9934
 20
-8.6056
 10
-9.9952
 20
-8.6021
 10
-9.9967
 20
-8.5984
 10
-9.9977
 20
-8.5947
 10
-9.9984
 20
-8.5908
 10
-9.9988
 20
-8.5869
 10
-9.9987
 20
-8.583
 10
-9.9982
 20
-8.5791
 10
-9.9974
 20
-8.5752
 10
-9.9962
 20
-8.5715
 10
-9.9947
 20
-8.5679
 10
-9.9927
 20
-8.5645
 10
-9.9905
 20
-8.5612
 10
-9.988
 20
-8.5582
 10
-9.9851
 20
-8.5555
 10
-9.9821
 20
-8.5531
 10
-9.9788
 20
-8.5509
 10
-9.9457
 20
-8.5319
 10
-9.9423
 20
-8.5301
 10
-9.9386
 20
-8.5286
 10
-9.9348
 20
-8.5276
 10
-9.931
 20
-8.5269
 10
-9.9271
 20
-8.5265
 10
-9.9231
 20
-8.5266
 10
-9.9192
 20
-8.5271
 10
-9.9154
 20
-8.5279
 10
-9.9117
 20
-8.5291
 10
-9.9081
 20
-8.5306
 10
-9.9046
 20
-8.5326
 10
-9.9014
 20
-8.5348
 10
-9.8984
 20
-8.5373
 10
-9.8957
 20
-8.5401
 10
-9.8932
 20
-8.5432
 10
-9.8911
 20
-8.5465
 10
-9.4203
 20
-9.362
 10
-9.4185
 20
-9.3655
 10
-9.417
 20
-9.3692
 10
-9.416
 20
-9.3729
 10
-9.4153
 20
-9.3768
 10
-9.4149
 20
-9.3807
 10
-9.415
 20
-9.3846
 10
-9.4155
 20
-9.3885
 10
-9.4163
 20
-9.3924
 10
-9.4175
 20
-9.3961
 10
-9.419
 20
-9.3997
 10
-9.4209
 20
-9.4031
 10
-9.4232
 20
-9.4064
 10
-9.4257
 20
-9.4094
 10
-9.4285
 20
-9.4121
 10
-9.4316
 20
-9.4145
 10
-9.4349
 20
-9.4167
 10
-9.4679
 20
-9.4357
 10
-9.4714
 20
-9.4375
 10
-9.4751
 20
-9.439
 10
-9.4789
 20
-9.44
 10
-9.4827
 20
-9.4407
 10
-9.4866
 20
-9.4411
 10
-9.4906
 20
-9.441
 10
-9.4945
 20
-9.4406
 10
-9.4983
 20
-9.4397
 10
-9.502
 20
-9.4385
 10
-9.5056
 20
-9.437
 10
-9.5091
 20
-9.4351
 10
-9.5123
 20
-9.4328
 10
-9.5153
 20
-9.4303
 10
-9.518
 20
-9.4275
 10
-9.5205
 20
-9.4244
 10
-9.5226
 20
-9.4211
 10
-9.5454
 20
-9.3816
 10
-9.5988
 20
-9.32
 10
-9.6697
 20
-9.2859
 10
-9.7484
 20
-9.2794
 10
-9.8263
 20
-9.3041
 10
-11.649
 20
-10.3564
 10
-11.7095
 20
-10.4117
 10
-11.7436
 20
-10.4832
 10
-11.7492
 20
-10.5613
 10
-11.7224
 20
-10.6384
 10
-11.6995
 20
-10.6779
 10
-11.6977
 20
-10.6814
 10
-11.6963
 20
-10.6851
 10
-11.6952
 20
-10.6889
 10
-11.6945
 20
-10.6927
 10
-11.6942
 20
-10.6966
 10
-11.6943
 20
-10.7006
 10
-11.6947
 20
-10.7045
 10
-11.6955
 20
-10.7083
 10
-11.6967
 20
-10.712
 10
-11.6983
 20
-10.7156
 10
-11.7002
 20
-10.7191
 10
-11.7024
 20
-10.7223
 10
-11.705
 20
-10.7253
 10
-11.7078
 20
-10.728
 10
-11.7109
 20
-10.7305
 10
-11.7142
 20
-10.7326
 10
-11.7472
 20
-10.7517
 10
-11.7507
 20
-10.7534
 10
-11.7543
 20
-10.7549
 10
-11.7581
 20
-10.756
 10
-11.762
 20
-10.7567
 10
-11.7659
 20
-10.757
 10
-11.7698
 20
-10.7569
 10
-11.7737
 20
-10.7565
 10
-11.7776
 20
-10.7557
 10
-11.7813
 20
-10.7544
 10
-11.7849
 20
-10.7529
 10
-11.7883
 20
-10.751
 10
-11.7916
 20
-10.7487
 10
-11.7945
 20
-10.7462
 10
-11.7973
 20
-10.7434
 10
-11.7997
 20
-10.7403
 10
-11.8018
 20
-10.737
 10
-12.2727
 20
-9.9215
 10
-12.2745
 20
-9.918
 10
-12.2759
 20
-9.9144
 10
-12.277
 20
-9.9106
 10
-12.2777
 20
-9.9067
 10
-12.278
 20
-9.9028
 10
-12.2779
 20
-9.8989
 10
-12.2775
 20
-9.895
 10
-12.2767
 20
-9.8912
 10
-12.2755
 20
-9.8874
 10
-12.2739
 20
-9.8838
 10
-12.272
 20
-9.8804
 10
-12.2698
 20
-9.8772
 10
-12.2672
 20
-9.8742
 10
-12.2644
 20
-9.8714
 10
-12.2613
 20
-9.869
  0
LWPOLYLINE
  5
93
330
17
100
AcDbEntity
  8
ALTIN
100
AcDbPolyline
 90
156
 70
1
 10
-12.9024
 20
-8.7509
 10
-12.8693
 20
-8.7318
 10
-12.8658
 20
-8.73
 10
-12.8622
 20
-8.7286
 10
-12.8584
 20
-8.7275
 10
-12.8545
 20
-8.7268
 10
-12.8506
 20
-8.7265
 10
-12.8467
 20
-8.7265
 10
-12.8428
 20
-8.727
 10
-12.839
 20
-8.7278
 10
-12.8352
 20
-8.729
 10
-12.8316
 20
-8.7306
 10
-12.8282
 20
-8.7325
 10
-12.825
 20
-8.7347
 10
-12.822
 20
-8.7372
 10
-12.8193
 20
-8.7401
 10
-12.8168
 20
-8.7431
 10
-12.8147
 20
-8.7464
 10
-12.7918
 20
-8.786
 10
-12.7386
 20
-8.8475
 10
-12.6684
 20
-8.8815
 10
-12.589
 20
-8.8881
 10
-12.5109
 20
-8.8635
 10
-10.6883
 20
-7.8112
 10
-10.6281
 20
-7.7559
 10
-10.5945
 20
-7.6841
 10
-10.5884
 20
-7.606
 10
-10.6149
 20
-7.5291
 10
-10.6377
 20
-7.4896
 10
-10.6395
 20
-7.4861
 10
-10.641
 20
-7.4824
 10
-10.6421
 20
-7.4787
 10
-10.6428
 20
-7.4748
 10
-10.6431
 20
-7.4709
 10
-10.643
 20
-7.467
 10
-10.6426
 20
-7.4631
 10
-10.6417
 20
-7.4592
 10
-10.6405
 20
-7.4555
 10
-10.639
 20
-7.4519
 10
-10.6371
 20
-7.4485
 10
-10.6348
 20
-7.4452
 10
-10.6323
 20
-7.4422
 10
-10.6295
 20
-7.4395
 10
-10.6264
 20
-7.4371
 10
-10.6231
 20
-7.4349
 10
-10.5901
 20
-7.4159
 10
-10.5866
 20
-7.4141
 10
-10.5829
 20
-7.4126
 10
-10.5792
 20
-7.4116
 10
-10.5753
 20
-7.4109
 10
-10.5714
 20
-7.4105
 10
-10.5675
 20
-7.4106
 10
-10.5636
 20
-7.411
 10
-10.5597
 20
-7.4119
 10
-10.556
 20
-7.4131
 10
-10.5524
 20
-7.4146
 10
-10.5489
 20
-7.4165
 10
-10.5457
 20
-7.4188
 10
-10.5427
 20
-7.4213
 10
-10.54
 20
-7.4241
 10
-10.5376
 20
-7.4272
 10
-10.5354
 20
-7.4305
 10
-10.0646
 20
-8.246
 10
-10.0628
 20
-8.2495
 10
-10.0614
 20
-8.2532
 10
-10.0603
 20
-8.2569
 10
-10.0596
 20
-8.2608
 10
-10.0593
 20
-8.2647
 10
-10.0593
 20
-8.2686
 10
-10.0598
 20
-8.2725
 10
-10.0606
 20
-8.2764
 10
-10.0618
 20
-8.2801
 10
-10.0634
 20
-8.2837
 10
-10.0653
 20
-8.2871
 10
-10.0675
 20
-8.2904
 10
-10.07
 20
-8.2934
 10
-10.0729
 20
-8.2961
 10
-10.0759
 20
-8.2985
 10
-10.0792
 20
-8.3006
 10
-10.1123
 20
-8.3197
 10
-10.1158
 20
-8.3215
 10
-10.1194
 20
-8.323
 10
-10.1232
 20
-8.324
 10
-10.1271
 20
-8.3247
 10
-10.131
 20
-8.3251
 10
-10.1349
 20
-8.325
 10
-10.1388
 20
-8.3245
 10
-10.1426
 20
-8.3237
 10
-10.1464
 20
-8.3225
 10
-10.15
 20
-8.321
 10
-10.1534
 20
-8.319
 10
-10.1566
 20
-8.3168
 10
-10.1596
 20
-8.3143
 10
-10.1623
 20
-8.3115
 10
-10.1648
 20
-8.3084
 10
-10.1669
 20
-8.3051
 10
-10.1897
 20
-8.2656
 10
-10.2431
 20
-8.204
 10
-10.314
 20
-8.1699
 10
-10.3927
 20
-8.1634
 10
-10.4707
 20
-8.1881
 10
-12.2933
 20
-9.2404
 10
-12.3538
 20
-9.2957
 10
-12.3879
 20
-9.3672
 10
-12.3935
 20
-9.4453
 10
-12.3667
 20
-9.5224
 10
-12.3439
 20
-9.5619
 10
-12.3421
 20
-9.5654
 10
-12.3406
 20
-9.5691
 10
-12.3395
 20
-9.5729
 10
-12.3388
 20
-9.5767
 10
-12.3385
 20
-9.5806
 10
-12.3386
 20
-9.5846
 10
-12.339
 20
-9.5885
 10
-12.3399
 20
-9.5923
 10
-12.3411
 20
-9.596
 10
-12.3426
 20
-9.5996
 10
-12.3445
 20
-9.6031
 10
-12.3468
 20
-9.6063
 10
-12.3493
 20
-9.6093
 10
-12.3521
 20
-9.612
 10
-12.3552
 20
-9.6145
 10
-12.3585
 20
-9.6166
 10
-12.3915
 20
-9.6356
 10
-12.395
 20
-9.6374
 10
-12.3987
 20
-9.6389
 10
-12.4024
 20
-9.64
 10
-12.4063
 20
-9.6407
 10
-12.4102
 20
-9.641
 10
-12.4141
 20
-9.6409
 10
-12.418
 20
-9.6405
 10
-12.4219
 20
-9.6396
 10
-12.4256
 20
-9.6384
 10
-12.4292
 20
-9.6369
 10
-12.4327
 20
-9.635
 10
-12.4359
 20
-9.6327
 10
-12.4389
 20
-9.6302
 10
-12.4416
 20
-9.6274
 10
-12.444
 20
-9.6243
 10
-12.4462
 20
-9.621
 10
-12.917
 20
-8.8055
 10
-12.9188
 20
-8.802
 10
-12.9202
 20
-8.7984
 10
-12.9213
 20
-8.7946
 10
-12.922
 20
-8.7907
 10
-12.9223
 20
-8.7868
 10
-12.9223
 20
-8.7829
 10
-12.9218
 20
-8.779
 10
-12.921
 20
-8.7752
 10
-12.9198
 20
-8.7714
 10
-12.9182
 20
-8.7678
 10
-12.9163
 20
-8.7644
 10
-12.9141
 20
-8.7612
 10
-12.9116
 20
-8.7582
 10
-12.9087
 20
-8.7554
 10
-12.9057
 20
-8.753
  0
LWPOLYLINE
  5
94
330
17
100
AcDbEntity
  8
ALTIN
100
AcDbPolyline
 90
156
 70
1
 10
-13.5467
 20
-7.6349
 10
-13.5136
 20
-7.6158
 10
-13.5102
 20
-7.614
 10
-13.5065
 20
-7.6126
 10
-13.5027
 20
-7.6115
 10
-13.4989
 20
-7.6108
 10
-13.495
 20
-7.6105
 10
-13.491
 20
-7.6105
 10
-13.4871
 20
-7.611
 10
-13.4833
 20
-7.6118
 10
-13.4796
 20
-7.613
 10
-13.476
 20
-7.6146
 10
-13.4725
 20
-7.6165
 10
-13.4693
 20
-7.6187
 10
-13.4663
 20
-7.6212
 10
-13.4636
 20
-7.6241
 10
-13.4611
 20
-7.6271
 10
-13.459
 20
-7.6304
 10
-13.4362
 20
-7.67
 10
-13.383
 20
-7.7315
 10
-13.3127
 20
-7.7654
 10
-13.2334
 20
-7.7721
 10
-13.1552
 20
-7.7475
 10
-11.3326
 20
-6.6952
 10
-11.2724
 20
-6.6399
 10
-11.2388
 20
-6.5681
 10
-11.2327
 20
-6.49
 10
-11.2592
 20
-6.4131
 10
-11.2821
 20
-6.3736
 10
-11.2839
 20
-6.3701
 10
-11.2853
 20
-6.3664
 10
-11.2864
 20
-6.3627
 10
-11.2871
 20
-6.3588
 10
-11.2874
 20
-6.3549
 10
-11.2873
 20
-6.351
 10
-11.2869
 20
-6.3471
 10
-11.2861
 20
-6.3432
 10
-11.2849
 20
-6.3395
 10
-11.2833
 20
-6.3359
 10
-11.2814
 20
-6.3325
 10
-11.2792
 20
-6.3292
 10
-11.2766
 20
-6.3262
 10
-11.2738
 20
-6.3235
 10
-11.2707
 20
-6.3211
 10
-11.2674
 20
-6.3189
 10
-11.2344
 20
-6.2999
 10
-11.2309
 20
-6.2981
 10
-11.2273
 20
-6.2966
 10
-11.2235
 20
-6.2956
 10
-11.2196
 20
-6.2949
 10
-11.2157
 20
-6.2945
 10
-11.2118
 20
-6.2946
 10
-11.2079
 20
-6.295
 10
-11.204
 20
-6.2959
 10
-11.2003
 20
-6.2971
 10
-11.1967
 20
-6.2986
 10
-11.1933
 20
-6.3005
 10
-11.19
 20
-6.3028
 10
-11.1871
 20
-6.3053
 10
-11.1843
 20
-6.3081
 10
-11.1819
 20
-6.3112
 10
-11.1798
 20
-6.3145
 10
-10.7089
 20
-7.13
 10
-10.7071
 20
-7.1335
 10
-10.7057
 20
-7.1371
 10
-10.7046
 20
-7.1409
 10
-10.7039
 20
-7.1448
 10
-10.7036
 20
-7.1487
 10
-10.7037
 20
-7.1526
 10
-10.7041
 20
-7.1565
 10
-10.7049
 20
-7.1604
 10
-10.7061
 20
-7.1641
 10
-10.7077
 20
-7.1677
 10
-10.7096
 20
-7.1711
 10
-10.7118
 20
-7.1744
 10
-10.7144
 20
-7.1773
 10
-10.7172
 20
-7.1801
 10
-10.7203
 20
-7.1825
 10
-10.7236
 20
-7.1846
 10
-10.7566
 20
-7.2037
 10
-10.7601
 20
-7.2055
 10
-10.7637
 20
-7.207
 10
-10.7675
 20
-7.208
 10
-10.7714
 20
-7.2087
 10
-10.7753
 20
-7.2091
 10
-10.7792
 20
-7.209
 10
-10.7831
 20
-7.2085
 10
-10.787
 20
-7.2077
 10
-10.7907
 20
-7.2065
 10
-10.7943
 20
-7.2049
 10
-10.7977
 20
-7.203
 10
-10.801
 20
-7.2008
 10
-10.8039
 20
-7.1983
 10
-10.8067
 20
-7.1954
 10
-10.8091
 20
-7.1924
 10
-10.8112
 20
-7.1891
 10
-10.8341
 20
-7.1495
 10
-10.8875
 20
-7.0879
 10
-10.9583
 20
-7.0539
 10
-11.037
 20
-7.0474
 10
-11.115
 20
-7.072
 10
-12.9377
 20
-8.1244
 10
-12.9982
 20
-8.1797
 10
-13.0322
 20
-8.2512
 10
-13.0378
 20
-8.3293
 10
-13.011
 20
-8.4064
 10
-12.9882
 20
-8.4459
 10
-12.9864
 20
-8.4494
 10
-12.9849
 20
-8.4531
 10
-12.9839
 20
-8.4568
 10
-12.9832
 20
-8.4607
 10
-12.9828
 20
-8.4646
 10
-12.9829
 20
-8.4685
 10
-12.9834
 20
-8.4724
 10
-12.9842
 20
-8.4763
 10
-12.9854
 20
-8.48
 10
-12.9869
 20
-8.4836
 10
-12.9889
 20
-8.4871
 10
-12.9911
 20
-8.4903
 10
-12.9936
 20
-8.4933
 10
-12.9964
 20
-8.496
 10
-12.9995
 20
-8.4984
 10
-13.0028
 20
-8.5006
 10
-13.0359
 20
-8.5196
 10
-13.0393
 20
-8.5214
 10
-13.043
 20
-8.5229
 10
-13.0468
 20
-8.524
 10
-13.0506
 20
-8.5247
 10
-13.0545
 20
-8.525
 10
-13.0585
 20
-8.5249
 10
-13.0624
 20
-8.5245
 10
-13.0662
 20
-8.5236
 10
-13.0699
 20
-8.5224
 10
-13.0735
 20
-8.5209
 10
-13.077
 20
-8.519
 10
-13.0802
 20
-8.5167
 10
-13.0832
 20
-8.5142
 10
-13.0859
 20
-8.5114
 10
-13.0884
 20
-8.5083
 10
-13.0905
 20
-8.505
 10
-13.5613
 20
-7.6895
 10
-13.5631
 20
-7.686
 10
-13.5646
 20
-7.6824
 10
-13.5656
 20
-7.6786
 10
-13.5663
 20
-7.6747
 10
-13.5667
 20
-7.6708
 10
-13.5666
 20
-7.6669
 10
-13.5661
 20
-7.663
 10
-13.5653
 20
-7.6592
 10
-13.5641
 20
-7.6554
 10
-13.5626
 20
-7.6518
 10
-13.5607
 20
-7.6484
 10
-13.5584
 20
-7.6452
 10
-13.5559
 20
-7.6422
 10
-13.5531
 20
-7.6394
 10
-13.55
 20
-7.637
  0
LWPOLYLINE
  5
95
330
17
100
AcDbEntity
  8
ALTIN
100
AcDbPolyline
 90
197
 70
1
 10
-11.8493
 20
-5.3618
 10
-11.8478
 20
-5.3582
 10
-11.8459
 20
-5.3548
 10
-11.8436
 20
-5.3515
 10
-11.8411
 20
-5.3486
 10
-11.8383
 20
-5.3458
 10
-11.8352
 20
-5.3434
 10
-11.8319
 20
-5.3413
 10
-11.7989
 20
-5.3222
 10
-11.7954
 20
-5.3204
 10
-11.7917
 20
-5.319
 10
-11.7879
 20
-5.3179
 10
-11.7841
 20
-5.3172
 10
-11.7802
 20
-5.3168
 10
-11.7762
 20
-5.3169
 10
-11.7723
 20
-5.3174
 10
-11.7685
 20
-5.3182
 10
-11.7648
 20
-5.3194
 10
-11.7612
 20
-5.321
 10
-11.7577
 20
-5.3229
 10
-11.7545
 20
-5.3251
 10
-11.7515
 20
-5.3276
 10
-11.7488
 20
-5.3305
 10
-11.7463
 20
-5.3335
 10
-11.7442
 20
-5.3368
 10
-11.3533
 20
-6.014
 10
-11.3515
 20
-6.0175
 10
-11.35
 20
-6.0211
 10
-11.3489
 20
-6.0249
 10
-11.3482
 20
-6.0288
 10
-11.3479
 20
-6.0327
 10
-11.348
 20
-6.0366
 10
-11.3484
 20
-6.0405
 10
-11.3493
 20
-6.0444
 10
-11.3505
 20
-6.0481
 10
-11.352
 20
-6.0517
 10
-11.3539
 20
-6.0551
 10
-11.3562
 20
-6.0583
 10
-11.3587
 20
-6.0613
 10
-11.3615
 20
-6.0641
 10
-11.3646
 20
-6.0665
 10
-11.3679
 20
-6.0686
 10
-11.4009
 20
-6.0877
 10
-11.4044
 20
-6.0895
 10
-11.4081
 20
-6.0909
 10
-11.4118
 20
-6.092
 10
-11.4157
 20
-6.0927
 10
-11.4196
 20
-6.093
 10
-11.4235
 20
-6.093
 10
-11.4274
 20
-6.0925
 10
-11.4313
 20
-6.0917
 10
-11.435
 20
-6.0905
 10
-11.4386
 20
-6.0889
 10
-11.442
 20
-6.087
 10
-11.4453
 20
-6.0848
 10
-11.4483
 20
-6.0823
 10
-11.451
 20
-6.0794
 10
-11.4534
 20
-6.0764
 10
-11.4556
 20
-6.0731
 10
-11.4713
 20
-6.0459
 10
-11.5214
 20
-5.9842
 10
-11.5947
 20
-5.9313
 10
-11.6909
 20
-5.8971
 10
-11.8154
 20
-5.8926
 10
-11.8195
 20
-5.8923
 10
-11.82
 20
-5.8922
 10
-14.0162
 20
-6.119
 10
-14.0334
 20
-6.1224
 10
-14.0375
 20
-6.123
 10
-14.0821
 20
-6.1271
 10
-14.1438
 20
-6.1328
 10
-14.2156
 20
-6.1409
 10
-14.2897
 20
-6.1521
 10
-14.3598
 20
-6.1665
 10
-14.4175
 20
-6.1813
 10
-14.4571
 20
-6.1949
 10
-14.4609
 20
-6.196
 10
-14.4648
 20
-6.1967
 10
-14.4687
 20
-6.197
 10
-14.4726
 20
-6.197
 10
-14.4765
 20
-6.1965
 10
-14.4804
 20
-6.1957
 10
-14.4841
 20
-6.1945
 10
-14.4877
 20
-6.193
 10
-14.4912
 20
-6.191
 10
-14.4944
 20
-6.1888
 10
-14.4974
 20
-6.1863
 10
-14.5002
 20
-6.1834
 10
-14.5026
 20
-6.1804
 10
-14.5047
 20
-6.1771
 10
-14.5217
 20
-6.1476
 10
-14.5235
 20
-6.1442
 10
-14.5249
 20
-6.1407
 10
-14.526
 20
-6.137
 10
-14.5267
 20
-6.1332
 10
-14.527
 20
-6.1294
 10
-14.527
 20
-6.1256
 10
-14.5266
 20
-6.1217
 10
-14.5259
 20
-6.118
 10
-14.5248
 20
-6.1143
 10
-14.5233
 20
-6.1108
 10
-14.5216
 20
-6.1074
 10
-14.5195
 20
-6.1042
 10
-12.9435
 20
-3.93
 10
-12.8861
 20
-3.8263
 10
-12.8673
 20
-3.7271
 10
-12.8768
 20
-3.6366
 10
-12.9065
 20
-3.5599
 10
-12.9202
 20
-3.5363
 10
-12.922
 20
-3.5328
 10
-12.9234
 20
-3.5291
 10
-12.9245
 20
-3.5253
 10
-12.9252
 20
-3.5215
 10
-12.9255
 20
-3.5176
 10
-12.9255
 20
-3.5136
 10
-12.925
 20
-3.5097
 10
-12.9242
 20
-3.5059
 10
-12.923
 20
-3.5022
 10
-12.9214
 20
-3.4986
 10
-12.9195
 20
-3.4951
 10
-12.9173
 20
-3.4919
 10
-12.9147
 20
-3.4889
 10
-12.9119
 20
-3.4862
 10
-12.9089
 20
-3.4837
 10
-12.9056
 20
-3.4816
 10
-12.8725
 20
-3.4626
 10
-12.869
 20
-3.4608
 10
-12.8654
 20
-3.4593
 10
-12.8616
 20
-3.4582
 10
-12.8577
 20
-3.4575
 10
-12.8538
 20
-3.4572
 10
-12.8499
 20
-3.4573
 10
-12.846
 20
-3.4577
 10
-12.8422
 20
-3.4586
 10
-12.8384
 20
-3.4598
 10
-12.8348
 20
-3.4613
 10
-12.8314
 20
-3.4632
 10
-12.8282
 20
-3.4655
 10
-12.8252
 20
-3.468
 10
-12.8224
 20
-3.4708
 10
-12.82
 20
-3.4739
 10
-12.8179
 20
-3.4772
 10
-12.3298
 20
-4.3226
 10
-12.328
 20
-4.3261
 10
-12.3265
 20
-4.3298
 10
-12.3255
 20
-4.3335
 10
-12.3248
 20
-4.3374
 10
-12.3244
 20
-4.3413
 10
-12.3245
 20
-4.3452
 10
-12.3249
 20
-4.3491
 10
-12.3258
 20
-4.353
 10
-12.327
 20
-4.3567
 10
-12.3285
 20
-4.3603
 10
-12.3304
 20
-4.3637
 10
-12.3327
 20
-4.367
 10
-12.3352
 20
-4.37
 10
-12.338
 20
-4.3727
 10
-12.3411
 20
-4.3751
 10
-12.3444
 20
-4.3773
 10
-12.3774
 20
-4.3963
 10
-12.3809
 20
-4.3981
 10
-12.3846
 20
-4.3996
 10
-12.3884
 20
-4.4006
 10
-12.3922
 20
-4.4014
 10
-12.3961
 20
-4.4017
 10
-12.4001
 20
-4.4016
 10
-12.404
 20
-4.4012
 10
-12.4078
 20
-4.4003
 10
-12.4115
 20
-4.3991
 10
-12.4151
 20
-4.3976
 10
-12.4186
 20
-4.3957
 10
-12.4218
 20
-4.3934
 10
-12.4248
 20
-4.3909
 10
-12.4275
 20
-4.3881
 10
-12.43
 20
-4.385
 10
-12.4321
 20
-4.3817
 10
-12.4471
 20
-4.3556
 10
-12.4854
 20
-4.3142
 10
-12.5371
 20
-4.293
 10
-12.5947
 20
-4.3004
 10
-12.6642
 20
-4.3589
 10
-12.6668
 20
-4.3608
 10
-13.8346
 20
-5.8499
 10
-11.9232
 20
-5.6054
 10
-11.8563
 20
-5.5804
 10
-11.8215
 20
-5.5333
 10
-11.8145
 20
-5.4763
 10
-11.8317
 20
-5.4215
 10
-11.8465
 20
-5.3959
 10
-11.8483
 20
-5.3924
 10
-11.8498
 20
-5.3888
 10
-11.8508
 20
-5.385
 10
-11.8515
 20
-5.3811
 10
-11.8519
 20
-5.3772
 10
-11.8518
 20
-5.3733
 10
-11.8514
 20
-5.3694
 10
-11.8505
 20
-5.3655
  0
LWPOLYLINE
  5
96
330
17
100
AcDbEntity
  8
ALTIN
100
AcDbPolyline
 90
165
 70
1
 10
-10.3771
 20
-1.0265
 10
-9.7727
 20
-0.8886
 10
-9.7698
 20
-0.8881
 10
-9.7668
 20
-0.8878
 10
-9.7639
 20
-0.8879
 10
-9.761
 20
-0.8882
 10
-9.7581
 20
-0.8889
 10
-9.7553
 20
-0.8898
 10
-9.7526
 20
-0.891
 10
-9.75
 20
-0.8924
 10
-9.7476
 20
-0.8941
 10
-9.7454
 20
-0.896
 10
-9.7433
 20
-0.8981
 10
-9.7415
 20
-0.9005
 10
-9.7399
 20
-0.9029
 10
-9.7386
 20
-0.9056
 10
-9.7375
 20
-0.9083
 10
-9.7367
 20
-0.9111
 10
-9.6934
 20
-1.1009
 10
-9.6929
 20
-1.1037
 10
-9.6927
 20
-1.1066
 10
-9.6927
 20
-1.1094
 10
-9.693
 20
-1.1122
 10
-9.6936
 20
-1.115
 10
-9.6944
 20
-1.1177
 10
-9.6955
 20
-1.1204
 10
-9.6968
 20
-1.1229
 10
-9.6984
 20
-1.1252
 10
-9.7002
 20
-1.1275
 10
-9.7021
 20
-1.1295
 10
-9.7043
 20
-1.1313
 10
-9.7066
 20
-1.133
 10
-9.9616
 20
-1.2946
 10
-9.9635
 20
-1.2957
 10
-10.0207
 20
-1.3262
 10
-9.956
 20
-1.3288
 10
-9.9539
 20
-1.329
 10
-9.6544
 20
-1.3622
 10
-9.6516
 20
-1.3627
 10
-9.6489
 20
-1.3634
 10
-9.6462
 20
-1.3644
 10
-9.6436
 20
-1.3656
 10
-9.6412
 20
-1.3671
 10
-9.6389
 20
-1.3688
 10
-9.6367
 20
-1.3707
 10
-9.6348
 20
-1.3727
 10
-9.6331
 20
-1.375
 10
-9.6316
 20
-1.3774
 10
-9.6303
 20
-1.38
 10
-9.6293
 20
-1.3826
 10
-9.6285
 20
-1.3854
 10
-9.585
 20
-1.5761
 10
-9.5845
 20
-1.579
 10
-9.5842
 20
-1.5819
 10
-9.5843
 20
-1.5849
 10
-9.5846
 20
-1.5878
 10
-9.5853
 20
-1.5907
 10
-9.5862
 20
-1.5935
 10
-9.5874
 20
-1.5962
 10
-9.5888
 20
-1.5987
 10
-9.5905
 20
-1.6012
 10
-9.5924
 20
-1.6034
 10
-9.5945
 20
-1.6054
 10
-9.5969
 20
-1.6072
 10
-9.5993
 20
-1.6088
 10
-9.602
 20
-1.6102
 10
-9.6047
 20
-1.6112
 10
-9.6075
 20
-1.612
 10
-10.212
 20
-1.75
 10
-10.2149
 20
-1.7505
 10
-10.2178
 20
-1.7507
 10
-10.2208
 20
-1.7507
 10
-10.2237
 20
-1.7503
 10
-10.2266
 20
-1.7497
 10
-10.2294
 20
-1.7488
 10
-10.2321
 20
-1.7476
 10
-10.2346
 20
-1.7461
 10
-10.237
 20
-1.7445
 10
-10.2393
 20
-1.7425
 10
-10.2413
 20
-1.7404
 10
-10.2431
 20
-1.7381
 10
-10.2447
 20
-1.7356
 10
-10.2461
 20
-1.733
 10
-10.2471
 20
-1.7302
 10
-10.2479
 20
-1.7274
 10
-10.2764
 20
-1.6028
 10
-10.2769
 20
-1.5999
 10
-10.2771
 20
-1.597
 10
-10.277
 20
-1.594
 10
-10.2767
 20
-1.5911
 10
-10.2761
 20
-1.5882
 10
-10.2751
 20
-1.5854
 10
-10.274
 20
-1.5827
 10
-10.2725
 20
-1.5801
 10
-10.2708
 20
-1.5777
 10
-10.2689
 20
-1.5755
 10
-10.2668
 20
-1.5735
 10
-10.2645
 20
-1.5716
 10
-10.262
 20
-1.5701
 10
-10.2594
 20
-1.5687
 10
-10.2566
 20
-1.5677
 10
-10.2538
 20
-1.5669
 10
-9.9819
 20
-1.5048
 10
-10.2861
 20
-1.4701
 10
-10.2889
 20
-1.4697
 10
-10.2916
 20
-1.469
 10
-10.2943
 20
-1.468
 10
-10.2969
 20
-1.4668
 10
-10.2993
 20
-1.4653
 10
-10.3016
 20
-1.4636
 10
-10.3037
 20
-1.4617
 10
-10.3056
 20
-1.4596
 10
-10.3074
 20
-1.4574
 10
-10.3089
 20
-1.4549
 10
-10.3101
 20
-1.4524
 10
-10.3112
 20
-1.4497
 10
-10.3119
 20
-1.447
 10
-10.3357
 20
-1.3427
 10
-10.3362
 20
-1.34
 10
-10.3365
 20
-1.3371
 10
-10.3364
 20
-1.3343
 10
-10.3361
 20
-1.3315
 10
-10.3356
 20
-1.3287
 10
-10.3347
 20
-1.326
 10
-10.3337
 20
-1.3234
 10
-10.3323
 20
-1.3209
 10
-10.3308
 20
-1.3185
 10
-10.329
 20
-1.3163
 10
-10.3271
 20
-1.3142
 10
-10.3249
 20
-1.3124
 10
-10.3226
 20
-1.3108
 10
-10.0638
 20
-1.1459
 10
-10.3357
 20
-1.208
 10
-10.3386
 20
-1.2085
 10
-10.3415
 20
-1.2087
 10
-10.3445
 20
-1.2087
 10
-10.3474
 20
-1.2083
 10
-10.3503
 20
-1.2077
 10
-10.3531
 20
-1.2068
 10
-10.3558
 20
-1.2056
 10
-10.3583
 20
-1.2041
 10
-10.3608
 20
-1.2024
 10
-10.363
 20
-1.2005
 10
-10.365
 20
-1.1984
 10
-10.3668
 20
-1.1961
 10
-10.3684
 20
-1.1936
 10
-10.3698
 20
-1.191
 10
-10.3708
 20
-1.1882
 10
-10.3716
 20
-1.1854
 10
-10.3997
 20
-1.0625
 10
-10.4002
 20
-1.0596
 10
-10.4004
 20
-1.0566
 10
-10.4004
 20
-1.0537
 10
-10.4
 20
-1.0508
 10
-10.3994
 20
-1.0479
 10
-10.3985
 20
-1.0451
 10
-10.3973
 20
-1.0424
 10
-10.3958
 20
-1.0398
 10
-10.3942
 20
-1.0374
 10
-10.3922
 20
-1.0352
 10
-10.3901
 20
-1.0331
 10
-10.3878
 20
-1.0313
 10
-10.3853
 20
-1.0297
 10
-10.3827
 20
-1.0284
 10
-10.38
 20
-1.0273
  0
LWPOLYLINE
  5
97
330
17
100
AcDbEntity
  8
ALTIN
100
AcDbPolyline
 90
110
 70
1
 10
-10.4786
 20
-0.4664
 10
-10.4761
 20
-0.4648
 10
-10.3109
 20
-0.3751
 10
-10.3085
 20
-0.3739
 10
-10.3059
 20
-0.373
 10
-10.3033
 20
-0.3722
 10
-9.911
 20
-0.2827
 10
-9.9081
 20
-0.2822
 10
-9.9051
 20
-0.2819
 10
-9.9022
 20
-0.282
 10
-9.8993
 20
-0.2824
 10
-9.8964
 20
-0.283
 10
-9.8936
 20
-0.2839
 10
-9.8909
 20
-0.2851
 10
-9.8883
 20
-0.2865
 10
-9.8859
 20
-0.2882
 10
-9.8837
 20
-0.2901
 10
-9.8816
 20
-0.2923
 10
-9.8798
 20
-0.2946
 10
-9.8782
 20
-0.2971
 10
-9.8769
 20
-0.2997
 10
-9.8758
 20
-0.3024
 10
-9.875
 20
-0.3053
 10
-9.8468
 20
-0.429
 10
-9.8463
 20
-0.4319
 10
-9.8461
 20
-0.4348
 10
-9.8461
 20
-0.4378
 10
-9.8465
 20
-0.4407
 10
-9.8471
 20
-0.4436
 10
-9.848
 20
-0.4464
 10
-9.8492
 20
-0.449
 10
-9.8506
 20
-0.4516
 10
-9.8523
 20
-0.454
 10
-9.8542
 20
-0.4563
 10
-9.8564
 20
-0.4583
 10
-9.8587
 20
-0.4601
 10
-9.8612
 20
-0.4617
 10
-9.8638
 20
-0.463
 10
-9.8665
 20
-0.4641
 10
-9.8694
 20
-0.4649
 10
-10.2477
 20
-0.5513
 10
-10.3188
 20
-0.5881
 10
-10.3206
 20
-0.6695
 10
-10.2838
 20
-0.7416
 10
-10.2038
 20
-0.7438
 10
-9.8254
 20
-0.6575
 10
-9.8225
 20
-0.657
 10
-9.8196
 20
-0.6567
 10
-9.8166
 20
-0.6568
 10
-9.8137
 20
-0.6572
 10
-9.8108
 20
-0.6578
 10
-9.808
 20
-0.6587
 10
-9.8053
 20
-0.6599
 10
-9.8028
 20
-0.6613
 10
-9.8004
 20
-0.663
 10
-9.7981
 20
-0.6649
 10
-9.7961
 20
-0.6671
 10
-9.7943
 20
-0.6694
 10
-9.7927
 20
-0.6719
 10
-9.7914
 20
-0.6745
 10
-9.7903
 20
-0.6772
 10
-9.7895
 20
-0.6801
 10
-9.7611
 20
-0.8043
 10
-9.7606
 20
-0.8072
 10
-9.7604
 20
-0.8101
 10
-9.7605
 20
-0.8131
 10
-9.7608
 20
-0.816
 10
-9.7614
 20
-0.8189
 10
-9.7623
 20
-0.8217
 10
-9.7635
 20
-0.8244
 10
-9.765
 20
-0.8269
 10
-9.7667
 20
-0.8293
 10
-9.7686
 20
-0.8316
 10
-9.7707
 20
-0.8336
 10
-9.773
 20
-0.8354
 10
-9.7755
 20
-0.837
 10
-9.7781
 20
-0.8384
 10
-9.7809
 20
-0.8394
 10
-9.7837
 20
-0.8402
 10
-10.176
 20
-0.9298
 10
-10.1787
 20
-0.9303
 10
-10.1815
 20
-0.9305
 10
-10.1843
 20
-0.9305
 10
-10.3721
 20
-0.9206
 10
-10.3751
 20
-0.9203
 10
-10.3779
 20
-0.9198
 10
-10.3807
 20
-0.9189
 10
-10.3834
 20
-0.9178
 10
-10.386
 20
-0.9164
 10
-10.3885
 20
-0.9148
 10
-10.3907
 20
-0.9129
 10
-10.3928
 20
-0.9108
 10
-10.3947
 20
-0.9086
 10
-10.3963
 20
-0.9061
 10
-10.3977
 20
-0.9035
 10
-10.4875
 20
-0.7142
 10
-10.4887
 20
-0.7112
 10
-10.4896
 20
-0.7081
 10
-10.4902
 20
-0.7048
 10
-10.4904
 20
-0.7016
 10
-10.4917
 20
-0.4914
 10
-10.4916
 20
-0.4885
 10
-10.4912
 20
-0.4856
 10
-10.4905
 20
-0.4827
 10
-10.4895
 20
-0.4799
 10
-10.4883
 20
-0.4772
 10
-10.4868
 20
-0.4747
 10
-10.4851
 20
-0.4723
 10
-10.4831
 20
-0.4701
 10
-10.4809
 20
-0.4681
  0
LWPOLYLINE
  5
98
330
17
100
AcDbEntity
  8
ALTIN
100
AcDbPolyline
 90
139
 70
1
 10
-10.6101
 20
0.1749
 10
-10.6075
 20
0.1764
 10
-10.368
 20
0.294
 10
-10.3655
 20
0.2951
 10
-10.3628
 20
0.296
 10
-10.3601
 20
0.2966
 10
-10.3573
 20
0.297
 10
-10.3545
 20
0.2971
 10
-10.0865
 20
0.2945
 10
-10.0835
 20
0.2943
 10
-10.0806
 20
0.2938
 10
-10.0778
 20
0.2931
 10
-10.075
 20
0.292
 10
-10.0723
 20
0.2907
 10
-10.0698
 20
0.2892
 10
-10.0675
 20
0.2874
 10
-10.0653
 20
0.2854
 10
-10.0633
 20
0.2832
 10
-10.0616
 20
0.2808
 10
-10.0601
 20
0.2782
 10
-9.9533
 20
0.0711
 10
-9.9522
 20
0.0686
 10
-9.9512
 20
0.066
 10
-9.9506
 20
0.0634
 10
-9.9501
 20
0.0607
 10
-9.95
 20
0.0579
 10
-9.9459
 20
-0.141
 10
-9.946
 20
-0.1439
 10
-9.9464
 20
-0.1469
 10
-9.9471
 20
-0.1497
 10
-9.948
 20
-0.1525
 10
-9.9492
 20
-0.1552
 10
-9.9507
 20
-0.1578
 10
-9.9524
 20
-0.1602
 10
-9.9544
 20
-0.1624
 10
-9.9565
 20
-0.1645
 10
-9.9589
 20
-0.1663
 10
-10.1181
 20
-0.2764
 10
-10.1206
 20
-0.2779
 10
-10.1232
 20
-0.2792
 10
-10.126
 20
-0.2802
 10
-10.1288
 20
-0.281
 10
-10.1317
 20
-0.2815
 10
-10.1346
 20
-0.2817
 10
-10.1375
 20
-0.2816
 10
-10.1404
 20
-0.2812
 10
-10.1433
 20
-0.2806
 10
-10.1461
 20
-0.2796
 10
-10.1487
 20
-0.2785
 10
-10.1513
 20
-0.277
 10
-10.1537
 20
-0.2753
 10
-10.1559
 20
-0.2734
 10
-10.1579
 20
-0.2713
 10
-10.1597
 20
-0.269
 10
-10.1613
 20
-0.2665
 10
-10.1626
 20
-0.2639
 10
-10.1637
 20
-0.2612
 10
-10.1644
 20
-0.2584
 10
-10.193
 20
-0.1331
 10
-10.1936
 20
-0.1302
 10
-10.1938
 20
-0.1274
 10
-10.1937
 20
-0.1245
 10
-10.1934
 20
-0.1216
 10
-10.1928
 20
-0.1188
 10
-10.1919
 20
-0.116
 10
-10.1908
 20
-0.1133
 10
-10.1894
 20
-0.1108
 10
-10.1878
 20
-0.1084
 10
-10.186
 20
-0.1062
 10
-10.1839
 20
-0.1041
 10
-10.1817
 20
-0.1023
 10
-10.1175
 20
-0.0547
 10
-10.1192
 20
0.0217
 10
-10.1717
 20
0.1168
 10
-10.3193
 20
0.1115
 10
-10.4552
 20
0.0517
 10
-10.46
 20
-0.0554
 10
-10.4281
 20
-0.1253
 10
-10.349
 20
-0.141
 10
-10.3462
 20
-0.1417
 10
-10.3435
 20
-0.1426
 10
-10.3409
 20
-0.1439
 10
-10.3384
 20
-0.1453
 10
-10.3361
 20
-0.147
 10
-10.3339
 20
-0.1489
 10
-10.3319
 20
-0.151
 10
-10.3302
 20
-0.1533
 10
-10.3287
 20
-0.1557
 10
-10.3274
 20
-0.1583
 10
-10.3263
 20
-0.161
 10
-10.3256
 20
-0.1637
 10
-10.2969
 20
-0.2891
 10
-10.2964
 20
-0.292
 10
-10.2962
 20
-0.2949
 10
-10.2962
 20
-0.2978
 10
-10.2966
 20
-0.3006
 10
-10.2972
 20
-0.3035
 10
-10.298
 20
-0.3062
 10
-10.2992
 20
-0.3089
 10
-10.3006
 20
-0.3114
 10
-10.3022
 20
-0.3138
 10
-10.304
 20
-0.316
 10
-10.3061
 20
-0.3181
 10
-10.3083
 20
-0.3199
 10
-10.3107
 20
-0.3215
 10
-10.3132
 20
-0.3229
 10
-10.3159
 20
-0.324
 10
-10.3187
 20
-0.3249
 10
-10.3215
 20
-0.3255
 10
-10.3244
 20
-0.3258
 10
-10.3272
 20
-0.3258
 10
-10.3301
 20
-0.3256
 10
-10.5078
 20
-0.302
 10
-10.5107
 20
-0.3015
 10
-10.5134
 20
-0.3007
 10
-10.5161
 20
-0.2996
 10
-10.5187
 20
-0.2983
 10
-10.5211
 20
-0.2968
 10
-10.5234
 20
-0.295
 10
-10.5255
 20
-0.293
 10
-10.5274
 20
-0.2909
 10
-10.5291
 20
-0.2885
 10
-10.5305
 20
-0.286
 10
-10.6274
 20
-0.0981
 10
-10.6287
 20
-0.0954
 10
-10.6296
 20
-0.0925
 10
-10.6303
 20
-0.0896
 10
-10.6307
 20
-0.0866
 10
-10.6308
 20
-0.0835
 10
-10.6243
 20
0.1503
 10
-10.6241
 20
0.1532
 10
-10.6236
 20
0.1561
 10
-10.6227
 20
0.159
 10
-10.6217
 20
0.1617
 10
-10.6203
 20
0.1644
 10
-10.6187
 20
0.1669
 10
-10.6169
 20
0.1692
 10
-10.6148
 20
0.1713
 10
-10.6126
 20
0.1732
  0
LWPOLYLINE
  5
99
330
17
100
AcDbEntity
  8
ALTIN
100
AcDbPolyline
 90
139
 70
1
 10
-9.9152
 20
1.0302
 10
-9.918
 20
1.0313
 10
-10.1592
 20
1.1452
 10
-10.1617
 20
1.1465
 10
-10.1641
 20
1.1481
 10
-10.1662
 20
1.1498
 10
-10.1683
 20
1.1517
 10
-10.1701
 20
1.1539
 10
-10.3352
 20
1.365
 10
-10.3369
 20
1.3675
 10
-10.3383
 20
1.37
 10
-10.3395
 20
1.3727
 10
-10.3404
 20
1.3755
 10
-10.3411
 20
1.3784
 10
-10.3414
 20
1.3814
 10
-10.3415
 20
1.3843
 10
-10.3413
 20
1.3873
 10
-10.3408
 20
1.3902
 10
-10.34
 20
1.393
 10
-10.3389
 20
1.3958
 10
-10.2436
 20
1.6085
 10
-10.2423
 20
1.6109
 10
-10.2409
 20
1.6132
 10
-10.2392
 20
1.6154
 10
-10.2374
 20
1.6174
 10
-10.2354
 20
1.6193
 10
-10.0823
 20
1.7464
 10
-10.08
 20
1.7482
 10
-10.0775
 20
1.7497
 10
-10.0748
 20
1.751
 10
-10.072
 20
1.752
 10
-10.0691
 20
1.7527
 10
-10.0662
 20
1.7532
 10
-10.0633
 20
1.7533
 10
-10.0603
 20
1.7532
 10
-10.0574
 20
1.7528
 10
-10.0545
 20
1.7521
 10
-9.8691
 20
1.6962
 10
-9.8664
 20
1.6952
 10
-9.8637
 20
1.694
 10
-9.8612
 20
1.6925
 10
-9.8589
 20
1.6907
 10
-9.8567
 20
1.6888
 10
-9.8547
 20
1.6866
 10
-9.8529
 20
1.6843
 10
-9.8514
 20
1.6818
 10
-9.8502
 20
1.6792
 10
-9.8492
 20
1.6764
 10
-9.8484
 20
1.6736
 10
-9.848
 20
1.6707
 10
-9.8478
 20
1.6678
 10
-9.8479
 20
1.6648
 10
-9.8483
 20
1.6619
 10
-9.849
 20
1.6591
 10
-9.8499
 20
1.6563
 10
-9.8512
 20
1.6537
 10
-9.8526
 20
1.6511
 10
-9.8543
 20
1.6488
 10
-9.9345
 20
1.5483
 10
-9.9364
 20
1.5461
 10
-9.9385
 20
1.5442
 10
-9.9408
 20
1.5424
 10
-9.9432
 20
1.5409
 10
-9.9458
 20
1.5396
 10
-9.9485
 20
1.5385
 10
-9.9513
 20
1.5378
 10
-9.9541
 20
1.5372
 10
-9.957
 20
1.537
 10
-9.9599
 20
1.5371
 10
-9.9628
 20
1.5374
 10
-9.9656
 20
1.538
 10
-10.0428
 20
1.5585
 10
-10.1015
 20
1.5095
 10
-10.1431
 20
1.4092
 10
-10.047
 20
1.2971
 10
-9.9155
 20
1.2281
 10
-9.8287
 20
1.2912
 10
-9.794
 20
1.3597
 10
-9.8311
 20
1.4313
 10
-9.8323
 20
1.4339
 10
-9.8332
 20
1.4367
 10
-9.8339
 20
1.4395
 10
-9.8343
 20
1.4423
 10
-9.8344
 20
1.4452
 10
-9.8343
 20
1.448
 10
-9.8338
 20
1.4509
 10
-9.8332
 20
1.4537
 10
-9.8322
 20
1.4564
 10
-9.831
 20
1.459
 10
-9.8295
 20
1.4615
 10
-9.8279
 20
1.4638
 10
-9.7477
 20
1.5644
 10
-9.7458
 20
1.5666
 10
-9.7436
 20
1.5685
 10
-9.7414
 20
1.5703
 10
-9.7389
 20
1.5718
 10
-9.7363
 20
1.5731
 10
-9.7336
 20
1.5742
 10
-9.7308
 20
1.5749
 10
-9.728
 20
1.5754
 10
-9.7251
 20
1.5757
 10
-9.7222
 20
1.5756
 10
-9.7194
 20
1.5753
 10
-9.7165
 20
1.5747
 10
-9.7138
 20
1.5738
 10
-9.7111
 20
1.5727
 10
-9.7086
 20
1.5713
 10
-9.7062
 20
1.5697
 10
-9.704
 20
1.5678
 10
-9.7019
 20
1.5658
 10
-9.7001
 20
1.5635
 10
-9.6985
 20
1.5611
 10
-9.6061
 20
1.4075
 10
-9.6048
 20
1.405
 10
-9.6037
 20
1.4023
 10
-9.6028
 20
1.3996
 10
-9.6022
 20
1.3967
 10
-9.6019
 20
1.3939
 10
-9.6019
 20
1.391
 10
-9.6021
 20
1.3881
 10
-9.6026
 20
1.3853
 10
-9.6034
 20
1.3825
 10
-9.6045
 20
1.3798
 10
-9.691
 20
1.1869
 10
-9.6923
 20
1.1842
 10
-9.694
 20
1.1817
 10
-9.6958
 20
1.1793
 10
-9.698
 20
1.1771
 10
-9.7003
 20
1.1752
 10
-9.8871
 20
1.0345
 10
-9.8896
 20
1.0328
 10
-9.8922
 20
1.0314
 10
-9.8949
 20
1.0302
 10
-9.8977
 20
1.0294
 10
-9.9006
 20
1.0288
 10
-9.9036
 20
1.0285
 10
-9.9065
 20
1.0285
 10
-9.9095
 20
1.0287
 10
-9.9124
 20
1.0293
  0
LWPOLYLINE
  5
9A
330
17
100
AcDbEntity
  8
ALTIN
100
AcDbPolyline
 90
165
 70
1
 10
-9.5062
 20
1.4738
 10
-9.5086
 20
1.4756
 10
-9.9934
 20
1.8621
 10
-9.9956
 20
1.8641
 10
-9.9976
 20
1.8662
 10
-9.9994
 20
1.8686
 10
-10.0009
 20
1.8711
 10
-10.0022
 20
1.8737
 10
-10.0032
 20
1.8765
 10
-10.004
 20
1.8793
 10
-10.0045
 20
1.8822
 10
-10.0047
 20
1.8852
 10
-10.0046
 20
1.8881
 10
-10.0042
 20
1.891
 10
-10.0035
 20
1.8939
 10
-10.0025
 20
1.8967
 10
-10.0013
 20
1.8994
 10
-9.9998
 20
1.9019
 10
-9.9981
 20
1.9043
 10
-9.8767
 20
2.0565
 10
-9.8749
 20
2.0586
 10
-9.8728
 20
2.0606
 10
-9.8706
 20
2.0623
 10
-9.8682
 20
2.0638
 10
-9.8656
 20
2.0651
 10
-9.863
 20
2.0662
 10
-9.8603
 20
2.067
 10
-9.8575
 20
2.0675
 10
-9.8547
 20
2.0678
 10
-9.8518
 20
2.0678
 10
-9.849
 20
2.0675
 10
-9.8462
 20
2.0669
 10
-9.8435
 20
2.0661
 10
-9.5582
 20
1.9675
 10
-9.5561
 20
1.9667
 10
-9.4966
 20
1.9411
 10
-9.5349
 20
1.9933
 10
-9.536
 20
1.995
 10
-9.6968
 20
2.2499
 10
-9.6982
 20
2.2524
 10
-9.6993
 20
2.255
 10
-9.7002
 20
2.2577
 10
-9.7009
 20
2.2605
 10
-9.7013
 20
2.2633
 10
-9.7014
 20
2.2661
 10
-9.7012
 20
2.269
 10
-9.7008
 20
2.2718
 10
-9.7001
 20
2.2746
 10
-9.6991
 20
2.2772
 10
-9.6979
 20
2.2798
 10
-9.6965
 20
2.2823
 10
-9.6948
 20
2.2846
 10
-9.5729
 20
2.4375
 10
-9.5709
 20
2.4397
 10
-9.5688
 20
2.4418
 10
-9.5664
 20
2.4435
 10
-9.5639
 20
2.4451
 10
-9.5613
 20
2.4464
 10
-9.5585
 20
2.4474
 10
-9.5557
 20
2.4482
 10
-9.5528
 20
2.4486
 10
-9.5498
 20
2.4488
 10
-9.5469
 20
2.4487
 10
-9.544
 20
2.4483
 10
-9.5411
 20
2.4477
 10
-9.5383
 20
2.4467
 10
-9.5356
 20
2.4455
 10
-9.5331
 20
2.444
 10
-9.5307
 20
2.4423
 10
-9.046
 20
2.0557
 10
-9.0438
 20
2.0538
 10
-9.0418
 20
2.0516
 10
-9.04
 20
2.0493
 10
-9.0384
 20
2.0468
 10
-9.0371
 20
2.0441
 10
-9.0361
 20
2.0414
 10
-9.0353
 20
2.0385
 10
-9.0349
 20
2.0356
 10
-9.0347
 20
2.0327
 10
-9.0348
 20
2.0297
 10
-9.0352
 20
2.0268
 10
-9.0358
 20
2.024
 10
-9.0368
 20
2.0212
 10
-9.038
 20
2.0185
 10
-9.0395
 20
2.016
 10
-9.0412
 20
2.0136
 10
-9.1209
 20
1.9136
 10
-9.1229
 20
1.9114
 10
-9.125
 20
1.9094
 10
-9.1274
 20
1.9076
 10
-9.1299
 20
1.9061
 10
-9.1325
 20
1.9048
 10
-9.1353
 20
1.9037
 10
-9.1381
 20
1.903
 10
-9.141
 20
1.9025
 10
-9.144
 20
1.9023
 10
-9.1469
 20
1.9024
 10
-9.1498
 20
1.9028
 10
-9.1527
 20
1.9035
 10
-9.1555
 20
1.9044
 10
-9.1582
 20
1.9057
 10
-9.1607
 20
1.9071
 10
-9.1631
 20
1.9089
 10
-9.3811
 20
2.0827
 10
-9.2186
 20
1.8233
 10
-9.2172
 20
1.8208
 10
-9.216
 20
1.8182
 10
-9.2151
 20
1.8155
 10
-9.2145
 20
1.8128
 10
-9.2141
 20
1.81
 10
-9.214
 20
1.8071
 10
-9.2142
 20
1.8043
 10
-9.2146
 20
1.8015
 10
-9.2153
 20
1.7987
 10
-9.2162
 20
1.796
 10
-9.2174
 20
1.7934
 10
-9.2189
 20
1.791
 10
-9.2206
 20
1.7887
 10
-9.2872
 20
1.7051
 10
-9.2891
 20
1.703
 10
-9.2912
 20
1.701
 10
-9.2934
 20
1.6993
 10
-9.2958
 20
1.6978
 10
-9.2983
 20
1.6965
 10
-9.3009
 20
1.6954
 10
-9.3037
 20
1.6946
 10
-9.3064
 20
1.6941
 10
-9.3093
 20
1.6938
 10
-9.3121
 20
1.6938
 10
-9.3149
 20
1.6941
 10
-9.3177
 20
1.6946
 10
-9.3204
 20
1.6954
 10
-9.6107
 20
1.795
 10
-9.3926
 20
1.6211
 10
-9.3904
 20
1.6191
 10
-9.3884
 20
1.617
 10
-9.3866
 20
1.6146
 10
-9.385
 20
1.6121
 10
-9.3838
 20
1.6095
 10
-9.3827
 20
1.6067
 10
-9.382
 20
1.6039
 10
-9.3815
 20
1.601
 10
-9.3813
 20
1.598
 10
-9.3814
 20
1.5951
 10
-9.3818
 20
1.5922
 10
-9.3825
 20
1.5893
 10
-9.3834
 20
1.5865
 10
-9.3847
 20
1.5838
 10
-9.3861
 20
1.5813
 10
-9.3879
 20
1.5789
 10
-9.4665
 20
1.4803
 10
-9.4684
 20
1.4781
 10
-9.4706
 20
1.4761
 10
-9.4729
 20
1.4743
 10
-9.4754
 20
1.4728
 10
-9.4781
 20
1.4715
 10
-9.4808
 20
1.4704
 10
-9.4837
 20
1.4697
 10
-9.4866
 20
1.4692
 10
-9.4895
 20
1.469
 10
-9.4925
 20
1.4691
 10
-9.4954
 20
1.4695
 10
-9.4982
 20
1.4702
 10
-9.501
 20
1.4711
 10
-9.5037
 20
1.4724
  0
LWPOLYLINE
  5
9B
330
17
100
AcDbEntity
  8
ALTIN
100
AcDbPolyline
 90
4
 70
1
 10
-13.7698
 20
7.95
 10
-11.5334
 20
7.224
 10
-10.8409
 20
6.259
 10
-12.0229
 20
6.3762
  0
LWPOLYLINE
  5
9C
330
17
100
AcDbEntity
  8
ALTIN
100
AcDbPolyline
 90
4
 70
1
 10
-7.95
 20
-13.7698
 10
-7.224
 20
-11.5334
 10
-6.259
 20
-10.8409
 10
-6.3762
 20
-12.0229
  0
LWPOLYLINE
  5
9D
330
17
100
AcDbEntity
  8
ALTIN
100
AcDbPolyline
 90
210
 70
1
 10
-6.471
 20
-3.3596
 10
-6.474
 20
-3.3592
 10
-6.477
 20
-3.3584
 10
-6.4799
 20
-3.3574
 10
-6.4827
 20
-3.3561
 10
-6.4853
 20
-3.3545
 10
-6.4877
 20
-3.3526
 10
-6.49
 20
-3.3505
 10
-6.492
 20
-3.3482
 10
-6.6476
 20
-3.1497
 10
-6.6492
 20
-3.1475
 10
-6.6505
 20
-3.1452
 10
-6.6517
 20
-3.1427
 10
-6.6526
 20
-3.1402
 10
-6.6533
 20
-3.1376
 10
-6.7104
 20
-2.8757
 10
-6.7109
 20
-2.8728
 10
-6.7111
 20
-2.8698
 10
-6.711
 20
-2.8669
 10
-6.7106
 20
-2.864
 10
-6.7099
 20
-2.8611
 10
-6.709
 20
-2.8583
 10
-6.7078
 20
-2.8556
 10
-6.7063
 20
-2.853
 10
-6.7045
 20
-2.8506
 10
-6.7026
 20
-2.8484
 10
-6.7004
 20
-2.8464
 10
-6.5223
 20
-2.6961
 10
-6.5201
 20
-2.6945
 10
-6.5178
 20
-2.693
 10
-6.5153
 20
-2.6918
 10
-6.5128
 20
-2.6908
 10
-6.5102
 20
-2.69
 10
-6.3172
 20
-2.6418
 10
-6.3143
 20
-2.6412
 10
-6.3113
 20
-2.6409
 10
-6.3084
 20
-2.6409
 10
-6.3054
 20
-2.6412
 10
-6.3025
 20
-2.6418
 10
-6.2997
 20
-2.6427
 10
-6.297
 20
-2.6438
 10
-6.2944
 20
-2.6452
 10
-6.2919
 20
-2.6469
 10
-6.2896
 20
-2.6488
 10
-6.1468
 20
-2.7795
 10
-6.1448
 20
-2.7816
 10
-6.1429
 20
-2.7839
 10
-6.1413
 20
-2.7863
 10
-6.14
 20
-2.7889
 10
-6.1388
 20
-2.7916
 10
-6.138
 20
-2.7944
 10
-6.1374
 20
-2.7973
 10
-6.1371
 20
-2.8002
 10
-6.1371
 20
-2.8031
 10
-6.1374
 20
-2.806
 10
-6.138
 20
-2.8089
 10
-6.1388
 20
-2.8117
 10
-6.14
 20
-2.8144
 10
-6.1413
 20
-2.817
 10
-6.1429
 20
-2.8194
 10
-6.1448
 20
-2.8217
 10
-6.1468
 20
-2.8238
 10
-6.1491
 20
-2.8257
 10
-6.1515
 20
-2.8273
 10
-6.1541
 20
-2.8287
 10
-6.2699
 20
-2.8845
 10
-6.2725
 20
-2.8856
 10
-6.2753
 20
-2.8864
 10
-6.2781
 20
-2.887
 10
-6.281
 20
-2.8874
 10
-6.2839
 20
-2.8874
 10
-6.2868
 20
-2.8872
 10
-6.2896
 20
-2.8867
 10
-6.2924
 20
-2.8859
 10
-6.2951
 20
-2.8848
 10
-6.2977
 20
-2.8835
 10
-6.3001
 20
-2.882
 10
-6.3024
 20
-2.8802
 10
-6.3631
 20
-2.8282
 10
-6.4372
 20
-2.8469
 10
-6.5182
 20
-2.9193
 10
-6.4802
 20
-3.062
 10
-6.3917
 20
-3.1812
 10
-6.2861
 20
-3.162
 10
-6.2252
 20
-3.1153
 10
-6.2275
 20
-3.0347
 10
-6.2274
 20
-3.0318
 10
-6.2271
 20
-3.029
 10
-6.2265
 20
-3.0262
 10
-6.2256
 20
-3.0234
 10
-6.2245
 20
-3.0208
 10
-6.2231
 20
-3.0183
 10
-6.2215
 20
-3.0159
 10
-6.2197
 20
-3.0137
 10
-6.2176
 20
-3.0116
 10
-6.2154
 20
-3.0098
 10
-6.213
 20
-3.0082
 10
-6.2105
 20
-3.0068
 10
-6.0946
 20
-2.951
 10
-6.092
 20
-2.9499
 10
-6.0892
 20
-2.949
 10
-6.0864
 20
-2.9484
 10
-6.0835
 20
-2.9481
 10
-6.0807
 20
-2.9481
 10
-6.0778
 20
-2.9483
 10
-6.075
 20
-2.9488
 10
-6.0722
 20
-2.9495
 10
-6.0695
 20
-2.9506
 10
-6.0669
 20
-2.9519
 10
-6.0645
 20
-2.9534
 10
-6.0622
 20
-2.9551
 10
-6.0601
 20
-2.9571
 10
-6.0582
 20
-2.9592
 10
-6.0565
 20
-2.9615
 10
-6.0551
 20
-2.964
 10
-6.0538
 20
-2.9666
 10
-6.0529
 20
-2.9693
 10
-6.0522
 20
-2.9721
 10
-6.0517
 20
-2.975
 10
-6.0342
 20
-3.1443
 10
-6.0341
 20
-3.1474
 10
-6.0342
 20
-3.1504
 10
-6.0347
 20
-3.1535
 10
-6.0355
 20
-3.1564
 10
-6.0365
 20
-3.1593
 10
-6.0379
 20
-3.162
 10
-6.0395
 20
-3.1646
 10
-6.0414
 20
-3.167
 10
-6.0435
 20
-3.1692
 10
-6.1409
 20
-3.2612
 10
-6.1403
 20
-3.261
 10
-6.1375
 20
-3.2602
 10
-6.1346
 20
-3.2597
 10
-6.1317
 20
-3.2595
 10
-6.1288
 20
-3.2596
 10
-6.1259
 20
-3.26
 10
-6.123
 20
-3.2607
 10
-6.1202
 20
-3.2616
 10
-6.1176
 20
-3.2628
 10
-6.115
 20
-3.2642
 10
-6.1127
 20
-3.2659
 10
-6.1104
 20
-3.2678
 10
-6.1084
 20
-3.27
 10
-6.0707
 20
-3.3139
 10
-6.0688
 20
-3.3162
 10
-6.0672
 20
-3.3188
 10
-6.0659
 20
-3.3215
 10
-6.0648
 20
-3.3243
 10
-6.0641
 20
-3.3272
 10
-6.0508
 20
-3.3892
 10
-6.0504
 20
-3.3921
 10
-6.0502
 20
-3.3952
 10
-6.0503
 20
-3.3982
 10
-6.0507
 20
-3.4012
 10
-6.0515
 20
-3.4041
 10
-6.0525
 20
-3.4069
 10
-6.0538
 20
-3.4097
 10
-6.0554
 20
-3.4123
 10
-6.0572
 20
-3.4147
 10
-6.0592
 20
-3.4169
 10
-6.0615
 20
-3.4189
 10
-6.0639
 20
-3.4206
 10
-6.1355
 20
-3.4667
 10
-6.1388
 20
-3.4685
 10
-6.1912
 20
-3.4938
 10
-6.1939
 20
-3.4949
 10
-6.1967
 20
-3.4958
 10
-6.1996
 20
-3.4964
 10
-6.2025
 20
-3.4967
 10
-6.2055
 20
-3.4967
 10
-6.2084
 20
-3.4964
 10
-6.2113
 20
-3.4959
 10
-6.2141
 20
-3.4951
 10
-6.2168
 20
-3.4939
 10
-6.2194
 20
-3.4926
 10
-6.2219
 20
-3.491
 10
-6.2242
 20
-3.4891
 10
-6.2263
 20
-3.487
 10
-6.2282
 20
-3.4848
 10
-6.2298
 20
-3.4823
 10
-6.2312
 20
-3.4798
 10
-6.2527
 20
-3.4351
 10
-6.2539
 20
-3.4324
 10
-6.2547
 20
-3.4296
 10
-6.2553
 20
-3.4267
 10
-6.2556
 20
-3.4238
 10
-6.2557
 20
-3.4208
 10
-6.2554
 20
-3.4179
 10
-6.2548
 20
-3.415
 10
-6.254
 20
-3.4122
 10
-6.2529
 20
-3.4095
 10
-6.2515
 20
-3.4069
 10
-6.2499
 20
-3.4044
 10
-6.2481
 20
-3.4021
 10
-6.246
 20
-3.4
 10
-6.2438
 20
-3.3982
 10
-6.2444
 20
-3.3981
 10
-6.2471
 20
-3.397
 10
-6.2497
 20
-3.3957
 10
-6.2521
 20
-3.3942
 10
-6.2544
 20
-3.3924
 10
-6.2565
 20
-3.3904
 10
-6.2584
 20
-3.3882
 10
-6.2601
 20
-3.3859
 10
-6.2615
 20
-3.3834
 10
-6.2627
 20
-3.3807
 10
-6.2637
 20
-3.378
 10
-6.2756
 20
-3.3372
 10
-6.4649
 20
-3.3595
 10
-6.4679
 20
-3.3597
  0
LWPOLYLINE
  5
9E
330
17
100
AcDbEntity
  8
ALTIN
100
AcDbPolyline
 90
117
 70
1
 10
-8.0286
 20
-2.6299
 10
-7.8108
 20
-2.7348
 10
-7.8079
 20
-2.7364
 10
-7.8052
 20
-2.7383
 10
-7.6592
 20
-2.853
 10
-7.6569
 20
-2.8549
 10
-7.6548
 20
-2.8572
 10
-7.653
 20
-2.8596
 10
-7.6514
 20
-2.8621
 10
-7.6501
 20
-2.8649
 10
-7.649
 20
-2.8677
 10
-7.6483
 20
-2.8706
 10
-7.6478
 20
-2.8736
 10
-7.6477
 20
-2.8766
 10
-7.6479
 20
-2.8797
 10
-7.6483
 20
-2.8826
 10
-7.6822
 20
-3.0459
 10
-7.683
 20
-3.0489
 10
-7.684
 20
-3.0518
 10
-7.6854
 20
-3.0546
 10
-7.6871
 20
-3.0572
 10
-7.7548
 20
-3.1528
 10
-7.7567
 20
-3.1551
 10
-7.7588
 20
-3.1573
 10
-7.7611
 20
-3.1593
 10
-7.7636
 20
-3.161
 10
-7.7663
 20
-3.1625
 10
-7.7691
 20
-3.1636
 10
-7.772
 20
-3.1645
 10
-7.775
 20
-3.1651
 10
-7.8557
 20
-3.1769
 10
-7.8431
 20
-3.4247
 10
-7.8431
 20
-3.4277
 10
-7.8434
 20
-3.4306
 10
-7.844
 20
-3.4335
 10
-7.8449
 20
-3.4364
 10
-7.846
 20
-3.4391
 10
-7.8474
 20
-3.4417
 10
-7.849
 20
-3.4442
 10
-7.8509
 20
-3.4464
 10
-7.853
 20
-3.4485
 10
-7.8553
 20
-3.4504
 10
-7.8578
 20
-3.452
 10
-7.8604
 20
-3.4534
 10
-7.8631
 20
-3.4545
 10
-7.8659
 20
-3.4554
 10
-7.8688
 20
-3.456
 10
-7.8718
 20
-3.4562
 10
-7.8747
 20
-3.4562
 10
-7.8777
 20
-3.4559
 10
-7.8806
 20
-3.4553
 10
-7.8834
 20
-3.4544
 10
-7.8861
 20
-3.4533
 10
-8.0128
 20
-3.3923
 10
-8.0154
 20
-3.3909
 10
-8.0178
 20
-3.3892
 10
-8.0201
 20
-3.3873
 10
-8.0222
 20
-3.3852
 10
-8.024
 20
-3.3829
 10
-8.0256
 20
-3.3805
 10
-8.027
 20
-3.3779
 10
-8.0281
 20
-3.3752
 10
-8.029
 20
-3.3723
 10
-8.0295
 20
-3.3694
 10
-8.0298
 20
-3.3665
 10
-8.0395
 20
-3.1337
 10
-8.0862
 20
-3.1111
 10
-8.1693
 20
-3.2836
 10
-8.1707
 20
-3.2862
 10
-8.1723
 20
-3.2887
 10
-8.1742
 20
-3.2909
 10
-8.1763
 20
-3.293
 10
-8.1786
 20
-3.2948
 10
-8.1811
 20
-3.2965
 10
-8.1837
 20
-3.2978
 10
-8.1864
 20
-3.2989
 10
-8.1892
 20
-3.2998
 10
-8.1921
 20
-3.3003
 10
-8.1951
 20
-3.3006
 10
-8.198
 20
-3.3006
 10
-8.2009
 20
-3.3003
 10
-8.2038
 20
-3.2997
 10
-8.2066
 20
-3.2988
 10
-8.2093
 20
-3.2976
 10
-8.3237
 20
-3.2426
 10
-8.3263
 20
-3.2412
 10
-8.3287
 20
-3.2395
 10
-8.331
 20
-3.2376
 10
-8.333
 20
-3.2355
 10
-8.3349
 20
-3.2333
 10
-8.3365
 20
-3.2308
 10
-8.3379
 20
-3.2282
 10
-8.339
 20
-3.2255
 10
-8.3398
 20
-3.2226
 10
-8.3404
 20
-3.2197
 10
-8.3406
 20
-3.2168
 10
-8.3406
 20
-3.2139
 10
-8.3403
 20
-3.2109
 10
-8.3397
 20
-3.2081
 10
-8.3388
 20
-3.2052
 10
-8.3377
 20
-3.2025
 10
-8.0687
 20
-2.6439
 10
-8.0673
 20
-2.6413
 10
-8.0656
 20
-2.6389
 10
-8.0637
 20
-2.6366
 10
-8.0616
 20
-2.6346
 10
-8.0593
 20
-2.6327
 10
-8.0569
 20
-2.6311
 10
-8.0543
 20
-2.6297
 10
-8.0516
 20
-2.6286
 10
-8.0487
 20
-2.6278
 10
-8.0458
 20
-2.6272
 10
-8.0429
 20
-2.627
 10
-8.04
 20
-2.627
 10
-8.037
 20
-2.6273
 10
-8.0342
 20
-2.6279
 10
-8.0313
 20
-2.6288
  0
LWPOLYLINE
  5
9F
330
17
100
AcDbEntity
  8
ALTIN
100
AcDbPolyline
 90
7
 70
1
 10
-7.8573
 20
-2.9696
 10
-7.8452
 20
-2.916
 10
-7.9061
 20
-2.8718
 10
-7.9588
 20
-2.8465
 10
-8.0156
 20
-2.9646
 10
-7.9624
 20
-2.9902
 10
-7.8908
 20
-3.011
  0
LWPOLYLINE
  5
A0
330
17
100
AcDbEntity
  8
ALTIN
100
AcDbPolyline
 90
140
 70
1
 10
-8.811
 20
-2.9746
 10
-8.542
 20
-2.416
 10
-8.5406
 20
-2.4134
 10
-8.5389
 20
-2.411
 10
-8.537
 20
-2.4087
 10
-8.5349
 20
-2.4066
 10
-8.5327
 20
-2.4048
 10
-8.5302
 20
-2.4032
 10
-8.5276
 20
-2.4018
 10
-8.5249
 20
-2.4007
 10
-8.522
 20
-2.3999
 10
-8.5191
 20
-2.3993
 10
-8.5162
 20
-2.399
 10
-8.5133
 20
-2.3991
 10
-8.5103
 20
-2.3994
 10
-8.5075
 20
-2.4
 10
-8.5046
 20
-2.4008
 10
-8.5019
 20
-2.402
 10
-8.1281
 20
-2.582
 10
-8.1255
 20
-2.5834
 10
-8.1231
 20
-2.5851
 10
-8.1208
 20
-2.587
 10
-8.1187
 20
-2.5891
 10
-8.1169
 20
-2.5913
 10
-8.1153
 20
-2.5938
 10
-8.1139
 20
-2.5964
 10
-8.1128
 20
-2.5991
 10
-8.112
 20
-2.602
 10
-8.1114
 20
-2.6049
 10
-8.1111
 20
-2.6078
 10
-8.1112
 20
-2.6107
 10
-8.1115
 20
-2.6137
 10
-8.1121
 20
-2.6165
 10
-8.1129
 20
-2.6194
 10
-8.1141
 20
-2.6221
 10
-8.1597
 20
-2.7168
 10
-8.1611
 20
-2.7194
 10
-8.1628
 20
-2.7219
 10
-8.1647
 20
-2.7241
 10
-8.1668
 20
-2.7262
 10
-8.1691
 20
-2.7281
 10
-8.1715
 20
-2.7297
 10
-8.1741
 20
-2.731
 10
-8.1768
 20
-2.7321
 10
-8.1797
 20
-2.733
 10
-8.1826
 20
-2.7335
 10
-8.1855
 20
-2.7338
 10
-8.1884
 20
-2.7338
 10
-8.1914
 20
-2.7335
 10
-8.1942
 20
-2.7329
 10
-8.1971
 20
-2.732
 10
-8.1998
 20
-2.7309
 10
-8.4322
 20
-2.6189
 10
-8.4712
 20
-2.6998
 10
-8.2583
 20
-2.8024
 10
-8.2557
 20
-2.8038
 10
-8.2533
 20
-2.8054
 10
-8.251
 20
-2.8073
 10
-8.2489
 20
-2.8094
 10
-8.2471
 20
-2.8117
 10
-8.2455
 20
-2.8141
 10
-8.2441
 20
-2.8167
 10
-8.243
 20
-2.8195
 10
-8.2422
 20
-2.8223
 10
-8.2416
 20
-2.8252
 10
-8.2413
 20
-2.8281
 10
-8.2414
 20
-2.8311
 10
-8.2417
 20
-2.834
 10
-8.2423
 20
-2.8369
 10
-8.2431
 20
-2.8397
 10
-8.2443
 20
-2.8424
 10
-8.2892
 20
-2.9357
 10
-8.2906
 20
-2.9383
 10
-8.2923
 20
-2.9408
 10
-8.2942
 20
-2.943
 10
-8.2963
 20
-2.9451
 10
-8.2986
 20
-2.9469
 10
-8.301
 20
-2.9486
 10
-8.3036
 20
-2.9499
 10
-8.3064
 20
-2.951
 10
-8.3092
 20
-2.9519
 10
-8.3121
 20
-2.9524
 10
-8.315
 20
-2.9527
 10
-8.3179
 20
-2.9527
 10
-8.3209
 20
-2.9524
 10
-8.3238
 20
-2.9518
 10
-8.3266
 20
-2.9509
 10
-8.3293
 20
-2.9498
 10
-8.5422
 20
-2.8472
 10
-8.5839
 20
-2.9338
 10
-8.3507
 20
-3.0461
 10
-8.3481
 20
-3.0475
 10
-8.3457
 20
-3.0491
 10
-8.3434
 20
-3.051
 10
-8.3413
 20
-3.0531
 10
-8.3395
 20
-3.0554
 10
-8.3379
 20
-3.0579
 10
-8.3365
 20
-3.0605
 10
-8.3354
 20
-3.0632
 10
-8.3345
 20
-3.066
 10
-8.334
 20
-3.0689
 10
-8.3337
 20
-3.0718
 10
-8.3337
 20
-3.0748
 10
-8.3341
 20
-3.0777
 10
-8.3346
 20
-3.0806
 10
-8.3355
 20
-3.0834
 10
-8.3367
 20
-3.0861
 10
-8.3824
 20
-3.181
 10
-8.3838
 20
-3.1836
 10
-8.3854
 20
-3.186
 10
-8.3873
 20
-3.1883
 10
-8.3894
 20
-3.1904
 10
-8.3917
 20
-3.1922
 10
-8.3942
 20
-3.1938
 10
-8.3968
 20
-3.1952
 10
-8.3995
 20
-3.1963
 10
-8.4023
 20
-3.1971
 10
-8.4052
 20
-3.1977
 10
-8.4081
 20
-3.198
 10
-8.4111
 20
-3.198
 10
-8.414
 20
-3.1976
 10
-8.4169
 20
-3.197
 10
-8.4197
 20
-3.1962
 10
-8.4224
 20
-3.195
 10
-8.797
 20
-3.0146
 10
-8.7996
 20
-3.0132
 10
-8.802
 20
-3.0116
 10
-8.8043
 20
-3.0097
 10
-8.8063
 20
-3.0076
 10
-8.8082
 20
-3.0053
 10
-8.8098
 20
-3.0029
 10
-8.8112
 20
-3.0003
 10
-8.8123
 20
-2.9975
 10
-8.8131
 20
-2.9947
 10
-8.8137
 20
-2.9918
 10
-8.8139
 20
-2.9889
 10
-8.8139
 20
-2.9859
 10
-8.8136
 20
-2.983
 10
-8.813
 20
-2.9801
 10
-8.8121
 20
-2.9773
  0
LWPOLYLINE
  5
A1
330
17
100
AcDbEntity
  8
ALTIN
100
AcDbPolyline
 90
98
 70
1
 10
-5.8266
 20
-2.37
 10
-5.8238
 20
-2.3694
 10
-5.821
 20
-2.3691
 10
-5.8182
 20
-2.369
 10
-5.8153
 20
-2.3692
 10
-5.8125
 20
-2.3697
 10
-5.8098
 20
-2.3704
 10
-5.8071
 20
-2.3714
 10
-5.8045
 20
-2.3727
 10
-5.8021
 20
-2.3742
 10
-5.7998
 20
-2.3759
 10
-5.7977
 20
-2.3778
 10
-5.333
 20
-2.8421
 10
-5.331
 20
-2.8444
 10
-5.3292
 20
-2.8468
 10
-5.3277
 20
-2.8494
 10
-5.3264
 20
-2.8521
 10
-5.3254
 20
-2.855
 10
-5.3247
 20
-2.8579
 10
-5.3243
 20
-2.8609
 10
-5.3242
 20
-2.8639
 10
-5.3245
 20
-2.8669
 10
-5.325
 20
-2.8699
 10
-5.3258
 20
-2.8728
 10
-5.3268
 20
-2.8756
 10
-5.3282
 20
-2.8783
 10
-5.3298
 20
-2.8808
 10
-5.3317
 20
-2.8832
 10
-5.3338
 20
-2.8853
 10
-5.3361
 20
-2.8873
 10
-5.3386
 20
-2.889
 10
-5.3412
 20
-2.8904
 10
-5.4683
 20
-2.9516
 10
-5.4709
 20
-2.9527
 10
-5.4737
 20
-2.9536
 10
-5.4765
 20
-2.9542
 10
-5.4794
 20
-2.9545
 10
-5.4822
 20
-2.9545
 10
-5.4851
 20
-2.9543
 10
-5.488
 20
-2.9538
 10
-5.4907
 20
-2.953
 10
-5.4934
 20
-2.952
 10
-5.496
 20
-2.9507
 10
-5.4984
 20
-2.9492
 10
-5.5007
 20
-2.9474
 10
-5.5028
 20
-2.9454
 10
-5.5934
 20
-2.8521
 10
-5.7525
 20
-2.9287
 10
-5.7347
 20
-3.0568
 10
-5.7345
 20
-3.0597
 10
-5.7345
 20
-3.0626
 10
-5.7348
 20
-3.0655
 10
-5.7354
 20
-3.0683
 10
-5.7362
 20
-3.0711
 10
-5.7373
 20
-3.0738
 10
-5.7387
 20
-3.0763
 10
-5.7403
 20
-3.0788
 10
-5.7422
 20
-3.081
 10
-5.7442
 20
-3.0831
 10
-5.7465
 20
-3.0849
 10
-5.7489
 20
-3.0865
 10
-5.7514
 20
-3.0879
 10
-5.8778
 20
-3.1488
 10
-5.8805
 20
-3.1499
 10
-5.8834
 20
-3.1508
 10
-5.8863
 20
-3.1514
 10
-5.8893
 20
-3.1517
 10
-5.8923
 20
-3.1517
 10
-5.8953
 20
-3.1514
 10
-5.8982
 20
-3.1508
 10
-5.9011
 20
-3.1499
 10
-5.9039
 20
-3.1487
 10
-5.9065
 20
-3.1473
 10
-5.909
 20
-3.1456
 10
-5.9112
 20
-3.1437
 10
-5.9133
 20
-3.1415
 10
-5.9152
 20
-3.1392
 10
-5.9168
 20
-3.1366
 10
-5.9182
 20
-3.134
 10
-5.9193
 20
-3.1312
 10
-5.92
 20
-3.1283
 10
-5.9206
 20
-3.1253
 10
-5.9987
 20
-2.4748
 10
-5.9989
 20
-2.4719
 10
-5.9988
 20
-2.4691
 10
-5.9985
 20
-2.4662
 10
-5.9979
 20
-2.4634
 10
-5.997
 20
-2.4607
 10
-5.9959
 20
-2.4581
 10
-5.9945
 20
-2.4556
 10
-5.9929
 20
-2.4532
 10
-5.9911
 20
-2.451
 10
-5.989
 20
-2.449
 10
-5.9868
 20
-2.4472
 10
-5.9844
 20
-2.4456
 10
-5.9819
 20
-2.4442
 10
-5.8319
 20
-2.372
 10
-5.8293
 20
-2.3709
  0
LWPOLYLINE
  5
A2
330
17
100
AcDbEntity
  8
ALTIN
100
AcDbPolyline
 90
11
 70
1
 10
-5.798
 20
-2.6353
 10
-5.7966
 20
-2.642
 10
-5.7964
 20
-2.643
 10
-5.7785
 20
-2.7446
 10
-5.7783
 20
-2.7456
 10
-5.7759
 20
-2.7629
 10
-5.7103
 20
-2.7313
 10
-5.7223
 20
-2.719
 10
-5.7229
 20
-2.7183
 10
-5.7933
 20
-2.6409
 10
-5.7939
 20
-2.6401
  0
LWPOLYLINE
  5
A3
330
17
100
AcDbEntity
  8
ALTIN
100
AcDbPolyline
 90
88
 70
1
 10
-9.021
 20
-2.1522
 10
-9.0183
 20
-2.1533
 10
-8.8004
 20
-2.2583
 10
-8.7973
 20
-2.26
 10
-8.7944
 20
-2.2621
 10
-8.65
 20
-2.3801
 10
-8.6478
 20
-2.3821
 10
-8.6458
 20
-2.3843
 10
-8.644
 20
-2.3867
 10
-8.6425
 20
-2.3893
 10
-8.6412
 20
-2.392
 10
-8.6402
 20
-2.3948
 10
-8.6395
 20
-2.3977
 10
-8.6391
 20
-2.4007
 10
-8.639
 20
-2.4036
 10
-8.6392
 20
-2.4066
 10
-8.6396
 20
-2.4096
 10
-8.6752
 20
-2.5763
 10
-8.6759
 20
-2.5791
 10
-8.6769
 20
-2.5818
 10
-8.6782
 20
-2.5844
 10
-8.6797
 20
-2.5869
 10
-8.6814
 20
-2.5892
 10
-8.79
 20
-2.7204
 10
-8.792
 20
-2.7226
 10
-8.7943
 20
-2.7246
 10
-8.7967
 20
-2.7264
 10
-8.7993
 20
-2.7279
 10
-8.802
 20
-2.7291
 10
-8.8048
 20
-2.7301
 10
-8.8078
 20
-2.7308
 10
-8.8107
 20
-2.7312
 10
-8.8137
 20
-2.7313
 10
-8.8167
 20
-2.731
 10
-8.8197
 20
-2.7305
 10
-9.0037
 20
-2.6893
 10
-9.007
 20
-2.6883
 10
-9.0102
 20
-2.687
 10
-9.084
 20
-2.6515
 10
-9.1589
 20
-2.807
 10
-9.1603
 20
-2.8096
 10
-9.162
 20
-2.8121
 10
-9.1639
 20
-2.8143
 10
-9.166
 20
-2.8164
 10
-9.1683
 20
-2.8182
 10
-9.1707
 20
-2.8199
 10
-9.1733
 20
-2.8212
 10
-9.1761
 20
-2.8223
 10
-9.1789
 20
-2.8232
 10
-9.1818
 20
-2.8237
 10
-9.1847
 20
-2.824
 10
-9.1877
 20
-2.824
 10
-9.1906
 20
-2.8237
 10
-9.1935
 20
-2.8231
 10
-9.1963
 20
-2.8222
 10
-9.199
 20
-2.821
 10
-9.3133
 20
-2.766
 10
-9.3159
 20
-2.7646
 10
-9.3183
 20
-2.7629
 10
-9.3206
 20
-2.761
 10
-9.3227
 20
-2.7589
 10
-9.3245
 20
-2.7567
 10
-9.3261
 20
-2.7542
 10
-9.3275
 20
-2.7516
 10
-9.3286
 20
-2.7489
 10
-9.3295
 20
-2.746
 10
-9.33
 20
-2.7432
 10
-9.3303
 20
-2.7402
 10
-9.3303
 20
-2.7373
 10
-9.33
 20
-2.7343
 10
-9.3294
 20
-2.7315
 10
-9.3285
 20
-2.7287
 10
-9.3273
 20
-2.7259
 10
-9.0583
 20
-2.1673
 10
-9.0569
 20
-2.1648
 10
-9.0553
 20
-2.1623
 10
-9.0534
 20
-2.1601
 10
-9.0513
 20
-2.158
 10
-9.049
 20
-2.1561
 10
-9.0465
 20
-2.1545
 10
-9.0439
 20
-2.1531
 10
-9.0412
 20
-2.152
 10
-9.0384
 20
-2.1512
 10
-9.0355
 20
-2.1507
 10
-9.0326
 20
-2.1504
 10
-9.0296
 20
-2.1504
 10
-9.0267
 20
-2.1507
 10
-9.0238
 20
-2.1513
  0
LWPOLYLINE
  5
A4
330
17
100
AcDbEntity
  8
ALTIN
100
AcDbPolyline
 90
7
 70
1
 10
-8.8873
 20
-2.5474
 10
-8.8502
 20
-2.4999
 10
-8.8364
 20
-2.4418
 10
-8.8963
 20
-2.395
 10
-8.9484
 20
-2.3699
 10
-9.0136
 20
-2.5051
 10
-8.9611
 20
-2.5304
  0
LWPOLYLINE
  5
A5
330
17
100
AcDbEntity
  8
ALTIN
100
AcDbPolyline
 90
117
 70
1
 10
-5.5375
 20
-2.2302
 10
-5.3197
 20
-2.1253
 10
-5.3167
 20
-2.124
 10
-5.3135
 20
-2.1231
 10
-5.1328
 20
-2.0804
 10
-5.1298
 20
-2.0799
 10
-5.1268
 20
-2.0796
 10
-5.1238
 20
-2.0797
 10
-5.1208
 20
-2.08
 10
-5.1178
 20
-2.0807
 10
-5.115
 20
-2.0817
 10
-5.1122
 20
-2.0829
 10
-5.1096
 20
-2.0844
 10
-5.1071
 20
-2.0862
 10
-5.1049
 20
-2.0882
 10
-5.1028
 20
-2.0904
 10
-4.9963
 20
-2.2187
 10
-4.9944
 20
-2.2212
 10
-4.9928
 20
-2.2238
 10
-4.9915
 20
-2.2266
 10
-4.9905
 20
-2.2295
 10
-4.9581
 20
-2.3421
 10
-4.9574
 20
-2.3451
 10
-4.957
 20
-2.3481
 10
-4.9569
 20
-2.3511
 10
-4.9571
 20
-2.3541
 10
-4.9576
 20
-2.3571
 10
-4.9585
 20
-2.36
 10
-4.9596
 20
-2.3629
 10
-4.961
 20
-2.3656
 10
-5.0021
 20
-2.436
 10
-4.8005
 20
-2.5807
 10
-4.7982
 20
-2.5826
 10
-4.796
 20
-2.5846
 10
-4.7941
 20
-2.5869
 10
-4.7925
 20
-2.5893
 10
-4.791
 20
-2.5919
 10
-4.7899
 20
-2.5946
 10
-4.789
 20
-2.5974
 10
-4.7883
 20
-2.6003
 10
-4.788
 20
-2.6033
 10
-4.788
 20
-2.6062
 10
-4.7882
 20
-2.6092
 10
-4.7888
 20
-2.6121
 10
-4.7896
 20
-2.6149
 10
-4.7907
 20
-2.6177
 10
-4.7921
 20
-2.6203
 10
-4.7937
 20
-2.6228
 10
-4.7956
 20
-2.6251
 10
-4.7976
 20
-2.6272
 10
-4.7999
 20
-2.6291
 10
-4.8024
 20
-2.6307
 10
-4.805
 20
-2.6321
 10
-4.9316
 20
-2.6931
 10
-4.9344
 20
-2.6943
 10
-4.9372
 20
-2.6952
 10
-4.9401
 20
-2.6958
 10
-4.943
 20
-2.6961
 10
-4.9459
 20
-2.6961
 10
-4.9489
 20
-2.6958
 10
-4.9518
 20
-2.6953
 10
-4.9546
 20
-2.6944
 10
-4.9573
 20
-2.6933
 10
-4.9599
 20
-2.692
 10
-4.9624
 20
-2.6903
 10
-5.1505
 20
-2.5527
 10
-5.1972
 20
-2.5753
 10
-5.1142
 20
-2.7477
 10
-5.113
 20
-2.7505
 10
-5.1121
 20
-2.7533
 10
-5.1115
 20
-2.7561
 10
-5.1112
 20
-2.7591
 10
-5.1112
 20
-2.762
 10
-5.1115
 20
-2.765
 10
-5.112
 20
-2.7678
 10
-5.1129
 20
-2.7707
 10
-5.114
 20
-2.7734
 10
-5.1153
 20
-2.776
 10
-5.117
 20
-2.7785
 10
-5.1188
 20
-2.7807
 10
-5.1209
 20
-2.7828
 10
-5.1231
 20
-2.7847
 10
-5.1256
 20
-2.7864
 10
-5.1282
 20
-2.7878
 10
-5.2425
 20
-2.8428
 10
-5.2452
 20
-2.844
 10
-5.248
 20
-2.8449
 10
-5.2509
 20
-2.8455
 10
-5.2538
 20
-2.8458
 10
-5.2568
 20
-2.8458
 10
-5.2597
 20
-2.8455
 10
-5.2626
 20
-2.845
 10
-5.2654
 20
-2.8441
 10
-5.2682
 20
-2.843
 10
-5.2708
 20
-2.8417
 10
-5.2732
 20
-2.84
 10
-5.2755
 20
-2.8382
 10
-5.2776
 20
-2.8361
 10
-5.2795
 20
-2.8339
 10
-5.2811
 20
-2.8314
 10
-5.2825
 20
-2.8288
 10
-5.5516
 20
-2.2702
 10
-5.5527
 20
-2.2675
 10
-5.5536
 20
-2.2647
 10
-5.5542
 20
-2.2618
 10
-5.5545
 20
-2.2589
 10
-5.5545
 20
-2.256
 10
-5.5542
 20
-2.253
 10
-5.5537
 20
-2.2501
 10
-5.5528
 20
-2.2473
 10
-5.5517
 20
-2.2446
 10
-5.5504
 20
-2.242
 10
-5.5487
 20
-2.2395
 10
-5.5469
 20
-2.2372
 10
-5.5448
 20
-2.2351
 10
-5.5426
 20
-2.2332
 10
-5.5401
 20
-2.2316
  0
LWPOLYLINE
  5
A6
330
17
100
AcDbEntity
  8
ALTIN
100
AcDbPolyline
 90
7
 70
1
 10
-5.1652
 20
-2.308
 10
-5.1995
 20
-2.2651
 10
-5.2721
 20
-2.2852
 10
-5.3247
 20
-2.3106
 10
-5.2678
 20
-2.4287
 10
-5.2145
 20
-2.403
 10
-5.1536
 20
-2.36
  0
LWPOLYLINE
  5
A7
330
17
100
AcDbEntity
  8
ALTIN
100
AcDbPolyline
 90
176
 70
1
 10
-3.964
 20
-1.562
 10
-3.9669
 20
-1.5623
 10
-4.1409
 20
-1.5753
 10
-4.1439
 20
-1.5754
 10
-4.1468
 20
-1.5751
 10
-4.1497
 20
-1.5746
 10
-4.1525
 20
-1.5738
 10
-4.1553
 20
-1.5728
 10
-4.1579
 20
-1.5715
 10
-4.1604
 20
-1.5699
 10
-4.1628
 20
-1.5681
 10
-4.1649
 20
-1.566
 10
-4.1668
 20
-1.5638
 10
-4.1685
 20
-1.5614
 10
-4.17
 20
-1.5588
 10
-4.1711
 20
-1.5561
 10
-4.1721
 20
-1.5533
 10
-4.1727
 20
-1.5504
 10
-4.1731
 20
-1.5475
 10
-4.1731
 20
-1.5445
 10
-4.1729
 20
-1.5416
 10
-4.1724
 20
-1.5387
 10
-4.1449
 20
-1.4182
 10
-4.1441
 20
-1.4153
 10
-4.1429
 20
-1.4125
 10
-4.1416
 20
-1.4098
 10
-4.1399
 20
-1.4072
 10
-4.138
 20
-1.4049
 10
-4.1359
 20
-1.4027
 10
-4.1335
 20
-1.4008
 10
-4.131
 20
-1.3991
 10
-4.1283
 20
-1.3977
 10
-4.1255
 20
-1.3966
 10
-4.1226
 20
-1.3957
 10
-4.1196
 20
-1.3952
 10
-4.0538
 20
-1.3863
 10
-4.0263
 20
-1.3191
 10
-4.0229
 20
-1.2501
 10
-4.0553
 20
-1.2294
 10
-4.0851
 20
-1.2335
 10
-4.1226
 20
-1.2992
 10
-4.154
 20
-1.3613
 10
-4.1558
 20
-1.3644
 10
-4.2367
 20
-1.4856
 10
-4.2384
 20
-1.4879
 10
-4.2403
 20
-1.49
 10
-4.2424
 20
-1.492
 10
-4.2446
 20
-1.4937
 10
-4.247
 20
-1.4952
 10
-4.2495
 20
-1.4964
 10
-4.2522
 20
-1.4975
 10
-4.2549
 20
-1.4982
 10
-4.2577
 20
-1.4987
 10
-4.2605
 20
-1.499
 10
-4.3813
 20
-1.5036
 10
-4.3842
 20
-1.5036
 10
-4.3871
 20
-1.5033
 10
-4.3899
 20
-1.5027
 10
-4.3927
 20
-1.5019
 10
-4.3954
 20
-1.5007
 10
-4.3979
 20
-1.4994
 10
-4.5326
 20
-1.4183
 10
-4.535
 20
-1.4167
 10
-4.5372
 20
-1.4149
 10
-4.5392
 20
-1.4129
 10
-4.5411
 20
-1.4107
 10
-4.5427
 20
-1.4083
 10
-4.5441
 20
-1.4058
 10
-4.5452
 20
-1.4031
 10
-4.5461
 20
-1.4004
 10
-4.5467
 20
-1.3976
 10
-4.5471
 20
-1.3948
 10
-4.5471
 20
-1.3919
 10
-4.5427
 20
-1.2042
 10
-4.5425
 20
-1.2012
 10
-4.542
 20
-1.1982
 10
-4.5411
 20
-1.1952
 10
-4.54
 20
-1.1924
 10
-4.4623
 20
-1.0232
 10
-4.461
 20
-1.0206
 10
-4.4594
 20
-1.0182
 10
-4.4577
 20
-1.016
 10
-4.4557
 20
-1.0139
 10
-4.4535
 20
-1.012
 10
-4.4511
 20
-1.0104
 10
-4.4486
 20
-1.009
 10
-4.446
 20
-1.0078
 10
-4.4433
 20
-1.0069
 10
-4.4405
 20
-1.0062
 10
-4.4376
 20
-1.0058
 10
-4.2837
 20
-0.9927
 10
-4.2807
 20
-0.9926
 10
-4.2778
 20
-0.9928
 10
-4.2748
 20
-0.9932
 10
-4.272
 20
-0.994
 10
-4.2692
 20
-0.995
 10
-4.2665
 20
-0.9964
 10
-4.264
 20
-0.9979
 10
-4.2617
 20
-0.9997
 10
-4.2595
 20
-1.0018
 10
-4.2576
 20
-1.004
 10
-4.2558
 20
-1.0064
 10
-4.2544
 20
-1.009
 10
-4.2532
 20
-1.0117
 10
-4.2522
 20
-1.0146
 10
-4.2516
 20
-1.0174
 10
-4.2512
 20
-1.0204
 10
-4.2511
 20
-1.0234
 10
-4.2514
 20
-1.0263
 10
-4.2519
 20
-1.0292
 10
-4.2792
 20
-1.1489
 10
-4.28
 20
-1.1518
 10
-4.2811
 20
-1.1546
 10
-4.2825
 20
-1.1573
 10
-4.2841
 20
-1.1598
 10
-4.286
 20
-1.1622
 10
-4.2881
 20
-1.1643
 10
-4.2905
 20
-1.1663
 10
-4.293
 20
-1.168
 10
-4.2956
 20
-1.1694
 10
-4.2984
 20
-1.1705
 10
-4.3013
 20
-1.1714
 10
-4.3042
 20
-1.172
 10
-4.3551
 20
-1.1792
 10
-4.3791
 20
-1.2367
 10
-4.3819
 20
-1.2978
 10
-4.3557
 20
-1.3134
 10
-4.321
 20
-1.3075
 10
-4.2898
 20
-1.2516
 10
-4.2643
 20
-1.2006
 10
-4.2628
 20
-1.1981
 10
-4.181
 20
-1.0681
 10
-4.1794
 20
-1.0659
 10
-4.1776
 20
-1.0637
 10
-4.1756
 20
-1.0618
 10
-4.1734
 20
-1.06
 10
-4.1711
 20
-1.0584
 10
-4.1686
 20
-1.0571
 10
-4.166
 20
-1.056
 10
-4.1634
 20
-1.0552
 10
-4.1606
 20
-1.0546
 10
-4.1578
 20
-1.0542
 10
-4.0215
 20
-1.044
 10
-4.0186
 20
-1.0439
 10
-4.0156
 20
-1.0441
 10
-4.0127
 20
-1.0446
 10
-4.0099
 20
-1.0454
 10
-4.0072
 20
-1.0464
 10
-4.0045
 20
-1.0477
 10
-3.8689
 20
-1.1242
 10
-3.8664
 20
-1.1258
 10
-3.864
 20
-1.1276
 10
-3.8619
 20
-1.1297
 10
-3.8599
 20
-1.1319
 10
-3.8582
 20
-1.1344
 10
-3.8568
 20
-1.137
 10
-3.8556
 20
-1.1398
 10
-3.8547
 20
-1.1426
 10
-3.854
 20
-1.1455
 10
-3.8537
 20
-1.1485
 10
-3.8537
 20
-1.1515
 10
-3.8616
 20
-1.3497
 10
-3.8618
 20
-1.3523
 10
-3.8623
 20
-1.355
 10
-3.863
 20
-1.3576
 10
-3.8639
 20
-1.3601
 10
-3.9415
 20
-1.5441
 10
-3.9428
 20
-1.5468
 10
-3.9444
 20
-1.5493
 10
-3.9462
 20
-1.5517
 10
-3.9482
 20
-1.5539
 10
-3.9505
 20
-1.5559
 10
-3.9529
 20
-1.5576
 10
-3.9555
 20
-1.5591
 10
-3.9582
 20
-1.5603
 10
-3.9611
 20
-1.5613
  0
LWPOLYLINE
  5
A8
330
17
100
AcDbEntity
  8
ALTIN
100
AcDbPolyline
 90
98
 70
1
 10
-4.3706
 20
-0.4874
 10
-4.3693
 20
-0.4849
 10
-4.3678
 20
-0.4825
 10
-4.3661
 20
-0.4802
 10
-4.3642
 20
-0.4781
 10
-4.362
 20
-0.4762
 10
-4.3598
 20
-0.4745
 10
-4.3573
 20
-0.4731
 10
-4.3547
 20
-0.4718
 10
-4.3521
 20
-0.4709
 10
-4.3493
 20
-0.4701
 10
-4.3465
 20
-0.4697
 10
-3.6937
 20
-0.3959
 10
-3.6907
 20
-0.3957
 10
-3.6877
 20
-0.3958
 10
-3.6847
 20
-0.3963
 10
-3.6818
 20
-0.397
 10
-3.679
 20
-0.398
 10
-3.6762
 20
-0.3993
 10
-3.6737
 20
-0.4008
 10
-3.6712
 20
-0.4026
 10
-3.669
 20
-0.4046
 10
-3.667
 20
-0.4069
 10
-3.6652
 20
-0.4093
 10
-3.6637
 20
-0.4119
 10
-3.6625
 20
-0.4147
 10
-3.6615
 20
-0.4175
 10
-3.6608
 20
-0.4204
 10
-3.6604
 20
-0.4234
 10
-3.6604
 20
-0.4264
 10
-3.6606
 20
-0.4294
 10
-3.6611
 20
-0.4324
 10
-3.6925
 20
-0.5699
 10
-3.6933
 20
-0.5727
 10
-3.6943
 20
-0.5753
 10
-3.6956
 20
-0.5779
 10
-3.6971
 20
-0.5804
 10
-3.6989
 20
-0.5826
 10
-3.7008
 20
-0.5847
 10
-3.703
 20
-0.5867
 10
-3.7053
 20
-0.5883
 10
-3.7078
 20
-0.5898
 10
-3.7105
 20
-0.591
 10
-3.7132
 20
-0.592
 10
-3.716
 20
-0.5926
 10
-3.7188
 20
-0.5931
 10
-3.8483
 20
-0.6057
 10
-3.8876
 20
-0.7779
 10
-3.7764
 20
-0.8438
 10
-3.7739
 20
-0.8454
 10
-3.7717
 20
-0.8472
 10
-3.7696
 20
-0.8492
 10
-3.7677
 20
-0.8515
 10
-3.7661
 20
-0.8539
 10
-3.7647
 20
-0.8564
 10
-3.7636
 20
-0.8591
 10
-3.7627
 20
-0.8619
 10
-3.7621
 20
-0.8647
 10
-3.7617
 20
-0.8676
 10
-3.7617
 20
-0.8705
 10
-3.7619
 20
-0.8734
 10
-3.7624
 20
-0.8763
 10
-3.7936
 20
-1.013
 10
-3.7944
 20
-1.0159
 10
-3.7955
 20
-1.0186
 10
-3.7969
 20
-1.0213
 10
-3.7985
 20
-1.0238
 10
-3.8004
 20
-1.0262
 10
-3.8025
 20
-1.0283
 10
-3.8048
 20
-1.0302
 10
-3.8073
 20
-1.0319
 10
-3.8099
 20
-1.0334
 10
-3.8127
 20
-1.0345
 10
-3.8155
 20
-1.0354
 10
-3.8185
 20
-1.036
 10
-3.8215
 20
-1.0363
 10
-3.8245
 20
-1.0362
 10
-3.8275
 20
-1.0359
 10
-3.8304
 20
-1.0353
 10
-3.8333
 20
-1.0344
 10
-3.836
 20
-1.0333
 10
-3.8386
 20
-1.0318
 10
-4.3959
 20
-0.6873
 10
-4.3983
 20
-0.6857
 10
-4.4005
 20
-0.6838
 10
-4.4025
 20
-0.6818
 10
-4.4043
 20
-0.6796
 10
-4.4059
 20
-0.6772
 10
-4.4073
 20
-0.6747
 10
-4.4084
 20
-0.672
 10
-4.4092
 20
-0.6693
 10
-4.4098
 20
-0.6665
 10
-4.4101
 20
-0.6636
 10
-4.4102
 20
-0.6608
 10
-4.4099
 20
-0.6579
 10
-4.4094
 20
-0.6551
 10
-4.3724
 20
-0.4928
 10
-4.3716
 20
-0.4901
  0
LWPOLYLINE
  5
A9
330
17
100
AcDbEntity
  8
ALTIN
100
AcDbPolyline
 90
11
 70
1
 10
-4.1453
 20
-0.6305
 10
-4.1392
 20
-0.6336
 10
-4.1383
 20
-0.634
 10
-4.0477
 20
-0.6833
 10
-4.0468
 20
-0.6838
 10
-4.0317
 20
-0.6927
 10
-4.0155
 20
-0.6218
 10
-4.0326
 20
-0.6235
 10
-4.0337
 20
-0.6235
 10
-4.138
 20
-0.6302
 10
-4.1391
 20
-0.6303
  0
LWPOLYLINE
  5
AA
330
17
100
AcDbEntity
  8
ALTIN
100
AcDbPolyline
 90
86
 70
1
 10
-3.6726
 20
-0.3481
 10
-4.2771
 20
-0.2102
 10
-4.2799
 20
-0.2094
 10
-4.2827
 20
-0.2083
 10
-4.2853
 20
-0.207
 10
-4.2878
 20
-0.2054
 10
-4.2901
 20
-0.2036
 10
-4.2922
 20
-0.2015
 10
-4.2941
 20
-0.1993
 10
-4.2958
 20
-0.1969
 10
-4.2973
 20
-0.1943
 10
-4.2984
 20
-0.1916
 10
-4.2994
 20
-0.1888
 10
-4.3
 20
-0.186
 10
-4.3003
 20
-0.183
 10
-4.3004
 20
-0.1801
 10
-4.3002
 20
-0.1772
 10
-4.2997
 20
-0.1743
 10
-4.2714
 20
-0.0505
 10
-4.2706
 20
-0.0477
 10
-4.2696
 20
-0.045
 10
-4.2682
 20
-0.0423
 10
-4.2666
 20
-0.0398
 10
-4.2648
 20
-0.0375
 10
-4.2628
 20
-0.0354
 10
-4.2606
 20
-0.0335
 10
-4.2581
 20
-0.0318
 10
-4.2556
 20
-0.0304
 10
-4.2529
 20
-0.0292
 10
-4.2501
 20
-0.0283
 10
-4.2472
 20
-0.0276
 10
-4.2443
 20
-0.0273
 10
-4.2413
 20
-0.0272
 10
-4.2384
 20
-0.0274
 10
-4.2355
 20
-0.028
 10
-3.763
 20
-0.1358
 10
-3.7101
 20
0.0958
 10
-3.7093
 20
0.0986
 10
-3.7083
 20
0.1013
 10
-3.7069
 20
0.104
 10
-3.7054
 20
0.1064
 10
-3.7035
 20
0.1088
 10
-3.7015
 20
0.1109
 10
-3.6993
 20
0.1128
 10
-3.6968
 20
0.1145
 10
-3.6943
 20
0.1159
 10
-3.6916
 20
0.1171
 10
-3.6888
 20
0.118
 10
-3.6859
 20
0.1187
 10
-3.683
 20
0.119
 10
-3.68
 20
0.1191
 10
-3.6771
 20
0.1188
 10
-3.6742
 20
0.1183
 10
-3.5715
 20
0.0949
 10
-3.5687
 20
0.0941
 10
-3.5659
 20
0.093
 10
-3.5633
 20
0.0917
 10
-3.5608
 20
0.0901
 10
-3.5585
 20
0.0883
 10
-3.5564
 20
0.0863
 10
-3.5545
 20
0.084
 10
-3.5528
 20
0.0816
 10
-3.5514
 20
0.079
 10
-3.5502
 20
0.0763
 10
-3.5493
 20
0.0735
 10
-3.5486
 20
0.0707
 10
-3.5483
 20
0.0677
 10
-3.5482
 20
0.0648
 10
-3.5484
 20
0.0619
 10
-3.5489
 20
0.059
 10
-3.6367
 20
-0.3256
 10
-3.6375
 20
-0.3284
 10
-3.6386
 20
-0.3311
 10
-3.6399
 20
-0.3338
 10
-3.6415
 20
-0.3362
 10
-3.6433
 20
-0.3386
 10
-3.6454
 20
-0.3407
 10
-3.6476
 20
-0.3426
 10
-3.65
 20
-0.3443
 10
-3.6526
 20
-0.3457
 10
-3.6553
 20
-0.3469
 10
-3.6581
 20
-0.3478
 10
-3.6609
 20
-0.3485
 10
-3.6639
 20
-0.3488
 10
-3.6668
 20
-0.3489
 10
-3.6697
 20
-0.3487
  0
LWPOLYLINE
  5
AB
330
17
100
AcDbEntity
  8
ALTIN
100
AcDbPolyline
 90
1440
 70
1
 10
-4.903
 20
-0.1441
 10
-4.9037
 20
-0.1537
 10
-4.9044
 20
-0.1633
 10
-4.9051
 20
-0.1729
 10
-4.9059
 20
-0.1825
 10
-4.9067
 20
-0.1921
 10
-4.9076
 20
-0.2017
 10
-4.9085
 20
-0.2112
 10
-4.9094
 20
-0.2208
 10
-4.9104
 20
-0.2304
 10
-4.9114
 20
-0.2399
 10
-4.9125
 20
-0.2495
 10
-4.9136
 20
-0.259
 10
-4.9147
 20
-0.2686
 10
-4.9159
 20
-0.2781
 10
-4.9172
 20
-0.2877
 10
-4.9185
 20
-0.2972
 10
-4.9198
 20
-0.3067
 10
-4.9211
 20
-0.3162
 10
-4.9225
 20
-0.3258
 10
-4.924
 20
-0.3353
 10
-4.9255
 20
-0.3448
 10
-4.927
 20
-0.3543
 10
-4.9285
 20
-0.3637
 10
-4.9302
 20
-0.3732
 10
-4.9318
 20
-0.3827
 10
-4.9335
 20
-0.3922
 10
-4.9352
 20
-0.4016
 10
-4.937
 20
-0.4111
 10
-4.9388
 20
-0.4205
 10
-4.9407
 20
-0.43
 10
-4.9426
 20
-0.4394
 10
-4.9445
 20
-0.4488
 10
-4.9465
 20
-0.4582
 10
-4.9485
 20
-0.4676
 10
-4.9506
 20
-0.477
 10
-4.9527
 20
-0.4864
 10
-4.9548
 20
-0.4958
 10
-4.957
 20
-0.5051
 10
-4.9592
 20
-0.5145
 10
-4.9615
 20
-0.5238
 10
-4.9638
 20
-0.5332
 10
-4.9661
 20
-0.5425
 10
-4.9685
 20
-0.5518
 10
-4.9709
 20
-0.5611
 10
-4.9734
 20
-0.5704
 10
-4.9759
 20
-0.5797
 10
-4.9785
 20
-0.589
 10
-4.9811
 20
-0.5982
 10
-4.9837
 20
-0.6075
 10
-4.9864
 20
-0.6167
 10
-4.9891
 20
-0.6259
 10
-4.9918
 20
-0.6351
 10
-4.9946
 20
-0.6444
 10
-4.9975
 20
-0.6535
 10
-5.0003
 20
-0.6627
 10
-5.0032
 20
-0.6719
 10
-5.0062
 20
-0.681
 10
-5.0092
 20
-0.6902
 10
-5.0122
 20
-0.6993
 10
-5.0153
 20
-0.7084
 10
-5.0184
 20
-0.7175
 10
-5.0215
 20
-0.7266
 10
-5.0247
 20
-0.7357
 10
-5.028
 20
-0.7447
 10
-5.0312
 20
-0.7538
 10
-5.0345
 20
-0.7628
 10
-5.0379
 20
-0.7718
 10
-5.0413
 20
-0.7808
 10
-5.0447
 20
-0.7898
 10
-5.0482
 20
-0.7988
 10
-5.0517
 20
-0.8077
 10
-5.0552
 20
-0.8167
 10
-5.0588
 20
-0.8256
 10
-5.0624
 20
-0.8345
 10
-5.0661
 20
-0.8434
 10
-5.0698
 20
-0.8523
 10
-5.0735
 20
-0.8611
 10
-5.0773
 20
-0.87
 10
-5.0811
 20
-0.8788
 10
-5.085
 20
-0.8876
 10
-5.0889
 20
-0.8964
 10
-5.0928
 20
-0.9052
 10
-5.0968
 20
-0.9139
 10
-5.1008
 20
-0.9227
 10
-5.1048
 20
-0.9314
 10
-5.1089
 20
-0.9401
 10
-5.113
 20
-0.9488
 10
-5.1172
 20
-0.9575
 10
-5.1214
 20
-0.9661
 10
-5.1256
 20
-0.9748
 10
-5.1299
 20
-0.9834
 10
-5.1342
 20
-0.992
 10
-5.1385
 20
-1.0005
 10
-5.1429
 20
-1.0091
 10
-5.1473
 20
-1.0176
 10
-5.1518
 20
-1.0262
 10
-5.1563
 20
-1.0347
 10
-5.1608
 20
-1.0431
 10
-5.1654
 20
-1.0516
 10
-5.17
 20
-1.06
 10
-5.1746
 20
-1.0685
 10
-5.1793
 20
-1.0769
 10
-5.184
 20
-1.0852
 10
-5.1888
 20
-1.0936
 10
-5.1936
 20
-1.1019
 10
-5.1984
 20
-1.1103
 10
-5.2033
 20
-1.1186
 10
-5.2082
 20
-1.1268
 10
-5.2131
 20
-1.1351
 10
-5.2181
 20
-1.1433
 10
-5.2231
 20
-1.1515
 10
-5.2281
 20
-1.1597
 10
-5.2332
 20
-1.1679
 10
-5.2383
 20
-1.176
 10
-5.2435
 20
-1.1841
 10
-5.2487
 20
-1.1922
 10
-5.2539
 20
-1.2003
 10
-5.2591
 20
-1.2084
 10
-5.2644
 20
-1.2164
 10
-5.2697
 20
-1.2244
 10
-5.2751
 20
-1.2324
 10
-5.2805
 20
-1.2404
 10
-5.2859
 20
-1.2483
 10
-5.2914
 20
-1.2562
 10
-5.2969
 20
-1.2641
 10
-5.3024
 20
-1.272
 10
-5.308
 20
-1.2798
 10
-5.3136
 20
-1.2876
 10
-5.3192
 20
-1.2954
 10
-5.3249
 20
-1.3032
 10
-5.3306
 20
-1.3109
 10
-5.3363
 20
-1.3186
 10
-5.3421
 20
-1.3263
 10
-5.3479
 20
-1.334
 10
-5.3537
 20
-1.3416
 10
-5.3596
 20
-1.3493
 10
-5.3655
 20
-1.3568
 10
-5.3715
 20
-1.3644
 10
-5.3774
 20
-1.3719
 10
-5.3834
 20
-1.3795
 10
-5.3895
 20
-1.3869
 10
-5.3955
 20
-1.3944
 10
-5.4016
 20
-1.4018
 10
-5.4078
 20
-1.4092
 10
-5.4139
 20
-1.4166
 10
-5.4201
 20
-1.424
 10
-5.4264
 20
-1.4313
 10
-5.4326
 20
-1.4386
 10
-5.4389
 20
-1.4459
 10
-5.4452
 20
-1.4531
 10
-5.4516
 20
-1.4603
 10
-5.458
 20
-1.4675
 10
-5.4644
 20
-1.4747
 10
-5.4708
 20
-1.4818
 10
-5.4773
 20
-1.4889
 10
-5.4838
 20
-1.496
 10
-5.4904
 20
-1.503
 10
-5.497
 20
-1.5101
 10
-5.5036
 20
-1.5171
 10
-5.5102
 20
-1.524
 10
-5.5169
 20
-1.5309
 10
-5.5236
 20
-1.5378
 10
-5.5303
 20
-1.5447
 10
-5.537
 20
-1.5516
 10
-5.5438
 20
-1.5584
 10
-5.5506
 20
-1.5652
 10
-5.5575
 20
-1.5719
 10
-5.5644
 20
-1.5786
 10
-5.5713
 20
-1.5853
 10
-5.5782
 20
-1.592
 10
-5.5851
 20
-1.5986
 10
-5.5921
 20
-1.6052
 10
-5.5992
 20
-1.6118
 10
-5.6062
 20
-1.6184
 10
-5.6133
 20
-1.6249
 10
-5.6204
 20
-1.6314
 10
-5.6275
 20
-1.6378
 10
-5.6347
 20
-1.6442
 10
-5.6419
 20
-1.6506
 10
-5.6491
 20
-1.657
 10
-5.6563
 20
-1.6633
 10
-5.6636
 20
-1.6696
 10
-5.6709
 20
-1.6758
 10
-5.6782
 20
-1.6821
 10
-5.6856
 20
-1.6883
 10
-5.693
 20
-1.6944
 10
-5.7004
 20
-1.7006
 10
-5.7078
 20
-1.7067
 10
-5.7153
 20
-1.7127
 10
-5.7227
 20
-1.7188
 10
-5.7303
 20
-1.7248
 10
-5.7378
 20
-1.7307
 10
-5.7454
 20
-1.7367
 10
-5.7529
 20
-1.7426
 10
-5.7606
 20
-1.7485
 10
-5.7682
 20
-1.7543
 10
-5.7759
 20
-1.7601
 10
-5.7836
 20
-1.7659
 10
-5.7913
 20
-1.7716
 10
-5.799
 20
-1.7773
 10
-5.8068
 20
-1.783
 10
-5.8146
 20
-1.7886
 10
-5.8224
 20
-1.7942
 10
-5.8302
 20
-1.7998
 10
-5.8381
 20
-1.8053
 10
-5.846
 20
-1.8108
 10
-5.8539
 20
-1.8163
 10
-5.8618
 20
-1.8217
 10
-5.8698
 20
-1.8271
 10
-5.8778
 20
-1.8325
 10
-5.8858
 20
-1.8378
 10
-5.8938
 20
-1.8431
 10
-5.9019
 20
-1.8483
 10
-5.91
 20
-1.8535
 10
-5.9181
 20
-1.8587
 10
-5.9262
 20
-1.8639
 10
-5.9343
 20
-1.869
 10
-5.9425
 20
-1.8741
 10
-5.9507
 20
-1.8791
 10
-5.9589
 20
-1.8841
 10
-5.9671
 20
-1.8891
 10
-5.9754
 20
-1.894
 10
-5.9836
 20
-1.8989
 10
-5.9919
 20
-1.9038
 10
-6.0003
 20
-1.9086
 10
-6.0086
 20
-1.9134
 10
-6.017
 20
-1.9182
 10
-6.0253
 20
-1.9229
 10
-6.0337
 20
-1.9276
 10
-6.0422
 20
-1.9322
 10
-6.0506
 20
-1.9368
 10
-6.0591
 20
-1.9414
 10
-6.0675
 20
-1.9459
 10
-6.076
 20
-1.9504
 10
-6.0846
 20
-1.9549
 10
-6.0931
 20
-1.9593
 10
-6.1017
 20
-1.9637
 10
-6.1102
 20
-1.968
 10
-6.1188
 20
-1.9723
 10
-6.1274
 20
-1.9766
 10
-6.1361
 20
-1.9808
 10
-6.1447
 20
-1.985
 10
-6.1534
 20
-1.9892
 10
-6.1621
 20
-1.9933
 10
-6.1708
 20
-1.9974
 10
-6.1795
 20
-2.0014
 10
-6.1883
 20
-2.0054
 10
-6.197
 20
-2.0094
 10
-6.2058
 20
-2.0133
 10
-6.2146
 20
-2.0172
 10
-6.2234
 20
-2.0211
 10
-6.2322
 20
-2.0249
 10
-6.2411
 20
-2.0287
 10
-6.2499
 20
-2.0324
 10
-6.2588
 20
-2.0361
 10
-6.2677
 20
-2.0398
 10
-6.2766
 20
-2.0434
 10
-6.2855
 20
-2.047
 10
-6.2945
 20
-2.0505
 10
-6.3034
 20
-2.054
 10
-6.3124
 20
-2.0575
 10
-6.3214
 20
-2.0609
 10
-6.3304
 20
-2.0643
 10
-6.3394
 20
-2.0677
 10
-6.3484
 20
-2.071
 10
-6.3575
 20
-2.0742
 10
-6.3665
 20
-2.0775
 10
-6.3756
 20
-2.0807
 10
-6.3847
 20
-2.0838
 10
-6.3938
 20
-2.0869
 10
-6.4029
 20
-2.09
 10
-6.412
 20
-2.093
 10
-6.4212
 20
-2.096
 10
-6.4303
 20
-2.099
 10
-6.4395
 20
-2.1019
 10
-6.4487
 20
-2.1047
 10
-6.4578
 20
-2.1076
 10
-6.4671
 20
-2.1104
 10
-6.4763
 20
-2.1131
 10
-6.4855
 20
-2.1158
 10
-6.4947
 20
-2.1185
 10
-6.504
 20
-2.1211
 10
-6.5132
 20
-2.1237
 10
-6.5225
 20
-2.1263
 10
-6.5318
 20
-2.1288
 10
-6.5411
 20
-2.1313
 10
-6.5504
 20
-2.1337
 10
-6.5597
 20
-2.1361
 10
-6.569
 20
-2.1384
 10
-6.5784
 20
-2.1407
 10
-6.5877
 20
-2.143
 10
-6.5971
 20
-2.1452
 10
-6.6064
 20
-2.1474
 10
-6.6158
 20
-2.1495
 10
-6.6252
 20
-2.1516
 10
-6.6346
 20
-2.1537
 10
-6.644
 20
-2.1557
 10
-6.6534
 20
-2.1577
 10
-6.6628
 20
-2.1596
 10
-6.6722
 20
-2.1615
 10
-6.6817
 20
-2.1634
 10
-6.6911
 20
-2.1652
 10
-6.7006
 20
-2.167
 10
-6.71
 20
-2.1687
 10
-6.7195
 20
-2.1704
 10
-6.729
 20
-2.172
 10
-6.7385
 20
-2.1737
 10
-6.7479
 20
-2.1752
 10
-6.7574
 20
-2.1767
 10
-6.7669
 20
-2.1782
 10
-6.7764
 20
-2.1797
 10
-6.786
 20
-2.1811
 10
-6.7955
 20
-2.1824
 10
-6.805
 20
-2.1837
 10
-6.8145
 20
-2.185
 10
-6.8241
 20
-2.1863
 10
-6.8336
 20
-2.1875
 10
-6.8432
 20
-2.1886
 10
-6.8527
 20
-2.1897
 10
-6.8623
 20
-2.1908
 10
-6.8718
 20
-2.1918
 10
-6.8814
 20
-2.1928
 10
-6.891
 20
-2.1937
 10
-6.9005
 20
-2.1946
 10
-6.9101
 20
-2.1955
 10
-6.9197
 20
-2.1963
 10
-6.9293
 20
-2.1971
 10
-6.9389
 20
-2.1978
 10
-6.9485
 20
-2.1985
 10
-6.9581
 20
-2.1992
 10
-6.9677
 20
-2.1998
 10
-6.9773
 20
-2.2003
 10
-6.9869
 20
-2.2009
 10
-6.9965
 20
-2.2013
 10
-7.0061
 20
-2.2018
 10
-7.0157
 20
-2.2022
 10
-7.0253
 20
-2.2025
 10
-7.0349
 20
-2.2029
 10
-7.0445
 20
-2.2031
 10
-7.0541
 20
-2.2034
 10
-7.0637
 20
-2.2035
 10
-7.0734
 20
-2.2037
 10
-7.083
 20
-2.2038
 10
-7.0926
 20
-2.2039
 10
-7.1022
 20
-2.2039
 10
-7.1118
 20
-2.2039
 10
-7.1214
 20
-2.2038
 10
-7.131
 20
-2.2037
 10
-7.1407
 20
-2.2035
 10
-7.1503
 20
-2.2034
 10
-7.1599
 20
-2.2031
 10
-7.1695
 20
-2.2029
 10
-7.1791
 20
-2.2025
 10
-7.1887
 20
-2.2022
 10
-7.1983
 20
-2.2018
 10
-7.2079
 20
-2.2013
 10
-7.2175
 20
-2.2009
 10
-7.2271
 20
-2.2003
 10
-7.2367
 20
-2.1998
 10
-7.2463
 20
-2.1992
 10
-7.2559
 20
-2.1985
 10
-7.2655
 20
-2.1978
 10
-7.2751
 20
-2.1971
 10
-7.2847
 20
-2.1963
 10
-7.2943
 20
-2.1955
 10
-7.3039
 20
-2.1946
 10
-7.3134
 20
-2.1937
 10
-7.323
 20
-2.1928
 10
-7.3326
 20
-2.1918
 10
-7.3421
 20
-2.1908
 10
-7.3517
 20
-2.1897
 10
-7.3612
 20
-2.1886
 10
-7.3708
 20
-2.1875
 10
-7.3803
 20
-2.1863
 10
-7.3899
 20
-2.185
 10
-7.3994
 20
-2.1837
 10
-7.4089
 20
-2.1824
 10
-7.4184
 20
-2.1811
 10
-7.428
 20
-2.1797
 10
-7.4375
 20
-2.1782
 10
-7.447
 20
-2.1767
 10
-7.4565
 20
-2.1752
 10
-7.4659
 20
-2.1737
 10
-7.4754
 20
-2.172
 10
-7.4849
 20
-2.1704
 10
-7.4944
 20
-2.1687
 10
-7.5038
 20
-2.167
 10
-7.5133
 20
-2.1652
 10
-7.5227
 20
-2.1634
 10
-7.5322
 20
-2.1615
 10
-7.5416
 20
-2.1596
 10
-7.551
 20
-2.1577
 10
-7.5604
 20
-2.1557
 10
-7.5698
 20
-2.1537
 10
-7.5792
 20
-2.1516
 10
-7.5886
 20
-2.1495
 10
-7.598
 20
-2.1474
 10
-7.6073
 20
-2.1452
 10
-7.6167
 20
-2.143
 10
-7.626
 20
-2.1407
 10
-7.6354
 20
-2.1384
 10
-7.6447
 20
-2.1361
 10
-7.654
 20
-2.1337
 10
-7.6633
 20
-2.1313
 10
-7.6726
 20
-2.1288
 10
-7.6819
 20
-2.1263
 10
-7.6912
 20
-2.1237
 10
-7.7004
 20
-2.1211
 10
-7.7097
 20
-2.1185
 10
-7.7189
 20
-2.1158
 10
-7.7281
 20
-2.1131
 10
-7.7373
 20
-2.1104
 10
-7.7466
 20
-2.1076
 10
-7.7557
 20
-2.1047
 10
-7.7649
 20
-2.1019
 10
-7.7741
 20
-2.099
 10
-7.7832
 20
-2.096
 10
-7.7924
 20
-2.093
 10
-7.8015
 20
-2.09
 10
-7.8106
 20
-2.0869
 10
-7.8197
 20
-2.0838
 10
-7.8288
 20
-2.0807
 10
-7.8379
 20
-2.0775
 10
-7.8469
 20
-2.0742
 10
-7.856
 20
-2.071
 10
-7.865
 20
-2.0677
 10
-7.874
 20
-2.0643
 10
-7.883
 20
-2.0609
 10
-7.892
 20
-2.0575
 10
-7.901
 20
-2.054
 10
-7.9099
 20
-2.0505
 10
-7.9189
 20
-2.047
 10
-7.9278
 20
-2.0434
 10
-7.9367
 20
-2.0398
 10
-7.9456
 20
-2.0361
 10
-7.9545
 20
-2.0324
 10
-7.9633
 20
-2.0287
 10
-7.9722
 20
-2.0249
 10
-7.981
 20
-2.0211
 10
-7.9898
 20
-2.0172
 10
-7.9986
 20
-2.0133
 10
-8.0074
 20
-2.0094
 10
-8.0161
 20
-2.0054
 10
-8.0249
 20
-2.0014
 10
-8.0336
 20
-1.9974
 10
-8.0423
 20
-1.9933
 10
-8.051
 20
-1.9892
 10
-8.0597
 20
-1.985
 10
-8.0683
 20
-1.9808
 10
-8.077
 20
-1.9766
 10
-8.0856
 20
-1.9723
 10
-8.0942
 20
-1.968
 10
-8.1027
 20
-1.9637
 10
-8.1113
 20
-1.9593
 10
-8.1198
 20
-1.9549
 10
-8.1284
 20
-1.9504
 10
-8.1369
 20
-1.9459
 10
-8.1453
 20
-1.9414
 10
-8.1538
 20
-1.9368
 10
-8.1622
 20
-1.9322
 10
-8.1707
 20
-1.9276
 10
-8.1791
 20
-1.9229
 10
-8.1874
 20
-1.9182
 10
-8.1958
 20
-1.9134
 10
-8.2041
 20
-1.9086
 10
-8.2125
 20
-1.9038
 10
-8.2208
 20
-1.8989
 10
-8.229
 20
-1.894
 10
-8.2373
 20
-1.8891
 10
-8.2455
 20
-1.8841
 10
-8.2537
 20
-1.8791
 10
-8.2619
 20
-1.8741
 10
-8.2701
 20
-1.869
 10
-8.2782
 20
-1.8639
 10
-8.2863
 20
-1.8587
 10
-8.2944
 20
-1.8535
 10
-8.3025
 20
-1.8483
 10
-8.3106
 20
-1.8431
 10
-8.3186
 20
-1.8378
 10
-8.3266
 20
-1.8325
 10
-8.3346
 20
-1.8271
 10
-8.3426
 20
-1.8217
 10
-8.3505
 20
-1.8163
 10
-8.3584
 20
-1.8108
 10
-8.3663
 20
-1.8053
 10
-8.3742
 20
-1.7998
 10
-8.382
 20
-1.7942
 10
-8.3898
 20
-1.7886
 10
-8.3976
 20
-1.783
 10
-8.4054
 20
-1.7773
 10
-8.4131
 20
-1.7716
 10
-8.4208
 20
-1.7659
 10
-8.4285
 20
-1.7601
 10
-8.4362
 20
-1.7543
 10
-8.4438
 20
-1.7485
 10
-8.4515
 20
-1.7426
 10
-8.459
 20
-1.7367
 10
-8.4666
 20
-1.7307
 10
-8.4741
 20
-1.7248
 10
-8.4817
 20
-1.7188
 10
-8.4891
 20
-1.7127
 10
-8.4966
 20
-1.7067
 10
-8.504
 20
-1.7006
 10
-8.5114
 20
-1.6944
 10
-8.5188
 20
-1.6883
 10
-8.5262
 20
-1.6821
 10
-8.5335
 20
-1.6758
 10
-8.5408
 20
-1.6696
 10
-8.5481
 20
-1.6633
 10
-8.5553
 20
-1.657
 10
-8.5625
 20
-1.6506
 10
-8.5697
 20
-1.6442
 10
-8.5769
 20
-1.6378
 10
-8.584
 20
-1.6314
 10
-8.5911
 20
-1.6249
 10
-8.5982
 20
-1.6184
 10
-8.6052
 20
-1.6118
 10
-8.6123
 20
-1.6052
 10
-8.6193
 20
-1.5986
 10
-8.6262
 20
-1.592
 10
-8.6331
 20
-1.5853
 10
-8.64
 20
-1.5786
 10
-8.6469
 20
-1.5719
 10
-8.6538
 20
-1.5652
 10
-8.6606
 20
-1.5584
 10
-8.6674
 20
-1.5516
 10
-8.6741
 20
-1.5447
 10
-8.6808
 20
-1.5378
 10
-8.6875
 20
-1.5309
 10
-8.6942
 20
-1.524
 10
-8.7008
 20
-1.5171
 10
-8.7074
 20
-1.5101
 10
-8.714
 20
-1.503
 10
-8.7206
 20
-1.496
 10
-8.7271
 20
-1.4889
 10
-8.7336
 20
-1.4818
 10
-8.74
 20
-1.4747
 10
-8.7464
 20
-1.4675
 10
-8.7528
 20
-1.4603
 10
-8.7592
 20
-1.4531
 10
-8.7655
 20
-1.4459
 10
-8.7718
 20
-1.4386
 10
-8.778
 20
-1.4313
 10
-8.7843
 20
-1.424
 10
-8.7905
 20
-1.4166
 10
-8.7966
 20
-1.4092
 10
-8.8028
 20
-1.4018
 10
-8.8089
 20
-1.3944
 10
-8.8149
 20
-1.3869
 10
-8.821
 20
-1.3795
 10
-8.827
 20
-1.3719
 10
-8.8329
 20
-1.3644
 10
-8.8389
 20
-1.3568
 10
-8.8448
 20
-1.3493
 10
-8.8507
 20
-1.3416
 10
-8.8565
 20
-1.334
 10
-8.8623
 20
-1.3263
 10
-8.8681
 20
-1.3186
 10
-8.8738
 20
-1.3109
 10
-8.8795
 20
-1.3032
 10
-8.8852
 20
-1.2954
 10
-8.8908
 20
-1.2876
 10
-8.8964
 20
-1.2798
 10
-8.902
 20
-1.272
 10
-8.9075
 20
-1.2641
 10
-8.913
 20
-1.2562
 10
-8.9185
 20
-1.2483
 10
-8.9239
 20
-1.2404
 10
-8.9293
 20
-1.2324
 10
-8.9347
 20
-1.2244
 10
-8.94
 20
-1.2164
 10
-8.9453
 20
-1.2084
 10
-8.9505
 20
-1.2003
 10
-8.9557
 20
-1.1922
 10
-8.9609
 20
-1.1841
 10
-8.9661
 20
-1.176
 10
-8.9712
 20
-1.1679
 10
-8.9763
 20
-1.1597
 10
-8.9813
 20
-1.1515
 10
-8.9863
 20
-1.1433
 10
-8.9913
 20
-1.1351
 10
-8.9962
 20
-1.1268
 10
-9.0011
 20
-1.1186
 10
-9.006
 20
-1.1103
 10
-9.0108
 20
-1.1019
 10
-9.0156
 20
-1.0936
 10
-9.0204
 20
-1.0852
 10
-9.0251
 20
-1.0769
 10
-9.0298
 20
-1.0685
 10
-9.0344
 20
-1.06
 10
-9.039
 20
-1.0516
 10
-9.0436
 20
-1.0431
 10
-9.0481
 20
-1.0347
 10
-9.0526
 20
-1.0262
 10
-9.0571
 20
-1.0176
 10
-9.0615
 20
-1.0091
 10
-9.0659
 20
-1.0005
 10
-9.0702
 20
-0.992
 10
-9.0745
 20
-0.9834
 10
-9.0788
 20
-0.9748
 10
-9.083
 20
-0.9661
 10
-9.0872
 20
-0.9575
 10
-9.0914
 20
-0.9488
 10
-9.0955
 20
-0.9401
 10
-9.0996
 20
-0.9314
 10
-9.1036
 20
-0.9227
 10
-9.1076
 20
-0.9139
 10
-9.1116
 20
-0.9052
 10
-9.1155
 20
-0.8964
 10
-9.1194
 20
-0.8876
 10
-9.1233
 20
-0.8788
 10
-9.1271
 20
-0.87
 10
-9.1309
 20
-0.8611
 10
-9.1346
 20
-0.8523
 10
-9.1383
 20
-0.8434
 10
-9.142
 20
-0.8345
 10
-9.1456
 20
-0.8256
 10
-9.1492
 20
-0.8167
 10
-9.1527
 20
-0.8077
 10
-9.1562
 20
-0.7988
 10
-9.1597
 20
-0.7898
 10
-9.1631
 20
-0.7808
 10
-9.1665
 20
-0.7718
 10
-9.1699
 20
-0.7628
 10
-9.1732
 20
-0.7538
 10
-9.1764
 20
-0.7447
 10
-9.1797
 20
-0.7357
 10
-9.1829
 20
-0.7266
 10
-9.186
 20
-0.7175
 10
-9.1891
 20
-0.7084
 10
-9.1922
 20
-0.6993
 10
-9.1952
 20
-0.6902
 10
-9.1982
 20
-0.681
 10
-9.2012
 20
-0.6719
 10
-9.2041
 20
-0.6627
 10
-9.2069
 20
-0.6535
 10
-9.2098
 20
-0.6444
 10
-9.2126
 20
-0.6351
 10
-9.2153
 20
-0.6259
 10
-9.218
 20
-0.6167
 10
-9.2207
 20
-0.6075
 10
-9.2233
 20
-0.5982
 10
-9.2259
 20
-0.589
 10
-9.2285
 20
-0.5797
 10
-9.231
 20
-0.5704
 10
-9.2335
 20
-0.5611
 10
-9.2359
 20
-0.5518
 10
-9.2383
 20
-0.5425
 10
-9.2406
 20
-0.5332
 10
-9.2429
 20
-0.5238
 10
-9.2452
 20
-0.5145
 10
-9.2474
 20
-0.5051
 10
-9.2496
 20
-0.4958
 10
-9.2517
 20
-0.4864
 10
-9.2538
 20
-0.477
 10
-9.2559
 20
-0.4676
 10
-9.2579
 20
-0.4582
 10
-9.2599
 20
-0.4488
 10
-9.2618
 20
-0.4394
 10
-9.2637
 20
-0.43
 10
-9.2656
 20
-0.4205
 10
-9.2674
 20
-0.4111
 10
-9.2692
 20
-0.4016
 10
-9.2709
 20
-0.3922
 10
-9.2726
 20
-0.3827
 10
-9.2742
 20
-0.3732
 10
-9.2759
 20
-0.3637
 10
-9.2774
 20
-0.3543
 10
-9.2789
 20
-0.3448
 10
-9.2804
 20
-0.3353
 10
-9.2819
 20
-0.3258
 10
-9.2833
 20
-0.3162
 10
-9.2846
 20
-0.3067
 10
-9.2859
 20
-0.2972
 10
-9.2872
 20
-0.2877
 10
-9.2885
 20
-0.2781
 10
-9.2897
 20
-0.2686
 10
-9.2908
 20
-0.259
 10
-9.2919
 20
-0.2495
 10
-9.293
 20
-0.2399
 10
-9.294
 20
-0.2304
 10
-9.295
 20
-0.2208
 10
-9.2959
 20
-0.2112
 10
-9.2968
 20
-0.2017
 10
-9.2977
 20
-0.1921
 10
-9.2985
 20
-0.1825
 10
-9.2993
 20
-0.1729
 10
-9.3
 20
-0.1633
 10
-9.3007
 20
-0.1537
 10
-9.3014
 20
-0.1441
 10
-9.302
 20
-0.1345
 10
-9.3025
 20
-0.1249
 10
-9.3031
 20
-0.1153
 10
-9.3035
 20
-0.1057
 10
-9.304
 20
-0.0961
 10
-9.3044
 20
-0.0865
 10
-9.3047
 20
-0.0769
 10
-9.3051
 20
-0.0673
 10
-9.3053
 20
-0.0577
 10
-9.3056
 20
-0.0481
 10
-9.3057
 20
-0.0385
 10
-9.3059
 20
-0.0288
 10
-9.306
 20
-0.0192
 10
-9.3061
 20
-0.0096
 10
-9.3061
 20
0.0
 10
-9.3061
 20
0.0096
 10
-9.306
 20
0.0192
 10
-9.3059
 20
0.0288
 10
-9.3057
 20
0.0385
 10
-9.3056
 20
0.0481
 10
-9.3053
 20
0.0577
 10
-9.3051
 20
0.0673
 10
-9.3047
 20
0.0769
 10
-9.3044
 20
0.0865
 10
-9.304
 20
0.0961
 10
-9.3035
 20
0.1057
 10
-9.3031
 20
0.1153
 10
-9.3025
 20
0.1249
 10
-9.302
 20
0.1345
 10
-9.3014
 20
0.1441
 10
-9.3007
 20
0.1537
 10
-9.3
 20
0.1633
 10
-9.2993
 20
0.1729
 10
-9.2985
 20
0.1825
 10
-9.2977
 20
0.1921
 10
-9.2968
 20
0.2017
 10
-9.2959
 20
0.2112
 10
-9.295
 20
0.2208
 10
-9.294
 20
0.2304
 10
-9.293
 20
0.2399
 10
-9.2919
 20
0.2495
 10
-9.2908
 20
0.259
 10
-9.2897
 20
0.2686
 10
-9.2885
 20
0.2781
 10
-9.2872
 20
0.2877
 10
-9.2859
 20
0.2972
 10
-9.2846
 20
0.3067
 10
-9.2833
 20
0.3162
 10
-9.2819
 20
0.3258
 10
-9.2804
 20
0.3353
 10
-9.2789
 20
0.3448
 10
-9.2774
 20
0.3543
 10
-9.2759
 20
0.3637
 10
-9.2742
 20
0.3732
 10
-9.2726
 20
0.3827
 10
-9.2709
 20
0.3922
 10
-9.2692
 20
0.4016
 10
-9.2674
 20
0.4111
 10
-9.2656
 20
0.4205
 10
-9.2637
 20
0.43
 10
-9.2618
 20
0.4394
 10
-9.2599
 20
0.4488
 10
-9.2579
 20
0.4582
 10
-9.2559
 20
0.4676
 10
-9.2538
 20
0.477
 10
-9.2517
 20
0.4864
 10
-9.2496
 20
0.4958
 10
-9.2474
 20
0.5051
 10
-9.2452
 20
0.5145
 10
-9.2429
 20
0.5238
 10
-9.2406
 20
0.5332
 10
-9.2383
 20
0.5425
 10
-9.2359
 20
0.5518
 10
-9.2335
 20
0.5611
 10
-9.231
 20
0.5704
 10
-9.2285
 20
0.5797
 10
-9.2259
 20
0.589
 10
-9.2233
 20
0.5982
 10
-9.2207
 20
0.6075
 10
-9.218
 20
0.6167
 10
-9.2153
 20
0.6259
 10
-9.2126
 20
0.6351
 10
-9.2098
 20
0.6444
 10
-9.2069
 20
0.6535
 10
-9.2041
 20
0.6627
 10
-9.2012
 20
0.6719
 10
-9.1982
 20
0.681
 10
-9.1952
 20
0.6902
 10
-9.1922
 20
0.6993
 10
-9.1891
 20
0.7084
 10
-9.186
 20
0.7175
 10
-9.1829
 20
0.7266
 10
-9.1797
 20
0.7357
 10
-9.1764
 20
0.7447
 10
-9.1732
 20
0.7538
 10
-9.1699
 20
0.7628
 10
-9.1665
 20
0.7718
 10
-9.1631
 20
0.7808
 10
-9.1597
 20
0.7898
 10
-9.1562
 20
0.7988
 10
-9.1527
 20
0.8077
 10
-9.1492
 20
0.8167
 10
-9.1456
 20
0.8256
 10
-9.142
 20
0.8345
 10
-9.1383
 20
0.8434
 10
-9.1346
 20
0.8523
 10
-9.1309
 20
0.8611
 10
-9.1271
 20
0.87
 10
-9.1233
 20
0.8788
 10
-9.1194
 20
0.8876
 10
-9.1155
 20
0.8964
 10
-9.1116
 20
0.9052
 10
-9.1076
 20
0.9139
 10
-9.1036
 20
0.9227
 10
-9.0996
 20
0.9314
 10
-9.0955
 20
0.9401
 10
-9.0914
 20
0.9488
 10
-9.0872
 20
0.9575
 10
-9.083
 20
0.9661
 10
-9.0788
 20
0.9748
 10
-9.0745
 20
0.9834
 10
-9.0702
 20
0.992
 10
-9.0659
 20
1.0005
 10
-9.0615
 20
1.0091
 10
-9.0571
 20
1.0176
 10
-9.0526
 20
1.0262
 10
-9.0481
 20
1.0347
 10
-9.0436
 20
1.0431
 10
-9.039
 20
1.0516
 10
-9.0344
 20
1.06
 10
-9.0298
 20
1.0685
 10
-9.0251
 20
1.0769
 10
-9.0204
 20
1.0852
 10
-9.0156
 20
1.0936
 10
-9.0108
 20
1.1019
 10
-9.006
 20
1.1103
 10
-9.0011
 20
1.1186
 10
-8.9962
 20
1.1268
 10
-8.9913
 20
1.1351
 10
-8.9863
 20
1.1433
 10
-8.9813
 20
1.1515
 10
-8.9763
 20
1.1597
 10
-8.9712
 20
1.1679
 10
-8.9661
 20
1.176
 10
-8.9609
 20
1.1841
 10
-8.9557
 20
1.1922
 10
-8.9505
 20
1.2003
 10
-8.9453
 20
1.2084
 10
-8.94
 20
1.2164
 10
-8.9347
 20
1.2244
 10
-8.9293
 20
1.2324
 10
-8.9239
 20
1.2404
 10
-8.9185
 20
1.2483
 10
-8.913
 20
1.2562
 10
-8.9075
 20
1.2641
 10
-8.902
 20
1.272
 10
-8.8964
 20
1.2798
 10
-8.8908
 20
1.2876
 10
-8.8852
 20
1.2954
 10
-8.8795
 20
1.3032
 10
-8.8738
 20
1.3109
 10
-8.8681
 20
1.3186
 10
-8.8623
 20
1.3263
 10
-8.8565
 20
1.334
 10
-8.8507
 20
1.3416
 10
-8.8448
 20
1.3493
 10
-8.8389
 20
1.3568
 10
-8.8329
 20
1.3644
 10
-8.827
 20
1.3719
 10
-8.821
 20
1.3795
 10
-8.8149
 20
1.3869
 10
-8.8089
 20
1.3944
 10
-8.8028
 20
1.4018
 10
-8.7966
 20
1.4092
 10
-8.7905
 20
1.4166
 10
-8.7843
 20
1.424
 10
-8.778
 20
1.4313
 10
-8.7718
 20
1.4386
 10
-8.7655
 20
1.4459
 10
-8.7592
 20
1.4531
 10
-8.7528
 20
1.4603
 10
-8.7464
 20
1.4675
 10
-8.74
 20
1.4747
 10
-8.7336
 20
1.4818
 10
-8.7271
 20
1.4889
 10
-8.7206
 20
1.496
 10
-8.714
 20
1.503
 10
-8.7074
 20
1.5101
 10
-8.7008
 20
1.5171
 10
-8.6942
 20
1.524
 10
-8.6875
 20
1.5309
 10
-8.6808
 20
1.5378
 10
-8.6741
 20
1.5447
 10
-8.6674
 20
1.5516
 10
-8.6606
 20
1.5584
 10
-8.6538
 20
1.5652
 10
-8.6469
 20
1.5719
 10
-8.64
 20
1.5786
 10
-8.6331
 20
1.5853
 10
-8.6262
 20
1.592
 10
-8.6193
 20
1.5986
 10
-8.6123
 20
1.6052
 10
-8.6052
 20
1.6118
 10
-8.5982
 20
1.6184
 10
-8.5911
 20
1.6249
 10
-8.584
 20
1.6314
 10
-8.5769
 20
1.6378
 10
-8.5697
 20
1.6442
 10
-8.5625
 20
1.6506
 10
-8.5553
 20
1.657
 10
-8.5481
 20
1.6633
 10
-8.5408
 20
1.6696
 10
-8.5335
 20
1.6758
 10
-8.5262
 20
1.6821
 10
-8.5188
 20
1.6883
 10
-8.5114
 20
1.6944
 10
-8.504
 20
1.7006
 10
-8.4966
 20
1.7067
 10
-8.4891
 20
1.7127
 10
-8.4817
 20
1.7188
 10
-8.4741
 20
1.7248
 10
-8.4666
 20
1.7307
 10
-8.459
 20
1.7367
 10
-8.4515
 20
1.7426
 10
-8.4438
 20
1.7485
 10
-8.4362
 20
1.7543
 10
-8.4285
 20
1.7601
 10
-8.4208
 20
1.7659
 10
-8.4131
 20
1.7716
 10
-8.4054
 20
1.7773
 10
-8.3976
 20
1.783
 10
-8.3898
 20
1.7886
 10
-8.382
 20
1.7942
 10
-8.3742
 20
1.7998
 10
-8.3663
 20
1.8053
 10
-8.3584
 20
1.8108
 10
-8.3505
 20
1.8163
 10
-8.3426
 20
1.8217
 10
-8.3346
 20
1.8271
 10
-8.3266
 20
1.8325
 10
-8.3186
 20
1.8378
 10
-8.3106
 20
1.8431
 10
-8.3025
 20
1.8483
 10
-8.2944
 20
1.8535
 10
-8.2863
 20
1.8587
 10
-8.2782
 20
1.8639
 10
-8.2701
 20
1.869
 10
-8.2619
 20
1.8741
 10
-8.2537
 20
1.8791
 10
-8.2455
 20
1.8841
 10
-8.2373
 20
1.8891
 10
-8.229
 20
1.894
 10
-8.2208
 20
1.8989
 10
-8.2125
 20
1.9038
 10
-8.2041
 20
1.9086
 10
-8.1958
 20
1.9134
 10
-8.1874
 20
1.9182
 10
-8.1791
 20
1.9229
 10
-8.1707
 20
1.9276
 10
-8.1622
 20
1.9322
 10
-8.1538
 20
1.9368
 10
-8.1453
 20
1.9414
 10
-8.1369
 20
1.9459
 10
-8.1284
 20
1.9504
 10
-8.1198
 20
1.9549
 10
-8.1113
 20
1.9593
 10
-8.1027
 20
1.9637
 10
-8.0942
 20
1.968
 10
-8.0856
 20
1.9723
 10
-8.077
 20
1.9766
 10
-8.0683
 20
1.9808
 10
-8.0597
 20
1.985
 10
-8.051
 20
1.9892
 10
-8.0423
 20
1.9933
 10
-8.0336
 20
1.9974
 10
-8.0249
 20
2.0014
 10
-8.0161
 20
2.0054
 10
-8.0074
 20
2.0094
 10
-7.9986
 20
2.0133
 10
-7.9898
 20
2.0172
 10
-7.981
 20
2.0211
 10
-7.9722
 20
2.0249
 10
-7.9633
 20
2.0287
 10
-7.9545
 20
2.0324
 10
-7.9456
 20
2.0361
 10
-7.9367
 20
2.0398
 10
-7.9278
 20
2.0434
 10
-7.9189
 20
2.047
 10
-7.9099
 20
2.0505
 10
-7.901
 20
2.054
 10
-7.892
 20
2.0575
 10
-7.883
 20
2.0609
 10
-7.874
 20
2.0643
 10
-7.865
 20
2.0677
 10
-7.856
 20
2.071
 10
-7.8469
 20
2.0742
 10
-7.8379
 20
2.0775
 10
-7.8288
 20
2.0807
 10
-7.8197
 20
2.0838
 10
-7.8106
 20
2.0869
 10
-7.8015
 20
2.09
 10
-7.7924
 20
2.093
 10
-7.7832
 20
2.096
 10
-7.7741
 20
2.099
 10
-7.7649
 20
2.1019
 10
-7.7557
 20
2.1047
 10
-7.7466
 20
2.1076
 10
-7.7373
 20
2.1104
 10
-7.7281
 20
2.1131
 10
-7.7189
 20
2.1158
 10
-7.7097
 20
2.1185
 10
-7.7004
 20
2.1211
 10
-7.6912
 20
2.1237
 10
-7.6819
 20
2.1263
 10
-7.6726
 20
2.1288
 10
-7.6633
 20
2.1313
 10
-7.654
 20
2.1337
 10
-7.6447
 20
2.1361
 10
-7.6354
 20
2.1384
 10
-7.626
 20
2.1407
 10
-7.6167
 20
2.143
 10
-7.6073
 20
2.1452
 10
-7.598
 20
2.1474
 10
-7.5886
 20
2.1495
 10
-7.5792
 20
2.1516
 10
-7.5698
 20
2.1537
 10
-7.5604
 20
2.1557
 10
-7.551
 20
2.1577
 10
-7.5416
 20
2.1596
 10
-7.5322
 20
2.1615
 10
-7.5227
 20
2.1634
 10
-7.5133
 20
2.1652
 10
-7.5038
 20
2.167
 10
-7.4944
 20
2.1687
 10
-7.4849
 20
2.1704
 10
-7.4754
 20
2.172
 10
-7.4659
 20
2.1737
 10
-7.4565
 20
2.1752
 10
-7.447
 20
2.1767
 10
-7.4375
 20
2.1782
 10
-7.428
 20
2.1797
 10
-7.4184
 20
2.1811
 10
-7.4089
 20
2.1824
 10
-7.3994
 20
2.1837
 10
-7.3899
 20
2.185
 10
-7.3803
 20
2.1863
 10
-7.3708
 20
2.1875
 10
-7.3612
 20
2.1886
 10
-7.3517
 20
2.1897
 10
-7.3421
 20
2.1908
 10
-7.3326
 20
2.1918
 10
-7.323
 20
2.1928
 10
-7.3134
 20
2.1937
 10
-7.3039
 20
2.1946
 10
-7.2943
 20
2.1955
 10
-7.2847
 20
2.1963
 10
-7.2751
 20
2.1971
 10
-7.2655
 20
2.1978
 10
-7.2559
 20
2.1985
 10
-7.2463
 20
2.1992
 10
-7.2367
 20
2.1998
 10
-7.2271
 20
2.2003
 10
-7.2175
 20
2.2009
 10
-7.2079
 20
2.2013
 10
-7.1983
 20
2.2018
 10
-7.1887
 20
2.2022
 10
-7.1791
 20
2.2025
 10
-7.1695
 20
2.2029
 10
-7.1599
 20
2.2031
 10
-7.1503
 20
2.2034
 10
-7.1407
 20
2.2035
 10
-7.131
 20
2.2037
 10
-7.1214
 20
2.2038
 10
-7.1118
 20
2.2039
 10
-7.1022
 20
2.2039
 10
-7.0926
 20
2.2039
 10
-7.083
 20
2.2038
 10
-7.0734
 20
2.2037
 10
-7.0637
 20
2.2035
 10
-7.0541
 20
2.2034
 10
-7.0445
 20
2.2031
 10
-7.0349
 20
2.2029
 10
-7.0253
 20
2.2025
 10
-7.0157
 20
2.2022
 10
-7.0061
 20
2.2018
 10
-6.9965
 20
2.2013
 10
-6.9869
 20
2.2009
 10
-6.9773
 20
2.2003
 10
-6.9677
 20
2.1998
 10
-6.9581
 20
2.1992
 10
-6.9485
 20
2.1985
 10
-6.9389
 20
2.1978
 10
-6.9293
 20
2.1971
 10
-6.9197
 20
2.1963
 10
-6.9101
 20
2.1955
 10
-6.9005
 20
2.1946
 10
-6.891
 20
2.1937
 10
-6.8814
 20
2.1928
 10
-6.8718
 20
2.1918
 10
-6.8623
 20
2.1908
 10
-6.8527
 20
2.1897
 10
-6.8432
 20
2.1886
 10
-6.8336
 20
2.1875
 10
-6.8241
 20
2.1863
 10
-6.8145
 20
2.185
 10
-6.805
 20
2.1837
 10
-6.7955
 20
2.1824
 10
-6.786
 20
2.1811
 10
-6.7764
 20
2.1797
 10
-6.7669
 20
2.1782
 10
-6.7574
 20
2.1767
 10
-6.7479
 20
2.1752
 10
-6.7385
 20
2.1737
 10
-6.729
 20
2.172
 10
-6.7195
 20
2.1704
 10
-6.71
 20
2.1687
 10
-6.7006
 20
2.167
 10
-6.6911
 20
2.1652
 10
-6.6817
 20
2.1634
 10
-6.6722
 20
2.1615
 10
-6.6628
 20
2.1596
 10
-6.6534
 20
2.1577
 10
-6.644
 20
2.1557
 10
-6.6346
 20
2.1537
 10
-6.6252
 20
2.1516
 10
-6.6158
 20
2.1495
 10
-6.6064
 20
2.1474
 10
-6.5971
 20
2.1452
 10
-6.5877
 20
2.143
 10
-6.5784
 20
2.1407
 10
-6.569
 20
2.1384
 10
-6.5597
 20
2.1361
 10
-6.5504
 20
2.1337
 10
-6.5411
 20
2.1313
 10
-6.5318
 20
2.1288
 10
-6.5225
 20
2.1263
 10
-6.5132
 20
2.1237
 10
-6.504
 20
2.1211
 10
-6.4947
 20
2.1185
 10
-6.4855
 20
2.1158
 10
-6.4763
 20
2.1131
 10
-6.4671
 20
2.1104
 10
-6.4578
 20
2.1076
 10
-6.4487
 20
2.1047
 10
-6.4395
 20
2.1019
 10
-6.4303
 20
2.099
 10
-6.4212
 20
2.096
 10
-6.412
 20
2.093
 10
-6.4029
 20
2.09
 10
-6.3938
 20
2.0869
 10
-6.3847
 20
2.0838
 10
-6.3756
 20
2.0807
 10
-6.3665
 20
2.0775
 10
-6.3575
 20
2.0742
 10
-6.3484
 20
2.071
 10
-6.3394
 20
2.0677
 10
-6.3304
 20
2.0643
 10
-6.3214
 20
2.0609
 10
-6.3124
 20
2.0575
 10
-6.3034
 20
2.054
 10
-6.2945
 20
2.0505
 10
-6.2855
 20
2.047
 10
-6.2766
 20
2.0434
 10
-6.2677
 20
2.0398
 10
-6.2588
 20
2.0361
 10
-6.2499
 20
2.0324
 10
-6.2411
 20
2.0287
 10
-6.2322
 20
2.0249
 10
-6.2234
 20
2.0211
 10
-6.2146
 20
2.0172
 10
-6.2058
 20
2.0133
 10
-6.197
 20
2.0094
 10
-6.1883
 20
2.0054
 10
-6.1795
 20
2.0014
 10
-6.1708
 20
1.9974
 10
-6.1621
 20
1.9933
 10
-6.1534
 20
1.9892
 10
-6.1447
 20
1.985
 10
-6.1361
 20
1.9808
 10
-6.1274
 20
1.9766
 10
-6.1188
 20
1.9723
 10
-6.1102
 20
1.968
 10
-6.1017
 20
1.9637
 10
-6.0931
 20
1.9593
 10
-6.0846
 20
1.9549
 10
-6.076
 20
1.9504
 10
-6.0675
 20
1.9459
 10
-6.0591
 20
1.9414
 10
-6.0506
 20
1.9368
 10
-6.0422
 20
1.9322
 10
-6.0337
 20
1.9276
 10
-6.0253
 20
1.9229
 10
-6.017
 20
1.9182
 10
-6.0086
 20
1.9134
 10
-6.0003
 20
1.9086
 10
-5.9919
 20
1.9038
 10
-5.9836
 20
1.8989
 10
-5.9754
 20
1.894
 10
-5.9671
 20
1.8891
 10
-5.9589
 20
1.8841
 10
-5.9507
 20
1.8791
 10
-5.9425
 20
1.8741
 10
-5.9343
 20
1.869
 10
-5.9262
 20
1.8639
 10
-5.9181
 20
1.8587
 10
-5.91
 20
1.8535
 10
-5.9019
 20
1.8483
 10
-5.8938
 20
1.8431
 10
-5.8858
 20
1.8378
 10
-5.8778
 20
1.8325
 10
-5.8698
 20
1.8271
 10
-5.8618
 20
1.8217
 10
-5.8539
 20
1.8163
 10
-5.846
 20
1.8108
 10
-5.8381
 20
1.8053
 10
-5.8302
 20
1.7998
 10
-5.8224
 20
1.7942
 10
-5.8146
 20
1.7886
 10
-5.8068
 20
1.783
 10
-5.799
 20
1.7773
 10
-5.7913
 20
1.7716
 10
-5.7836
 20
1.7659
 10
-5.7759
 20
1.7601
 10
-5.7682
 20
1.7543
 10
-5.7606
 20
1.7485
 10
-5.7529
 20
1.7426
 10
-5.7454
 20
1.7367
 10
-5.7378
 20
1.7307
 10
-5.7303
 20
1.7248
 10
-5.7227
 20
1.7188
 10
-5.7153
 20
1.7127
 10
-5.7078
 20
1.7067
 10
-5.7004
 20
1.7006
 10
-5.693
 20
1.6944
 10
-5.6856
 20
1.6883
 10
-5.6782
 20
1.6821
 10
-5.6709
 20
1.6758
 10
-5.6636
 20
1.6696
 10
-5.6563
 20
1.6633
 10
-5.6491
 20
1.657
 10
-5.6419
 20
1.6506
 10
-5.6347
 20
1.6442
 10
-5.6275
 20
1.6378
 10
-5.6204
 20
1.6314
 10
-5.6133
 20
1.6249
 10
-5.6062
 20
1.6184
 10
-5.5992
 20
1.6118
 10
-5.5921
 20
1.6052
 10
-5.5851
 20
1.5986
 10
-5.5782
 20
1.592
 10
-5.5713
 20
1.5853
 10
-5.5644
 20
1.5786
 10
-5.5575
 20
1.5719
 10
-5.5506
 20
1.5652
 10
-5.5438
 20
1.5584
 10
-5.537
 20
1.5516
 10
-5.5303
 20
1.5447
 10
-5.5236
 20
1.5378
 10
-5.5169
 20
1.5309
 10
-5.5102
 20
1.524
 10
-5.5036
 20
1.5171
 10
-5.497
 20
1.5101
 10
-5.4904
 20
1.503
 10
-5.4838
 20
1.496
 10
-5.4773
 20
1.4889
 10
-5.4708
 20
1.4818
 10
-5.4644
 20
1.4747
 10
-5.458
 20
1.4675
 10
-5.4516
 20
1.4603
 10
-5.4452
 20
1.4531
 10
-5.4389
 20
1.4459
 10
-5.4326
 20
1.4386
 10
-5.4264
 20
1.4313
 10
-5.4201
 20
1.424
 10
-5.4139
 20
1.4166
 10
-5.4078
 20
1.4092
 10
-5.4016
 20
1.4018
 10
-5.3955
 20
1.3944
 10
-5.3895
 20
1.3869
 10
-5.3834
 20
1.3795
 10
-5.3774
 20
1.3719
 10
-5.3715
 20
1.3644
 10
-5.3655
 20
1.3568
 10
-5.3596
 20
1.3493
 10
-5.3537
 20
1.3416
 10
-5.3479
 20
1.334
 10
-5.3421
 20
1.3263
 10
-5.3363
 20
1.3186
 10
-5.3306
 20
1.3109
 10
-5.3249
 20
1.3032
 10
-5.3192
 20
1.2954
 10
-5.3136
 20
1.2876
 10
-5.308
 20
1.2798
 10
-5.3024
 20
1.272
 10
-5.2969
 20
1.2641
 10
-5.2914
 20
1.2562
 10
-5.2859
 20
1.2483
 10
-5.2805
 20
1.2404
 10
-5.2751
 20
1.2324
 10
-5.2697
 20
1.2244
 10
-5.2644
 20
1.2164
 10
-5.2591
 20
1.2084
 10
-5.2539
 20
1.2003
 10
-5.2487
 20
1.1922
 10
-5.2435
 20
1.1841
 10
-5.2383
 20
1.176
 10
-5.2332
 20
1.1679
 10
-5.2281
 20
1.1597
 10
-5.2231
 20
1.1515
 10
-5.2181
 20
1.1433
 10
-5.2131
 20
1.1351
 10
-5.2082
 20
1.1268
 10
-5.2033
 20
1.1186
 10
-5.1984
 20
1.1103
 10
-5.1936
 20
1.1019
 10
-5.1888
 20
1.0936
 10
-5.184
 20
1.0852
 10
-5.1793
 20
1.0769
 10
-5.1746
 20
1.0685
 10
-5.17
 20
1.06
 10
-5.1654
 20
1.0516
 10
-5.1608
 20
1.0431
 10
-5.1563
 20
1.0347
 10
-5.1518
 20
1.0262
 10
-5.1473
 20
1.0176
 10
-5.1429
 20
1.0091
 10
-5.1385
 20
1.0005
 10
-5.1342
 20
0.992
 10
-5.1299
 20
0.9834
 10
-5.1256
 20
0.9748
 10
-5.1214
 20
0.9661
 10
-5.1172
 20
0.9575
 10
-5.113
 20
0.9488
 10
-5.1089
 20
0.9401
 10
-5.1048
 20
0.9314
 10
-5.1008
 20
0.9227
 10
-5.0968
 20
0.9139
 10
-5.0928
 20
0.9052
 10
-5.0889
 20
0.8964
 10
-5.085
 20
0.8876
 10
-5.0811
 20
0.8788
 10
-5.0773
 20
0.87
 10
-5.0735
 20
0.8611
 10
-5.0698
 20
0.8523
 10
-5.0661
 20
0.8434
 10
-5.0624
 20
0.8345
 10
-5.0588
 20
0.8256
 10
-5.0552
 20
0.8167
 10
-5.0517
 20
0.8077
 10
-5.0482
 20
0.7988
 10
-5.0447
 20
0.7898
 10
-5.0413
 20
0.7808
 10
-5.0379
 20
0.7718
 10
-5.0345
 20
0.7628
 10
-5.0312
 20
0.7538
 10
-5.028
 20
0.7447
 10
-5.0247
 20
0.7357
 10
-5.0215
 20
0.7266
 10
-5.0184
 20
0.7175
 10
-5.0153
 20
0.7084
 10
-5.0122
 20
0.6993
 10
-5.0092
 20
0.6902
 10
-5.0062
 20
0.681
 10
-5.0032
 20
0.6719
 10
-5.0003
 20
0.6627
 10
-4.9975
 20
0.6535
 10
-4.9946
 20
0.6444
 10
-4.9918
 20
0.6351
 10
-4.9891
 20
0.6259
 10
-4.9864
 20
0.6167
 10
-4.9837
 20
0.6075
 10
-4.9811
 20
0.5982
 10
-4.9785
 20
0.589
 10
-4.9759
 20
0.5797
 10
-4.9734
 20
0.5704
 10
-4.9709
 20
0.5611
 10
-4.9685
 20
0.5518
 10
-4.9661
 20
0.5425
 10
-4.9638
 20
0.5332
 10
-4.9615
 20
0.5238
 10
-4.9592
 20
0.5145
 10
-4.957
 20
0.5051
 10
-4.9548
 20
0.4958
 10
-4.9527
 20
0.4864
 10
-4.9506
 20
0.477
 10
-4.9485
 20
0.4676
 10
-4.9465
 20
0.4582
 10
-4.9445
 20
0.4488
 10
-4.9426
 20
0.4394
 10
-4.9407
 20
0.43
 10
-4.9388
 20
0.4205
 10
-4.937
 20
0.4111
 10
-4.9352
 20
0.4016
 10
-4.9335
 20
0.3922
 10
-4.9318
 20
0.3827
 10
-4.9302
 20
0.3732
 10
-4.9285
 20
0.3637
 10
-4.927
 20
0.3543
 10
-4.9255
 20
0.3448
 10
-4.924
 20
0.3353
 10
-4.9225
 20
0.3258
 10
-4.9211
 20
0.3162
 10
-4.9198
 20
0.3067
 10
-4.9185
 20
0.2972
 10
-4.9172
 20
0.2877
 10
-4.9159
 20
0.2781
 10
-4.9147
 20
0.2686
 10
-4.9136
 20
0.259
 10
-4.9125
 20
0.2495
 10
-4.9114
 20
0.2399
 10
-4.9104
 20
0.2304
 10
-4.9094
 20
0.2208
 10
-4.9085
 20
0.2112
 10
-4.9076
 20
0.2017
 10
-4.9067
 20
0.1921
 10
-4.9059
 20
0.1825
 10
-4.9051
 20
0.1729
 10
-4.9044
 20
0.1633
 10
-4.9037
 20
0.1537
 10
-4.903
 20
0.1441
 10
-4.9024
 20
0.1345
 10
-4.9019
 20
0.1249
 10
-4.9013
 20
0.1153
 10
-4.9009
 20
0.1057
 10
-4.9004
 20
0.0961
 10
-4.9
 20
0.0865
 10
-4.8997
 20
0.0769
 10
-4.8993
 20
0.0673
 10
-4.8991
 20
0.0577
 10
-4.8988
 20
0.0481
 10
-4.8987
 20
0.0385
 10
-4.8985
 20
0.0288
 10
-4.8984
 20
0.0192
 10
-4.8983
 20
0.0096
 10
-4.8983
 20
0.0
 10
-4.8983
 20
-0.0096
 10
-4.8984
 20
-0.0192
 10
-4.8985
 20
-0.0288
 10
-4.8987
 20
-0.0385
 10
-4.8988
 20
-0.0481
 10
-4.8991
 20
-0.0577
 10
-4.8993
 20
-0.0673
 10
-4.8997
 20
-0.0769
 10
-4.9
 20
-0.0865
 10
-4.9004
 20
-0.0961
 10
-4.9009
 20
-0.1057
 10
-4.9013
 20
-0.1153
 10
-4.9019
 20
-0.1249
 10
-4.9024
 20
-0.1345
  0
LWPOLYLINE
  5
AC
330
17
100
AcDbEntity
  8
ALTIN
100
AcDbPolyline
 90
1440
 70
1
 10
-5.0527
 20
0.1343
 10
-5.0533
 20
0.1433
 10
-5.054
 20
0.1522
 10
-5.0547
 20
0.1611
 10
-5.0554
 20
0.1701
 10
-5.0561
 20
0.179
 10
-5.0569
 20
0.1879
 10
-5.0578
 20
0.1969
 10
-5.0587
 20
0.2058
 10
-5.0596
 20
0.2147
 10
-5.0605
 20
0.2236
 10
-5.0615
 20
0.2325
 10
-5.0626
 20
0.2414
 10
-5.0636
 20
0.2503
 10
-5.0647
 20
0.2592
 10
-5.0659
 20
0.2681
 10
-5.0671
 20
0.277
 10
-5.0683
 20
0.2858
 10
-5.0696
 20
0.2947
 10
-5.0709
 20
0.3036
 10
-5.0722
 20
0.3124
 10
-5.0736
 20
0.3213
 10
-5.075
 20
0.3301
 10
-5.0765
 20
0.339
 10
-5.078
 20
0.3478
 10
-5.0795
 20
0.3567
 10
-5.0811
 20
0.3655
 10
-5.0827
 20
0.3743
 10
-5.0844
 20
0.3831
 10
-5.0861
 20
0.3919
 10
-5.0878
 20
0.4007
 10
-5.0896
 20
0.4095
 10
-5.0914
 20
0.4183
 10
-5.0932
 20
0.427
 10
-5.0951
 20
0.4358
 10
-5.097
 20
0.4445
 10
-5.099
 20
0.4533
 10
-5.101
 20
0.462
 10
-5.103
 20
0.4708
 10
-5.1051
 20
0.4795
 10
-5.1072
 20
0.4882
 10
-5.1093
 20
0.4969
 10
-5.1115
 20
0.5056
 10
-5.1137
 20
0.5143
 10
-5.116
 20
0.5229
 10
-5.1183
 20
0.5316
 10
-5.1206
 20
0.5402
 10
-5.123
 20
0.5489
 10
-5.1254
 20
0.5575
 10
-5.1279
 20
0.5661
 10
-5.1304
 20
0.5747
 10
-5.1329
 20
0.5833
 10
-5.1355
 20
0.5919
 10
-5.1381
 20
0.6005
 10
-5.1407
 20
0.6091
 10
-5.1434
 20
0.6176
 10
-5.1461
 20
0.6262
 10
-5.1488
 20
0.6347
 10
-5.1516
 20
0.6432
 10
-5.1545
 20
0.6517
 10
-5.1573
 20
0.6602
 10
-5.1602
 20
0.6687
 10
-5.1632
 20
0.6771
 10
-5.1661
 20
0.6856
 10
-5.1691
 20
0.694
 10
-5.1722
 20
0.7025
 10
-5.1753
 20
0.7109
 10
-5.1784
 20
0.7193
 10
-5.1815
 20
0.7277
 10
-5.1847
 20
0.736
 10
-5.188
 20
0.7444
 10
-5.1912
 20
0.7527
 10
-5.1945
 20
0.7611
 10
-5.1979
 20
0.7694
 10
-5.2013
 20
0.7777
 10
-5.2047
 20
0.786
 10
-5.2081
 20
0.7943
 10
-5.2116
 20
0.8025
 10
-5.2151
 20
0.8108
 10
-5.2187
 20
0.819
 10
-5.2223
 20
0.8272
 10
-5.2259
 20
0.8354
 10
-5.2296
 20
0.8436
 10
-5.2332
 20
0.8517
 10
-5.237
 20
0.8599
 10
-5.2408
 20
0.868
 10
-5.2446
 20
0.8761
 10
-5.2484
 20
0.8842
 10
-5.2523
 20
0.8923
 10
-5.2562
 20
0.9004
 10
-5.2601
 20
0.9084
 10
-5.2641
 20
0.9164
 10
-5.2681
 20
0.9244
 10
-5.2722
 20
0.9324
 10
-5.2763
 20
0.9404
 10
-5.2804
 20
0.9484
 10
-5.2845
 20
0.9563
 10
-5.2887
 20
0.9642
 10
-5.293
 20
0.9721
 10
-5.2972
 20
0.98
 10
-5.3015
 20
0.9879
 10
-5.3058
 20
0.9957
 10
-5.3102
 20
1.0036
 10
-5.3146
 20
1.0114
 10
-5.319
 20
1.0192
 10
-5.3235
 20
1.0269
 10
-5.328
 20
1.0347
 10
-5.3325
 20
1.0424
 10
-5.3371
 20
1.0501
 10
-5.3417
 20
1.0578
 10
-5.3463
 20
1.0655
 10
-5.351
 20
1.0731
 10
-5.3557
 20
1.0808
 10
-5.3604
 20
1.0884
 10
-5.3652
 20
1.096
 10
-5.37
 20
1.1035
 10
-5.3748
 20
1.1111
 10
-5.3797
 20
1.1186
 10
-5.3846
 20
1.1261
 10
-5.3895
 20
1.1336
 10
-5.3945
 20
1.1411
 10
-5.3995
 20
1.1485
 10
-5.4045
 20
1.1559
 10
-5.4095
 20
1.1633
 10
-5.4146
 20
1.1707
 10
-5.4198
 20
1.1781
 10
-5.4249
 20
1.1854
 10
-5.4301
 20
1.1927
 10
-5.4353
 20
1.2
 10
-5.4406
 20
1.2072
 10
-5.4459
 20
1.2145
 10
-5.4512
 20
1.2217
 10
-5.4565
 20
1.2289
 10
-5.4619
 20
1.2361
 10
-5.4673
 20
1.2432
 10
-5.4727
 20
1.2503
 10
-5.4782
 20
1.2574
 10
-5.4837
 20
1.2645
 10
-5.4893
 20
1.2715
 10
-5.4948
 20
1.2786
 10
-5.5004
 20
1.2856
 10
-5.506
 20
1.2925
 10
-5.5117
 20
1.2995
 10
-5.5174
 20
1.3064
 10
-5.5231
 20
1.3133
 10
-5.5288
 20
1.3202
 10
-5.5346
 20
1.3271
 10
-5.5404
 20
1.3339
 10
-5.5463
 20
1.3407
 10
-5.5521
 20
1.3475
 10
-5.558
 20
1.3542
 10
-5.5639
 20
1.3609
 10
-5.5699
 20
1.3676
 10
-5.5759
 20
1.3743
 10
-5.5819
 20
1.381
 10
-5.5879
 20
1.3876
 10
-5.594
 20
1.3942
 10
-5.6001
 20
1.4007
 10
-5.6062
 20
1.4073
 10
-5.6124
 20
1.4138
 10
-5.6186
 20
1.4203
 10
-5.6248
 20
1.4267
 10
-5.631
 20
1.4332
 10
-5.6373
 20
1.4396
 10
-5.6436
 20
1.446
 10
-5.6499
 20
1.4523
 10
-5.6562
 20
1.4586
 10
-5.6626
 20
1.4649
 10
-5.669
 20
1.4712
 10
-5.6755
 20
1.4774
 10
-5.6819
 20
1.4836
 10
-5.6884
 20
1.4898
 10
-5.6949
 20
1.496
 10
-5.7015
 20
1.5021
 10
-5.708
 20
1.5082
 10
-5.7146
 20
1.5143
 10
-5.7212
 20
1.5203
 10
-5.7279
 20
1.5263
 10
-5.7346
 20
1.5323
 10
-5.7413
 20
1.5383
 10
-5.748
 20
1.5442
 10
-5.7547
 20
1.5501
 10
-5.7615
 20
1.5559
 10
-5.7683
 20
1.5618
 10
-5.7751
 20
1.5676
 10
-5.782
 20
1.5734
 10
-5.7889
 20
1.5791
 10
-5.7958
 20
1.5848
 10
-5.8027
 20
1.5905
 10
-5.8097
 20
1.5962
 10
-5.8166
 20
1.6018
 10
-5.8236
 20
1.6074
 10
-5.8307
 20
1.6129
 10
-5.8377
 20
1.6185
 10
-5.8448
 20
1.624
 10
-5.8519
 20
1.6295
 10
-5.859
 20
1.6349
 10
-5.8661
 20
1.6403
 10
-5.8733
 20
1.6457
 10
-5.8805
 20
1.651
 10
-5.8877
 20
1.6563
 10
-5.895
 20
1.6616
 10
-5.9022
 20
1.6669
 10
-5.9095
 20
1.6721
 10
-5.9168
 20
1.6773
 10
-5.9241
 20
1.6824
 10
-5.9315
 20
1.6876
 10
-5.9389
 20
1.6927
 10
-5.9463
 20
1.6977
 10
-5.9537
 20
1.7027
 10
-5.9611
 20
1.7077
 10
-5.9686
 20
1.7127
 10
-5.9761
 20
1.7176
 10
-5.9836
 20
1.7225
 10
-5.9911
 20
1.7274
 10
-5.9987
 20
1.7322
 10
-6.0062
 20
1.737
 10
-6.0138
 20
1.7418
 10
-6.0214
 20
1.7465
 10
-6.0291
 20
1.7512
 10
-6.0367
 20
1.7559
 10
-6.0444
 20
1.7605
 10
-6.0521
 20
1.7651
 10
-6.0598
 20
1.7697
 10
-6.0675
 20
1.7742
 10
-6.0753
 20
1.7787
 10
-6.083
 20
1.7832
 10
-6.0908
 20
1.7876
 10
-6.0986
 20
1.792
 10
-6.1065
 20
1.7964
 10
-6.1143
 20
1.8007
 10
-6.1222
 20
1.805
 10
-6.1301
 20
1.8092
 10
-6.138
 20
1.8135
 10
-6.1459
 20
1.8177
 10
-6.1538
 20
1.8218
 10
-6.1618
 20
1.8259
 10
-6.1698
 20
1.83
 10
-6.1778
 20
1.8341
 10
-6.1858
 20
1.8381
 10
-6.1938
 20
1.8421
 10
-6.2018
 20
1.846
 10
-6.2099
 20
1.8499
 10
-6.218
 20
1.8538
 10
-6.2261
 20
1.8576
 10
-6.2342
 20
1.8614
 10
-6.2423
 20
1.8652
 10
-6.2505
 20
1.869
 10
-6.2586
 20
1.8726
 10
-6.2668
 20
1.8763
 10
-6.275
 20
1.8799
 10
-6.2832
 20
1.8835
 10
-6.2914
 20
1.8871
 10
-6.2997
 20
1.8906
 10
-6.3079
 20
1.8941
 10
-6.3162
 20
1.8975
 10
-6.3245
 20
1.9009
 10
-6.3328
 20
1.9043
 10
-6.3411
 20
1.9077
 10
-6.3495
 20
1.911
 10
-6.3578
 20
1.9142
 10
-6.3662
 20
1.9175
 10
-6.3745
 20
1.9207
 10
-6.3829
 20
1.9238
 10
-6.3913
 20
1.9269
 10
-6.3997
 20
1.93
 10
-6.4082
 20
1.9331
 10
-6.4166
 20
1.9361
 10
-6.4251
 20
1.939
 10
-6.4335
 20
1.942
 10
-6.442
 20
1.9449
 10
-6.4505
 20
1.9477
 10
-6.459
 20
1.9506
 10
-6.4675
 20
1.9534
 10
-6.476
 20
1.9561
 10
-6.4846
 20
1.9588
 10
-6.4931
 20
1.9615
 10
-6.5017
 20
1.9641
 10
-6.5103
 20
1.9667
 10
-6.5189
 20
1.9693
 10
-6.5275
 20
1.9718
 10
-6.5361
 20
1.9743
 10
-6.5447
 20
1.9768
 10
-6.5533
 20
1.9792
 10
-6.562
 20
1.9816
 10
-6.5706
 20
1.9839
 10
-6.5793
 20
1.9862
 10
-6.5879
 20
1.9885
 10
-6.5966
 20
1.9907
 10
-6.6053
 20
1.9929
 10
-6.614
 20
1.995
 10
-6.6227
 20
1.9971
 10
-6.6314
 20
1.9992
 10
-6.6402
 20
2.0012
 10
-6.6489
 20
2.0032
 10
-6.6577
 20
2.0052
 10
-6.6664
 20
2.0071
 10
-6.6752
 20
2.009
 10
-6.6839
 20
2.0108
 10
-6.6927
 20
2.0126
 10
-6.7015
 20
2.0144
 10
-6.7103
 20
2.0161
 10
-6.7191
 20
2.0178
 10
-6.7279
 20
2.0195
 10
-6.7367
 20
2.0211
 10
-6.7455
 20
2.0227
 10
-6.7544
 20
2.0242
 10
-6.7632
 20
2.0257
 10
-6.7721
 20
2.0272
 10
-6.7809
 20
2.0286
 10
-6.7898
 20
2.03
 10
-6.7986
 20
2.0313
 10
-6.8075
 20
2.0326
 10
-6.8164
 20
2.0339
 10
-6.8252
 20
2.0351
 10
-6.8341
 20
2.0363
 10
-6.843
 20
2.0375
 10
-6.8519
 20
2.0386
 10
-6.8608
 20
2.0396
 10
-6.8697
 20
2.0407
 10
-6.8786
 20
2.0417
 10
-6.8875
 20
2.0426
 10
-6.8964
 20
2.0435
 10
-6.9053
 20
2.0444
 10
-6.9143
 20
2.0453
 10
-6.9232
 20
2.0461
 10
-6.9321
 20
2.0468
 10
-6.9411
 20
2.0475
 10
-6.95
 20
2.0482
 10
-6.9589
 20
2.0489
 10
-6.9679
 20
2.0495
 10
-6.9768
 20
2.05
 10
-6.9858
 20
2.0506
 10
-6.9947
 20
2.0511
 10
-7.0037
 20
2.0515
 10
-7.0126
 20
2.0519
 10
-7.0216
 20
2.0523
 10
-7.0305
 20
2.0526
 10
-7.0395
 20
2.0529
 10
-7.0484
 20
2.0532
 10
-7.0574
 20
2.0534
 10
-7.0664
 20
2.0536
 10
-7.0753
 20
2.0537
 10
-7.0843
 20
2.0538
 10
-7.0932
 20
2.0539
 10
-7.1022
 20
2.0539
 10
-7.1112
 20
2.0539
 10
-7.1201
 20
2.0538
 10
-7.1291
 20
2.0537
 10
-7.138
 20
2.0536
 10
-7.147
 20
2.0534
 10
-7.156
 20
2.0532
 10
-7.1649
 20
2.0529
 10
-7.1739
 20
2.0526
 10
-7.1828
 20
2.0523
 10
-7.1918
 20
2.0519
 10
-7.2007
 20
2.0515
 10
-7.2097
 20
2.0511
 10
-7.2186
 20
2.0506
 10
-7.2276
 20
2.05
 10
-7.2365
 20
2.0495
 10
-7.2455
 20
2.0489
 10
-7.2544
 20
2.0482
 10
-7.2633
 20
2.0475
 10
-7.2723
 20
2.0468
 10
-7.2812
 20
2.0461
 10
-7.2901
 20
2.0453
 10
-7.2991
 20
2.0444
 10
-7.308
 20
2.0435
 10
-7.3169
 20
2.0426
 10
-7.3258
 20
2.0417
 10
-7.3347
 20
2.0407
 10
-7.3436
 20
2.0396
 10
-7.3525
 20
2.0386
 10
-7.3614
 20
2.0375
 10
-7.3703
 20
2.0363
 10
-7.3792
 20
2.0351
 10
-7.388
 20
2.0339
 10
-7.3969
 20
2.0326
 10
-7.4058
 20
2.0313
 10
-7.4146
 20
2.03
 10
-7.4235
 20
2.0286
 10
-7.4323
 20
2.0272
 10
-7.4412
 20
2.0257
 10
-7.45
 20
2.0242
 10
-7.4589
 20
2.0227
 10
-7.4677
 20
2.0211
 10
-7.4765
 20
2.0195
 10
-7.4853
 20
2.0178
 10
-7.4941
 20
2.0161
 10
-7.5029
 20
2.0144
 10
-7.5117
 20
2.0126
 10
-7.5205
 20
2.0108
 10
-7.5292
 20
2.009
 10
-7.538
 20
2.0071
 10
-7.5467
 20
2.0052
 10
-7.5555
 20
2.0032
 10
-7.5642
 20
2.0012
 10
-7.573
 20
1.9992
 10
-7.5817
 20
1.9971
 10
-7.5904
 20
1.995
 10
-7.5991
 20
1.9929
 10
-7.6078
 20
1.9907
 10
-7.6165
 20
1.9885
 10
-7.6251
 20
1.9862
 10
-7.6338
 20
1.9839
 10
-7.6424
 20
1.9816
 10
-7.6511
 20
1.9792
 10
-7.6597
 20
1.9768
 10
-7.6683
 20
1.9743
 10
-7.6769
 20
1.9718
 10
-7.6855
 20
1.9693
 10
-7.6941
 20
1.9667
 10
-7.7027
 20
1.9641
 10
-7.7113
 20
1.9615
 10
-7.7198
 20
1.9588
 10
-7.7284
 20
1.9561
 10
-7.7369
 20
1.9534
 10
-7.7454
 20
1.9506
 10
-7.7539
 20
1.9477
 10
-7.7624
 20
1.9449
 10
-7.7709
 20
1.942
 10
-7.7793
 20
1.939
 10
-7.7878
 20
1.9361
 10
-7.7962
 20
1.9331
 10
-7.8047
 20
1.93
 10
-7.8131
 20
1.9269
 10
-7.8215
 20
1.9238
 10
-7.8299
 20
1.9207
 10
-7.8382
 20
1.9175
 10
-7.8466
 20
1.9142
 10
-7.8549
 20
1.911
 10
-7.8633
 20
1.9077
 10
-7.8716
 20
1.9043
 10
-7.8799
 20
1.9009
 10
-7.8882
 20
1.8975
 10
-7.8965
 20
1.8941
 10
-7.9047
 20
1.8906
 10
-7.913
 20
1.8871
 10
-7.9212
 20
1.8835
 10
-7.9294
 20
1.8799
 10
-7.9376
 20
1.8763
 10
-7.9458
 20
1.8726
 10
-7.9539
 20
1.869
 10
-7.9621
 20
1.8652
 10
-7.9702
 20
1.8614
 10
-7.9783
 20
1.8576
 10
-7.9864
 20
1.8538
 10
-7.9945
 20
1.8499
 10
-8.0026
 20
1.846
 10
-8.0106
 20
1.8421
 10
-8.0186
 20
1.8381
 10
-8.0266
 20
1.8341
 10
-8.0346
 20
1.83
 10
-8.0426
 20
1.8259
 10
-8.0506
 20
1.8218
 10
-8.0585
 20
1.8177
 10
-8.0664
 20
1.8135
 10
-8.0743
 20
1.8092
 10
-8.0822
 20
1.805
 10
-8.0901
 20
1.8007
 10
-8.0979
 20
1.7964
 10
-8.1058
 20
1.792
 10
-8.1136
 20
1.7876
 10
-8.1214
 20
1.7832
 10
-8.1291
 20
1.7787
 10
-8.1369
 20
1.7742
 10
-8.1446
 20
1.7697
 10
-8.1523
 20
1.7651
 10
-8.16
 20
1.7605
 10
-8.1677
 20
1.7559
 10
-8.1753
 20
1.7512
 10
-8.183
 20
1.7465
 10
-8.1906
 20
1.7418
 10
-8.1982
 20
1.737
 10
-8.2057
 20
1.7322
 10
-8.2133
 20
1.7274
 10
-8.2208
 20
1.7225
 10
-8.2283
 20
1.7176
 10
-8.2358
 20
1.7127
 10
-8.2433
 20
1.7077
 10
-8.2507
 20
1.7027
 10
-8.2581
 20
1.6977
 10
-8.2655
 20
1.6927
 10
-8.2729
 20
1.6876
 10
-8.2803
 20
1.6824
 10
-8.2876
 20
1.6773
 10
-8.2949
 20
1.6721
 10
-8.3022
 20
1.6669
 10
-8.3094
 20
1.6616
 10
-8.3167
 20
1.6563
 10
-8.3239
 20
1.651
 10
-8.3311
 20
1.6457
 10
-8.3383
 20
1.6403
 10
-8.3454
 20
1.6349
 10
-8.3525
 20
1.6295
 10
-8.3596
 20
1.624
 10
-8.3667
 20
1.6185
 10
-8.3737
 20
1.6129
 10
-8.3808
 20
1.6074
 10
-8.3878
 20
1.6018
 10
-8.3947
 20
1.5962
 10
-8.4017
 20
1.5905
 10
-8.4086
 20
1.5848
 10
-8.4155
 20
1.5791
 10
-8.4224
 20
1.5734
 10
-8.4293
 20
1.5676
 10
-8.4361
 20
1.5618
 10
-8.4429
 20
1.5559
 10
-8.4497
 20
1.5501
 10
-8.4564
 20
1.5442
 10
-8.4631
 20
1.5383
 10
-8.4698
 20
1.5323
 10
-8.4765
 20
1.5263
 10
-8.4832
 20
1.5203
 10
-8.4898
 20
1.5143
 10
-8.4964
 20
1.5082
 10
-8.5029
 20
1.5021
 10
-8.5095
 20
1.496
 10
-8.516
 20
1.4898
 10
-8.5225
 20
1.4836
 10
-8.5289
 20
1.4774
 10
-8.5354
 20
1.4712
 10
-8.5418
 20
1.4649
 10
-8.5482
 20
1.4586
 10
-8.5545
 20
1.4523
 10
-8.5608
 20
1.446
 10
-8.5671
 20
1.4396
 10
-8.5734
 20
1.4332
 10
-8.5796
 20
1.4267
 10
-8.5858
 20
1.4203
 10
-8.592
 20
1.4138
 10
-8.5982
 20
1.4073
 10
-8.6043
 20
1.4007
 10
-8.6104
 20
1.3942
 10
-8.6165
 20
1.3876
 10
-8.6225
 20
1.381
 10
-8.6285
 20
1.3743
 10
-8.6345
 20
1.3676
 10
-8.6405
 20
1.3609
 10
-8.6464
 20
1.3542
 10
-8.6523
 20
1.3475
 10
-8.6581
 20
1.3407
 10
-8.664
 20
1.3339
 10
-8.6698
 20
1.3271
 10
-8.6756
 20
1.3202
 10
-8.6813
 20
1.3133
 10
-8.687
 20
1.3064
 10
-8.6927
 20
1.2995
 10
-8.6984
 20
1.2925
 10
-8.704
 20
1.2856
 10
-8.7096
 20
1.2786
 10
-8.7151
 20
1.2715
 10
-8.7207
 20
1.2645
 10
-8.7262
 20
1.2574
 10
-8.7317
 20
1.2503
 10
-8.7371
 20
1.2432
 10
-8.7425
 20
1.2361
 10
-8.7479
 20
1.2289
 10
-8.7532
 20
1.2217
 10
-8.7585
 20
1.2145
 10
-8.7638
 20
1.2072
 10
-8.7691
 20
1.2
 10
-8.7743
 20
1.1927
 10
-8.7795
 20
1.1854
 10
-8.7846
 20
1.1781
 10
-8.7898
 20
1.1707
 10
-8.7949
 20
1.1633
 10
-8.7999
 20
1.1559
 10
-8.8049
 20
1.1485
 10
-8.8099
 20
1.1411
 10
-8.8149
 20
1.1336
 10
-8.8198
 20
1.1261
 10
-8.8247
 20
1.1186
 10
-8.8296
 20
1.1111
 10
-8.8344
 20
1.1035
 10
-8.8392
 20
1.096
 10
-8.844
 20
1.0884
 10
-8.8487
 20
1.0808
 10
-8.8534
 20
1.0731
 10
-8.8581
 20
1.0655
 10
-8.8627
 20
1.0578
 10
-8.8673
 20
1.0501
 10
-8.8719
 20
1.0424
 10
-8.8764
 20
1.0347
 10
-8.8809
 20
1.0269
 10
-8.8854
 20
1.0192
 10
-8.8898
 20
1.0114
 10
-8.8942
 20
1.0036
 10
-8.8986
 20
0.9957
 10
-8.9029
 20
0.9879
 10
-8.9072
 20
0.98
 10
-8.9114
 20
0.9721
 10
-8.9157
 20
0.9642
 10
-8.9199
 20
0.9563
 10
-8.924
 20
0.9484
 10
-8.9281
 20
0.9404
 10
-8.9322
 20
0.9324
 10
-8.9363
 20
0.9244
 10
-8.9403
 20
0.9164
 10
-8.9443
 20
0.9084
 10
-8.9482
 20
0.9004
 10
-8.9521
 20
0.8923
 10
-8.956
 20
0.8842
 10
-8.9598
 20
0.8761
 10
-8.9636
 20
0.868
 10
-8.9674
 20
0.8599
 10
-8.9712
 20
0.8517
 10
-8.9748
 20
0.8436
 10
-8.9785
 20
0.8354
 10
-8.9821
 20
0.8272
 10
-8.9857
 20
0.819
 10
-8.9893
 20
0.8108
 10
-8.9928
 20
0.8025
 10
-8.9963
 20
0.7943
 10
-8.9997
 20
0.786
 10
-9.0031
 20
0.7777
 10
-9.0065
 20
0.7694
 10
-9.0099
 20
0.7611
 10
-9.0132
 20
0.7527
 10
-9.0164
 20
0.7444
 10
-9.0197
 20
0.736
 10
-9.0229
 20
0.7277
 10
-9.026
 20
0.7193
 10
-9.0291
 20
0.7109
 10
-9.0322
 20
0.7025
 10
-9.0353
 20
0.694
 10
-9.0383
 20
0.6856
 10
-9.0412
 20
0.6771
 10
-9.0442
 20
0.6687
 10
-9.0471
 20
0.6602
 10
-9.0499
 20
0.6517
 10
-9.0528
 20
0.6432
 10
-9.0556
 20
0.6347
 10
-9.0583
 20
0.6262
 10
-9.061
 20
0.6176
 10
-9.0637
 20
0.6091
 10
-9.0663
 20
0.6005
 10
-9.0689
 20
0.5919
 10
-9.0715
 20
0.5833
 10
-9.074
 20
0.5747
 10
-9.0765
 20
0.5661
 10
-9.079
 20
0.5575
 10
-9.0814
 20
0.5489
 10
-9.0838
 20
0.5402
 10
-9.0861
 20
0.5316
 10
-9.0884
 20
0.5229
 10
-9.0907
 20
0.5143
 10
-9.0929
 20
0.5056
 10
-9.0951
 20
0.4969
 10
-9.0972
 20
0.4882
 10
-9.0993
 20
0.4795
 10
-9.1014
 20
0.4708
 10
-9.1034
 20
0.462
 10
-9.1054
 20
0.4533
 10
-9.1074
 20
0.4445
 10
-9.1093
 20
0.4358
 10
-9.1112
 20
0.427
 10
-9.113
 20
0.4183
 10
-9.1148
 20
0.4095
 10
-9.1166
 20
0.4007
 10
-9.1183
 20
0.3919
 10
-9.12
 20
0.3831
 10
-9.1217
 20
0.3743
 10
-9.1233
 20
0.3655
 10
-9.1249
 20
0.3567
 10
-9.1264
 20
0.3478
 10
-9.1279
 20
0.339
 10
-9.1294
 20
0.3301
 10
-9.1308
 20
0.3213
 10
-9.1322
 20
0.3124
 10
-9.1335
 20
0.3036
 10
-9.1348
 20
0.2947
 10
-9.1361
 20
0.2858
 10
-9.1373
 20
0.277
 10
-9.1385
 20
0.2681
 10
-9.1397
 20
0.2592
 10
-9.1408
 20
0.2503
 10
-9.1418
 20
0.2414
 10
-9.1429
 20
0.2325
 10
-9.1439
 20
0.2236
 10
-9.1448
 20
0.2147
 10
-9.1457
 20
0.2058
 10
-9.1466
 20
0.1969
 10
-9.1475
 20
0.1879
 10
-9.1483
 20
0.179
 10
-9.149
 20
0.1701
 10
-9.1497
 20
0.1611
 10
-9.1504
 20
0.1522
 10
-9.1511
 20
0.1433
 10
-9.1517
 20
0.1343
 10
-9.1522
 20
0.1254
 10
-9.1528
 20
0.1164
 10
-9.1533
 20
0.1075
 10
-9.1537
 20
0.0985
 10
-9.1541
 20
0.0896
 10
-9.1545
 20
0.0806
 10
-9.1548
 20
0.0717
 10
-9.1551
 20
0.0627
 10
-9.1554
 20
0.0538
 10
-9.1556
 20
0.0448
 10
-9.1558
 20
0.0358
 10
-9.1559
 20
0.0269
 10
-9.156
 20
0.0179
 10
-9.1561
 20
0.009
 10
-9.1561
 20
0.0
 10
-9.1561
 20
-0.009
 10
-9.156
 20
-0.0179
 10
-9.1559
 20
-0.0269
 10
-9.1558
 20
-0.0358
 10
-9.1556
 20
-0.0448
 10
-9.1554
 20
-0.0538
 10
-9.1551
 20
-0.0627
 10
-9.1548
 20
-0.0717
 10
-9.1545
 20
-0.0806
 10
-9.1541
 20
-0.0896
 10
-9.1537
 20
-0.0985
 10
-9.1533
 20
-0.1075
 10
-9.1528
 20
-0.1164
 10
-9.1522
 20
-0.1254
 10
-9.1517
 20
-0.1343
 10
-9.1511
 20
-0.1433
 10
-9.1504
 20
-0.1522
 10
-9.1497
 20
-0.1611
 10
-9.149
 20
-0.1701
 10
-9.1483
 20
-0.179
 10
-9.1475
 20
-0.1879
 10
-9.1466
 20
-0.1969
 10
-9.1457
 20
-0.2058
 10
-9.1448
 20
-0.2147
 10
-9.1439
 20
-0.2236
 10
-9.1429
 20
-0.2325
 10
-9.1418
 20
-0.2414
 10
-9.1408
 20
-0.2503
 10
-9.1397
 20
-0.2592
 10
-9.1385
 20
-0.2681
 10
-9.1373
 20
-0.277
 10
-9.1361
 20
-0.2858
 10
-9.1348
 20
-0.2947
 10
-9.1335
 20
-0.3036
 10
-9.1322
 20
-0.3124
 10
-9.1308
 20
-0.3213
 10
-9.1294
 20
-0.3301
 10
-9.1279
 20
-0.339
 10
-9.1264
 20
-0.3478
 10
-9.1249
 20
-0.3567
 10
-9.1233
 20
-0.3655
 10
-9.1217
 20
-0.3743
 10
-9.12
 20
-0.3831
 10
-9.1183
 20
-0.3919
 10
-9.1166
 20
-0.4007
 10
-9.1148
 20
-0.4095
 10
-9.113
 20
-0.4183
 10
-9.1112
 20
-0.427
 10
-9.1093
 20
-0.4358
 10
-9.1074
 20
-0.4445
 10
-9.1054
 20
-0.4533
 10
-9.1034
 20
-0.462
 10
-9.1014
 20
-0.4708
 10
-9.0993
 20
-0.4795
 10
-9.0972
 20
-0.4882
 10
-9.0951
 20
-0.4969
 10
-9.0929
 20
-0.5056
 10
-9.0907
 20
-0.5143
 10
-9.0884
 20
-0.5229
 10
-9.0861
 20
-0.5316
 10
-9.0838
 20
-0.5402
 10
-9.0814
 20
-0.5489
 10
-9.079
 20
-0.5575
 10
-9.0765
 20
-0.5661
 10
-9.074
 20
-0.5747
 10
-9.0715
 20
-0.5833
 10
-9.0689
 20
-0.5919
 10
-9.0663
 20
-0.6005
 10
-9.0637
 20
-0.6091
 10
-9.061
 20
-0.6176
 10
-9.0583
 20
-0.6262
 10
-9.0556
 20
-0.6347
 10
-9.0528
 20
-0.6432
 10
-9.0499
 20
-0.6517
 10
-9.0471
 20
-0.6602
 10
-9.0442
 20
-0.6687
 10
-9.0412
 20
-0.6771
 10
-9.0383
 20
-0.6856
 10
-9.0353
 20
-0.694
 10
-9.0322
 20
-0.7025
 10
-9.0291
 20
-0.7109
 10
-9.026
 20
-0.7193
 10
-9.0229
 20
-0.7277
 10
-9.0197
 20
-0.736
 10
-9.0164
 20
-0.7444
 10
-9.0132
 20
-0.7527
 10
-9.0099
 20
-0.7611
 10
-9.0065
 20
-0.7694
 10
-9.0031
 20
-0.7777
 10
-8.9997
 20
-0.786
 10
-8.9963
 20
-0.7943
 10
-8.9928
 20
-0.8025
 10
-8.9893
 20
-0.8108
 10
-8.9857
 20
-0.819
 10
-8.9821
 20
-0.8272
 10
-8.9785
 20
-0.8354
 10
-8.9748
 20
-0.8436
 10
-8.9712
 20
-0.8517
 10
-8.9674
 20
-0.8599
 10
-8.9636
 20
-0.868
 10
-8.9598
 20
-0.8761
 10
-8.956
 20
-0.8842
 10
-8.9521
 20
-0.8923
 10
-8.9482
 20
-0.9004
 10
-8.9443
 20
-0.9084
 10
-8.9403
 20
-0.9164
 10
-8.9363
 20
-0.9244
 10
-8.9322
 20
-0.9324
 10
-8.9281
 20
-0.9404
 10
-8.924
 20
-0.9484
 10
-8.9199
 20
-0.9563
 10
-8.9157
 20
-0.9642
 10
-8.9114
 20
-0.9721
 10
-8.9072
 20
-0.98
 10
-8.9029
 20
-0.9879
 10
-8.8986
 20
-0.9957
 10
-8.8942
 20
-1.0036
 10
-8.8898
 20
-1.0114
 10
-8.8854
 20
-1.0192
 10
-8.8809
 20
-1.0269
 10
-8.8764
 20
-1.0347
 10
-8.8719
 20
-1.0424
 10
-8.8673
 20
-1.0501
 10
-8.8627
 20
-1.0578
 10
-8.8581
 20
-1.0655
 10
-8.8534
 20
-1.0731
 10
-8.8487
 20
-1.0808
 10
-8.844
 20
-1.0884
 10
-8.8392
 20
-1.096
 10
-8.8344
 20
-1.1035
 10
-8.8296
 20
-1.1111
 10
-8.8247
 20
-1.1186
 10
-8.8198
 20
-1.1261
 10
-8.8149
 20
-1.1336
 10
-8.8099
 20
-1.1411
 10
-8.8049
 20
-1.1485
 10
-8.7999
 20
-1.1559
 10
-8.7949
 20
-1.1633
 10
-8.7898
 20
-1.1707
 10
-8.7846
 20
-1.1781
 10
-8.7795
 20
-1.1854
 10
-8.7743
 20
-1.1927
 10
-8.7691
 20
-1.2
 10
-8.7638
 20
-1.2072
 10
-8.7585
 20
-1.2145
 10
-8.7532
 20
-1.2217
 10
-8.7479
 20
-1.2289
 10
-8.7425
 20
-1.2361
 10
-8.7371
 20
-1.2432
 10
-8.7317
 20
-1.2503
 10
-8.7262
 20
-1.2574
 10
-8.7207
 20
-1.2645
 10
-8.7151
 20
-1.2715
 10
-8.7096
 20
-1.2786
 10
-8.704
 20
-1.2856
 10
-8.6984
 20
-1.2925
 10
-8.6927
 20
-1.2995
 10
-8.687
 20
-1.3064
 10
-8.6813
 20
-1.3133
 10
-8.6756
 20
-1.3202
 10
-8.6698
 20
-1.3271
 10
-8.664
 20
-1.3339
 10
-8.6581
 20
-1.3407
 10
-8.6523
 20
-1.3475
 10
-8.6464
 20
-1.3542
 10
-8.6405
 20
-1.3609
 10
-8.6345
 20
-1.3676
 10
-8.6285
 20
-1.3743
 10
-8.6225
 20
-1.381
 10
-8.6165
 20
-1.3876
 10
-8.6104
 20
-1.3942
 10
-8.6043
 20
-1.4007
 10
-8.5982
 20
-1.4073
 10
-8.592
 20
-1.4138
 10
-8.5858
 20
-1.4203
 10
-8.5796
 20
-1.4267
 10
-8.5734
 20
-1.4332
 10
-8.5671
 20
-1.4396
 10
-8.5608
 20
-1.446
 10
-8.5545
 20
-1.4523
 10
-8.5482
 20
-1.4586
 10
-8.5418
 20
-1.4649
 10
-8.5354
 20
-1.4712
 10
-8.5289
 20
-1.4774
 10
-8.5225
 20
-1.4836
 10
-8.516
 20
-1.4898
 10
-8.5095
 20
-1.496
 10
-8.5029
 20
-1.5021
 10
-8.4964
 20
-1.5082
 10
-8.4898
 20
-1.5143
 10
-8.4832
 20
-1.5203
 10
-8.4765
 20
-1.5263
 10
-8.4698
 20
-1.5323
 10
-8.4631
 20
-1.5383
 10
-8.4564
 20
-1.5442
 10
-8.4497
 20
-1.5501
 10
-8.4429
 20
-1.5559
 10
-8.4361
 20
-1.5618
 10
-8.4293
 20
-1.5676
 10
-8.4224
 20
-1.5734
 10
-8.4155
 20
-1.5791
 10
-8.4086
 20
-1.5848
 10
-8.4017
 20
-1.5905
 10
-8.3947
 20
-1.5962
 10
-8.3878
 20
-1.6018
 10
-8.3808
 20
-1.6074
 10
-8.3737
 20
-1.6129
 10
-8.3667
 20
-1.6185
 10
-8.3596
 20
-1.624
 10
-8.3525
 20
-1.6295
 10
-8.3454
 20
-1.6349
 10
-8.3383
 20
-1.6403
 10
-8.3311
 20
-1.6457
 10
-8.3239
 20
-1.651
 10
-8.3167
 20
-1.6563
 10
-8.3094
 20
-1.6616
 10
-8.3022
 20
-1.6669
 10
-8.2949
 20
-1.6721
 10
-8.2876
 20
-1.6773
 10
-8.2803
 20
-1.6824
 10
-8.2729
 20
-1.6876
 10
-8.2655
 20
-1.6927
 10
-8.2581
 20
-1.6977
 10
-8.2507
 20
-1.7027
 10
-8.2433
 20
-1.7077
 10
-8.2358
 20
-1.7127
 10
-8.2283
 20
-1.7176
 10
-8.2208
 20
-1.7225
 10
-8.2133
 20
-1.7274
 10
-8.2057
 20
-1.7322
 10
-8.1982
 20
-1.737
 10
-8.1906
 20
-1.7418
 10
-8.183
 20
-1.7465
 10
-8.1753
 20
-1.7512
 10
-8.1677
 20
-1.7559
 10
-8.16
 20
-1.7605
 10
-8.1523
 20
-1.7651
 10
-8.1446
 20
-1.7697
 10
-8.1369
 20
-1.7742
 10
-8.1291
 20
-1.7787
 10
-8.1214
 20
-1.7832
 10
-8.1136
 20
-1.7876
 10
-8.1058
 20
-1.792
 10
-8.0979
 20
-1.7964
 10
-8.0901
 20
-1.8007
 10
-8.0822
 20
-1.805
 10
-8.0743
 20
-1.8092
 10
-8.0664
 20
-1.8135
 10
-8.0585
 20
-1.8177
 10
-8.0506
 20
-1.8218
 10
-8.0426
 20
-1.8259
 10
-8.0346
 20
-1.83
 10
-8.0266
 20
-1.8341
 10
-8.0186
 20
-1.8381
 10
-8.0106
 20
-1.8421
 10
-8.0026
 20
-1.846
 10
-7.9945
 20
-1.8499
 10
-7.9864
 20
-1.8538
 10
-7.9783
 20
-1.8576
 10
-7.9702
 20
-1.8614
 10
-7.9621
 20
-1.8652
 10
-7.9539
 20
-1.869
 10
-7.9458
 20
-1.8726
 10
-7.9376
 20
-1.8763
 10
-7.9294
 20
-1.8799
 10
-7.9212
 20
-1.8835
 10
-7.913
 20
-1.8871
 10
-7.9047
 20
-1.8906
 10
-7.8965
 20
-1.8941
 10
-7.8882
 20
-1.8975
 10
-7.8799
 20
-1.9009
 10
-7.8716
 20
-1.9043
 10
-7.8633
 20
-1.9077
 10
-7.8549
 20
-1.911
 10
-7.8466
 20
-1.9142
 10
-7.8382
 20
-1.9175
 10
-7.8299
 20
-1.9207
 10
-7.8215
 20
-1.9238
 10
-7.8131
 20
-1.9269
 10
-7.8047
 20
-1.93
 10
-7.7962
 20
-1.9331
 10
-7.7878
 20
-1.9361
 10
-7.7793
 20
-1.939
 10
-7.7709
 20
-1.942
 10
-7.7624
 20
-1.9449
 10
-7.7539
 20
-1.9477
 10
-7.7454
 20
-1.9506
 10
-7.7369
 20
-1.9534
 10
-7.7284
 20
-1.9561
 10
-7.7198
 20
-1.9588
 10
-7.7113
 20
-1.9615
 10
-7.7027
 20
-1.9641
 10
-7.6941
 20
-1.9667
 10
-7.6855
 20
-1.9693
 10
-7.6769
 20
-1.9718
 10
-7.6683
 20
-1.9743
 10
-7.6597
 20
-1.9768
 10
-7.6511
 20
-1.9792
 10
-7.6424
 20
-1.9816
 10
-7.6338
 20
-1.9839
 10
-7.6251
 20
-1.9862
 10
-7.6165
 20
-1.9885
 10
-7.6078
 20
-1.9907
 10
-7.5991
 20
-1.9929
 10
-7.5904
 20
-1.995
 10
-7.5817
 20
-1.9971
 10
-7.573
 20
-1.9992
 10
-7.5642
 20
-2.0012
 10
-7.5555
 20
-2.0032
 10
-7.5467
 20
-2.0052
 10
-7.538
 20
-2.0071
 10
-7.5292
 20
-2.009
 10
-7.5205
 20
-2.0108
 10
-7.5117
 20
-2.0126
 10
-7.5029
 20
-2.0144
 10
-7.4941
 20
-2.0161
 10
-7.4853
 20
-2.0178
 10
-7.4765
 20
-2.0195
 10
-7.4677
 20
-2.0211
 10
-7.4589
 20
-2.0227
 10
-7.45
 20
-2.0242
 10
-7.4412
 20
-2.0257
 10
-7.4323
 20
-2.0272
 10
-7.4235
 20
-2.0286
 10
-7.4146
 20
-2.03
 10
-7.4058
 20
-2.0313
 10
-7.3969
 20
-2.0326
 10
-7.388
 20
-2.0339
 10
-7.3792
 20
-2.0351
 10
-7.3703
 20
-2.0363
 10
-7.3614
 20
-2.0375
 10
-7.3525
 20
-2.0386
 10
-7.3436
 20
-2.0396
 10
-7.3347
 20
-2.0407
 10
-7.3258
 20
-2.0417
 10
-7.3169
 20
-2.0426
 10
-7.308
 20
-2.0435
 10
-7.2991
 20
-2.0444
 10
-7.2901
 20
-2.0453
 10
-7.2812
 20
-2.0461
 10
-7.2723
 20
-2.0468
 10
-7.2633
 20
-2.0475
 10
-7.2544
 20
-2.0482
 10
-7.2455
 20
-2.0489
 10
-7.2365
 20
-2.0495
 10
-7.2276
 20
-2.05
 10
-7.2186
 20
-2.0506
 10
-7.2097
 20
-2.0511
 10
-7.2007
 20
-2.0515
 10
-7.1918
 20
-2.0519
 10
-7.1828
 20
-2.0523
 10
-7.1739
 20
-2.0526
 10
-7.1649
 20
-2.0529
 10
-7.156
 20
-2.0532
 10
-7.147
 20
-2.0534
 10
-7.138
 20
-2.0536
 10
-7.1291
 20
-2.0537
 10
-7.1201
 20
-2.0538
 10
-7.1112
 20
-2.0539
 10
-7.1022
 20
-2.0539
 10
-7.0932
 20
-2.0539
 10
-7.0843
 20
-2.0538
 10
-7.0753
 20
-2.0537
 10
-7.0664
 20
-2.0536
 10
-7.0574
 20
-2.0534
 10
-7.0484
 20
-2.0532
 10
-7.0395
 20
-2.0529
 10
-7.0305
 20
-2.0526
 10
-7.0216
 20
-2.0523
 10
-7.0126
 20
-2.0519
 10
-7.0037
 20
-2.0515
 10
-6.9947
 20
-2.0511
 10
-6.9858
 20
-2.0506
 10
-6.9768
 20
-2.05
 10
-6.9679
 20
-2.0495
 10
-6.9589
 20
-2.0489
 10
-6.95
 20
-2.0482
 10
-6.9411
 20
-2.0475
 10
-6.9321
 20
-2.0468
 10
-6.9232
 20
-2.0461
 10
-6.9143
 20
-2.0453
 10
-6.9053
 20
-2.0444
 10
-6.8964
 20
-2.0435
 10
-6.8875
 20
-2.0426
 10
-6.8786
 20
-2.0417
 10
-6.8697
 20
-2.0407
 10
-6.8608
 20
-2.0396
 10
-6.8519
 20
-2.0386
 10
-6.843
 20
-2.0375
 10
-6.8341
 20
-2.0363
 10
-6.8252
 20
-2.0351
 10
-6.8164
 20
-2.0339
 10
-6.8075
 20
-2.0326
 10
-6.7986
 20
-2.0313
 10
-6.7898
 20
-2.03
 10
-6.7809
 20
-2.0286
 10
-6.7721
 20
-2.0272
 10
-6.7632
 20
-2.0257
 10
-6.7544
 20
-2.0242
 10
-6.7455
 20
-2.0227
 10
-6.7367
 20
-2.0211
 10
-6.7279
 20
-2.0195
 10
-6.7191
 20
-2.0178
 10
-6.7103
 20
-2.0161
 10
-6.7015
 20
-2.0144
 10
-6.6927
 20
-2.0126
 10
-6.6839
 20
-2.0108
 10
-6.6752
 20
-2.009
 10
-6.6664
 20
-2.0071
 10
-6.6577
 20
-2.0052
 10
-6.6489
 20
-2.0032
 10
-6.6402
 20
-2.0012
 10
-6.6314
 20
-1.9992
 10
-6.6227
 20
-1.9971
 10
-6.614
 20
-1.995
 10
-6.6053
 20
-1.9929
 10
-6.5966
 20
-1.9907
 10
-6.5879
 20
-1.9885
 10
-6.5793
 20
-1.9862
 10
-6.5706
 20
-1.9839
 10
-6.562
 20
-1.9816
 10
-6.5533
 20
-1.9792
 10
-6.5447
 20
-1.9768
 10
-6.5361
 20
-1.9743
 10
-6.5275
 20
-1.9718
 10
-6.5189
 20
-1.9693
 10
-6.5103
 20
-1.9667
 10
-6.5017
 20
-1.9641
 10
-6.4931
 20
-1.9615
 10
-6.4846
 20
-1.9588
 10
-6.476
 20
-1.9561
 10
-6.4675
 20
-1.9534
 10
-6.459
 20
-1.9506
 10
-6.4505
 20
-1.9477
 10
-6.442
 20
-1.9449
 10
-6.4335
 20
-1.942
 10
-6.4251
 20
-1.939
 10
-6.4166
 20
-1.9361
 10
-6.4082
 20
-1.9331
 10
-6.3997
 20
-1.93
 10
-6.3913
 20
-1.9269
 10
-6.3829
 20
-1.9238
 10
-6.3745
 20
-1.9207
 10
-6.3662
 20
-1.9175
 10
-6.3578
 20
-1.9142
 10
-6.3495
 20
-1.911
 10
-6.3411
 20
-1.9077
 10
-6.3328
 20
-1.9043
 10
-6.3245
 20
-1.9009
 10
-6.3162
 20
-1.8975
 10
-6.3079
 20
-1.8941
 10
-6.2997
 20
-1.8906
 10
-6.2914
 20
-1.8871
 10
-6.2832
 20
-1.8835
 10
-6.275
 20
-1.8799
 10
-6.2668
 20
-1.8763
 10
-6.2586
 20
-1.8726
 10
-6.2505
 20
-1.869
 10
-6.2423
 20
-1.8652
 10
-6.2342
 20
-1.8614
 10
-6.2261
 20
-1.8576
 10
-6.218
 20
-1.8538
 10
-6.2099
 20
-1.8499
 10
-6.2018
 20
-1.846
 10
-6.1938
 20
-1.8421
 10
-6.1858
 20
-1.8381
 10
-6.1778
 20
-1.8341
 10
-6.1698
 20
-1.83
 10
-6.1618
 20
-1.8259
 10
-6.1538
 20
-1.8218
 10
-6.1459
 20
-1.8177
 10
-6.138
 20
-1.8135
 10
-6.1301
 20
-1.8092
 10
-6.1222
 20
-1.805
 10
-6.1143
 20
-1.8007
 10
-6.1065
 20
-1.7964
 10
-6.0986
 20
-1.792
 10
-6.0908
 20
-1.7876
 10
-6.083
 20
-1.7832
 10
-6.0753
 20
-1.7787
 10
-6.0675
 20
-1.7742
 10
-6.0598
 20
-1.7697
 10
-6.0521
 20
-1.7651
 10
-6.0444
 20
-1.7605
 10
-6.0367
 20
-1.7559
 10
-6.0291
 20
-1.7512
 10
-6.0214
 20
-1.7465
 10
-6.0138
 20
-1.7418
 10
-6.0062
 20
-1.737
 10
-5.9987
 20
-1.7322
 10
-5.9911
 20
-1.7274
 10
-5.9836
 20
-1.7225
 10
-5.9761
 20
-1.7176
 10
-5.9686
 20
-1.7127
 10
-5.9611
 20
-1.7077
 10
-5.9537
 20
-1.7027
 10
-5.9463
 20
-1.6977
 10
-5.9389
 20
-1.6927
 10
-5.9315
 20
-1.6876
 10
-5.9241
 20
-1.6824
 10
-5.9168
 20
-1.6773
 10
-5.9095
 20
-1.6721
 10
-5.9022
 20
-1.6669
 10
-5.895
 20
-1.6616
 10
-5.8877
 20
-1.6563
 10
-5.8805
 20
-1.651
 10
-5.8733
 20
-1.6457
 10
-5.8661
 20
-1.6403
 10
-5.859
 20
-1.6349
 10
-5.8519
 20
-1.6295
 10
-5.8448
 20
-1.624
 10
-5.8377
 20
-1.6185
 10
-5.8307
 20
-1.6129
 10
-5.8236
 20
-1.6074
 10
-5.8166
 20
-1.6018
 10
-5.8097
 20
-1.5962
 10
-5.8027
 20
-1.5905
 10
-5.7958
 20
-1.5848
 10
-5.7889
 20
-1.5791
 10
-5.782
 20
-1.5734
 10
-5.7751
 20
-1.5676
 10
-5.7683
 20
-1.5618
 10
-5.7615
 20
-1.5559
 10
-5.7547
 20
-1.5501
 10
-5.748
 20
-1.5442
 10
-5.7413
 20
-1.5383
 10
-5.7346
 20
-1.5323
 10
-5.7279
 20
-1.5263
 10
-5.7212
 20
-1.5203
 10
-5.7146
 20
-1.5143
 10
-5.708
 20
-1.5082
 10
-5.7015
 20
-1.5021
 10
-5.6949
 20
-1.496
 10
-5.6884
 20
-1.4898
 10
-5.6819
 20
-1.4836
 10
-5.6755
 20
-1.4774
 10
-5.669
 20
-1.4712
 10
-5.6626
 20
-1.4649
 10
-5.6562
 20
-1.4586
 10
-5.6499
 20
-1.4523
 10
-5.6436
 20
-1.446
 10
-5.6373
 20
-1.4396
 10
-5.631
 20
-1.4332
 10
-5.6248
 20
-1.4267
 10
-5.6186
 20
-1.4203
 10
-5.6124
 20
-1.4138
 10
-5.6062
 20
-1.4073
 10
-5.6001
 20
-1.4007
 10
-5.594
 20
-1.3942
 10
-5.5879
 20
-1.3876
 10
-5.5819
 20
-1.381
 10
-5.5759
 20
-1.3743
 10
-5.5699
 20
-1.3676
 10
-5.5639
 20
-1.3609
 10
-5.558
 20
-1.3542
 10
-5.5521
 20
-1.3475
 10
-5.5463
 20
-1.3407
 10
-5.5404
 20
-1.3339
 10
-5.5346
 20
-1.3271
 10
-5.5288
 20
-1.3202
 10
-5.5231
 20
-1.3133
 10
-5.5174
 20
-1.3064
 10
-5.5117
 20
-1.2995
 10
-5.506
 20
-1.2925
 10
-5.5004
 20
-1.2856
 10
-5.4948
 20
-1.2786
 10
-5.4893
 20
-1.2715
 10
-5.4837
 20
-1.2645
 10
-5.4782
 20
-1.2574
 10
-5.4727
 20
-1.2503
 10
-5.4673
 20
-1.2432
 10
-5.4619
 20
-1.2361
 10
-5.4565
 20
-1.2289
 10
-5.4512
 20
-1.2217
 10
-5.4459
 20
-1.2145
 10
-5.4406
 20
-1.2072
 10
-5.4353
 20
-1.2
 10
-5.4301
 20
-1.1927
 10
-5.4249
 20
-1.1854
 10
-5.4198
 20
-1.1781
 10
-5.4146
 20
-1.1707
 10
-5.4095
 20
-1.1633
 10
-5.4045
 20
-1.1559
 10
-5.3995
 20
-1.1485
 10
-5.3945
 20
-1.1411
 10
-5.3895
 20
-1.1336
 10
-5.3846
 20
-1.1261
 10
-5.3797
 20
-1.1186
 10
-5.3748
 20
-1.1111
 10
-5.37
 20
-1.1035
 10
-5.3652
 20
-1.096
 10
-5.3604
 20
-1.0884
 10
-5.3557
 20
-1.0808
 10
-5.351
 20
-1.0731
 10
-5.3463
 20
-1.0655
 10
-5.3417
 20
-1.0578
 10
-5.3371
 20
-1.0501
 10
-5.3325
 20
-1.0424
 10
-5.328
 20
-1.0347
 10
-5.3235
 20
-1.0269
 10
-5.319
 20
-1.0192
 10
-5.3146
 20
-1.0114
 10
-5.3102
 20
-1.0036
 10
-5.3058
 20
-0.9957
 10
-5.3015
 20
-0.9879
 10
-5.2972
 20
-0.98
 10
-5.293
 20
-0.9721
 10
-5.2887
 20
-0.9642
 10
-5.2845
 20
-0.9563
 10
-5.2804
 20
-0.9484
 10
-5.2763
 20
-0.9404
 10
-5.2722
 20
-0.9324
 10
-5.2681
 20
-0.9244
 10
-5.2641
 20
-0.9164
 10
-5.2601
 20
-0.9084
 10
-5.2562
 20
-0.9004
 10
-5.2523
 20
-0.8923
 10
-5.2484
 20
-0.8842
 10
-5.2446
 20
-0.8761
 10
-5.2408
 20
-0.868
 10
-5.237
 20
-0.8599
 10
-5.2332
 20
-0.8517
 10
-5.2296
 20
-0.8436
 10
-5.2259
 20
-0.8354
 10
-5.2223
 20
-0.8272
 10
-5.2187
 20
-0.819
 10
-5.2151
 20
-0.8108
 10
-5.2116
 20
-0.8025
 10
-5.2081
 20
-0.7943
 10
-5.2047
 20
-0.786
 10
-5.2013
 20
-0.7777
 10
-5.1979
 20
-0.7694
 10
-5.1945
 20
-0.7611
 10
-5.1912
 20
-0.7527
 10
-5.188
 20
-0.7444
 10
-5.1847
 20
-0.736
 10
-5.1815
 20
-0.7277
 10
-5.1784
 20
-0.7193
 10
-5.1753
 20
-0.7109
 10
-5.1722
 20
-0.7025
 10
-5.1691
 20
-0.694
 10
-5.1661
 20
-0.6856
 10
-5.1632
 20
-0.6771
 10
-5.1602
 20
-0.6687
 10
-5.1573
 20
-0.6602
 10
-5.1545
 20
-0.6517
 10
-5.1516
 20
-0.6432
 10
-5.1488
 20
-0.6347
 10
-5.1461
 20
-0.6262
 10
-5.1434
 20
-0.6176
 10
-5.1407
 20
-0.6091
 10
-5.1381
 20
-0.6005
 10
-5.1355
 20
-0.5919
 10
-5.1329
 20
-0.5833
 10
-5.1304
 20
-0.5747
 10
-5.1279
 20
-0.5661
 10
-5.1254
 20
-0.5575
 10
-5.123
 20
-0.5489
 10
-5.1206
 20
-0.5402
 10
-5.1183
 20
-0.5316
 10
-5.116
 20
-0.5229
 10
-5.1137
 20
-0.5143
 10
-5.1115
 20
-0.5056
 10
-5.1093
 20
-0.4969
 10
-5.1072
 20
-0.4882
 10
-5.1051
 20
-0.4795
 10
-5.103
 20
-0.4708
 10
-5.101
 20
-0.462
 10
-5.099
 20
-0.4533
 10
-5.097
 20
-0.4445
 10
-5.0951
 20
-0.4358
 10
-5.0932
 20
-0.427
 10
-5.0914
 20
-0.4183
 10
-5.0896
 20
-0.4095
 10
-5.0878
 20
-0.4007
 10
-5.0861
 20
-0.3919
 10
-5.0844
 20
-0.3831
 10
-5.0827
 20
-0.3743
 10
-5.0811
 20
-0.3655
 10
-5.0795
 20
-0.3567
 10
-5.078
 20
-0.3478
 10
-5.0765
 20
-0.339
 10
-5.075
 20
-0.3301
 10
-5.0736
 20
-0.3213
 10
-5.0722
 20
-0.3124
 10
-5.0709
 20
-0.3036
 10
-5.0696
 20
-0.2947
 10
-5.0683
 20
-0.2858
 10
-5.0671
 20
-0.277
 10
-5.0659
 20
-0.2681
 10
-5.0647
 20
-0.2592
 10
-5.0636
 20
-0.2503
 10
-5.0626
 20
-0.2414
 10
-5.0615
 20
-0.2325
 10
-5.0605
 20
-0.2236
 10
-5.0596
 20
-0.2147
 10
-5.0587
 20
-0.2058
 10
-5.0578
 20
-0.1969
 10
-5.0569
 20
-0.1879
 10
-5.0561
 20
-0.179
 10
-5.0554
 20
-0.1701
 10
-5.0547
 20
-0.1611
 10
-5.054
 20
-0.1522
 10
-5.0533
 20
-0.1433
 10
-5.0527
 20
-0.1343
 10
-5.0522
 20
-0.1254
 10
-5.0516
 20
-0.1164
 10
-5.0511
 20
-0.1075
 10
-5.0507
 20
-0.0985
 10
-5.0503
 20
-0.0896
 10
-5.0499
 20
-0.0806
 10
-5.0496
 20
-0.0717
 10
-5.0493
 20
-0.0627
 10
-5.049
 20
-0.0538
 10
-5.0488
 20
-0.0448
 10
-5.0486
 20
-0.0358
 10
-5.0485
 20
-0.0269
 10
-5.0484
 20
-0.0179
 10
-5.0483
 20
-0.009
 10
-5.0483
 20
0.0
 10
-5.0483
 20
0.009
 10
-5.0484
 20
0.0179
 10
-5.0485
 20
0.0269
 10
-5.0486
 20
0.0358
 10
-5.0488
 20
0.0448
 10
-5.049
 20
0.0538
 10
-5.0493
 20
0.0627
 10
-5.0496
 20
0.0717
 10
-5.0499
 20
0.0806
 10
-5.0503
 20
0.0896
 10
-5.0507
 20
0.0985
 10
-5.0511
 20
0.1075
 10
-5.0516
 20
0.1164
 10
-5.0522
 20
0.1254
  0
LWPOLYLINE
  5
AD
330
17
100
AcDbEntity
  8
ALTIN
100
AcDbPolyline
 90
1440
 70
1
 10
-2.9272
 20
-0.2736
 10
-2.9284
 20
-0.2919
 10
-2.9297
 20
-0.3101
 10
-2.9311
 20
-0.3283
 10
-2.9326
 20
-0.3465
 10
-2.9341
 20
-0.3647
 10
-2.9358
 20
-0.3828
 10
-2.9375
 20
-0.401
 10
-2.9393
 20
-0.4192
 10
-2.9411
 20
-0.4373
 10
-2.9431
 20
-0.4555
 10
-2.9451
 20
-0.4736
 10
-2.9472
 20
-0.4918
 10
-2.9494
 20
-0.5099
 10
-2.9517
 20
-0.528
 10
-2.954
 20
-0.5461
 10
-2.9564
 20
-0.5642
 10
-2.9589
 20
-0.5823
 10
-2.9615
 20
-0.6004
 10
-2.9642
 20
-0.6184
 10
-2.9669
 20
-0.6365
 10
-2.9697
 20
-0.6545
 10
-2.9726
 20
-0.6725
 10
-2.9756
 20
-0.6906
 10
-2.9786
 20
-0.7086
 10
-2.9818
 20
-0.7265
 10
-2.985
 20
-0.7445
 10
-2.9883
 20
-0.7625
 10
-2.9916
 20
-0.7804
 10
-2.9951
 20
-0.7983
 10
-2.9986
 20
-0.8163
 10
-3.0022
 20
-0.8342
 10
-3.0059
 20
-0.852
 10
-3.0096
 20
-0.8699
 10
-3.0135
 20
-0.8878
 10
-3.0174
 20
-0.9056
 10
-3.0214
 20
-0.9234
 10
-3.0254
 20
-0.9412
 10
-3.0296
 20
-0.959
 10
-3.0338
 20
-0.9767
 10
-3.0381
 20
-0.9945
 10
-3.0425
 20
-1.0122
 10
-3.0469
 20
-1.0299
 10
-3.0515
 20
-1.0476
 10
-3.0561
 20
-1.0653
 10
-3.0608
 20
-1.0829
 10
-3.0655
 20
-1.1005
 10
-3.0704
 20
-1.1181
 10
-3.0753
 20
-1.1357
 10
-3.0803
 20
-1.1533
 10
-3.0854
 20
-1.1708
 10
-3.0905
 20
-1.1883
 10
-3.0957
 20
-1.2058
 10
-3.101
 20
-1.2233
 10
-3.1064
 20
-1.2407
 10
-3.1118
 20
-1.2582
 10
-3.1174
 20
-1.2756
 10
-3.123
 20
-1.2929
 10
-3.1287
 20
-1.3103
 10
-3.1344
 20
-1.3276
 10
-3.1402
 20
-1.3449
 10
-3.1462
 20
-1.3622
 10
-3.1521
 20
-1.3794
 10
-3.1582
 20
-1.3966
 10
-3.1643
 20
-1.4138
 10
-3.1705
 20
-1.431
 10
-3.1768
 20
-1.4482
 10
-3.1832
 20
-1.4653
 10
-3.1896
 20
-1.4824
 10
-3.1961
 20
-1.4994
 10
-3.2027
 20
-1.5164
 10
-3.2093
 20
-1.5334
 10
-3.2161
 20
-1.5504
 10
-3.2229
 20
-1.5674
 10
-3.2297
 20
-1.5843
 10
-3.2367
 20
-1.6011
 10
-3.2437
 20
-1.618
 10
-3.2508
 20
-1.6348
 10
-3.258
 20
-1.6516
 10
-3.2652
 20
-1.6684
 10
-3.2725
 20
-1.6851
 10
-3.2799
 20
-1.7018
 10
-3.2874
 20
-1.7184
 10
-3.2949
 20
-1.7351
 10
-3.3025
 20
-1.7517
 10
-3.3102
 20
-1.7682
 10
-3.318
 20
-1.7848
 10
-3.3258
 20
-1.8013
 10
-3.3337
 20
-1.8177
 10
-3.3416
 20
-1.8341
 10
-3.3497
 20
-1.8505
 10
-3.3578
 20
-1.8669
 10
-3.366
 20
-1.8832
 10
-3.3742
 20
-1.8995
 10
-3.3826
 20
-1.9157
 10
-3.3909
 20
-1.932
 10
-3.3994
 20
-1.9481
 10
-3.4079
 20
-1.9643
 10
-3.4166
 20
-1.9804
 10
-3.4252
 20
-1.9964
 10
-3.434
 20
-2.0125
 10
-3.4428
 20
-2.0284
 10
-3.4517
 20
-2.0444
 10
-3.4606
 20
-2.0603
 10
-3.4697
 20
-2.0762
 10
-3.4787
 20
-2.092
 10
-3.4879
 20
-2.1078
 10
-3.4971
 20
-2.1235
 10
-3.5064
 20
-2.1393
 10
-3.5158
 20
-2.1549
 10
-3.5252
 20
-2.1705
 10
-3.5348
 20
-2.1861
 10
-3.5443
 20
-2.2017
 10
-3.554
 20
-2.2172
 10
-3.5637
 20
-2.2326
 10
-3.5735
 20
-2.2481
 10
-3.5833
 20
-2.2634
 10
-3.5932
 20
-2.2788
 10
-3.6032
 20
-2.2941
 10
-3.6132
 20
-2.3093
 10
-3.6233
 20
-2.3245
 10
-3.6335
 20
-2.3397
 10
-3.6437
 20
-2.3548
 10
-3.6541
 20
-2.3698
 10
-3.6644
 20
-2.3849
 10
-3.6749
 20
-2.3998
 10
-3.6854
 20
-2.4148
 10
-3.6959
 20
-2.4297
 10
-3.7066
 20
-2.4445
 10
-3.7173
 20
-2.4593
 10
-3.728
 20
-2.474
 10
-3.7389
 20
-2.4887
 10
-3.7498
 20
-2.5034
 10
-3.7607
 20
-2.518
 10
-3.7717
 20
-2.5326
 10
-3.7828
 20
-2.5471
 10
-3.794
 20
-2.5615
 10
-3.8052
 20
-2.5759
 10
-3.8164
 20
-2.5903
 10
-3.8278
 20
-2.6046
 10
-3.8392
 20
-2.6189
 10
-3.8506
 20
-2.6331
 10
-3.8621
 20
-2.6472
 10
-3.8737
 20
-2.6614
 10
-3.8854
 20
-2.6754
 10
-3.8971
 20
-2.6894
 10
-3.9088
 20
-2.7034
 10
-3.9207
 20
-2.7173
 10
-3.9325
 20
-2.7311
 10
-3.9445
 20
-2.745
 10
-3.9565
 20
-2.7587
 10
-3.9686
 20
-2.7724
 10
-3.9807
 20
-2.786
 10
-3.9929
 20
-2.7996
 10
-4.0051
 20
-2.8132
 10
-4.0174
 20
-2.8267
 10
-4.0298
 20
-2.8401
 10
-4.0422
 20
-2.8535
 10
-4.0547
 20
-2.8668
 10
-4.0672
 20
-2.8801
 10
-4.0798
 20
-2.8933
 10
-4.0925
 20
-2.9065
 10
-4.1052
 20
-2.9196
 10
-4.118
 20
-2.9326
 10
-4.1308
 20
-2.9456
 10
-4.1437
 20
-2.9585
 10
-4.1566
 20
-2.9714
 10
-4.1696
 20
-2.9842
 10
-4.1826
 20
-2.997
 10
-4.1957
 20
-3.0097
 10
-4.2089
 20
-3.0224
 10
-4.2221
 20
-3.035
 10
-4.2354
 20
-3.0475
 10
-4.2487
 20
-3.06
 10
-4.2621
 20
-3.0724
 10
-4.2755
 20
-3.0848
 10
-4.289
 20
-3.0971
 10
-4.3026
 20
-3.1093
 10
-4.3162
 20
-3.1215
 10
-4.3298
 20
-3.1336
 10
-4.3435
 20
-3.1457
 10
-4.3572
 20
-3.1577
 10
-4.3711
 20
-3.1697
 10
-4.3849
 20
-3.1815
 10
-4.3988
 20
-3.1934
 10
-4.4128
 20
-3.2051
 10
-4.4268
 20
-3.2168
 10
-4.4408
 20
-3.2285
 10
-4.455
 20
-3.2401
 10
-4.4691
 20
-3.2516
 10
-4.4833
 20
-3.263
 10
-4.4976
 20
-3.2744
 10
-4.5119
 20
-3.2858
 10
-4.5263
 20
-3.297
 10
-4.5407
 20
-3.3082
 10
-4.5551
 20
-3.3194
 10
-4.5696
 20
-3.3305
 10
-4.5842
 20
-3.3415
 10
-4.5988
 20
-3.3524
 10
-4.6135
 20
-3.3633
 10
-4.6282
 20
-3.3742
 10
-4.6429
 20
-3.3849
 10
-4.6577
 20
-3.3956
 10
-4.6725
 20
-3.4063
 10
-4.6874
 20
-3.4168
 10
-4.7024
 20
-3.4273
 10
-4.7173
 20
-3.4378
 10
-4.7324
 20
-3.4481
 10
-4.7474
 20
-3.4585
 10
-4.7625
 20
-3.4687
 10
-4.7777
 20
-3.4789
 10
-4.7929
 20
-3.489
 10
-4.8081
 20
-3.499
 10
-4.8234
 20
-3.509
 10
-4.8388
 20
-3.5189
 10
-4.8541
 20
-3.5287
 10
-4.8696
 20
-3.5385
 10
-4.885
 20
-3.5482
 10
-4.9005
 20
-3.5579
 10
-4.9161
 20
-3.5674
 10
-4.9317
 20
-3.577
 10
-4.9473
 20
-3.5864
 10
-4.9629
 20
-3.5958
 10
-4.9787
 20
-3.6051
 10
-4.9944
 20
-3.6143
 10
-5.0102
 20
-3.6235
 10
-5.026
 20
-3.6325
 10
-5.0419
 20
-3.6416
 10
-5.0578
 20
-3.6505
 10
-5.0738
 20
-3.6594
 10
-5.0897
 20
-3.6682
 10
-5.1058
 20
-3.677
 10
-5.1218
 20
-3.6856
 10
-5.1379
 20
-3.6943
 10
-5.1541
 20
-3.7028
 10
-5.1702
 20
-3.7113
 10
-5.1865
 20
-3.7196
 10
-5.2027
 20
-3.728
 10
-5.219
 20
-3.7362
 10
-5.2353
 20
-3.7444
 10
-5.2517
 20
-3.7525
 10
-5.2681
 20
-3.7606
 10
-5.2845
 20
-3.7685
 10
-5.3009
 20
-3.7764
 10
-5.3174
 20
-3.7842
 10
-5.334
 20
-3.792
 10
-5.3505
 20
-3.7997
 10
-5.3671
 20
-3.8073
 10
-5.3838
 20
-3.8148
 10
-5.4004
 20
-3.8223
 10
-5.4171
 20
-3.8297
 10
-5.4338
 20
-3.837
 10
-5.4506
 20
-3.8442
 10
-5.4674
 20
-3.8514
 10
-5.4842
 20
-3.8585
 10
-5.5011
 20
-3.8655
 10
-5.5179
 20
-3.8725
 10
-5.5348
 20
-3.8793
 10
-5.5518
 20
-3.8861
 10
-5.5688
 20
-3.8929
 10
-5.5858
 20
-3.8995
 10
-5.6028
 20
-3.9061
 10
-5.6198
 20
-3.9126
 10
-5.6369
 20
-3.919
 10
-5.654
 20
-3.9254
 10
-5.6712
 20
-3.9317
 10
-5.6884
 20
-3.9379
 10
-5.7056
 20
-3.944
 10
-5.7228
 20
-3.9501
 10
-5.74
 20
-3.956
 10
-5.7573
 20
-3.962
 10
-5.7746
 20
-3.9678
 10
-5.7919
 20
-3.9735
 10
-5.8093
 20
-3.9792
 10
-5.8266
 20
-3.9848
 10
-5.844
 20
-3.9904
 10
-5.8615
 20
-3.9958
 10
-5.8789
 20
-4.0012
 10
-5.8964
 20
-4.0065
 10
-5.9139
 20
-4.0117
 10
-5.9314
 20
-4.0168
 10
-5.9489
 20
-4.0219
 10
-5.9665
 20
-4.0269
 10
-5.9841
 20
-4.0318
 10
-6.0017
 20
-4.0367
 10
-6.0193
 20
-4.0414
 10
-6.0369
 20
-4.0461
 10
-6.0546
 20
-4.0507
 10
-6.0723
 20
-4.0553
 10
-6.09
 20
-4.0597
 10
-6.1077
 20
-4.0641
 10
-6.1255
 20
-4.0684
 10
-6.1432
 20
-4.0726
 10
-6.161
 20
-4.0768
 10
-6.1788
 20
-4.0808
 10
-6.1966
 20
-4.0848
 10
-6.2144
 20
-4.0887
 10
-6.2323
 20
-4.0926
 10
-6.2502
 20
-4.0963
 10
-6.268
 20
-4.1
 10
-6.2859
 20
-4.1036
 10
-6.3039
 20
-4.1071
 10
-6.3218
 20
-4.1106
 10
-6.3397
 20
-4.1139
 10
-6.3577
 20
-4.1172
 10
-6.3757
 20
-4.1204
 10
-6.3936
 20
-4.1236
 10
-6.4116
 20
-4.1266
 10
-6.4297
 20
-4.1296
 10
-6.4477
 20
-4.1325
 10
-6.4657
 20
-4.1353
 10
-6.4838
 20
-4.138
 10
-6.5018
 20
-4.1407
 10
-6.5199
 20
-4.1433
 10
-6.538
 20
-4.1458
 10
-6.5561
 20
-4.1482
 10
-6.5742
 20
-4.1505
 10
-6.5923
 20
-4.1528
 10
-6.6104
 20
-4.155
 10
-6.6286
 20
-4.1571
 10
-6.6467
 20
-4.1591
 10
-6.6649
 20
-4.1611
 10
-6.683
 20
-4.1629
 10
-6.7012
 20
-4.1647
 10
-6.7194
 20
-4.1664
 10
-6.7375
 20
-4.1681
 10
-6.7557
 20
-4.1696
 10
-6.7739
 20
-4.1711
 10
-6.7921
 20
-4.1725
 10
-6.8103
 20
-4.1738
 10
-6.8286
 20
-4.175
 10
-6.8468
 20
-4.1762
 10
-6.865
 20
-4.1773
 10
-6.8832
 20
-4.1783
 10
-6.9015
 20
-4.1792
 10
-6.9197
 20
-4.18
 10
-6.9379
 20
-4.1808
 10
-6.9562
 20
-4.1815
 10
-6.9744
 20
-4.182
 10
-6.9927
 20
-4.1826
 10
-7.0109
 20
-4.183
 10
-7.0292
 20
-4.1834
 10
-7.0474
 20
-4.1836
 10
-7.0657
 20
-4.1838
 10
-7.0839
 20
-4.184
 10
-7.1022
 20
-4.184
 10
-7.1205
 20
-4.184
 10
-7.1387
 20
-4.1838
 10
-7.157
 20
-4.1836
 10
-7.1752
 20
-4.1834
 10
-7.1935
 20
-4.183
 10
-7.2117
 20
-4.1826
 10
-7.23
 20
-4.182
 10
-7.2482
 20
-4.1815
 10
-7.2665
 20
-4.1808
 10
-7.2847
 20
-4.18
 10
-7.3029
 20
-4.1792
 10
-7.3212
 20
-4.1783
 10
-7.3394
 20
-4.1773
 10
-7.3576
 20
-4.1762
 10
-7.3758
 20
-4.175
 10
-7.3941
 20
-4.1738
 10
-7.4123
 20
-4.1725
 10
-7.4305
 20
-4.1711
 10
-7.4487
 20
-4.1696
 10
-7.4669
 20
-4.1681
 10
-7.485
 20
-4.1664
 10
-7.5032
 20
-4.1647
 10
-7.5214
 20
-4.1629
 10
-7.5395
 20
-4.1611
 10
-7.5577
 20
-4.1591
 10
-7.5758
 20
-4.1571
 10
-7.594
 20
-4.155
 10
-7.6121
 20
-4.1528
 10
-7.6302
 20
-4.1505
 10
-7.6483
 20
-4.1482
 10
-7.6664
 20
-4.1458
 10
-7.6845
 20
-4.1433
 10
-7.7026
 20
-4.1407
 10
-7.7206
 20
-4.138
 10
-7.7387
 20
-4.1353
 10
-7.7567
 20
-4.1325
 10
-7.7747
 20
-4.1296
 10
-7.7928
 20
-4.1266
 10
-7.8108
 20
-4.1236
 10
-7.8287
 20
-4.1204
 10
-7.8467
 20
-4.1172
 10
-7.8647
 20
-4.1139
 10
-7.8826
 20
-4.1106
 10
-7.9005
 20
-4.1071
 10
-7.9185
 20
-4.1036
 10
-7.9364
 20
-4.1
 10
-7.9542
 20
-4.0963
 10
-7.9721
 20
-4.0926
 10
-7.99
 20
-4.0887
 10
-8.0078
 20
-4.0848
 10
-8.0256
 20
-4.0808
 10
-8.0434
 20
-4.0768
 10
-8.0612
 20
-4.0726
 10
-8.0789
 20
-4.0684
 10
-8.0967
 20
-4.0641
 10
-8.1144
 20
-4.0597
 10
-8.1321
 20
-4.0553
 10
-8.1498
 20
-4.0507
 10
-8.1675
 20
-4.0461
 10
-8.1851
 20
-4.0414
 10
-8.2027
 20
-4.0367
 10
-8.2203
 20
-4.0318
 10
-8.2379
 20
-4.0269
 10
-8.2555
 20
-4.0219
 10
-8.273
 20
-4.0168
 10
-8.2905
 20
-4.0117
 10
-8.308
 20
-4.0065
 10
-8.3255
 20
-4.0012
 10
-8.3429
 20
-3.9958
 10
-8.3604
 20
-3.9904
 10
-8.3778
 20
-3.9848
 10
-8.3951
 20
-3.9792
 10
-8.4125
 20
-3.9735
 10
-8.4298
 20
-3.9678
 10
-8.4471
 20
-3.962
 10
-8.4644
 20
-3.956
 10
-8.4816
 20
-3.9501
 10
-8.4988
 20
-3.944
 10
-8.516
 20
-3.9379
 10
-8.5332
 20
-3.9317
 10
-8.5504
 20
-3.9254
 10
-8.5675
 20
-3.919
 10
-8.5846
 20
-3.9126
 10
-8.6016
 20
-3.9061
 10
-8.6186
 20
-3.8995
 10
-8.6356
 20
-3.8929
 10
-8.6526
 20
-3.8861
 10
-8.6696
 20
-3.8793
 10
-8.6865
 20
-3.8725
 10
-8.7033
 20
-3.8655
 10
-8.7202
 20
-3.8585
 10
-8.737
 20
-3.8514
 10
-8.7538
 20
-3.8442
 10
-8.7706
 20
-3.837
 10
-8.7873
 20
-3.8297
 10
-8.804
 20
-3.8223
 10
-8.8206
 20
-3.8148
 10
-8.8373
 20
-3.8073
 10
-8.8539
 20
-3.7997
 10
-8.8704
 20
-3.792
 10
-8.887
 20
-3.7842
 10
-8.9035
 20
-3.7764
 10
-8.9199
 20
-3.7685
 10
-8.9363
 20
-3.7606
 10
-8.9527
 20
-3.7525
 10
-8.9691
 20
-3.7444
 10
-8.9854
 20
-3.7362
 10
-9.0017
 20
-3.728
 10
-9.0179
 20
-3.7196
 10
-9.0342
 20
-3.7113
 10
-9.0503
 20
-3.7028
 10
-9.0665
 20
-3.6943
 10
-9.0826
 20
-3.6856
 10
-9.0986
 20
-3.677
 10
-9.1147
 20
-3.6682
 10
-9.1306
 20
-3.6594
 10
-9.1466
 20
-3.6505
 10
-9.1625
 20
-3.6416
 10
-9.1784
 20
-3.6325
 10
-9.1942
 20
-3.6235
 10
-9.21
 20
-3.6143
 10
-9.2257
 20
-3.6051
 10
-9.2415
 20
-3.5958
 10
-9.2571
 20
-3.5864
 10
-9.2727
 20
-3.577
 10
-9.2883
 20
-3.5674
 10
-9.3039
 20
-3.5579
 10
-9.3194
 20
-3.5482
 10
-9.3348
 20
-3.5385
 10
-9.3503
 20
-3.5287
 10
-9.3656
 20
-3.5189
 10
-9.381
 20
-3.509
 10
-9.3963
 20
-3.499
 10
-9.4115
 20
-3.489
 10
-9.4267
 20
-3.4789
 10
-9.4419
 20
-3.4687
 10
-9.457
 20
-3.4585
 10
-9.472
 20
-3.4481
 10
-9.4871
 20
-3.4378
 10
-9.502
 20
-3.4273
 10
-9.517
 20
-3.4168
 10
-9.5319
 20
-3.4063
 10
-9.5467
 20
-3.3956
 10
-9.5615
 20
-3.3849
 10
-9.5762
 20
-3.3742
 10
-9.5909
 20
-3.3633
 10
-9.6056
 20
-3.3524
 10
-9.6202
 20
-3.3415
 10
-9.6348
 20
-3.3305
 10
-9.6493
 20
-3.3194
 10
-9.6637
 20
-3.3082
 10
-9.6781
 20
-3.297
 10
-9.6925
 20
-3.2858
 10
-9.7068
 20
-3.2744
 10
-9.7211
 20
-3.263
 10
-9.7353
 20
-3.2516
 10
-9.7494
 20
-3.2401
 10
-9.7636
 20
-3.2285
 10
-9.7776
 20
-3.2168
 10
-9.7916
 20
-3.2051
 10
-9.8056
 20
-3.1934
 10
-9.8195
 20
-3.1815
 10
-9.8333
 20
-3.1697
 10
-9.8472
 20
-3.1577
 10
-9.8609
 20
-3.1457
 10
-9.8746
 20
-3.1336
 10
-9.8882
 20
-3.1215
 10
-9.9018
 20
-3.1093
 10
-9.9154
 20
-3.0971
 10
-9.9289
 20
-3.0848
 10
-9.9423
 20
-3.0724
 10
-9.9557
 20
-3.06
 10
-9.969
 20
-3.0475
 10
-9.9823
 20
-3.035
 10
-9.9955
 20
-3.0224
 10
-10.0087
 20
-3.0097
 10
-10.0218
 20
-2.997
 10
-10.0348
 20
-2.9842
 10
-10.0478
 20
-2.9714
 10
-10.0607
 20
-2.9585
 10
-10.0736
 20
-2.9456
 10
-10.0864
 20
-2.9326
 10
-10.0992
 20
-2.9196
 10
-10.1119
 20
-2.9065
 10
-10.1246
 20
-2.8933
 10
-10.1372
 20
-2.8801
 10
-10.1497
 20
-2.8668
 10
-10.1622
 20
-2.8535
 10
-10.1746
 20
-2.8401
 10
-10.187
 20
-2.8267
 10
-10.1993
 20
-2.8132
 10
-10.2115
 20
-2.7996
 10
-10.2237
 20
-2.786
 10
-10.2358
 20
-2.7724
 10
-10.2479
 20
-2.7587
 10
-10.2599
 20
-2.745
 10
-10.2719
 20
-2.7311
 10
-10.2837
 20
-2.7173
 10
-10.2956
 20
-2.7034
 10
-10.3073
 20
-2.6894
 10
-10.319
 20
-2.6754
 10
-10.3307
 20
-2.6614
 10
-10.3423
 20
-2.6472
 10
-10.3538
 20
-2.6331
 10
-10.3652
 20
-2.6189
 10
-10.3766
 20
-2.6046
 10
-10.388
 20
-2.5903
 10
-10.3992
 20
-2.5759
 10
-10.4104
 20
-2.5615
 10
-10.4216
 20
-2.5471
 10
-10.4327
 20
-2.5326
 10
-10.4437
 20
-2.518
 10
-10.4546
 20
-2.5034
 10
-10.4655
 20
-2.4887
 10
-10.4764
 20
-2.474
 10
-10.4871
 20
-2.4593
 10
-10.4978
 20
-2.4445
 10
-10.5085
 20
-2.4297
 10
-10.519
 20
-2.4148
 10
-10.5295
 20
-2.3998
 10
-10.54
 20
-2.3849
 10
-10.5503
 20
-2.3698
 10
-10.5607
 20
-2.3548
 10
-10.5709
 20
-2.3397
 10
-10.5811
 20
-2.3245
 10
-10.5912
 20
-2.3093
 10
-10.6012
 20
-2.2941
 10
-10.6112
 20
-2.2788
 10
-10.6211
 20
-2.2634
 10
-10.6309
 20
-2.2481
 10
-10.6407
 20
-2.2326
 10
-10.6504
 20
-2.2172
 10
-10.6601
 20
-2.2017
 10
-10.6696
 20
-2.1861
 10
-10.6792
 20
-2.1705
 10
-10.6886
 20
-2.1549
 10
-10.698
 20
-2.1393
 10
-10.7073
 20
-2.1235
 10
-10.7165
 20
-2.1078
 10
-10.7257
 20
-2.092
 10
-10.7347
 20
-2.0762
 10
-10.7438
 20
-2.0603
 10
-10.7527
 20
-2.0444
 10
-10.7616
 20
-2.0284
 10
-10.7704
 20
-2.0125
 10
-10.7792
 20
-1.9964
 10
-10.7878
 20
-1.9804
 10
-10.7965
 20
-1.9643
 10
-10.805
 20
-1.9481
 10
-10.8135
 20
-1.932
 10
-10.8218
 20
-1.9157
 10
-10.8302
 20
-1.8995
 10
-10.8384
 20
-1.8832
 10
-10.8466
 20
-1.8669
 10
-10.8547
 20
-1.8505
 10
-10.8628
 20
-1.8341
 10
-10.8707
 20
-1.8177
 10
-10.8786
 20
-1.8013
 10
-10.8864
 20
-1.7848
 10
-10.8942
 20
-1.7682
 10
-10.9019
 20
-1.7517
 10
-10.9095
 20
-1.7351
 10
-10.917
 20
-1.7184
 10
-10.9245
 20
-1.7018
 10
-10.9319
 20
-1.6851
 10
-10.9392
 20
-1.6684
 10
-10.9464
 20
-1.6516
 10
-10.9536
 20
-1.6348
 10
-10.9607
 20
-1.618
 10
-10.9677
 20
-1.6011
 10
-10.9747
 20
-1.5843
 10
-10.9815
 20
-1.5674
 10
-10.9883
 20
-1.5504
 10
-10.9951
 20
-1.5334
 10
-11.0017
 20
-1.5164
 10
-11.0083
 20
-1.4994
 10
-11.0148
 20
-1.4824
 10
-11.0212
 20
-1.4653
 10
-11.0276
 20
-1.4482
 10
-11.0339
 20
-1.431
 10
-11.0401
 20
-1.4138
 10
-11.0462
 20
-1.3966
 10
-11.0523
 20
-1.3794
 10
-11.0582
 20
-1.3622
 10
-11.0642
 20
-1.3449
 10
-11.07
 20
-1.3276
 10
-11.0757
 20
-1.3103
 10
-11.0814
 20
-1.2929
 10
-11.087
 20
-1.2756
 10
-11.0926
 20
-1.2582
 10
-11.098
 20
-1.2407
 10
-11.1034
 20
-1.2233
 10
-11.1087
 20
-1.2058
 10
-11.1139
 20
-1.1883
 10
-11.119
 20
-1.1708
 10
-11.1241
 20
-1.1533
 10
-11.1291
 20
-1.1357
 10
-11.134
 20
-1.1181
 10
-11.1389
 20
-1.1005
 10
-11.1436
 20
-1.0829
 10
-11.1483
 20
-1.0653
 10
-11.1529
 20
-1.0476
 10
-11.1575
 20
-1.0299
 10
-11.1619
 20
-1.0122
 10
-11.1663
 20
-0.9945
 10
-11.1706
 20
-0.9767
 10
-11.1748
 20
-0.959
 10
-11.179
 20
-0.9412
 10
-11.183
 20
-0.9234
 10
-11.187
 20
-0.9056
 10
-11.1909
 20
-0.8878
 10
-11.1948
 20
-0.8699
 10
-11.1985
 20
-0.852
 10
-11.2022
 20
-0.8342
 10
-11.2058
 20
-0.8163
 10
-11.2093
 20
-0.7983
 10
-11.2128
 20
-0.7804
 10
-11.2161
 20
-0.7625
 10
-11.2194
 20
-0.7445
 10
-11.2226
 20
-0.7265
 10
-11.2258
 20
-0.7086
 10
-11.2288
 20
-0.6906
 10
-11.2318
 20
-0.6725
 10
-11.2347
 20
-0.6545
 10
-11.2375
 20
-0.6365
 10
-11.2402
 20
-0.6184
 10
-11.2429
 20
-0.6004
 10
-11.2455
 20
-0.5823
 10
-11.248
 20
-0.5642
 10
-11.2504
 20
-0.5461
 10
-11.2527
 20
-0.528
 10
-11.255
 20
-0.5099
 10
-11.2572
 20
-0.4918
 10
-11.2593
 20
-0.4736
 10
-11.2613
 20
-0.4555
 10
-11.2633
 20
-0.4373
 10
-11.2651
 20
-0.4192
 10
-11.2669
 20
-0.401
 10
-11.2686
 20
-0.3828
 10
-11.2703
 20
-0.3647
 10
-11.2718
 20
-0.3465
 10
-11.2733
 20
-0.3283
 10
-11.2747
 20
-0.3101
 10
-11.276
 20
-0.2919
 10
-11.2772
 20
-0.2736
 10
-11.2784
 20
-0.2554
 10
-11.2795
 20
-0.2372
 10
-11.2805
 20
-0.219
 10
-11.2814
 20
-0.2007
 10
-11.2822
 20
-0.1825
 10
-11.283
 20
-0.1643
 10
-11.2837
 20
-0.146
 10
-11.2842
 20
-0.1278
 10
-11.2848
 20
-0.1095
 10
-11.2852
 20
-0.0913
 10
-11.2856
 20
-0.073
 10
-11.2858
 20
-0.0548
 10
-11.286
 20
-0.0365
 10
-11.2862
 20
-0.0183
 10
-11.2862
 20
0.0
 10
-11.2862
 20
0.0183
 10
-11.286
 20
0.0365
 10
-11.2858
 20
0.0548
 10
-11.2856
 20
0.073
 10
-11.2852
 20
0.0913
 10
-11.2848
 20
0.1095
 10
-11.2842
 20
0.1278
 10
-11.2837
 20
0.146
 10
-11.283
 20
0.1643
 10
-11.2822
 20
0.1825
 10
-11.2814
 20
0.2007
 10
-11.2805
 20
0.219
 10
-11.2795
 20
0.2372
 10
-11.2784
 20
0.2554
 10
-11.2772
 20
0.2736
 10
-11.276
 20
0.2919
 10
-11.2747
 20
0.3101
 10
-11.2733
 20
0.3283
 10
-11.2718
 20
0.3465
 10
-11.2703
 20
0.3647
 10
-11.2686
 20
0.3828
 10
-11.2669
 20
0.401
 10
-11.2651
 20
0.4192
 10
-11.2633
 20
0.4373
 10
-11.2613
 20
0.4555
 10
-11.2593
 20
0.4736
 10
-11.2572
 20
0.4918
 10
-11.255
 20
0.5099
 10
-11.2527
 20
0.528
 10
-11.2504
 20
0.5461
 10
-11.248
 20
0.5642
 10
-11.2455
 20
0.5823
 10
-11.2429
 20
0.6004
 10
-11.2402
 20
0.6184
 10
-11.2375
 20
0.6365
 10
-11.2347
 20
0.6545
 10
-11.2318
 20
0.6725
 10
-11.2288
 20
0.6906
 10
-11.2258
 20
0.7086
 10
-11.2226
 20
0.7265
 10
-11.2194
 20
0.7445
 10
-11.2161
 20
0.7625
 10
-11.2128
 20
0.7804
 10
-11.2093
 20
0.7983
 10
-11.2058
 20
0.8163
 10
-11.2022
 20
0.8342
 10
-11.1985
 20
0.852
 10
-11.1948
 20
0.8699
 10
-11.1909
 20
0.8878
 10
-11.187
 20
0.9056
 10
-11.183
 20
0.9234
 10
-11.179
 20
0.9412
 10
-11.1748
 20
0.959
 10
-11.1706
 20
0.9767
 10
-11.1663
 20
0.9945
 10
-11.1619
 20
1.0122
 10
-11.1575
 20
1.0299
 10
-11.1529
 20
1.0476
 10
-11.1483
 20
1.0653
 10
-11.1436
 20
1.0829
 10
-11.1389
 20
1.1005
 10
-11.134
 20
1.1181
 10
-11.1291
 20
1.1357
 10
-11.1241
 20
1.1533
 10
-11.119
 20
1.1708
 10
-11.1139
 20
1.1883
 10
-11.1087
 20
1.2058
 10
-11.1034
 20
1.2233
 10
-11.098
 20
1.2407
 10
-11.0926
 20
1.2582
 10
-11.087
 20
1.2756
 10
-11.0814
 20
1.2929
 10
-11.0757
 20
1.3103
 10
-11.07
 20
1.3276
 10
-11.0642
 20
1.3449
 10
-11.0582
 20
1.3622
 10
-11.0523
 20
1.3794
 10
-11.0462
 20
1.3966
 10
-11.0401
 20
1.4138
 10
-11.0339
 20
1.431
 10
-11.0276
 20
1.4482
 10
-11.0212
 20
1.4653
 10
-11.0148
 20
1.4824
 10
-11.0083
 20
1.4994
 10
-11.0017
 20
1.5164
 10
-10.9951
 20
1.5334
 10
-10.9883
 20
1.5504
 10
-10.9815
 20
1.5674
 10
-10.9747
 20
1.5843
 10
-10.9677
 20
1.6011
 10
-10.9607
 20
1.618
 10
-10.9536
 20
1.6348
 10
-10.9464
 20
1.6516
 10
-10.9392
 20
1.6684
 10
-10.9319
 20
1.6851
 10
-10.9245
 20
1.7018
 10
-10.917
 20
1.7184
 10
-10.9095
 20
1.7351
 10
-10.9019
 20
1.7517
 10
-10.8942
 20
1.7682
 10
-10.8864
 20
1.7848
 10
-10.8786
 20
1.8013
 10
-10.8707
 20
1.8177
 10
-10.8628
 20
1.8341
 10
-10.8547
 20
1.8505
 10
-10.8466
 20
1.8669
 10
-10.8384
 20
1.8832
 10
-10.8302
 20
1.8995
 10
-10.8218
 20
1.9157
 10
-10.8135
 20
1.932
 10
-10.805
 20
1.9481
 10
-10.7965
 20
1.9643
 10
-10.7878
 20
1.9804
 10
-10.7792
 20
1.9964
 10
-10.7704
 20
2.0125
 10
-10.7616
 20
2.0284
 10
-10.7527
 20
2.0444
 10
-10.7438
 20
2.0603
 10
-10.7347
 20
2.0762
 10
-10.7257
 20
2.092
 10
-10.7165
 20
2.1078
 10
-10.7073
 20
2.1235
 10
-10.698
 20
2.1393
 10
-10.6886
 20
2.1549
 10
-10.6792
 20
2.1705
 10
-10.6696
 20
2.1861
 10
-10.6601
 20
2.2017
 10
-10.6504
 20
2.2172
 10
-10.6407
 20
2.2326
 10
-10.6309
 20
2.2481
 10
-10.6211
 20
2.2634
 10
-10.6112
 20
2.2788
 10
-10.6012
 20
2.2941
 10
-10.5912
 20
2.3093
 10
-10.5811
 20
2.3245
 10
-10.5709
 20
2.3397
 10
-10.5607
 20
2.3548
 10
-10.5503
 20
2.3698
 10
-10.54
 20
2.3849
 10
-10.5295
 20
2.3998
 10
-10.519
 20
2.4148
 10
-10.5085
 20
2.4297
 10
-10.4978
 20
2.4445
 10
-10.4871
 20
2.4593
 10
-10.4764
 20
2.474
 10
-10.4655
 20
2.4887
 10
-10.4546
 20
2.5034
 10
-10.4437
 20
2.518
 10
-10.4327
 20
2.5326
 10
-10.4216
 20
2.5471
 10
-10.4104
 20
2.5615
 10
-10.3992
 20
2.5759
 10
-10.388
 20
2.5903
 10
-10.3766
 20
2.6046
 10
-10.3652
 20
2.6189
 10
-10.3538
 20
2.6331
 10
-10.3423
 20
2.6472
 10
-10.3307
 20
2.6614
 10
-10.319
 20
2.6754
 10
-10.3073
 20
2.6894
 10
-10.2956
 20
2.7034
 10
-10.2837
 20
2.7173
 10
-10.2719
 20
2.7311
 10
-10.2599
 20
2.745
 10
-10.2479
 20
2.7587
 10
-10.2358
 20
2.7724
 10
-10.2237
 20
2.786
 10
-10.2115
 20
2.7996
 10
-10.1993
 20
2.8132
 10
-10.187
 20
2.8267
 10
-10.1746
 20
2.8401
 10
-10.1622
 20
2.8535
 10
-10.1497
 20
2.8668
 10
-10.1372
 20
2.8801
 10
-10.1246
 20
2.8933
 10
-10.1119
 20
2.9065
 10
-10.0992
 20
2.9196
 10
-10.0864
 20
2.9326
 10
-10.0736
 20
2.9456
 10
-10.0607
 20
2.9585
 10
-10.0478
 20
2.9714
 10
-10.0348
 20
2.9842
 10
-10.0218
 20
2.997
 10
-10.0087
 20
3.0097
 10
-9.9955
 20
3.0224
 10
-9.9823
 20
3.035
 10
-9.969
 20
3.0475
 10
-9.9557
 20
3.06
 10
-9.9423
 20
3.0724
 10
-9.9289
 20
3.0848
 10
-9.9154
 20
3.0971
 10
-9.9018
 20
3.1093
 10
-9.8882
 20
3.1215
 10
-9.8746
 20
3.1336
 10
-9.8609
 20
3.1457
 10
-9.8472
 20
3.1577
 10
-9.8333
 20
3.1697
 10
-9.8195
 20
3.1815
 10
-9.8056
 20
3.1934
 10
-9.7916
 20
3.2051
 10
-9.7776
 20
3.2168
 10
-9.7636
 20
3.2285
 10
-9.7494
 20
3.2401
 10
-9.7353
 20
3.2516
 10
-9.7211
 20
3.263
 10
-9.7068
 20
3.2744
 10
-9.6925
 20
3.2858
 10
-9.6781
 20
3.297
 10
-9.6637
 20
3.3082
 10
-9.6493
 20
3.3194
 10
-9.6348
 20
3.3305
 10
-9.6202
 20
3.3415
 10
-9.6056
 20
3.3524
 10
-9.5909
 20
3.3633
 10
-9.5762
 20
3.3742
 10
-9.5615
 20
3.3849
 10
-9.5467
 20
3.3956
 10
-9.5319
 20
3.4063
 10
-9.517
 20
3.4168
 10
-9.502
 20
3.4273
 10
-9.4871
 20
3.4378
 10
-9.472
 20
3.4481
 10
-9.457
 20
3.4585
 10
-9.4419
 20
3.4687
 10
-9.4267
 20
3.4789
 10
-9.4115
 20
3.489
 10
-9.3963
 20
3.499
 10
-9.381
 20
3.509
 10
-9.3656
 20
3.5189
 10
-9.3503
 20
3.5287
 10
-9.3348
 20
3.5385
 10
-9.3194
 20
3.5482
 10
-9.3039
 20
3.5579
 10
-9.2883
 20
3.5674
 10
-9.2727
 20
3.577
 10
-9.2571
 20
3.5864
 10
-9.2415
 20
3.5958
 10
-9.2257
 20
3.6051
 10
-9.21
 20
3.6143
 10
-9.1942
 20
3.6235
 10
-9.1784
 20
3.6325
 10
-9.1625
 20
3.6416
 10
-9.1466
 20
3.6505
 10
-9.1306
 20
3.6594
 10
-9.1147
 20
3.6682
 10
-9.0986
 20
3.677
 10
-9.0826
 20
3.6856
 10
-9.0665
 20
3.6943
 10
-9.0503
 20
3.7028
 10
-9.0342
 20
3.7113
 10
-9.0179
 20
3.7196
 10
-9.0017
 20
3.728
 10
-8.9854
 20
3.7362
 10
-8.9691
 20
3.7444
 10
-8.9527
 20
3.7525
 10
-8.9363
 20
3.7606
 10
-8.9199
 20
3.7685
 10
-8.9035
 20
3.7764
 10
-8.887
 20
3.7842
 10
-8.8704
 20
3.792
 10
-8.8539
 20
3.7997
 10
-8.8373
 20
3.8073
 10
-8.8206
 20
3.8148
 10
-8.804
 20
3.8223
 10
-8.7873
 20
3.8297
 10
-8.7706
 20
3.837
 10
-8.7538
 20
3.8442
 10
-8.737
 20
3.8514
 10
-8.7202
 20
3.8585
 10
-8.7033
 20
3.8655
 10
-8.6865
 20
3.8725
 10
-8.6696
 20
3.8793
 10
-8.6526
 20
3.8861
 10
-8.6356
 20
3.8929
 10
-8.6186
 20
3.8995
 10
-8.6016
 20
3.9061
 10
-8.5846
 20
3.9126
 10
-8.5675
 20
3.919
 10
-8.5504
 20
3.9254
 10
-8.5332
 20
3.9317
 10
-8.516
 20
3.9379
 10
-8.4988
 20
3.944
 10
-8.4816
 20
3.9501
 10
-8.4644
 20
3.956
 10
-8.4471
 20
3.962
 10
-8.4298
 20
3.9678
 10
-8.4125
 20
3.9735
 10
-8.3951
 20
3.9792
 10
-8.3778
 20
3.9848
 10
-8.3604
 20
3.9904
 10
-8.3429
 20
3.9958
 10
-8.3255
 20
4.0012
 10
-8.308
 20
4.0065
 10
-8.2905
 20
4.0117
 10
-8.273
 20
4.0168
 10
-8.2555
 20
4.0219
 10
-8.2379
 20
4.0269
 10
-8.2203
 20
4.0318
 10
-8.2027
 20
4.0367
 10
-8.1851
 20
4.0414
 10
-8.1675
 20
4.0461
 10
-8.1498
 20
4.0507
 10
-8.1321
 20
4.0553
 10
-8.1144
 20
4.0597
 10
-8.0967
 20
4.0641
 10
-8.0789
 20
4.0684
 10
-8.0612
 20
4.0726
 10
-8.0434
 20
4.0768
 10
-8.0256
 20
4.0808
 10
-8.0078
 20
4.0848
 10
-7.99
 20
4.0887
 10
-7.9721
 20
4.0926
 10
-7.9542
 20
4.0963
 10
-7.9364
 20
4.1
 10
-7.9185
 20
4.1036
 10
-7.9005
 20
4.1071
 10
-7.8826
 20
4.1106
 10
-7.8647
 20
4.1139
 10
-7.8467
 20
4.1172
 10
-7.8287
 20
4.1204
 10
-7.8108
 20
4.1236
 10
-7.7928
 20
4.1266
 10
-7.7747
 20
4.1296
 10
-7.7567
 20
4.1325
 10
-7.7387
 20
4.1353
 10
-7.7206
 20
4.138
 10
-7.7026
 20
4.1407
 10
-7.6845
 20
4.1433
 10
-7.6664
 20
4.1458
 10
-7.6483
 20
4.1482
 10
-7.6302
 20
4.1505
 10
-7.6121
 20
4.1528
 10
-7.594
 20
4.155
 10
-7.5758
 20
4.1571
 10
-7.5577
 20
4.1591
 10
-7.5395
 20
4.1611
 10
-7.5214
 20
4.1629
 10
-7.5032
 20
4.1647
 10
-7.485
 20
4.1664
 10
-7.4669
 20
4.1681
 10
-7.4487
 20
4.1696
 10
-7.4305
 20
4.1711
 10
-7.4123
 20
4.1725
 10
-7.3941
 20
4.1738
 10
-7.3758
 20
4.175
 10
-7.3576
 20
4.1762
 10
-7.3394
 20
4.1773
 10
-7.3212
 20
4.1783
 10
-7.3029
 20
4.1792
 10
-7.2847
 20
4.18
 10
-7.2665
 20
4.1808
 10
-7.2482
 20
4.1815
 10
-7.23
 20
4.182
 10
-7.2117
 20
4.1826
 10
-7.1935
 20
4.183
 10
-7.1752
 20
4.1834
 10
-7.157
 20
4.1836
 10
-7.1387
 20
4.1838
 10
-7.1205
 20
4.184
 10
-7.1022
 20
4.184
 10
-7.0839
 20
4.184
 10
-7.0657
 20
4.1838
 10
-7.0474
 20
4.1836
 10
-7.0292
 20
4.1834
 10
-7.0109
 20
4.183
 10
-6.9927
 20
4.1826
 10
-6.9744
 20
4.182
 10
-6.9562
 20
4.1815
 10
-6.9379
 20
4.1808
 10
-6.9197
 20
4.18
 10
-6.9015
 20
4.1792
 10
-6.8832
 20
4.1783
 10
-6.865
 20
4.1773
 10
-6.8468
 20
4.1762
 10
-6.8286
 20
4.175
 10
-6.8103
 20
4.1738
 10
-6.7921
 20
4.1725
 10
-6.7739
 20
4.1711
 10
-6.7557
 20
4.1696
 10
-6.7375
 20
4.1681
 10
-6.7194
 20
4.1664
 10
-6.7012
 20
4.1647
 10
-6.683
 20
4.1629
 10
-6.6649
 20
4.1611
 10
-6.6467
 20
4.1591
 10
-6.6286
 20
4.1571
 10
-6.6104
 20
4.155
 10
-6.5923
 20
4.1528
 10
-6.5742
 20
4.1505
 10
-6.5561
 20
4.1482
 10
-6.538
 20
4.1458
 10
-6.5199
 20
4.1433
 10
-6.5018
 20
4.1407
 10
-6.4838
 20
4.138
 10
-6.4657
 20
4.1353
 10
-6.4477
 20
4.1325
 10
-6.4297
 20
4.1296
 10
-6.4116
 20
4.1266
 10
-6.3936
 20
4.1236
 10
-6.3757
 20
4.1204
 10
-6.3577
 20
4.1172
 10
-6.3397
 20
4.1139
 10
-6.3218
 20
4.1106
 10
-6.3039
 20
4.1071
 10
-6.2859
 20
4.1036
 10
-6.268
 20
4.1
 10
-6.2502
 20
4.0963
 10
-6.2323
 20
4.0926
 10
-6.2144
 20
4.0887
 10
-6.1966
 20
4.0848
 10
-6.1788
 20
4.0808
 10
-6.161
 20
4.0768
 10
-6.1432
 20
4.0726
 10
-6.1255
 20
4.0684
 10
-6.1077
 20
4.0641
 10
-6.09
 20
4.0597
 10
-6.0723
 20
4.0553
 10
-6.0546
 20
4.0507
 10
-6.0369
 20
4.0461
 10
-6.0193
 20
4.0414
 10
-6.0017
 20
4.0367
 10
-5.9841
 20
4.0318
 10
-5.9665
 20
4.0269
 10
-5.9489
 20
4.0219
 10
-5.9314
 20
4.0168
 10
-5.9139
 20
4.0117
 10
-5.8964
 20
4.0065
 10
-5.8789
 20
4.0012
 10
-5.8615
 20
3.9958
 10
-5.844
 20
3.9904
 10
-5.8266
 20
3.9848
 10
-5.8093
 20
3.9792
 10
-5.7919
 20
3.9735
 10
-5.7746
 20
3.9678
 10
-5.7573
 20
3.962
 10
-5.74
 20
3.956
 10
-5.7228
 20
3.9501
 10
-5.7056
 20
3.944
 10
-5.6884
 20
3.9379
 10
-5.6712
 20
3.9317
 10
-5.654
 20
3.9254
 10
-5.6369
 20
3.919
 10
-5.6198
 20
3.9126
 10
-5.6028
 20
3.9061
 10
-5.5858
 20
3.8995
 10
-5.5688
 20
3.8929
 10
-5.5518
 20
3.8861
 10
-5.5348
 20
3.8793
 10
-5.5179
 20
3.8725
 10
-5.5011
 20
3.8655
 10
-5.4842
 20
3.8585
 10
-5.4674
 20
3.8514
 10
-5.4506
 20
3.8442
 10
-5.4338
 20
3.837
 10
-5.4171
 20
3.8297
 10
-5.4004
 20
3.8223
 10
-5.3838
 20
3.8148
 10
-5.3671
 20
3.8073
 10
-5.3505
 20
3.7997
 10
-5.334
 20
3.792
 10
-5.3174
 20
3.7842
 10
-5.3009
 20
3.7764
 10
-5.2845
 20
3.7685
 10
-5.2681
 20
3.7606
 10
-5.2517
 20
3.7525
 10
-5.2353
 20
3.7444
 10
-5.219
 20
3.7362
 10
-5.2027
 20
3.728
 10
-5.1865
 20
3.7196
 10
-5.1702
 20
3.7113
 10
-5.1541
 20
3.7028
 10
-5.1379
 20
3.6943
 10
-5.1218
 20
3.6856
 10
-5.1058
 20
3.677
 10
-5.0897
 20
3.6682
 10
-5.0738
 20
3.6594
 10
-5.0578
 20
3.6505
 10
-5.0419
 20
3.6416
 10
-5.026
 20
3.6325
 10
-5.0102
 20
3.6235
 10
-4.9944
 20
3.6143
 10
-4.9787
 20
3.6051
 10
-4.9629
 20
3.5958
 10
-4.9473
 20
3.5864
 10
-4.9317
 20
3.577
 10
-4.9161
 20
3.5674
 10
-4.9005
 20
3.5579
 10
-4.885
 20
3.5482
 10
-4.8696
 20
3.5385
 10
-4.8541
 20
3.5287
 10
-4.8388
 20
3.5189
 10
-4.8234
 20
3.509
 10
-4.8081
 20
3.499
 10
-4.7929
 20
3.489
 10
-4.7777
 20
3.4789
 10
-4.7625
 20
3.4687
 10
-4.7474
 20
3.4585
 10
-4.7324
 20
3.4481
 10
-4.7173
 20
3.4378
 10
-4.7024
 20
3.4273
 10
-4.6874
 20
3.4168
 10
-4.6725
 20
3.4063
 10
-4.6577
 20
3.3956
 10
-4.6429
 20
3.3849
 10
-4.6282
 20
3.3742
 10
-4.6135
 20
3.3633
 10
-4.5988
 20
3.3524
 10
-4.5842
 20
3.3415
 10
-4.5696
 20
3.3305
 10
-4.5551
 20
3.3194
 10
-4.5407
 20
3.3082
 10
-4.5263
 20
3.297
 10
-4.5119
 20
3.2858
 10
-4.4976
 20
3.2744
 10
-4.4833
 20
3.263
 10
-4.4691
 20
3.2516
 10
-4.455
 20
3.2401
 10
-4.4408
 20
3.2285
 10
-4.4268
 20
3.2168
 10
-4.4128
 20
3.2051
 10
-4.3988
 20
3.1934
 10
-4.3849
 20
3.1815
 10
-4.3711
 20
3.1697
 10
-4.3572
 20
3.1577
 10
-4.3435
 20
3.1457
 10
-4.3298
 20
3.1336
 10
-4.3162
 20
3.1215
 10
-4.3026
 20
3.1093
 10
-4.289
 20
3.0971
 10
-4.2755
 20
3.0848
 10
-4.2621
 20
3.0724
 10
-4.2487
 20
3.06
 10
-4.2354
 20
3.0475
 10
-4.2221
 20
3.035
 10
-4.2089
 20
3.0224
 10
-4.1957
 20
3.0097
 10
-4.1826
 20
2.997
 10
-4.1696
 20
2.9842
 10
-4.1566
 20
2.9714
 10
-4.1437
 20
2.9585
 10
-4.1308
 20
2.9456
 10
-4.118
 20
2.9326
 10
-4.1052
 20
2.9196
 10
-4.0925
 20
2.9065
 10
-4.0798
 20
2.8933
 10
-4.0672
 20
2.8801
 10
-4.0547
 20
2.8668
 10
-4.0422
 20
2.8535
 10
-4.0298
 20
2.8401
 10
-4.0174
 20
2.8267
 10
-4.0051
 20
2.8132
 10
-3.9929
 20
2.7996
 10
-3.9807
 20
2.786
 10
-3.9686
 20
2.7724
 10
-3.9565
 20
2.7587
 10
-3.9445
 20
2.745
 10
-3.9325
 20
2.7311
 10
-3.9207
 20
2.7173
 10
-3.9088
 20
2.7034
 10
-3.8971
 20
2.6894
 10
-3.8854
 20
2.6754
 10
-3.8737
 20
2.6614
 10
-3.8621
 20
2.6472
 10
-3.8506
 20
2.6331
 10
-3.8392
 20
2.6189
 10
-3.8278
 20
2.6046
 10
-3.8164
 20
2.5903
 10
-3.8052
 20
2.5759
 10
-3.794
 20
2.5615
 10
-3.7828
 20
2.5471
 10
-3.7717
 20
2.5326
 10
-3.7607
 20
2.518
 10
-3.7498
 20
2.5034
 10
-3.7389
 20
2.4887
 10
-3.728
 20
2.474
 10
-3.7173
 20
2.4593
 10
-3.7066
 20
2.4445
 10
-3.6959
 20
2.4297
 10
-3.6854
 20
2.4148
 10
-3.6749
 20
2.3998
 10
-3.6644
 20
2.3849
 10
-3.6541
 20
2.3698
 10
-3.6437
 20
2.3548
 10
-3.6335
 20
2.3397
 10
-3.6233
 20
2.3245
 10
-3.6132
 20
2.3093
 10
-3.6032
 20
2.2941
 10
-3.5932
 20
2.2788
 10
-3.5833
 20
2.2634
 10
-3.5735
 20
2.2481
 10
-3.5637
 20
2.2326
 10
-3.554
 20
2.2172
 10
-3.5443
 20
2.2017
 10
-3.5348
 20
2.1861
 10
-3.5252
 20
2.1705
 10
-3.5158
 20
2.1549
 10
-3.5064
 20
2.1393
 10
-3.4971
 20
2.1235
 10
-3.4879
 20
2.1078
 10
-3.4787
 20
2.092
 10
-3.4697
 20
2.0762
 10
-3.4606
 20
2.0603
 10
-3.4517
 20
2.0444
 10
-3.4428
 20
2.0284
 10
-3.434
 20
2.0125
 10
-3.4252
 20
1.9964
 10
-3.4166
 20
1.9804
 10
-3.4079
 20
1.9643
 10
-3.3994
 20
1.9481
 10
-3.3909
 20
1.932
 10
-3.3826
 20
1.9157
 10
-3.3742
 20
1.8995
 10
-3.366
 20
1.8832
 10
-3.3578
 20
1.8669
 10
-3.3497
 20
1.8505
 10
-3.3416
 20
1.8341
 10
-3.3337
 20
1.8177
 10
-3.3258
 20
1.8013
 10
-3.318
 20
1.7848
 10
-3.3102
 20
1.7682
 10
-3.3025
 20
1.7517
 10
-3.2949
 20
1.7351
 10
-3.2874
 20
1.7184
 10
-3.2799
 20
1.7018
 10
-3.2725
 20
1.6851
 10
-3.2652
 20
1.6684
 10
-3.258
 20
1.6516
 10
-3.2508
 20
1.6348
 10
-3.2437
 20
1.618
 10
-3.2367
 20
1.6011
 10
-3.2297
 20
1.5843
 10
-3.2229
 20
1.5674
 10
-3.2161
 20
1.5504
 10
-3.2093
 20
1.5334
 10
-3.2027
 20
1.5164
 10
-3.1961
 20
1.4994
 10
-3.1896
 20
1.4824
 10
-3.1832
 20
1.4653
 10
-3.1768
 20
1.4482
 10
-3.1705
 20
1.431
 10
-3.1643
 20
1.4138
 10
-3.1582
 20
1.3966
 10
-3.1521
 20
1.3794
 10
-3.1462
 20
1.3622
 10
-3.1402
 20
1.3449
 10
-3.1344
 20
1.3276
 10
-3.1287
 20
1.3103
 10
-3.123
 20
1.2929
 10
-3.1174
 20
1.2756
 10
-3.1118
 20
1.2582
 10
-3.1064
 20
1.2407
 10
-3.101
 20
1.2233
 10
-3.0957
 20
1.2058
 10
-3.0905
 20
1.1883
 10
-3.0854
 20
1.1708
 10
-3.0803
 20
1.1533
 10
-3.0753
 20
1.1357
 10
-3.0704
 20
1.1181
 10
-3.0655
 20
1.1005
 10
-3.0608
 20
1.0829
 10
-3.0561
 20
1.0653
 10
-3.0515
 20
1.0476
 10
-3.0469
 20
1.0299
 10
-3.0425
 20
1.0122
 10
-3.0381
 20
0.9945
 10
-3.0338
 20
0.9767
 10
-3.0296
 20
0.959
 10
-3.0254
 20
0.9412
 10
-3.0214
 20
0.9234
 10
-3.0174
 20
0.9056
 10
-3.0135
 20
0.8878
 10
-3.0096
 20
0.8699
 10
-3.0059
 20
0.852
 10
-3.0022
 20
0.8342
 10
-2.9986
 20
0.8163
 10
-2.9951
 20
0.7983
 10
-2.9916
 20
0.7804
 10
-2.9883
 20
0.7625
 10
-2.985
 20
0.7445
 10
-2.9818
 20
0.7265
 10
-2.9786
 20
0.7086
 10
-2.9756
 20
0.6906
 10
-2.9726
 20
0.6725
 10
-2.9697
 20
0.6545
 10
-2.9669
 20
0.6365
 10
-2.9642
 20
0.6184
 10
-2.9615
 20
0.6004
 10
-2.9589
 20
0.5823
 10
-2.9564
 20
0.5642
 10
-2.954
 20
0.5461
 10
-2.9517
 20
0.528
 10
-2.9494
 20
0.5099
 10
-2.9472
 20
0.4918
 10
-2.9451
 20
0.4736
 10
-2.9431
 20
0.4555
 10
-2.9411
 20
0.4373
 10
-2.9393
 20
0.4192
 10
-2.9375
 20
0.401
 10
-2.9358
 20
0.3828
 10
-2.9341
 20
0.3647
 10
-2.9326
 20
0.3465
 10
-2.9311
 20
0.3283
 10
-2.9297
 20
0.3101
 10
-2.9284
 20
0.2919
 10
-2.9272
 20
0.2736
 10
-2.926
 20
0.2554
 10
-2.9249
 20
0.2372
 10
-2.9239
 20
0.219
 10
-2.923
 20
0.2007
 10
-2.9222
 20
0.1825
 10
-2.9214
 20
0.1643
 10
-2.9207
 20
0.146
 10
-2.9202
 20
0.1278
 10
-2.9196
 20
0.1095
 10
-2.9192
 20
0.0913
 10
-2.9188
 20
0.073
 10
-2.9186
 20
0.0548
 10
-2.9184
 20
0.0365
 10
-2.9182
 20
0.0183
 10
-2.9182
 20
0.0
 10
-2.9182
 20
-0.0183
 10
-2.9184
 20
-0.0365
 10
-2.9186
 20
-0.0548
 10
-2.9188
 20
-0.073
 10
-2.9192
 20
-0.0913
 10
-2.9196
 20
-0.1095
 10
-2.9202
 20
-0.1278
 10
-2.9207
 20
-0.146
 10
-2.9214
 20
-0.1643
 10
-2.9222
 20
-0.1825
 10
-2.923
 20
-0.2007
 10
-2.9239
 20
-0.219
 10
-2.9249
 20
-0.2372
 10
-2.926
 20
-0.2554
  0
LWPOLYLINE
  5
AE
330
17
100
AcDbEntity
  8
ALTIN
100
AcDbPolyline
 90
1403
 70
1
 10
-10.9606
 20
-1.07
 10
-10.9559
 20
-1.0868
 10
-10.9511
 20
-1.1037
 10
-10.9462
 20
-1.1204
 10
-10.9413
 20
-1.1372
 10
-10.9363
 20
-1.1539
 10
-10.9312
 20
-1.1707
 10
-10.9261
 20
-1.1874
 10
-10.9209
 20
-1.204
 10
-10.9156
 20
-1.2207
 10
-10.9102
 20
-1.2373
 10
-10.9048
 20
-1.2539
 10
-10.8993
 20
-1.2705
 10
-10.8937
 20
-1.287
 10
-10.8881
 20
-1.3036
 10
-10.8823
 20
-1.3201
 10
-10.8765
 20
-1.3366
 10
-10.8707
 20
-1.353
 10
-10.8647
 20
-1.3694
 10
-10.8587
 20
-1.3859
 10
-10.8526
 20
-1.4022
 10
-10.8465
 20
-1.4186
 10
-10.8403
 20
-1.4349
 10
-10.834
 20
-1.4512
 10
-10.8276
 20
-1.4675
 10
-10.8212
 20
-1.4837
 10
-10.8146
 20
-1.4999
 10
-10.8081
 20
-1.5161
 10
-10.8014
 20
-1.5323
 10
-10.7947
 20
-1.5484
 10
-10.7879
 20
-1.5645
 10
-10.781
 20
-1.5806
 10
-10.7741
 20
-1.5966
 10
-10.7671
 20
-1.6126
 10
-10.76
 20
-1.6286
 10
-10.7529
 20
-1.6445
 10
-10.7457
 20
-1.6604
 10
-10.7384
 20
-1.6763
 10
-10.7311
 20
-1.6922
 10
-10.7236
 20
-1.708
 10
-10.7162
 20
-1.7238
 10
-10.7086
 20
-1.7395
 10
-10.701
 20
-1.7552
 10
-10.6933
 20
-1.7709
 10
-10.6855
 20
-1.7866
 10
-10.6777
 20
-1.8022
 10
-10.6698
 20
-1.8178
 10
-10.6618
 20
-1.8333
 10
-10.6538
 20
-1.8488
 10
-10.6457
 20
-1.8643
 10
-10.6375
 20
-1.8798
 10
-10.6293
 20
-1.8952
 10
-10.621
 20
-1.9105
 10
-10.6126
 20
-1.9259
 10
-10.6042
 20
-1.9412
 10
-10.5957
 20
-1.9564
 10
-10.5871
 20
-1.9717
 10
-10.5785
 20
-1.9869
 10
-10.5698
 20
-2.002
 10
-10.561
 20
-2.0171
 10
-10.5522
 20
-2.0322
 10
-10.5433
 20
-2.0472
 10
-10.5343
 20
-2.0622
 10
-10.5253
 20
-2.0772
 10
-10.5162
 20
-2.0921
 10
-10.507
 20
-2.107
 10
-10.4978
 20
-2.1218
 10
-10.4885
 20
-2.1366
 10
-10.4791
 20
-2.1513
 10
-10.4697
 20
-2.1661
 10
-10.4602
 20
-2.1807
 10
-10.4507
 20
-2.1954
 10
-10.4411
 20
-2.21
 10
-10.4314
 20
-2.2245
 10
-10.4217
 20
-2.239
 10
-10.4119
 20
-2.2535
 10
-10.402
 20
-2.2679
 10
-10.3921
 20
-2.2823
 10
-10.3821
 20
-2.2966
 10
-10.372
 20
-2.3109
 10
-10.3619
 20
-2.3251
 10
-10.3517
 20
-2.3393
 10
-10.3415
 20
-2.3535
 10
-10.3312
 20
-2.3676
 10
-10.3208
 20
-2.3817
 10
-10.3104
 20
-2.3957
 10
-10.2999
 20
-2.4097
 10
-10.2894
 20
-2.4236
 10
-10.2788
 20
-2.4375
 10
-10.2681
 20
-2.4513
 10
-10.2574
 20
-2.4651
 10
-10.2466
 20
-2.4789
 10
-10.2358
 20
-2.4925
 10
-10.2249
 20
-2.5062
 10
-10.2139
 20
-2.5198
 10
-10.2029
 20
-2.5334
 10
-10.1918
 20
-2.5469
 10
-10.1806
 20
-2.5603
 10
-10.1694
 20
-2.5737
 10
-10.1582
 20
-2.5871
 10
-10.1469
 20
-2.6004
 10
-10.1355
 20
-2.6137
 10
-10.1241
 20
-2.6269
 10
-10.1126
 20
-2.64
 10
-10.101
 20
-2.6531
 10
-10.0894
 20
-2.6662
 10
-10.0778
 20
-2.6792
 10
-10.066
 20
-2.6922
 10
-10.0543
 20
-2.7051
 10
-10.0424
 20
-2.7179
 10
-10.0305
 20
-2.7307
 10
-10.0186
 20
-2.7435
 10
-10.0066
 20
-2.7562
 10
-9.9945
 20
-2.7688
 10
-9.9824
 20
-2.7814
 10
-9.9703
 20
-2.794
 10
-9.9581
 20
-2.8064
 10
-9.9458
 20
-2.8189
 10
-9.9335
 20
-2.8313
 10
-9.9211
 20
-2.8436
 10
-9.9086
 20
-2.8559
 10
-9.8962
 20
-2.8681
 10
-9.8836
 20
-2.8802
 10
-9.871
 20
-2.8923
 10
-9.8584
 20
-2.9044
 10
-9.8457
 20
-2.9164
 10
-9.8329
 20
-2.9283
 10
-9.8201
 20
-2.9402
 10
-9.8073
 20
-2.9521
 10
-9.7944
 20
-2.9638
 10
-9.7814
 20
-2.9756
 10
-9.7684
 20
-2.9872
 10
-9.7553
 20
-2.9988
 10
-9.7422
 20
-3.0104
 10
-9.7291
 20
-3.0219
 10
-9.7159
 20
-3.0333
 10
-9.7026
 20
-3.0447
 10
-9.6893
 20
-3.056
 10
-9.6759
 20
-3.0672
 10
-9.6625
 20
-3.0784
 10
-9.6491
 20
-3.0896
 10
-9.6356
 20
-3.1007
 10
-9.622
 20
-3.1117
 10
-9.6084
 20
-3.1227
 10
-9.5947
 20
-3.1336
 10
-9.5811
 20
-3.1444
 10
-9.5673
 20
-3.1552
 10
-9.5535
 20
-3.1659
 10
-9.5397
 20
-3.1766
 10
-9.5258
 20
-3.1872
 10
-9.5119
 20
-3.1977
 10
-9.4979
 20
-3.2082
 10
-9.4839
 20
-3.2186
 10
-9.4698
 20
-3.229
 10
-9.4557
 20
-3.2393
 10
-9.4415
 20
-3.2495
 10
-9.4273
 20
-3.2597
 10
-9.4131
 20
-3.2698
 10
-9.3988
 20
-3.2799
 10
-9.3845
 20
-3.2899
 10
-9.3701
 20
-3.2998
 10
-9.3557
 20
-3.3097
 10
-9.3412
 20
-3.3195
 10
-9.3267
 20
-3.3292
 10
-9.3122
 20
-3.3389
 10
-9.2976
 20
-3.3485
 10
-9.2829
 20
-3.358
 10
-9.2683
 20
-3.3675
 10
-9.2535
 20
-3.3769
 10
-9.2388
 20
-3.3863
 10
-9.224
 20
-3.3956
 10
-9.2092
 20
-3.4048
 10
-9.1943
 20
-3.414
 10
-9.1794
 20
-3.4231
 10
-9.1644
 20
-3.4321
 10
-9.1494
 20
-3.4411
 10
-9.1344
 20
-3.45
 10
-9.1193
 20
-3.4588
 10
-9.1042
 20
-3.4676
 10
-9.0891
 20
-3.4763
 10
-9.0739
 20
-3.4849
 10
-9.0586
 20
-3.4935
 10
-9.0434
 20
-3.502
 10
-9.0281
 20
-3.5104
 10
-9.0127
 20
-3.5188
 10
-8.9974
 20
-3.5271
 10
-8.982
 20
-3.5353
 10
-8.9665
 20
-3.5435
 10
-8.951
 20
-3.5516
 10
-8.9355
 20
-3.5596
 10
-8.92
 20
-3.5676
 10
-8.9112
 20
-3.572
 10
-8.844
 20
-3.4325
 10
-8.6999
 20
-3.502
 10
-8.767
 20
-3.6415
 10
-8.7626
 20
-3.6435
 10
-8.7467
 20
-3.6507
 10
-8.7308
 20
-3.6578
 10
-8.7148
 20
-3.6649
 10
-8.6988
 20
-3.6719
 10
-8.6828
 20
-3.6788
 10
-8.6667
 20
-3.6857
 10
-8.6506
 20
-3.6925
 10
-8.6345
 20
-3.6992
 10
-8.6183
 20
-3.7059
 10
-8.6021
 20
-3.7124
 10
-8.5859
 20
-3.719
 10
-8.5697
 20
-3.7254
 10
-8.5534
 20
-3.7318
 10
-8.5371
 20
-3.7381
 10
-8.5208
 20
-3.7443
 10
-8.5044
 20
-3.7504
 10
-8.4881
 20
-3.7565
 10
-8.4716
 20
-3.7625
 10
-8.4552
 20
-3.7685
 10
-8.4388
 20
-3.7743
 10
-8.4223
 20
-3.7801
 10
-8.4058
 20
-3.7859
 10
-8.3892
 20
-3.7915
 10
-8.3727
 20
-3.7971
 10
-8.3561
 20
-3.8026
 10
-8.3395
 20
-3.808
 10
-8.3229
 20
-3.8134
 10
-8.3062
 20
-3.8187
 10
-8.2896
 20
-3.8239
 10
-8.2729
 20
-3.829
 10
-8.2561
 20
-3.8341
 10
-8.2394
 20
-3.8391
 10
-8.2226
 20
-3.844
 10
-8.2059
 20
-3.8489
 10
-8.189
 20
-3.8537
 10
-8.1722
 20
-3.8584
 10
-8.1554
 20
-3.863
 10
-8.1385
 20
-3.8676
 10
-8.1216
 20
-3.8721
 10
-8.1047
 20
-3.8765
 10
-8.0878
 20
-3.8808
 10
-8.0709
 20
-3.8851
 10
-8.0539
 20
-3.8893
 10
-8.0369
 20
-3.8934
 10
-8.0199
 20
-3.8974
 10
-8.0029
 20
-3.9014
 10
-7.9859
 20
-3.9053
 10
-7.9688
 20
-3.9091
 10
-7.9518
 20
-3.9128
 10
-7.9347
 20
-3.9165
 10
-7.9176
 20
-3.9201
 10
-7.9005
 20
-3.9236
 10
-7.8833
 20
-3.9271
 10
-7.8662
 20
-3.9304
 10
-7.849
 20
-3.9337
 10
-7.8319
 20
-3.937
 10
-7.8147
 20
-3.9401
 10
-7.7975
 20
-3.9432
 10
-7.7803
 20
-3.9462
 10
-7.7631
 20
-3.9491
 10
-7.7458
 20
-3.9519
 10
-7.7286
 20
-3.9547
 10
-7.7113
 20
-3.9574
 10
-7.694
 20
-3.96
 10
-7.6767
 20
-3.9626
 10
-7.6594
 20
-3.965
 10
-7.6421
 20
-3.9674
 10
-7.6248
 20
-3.9697
 10
-7.6075
 20
-3.972
 10
-7.5902
 20
-3.9742
 10
-7.5728
 20
-3.9762
 10
-7.5555
 20
-3.9783
 10
-7.5381
 20
-3.9802
 10
-7.5207
 20
-3.9821
 10
-7.5034
 20
-3.9839
 10
-7.486
 20
-3.9856
 10
-7.4686
 20
-3.9872
 10
-7.4512
 20
-3.9888
 10
-7.4338
 20
-3.9902
 10
-7.4164
 20
-3.9917
 10
-7.3989
 20
-3.993
 10
-7.3815
 20
-3.9942
 10
-7.3641
 20
-3.9954
 10
-7.3466
 20
-3.9965
 10
-7.3292
 20
-3.9976
 10
-7.3118
 20
-3.9985
 10
-7.2943
 20
-3.9994
 10
-7.2769
 20
-4.0002
 10
-7.2594
 20
-4.0009
 10
-7.2419
 20
-4.0016
 10
-7.2245
 20
-4.0021
 10
-7.207
 20
-4.0026
 10
-7.1895
 20
-4.003
 10
-7.1721
 20
-4.0034
 10
-7.1546
 20
-4.0037
 10
-7.1371
 20
-4.0038
 10
-7.1197
 20
-4.004
 10
-7.1022
 20
-4.004
 10
-7.0847
 20
-4.004
 10
-7.0673
 20
-4.0038
 10
-7.0498
 20
-4.0037
 10
-7.0323
 20
-4.0034
 10
-7.0149
 20
-4.003
 10
-6.9974
 20
-4.0026
 10
-6.9799
 20
-4.0021
 10
-6.9625
 20
-4.0016
 10
-6.945
 20
-4.0009
 10
-6.9275
 20
-4.0002
 10
-6.9101
 20
-3.9994
 10
-6.8926
 20
-3.9985
 10
-6.8752
 20
-3.9976
 10
-6.8578
 20
-3.9965
 10
-6.8403
 20
-3.9954
 10
-6.8229
 20
-3.9942
 10
-6.8055
 20
-3.993
 10
-6.788
 20
-3.9917
 10
-6.7706
 20
-3.9902
 10
-6.7532
 20
-3.9888
 10
-6.7358
 20
-3.9872
 10
-6.7184
 20
-3.9856
 10
-6.701
 20
-3.9839
 10
-6.6837
 20
-3.9821
 10
-6.6663
 20
-3.9802
 10
-6.6489
 20
-3.9783
 10
-6.6316
 20
-3.9762
 10
-6.6142
 20
-3.9742
 10
-6.5969
 20
-3.972
 10
-6.5796
 20
-3.9697
 10
-6.5623
 20
-3.9674
 10
-6.545
 20
-3.965
 10
-6.5277
 20
-3.9626
 10
-6.5104
 20
-3.96
 10
-6.4931
 20
-3.9574
 10
-6.4758
 20
-3.9547
 10
-6.4586
 20
-3.9519
 10
-6.4413
 20
-3.9491
 10
-6.4241
 20
-3.9462
 10
-6.4069
 20
-3.9432
 10
-6.3897
 20
-3.9401
 10
-6.3725
 20
-3.937
 10
-6.3554
 20
-3.9337
 10
-6.3382
 20
-3.9304
 10
-6.3211
 20
-3.9271
 10
-6.3039
 20
-3.9236
 10
-6.2868
 20
-3.9201
 10
-6.2697
 20
-3.9165
 10
-6.2526
 20
-3.9128
 10
-6.2356
 20
-3.9091
 10
-6.2185
 20
-3.9053
 10
-6.2015
 20
-3.9014
 10
-6.1845
 20
-3.8974
 10
-6.1675
 20
-3.8934
 10
-6.1505
 20
-3.8893
 10
-6.1335
 20
-3.8851
 10
-6.1166
 20
-3.8808
 10
-6.0997
 20
-3.8765
 10
-6.0828
 20
-3.8721
 10
-6.0659
 20
-3.8676
 10
-6.049
 20
-3.863
 10
-6.0322
 20
-3.8584
 10
-6.0154
 20
-3.8537
 10
-5.9985
 20
-3.8489
 10
-5.9818
 20
-3.844
 10
-5.965
 20
-3.8391
 10
-5.9483
 20
-3.8341
 10
-5.9315
 20
-3.829
 10
-5.9148
 20
-3.8239
 10
-5.8982
 20
-3.8187
 10
-5.8815
 20
-3.8134
 10
-5.8649
 20
-3.808
 10
-5.8483
 20
-3.8026
 10
-5.8317
 20
-3.7971
 10
-5.8152
 20
-3.7915
 10
-5.7986
 20
-3.7859
 10
-5.7821
 20
-3.7801
 10
-5.7656
 20
-3.7743
 10
-5.7492
 20
-3.7685
 10
-5.7328
 20
-3.7625
 10
-5.7163
 20
-3.7565
 10
-5.7
 20
-3.7504
 10
-5.6836
 20
-3.7443
 10
-5.6673
 20
-3.7381
 10
-5.651
 20
-3.7318
 10
-5.6347
 20
-3.7254
 10
-5.6185
 20
-3.719
 10
-5.6023
 20
-3.7124
 10
-5.5861
 20
-3.7059
 10
-5.5699
 20
-3.6992
 10
-5.5538
 20
-3.6925
 10
-5.5377
 20
-3.6857
 10
-5.5216
 20
-3.6788
 10
-5.5056
 20
-3.6719
 10
-5.4896
 20
-3.6649
 10
-5.4736
 20
-3.6578
 10
-5.4577
 20
-3.6507
 10
-5.4418
 20
-3.6435
 10
-5.4374
 20
-3.6415
 10
-5.5045
 20
-3.502
 10
-5.3604
 20
-3.4325
 10
-5.2932
 20
-3.572
 10
-5.2844
 20
-3.5676
 10
-5.2689
 20
-3.5596
 10
-5.2534
 20
-3.5516
 10
-5.2379
 20
-3.5435
 10
-5.2224
 20
-3.5353
 10
-5.207
 20
-3.5271
 10
-5.1917
 20
-3.5188
 10
-5.1763
 20
-3.5104
 10
-5.161
 20
-3.502
 10
-5.1458
 20
-3.4935
 10
-5.1305
 20
-3.4849
 10
-5.1153
 20
-3.4763
 10
-5.1002
 20
-3.4676
 10
-5.0851
 20
-3.4588
 10
-5.07
 20
-3.45
 10
-5.055
 20
-3.4411
 10
-5.04
 20
-3.4321
 10
-5.025
 20
-3.4231
 10
-5.0101
 20
-3.414
 10
-4.9952
 20
-3.4048
 10
-4.9804
 20
-3.3956
 10
-4.9656
 20
-3.3863
 10
-4.9509
 20
-3.3769
 10
-4.9361
 20
-3.3675
 10
-4.9215
 20
-3.358
 10
-4.9068
 20
-3.3485
 10
-4.8922
 20
-3.3389
 10
-4.8777
 20
-3.3292
 10
-4.8632
 20
-3.3195
 10
-4.8487
 20
-3.3097
 10
-4.8343
 20
-3.2998
 10
-4.8199
 20
-3.2899
 10
-4.8056
 20
-3.2799
 10
-4.7913
 20
-3.2698
 10
-4.7771
 20
-3.2597
 10
-4.7629
 20
-3.2495
 10
-4.7487
 20
-3.2393
 10
-4.7346
 20
-3.229
 10
-4.7205
 20
-3.2186
 10
-4.7065
 20
-3.2082
 10
-4.6925
 20
-3.1977
 10
-4.6786
 20
-3.1872
 10
-4.6647
 20
-3.1766
 10
-4.6509
 20
-3.1659
 10
-4.6371
 20
-3.1552
 10
-4.6233
 20
-3.1444
 10
-4.6097
 20
-3.1336
 10
-4.596
 20
-3.1227
 10
-4.5824
 20
-3.1117
 10
-4.5688
 20
-3.1007
 10
-4.5553
 20
-3.0896
 10
-4.5419
 20
-3.0784
 10
-4.5285
 20
-3.0672
 10
-4.5151
 20
-3.056
 10
-4.5018
 20
-3.0447
 10
-4.4885
 20
-3.0333
 10
-4.4753
 20
-3.0219
 10
-4.4622
 20
-3.0104
 10
-4.4491
 20
-2.9988
 10
-4.436
 20
-2.9872
 10
-4.423
 20
-2.9756
 10
-4.41
 20
-2.9638
 10
-4.3971
 20
-2.9521
 10
-4.3843
 20
-2.9402
 10
-4.3715
 20
-2.9283
 10
-4.3587
 20
-2.9164
 10
-4.346
 20
-2.9044
 10
-4.3334
 20
-2.8923
 10
-4.3208
 20
-2.8802
 10
-4.3082
 20
-2.8681
 10
-4.2958
 20
-2.8559
 10
-4.2833
 20
-2.8436
 10
-4.2709
 20
-2.8313
 10
-4.2586
 20
-2.8189
 10
-4.2463
 20
-2.8064
 10
-4.2341
 20
-2.794
 10
-4.222
 20
-2.7814
 10
-4.2099
 20
-2.7688
 10
-4.1978
 20
-2.7562
 10
-4.1858
 20
-2.7435
 10
-4.1739
 20
-2.7307
 10
-4.162
 20
-2.7179
 10
-4.1501
 20
-2.7051
 10
-4.1384
 20
-2.6922
 10
-4.1266
 20
-2.6792
 10
-4.115
 20
-2.6662
 10
-4.1034
 20
-2.6531
 10
-4.0918
 20
-2.64
 10
-4.0803
 20
-2.6269
 10
-4.0689
 20
-2.6137
 10
-4.0575
 20
-2.6004
 10
-4.0462
 20
-2.5871
 10
-4.035
 20
-2.5737
 10
-4.0238
 20
-2.5603
 10
-4.0126
 20
-2.5469
 10
-4.0015
 20
-2.5334
 10
-3.9905
 20
-2.5198
 10
-3.9795
 20
-2.5062
 10
-3.9686
 20
-2.4925
 10
-3.9578
 20
-2.4789
 10
-3.947
 20
-2.4651
 10
-3.9363
 20
-2.4513
 10
-3.9256
 20
-2.4375
 10
-3.915
 20
-2.4236
 10
-3.9045
 20
-2.4097
 10
-3.894
 20
-2.3957
 10
-3.8836
 20
-2.3817
 10
-3.8732
 20
-2.3676
 10
-3.8629
 20
-2.3535
 10
-3.8527
 20
-2.3393
 10
-3.8425
 20
-2.3251
 10
-3.8324
 20
-2.3109
 10
-3.8223
 20
-2.2966
 10
-3.8123
 20
-2.2823
 10
-3.8024
 20
-2.2679
 10
-3.7925
 20
-2.2535
 10
-3.7827
 20
-2.239
 10
-3.773
 20
-2.2245
 10
-3.7633
 20
-2.21
 10
-3.7537
 20
-2.1954
 10
-3.7442
 20
-2.1807
 10
-3.7347
 20
-2.1661
 10
-3.7253
 20
-2.1513
 10
-3.7159
 20
-2.1366
 10
-3.7066
 20
-2.1218
 10
-3.6974
 20
-2.107
 10
-3.6882
 20
-2.0921
 10
-3.6791
 20
-2.0772
 10
-3.6701
 20
-2.0622
 10
-3.6611
 20
-2.0472
 10
-3.6522
 20
-2.0322
 10
-3.6434
 20
-2.0171
 10
-3.6346
 20
-2.002
 10
-3.6259
 20
-1.9869
 10
-3.6173
 20
-1.9717
 10
-3.6087
 20
-1.9564
 10
-3.6002
 20
-1.9412
 10
-3.5918
 20
-1.9259
 10
-3.5834
 20
-1.9105
 10
-3.5751
 20
-1.8952
 10
-3.5669
 20
-1.8798
 10
-3.5587
 20
-1.8643
 10
-3.5506
 20
-1.8488
 10
-3.5426
 20
-1.8333
 10
-3.5346
 20
-1.8178
 10
-3.5267
 20
-1.8022
 10
-3.5189
 20
-1.7866
 10
-3.5111
 20
-1.7709
 10
-3.5034
 20
-1.7552
 10
-3.4958
 20
-1.7395
 10
-3.4882
 20
-1.7238
 10
-3.4808
 20
-1.708
 10
-3.4733
 20
-1.6922
 10
-3.466
 20
-1.6763
 10
-3.4587
 20
-1.6604
 10
-3.4515
 20
-1.6445
 10
-3.4444
 20
-1.6286
 10
-3.4373
 20
-1.6126
 10
-3.4303
 20
-1.5966
 10
-3.4234
 20
-1.5806
 10
-3.4165
 20
-1.5645
 10
-3.4097
 20
-1.5484
 10
-3.403
 20
-1.5323
 10
-3.3963
 20
-1.5161
 10
-3.3898
 20
-1.4999
 10
-3.3832
 20
-1.4837
 10
-3.3768
 20
-1.4675
 10
-3.3704
 20
-1.4512
 10
-3.3641
 20
-1.4349
 10
-3.3579
 20
-1.4186
 10
-3.3518
 20
-1.4022
 10
-3.3457
 20
-1.3859
 10
-3.3397
 20
-1.3694
 10
-3.3337
 20
-1.353
 10
-3.3279
 20
-1.3366
 10
-3.3221
 20
-1.3201
 10
-3.3163
 20
-1.3036
 10
-3.3107
 20
-1.287
 10
-3.3051
 20
-1.2705
 10
-3.2996
 20
-1.2539
 10
-3.2942
 20
-1.2373
 10
-3.2888
 20
-1.2207
 10
-3.2835
 20
-1.204
 10
-3.2783
 20
-1.1874
 10
-3.2732
 20
-1.1707
 10
-3.2681
 20
-1.1539
 10
-3.2631
 20
-1.1372
 10
-3.2582
 20
-1.1204
 10
-3.2533
 20
-1.1037
 10
-3.2485
 20
-1.0868
 10
-3.2438
 20
-1.07
 10
-3.2392
 20
-1.0532
 10
-3.2346
 20
-1.0363
 10
-3.2301
 20
-1.0194
 10
-3.2257
 20
-1.0025
 10
-3.2214
 20
-0.9856
 10
-3.2172
 20
-0.9688
 10
-3.3681
 20
-0.9343
 10
-3.3325
 20
-0.7783
 10
-3.1816
 20
-0.8128
 10
-3.1786
 20
-0.7983
 10
-3.1751
 20
-0.7811
 10
-3.1718
 20
-0.764
 10
-3.1685
 20
-0.7468
 10
-3.1652
 20
-0.7297
 10
-3.1621
 20
-0.7125
 10
-3.159
 20
-0.6953
 10
-3.156
 20
-0.6781
 10
-3.1531
 20
-0.6609
 10
-3.1503
 20
-0.6436
 10
-3.1475
 20
-0.6264
 10
-3.1448
 20
-0.6091
 10
-3.1422
 20
-0.5918
 10
-3.1396
 20
-0.5745
 10
-3.1372
 20
-0.5572
 10
-3.1348
 20
-0.5399
 10
-3.1325
 20
-0.5226
 10
-3.1302
 20
-0.5053
 10
-3.128
 20
-0.488
 10
-3.126
 20
-0.4706
 10
-3.1239
 20
-0.4533
 10
-3.122
 20
-0.4359
 10
-3.1201
 20
-0.4185
 10
-3.1183
 20
-0.4012
 10
-3.1166
 20
-0.3838
 10
-3.115
 20
-0.3664
 10
-3.1134
 20
-0.349
 10
-3.112
 20
-0.3316
 10
-3.1105
 20
-0.3142
 10
-3.1092
 20
-0.2967
 10
-3.108
 20
-0.2793
 10
-3.1068
 20
-0.2619
 10
-3.1057
 20
-0.2444
 10
-3.1046
 20
-0.227
 10
-3.1037
 20
-0.2096
 10
-3.1028
 20
-0.1921
 10
-3.102
 20
-0.1747
 10
-3.1013
 20
-0.1572
 10
-3.1006
 20
-0.1397
 10
-3.1001
 20
-0.1223
 10
-3.0996
 20
-0.1048
 10
-3.0992
 20
-0.0873
 10
-3.0988
 20
-0.0699
 10
-3.0985
 20
-0.0524
 10
-3.0984
 20
-0.0349
 10
-3.0982
 20
-0.0175
 10
-3.0982
 20
0.0
 10
-3.0982
 20
0.0175
 10
-3.0984
 20
0.0349
 10
-3.0985
 20
0.0524
 10
-3.0988
 20
0.0699
 10
-3.0992
 20
0.0873
 10
-3.0996
 20
0.1048
 10
-3.1001
 20
0.1223
 10
-3.1006
 20
0.1397
 10
-3.1013
 20
0.1572
 10
-3.102
 20
0.1747
 10
-3.1028
 20
0.1921
 10
-3.1037
 20
0.2096
 10
-3.1046
 20
0.227
 10
-3.1057
 20
0.2444
 10
-3.1068
 20
0.2619
 10
-3.108
 20
0.2793
 10
-3.1092
 20
0.2967
 10
-3.1105
 20
0.3142
 10
-3.112
 20
0.3316
 10
-3.1134
 20
0.349
 10
-3.115
 20
0.3664
 10
-3.1166
 20
0.3838
 10
-3.1183
 20
0.4012
 10
-3.1201
 20
0.4185
 10
-3.122
 20
0.4359
 10
-3.1239
 20
0.4533
 10
-3.126
 20
0.4706
 10
-3.128
 20
0.488
 10
-3.1302
 20
0.5053
 10
-3.1325
 20
0.5226
 10
-3.1348
 20
0.5399
 10
-3.1372
 20
0.5572
 10
-3.1396
 20
0.5745
 10
-3.1422
 20
0.5918
 10
-3.1448
 20
0.6091
 10
-3.1475
 20
0.6264
 10
-3.1503
 20
0.6436
 10
-3.1531
 20
0.6609
 10
-3.156
 20
0.6781
 10
-3.159
 20
0.6953
 10
-3.1621
 20
0.7125
 10
-3.1652
 20
0.7297
 10
-3.1685
 20
0.7468
 10
-3.1718
 20
0.764
 10
-3.1751
 20
0.7811
 10
-3.1786
 20
0.7983
 10
-3.1821
 20
0.8154
 10
-3.1857
 20
0.8325
 10
-3.1894
 20
0.8496
 10
-3.1931
 20
0.8666
 10
-3.1969
 20
0.8837
 10
-3.2008
 20
0.9007
 10
-3.2048
 20
0.9177
 10
-3.2088
 20
0.9347
 10
-3.2129
 20
0.9517
 10
-3.2171
 20
0.9687
 10
-3.2214
 20
0.9856
 10
-3.2257
 20
1.0025
 10
-3.2301
 20
1.0194
 10
-3.2346
 20
1.0363
 10
-3.2392
 20
1.0532
 10
-3.2438
 20
1.07
 10
-3.2485
 20
1.0868
 10
-3.2533
 20
1.1037
 10
-3.2582
 20
1.1204
 10
-3.2631
 20
1.1372
 10
-3.2681
 20
1.1539
 10
-3.2732
 20
1.1707
 10
-3.2783
 20
1.1874
 10
-3.2835
 20
1.204
 10
-3.2888
 20
1.2207
 10
-3.2942
 20
1.2373
 10
-3.2996
 20
1.2539
 10
-3.3051
 20
1.2705
 10
-3.3107
 20
1.287
 10
-3.3163
 20
1.3036
 10
-3.3221
 20
1.3201
 10
-3.3279
 20
1.3366
 10
-3.3337
 20
1.353
 10
-3.3397
 20
1.3694
 10
-3.3457
 20
1.3859
 10
-3.3518
 20
1.4022
 10
-3.3579
 20
1.4186
 10
-3.3641
 20
1.4349
 10
-3.3704
 20
1.4512
 10
-3.3768
 20
1.4675
 10
-3.3832
 20
1.4837
 10
-3.3898
 20
1.4999
 10
-3.3963
 20
1.5161
 10
-3.403
 20
1.5323
 10
-3.4097
 20
1.5484
 10
-3.4165
 20
1.5645
 10
-3.4234
 20
1.5806
 10
-3.4303
 20
1.5966
 10
-3.4373
 20
1.6126
 10
-3.4444
 20
1.6286
 10
-3.4515
 20
1.6445
 10
-3.4587
 20
1.6604
 10
-3.466
 20
1.6763
 10
-3.4733
 20
1.6922
 10
-3.4808
 20
1.708
 10
-3.4882
 20
1.7238
 10
-3.4958
 20
1.7395
 10
-3.5034
 20
1.7552
 10
-3.5111
 20
1.7709
 10
-3.5189
 20
1.7866
 10
-3.5267
 20
1.8022
 10
-3.5346
 20
1.8178
 10
-3.5426
 20
1.8333
 10
-3.5506
 20
1.8488
 10
-3.5587
 20
1.8643
 10
-3.5669
 20
1.8798
 10
-3.5751
 20
1.8952
 10
-3.5834
 20
1.9105
 10
-3.5918
 20
1.9259
 10
-3.6002
 20
1.9412
 10
-3.6087
 20
1.9564
 10
-3.6173
 20
1.9717
 10
-3.6259
 20
1.9869
 10
-3.6346
 20
2.002
 10
-3.6434
 20
2.0171
 10
-3.6522
 20
2.0322
 10
-3.6611
 20
2.0472
 10
-3.6701
 20
2.0622
 10
-3.6791
 20
2.0772
 10
-3.6882
 20
2.0921
 10
-3.6974
 20
2.107
 10
-3.7066
 20
2.1218
 10
-3.7159
 20
2.1366
 10
-3.7253
 20
2.1513
 10
-3.7347
 20
2.1661
 10
-3.7442
 20
2.1807
 10
-3.7537
 20
2.1954
 10
-3.7633
 20
2.21
 10
-3.773
 20
2.2245
 10
-3.7827
 20
2.239
 10
-3.7925
 20
2.2535
 10
-3.8024
 20
2.2679
 10
-3.8123
 20
2.2823
 10
-3.8223
 20
2.2966
 10
-3.8324
 20
2.3109
 10
-3.8425
 20
2.3251
 10
-3.8527
 20
2.3393
 10
-3.8629
 20
2.3535
 10
-3.8732
 20
2.3676
 10
-3.8836
 20
2.3817
 10
-3.894
 20
2.3957
 10
-3.9045
 20
2.4097
 10
-3.915
 20
2.4236
 10
-3.9225
 20
2.4334
 10
-4.0436
 20
2.3369
 10
-4.1433
 20
2.462
 10
-4.0223
 20
2.5585
 10
-4.0238
 20
2.5603
 10
-4.035
 20
2.5737
 10
-4.0462
 20
2.5871
 10
-4.0575
 20
2.6004
 10
-4.0689
 20
2.6137
 10
-4.0803
 20
2.6269
 10
-4.0918
 20
2.64
 10
-4.1034
 20
2.6531
 10
-4.115
 20
2.6662
 10
-4.1266
 20
2.6792
 10
-4.1384
 20
2.6922
 10
-4.1501
 20
2.7051
 10
-4.162
 20
2.7179
 10
-4.1739
 20
2.7307
 10
-4.1858
 20
2.7435
 10
-4.1978
 20
2.7562
 10
-4.2099
 20
2.7688
 10
-4.222
 20
2.7814
 10
-4.2341
 20
2.794
 10
-4.2463
 20
2.8064
 10
-4.2586
 20
2.8189
 10
-4.2709
 20
2.8313
 10
-4.2833
 20
2.8436
 10
-4.2958
 20
2.8559
 10
-4.3082
 20
2.8681
 10
-4.3208
 20
2.8802
 10
-4.3334
 20
2.8923
 10
-4.346
 20
2.9044
 10
-4.3587
 20
2.9164
 10
-4.3715
 20
2.9283
 10
-4.3843
 20
2.9402
 10
-4.3971
 20
2.9521
 10
-4.41
 20
2.9638
 10
-4.423
 20
2.9756
 10
-4.436
 20
2.9872
 10
-4.4491
 20
2.9988
 10
-4.4622
 20
3.0104
 10
-4.4753
 20
3.0219
 10
-4.4885
 20
3.0333
 10
-4.5018
 20
3.0447
 10
-4.5151
 20
3.056
 10
-4.5285
 20
3.0672
 10
-4.5419
 20
3.0784
 10
-4.5553
 20
3.0896
 10
-4.5688
 20
3.1007
 10
-4.5824
 20
3.1117
 10
-4.596
 20
3.1227
 10
-4.6097
 20
3.1336
 10
-4.6233
 20
3.1444
 10
-4.6371
 20
3.1552
 10
-4.6509
 20
3.1659
 10
-4.6647
 20
3.1766
 10
-4.6786
 20
3.1872
 10
-4.6925
 20
3.1977
 10
-4.7065
 20
3.2082
 10
-4.7205
 20
3.2186
 10
-4.7346
 20
3.229
 10
-4.7487
 20
3.2393
 10
-4.7629
 20
3.2495
 10
-4.7771
 20
3.2597
 10
-4.7913
 20
3.2698
 10
-4.8056
 20
3.2799
 10
-4.8199
 20
3.2899
 10
-4.8343
 20
3.2998
 10
-4.8487
 20
3.3097
 10
-4.8632
 20
3.3195
 10
-4.8777
 20
3.3292
 10
-4.8922
 20
3.3389
 10
-4.9068
 20
3.3485
 10
-4.9215
 20
3.358
 10
-4.9361
 20
3.3675
 10
-4.9509
 20
3.3769
 10
-4.9656
 20
3.3863
 10
-4.9804
 20
3.3956
 10
-4.9952
 20
3.4048
 10
-5.0101
 20
3.414
 10
-5.025
 20
3.4231
 10
-5.04
 20
3.4321
 10
-5.055
 20
3.4411
 10
-5.07
 20
3.45
 10
-5.0851
 20
3.4588
 10
-5.1002
 20
3.4676
 10
-5.1153
 20
3.4763
 10
-5.1305
 20
3.4849
 10
-5.1458
 20
3.4935
 10
-5.161
 20
3.502
 10
-5.1763
 20
3.5104
 10
-5.1917
 20
3.5188
 10
-5.207
 20
3.5271
 10
-5.2224
 20
3.5353
 10
-5.2379
 20
3.5435
 10
-5.2534
 20
3.5516
 10
-5.2689
 20
3.5596
 10
-5.2844
 20
3.5676
 10
-5.3
 20
3.5755
 10
-5.3156
 20
3.5833
 10
-5.3313
 20
3.5911
 10
-5.347
 20
3.5988
 10
-5.3627
 20
3.6064
 10
-5.3784
 20
3.614
 10
-5.3942
 20
3.6214
 10
-5.41
 20
3.6289
 10
-5.4259
 20
3.6362
 10
-5.4418
 20
3.6435
 10
-5.4577
 20
3.6507
 10
-5.4736
 20
3.6578
 10
-5.4896
 20
3.6649
 10
-5.5056
 20
3.6719
 10
-5.5216
 20
3.6788
 10
-5.5377
 20
3.6857
 10
-5.5538
 20
3.6925
 10
-5.5699
 20
3.6992
 10
-5.5861
 20
3.7059
 10
-5.6023
 20
3.7124
 10
-5.6185
 20
3.719
 10
-5.6347
 20
3.7254
 10
-5.651
 20
3.7318
 10
-5.6673
 20
3.7381
 10
-5.6836
 20
3.7443
 10
-5.7
 20
3.7504
 10
-5.7163
 20
3.7565
 10
-5.7328
 20
3.7625
 10
-5.7492
 20
3.7685
 10
-5.7656
 20
3.7743
 10
-5.7821
 20
3.7801
 10
-5.7986
 20
3.7859
 10
-5.8152
 20
3.7915
 10
-5.8317
 20
3.7971
 10
-5.8483
 20
3.8026
 10
-5.8649
 20
3.808
 10
-5.8815
 20
3.8134
 10
-5.8982
 20
3.8187
 10
-5.9148
 20
3.8239
 10
-5.9315
 20
3.829
 10
-5.9483
 20
3.8341
 10
-5.965
 20
3.8391
 10
-5.9818
 20
3.844
 10
-5.9985
 20
3.8489
 10
-6.0154
 20
3.8537
 10
-6.0322
 20
3.8584
 10
-6.049
 20
3.863
 10
-6.0659
 20
3.8676
 10
-6.0828
 20
3.8721
 10
-6.0997
 20
3.8765
 10
-6.1166
 20
3.8808
 10
-6.1335
 20
3.8851
 10
-6.1505
 20
3.8893
 10
-6.1675
 20
3.8934
 10
-6.1845
 20
3.8974
 10
-6.2015
 20
3.9014
 10
-6.2185
 20
3.9053
 10
-6.2356
 20
3.9091
 10
-6.2526
 20
3.9128
 10
-6.2697
 20
3.9165
 10
-6.2868
 20
3.9201
 10
-6.3039
 20
3.9236
 10
-6.3211
 20
3.9271
 10
-6.3382
 20
3.9304
 10
-6.3554
 20
3.9337
 10
-6.3725
 20
3.937
 10
-6.3897
 20
3.9401
 10
-6.4069
 20
3.9432
 10
-6.4241
 20
3.9462
 10
-6.4413
 20
3.9491
 10
-6.4586
 20
3.9519
 10
-6.4758
 20
3.9547
 10
-6.4931
 20
3.9574
 10
-6.5104
 20
3.96
 10
-6.5277
 20
3.9626
 10
-6.545
 20
3.965
 10
-6.5623
 20
3.9674
 10
-6.5796
 20
3.9697
 10
-6.5969
 20
3.972
 10
-6.6142
 20
3.9742
 10
-6.6316
 20
3.9762
 10
-6.6489
 20
3.9783
 10
-6.6663
 20
3.9802
 10
-6.6837
 20
3.9821
 10
-6.701
 20
3.9839
 10
-6.7184
 20
3.9856
 10
-6.7358
 20
3.9872
 10
-6.7532
 20
3.9888
 10
-6.7706
 20
3.9902
 10
-6.788
 20
3.9917
 10
-6.8055
 20
3.993
 10
-6.8229
 20
3.9942
 10
-6.8403
 20
3.9954
 10
-6.8578
 20
3.9965
 10
-6.8752
 20
3.9976
 10
-6.8926
 20
3.9985
 10
-6.9101
 20
3.9994
 10
-6.9275
 20
4.0002
 10
-6.945
 20
4.0009
 10
-6.9625
 20
4.0016
 10
-6.9799
 20
4.0021
 10
-6.9974
 20
4.0026
 10
-7.0149
 20
4.003
 10
-7.0222
 20
4.0032
 10
-7.0222
 20
3.8484
 10
-7.1822
 20
3.8484
 10
-7.1822
 20
4.0032
 10
-7.1895
 20
4.003
 10
-7.207
 20
4.0026
 10
-7.2245
 20
4.0021
 10
-7.2419
 20
4.0016
 10
-7.2594
 20
4.0009
 10
-7.2769
 20
4.0002
 10
-7.2943
 20
3.9994
 10
-7.3118
 20
3.9985
 10
-7.3292
 20
3.9976
 10
-7.3466
 20
3.9965
 10
-7.3641
 20
3.9954
 10
-7.3815
 20
3.9942
 10
-7.3989
 20
3.993
 10
-7.4164
 20
3.9917
 10
-7.4338
 20
3.9902
 10
-7.4512
 20
3.9888
 10
-7.4686
 20
3.9872
 10
-7.486
 20
3.9856
 10
-7.5034
 20
3.9839
 10
-7.5207
 20
3.9821
 10
-7.5381
 20
3.9802
 10
-7.5555
 20
3.9783
 10
-7.5728
 20
3.9762
 10
-7.5902
 20
3.9742
 10
-7.6075
 20
3.972
 10
-7.6248
 20
3.9697
 10
-7.6421
 20
3.9674
 10
-7.6594
 20
3.965
 10
-7.6767
 20
3.9626
 10
-7.694
 20
3.96
 10
-7.7113
 20
3.9574
 10
-7.7286
 20
3.9547
 10
-7.7458
 20
3.9519
 10
-7.7631
 20
3.9491
 10
-7.7803
 20
3.9462
 10
-7.7975
 20
3.9432
 10
-7.8147
 20
3.9401
 10
-7.8319
 20
3.937
 10
-7.849
 20
3.9337
 10
-7.8662
 20
3.9304
 10
-7.8833
 20
3.9271
 10
-7.9005
 20
3.9236
 10
-7.9176
 20
3.9201
 10
-7.9347
 20
3.9165
 10
-7.9518
 20
3.9128
 10
-7.9688
 20
3.9091
 10
-7.9859
 20
3.9053
 10
-8.0029
 20
3.9014
 10
-8.0199
 20
3.8974
 10
-8.0369
 20
3.8934
 10
-8.0539
 20
3.8893
 10
-8.0709
 20
3.8851
 10
-8.0878
 20
3.8808
 10
-8.1047
 20
3.8765
 10
-8.1216
 20
3.8721
 10
-8.1385
 20
3.8676
 10
-8.1554
 20
3.863
 10
-8.1722
 20
3.8584
 10
-8.189
 20
3.8537
 10
-8.2059
 20
3.8489
 10
-8.2226
 20
3.844
 10
-8.2394
 20
3.8391
 10
-8.2561
 20
3.8341
 10
-8.2729
 20
3.829
 10
-8.2896
 20
3.8239
 10
-8.3062
 20
3.8187
 10
-8.3229
 20
3.8134
 10
-8.3395
 20
3.808
 10
-8.3561
 20
3.8026
 10
-8.3727
 20
3.7971
 10
-8.3892
 20
3.7915
 10
-8.4058
 20
3.7859
 10
-8.4223
 20
3.7801
 10
-8.4388
 20
3.7743
 10
-8.4552
 20
3.7685
 10
-8.4716
 20
3.7625
 10
-8.4881
 20
3.7565
 10
-8.5044
 20
3.7504
 10
-8.5208
 20
3.7443
 10
-8.5371
 20
3.7381
 10
-8.5534
 20
3.7318
 10
-8.5697
 20
3.7254
 10
-8.5859
 20
3.719
 10
-8.6021
 20
3.7124
 10
-8.6183
 20
3.7059
 10
-8.6345
 20
3.6992
 10
-8.6506
 20
3.6925
 10
-8.6667
 20
3.6857
 10
-8.6828
 20
3.6788
 10
-8.6988
 20
3.6719
 10
-8.7148
 20
3.6649
 10
-8.7308
 20
3.6578
 10
-8.7467
 20
3.6507
 10
-8.7626
 20
3.6435
 10
-8.7785
 20
3.6362
 10
-8.7944
 20
3.6289
 10
-8.8102
 20
3.6214
 10
-8.826
 20
3.614
 10
-8.8417
 20
3.6064
 10
-8.8574
 20
3.5988
 10
-8.8731
 20
3.5911
 10
-8.8888
 20
3.5833
 10
-8.9044
 20
3.5755
 10
-8.92
 20
3.5676
 10
-8.9355
 20
3.5596
 10
-8.951
 20
3.5516
 10
-8.9665
 20
3.5435
 10
-8.982
 20
3.5353
 10
-8.9974
 20
3.5271
 10
-9.0127
 20
3.5188
 10
-9.0281
 20
3.5104
 10
-9.0434
 20
3.502
 10
-9.0586
 20
3.4935
 10
-9.0739
 20
3.4849
 10
-9.0891
 20
3.4763
 10
-9.1042
 20
3.4676
 10
-9.1193
 20
3.4588
 10
-9.1344
 20
3.45
 10
-9.1494
 20
3.4411
 10
-9.1644
 20
3.4321
 10
-9.1794
 20
3.4231
 10
-9.1943
 20
3.414
 10
-9.2092
 20
3.4048
 10
-9.224
 20
3.3956
 10
-9.2388
 20
3.3863
 10
-9.2535
 20
3.3769
 10
-9.2683
 20
3.3675
 10
-9.2829
 20
3.358
 10
-9.2976
 20
3.3485
 10
-9.3122
 20
3.3389
 10
-9.3267
 20
3.3292
 10
-9.3412
 20
3.3195
 10
-9.3557
 20
3.3097
 10
-9.3701
 20
3.2998
 10
-9.3845
 20
3.2899
 10
-9.3988
 20
3.2799
 10
-9.4131
 20
3.2698
 10
-9.4273
 20
3.2597
 10
-9.4415
 20
3.2495
 10
-9.4557
 20
3.2393
 10
-9.4698
 20
3.229
 10
-9.4839
 20
3.2186
 10
-9.4979
 20
3.2082
 10
-9.5119
 20
3.1977
 10
-9.5258
 20
3.1872
 10
-9.5397
 20
3.1766
 10
-9.5535
 20
3.1659
 10
-9.5673
 20
3.1552
 10
-9.5811
 20
3.1444
 10
-9.5947
 20
3.1336
 10
-9.6084
 20
3.1227
 10
-9.622
 20
3.1117
 10
-9.6356
 20
3.1007
 10
-9.6491
 20
3.0896
 10
-9.6625
 20
3.0784
 10
-9.6759
 20
3.0672
 10
-9.6893
 20
3.056
 10
-9.7026
 20
3.0447
 10
-9.7159
 20
3.0333
 10
-9.7291
 20
3.0219
 10
-9.7422
 20
3.0104
 10
-9.7553
 20
2.9988
 10
-9.7684
 20
2.9872
 10
-9.7814
 20
2.9756
 10
-9.7944
 20
2.9638
 10
-9.8073
 20
2.9521
 10
-9.8201
 20
2.9402
 10
-9.8329
 20
2.9283
 10
-9.8457
 20
2.9164
 10
-9.8584
 20
2.9044
 10
-9.871
 20
2.8923
 10
-9.8836
 20
2.8802
 10
-9.8962
 20
2.8681
 10
-9.9086
 20
2.8559
 10
-9.9211
 20
2.8436
 10
-9.9335
 20
2.8313
 10
-9.9458
 20
2.8189
 10
-9.9581
 20
2.8064
 10
-9.9703
 20
2.794
 10
-9.9824
 20
2.7814
 10
-9.9945
 20
2.7688
 10
-10.0066
 20
2.7562
 10
-10.0186
 20
2.7435
 10
-10.0305
 20
2.7307
 10
-10.0424
 20
2.7179
 10
-10.0543
 20
2.7051
 10
-10.066
 20
2.6922
 10
-10.0778
 20
2.6792
 10
-10.0894
 20
2.6662
 10
-10.101
 20
2.6531
 10
-10.1126
 20
2.64
 10
-10.1241
 20
2.6269
 10
-10.1355
 20
2.6137
 10
-10.1469
 20
2.6004
 10
-10.1582
 20
2.5871
 10
-10.1694
 20
2.5737
 10
-10.1806
 20
2.5603
 10
-10.1821
 20
2.5585
 10
-10.0611
 20
2.462
 10
-10.1608
 20
2.3369
 10
-10.2819
 20
2.4334
 10
-10.2894
 20
2.4236
 10
-10.2999
 20
2.4097
 10
-10.3104
 20
2.3957
 10
-10.3208
 20
2.3817
 10
-10.3312
 20
2.3676
 10
-10.3415
 20
2.3535
 10
-10.3517
 20
2.3393
 10
-10.3619
 20
2.3251
 10
-10.372
 20
2.3109
 10
-10.3821
 20
2.2966
 10
-10.3921
 20
2.2823
 10
-10.402
 20
2.2679
 10
-10.4119
 20
2.2535
 10
-10.4217
 20
2.239
 10
-10.4314
 20
2.2245
 10
-10.4411
 20
2.21
 10
-10.4507
 20
2.1954
 10
-10.4602
 20
2.1807
 10
-10.4697
 20
2.1661
 10
-10.4791
 20
2.1513
 10
-10.4885
 20
2.1366
 10
-10.4978
 20
2.1218
 10
-10.507
 20
2.107
 10
-10.5162
 20
2.0921
 10
-10.5253
 20
2.0772
 10
-10.5343
 20
2.0622
 10
-10.5433
 20
2.0472
 10
-10.5522
 20
2.0322
 10
-10.561
 20
2.0171
 10
-10.5698
 20
2.002
 10
-10.5785
 20
1.9869
 10
-10.5871
 20
1.9717
 10
-10.5957
 20
1.9564
 10
-10.6042
 20
1.9412
 10
-10.6126
 20
1.9259
 10
-10.621
 20
1.9105
 10
-10.6293
 20
1.8952
 10
-10.6375
 20
1.8798
 10
-10.6457
 20
1.8643
 10
-10.6538
 20
1.8488
 10
-10.6618
 20
1.8333
 10
-10.6698
 20
1.8178
 10
-10.6777
 20
1.8022
 10
-10.6855
 20
1.7866
 10
-10.6933
 20
1.7709
 10
-10.701
 20
1.7552
 10
-10.7086
 20
1.7395
 10
-10.7162
 20
1.7238
 10
-10.7236
 20
1.708
 10
-10.7311
 20
1.6922
 10
-10.7384
 20
1.6763
 10
-10.7457
 20
1.6604
 10
-10.7529
 20
1.6445
 10
-10.76
 20
1.6286
 10
-10.7671
 20
1.6126
 10
-10.7741
 20
1.5966
 10
-10.781
 20
1.5806
 10
-10.7879
 20
1.5645
 10
-10.7947
 20
1.5484
 10
-10.8014
 20
1.5323
 10
-10.8081
 20
1.5161
 10
-10.8146
 20
1.4999
 10
-10.8212
 20
1.4837
 10
-10.8276
 20
1.4675
 10
-10.834
 20
1.4512
 10
-10.8403
 20
1.4349
 10
-10.8465
 20
1.4186
 10
-10.8526
 20
1.4022
 10
-10.8587
 20
1.3859
 10
-10.8647
 20
1.3694
 10
-10.8707
 20
1.353
 10
-10.8765
 20
1.3366
 10
-10.8823
 20
1.3201
 10
-10.8881
 20
1.3036
 10
-10.8937
 20
1.287
 10
-10.8993
 20
1.2705
 10
-10.9048
 20
1.2539
 10
-10.9102
 20
1.2373
 10
-10.9156
 20
1.2207
 10
-10.9209
 20
1.204
 10
-10.9261
 20
1.1874
 10
-10.9312
 20
1.1707
 10
-10.9363
 20
1.1539
 10
-10.9413
 20
1.1372
 10
-10.9462
 20
1.1204
 10
-10.9511
 20
1.1037
 10
-10.9559
 20
1.0868
 10
-10.9606
 20
1.07
 10
-10.9652
 20
1.0532
 10
-10.9698
 20
1.0363
 10
-10.9743
 20
1.0194
 10
-10.9787
 20
1.0025
 10
-10.983
 20
0.9856
 10
-10.9873
 20
0.9687
 10
-10.9915
 20
0.9517
 10
-10.9956
 20
0.9347
 10
-10.9996
 20
0.9177
 10
-11.0036
 20
0.9007
 10
-11.0075
 20
0.8837
 10
-11.0113
 20
0.8666
 10
-11.015
 20
0.8496
 10
-11.0187
 20
0.8325
 10
-11.0223
 20
0.8154
 10
-11.0258
 20
0.7983
 10
-11.0293
 20
0.7811
 10
-11.0326
 20
0.764
 10
-11.0359
 20
0.7468
 10
-11.0392
 20
0.7297
 10
-11.0423
 20
0.7125
 10
-11.0454
 20
0.6953
 10
-11.0484
 20
0.6781
 10
-11.0513
 20
0.6609
 10
-11.0541
 20
0.6436
 10
-11.0569
 20
0.6264
 10
-11.0596
 20
0.6091
 10
-11.0622
 20
0.5918
 10
-11.0648
 20
0.5745
 10
-11.0672
 20
0.5572
 10
-11.0696
 20
0.5399
 10
-11.0719
 20
0.5226
 10
-11.0742
 20
0.5053
 10
-11.0764
 20
0.488
 10
-11.0784
 20
0.4706
 10
-11.0805
 20
0.4533
 10
-11.0824
 20
0.4359
 10
-11.0843
 20
0.4185
 10
-11.0861
 20
0.4012
 10
-11.0878
 20
0.3838
 10
-11.0894
 20
0.3664
 10
-11.091
 20
0.349
 10
-11.0924
 20
0.3316
 10
-11.0939
 20
0.3142
 10
-11.0952
 20
0.2967
 10
-11.0964
 20
0.2793
 10
-11.0976
 20
0.2619
 10
-11.0987
 20
0.2444
 10
-11.0998
 20
0.227
 10
-11.1007
 20
0.2096
 10
-11.1016
 20
0.1921
 10
-11.1024
 20
0.1747
 10
-11.1031
 20
0.1572
 10
-11.1038
 20
0.1397
 10
-11.1043
 20
0.1223
 10
-11.1048
 20
0.1048
 10
-11.1052
 20
0.0873
 10
-11.1056
 20
0.0699
 10
-11.1059
 20
0.0524
 10
-11.106
 20
0.0349
 10
-11.1062
 20
0.0175
 10
-11.1062
 20
0.0
 10
-11.1062
 20
-0.0175
 10
-11.106
 20
-0.0349
 10
-11.1059
 20
-0.0524
 10
-11.1056
 20
-0.0699
 10
-11.1052
 20
-0.0873
 10
-11.1048
 20
-0.1048
 10
-11.1043
 20
-0.1223
 10
-11.1038
 20
-0.1397
 10
-11.1031
 20
-0.1572
 10
-11.1024
 20
-0.1747
 10
-11.1016
 20
-0.1921
 10
-11.1007
 20
-0.2096
 10
-11.0998
 20
-0.227
 10
-11.0987
 20
-0.2444
 10
-11.0976
 20
-0.2619
 10
-11.0964
 20
-0.2793
 10
-11.0952
 20
-0.2967
 10
-11.0939
 20
-0.3142
 10
-11.0924
 20
-0.3316
 10
-11.091
 20
-0.349
 10
-11.0894
 20
-0.3664
 10
-11.0878
 20
-0.3838
 10
-11.0861
 20
-0.4012
 10
-11.0843
 20
-0.4185
 10
-11.0824
 20
-0.4359
 10
-11.0805
 20
-0.4533
 10
-11.0784
 20
-0.4706
 10
-11.0764
 20
-0.488
 10
-11.0742
 20
-0.5053
 10
-11.0719
 20
-0.5226
 10
-11.0696
 20
-0.5399
 10
-11.0672
 20
-0.5572
 10
-11.0648
 20
-0.5745
 10
-11.0622
 20
-0.5918
 10
-11.0596
 20
-0.6091
 10
-11.0569
 20
-0.6264
 10
-11.0541
 20
-0.6436
 10
-11.0513
 20
-0.6609
 10
-11.0484
 20
-0.6781
 10
-11.0454
 20
-0.6953
 10
-11.0423
 20
-0.7125
 10
-11.0392
 20
-0.7297
 10
-11.0359
 20
-0.7468
 10
-11.0326
 20
-0.764
 10
-11.0293
 20
-0.7811
 10
-11.0258
 20
-0.7983
 10
-11.0228
 20
-0.8128
 10
-10.8719
 20
-0.7783
 10
-10.8363
 20
-0.9343
 10
-10.9872
 20
-0.9688
 10
-10.983
 20
-0.9856
 10
-10.9787
 20
-1.0025
 10
-10.9743
 20
-1.0194
 10
-10.9698
 20
-1.0363
 10
-10.9652
 20
-1.0532
  0
LWPOLYLINE
  5
AF
330
17
100
AcDbEntity
  8
ALTIN
100
AcDbPolyline
 90
104
 70
1
 10
-4.3259
 20
1.8374
 10
-4.2436
 20
1.903
 10
-4.2412
 20
1.9048
 10
-4.2387
 20
1.9062
 10
-4.236
 20
1.9075
 10
-4.2332
 20
1.9084
 10
-4.2304
 20
1.9091
 10
-4.2274
 20
1.9095
 10
-4.2245
 20
1.9096
 10
-4.2216
 20
1.9094
 10
-4.2187
 20
1.9089
 10
-4.2158
 20
1.9082
 10
-4.2131
 20
1.9071
 10
-4.2104
 20
1.9058
 10
-4.2079
 20
1.9043
 10
-4.2056
 20
1.9025
 10
-4.2034
 20
1.9005
 10
-4.2015
 20
1.8983
 10
-3.8856
 20
1.5022
 10
-3.8839
 20
1.4999
 10
-3.8824
 20
1.4973
 10
-3.8812
 20
1.4946
 10
-3.8803
 20
1.4918
 10
-3.8796
 20
1.489
 10
-3.8792
 20
1.4861
 10
-3.8791
 20
1.4831
 10
-3.8793
 20
1.4802
 10
-3.8798
 20
1.4773
 10
-3.8805
 20
1.4744
 10
-3.8815
 20
1.4717
 10
-3.8828
 20
1.469
 10
-3.8844
 20
1.4665
 10
-3.8862
 20
1.4642
 10
-3.8882
 20
1.462
 10
-3.8904
 20
1.4601
 10
-3.9726
 20
1.3945
 10
-3.975
 20
1.3928
 10
-3.9776
 20
1.3913
 10
-3.9803
 20
1.3901
 10
-3.983
 20
1.3891
 10
-3.9859
 20
1.3884
 10
-3.9888
 20
1.3881
 10
-3.9918
 20
1.388
 10
-3.9947
 20
1.3881
 10
-3.9976
 20
1.3886
 10
-4.0005
 20
1.3894
 10
-4.0032
 20
1.3904
 10
-4.0059
 20
1.3917
 10
-4.0084
 20
1.3932
 10
-4.0107
 20
1.395
 10
-4.0129
 20
1.397
 10
-4.0148
 20
1.3992
 10
-4.1142
 20
1.5238
 10
-4.4932
 20
1.2216
 10
-4.4956
 20
1.2198
 10
-4.4981
 20
1.2184
 10
-4.5008
 20
1.2171
 10
-4.5036
 20
1.2162
 10
-4.5065
 20
1.2155
 10
-4.5094
 20
1.2151
 10
-4.5123
 20
1.215
 10
-4.5153
 20
1.2152
 10
-4.5182
 20
1.2157
 10
-4.521
 20
1.2164
 10
-4.5238
 20
1.2175
 10
-4.5264
 20
1.2188
 10
-4.5289
 20
1.2203
 10
-4.5313
 20
1.2221
 10
-4.5334
 20
1.2241
 10
-4.5354
 20
1.2263
 10
-4.6148
 20
1.326
 10
-4.6165
 20
1.3283
 10
-4.618
 20
1.3309
 10
-4.6192
 20
1.3336
 10
-4.6202
 20
1.3364
 10
-4.6209
 20
1.3392
 10
-4.6212
 20
1.3421
 10
-4.6213
 20
1.3451
 10
-4.6212
 20
1.348
 10
-4.6207
 20
1.3509
 10
-4.6199
 20
1.3538
 10
-4.6189
 20
1.3565
 10
-4.6176
 20
1.3592
 10
-4.6161
 20
1.3617
 10
-4.6143
 20
1.364
 10
-4.6123
 20
1.3662
 10
-4.6101
 20
1.3681
 10
-4.231
 20
1.6704
 10
-4.3306
 20
1.7953
 10
-4.3323
 20
1.7977
 10
-4.3338
 20
1.8002
 10
-4.335
 20
1.8029
 10
-4.336
 20
1.8057
 10
-4.3367
 20
1.8085
 10
-4.3371
 20
1.8115
 10
-4.3372
 20
1.8144
 10
-4.337
 20
1.8173
 10
-4.3365
 20
1.8203
 10
-4.3358
 20
1.8231
 10
-4.3347
 20
1.8259
 10
-4.3334
 20
1.8285
 10
-4.3319
 20
1.831
 10
-4.3301
 20
1.8333
 10
-4.3281
 20
1.8355
  0
LWPOLYLINE
  5
B0
330
17
100
AcDbEntity
  8
ALTIN
100
AcDbPolyline
 90
122
 70
1
 10
-5.0907
 20
1.9708
 10
-5.0311
 20
2.0183
 10
-5.0286
 20
2.0201
 10
-5.026
 20
2.0216
 10
-5.0231
 20
2.0229
 10
-5.0202
 20
2.0238
 10
-5.0172
 20
2.0245
 10
-5.0141
 20
2.0248
 10
-4.5798
 20
2.0496
 10
-4.5789
 20
2.0496
 10
-4.5344
 20
2.0508
 10
-4.6937
 20
2.2506
 10
-4.6954
 20
2.2529
 10
-4.6969
 20
2.2555
 10
-4.6981
 20
2.2582
 10
-4.6991
 20
2.261
 10
-4.6997
 20
2.2638
 10
-4.7001
 20
2.2667
 10
-4.7002
 20
2.2697
 10
-4.7001
 20
2.2726
 10
-4.6996
 20
2.2755
 10
-4.6988
 20
2.2784
 10
-4.6978
 20
2.2811
 10
-4.6965
 20
2.2838
 10
-4.695
 20
2.2863
 10
-4.6932
 20
2.2886
 10
-4.6912
 20
2.2908
 10
-4.6889
 20
2.2927
 10
-4.6067
 20
2.3583
 10
-4.6043
 20
2.36
 10
-4.6018
 20
2.3615
 10
-4.5991
 20
2.3627
 10
-4.5963
 20
2.3637
 10
-4.5934
 20
2.3644
 10
-4.5905
 20
2.3647
 10
-4.5876
 20
2.3649
 10
-4.5846
 20
2.3647
 10
-4.5817
 20
2.3642
 10
-4.5789
 20
2.3634
 10
-4.5761
 20
2.3624
 10
-4.5735
 20
2.3611
 10
-4.571
 20
2.3596
 10
-4.5686
 20
2.3578
 10
-4.5665
 20
2.3558
 10
-4.5645
 20
2.3536
 10
-4.2706
 20
1.9849
 10
-4.2688
 20
1.9825
 10
-4.2674
 20
1.98
 10
-4.2661
 20
1.9773
 10
-4.2652
 20
1.9745
 10
-4.2645
 20
1.9716
 10
-4.2641
 20
1.9687
 10
-4.264
 20
1.9658
 10
-4.2642
 20
1.9628
 10
-4.2647
 20
1.9599
 10
-4.2654
 20
1.9571
 10
-4.2665
 20
1.9543
 10
-4.2678
 20
1.9517
 10
-4.2693
 20
1.9492
 10
-4.2711
 20
1.9468
 10
-4.2731
 20
1.9447
 10
-4.2753
 20
1.9427
 10
-4.3352
 20
1.895
 10
-4.3377
 20
1.8932
 10
-4.3403
 20
1.8917
 10
-4.3432
 20
1.8904
 10
-4.3461
 20
1.8895
 10
-4.3491
 20
1.8888
 10
-4.3522
 20
1.8885
 10
-4.7786
 20
1.8641
 10
-4.7795
 20
1.864
 10
-4.8313
 20
1.8626
 10
-4.6722
 20
1.6631
 10
-4.6705
 20
1.6607
 10
-4.669
 20
1.6581
 10
-4.6678
 20
1.6555
 10
-4.6668
 20
1.6527
 10
-4.6661
 20
1.6498
 10
-4.6658
 20
1.6469
 10
-4.6656
 20
1.644
 10
-4.6658
 20
1.641
 10
-4.6663
 20
1.6381
 10
-4.6671
 20
1.6353
 10
-4.6681
 20
1.6325
 10
-4.6694
 20
1.6299
 10
-4.6709
 20
1.6274
 10
-4.6727
 20
1.625
 10
-4.6747
 20
1.6229
 10
-4.6769
 20
1.6209
 10
-4.7593
 20
1.5552
 10
-4.7617
 20
1.5535
 10
-4.7642
 20
1.552
 10
-4.7669
 20
1.5508
 10
-4.7697
 20
1.5499
 10
-4.7726
 20
1.5492
 10
-4.7755
 20
1.5488
 10
-4.7784
 20
1.5487
 10
-4.7814
 20
1.5489
 10
-4.7843
 20
1.5494
 10
-4.7871
 20
1.5501
 10
-4.7899
 20
1.5511
 10
-4.7925
 20
1.5524
 10
-4.795
 20
1.554
 10
-4.7974
 20
1.5558
 10
-4.7995
 20
1.5578
 10
-4.8015
 20
1.56
 10
-5.0954
 20
1.9286
 10
-5.0972
 20
1.931
 10
-5.0986
 20
1.9336
 10
-5.0999
 20
1.9363
 10
-5.1008
 20
1.939
 10
-5.1015
 20
1.9419
 10
-5.1019
 20
1.9448
 10
-5.102
 20
1.9478
 10
-5.1018
 20
1.9507
 10
-5.1013
 20
1.9536
 10
-5.1006
 20
1.9565
 10
-5.0995
 20
1.9592
 10
-5.0982
 20
1.9619
 10
-5.0967
 20
1.9644
 10
-5.0949
 20
1.9667
 10
-5.0929
 20
1.9689
  0
LWPOLYLINE
  5
B1
330
17
100
AcDbEntity
  8
ALTIN
100
AcDbPolyline
 90
88
 70
1
 10
-4.9238
 20
2.8038
 10
-4.9219
 20
2.8016
 10
-4.7711
 20
2.6126
 10
-4.7691
 20
2.6097
 10
-4.7674
 20
2.6066
 10
-4.6884
 20
2.4375
 10
-4.6873
 20
2.4348
 10
-4.6865
 20
2.4319
 10
-4.6859
 20
2.429
 10
-4.6856
 20
2.426
 10
-4.6857
 20
2.423
 10
-4.686
 20
2.42
 10
-4.6866
 20
2.4171
 10
-4.6875
 20
2.4143
 10
-4.6887
 20
2.4115
 10
-4.6902
 20
2.4089
 10
-4.6919
 20
2.4065
 10
-4.7962
 20
2.2716
 10
-4.7981
 20
2.2694
 10
-4.8002
 20
2.2674
 10
-4.8025
 20
2.2656
 10
-4.8049
 20
2.2641
 10
-4.8075
 20
2.2627
 10
-4.9622
 20
2.1917
 10
-4.965
 20
2.1906
 10
-4.9679
 20
2.1897
 10
-4.9709
 20
2.1892
 10
-4.9738
 20
2.189
 10
-4.9768
 20
2.189
 10
-4.9798
 20
2.1894
 10
-4.9827
 20
2.19
 10
-4.9856
 20
2.191
 10
-4.9883
 20
2.1922
 10
-4.9909
 20
2.1937
 10
-4.9934
 20
2.1954
 10
-5.1413
 20
2.3124
 10
-5.1438
 20
2.3147
 10
-5.1461
 20
2.3172
 10
-5.1972
 20
2.3813
 10
-5.3322
 20
2.2737
 10
-5.3346
 20
2.272
 10
-5.3372
 20
2.2705
 10
-5.3398
 20
2.2693
 10
-5.3426
 20
2.2683
 10
-5.3455
 20
2.2676
 10
-5.3484
 20
2.2673
 10
-5.3514
 20
2.2671
 10
-5.3543
 20
2.2673
 10
-5.3572
 20
2.2678
 10
-5.36
 20
2.2686
 10
-5.3628
 20
2.2696
 10
-5.3654
 20
2.2709
 10
-5.368
 20
2.2724
 10
-5.3703
 20
2.2742
 10
-5.3724
 20
2.2762
 10
-5.3744
 20
2.2784
 10
-5.4535
 20
2.3777
 10
-5.4552
 20
2.38
 10
-5.4567
 20
2.3826
 10
-5.4579
 20
2.3853
 10
-5.4589
 20
2.3881
 10
-5.4596
 20
2.3909
 10
-5.46
 20
2.3938
 10
-5.4601
 20
2.3968
 10
-5.4599
 20
2.3997
 10
-5.4594
 20
2.4026
 10
-5.4586
 20
2.4055
 10
-5.4576
 20
2.4082
 10
-5.4563
 20
2.4109
 10
-5.4548
 20
2.4134
 10
-5.453
 20
2.4157
 10
-5.451
 20
2.4179
 10
-5.4488
 20
2.4198
 10
-4.964
 20
2.8064
 10
-4.9616
 20
2.8081
 10
-4.9591
 20
2.8096
 10
-4.9564
 20
2.8108
 10
-4.9536
 20
2.8118
 10
-4.9508
 20
2.8124
 10
-4.9478
 20
2.8128
 10
-4.9449
 20
2.8129
 10
-4.942
 20
2.8127
 10
-4.9391
 20
2.8123
 10
-4.9362
 20
2.8115
 10
-4.9335
 20
2.8105
 10
-4.9308
 20
2.8092
 10
-4.9283
 20
2.8076
 10
-4.926
 20
2.8058
  0
LWPOLYLINE
  5
B2
330
17
100
AcDbEntity
  8
ALTIN
100
AcDbPolyline
 90
7
 70
1
 10
-4.9749
 20
2.3898
 10
-4.9208
 20
2.4164
 10
-4.8832
 20
2.4628
 10
-4.9168
 20
2.531
 10
-4.9529
 20
2.5762
 10
-5.0703
 20
2.4826
 10
-5.0339
 20
2.4371
  0
LWPOLYLINE
  5
B3
330
17
100
AcDbEntity
  8
ALTIN
100
AcDbPolyline
 90
104
 70
1
 10
-9.4175
 20
2.4155
 10
-9.4998
 20
2.4811
 10
-9.502
 20
2.483
 10
-9.504
 20
2.4852
 10
-9.5058
 20
2.4875
 10
-9.5073
 20
2.49
 10
-9.5086
 20
2.4927
 10
-9.5097
 20
2.4954
 10
-9.5104
 20
2.4983
 10
-9.5109
 20
2.5012
 10
-9.5111
 20
2.5041
 10
-9.511
 20
2.507
 10
-9.5106
 20
2.51
 10
-9.5099
 20
2.5128
 10
-9.509
 20
2.5156
 10
-9.5077
 20
2.5183
 10
-9.5063
 20
2.5208
 10
-9.5045
 20
2.5232
 10
-9.1887
 20
2.9193
 10
-9.1868
 20
2.9215
 10
-9.1846
 20
2.9235
 10
-9.1823
 20
2.9253
 10
-9.1798
 20
2.9268
 10
-9.1771
 20
2.9281
 10
-9.1744
 20
2.9291
 10
-9.1715
 20
2.9299
 10
-9.1686
 20
2.9304
 10
-9.1657
 20
2.9306
 10
-9.1627
 20
2.9304
 10
-9.1598
 20
2.9301
 10
-9.1569
 20
2.9294
 10
-9.1542
 20
2.9284
 10
-9.1515
 20
2.9272
 10
-9.1489
 20
2.9257
 10
-9.1465
 20
2.924
 10
-9.0643
 20
2.8584
 10
-9.0621
 20
2.8565
 10
-9.0601
 20
2.8543
 10
-9.0583
 20
2.852
 10
-9.0567
 20
2.8495
 10
-9.0555
 20
2.8468
 10
-9.0544
 20
2.8441
 10
-9.0537
 20
2.8412
 10
-9.0532
 20
2.8383
 10
-9.053
 20
2.8354
 10
-9.0531
 20
2.8324
 10
-9.0535
 20
2.8295
 10
-9.0542
 20
2.8267
 10
-9.0551
 20
2.8239
 10
-9.0564
 20
2.8212
 10
-9.0578
 20
2.8186
 10
-9.0595
 20
2.8163
 10
-9.1589
 20
2.6917
 10
-8.7799
 20
2.3894
 10
-8.7777
 20
2.3875
 10
-8.7757
 20
2.3853
 10
-8.7739
 20
2.383
 10
-8.7723
 20
2.3805
 10
-8.771
 20
2.3778
 10
-8.77
 20
2.3751
 10
-8.7692
 20
2.3722
 10
-8.7688
 20
2.3693
 10
-8.7686
 20
2.3664
 10
-8.7687
 20
2.3634
 10
-8.7691
 20
2.3605
 10
-8.7697
 20
2.3576
 10
-8.7707
 20
2.3549
 10
-8.7719
 20
2.3522
 10
-8.7734
 20
2.3496
 10
-8.7751
 20
2.3472
 10
-8.8546
 20
2.2476
 10
-8.8565
 20
2.2454
 10
-8.8587
 20
2.2434
 10
-8.861
 20
2.2416
 10
-8.8635
 20
2.2401
 10
-8.8662
 20
2.2388
 10
-8.8689
 20
2.2377
 10
-8.8718
 20
2.237
 10
-8.8747
 20
2.2365
 10
-8.8776
 20
2.2363
 10
-8.8806
 20
2.2364
 10
-8.8835
 20
2.2368
 10
-8.8863
 20
2.2375
 10
-8.8891
 20
2.2384
 10
-8.8918
 20
2.2397
 10
-8.8943
 20
2.2411
 10
-8.8967
 20
2.2429
 10
-9.2758
 20
2.5451
 10
-9.3754
 20
2.4202
 10
-9.3773
 20
2.418
 10
-9.3795
 20
2.416
 10
-9.3818
 20
2.4142
 10
-9.3843
 20
2.4127
 10
-9.387
 20
2.4114
 10
-9.3897
 20
2.4103
 10
-9.3926
 20
2.4096
 10
-9.3955
 20
2.4091
 10
-9.3984
 20
2.4089
 10
-9.4014
 20
2.409
 10
-9.4043
 20
2.4094
 10
-9.4071
 20
2.4101
 10
-9.4099
 20
2.4111
 10
-9.4126
 20
2.4123
 10
-9.4151
 20
2.4138
  0
LWPOLYLINE
  5
B4
330
17
100
AcDbEntity
  8
ALTIN
100
AcDbPolyline
 90
122
 70
1
 10
-6.7283
 20
2.8014
 10
-6.7283
 20
2.8776
 10
-6.7281
 20
2.8807
 10
-6.7276
 20
2.8837
 10
-6.7269
 20
2.8867
 10
-6.7258
 20
2.8896
 10
-6.7244
 20
2.8923
 10
-6.7228
 20
2.8949
 10
-6.4714
 20
3.25
 10
-6.4708
 20
3.2507
 10
-6.4439
 20
3.2862
 10
-6.6995
 20
3.2862
 10
-6.7024
 20
3.2864
 10
-6.7053
 20
3.2868
 10
-6.7082
 20
3.2875
 10
-6.711
 20
3.2885
 10
-6.7136
 20
3.2898
 10
-6.7161
 20
3.2913
 10
-6.7185
 20
3.2931
 10
-6.7207
 20
3.295
 10
-6.7227
 20
3.2972
 10
-6.7244
 20
3.2996
 10
-6.7259
 20
3.3021
 10
-6.7272
 20
3.3048
 10
-6.7282
 20
3.3075
 10
-6.7289
 20
3.3104
 10
-6.7293
 20
3.3133
 10
-6.7295
 20
3.3162
 10
-6.7295
 20
3.4214
 10
-6.7293
 20
3.4244
 10
-6.7289
 20
3.4273
 10
-6.7282
 20
3.4301
 10
-6.7272
 20
3.4329
 10
-6.7259
 20
3.4356
 10
-6.7244
 20
3.4381
 10
-6.7227
 20
3.4405
 10
-6.7207
 20
3.4427
 10
-6.7185
 20
3.4446
 10
-6.7161
 20
3.4464
 10
-6.7136
 20
3.4479
 10
-6.711
 20
3.4492
 10
-6.7082
 20
3.4501
 10
-6.7053
 20
3.4509
 10
-6.7024
 20
3.4513
 10
-6.6995
 20
3.4514
 10
-6.228
 20
3.4514
 10
-6.225
 20
3.4513
 10
-6.2221
 20
3.4509
 10
-6.2192
 20
3.4501
 10
-6.2165
 20
3.4492
 10
-6.2138
 20
3.4479
 10
-6.2113
 20
3.4464
 10
-6.2089
 20
3.4446
 10
-6.2067
 20
3.4427
 10
-6.2048
 20
3.4405
 10
-6.203
 20
3.4381
 10
-6.2015
 20
3.4356
 10
-6.2002
 20
3.4329
 10
-6.1992
 20
3.4301
 10
-6.1985
 20
3.4273
 10
-6.1981
 20
3.4244
 10
-6.198
 20
3.4214
 10
-6.198
 20
3.3449
 10
-6.1981
 20
3.3418
 10
-6.1986
 20
3.3388
 10
-6.1994
 20
3.3358
 10
-6.2004
 20
3.3329
 10
-6.2018
 20
3.3301
 10
-6.2035
 20
3.3275
 10
-6.4502
 20
2.9789
 10
-6.4508
 20
2.9782
 10
-6.482
 20
2.9368
 10
-6.2268
 20
2.9368
 10
-6.2238
 20
2.9366
 10
-6.2209
 20
2.9362
 10
-6.218
 20
2.9355
 10
-6.2153
 20
2.9345
 10
-6.2126
 20
2.9332
 10
-6.2101
 20
2.9317
 10
-6.2077
 20
2.93
 10
-6.2055
 20
2.928
 10
-6.2036
 20
2.9258
 10
-6.2018
 20
2.9234
 10
-6.2003
 20
2.9209
 10
-6.199
 20
2.9183
 10
-6.198
 20
2.9155
 10
-6.1973
 20
2.9126
 10
-6.1969
 20
2.9097
 10
-6.1968
 20
2.9068
 10
-6.1968
 20
2.8014
 10
-6.1969
 20
2.7985
 10
-6.1973
 20
2.7956
 10
-6.198
 20
2.7927
 10
-6.199
 20
2.79
 10
-6.2003
 20
2.7873
 10
-6.2018
 20
2.7848
 10
-6.2036
 20
2.7824
 10
-6.2055
 20
2.7802
 10
-6.2077
 20
2.7782
 10
-6.2101
 20
2.7765
 10
-6.2126
 20
2.775
 10
-6.2153
 20
2.7737
 10
-6.218
 20
2.7727
 10
-6.2209
 20
2.772
 10
-6.2238
 20
2.7716
 10
-6.2268
 20
2.7714
 10
-6.6983
 20
2.7714
 10
-6.7012
 20
2.7716
 10
-6.7041
 20
2.772
 10
-6.707
 20
2.7727
 10
-6.7098
 20
2.7737
 10
-6.7124
 20
2.775
 10
-6.7149
 20
2.7765
 10
-6.7173
 20
2.7782
 10
-6.7195
 20
2.7802
 10
-6.7215
 20
2.7824
 10
-6.7232
 20
2.7848
 10
-6.7247
 20
2.7873
 10
-6.726
 20
2.79
 10
-6.727
 20
2.7927
 10
-6.7277
 20
2.7956
 10
-6.7281
 20
2.7985
  0
LWPOLYLINE
  5
B5
330
17
100
AcDbEntity
  8
ALTIN
100
AcDbPolyline
 90
98
 70
1
 10
-7.0206
 20
3.4509
 10
-7.0178
 20
3.4502
 10
-7.0151
 20
3.4493
 10
-7.0125
 20
3.4481
 10
-7.0101
 20
3.4467
 10
-7.0077
 20
3.4451
 10
-7.0056
 20
3.4432
 10
-7.0036
 20
3.4411
 10
-7.0019
 20
3.4389
 10
-7.0003
 20
3.4365
 10
-6.999
 20
3.434
 10
-6.9979
 20
3.4314
 10
-6.7807
 20
2.8114
 10
-6.7799
 20
2.8085
 10
-6.7793
 20
2.8055
 10
-6.7791
 20
2.8025
 10
-6.7791
 20
2.7995
 10
-6.7795
 20
2.7965
 10
-6.7801
 20
2.7936
 10
-6.781
 20
2.7907
 10
-6.7823
 20
2.788
 10
-6.7837
 20
2.7853
 10
-6.7855
 20
2.7829
 10
-6.7875
 20
2.7806
 10
-6.7897
 20
2.7785
 10
-6.7921
 20
2.7767
 10
-6.7946
 20
2.7751
 10
-6.7973
 20
2.7738
 10
-6.8002
 20
2.7728
 10
-6.8031
 20
2.772
 10
-6.8061
 20
2.7716
 10
-6.8091
 20
2.7714
 10
-6.9501
 20
2.7714
 10
-6.953
 20
2.7716
 10
-6.9558
 20
2.772
 10
-6.9586
 20
2.7727
 10
-6.9613
 20
2.7736
 10
-6.9639
 20
2.7748
 10
-6.9664
 20
2.7763
 10
-6.9688
 20
2.778
 10
-6.9709
 20
2.7799
 10
-6.9729
 20
2.782
 10
-6.9747
 20
2.7843
 10
-6.9762
 20
2.7867
 10
-6.9775
 20
2.7893
 10
-6.9785
 20
2.792
 10
-7.0196
 20
2.9154
 10
-7.1963
 20
2.9154
 10
-7.2358
 20
2.7923
 10
-7.2368
 20
2.7895
 10
-7.2381
 20
2.7869
 10
-7.2396
 20
2.7845
 10
-7.2414
 20
2.7822
 10
-7.2433
 20
2.78
 10
-7.2455
 20
2.7781
 10
-7.2479
 20
2.7764
 10
-7.2504
 20
2.7749
 10
-7.253
 20
2.7737
 10
-7.2557
 20
2.7727
 10
-7.2586
 20
2.772
 10
-7.2614
 20
2.7716
 10
-7.2643
 20
2.7714
 10
-7.4046
 20
2.7714
 10
-7.4076
 20
2.7716
 10
-7.4105
 20
2.772
 10
-7.4134
 20
2.7728
 10
-7.4162
 20
2.7738
 10
-7.4189
 20
2.7751
 10
-7.4215
 20
2.7767
 10
-7.4239
 20
2.7785
 10
-7.4261
 20
2.7805
 10
-7.4281
 20
2.7828
 10
-7.4298
 20
2.7852
 10
-7.4313
 20
2.7878
 10
-7.4325
 20
2.7906
 10
-7.4335
 20
2.7934
 10
-7.4341
 20
2.7963
 10
-7.4345
 20
2.7993
 10
-7.4345
 20
2.8023
 10
-7.4343
 20
2.8053
 10
-7.4338
 20
2.8083
 10
-7.4329
 20
2.8111
 10
-7.2211
 20
3.4311
 10
-7.22
 20
3.4338
 10
-7.2187
 20
3.4364
 10
-7.2172
 20
3.4388
 10
-7.2154
 20
3.441
 10
-7.2135
 20
3.4431
 10
-7.2113
 20
3.445
 10
-7.209
 20
3.4466
 10
-7.2065
 20
3.4481
 10
-7.2039
 20
3.4493
 10
-7.2012
 20
3.4502
 10
-7.1984
 20
3.4509
 10
-7.1956
 20
3.4513
 10
-7.1927
 20
3.4514
 10
-7.0262
 20
3.4514
 10
-7.0234
 20
3.4513
  0
LWPOLYLINE
  5
B6
330
17
100
AcDbEntity
  8
ALTIN
100
AcDbPolyline
 90
11
 70
1
 10
-7.1099
 20
3.1995
 10
-7.1116
 20
3.1928
 10
-7.1118
 20
3.1918
 10
-7.1397
 20
3.0925
 10
-7.14
 20
3.0915
 10
-7.1453
 20
3.0749
 10
-7.0726
 20
3.0749
 10
-7.078
 20
3.0911
 10
-7.0783
 20
3.0921
 10
-7.1081
 20
3.1924
 10
-7.1083
 20
3.1934
  0
LWPOLYLINE
  5
B7
330
17
100
AcDbEntity
  8
ALTIN
100
AcDbPolyline
 90
88
 70
1
 10
-7.9806
 20
3.4513
 10
-7.9776
 20
3.4514
 10
-7.7358
 20
3.4514
 10
-7.7323
 20
3.4512
 10
-7.7288
 20
3.4506
 10
-7.5474
 20
3.4069
 10
-7.5446
 20
3.4061
 10
-7.5418
 20
3.405
 10
-7.5392
 20
3.4036
 10
-7.5367
 20
3.4019
 10
-7.5344
 20
3.4
 10
-7.5322
 20
3.3979
 10
-7.5303
 20
3.3956
 10
-7.5287
 20
3.3931
 10
-7.5273
 20
3.3905
 10
-7.5262
 20
3.3877
 10
-7.5253
 20
3.3849
 10
-7.485
 20
3.2192
 10
-7.4844
 20
3.2164
 10
-7.4841
 20
3.2135
 10
-7.4841
 20
3.2106
 10
-7.4844
 20
3.2077
 10
-7.485
 20
3.2049
 10
-7.5259
 20
3.0396
 10
-7.5268
 20
3.0367
 10
-7.528
 20
3.0339
 10
-7.5294
 20
3.0313
 10
-7.531
 20
3.0288
 10
-7.533
 20
3.0265
 10
-7.5351
 20
3.0244
 10
-7.5374
 20
3.0225
 10
-7.5399
 20
3.0209
 10
-7.5426
 20
3.0195
 10
-7.5454
 20
3.0184
 10
-7.5483
 20
3.0176
 10
-7.732
 20
2.9749
 10
-7.7353
 20
2.9743
 10
-7.7388
 20
2.9741
 10
-7.8207
 20
2.9741
 10
-7.8207
 20
2.8014
 10
-7.8209
 20
2.7985
 10
-7.8213
 20
2.7956
 10
-7.822
 20
2.7927
 10
-7.823
 20
2.79
 10
-7.8243
 20
2.7873
 10
-7.8258
 20
2.7848
 10
-7.8276
 20
2.7824
 10
-7.8295
 20
2.7802
 10
-7.8317
 20
2.7782
 10
-7.8341
 20
2.7765
 10
-7.8366
 20
2.775
 10
-7.8393
 20
2.7737
 10
-7.842
 20
2.7727
 10
-7.8449
 20
2.772
 10
-7.8478
 20
2.7716
 10
-7.8507
 20
2.7714
 10
-7.9776
 20
2.7714
 10
-7.9806
 20
2.7716
 10
-7.9835
 20
2.772
 10
-7.9864
 20
2.7727
 10
-7.9891
 20
2.7737
 10
-7.9918
 20
2.775
 10
-7.9943
 20
2.7765
 10
-7.9967
 20
2.7782
 10
-7.9989
 20
2.7802
 10
-8.0008
 20
2.7824
 10
-8.0026
 20
2.7848
 10
-8.0041
 20
2.7873
 10
-8.0054
 20
2.79
 10
-8.0064
 20
2.7927
 10
-8.0071
 20
2.7956
 10
-8.0075
 20
2.7985
 10
-8.0076
 20
2.8014
 10
-8.0076
 20
3.4214
 10
-8.0075
 20
3.4244
 10
-8.0071
 20
3.4273
 10
-8.0064
 20
3.4301
 10
-8.0054
 20
3.4329
 10
-8.0041
 20
3.4356
 10
-8.0026
 20
3.4381
 10
-8.0008
 20
3.4405
 10
-7.9989
 20
3.4427
 10
-7.9967
 20
3.4446
 10
-7.9943
 20
3.4464
 10
-7.9918
 20
3.4479
 10
-7.9891
 20
3.4492
 10
-7.9864
 20
3.4501
 10
-7.9835
 20
3.4509
  0
LWPOLYLINE
  5
B8
330
17
100
AcDbEntity
  8
ALTIN
100
AcDbPolyline
 90
7
 70
1
 10
-7.6887
 20
3.1532
 10
-7.6759
 20
3.2121
 10
-7.6886
 20
3.2704
 10
-7.7629
 20
3.2866
 10
-7.8207
 20
3.2866
 10
-7.8207
 20
3.1365
 10
-7.7625
 20
3.1365
  0
LWPOLYLINE
  5
B9
330
17
100
AcDbEntity
  8
ALTIN
100
AcDbPolyline
 90
4
 70
1
 10
-7.95
 20
13.7698
 10
-6.3762
 20
12.0229
 10
-6.259
 20
10.8409
 10
-7.224
 20
11.5334
  0
LWPOLYLINE
  5
BA
330
17
100
AcDbEntity
  8
ALTIN
100
AcDbPolyline
 90
4
 70
1
 10
7.95
 20
-13.7698
 10
6.3762
 20
-12.0229
 10
6.259
 20
-10.8409
 10
7.224
 20
-11.5334
  0
LWPOLYLINE
  5
BB
330
17
100
AcDbEntity
  8
ALTIN
100
AcDbPolyline
 90
92
 70
1
 10
6.8706
 20
-3.4777
 10
6.8701
 20
-3.4749
 10
6.8699
 20
-3.472
 10
6.87
 20
-3.4691
 10
6.8704
 20
-3.4662
 10
6.871
 20
-3.4633
 10
6.872
 20
-3.4606
 10
6.8732
 20
-3.4579
 10
7.1533
 20
-2.9031
 10
6.8506
 20
-2.9031
 10
6.8477
 20
-2.903
 10
6.8447
 20
-2.9026
 10
6.8419
 20
-2.9018
 10
6.8391
 20
-2.9009
 10
6.8365
 20
-2.8996
 10
6.8339
 20
-2.8981
 10
6.8316
 20
-2.8963
 10
6.8294
 20
-2.8944
 10
6.8274
 20
-2.8922
 10
6.8257
 20
-2.8898
 10
6.8241
 20
-2.8873
 10
6.8229
 20
-2.8846
 10
6.8219
 20
-2.8818
 10
6.8212
 20
-2.879
 10
6.8207
 20
-2.8761
 10
6.8206
 20
-2.8731
 10
6.8206
 20
-2.7514
 10
6.8207
 20
-2.7485
 10
6.8212
 20
-2.7456
 10
6.8219
 20
-2.7427
 10
6.8229
 20
-2.74
 10
6.8241
 20
-2.7373
 10
6.8257
 20
-2.7348
 10
6.8274
 20
-2.7324
 10
6.8294
 20
-2.7302
 10
6.8316
 20
-2.7282
 10
6.8339
 20
-2.7265
 10
6.8365
 20
-2.725
 10
6.8391
 20
-2.7237
 10
6.8419
 20
-2.7227
 10
6.8447
 20
-2.722
 10
6.8477
 20
-2.7216
 10
6.8506
 20
-2.7214
 10
7.3538
 20
-2.7214
 10
7.3567
 20
-2.7216
 10
7.3597
 20
-2.722
 10
7.3625
 20
-2.7227
 10
7.3653
 20
-2.7237
 10
7.3679
 20
-2.725
 10
7.3705
 20
-2.7265
 10
7.3728
 20
-2.7282
 10
7.375
 20
-2.7302
 10
7.377
 20
-2.7324
 10
7.3787
 20
-2.7348
 10
7.3803
 20
-2.7373
 10
7.3815
 20
-2.74
 10
7.3825
 20
-2.7427
 10
7.3832
 20
-2.7456
 10
7.3837
 20
-2.7485
 10
7.3838
 20
-2.7514
 10
7.3838
 20
-2.8752
 10
7.3837
 20
-2.8779
 10
7.3833
 20
-2.8807
 10
7.3826
 20
-2.8834
 10
7.3817
 20
-2.8861
 10
7.3806
 20
-2.8887
 10
7.08
 20
-3.4849
 10
7.0785
 20
-3.4876
 10
7.0767
 20
-3.49
 10
7.0748
 20
-3.4923
 10
7.0726
 20
-3.4943
 10
7.0702
 20
-3.4962
 10
7.0676
 20
-3.4977
 10
7.0649
 20
-3.4991
 10
7.0621
 20
-3.5001
 10
7.0592
 20
-3.5008
 10
7.0562
 20
-3.5013
 10
7.0532
 20
-3.5014
 10
6.8999
 20
-3.5014
 10
6.897
 20
-3.5013
 10
6.8941
 20
-3.5009
 10
6.8913
 20
-3.5002
 10
6.8886
 20
-3.4992
 10
6.8859
 20
-3.498
 10
6.8834
 20
-3.4965
 10
6.8811
 20
-3.4948
 10
6.8789
 20
-3.4928
 10
6.8769
 20
-3.4907
 10
6.8752
 20
-3.4884
 10
6.8736
 20
-3.4859
 10
6.8724
 20
-3.4833
 10
6.8714
 20
-3.4806
  0
LWPOLYLINE
  5
BC
330
17
100
AcDbEntity
  8
ALTIN
100
AcDbPolyline
 90
96
 70
1
 10
5.6317
 20
-2.8057
 10
5.6243
 20
-2.811
 10
5.6165
 20
-2.8158
 10
5.6084
 20
-2.8201
 10
5.6001
 20
-2.8239
 10
5.5915
 20
-2.8272
 10
5.5827
 20
-2.8298
 10
5.5738
 20
-2.8319
 10
5.5648
 20
-2.8334
 10
5.5556
 20
-2.8343
 10
5.5465
 20
-2.8346
 10
5.5373
 20
-2.8343
 10
5.5282
 20
-2.8334
 10
5.5192
 20
-2.8319
 10
5.5102
 20
-2.8298
 10
5.5015
 20
-2.8272
 10
5.4929
 20
-2.8239
 10
5.4846
 20
-2.8201
 10
5.4765
 20
-2.8158
 10
5.4687
 20
-2.811
 10
5.4613
 20
-2.8057
 10
5.4542
 20
-2.7998
 10
5.4475
 20
-2.7936
 10
5.4412
 20
-2.7869
 10
5.4354
 20
-2.7798
 10
5.4301
 20
-2.7724
 10
5.4252
 20
-2.7646
 10
5.4209
 20
-2.7565
 10
5.4171
 20
-2.7482
 10
5.4139
 20
-2.7396
 10
5.4113
 20
-2.7308
 10
5.4092
 20
-2.7219
 10
5.4077
 20
-2.7129
 10
5.4068
 20
-2.7037
 10
5.4065
 20
-2.6946
 10
5.4068
 20
-2.6854
 10
5.4077
 20
-2.6763
 10
5.4092
 20
-2.6673
 10
5.4113
 20
-2.6584
 10
5.4139
 20
-2.6496
 10
5.4171
 20
-2.641
 10
5.4209
 20
-2.6327
 10
5.4252
 20
-2.6246
 10
5.4301
 20
-2.6168
 10
5.4354
 20
-2.6094
 10
5.4412
 20
-2.6023
 10
5.4475
 20
-2.5956
 10
5.4542
 20
-2.5893
 10
5.4613
 20
-2.5835
 10
5.4687
 20
-2.5782
 10
5.4765
 20
-2.5733
 10
5.4846
 20
-2.569
 10
5.4929
 20
-2.5652
 10
5.5015
 20
-2.562
 10
5.5102
 20
-2.5594
 10
5.5192
 20
-2.5573
 10
5.5282
 20
-2.5558
 10
5.5373
 20
-2.5549
 10
5.5465
 20
-2.5546
 10
5.5556
 20
-2.5549
 10
5.5648
 20
-2.5558
 10
5.5738
 20
-2.5573
 10
5.5827
 20
-2.5594
 10
5.5915
 20
-2.562
 10
5.6001
 20
-2.5652
 10
5.6084
 20
-2.569
 10
5.6165
 20
-2.5733
 10
5.6243
 20
-2.5782
 10
5.6317
 20
-2.5835
 10
5.6388
 20
-2.5893
 10
5.6455
 20
-2.5956
 10
5.6517
 20
-2.6023
 10
5.6575
 20
-2.6094
 10
5.6629
 20
-2.6168
 10
5.6677
 20
-2.6246
 10
5.672
 20
-2.6327
 10
5.6758
 20
-2.641
 10
5.6791
 20
-2.6496
 10
5.6817
 20
-2.6584
 10
5.6838
 20
-2.6673
 10
5.6853
 20
-2.6763
 10
5.6862
 20
-2.6854
 10
5.6865
 20
-2.6946
 10
5.6862
 20
-2.7037
 10
5.6853
 20
-2.7129
 10
5.6838
 20
-2.7219
 10
5.6817
 20
-2.7308
 10
5.6791
 20
-2.7396
 10
5.6758
 20
-2.7482
 10
5.672
 20
-2.7565
 10
5.6677
 20
-2.7646
 10
5.6629
 20
-2.7724
 10
5.6575
 20
-2.7798
 10
5.6517
 20
-2.7869
 10
5.6455
 20
-2.7936
 10
5.6388
 20
-2.7998
  0
LWPOLYLINE
  5
BD
330
17
100
AcDbEntity
  8
ALTIN
100
AcDbPolyline
 90
134
 70
1
 10
4.1181
 20
-1.3778
 10
4.1206
 20
-1.3762
 10
4.1232
 20
-1.375
 10
4.126
 20
-1.374
 10
4.1288
 20
-1.3732
 10
4.1316
 20
-1.3727
 10
4.1345
 20
-1.3725
 10
4.1374
 20
-1.3726
 10
4.1403
 20
-1.373
 10
4.1431
 20
-1.3736
 10
4.1459
 20
-1.3746
 10
4.1486
 20
-1.3757
 10
4.1511
 20
-1.3772
 10
4.1535
 20
-1.3788
 10
4.1557
 20
-1.3807
 10
4.1577
 20
-1.3828
 10
4.1595
 20
-1.3851
 10
4.1611
 20
-1.3875
 10
4.234
 20
-1.5138
 10
4.2353
 20
-1.5163
 10
4.2363
 20
-1.519
 10
4.2371
 20
-1.5217
 10
4.2377
 20
-1.5245
 10
4.238
 20
-1.5273
 10
4.238
 20
-1.5301
 10
4.2377
 20
-1.5329
 10
4.2372
 20
-1.5357
 10
4.2364
 20
-1.5384
 10
4.2354
 20
-1.5411
 10
4.2341
 20
-1.5436
 10
4.2326
 20
-1.546
 10
4.1984
 20
-1.595
 10
4.2154
 20
-1.6476
 10
4.2935
 20
-1.7125
 10
4.3604
 20
-1.6852
 10
4.3512
 20
-1.6836
 10
4.3482
 20
-1.683
 10
4.3453
 20
-1.682
 10
4.3426
 20
-1.6808
 10
4.3399
 20
-1.6793
 10
4.3374
 20
-1.6775
 10
4.3352
 20
-1.6755
 10
4.3331
 20
-1.6732
 10
4.2596
 20
-1.5846
 10
4.2577
 20
-1.582
 10
4.256
 20
-1.5791
 10
4.2547
 20
-1.5761
 10
4.2537
 20
-1.573
 10
4.2084
 20
-1.3969
 10
4.2078
 20
-1.3941
 10
4.2075
 20
-1.3913
 10
4.2074
 20
-1.3884
 10
4.2077
 20
-1.3856
 10
4.2082
 20
-1.3827
 10
4.2089
 20
-1.38
 10
4.21
 20
-1.3773
 10
4.2112
 20
-1.3748
 10
4.2128
 20
-1.3723
 10
4.2145
 20
-1.3701
 10
4.2164
 20
-1.368
 10
4.3523
 20
-1.2351
 10
4.3547
 20
-1.2331
 10
4.3572
 20
-1.2313
 10
4.3599
 20
-1.2298
 10
4.3627
 20
-1.2285
 10
4.3657
 20
-1.2276
 10
4.5647
 20
-1.1751
 10
4.5676
 20
-1.1745
 10
4.5705
 20
-1.1742
 10
4.5734
 20
-1.1742
 10
4.5763
 20
-1.1744
 10
4.5791
 20
-1.1749
 10
4.5819
 20
-1.1757
 10
4.5846
 20
-1.1768
 10
4.5872
 20
-1.1781
 10
4.5897
 20
-1.1796
 10
4.592
 20
-1.1814
 10
4.5941
 20
-1.1834
 10
4.7463
 20
-1.3427
 10
4.7481
 20
-1.3447
 10
4.7496
 20
-1.3469
 10
4.751
 20
-1.3492
 10
4.7522
 20
-1.3516
 10
4.7531
 20
-1.3541
 10
4.8211
 20
-1.5627
 10
4.8219
 20
-1.5654
 10
4.8224
 20
-1.5682
 10
4.8226
 20
-1.5711
 10
4.8226
 20
-1.5739
 10
4.8222
 20
-1.5768
 10
4.8216
 20
-1.5795
 10
4.8208
 20
-1.5823
 10
4.8197
 20
-1.5849
 10
4.8183
 20
-1.5874
 10
4.8168
 20
-1.5898
 10
4.815
 20
-1.592
 10
4.813
 20
-1.594
 10
4.5812
 20
-1.8082
 10
4.5789
 20
-1.8101
 10
4.5764
 20
-1.8118
 10
4.5738
 20
-1.8132
 10
4.571
 20
-1.8144
 10
4.2694
 20
-1.9229
 10
4.2666
 20
-1.9237
 10
4.2637
 20
-1.9243
 10
4.2607
 20
-1.9246
 10
4.2578
 20
-1.9246
 10
4.2548
 20
-1.9243
 10
4.2519
 20
-1.9237
 10
4.249
 20
-1.9228
 10
4.2463
 20
-1.9217
 10
4.2437
 20
-1.9203
 10
4.2412
 20
-1.9186
 10
4.2389
 20
-1.9167
 10
4.0591
 20
-1.7508
 10
4.0569
 20
-1.7485
 10
4.0549
 20
-1.7459
 10
4.0532
 20
-1.7432
 10
4.0518
 20
-1.7403
 10
4.0507
 20
-1.7372
 10
3.9949
 20
-1.5487
 10
3.9942
 20
-1.5459
 10
3.9938
 20
-1.543
 10
3.9937
 20
-1.5401
 10
3.9938
 20
-1.5372
 10
3.9942
 20
-1.5343
 10
3.9949
 20
-1.5315
 10
3.9959
 20
-1.5288
 10
3.9971
 20
-1.5261
 10
3.9986
 20
-1.5236
 10
4.0003
 20
-1.5213
 10
4.1118
 20
-1.3837
 10
4.1137
 20
-1.3815
 10
4.1158
 20
-1.3795
  0
LWPOLYLINE
  5
BE
330
17
100
AcDbEntity
  8
ALTIN
100
AcDbPolyline
 90
8
 70
1
 10
4.4075
 20
-1.4612
 10
4.4259
 20
-1.5346
 10
4.4819
 20
-1.5876
 10
4.5584
 20
-1.5674
 10
4.6133
 20
-1.5128
 10
4.5954
 20
-1.4379
 10
4.5406
 20
-1.3852
 10
4.4638
 20
-1.4059
  0
LWPOLYLINE
  5
BF
330
17
100
AcDbEntity
  8
ALTIN
100
AcDbPolyline
 90
96
 70
1
 10
4.076
 20
-0.1111
 10
4.0685
 20
-0.1164
 10
4.0608
 20
-0.1212
 10
4.0527
 20
-0.1256
 10
4.0443
 20
-0.1293
 10
4.0358
 20
-0.1326
 10
4.027
 20
-0.1352
 10
4.0181
 20
-0.1373
 10
4.009
 20
-0.1388
 10
3.9999
 20
-0.1397
 10
3.9908
 20
-0.14
 10
3.9816
 20
-0.1397
 10
3.9725
 20
-0.1388
 10
3.9634
 20
-0.1373
 10
3.9545
 20
-0.1352
 10
3.9458
 20
-0.1326
 10
3.9372
 20
-0.1293
 10
3.9288
 20
-0.1256
 10
3.9208
 20
-0.1212
 10
3.913
 20
-0.1164
 10
3.9055
 20
-0.1111
 10
3.8985
 20
-0.1053
 10
3.8918
 20
-0.099
 10
3.8855
 20
-0.0923
 10
3.8797
 20
-0.0852
 10
3.8744
 20
-0.0778
 10
3.8695
 20
-0.07
 10
3.8652
 20
-0.0619
 10
3.8614
 20
-0.0536
 10
3.8582
 20
-0.045
 10
3.8555
 20
-0.0362
 10
3.8535
 20
-0.0273
 10
3.852
 20
-0.0183
 10
3.8511
 20
-0.0092
 10
3.8508
 20
-0.0
 10
3.8511
 20
0.0092
 10
3.852
 20
0.0183
 10
3.8535
 20
0.0273
 10
3.8555
 20
0.0362
 10
3.8582
 20
0.045
 10
3.8614
 20
0.0536
 10
3.8652
 20
0.0619
 10
3.8695
 20
0.07
 10
3.8744
 20
0.0778
 10
3.8797
 20
0.0852
 10
3.8855
 20
0.0923
 10
3.8918
 20
0.099
 10
3.8985
 20
0.1053
 10
3.9055
 20
0.1111
 10
3.913
 20
0.1164
 10
3.9208
 20
0.1212
 10
3.9288
 20
0.1256
 10
3.9372
 20
0.1293
 10
3.9458
 20
0.1326
 10
3.9545
 20
0.1352
 10
3.9634
 20
0.1373
 10
3.9725
 20
0.1388
 10
3.9816
 20
0.1397
 10
3.9908
 20
0.14
 10
3.9999
 20
0.1397
 10
4.009
 20
0.1388
 10
4.0181
 20
0.1373
 10
4.027
 20
0.1352
 10
4.0358
 20
0.1326
 10
4.0443
 20
0.1293
 10
4.0527
 20
0.1256
 10
4.0608
 20
0.1212
 10
4.0685
 20
0.1164
 10
4.076
 20
0.1111
 10
4.0831
 20
0.1053
 10
4.0898
 20
0.099
 10
4.096
 20
0.0923
 10
4.1018
 20
0.0852
 10
4.1072
 20
0.0778
 10
4.112
 20
0.07
 10
4.1163
 20
0.0619
 10
4.1201
 20
0.0536
 10
4.1233
 20
0.045
 10
4.126
 20
0.0362
 10
4.1281
 20
0.0273
 10
4.1296
 20
0.0183
 10
4.1305
 20
0.0092
 10
4.1308
 20
-0.0
 10
4.1305
 20
-0.0092
 10
4.1296
 20
-0.0183
 10
4.1281
 20
-0.0273
 10
4.126
 20
-0.0362
 10
4.1233
 20
-0.045
 10
4.1201
 20
-0.0536
 10
4.1163
 20
-0.0619
 10
4.112
 20
-0.07
 10
4.1072
 20
-0.0778
 10
4.1018
 20
-0.0852
 10
4.096
 20
-0.0923
 10
4.0898
 20
-0.099
 10
4.0831
 20
-0.1053
  0
LWPOLYLINE
  5
C0
330
17
100
AcDbEntity
  8
ALTIN
100
AcDbPolyline
 90
1440
 70
1
 10
9.3014
 20
-0.1441
 10
9.3007
 20
-0.1537
 10
9.3
 20
-0.1633
 10
9.2993
 20
-0.1729
 10
9.2985
 20
-0.1825
 10
9.2977
 20
-0.1921
 10
9.2968
 20
-0.2017
 10
9.2959
 20
-0.2112
 10
9.295
 20
-0.2208
 10
9.294
 20
-0.2304
 10
9.293
 20
-0.2399
 10
9.2919
 20
-0.2495
 10
9.2908
 20
-0.259
 10
9.2897
 20
-0.2686
 10
9.2885
 20
-0.2781
 10
9.2872
 20
-0.2877
 10
9.2859
 20
-0.2972
 10
9.2846
 20
-0.3067
 10
9.2833
 20
-0.3162
 10
9.2819
 20
-0.3258
 10
9.2804
 20
-0.3353
 10
9.2789
 20
-0.3448
 10
9.2774
 20
-0.3543
 10
9.2759
 20
-0.3637
 10
9.2742
 20
-0.3732
 10
9.2726
 20
-0.3827
 10
9.2709
 20
-0.3922
 10
9.2692
 20
-0.4016
 10
9.2674
 20
-0.4111
 10
9.2656
 20
-0.4205
 10
9.2637
 20
-0.43
 10
9.2618
 20
-0.4394
 10
9.2599
 20
-0.4488
 10
9.2579
 20
-0.4582
 10
9.2559
 20
-0.4676
 10
9.2538
 20
-0.477
 10
9.2517
 20
-0.4864
 10
9.2496
 20
-0.4958
 10
9.2474
 20
-0.5051
 10
9.2452
 20
-0.5145
 10
9.2429
 20
-0.5238
 10
9.2406
 20
-0.5332
 10
9.2383
 20
-0.5425
 10
9.2359
 20
-0.5518
 10
9.2335
 20
-0.5611
 10
9.231
 20
-0.5704
 10
9.2285
 20
-0.5797
 10
9.2259
 20
-0.589
 10
9.2233
 20
-0.5982
 10
9.2207
 20
-0.6075
 10
9.218
 20
-0.6167
 10
9.2153
 20
-0.6259
 10
9.2126
 20
-0.6351
 10
9.2098
 20
-0.6444
 10
9.2069
 20
-0.6535
 10
9.2041
 20
-0.6627
 10
9.2012
 20
-0.6719
 10
9.1982
 20
-0.681
 10
9.1952
 20
-0.6902
 10
9.1922
 20
-0.6993
 10
9.1891
 20
-0.7084
 10
9.186
 20
-0.7175
 10
9.1829
 20
-0.7266
 10
9.1797
 20
-0.7357
 10
9.1764
 20
-0.7447
 10
9.1732
 20
-0.7538
 10
9.1699
 20
-0.7628
 10
9.1665
 20
-0.7718
 10
9.1631
 20
-0.7808
 10
9.1597
 20
-0.7898
 10
9.1562
 20
-0.7988
 10
9.1527
 20
-0.8077
 10
9.1492
 20
-0.8167
 10
9.1456
 20
-0.8256
 10
9.142
 20
-0.8345
 10
9.1383
 20
-0.8434
 10
9.1346
 20
-0.8523
 10
9.1309
 20
-0.8611
 10
9.1271
 20
-0.87
 10
9.1233
 20
-0.8788
 10
9.1194
 20
-0.8876
 10
9.1155
 20
-0.8964
 10
9.1116
 20
-0.9052
 10
9.1076
 20
-0.9139
 10
9.1036
 20
-0.9227
 10
9.0996
 20
-0.9314
 10
9.0955
 20
-0.9401
 10
9.0914
 20
-0.9488
 10
9.0872
 20
-0.9575
 10
9.083
 20
-0.9661
 10
9.0788
 20
-0.9748
 10
9.0745
 20
-0.9834
 10
9.0702
 20
-0.992
 10
9.0659
 20
-1.0005
 10
9.0615
 20
-1.0091
 10
9.0571
 20
-1.0176
 10
9.0526
 20
-1.0262
 10
9.0481
 20
-1.0347
 10
9.0436
 20
-1.0431
 10
9.039
 20
-1.0516
 10
9.0344
 20
-1.06
 10
9.0298
 20
-1.0685
 10
9.0251
 20
-1.0769
 10
9.0204
 20
-1.0852
 10
9.0156
 20
-1.0936
 10
9.0108
 20
-1.1019
 10
9.006
 20
-1.1103
 10
9.0011
 20
-1.1186
 10
8.9962
 20
-1.1268
 10
8.9913
 20
-1.1351
 10
8.9863
 20
-1.1433
 10
8.9813
 20
-1.1515
 10
8.9763
 20
-1.1597
 10
8.9712
 20
-1.1679
 10
8.9661
 20
-1.176
 10
8.9609
 20
-1.1841
 10
8.9557
 20
-1.1922
 10
8.9505
 20
-1.2003
 10
8.9453
 20
-1.2084
 10
8.94
 20
-1.2164
 10
8.9347
 20
-1.2244
 10
8.9293
 20
-1.2324
 10
8.9239
 20
-1.2404
 10
8.9185
 20
-1.2483
 10
8.913
 20
-1.2562
 10
8.9075
 20
-1.2641
 10
8.902
 20
-1.272
 10
8.8964
 20
-1.2798
 10
8.8908
 20
-1.2876
 10
8.8852
 20
-1.2954
 10
8.8795
 20
-1.3032
 10
8.8738
 20
-1.3109
 10
8.8681
 20
-1.3186
 10
8.8623
 20
-1.3263
 10
8.8565
 20
-1.334
 10
8.8507
 20
-1.3416
 10
8.8448
 20
-1.3493
 10
8.8389
 20
-1.3568
 10
8.8329
 20
-1.3644
 10
8.827
 20
-1.3719
 10
8.821
 20
-1.3795
 10
8.8149
 20
-1.3869
 10
8.8089
 20
-1.3944
 10
8.8028
 20
-1.4018
 10
8.7966
 20
-1.4092
 10
8.7905
 20
-1.4166
 10
8.7843
 20
-1.424
 10
8.778
 20
-1.4313
 10
8.7718
 20
-1.4386
 10
8.7655
 20
-1.4459
 10
8.7592
 20
-1.4531
 10
8.7528
 20
-1.4603
 10
8.7464
 20
-1.4675
 10
8.74
 20
-1.4747
 10
8.7336
 20
-1.4818
 10
8.7271
 20
-1.4889
 10
8.7206
 20
-1.496
 10
8.714
 20
-1.503
 10
8.7074
 20
-1.5101
 10
8.7008
 20
-1.5171
 10
8.6942
 20
-1.524
 10
8.6875
 20
-1.5309
 10
8.6808
 20
-1.5378
 10
8.6741
 20
-1.5447
 10
8.6674
 20
-1.5516
 10
8.6606
 20
-1.5584
 10
8.6538
 20
-1.5652
 10
8.6469
 20
-1.5719
 10
8.64
 20
-1.5786
 10
8.6331
 20
-1.5853
 10
8.6262
 20
-1.592
 10
8.6193
 20
-1.5986
 10
8.6123
 20
-1.6052
 10
8.6052
 20
-1.6118
 10
8.5982
 20
-1.6184
 10
8.5911
 20
-1.6249
 10
8.584
 20
-1.6314
 10
8.5769
 20
-1.6378
 10
8.5697
 20
-1.6442
 10
8.5625
 20
-1.6506
 10
8.5553
 20
-1.657
 10
8.5481
 20
-1.6633
 10
8.5408
 20
-1.6696
 10
8.5335
 20
-1.6758
 10
8.5262
 20
-1.6821
 10
8.5188
 20
-1.6883
 10
8.5114
 20
-1.6944
 10
8.504
 20
-1.7006
 10
8.4966
 20
-1.7067
 10
8.4891
 20
-1.7127
 10
8.4817
 20
-1.7188
 10
8.4741
 20
-1.7248
 10
8.4666
 20
-1.7307
 10
8.459
 20
-1.7367
 10
8.4515
 20
-1.7426
 10
8.4438
 20
-1.7485
 10
8.4362
 20
-1.7543
 10
8.4285
 20
-1.7601
 10
8.4208
 20
-1.7659
 10
8.4131
 20
-1.7716
 10
8.4054
 20
-1.7773
 10
8.3976
 20
-1.783
 10
8.3898
 20
-1.7886
 10
8.382
 20
-1.7942
 10
8.3742
 20
-1.7998
 10
8.3663
 20
-1.8053
 10
8.3584
 20
-1.8108
 10
8.3505
 20
-1.8163
 10
8.3426
 20
-1.8217
 10
8.3346
 20
-1.8271
 10
8.3266
 20
-1.8325
 10
8.3186
 20
-1.8378
 10
8.3106
 20
-1.8431
 10
8.3025
 20
-1.8483
 10
8.2944
 20
-1.8535
 10
8.2863
 20
-1.8587
 10
8.2782
 20
-1.8639
 10
8.2701
 20
-1.869
 10
8.2619
 20
-1.8741
 10
8.2537
 20
-1.8791
 10
8.2455
 20
-1.8841
 10
8.2373
 20
-1.8891
 10
8.229
 20
-1.894
 10
8.2208
 20
-1.8989
 10
8.2125
 20
-1.9038
 10
8.2041
 20
-1.9086
 10
8.1958
 20
-1.9134
 10
8.1874
 20
-1.9182
 10
8.1791
 20
-1.9229
 10
8.1707
 20
-1.9276
 10
8.1622
 20
-1.9322
 10
8.1538
 20
-1.9368
 10
8.1453
 20
-1.9414
 10
8.1369
 20
-1.9459
 10
8.1284
 20
-1.9504
 10
8.1198
 20
-1.9549
 10
8.1113
 20
-1.9593
 10
8.1027
 20
-1.9637
 10
8.0942
 20
-1.968
 10
8.0856
 20
-1.9723
 10
8.077
 20
-1.9766
 10
8.0683
 20
-1.9808
 10
8.0597
 20
-1.985
 10
8.051
 20
-1.9892
 10
8.0423
 20
-1.9933
 10
8.0336
 20
-1.9974
 10
8.0249
 20
-2.0014
 10
8.0161
 20
-2.0054
 10
8.0074
 20
-2.0094
 10
7.9986
 20
-2.0133
 10
7.9898
 20
-2.0172
 10
7.981
 20
-2.0211
 10
7.9722
 20
-2.0249
 10
7.9633
 20
-2.0287
 10
7.9545
 20
-2.0324
 10
7.9456
 20
-2.0361
 10
7.9367
 20
-2.0398
 10
7.9278
 20
-2.0434
 10
7.9189
 20
-2.047
 10
7.9099
 20
-2.0505
 10
7.901
 20
-2.054
 10
7.892
 20
-2.0575
 10
7.883
 20
-2.0609
 10
7.874
 20
-2.0643
 10
7.865
 20
-2.0677
 10
7.856
 20
-2.071
 10
7.8469
 20
-2.0742
 10
7.8379
 20
-2.0775
 10
7.8288
 20
-2.0807
 10
7.8197
 20
-2.0838
 10
7.8106
 20
-2.0869
 10
7.8015
 20
-2.09
 10
7.7924
 20
-2.093
 10
7.7832
 20
-2.096
 10
7.7741
 20
-2.099
 10
7.7649
 20
-2.1019
 10
7.7557
 20
-2.1047
 10
7.7466
 20
-2.1076
 10
7.7373
 20
-2.1104
 10
7.7281
 20
-2.1131
 10
7.7189
 20
-2.1158
 10
7.7097
 20
-2.1185
 10
7.7004
 20
-2.1211
 10
7.6912
 20
-2.1237
 10
7.6819
 20
-2.1263
 10
7.6726
 20
-2.1288
 10
7.6633
 20
-2.1313
 10
7.654
 20
-2.1337
 10
7.6447
 20
-2.1361
 10
7.6354
 20
-2.1384
 10
7.626
 20
-2.1407
 10
7.6167
 20
-2.143
 10
7.6073
 20
-2.1452
 10
7.598
 20
-2.1474
 10
7.5886
 20
-2.1495
 10
7.5792
 20
-2.1516
 10
7.5698
 20
-2.1537
 10
7.5604
 20
-2.1557
 10
7.551
 20
-2.1577
 10
7.5416
 20
-2.1596
 10
7.5322
 20
-2.1615
 10
7.5227
 20
-2.1634
 10
7.5133
 20
-2.1652
 10
7.5038
 20
-2.167
 10
7.4944
 20
-2.1687
 10
7.4849
 20
-2.1704
 10
7.4754
 20
-2.172
 10
7.4659
 20
-2.1737
 10
7.4565
 20
-2.1752
 10
7.447
 20
-2.1767
 10
7.4375
 20
-2.1782
 10
7.428
 20
-2.1797
 10
7.4184
 20
-2.1811
 10
7.4089
 20
-2.1824
 10
7.3994
 20
-2.1837
 10
7.3899
 20
-2.185
 10
7.3803
 20
-2.1863
 10
7.3708
 20
-2.1875
 10
7.3612
 20
-2.1886
 10
7.3517
 20
-2.1897
 10
7.3421
 20
-2.1908
 10
7.3326
 20
-2.1918
 10
7.323
 20
-2.1928
 10
7.3134
 20
-2.1937
 10
7.3039
 20
-2.1946
 10
7.2943
 20
-2.1955
 10
7.2847
 20
-2.1963
 10
7.2751
 20
-2.1971
 10
7.2655
 20
-2.1978
 10
7.2559
 20
-2.1985
 10
7.2463
 20
-2.1992
 10
7.2367
 20
-2.1998
 10
7.2271
 20
-2.2003
 10
7.2175
 20
-2.2009
 10
7.2079
 20
-2.2013
 10
7.1983
 20
-2.2018
 10
7.1887
 20
-2.2022
 10
7.1791
 20
-2.2025
 10
7.1695
 20
-2.2029
 10
7.1599
 20
-2.2031
 10
7.1503
 20
-2.2034
 10
7.1407
 20
-2.2035
 10
7.131
 20
-2.2037
 10
7.1214
 20
-2.2038
 10
7.1118
 20
-2.2039
 10
7.1022
 20
-2.2039
 10
7.0926
 20
-2.2039
 10
7.083
 20
-2.2038
 10
7.0734
 20
-2.2037
 10
7.0637
 20
-2.2035
 10
7.0541
 20
-2.2034
 10
7.0445
 20
-2.2031
 10
7.0349
 20
-2.2029
 10
7.0253
 20
-2.2025
 10
7.0157
 20
-2.2022
 10
7.0061
 20
-2.2018
 10
6.9965
 20
-2.2013
 10
6.9869
 20
-2.2009
 10
6.9773
 20
-2.2003
 10
6.9677
 20
-2.1998
 10
6.9581
 20
-2.1992
 10
6.9485
 20
-2.1985
 10
6.9389
 20
-2.1978
 10
6.9293
 20
-2.1971
 10
6.9197
 20
-2.1963
 10
6.9101
 20
-2.1955
 10
6.9005
 20
-2.1946
 10
6.891
 20
-2.1937
 10
6.8814
 20
-2.1928
 10
6.8718
 20
-2.1918
 10
6.8623
 20
-2.1908
 10
6.8527
 20
-2.1897
 10
6.8432
 20
-2.1886
 10
6.8336
 20
-2.1875
 10
6.8241
 20
-2.1863
 10
6.8145
 20
-2.185
 10
6.805
 20
-2.1837
 10
6.7955
 20
-2.1824
 10
6.786
 20
-2.1811
 10
6.7764
 20
-2.1797
 10
6.7669
 20
-2.1782
 10
6.7574
 20
-2.1767
 10
6.7479
 20
-2.1752
 10
6.7385
 20
-2.1737
 10
6.729
 20
-2.172
 10
6.7195
 20
-2.1704
 10
6.71
 20
-2.1687
 10
6.7006
 20
-2.167
 10
6.6911
 20
-2.1652
 10
6.6817
 20
-2.1634
 10
6.6722
 20
-2.1615
 10
6.6628
 20
-2.1596
 10
6.6534
 20
-2.1577
 10
6.644
 20
-2.1557
 10
6.6346
 20
-2.1537
 10
6.6252
 20
-2.1516
 10
6.6158
 20
-2.1495
 10
6.6064
 20
-2.1474
 10
6.5971
 20
-2.1452
 10
6.5877
 20
-2.143
 10
6.5784
 20
-2.1407
 10
6.569
 20
-2.1384
 10
6.5597
 20
-2.1361
 10
6.5504
 20
-2.1337
 10
6.5411
 20
-2.1313
 10
6.5318
 20
-2.1288
 10
6.5225
 20
-2.1263
 10
6.5132
 20
-2.1237
 10
6.504
 20
-2.1211
 10
6.4947
 20
-2.1185
 10
6.4855
 20
-2.1158
 10
6.4763
 20
-2.1131
 10
6.4671
 20
-2.1104
 10
6.4578
 20
-2.1076
 10
6.4487
 20
-2.1047
 10
6.4395
 20
-2.1019
 10
6.4303
 20
-2.099
 10
6.4212
 20
-2.096
 10
6.412
 20
-2.093
 10
6.4029
 20
-2.09
 10
6.3938
 20
-2.0869
 10
6.3847
 20
-2.0838
 10
6.3756
 20
-2.0807
 10
6.3665
 20
-2.0775
 10
6.3575
 20
-2.0742
 10
6.3484
 20
-2.071
 10
6.3394
 20
-2.0677
 10
6.3304
 20
-2.0643
 10
6.3214
 20
-2.0609
 10
6.3124
 20
-2.0575
 10
6.3034
 20
-2.054
 10
6.2945
 20
-2.0505
 10
6.2855
 20
-2.047
 10
6.2766
 20
-2.0434
 10
6.2677
 20
-2.0398
 10
6.2588
 20
-2.0361
 10
6.2499
 20
-2.0324
 10
6.2411
 20
-2.0287
 10
6.2322
 20
-2.0249
 10
6.2234
 20
-2.0211
 10
6.2146
 20
-2.0172
 10
6.2058
 20
-2.0133
 10
6.197
 20
-2.0094
 10
6.1883
 20
-2.0054
 10
6.1795
 20
-2.0014
 10
6.1708
 20
-1.9974
 10
6.1621
 20
-1.9933
 10
6.1534
 20
-1.9892
 10
6.1447
 20
-1.985
 10
6.1361
 20
-1.9808
 10
6.1274
 20
-1.9766
 10
6.1188
 20
-1.9723
 10
6.1102
 20
-1.968
 10
6.1017
 20
-1.9637
 10
6.0931
 20
-1.9593
 10
6.0846
 20
-1.9549
 10
6.076
 20
-1.9504
 10
6.0675
 20
-1.9459
 10
6.0591
 20
-1.9414
 10
6.0506
 20
-1.9368
 10
6.0422
 20
-1.9322
 10
6.0337
 20
-1.9276
 10
6.0253
 20
-1.9229
 10
6.017
 20
-1.9182
 10
6.0086
 20
-1.9134
 10
6.0003
 20
-1.9086
 10
5.9919
 20
-1.9038
 10
5.9836
 20
-1.8989
 10
5.9754
 20
-1.894
 10
5.9671
 20
-1.8891
 10
5.9589
 20
-1.8841
 10
5.9507
 20
-1.8791
 10
5.9425
 20
-1.8741
 10
5.9343
 20
-1.869
 10
5.9262
 20
-1.8639
 10
5.9181
 20
-1.8587
 10
5.91
 20
-1.8535
 10
5.9019
 20
-1.8483
 10
5.8938
 20
-1.8431
 10
5.8858
 20
-1.8378
 10
5.8778
 20
-1.8325
 10
5.8698
 20
-1.8271
 10
5.8618
 20
-1.8217
 10
5.8539
 20
-1.8163
 10
5.846
 20
-1.8108
 10
5.8381
 20
-1.8053
 10
5.8302
 20
-1.7998
 10
5.8224
 20
-1.7942
 10
5.8146
 20
-1.7886
 10
5.8068
 20
-1.783
 10
5.799
 20
-1.7773
 10
5.7913
 20
-1.7716
 10
5.7836
 20
-1.7659
 10
5.7759
 20
-1.7601
 10
5.7682
 20
-1.7543
 10
5.7606
 20
-1.7485
 10
5.7529
 20
-1.7426
 10
5.7454
 20
-1.7367
 10
5.7378
 20
-1.7307
 10
5.7303
 20
-1.7248
 10
5.7227
 20
-1.7188
 10
5.7153
 20
-1.7127
 10
5.7078
 20
-1.7067
 10
5.7004
 20
-1.7006
 10
5.693
 20
-1.6944
 10
5.6856
 20
-1.6883
 10
5.6782
 20
-1.6821
 10
5.6709
 20
-1.6758
 10
5.6636
 20
-1.6696
 10
5.6563
 20
-1.6633
 10
5.6491
 20
-1.657
 10
5.6419
 20
-1.6506
 10
5.6347
 20
-1.6442
 10
5.6275
 20
-1.6378
 10
5.6204
 20
-1.6314
 10
5.6133
 20
-1.6249
 10
5.6062
 20
-1.6184
 10
5.5992
 20
-1.6118
 10
5.5921
 20
-1.6052
 10
5.5851
 20
-1.5986
 10
5.5782
 20
-1.592
 10
5.5713
 20
-1.5853
 10
5.5644
 20
-1.5786
 10
5.5575
 20
-1.5719
 10
5.5506
 20
-1.5652
 10
5.5438
 20
-1.5584
 10
5.537
 20
-1.5516
 10
5.5303
 20
-1.5447
 10
5.5236
 20
-1.5378
 10
5.5169
 20
-1.5309
 10
5.5102
 20
-1.524
 10
5.5036
 20
-1.5171
 10
5.497
 20
-1.5101
 10
5.4904
 20
-1.503
 10
5.4838
 20
-1.496
 10
5.4773
 20
-1.4889
 10
5.4708
 20
-1.4818
 10
5.4644
 20
-1.4747
 10
5.458
 20
-1.4675
 10
5.4516
 20
-1.4603
 10
5.4452
 20
-1.4531
 10
5.4389
 20
-1.4459
 10
5.4326
 20
-1.4386
 10
5.4264
 20
-1.4313
 10
5.4201
 20
-1.424
 10
5.4139
 20
-1.4166
 10
5.4078
 20
-1.4092
 10
5.4016
 20
-1.4018
 10
5.3955
 20
-1.3944
 10
5.3895
 20
-1.3869
 10
5.3834
 20
-1.3795
 10
5.3774
 20
-1.3719
 10
5.3715
 20
-1.3644
 10
5.3655
 20
-1.3568
 10
5.3596
 20
-1.3493
 10
5.3537
 20
-1.3416
 10
5.3479
 20
-1.334
 10
5.3421
 20
-1.3263
 10
5.3363
 20
-1.3186
 10
5.3306
 20
-1.3109
 10
5.3249
 20
-1.3032
 10
5.3192
 20
-1.2954
 10
5.3136
 20
-1.2876
 10
5.308
 20
-1.2798
 10
5.3024
 20
-1.272
 10
5.2969
 20
-1.2641
 10
5.2914
 20
-1.2562
 10
5.2859
 20
-1.2483
 10
5.2805
 20
-1.2404
 10
5.2751
 20
-1.2324
 10
5.2697
 20
-1.2244
 10
5.2644
 20
-1.2164
 10
5.2591
 20
-1.2084
 10
5.2539
 20
-1.2003
 10
5.2487
 20
-1.1922
 10
5.2435
 20
-1.1841
 10
5.2383
 20
-1.176
 10
5.2332
 20
-1.1679
 10
5.2281
 20
-1.1597
 10
5.2231
 20
-1.1515
 10
5.2181
 20
-1.1433
 10
5.2131
 20
-1.1351
 10
5.2082
 20
-1.1268
 10
5.2033
 20
-1.1186
 10
5.1984
 20
-1.1103
 10
5.1936
 20
-1.1019
 10
5.1888
 20
-1.0936
 10
5.184
 20
-1.0852
 10
5.1793
 20
-1.0769
 10
5.1746
 20
-1.0685
 10
5.17
 20
-1.06
 10
5.1654
 20
-1.0516
 10
5.1608
 20
-1.0431
 10
5.1563
 20
-1.0347
 10
5.1518
 20
-1.0262
 10
5.1473
 20
-1.0176
 10
5.1429
 20
-1.0091
 10
5.1385
 20
-1.0005
 10
5.1342
 20
-0.992
 10
5.1299
 20
-0.9834
 10
5.1256
 20
-0.9748
 10
5.1214
 20
-0.9661
 10
5.1172
 20
-0.9575
 10
5.113
 20
-0.9488
 10
5.1089
 20
-0.9401
 10
5.1048
 20
-0.9314
 10
5.1008
 20
-0.9227
 10
5.0968
 20
-0.9139
 10
5.0928
 20
-0.9052
 10
5.0889
 20
-0.8964
 10
5.085
 20
-0.8876
 10
5.0811
 20
-0.8788
 10
5.0773
 20
-0.87
 10
5.0735
 20
-0.8611
 10
5.0698
 20
-0.8523
 10
5.0661
 20
-0.8434
 10
5.0624
 20
-0.8345
 10
5.0588
 20
-0.8256
 10
5.0552
 20
-0.8167
 10
5.0517
 20
-0.8077
 10
5.0482
 20
-0.7988
 10
5.0447
 20
-0.7898
 10
5.0413
 20
-0.7808
 10
5.0379
 20
-0.7718
 10
5.0345
 20
-0.7628
 10
5.0312
 20
-0.7538
 10
5.028
 20
-0.7447
 10
5.0247
 20
-0.7357
 10
5.0215
 20
-0.7266
 10
5.0184
 20
-0.7175
 10
5.0153
 20
-0.7084
 10
5.0122
 20
-0.6993
 10
5.0092
 20
-0.6902
 10
5.0062
 20
-0.681
 10
5.0032
 20
-0.6719
 10
5.0003
 20
-0.6627
 10
4.9975
 20
-0.6535
 10
4.9946
 20
-0.6444
 10
4.9918
 20
-0.6351
 10
4.9891
 20
-0.6259
 10
4.9864
 20
-0.6167
 10
4.9837
 20
-0.6075
 10
4.9811
 20
-0.5982
 10
4.9785
 20
-0.589
 10
4.9759
 20
-0.5797
 10
4.9734
 20
-0.5704
 10
4.9709
 20
-0.5611
 10
4.9685
 20
-0.5518
 10
4.9661
 20
-0.5425
 10
4.9638
 20
-0.5332
 10
4.9615
 20
-0.5238
 10
4.9592
 20
-0.5145
 10
4.957
 20
-0.5051
 10
4.9548
 20
-0.4958
 10
4.9527
 20
-0.4864
 10
4.9506
 20
-0.477
 10
4.9485
 20
-0.4676
 10
4.9465
 20
-0.4582
 10
4.9445
 20
-0.4488
 10
4.9426
 20
-0.4394
 10
4.9407
 20
-0.43
 10
4.9388
 20
-0.4205
 10
4.937
 20
-0.4111
 10
4.9352
 20
-0.4016
 10
4.9335
 20
-0.3922
 10
4.9318
 20
-0.3827
 10
4.9302
 20
-0.3732
 10
4.9285
 20
-0.3637
 10
4.927
 20
-0.3543
 10
4.9255
 20
-0.3448
 10
4.924
 20
-0.3353
 10
4.9225
 20
-0.3258
 10
4.9211
 20
-0.3162
 10
4.9198
 20
-0.3067
 10
4.9185
 20
-0.2972
 10
4.9172
 20
-0.2877
 10
4.9159
 20
-0.2781
 10
4.9147
 20
-0.2686
 10
4.9136
 20
-0.259
 10
4.9125
 20
-0.2495
 10
4.9114
 20
-0.2399
 10
4.9104
 20
-0.2304
 10
4.9094
 20
-0.2208
 10
4.9085
 20
-0.2112
 10
4.9076
 20
-0.2017
 10
4.9067
 20
-0.1921
 10
4.9059
 20
-0.1825
 10
4.9051
 20
-0.1729
 10
4.9044
 20
-0.1633
 10
4.9037
 20
-0.1537
 10
4.903
 20
-0.1441
 10
4.9024
 20
-0.1345
 10
4.9019
 20
-0.1249
 10
4.9013
 20
-0.1153
 10
4.9009
 20
-0.1057
 10
4.9004
 20
-0.0961
 10
4.9
 20
-0.0865
 10
4.8997
 20
-0.0769
 10
4.8993
 20
-0.0673
 10
4.8991
 20
-0.0577
 10
4.8988
 20
-0.0481
 10
4.8987
 20
-0.0385
 10
4.8985
 20
-0.0288
 10
4.8984
 20
-0.0192
 10
4.8983
 20
-0.0096
 10
4.8983
 20
0.0
 10
4.8983
 20
0.0096
 10
4.8984
 20
0.0192
 10
4.8985
 20
0.0288
 10
4.8987
 20
0.0385
 10
4.8988
 20
0.0481
 10
4.8991
 20
0.0577
 10
4.8993
 20
0.0673
 10
4.8997
 20
0.0769
 10
4.9
 20
0.0865
 10
4.9004
 20
0.0961
 10
4.9009
 20
0.1057
 10
4.9013
 20
0.1153
 10
4.9019
 20
0.1249
 10
4.9024
 20
0.1345
 10
4.903
 20
0.1441
 10
4.9037
 20
0.1537
 10
4.9044
 20
0.1633
 10
4.9051
 20
0.1729
 10
4.9059
 20
0.1825
 10
4.9067
 20
0.1921
 10
4.9076
 20
0.2017
 10
4.9085
 20
0.2112
 10
4.9094
 20
0.2208
 10
4.9104
 20
0.2304
 10
4.9114
 20
0.2399
 10
4.9125
 20
0.2495
 10
4.9136
 20
0.259
 10
4.9147
 20
0.2686
 10
4.9159
 20
0.2781
 10
4.9172
 20
0.2877
 10
4.9185
 20
0.2972
 10
4.9198
 20
0.3067
 10
4.9211
 20
0.3162
 10
4.9225
 20
0.3258
 10
4.924
 20
0.3353
 10
4.9255
 20
0.3448
 10
4.927
 20
0.3543
 10
4.9285
 20
0.3637
 10
4.9302
 20
0.3732
 10
4.9318
 20
0.3827
 10
4.9335
 20
0.3922
 10
4.9352
 20
0.4016
 10
4.937
 20
0.4111
 10
4.9388
 20
0.4205
 10
4.9407
 20
0.43
 10
4.9426
 20
0.4394
 10
4.9445
 20
0.4488
 10
4.9465
 20
0.4582
 10
4.9485
 20
0.4676
 10
4.9506
 20
0.477
 10
4.9527
 20
0.4864
 10
4.9548
 20
0.4958
 10
4.957
 20
0.5051
 10
4.9592
 20
0.5145
 10
4.9615
 20
0.5238
 10
4.9638
 20
0.5332
 10
4.9661
 20
0.5425
 10
4.9685
 20
0.5518
 10
4.9709
 20
0.5611
 10
4.9734
 20
0.5704
 10
4.9759
 20
0.5797
 10
4.9785
 20
0.589
 10
4.9811
 20
0.5982
 10
4.9837
 20
0.6075
 10
4.9864
 20
0.6167
 10
4.9891
 20
0.6259
 10
4.9918
 20
0.6351
 10
4.9946
 20
0.6444
 10
4.9975
 20
0.6535
 10
5.0003
 20
0.6627
 10
5.0032
 20
0.6719
 10
5.0062
 20
0.681
 10
5.0092
 20
0.6902
 10
5.0122
 20
0.6993
 10
5.0153
 20
0.7084
 10
5.0184
 20
0.7175
 10
5.0215
 20
0.7266
 10
5.0247
 20
0.7357
 10
5.028
 20
0.7447
 10
5.0312
 20
0.7538
 10
5.0345
 20
0.7628
 10
5.0379
 20
0.7718
 10
5.0413
 20
0.7808
 10
5.0447
 20
0.7898
 10
5.0482
 20
0.7988
 10
5.0517
 20
0.8077
 10
5.0552
 20
0.8167
 10
5.0588
 20
0.8256
 10
5.0624
 20
0.8345
 10
5.0661
 20
0.8434
 10
5.0698
 20
0.8523
 10
5.0735
 20
0.8611
 10
5.0773
 20
0.87
 10
5.0811
 20
0.8788
 10
5.085
 20
0.8876
 10
5.0889
 20
0.8964
 10
5.0928
 20
0.9052
 10
5.0968
 20
0.9139
 10
5.1008
 20
0.9227
 10
5.1048
 20
0.9314
 10
5.1089
 20
0.9401
 10
5.113
 20
0.9488
 10
5.1172
 20
0.9575
 10
5.1214
 20
0.9661
 10
5.1256
 20
0.9748
 10
5.1299
 20
0.9834
 10
5.1342
 20
0.992
 10
5.1385
 20
1.0005
 10
5.1429
 20
1.0091
 10
5.1473
 20
1.0176
 10
5.1518
 20
1.0262
 10
5.1563
 20
1.0347
 10
5.1608
 20
1.0431
 10
5.1654
 20
1.0516
 10
5.17
 20
1.06
 10
5.1746
 20
1.0685
 10
5.1793
 20
1.0769
 10
5.184
 20
1.0852
 10
5.1888
 20
1.0936
 10
5.1936
 20
1.1019
 10
5.1984
 20
1.1103
 10
5.2033
 20
1.1186
 10
5.2082
 20
1.1268
 10
5.2131
 20
1.1351
 10
5.2181
 20
1.1433
 10
5.2231
 20
1.1515
 10
5.2281
 20
1.1597
 10
5.2332
 20
1.1679
 10
5.2383
 20
1.176
 10
5.2435
 20
1.1841
 10
5.2487
 20
1.1922
 10
5.2539
 20
1.2003
 10
5.2591
 20
1.2084
 10
5.2644
 20
1.2164
 10
5.2697
 20
1.2244
 10
5.2751
 20
1.2324
 10
5.2805
 20
1.2404
 10
5.2859
 20
1.2483
 10
5.2914
 20
1.2562
 10
5.2969
 20
1.2641
 10
5.3024
 20
1.272
 10
5.308
 20
1.2798
 10
5.3136
 20
1.2876
 10
5.3192
 20
1.2954
 10
5.3249
 20
1.3032
 10
5.3306
 20
1.3109
 10
5.3363
 20
1.3186
 10
5.3421
 20
1.3263
 10
5.3479
 20
1.334
 10
5.3537
 20
1.3416
 10
5.3596
 20
1.3493
 10
5.3655
 20
1.3568
 10
5.3715
 20
1.3644
 10
5.3774
 20
1.3719
 10
5.3834
 20
1.3795
 10
5.3895
 20
1.3869
 10
5.3955
 20
1.3944
 10
5.4016
 20
1.4018
 10
5.4078
 20
1.4092
 10
5.4139
 20
1.4166
 10
5.4201
 20
1.424
 10
5.4264
 20
1.4313
 10
5.4326
 20
1.4386
 10
5.4389
 20
1.4459
 10
5.4452
 20
1.4531
 10
5.4516
 20
1.4603
 10
5.458
 20
1.4675
 10
5.4644
 20
1.4747
 10
5.4708
 20
1.4818
 10
5.4773
 20
1.4889
 10
5.4838
 20
1.496
 10
5.4904
 20
1.503
 10
5.497
 20
1.5101
 10
5.5036
 20
1.5171
 10
5.5102
 20
1.524
 10
5.5169
 20
1.5309
 10
5.5236
 20
1.5378
 10
5.5303
 20
1.5447
 10
5.537
 20
1.5516
 10
5.5438
 20
1.5584
 10
5.5506
 20
1.5652
 10
5.5575
 20
1.5719
 10
5.5644
 20
1.5786
 10
5.5713
 20
1.5853
 10
5.5782
 20
1.592
 10
5.5851
 20
1.5986
 10
5.5921
 20
1.6052
 10
5.5992
 20
1.6118
 10
5.6062
 20
1.6184
 10
5.6133
 20
1.6249
 10
5.6204
 20
1.6314
 10
5.6275
 20
1.6378
 10
5.6347
 20
1.6442
 10
5.6419
 20
1.6506
 10
5.6491
 20
1.657
 10
5.6563
 20
1.6633
 10
5.6636
 20
1.6696
 10
5.6709
 20
1.6758
 10
5.6782
 20
1.6821
 10
5.6856
 20
1.6883
 10
5.693
 20
1.6944
 10
5.7004
 20
1.7006
 10
5.7078
 20
1.7067
 10
5.7153
 20
1.7127
 10
5.7227
 20
1.7188
 10
5.7303
 20
1.7248
 10
5.7378
 20
1.7307
 10
5.7454
 20
1.7367
 10
5.7529
 20
1.7426
 10
5.7606
 20
1.7485
 10
5.7682
 20
1.7543
 10
5.7759
 20
1.7601
 10
5.7836
 20
1.7659
 10
5.7913
 20
1.7716
 10
5.799
 20
1.7773
 10
5.8068
 20
1.783
 10
5.8146
 20
1.7886
 10
5.8224
 20
1.7942
 10
5.8302
 20
1.7998
 10
5.8381
 20
1.8053
 10
5.846
 20
1.8108
 10
5.8539
 20
1.8163
 10
5.8618
 20
1.8217
 10
5.8698
 20
1.8271
 10
5.8778
 20
1.8325
 10
5.8858
 20
1.8378
 10
5.8938
 20
1.8431
 10
5.9019
 20
1.8483
 10
5.91
 20
1.8535
 10
5.9181
 20
1.8587
 10
5.9262
 20
1.8639
 10
5.9343
 20
1.869
 10
5.9425
 20
1.8741
 10
5.9507
 20
1.8791
 10
5.9589
 20
1.8841
 10
5.9671
 20
1.8891
 10
5.9754
 20
1.894
 10
5.9836
 20
1.8989
 10
5.9919
 20
1.9038
 10
6.0003
 20
1.9086
 10
6.0086
 20
1.9134
 10
6.017
 20
1.9182
 10
6.0253
 20
1.9229
 10
6.0337
 20
1.9276
 10
6.0422
 20
1.9322
 10
6.0506
 20
1.9368
 10
6.0591
 20
1.9414
 10
6.0675
 20
1.9459
 10
6.076
 20
1.9504
 10
6.0846
 20
1.9549
 10
6.0931
 20
1.9593
 10
6.1017
 20
1.9637
 10
6.1102
 20
1.968
 10
6.1188
 20
1.9723
 10
6.1274
 20
1.9766
 10
6.1361
 20
1.9808
 10
6.1447
 20
1.985
 10
6.1534
 20
1.9892
 10
6.1621
 20
1.9933
 10
6.1708
 20
1.9974
 10
6.1795
 20
2.0014
 10
6.1883
 20
2.0054
 10
6.197
 20
2.0094
 10
6.2058
 20
2.0133
 10
6.2146
 20
2.0172
 10
6.2234
 20
2.0211
 10
6.2322
 20
2.0249
 10
6.2411
 20
2.0287
 10
6.2499
 20
2.0324
 10
6.2588
 20
2.0361
 10
6.2677
 20
2.0398
 10
6.2766
 20
2.0434
 10
6.2855
 20
2.047
 10
6.2945
 20
2.0505
 10
6.3034
 20
2.054
 10
6.3124
 20
2.0575
 10
6.3214
 20
2.0609
 10
6.3304
 20
2.0643
 10
6.3394
 20
2.0677
 10
6.3484
 20
2.071
 10
6.3575
 20
2.0742
 10
6.3665
 20
2.0775
 10
6.3756
 20
2.0807
 10
6.3847
 20
2.0838
 10
6.3938
 20
2.0869
 10
6.4029
 20
2.09
 10
6.412
 20
2.093
 10
6.4212
 20
2.096
 10
6.4303
 20
2.099
 10
6.4395
 20
2.1019
 10
6.4487
 20
2.1047
 10
6.4578
 20
2.1076
 10
6.4671
 20
2.1104
 10
6.4763
 20
2.1131
 10
6.4855
 20
2.1158
 10
6.4947
 20
2.1185
 10
6.504
 20
2.1211
 10
6.5132
 20
2.1237
 10
6.5225
 20
2.1263
 10
6.5318
 20
2.1288
 10
6.5411
 20
2.1313
 10
6.5504
 20
2.1337
 10
6.5597
 20
2.1361
 10
6.569
 20
2.1384
 10
6.5784
 20
2.1407
 10
6.5877
 20
2.143
 10
6.5971
 20
2.1452
 10
6.6064
 20
2.1474
 10
6.6158
 20
2.1495
 10
6.6252
 20
2.1516
 10
6.6346
 20
2.1537
 10
6.644
 20
2.1557
 10
6.6534
 20
2.1577
 10
6.6628
 20
2.1596
 10
6.6722
 20
2.1615
 10
6.6817
 20
2.1634
 10
6.6911
 20
2.1652
 10
6.7006
 20
2.167
 10
6.71
 20
2.1687
 10
6.7195
 20
2.1704
 10
6.729
 20
2.172
 10
6.7385
 20
2.1737
 10
6.7479
 20
2.1752
 10
6.7574
 20
2.1767
 10
6.7669
 20
2.1782
 10
6.7764
 20
2.1797
 10
6.786
 20
2.1811
 10
6.7955
 20
2.1824
 10
6.805
 20
2.1837
 10
6.8145
 20
2.185
 10
6.8241
 20
2.1863
 10
6.8336
 20
2.1875
 10
6.8432
 20
2.1886
 10
6.8527
 20
2.1897
 10
6.8623
 20
2.1908
 10
6.8718
 20
2.1918
 10
6.8814
 20
2.1928
 10
6.891
 20
2.1937
 10
6.9005
 20
2.1946
 10
6.9101
 20
2.1955
 10
6.9197
 20
2.1963
 10
6.9293
 20
2.1971
 10
6.9389
 20
2.1978
 10
6.9485
 20
2.1985
 10
6.9581
 20
2.1992
 10
6.9677
 20
2.1998
 10
6.9773
 20
2.2003
 10
6.9869
 20
2.2009
 10
6.9965
 20
2.2013
 10
7.0061
 20
2.2018
 10
7.0157
 20
2.2022
 10
7.0253
 20
2.2025
 10
7.0349
 20
2.2029
 10
7.0445
 20
2.2031
 10
7.0541
 20
2.2034
 10
7.0637
 20
2.2035
 10
7.0734
 20
2.2037
 10
7.083
 20
2.2038
 10
7.0926
 20
2.2039
 10
7.1022
 20
2.2039
 10
7.1118
 20
2.2039
 10
7.1214
 20
2.2038
 10
7.131
 20
2.2037
 10
7.1407
 20
2.2035
 10
7.1503
 20
2.2034
 10
7.1599
 20
2.2031
 10
7.1695
 20
2.2029
 10
7.1791
 20
2.2025
 10
7.1887
 20
2.2022
 10
7.1983
 20
2.2018
 10
7.2079
 20
2.2013
 10
7.2175
 20
2.2009
 10
7.2271
 20
2.2003
 10
7.2367
 20
2.1998
 10
7.2463
 20
2.1992
 10
7.2559
 20
2.1985
 10
7.2655
 20
2.1978
 10
7.2751
 20
2.1971
 10
7.2847
 20
2.1963
 10
7.2943
 20
2.1955
 10
7.3039
 20
2.1946
 10
7.3134
 20
2.1937
 10
7.323
 20
2.1928
 10
7.3326
 20
2.1918
 10
7.3421
 20
2.1908
 10
7.3517
 20
2.1897
 10
7.3612
 20
2.1886
 10
7.3708
 20
2.1875
 10
7.3803
 20
2.1863
 10
7.3899
 20
2.185
 10
7.3994
 20
2.1837
 10
7.4089
 20
2.1824
 10
7.4184
 20
2.1811
 10
7.428
 20
2.1797
 10
7.4375
 20
2.1782
 10
7.447
 20
2.1767
 10
7.4565
 20
2.1752
 10
7.4659
 20
2.1737
 10
7.4754
 20
2.172
 10
7.4849
 20
2.1704
 10
7.4944
 20
2.1687
 10
7.5038
 20
2.167
 10
7.5133
 20
2.1652
 10
7.5227
 20
2.1634
 10
7.5322
 20
2.1615
 10
7.5416
 20
2.1596
 10
7.551
 20
2.1577
 10
7.5604
 20
2.1557
 10
7.5698
 20
2.1537
 10
7.5792
 20
2.1516
 10
7.5886
 20
2.1495
 10
7.598
 20
2.1474
 10
7.6073
 20
2.1452
 10
7.6167
 20
2.143
 10
7.626
 20
2.1407
 10
7.6354
 20
2.1384
 10
7.6447
 20
2.1361
 10
7.654
 20
2.1337
 10
7.6633
 20
2.1313
 10
7.6726
 20
2.1288
 10
7.6819
 20
2.1263
 10
7.6912
 20
2.1237
 10
7.7004
 20
2.1211
 10
7.7097
 20
2.1185
 10
7.7189
 20
2.1158
 10
7.7281
 20
2.1131
 10
7.7373
 20
2.1104
 10
7.7466
 20
2.1076
 10
7.7557
 20
2.1047
 10
7.7649
 20
2.1019
 10
7.7741
 20
2.099
 10
7.7832
 20
2.096
 10
7.7924
 20
2.093
 10
7.8015
 20
2.09
 10
7.8106
 20
2.0869
 10
7.8197
 20
2.0838
 10
7.8288
 20
2.0807
 10
7.8379
 20
2.0775
 10
7.8469
 20
2.0742
 10
7.856
 20
2.071
 10
7.865
 20
2.0677
 10
7.874
 20
2.0643
 10
7.883
 20
2.0609
 10
7.892
 20
2.0575
 10
7.901
 20
2.054
 10
7.9099
 20
2.0505
 10
7.9189
 20
2.047
 10
7.9278
 20
2.0434
 10
7.9367
 20
2.0398
 10
7.9456
 20
2.0361
 10
7.9545
 20
2.0324
 10
7.9633
 20
2.0287
 10
7.9722
 20
2.0249
 10
7.981
 20
2.0211
 10
7.9898
 20
2.0172
 10
7.9986
 20
2.0133
 10
8.0074
 20
2.0094
 10
8.0161
 20
2.0054
 10
8.0249
 20
2.0014
 10
8.0336
 20
1.9974
 10
8.0423
 20
1.9933
 10
8.051
 20
1.9892
 10
8.0597
 20
1.985
 10
8.0683
 20
1.9808
 10
8.077
 20
1.9766
 10
8.0856
 20
1.9723
 10
8.0942
 20
1.968
 10
8.1027
 20
1.9637
 10
8.1113
 20
1.9593
 10
8.1198
 20
1.9549
 10
8.1284
 20
1.9504
 10
8.1369
 20
1.9459
 10
8.1453
 20
1.9414
 10
8.1538
 20
1.9368
 10
8.1622
 20
1.9322
 10
8.1707
 20
1.9276
 10
8.1791
 20
1.9229
 10
8.1874
 20
1.9182
 10
8.1958
 20
1.9134
 10
8.2041
 20
1.9086
 10
8.2125
 20
1.9038
 10
8.2208
 20
1.8989
 10
8.229
 20
1.894
 10
8.2373
 20
1.8891
 10
8.2455
 20
1.8841
 10
8.2537
 20
1.8791
 10
8.2619
 20
1.8741
 10
8.2701
 20
1.869
 10
8.2782
 20
1.8639
 10
8.2863
 20
1.8587
 10
8.2944
 20
1.8535
 10
8.3025
 20
1.8483
 10
8.3106
 20
1.8431
 10
8.3186
 20
1.8378
 10
8.3266
 20
1.8325
 10
8.3346
 20
1.8271
 10
8.3426
 20
1.8217
 10
8.3505
 20
1.8163
 10
8.3584
 20
1.8108
 10
8.3663
 20
1.8053
 10
8.3742
 20
1.7998
 10
8.382
 20
1.7942
 10
8.3898
 20
1.7886
 10
8.3976
 20
1.783
 10
8.4054
 20
1.7773
 10
8.4131
 20
1.7716
 10
8.4208
 20
1.7659
 10
8.4285
 20
1.7601
 10
8.4362
 20
1.7543
 10
8.4438
 20
1.7485
 10
8.4515
 20
1.7426
 10
8.459
 20
1.7367
 10
8.4666
 20
1.7307
 10
8.4741
 20
1.7248
 10
8.4817
 20
1.7188
 10
8.4891
 20
1.7127
 10
8.4966
 20
1.7067
 10
8.504
 20
1.7006
 10
8.5114
 20
1.6944
 10
8.5188
 20
1.6883
 10
8.5262
 20
1.6821
 10
8.5335
 20
1.6758
 10
8.5408
 20
1.6696
 10
8.5481
 20
1.6633
 10
8.5553
 20
1.657
 10
8.5625
 20
1.6506
 10
8.5697
 20
1.6442
 10
8.5769
 20
1.6378
 10
8.584
 20
1.6314
 10
8.5911
 20
1.6249
 10
8.5982
 20
1.6184
 10
8.6052
 20
1.6118
 10
8.6123
 20
1.6052
 10
8.6193
 20
1.5986
 10
8.6262
 20
1.592
 10
8.6331
 20
1.5853
 10
8.64
 20
1.5786
 10
8.6469
 20
1.5719
 10
8.6538
 20
1.5652
 10
8.6606
 20
1.5584
 10
8.6674
 20
1.5516
 10
8.6741
 20
1.5447
 10
8.6808
 20
1.5378
 10
8.6875
 20
1.5309
 10
8.6942
 20
1.524
 10
8.7008
 20
1.5171
 10
8.7074
 20
1.5101
 10
8.714
 20
1.503
 10
8.7206
 20
1.496
 10
8.7271
 20
1.4889
 10
8.7336
 20
1.4818
 10
8.74
 20
1.4747
 10
8.7464
 20
1.4675
 10
8.7528
 20
1.4603
 10
8.7592
 20
1.4531
 10
8.7655
 20
1.4459
 10
8.7718
 20
1.4386
 10
8.778
 20
1.4313
 10
8.7843
 20
1.424
 10
8.7905
 20
1.4166
 10
8.7966
 20
1.4092
 10
8.8028
 20
1.4018
 10
8.8089
 20
1.3944
 10
8.8149
 20
1.3869
 10
8.821
 20
1.3795
 10
8.827
 20
1.3719
 10
8.8329
 20
1.3644
 10
8.8389
 20
1.3568
 10
8.8448
 20
1.3493
 10
8.8507
 20
1.3416
 10
8.8565
 20
1.334
 10
8.8623
 20
1.3263
 10
8.8681
 20
1.3186
 10
8.8738
 20
1.3109
 10
8.8795
 20
1.3032
 10
8.8852
 20
1.2954
 10
8.8908
 20
1.2876
 10
8.8964
 20
1.2798
 10
8.902
 20
1.272
 10
8.9075
 20
1.2641
 10
8.913
 20
1.2562
 10
8.9185
 20
1.2483
 10
8.9239
 20
1.2404
 10
8.9293
 20
1.2324
 10
8.9347
 20
1.2244
 10
8.94
 20
1.2164
 10
8.9453
 20
1.2084
 10
8.9505
 20
1.2003
 10
8.9557
 20
1.1922
 10
8.9609
 20
1.1841
 10
8.9661
 20
1.176
 10
8.9712
 20
1.1679
 10
8.9763
 20
1.1597
 10
8.9813
 20
1.1515
 10
8.9863
 20
1.1433
 10
8.9913
 20
1.1351
 10
8.9962
 20
1.1268
 10
9.0011
 20
1.1186
 10
9.006
 20
1.1103
 10
9.0108
 20
1.1019
 10
9.0156
 20
1.0936
 10
9.0204
 20
1.0852
 10
9.0251
 20
1.0769
 10
9.0298
 20
1.0685
 10
9.0344
 20
1.06
 10
9.039
 20
1.0516
 10
9.0436
 20
1.0431
 10
9.0481
 20
1.0347
 10
9.0526
 20
1.0262
 10
9.0571
 20
1.0176
 10
9.0615
 20
1.0091
 10
9.0659
 20
1.0005
 10
9.0702
 20
0.992
 10
9.0745
 20
0.9834
 10
9.0788
 20
0.9748
 10
9.083
 20
0.9661
 10
9.0872
 20
0.9575
 10
9.0914
 20
0.9488
 10
9.0955
 20
0.9401
 10
9.0996
 20
0.9314
 10
9.1036
 20
0.9227
 10
9.1076
 20
0.9139
 10
9.1116
 20
0.9052
 10
9.1155
 20
0.8964
 10
9.1194
 20
0.8876
 10
9.1233
 20
0.8788
 10
9.1271
 20
0.87
 10
9.1309
 20
0.8611
 10
9.1346
 20
0.8523
 10
9.1383
 20
0.8434
 10
9.142
 20
0.8345
 10
9.1456
 20
0.8256
 10
9.1492
 20
0.8167
 10
9.1527
 20
0.8077
 10
9.1562
 20
0.7988
 10
9.1597
 20
0.7898
 10
9.1631
 20
0.7808
 10
9.1665
 20
0.7718
 10
9.1699
 20
0.7628
 10
9.1732
 20
0.7538
 10
9.1764
 20
0.7447
 10
9.1797
 20
0.7357
 10
9.1829
 20
0.7266
 10
9.186
 20
0.7175
 10
9.1891
 20
0.7084
 10
9.1922
 20
0.6993
 10
9.1952
 20
0.6902
 10
9.1982
 20
0.681
 10
9.2012
 20
0.6719
 10
9.2041
 20
0.6627
 10
9.2069
 20
0.6535
 10
9.2098
 20
0.6444
 10
9.2126
 20
0.6351
 10
9.2153
 20
0.6259
 10
9.218
 20
0.6167
 10
9.2207
 20
0.6075
 10
9.2233
 20
0.5982
 10
9.2259
 20
0.589
 10
9.2285
 20
0.5797
 10
9.231
 20
0.5704
 10
9.2335
 20
0.5611
 10
9.2359
 20
0.5518
 10
9.2383
 20
0.5425
 10
9.2406
 20
0.5332
 10
9.2429
 20
0.5238
 10
9.2452
 20
0.5145
 10
9.2474
 20
0.5051
 10
9.2496
 20
0.4958
 10
9.2517
 20
0.4864
 10
9.2538
 20
0.477
 10
9.2559
 20
0.4676
 10
9.2579
 20
0.4582
 10
9.2599
 20
0.4488
 10
9.2618
 20
0.4394
 10
9.2637
 20
0.43
 10
9.2656
 20
0.4205
 10
9.2674
 20
0.4111
 10
9.2692
 20
0.4016
 10
9.2709
 20
0.3922
 10
9.2726
 20
0.3827
 10
9.2742
 20
0.3732
 10
9.2759
 20
0.3637
 10
9.2774
 20
0.3543
 10
9.2789
 20
0.3448
 10
9.2804
 20
0.3353
 10
9.2819
 20
0.3258
 10
9.2833
 20
0.3162
 10
9.2846
 20
0.3067
 10
9.2859
 20
0.2972
 10
9.2872
 20
0.2877
 10
9.2885
 20
0.2781
 10
9.2897
 20
0.2686
 10
9.2908
 20
0.259
 10
9.2919
 20
0.2495
 10
9.293
 20
0.2399
 10
9.294
 20
0.2304
 10
9.295
 20
0.2208
 10
9.2959
 20
0.2112
 10
9.2968
 20
0.2017
 10
9.2977
 20
0.1921
 10
9.2985
 20
0.1825
 10
9.2993
 20
0.1729
 10
9.3
 20
0.1633
 10
9.3007
 20
0.1537
 10
9.3014
 20
0.1441
 10
9.302
 20
0.1345
 10
9.3025
 20
0.1249
 10
9.3031
 20
0.1153
 10
9.3035
 20
0.1057
 10
9.304
 20
0.0961
 10
9.3044
 20
0.0865
 10
9.3047
 20
0.0769
 10
9.3051
 20
0.0673
 10
9.3053
 20
0.0577
 10
9.3056
 20
0.0481
 10
9.3057
 20
0.0385
 10
9.3059
 20
0.0288
 10
9.306
 20
0.0192
 10
9.3061
 20
0.0096
 10
9.3061
 20
0.0
 10
9.3061
 20
-0.0096
 10
9.306
 20
-0.0192
 10
9.3059
 20
-0.0288
 10
9.3057
 20
-0.0385
 10
9.3056
 20
-0.0481
 10
9.3053
 20
-0.0577
 10
9.3051
 20
-0.0673
 10
9.3047
 20
-0.0769
 10
9.3044
 20
-0.0865
 10
9.304
 20
-0.0961
 10
9.3035
 20
-0.1057
 10
9.3031
 20
-0.1153
 10
9.3025
 20
-0.1249
 10
9.302
 20
-0.1345
  0
LWPOLYLINE
  5
C1
330
17
100
AcDbEntity
  8
ALTIN
100
AcDbPolyline
 90
1440
 70
1
 10
9.1517
 20
0.1343
 10
9.1511
 20
0.1433
 10
9.1504
 20
0.1522
 10
9.1497
 20
0.1611
 10
9.149
 20
0.1701
 10
9.1483
 20
0.179
 10
9.1475
 20
0.1879
 10
9.1466
 20
0.1969
 10
9.1457
 20
0.2058
 10
9.1448
 20
0.2147
 10
9.1439
 20
0.2236
 10
9.1429
 20
0.2325
 10
9.1418
 20
0.2414
 10
9.1408
 20
0.2503
 10
9.1397
 20
0.2592
 10
9.1385
 20
0.2681
 10
9.1373
 20
0.277
 10
9.1361
 20
0.2858
 10
9.1348
 20
0.2947
 10
9.1335
 20
0.3036
 10
9.1322
 20
0.3124
 10
9.1308
 20
0.3213
 10
9.1294
 20
0.3301
 10
9.1279
 20
0.339
 10
9.1264
 20
0.3478
 10
9.1249
 20
0.3567
 10
9.1233
 20
0.3655
 10
9.1217
 20
0.3743
 10
9.12
 20
0.3831
 10
9.1183
 20
0.3919
 10
9.1166
 20
0.4007
 10
9.1148
 20
0.4095
 10
9.113
 20
0.4183
 10
9.1112
 20
0.427
 10
9.1093
 20
0.4358
 10
9.1074
 20
0.4445
 10
9.1054
 20
0.4533
 10
9.1034
 20
0.462
 10
9.1014
 20
0.4708
 10
9.0993
 20
0.4795
 10
9.0972
 20
0.4882
 10
9.0951
 20
0.4969
 10
9.0929
 20
0.5056
 10
9.0907
 20
0.5143
 10
9.0884
 20
0.5229
 10
9.0861
 20
0.5316
 10
9.0838
 20
0.5402
 10
9.0814
 20
0.5489
 10
9.079
 20
0.5575
 10
9.0765
 20
0.5661
 10
9.074
 20
0.5747
 10
9.0715
 20
0.5833
 10
9.0689
 20
0.5919
 10
9.0663
 20
0.6005
 10
9.0637
 20
0.6091
 10
9.061
 20
0.6176
 10
9.0583
 20
0.6262
 10
9.0556
 20
0.6347
 10
9.0528
 20
0.6432
 10
9.0499
 20
0.6517
 10
9.0471
 20
0.6602
 10
9.0442
 20
0.6687
 10
9.0412
 20
0.6771
 10
9.0383
 20
0.6856
 10
9.0353
 20
0.694
 10
9.0322
 20
0.7025
 10
9.0291
 20
0.7109
 10
9.026
 20
0.7193
 10
9.0229
 20
0.7277
 10
9.0197
 20
0.736
 10
9.0164
 20
0.7444
 10
9.0132
 20
0.7527
 10
9.0099
 20
0.7611
 10
9.0065
 20
0.7694
 10
9.0031
 20
0.7777
 10
8.9997
 20
0.786
 10
8.9963
 20
0.7943
 10
8.9928
 20
0.8025
 10
8.9893
 20
0.8108
 10
8.9857
 20
0.819
 10
8.9821
 20
0.8272
 10
8.9785
 20
0.8354
 10
8.9748
 20
0.8436
 10
8.9712
 20
0.8517
 10
8.9674
 20
0.8599
 10
8.9636
 20
0.868
 10
8.9598
 20
0.8761
 10
8.956
 20
0.8842
 10
8.9521
 20
0.8923
 10
8.9482
 20
0.9004
 10
8.9443
 20
0.9084
 10
8.9403
 20
0.9164
 10
8.9363
 20
0.9244
 10
8.9322
 20
0.9324
 10
8.9281
 20
0.9404
 10
8.924
 20
0.9484
 10
8.9199
 20
0.9563
 10
8.9157
 20
0.9642
 10
8.9114
 20
0.9721
 10
8.9072
 20
0.98
 10
8.9029
 20
0.9879
 10
8.8986
 20
0.9957
 10
8.8942
 20
1.0036
 10
8.8898
 20
1.0114
 10
8.8854
 20
1.0192
 10
8.8809
 20
1.0269
 10
8.8764
 20
1.0347
 10
8.8719
 20
1.0424
 10
8.8673
 20
1.0501
 10
8.8627
 20
1.0578
 10
8.8581
 20
1.0655
 10
8.8534
 20
1.0731
 10
8.8487
 20
1.0808
 10
8.844
 20
1.0884
 10
8.8392
 20
1.096
 10
8.8344
 20
1.1035
 10
8.8296
 20
1.1111
 10
8.8247
 20
1.1186
 10
8.8198
 20
1.1261
 10
8.8149
 20
1.1336
 10
8.8099
 20
1.1411
 10
8.8049
 20
1.1485
 10
8.7999
 20
1.1559
 10
8.7949
 20
1.1633
 10
8.7898
 20
1.1707
 10
8.7846
 20
1.1781
 10
8.7795
 20
1.1854
 10
8.7743
 20
1.1927
 10
8.7691
 20
1.2
 10
8.7638
 20
1.2072
 10
8.7585
 20
1.2145
 10
8.7532
 20
1.2217
 10
8.7479
 20
1.2289
 10
8.7425
 20
1.2361
 10
8.7371
 20
1.2432
 10
8.7317
 20
1.2503
 10
8.7262
 20
1.2574
 10
8.7207
 20
1.2645
 10
8.7151
 20
1.2715
 10
8.7096
 20
1.2786
 10
8.704
 20
1.2856
 10
8.6984
 20
1.2925
 10
8.6927
 20
1.2995
 10
8.687
 20
1.3064
 10
8.6813
 20
1.3133
 10
8.6756
 20
1.3202
 10
8.6698
 20
1.3271
 10
8.664
 20
1.3339
 10
8.6581
 20
1.3407
 10
8.6523
 20
1.3475
 10
8.6464
 20
1.3542
 10
8.6405
 20
1.3609
 10
8.6345
 20
1.3676
 10
8.6285
 20
1.3743
 10
8.6225
 20
1.381
 10
8.6165
 20
1.3876
 10
8.6104
 20
1.3942
 10
8.6043
 20
1.4007
 10
8.5982
 20
1.4073
 10
8.592
 20
1.4138
 10
8.5858
 20
1.4203
 10
8.5796
 20
1.4267
 10
8.5734
 20
1.4332
 10
8.5671
 20
1.4396
 10
8.5608
 20
1.446
 10
8.5545
 20
1.4523
 10
8.5482
 20
1.4586
 10
8.5418
 20
1.4649
 10
8.5354
 20
1.4712
 10
8.5289
 20
1.4774
 10
8.5225
 20
1.4836
 10
8.516
 20
1.4898
 10
8.5095
 20
1.496
 10
8.5029
 20
1.5021
 10
8.4964
 20
1.5082
 10
8.4898
 20
1.5143
 10
8.4832
 20
1.5203
 10
8.4765
 20
1.5263
 10
8.4698
 20
1.5323
 10
8.4631
 20
1.5383
 10
8.4564
 20
1.5442
 10
8.4497
 20
1.5501
 10
8.4429
 20
1.5559
 10
8.4361
 20
1.5618
 10
8.4293
 20
1.5676
 10
8.4224
 20
1.5734
 10
8.4155
 20
1.5791
 10
8.4086
 20
1.5848
 10
8.4017
 20
1.5905
 10
8.3947
 20
1.5962
 10
8.3878
 20
1.6018
 10
8.3808
 20
1.6074
 10
8.3737
 20
1.6129
 10
8.3667
 20
1.6185
 10
8.3596
 20
1.624
 10
8.3525
 20
1.6295
 10
8.3454
 20
1.6349
 10
8.3383
 20
1.6403
 10
8.3311
 20
1.6457
 10
8.3239
 20
1.651
 10
8.3167
 20
1.6563
 10
8.3094
 20
1.6616
 10
8.3022
 20
1.6669
 10
8.2949
 20
1.6721
 10
8.2876
 20
1.6773
 10
8.2803
 20
1.6824
 10
8.2729
 20
1.6876
 10
8.2655
 20
1.6927
 10
8.2581
 20
1.6977
 10
8.2507
 20
1.7027
 10
8.2433
 20
1.7077
 10
8.2358
 20
1.7127
 10
8.2283
 20
1.7176
 10
8.2208
 20
1.7225
 10
8.2133
 20
1.7274
 10
8.2057
 20
1.7322
 10
8.1982
 20
1.737
 10
8.1906
 20
1.7418
 10
8.183
 20
1.7465
 10
8.1753
 20
1.7512
 10
8.1677
 20
1.7559
 10
8.16
 20
1.7605
 10
8.1523
 20
1.7651
 10
8.1446
 20
1.7697
 10
8.1369
 20
1.7742
 10
8.1291
 20
1.7787
 10
8.1214
 20
1.7832
 10
8.1136
 20
1.7876
 10
8.1058
 20
1.792
 10
8.0979
 20
1.7964
 10
8.0901
 20
1.8007
 10
8.0822
 20
1.805
 10
8.0743
 20
1.8092
 10
8.0664
 20
1.8135
 10
8.0585
 20
1.8177
 10
8.0506
 20
1.8218
 10
8.0426
 20
1.8259
 10
8.0346
 20
1.83
 10
8.0266
 20
1.8341
 10
8.0186
 20
1.8381
 10
8.0106
 20
1.8421
 10
8.0026
 20
1.846
 10
7.9945
 20
1.8499
 10
7.9864
 20
1.8538
 10
7.9783
 20
1.8576
 10
7.9702
 20
1.8614
 10
7.9621
 20
1.8652
 10
7.9539
 20
1.869
 10
7.9458
 20
1.8726
 10
7.9376
 20
1.8763
 10
7.9294
 20
1.8799
 10
7.9212
 20
1.8835
 10
7.913
 20
1.8871
 10
7.9047
 20
1.8906
 10
7.8965
 20
1.8941
 10
7.8882
 20
1.8975
 10
7.8799
 20
1.9009
 10
7.8716
 20
1.9043
 10
7.8633
 20
1.9077
 10
7.8549
 20
1.911
 10
7.8466
 20
1.9142
 10
7.8382
 20
1.9175
 10
7.8299
 20
1.9207
 10
7.8215
 20
1.9238
 10
7.8131
 20
1.9269
 10
7.8047
 20
1.93
 10
7.7962
 20
1.9331
 10
7.7878
 20
1.9361
 10
7.7793
 20
1.939
 10
7.7709
 20
1.942
 10
7.7624
 20
1.9449
 10
7.7539
 20
1.9477
 10
7.7454
 20
1.9506
 10
7.7369
 20
1.9534
 10
7.7284
 20
1.9561
 10
7.7198
 20
1.9588
 10
7.7113
 20
1.9615
 10
7.7027
 20
1.9641
 10
7.6941
 20
1.9667
 10
7.6855
 20
1.9693
 10
7.6769
 20
1.9718
 10
7.6683
 20
1.9743
 10
7.6597
 20
1.9768
 10
7.6511
 20
1.9792
 10
7.6424
 20
1.9816
 10
7.6338
 20
1.9839
 10
7.6251
 20
1.9862
 10
7.6165
 20
1.9885
 10
7.6078
 20
1.9907
 10
7.5991
 20
1.9929
 10
7.5904
 20
1.995
 10
7.5817
 20
1.9971
 10
7.573
 20
1.9992
 10
7.5642
 20
2.0012
 10
7.5555
 20
2.0032
 10
7.5467
 20
2.0052
 10
7.538
 20
2.0071
 10
7.5292
 20
2.009
 10
7.5205
 20
2.0108
 10
7.5117
 20
2.0126
 10
7.5029
 20
2.0144
 10
7.4941
 20
2.0161
 10
7.4853
 20
2.0178
 10
7.4765
 20
2.0195
 10
7.4677
 20
2.0211
 10
7.4589
 20
2.0227
 10
7.45
 20
2.0242
 10
7.4412
 20
2.0257
 10
7.4323
 20
2.0272
 10
7.4235
 20
2.0286
 10
7.4146
 20
2.03
 10
7.4058
 20
2.0313
 10
7.3969
 20
2.0326
 10
7.388
 20
2.0339
 10
7.3792
 20
2.0351
 10
7.3703
 20
2.0363
 10
7.3614
 20
2.0375
 10
7.3525
 20
2.0386
 10
7.3436
 20
2.0396
 10
7.3347
 20
2.0407
 10
7.3258
 20
2.0417
 10
7.3169
 20
2.0426
 10
7.308
 20
2.0435
 10
7.2991
 20
2.0444
 10
7.2901
 20
2.0453
 10
7.2812
 20
2.0461
 10
7.2723
 20
2.0468
 10
7.2633
 20
2.0475
 10
7.2544
 20
2.0482
 10
7.2455
 20
2.0489
 10
7.2365
 20
2.0495
 10
7.2276
 20
2.05
 10
7.2186
 20
2.0506
 10
7.2097
 20
2.0511
 10
7.2007
 20
2.0515
 10
7.1918
 20
2.0519
 10
7.1828
 20
2.0523
 10
7.1739
 20
2.0526
 10
7.1649
 20
2.0529
 10
7.156
 20
2.0532
 10
7.147
 20
2.0534
 10
7.138
 20
2.0536
 10
7.1291
 20
2.0537
 10
7.1201
 20
2.0538
 10
7.1112
 20
2.0539
 10
7.1022
 20
2.0539
 10
7.0932
 20
2.0539
 10
7.0843
 20
2.0538
 10
7.0753
 20
2.0537
 10
7.0664
 20
2.0536
 10
7.0574
 20
2.0534
 10
7.0484
 20
2.0532
 10
7.0395
 20
2.0529
 10
7.0305
 20
2.0526
 10
7.0216
 20
2.0523
 10
7.0126
 20
2.0519
 10
7.0037
 20
2.0515
 10
6.9947
 20
2.0511
 10
6.9858
 20
2.0506
 10
6.9768
 20
2.05
 10
6.9679
 20
2.0495
 10
6.9589
 20
2.0489
 10
6.95
 20
2.0482
 10
6.9411
 20
2.0475
 10
6.9321
 20
2.0468
 10
6.9232
 20
2.0461
 10
6.9143
 20
2.0453
 10
6.9053
 20
2.0444
 10
6.8964
 20
2.0435
 10
6.8875
 20
2.0426
 10
6.8786
 20
2.0417
 10
6.8697
 20
2.0407
 10
6.8608
 20
2.0396
 10
6.8519
 20
2.0386
 10
6.843
 20
2.0375
 10
6.8341
 20
2.0363
 10
6.8252
 20
2.0351
 10
6.8164
 20
2.0339
 10
6.8075
 20
2.0326
 10
6.7986
 20
2.0313
 10
6.7898
 20
2.03
 10
6.7809
 20
2.0286
 10
6.7721
 20
2.0272
 10
6.7632
 20
2.0257
 10
6.7544
 20
2.0242
 10
6.7455
 20
2.0227
 10
6.7367
 20
2.0211
 10
6.7279
 20
2.0195
 10
6.7191
 20
2.0178
 10
6.7103
 20
2.0161
 10
6.7015
 20
2.0144
 10
6.6927
 20
2.0126
 10
6.6839
 20
2.0108
 10
6.6752
 20
2.009
 10
6.6664
 20
2.0071
 10
6.6577
 20
2.0052
 10
6.6489
 20
2.0032
 10
6.6402
 20
2.0012
 10
6.6314
 20
1.9992
 10
6.6227
 20
1.9971
 10
6.614
 20
1.995
 10
6.6053
 20
1.9929
 10
6.5966
 20
1.9907
 10
6.5879
 20
1.9885
 10
6.5793
 20
1.9862
 10
6.5706
 20
1.9839
 10
6.562
 20
1.9816
 10
6.5533
 20
1.9792
 10
6.5447
 20
1.9768
 10
6.5361
 20
1.9743
 10
6.5275
 20
1.9718
 10
6.5189
 20
1.9693
 10
6.5103
 20
1.9667
 10
6.5017
 20
1.9641
 10
6.4931
 20
1.9615
 10
6.4846
 20
1.9588
 10
6.476
 20
1.9561
 10
6.4675
 20
1.9534
 10
6.459
 20
1.9506
 10
6.4505
 20
1.9477
 10
6.442
 20
1.9449
 10
6.4335
 20
1.942
 10
6.4251
 20
1.939
 10
6.4166
 20
1.9361
 10
6.4082
 20
1.9331
 10
6.3997
 20
1.93
 10
6.3913
 20
1.9269
 10
6.3829
 20
1.9238
 10
6.3745
 20
1.9207
 10
6.3662
 20
1.9175
 10
6.3578
 20
1.9142
 10
6.3495
 20
1.911
 10
6.3411
 20
1.9077
 10
6.3328
 20
1.9043
 10
6.3245
 20
1.9009
 10
6.3162
 20
1.8975
 10
6.3079
 20
1.8941
 10
6.2997
 20
1.8906
 10
6.2914
 20
1.8871
 10
6.2832
 20
1.8835
 10
6.275
 20
1.8799
 10
6.2668
 20
1.8763
 10
6.2586
 20
1.8726
 10
6.2505
 20
1.869
 10
6.2423
 20
1.8652
 10
6.2342
 20
1.8614
 10
6.2261
 20
1.8576
 10
6.218
 20
1.8538
 10
6.2099
 20
1.8499
 10
6.2018
 20
1.846
 10
6.1938
 20
1.8421
 10
6.1858
 20
1.8381
 10
6.1778
 20
1.8341
 10
6.1698
 20
1.83
 10
6.1618
 20
1.8259
 10
6.1538
 20
1.8218
 10
6.1459
 20
1.8177
 10
6.138
 20
1.8135
 10
6.1301
 20
1.8092
 10
6.1222
 20
1.805
 10
6.1143
 20
1.8007
 10
6.1065
 20
1.7964
 10
6.0986
 20
1.792
 10
6.0908
 20
1.7876
 10
6.083
 20
1.7832
 10
6.0753
 20
1.7787
 10
6.0675
 20
1.7742
 10
6.0598
 20
1.7697
 10
6.0521
 20
1.7651
 10
6.0444
 20
1.7605
 10
6.0367
 20
1.7559
 10
6.0291
 20
1.7512
 10
6.0214
 20
1.7465
 10
6.0138
 20
1.7418
 10
6.0062
 20
1.737
 10
5.9987
 20
1.7322
 10
5.9911
 20
1.7274
 10
5.9836
 20
1.7225
 10
5.9761
 20
1.7176
 10
5.9686
 20
1.7127
 10
5.9611
 20
1.7077
 10
5.9537
 20
1.7027
 10
5.9463
 20
1.6977
 10
5.9389
 20
1.6927
 10
5.9315
 20
1.6876
 10
5.9241
 20
1.6824
 10
5.9168
 20
1.6773
 10
5.9095
 20
1.6721
 10
5.9022
 20
1.6669
 10
5.895
 20
1.6616
 10
5.8877
 20
1.6563
 10
5.8805
 20
1.651
 10
5.8733
 20
1.6457
 10
5.8661
 20
1.6403
 10
5.859
 20
1.6349
 10
5.8519
 20
1.6295
 10
5.8448
 20
1.624
 10
5.8377
 20
1.6185
 10
5.8307
 20
1.6129
 10
5.8236
 20
1.6074
 10
5.8166
 20
1.6018
 10
5.8097
 20
1.5962
 10
5.8027
 20
1.5905
 10
5.7958
 20
1.5848
 10
5.7889
 20
1.5791
 10
5.782
 20
1.5734
 10
5.7751
 20
1.5676
 10
5.7683
 20
1.5618
 10
5.7615
 20
1.5559
 10
5.7547
 20
1.5501
 10
5.748
 20
1.5442
 10
5.7413
 20
1.5383
 10
5.7346
 20
1.5323
 10
5.7279
 20
1.5263
 10
5.7212
 20
1.5203
 10
5.7146
 20
1.5143
 10
5.708
 20
1.5082
 10
5.7015
 20
1.5021
 10
5.6949
 20
1.496
 10
5.6884
 20
1.4898
 10
5.6819
 20
1.4836
 10
5.6755
 20
1.4774
 10
5.669
 20
1.4712
 10
5.6626
 20
1.4649
 10
5.6562
 20
1.4586
 10
5.6499
 20
1.4523
 10
5.6436
 20
1.446
 10
5.6373
 20
1.4396
 10
5.631
 20
1.4332
 10
5.6248
 20
1.4267
 10
5.6186
 20
1.4203
 10
5.6124
 20
1.4138
 10
5.6062
 20
1.4073
 10
5.6001
 20
1.4007
 10
5.594
 20
1.3942
 10
5.5879
 20
1.3876
 10
5.5819
 20
1.381
 10
5.5759
 20
1.3743
 10
5.5699
 20
1.3676
 10
5.5639
 20
1.3609
 10
5.558
 20
1.3542
 10
5.5521
 20
1.3475
 10
5.5463
 20
1.3407
 10
5.5404
 20
1.3339
 10
5.5346
 20
1.3271
 10
5.5288
 20
1.3202
 10
5.5231
 20
1.3133
 10
5.5174
 20
1.3064
 10
5.5117
 20
1.2995
 10
5.506
 20
1.2925
 10
5.5004
 20
1.2856
 10
5.4948
 20
1.2786
 10
5.4893
 20
1.2715
 10
5.4837
 20
1.2645
 10
5.4782
 20
1.2574
 10
5.4727
 20
1.2503
 10
5.4673
 20
1.2432
 10
5.4619
 20
1.2361
 10
5.4565
 20
1.2289
 10
5.4512
 20
1.2217
 10
5.4459
 20
1.2145
 10
5.4406
 20
1.2072
 10
5.4353
 20
1.2
 10
5.4301
 20
1.1927
 10
5.4249
 20
1.1854
 10
5.4198
 20
1.1781
 10
5.4146
 20
1.1707
 10
5.4095
 20
1.1633
 10
5.4045
 20
1.1559
 10
5.3995
 20
1.1485
 10
5.3945
 20
1.1411
 10
5.3895
 20
1.1336
 10
5.3846
 20
1.1261
 10
5.3797
 20
1.1186
 10
5.3748
 20
1.1111
 10
5.37
 20
1.1035
 10
5.3652
 20
1.096
 10
5.3604
 20
1.0884
 10
5.3557
 20
1.0808
 10
5.351
 20
1.0731
 10
5.3463
 20
1.0655
 10
5.3417
 20
1.0578
 10
5.3371
 20
1.0501
 10
5.3325
 20
1.0424
 10
5.328
 20
1.0347
 10
5.3235
 20
1.0269
 10
5.319
 20
1.0192
 10
5.3146
 20
1.0114
 10
5.3102
 20
1.0036
 10
5.3058
 20
0.9957
 10
5.3015
 20
0.9879
 10
5.2972
 20
0.98
 10
5.293
 20
0.9721
 10
5.2887
 20
0.9642
 10
5.2845
 20
0.9563
 10
5.2804
 20
0.9484
 10
5.2763
 20
0.9404
 10
5.2722
 20
0.9324
 10
5.2681
 20
0.9244
 10
5.2641
 20
0.9164
 10
5.2601
 20
0.9084
 10
5.2562
 20
0.9004
 10
5.2523
 20
0.8923
 10
5.2484
 20
0.8842
 10
5.2446
 20
0.8761
 10
5.2408
 20
0.868
 10
5.237
 20
0.8599
 10
5.2332
 20
0.8517
 10
5.2296
 20
0.8436
 10
5.2259
 20
0.8354
 10
5.2223
 20
0.8272
 10
5.2187
 20
0.819
 10
5.2151
 20
0.8108
 10
5.2116
 20
0.8025
 10
5.2081
 20
0.7943
 10
5.2047
 20
0.786
 10
5.2013
 20
0.7777
 10
5.1979
 20
0.7694
 10
5.1945
 20
0.7611
 10
5.1912
 20
0.7527
 10
5.188
 20
0.7444
 10
5.1847
 20
0.736
 10
5.1815
 20
0.7277
 10
5.1784
 20
0.7193
 10
5.1753
 20
0.7109
 10
5.1722
 20
0.7025
 10
5.1691
 20
0.694
 10
5.1661
 20
0.6856
 10
5.1632
 20
0.6771
 10
5.1602
 20
0.6687
 10
5.1573
 20
0.6602
 10
5.1545
 20
0.6517
 10
5.1516
 20
0.6432
 10
5.1488
 20
0.6347
 10
5.1461
 20
0.6262
 10
5.1434
 20
0.6176
 10
5.1407
 20
0.6091
 10
5.1381
 20
0.6005
 10
5.1355
 20
0.5919
 10
5.1329
 20
0.5833
 10
5.1304
 20
0.5747
 10
5.1279
 20
0.5661
 10
5.1254
 20
0.5575
 10
5.123
 20
0.5489
 10
5.1206
 20
0.5402
 10
5.1183
 20
0.5316
 10
5.116
 20
0.5229
 10
5.1137
 20
0.5143
 10
5.1115
 20
0.5056
 10
5.1093
 20
0.4969
 10
5.1072
 20
0.4882
 10
5.1051
 20
0.4795
 10
5.103
 20
0.4708
 10
5.101
 20
0.462
 10
5.099
 20
0.4533
 10
5.097
 20
0.4445
 10
5.0951
 20
0.4358
 10
5.0932
 20
0.427
 10
5.0914
 20
0.4183
 10
5.0896
 20
0.4095
 10
5.0878
 20
0.4007
 10
5.0861
 20
0.3919
 10
5.0844
 20
0.3831
 10
5.0827
 20
0.3743
 10
5.0811
 20
0.3655
 10
5.0795
 20
0.3567
 10
5.078
 20
0.3478
 10
5.0765
 20
0.339
 10
5.075
 20
0.3301
 10
5.0736
 20
0.3213
 10
5.0722
 20
0.3124
 10
5.0709
 20
0.3036
 10
5.0696
 20
0.2947
 10
5.0683
 20
0.2858
 10
5.0671
 20
0.277
 10
5.0659
 20
0.2681
 10
5.0647
 20
0.2592
 10
5.0636
 20
0.2503
 10
5.0626
 20
0.2414
 10
5.0615
 20
0.2325
 10
5.0605
 20
0.2236
 10
5.0596
 20
0.2147
 10
5.0587
 20
0.2058
 10
5.0578
 20
0.1969
 10
5.0569
 20
0.1879
 10
5.0561
 20
0.179
 10
5.0554
 20
0.1701
 10
5.0547
 20
0.1611
 10
5.054
 20
0.1522
 10
5.0533
 20
0.1433
 10
5.0527
 20
0.1343
 10
5.0522
 20
0.1254
 10
5.0516
 20
0.1164
 10
5.0511
 20
0.1075
 10
5.0507
 20
0.0985
 10
5.0503
 20
0.0896
 10
5.0499
 20
0.0806
 10
5.0496
 20
0.0717
 10
5.0493
 20
0.0627
 10
5.049
 20
0.0538
 10
5.0488
 20
0.0448
 10
5.0486
 20
0.0358
 10
5.0485
 20
0.0269
 10
5.0484
 20
0.0179
 10
5.0483
 20
0.009
 10
5.0483
 20
0.0
 10
5.0483
 20
-0.009
 10
5.0484
 20
-0.0179
 10
5.0485
 20
-0.0269
 10
5.0486
 20
-0.0358
 10
5.0488
 20
-0.0448
 10
5.049
 20
-0.0538
 10
5.0493
 20
-0.0627
 10
5.0496
 20
-0.0717
 10
5.0499
 20
-0.0806
 10
5.0503
 20
-0.0896
 10
5.0507
 20
-0.0985
 10
5.0511
 20
-0.1075
 10
5.0516
 20
-0.1164
 10
5.0522
 20
-0.1254
 10
5.0527
 20
-0.1343
 10
5.0533
 20
-0.1433
 10
5.054
 20
-0.1522
 10
5.0547
 20
-0.1611
 10
5.0554
 20
-0.1701
 10
5.0561
 20
-0.179
 10
5.0569
 20
-0.1879
 10
5.0578
 20
-0.1969
 10
5.0587
 20
-0.2058
 10
5.0596
 20
-0.2147
 10
5.0605
 20
-0.2236
 10
5.0615
 20
-0.2325
 10
5.0626
 20
-0.2414
 10
5.0636
 20
-0.2503
 10
5.0647
 20
-0.2592
 10
5.0659
 20
-0.2681
 10
5.0671
 20
-0.277
 10
5.0683
 20
-0.2858
 10
5.0696
 20
-0.2947
 10
5.0709
 20
-0.3036
 10
5.0722
 20
-0.3124
 10
5.0736
 20
-0.3213
 10
5.075
 20
-0.3301
 10
5.0765
 20
-0.339
 10
5.078
 20
-0.3478
 10
5.0795
 20
-0.3567
 10
5.0811
 20
-0.3655
 10
5.0827
 20
-0.3743
 10
5.0844
 20
-0.3831
 10
5.0861
 20
-0.3919
 10
5.0878
 20
-0.4007
 10
5.0896
 20
-0.4095
 10
5.0914
 20
-0.4183
 10
5.0932
 20
-0.427
 10
5.0951
 20
-0.4358
 10
5.097
 20
-0.4445
 10
5.099
 20
-0.4533
 10
5.101
 20
-0.462
 10
5.103
 20
-0.4708
 10
5.1051
 20
-0.4795
 10
5.1072
 20
-0.4882
 10
5.1093
 20
-0.4969
 10
5.1115
 20
-0.5056
 10
5.1137
 20
-0.5143
 10
5.116
 20
-0.5229
 10
5.1183
 20
-0.5316
 10
5.1206
 20
-0.5402
 10
5.123
 20
-0.5489
 10
5.1254
 20
-0.5575
 10
5.1279
 20
-0.5661
 10
5.1304
 20
-0.5747
 10
5.1329
 20
-0.5833
 10
5.1355
 20
-0.5919
 10
5.1381
 20
-0.6005
 10
5.1407
 20
-0.6091
 10
5.1434
 20
-0.6176
 10
5.1461
 20
-0.6262
 10
5.1488
 20
-0.6347
 10
5.1516
 20
-0.6432
 10
5.1545
 20
-0.6517
 10
5.1573
 20
-0.6602
 10
5.1602
 20
-0.6687
 10
5.1632
 20
-0.6771
 10
5.1661
 20
-0.6856
 10
5.1691
 20
-0.694
 10
5.1722
 20
-0.7025
 10
5.1753
 20
-0.7109
 10
5.1784
 20
-0.7193
 10
5.1815
 20
-0.7277
 10
5.1847
 20
-0.736
 10
5.188
 20
-0.7444
 10
5.1912
 20
-0.7527
 10
5.1945
 20
-0.7611
 10
5.1979
 20
-0.7694
 10
5.2013
 20
-0.7777
 10
5.2047
 20
-0.786
 10
5.2081
 20
-0.7943
 10
5.2116
 20
-0.8025
 10
5.2151
 20
-0.8108
 10
5.2187
 20
-0.819
 10
5.2223
 20
-0.8272
 10
5.2259
 20
-0.8354
 10
5.2296
 20
-0.8436
 10
5.2332
 20
-0.8517
 10
5.237
 20
-0.8599
 10
5.2408
 20
-0.868
 10
5.2446
 20
-0.8761
 10
5.2484
 20
-0.8842
 10
5.2523
 20
-0.8923
 10
5.2562
 20
-0.9004
 10
5.2601
 20
-0.9084
 10
5.2641
 20
-0.9164
 10
5.2681
 20
-0.9244
 10
5.2722
 20
-0.9324
 10
5.2763
 20
-0.9404
 10
5.2804
 20
-0.9484
 10
5.2845
 20
-0.9563
 10
5.2887
 20
-0.9642
 10
5.293
 20
-0.9721
 10
5.2972
 20
-0.98
 10
5.3015
 20
-0.9879
 10
5.3058
 20
-0.9957
 10
5.3102
 20
-1.0036
 10
5.3146
 20
-1.0114
 10
5.319
 20
-1.0192
 10
5.3235
 20
-1.0269
 10
5.328
 20
-1.0347
 10
5.3325
 20
-1.0424
 10
5.3371
 20
-1.0501
 10
5.3417
 20
-1.0578
 10
5.3463
 20
-1.0655
 10
5.351
 20
-1.0731
 10
5.3557
 20
-1.0808
 10
5.3604
 20
-1.0884
 10
5.3652
 20
-1.096
 10
5.37
 20
-1.1035
 10
5.3748
 20
-1.1111
 10
5.3797
 20
-1.1186
 10
5.3846
 20
-1.1261
 10
5.3895
 20
-1.1336
 10
5.3945
 20
-1.1411
 10
5.3995
 20
-1.1485
 10
5.4045
 20
-1.1559
 10
5.4095
 20
-1.1633
 10
5.4146
 20
-1.1707
 10
5.4198
 20
-1.1781
 10
5.4249
 20
-1.1854
 10
5.4301
 20
-1.1927
 10
5.4353
 20
-1.2
 10
5.4406
 20
-1.2072
 10
5.4459
 20
-1.2145
 10
5.4512
 20
-1.2217
 10
5.4565
 20
-1.2289
 10
5.4619
 20
-1.2361
 10
5.4673
 20
-1.2432
 10
5.4727
 20
-1.2503
 10
5.4782
 20
-1.2574
 10
5.4837
 20
-1.2645
 10
5.4893
 20
-1.2715
 10
5.4948
 20
-1.2786
 10
5.5004
 20
-1.2856
 10
5.506
 20
-1.2925
 10
5.5117
 20
-1.2995
 10
5.5174
 20
-1.3064
 10
5.5231
 20
-1.3133
 10
5.5288
 20
-1.3202
 10
5.5346
 20
-1.3271
 10
5.5404
 20
-1.3339
 10
5.5463
 20
-1.3407
 10
5.5521
 20
-1.3475
 10
5.558
 20
-1.3542
 10
5.5639
 20
-1.3609
 10
5.5699
 20
-1.3676
 10
5.5759
 20
-1.3743
 10
5.5819
 20
-1.381
 10
5.5879
 20
-1.3876
 10
5.594
 20
-1.3942
 10
5.6001
 20
-1.4007
 10
5.6062
 20
-1.4073
 10
5.6124
 20
-1.4138
 10
5.6186
 20
-1.4203
 10
5.6248
 20
-1.4267
 10
5.631
 20
-1.4332
 10
5.6373
 20
-1.4396
 10
5.6436
 20
-1.446
 10
5.6499
 20
-1.4523
 10
5.6562
 20
-1.4586
 10
5.6626
 20
-1.4649
 10
5.669
 20
-1.4712
 10
5.6755
 20
-1.4774
 10
5.6819
 20
-1.4836
 10
5.6884
 20
-1.4898
 10
5.6949
 20
-1.496
 10
5.7015
 20
-1.5021
 10
5.708
 20
-1.5082
 10
5.7146
 20
-1.5143
 10
5.7212
 20
-1.5203
 10
5.7279
 20
-1.5263
 10
5.7346
 20
-1.5323
 10
5.7413
 20
-1.5383
 10
5.748
 20
-1.5442
 10
5.7547
 20
-1.5501
 10
5.7615
 20
-1.5559
 10
5.7683
 20
-1.5618
 10
5.7751
 20
-1.5676
 10
5.782
 20
-1.5734
 10
5.7889
 20
-1.5791
 10
5.7958
 20
-1.5848
 10
5.8027
 20
-1.5905
 10
5.8097
 20
-1.5962
 10
5.8166
 20
-1.6018
 10
5.8236
 20
-1.6074
 10
5.8307
 20
-1.6129
 10
5.8377
 20
-1.6185
 10
5.8448
 20
-1.624
 10
5.8519
 20
-1.6295
 10
5.859
 20
-1.6349
 10
5.8661
 20
-1.6403
 10
5.8733
 20
-1.6457
 10
5.8805
 20
-1.651
 10
5.8877
 20
-1.6563
 10
5.895
 20
-1.6616
 10
5.9022
 20
-1.6669
 10
5.9095
 20
-1.6721
 10
5.9168
 20
-1.6773
 10
5.9241
 20
-1.6824
 10
5.9315
 20
-1.6876
 10
5.9389
 20
-1.6927
 10
5.9463
 20
-1.6977
 10
5.9537
 20
-1.7027
 10
5.9611
 20
-1.7077
 10
5.9686
 20
-1.7127
 10
5.9761
 20
-1.7176
 10
5.9836
 20
-1.7225
 10
5.9911
 20
-1.7274
 10
5.9987
 20
-1.7322
 10
6.0062
 20
-1.737
 10
6.0138
 20
-1.7418
 10
6.0214
 20
-1.7465
 10
6.0291
 20
-1.7512
 10
6.0367
 20
-1.7559
 10
6.0444
 20
-1.7605
 10
6.0521
 20
-1.7651
 10
6.0598
 20
-1.7697
 10
6.0675
 20
-1.7742
 10
6.0753
 20
-1.7787
 10
6.083
 20
-1.7832
 10
6.0908
 20
-1.7876
 10
6.0986
 20
-1.792
 10
6.1065
 20
-1.7964
 10
6.1143
 20
-1.8007
 10
6.1222
 20
-1.805
 10
6.1301
 20
-1.8092
 10
6.138
 20
-1.8135
 10
6.1459
 20
-1.8177
 10
6.1538
 20
-1.8218
 10
6.1618
 20
-1.8259
 10
6.1698
 20
-1.83
 10
6.1778
 20
-1.8341
 10
6.1858
 20
-1.8381
 10
6.1938
 20
-1.8421
 10
6.2018
 20
-1.846
 10
6.2099
 20
-1.8499
 10
6.218
 20
-1.8538
 10
6.2261
 20
-1.8576
 10
6.2342
 20
-1.8614
 10
6.2423
 20
-1.8652
 10
6.2505
 20
-1.869
 10
6.2586
 20
-1.8726
 10
6.2668
 20
-1.8763
 10
6.275
 20
-1.8799
 10
6.2832
 20
-1.8835
 10
6.2914
 20
-1.8871
 10
6.2997
 20
-1.8906
 10
6.3079
 20
-1.8941
 10
6.3162
 20
-1.8975
 10
6.3245
 20
-1.9009
 10
6.3328
 20
-1.9043
 10
6.3411
 20
-1.9077
 10
6.3495
 20
-1.911
 10
6.3578
 20
-1.9142
 10
6.3662
 20
-1.9175
 10
6.3745
 20
-1.9207
 10
6.3829
 20
-1.9238
 10
6.3913
 20
-1.9269
 10
6.3997
 20
-1.93
 10
6.4082
 20
-1.9331
 10
6.4166
 20
-1.9361
 10
6.4251
 20
-1.939
 10
6.4335
 20
-1.942
 10
6.442
 20
-1.9449
 10
6.4505
 20
-1.9477
 10
6.459
 20
-1.9506
 10
6.4675
 20
-1.9534
 10
6.476
 20
-1.9561
 10
6.4846
 20
-1.9588
 10
6.4931
 20
-1.9615
 10
6.5017
 20
-1.9641
 10
6.5103
 20
-1.9667
 10
6.5189
 20
-1.9693
 10
6.5275
 20
-1.9718
 10
6.5361
 20
-1.9743
 10
6.5447
 20
-1.9768
 10
6.5533
 20
-1.9792
 10
6.562
 20
-1.9816
 10
6.5706
 20
-1.9839
 10
6.5793
 20
-1.9862
 10
6.5879
 20
-1.9885
 10
6.5966
 20
-1.9907
 10
6.6053
 20
-1.9929
 10
6.614
 20
-1.995
 10
6.6227
 20
-1.9971
 10
6.6314
 20
-1.9992
 10
6.6402
 20
-2.0012
 10
6.6489
 20
-2.0032
 10
6.6577
 20
-2.0052
 10
6.6664
 20
-2.0071
 10
6.6752
 20
-2.009
 10
6.6839
 20
-2.0108
 10
6.6927
 20
-2.0126
 10
6.7015
 20
-2.0144
 10
6.7103
 20
-2.0161
 10
6.7191
 20
-2.0178
 10
6.7279
 20
-2.0195
 10
6.7367
 20
-2.0211
 10
6.7455
 20
-2.0227
 10
6.7544
 20
-2.0242
 10
6.7632
 20
-2.0257
 10
6.7721
 20
-2.0272
 10
6.7809
 20
-2.0286
 10
6.7898
 20
-2.03
 10
6.7986
 20
-2.0313
 10
6.8075
 20
-2.0326
 10
6.8164
 20
-2.0339
 10
6.8252
 20
-2.0351
 10
6.8341
 20
-2.0363
 10
6.843
 20
-2.0375
 10
6.8519
 20
-2.0386
 10
6.8608
 20
-2.0396
 10
6.8697
 20
-2.0407
 10
6.8786
 20
-2.0417
 10
6.8875
 20
-2.0426
 10
6.8964
 20
-2.0435
 10
6.9053
 20
-2.0444
 10
6.9143
 20
-2.0453
 10
6.9232
 20
-2.0461
 10
6.9321
 20
-2.0468
 10
6.9411
 20
-2.0475
 10
6.95
 20
-2.0482
 10
6.9589
 20
-2.0489
 10
6.9679
 20
-2.0495
 10
6.9768
 20
-2.05
 10
6.9858
 20
-2.0506
 10
6.9947
 20
-2.0511
 10
7.0037
 20
-2.0515
 10
7.0126
 20
-2.0519
 10
7.0216
 20
-2.0523
 10
7.0305
 20
-2.0526
 10
7.0395
 20
-2.0529
 10
7.0484
 20
-2.0532
 10
7.0574
 20
-2.0534
 10
7.0664
 20
-2.0536
 10
7.0753
 20
-2.0537
 10
7.0843
 20
-2.0538
 10
7.0932
 20
-2.0539
 10
7.1022
 20
-2.0539
 10
7.1112
 20
-2.0539
 10
7.1201
 20
-2.0538
 10
7.1291
 20
-2.0537
 10
7.138
 20
-2.0536
 10
7.147
 20
-2.0534
 10
7.156
 20
-2.0532
 10
7.1649
 20
-2.0529
 10
7.1739
 20
-2.0526
 10
7.1828
 20
-2.0523
 10
7.1918
 20
-2.0519
 10
7.2007
 20
-2.0515
 10
7.2097
 20
-2.0511
 10
7.2186
 20
-2.0506
 10
7.2276
 20
-2.05
 10
7.2365
 20
-2.0495
 10
7.2455
 20
-2.0489
 10
7.2544
 20
-2.0482
 10
7.2633
 20
-2.0475
 10
7.2723
 20
-2.0468
 10
7.2812
 20
-2.0461
 10
7.2901
 20
-2.0453
 10
7.2991
 20
-2.0444
 10
7.308
 20
-2.0435
 10
7.3169
 20
-2.0426
 10
7.3258
 20
-2.0417
 10
7.3347
 20
-2.0407
 10
7.3436
 20
-2.0396
 10
7.3525
 20
-2.0386
 10
7.3614
 20
-2.0375
 10
7.3703
 20
-2.0363
 10
7.3792
 20
-2.0351
 10
7.388
 20
-2.0339
 10
7.3969
 20
-2.0326
 10
7.4058
 20
-2.0313
 10
7.4146
 20
-2.03
 10
7.4235
 20
-2.0286
 10
7.4323
 20
-2.0272
 10
7.4412
 20
-2.0257
 10
7.45
 20
-2.0242
 10
7.4589
 20
-2.0227
 10
7.4677
 20
-2.0211
 10
7.4765
 20
-2.0195
 10
7.4853
 20
-2.0178
 10
7.4941
 20
-2.0161
 10
7.5029
 20
-2.0144
 10
7.5117
 20
-2.0126
 10
7.5205
 20
-2.0108
 10
7.5292
 20
-2.009
 10
7.538
 20
-2.0071
 10
7.5467
 20
-2.0052
 10
7.5555
 20
-2.0032
 10
7.5642
 20
-2.0012
 10
7.573
 20
-1.9992
 10
7.5817
 20
-1.9971
 10
7.5904
 20
-1.995
 10
7.5991
 20
-1.9929
 10
7.6078
 20
-1.9907
 10
7.6165
 20
-1.9885
 10
7.6251
 20
-1.9862
 10
7.6338
 20
-1.9839
 10
7.6424
 20
-1.9816
 10
7.6511
 20
-1.9792
 10
7.6597
 20
-1.9768
 10
7.6683
 20
-1.9743
 10
7.6769
 20
-1.9718
 10
7.6855
 20
-1.9693
 10
7.6941
 20
-1.9667
 10
7.7027
 20
-1.9641
 10
7.7113
 20
-1.9615
 10
7.7198
 20
-1.9588
 10
7.7284
 20
-1.9561
 10
7.7369
 20
-1.9534
 10
7.7454
 20
-1.9506
 10
7.7539
 20
-1.9477
 10
7.7624
 20
-1.9449
 10
7.7709
 20
-1.942
 10
7.7793
 20
-1.939
 10
7.7878
 20
-1.9361
 10
7.7962
 20
-1.9331
 10
7.8047
 20
-1.93
 10
7.8131
 20
-1.9269
 10
7.8215
 20
-1.9238
 10
7.8299
 20
-1.9207
 10
7.8382
 20
-1.9175
 10
7.8466
 20
-1.9142
 10
7.8549
 20
-1.911
 10
7.8633
 20
-1.9077
 10
7.8716
 20
-1.9043
 10
7.8799
 20
-1.9009
 10
7.8882
 20
-1.8975
 10
7.8965
 20
-1.8941
 10
7.9047
 20
-1.8906
 10
7.913
 20
-1.8871
 10
7.9212
 20
-1.8835
 10
7.9294
 20
-1.8799
 10
7.9376
 20
-1.8763
 10
7.9458
 20
-1.8726
 10
7.9539
 20
-1.869
 10
7.9621
 20
-1.8652
 10
7.9702
 20
-1.8614
 10
7.9783
 20
-1.8576
 10
7.9864
 20
-1.8538
 10
7.9945
 20
-1.8499
 10
8.0026
 20
-1.846
 10
8.0106
 20
-1.8421
 10
8.0186
 20
-1.8381
 10
8.0266
 20
-1.8341
 10
8.0346
 20
-1.83
 10
8.0426
 20
-1.8259
 10
8.0506
 20
-1.8218
 10
8.0585
 20
-1.8177
 10
8.0664
 20
-1.8135
 10
8.0743
 20
-1.8092
 10
8.0822
 20
-1.805
 10
8.0901
 20
-1.8007
 10
8.0979
 20
-1.7964
 10
8.1058
 20
-1.792
 10
8.1136
 20
-1.7876
 10
8.1214
 20
-1.7832
 10
8.1291
 20
-1.7787
 10
8.1369
 20
-1.7742
 10
8.1446
 20
-1.7697
 10
8.1523
 20
-1.7651
 10
8.16
 20
-1.7605
 10
8.1677
 20
-1.7559
 10
8.1753
 20
-1.7512
 10
8.183
 20
-1.7465
 10
8.1906
 20
-1.7418
 10
8.1982
 20
-1.737
 10
8.2057
 20
-1.7322
 10
8.2133
 20
-1.7274
 10
8.2208
 20
-1.7225
 10
8.2283
 20
-1.7176
 10
8.2358
 20
-1.7127
 10
8.2433
 20
-1.7077
 10
8.2507
 20
-1.7027
 10
8.2581
 20
-1.6977
 10
8.2655
 20
-1.6927
 10
8.2729
 20
-1.6876
 10
8.2803
 20
-1.6824
 10
8.2876
 20
-1.6773
 10
8.2949
 20
-1.6721
 10
8.3022
 20
-1.6669
 10
8.3094
 20
-1.6616
 10
8.3167
 20
-1.6563
 10
8.3239
 20
-1.651
 10
8.3311
 20
-1.6457
 10
8.3383
 20
-1.6403
 10
8.3454
 20
-1.6349
 10
8.3525
 20
-1.6295
 10
8.3596
 20
-1.624
 10
8.3667
 20
-1.6185
 10
8.3737
 20
-1.6129
 10
8.3808
 20
-1.6074
 10
8.3878
 20
-1.6018
 10
8.3947
 20
-1.5962
 10
8.4017
 20
-1.5905
 10
8.4086
 20
-1.5848
 10
8.4155
 20
-1.5791
 10
8.4224
 20
-1.5734
 10
8.4293
 20
-1.5676
 10
8.4361
 20
-1.5618
 10
8.4429
 20
-1.5559
 10
8.4497
 20
-1.5501
 10
8.4564
 20
-1.5442
 10
8.4631
 20
-1.5383
 10
8.4698
 20
-1.5323
 10
8.4765
 20
-1.5263
 10
8.4832
 20
-1.5203
 10
8.4898
 20
-1.5143
 10
8.4964
 20
-1.5082
 10
8.5029
 20
-1.5021
 10
8.5095
 20
-1.496
 10
8.516
 20
-1.4898
 10
8.5225
 20
-1.4836
 10
8.5289
 20
-1.4774
 10
8.5354
 20
-1.4712
 10
8.5418
 20
-1.4649
 10
8.5482
 20
-1.4586
 10
8.5545
 20
-1.4523
 10
8.5608
 20
-1.446
 10
8.5671
 20
-1.4396
 10
8.5734
 20
-1.4332
 10
8.5796
 20
-1.4267
 10
8.5858
 20
-1.4203
 10
8.592
 20
-1.4138
 10
8.5982
 20
-1.4073
 10
8.6043
 20
-1.4007
 10
8.6104
 20
-1.3942
 10
8.6165
 20
-1.3876
 10
8.6225
 20
-1.381
 10
8.6285
 20
-1.3743
 10
8.6345
 20
-1.3676
 10
8.6405
 20
-1.3609
 10
8.6464
 20
-1.3542
 10
8.6523
 20
-1.3475
 10
8.6581
 20
-1.3407
 10
8.664
 20
-1.3339
 10
8.6698
 20
-1.3271
 10
8.6756
 20
-1.3202
 10
8.6813
 20
-1.3133
 10
8.687
 20
-1.3064
 10
8.6927
 20
-1.2995
 10
8.6984
 20
-1.2925
 10
8.704
 20
-1.2856
 10
8.7096
 20
-1.2786
 10
8.7151
 20
-1.2715
 10
8.7207
 20
-1.2645
 10
8.7262
 20
-1.2574
 10
8.7317
 20
-1.2503
 10
8.7371
 20
-1.2432
 10
8.7425
 20
-1.2361
 10
8.7479
 20
-1.2289
 10
8.7532
 20
-1.2217
 10
8.7585
 20
-1.2145
 10
8.7638
 20
-1.2072
 10
8.7691
 20
-1.2
 10
8.7743
 20
-1.1927
 10
8.7795
 20
-1.1854
 10
8.7846
 20
-1.1781
 10
8.7898
 20
-1.1707
 10
8.7949
 20
-1.1633
 10
8.7999
 20
-1.1559
 10
8.8049
 20
-1.1485
 10
8.8099
 20
-1.1411
 10
8.8149
 20
-1.1336
 10
8.8198
 20
-1.1261
 10
8.8247
 20
-1.1186
 10
8.8296
 20
-1.1111
 10
8.8344
 20
-1.1035
 10
8.8392
 20
-1.096
 10
8.844
 20
-1.0884
 10
8.8487
 20
-1.0808
 10
8.8534
 20
-1.0731
 10
8.8581
 20
-1.0655
 10
8.8627
 20
-1.0578
 10
8.8673
 20
-1.0501
 10
8.8719
 20
-1.0424
 10
8.8764
 20
-1.0347
 10
8.8809
 20
-1.0269
 10
8.8854
 20
-1.0192
 10
8.8898
 20
-1.0114
 10
8.8942
 20
-1.0036
 10
8.8986
 20
-0.9957
 10
8.9029
 20
-0.9879
 10
8.9072
 20
-0.98
 10
8.9114
 20
-0.9721
 10
8.9157
 20
-0.9642
 10
8.9199
 20
-0.9563
 10
8.924
 20
-0.9484
 10
8.9281
 20
-0.9404
 10
8.9322
 20
-0.9324
 10
8.9363
 20
-0.9244
 10
8.9403
 20
-0.9164
 10
8.9443
 20
-0.9084
 10
8.9482
 20
-0.9004
 10
8.9521
 20
-0.8923
 10
8.956
 20
-0.8842
 10
8.9598
 20
-0.8761
 10
8.9636
 20
-0.868
 10
8.9674
 20
-0.8599
 10
8.9712
 20
-0.8517
 10
8.9748
 20
-0.8436
 10
8.9785
 20
-0.8354
 10
8.9821
 20
-0.8272
 10
8.9857
 20
-0.819
 10
8.9893
 20
-0.8108
 10
8.9928
 20
-0.8025
 10
8.9963
 20
-0.7943
 10
8.9997
 20
-0.786
 10
9.0031
 20
-0.7777
 10
9.0065
 20
-0.7694
 10
9.0099
 20
-0.7611
 10
9.0132
 20
-0.7527
 10
9.0164
 20
-0.7444
 10
9.0197
 20
-0.736
 10
9.0229
 20
-0.7277
 10
9.026
 20
-0.7193
 10
9.0291
 20
-0.7109
 10
9.0322
 20
-0.7025
 10
9.0353
 20
-0.694
 10
9.0383
 20
-0.6856
 10
9.0412
 20
-0.6771
 10
9.0442
 20
-0.6687
 10
9.0471
 20
-0.6602
 10
9.0499
 20
-0.6517
 10
9.0528
 20
-0.6432
 10
9.0556
 20
-0.6347
 10
9.0583
 20
-0.6262
 10
9.061
 20
-0.6176
 10
9.0637
 20
-0.6091
 10
9.0663
 20
-0.6005
 10
9.0689
 20
-0.5919
 10
9.0715
 20
-0.5833
 10
9.074
 20
-0.5747
 10
9.0765
 20
-0.5661
 10
9.079
 20
-0.5575
 10
9.0814
 20
-0.5489
 10
9.0838
 20
-0.5402
 10
9.0861
 20
-0.5316
 10
9.0884
 20
-0.5229
 10
9.0907
 20
-0.5143
 10
9.0929
 20
-0.5056
 10
9.0951
 20
-0.4969
 10
9.0972
 20
-0.4882
 10
9.0993
 20
-0.4795
 10
9.1014
 20
-0.4708
 10
9.1034
 20
-0.462
 10
9.1054
 20
-0.4533
 10
9.1074
 20
-0.4445
 10
9.1093
 20
-0.4358
 10
9.1112
 20
-0.427
 10
9.113
 20
-0.4183
 10
9.1148
 20
-0.4095
 10
9.1166
 20
-0.4007
 10
9.1183
 20
-0.3919
 10
9.12
 20
-0.3831
 10
9.1217
 20
-0.3743
 10
9.1233
 20
-0.3655
 10
9.1249
 20
-0.3567
 10
9.1264
 20
-0.3478
 10
9.1279
 20
-0.339
 10
9.1294
 20
-0.3301
 10
9.1308
 20
-0.3213
 10
9.1322
 20
-0.3124
 10
9.1335
 20
-0.3036
 10
9.1348
 20
-0.2947
 10
9.1361
 20
-0.2858
 10
9.1373
 20
-0.277
 10
9.1385
 20
-0.2681
 10
9.1397
 20
-0.2592
 10
9.1408
 20
-0.2503
 10
9.1418
 20
-0.2414
 10
9.1429
 20
-0.2325
 10
9.1439
 20
-0.2236
 10
9.1448
 20
-0.2147
 10
9.1457
 20
-0.2058
 10
9.1466
 20
-0.1969
 10
9.1475
 20
-0.1879
 10
9.1483
 20
-0.179
 10
9.149
 20
-0.1701
 10
9.1497
 20
-0.1611
 10
9.1504
 20
-0.1522
 10
9.1511
 20
-0.1433
 10
9.1517
 20
-0.1343
 10
9.1522
 20
-0.1254
 10
9.1528
 20
-0.1164
 10
9.1533
 20
-0.1075
 10
9.1537
 20
-0.0985
 10
9.1541
 20
-0.0896
 10
9.1545
 20
-0.0806
 10
9.1548
 20
-0.0717
 10
9.1551
 20
-0.0627
 10
9.1554
 20
-0.0538
 10
9.1556
 20
-0.0448
 10
9.1558
 20
-0.0358
 10
9.1559
 20
-0.0269
 10
9.156
 20
-0.0179
 10
9.1561
 20
-0.009
 10
9.1561
 20
0.0
 10
9.1561
 20
0.009
 10
9.156
 20
0.0179
 10
9.1559
 20
0.0269
 10
9.1558
 20
0.0358
 10
9.1556
 20
0.0448
 10
9.1554
 20
0.0538
 10
9.1551
 20
0.0627
 10
9.1548
 20
0.0717
 10
9.1545
 20
0.0806
 10
9.1541
 20
0.0896
 10
9.1537
 20
0.0985
 10
9.1533
 20
0.1075
 10
9.1528
 20
0.1164
 10
9.1522
 20
0.1254
  0
LWPOLYLINE
  5
C2
330
17
100
AcDbEntity
  8
ALTIN
100
AcDbPolyline
 90
1440
 70
1
 10
11.2772
 20
-0.2736
 10
11.276
 20
-0.2919
 10
11.2747
 20
-0.3101
 10
11.2733
 20
-0.3283
 10
11.2718
 20
-0.3465
 10
11.2703
 20
-0.3647
 10
11.2686
 20
-0.3828
 10
11.2669
 20
-0.401
 10
11.2651
 20
-0.4192
 10
11.2633
 20
-0.4373
 10
11.2613
 20
-0.4555
 10
11.2593
 20
-0.4736
 10
11.2572
 20
-0.4918
 10
11.255
 20
-0.5099
 10
11.2527
 20
-0.528
 10
11.2504
 20
-0.5461
 10
11.248
 20
-0.5642
 10
11.2455
 20
-0.5823
 10
11.2429
 20
-0.6004
 10
11.2402
 20
-0.6184
 10
11.2375
 20
-0.6365
 10
11.2347
 20
-0.6545
 10
11.2318
 20
-0.6725
 10
11.2288
 20
-0.6906
 10
11.2258
 20
-0.7086
 10
11.2226
 20
-0.7265
 10
11.2194
 20
-0.7445
 10
11.2161
 20
-0.7625
 10
11.2128
 20
-0.7804
 10
11.2093
 20
-0.7983
 10
11.2058
 20
-0.8163
 10
11.2022
 20
-0.8342
 10
11.1985
 20
-0.852
 10
11.1948
 20
-0.8699
 10
11.1909
 20
-0.8878
 10
11.187
 20
-0.9056
 10
11.183
 20
-0.9234
 10
11.179
 20
-0.9412
 10
11.1748
 20
-0.959
 10
11.1706
 20
-0.9767
 10
11.1663
 20
-0.9945
 10
11.1619
 20
-1.0122
 10
11.1575
 20
-1.0299
 10
11.1529
 20
-1.0476
 10
11.1483
 20
-1.0653
 10
11.1436
 20
-1.0829
 10
11.1389
 20
-1.1005
 10
11.134
 20
-1.1181
 10
11.1291
 20
-1.1357
 10
11.1241
 20
-1.1533
 10
11.119
 20
-1.1708
 10
11.1139
 20
-1.1883
 10
11.1087
 20
-1.2058
 10
11.1034
 20
-1.2233
 10
11.098
 20
-1.2407
 10
11.0926
 20
-1.2582
 10
11.087
 20
-1.2756
 10
11.0814
 20
-1.2929
 10
11.0757
 20
-1.3103
 10
11.07
 20
-1.3276
 10
11.0642
 20
-1.3449
 10
11.0582
 20
-1.3622
 10
11.0523
 20
-1.3794
 10
11.0462
 20
-1.3966
 10
11.0401
 20
-1.4138
 10
11.0339
 20
-1.431
 10
11.0276
 20
-1.4482
 10
11.0212
 20
-1.4653
 10
11.0148
 20
-1.4824
 10
11.0083
 20
-1.4994
 10
11.0017
 20
-1.5164
 10
10.9951
 20
-1.5334
 10
10.9883
 20
-1.5504
 10
10.9815
 20
-1.5674
 10
10.9747
 20
-1.5843
 10
10.9677
 20
-1.6011
 10
10.9607
 20
-1.618
 10
10.9536
 20
-1.6348
 10
10.9464
 20
-1.6516
 10
10.9392
 20
-1.6684
 10
10.9319
 20
-1.6851
 10
10.9245
 20
-1.7018
 10
10.917
 20
-1.7184
 10
10.9095
 20
-1.7351
 10
10.9019
 20
-1.7517
 10
10.8942
 20
-1.7682
 10
10.8864
 20
-1.7848
 10
10.8786
 20
-1.8013
 10
10.8707
 20
-1.8177
 10
10.8628
 20
-1.8341
 10
10.8547
 20
-1.8505
 10
10.8466
 20
-1.8669
 10
10.8384
 20
-1.8832
 10
10.8302
 20
-1.8995
 10
10.8218
 20
-1.9157
 10
10.8135
 20
-1.932
 10
10.805
 20
-1.9481
 10
10.7965
 20
-1.9643
 10
10.7878
 20
-1.9804
 10
10.7792
 20
-1.9964
 10
10.7704
 20
-2.0125
 10
10.7616
 20
-2.0284
 10
10.7527
 20
-2.0444
 10
10.7438
 20
-2.0603
 10
10.7347
 20
-2.0762
 10
10.7257
 20
-2.092
 10
10.7165
 20
-2.1078
 10
10.7073
 20
-2.1235
 10
10.698
 20
-2.1393
 10
10.6886
 20
-2.1549
 10
10.6792
 20
-2.1705
 10
10.6696
 20
-2.1861
 10
10.6601
 20
-2.2017
 10
10.6504
 20
-2.2172
 10
10.6407
 20
-2.2326
 10
10.6309
 20
-2.2481
 10
10.6211
 20
-2.2634
 10
10.6112
 20
-2.2788
 10
10.6012
 20
-2.2941
 10
10.5912
 20
-2.3093
 10
10.5811
 20
-2.3245
 10
10.5709
 20
-2.3397
 10
10.5607
 20
-2.3548
 10
10.5503
 20
-2.3698
 10
10.54
 20
-2.3849
 10
10.5295
 20
-2.3998
 10
10.519
 20
-2.4148
 10
10.5085
 20
-2.4297
 10
10.4978
 20
-2.4445
 10
10.4871
 20
-2.4593
 10
10.4764
 20
-2.474
 10
10.4655
 20
-2.4887
 10
10.4546
 20
-2.5034
 10
10.4437
 20
-2.518
 10
10.4327
 20
-2.5326
 10
10.4216
 20
-2.5471
 10
10.4104
 20
-2.5615
 10
10.3992
 20
-2.5759
 10
10.388
 20
-2.5903
 10
10.3766
 20
-2.6046
 10
10.3652
 20
-2.6189
 10
10.3538
 20
-2.6331
 10
10.3423
 20
-2.6472
 10
10.3307
 20
-2.6614
 10
10.319
 20
-2.6754
 10
10.3073
 20
-2.6894
 10
10.2956
 20
-2.7034
 10
10.2837
 20
-2.7173
 10
10.2719
 20
-2.7311
 10
10.2599
 20
-2.745
 10
10.2479
 20
-2.7587
 10
10.2358
 20
-2.7724
 10
10.2237
 20
-2.786
 10
10.2115
 20
-2.7996
 10
10.1993
 20
-2.8132
 10
10.187
 20
-2.8267
 10
10.1746
 20
-2.8401
 10
10.1622
 20
-2.8535
 10
10.1497
 20
-2.8668
 10
10.1372
 20
-2.8801
 10
10.1246
 20
-2.8933
 10
10.1119
 20
-2.9065
 10
10.0992
 20
-2.9196
 10
10.0864
 20
-2.9326
 10
10.0736
 20
-2.9456
 10
10.0607
 20
-2.9585
 10
10.0478
 20
-2.9714
 10
10.0348
 20
-2.9842
 10
10.0218
 20
-2.997
 10
10.0087
 20
-3.0097
 10
9.9955
 20
-3.0224
 10
9.9823
 20
-3.035
 10
9.969
 20
-3.0475
 10
9.9557
 20
-3.06
 10
9.9423
 20
-3.0724
 10
9.9289
 20
-3.0848
 10
9.9154
 20
-3.0971
 10
9.9018
 20
-3.1093
 10
9.8882
 20
-3.1215
 10
9.8746
 20
-3.1336
 10
9.8609
 20
-3.1457
 10
9.8472
 20
-3.1577
 10
9.8333
 20
-3.1697
 10
9.8195
 20
-3.1815
 10
9.8056
 20
-3.1934
 10
9.7916
 20
-3.2051
 10
9.7776
 20
-3.2168
 10
9.7636
 20
-3.2285
 10
9.7494
 20
-3.2401
 10
9.7353
 20
-3.2516
 10
9.7211
 20
-3.263
 10
9.7068
 20
-3.2744
 10
9.6925
 20
-3.2858
 10
9.6781
 20
-3.297
 10
9.6637
 20
-3.3082
 10
9.6493
 20
-3.3194
 10
9.6348
 20
-3.3305
 10
9.6202
 20
-3.3415
 10
9.6056
 20
-3.3524
 10
9.5909
 20
-3.3633
 10
9.5762
 20
-3.3742
 10
9.5615
 20
-3.3849
 10
9.5467
 20
-3.3956
 10
9.5319
 20
-3.4063
 10
9.517
 20
-3.4168
 10
9.502
 20
-3.4273
 10
9.4871
 20
-3.4378
 10
9.472
 20
-3.4481
 10
9.457
 20
-3.4585
 10
9.4419
 20
-3.4687
 10
9.4267
 20
-3.4789
 10
9.4115
 20
-3.489
 10
9.3963
 20
-3.499
 10
9.381
 20
-3.509
 10
9.3656
 20
-3.5189
 10
9.3503
 20
-3.5287
 10
9.3348
 20
-3.5385
 10
9.3194
 20
-3.5482
 10
9.3039
 20
-3.5579
 10
9.2883
 20
-3.5674
 10
9.2727
 20
-3.577
 10
9.2571
 20
-3.5864
 10
9.2415
 20
-3.5958
 10
9.2257
 20
-3.6051
 10
9.21
 20
-3.6143
 10
9.1942
 20
-3.6235
 10
9.1784
 20
-3.6325
 10
9.1625
 20
-3.6416
 10
9.1466
 20
-3.6505
 10
9.1306
 20
-3.6594
 10
9.1147
 20
-3.6682
 10
9.0986
 20
-3.677
 10
9.0826
 20
-3.6856
 10
9.0665
 20
-3.6943
 10
9.0503
 20
-3.7028
 10
9.0342
 20
-3.7113
 10
9.0179
 20
-3.7196
 10
9.0017
 20
-3.728
 10
8.9854
 20
-3.7362
 10
8.9691
 20
-3.7444
 10
8.9527
 20
-3.7525
 10
8.9363
 20
-3.7606
 10
8.9199
 20
-3.7685
 10
8.9035
 20
-3.7764
 10
8.887
 20
-3.7842
 10
8.8704
 20
-3.792
 10
8.8539
 20
-3.7997
 10
8.8373
 20
-3.8073
 10
8.8206
 20
-3.8148
 10
8.804
 20
-3.8223
 10
8.7873
 20
-3.8297
 10
8.7706
 20
-3.837
 10
8.7538
 20
-3.8442
 10
8.737
 20
-3.8514
 10
8.7202
 20
-3.8585
 10
8.7033
 20
-3.8655
 10
8.6865
 20
-3.8725
 10
8.6696
 20
-3.8793
 10
8.6526
 20
-3.8861
 10
8.6356
 20
-3.8929
 10
8.6186
 20
-3.8995
 10
8.6016
 20
-3.9061
 10
8.5846
 20
-3.9126
 10
8.5675
 20
-3.919
 10
8.5504
 20
-3.9254
 10
8.5332
 20
-3.9317
 10
8.516
 20
-3.9379
 10
8.4988
 20
-3.944
 10
8.4816
 20
-3.9501
 10
8.4644
 20
-3.956
 10
8.4471
 20
-3.962
 10
8.4298
 20
-3.9678
 10
8.4125
 20
-3.9735
 10
8.3951
 20
-3.9792
 10
8.3778
 20
-3.9848
 10
8.3604
 20
-3.9904
 10
8.3429
 20
-3.9958
 10
8.3255
 20
-4.0012
 10
8.308
 20
-4.0065
 10
8.2905
 20
-4.0117
 10
8.273
 20
-4.0168
 10
8.2555
 20
-4.0219
 10
8.2379
 20
-4.0269
 10
8.2203
 20
-4.0318
 10
8.2027
 20
-4.0367
 10
8.1851
 20
-4.0414
 10
8.1675
 20
-4.0461
 10
8.1498
 20
-4.0507
 10
8.1321
 20
-4.0553
 10
8.1144
 20
-4.0597
 10
8.0967
 20
-4.0641
 10
8.0789
 20
-4.0684
 10
8.0612
 20
-4.0726
 10
8.0434
 20
-4.0768
 10
8.0256
 20
-4.0808
 10
8.0078
 20
-4.0848
 10
7.99
 20
-4.0887
 10
7.9721
 20
-4.0926
 10
7.9542
 20
-4.0963
 10
7.9364
 20
-4.1
 10
7.9185
 20
-4.1036
 10
7.9005
 20
-4.1071
 10
7.8826
 20
-4.1106
 10
7.8647
 20
-4.1139
 10
7.8467
 20
-4.1172
 10
7.8287
 20
-4.1204
 10
7.8108
 20
-4.1236
 10
7.7928
 20
-4.1266
 10
7.7747
 20
-4.1296
 10
7.7567
 20
-4.1325
 10
7.7387
 20
-4.1353
 10
7.7206
 20
-4.138
 10
7.7026
 20
-4.1407
 10
7.6845
 20
-4.1433
 10
7.6664
 20
-4.1458
 10
7.6483
 20
-4.1482
 10
7.6302
 20
-4.1505
 10
7.6121
 20
-4.1528
 10
7.594
 20
-4.155
 10
7.5758
 20
-4.1571
 10
7.5577
 20
-4.1591
 10
7.5395
 20
-4.1611
 10
7.5214
 20
-4.1629
 10
7.5032
 20
-4.1647
 10
7.485
 20
-4.1664
 10
7.4669
 20
-4.1681
 10
7.4487
 20
-4.1696
 10
7.4305
 20
-4.1711
 10
7.4123
 20
-4.1725
 10
7.3941
 20
-4.1738
 10
7.3758
 20
-4.175
 10
7.3576
 20
-4.1762
 10
7.3394
 20
-4.1773
 10
7.3212
 20
-4.1783
 10
7.3029
 20
-4.1792
 10
7.2847
 20
-4.18
 10
7.2665
 20
-4.1808
 10
7.2482
 20
-4.1815
 10
7.23
 20
-4.182
 10
7.2117
 20
-4.1826
 10
7.1935
 20
-4.183
 10
7.1752
 20
-4.1834
 10
7.157
 20
-4.1836
 10
7.1387
 20
-4.1838
 10
7.1205
 20
-4.184
 10
7.1022
 20
-4.184
 10
7.0839
 20
-4.184
 10
7.0657
 20
-4.1838
 10
7.0474
 20
-4.1836
 10
7.0292
 20
-4.1834
 10
7.0109
 20
-4.183
 10
6.9927
 20
-4.1826
 10
6.9744
 20
-4.182
 10
6.9562
 20
-4.1815
 10
6.9379
 20
-4.1808
 10
6.9197
 20
-4.18
 10
6.9015
 20
-4.1792
 10
6.8832
 20
-4.1783
 10
6.865
 20
-4.1773
 10
6.8468
 20
-4.1762
 10
6.8286
 20
-4.175
 10
6.8103
 20
-4.1738
 10
6.7921
 20
-4.1725
 10
6.7739
 20
-4.1711
 10
6.7557
 20
-4.1696
 10
6.7375
 20
-4.1681
 10
6.7194
 20
-4.1664
 10
6.7012
 20
-4.1647
 10
6.683
 20
-4.1629
 10
6.6649
 20
-4.1611
 10
6.6467
 20
-4.1591
 10
6.6286
 20
-4.1571
 10
6.6104
 20
-4.155
 10
6.5923
 20
-4.1528
 10
6.5742
 20
-4.1505
 10
6.5561
 20
-4.1482
 10
6.538
 20
-4.1458
 10
6.5199
 20
-4.1433
 10
6.5018
 20
-4.1407
 10
6.4838
 20
-4.138
 10
6.4657
 20
-4.1353
 10
6.4477
 20
-4.1325
 10
6.4297
 20
-4.1296
 10
6.4116
 20
-4.1266
 10
6.3936
 20
-4.1236
 10
6.3757
 20
-4.1204
 10
6.3577
 20
-4.1172
 10
6.3397
 20
-4.1139
 10
6.3218
 20
-4.1106
 10
6.3039
 20
-4.1071
 10
6.2859
 20
-4.1036
 10
6.268
 20
-4.1
 10
6.2502
 20
-4.0963
 10
6.2323
 20
-4.0926
 10
6.2144
 20
-4.0887
 10
6.1966
 20
-4.0848
 10
6.1788
 20
-4.0808
 10
6.161
 20
-4.0768
 10
6.1432
 20
-4.0726
 10
6.1255
 20
-4.0684
 10
6.1077
 20
-4.0641
 10
6.09
 20
-4.0597
 10
6.0723
 20
-4.0553
 10
6.0546
 20
-4.0507
 10
6.0369
 20
-4.0461
 10
6.0193
 20
-4.0414
 10
6.0017
 20
-4.0367
 10
5.9841
 20
-4.0318
 10
5.9665
 20
-4.0269
 10
5.9489
 20
-4.0219
 10
5.9314
 20
-4.0168
 10
5.9139
 20
-4.0117
 10
5.8964
 20
-4.0065
 10
5.8789
 20
-4.0012
 10
5.8615
 20
-3.9958
 10
5.844
 20
-3.9904
 10
5.8266
 20
-3.9848
 10
5.8093
 20
-3.9792
 10
5.7919
 20
-3.9735
 10
5.7746
 20
-3.9678
 10
5.7573
 20
-3.962
 10
5.74
 20
-3.956
 10
5.7228
 20
-3.9501
 10
5.7056
 20
-3.944
 10
5.6884
 20
-3.9379
 10
5.6712
 20
-3.9317
 10
5.654
 20
-3.9254
 10
5.6369
 20
-3.919
 10
5.6198
 20
-3.9126
 10
5.6028
 20
-3.9061
 10
5.5858
 20
-3.8995
 10
5.5688
 20
-3.8929
 10
5.5518
 20
-3.8861
 10
5.5348
 20
-3.8793
 10
5.5179
 20
-3.8725
 10
5.5011
 20
-3.8655
 10
5.4842
 20
-3.8585
 10
5.4674
 20
-3.8514
 10
5.4506
 20
-3.8442
 10
5.4338
 20
-3.837
 10
5.4171
 20
-3.8297
 10
5.4004
 20
-3.8223
 10
5.3838
 20
-3.8148
 10
5.3671
 20
-3.8073
 10
5.3505
 20
-3.7997
 10
5.334
 20
-3.792
 10
5.3174
 20
-3.7842
 10
5.3009
 20
-3.7764
 10
5.2845
 20
-3.7685
 10
5.2681
 20
-3.7606
 10
5.2517
 20
-3.7525
 10
5.2353
 20
-3.7444
 10
5.219
 20
-3.7362
 10
5.2027
 20
-3.728
 10
5.1865
 20
-3.7196
 10
5.1702
 20
-3.7113
 10
5.1541
 20
-3.7028
 10
5.1379
 20
-3.6943
 10
5.1218
 20
-3.6856
 10
5.1058
 20
-3.677
 10
5.0897
 20
-3.6682
 10
5.0738
 20
-3.6594
 10
5.0578
 20
-3.6505
 10
5.0419
 20
-3.6416
 10
5.026
 20
-3.6325
 10
5.0102
 20
-3.6235
 10
4.9944
 20
-3.6143
 10
4.9787
 20
-3.6051
 10
4.9629
 20
-3.5958
 10
4.9473
 20
-3.5864
 10
4.9317
 20
-3.577
 10
4.9161
 20
-3.5674
 10
4.9005
 20
-3.5579
 10
4.885
 20
-3.5482
 10
4.8696
 20
-3.5385
 10
4.8541
 20
-3.5287
 10
4.8388
 20
-3.5189
 10
4.8234
 20
-3.509
 10
4.8081
 20
-3.499
 10
4.7929
 20
-3.489
 10
4.7777
 20
-3.4789
 10
4.7625
 20
-3.4687
 10
4.7474
 20
-3.4585
 10
4.7324
 20
-3.4481
 10
4.7173
 20
-3.4378
 10
4.7024
 20
-3.4273
 10
4.6874
 20
-3.4168
 10
4.6725
 20
-3.4063
 10
4.6577
 20
-3.3956
 10
4.6429
 20
-3.3849
 10
4.6282
 20
-3.3742
 10
4.6135
 20
-3.3633
 10
4.5988
 20
-3.3524
 10
4.5842
 20
-3.3415
 10
4.5696
 20
-3.3305
 10
4.5551
 20
-3.3194
 10
4.5407
 20
-3.3082
 10
4.5263
 20
-3.297
 10
4.5119
 20
-3.2858
 10
4.4976
 20
-3.2744
 10
4.4833
 20
-3.263
 10
4.4691
 20
-3.2516
 10
4.455
 20
-3.2401
 10
4.4408
 20
-3.2285
 10
4.4268
 20
-3.2168
 10
4.4128
 20
-3.2051
 10
4.3988
 20
-3.1934
 10
4.3849
 20
-3.1815
 10
4.3711
 20
-3.1697
 10
4.3572
 20
-3.1577
 10
4.3435
 20
-3.1457
 10
4.3298
 20
-3.1336
 10
4.3162
 20
-3.1215
 10
4.3026
 20
-3.1093
 10
4.289
 20
-3.0971
 10
4.2755
 20
-3.0848
 10
4.2621
 20
-3.0724
 10
4.2487
 20
-3.06
 10
4.2354
 20
-3.0475
 10
4.2221
 20
-3.035
 10
4.2089
 20
-3.0224
 10
4.1957
 20
-3.0097
 10
4.1826
 20
-2.997
 10
4.1696
 20
-2.9842
 10
4.1566
 20
-2.9714
 10
4.1437
 20
-2.9585
 10
4.1308
 20
-2.9456
 10
4.118
 20
-2.9326
 10
4.1052
 20
-2.9196
 10
4.0925
 20
-2.9065
 10
4.0798
 20
-2.8933
 10
4.0672
 20
-2.8801
 10
4.0547
 20
-2.8668
 10
4.0422
 20
-2.8535
 10
4.0298
 20
-2.8401
 10
4.0174
 20
-2.8267
 10
4.0051
 20
-2.8132
 10
3.9929
 20
-2.7996
 10
3.9807
 20
-2.786
 10
3.9686
 20
-2.7724
 10
3.9565
 20
-2.7587
 10
3.9445
 20
-2.745
 10
3.9325
 20
-2.7311
 10
3.9207
 20
-2.7173
 10
3.9088
 20
-2.7034
 10
3.8971
 20
-2.6894
 10
3.8854
 20
-2.6754
 10
3.8737
 20
-2.6614
 10
3.8621
 20
-2.6472
 10
3.8506
 20
-2.6331
 10
3.8392
 20
-2.6189
 10
3.8278
 20
-2.6046
 10
3.8164
 20
-2.5903
 10
3.8052
 20
-2.5759
 10
3.794
 20
-2.5615
 10
3.7828
 20
-2.5471
 10
3.7717
 20
-2.5326
 10
3.7607
 20
-2.518
 10
3.7498
 20
-2.5034
 10
3.7389
 20
-2.4887
 10
3.728
 20
-2.474
 10
3.7173
 20
-2.4593
 10
3.7066
 20
-2.4445
 10
3.6959
 20
-2.4297
 10
3.6854
 20
-2.4148
 10
3.6749
 20
-2.3998
 10
3.6644
 20
-2.3849
 10
3.6541
 20
-2.3698
 10
3.6437
 20
-2.3548
 10
3.6335
 20
-2.3397
 10
3.6233
 20
-2.3245
 10
3.6132
 20
-2.3093
 10
3.6032
 20
-2.2941
 10
3.5932
 20
-2.2788
 10
3.5833
 20
-2.2634
 10
3.5735
 20
-2.2481
 10
3.5637
 20
-2.2326
 10
3.554
 20
-2.2172
 10
3.5443
 20
-2.2017
 10
3.5348
 20
-2.1861
 10
3.5252
 20
-2.1705
 10
3.5158
 20
-2.1549
 10
3.5064
 20
-2.1393
 10
3.4971
 20
-2.1235
 10
3.4879
 20
-2.1078
 10
3.4787
 20
-2.092
 10
3.4697
 20
-2.0762
 10
3.4606
 20
-2.0603
 10
3.4517
 20
-2.0444
 10
3.4428
 20
-2.0284
 10
3.434
 20
-2.0125
 10
3.4252
 20
-1.9964
 10
3.4166
 20
-1.9804
 10
3.4079
 20
-1.9643
 10
3.3994
 20
-1.9481
 10
3.3909
 20
-1.932
 10
3.3826
 20
-1.9157
 10
3.3742
 20
-1.8995
 10
3.366
 20
-1.8832
 10
3.3578
 20
-1.8669
 10
3.3497
 20
-1.8505
 10
3.3416
 20
-1.8341
 10
3.3337
 20
-1.8177
 10
3.3258
 20
-1.8013
 10
3.318
 20
-1.7848
 10
3.3102
 20
-1.7682
 10
3.3025
 20
-1.7517
 10
3.2949
 20
-1.7351
 10
3.2874
 20
-1.7184
 10
3.2799
 20
-1.7018
 10
3.2725
 20
-1.6851
 10
3.2652
 20
-1.6684
 10
3.258
 20
-1.6516
 10
3.2508
 20
-1.6348
 10
3.2437
 20
-1.618
 10
3.2367
 20
-1.6011
 10
3.2297
 20
-1.5843
 10
3.2229
 20
-1.5674
 10
3.2161
 20
-1.5504
 10
3.2093
 20
-1.5334
 10
3.2027
 20
-1.5164
 10
3.1961
 20
-1.4994
 10
3.1896
 20
-1.4824
 10
3.1832
 20
-1.4653
 10
3.1768
 20
-1.4482
 10
3.1705
 20
-1.431
 10
3.1643
 20
-1.4138
 10
3.1582
 20
-1.3966
 10
3.1521
 20
-1.3794
 10
3.1462
 20
-1.3622
 10
3.1402
 20
-1.3449
 10
3.1344
 20
-1.3276
 10
3.1287
 20
-1.3103
 10
3.123
 20
-1.2929
 10
3.1174
 20
-1.2756
 10
3.1118
 20
-1.2582
 10
3.1064
 20
-1.2407
 10
3.101
 20
-1.2233
 10
3.0957
 20
-1.2058
 10
3.0905
 20
-1.1883
 10
3.0854
 20
-1.1708
 10
3.0803
 20
-1.1533
 10
3.0753
 20
-1.1357
 10
3.0704
 20
-1.1181
 10
3.0655
 20
-1.1005
 10
3.0608
 20
-1.0829
 10
3.0561
 20
-1.0653
 10
3.0515
 20
-1.0476
 10
3.0469
 20
-1.0299
 10
3.0425
 20
-1.0122
 10
3.0381
 20
-0.9945
 10
3.0338
 20
-0.9767
 10
3.0296
 20
-0.959
 10
3.0254
 20
-0.9412
 10
3.0214
 20
-0.9234
 10
3.0174
 20
-0.9056
 10
3.0135
 20
-0.8878
 10
3.0096
 20
-0.8699
 10
3.0059
 20
-0.852
 10
3.0022
 20
-0.8342
 10
2.9986
 20
-0.8163
 10
2.9951
 20
-0.7983
 10
2.9916
 20
-0.7804
 10
2.9883
 20
-0.7625
 10
2.985
 20
-0.7445
 10
2.9818
 20
-0.7265
 10
2.9786
 20
-0.7086
 10
2.9756
 20
-0.6906
 10
2.9726
 20
-0.6725
 10
2.9697
 20
-0.6545
 10
2.9669
 20
-0.6365
 10
2.9642
 20
-0.6184
 10
2.9615
 20
-0.6004
 10
2.9589
 20
-0.5823
 10
2.9564
 20
-0.5642
 10
2.954
 20
-0.5461
 10
2.9517
 20
-0.528
 10
2.9494
 20
-0.5099
 10
2.9472
 20
-0.4918
 10
2.9451
 20
-0.4736
 10
2.9431
 20
-0.4555
 10
2.9411
 20
-0.4373
 10
2.9393
 20
-0.4192
 10
2.9375
 20
-0.401
 10
2.9358
 20
-0.3828
 10
2.9341
 20
-0.3647
 10
2.9326
 20
-0.3465
 10
2.9311
 20
-0.3283
 10
2.9297
 20
-0.3101
 10
2.9284
 20
-0.2919
 10
2.9272
 20
-0.2736
 10
2.926
 20
-0.2554
 10
2.9249
 20
-0.2372
 10
2.9239
 20
-0.219
 10
2.923
 20
-0.2007
 10
2.9222
 20
-0.1825
 10
2.9214
 20
-0.1643
 10
2.9207
 20
-0.146
 10
2.9202
 20
-0.1278
 10
2.9196
 20
-0.1095
 10
2.9192
 20
-0.0913
 10
2.9188
 20
-0.073
 10
2.9186
 20
-0.0548
 10
2.9184
 20
-0.0365
 10
2.9182
 20
-0.0183
 10
2.9182
 20
0.0
 10
2.9182
 20
0.0183
 10
2.9184
 20
0.0365
 10
2.9186
 20
0.0548
 10
2.9188
 20
0.073
 10
2.9192
 20
0.0913
 10
2.9196
 20
0.1095
 10
2.9202
 20
0.1278
 10
2.9207
 20
0.146
 10
2.9214
 20
0.1643
 10
2.9222
 20
0.1825
 10
2.923
 20
0.2007
 10
2.9239
 20
0.219
 10
2.9249
 20
0.2372
 10
2.926
 20
0.2554
 10
2.9272
 20
0.2736
 10
2.9284
 20
0.2919
 10
2.9297
 20
0.3101
 10
2.9311
 20
0.3283
 10
2.9326
 20
0.3465
 10
2.9341
 20
0.3647
 10
2.9358
 20
0.3828
 10
2.9375
 20
0.401
 10
2.9393
 20
0.4192
 10
2.9411
 20
0.4373
 10
2.9431
 20
0.4555
 10
2.9451
 20
0.4736
 10
2.9472
 20
0.4918
 10
2.9494
 20
0.5099
 10
2.9517
 20
0.528
 10
2.954
 20
0.5461
 10
2.9564
 20
0.5642
 10
2.9589
 20
0.5823
 10
2.9615
 20
0.6004
 10
2.9642
 20
0.6184
 10
2.9669
 20
0.6365
 10
2.9697
 20
0.6545
 10
2.9726
 20
0.6725
 10
2.9756
 20
0.6906
 10
2.9786
 20
0.7086
 10
2.9818
 20
0.7265
 10
2.985
 20
0.7445
 10
2.9883
 20
0.7625
 10
2.9916
 20
0.7804
 10
2.9951
 20
0.7983
 10
2.9986
 20
0.8163
 10
3.0022
 20
0.8342
 10
3.0059
 20
0.852
 10
3.0096
 20
0.8699
 10
3.0135
 20
0.8878
 10
3.0174
 20
0.9056
 10
3.0214
 20
0.9234
 10
3.0254
 20
0.9412
 10
3.0296
 20
0.959
 10
3.0338
 20
0.9767
 10
3.0381
 20
0.9945
 10
3.0425
 20
1.0122
 10
3.0469
 20
1.0299
 10
3.0515
 20
1.0476
 10
3.0561
 20
1.0653
 10
3.0608
 20
1.0829
 10
3.0655
 20
1.1005
 10
3.0704
 20
1.1181
 10
3.0753
 20
1.1357
 10
3.0803
 20
1.1533
 10
3.0854
 20
1.1708
 10
3.0905
 20
1.1883
 10
3.0957
 20
1.2058
 10
3.101
 20
1.2233
 10
3.1064
 20
1.2407
 10
3.1118
 20
1.2582
 10
3.1174
 20
1.2756
 10
3.123
 20
1.2929
 10
3.1287
 20
1.3103
 10
3.1344
 20
1.3276
 10
3.1402
 20
1.3449
 10
3.1462
 20
1.3622
 10
3.1521
 20
1.3794
 10
3.1582
 20
1.3966
 10
3.1643
 20
1.4138
 10
3.1705
 20
1.431
 10
3.1768
 20
1.4482
 10
3.1832
 20
1.4653
 10
3.1896
 20
1.4824
 10
3.1961
 20
1.4994
 10
3.2027
 20
1.5164
 10
3.2093
 20
1.5334
 10
3.2161
 20
1.5504
 10
3.2229
 20
1.5674
 10
3.2297
 20
1.5843
 10
3.2367
 20
1.6011
 10
3.2437
 20
1.618
 10
3.2508
 20
1.6348
 10
3.258
 20
1.6516
 10
3.2652
 20
1.6684
 10
3.2725
 20
1.6851
 10
3.2799
 20
1.7018
 10
3.2874
 20
1.7184
 10
3.2949
 20
1.7351
 10
3.3025
 20
1.7517
 10
3.3102
 20
1.7682
 10
3.318
 20
1.7848
 10
3.3258
 20
1.8013
 10
3.3337
 20
1.8177
 10
3.3416
 20
1.8341
 10
3.3497
 20
1.8505
 10
3.3578
 20
1.8669
 10
3.366
 20
1.8832
 10
3.3742
 20
1.8995
 10
3.3826
 20
1.9157
 10
3.3909
 20
1.932
 10
3.3994
 20
1.9481
 10
3.4079
 20
1.9643
 10
3.4166
 20
1.9804
 10
3.4252
 20
1.9964
 10
3.434
 20
2.0125
 10
3.4428
 20
2.0284
 10
3.4517
 20
2.0444
 10
3.4606
 20
2.0603
 10
3.4697
 20
2.0762
 10
3.4787
 20
2.092
 10
3.4879
 20
2.1078
 10
3.4971
 20
2.1235
 10
3.5064
 20
2.1393
 10
3.5158
 20
2.1549
 10
3.5252
 20
2.1705
 10
3.5348
 20
2.1861
 10
3.5443
 20
2.2017
 10
3.554
 20
2.2172
 10
3.5637
 20
2.2326
 10
3.5735
 20
2.2481
 10
3.5833
 20
2.2634
 10
3.5932
 20
2.2788
 10
3.6032
 20
2.2941
 10
3.6132
 20
2.3093
 10
3.6233
 20
2.3245
 10
3.6335
 20
2.3397
 10
3.6437
 20
2.3548
 10
3.6541
 20
2.3698
 10
3.6644
 20
2.3849
 10
3.6749
 20
2.3998
 10
3.6854
 20
2.4148
 10
3.6959
 20
2.4297
 10
3.7066
 20
2.4445
 10
3.7173
 20
2.4593
 10
3.728
 20
2.474
 10
3.7389
 20
2.4887
 10
3.7498
 20
2.5034
 10
3.7607
 20
2.518
 10
3.7717
 20
2.5326
 10
3.7828
 20
2.5471
 10
3.794
 20
2.5615
 10
3.8052
 20
2.5759
 10
3.8164
 20
2.5903
 10
3.8278
 20
2.6046
 10
3.8392
 20
2.6189
 10
3.8506
 20
2.6331
 10
3.8621
 20
2.6472
 10
3.8737
 20
2.6614
 10
3.8854
 20
2.6754
 10
3.8971
 20
2.6894
 10
3.9088
 20
2.7034
 10
3.9207
 20
2.7173
 10
3.9325
 20
2.7311
 10
3.9445
 20
2.745
 10
3.9565
 20
2.7587
 10
3.9686
 20
2.7724
 10
3.9807
 20
2.786
 10
3.9929
 20
2.7996
 10
4.0051
 20
2.8132
 10
4.0174
 20
2.8267
 10
4.0298
 20
2.8401
 10
4.0422
 20
2.8535
 10
4.0547
 20
2.8668
 10
4.0672
 20
2.8801
 10
4.0798
 20
2.8933
 10
4.0925
 20
2.9065
 10
4.1052
 20
2.9196
 10
4.118
 20
2.9326
 10
4.1308
 20
2.9456
 10
4.1437
 20
2.9585
 10
4.1566
 20
2.9714
 10
4.1696
 20
2.9842
 10
4.1826
 20
2.997
 10
4.1957
 20
3.0097
 10
4.2089
 20
3.0224
 10
4.2221
 20
3.035
 10
4.2354
 20
3.0475
 10
4.2487
 20
3.06
 10
4.2621
 20
3.0724
 10
4.2755
 20
3.0848
 10
4.289
 20
3.0971
 10
4.3026
 20
3.1093
 10
4.3162
 20
3.1215
 10
4.3298
 20
3.1336
 10
4.3435
 20
3.1457
 10
4.3572
 20
3.1577
 10
4.3711
 20
3.1697
 10
4.3849
 20
3.1815
 10
4.3988
 20
3.1934
 10
4.4128
 20
3.2051
 10
4.4268
 20
3.2168
 10
4.4408
 20
3.2285
 10
4.455
 20
3.2401
 10
4.4691
 20
3.2516
 10
4.4833
 20
3.263
 10
4.4976
 20
3.2744
 10
4.5119
 20
3.2858
 10
4.5263
 20
3.297
 10
4.5407
 20
3.3082
 10
4.5551
 20
3.3194
 10
4.5696
 20
3.3305
 10
4.5842
 20
3.3415
 10
4.5988
 20
3.3524
 10
4.6135
 20
3.3633
 10
4.6282
 20
3.3742
 10
4.6429
 20
3.3849
 10
4.6577
 20
3.3956
 10
4.6725
 20
3.4063
 10
4.6874
 20
3.4168
 10
4.7024
 20
3.4273
 10
4.7173
 20
3.4378
 10
4.7324
 20
3.4481
 10
4.7474
 20
3.4585
 10
4.7625
 20
3.4687
 10
4.7777
 20
3.4789
 10
4.7929
 20
3.489
 10
4.8081
 20
3.499
 10
4.8234
 20
3.509
 10
4.8388
 20
3.5189
 10
4.8541
 20
3.5287
 10
4.8696
 20
3.5385
 10
4.885
 20
3.5482
 10
4.9005
 20
3.5579
 10
4.9161
 20
3.5674
 10
4.9317
 20
3.577
 10
4.9473
 20
3.5864
 10
4.9629
 20
3.5958
 10
4.9787
 20
3.6051
 10
4.9944
 20
3.6143
 10
5.0102
 20
3.6235
 10
5.026
 20
3.6325
 10
5.0419
 20
3.6416
 10
5.0578
 20
3.6505
 10
5.0738
 20
3.6594
 10
5.0897
 20
3.6682
 10
5.1058
 20
3.677
 10
5.1218
 20
3.6856
 10
5.1379
 20
3.6943
 10
5.1541
 20
3.7028
 10
5.1702
 20
3.7113
 10
5.1865
 20
3.7196
 10
5.2027
 20
3.728
 10
5.219
 20
3.7362
 10
5.2353
 20
3.7444
 10
5.2517
 20
3.7525
 10
5.2681
 20
3.7606
 10
5.2845
 20
3.7685
 10
5.3009
 20
3.7764
 10
5.3174
 20
3.7842
 10
5.334
 20
3.792
 10
5.3505
 20
3.7997
 10
5.3671
 20
3.8073
 10
5.3838
 20
3.8148
 10
5.4004
 20
3.8223
 10
5.4171
 20
3.8297
 10
5.4338
 20
3.837
 10
5.4506
 20
3.8442
 10
5.4674
 20
3.8514
 10
5.4842
 20
3.8585
 10
5.5011
 20
3.8655
 10
5.5179
 20
3.8725
 10
5.5348
 20
3.8793
 10
5.5518
 20
3.8861
 10
5.5688
 20
3.8929
 10
5.5858
 20
3.8995
 10
5.6028
 20
3.9061
 10
5.6198
 20
3.9126
 10
5.6369
 20
3.919
 10
5.654
 20
3.9254
 10
5.6712
 20
3.9317
 10
5.6884
 20
3.9379
 10
5.7056
 20
3.944
 10
5.7228
 20
3.9501
 10
5.74
 20
3.956
 10
5.7573
 20
3.962
 10
5.7746
 20
3.9678
 10
5.7919
 20
3.9735
 10
5.8093
 20
3.9792
 10
5.8266
 20
3.9848
 10
5.844
 20
3.9904
 10
5.8615
 20
3.9958
 10
5.8789
 20
4.0012
 10
5.8964
 20
4.0065
 10
5.9139
 20
4.0117
 10
5.9314
 20
4.0168
 10
5.9489
 20
4.0219
 10
5.9665
 20
4.0269
 10
5.9841
 20
4.0318
 10
6.0017
 20
4.0367
 10
6.0193
 20
4.0414
 10
6.0369
 20
4.0461
 10
6.0546
 20
4.0507
 10
6.0723
 20
4.0553
 10
6.09
 20
4.0597
 10
6.1077
 20
4.0641
 10
6.1255
 20
4.0684
 10
6.1432
 20
4.0726
 10
6.161
 20
4.0768
 10
6.1788
 20
4.0808
 10
6.1966
 20
4.0848
 10
6.2144
 20
4.0887
 10
6.2323
 20
4.0926
 10
6.2502
 20
4.0963
 10
6.268
 20
4.1
 10
6.2859
 20
4.1036
 10
6.3039
 20
4.1071
 10
6.3218
 20
4.1106
 10
6.3397
 20
4.1139
 10
6.3577
 20
4.1172
 10
6.3757
 20
4.1204
 10
6.3936
 20
4.1236
 10
6.4116
 20
4.1266
 10
6.4297
 20
4.1296
 10
6.4477
 20
4.1325
 10
6.4657
 20
4.1353
 10
6.4838
 20
4.138
 10
6.5018
 20
4.1407
 10
6.5199
 20
4.1433
 10
6.538
 20
4.1458
 10
6.5561
 20
4.1482
 10
6.5742
 20
4.1505
 10
6.5923
 20
4.1528
 10
6.6104
 20
4.155
 10
6.6286
 20
4.1571
 10
6.6467
 20
4.1591
 10
6.6649
 20
4.1611
 10
6.683
 20
4.1629
 10
6.7012
 20
4.1647
 10
6.7194
 20
4.1664
 10
6.7375
 20
4.1681
 10
6.7557
 20
4.1696
 10
6.7739
 20
4.1711
 10
6.7921
 20
4.1725
 10
6.8103
 20
4.1738
 10
6.8286
 20
4.175
 10
6.8468
 20
4.1762
 10
6.865
 20
4.1773
 10
6.8832
 20
4.1783
 10
6.9015
 20
4.1792
 10
6.9197
 20
4.18
 10
6.9379
 20
4.1808
 10
6.9562
 20
4.1815
 10
6.9744
 20
4.182
 10
6.9927
 20
4.1826
 10
7.0109
 20
4.183
 10
7.0292
 20
4.1834
 10
7.0474
 20
4.1836
 10
7.0657
 20
4.1838
 10
7.0839
 20
4.184
 10
7.1022
 20
4.184
 10
7.1205
 20
4.184
 10
7.1387
 20
4.1838
 10
7.157
 20
4.1836
 10
7.1752
 20
4.1834
 10
7.1935
 20
4.183
 10
7.2117
 20
4.1826
 10
7.23
 20
4.182
 10
7.2482
 20
4.1815
 10
7.2665
 20
4.1808
 10
7.2847
 20
4.18
 10
7.3029
 20
4.1792
 10
7.3212
 20
4.1783
 10
7.3394
 20
4.1773
 10
7.3576
 20
4.1762
 10
7.3758
 20
4.175
 10
7.3941
 20
4.1738
 10
7.4123
 20
4.1725
 10
7.4305
 20
4.1711
 10
7.4487
 20
4.1696
 10
7.4669
 20
4.1681
 10
7.485
 20
4.1664
 10
7.5032
 20
4.1647
 10
7.5214
 20
4.1629
 10
7.5395
 20
4.1611
 10
7.5577
 20
4.1591
 10
7.5758
 20
4.1571
 10
7.594
 20
4.155
 10
7.6121
 20
4.1528
 10
7.6302
 20
4.1505
 10
7.6483
 20
4.1482
 10
7.6664
 20
4.1458
 10
7.6845
 20
4.1433
 10
7.7026
 20
4.1407
 10
7.7206
 20
4.138
 10
7.7387
 20
4.1353
 10
7.7567
 20
4.1325
 10
7.7747
 20
4.1296
 10
7.7928
 20
4.1266
 10
7.8108
 20
4.1236
 10
7.8287
 20
4.1204
 10
7.8467
 20
4.1172
 10
7.8647
 20
4.1139
 10
7.8826
 20
4.1106
 10
7.9005
 20
4.1071
 10
7.9185
 20
4.1036
 10
7.9364
 20
4.1
 10
7.9542
 20
4.0963
 10
7.9721
 20
4.0926
 10
7.99
 20
4.0887
 10
8.0078
 20
4.0848
 10
8.0256
 20
4.0808
 10
8.0434
 20
4.0768
 10
8.0612
 20
4.0726
 10
8.0789
 20
4.0684
 10
8.0967
 20
4.0641
 10
8.1144
 20
4.0597
 10
8.1321
 20
4.0553
 10
8.1498
 20
4.0507
 10
8.1675
 20
4.0461
 10
8.1851
 20
4.0414
 10
8.2027
 20
4.0367
 10
8.2203
 20
4.0318
 10
8.2379
 20
4.0269
 10
8.2555
 20
4.0219
 10
8.273
 20
4.0168
 10
8.2905
 20
4.0117
 10
8.308
 20
4.0065
 10
8.3255
 20
4.0012
 10
8.3429
 20
3.9958
 10
8.3604
 20
3.9904
 10
8.3778
 20
3.9848
 10
8.3951
 20
3.9792
 10
8.4125
 20
3.9735
 10
8.4298
 20
3.9678
 10
8.4471
 20
3.962
 10
8.4644
 20
3.956
 10
8.4816
 20
3.9501
 10
8.4988
 20
3.944
 10
8.516
 20
3.9379
 10
8.5332
 20
3.9317
 10
8.5504
 20
3.9254
 10
8.5675
 20
3.919
 10
8.5846
 20
3.9126
 10
8.6016
 20
3.9061
 10
8.6186
 20
3.8995
 10
8.6356
 20
3.8929
 10
8.6526
 20
3.8861
 10
8.6696
 20
3.8793
 10
8.6865
 20
3.8725
 10
8.7033
 20
3.8655
 10
8.7202
 20
3.8585
 10
8.737
 20
3.8514
 10
8.7538
 20
3.8442
 10
8.7706
 20
3.837
 10
8.7873
 20
3.8297
 10
8.804
 20
3.8223
 10
8.8206
 20
3.8148
 10
8.8373
 20
3.8073
 10
8.8539
 20
3.7997
 10
8.8704
 20
3.792
 10
8.887
 20
3.7842
 10
8.9035
 20
3.7764
 10
8.9199
 20
3.7685
 10
8.9363
 20
3.7606
 10
8.9527
 20
3.7525
 10
8.9691
 20
3.7444
 10
8.9854
 20
3.7362
 10
9.0017
 20
3.728
 10
9.0179
 20
3.7196
 10
9.0342
 20
3.7113
 10
9.0503
 20
3.7028
 10
9.0665
 20
3.6943
 10
9.0826
 20
3.6856
 10
9.0986
 20
3.677
 10
9.1147
 20
3.6682
 10
9.1306
 20
3.6594
 10
9.1466
 20
3.6505
 10
9.1625
 20
3.6416
 10
9.1784
 20
3.6325
 10
9.1942
 20
3.6235
 10
9.21
 20
3.6143
 10
9.2257
 20
3.6051
 10
9.2415
 20
3.5958
 10
9.2571
 20
3.5864
 10
9.2727
 20
3.577
 10
9.2883
 20
3.5674
 10
9.3039
 20
3.5579
 10
9.3194
 20
3.5482
 10
9.3348
 20
3.5385
 10
9.3503
 20
3.5287
 10
9.3656
 20
3.5189
 10
9.381
 20
3.509
 10
9.3963
 20
3.499
 10
9.4115
 20
3.489
 10
9.4267
 20
3.4789
 10
9.4419
 20
3.4687
 10
9.457
 20
3.4585
 10
9.472
 20
3.4481
 10
9.4871
 20
3.4378
 10
9.502
 20
3.4273
 10
9.517
 20
3.4168
 10
9.5319
 20
3.4063
 10
9.5467
 20
3.3956
 10
9.5615
 20
3.3849
 10
9.5762
 20
3.3742
 10
9.5909
 20
3.3633
 10
9.6056
 20
3.3524
 10
9.6202
 20
3.3415
 10
9.6348
 20
3.3305
 10
9.6493
 20
3.3194
 10
9.6637
 20
3.3082
 10
9.6781
 20
3.297
 10
9.6925
 20
3.2858
 10
9.7068
 20
3.2744
 10
9.7211
 20
3.263
 10
9.7353
 20
3.2516
 10
9.7494
 20
3.2401
 10
9.7636
 20
3.2285
 10
9.7776
 20
3.2168
 10
9.7916
 20
3.2051
 10
9.8056
 20
3.1934
 10
9.8195
 20
3.1815
 10
9.8333
 20
3.1697
 10
9.8472
 20
3.1577
 10
9.8609
 20
3.1457
 10
9.8746
 20
3.1336
 10
9.8882
 20
3.1215
 10
9.9018
 20
3.1093
 10
9.9154
 20
3.0971
 10
9.9289
 20
3.0848
 10
9.9423
 20
3.0724
 10
9.9557
 20
3.06
 10
9.969
 20
3.0475
 10
9.9823
 20
3.035
 10
9.9955
 20
3.0224
 10
10.0087
 20
3.0097
 10
10.0218
 20
2.997
 10
10.0348
 20
2.9842
 10
10.0478
 20
2.9714
 10
10.0607
 20
2.9585
 10
10.0736
 20
2.9456
 10
10.0864
 20
2.9326
 10
10.0992
 20
2.9196
 10
10.1119
 20
2.9065
 10
10.1246
 20
2.8933
 10
10.1372
 20
2.8801
 10
10.1497
 20
2.8668
 10
10.1622
 20
2.8535
 10
10.1746
 20
2.8401
 10
10.187
 20
2.8267
 10
10.1993
 20
2.8132
 10
10.2115
 20
2.7996
 10
10.2237
 20
2.786
 10
10.2358
 20
2.7724
 10
10.2479
 20
2.7587
 10
10.2599
 20
2.745
 10
10.2719
 20
2.7311
 10
10.2837
 20
2.7173
 10
10.2956
 20
2.7034
 10
10.3073
 20
2.6894
 10
10.319
 20
2.6754
 10
10.3307
 20
2.6614
 10
10.3423
 20
2.6472
 10
10.3538
 20
2.6331
 10
10.3652
 20
2.6189
 10
10.3766
 20
2.6046
 10
10.388
 20
2.5903
 10
10.3992
 20
2.5759
 10
10.4104
 20
2.5615
 10
10.4216
 20
2.5471
 10
10.4327
 20
2.5326
 10
10.4437
 20
2.518
 10
10.4546
 20
2.5034
 10
10.4655
 20
2.4887
 10
10.4764
 20
2.474
 10
10.4871
 20
2.4593
 10
10.4978
 20
2.4445
 10
10.5085
 20
2.4297
 10
10.519
 20
2.4148
 10
10.5295
 20
2.3998
 10
10.54
 20
2.3849
 10
10.5503
 20
2.3698
 10
10.5607
 20
2.3548
 10
10.5709
 20
2.3397
 10
10.5811
 20
2.3245
 10
10.5912
 20
2.3093
 10
10.6012
 20
2.2941
 10
10.6112
 20
2.2788
 10
10.6211
 20
2.2634
 10
10.6309
 20
2.2481
 10
10.6407
 20
2.2326
 10
10.6504
 20
2.2172
 10
10.6601
 20
2.2017
 10
10.6696
 20
2.1861
 10
10.6792
 20
2.1705
 10
10.6886
 20
2.1549
 10
10.698
 20
2.1393
 10
10.7073
 20
2.1235
 10
10.7165
 20
2.1078
 10
10.7257
 20
2.092
 10
10.7347
 20
2.0762
 10
10.7438
 20
2.0603
 10
10.7527
 20
2.0444
 10
10.7616
 20
2.0284
 10
10.7704
 20
2.0125
 10
10.7792
 20
1.9964
 10
10.7878
 20
1.9804
 10
10.7965
 20
1.9643
 10
10.805
 20
1.9481
 10
10.8135
 20
1.932
 10
10.8218
 20
1.9157
 10
10.8302
 20
1.8995
 10
10.8384
 20
1.8832
 10
10.8466
 20
1.8669
 10
10.8547
 20
1.8505
 10
10.8628
 20
1.8341
 10
10.8707
 20
1.8177
 10
10.8786
 20
1.8013
 10
10.8864
 20
1.7848
 10
10.8942
 20
1.7682
 10
10.9019
 20
1.7517
 10
10.9095
 20
1.7351
 10
10.917
 20
1.7184
 10
10.9245
 20
1.7018
 10
10.9319
 20
1.6851
 10
10.9392
 20
1.6684
 10
10.9464
 20
1.6516
 10
10.9536
 20
1.6348
 10
10.9607
 20
1.618
 10
10.9677
 20
1.6011
 10
10.9747
 20
1.5843
 10
10.9815
 20
1.5674
 10
10.9883
 20
1.5504
 10
10.9951
 20
1.5334
 10
11.0017
 20
1.5164
 10
11.0083
 20
1.4994
 10
11.0148
 20
1.4824
 10
11.0212
 20
1.4653
 10
11.0276
 20
1.4482
 10
11.0339
 20
1.431
 10
11.0401
 20
1.4138
 10
11.0462
 20
1.3966
 10
11.0523
 20
1.3794
 10
11.0582
 20
1.3622
 10
11.0642
 20
1.3449
 10
11.07
 20
1.3276
 10
11.0757
 20
1.3103
 10
11.0814
 20
1.2929
 10
11.087
 20
1.2756
 10
11.0926
 20
1.2582
 10
11.098
 20
1.2407
 10
11.1034
 20
1.2233
 10
11.1087
 20
1.2058
 10
11.1139
 20
1.1883
 10
11.119
 20
1.1708
 10
11.1241
 20
1.1533
 10
11.1291
 20
1.1357
 10
11.134
 20
1.1181
 10
11.1389
 20
1.1005
 10
11.1436
 20
1.0829
 10
11.1483
 20
1.0653
 10
11.1529
 20
1.0476
 10
11.1575
 20
1.0299
 10
11.1619
 20
1.0122
 10
11.1663
 20
0.9945
 10
11.1706
 20
0.9767
 10
11.1748
 20
0.959
 10
11.179
 20
0.9412
 10
11.183
 20
0.9234
 10
11.187
 20
0.9056
 10
11.1909
 20
0.8878
 10
11.1948
 20
0.8699
 10
11.1985
 20
0.852
 10
11.2022
 20
0.8342
 10
11.2058
 20
0.8163
 10
11.2093
 20
0.7983
 10
11.2128
 20
0.7804
 10
11.2161
 20
0.7625
 10
11.2194
 20
0.7445
 10
11.2226
 20
0.7265
 10
11.2258
 20
0.7086
 10
11.2288
 20
0.6906
 10
11.2318
 20
0.6725
 10
11.2347
 20
0.6545
 10
11.2375
 20
0.6365
 10
11.2402
 20
0.6184
 10
11.2429
 20
0.6004
 10
11.2455
 20
0.5823
 10
11.248
 20
0.5642
 10
11.2504
 20
0.5461
 10
11.2527
 20
0.528
 10
11.255
 20
0.5099
 10
11.2572
 20
0.4918
 10
11.2593
 20
0.4736
 10
11.2613
 20
0.4555
 10
11.2633
 20
0.4373
 10
11.2651
 20
0.4192
 10
11.2669
 20
0.401
 10
11.2686
 20
0.3828
 10
11.2703
 20
0.3647
 10
11.2718
 20
0.3465
 10
11.2733
 20
0.3283
 10
11.2747
 20
0.3101
 10
11.276
 20
0.2919
 10
11.2772
 20
0.2736
 10
11.2784
 20
0.2554
 10
11.2795
 20
0.2372
 10
11.2805
 20
0.219
 10
11.2814
 20
0.2007
 10
11.2822
 20
0.1825
 10
11.283
 20
0.1643
 10
11.2837
 20
0.146
 10
11.2842
 20
0.1278
 10
11.2848
 20
0.1095
 10
11.2852
 20
0.0913
 10
11.2856
 20
0.073
 10
11.2858
 20
0.0548
 10
11.286
 20
0.0365
 10
11.2862
 20
0.0183
 10
11.2862
 20
0.0
 10
11.2862
 20
-0.0183
 10
11.286
 20
-0.0365
 10
11.2858
 20
-0.0548
 10
11.2856
 20
-0.073
 10
11.2852
 20
-0.0913
 10
11.2848
 20
-0.1095
 10
11.2842
 20
-0.1278
 10
11.2837
 20
-0.146
 10
11.283
 20
-0.1643
 10
11.2822
 20
-0.1825
 10
11.2814
 20
-0.2007
 10
11.2805
 20
-0.219
 10
11.2795
 20
-0.2372
 10
11.2784
 20
-0.2554
  0
LWPOLYLINE
  5
C3
330
17
100
AcDbEntity
  8
ALTIN
100
AcDbPolyline
 90
1440
 70
1
 10
11.0976
 20
0.2619
 10
11.0964
 20
0.2793
 10
11.0952
 20
0.2967
 10
11.0939
 20
0.3142
 10
11.0924
 20
0.3316
 10
11.091
 20
0.349
 10
11.0894
 20
0.3664
 10
11.0878
 20
0.3838
 10
11.0861
 20
0.4012
 10
11.0843
 20
0.4185
 10
11.0824
 20
0.4359
 10
11.0805
 20
0.4533
 10
11.0784
 20
0.4706
 10
11.0764
 20
0.488
 10
11.0742
 20
0.5053
 10
11.0719
 20
0.5226
 10
11.0696
 20
0.5399
 10
11.0672
 20
0.5572
 10
11.0648
 20
0.5745
 10
11.0622
 20
0.5918
 10
11.0596
 20
0.6091
 10
11.0569
 20
0.6264
 10
11.0541
 20
0.6436
 10
11.0513
 20
0.6609
 10
11.0484
 20
0.6781
 10
11.0454
 20
0.6953
 10
11.0423
 20
0.7125
 10
11.0392
 20
0.7297
 10
11.0359
 20
0.7468
 10
11.0326
 20
0.764
 10
11.0293
 20
0.7811
 10
11.0258
 20
0.7983
 10
11.0223
 20
0.8154
 10
11.0187
 20
0.8325
 10
11.015
 20
0.8496
 10
11.0113
 20
0.8666
 10
11.0075
 20
0.8837
 10
11.0036
 20
0.9007
 10
10.9996
 20
0.9177
 10
10.9956
 20
0.9347
 10
10.9915
 20
0.9517
 10
10.9873
 20
0.9687
 10
10.983
 20
0.9856
 10
10.9787
 20
1.0025
 10
10.9743
 20
1.0194
 10
10.9698
 20
1.0363
 10
10.9652
 20
1.0532
 10
10.9606
 20
1.07
 10
10.9559
 20
1.0868
 10
10.9511
 20
1.1037
 10
10.9462
 20
1.1204
 10
10.9413
 20
1.1372
 10
10.9363
 20
1.1539
 10
10.9312
 20
1.1707
 10
10.9261
 20
1.1874
 10
10.9209
 20
1.204
 10
10.9156
 20
1.2207
 10
10.9102
 20
1.2373
 10
10.9048
 20
1.2539
 10
10.8993
 20
1.2705
 10
10.8937
 20
1.287
 10
10.8881
 20
1.3036
 10
10.8823
 20
1.3201
 10
10.8765
 20
1.3366
 10
10.8707
 20
1.353
 10
10.8647
 20
1.3694
 10
10.8587
 20
1.3859
 10
10.8526
 20
1.4022
 10
10.8465
 20
1.4186
 10
10.8403
 20
1.4349
 10
10.834
 20
1.4512
 10
10.8276
 20
1.4675
 10
10.8212
 20
1.4837
 10
10.8146
 20
1.4999
 10
10.8081
 20
1.5161
 10
10.8014
 20
1.5323
 10
10.7947
 20
1.5484
 10
10.7879
 20
1.5645
 10
10.781
 20
1.5806
 10
10.7741
 20
1.5966
 10
10.7671
 20
1.6126
 10
10.76
 20
1.6286
 10
10.7529
 20
1.6445
 10
10.7457
 20
1.6604
 10
10.7384
 20
1.6763
 10
10.7311
 20
1.6922
 10
10.7236
 20
1.708
 10
10.7162
 20
1.7238
 10
10.7086
 20
1.7395
 10
10.701
 20
1.7552
 10
10.6933
 20
1.7709
 10
10.6855
 20
1.7866
 10
10.6777
 20
1.8022
 10
10.6698
 20
1.8178
 10
10.6618
 20
1.8333
 10
10.6538
 20
1.8488
 10
10.6457
 20
1.8643
 10
10.6375
 20
1.8798
 10
10.6293
 20
1.8952
 10
10.621
 20
1.9105
 10
10.6126
 20
1.9259
 10
10.6042
 20
1.9412
 10
10.5957
 20
1.9564
 10
10.5871
 20
1.9717
 10
10.5785
 20
1.9869
 10
10.5698
 20
2.002
 10
10.561
 20
2.0171
 10
10.5522
 20
2.0322
 10
10.5433
 20
2.0472
 10
10.5343
 20
2.0622
 10
10.5253
 20
2.0772
 10
10.5162
 20
2.0921
 10
10.507
 20
2.107
 10
10.4978
 20
2.1218
 10
10.4885
 20
2.1366
 10
10.4791
 20
2.1513
 10
10.4697
 20
2.1661
 10
10.4602
 20
2.1807
 10
10.4507
 20
2.1954
 10
10.4411
 20
2.21
 10
10.4314
 20
2.2245
 10
10.4217
 20
2.239
 10
10.4119
 20
2.2535
 10
10.402
 20
2.2679
 10
10.3921
 20
2.2823
 10
10.3821
 20
2.2966
 10
10.372
 20
2.3109
 10
10.3619
 20
2.3251
 10
10.3517
 20
2.3393
 10
10.3415
 20
2.3535
 10
10.3312
 20
2.3676
 10
10.3208
 20
2.3817
 10
10.3104
 20
2.3957
 10
10.2999
 20
2.4097
 10
10.2894
 20
2.4236
 10
10.2788
 20
2.4375
 10
10.2681
 20
2.4513
 10
10.2574
 20
2.4651
 10
10.2466
 20
2.4789
 10
10.2358
 20
2.4925
 10
10.2249
 20
2.5062
 10
10.2139
 20
2.5198
 10
10.2029
 20
2.5334
 10
10.1918
 20
2.5469
 10
10.1806
 20
2.5603
 10
10.1694
 20
2.5737
 10
10.1582
 20
2.5871
 10
10.1469
 20
2.6004
 10
10.1355
 20
2.6137
 10
10.1241
 20
2.6269
 10
10.1126
 20
2.64
 10
10.101
 20
2.6531
 10
10.0894
 20
2.6662
 10
10.0778
 20
2.6792
 10
10.066
 20
2.6922
 10
10.0543
 20
2.7051
 10
10.0424
 20
2.7179
 10
10.0305
 20
2.7307
 10
10.0186
 20
2.7435
 10
10.0066
 20
2.7562
 10
9.9945
 20
2.7688
 10
9.9824
 20
2.7814
 10
9.9703
 20
2.794
 10
9.9581
 20
2.8064
 10
9.9458
 20
2.8189
 10
9.9335
 20
2.8313
 10
9.9211
 20
2.8436
 10
9.9086
 20
2.8559
 10
9.8962
 20
2.8681
 10
9.8836
 20
2.8802
 10
9.871
 20
2.8923
 10
9.8584
 20
2.9044
 10
9.8457
 20
2.9164
 10
9.8329
 20
2.9283
 10
9.8201
 20
2.9402
 10
9.8073
 20
2.9521
 10
9.7944
 20
2.9638
 10
9.7814
 20
2.9756
 10
9.7684
 20
2.9872
 10
9.7553
 20
2.9988
 10
9.7422
 20
3.0104
 10
9.7291
 20
3.0219
 10
9.7159
 20
3.0333
 10
9.7026
 20
3.0447
 10
9.6893
 20
3.056
 10
9.6759
 20
3.0672
 10
9.6625
 20
3.0784
 10
9.6491
 20
3.0896
 10
9.6356
 20
3.1007
 10
9.622
 20
3.1117
 10
9.6084
 20
3.1227
 10
9.5947
 20
3.1336
 10
9.5811
 20
3.1444
 10
9.5673
 20
3.1552
 10
9.5535
 20
3.1659
 10
9.5397
 20
3.1766
 10
9.5258
 20
3.1872
 10
9.5119
 20
3.1977
 10
9.4979
 20
3.2082
 10
9.4839
 20
3.2186
 10
9.4698
 20
3.229
 10
9.4557
 20
3.2393
 10
9.4415
 20
3.2495
 10
9.4273
 20
3.2597
 10
9.4131
 20
3.2698
 10
9.3988
 20
3.2799
 10
9.3845
 20
3.2899
 10
9.3701
 20
3.2998
 10
9.3557
 20
3.3097
 10
9.3412
 20
3.3195
 10
9.3267
 20
3.3292
 10
9.3122
 20
3.3389
 10
9.2976
 20
3.3485
 10
9.2829
 20
3.358
 10
9.2683
 20
3.3675
 10
9.2535
 20
3.3769
 10
9.2388
 20
3.3863
 10
9.224
 20
3.3956
 10
9.2092
 20
3.4048
 10
9.1943
 20
3.414
 10
9.1794
 20
3.4231
 10
9.1644
 20
3.4321
 10
9.1494
 20
3.4411
 10
9.1344
 20
3.45
 10
9.1193
 20
3.4588
 10
9.1042
 20
3.4676
 10
9.0891
 20
3.4763
 10
9.0739
 20
3.4849
 10
9.0586
 20
3.4935
 10
9.0434
 20
3.502
 10
9.0281
 20
3.5104
 10
9.0127
 20
3.5188
 10
8.9974
 20
3.5271
 10
8.982
 20
3.5353
 10
8.9665
 20
3.5435
 10
8.951
 20
3.5516
 10
8.9355
 20
3.5596
 10
8.92
 20
3.5676
 10
8.9044
 20
3.5755
 10
8.8888
 20
3.5833
 10
8.8731
 20
3.5911
 10
8.8574
 20
3.5988
 10
8.8417
 20
3.6064
 10
8.826
 20
3.614
 10
8.8102
 20
3.6214
 10
8.7944
 20
3.6289
 10
8.7785
 20
3.6362
 10
8.7626
 20
3.6435
 10
8.7467
 20
3.6507
 10
8.7308
 20
3.6578
 10
8.7148
 20
3.6649
 10
8.6988
 20
3.6719
 10
8.6828
 20
3.6788
 10
8.6667
 20
3.6857
 10
8.6506
 20
3.6925
 10
8.6345
 20
3.6992
 10
8.6183
 20
3.7059
 10
8.6021
 20
3.7124
 10
8.5859
 20
3.719
 10
8.5697
 20
3.7254
 10
8.5534
 20
3.7318
 10
8.5371
 20
3.7381
 10
8.5208
 20
3.7443
 10
8.5044
 20
3.7504
 10
8.4881
 20
3.7565
 10
8.4716
 20
3.7625
 10
8.4552
 20
3.7685
 10
8.4388
 20
3.7743
 10
8.4223
 20
3.7801
 10
8.4058
 20
3.7859
 10
8.3892
 20
3.7915
 10
8.3727
 20
3.7971
 10
8.3561
 20
3.8026
 10
8.3395
 20
3.808
 10
8.3229
 20
3.8134
 10
8.3062
 20
3.8187
 10
8.2896
 20
3.8239
 10
8.2729
 20
3.829
 10
8.2561
 20
3.8341
 10
8.2394
 20
3.8391
 10
8.2226
 20
3.844
 10
8.2059
 20
3.8489
 10
8.189
 20
3.8537
 10
8.1722
 20
3.8584
 10
8.1554
 20
3.863
 10
8.1385
 20
3.8676
 10
8.1216
 20
3.8721
 10
8.1047
 20
3.8765
 10
8.0878
 20
3.8808
 10
8.0709
 20
3.8851
 10
8.0539
 20
3.8893
 10
8.0369
 20
3.8934
 10
8.0199
 20
3.8974
 10
8.0029
 20
3.9014
 10
7.9859
 20
3.9053
 10
7.9688
 20
3.9091
 10
7.9518
 20
3.9128
 10
7.9347
 20
3.9165
 10
7.9176
 20
3.9201
 10
7.9005
 20
3.9236
 10
7.8833
 20
3.9271
 10
7.8662
 20
3.9304
 10
7.849
 20
3.9337
 10
7.8319
 20
3.937
 10
7.8147
 20
3.9401
 10
7.7975
 20
3.9432
 10
7.7803
 20
3.9462
 10
7.7631
 20
3.9491
 10
7.7458
 20
3.9519
 10
7.7286
 20
3.9547
 10
7.7113
 20
3.9574
 10
7.694
 20
3.96
 10
7.6767
 20
3.9626
 10
7.6594
 20
3.965
 10
7.6421
 20
3.9674
 10
7.6248
 20
3.9697
 10
7.6075
 20
3.972
 10
7.5902
 20
3.9742
 10
7.5728
 20
3.9762
 10
7.5555
 20
3.9783
 10
7.5381
 20
3.9802
 10
7.5207
 20
3.9821
 10
7.5034
 20
3.9839
 10
7.486
 20
3.9856
 10
7.4686
 20
3.9872
 10
7.4512
 20
3.9888
 10
7.4338
 20
3.9902
 10
7.4164
 20
3.9917
 10
7.3989
 20
3.993
 10
7.3815
 20
3.9942
 10
7.3641
 20
3.9954
 10
7.3466
 20
3.9965
 10
7.3292
 20
3.9976
 10
7.3118
 20
3.9985
 10
7.2943
 20
3.9994
 10
7.2769
 20
4.0002
 10
7.2594
 20
4.0009
 10
7.2419
 20
4.0016
 10
7.2245
 20
4.0021
 10
7.207
 20
4.0026
 10
7.1895
 20
4.003
 10
7.1721
 20
4.0034
 10
7.1546
 20
4.0037
 10
7.1371
 20
4.0038
 10
7.1197
 20
4.004
 10
7.1022
 20
4.004
 10
7.0847
 20
4.004
 10
7.0673
 20
4.0038
 10
7.0498
 20
4.0037
 10
7.0323
 20
4.0034
 10
7.0149
 20
4.003
 10
6.9974
 20
4.0026
 10
6.9799
 20
4.0021
 10
6.9625
 20
4.0016
 10
6.945
 20
4.0009
 10
6.9275
 20
4.0002
 10
6.9101
 20
3.9994
 10
6.8926
 20
3.9985
 10
6.8752
 20
3.9976
 10
6.8578
 20
3.9965
 10
6.8403
 20
3.9954
 10
6.8229
 20
3.9942
 10
6.8055
 20
3.993
 10
6.788
 20
3.9917
 10
6.7706
 20
3.9902
 10
6.7532
 20
3.9888
 10
6.7358
 20
3.9872
 10
6.7184
 20
3.9856
 10
6.701
 20
3.9839
 10
6.6837
 20
3.9821
 10
6.6663
 20
3.9802
 10
6.6489
 20
3.9783
 10
6.6316
 20
3.9762
 10
6.6142
 20
3.9742
 10
6.5969
 20
3.972
 10
6.5796
 20
3.9697
 10
6.5623
 20
3.9674
 10
6.545
 20
3.965
 10
6.5277
 20
3.9626
 10
6.5104
 20
3.96
 10
6.4931
 20
3.9574
 10
6.4758
 20
3.9547
 10
6.4586
 20
3.9519
 10
6.4413
 20
3.9491
 10
6.4241
 20
3.9462
 10
6.4069
 20
3.9432
 10
6.3897
 20
3.9401
 10
6.3725
 20
3.937
 10
6.3554
 20
3.9337
 10
6.3382
 20
3.9304
 10
6.3211
 20
3.9271
 10
6.3039
 20
3.9236
 10
6.2868
 20
3.9201
 10
6.2697
 20
3.9165
 10
6.2526
 20
3.9128
 10
6.2356
 20
3.9091
 10
6.2185
 20
3.9053
 10
6.2015
 20
3.9014
 10
6.1845
 20
3.8974
 10
6.1675
 20
3.8934
 10
6.1505
 20
3.8893
 10
6.1335
 20
3.8851
 10
6.1166
 20
3.8808
 10
6.0997
 20
3.8765
 10
6.0828
 20
3.8721
 10
6.0659
 20
3.8676
 10
6.049
 20
3.863
 10
6.0322
 20
3.8584
 10
6.0154
 20
3.8537
 10
5.9985
 20
3.8489
 10
5.9818
 20
3.844
 10
5.965
 20
3.8391
 10
5.9483
 20
3.8341
 10
5.9315
 20
3.829
 10
5.9148
 20
3.8239
 10
5.8982
 20
3.8187
 10
5.8815
 20
3.8134
 10
5.8649
 20
3.808
 10
5.8483
 20
3.8026
 10
5.8317
 20
3.7971
 10
5.8152
 20
3.7915
 10
5.7986
 20
3.7859
 10
5.7821
 20
3.7801
 10
5.7656
 20
3.7743
 10
5.7492
 20
3.7685
 10
5.7328
 20
3.7625
 10
5.7163
 20
3.7565
 10
5.7
 20
3.7504
 10
5.6836
 20
3.7443
 10
5.6673
 20
3.7381
 10
5.651
 20
3.7318
 10
5.6347
 20
3.7254
 10
5.6185
 20
3.719
 10
5.6023
 20
3.7124
 10
5.5861
 20
3.7059
 10
5.5699
 20
3.6992
 10
5.5538
 20
3.6925
 10
5.5377
 20
3.6857
 10
5.5216
 20
3.6788
 10
5.5056
 20
3.6719
 10
5.4896
 20
3.6649
 10
5.4736
 20
3.6578
 10
5.4577
 20
3.6507
 10
5.4418
 20
3.6435
 10
5.4259
 20
3.6362
 10
5.41
 20
3.6289
 10
5.3942
 20
3.6214
 10
5.3784
 20
3.614
 10
5.3627
 20
3.6064
 10
5.347
 20
3.5988
 10
5.3313
 20
3.5911
 10
5.3156
 20
3.5833
 10
5.3
 20
3.5755
 10
5.2844
 20
3.5676
 10
5.2689
 20
3.5596
 10
5.2534
 20
3.5516
 10
5.2379
 20
3.5435
 10
5.2224
 20
3.5353
 10
5.207
 20
3.5271
 10
5.1917
 20
3.5188
 10
5.1763
 20
3.5104
 10
5.161
 20
3.502
 10
5.1458
 20
3.4935
 10
5.1305
 20
3.4849
 10
5.1153
 20
3.4763
 10
5.1002
 20
3.4676
 10
5.0851
 20
3.4588
 10
5.07
 20
3.45
 10
5.055
 20
3.4411
 10
5.04
 20
3.4321
 10
5.025
 20
3.4231
 10
5.0101
 20
3.414
 10
4.9952
 20
3.4048
 10
4.9804
 20
3.3956
 10
4.9656
 20
3.3863
 10
4.9509
 20
3.3769
 10
4.9361
 20
3.3675
 10
4.9215
 20
3.358
 10
4.9068
 20
3.3485
 10
4.8922
 20
3.3389
 10
4.8777
 20
3.3292
 10
4.8632
 20
3.3195
 10
4.8487
 20
3.3097
 10
4.8343
 20
3.2998
 10
4.8199
 20
3.2899
 10
4.8056
 20
3.2799
 10
4.7913
 20
3.2698
 10
4.7771
 20
3.2597
 10
4.7629
 20
3.2495
 10
4.7487
 20
3.2393
 10
4.7346
 20
3.229
 10
4.7205
 20
3.2186
 10
4.7065
 20
3.2082
 10
4.6925
 20
3.1977
 10
4.6786
 20
3.1872
 10
4.6647
 20
3.1766
 10
4.6509
 20
3.1659
 10
4.6371
 20
3.1552
 10
4.6233
 20
3.1444
 10
4.6097
 20
3.1336
 10
4.596
 20
3.1227
 10
4.5824
 20
3.1117
 10
4.5688
 20
3.1007
 10
4.5553
 20
3.0896
 10
4.5419
 20
3.0784
 10
4.5285
 20
3.0672
 10
4.5151
 20
3.056
 10
4.5018
 20
3.0447
 10
4.4885
 20
3.0333
 10
4.4753
 20
3.0219
 10
4.4622
 20
3.0104
 10
4.4491
 20
2.9988
 10
4.436
 20
2.9872
 10
4.423
 20
2.9756
 10
4.41
 20
2.9638
 10
4.3971
 20
2.9521
 10
4.3843
 20
2.9402
 10
4.3715
 20
2.9283
 10
4.3587
 20
2.9164
 10
4.346
 20
2.9044
 10
4.3334
 20
2.8923
 10
4.3208
 20
2.8802
 10
4.3082
 20
2.8681
 10
4.2958
 20
2.8559
 10
4.2833
 20
2.8436
 10
4.2709
 20
2.8313
 10
4.2586
 20
2.8189
 10
4.2463
 20
2.8064
 10
4.2341
 20
2.794
 10
4.222
 20
2.7814
 10
4.2099
 20
2.7688
 10
4.1978
 20
2.7562
 10
4.1858
 20
2.7435
 10
4.1739
 20
2.7307
 10
4.162
 20
2.7179
 10
4.1501
 20
2.7051
 10
4.1384
 20
2.6922
 10
4.1266
 20
2.6792
 10
4.115
 20
2.6662
 10
4.1034
 20
2.6531
 10
4.0918
 20
2.64
 10
4.0803
 20
2.6269
 10
4.0689
 20
2.6137
 10
4.0575
 20
2.6004
 10
4.0462
 20
2.5871
 10
4.035
 20
2.5737
 10
4.0238
 20
2.5603
 10
4.0126
 20
2.5469
 10
4.0015
 20
2.5334
 10
3.9905
 20
2.5198
 10
3.9795
 20
2.5062
 10
3.9686
 20
2.4925
 10
3.9578
 20
2.4789
 10
3.947
 20
2.4651
 10
3.9363
 20
2.4513
 10
3.9256
 20
2.4375
 10
3.915
 20
2.4236
 10
3.9045
 20
2.4097
 10
3.894
 20
2.3957
 10
3.8836
 20
2.3817
 10
3.8732
 20
2.3676
 10
3.8629
 20
2.3535
 10
3.8527
 20
2.3393
 10
3.8425
 20
2.3251
 10
3.8324
 20
2.3109
 10
3.8223
 20
2.2966
 10
3.8123
 20
2.2823
 10
3.8024
 20
2.2679
 10
3.7925
 20
2.2535
 10
3.7827
 20
2.239
 10
3.773
 20
2.2245
 10
3.7633
 20
2.21
 10
3.7537
 20
2.1954
 10
3.7442
 20
2.1807
 10
3.7347
 20
2.1661
 10
3.7253
 20
2.1513
 10
3.7159
 20
2.1366
 10
3.7066
 20
2.1218
 10
3.6974
 20
2.107
 10
3.6882
 20
2.0921
 10
3.6791
 20
2.0772
 10
3.6701
 20
2.0622
 10
3.6611
 20
2.0472
 10
3.6522
 20
2.0322
 10
3.6434
 20
2.0171
 10
3.6346
 20
2.002
 10
3.6259
 20
1.9869
 10
3.6173
 20
1.9717
 10
3.6087
 20
1.9564
 10
3.6002
 20
1.9412
 10
3.5918
 20
1.9259
 10
3.5834
 20
1.9105
 10
3.5751
 20
1.8952
 10
3.5669
 20
1.8798
 10
3.5587
 20
1.8643
 10
3.5506
 20
1.8488
 10
3.5426
 20
1.8333
 10
3.5346
 20
1.8178
 10
3.5267
 20
1.8022
 10
3.5189
 20
1.7866
 10
3.5111
 20
1.7709
 10
3.5034
 20
1.7552
 10
3.4958
 20
1.7395
 10
3.4882
 20
1.7238
 10
3.4808
 20
1.708
 10
3.4733
 20
1.6922
 10
3.466
 20
1.6763
 10
3.4587
 20
1.6604
 10
3.4515
 20
1.6445
 10
3.4444
 20
1.6286
 10
3.4373
 20
1.6126
 10
3.4303
 20
1.5966
 10
3.4234
 20
1.5806
 10
3.4165
 20
1.5645
 10
3.4097
 20
1.5484
 10
3.403
 20
1.5323
 10
3.3963
 20
1.5161
 10
3.3898
 20
1.4999
 10
3.3832
 20
1.4837
 10
3.3768
 20
1.4675
 10
3.3704
 20
1.4512
 10
3.3641
 20
1.4349
 10
3.3579
 20
1.4186
 10
3.3518
 20
1.4022
 10
3.3457
 20
1.3859
 10
3.3397
 20
1.3694
 10
3.3337
 20
1.353
 10
3.3279
 20
1.3366
 10
3.3221
 20
1.3201
 10
3.3163
 20
1.3036
 10
3.3107
 20
1.287
 10
3.3051
 20
1.2705
 10
3.2996
 20
1.2539
 10
3.2942
 20
1.2373
 10
3.2888
 20
1.2207
 10
3.2835
 20
1.204
 10
3.2783
 20
1.1874
 10
3.2732
 20
1.1707
 10
3.2681
 20
1.1539
 10
3.2631
 20
1.1372
 10
3.2582
 20
1.1204
 10
3.2533
 20
1.1037
 10
3.2485
 20
1.0868
 10
3.2438
 20
1.07
 10
3.2392
 20
1.0532
 10
3.2346
 20
1.0363
 10
3.2301
 20
1.0194
 10
3.2257
 20
1.0025
 10
3.2214
 20
0.9856
 10
3.2171
 20
0.9687
 10
3.2129
 20
0.9517
 10
3.2088
 20
0.9347
 10
3.2048
 20
0.9177
 10
3.2008
 20
0.9007
 10
3.1969
 20
0.8837
 10
3.1931
 20
0.8666
 10
3.1894
 20
0.8496
 10
3.1857
 20
0.8325
 10
3.1821
 20
0.8154
 10
3.1786
 20
0.7983
 10
3.1751
 20
0.7811
 10
3.1718
 20
0.764
 10
3.1685
 20
0.7468
 10
3.1652
 20
0.7297
 10
3.1621
 20
0.7125
 10
3.159
 20
0.6953
 10
3.156
 20
0.6781
 10
3.1531
 20
0.6609
 10
3.1503
 20
0.6436
 10
3.1475
 20
0.6264
 10
3.1448
 20
0.6091
 10
3.1422
 20
0.5918
 10
3.1396
 20
0.5745
 10
3.1372
 20
0.5572
 10
3.1348
 20
0.5399
 10
3.1325
 20
0.5226
 10
3.1302
 20
0.5053
 10
3.128
 20
0.488
 10
3.126
 20
0.4706
 10
3.1239
 20
0.4533
 10
3.122
 20
0.4359
 10
3.1201
 20
0.4185
 10
3.1183
 20
0.4012
 10
3.1166
 20
0.3838
 10
3.115
 20
0.3664
 10
3.1134
 20
0.349
 10
3.112
 20
0.3316
 10
3.1105
 20
0.3142
 10
3.1092
 20
0.2967
 10
3.108
 20
0.2793
 10
3.1068
 20
0.2619
 10
3.1057
 20
0.2444
 10
3.1046
 20
0.227
 10
3.1037
 20
0.2096
 10
3.1028
 20
0.1921
 10
3.102
 20
0.1747
 10
3.1013
 20
0.1572
 10
3.1006
 20
0.1397
 10
3.1001
 20
0.1223
 10
3.0996
 20
0.1048
 10
3.0992
 20
0.0873
 10
3.0988
 20
0.0699
 10
3.0985
 20
0.0524
 10
3.0984
 20
0.0349
 10
3.0982
 20
0.0175
 10
3.0982
 20
0.0
 10
3.0982
 20
-0.0175
 10
3.0984
 20
-0.0349
 10
3.0985
 20
-0.0524
 10
3.0988
 20
-0.0699
 10
3.0992
 20
-0.0873
 10
3.0996
 20
-0.1048
 10
3.1001
 20
-0.1223
 10
3.1006
 20
-0.1397
 10
3.1013
 20
-0.1572
 10
3.102
 20
-0.1747
 10
3.1028
 20
-0.1921
 10
3.1037
 20
-0.2096
 10
3.1046
 20
-0.227
 10
3.1057
 20
-0.2444
 10
3.1068
 20
-0.2619
 10
3.108
 20
-0.2793
 10
3.1092
 20
-0.2967
 10
3.1105
 20
-0.3142
 10
3.112
 20
-0.3316
 10
3.1134
 20
-0.349
 10
3.115
 20
-0.3664
 10
3.1166
 20
-0.3838
 10
3.1183
 20
-0.4012
 10
3.1201
 20
-0.4185
 10
3.122
 20
-0.4359
 10
3.1239
 20
-0.4533
 10
3.126
 20
-0.4706
 10
3.128
 20
-0.488
 10
3.1302
 20
-0.5053
 10
3.1325
 20
-0.5226
 10
3.1348
 20
-0.5399
 10
3.1372
 20
-0.5572
 10
3.1396
 20
-0.5745
 10
3.1422
 20
-0.5918
 10
3.1448
 20
-0.6091
 10
3.1475
 20
-0.6264
 10
3.1503
 20
-0.6436
 10
3.1531
 20
-0.6609
 10
3.156
 20
-0.6781
 10
3.159
 20
-0.6953
 10
3.1621
 20
-0.7125
 10
3.1652
 20
-0.7297
 10
3.1685
 20
-0.7468
 10
3.1718
 20
-0.764
 10
3.1751
 20
-0.7811
 10
3.1786
 20
-0.7983
 10
3.1821
 20
-0.8154
 10
3.1857
 20
-0.8325
 10
3.1894
 20
-0.8496
 10
3.1931
 20
-0.8666
 10
3.1969
 20
-0.8837
 10
3.2008
 20
-0.9007
 10
3.2048
 20
-0.9177
 10
3.2088
 20
-0.9347
 10
3.2129
 20
-0.9517
 10
3.2171
 20
-0.9687
 10
3.2214
 20
-0.9856
 10
3.2257
 20
-1.0025
 10
3.2301
 20
-1.0194
 10
3.2346
 20
-1.0363
 10
3.2392
 20
-1.0532
 10
3.2438
 20
-1.07
 10
3.2485
 20
-1.0868
 10
3.2533
 20
-1.1037
 10
3.2582
 20
-1.1204
 10
3.2631
 20
-1.1372
 10
3.2681
 20
-1.1539
 10
3.2732
 20
-1.1707
 10
3.2783
 20
-1.1874
 10
3.2835
 20
-1.204
 10
3.2888
 20
-1.2207
 10
3.2942
 20
-1.2373
 10
3.2996
 20
-1.2539
 10
3.3051
 20
-1.2705
 10
3.3107
 20
-1.287
 10
3.3163
 20
-1.3036
 10
3.3221
 20
-1.3201
 10
3.3279
 20
-1.3366
 10
3.3337
 20
-1.353
 10
3.3397
 20
-1.3694
 10
3.3457
 20
-1.3859
 10
3.3518
 20
-1.4022
 10
3.3579
 20
-1.4186
 10
3.3641
 20
-1.4349
 10
3.3704
 20
-1.4512
 10
3.3768
 20
-1.4675
 10
3.3832
 20
-1.4837
 10
3.3898
 20
-1.4999
 10
3.3963
 20
-1.5161
 10
3.403
 20
-1.5323
 10
3.4097
 20
-1.5484
 10
3.4165
 20
-1.5645
 10
3.4234
 20
-1.5806
 10
3.4303
 20
-1.5966
 10
3.4373
 20
-1.6126
 10
3.4444
 20
-1.6286
 10
3.4515
 20
-1.6445
 10
3.4587
 20
-1.6604
 10
3.466
 20
-1.6763
 10
3.4733
 20
-1.6922
 10
3.4808
 20
-1.708
 10
3.4882
 20
-1.7238
 10
3.4958
 20
-1.7395
 10
3.5034
 20
-1.7552
 10
3.5111
 20
-1.7709
 10
3.5189
 20
-1.7866
 10
3.5267
 20
-1.8022
 10
3.5346
 20
-1.8178
 10
3.5426
 20
-1.8333
 10
3.5506
 20
-1.8488
 10
3.5587
 20
-1.8643
 10
3.5669
 20
-1.8798
 10
3.5751
 20
-1.8952
 10
3.5834
 20
-1.9105
 10
3.5918
 20
-1.9259
 10
3.6002
 20
-1.9412
 10
3.6087
 20
-1.9564
 10
3.6173
 20
-1.9717
 10
3.6259
 20
-1.9869
 10
3.6346
 20
-2.002
 10
3.6434
 20
-2.0171
 10
3.6522
 20
-2.0322
 10
3.6611
 20
-2.0472
 10
3.6701
 20
-2.0622
 10
3.6791
 20
-2.0772
 10
3.6882
 20
-2.0921
 10
3.6974
 20
-2.107
 10
3.7066
 20
-2.1218
 10
3.7159
 20
-2.1366
 10
3.7253
 20
-2.1513
 10
3.7347
 20
-2.1661
 10
3.7442
 20
-2.1807
 10
3.7537
 20
-2.1954
 10
3.7633
 20
-2.21
 10
3.773
 20
-2.2245
 10
3.7827
 20
-2.239
 10
3.7925
 20
-2.2535
 10
3.8024
 20
-2.2679
 10
3.8123
 20
-2.2823
 10
3.8223
 20
-2.2966
 10
3.8324
 20
-2.3109
 10
3.8425
 20
-2.3251
 10
3.8527
 20
-2.3393
 10
3.8629
 20
-2.3535
 10
3.8732
 20
-2.3676
 10
3.8836
 20
-2.3817
 10
3.894
 20
-2.3957
 10
3.9045
 20
-2.4097
 10
3.915
 20
-2.4236
 10
3.9256
 20
-2.4375
 10
3.9363
 20
-2.4513
 10
3.947
 20
-2.4651
 10
3.9578
 20
-2.4789
 10
3.9686
 20
-2.4925
 10
3.9795
 20
-2.5062
 10
3.9905
 20
-2.5198
 10
4.0015
 20
-2.5334
 10
4.0126
 20
-2.5469
 10
4.0238
 20
-2.5603
 10
4.035
 20
-2.5737
 10
4.0462
 20
-2.5871
 10
4.0575
 20
-2.6004
 10
4.0689
 20
-2.6137
 10
4.0803
 20
-2.6269
 10
4.0918
 20
-2.64
 10
4.1034
 20
-2.6531
 10
4.115
 20
-2.6662
 10
4.1266
 20
-2.6792
 10
4.1384
 20
-2.6922
 10
4.1501
 20
-2.7051
 10
4.162
 20
-2.7179
 10
4.1739
 20
-2.7307
 10
4.1858
 20
-2.7435
 10
4.1978
 20
-2.7562
 10
4.2099
 20
-2.7688
 10
4.222
 20
-2.7814
 10
4.2341
 20
-2.794
 10
4.2463
 20
-2.8064
 10
4.2586
 20
-2.8189
 10
4.2709
 20
-2.8313
 10
4.2833
 20
-2.8436
 10
4.2958
 20
-2.8559
 10
4.3082
 20
-2.8681
 10
4.3208
 20
-2.8802
 10
4.3334
 20
-2.8923
 10
4.346
 20
-2.9044
 10
4.3587
 20
-2.9164
 10
4.3715
 20
-2.9283
 10
4.3843
 20
-2.9402
 10
4.3971
 20
-2.9521
 10
4.41
 20
-2.9638
 10
4.423
 20
-2.9756
 10
4.436
 20
-2.9872
 10
4.4491
 20
-2.9988
 10
4.4622
 20
-3.0104
 10
4.4753
 20
-3.0219
 10
4.4885
 20
-3.0333
 10
4.5018
 20
-3.0447
 10
4.5151
 20
-3.056
 10
4.5285
 20
-3.0672
 10
4.5419
 20
-3.0784
 10
4.5553
 20
-3.0896
 10
4.5688
 20
-3.1007
 10
4.5824
 20
-3.1117
 10
4.596
 20
-3.1227
 10
4.6097
 20
-3.1336
 10
4.6233
 20
-3.1444
 10
4.6371
 20
-3.1552
 10
4.6509
 20
-3.1659
 10
4.6647
 20
-3.1766
 10
4.6786
 20
-3.1872
 10
4.6925
 20
-3.1977
 10
4.7065
 20
-3.2082
 10
4.7205
 20
-3.2186
 10
4.7346
 20
-3.229
 10
4.7487
 20
-3.2393
 10
4.7629
 20
-3.2495
 10
4.7771
 20
-3.2597
 10
4.7913
 20
-3.2698
 10
4.8056
 20
-3.2799
 10
4.8199
 20
-3.2899
 10
4.8343
 20
-3.2998
 10
4.8487
 20
-3.3097
 10
4.8632
 20
-3.3195
 10
4.8777
 20
-3.3292
 10
4.8922
 20
-3.3389
 10
4.9068
 20
-3.3485
 10
4.9215
 20
-3.358
 10
4.9361
 20
-3.3675
 10
4.9509
 20
-3.3769
 10
4.9656
 20
-3.3863
 10
4.9804
 20
-3.3956
 10
4.9952
 20
-3.4048
 10
5.0101
 20
-3.414
 10
5.025
 20
-3.4231
 10
5.04
 20
-3.4321
 10
5.055
 20
-3.4411
 10
5.07
 20
-3.45
 10
5.0851
 20
-3.4588
 10
5.1002
 20
-3.4676
 10
5.1153
 20
-3.4763
 10
5.1305
 20
-3.4849
 10
5.1458
 20
-3.4935
 10
5.161
 20
-3.502
 10
5.1763
 20
-3.5104
 10
5.1917
 20
-3.5188
 10
5.207
 20
-3.5271
 10
5.2224
 20
-3.5353
 10
5.2379
 20
-3.5435
 10
5.2534
 20
-3.5516
 10
5.2689
 20
-3.5596
 10
5.2844
 20
-3.5676
 10
5.3
 20
-3.5755
 10
5.3156
 20
-3.5833
 10
5.3313
 20
-3.5911
 10
5.347
 20
-3.5988
 10
5.3627
 20
-3.6064
 10
5.3784
 20
-3.614
 10
5.3942
 20
-3.6214
 10
5.41
 20
-3.6289
 10
5.4259
 20
-3.6362
 10
5.4418
 20
-3.6435
 10
5.4577
 20
-3.6507
 10
5.4736
 20
-3.6578
 10
5.4896
 20
-3.6649
 10
5.5056
 20
-3.6719
 10
5.5216
 20
-3.6788
 10
5.5377
 20
-3.6857
 10
5.5538
 20
-3.6925
 10
5.5699
 20
-3.6992
 10
5.5861
 20
-3.7059
 10
5.6023
 20
-3.7124
 10
5.6185
 20
-3.719
 10
5.6347
 20
-3.7254
 10
5.651
 20
-3.7318
 10
5.6673
 20
-3.7381
 10
5.6836
 20
-3.7443
 10
5.7
 20
-3.7504
 10
5.7163
 20
-3.7565
 10
5.7328
 20
-3.7625
 10
5.7492
 20
-3.7685
 10
5.7656
 20
-3.7743
 10
5.7821
 20
-3.7801
 10
5.7986
 20
-3.7859
 10
5.8152
 20
-3.7915
 10
5.8317
 20
-3.7971
 10
5.8483
 20
-3.8026
 10
5.8649
 20
-3.808
 10
5.8815
 20
-3.8134
 10
5.8982
 20
-3.8187
 10
5.9148
 20
-3.8239
 10
5.9315
 20
-3.829
 10
5.9483
 20
-3.8341
 10
5.965
 20
-3.8391
 10
5.9818
 20
-3.844
 10
5.9985
 20
-3.8489
 10
6.0154
 20
-3.8537
 10
6.0322
 20
-3.8584
 10
6.049
 20
-3.863
 10
6.0659
 20
-3.8676
 10
6.0828
 20
-3.8721
 10
6.0997
 20
-3.8765
 10
6.1166
 20
-3.8808
 10
6.1335
 20
-3.8851
 10
6.1505
 20
-3.8893
 10
6.1675
 20
-3.8934
 10
6.1845
 20
-3.8974
 10
6.2015
 20
-3.9014
 10
6.2185
 20
-3.9053
 10
6.2356
 20
-3.9091
 10
6.2526
 20
-3.9128
 10
6.2697
 20
-3.9165
 10
6.2868
 20
-3.9201
 10
6.3039
 20
-3.9236
 10
6.3211
 20
-3.9271
 10
6.3382
 20
-3.9304
 10
6.3554
 20
-3.9337
 10
6.3725
 20
-3.937
 10
6.3897
 20
-3.9401
 10
6.4069
 20
-3.9432
 10
6.4241
 20
-3.9462
 10
6.4413
 20
-3.9491
 10
6.4586
 20
-3.9519
 10
6.4758
 20
-3.9547
 10
6.4931
 20
-3.9574
 10
6.5104
 20
-3.96
 10
6.5277
 20
-3.9626
 10
6.545
 20
-3.965
 10
6.5623
 20
-3.9674
 10
6.5796
 20
-3.9697
 10
6.5969
 20
-3.972
 10
6.6142
 20
-3.9742
 10
6.6316
 20
-3.9762
 10
6.6489
 20
-3.9783
 10
6.6663
 20
-3.9802
 10
6.6837
 20
-3.9821
 10
6.701
 20
-3.9839
 10
6.7184
 20
-3.9856
 10
6.7358
 20
-3.9872
 10
6.7532
 20
-3.9888
 10
6.7706
 20
-3.9902
 10
6.788
 20
-3.9917
 10
6.8055
 20
-3.993
 10
6.8229
 20
-3.9942
 10
6.8403
 20
-3.9954
 10
6.8578
 20
-3.9965
 10
6.8752
 20
-3.9976
 10
6.8926
 20
-3.9985
 10
6.9101
 20
-3.9994
 10
6.9275
 20
-4.0002
 10
6.945
 20
-4.0009
 10
6.9625
 20
-4.0016
 10
6.9799
 20
-4.0021
 10
6.9974
 20
-4.0026
 10
7.0149
 20
-4.003
 10
7.0323
 20
-4.0034
 10
7.0498
 20
-4.0037
 10
7.0673
 20
-4.0038
 10
7.0847
 20
-4.004
 10
7.1022
 20
-4.004
 10
7.1197
 20
-4.004
 10
7.1371
 20
-4.0038
 10
7.1546
 20
-4.0037
 10
7.1721
 20
-4.0034
 10
7.1895
 20
-4.003
 10
7.207
 20
-4.0026
 10
7.2245
 20
-4.0021
 10
7.2419
 20
-4.0016
 10
7.2594
 20
-4.0009
 10
7.2769
 20
-4.0002
 10
7.2943
 20
-3.9994
 10
7.3118
 20
-3.9985
 10
7.3292
 20
-3.9976
 10
7.3466
 20
-3.9965
 10
7.3641
 20
-3.9954
 10
7.3815
 20
-3.9942
 10
7.3989
 20
-3.993
 10
7.4164
 20
-3.9917
 10
7.4338
 20
-3.9902
 10
7.4512
 20
-3.9888
 10
7.4686
 20
-3.9872
 10
7.486
 20
-3.9856
 10
7.5034
 20
-3.9839
 10
7.5207
 20
-3.9821
 10
7.5381
 20
-3.9802
 10
7.5555
 20
-3.9783
 10
7.5728
 20
-3.9762
 10
7.5902
 20
-3.9742
 10
7.6075
 20
-3.972
 10
7.6248
 20
-3.9697
 10
7.6421
 20
-3.9674
 10
7.6594
 20
-3.965
 10
7.6767
 20
-3.9626
 10
7.694
 20
-3.96
 10
7.7113
 20
-3.9574
 10
7.7286
 20
-3.9547
 10
7.7458
 20
-3.9519
 10
7.7631
 20
-3.9491
 10
7.7803
 20
-3.9462
 10
7.7975
 20
-3.9432
 10
7.8147
 20
-3.9401
 10
7.8319
 20
-3.937
 10
7.849
 20
-3.9337
 10
7.8662
 20
-3.9304
 10
7.8833
 20
-3.9271
 10
7.9005
 20
-3.9236
 10
7.9176
 20
-3.9201
 10
7.9347
 20
-3.9165
 10
7.9518
 20
-3.9128
 10
7.9688
 20
-3.9091
 10
7.9859
 20
-3.9053
 10
8.0029
 20
-3.9014
 10
8.0199
 20
-3.8974
 10
8.0369
 20
-3.8934
 10
8.0539
 20
-3.8893
 10
8.0709
 20
-3.8851
 10
8.0878
 20
-3.8808
 10
8.1047
 20
-3.8765
 10
8.1216
 20
-3.8721
 10
8.1385
 20
-3.8676
 10
8.1554
 20
-3.863
 10
8.1722
 20
-3.8584
 10
8.189
 20
-3.8537
 10
8.2059
 20
-3.8489
 10
8.2226
 20
-3.844
 10
8.2394
 20
-3.8391
 10
8.2561
 20
-3.8341
 10
8.2729
 20
-3.829
 10
8.2896
 20
-3.8239
 10
8.3062
 20
-3.8187
 10
8.3229
 20
-3.8134
 10
8.3395
 20
-3.808
 10
8.3561
 20
-3.8026
 10
8.3727
 20
-3.7971
 10
8.3892
 20
-3.7915
 10
8.4058
 20
-3.7859
 10
8.4223
 20
-3.7801
 10
8.4388
 20
-3.7743
 10
8.4552
 20
-3.7685
 10
8.4716
 20
-3.7625
 10
8.4881
 20
-3.7565
 10
8.5044
 20
-3.7504
 10
8.5208
 20
-3.7443
 10
8.5371
 20
-3.7381
 10
8.5534
 20
-3.7318
 10
8.5697
 20
-3.7254
 10
8.5859
 20
-3.719
 10
8.6021
 20
-3.7124
 10
8.6183
 20
-3.7059
 10
8.6345
 20
-3.6992
 10
8.6506
 20
-3.6925
 10
8.6667
 20
-3.6857
 10
8.6828
 20
-3.6788
 10
8.6988
 20
-3.6719
 10
8.7148
 20
-3.6649
 10
8.7308
 20
-3.6578
 10
8.7467
 20
-3.6507
 10
8.7626
 20
-3.6435
 10
8.7785
 20
-3.6362
 10
8.7944
 20
-3.6289
 10
8.8102
 20
-3.6214
 10
8.826
 20
-3.614
 10
8.8417
 20
-3.6064
 10
8.8574
 20
-3.5988
 10
8.8731
 20
-3.5911
 10
8.8888
 20
-3.5833
 10
8.9044
 20
-3.5755
 10
8.92
 20
-3.5676
 10
8.9355
 20
-3.5596
 10
8.951
 20
-3.5516
 10
8.9665
 20
-3.5435
 10
8.982
 20
-3.5353
 10
8.9974
 20
-3.5271
 10
9.0127
 20
-3.5188
 10
9.0281
 20
-3.5104
 10
9.0434
 20
-3.502
 10
9.0586
 20
-3.4935
 10
9.0739
 20
-3.4849
 10
9.0891
 20
-3.4763
 10
9.1042
 20
-3.4676
 10
9.1193
 20
-3.4588
 10
9.1344
 20
-3.45
 10
9.1494
 20
-3.4411
 10
9.1644
 20
-3.4321
 10
9.1794
 20
-3.4231
 10
9.1943
 20
-3.414
 10
9.2092
 20
-3.4048
 10
9.224
 20
-3.3956
 10
9.2388
 20
-3.3863
 10
9.2535
 20
-3.3769
 10
9.2683
 20
-3.3675
 10
9.2829
 20
-3.358
 10
9.2976
 20
-3.3485
 10
9.3122
 20
-3.3389
 10
9.3267
 20
-3.3292
 10
9.3412
 20
-3.3195
 10
9.3557
 20
-3.3097
 10
9.3701
 20
-3.2998
 10
9.3845
 20
-3.2899
 10
9.3988
 20
-3.2799
 10
9.4131
 20
-3.2698
 10
9.4273
 20
-3.2597
 10
9.4415
 20
-3.2495
 10
9.4557
 20
-3.2393
 10
9.4698
 20
-3.229
 10
9.4839
 20
-3.2186
 10
9.4979
 20
-3.2082
 10
9.5119
 20
-3.1977
 10
9.5258
 20
-3.1872
 10
9.5397
 20
-3.1766
 10
9.5535
 20
-3.1659
 10
9.5673
 20
-3.1552
 10
9.5811
 20
-3.1444
 10
9.5947
 20
-3.1336
 10
9.6084
 20
-3.1227
 10
9.622
 20
-3.1117
 10
9.6356
 20
-3.1007
 10
9.6491
 20
-3.0896
 10
9.6625
 20
-3.0784
 10
9.6759
 20
-3.0672
 10
9.6893
 20
-3.056
 10
9.7026
 20
-3.0447
 10
9.7159
 20
-3.0333
 10
9.7291
 20
-3.0219
 10
9.7422
 20
-3.0104
 10
9.7553
 20
-2.9988
 10
9.7684
 20
-2.9872
 10
9.7814
 20
-2.9756
 10
9.7944
 20
-2.9638
 10
9.8073
 20
-2.9521
 10
9.8201
 20
-2.9402
 10
9.8329
 20
-2.9283
 10
9.8457
 20
-2.9164
 10
9.8584
 20
-2.9044
 10
9.871
 20
-2.8923
 10
9.8836
 20
-2.8802
 10
9.8962
 20
-2.8681
 10
9.9086
 20
-2.8559
 10
9.9211
 20
-2.8436
 10
9.9335
 20
-2.8313
 10
9.9458
 20
-2.8189
 10
9.9581
 20
-2.8064
 10
9.9703
 20
-2.794
 10
9.9824
 20
-2.7814
 10
9.9945
 20
-2.7688
 10
10.0066
 20
-2.7562
 10
10.0186
 20
-2.7435
 10
10.0305
 20
-2.7307
 10
10.0424
 20
-2.7179
 10
10.0543
 20
-2.7051
 10
10.066
 20
-2.6922
 10
10.0778
 20
-2.6792
 10
10.0894
 20
-2.6662
 10
10.101
 20
-2.6531
 10
10.1126
 20
-2.64
 10
10.1241
 20
-2.6269
 10
10.1355
 20
-2.6137
 10
10.1469
 20
-2.6004
 10
10.1582
 20
-2.5871
 10
10.1694
 20
-2.5737
 10
10.1806
 20
-2.5603
 10
10.1918
 20
-2.5469
 10
10.2029
 20
-2.5334
 10
10.2139
 20
-2.5198
 10
10.2249
 20
-2.5062
 10
10.2358
 20
-2.4925
 10
10.2466
 20
-2.4789
 10
10.2574
 20
-2.4651
 10
10.2681
 20
-2.4513
 10
10.2788
 20
-2.4375
 10
10.2894
 20
-2.4236
 10
10.2999
 20
-2.4097
 10
10.3104
 20
-2.3957
 10
10.3208
 20
-2.3817
 10
10.3312
 20
-2.3676
 10
10.3415
 20
-2.3535
 10
10.3517
 20
-2.3393
 10
10.3619
 20
-2.3251
 10
10.372
 20
-2.3109
 10
10.3821
 20
-2.2966
 10
10.3921
 20
-2.2823
 10
10.402
 20
-2.2679
 10
10.4119
 20
-2.2535
 10
10.4217
 20
-2.239
 10
10.4314
 20
-2.2245
 10
10.4411
 20
-2.21
 10
10.4507
 20
-2.1954
 10
10.4602
 20
-2.1807
 10
10.4697
 20
-2.1661
 10
10.4791
 20
-2.1513
 10
10.4885
 20
-2.1366
 10
10.4978
 20
-2.1218
 10
10.507
 20
-2.107
 10
10.5162
 20
-2.0921
 10
10.5253
 20
-2.0772
 10
10.5343
 20
-2.0622
 10
10.5433
 20
-2.0472
 10
10.5522
 20
-2.0322
 10
10.561
 20
-2.0171
 10
10.5698
 20
-2.002
 10
10.5785
 20
-1.9869
 10
10.5871
 20
-1.9717
 10
10.5957
 20
-1.9564
 10
10.6042
 20
-1.9412
 10
10.6126
 20
-1.9259
 10
10.621
 20
-1.9105
 10
10.6293
 20
-1.8952
 10
10.6375
 20
-1.8798
 10
10.6457
 20
-1.8643
 10
10.6538
 20
-1.8488
 10
10.6618
 20
-1.8333
 10
10.6698
 20
-1.8178
 10
10.6777
 20
-1.8022
 10
10.6855
 20
-1.7866
 10
10.6933
 20
-1.7709
 10
10.701
 20
-1.7552
 10
10.7086
 20
-1.7395
 10
10.7162
 20
-1.7238
 10
10.7236
 20
-1.708
 10
10.7311
 20
-1.6922
 10
10.7384
 20
-1.6763
 10
10.7457
 20
-1.6604
 10
10.7529
 20
-1.6445
 10
10.76
 20
-1.6286
 10
10.7671
 20
-1.6126
 10
10.7741
 20
-1.5966
 10
10.781
 20
-1.5806
 10
10.7879
 20
-1.5645
 10
10.7947
 20
-1.5484
 10
10.8014
 20
-1.5323
 10
10.8081
 20
-1.5161
 10
10.8146
 20
-1.4999
 10
10.8212
 20
-1.4837
 10
10.8276
 20
-1.4675
 10
10.834
 20
-1.4512
 10
10.8403
 20
-1.4349
 10
10.8465
 20
-1.4186
 10
10.8526
 20
-1.4022
 10
10.8587
 20
-1.3859
 10
10.8647
 20
-1.3694
 10
10.8707
 20
-1.353
 10
10.8765
 20
-1.3366
 10
10.8823
 20
-1.3201
 10
10.8881
 20
-1.3036
 10
10.8937
 20
-1.287
 10
10.8993
 20
-1.2705
 10
10.9048
 20
-1.2539
 10
10.9102
 20
-1.2373
 10
10.9156
 20
-1.2207
 10
10.9209
 20
-1.204
 10
10.9261
 20
-1.1874
 10
10.9312
 20
-1.1707
 10
10.9363
 20
-1.1539
 10
10.9413
 20
-1.1372
 10
10.9462
 20
-1.1204
 10
10.9511
 20
-1.1037
 10
10.9559
 20
-1.0868
 10
10.9606
 20
-1.07
 10
10.9652
 20
-1.0532
 10
10.9698
 20
-1.0363
 10
10.9743
 20
-1.0194
 10
10.9787
 20
-1.0025
 10
10.983
 20
-0.9856
 10
10.9873
 20
-0.9687
 10
10.9915
 20
-0.9517
 10
10.9956
 20
-0.9347
 10
10.9996
 20
-0.9177
 10
11.0036
 20
-0.9007
 10
11.0075
 20
-0.8837
 10
11.0113
 20
-0.8666
 10
11.015
 20
-0.8496
 10
11.0187
 20
-0.8325
 10
11.0223
 20
-0.8154
 10
11.0258
 20
-0.7983
 10
11.0293
 20
-0.7811
 10
11.0326
 20
-0.764
 10
11.0359
 20
-0.7468
 10
11.0392
 20
-0.7297
 10
11.0423
 20
-0.7125
 10
11.0454
 20
-0.6953
 10
11.0484
 20
-0.6781
 10
11.0513
 20
-0.6609
 10
11.0541
 20
-0.6436
 10
11.0569
 20
-0.6264
 10
11.0596
 20
-0.6091
 10
11.0622
 20
-0.5918
 10
11.0648
 20
-0.5745
 10
11.0672
 20
-0.5572
 10
11.0696
 20
-0.5399
 10
11.0719
 20
-0.5226
 10
11.0742
 20
-0.5053
 10
11.0764
 20
-0.488
 10
11.0784
 20
-0.4706
 10
11.0805
 20
-0.4533
 10
11.0824
 20
-0.4359
 10
11.0843
 20
-0.4185
 10
11.0861
 20
-0.4012
 10
11.0878
 20
-0.3838
 10
11.0894
 20
-0.3664
 10
11.091
 20
-0.349
 10
11.0924
 20
-0.3316
 10
11.0939
 20
-0.3142
 10
11.0952
 20
-0.2967
 10
11.0964
 20
-0.2793
 10
11.0976
 20
-0.2619
 10
11.0987
 20
-0.2444
 10
11.0998
 20
-0.227
 10
11.1007
 20
-0.2096
 10
11.1016
 20
-0.1921
 10
11.1024
 20
-0.1747
 10
11.1031
 20
-0.1572
 10
11.1038
 20
-0.1397
 10
11.1043
 20
-0.1223
 10
11.1048
 20
-0.1048
 10
11.1052
 20
-0.0873
 10
11.1056
 20
-0.0699
 10
11.1059
 20
-0.0524
 10
11.106
 20
-0.0349
 10
11.1062
 20
-0.0175
 10
11.1062
 20
0.0
 10
11.1062
 20
0.0175
 10
11.106
 20
0.0349
 10
11.1059
 20
0.0524
 10
11.1056
 20
0.0699
 10
11.1052
 20
0.0873
 10
11.1048
 20
0.1048
 10
11.1043
 20
0.1223
 10
11.1038
 20
0.1397
 10
11.1031
 20
0.1572
 10
11.1024
 20
0.1747
 10
11.1016
 20
0.1921
 10
11.1007
 20
0.2096
 10
11.0998
 20
0.227
 10
11.0987
 20
0.2444
  0
LWPOLYLINE
  5
C4
330
17
100
AcDbEntity
  8
ALTIN
100
AcDbPolyline
 90
2880
 70
1
 10
16.9209
 20
-0.5539
 10
16.9197
 20
-0.5908
 10
16.9184
 20
-0.6278
 10
16.9169
 20
-0.6647
 10
16.9155
 20
-0.7016
 10
16.9139
 20
-0.7385
 10
16.9122
 20
-0.7754
 10
16.9105
 20
-0.8123
 10
16.9087
 20
-0.8492
 10
16.9068
 20
-0.886
 10
16.9048
 20
-0.9229
 10
16.9028
 20
-0.9598
 10
16.9006
 20
-0.9967
 10
16.8984
 20
-1.0336
 10
16.8961
 20
-1.0704
 10
16.8938
 20
-1.1073
 10
16.8913
 20
-1.1441
 10
16.8888
 20
-1.181
 10
16.8861
 20
-1.2178
 10
16.8834
 20
-1.2547
 10
16.8807
 20
-1.2915
 10
16.8778
 20
-1.3283
 10
16.8749
 20
-1.3651
 10
16.8719
 20
-1.4019
 10
16.8688
 20
-1.4387
 10
16.8656
 20
-1.4755
 10
16.8623
 20
-1.5123
 10
16.859
 20
-1.5491
 10
16.8556
 20
-1.5859
 10
16.8521
 20
-1.6227
 10
16.8485
 20
-1.6594
 10
16.8448
 20
-1.6962
 10
16.8411
 20
-1.7329
 10
16.8373
 20
-1.7697
 10
16.8334
 20
-1.8064
 10
16.8294
 20
-1.8431
 10
16.8253
 20
-1.8798
 10
16.8212
 20
-1.9165
 10
16.817
 20
-1.9532
 10
16.8126
 20
-1.9899
 10
16.8083
 20
-2.0266
 10
16.8038
 20
-2.0632
 10
16.7993
 20
-2.0999
 10
16.7946
 20
-2.1365
 10
16.7899
 20
-2.1732
 10
16.7852
 20
-2.2098
 10
16.7803
 20
-2.2464
 10
16.7754
 20
-2.283
 10
16.7703
 20
-2.3196
 10
16.7652
 20
-2.3562
 10
16.7601
 20
-2.3928
 10
16.7548
 20
-2.4293
 10
16.7495
 20
-2.4659
 10
16.744
 20
-2.5024
 10
16.7385
 20
-2.5389
 10
16.733
 20
-2.5754
 10
16.7273
 20
-2.6119
 10
16.7216
 20
-2.6484
 10
16.7157
 20
-2.6849
 10
16.7098
 20
-2.7214
 10
16.7039
 20
-2.7578
 10
16.6978
 20
-2.7943
 10
16.6917
 20
-2.8307
 10
16.6855
 20
-2.8671
 10
16.6792
 20
-2.9035
 10
16.6728
 20
-2.9399
 10
16.6663
 20
-2.9762
 10
16.6598
 20
-3.0126
 10
16.6532
 20
-3.0489
 10
16.6465
 20
-3.0852
 10
16.6397
 20
-3.1216
 10
16.6329
 20
-3.1579
 10
16.626
 20
-3.1941
 10
16.6189
 20
-3.2304
 10
16.6119
 20
-3.2666
 10
16.6047
 20
-3.3029
 10
16.5974
 20
-3.3391
 10
16.5901
 20
-3.3753
 10
16.5827
 20
-3.4115
 10
16.5752
 20
-3.4477
 10
16.5677
 20
-3.4838
 10
16.56
 20
-3.5199
 10
16.5523
 20
-3.5561
 10
16.5445
 20
-3.5922
 10
16.5366
 20
-3.6283
 10
16.5287
 20
-3.6643
 10
16.5207
 20
-3.7004
 10
16.5125
 20
-3.7364
 10
16.5044
 20
-3.7724
 10
16.4961
 20
-3.8084
 10
16.4877
 20
-3.8444
 10
16.4793
 20
-3.8804
 10
16.4708
 20
-3.9163
 10
16.4622
 20
-3.9522
 10
16.4536
 20
-3.9881
 10
16.4448
 20
-4.024
 10
16.436
 20
-4.0599
 10
16.4271
 20
-4.0957
 10
16.4181
 20
-4.1316
 10
16.4091
 20
-4.1674
 10
16.3999
 20
-4.2032
 10
16.3907
 20
-4.2389
 10
16.3815
 20
-4.2747
 10
16.3721
 20
-4.3104
 10
16.3626
 20
-4.3461
 10
16.3531
 20
-4.3818
 10
16.3435
 20
-4.4175
 10
16.3338
 20
-4.4531
 10
16.3241
 20
-4.4887
 10
16.3143
 20
-4.5243
 10
16.3044
 20
-4.5599
 10
16.2944
 20
-4.5955
 10
16.2843
 20
-4.631
 10
16.2742
 20
-4.6665
 10
16.2639
 20
-4.702
 10
16.2536
 20
-4.7375
 10
16.2433
 20
-4.773
 10
16.2328
 20
-4.8084
 10
16.2223
 20
-4.8438
 10
16.2117
 20
-4.8792
 10
16.201
 20
-4.9145
 10
16.1902
 20
-4.9499
 10
16.1794
 20
-4.9852
 10
16.1685
 20
-5.0204
 10
16.1575
 20
-5.0557
 10
16.1464
 20
-5.0909
 10
16.1353
 20
-5.1262
 10
16.1241
 20
-5.1614
 10
16.1128
 20
-5.1965
 10
16.1014
 20
-5.2317
 10
16.0899
 20
-5.2668
 10
16.0784
 20
-5.3019
 10
16.0668
 20
-5.3369
 10
16.0551
 20
-5.372
 10
16.0434
 20
-5.407
 10
16.0315
 20
-5.442
 10
16.0196
 20
-5.4769
 10
16.0076
 20
-5.5119
 10
15.9956
 20
-5.5468
 10
15.9834
 20
-5.5817
 10
15.9712
 20
-5.6165
 10
15.9589
 20
-5.6514
 10
15.9466
 20
-5.6862
 10
15.9341
 20
-5.7209
 10
15.9216
 20
-5.7557
 10
15.909
 20
-5.7904
 10
15.8963
 20
-5.8251
 10
15.8836
 20
-5.8598
 10
15.8708
 20
-5.8944
 10
15.8579
 20
-5.929
 10
15.8449
 20
-5.9636
 10
15.8318
 20
-5.9981
 10
15.8187
 20
-6.0327
 10
15.8055
 20
-6.0672
 10
15.7922
 20
-6.1016
 10
15.7789
 20
-6.1361
 10
15.7655
 20
-6.1705
 10
15.752
 20
-6.2049
 10
15.7384
 20
-6.2392
 10
15.7247
 20
-6.2735
 10
15.711
 20
-6.3078
 10
15.6972
 20
-6.3421
 10
15.6833
 20
-6.3763
 10
15.6694
 20
-6.4105
 10
15.6554
 20
-6.4447
 10
15.6413
 20
-6.4788
 10
15.6271
 20
-6.5129
 10
15.6129
 20
-6.547
 10
15.5985
 20
-6.5811
 10
15.5841
 20
-6.6151
 10
15.5697
 20
-6.6491
 10
15.5551
 20
-6.683
 10
15.5405
 20
-6.7169
 10
15.5258
 20
-6.7508
 10
15.5111
 20
-6.7847
 10
15.4962
 20
-6.8185
 10
15.4813
 20
-6.8523
 10
15.4663
 20
-6.8861
 10
15.4513
 20
-6.9198
 10
15.4361
 20
-6.9535
 10
15.4209
 20
-6.9871
 10
15.4056
 20
-7.0208
 10
15.3903
 20
-7.0543
 10
15.3749
 20
-7.0879
 10
15.3594
 20
-7.1214
 10
15.3438
 20
-7.1549
 10
15.3281
 20
-7.1884
 10
15.3124
 20
-7.2218
 10
15.2966
 20
-7.2552
 10
15.2808
 20
-7.2886
 10
15.2648
 20
-7.3219
 10
15.2488
 20
-7.3552
 10
15.2327
 20
-7.3884
 10
15.2166
 20
-7.4216
 10
15.2004
 20
-7.4548
 10
15.1841
 20
-7.4879
 10
15.1677
 20
-7.5211
 10
15.1512
 20
-7.5541
 10
15.1347
 20
-7.5872
 10
15.1181
 20
-7.6202
 10
15.1015
 20
-7.6531
 10
15.0847
 20
-7.6861
 10
15.0679
 20
-7.719
 10
15.0511
 20
-7.7518
 10
15.0341
 20
-7.7846
 10
15.0171
 20
-7.8174
 10
15.0
 20
-7.8501
 10
14.9828
 20
-7.8829
 10
14.9656
 20
-7.9155
 10
14.9483
 20
-7.9482
 10
14.9309
 20
-7.9807
 10
14.9135
 20
-8.0133
 10
14.896
 20
-8.0458
 10
14.8784
 20
-8.0783
 10
14.8607
 20
-8.1107
 10
14.843
 20
-8.1431
 10
14.8252
 20
-8.1755
 10
14.8073
 20
-8.2078
 10
14.7894
 20
-8.2401
 10
14.7714
 20
-8.2724
 10
14.7533
 20
-8.3046
 10
14.7351
 20
-8.3367
 10
14.7169
 20
-8.3689
 10
14.6986
 20
-8.4009
 10
14.6802
 20
-8.433
 10
14.6618
 20
-8.465
 10
14.6433
 20
-8.497
 10
14.6247
 20
-8.5289
 10
14.6061
 20
-8.5608
 10
14.5874
 20
-8.5926
 10
14.5686
 20
-8.6244
 10
14.5498
 20
-8.6562
 10
14.5308
 20
-8.6879
 10
14.5118
 20
-8.7196
 10
14.4928
 20
-8.7512
 10
14.4737
 20
-8.7828
 10
14.4545
 20
-8.8144
 10
14.4352
 20
-8.8459
 10
14.4159
 20
-8.8774
 10
14.3965
 20
-8.9088
 10
14.377
 20
-8.9402
 10
14.3575
 20
-8.9715
 10
14.3378
 20
-9.0028
 10
14.3182
 20
-9.0341
 10
14.2984
 20
-9.0653
 10
14.2786
 20
-9.0965
 10
14.2587
 20
-9.1276
 10
14.2388
 20
-9.1587
 10
14.2188
 20
-9.1897
 10
14.1987
 20
-9.2207
 10
14.1785
 20
-9.2517
 10
14.1583
 20
-9.2826
 10
14.138
 20
-9.3135
 10
14.1177
 20
-9.3443
 10
14.0973
 20
-9.3751
 10
14.0768
 20
-9.4058
 10
14.0562
 20
-9.4365
 10
14.0356
 20
-9.4671
 10
14.0149
 20
-9.4977
 10
13.9942
 20
-9.5283
 10
13.9733
 20
-9.5588
 10
13.9525
 20
-9.5893
 10
13.9315
 20
-9.6197
 10
13.9105
 20
-9.65
 10
13.8894
 20
-9.6804
 10
13.8682
 20
-9.7106
 10
13.847
 20
-9.7409
 10
13.8257
 20
-9.7711
 10
13.8044
 20
-9.8012
 10
13.783
 20
-9.8313
 10
13.7615
 20
-9.8613
 10
13.7399
 20
-9.8913
 10
13.7183
 20
-9.9213
 10
13.6967
 20
-9.9512
 10
13.6749
 20
-9.9811
 10
13.6531
 20
-10.0109
 10
13.6312
 20
-10.0406
 10
13.6093
 20
-10.0703
 10
13.5873
 20
-10.1
 10
13.5652
 20
-10.1296
 10
13.5431
 20
-10.1592
 10
13.5209
 20
-10.1887
 10
13.4986
 20
-10.2182
 10
13.4763
 20
-10.2476
 10
13.4539
 20
-10.277
 10
13.4315
 20
-10.3063
 10
13.409
 20
-10.3356
 10
13.3864
 20
-10.3648
 10
13.3637
 20
-10.394
 10
13.341
 20
-10.4231
 10
13.3183
 20
-10.4522
 10
13.2954
 20
-10.4813
 10
13.2725
 20
-10.5102
 10
13.2496
 20
-10.5392
 10
13.2265
 20
-10.5681
 10
13.2034
 20
-10.5969
 10
13.1803
 20
-10.6257
 10
13.1571
 20
-10.6544
 10
13.1338
 20
-10.6831
 10
13.1105
 20
-10.7117
 10
13.0871
 20
-10.7403
 10
13.0636
 20
-10.7688
 10
13.0401
 20
-10.7973
 10
13.0165
 20
-10.8257
 10
12.9928
 20
-10.8541
 10
12.9691
 20
-10.8824
 10
12.9454
 20
-10.9107
 10
12.9215
 20
-10.9389
 10
12.8976
 20
-10.967
 10
12.8737
 20
-10.9952
 10
12.8497
 20
-11.0232
 10
12.8256
 20
-11.0512
 10
12.8014
 20
-11.0792
 10
12.7772
 20
-11.1071
 10
12.753
 20
-11.1349
 10
12.7286
 20
-11.1627
 10
12.7043
 20
-11.1905
 10
12.6798
 20
-11.2182
 10
12.6553
 20
-11.2458
 10
12.6308
 20
-11.2734
 10
12.6061
 20
-11.3009
 10
12.5814
 20
-11.3284
 10
12.5567
 20
-11.3558
 10
12.5319
 20
-11.3832
 10
12.507
 20
-11.4105
 10
12.4821
 20
-11.4377
 10
12.4571
 20
-11.4649
 10
12.4321
 20
-11.4921
 10
12.407
 20
-11.5192
 10
12.3818
 20
-11.5462
 10
12.3566
 20
-11.5732
 10
12.3313
 20
-11.6001
 10
12.306
 20
-11.627
 10
12.2806
 20
-11.6538
 10
12.2551
 20
-11.6806
 10
12.2296
 20
-11.7073
 10
12.2041
 20
-11.734
 10
12.1784
 20
-11.7606
 10
12.1527
 20
-11.7871
 10
12.127
 20
-11.8136
 10
12.1012
 20
-11.84
 10
12.0753
 20
-11.8664
 10
12.0494
 20
-11.8927
 10
12.0234
 20
-11.919
 10
11.9974
 20
-11.9452
 10
11.9713
 20
-11.9713
 10
11.9452
 20
-11.9974
 10
11.919
 20
-12.0234
 10
11.8927
 20
-12.0494
 10
11.8664
 20
-12.0753
 10
11.84
 20
-12.1012
 10
11.8136
 20
-12.127
 10
11.7871
 20
-12.1527
 10
11.7606
 20
-12.1784
 10
11.734
 20
-12.2041
 10
11.7073
 20
-12.2296
 10
11.6806
 20
-12.2551
 10
11.6538
 20
-12.2806
 10
11.627
 20
-12.306
 10
11.6001
 20
-12.3313
 10
11.5732
 20
-12.3566
 10
11.5462
 20
-12.3818
 10
11.5192
 20
-12.407
 10
11.4921
 20
-12.4321
 10
11.4649
 20
-12.4571
 10
11.4377
 20
-12.4821
 10
11.4105
 20
-12.507
 10
11.3832
 20
-12.5319
 10
11.3558
 20
-12.5567
 10
11.3284
 20
-12.5814
 10
11.3009
 20
-12.6061
 10
11.2734
 20
-12.6308
 10
11.2458
 20
-12.6553
 10
11.2182
 20
-12.6798
 10
11.1905
 20
-12.7043
 10
11.1627
 20
-12.7286
 10
11.1349
 20
-12.753
 10
11.1071
 20
-12.7772
 10
11.0792
 20
-12.8014
 10
11.0512
 20
-12.8256
 10
11.0232
 20
-12.8497
 10
10.9952
 20
-12.8737
 10
10.967
 20
-12.8976
 10
10.9389
 20
-12.9215
 10
10.9107
 20
-12.9454
 10
10.8824
 20
-12.9691
 10
10.8541
 20
-12.9928
 10
10.8257
 20
-13.0165
 10
10.7973
 20
-13.0401
 10
10.7688
 20
-13.0636
 10
10.7403
 20
-13.0871
 10
10.7117
 20
-13.1105
 10
10.6831
 20
-13.1338
 10
10.6544
 20
-13.1571
 10
10.6257
 20
-13.1803
 10
10.5969
 20
-13.2034
 10
10.5681
 20
-13.2265
 10
10.5392
 20
-13.2496
 10
10.5102
 20
-13.2725
 10
10.4813
 20
-13.2954
 10
10.4522
 20
-13.3183
 10
10.4231
 20
-13.341
 10
10.394
 20
-13.3637
 10
10.3648
 20
-13.3864
 10
10.3356
 20
-13.409
 10
10.3063
 20
-13.4315
 10
10.277
 20
-13.4539
 10
10.2476
 20
-13.4763
 10
10.2182
 20
-13.4986
 10
10.1887
 20
-13.5209
 10
10.1592
 20
-13.5431
 10
10.1296
 20
-13.5652
 10
10.1
 20
-13.5873
 10
10.0703
 20
-13.6093
 10
10.0406
 20
-13.6312
 10
10.0109
 20
-13.6531
 10
9.9811
 20
-13.6749
 10
9.9512
 20
-13.6967
 10
9.9213
 20
-13.7183
 10
9.8913
 20
-13.7399
 10
9.8613
 20
-13.7615
 10
9.8313
 20
-13.783
 10
9.8012
 20
-13.8044
 10
9.7711
 20
-13.8257
 10
9.7409
 20
-13.847
 10
9.7106
 20
-13.8682
 10
9.6804
 20
-13.8894
 10
9.65
 20
-13.9105
 10
9.6197
 20
-13.9315
 10
9.5893
 20
-13.9525
 10
9.5588
 20
-13.9733
 10
9.5283
 20
-13.9942
 10
9.4977
 20
-14.0149
 10
9.4671
 20
-14.0356
 10
9.4365
 20
-14.0562
 10
9.4058
 20
-14.0768
 10
9.3751
 20
-14.0973
 10
9.3443
 20
-14.1177
 10
9.3135
 20
-14.138
 10
9.2826
 20
-14.1583
 10
9.2517
 20
-14.1785
 10
9.2207
 20
-14.1987
 10
9.1897
 20
-14.2188
 10
9.1587
 20
-14.2388
 10
9.1276
 20
-14.2587
 10
9.0965
 20
-14.2786
 10
9.0653
 20
-14.2984
 10
9.0341
 20
-14.3182
 10
9.0028
 20
-14.3378
 10
8.9715
 20
-14.3575
 10
8.9402
 20
-14.377
 10
8.9088
 20
-14.3965
 10
8.8774
 20
-14.4159
 10
8.8459
 20
-14.4352
 10
8.8144
 20
-14.4545
 10
8.7828
 20
-14.4737
 10
8.7512
 20
-14.4928
 10
8.7196
 20
-14.5118
 10
8.6879
 20
-14.5308
 10
8.6562
 20
-14.5498
 10
8.6244
 20
-14.5686
 10
8.5926
 20
-14.5874
 10
8.5608
 20
-14.6061
 10
8.5289
 20
-14.6247
 10
8.497
 20
-14.6433
 10
8.465
 20
-14.6618
 10
8.433
 20
-14.6802
 10
8.4009
 20
-14.6986
 10
8.3689
 20
-14.7169
 10
8.3367
 20
-14.7351
 10
8.3046
 20
-14.7533
 10
8.2724
 20
-14.7714
 10
8.2401
 20
-14.7894
 10
8.2078
 20
-14.8073
 10
8.1755
 20
-14.8252
 10
8.1431
 20
-14.843
 10
8.1107
 20
-14.8607
 10
8.0783
 20
-14.8784
 10
8.0458
 20
-14.896
 10
8.0133
 20
-14.9135
 10
7.9807
 20
-14.9309
 10
7.9482
 20
-14.9483
 10
7.9155
 20
-14.9656
 10
7.8829
 20
-14.9828
 10
7.8501
 20
-15.0
 10
7.8174
 20
-15.0171
 10
7.7846
 20
-15.0341
 10
7.7518
 20
-15.0511
 10
7.719
 20
-15.0679
 10
7.6861
 20
-15.0847
 10
7.6531
 20
-15.1015
 10
7.6202
 20
-15.1181
 10
7.5872
 20
-15.1347
 10
7.5541
 20
-15.1512
 10
7.5211
 20
-15.1677
 10
7.4879
 20
-15.1841
 10
7.4548
 20
-15.2004
 10
7.4216
 20
-15.2166
 10
7.3884
 20
-15.2327
 10
7.3552
 20
-15.2488
 10
7.3219
 20
-15.2648
 10
7.2886
 20
-15.2808
 10
7.2552
 20
-15.2966
 10
7.2218
 20
-15.3124
 10
7.1884
 20
-15.3281
 10
7.1549
 20
-15.3438
 10
7.1214
 20
-15.3594
 10
7.0879
 20
-15.3749
 10
7.0543
 20
-15.3903
 10
7.0208
 20
-15.4056
 10
6.9871
 20
-15.4209
 10
6.9535
 20
-15.4361
 10
6.9198
 20
-15.4513
 10
6.8861
 20
-15.4663
 10
6.8523
 20
-15.4813
 10
6.8185
 20
-15.4962
 10
6.7847
 20
-15.5111
 10
6.7508
 20
-15.5258
 10
6.7169
 20
-15.5405
 10
6.683
 20
-15.5551
 10
6.6491
 20
-15.5697
 10
6.6151
 20
-15.5841
 10
6.5811
 20
-15.5985
 10
6.547
 20
-15.6129
 10
6.5129
 20
-15.6271
 10
6.4788
 20
-15.6413
 10
6.4447
 20
-15.6554
 10
6.4105
 20
-15.6694
 10
6.3763
 20
-15.6833
 10
6.3421
 20
-15.6972
 10
6.3078
 20
-15.711
 10
6.2735
 20
-15.7247
 10
6.2392
 20
-15.7384
 10
6.2049
 20
-15.752
 10
6.1705
 20
-15.7655
 10
6.1361
 20
-15.7789
 10
6.1016
 20
-15.7922
 10
6.0672
 20
-15.8055
 10
6.0327
 20
-15.8187
 10
5.9981
 20
-15.8318
 10
5.9636
 20
-15.8449
 10
5.929
 20
-15.8579
 10
5.8944
 20
-15.8708
 10
5.8598
 20
-15.8836
 10
5.8251
 20
-15.8963
 10
5.7904
 20
-15.909
 10
5.7557
 20
-15.9216
 10
5.7209
 20
-15.9341
 10
5.6862
 20
-15.9466
 10
5.6514
 20
-15.9589
 10
5.6165
 20
-15.9712
 10
5.5817
 20
-15.9834
 10
5.5468
 20
-15.9956
 10
5.5119
 20
-16.0076
 10
5.4769
 20
-16.0196
 10
5.442
 20
-16.0315
 10
5.407
 20
-16.0434
 10
5.372
 20
-16.0551
 10
5.3369
 20
-16.0668
 10
5.3019
 20
-16.0784
 10
5.2668
 20
-16.0899
 10
5.2317
 20
-16.1014
 10
5.1965
 20
-16.1128
 10
5.1614
 20
-16.1241
 10
5.1262
 20
-16.1353
 10
5.0909
 20
-16.1464
 10
5.0557
 20
-16.1575
 10
5.0204
 20
-16.1685
 10
4.9852
 20
-16.1794
 10
4.9499
 20
-16.1902
 10
4.9145
 20
-16.201
 10
4.8792
 20
-16.2117
 10
4.8438
 20
-16.2223
 10
4.8084
 20
-16.2328
 10
4.773
 20
-16.2433
 10
4.7375
 20
-16.2536
 10
4.702
 20
-16.2639
 10
4.6665
 20
-16.2742
 10
4.631
 20
-16.2843
 10
4.5955
 20
-16.2944
 10
4.5599
 20
-16.3044
 10
4.5243
 20
-16.3143
 10
4.4887
 20
-16.3241
 10
4.4531
 20
-16.3338
 10
4.4175
 20
-16.3435
 10
4.3818
 20
-16.3531
 10
4.3461
 20
-16.3626
 10
4.3104
 20
-16.3721
 10
4.2747
 20
-16.3815
 10
4.2389
 20
-16.3907
 10
4.2032
 20
-16.3999
 10
4.1674
 20
-16.4091
 10
4.1316
 20
-16.4181
 10
4.0957
 20
-16.4271
 10
4.0599
 20
-16.436
 10
4.024
 20
-16.4448
 10
3.9881
 20
-16.4536
 10
3.9522
 20
-16.4622
 10
3.9163
 20
-16.4708
 10
3.8804
 20
-16.4793
 10
3.8444
 20
-16.4877
 10
3.8084
 20
-16.4961
 10
3.7724
 20
-16.5044
 10
3.7364
 20
-16.5125
 10
3.7004
 20
-16.5207
 10
3.6643
 20
-16.5287
 10
3.6283
 20
-16.5366
 10
3.5922
 20
-16.5445
 10
3.5561
 20
-16.5523
 10
3.5199
 20
-16.56
 10
3.4838
 20
-16.5677
 10
3.4477
 20
-16.5752
 10
3.4115
 20
-16.5827
 10
3.3753
 20
-16.5901
 10
3.3391
 20
-16.5974
 10
3.3029
 20
-16.6047
 10
3.2666
 20
-16.6119
 10
3.2304
 20
-16.6189
 10
3.1941
 20
-16.626
 10
3.1579
 20
-16.6329
 10
3.1216
 20
-16.6397
 10
3.0852
 20
-16.6465
 10
3.0489
 20
-16.6532
 10
3.0126
 20
-16.6598
 10
2.9762
 20
-16.6663
 10
2.9399
 20
-16.6728
 10
2.9035
 20
-16.6792
 10
2.8671
 20
-16.6855
 10
2.8307
 20
-16.6917
 10
2.7943
 20
-16.6978
 10
2.7578
 20
-16.7039
 10
2.7214
 20
-16.7098
 10
2.6849
 20
-16.7157
 10
2.6484
 20
-16.7216
 10
2.6119
 20
-16.7273
 10
2.5754
 20
-16.733
 10
2.5389
 20
-16.7385
 10
2.5024
 20
-16.744
 10
2.4659
 20
-16.7495
 10
2.4293
 20
-16.7548
 10
2.3928
 20
-16.7601
 10
2.3562
 20
-16.7652
 10
2.3196
 20
-16.7703
 10
2.283
 20
-16.7754
 10
2.2464
 20
-16.7803
 10
2.2098
 20
-16.7852
 10
2.1732
 20
-16.7899
 10
2.1365
 20
-16.7946
 10
2.0999
 20
-16.7993
 10
2.0632
 20
-16.8038
 10
2.0266
 20
-16.8083
 10
1.9899
 20
-16.8126
 10
1.9532
 20
-16.817
 10
1.9165
 20
-16.8212
 10
1.8798
 20
-16.8253
 10
1.8431
 20
-16.8294
 10
1.8064
 20
-16.8334
 10
1.7697
 20
-16.8373
 10
1.7329
 20
-16.8411
 10
1.6962
 20
-16.8448
 10
1.6594
 20
-16.8485
 10
1.6227
 20
-16.8521
 10
1.5859
 20
-16.8556
 10
1.5491
 20
-16.859
 10
1.5123
 20
-16.8623
 10
1.4755
 20
-16.8656
 10
1.4387
 20
-16.8688
 10
1.4019
 20
-16.8719
 10
1.3651
 20
-16.8749
 10
1.3283
 20
-16.8778
 10
1.2915
 20
-16.8807
 10
1.2547
 20
-16.8834
 10
1.2178
 20
-16.8861
 10
1.181
 20
-16.8888
 10
1.1441
 20
-16.8913
 10
1.1073
 20
-16.8938
 10
1.0704
 20
-16.8961
 10
1.0336
 20
-16.8984
 10
0.9967
 20
-16.9006
 10
0.9598
 20
-16.9028
 10
0.9229
 20
-16.9048
 10
0.886
 20
-16.9068
 10
0.8492
 20
-16.9087
 10
0.8123
 20
-16.9105
 10
0.7754
 20
-16.9122
 10
0.7385
 20
-16.9139
 10
0.7016
 20
-16.9155
 10
0.6647
 20
-16.9169
 10
0.6278
 20
-16.9184
 10
0.5908
 20
-16.9197
 10
0.5539
 20
-16.9209
 10
0.517
 20
-16.9221
 10
0.4801
 20
-16.9232
 10
0.4432
 20
-16.9242
 10
0.4063
 20
-16.9251
 10
0.3693
 20
-16.926
 10
0.3324
 20
-16.9267
 10
0.2955
 20
-16.9274
 10
0.2585
 20
-16.928
 10
0.2216
 20
-16.9285
 10
0.1847
 20
-16.929
 10
0.1477
 20
-16.9294
 10
0.1108
 20
-16.9296
 10
0.0739
 20
-16.9298
 10
0.0369
 20
-16.93
 10
0.0
 20
-16.93
 10
-0.0369
 20
-16.93
 10
-0.0739
 20
-16.9298
 10
-0.1108
 20
-16.9296
 10
-0.1477
 20
-16.9294
 10
-0.1847
 20
-16.929
 10
-0.2216
 20
-16.9285
 10
-0.2585
 20
-16.928
 10
-0.2955
 20
-16.9274
 10
-0.3324
 20
-16.9267
 10
-0.3693
 20
-16.926
 10
-0.4063
 20
-16.9251
 10
-0.4432
 20
-16.9242
 10
-0.4801
 20
-16.9232
 10
-0.517
 20
-16.9221
 10
-0.5539
 20
-16.9209
 10
-0.5908
 20
-16.9197
 10
-0.6278
 20
-16.9184
 10
-0.6647
 20
-16.9169
 10
-0.7016
 20
-16.9155
 10
-0.7385
 20
-16.9139
 10
-0.7754
 20
-16.9122
 10
-0.8123
 20
-16.9105
 10
-0.8492
 20
-16.9087
 10
-0.886
 20
-16.9068
 10
-0.9229
 20
-16.9048
 10
-0.9598
 20
-16.9028
 10
-0.9967
 20
-16.9006
 10
-1.0336
 20
-16.8984
 10
-1.0704
 20
-16.8961
 10
-1.1073
 20
-16.8938
 10
-1.1441
 20
-16.8913
 10
-1.181
 20
-16.8888
 10
-1.2178
 20
-16.8861
 10
-1.2547
 20
-16.8834
 10
-1.2915
 20
-16.8807
 10
-1.3283
 20
-16.8778
 10
-1.3651
 20
-16.8749
 10
-1.4019
 20
-16.8719
 10
-1.4387
 20
-16.8688
 10
-1.4755
 20
-16.8656
 10
-1.5123
 20
-16.8623
 10
-1.5491
 20
-16.859
 10
-1.5859
 20
-16.8556
 10
-1.6227
 20
-16.8521
 10
-1.6594
 20
-16.8485
 10
-1.6962
 20
-16.8448
 10
-1.7329
 20
-16.8411
 10
-1.7697
 20
-16.8373
 10
-1.8064
 20
-16.8334
 10
-1.8431
 20
-16.8294
 10
-1.8798
 20
-16.8253
 10
-1.9165
 20
-16.8212
 10
-1.9532
 20
-16.817
 10
-1.9899
 20
-16.8126
 10
-2.0266
 20
-16.8083
 10
-2.0632
 20
-16.8038
 10
-2.0999
 20
-16.7993
 10
-2.1365
 20
-16.7946
 10
-2.1732
 20
-16.7899
 10
-2.2098
 20
-16.7852
 10
-2.2464
 20
-16.7803
 10
-2.283
 20
-16.7754
 10
-2.3196
 20
-16.7703
 10
-2.3562
 20
-16.7652
 10
-2.3928
 20
-16.7601
 10
-2.4293
 20
-16.7548
 10
-2.4659
 20
-16.7495
 10
-2.5024
 20
-16.744
 10
-2.5389
 20
-16.7385
 10
-2.5754
 20
-16.733
 10
-2.6119
 20
-16.7273
 10
-2.6484
 20
-16.7216
 10
-2.6849
 20
-16.7157
 10
-2.7214
 20
-16.7098
 10
-2.7578
 20
-16.7039
 10
-2.7943
 20
-16.6978
 10
-2.8307
 20
-16.6917
 10
-2.8671
 20
-16.6855
 10
-2.9035
 20
-16.6792
 10
-2.9399
 20
-16.6728
 10
-2.9762
 20
-16.6663
 10
-3.0126
 20
-16.6598
 10
-3.0489
 20
-16.6532
 10
-3.0852
 20
-16.6465
 10
-3.1216
 20
-16.6397
 10
-3.1579
 20
-16.6329
 10
-3.1941
 20
-16.626
 10
-3.2304
 20
-16.6189
 10
-3.2666
 20
-16.6119
 10
-3.3029
 20
-16.6047
 10
-3.3391
 20
-16.5974
 10
-3.3753
 20
-16.5901
 10
-3.4115
 20
-16.5827
 10
-3.4477
 20
-16.5752
 10
-3.4838
 20
-16.5677
 10
-3.5199
 20
-16.56
 10
-3.5561
 20
-16.5523
 10
-3.5922
 20
-16.5445
 10
-3.6283
 20
-16.5366
 10
-3.6643
 20
-16.5287
 10
-3.7004
 20
-16.5207
 10
-3.7364
 20
-16.5125
 10
-3.7724
 20
-16.5044
 10
-3.8084
 20
-16.4961
 10
-3.8444
 20
-16.4877
 10
-3.8804
 20
-16.4793
 10
-3.9163
 20
-16.4708
 10
-3.9522
 20
-16.4622
 10
-3.9881
 20
-16.4536
 10
-4.024
 20
-16.4448
 10
-4.0599
 20
-16.436
 10
-4.0957
 20
-16.4271
 10
-4.1316
 20
-16.4181
 10
-4.1674
 20
-16.4091
 10
-4.2032
 20
-16.3999
 10
-4.2389
 20
-16.3907
 10
-4.2747
 20
-16.3815
 10
-4.3104
 20
-16.3721
 10
-4.3461
 20
-16.3626
 10
-4.3818
 20
-16.3531
 10
-4.4175
 20
-16.3435
 10
-4.4531
 20
-16.3338
 10
-4.4887
 20
-16.3241
 10
-4.5243
 20
-16.3143
 10
-4.5599
 20
-16.3044
 10
-4.5955
 20
-16.2944
 10
-4.631
 20
-16.2843
 10
-4.6665
 20
-16.2742
 10
-4.702
 20
-16.2639
 10
-4.7375
 20
-16.2536
 10
-4.773
 20
-16.2433
 10
-4.8084
 20
-16.2328
 10
-4.8438
 20
-16.2223
 10
-4.8792
 20
-16.2117
 10
-4.9145
 20
-16.201
 10
-4.9499
 20
-16.1902
 10
-4.9852
 20
-16.1794
 10
-5.0204
 20
-16.1685
 10
-5.0557
 20
-16.1575
 10
-5.0909
 20
-16.1464
 10
-5.1262
 20
-16.1353
 10
-5.1614
 20
-16.1241
 10
-5.1965
 20
-16.1128
 10
-5.2317
 20
-16.1014
 10
-5.2668
 20
-16.0899
 10
-5.3019
 20
-16.0784
 10
-5.3369
 20
-16.0668
 10
-5.372
 20
-16.0551
 10
-5.407
 20
-16.0434
 10
-5.442
 20
-16.0315
 10
-5.4769
 20
-16.0196
 10
-5.5119
 20
-16.0076
 10
-5.5468
 20
-15.9956
 10
-5.5817
 20
-15.9834
 10
-5.6165
 20
-15.9712
 10
-5.6514
 20
-15.9589
 10
-5.6862
 20
-15.9466
 10
-5.7209
 20
-15.9341
 10
-5.7557
 20
-15.9216
 10
-5.7904
 20
-15.909
 10
-5.8251
 20
-15.8963
 10
-5.8598
 20
-15.8836
 10
-5.8944
 20
-15.8708
 10
-5.929
 20
-15.8579
 10
-5.9636
 20
-15.8449
 10
-5.9981
 20
-15.8318
 10
-6.0327
 20
-15.8187
 10
-6.0672
 20
-15.8055
 10
-6.1016
 20
-15.7922
 10
-6.1361
 20
-15.7789
 10
-6.1705
 20
-15.7655
 10
-6.2049
 20
-15.752
 10
-6.2392
 20
-15.7384
 10
-6.2735
 20
-15.7247
 10
-6.3078
 20
-15.711
 10
-6.3421
 20
-15.6972
 10
-6.3763
 20
-15.6833
 10
-6.4105
 20
-15.6694
 10
-6.4447
 20
-15.6554
 10
-6.4788
 20
-15.6413
 10
-6.5129
 20
-15.6271
 10
-6.547
 20
-15.6129
 10
-6.5811
 20
-15.5985
 10
-6.6151
 20
-15.5841
 10
-6.6491
 20
-15.5697
 10
-6.683
 20
-15.5551
 10
-6.7169
 20
-15.5405
 10
-6.7508
 20
-15.5258
 10
-6.7847
 20
-15.5111
 10
-6.8185
 20
-15.4962
 10
-6.8523
 20
-15.4813
 10
-6.8861
 20
-15.4663
 10
-6.9198
 20
-15.4513
 10
-6.9535
 20
-15.4361
 10
-6.9871
 20
-15.4209
 10
-7.0208
 20
-15.4056
 10
-7.0543
 20
-15.3903
 10
-7.0879
 20
-15.3749
 10
-7.1214
 20
-15.3594
 10
-7.1549
 20
-15.3438
 10
-7.1884
 20
-15.3281
 10
-7.2218
 20
-15.3124
 10
-7.2552
 20
-15.2966
 10
-7.2886
 20
-15.2808
 10
-7.3219
 20
-15.2648
 10
-7.3552
 20
-15.2488
 10
-7.3884
 20
-15.2327
 10
-7.4216
 20
-15.2166
 10
-7.4548
 20
-15.2004
 10
-7.4879
 20
-15.1841
 10
-7.5211
 20
-15.1677
 10
-7.5541
 20
-15.1512
 10
-7.5872
 20
-15.1347
 10
-7.6202
 20
-15.1181
 10
-7.6531
 20
-15.1015
 10
-7.6861
 20
-15.0847
 10
-7.719
 20
-15.0679
 10
-7.7518
 20
-15.0511
 10
-7.7846
 20
-15.0341
 10
-7.8174
 20
-15.0171
 10
-7.8501
 20
-15.0
 10
-7.8829
 20
-14.9828
 10
-7.9155
 20
-14.9656
 10
-7.9482
 20
-14.9483
 10
-7.9807
 20
-14.9309
 10
-8.0133
 20
-14.9135
 10
-8.0458
 20
-14.896
 10
-8.0783
 20
-14.8784
 10
-8.1107
 20
-14.8607
 10
-8.1431
 20
-14.843
 10
-8.1755
 20
-14.8252
 10
-8.2078
 20
-14.8073
 10
-8.2401
 20
-14.7894
 10
-8.2724
 20
-14.7714
 10
-8.3046
 20
-14.7533
 10
-8.3367
 20
-14.7351
 10
-8.3689
 20
-14.7169
 10
-8.4009
 20
-14.6986
 10
-8.433
 20
-14.6802
 10
-8.465
 20
-14.6618
 10
-8.497
 20
-14.6433
 10
-8.5289
 20
-14.6247
 10
-8.5608
 20
-14.6061
 10
-8.5926
 20
-14.5874
 10
-8.6244
 20
-14.5686
 10
-8.6562
 20
-14.5498
 10
-8.6879
 20
-14.5308
 10
-8.7196
 20
-14.5118
 10
-8.7512
 20
-14.4928
 10
-8.7828
 20
-14.4737
 10
-8.8144
 20
-14.4545
 10
-8.8459
 20
-14.4352
 10
-8.8774
 20
-14.4159
 10
-8.9088
 20
-14.3965
 10
-8.9402
 20
-14.377
 10
-8.9715
 20
-14.3575
 10
-9.0028
 20
-14.3378
 10
-9.0341
 20
-14.3182
 10
-9.0653
 20
-14.2984
 10
-9.0965
 20
-14.2786
 10
-9.1276
 20
-14.2587
 10
-9.1587
 20
-14.2388
 10
-9.1897
 20
-14.2188
 10
-9.2207
 20
-14.1987
 10
-9.2517
 20
-14.1785
 10
-9.2826
 20
-14.1583
 10
-9.3135
 20
-14.138
 10
-9.3443
 20
-14.1177
 10
-9.3751
 20
-14.0973
 10
-9.4058
 20
-14.0768
 10
-9.4365
 20
-14.0562
 10
-9.4671
 20
-14.0356
 10
-9.4977
 20
-14.0149
 10
-9.5283
 20
-13.9942
 10
-9.5588
 20
-13.9733
 10
-9.5893
 20
-13.9525
 10
-9.6197
 20
-13.9315
 10
-9.65
 20
-13.9105
 10
-9.6804
 20
-13.8894
 10
-9.7106
 20
-13.8682
 10
-9.7409
 20
-13.847
 10
-9.7711
 20
-13.8257
 10
-9.8012
 20
-13.8044
 10
-9.8313
 20
-13.783
 10
-9.8613
 20
-13.7615
 10
-9.8913
 20
-13.7399
 10
-9.9213
 20
-13.7183
 10
-9.9512
 20
-13.6967
 10
-9.9811
 20
-13.6749
 10
-10.0109
 20
-13.6531
 10
-10.0406
 20
-13.6312
 10
-10.0703
 20
-13.6093
 10
-10.1
 20
-13.5873
 10
-10.1296
 20
-13.5652
 10
-10.1592
 20
-13.5431
 10
-10.1887
 20
-13.5209
 10
-10.2182
 20
-13.4986
 10
-10.2476
 20
-13.4763
 10
-10.277
 20
-13.4539
 10
-10.3063
 20
-13.4315
 10
-10.3356
 20
-13.409
 10
-10.3648
 20
-13.3864
 10
-10.394
 20
-13.3637
 10
-10.4231
 20
-13.341
 10
-10.4522
 20
-13.3183
 10
-10.4813
 20
-13.2954
 10
-10.5102
 20
-13.2725
 10
-10.5392
 20
-13.2496
 10
-10.5681
 20
-13.2265
 10
-10.5969
 20
-13.2034
 10
-10.6257
 20
-13.1803
 10
-10.6544
 20
-13.1571
 10
-10.6831
 20
-13.1338
 10
-10.7117
 20
-13.1105
 10
-10.7403
 20
-13.0871
 10
-10.7688
 20
-13.0636
 10
-10.7973
 20
-13.0401
 10
-10.8257
 20
-13.0165
 10
-10.8541
 20
-12.9928
 10
-10.8824
 20
-12.9691
 10
-10.9107
 20
-12.9454
 10
-10.9389
 20
-12.9215
 10
-10.967
 20
-12.8976
 10
-10.9952
 20
-12.8737
 10
-11.0232
 20
-12.8497
 10
-11.0512
 20
-12.8256
 10
-11.0792
 20
-12.8014
 10
-11.1071
 20
-12.7772
 10
-11.1349
 20
-12.753
 10
-11.1627
 20
-12.7286
 10
-11.1905
 20
-12.7043
 10
-11.2182
 20
-12.6798
 10
-11.2458
 20
-12.6553
 10
-11.2734
 20
-12.6308
 10
-11.3009
 20
-12.6061
 10
-11.3284
 20
-12.5814
 10
-11.3558
 20
-12.5567
 10
-11.3832
 20
-12.5319
 10
-11.4105
 20
-12.507
 10
-11.4377
 20
-12.4821
 10
-11.4649
 20
-12.4571
 10
-11.4921
 20
-12.4321
 10
-11.5192
 20
-12.407
 10
-11.5462
 20
-12.3818
 10
-11.5732
 20
-12.3566
 10
-11.6001
 20
-12.3313
 10
-11.627
 20
-12.306
 10
-11.6538
 20
-12.2806
 10
-11.6806
 20
-12.2551
 10
-11.7073
 20
-12.2296
 10
-11.734
 20
-12.2041
 10
-11.7606
 20
-12.1784
 10
-11.7871
 20
-12.1527
 10
-11.8136
 20
-12.127
 10
-11.84
 20
-12.1012
 10
-11.8664
 20
-12.0753
 10
-11.8927
 20
-12.0494
 10
-11.919
 20
-12.0234
 10
-11.9452
 20
-11.9974
 10
-11.9713
 20
-11.9713
 10
-11.9974
 20
-11.9452
 10
-12.0234
 20
-11.919
 10
-12.0494
 20
-11.8927
 10
-12.0753
 20
-11.8664
 10
-12.1012
 20
-11.84
 10
-12.127
 20
-11.8136
 10
-12.1527
 20
-11.7871
 10
-12.1784
 20
-11.7606
 10
-12.2041
 20
-11.734
 10
-12.2296
 20
-11.7073
 10
-12.2551
 20
-11.6806
 10
-12.2806
 20
-11.6538
 10
-12.306
 20
-11.627
 10
-12.3313
 20
-11.6001
 10
-12.3566
 20
-11.5732
 10
-12.3818
 20
-11.5462
 10
-12.407
 20
-11.5192
 10
-12.4321
 20
-11.4921
 10
-12.4571
 20
-11.4649
 10
-12.4821
 20
-11.4377
 10
-12.507
 20
-11.4105
 10
-12.5319
 20
-11.3832
 10
-12.5567
 20
-11.3558
 10
-12.5814
 20
-11.3284
 10
-12.6061
 20
-11.3009
 10
-12.6308
 20
-11.2734
 10
-12.6553
 20
-11.2458
 10
-12.6798
 20
-11.2182
 10
-12.7043
 20
-11.1905
 10
-12.7286
 20
-11.1627
 10
-12.753
 20
-11.1349
 10
-12.7772
 20
-11.1071
 10
-12.8014
 20
-11.0792
 10
-12.8256
 20
-11.0512
 10
-12.8497
 20
-11.0232
 10
-12.8737
 20
-10.9952
 10
-12.8976
 20
-10.967
 10
-12.9215
 20
-10.9389
 10
-12.9454
 20
-10.9107
 10
-12.9691
 20
-10.8824
 10
-12.9928
 20
-10.8541
 10
-13.0165
 20
-10.8257
 10
-13.0401
 20
-10.7973
 10
-13.0636
 20
-10.7688
 10
-13.0871
 20
-10.7403
 10
-13.1105
 20
-10.7117
 10
-13.1338
 20
-10.6831
 10
-13.1571
 20
-10.6544
 10
-13.1803
 20
-10.6257
 10
-13.2034
 20
-10.5969
 10
-13.2265
 20
-10.5681
 10
-13.2496
 20
-10.5392
 10
-13.2725
 20
-10.5102
 10
-13.2954
 20
-10.4813
 10
-13.3183
 20
-10.4522
 10
-13.341
 20
-10.4231
 10
-13.3637
 20
-10.394
 10
-13.3864
 20
-10.3648
 10
-13.409
 20
-10.3356
 10
-13.4315
 20
-10.3063
 10
-13.4539
 20
-10.277
 10
-13.4763
 20
-10.2476
 10
-13.4986
 20
-10.2182
 10
-13.5209
 20
-10.1887
 10
-13.5431
 20
-10.1592
 10
-13.5652
 20
-10.1296
 10
-13.5873
 20
-10.1
 10
-13.6093
 20
-10.0703
 10
-13.6312
 20
-10.0406
 10
-13.6531
 20
-10.0109
 10
-13.6749
 20
-9.9811
 10
-13.6967
 20
-9.9512
 10
-13.7183
 20
-9.9213
 10
-13.7399
 20
-9.8913
 10
-13.7615
 20
-9.8613
 10
-13.783
 20
-9.8313
 10
-13.8044
 20
-9.8012
 10
-13.8257
 20
-9.7711
 10
-13.847
 20
-9.7409
 10
-13.8682
 20
-9.7106
 10
-13.8894
 20
-9.6804
 10
-13.9105
 20
-9.65
 10
-13.9315
 20
-9.6197
 10
-13.9525
 20
-9.5893
 10
-13.9733
 20
-9.5588
 10
-13.9942
 20
-9.5283
 10
-14.0149
 20
-9.4977
 10
-14.0356
 20
-9.4671
 10
-14.0562
 20
-9.4365
 10
-14.0768
 20
-9.4058
 10
-14.0973
 20
-9.3751
 10
-14.1177
 20
-9.3443
 10
-14.138
 20
-9.3135
 10
-14.1583
 20
-9.2826
 10
-14.1785
 20
-9.2517
 10
-14.1987
 20
-9.2207
 10
-14.2188
 20
-9.1897
 10
-14.2388
 20
-9.1587
 10
-14.2587
 20
-9.1276
 10
-14.2786
 20
-9.0965
 10
-14.2984
 20
-9.0653
 10
-14.3182
 20
-9.0341
 10
-14.3378
 20
-9.0028
 10
-14.3575
 20
-8.9715
 10
-14.377
 20
-8.9402
 10
-14.3965
 20
-8.9088
 10
-14.4159
 20
-8.8774
 10
-14.4352
 20
-8.8459
 10
-14.4545
 20
-8.8144
 10
-14.4737
 20
-8.7828
 10
-14.4928
 20
-8.7512
 10
-14.5118
 20
-8.7196
 10
-14.5308
 20
-8.6879
 10
-14.5498
 20
-8.6562
 10
-14.5686
 20
-8.6244
 10
-14.5874
 20
-8.5926
 10
-14.6061
 20
-8.5608
 10
-14.6247
 20
-8.5289
 10
-14.6433
 20
-8.497
 10
-14.6618
 20
-8.465
 10
-14.6802
 20
-8.433
 10
-14.6986
 20
-8.4009
 10
-14.7169
 20
-8.3689
 10
-14.7351
 20
-8.3367
 10
-14.7533
 20
-8.3046
 10
-14.7714
 20
-8.2724
 10
-14.7894
 20
-8.2401
 10
-14.8073
 20
-8.2078
 10
-14.8252
 20
-8.1755
 10
-14.843
 20
-8.1431
 10
-14.8607
 20
-8.1107
 10
-14.8784
 20
-8.0783
 10
-14.896
 20
-8.0458
 10
-14.9135
 20
-8.0133
 10
-14.9309
 20
-7.9807
 10
-14.9483
 20
-7.9482
 10
-14.9656
 20
-7.9155
 10
-14.9828
 20
-7.8829
 10
-15.0
 20
-7.8501
 10
-15.0171
 20
-7.8174
 10
-15.0341
 20
-7.7846
 10
-15.0511
 20
-7.7518
 10
-15.0679
 20
-7.719
 10
-15.0847
 20
-7.6861
 10
-15.1015
 20
-7.6531
 10
-15.1181
 20
-7.6202
 10
-15.1347
 20
-7.5872
 10
-15.1512
 20
-7.5541
 10
-15.1677
 20
-7.5211
 10
-15.1841
 20
-7.4879
 10
-15.2004
 20
-7.4548
 10
-15.2166
 20
-7.4216
 10
-15.2327
 20
-7.3884
 10
-15.2488
 20
-7.3552
 10
-15.2648
 20
-7.3219
 10
-15.2808
 20
-7.2886
 10
-15.2966
 20
-7.2552
 10
-15.3124
 20
-7.2218
 10
-15.3281
 20
-7.1884
 10
-15.3438
 20
-7.1549
 10
-15.3594
 20
-7.1214
 10
-15.3749
 20
-7.0879
 10
-15.3903
 20
-7.0543
 10
-15.4056
 20
-7.0208
 10
-15.4209
 20
-6.9871
 10
-15.4361
 20
-6.9535
 10
-15.4513
 20
-6.9198
 10
-15.4663
 20
-6.8861
 10
-15.4813
 20
-6.8523
 10
-15.4962
 20
-6.8185
 10
-15.5111
 20
-6.7847
 10
-15.5258
 20
-6.7508
 10
-15.5405
 20
-6.7169
 10
-15.5551
 20
-6.683
 10
-15.5697
 20
-6.6491
 10
-15.5841
 20
-6.6151
 10
-15.5985
 20
-6.5811
 10
-15.6129
 20
-6.547
 10
-15.6271
 20
-6.5129
 10
-15.6413
 20
-6.4788
 10
-15.6554
 20
-6.4447
 10
-15.6694
 20
-6.4105
 10
-15.6833
 20
-6.3763
 10
-15.6972
 20
-6.3421
 10
-15.711
 20
-6.3078
 10
-15.7247
 20
-6.2735
 10
-15.7384
 20
-6.2392
 10
-15.752
 20
-6.2049
 10
-15.7655
 20
-6.1705
 10
-15.7789
 20
-6.1361
 10
-15.7922
 20
-6.1016
 10
-15.8055
 20
-6.0672
 10
-15.8187
 20
-6.0327
 10
-15.8318
 20
-5.9981
 10
-15.8449
 20
-5.9636
 10
-15.8579
 20
-5.929
 10
-15.8708
 20
-5.8944
 10
-15.8836
 20
-5.8598
 10
-15.8963
 20
-5.8251
 10
-15.909
 20
-5.7904
 10
-15.9216
 20
-5.7557
 10
-15.9341
 20
-5.7209
 10
-15.9466
 20
-5.6862
 10
-15.9589
 20
-5.6514
 10
-15.9712
 20
-5.6165
 10
-15.9834
 20
-5.5817
 10
-15.9956
 20
-5.5468
 10
-16.0076
 20
-5.5119
 10
-16.0196
 20
-5.4769
 10
-16.0315
 20
-5.442
 10
-16.0434
 20
-5.407
 10
-16.0551
 20
-5.372
 10
-16.0668
 20
-5.3369
 10
-16.0784
 20
-5.3019
 10
-16.0899
 20
-5.2668
 10
-16.1014
 20
-5.2317
 10
-16.1128
 20
-5.1965
 10
-16.1241
 20
-5.1614
 10
-16.1353
 20
-5.1262
 10
-16.1464
 20
-5.0909
 10
-16.1575
 20
-5.0557
 10
-16.1685
 20
-5.0204
 10
-16.1794
 20
-4.9852
 10
-16.1902
 20
-4.9499
 10
-16.201
 20
-4.9145
 10
-16.2117
 20
-4.8792
 10
-16.2223
 20
-4.8438
 10
-16.2328
 20
-4.8084
 10
-16.2433
 20
-4.773
 10
-16.2536
 20
-4.7375
 10
-16.2639
 20
-4.702
 10
-16.2742
 20
-4.6665
 10
-16.2843
 20
-4.631
 10
-16.2944
 20
-4.5955
 10
-16.3044
 20
-4.5599
 10
-16.3143
 20
-4.5243
 10
-16.3241
 20
-4.4887
 10
-16.3338
 20
-4.4531
 10
-16.3435
 20
-4.4175
 10
-16.3531
 20
-4.3818
 10
-16.3626
 20
-4.3461
 10
-16.3721
 20
-4.3104
 10
-16.3815
 20
-4.2747
 10
-16.3907
 20
-4.2389
 10
-16.3999
 20
-4.2032
 10
-16.4091
 20
-4.1674
 10
-16.4181
 20
-4.1316
 10
-16.4271
 20
-4.0957
 10
-16.436
 20
-4.0599
 10
-16.4448
 20
-4.024
 10
-16.4536
 20
-3.9881
 10
-16.4622
 20
-3.9522
 10
-16.4708
 20
-3.9163
 10
-16.4793
 20
-3.8804
 10
-16.4877
 20
-3.8444
 10
-16.4961
 20
-3.8084
 10
-16.5044
 20
-3.7724
 10
-16.5125
 20
-3.7364
 10
-16.5207
 20
-3.7004
 10
-16.5287
 20
-3.6643
 10
-16.5366
 20
-3.6283
 10
-16.5445
 20
-3.5922
 10
-16.5523
 20
-3.5561
 10
-16.56
 20
-3.5199
 10
-16.5677
 20
-3.4838
 10
-16.5752
 20
-3.4477
 10
-16.5827
 20
-3.4115
 10
-16.5901
 20
-3.3753
 10
-16.5974
 20
-3.3391
 10
-16.6047
 20
-3.3029
 10
-16.6119
 20
-3.2666
 10
-16.6189
 20
-3.2304
 10
-16.626
 20
-3.1941
 10
-16.6329
 20
-3.1579
 10
-16.6397
 20
-3.1216
 10
-16.6465
 20
-3.0852
 10
-16.6532
 20
-3.0489
 10
-16.6598
 20
-3.0126
 10
-16.6663
 20
-2.9762
 10
-16.6728
 20
-2.9399
 10
-16.6792
 20
-2.9035
 10
-16.6855
 20
-2.8671
 10
-16.6917
 20
-2.8307
 10
-16.6978
 20
-2.7943
 10
-16.7039
 20
-2.7578
 10
-16.7098
 20
-2.7214
 10
-16.7157
 20
-2.6849
 10
-16.7216
 20
-2.6484
 10
-16.7273
 20
-2.6119
 10
-16.733
 20
-2.5754
 10
-16.7385
 20
-2.5389
 10
-16.744
 20
-2.5024
 10
-16.7495
 20
-2.4659
 10
-16.7548
 20
-2.4293
 10
-16.7601
 20
-2.3928
 10
-16.7652
 20
-2.3562
 10
-16.7703
 20
-2.3196
 10
-16.7754
 20
-2.283
 10
-16.7803
 20
-2.2464
 10
-16.7852
 20
-2.2098
 10
-16.7899
 20
-2.1732
 10
-16.7946
 20
-2.1365
 10
-16.7993
 20
-2.0999
 10
-16.8038
 20
-2.0632
 10
-16.8083
 20
-2.0266
 10
-16.8126
 20
-1.9899
 10
-16.817
 20
-1.9532
 10
-16.8212
 20
-1.9165
 10
-16.8253
 20
-1.8798
 10
-16.8294
 20
-1.8431
 10
-16.8334
 20
-1.8064
 10
-16.8373
 20
-1.7697
 10
-16.8411
 20
-1.7329
 10
-16.8448
 20
-1.6962
 10
-16.8485
 20
-1.6594
 10
-16.8521
 20
-1.6227
 10
-16.8556
 20
-1.5859
 10
-16.859
 20
-1.5491
 10
-16.8623
 20
-1.5123
 10
-16.8656
 20
-1.4755
 10
-16.8688
 20
-1.4387
 10
-16.8719
 20
-1.4019
 10
-16.8749
 20
-1.3651
 10
-16.8778
 20
-1.3283
 10
-16.8807
 20
-1.2915
 10
-16.8834
 20
-1.2547
 10
-16.8861
 20
-1.2178
 10
-16.8888
 20
-1.181
 10
-16.8913
 20
-1.1441
 10
-16.8938
 20
-1.1073
 10
-16.8961
 20
-1.0704
 10
-16.8984
 20
-1.0336
 10
-16.9006
 20
-0.9967
 10
-16.9028
 20
-0.9598
 10
-16.9048
 20
-0.9229
 10
-16.9068
 20
-0.886
 10
-16.9087
 20
-0.8492
 10
-16.9105
 20
-0.8123
 10
-16.9122
 20
-0.7754
 10
-16.9139
 20
-0.7385
 10
-16.9155
 20
-0.7016
 10
-16.9169
 20
-0.6647
 10
-16.9184
 20
-0.6278
 10
-16.9197
 20
-0.5908
 10
-16.9209
 20
-0.5539
 10
-16.9221
 20
-0.517
 10
-16.9232
 20
-0.4801
 10
-16.9242
 20
-0.4432
 10
-16.9251
 20
-0.4063
 10
-16.926
 20
-0.3693
 10
-16.9267
 20
-0.3324
 10
-16.9274
 20
-0.2955
 10
-16.928
 20
-0.2585
 10
-16.9285
 20
-0.2216
 10
-16.929
 20
-0.1847
 10
-16.9294
 20
-0.1477
 10
-16.9296
 20
-0.1108
 10
-16.9298
 20
-0.0739
 10
-16.93
 20
-0.0369
 10
-16.93
 20
0.0
 10
-16.93
 20
0.0369
 10
-16.9298
 20
0.0739
 10
-16.9296
 20
0.1108
 10
-16.9294
 20
0.1477
 10
-16.929
 20
0.1847
 10
-16.9285
 20
0.2216
 10
-16.928
 20
0.2585
 10
-16.9274
 20
0.2955
 10
-16.9267
 20
0.3324
 10
-16.926
 20
0.3693
 10
-16.9251
 20
0.4063
 10
-16.9242
 20
0.4432
 10
-16.9232
 20
0.4801
 10
-16.9221
 20
0.517
 10
-16.9209
 20
0.5539
 10
-16.9197
 20
0.5908
 10
-16.9184
 20
0.6278
 10
-16.9169
 20
0.6647
 10
-16.9155
 20
0.7016
 10
-16.9139
 20
0.7385
 10
-16.9122
 20
0.7754
 10
-16.9105
 20
0.8123
 10
-16.9087
 20
0.8492
 10
-16.9068
 20
0.886
 10
-16.9048
 20
0.9229
 10
-16.9028
 20
0.9598
 10
-16.9006
 20
0.9967
 10
-16.8984
 20
1.0336
 10
-16.8961
 20
1.0704
 10
-16.8938
 20
1.1073
 10
-16.8913
 20
1.1441
 10
-16.8888
 20
1.181
 10
-16.8861
 20
1.2178
 10
-16.8834
 20
1.2547
 10
-16.8807
 20
1.2915
 10
-16.8778
 20
1.3283
 10
-16.8749
 20
1.3651
 10
-16.8719
 20
1.4019
 10
-16.8688
 20
1.4387
 10
-16.8656
 20
1.4755
 10
-16.8623
 20
1.5123
 10
-16.859
 20
1.5491
 10
-16.8556
 20
1.5859
 10
-16.8521
 20
1.6227
 10
-16.8485
 20
1.6594
 10
-16.8448
 20
1.6962
 10
-16.8411
 20
1.7329
 10
-16.8373
 20
1.7697
 10
-16.8334
 20
1.8064
 10
-16.8294
 20
1.8431
 10
-16.8253
 20
1.8798
 10
-16.8212
 20
1.9165
 10
-16.817
 20
1.9532
 10
-16.8126
 20
1.9899
 10
-16.8083
 20
2.0266
 10
-16.8038
 20
2.0632
 10
-16.7993
 20
2.0999
 10
-16.7946
 20
2.1365
 10
-16.7899
 20
2.1732
 10
-16.7852
 20
2.2098
 10
-16.7803
 20
2.2464
 10
-16.7754
 20
2.283
 10
-16.7703
 20
2.3196
 10
-16.7652
 20
2.3562
 10
-16.7601
 20
2.3928
 10
-16.7548
 20
2.4293
 10
-16.7495
 20
2.4659
 10
-16.744
 20
2.5024
 10
-16.7385
 20
2.5389
 10
-16.733
 20
2.5754
 10
-16.7273
 20
2.6119
 10
-16.7216
 20
2.6484
 10
-16.7157
 20
2.6849
 10
-16.7098
 20
2.7214
 10
-16.7039
 20
2.7578
 10
-16.6978
 20
2.7943
 10
-16.6917
 20
2.8307
 10
-16.6855
 20
2.8671
 10
-16.6792
 20
2.9035
 10
-16.6728
 20
2.9399
 10
-16.6663
 20
2.9762
 10
-16.6598
 20
3.0126
 10
-16.6532
 20
3.0489
 10
-16.6465
 20
3.0852
 10
-16.6397
 20
3.1216
 10
-16.6329
 20
3.1579
 10
-16.626
 20
3.1941
 10
-16.6189
 20
3.2304
 10
-16.6119
 20
3.2666
 10
-16.6047
 20
3.3029
 10
-16.5974
 20
3.3391
 10
-16.5901
 20
3.3753
 10
-16.5827
 20
3.4115
 10
-16.5752
 20
3.4477
 10
-16.5677
 20
3.4838
 10
-16.56
 20
3.5199
 10
-16.5523
 20
3.5561
 10
-16.5445
 20
3.5922
 10
-16.5366
 20
3.6283
 10
-16.5287
 20
3.6643
 10
-16.5207
 20
3.7004
 10
-16.5125
 20
3.7364
 10
-16.5044
 20
3.7724
 10
-16.4961
 20
3.8084
 10
-16.4877
 20
3.8444
 10
-16.4793
 20
3.8804
 10
-16.4708
 20
3.9163
 10
-16.4622
 20
3.9522
 10
-16.4536
 20
3.9881
 10
-16.4448
 20
4.024
 10
-16.436
 20
4.0599
 10
-16.4271
 20
4.0957
 10
-16.4181
 20
4.1316
 10
-16.4091
 20
4.1674
 10
-16.3999
 20
4.2032
 10
-16.3907
 20
4.2389
 10
-16.3815
 20
4.2747
 10
-16.3721
 20
4.3104
 10
-16.3626
 20
4.3461
 10
-16.3531
 20
4.3818
 10
-16.3435
 20
4.4175
 10
-16.3338
 20
4.4531
 10
-16.3241
 20
4.4887
 10
-16.3143
 20
4.5243
 10
-16.3044
 20
4.5599
 10
-16.2944
 20
4.5955
 10
-16.2843
 20
4.631
 10
-16.2742
 20
4.6665
 10
-16.2639
 20
4.702
 10
-16.2536
 20
4.7375
 10
-16.2433
 20
4.773
 10
-16.2328
 20
4.8084
 10
-16.2223
 20
4.8438
 10
-16.2117
 20
4.8792
 10
-16.201
 20
4.9145
 10
-16.1902
 20
4.9499
 10
-16.1794
 20
4.9852
 10
-16.1685
 20
5.0204
 10
-16.1575
 20
5.0557
 10
-16.1464
 20
5.0909
 10
-16.1353
 20
5.1262
 10
-16.1241
 20
5.1614
 10
-16.1128
 20
5.1965
 10
-16.1014
 20
5.2317
 10
-16.0899
 20
5.2668
 10
-16.0784
 20
5.3019
 10
-16.0668
 20
5.3369
 10
-16.0551
 20
5.372
 10
-16.0434
 20
5.407
 10
-16.0315
 20
5.442
 10
-16.0196
 20
5.4769
 10
-16.0076
 20
5.5119
 10
-15.9956
 20
5.5468
 10
-15.9834
 20
5.5817
 10
-15.9712
 20
5.6165
 10
-15.9589
 20
5.6514
 10
-15.9466
 20
5.6862
 10
-15.9341
 20
5.7209
 10
-15.9216
 20
5.7557
 10
-15.909
 20
5.7904
 10
-15.8963
 20
5.8251
 10
-15.8836
 20
5.8598
 10
-15.8708
 20
5.8944
 10
-15.8579
 20
5.929
 10
-15.8449
 20
5.9636
 10
-15.8318
 20
5.9981
 10
-15.8187
 20
6.0327
 10
-15.8055
 20
6.0672
 10
-15.7922
 20
6.1016
 10
-15.7789
 20
6.1361
 10
-15.7655
 20
6.1705
 10
-15.752
 20
6.2049
 10
-15.7384
 20
6.2392
 10
-15.7247
 20
6.2735
 10
-15.711
 20
6.3078
 10
-15.6972
 20
6.3421
 10
-15.6833
 20
6.3763
 10
-15.6694
 20
6.4105
 10
-15.6554
 20
6.4447
 10
-15.6413
 20
6.4788
 10
-15.6271
 20
6.5129
 10
-15.6129
 20
6.547
 10
-15.5985
 20
6.5811
 10
-15.5841
 20
6.6151
 10
-15.5697
 20
6.6491
 10
-15.5551
 20
6.683
 10
-15.5405
 20
6.7169
 10
-15.5258
 20
6.7508
 10
-15.5111
 20
6.7847
 10
-15.4962
 20
6.8185
 10
-15.4813
 20
6.8523
 10
-15.4663
 20
6.8861
 10
-15.4513
 20
6.9198
 10
-15.4361
 20
6.9535
 10
-15.4209
 20
6.9871
 10
-15.4056
 20
7.0208
 10
-15.3903
 20
7.0543
 10
-15.3749
 20
7.0879
 10
-15.3594
 20
7.1214
 10
-15.3438
 20
7.1549
 10
-15.3281
 20
7.1884
 10
-15.3124
 20
7.2218
 10
-15.2966
 20
7.2552
 10
-15.2808
 20
7.2886
 10
-15.2648
 20
7.3219
 10
-15.2488
 20
7.3552
 10
-15.2327
 20
7.3884
 10
-15.2166
 20
7.4216
 10
-15.2004
 20
7.4548
 10
-15.1841
 20
7.4879
 10
-15.1677
 20
7.5211
 10
-15.1512
 20
7.5541
 10
-15.1347
 20
7.5872
 10
-15.1181
 20
7.6202
 10
-15.1015
 20
7.6531
 10
-15.0847
 20
7.6861
 10
-15.0679
 20
7.719
 10
-15.0511
 20
7.7518
 10
-15.0341
 20
7.7846
 10
-15.0171
 20
7.8174
 10
-15.0
 20
7.8501
 10
-14.9828
 20
7.8829
 10
-14.9656
 20
7.9155
 10
-14.9483
 20
7.9482
 10
-14.9309
 20
7.9807
 10
-14.9135
 20
8.0133
 10
-14.896
 20
8.0458
 10
-14.8784
 20
8.0783
 10
-14.8607
 20
8.1107
 10
-14.843
 20
8.1431
 10
-14.8252
 20
8.1755
 10
-14.8073
 20
8.2078
 10
-14.7894
 20
8.2401
 10
-14.7714
 20
8.2724
 10
-14.7533
 20
8.3046
 10
-14.7351
 20
8.3367
 10
-14.7169
 20
8.3689
 10
-14.6986
 20
8.4009
 10
-14.6802
 20
8.433
 10
-14.6618
 20
8.465
 10
-14.6433
 20
8.497
 10
-14.6247
 20
8.5289
 10
-14.6061
 20
8.5608
 10
-14.5874
 20
8.5926
 10
-14.5686
 20
8.6244
 10
-14.5498
 20
8.6562
 10
-14.5308
 20
8.6879
 10
-14.5118
 20
8.7196
 10
-14.4928
 20
8.7512
 10
-14.4737
 20
8.7828
 10
-14.4545
 20
8.8144
 10
-14.4352
 20
8.8459
 10
-14.4159
 20
8.8774
 10
-14.3965
 20
8.9088
 10
-14.377
 20
8.9402
 10
-14.3575
 20
8.9715
 10
-14.3378
 20
9.0028
 10
-14.3182
 20
9.0341
 10
-14.2984
 20
9.0653
 10
-14.2786
 20
9.0965
 10
-14.2587
 20
9.1276
 10
-14.2388
 20
9.1587
 10
-14.2188
 20
9.1897
 10
-14.1987
 20
9.2207
 10
-14.1785
 20
9.2517
 10
-14.1583
 20
9.2826
 10
-14.138
 20
9.3135
 10
-14.1177
 20
9.3443
 10
-14.0973
 20
9.3751
 10
-14.0768
 20
9.4058
 10
-14.0562
 20
9.4365
 10
-14.0356
 20
9.4671
 10
-14.0149
 20
9.4977
 10
-13.9942
 20
9.5283
 10
-13.9733
 20
9.5588
 10
-13.9525
 20
9.5893
 10
-13.9315
 20
9.6197
 10
-13.9105
 20
9.65
 10
-13.8894
 20
9.6804
 10
-13.8682
 20
9.7106
 10
-13.847
 20
9.7409
 10
-13.8257
 20
9.7711
 10
-13.8044
 20
9.8012
 10
-13.783
 20
9.8313
 10
-13.7615
 20
9.8613
 10
-13.7399
 20
9.8913
 10
-13.7183
 20
9.9213
 10
-13.6967
 20
9.9512
 10
-13.6749
 20
9.9811
 10
-13.6531
 20
10.0109
 10
-13.6312
 20
10.0406
 10
-13.6093
 20
10.0703
 10
-13.5873
 20
10.1
 10
-13.5652
 20
10.1296
 10
-13.5431
 20
10.1592
 10
-13.5209
 20
10.1887
 10
-13.4986
 20
10.2182
 10
-13.4763
 20
10.2476
 10
-13.4539
 20
10.277
 10
-13.4315
 20
10.3063
 10
-13.409
 20
10.3356
 10
-13.3864
 20
10.3648
 10
-13.3637
 20
10.394
 10
-13.341
 20
10.4231
 10
-13.3183
 20
10.4522
 10
-13.2954
 20
10.4813
 10
-13.2725
 20
10.5102
 10
-13.2496
 20
10.5392
 10
-13.2265
 20
10.5681
 10
-13.2034
 20
10.5969
 10
-13.1803
 20
10.6257
 10
-13.1571
 20
10.6544
 10
-13.1338
 20
10.6831
 10
-13.1105
 20
10.7117
 10
-13.0871
 20
10.7403
 10
-13.0636
 20
10.7688
 10
-13.0401
 20
10.7973
 10
-13.0165
 20
10.8257
 10
-12.9928
 20
10.8541
 10
-12.9691
 20
10.8824
 10
-12.9454
 20
10.9107
 10
-12.9215
 20
10.9389
 10
-12.8976
 20
10.967
 10
-12.8737
 20
10.9952
 10
-12.8497
 20
11.0232
 10
-12.8256
 20
11.0512
 10
-12.8014
 20
11.0792
 10
-12.7772
 20
11.1071
 10
-12.753
 20
11.1349
 10
-12.7286
 20
11.1627
 10
-12.7043
 20
11.1905
 10
-12.6798
 20
11.2182
 10
-12.6553
 20
11.2458
 10
-12.6308
 20
11.2734
 10
-12.6061
 20
11.3009
 10
-12.5814
 20
11.3284
 10
-12.5567
 20
11.3558
 10
-12.5319
 20
11.3832
 10
-12.507
 20
11.4105
 10
-12.4821
 20
11.4377
 10
-12.4571
 20
11.4649
 10
-12.4321
 20
11.4921
 10
-12.407
 20
11.5192
 10
-12.3818
 20
11.5462
 10
-12.3566
 20
11.5732
 10
-12.3313
 20
11.6001
 10
-12.306
 20
11.627
 10
-12.2806
 20
11.6538
 10
-12.2551
 20
11.6806
 10
-12.2296
 20
11.7073
 10
-12.2041
 20
11.734
 10
-12.1784
 20
11.7606
 10
-12.1527
 20
11.7871
 10
-12.127
 20
11.8136
 10
-12.1012
 20
11.84
 10
-12.0753
 20
11.8664
 10
-12.0494
 20
11.8927
 10
-12.0234
 20
11.919
 10
-11.9974
 20
11.9452
 10
-11.9713
 20
11.9713
 10
-11.9452
 20
11.9974
 10
-11.919
 20
12.0234
 10
-11.8927
 20
12.0494
 10
-11.8664
 20
12.0753
 10
-11.84
 20
12.1012
 10
-11.8136
 20
12.127
 10
-11.7871
 20
12.1527
 10
-11.7606
 20
12.1784
 10
-11.734
 20
12.2041
 10
-11.7073
 20
12.2296
 10
-11.6806
 20
12.2551
 10
-11.6538
 20
12.2806
 10
-11.627
 20
12.306
 10
-11.6001
 20
12.3313
 10
-11.5732
 20
12.3566
 10
-11.5462
 20
12.3818
 10
-11.5192
 20
12.407
 10
-11.4921
 20
12.4321
 10
-11.4649
 20
12.4571
 10
-11.4377
 20
12.4821
 10
-11.4105
 20
12.507
 10
-11.3832
 20
12.5319
 10
-11.3558
 20
12.5567
 10
-11.3284
 20
12.5814
 10
-11.3009
 20
12.6061
 10
-11.2734
 20
12.6308
 10
-11.2458
 20
12.6553
 10
-11.2182
 20
12.6798
 10
-11.1905
 20
12.7043
 10
-11.1627
 20
12.7286
 10
-11.1349
 20
12.753
 10
-11.1071
 20
12.7772
 10
-11.0792
 20
12.8014
 10
-11.0512
 20
12.8256
 10
-11.0232
 20
12.8497
 10
-10.9952
 20
12.8737
 10
-10.967
 20
12.8976
 10
-10.9389
 20
12.9215
 10
-10.9107
 20
12.9454
 10
-10.8824
 20
12.9691
 10
-10.8541
 20
12.9928
 10
-10.8257
 20
13.0165
 10
-10.7973
 20
13.0401
 10
-10.7688
 20
13.0636
 10
-10.7403
 20
13.0871
 10
-10.7117
 20
13.1105
 10
-10.6831
 20
13.1338
 10
-10.6544
 20
13.1571
 10
-10.6257
 20
13.1803
 10
-10.5969
 20
13.2034
 10
-10.5681
 20
13.2265
 10
-10.5392
 20
13.2496
 10
-10.5102
 20
13.2725
 10
-10.4813
 20
13.2954
 10
-10.4522
 20
13.3183
 10
-10.4231
 20
13.341
 10
-10.394
 20
13.3637
 10
-10.3648
 20
13.3864
 10
-10.3356
 20
13.409
 10
-10.3063
 20
13.4315
 10
-10.277
 20
13.4539
 10
-10.2476
 20
13.4763
 10
-10.2182
 20
13.4986
 10
-10.1887
 20
13.5209
 10
-10.1592
 20
13.5431
 10
-10.1296
 20
13.5652
 10
-10.1
 20
13.5873
 10
-10.0703
 20
13.6093
 10
-10.0406
 20
13.6312
 10
-10.0109
 20
13.6531
 10
-9.9811
 20
13.6749
 10
-9.9512
 20
13.6967
 10
-9.9213
 20
13.7183
 10
-9.8913
 20
13.7399
 10
-9.8613
 20
13.7615
 10
-9.8313
 20
13.783
 10
-9.8012
 20
13.8044
 10
-9.7711
 20
13.8257
 10
-9.7409
 20
13.847
 10
-9.7106
 20
13.8682
 10
-9.6804
 20
13.8894
 10
-9.65
 20
13.9105
 10
-9.6197
 20
13.9315
 10
-9.5893
 20
13.9525
 10
-9.5588
 20
13.9733
 10
-9.5283
 20
13.9942
 10
-9.4977
 20
14.0149
 10
-9.4671
 20
14.0356
 10
-9.4365
 20
14.0562
 10
-9.4058
 20
14.0768
 10
-9.3751
 20
14.0973
 10
-9.3443
 20
14.1177
 10
-9.3135
 20
14.138
 10
-9.2826
 20
14.1583
 10
-9.2517
 20
14.1785
 10
-9.2207
 20
14.1987
 10
-9.1897
 20
14.2188
 10
-9.1587
 20
14.2388
 10
-9.1276
 20
14.2587
 10
-9.0965
 20
14.2786
 10
-9.0653
 20
14.2984
 10
-9.0341
 20
14.3182
 10
-9.0028
 20
14.3378
 10
-8.9715
 20
14.3575
 10
-8.9402
 20
14.377
 10
-8.9088
 20
14.3965
 10
-8.8774
 20
14.4159
 10
-8.8459
 20
14.4352
 10
-8.8144
 20
14.4545
 10
-8.7828
 20
14.4737
 10
-8.7512
 20
14.4928
 10
-8.7196
 20
14.5118
 10
-8.6879
 20
14.5308
 10
-8.6562
 20
14.5498
 10
-8.6244
 20
14.5686
 10
-8.5926
 20
14.5874
 10
-8.5608
 20
14.6061
 10
-8.5289
 20
14.6247
 10
-8.497
 20
14.6433
 10
-8.465
 20
14.6618
 10
-8.433
 20
14.6802
 10
-8.4009
 20
14.6986
 10
-8.3689
 20
14.7169
 10
-8.3367
 20
14.7351
 10
-8.3046
 20
14.7533
 10
-8.2724
 20
14.7714
 10
-8.2401
 20
14.7894
 10
-8.2078
 20
14.8073
 10
-8.1755
 20
14.8252
 10
-8.1431
 20
14.843
 10
-8.1107
 20
14.8607
 10
-8.0783
 20
14.8784
 10
-8.0458
 20
14.896
 10
-8.0133
 20
14.9135
 10
-7.9807
 20
14.9309
 10
-7.9482
 20
14.9483
 10
-7.9155
 20
14.9656
 10
-7.8829
 20
14.9828
 10
-7.8501
 20
15.0
 10
-7.8174
 20
15.0171
 10
-7.7846
 20
15.0341
 10
-7.7518
 20
15.0511
 10
-7.719
 20
15.0679
 10
-7.6861
 20
15.0847
 10
-7.6531
 20
15.1015
 10
-7.6202
 20
15.1181
 10
-7.5872
 20
15.1347
 10
-7.5541
 20
15.1512
 10
-7.5211
 20
15.1677
 10
-7.4879
 20
15.1841
 10
-7.4548
 20
15.2004
 10
-7.4216
 20
15.2166
 10
-7.3884
 20
15.2327
 10
-7.3552
 20
15.2488
 10
-7.3219
 20
15.2648
 10
-7.2886
 20
15.2808
 10
-7.2552
 20
15.2966
 10
-7.2218
 20
15.3124
 10
-7.1884
 20
15.3281
 10
-7.1549
 20
15.3438
 10
-7.1214
 20
15.3594
 10
-7.0879
 20
15.3749
 10
-7.0543
 20
15.3903
 10
-7.0208
 20
15.4056
 10
-6.9871
 20
15.4209
 10
-6.9535
 20
15.4361
 10
-6.9198
 20
15.4513
 10
-6.8861
 20
15.4663
 10
-6.8523
 20
15.4813
 10
-6.8185
 20
15.4962
 10
-6.7847
 20
15.5111
 10
-6.7508
 20
15.5258
 10
-6.7169
 20
15.5405
 10
-6.683
 20
15.5551
 10
-6.6491
 20
15.5697
 10
-6.6151
 20
15.5841
 10
-6.5811
 20
15.5985
 10
-6.547
 20
15.6129
 10
-6.5129
 20
15.6271
 10
-6.4788
 20
15.6413
 10
-6.4447
 20
15.6554
 10
-6.4105
 20
15.6694
 10
-6.3763
 20
15.6833
 10
-6.3421
 20
15.6972
 10
-6.3078
 20
15.711
 10
-6.2735
 20
15.7247
 10
-6.2392
 20
15.7384
 10
-6.2049
 20
15.752
 10
-6.1705
 20
15.7655
 10
-6.1361
 20
15.7789
 10
-6.1016
 20
15.7922
 10
-6.0672
 20
15.8055
 10
-6.0327
 20
15.8187
 10
-5.9981
 20
15.8318
 10
-5.9636
 20
15.8449
 10
-5.929
 20
15.8579
 10
-5.8944
 20
15.8708
 10
-5.8598
 20
15.8836
 10
-5.8251
 20
15.8963
 10
-5.7904
 20
15.909
 10
-5.7557
 20
15.9216
 10
-5.7209
 20
15.9341
 10
-5.6862
 20
15.9466
 10
-5.6514
 20
15.9589
 10
-5.6165
 20
15.9712
 10
-5.5817
 20
15.9834
 10
-5.5468
 20
15.9956
 10
-5.5119
 20
16.0076
 10
-5.4769
 20
16.0196
 10
-5.442
 20
16.0315
 10
-5.407
 20
16.0434
 10
-5.372
 20
16.0551
 10
-5.3369
 20
16.0668
 10
-5.3019
 20
16.0784
 10
-5.2668
 20
16.0899
 10
-5.2317
 20
16.1014
 10
-5.1965
 20
16.1128
 10
-5.1614
 20
16.1241
 10
-5.1262
 20
16.1353
 10
-5.0909
 20
16.1464
 10
-5.0557
 20
16.1575
 10
-5.0204
 20
16.1685
 10
-4.9852
 20
16.1794
 10
-4.9499
 20
16.1902
 10
-4.9145
 20
16.201
 10
-4.8792
 20
16.2117
 10
-4.8438
 20
16.2223
 10
-4.8084
 20
16.2328
 10
-4.773
 20
16.2433
 10
-4.7375
 20
16.2536
 10
-4.702
 20
16.2639
 10
-4.6665
 20
16.2742
 10
-4.631
 20
16.2843
 10
-4.5955
 20
16.2944
 10
-4.5599
 20
16.3044
 10
-4.5243
 20
16.3143
 10
-4.4887
 20
16.3241
 10
-4.4531
 20
16.3338
 10
-4.4175
 20
16.3435
 10
-4.3818
 20
16.3531
 10
-4.3461
 20
16.3626
 10
-4.3104
 20
16.3721
 10
-4.2747
 20
16.3815
 10
-4.2389
 20
16.3907
 10
-4.2032
 20
16.3999
 10
-4.1674
 20
16.4091
 10
-4.1316
 20
16.4181
 10
-4.0957
 20
16.4271
 10
-4.0599
 20
16.436
 10
-4.024
 20
16.4448
 10
-3.9881
 20
16.4536
 10
-3.9522
 20
16.4622
 10
-3.9163
 20
16.4708
 10
-3.8804
 20
16.4793
 10
-3.8444
 20
16.4877
 10
-3.8084
 20
16.4961
 10
-3.7724
 20
16.5044
 10
-3.7364
 20
16.5125
 10
-3.7004
 20
16.5207
 10
-3.6643
 20
16.5287
 10
-3.6283
 20
16.5366
 10
-3.5922
 20
16.5445
 10
-3.5561
 20
16.5523
 10
-3.5199
 20
16.56
 10
-3.4838
 20
16.5677
 10
-3.4477
 20
16.5752
 10
-3.4115
 20
16.5827
 10
-3.3753
 20
16.5901
 10
-3.3391
 20
16.5974
 10
-3.3029
 20
16.6047
 10
-3.2666
 20
16.6119
 10
-3.2304
 20
16.6189
 10
-3.1941
 20
16.626
 10
-3.1579
 20
16.6329
 10
-3.1216
 20
16.6397
 10
-3.0852
 20
16.6465
 10
-3.0489
 20
16.6532
 10
-3.0126
 20
16.6598
 10
-2.9762
 20
16.6663
 10
-2.9399
 20
16.6728
 10
-2.9035
 20
16.6792
 10
-2.8671
 20
16.6855
 10
-2.8307
 20
16.6917
 10
-2.7943
 20
16.6978
 10
-2.7578
 20
16.7039
 10
-2.7214
 20
16.7098
 10
-2.6849
 20
16.7157
 10
-2.6484
 20
16.7216
 10
-2.6119
 20
16.7273
 10
-2.5754
 20
16.733
 10
-2.5389
 20
16.7385
 10
-2.5024
 20
16.744
 10
-2.4659
 20
16.7495
 10
-2.4293
 20
16.7548
 10
-2.3928
 20
16.7601
 10
-2.3562
 20
16.7652
 10
-2.3196
 20
16.7703
 10
-2.283
 20
16.7754
 10
-2.2464
 20
16.7803
 10
-2.2098
 20
16.7852
 10
-2.1732
 20
16.7899
 10
-2.1365
 20
16.7946
 10
-2.0999
 20
16.7993
 10
-2.0632
 20
16.8038
 10
-2.0266
 20
16.8083
 10
-1.9899
 20
16.8126
 10
-1.9532
 20
16.817
 10
-1.9165
 20
16.8212
 10
-1.8798
 20
16.8253
 10
-1.8431
 20
16.8294
 10
-1.8064
 20
16.8334
 10
-1.7697
 20
16.8373
 10
-1.7329
 20
16.8411
 10
-1.6962
 20
16.8448
 10
-1.6594
 20
16.8485
 10
-1.6227
 20
16.8521
 10
-1.5859
 20
16.8556
 10
-1.5491
 20
16.859
 10
-1.5123
 20
16.8623
 10
-1.4755
 20
16.8656
 10
-1.4387
 20
16.8688
 10
-1.4019
 20
16.8719
 10
-1.3651
 20
16.8749
 10
-1.3283
 20
16.8778
 10
-1.2915
 20
16.8807
 10
-1.2547
 20
16.8834
 10
-1.2178
 20
16.8861
 10
-1.181
 20
16.8888
 10
-1.1441
 20
16.8913
 10
-1.1073
 20
16.8938
 10
-1.0704
 20
16.8961
 10
-1.0336
 20
16.8984
 10
-0.9967
 20
16.9006
 10
-0.9598
 20
16.9028
 10
-0.9229
 20
16.9048
 10
-0.886
 20
16.9068
 10
-0.8492
 20
16.9087
 10
-0.8123
 20
16.9105
 10
-0.7754
 20
16.9122
 10
-0.7385
 20
16.9139
 10
-0.7016
 20
16.9155
 10
-0.6647
 20
16.9169
 10
-0.6278
 20
16.9184
 10
-0.5908
 20
16.9197
 10
-0.5539
 20
16.9209
 10
-0.517
 20
16.9221
 10
-0.4801
 20
16.9232
 10
-0.4432
 20
16.9242
 10
-0.4063
 20
16.9251
 10
-0.3693
 20
16.926
 10
-0.3324
 20
16.9267
 10
-0.2955
 20
16.9274
 10
-0.2585
 20
16.928
 10
-0.2216
 20
16.9285
 10
-0.1847
 20
16.929
 10
-0.1477
 20
16.9294
 10
-0.1108
 20
16.9296
 10
-0.0739
 20
16.9298
 10
-0.0369
 20
16.93
 10
0.0
 20
16.93
 10
0.0369
 20
16.93
 10
0.0739
 20
16.9298
 10
0.1108
 20
16.9296
 10
0.1477
 20
16.9294
 10
0.1847
 20
16.929
 10
0.2216
 20
16.9285
 10
0.2585
 20
16.928
 10
0.2955
 20
16.9274
 10
0.3324
 20
16.9267
 10
0.3693
 20
16.926
 10
0.4063
 20
16.9251
 10
0.4432
 20
16.9242
 10
0.4801
 20
16.9232
 10
0.517
 20
16.9221
 10
0.5539
 20
16.9209
 10
0.5908
 20
16.9197
 10
0.6278
 20
16.9184
 10
0.6647
 20
16.9169
 10
0.7016
 20
16.9155
 10
0.7385
 20
16.9139
 10
0.7754
 20
16.9122
 10
0.8123
 20
16.9105
 10
0.8492
 20
16.9087
 10
0.886
 20
16.9068
 10
0.9229
 20
16.9048
 10
0.9598
 20
16.9028
 10
0.9967
 20
16.9006
 10
1.0336
 20
16.8984
 10
1.0704
 20
16.8961
 10
1.1073
 20
16.8938
 10
1.1441
 20
16.8913
 10
1.181
 20
16.8888
 10
1.2178
 20
16.8861
 10
1.2547
 20
16.8834
 10
1.2915
 20
16.8807
 10
1.3283
 20
16.8778
 10
1.3651
 20
16.8749
 10
1.4019
 20
16.8719
 10
1.4387
 20
16.8688
 10
1.4755
 20
16.8656
 10
1.5123
 20
16.8623
 10
1.5491
 20
16.859
 10
1.5859
 20
16.8556
 10
1.6227
 20
16.8521
 10
1.6594
 20
16.8485
 10
1.6962
 20
16.8448
 10
1.7329
 20
16.8411
 10
1.7697
 20
16.8373
 10
1.8064
 20
16.8334
 10
1.8431
 20
16.8294
 10
1.8798
 20
16.8253
 10
1.9165
 20
16.8212
 10
1.9532
 20
16.817
 10
1.9899
 20
16.8126
 10
2.0266
 20
16.8083
 10
2.0632
 20
16.8038
 10
2.0999
 20
16.7993
 10
2.1365
 20
16.7946
 10
2.1732
 20
16.7899
 10
2.2098
 20
16.7852
 10
2.2464
 20
16.7803
 10
2.283
 20
16.7754
 10
2.3196
 20
16.7703
 10
2.3562
 20
16.7652
 10
2.3928
 20
16.7601
 10
2.4293
 20
16.7548
 10
2.4659
 20
16.7495
 10
2.5024
 20
16.744
 10
2.5389
 20
16.7385
 10
2.5754
 20
16.733
 10
2.6119
 20
16.7273
 10
2.6484
 20
16.7216
 10
2.6849
 20
16.7157
 10
2.7214
 20
16.7098
 10
2.7578
 20
16.7039
 10
2.7943
 20
16.6978
 10
2.8307
 20
16.6917
 10
2.8671
 20
16.6855
 10
2.9035
 20
16.6792
 10
2.9399
 20
16.6728
 10
2.9762
 20
16.6663
 10
3.0126
 20
16.6598
 10
3.0489
 20
16.6532
 10
3.0852
 20
16.6465
 10
3.1216
 20
16.6397
 10
3.1579
 20
16.6329
 10
3.1941
 20
16.626
 10
3.2304
 20
16.6189
 10
3.2666
 20
16.6119
 10
3.3029
 20
16.6047
 10
3.3391
 20
16.5974
 10
3.3753
 20
16.5901
 10
3.4115
 20
16.5827
 10
3.4477
 20
16.5752
 10
3.4838
 20
16.5677
 10
3.5199
 20
16.56
 10
3.5561
 20
16.5523
 10
3.5922
 20
16.5445
 10
3.6283
 20
16.5366
 10
3.6643
 20
16.5287
 10
3.7004
 20
16.5207
 10
3.7364
 20
16.5125
 10
3.7724
 20
16.5044
 10
3.8084
 20
16.4961
 10
3.8444
 20
16.4877
 10
3.8804
 20
16.4793
 10
3.9163
 20
16.4708
 10
3.9522
 20
16.4622
 10
3.9881
 20
16.4536
 10
4.024
 20
16.4448
 10
4.0599
 20
16.436
 10
4.0957
 20
16.4271
 10
4.1316
 20
16.4181
 10
4.1674
 20
16.4091
 10
4.2032
 20
16.3999
 10
4.2389
 20
16.3907
 10
4.2747
 20
16.3815
 10
4.3104
 20
16.3721
 10
4.3461
 20
16.3626
 10
4.3818
 20
16.3531
 10
4.4175
 20
16.3435
 10
4.4531
 20
16.3338
 10
4.4887
 20
16.3241
 10
4.5243
 20
16.3143
 10
4.5599
 20
16.3044
 10
4.5955
 20
16.2944
 10
4.631
 20
16.2843
 10
4.6665
 20
16.2742
 10
4.702
 20
16.2639
 10
4.7375
 20
16.2536
 10
4.773
 20
16.2433
 10
4.8084
 20
16.2328
 10
4.8438
 20
16.2223
 10
4.8792
 20
16.2117
 10
4.9145
 20
16.201
 10
4.9499
 20
16.1902
 10
4.9852
 20
16.1794
 10
5.0204
 20
16.1685
 10
5.0557
 20
16.1575
 10
5.0909
 20
16.1464
 10
5.1262
 20
16.1353
 10
5.1614
 20
16.1241
 10
5.1965
 20
16.1128
 10
5.2317
 20
16.1014
 10
5.2668
 20
16.0899
 10
5.3019
 20
16.0784
 10
5.3369
 20
16.0668
 10
5.372
 20
16.0551
 10
5.407
 20
16.0434
 10
5.442
 20
16.0315
 10
5.4769
 20
16.0196
 10
5.5119
 20
16.0076
 10
5.5468
 20
15.9956
 10
5.5817
 20
15.9834
 10
5.6165
 20
15.9712
 10
5.6514
 20
15.9589
 10
5.6862
 20
15.9466
 10
5.7209
 20
15.9341
 10
5.7557
 20
15.9216
 10
5.7904
 20
15.909
 10
5.8251
 20
15.8963
 10
5.8598
 20
15.8836
 10
5.8944
 20
15.8708
 10
5.929
 20
15.8579
 10
5.9636
 20
15.8449
 10
5.9981
 20
15.8318
 10
6.0327
 20
15.8187
 10
6.0672
 20
15.8055
 10
6.1016
 20
15.7922
 10
6.1361
 20
15.7789
 10
6.1705
 20
15.7655
 10
6.2049
 20
15.752
 10
6.2392
 20
15.7384
 10
6.2735
 20
15.7247
 10
6.3078
 20
15.711
 10
6.3421
 20
15.6972
 10
6.3763
 20
15.6833
 10
6.4105
 20
15.6694
 10
6.4447
 20
15.6554
 10
6.4788
 20
15.6413
 10
6.5129
 20
15.6271
 10
6.547
 20
15.6129
 10
6.5811
 20
15.5985
 10
6.6151
 20
15.5841
 10
6.6491
 20
15.5697
 10
6.683
 20
15.5551
 10
6.7169
 20
15.5405
 10
6.7508
 20
15.5258
 10
6.7847
 20
15.5111
 10
6.8185
 20
15.4962
 10
6.8523
 20
15.4813
 10
6.8861
 20
15.4663
 10
6.9198
 20
15.4513
 10
6.9535
 20
15.4361
 10
6.9871
 20
15.4209
 10
7.0208
 20
15.4056
 10
7.0543
 20
15.3903
 10
7.0879
 20
15.3749
 10
7.1214
 20
15.3594
 10
7.1549
 20
15.3438
 10
7.1884
 20
15.3281
 10
7.2218
 20
15.3124
 10
7.2552
 20
15.2966
 10
7.2886
 20
15.2808
 10
7.3219
 20
15.2648
 10
7.3552
 20
15.2488
 10
7.3884
 20
15.2327
 10
7.4216
 20
15.2166
 10
7.4548
 20
15.2004
 10
7.4879
 20
15.1841
 10
7.5211
 20
15.1677
 10
7.5541
 20
15.1512
 10
7.5872
 20
15.1347
 10
7.6202
 20
15.1181
 10
7.6531
 20
15.1015
 10
7.6861
 20
15.0847
 10
7.719
 20
15.0679
 10
7.7518
 20
15.0511
 10
7.7846
 20
15.0341
 10
7.8174
 20
15.0171
 10
7.8501
 20
15.0
 10
7.8829
 20
14.9828
 10
7.9155
 20
14.9656
 10
7.9482
 20
14.9483
 10
7.9807
 20
14.9309
 10
8.0133
 20
14.9135
 10
8.0458
 20
14.896
 10
8.0783
 20
14.8784
 10
8.1107
 20
14.8607
 10
8.1431
 20
14.843
 10
8.1755
 20
14.8252
 10
8.2078
 20
14.8073
 10
8.2401
 20
14.7894
 10
8.2724
 20
14.7714
 10
8.3046
 20
14.7533
 10
8.3367
 20
14.7351
 10
8.3689
 20
14.7169
 10
8.4009
 20
14.6986
 10
8.433
 20
14.6802
 10
8.465
 20
14.6618
 10
8.497
 20
14.6433
 10
8.5289
 20
14.6247
 10
8.5608
 20
14.6061
 10
8.5926
 20
14.5874
 10
8.6244
 20
14.5686
 10
8.6562
 20
14.5498
 10
8.6879
 20
14.5308
 10
8.7196
 20
14.5118
 10
8.7512
 20
14.4928
 10
8.7828
 20
14.4737
 10
8.8144
 20
14.4545
 10
8.8459
 20
14.4352
 10
8.8774
 20
14.4159
 10
8.9088
 20
14.3965
 10
8.9402
 20
14.377
 10
8.9715
 20
14.3575
 10
9.0028
 20
14.3378
 10
9.0341
 20
14.3182
 10
9.0653
 20
14.2984
 10
9.0965
 20
14.2786
 10
9.1276
 20
14.2587
 10
9.1587
 20
14.2388
 10
9.1897
 20
14.2188
 10
9.2207
 20
14.1987
 10
9.2517
 20
14.1785
 10
9.2826
 20
14.1583
 10
9.3135
 20
14.138
 10
9.3443
 20
14.1177
 10
9.3751
 20
14.0973
 10
9.4058
 20
14.0768
 10
9.4365
 20
14.0562
 10
9.4671
 20
14.0356
 10
9.4977
 20
14.0149
 10
9.5283
 20
13.9942
 10
9.5588
 20
13.9733
 10
9.5893
 20
13.9525
 10
9.6197
 20
13.9315
 10
9.65
 20
13.9105
 10
9.6804
 20
13.8894
 10
9.7106
 20
13.8682
 10
9.7409
 20
13.847
 10
9.7711
 20
13.8257
 10
9.8012
 20
13.8044
 10
9.8313
 20
13.783
 10
9.8613
 20
13.7615
 10
9.8913
 20
13.7399
 10
9.9213
 20
13.7183
 10
9.9512
 20
13.6967
 10
9.9811
 20
13.6749
 10
10.0109
 20
13.6531
 10
10.0406
 20
13.6312
 10
10.0703
 20
13.6093
 10
10.1
 20
13.5873
 10
10.1296
 20
13.5652
 10
10.1592
 20
13.5431
 10
10.1887
 20
13.5209
 10
10.2182
 20
13.4986
 10
10.2476
 20
13.4763
 10
10.277
 20
13.4539
 10
10.3063
 20
13.4315
 10
10.3356
 20
13.409
 10
10.3648
 20
13.3864
 10
10.394
 20
13.3637
 10
10.4231
 20
13.341
 10
10.4522
 20
13.3183
 10
10.4813
 20
13.2954
 10
10.5102
 20
13.2725
 10
10.5392
 20
13.2496
 10
10.5681
 20
13.2265
 10
10.5969
 20
13.2034
 10
10.6257
 20
13.1803
 10
10.6544
 20
13.1571
 10
10.6831
 20
13.1338
 10
10.7117
 20
13.1105
 10
10.7403
 20
13.0871
 10
10.7688
 20
13.0636
 10
10.7973
 20
13.0401
 10
10.8257
 20
13.0165
 10
10.8541
 20
12.9928
 10
10.8824
 20
12.9691
 10
10.9107
 20
12.9454
 10
10.9389
 20
12.9215
 10
10.967
 20
12.8976
 10
10.9952
 20
12.8737
 10
11.0232
 20
12.8497
 10
11.0512
 20
12.8256
 10
11.0792
 20
12.8014
 10
11.1071
 20
12.7772
 10
11.1349
 20
12.753
 10
11.1627
 20
12.7286
 10
11.1905
 20
12.7043
 10
11.2182
 20
12.6798
 10
11.2458
 20
12.6553
 10
11.2734
 20
12.6308
 10
11.3009
 20
12.6061
 10
11.3284
 20
12.5814
 10
11.3558
 20
12.5567
 10
11.3832
 20
12.5319
 10
11.4105
 20
12.507
 10
11.4377
 20
12.4821
 10
11.4649
 20
12.4571
 10
11.4921
 20
12.4321
 10
11.5192
 20
12.407
 10
11.5462
 20
12.3818
 10
11.5732
 20
12.3566
 10
11.6001
 20
12.3313
 10
11.627
 20
12.306
 10
11.6538
 20
12.2806
 10
11.6806
 20
12.2551
 10
11.7073
 20
12.2296
 10
11.734
 20
12.2041
 10
11.7606
 20
12.1784
 10
11.7871
 20
12.1527
 10
11.8136
 20
12.127
 10
11.84
 20
12.1012
 10
11.8664
 20
12.0753
 10
11.8927
 20
12.0494
 10
11.919
 20
12.0234
 10
11.9452
 20
11.9974
 10
11.9713
 20
11.9713
 10
11.9974
 20
11.9452
 10
12.0234
 20
11.919
 10
12.0494
 20
11.8927
 10
12.0753
 20
11.8664
 10
12.1012
 20
11.84
 10
12.127
 20
11.8136
 10
12.1527
 20
11.7871
 10
12.1784
 20
11.7606
 10
12.2041
 20
11.734
 10
12.2296
 20
11.7073
 10
12.2551
 20
11.6806
 10
12.2806
 20
11.6538
 10
12.306
 20
11.627
 10
12.3313
 20
11.6001
 10
12.3566
 20
11.5732
 10
12.3818
 20
11.5462
 10
12.407
 20
11.5192
 10
12.4321
 20
11.4921
 10
12.4571
 20
11.4649
 10
12.4821
 20
11.4377
 10
12.507
 20
11.4105
 10
12.5319
 20
11.3832
 10
12.5567
 20
11.3558
 10
12.5814
 20
11.3284
 10
12.6061
 20
11.3009
 10
12.6308
 20
11.2734
 10
12.6553
 20
11.2458
 10
12.6798
 20
11.2182
 10
12.7043
 20
11.1905
 10
12.7286
 20
11.1627
 10
12.753
 20
11.1349
 10
12.7772
 20
11.1071
 10
12.8014
 20
11.0792
 10
12.8256
 20
11.0512
 10
12.8497
 20
11.0232
 10
12.8737
 20
10.9952
 10
12.8976
 20
10.967
 10
12.9215
 20
10.9389
 10
12.9454
 20
10.9107
 10
12.9691
 20
10.8824
 10
12.9928
 20
10.8541
 10
13.0165
 20
10.8257
 10
13.0401
 20
10.7973
 10
13.0636
 20
10.7688
 10
13.0871
 20
10.7403
 10
13.1105
 20
10.7117
 10
13.1338
 20
10.6831
 10
13.1571
 20
10.6544
 10
13.1803
 20
10.6257
 10
13.2034
 20
10.5969
 10
13.2265
 20
10.5681
 10
13.2496
 20
10.5392
 10
13.2725
 20
10.5102
 10
13.2954
 20
10.4813
 10
13.3183
 20
10.4522
 10
13.341
 20
10.4231
 10
13.3637
 20
10.394
 10
13.3864
 20
10.3648
 10
13.409
 20
10.3356
 10
13.4315
 20
10.3063
 10
13.4539
 20
10.277
 10
13.4763
 20
10.2476
 10
13.4986
 20
10.2182
 10
13.5209
 20
10.1887
 10
13.5431
 20
10.1592
 10
13.5652
 20
10.1296
 10
13.5873
 20
10.1
 10
13.6093
 20
10.0703
 10
13.6312
 20
10.0406
 10
13.6531
 20
10.0109
 10
13.6749
 20
9.9811
 10
13.6967
 20
9.9512
 10
13.7183
 20
9.9213
 10
13.7399
 20
9.8913
 10
13.7615
 20
9.8613
 10
13.783
 20
9.8313
 10
13.8044
 20
9.8012
 10
13.8257
 20
9.7711
 10
13.847
 20
9.7409
 10
13.8682
 20
9.7106
 10
13.8894
 20
9.6804
 10
13.9105
 20
9.65
 10
13.9315
 20
9.6197
 10
13.9525
 20
9.5893
 10
13.9733
 20
9.5588
 10
13.9942
 20
9.5283
 10
14.0149
 20
9.4977
 10
14.0356
 20
9.4671
 10
14.0562
 20
9.4365
 10
14.0768
 20
9.4058
 10
14.0973
 20
9.3751
 10
14.1177
 20
9.3443
 10
14.138
 20
9.3135
 10
14.1583
 20
9.2826
 10
14.1785
 20
9.2517
 10
14.1987
 20
9.2207
 10
14.2188
 20
9.1897
 10
14.2388
 20
9.1587
 10
14.2587
 20
9.1276
 10
14.2786
 20
9.0965
 10
14.2984
 20
9.0653
 10
14.3182
 20
9.0341
 10
14.3378
 20
9.0028
 10
14.3575
 20
8.9715
 10
14.377
 20
8.9402
 10
14.3965
 20
8.9088
 10
14.4159
 20
8.8774
 10
14.4352
 20
8.8459
 10
14.4545
 20
8.8144
 10
14.4737
 20
8.7828
 10
14.4928
 20
8.7512
 10
14.5118
 20
8.7196
 10
14.5308
 20
8.6879
 10
14.5498
 20
8.6562
 10
14.5686
 20
8.6244
 10
14.5874
 20
8.5926
 10
14.6061
 20
8.5608
 10
14.6247
 20
8.5289
 10
14.6433
 20
8.497
 10
14.6618
 20
8.465
 10
14.6802
 20
8.433
 10
14.6986
 20
8.4009
 10
14.7169
 20
8.3689
 10
14.7351
 20
8.3367
 10
14.7533
 20
8.3046
 10
14.7714
 20
8.2724
 10
14.7894
 20
8.2401
 10
14.8073
 20
8.2078
 10
14.8252
 20
8.1755
 10
14.843
 20
8.1431
 10
14.8607
 20
8.1107
 10
14.8784
 20
8.0783
 10
14.896
 20
8.0458
 10
14.9135
 20
8.0133
 10
14.9309
 20
7.9807
 10
14.9483
 20
7.9482
 10
14.9656
 20
7.9155
 10
14.9828
 20
7.8829
 10
15.0
 20
7.8501
 10
15.0171
 20
7.8174
 10
15.0341
 20
7.7846
 10
15.0511
 20
7.7518
 10
15.0679
 20
7.719
 10
15.0847
 20
7.6861
 10
15.1015
 20
7.6531
 10
15.1181
 20
7.6202
 10
15.1347
 20
7.5872
 10
15.1512
 20
7.5541
 10
15.1677
 20
7.5211
 10
15.1841
 20
7.4879
 10
15.2004
 20
7.4548
 10
15.2166
 20
7.4216
 10
15.2327
 20
7.3884
 10
15.2488
 20
7.3552
 10
15.2648
 20
7.3219
 10
15.2808
 20
7.2886
 10
15.2966
 20
7.2552
 10
15.3124
 20
7.2218
 10
15.3281
 20
7.1884
 10
15.3438
 20
7.1549
 10
15.3594
 20
7.1214
 10
15.3749
 20
7.0879
 10
15.3903
 20
7.0543
 10
15.4056
 20
7.0208
 10
15.4209
 20
6.9871
 10
15.4361
 20
6.9535
 10
15.4513
 20
6.9198
 10
15.4663
 20
6.8861
 10
15.4813
 20
6.8523
 10
15.4962
 20
6.8185
 10
15.5111
 20
6.7847
 10
15.5258
 20
6.7508
 10
15.5405
 20
6.7169
 10
15.5551
 20
6.683
 10
15.5697
 20
6.6491
 10
15.5841
 20
6.6151
 10
15.5985
 20
6.5811
 10
15.6129
 20
6.547
 10
15.6271
 20
6.5129
 10
15.6413
 20
6.4788
 10
15.6554
 20
6.4447
 10
15.6694
 20
6.4105
 10
15.6833
 20
6.3763
 10
15.6972
 20
6.3421
 10
15.711
 20
6.3078
 10
15.7247
 20
6.2735
 10
15.7384
 20
6.2392
 10
15.752
 20
6.2049
 10
15.7655
 20
6.1705
 10
15.7789
 20
6.1361
 10
15.7922
 20
6.1016
 10
15.8055
 20
6.0672
 10
15.8187
 20
6.0327
 10
15.8318
 20
5.9981
 10
15.8449
 20
5.9636
 10
15.8579
 20
5.929
 10
15.8708
 20
5.8944
 10
15.8836
 20
5.8598
 10
15.8963
 20
5.8251
 10
15.909
 20
5.7904
 10
15.9216
 20
5.7557
 10
15.9341
 20
5.7209
 10
15.9466
 20
5.6862
 10
15.9589
 20
5.6514
 10
15.9712
 20
5.6165
 10
15.9834
 20
5.5817
 10
15.9956
 20
5.5468
 10
16.0076
 20
5.5119
 10
16.0196
 20
5.4769
 10
16.0315
 20
5.442
 10
16.0434
 20
5.407
 10
16.0551
 20
5.372
 10
16.0668
 20
5.3369
 10
16.0784
 20
5.3019
 10
16.0899
 20
5.2668
 10
16.1014
 20
5.2317
 10
16.1128
 20
5.1965
 10
16.1241
 20
5.1614
 10
16.1353
 20
5.1262
 10
16.1464
 20
5.0909
 10
16.1575
 20
5.0557
 10
16.1685
 20
5.0204
 10
16.1794
 20
4.9852
 10
16.1902
 20
4.9499
 10
16.201
 20
4.9145
 10
16.2117
 20
4.8792
 10
16.2223
 20
4.8438
 10
16.2328
 20
4.8084
 10
16.2433
 20
4.773
 10
16.2536
 20
4.7375
 10
16.2639
 20
4.702
 10
16.2742
 20
4.6665
 10
16.2843
 20
4.631
 10
16.2944
 20
4.5955
 10
16.3044
 20
4.5599
 10
16.3143
 20
4.5243
 10
16.3241
 20
4.4887
 10
16.3338
 20
4.4531
 10
16.3435
 20
4.4175
 10
16.3531
 20
4.3818
 10
16.3626
 20
4.3461
 10
16.3721
 20
4.3104
 10
16.3815
 20
4.2747
 10
16.3907
 20
4.2389
 10
16.3999
 20
4.2032
 10
16.4091
 20
4.1674
 10
16.4181
 20
4.1316
 10
16.4271
 20
4.0957
 10
16.436
 20
4.0599
 10
16.4448
 20
4.024
 10
16.4536
 20
3.9881
 10
16.4622
 20
3.9522
 10
16.4708
 20
3.9163
 10
16.4793
 20
3.8804
 10
16.4877
 20
3.8444
 10
16.4961
 20
3.8084
 10
16.5044
 20
3.7724
 10
16.5125
 20
3.7364
 10
16.5207
 20
3.7004
 10
16.5287
 20
3.6643
 10
16.5366
 20
3.6283
 10
16.5445
 20
3.5922
 10
16.5523
 20
3.5561
 10
16.56
 20
3.5199
 10
16.5677
 20
3.4838
 10
16.5752
 20
3.4477
 10
16.5827
 20
3.4115
 10
16.5901
 20
3.3753
 10
16.5974
 20
3.3391
 10
16.6047
 20
3.3029
 10
16.6119
 20
3.2666
 10
16.6189
 20
3.2304
 10
16.626
 20
3.1941
 10
16.6329
 20
3.1579
 10
16.6397
 20
3.1216
 10
16.6465
 20
3.0852
 10
16.6532
 20
3.0489
 10
16.6598
 20
3.0126
 10
16.6663
 20
2.9762
 10
16.6728
 20
2.9399
 10
16.6792
 20
2.9035
 10
16.6855
 20
2.8671
 10
16.6917
 20
2.8307
 10
16.6978
 20
2.7943
 10
16.7039
 20
2.7578
 10
16.7098
 20
2.7214
 10
16.7157
 20
2.6849
 10
16.7216
 20
2.6484
 10
16.7273
 20
2.6119
 10
16.733
 20
2.5754
 10
16.7385
 20
2.5389
 10
16.744
 20
2.5024
 10
16.7495
 20
2.4659
 10
16.7548
 20
2.4293
 10
16.7601
 20
2.3928
 10
16.7652
 20
2.3562
 10
16.7703
 20
2.3196
 10
16.7754
 20
2.283
 10
16.7803
 20
2.2464
 10
16.7852
 20
2.2098
 10
16.7899
 20
2.1732
 10
16.7946
 20
2.1365
 10
16.7993
 20
2.0999
 10
16.8038
 20
2.0632
 10
16.8083
 20
2.0266
 10
16.8126
 20
1.9899
 10
16.817
 20
1.9532
 10
16.8212
 20
1.9165
 10
16.8253
 20
1.8798
 10
16.8294
 20
1.8431
 10
16.8334
 20
1.8064
 10
16.8373
 20
1.7697
 10
16.8411
 20
1.7329
 10
16.8448
 20
1.6962
 10
16.8485
 20
1.6594
 10
16.8521
 20
1.6227
 10
16.8556
 20
1.5859
 10
16.859
 20
1.5491
 10
16.8623
 20
1.5123
 10
16.8656
 20
1.4755
 10
16.8688
 20
1.4387
 10
16.8719
 20
1.4019
 10
16.8749
 20
1.3651
 10
16.8778
 20
1.3283
 10
16.8807
 20
1.2915
 10
16.8834
 20
1.2547
 10
16.8861
 20
1.2178
 10
16.8888
 20
1.181
 10
16.8913
 20
1.1441
 10
16.8938
 20
1.1073
 10
16.8961
 20
1.0704
 10
16.8984
 20
1.0336
 10
16.9006
 20
0.9967
 10
16.9028
 20
0.9598
 10
16.9048
 20
0.9229
 10
16.9068
 20
0.886
 10
16.9087
 20
0.8492
 10
16.9105
 20
0.8123
 10
16.9122
 20
0.7754
 10
16.9139
 20
0.7385
 10
16.9155
 20
0.7016
 10
16.9169
 20
0.6647
 10
16.9184
 20
0.6278
 10
16.9197
 20
0.5908
 10
16.9209
 20
0.5539
 10
16.9221
 20
0.517
 10
16.9232
 20
0.4801
 10
16.9242
 20
0.4432
 10
16.9251
 20
0.4063
 10
16.926
 20
0.3693
 10
16.9267
 20
0.3324
 10
16.9274
 20
0.2955
 10
16.928
 20
0.2585
 10
16.9285
 20
0.2216
 10
16.929
 20
0.1847
 10
16.9294
 20
0.1477
 10
16.9296
 20
0.1108
 10
16.9298
 20
0.0739
 10
16.93
 20
0.0369
 10
16.93
 20
0.0
 10
16.93
 20
-0.0369
 10
16.9298
 20
-0.0739
 10
16.9296
 20
-0.1108
 10
16.9294
 20
-0.1477
 10
16.929
 20
-0.1847
 10
16.9285
 20
-0.2216
 10
16.928
 20
-0.2585
 10
16.9274
 20
-0.2955
 10
16.9267
 20
-0.3324
 10
16.926
 20
-0.3693
 10
16.9251
 20
-0.4063
 10
16.9242
 20
-0.4432
 10
16.9232
 20
-0.4801
 10
16.9221
 20
-0.517
  0
LWPOLYLINE
  5
C5
330
17
100
AcDbEntity
  8
ALTIN
100
AcDbPolyline
 90
90
 70
1
 10
-9.8561
 20
-13.0202
 10
-9.8845
 20
-12.9987
 10
-9.9128
 20
-12.9771
 10
-9.9411
 20
-12.9555
 10
-9.9693
 20
-12.9337
 10
-9.9975
 20
-12.912
 10
-10.0257
 20
-12.8901
 10
-10.0538
 20
-12.8682
 10
-10.0818
 20
-12.8463
 10
-10.1098
 20
-12.8242
 10
-10.1378
 20
-12.8021
 10
-10.1657
 20
-12.78
 10
-10.1935
 20
-12.7578
 10
-10.2213
 20
-12.7355
 10
-10.2491
 20
-12.7132
 10
-10.2768
 20
-12.6908
 10
-10.3045
 20
-12.6683
 10
-10.3321
 20
-12.6458
 10
-10.3596
 20
-12.6233
 10
-10.3872
 20
-12.6006
 10
-10.4146
 20
-12.5779
 10
-10.442
 20
-12.5552
 10
-10.4694
 20
-12.5324
 10
-10.4967
 20
-12.5095
 10
-10.524
 20
-12.4866
 10
-10.5512
 20
-12.4636
 10
-10.5784
 20
-12.4405
 10
-10.6055
 20
-12.4174
 10
-10.6326
 20
-12.3943
 10
-10.6596
 20
-12.371
 10
-10.6865
 20
-12.3478
 10
-10.7134
 20
-12.3244
 10
-10.7403
 20
-12.301
 10
-10.7671
 20
-12.2775
 10
-10.7939
 20
-12.254
 10
-10.8206
 20
-12.2304
 10
-10.8472
 20
-12.2068
 10
-10.8673
 20
-12.1889
 10
-11.1617
 20
-12.5159
 10
-11.1395
 20
-12.5357
 10
-11.1121
 20
-12.56
 10
-11.0847
 20
-12.5842
 10
-11.0572
 20
-12.6084
 10
-11.0297
 20
-12.6324
 10
-11.0021
 20
-12.6565
 10
-10.9745
 20
-12.6805
 10
-10.9468
 20
-12.7044
 10
-10.919
 20
-12.7282
 10
-10.8912
 20
-12.752
 10
-10.8634
 20
-12.7757
 10
-10.8355
 20
-12.7994
 10
-10.8075
 20
-12.823
 10
-10.7795
 20
-12.8466
 10
-10.7515
 20
-12.8701
 10
-10.7234
 20
-12.8935
 10
-10.6952
 20
-12.9168
 10
-10.667
 20
-12.9401
 10
-10.6388
 20
-12.9634
 10
-10.6105
 20
-12.9866
 10
-10.5821
 20
-13.0097
 10
-10.5537
 20
-13.0327
 10
-10.5252
 20
-13.0557
 10
-10.4967
 20
-13.0787
 10
-10.4682
 20
-13.1015
 10
-10.4396
 20
-13.1243
 10
-10.4109
 20
-13.1471
 10
-10.3822
 20
-13.1698
 10
-10.3534
 20
-13.1924
 10
-10.3246
 20
-13.2149
 10
-10.2958
 20
-13.2374
 10
-10.2669
 20
-13.2599
 10
-10.2379
 20
-13.2822
 10
-10.2089
 20
-13.3045
 10
-10.1799
 20
-13.3268
 10
-10.1508
 20
-13.349
 10
-10.1216
 20
-13.3711
 10
-10.0924
 20
-13.3931
 10
-10.0632
 20
-13.4151
 10
-10.0339
 20
-13.437
 10
-10.0046
 20
-13.4589
 10
-9.9752
 20
-13.4807
 10
-9.9457
 20
-13.5024
 10
-9.9218
 20
-13.52
 10
-9.6631
 20
-13.1641
 10
-9.6848
 20
-13.1481
 10
-9.7135
 20
-13.127
 10
-9.7421
 20
-13.1058
 10
-9.7706
 20
-13.0845
 10
-9.7992
 20
-13.0631
 10
-9.8276
 20
-13.0417
  0
LWPOLYLINE
  5
C6
330
17
100
AcDbEntity
  8
ALTIN
100
AcDbPolyline
 90
86
 70
1
 10
-9.5889
 20
-13.7581
 10
-9.5588
 20
-13.779
 10
-9.5288
 20
-13.7998
 10
-9.4986
 20
-13.8206
 10
-9.4685
 20
-13.8413
 10
-9.4382
 20
-13.8619
 10
-9.408
 20
-13.8825
 10
-9.3777
 20
-13.903
 10
-9.3473
 20
-13.9234
 10
-9.3169
 20
-13.9437
 10
-9.2865
 20
-13.964
 10
-9.256
 20
-13.9843
 10
-9.2255
 20
-14.0044
 10
-9.1949
 20
-14.0245
 10
-9.1643
 20
-14.0445
 10
-9.1336
 20
-14.0645
 10
-9.1029
 20
-14.0844
 10
-9.0721
 20
-14.1042
 10
-9.0413
 20
-14.124
 10
-9.0105
 20
-14.1437
 10
-8.9796
 20
-14.1633
 10
-8.9487
 20
-14.1829
 10
-8.9178
 20
-14.2023
 10
-8.8867
 20
-14.2218
 10
-8.8557
 20
-14.2411
 10
-8.8246
 20
-14.2604
 10
-8.7935
 20
-14.2796
 10
-8.7623
 20
-14.2988
 10
-8.7311
 20
-14.3179
 10
-8.6998
 20
-14.3369
 10
-8.6685
 20
-14.3558
 10
-8.6372
 20
-14.3747
 10
-8.6058
 20
-14.3935
 10
-8.5744
 20
-14.4122
 10
-8.5429
 20
-14.4309
 10
-8.5146
 20
-14.4477
 10
-8.2946
 20
-14.0666
 10
-8.3188
 20
-14.0523
 10
-8.3494
 20
-14.0341
 10
-8.38
 20
-14.0159
 10
-8.4106
 20
-13.9975
 10
-8.4411
 20
-13.9792
 10
-8.4716
 20
-13.9607
 10
-8.502
 20
-13.9422
 10
-8.5324
 20
-13.9236
 10
-8.5628
 20
-13.905
 10
-8.5931
 20
-13.8863
 10
-8.6233
 20
-13.8675
 10
-8.6536
 20
-13.8486
 10
-8.6838
 20
-13.8297
 10
-8.7139
 20
-13.8107
 10
-8.744
 20
-13.7917
 10
-8.7741
 20
-13.7726
 10
-8.8041
 20
-13.7534
 10
-8.8341
 20
-13.7342
 10
-8.8641
 20
-13.7149
 10
-8.894
 20
-13.6955
 10
-8.9238
 20
-13.6761
 10
-8.9536
 20
-13.6566
 10
-8.9834
 20
-13.637
 10
-9.0131
 20
-13.6174
 10
-9.0428
 20
-13.5977
 10
-9.0725
 20
-13.5779
 10
-9.1021
 20
-13.5581
 10
-9.1316
 20
-13.5382
 10
-9.1611
 20
-13.5182
 10
-9.1906
 20
-13.4982
 10
-9.22
 20
-13.4781
 10
-9.2494
 20
-13.458
 10
-9.2788
 20
-13.4378
 10
-9.308
 20
-13.4175
 10
-9.3373
 20
-13.3972
 10
-9.3665
 20
-13.3768
 10
-9.3957
 20
-13.3563
 10
-9.4248
 20
-13.3358
 10
-9.4539
 20
-13.3152
 10
-9.4829
 20
-13.2945
 10
-9.5119
 20
-13.2738
 10
-9.5337
 20
-13.2581
 10
-9.7923
 20
-13.6141
 10
-9.7682
 20
-13.6314
 10
-9.7384
 20
-13.6527
 10
-9.7086
 20
-13.6739
 10
-9.6787
 20
-13.6951
 10
-9.6488
 20
-13.7162
 10
-9.6189
 20
-13.7372
  0
LWPOLYLINE
  5
C7
330
17
100
AcDbEntity
  8
ALTIN
100
AcDbPolyline
 90
90
 70
1
 10
-11.1631
 20
-11.9187
 10
-11.189
 20
-11.8943
 10
-11.215
 20
-11.8699
 10
-11.2408
 20
-11.8454
 10
-11.2666
 20
-11.8208
 10
-11.2924
 20
-11.7962
 10
-11.3181
 20
-11.7715
 10
-11.3438
 20
-11.7468
 10
-11.3694
 20
-11.722
 10
-11.3949
 20
-11.6972
 10
-11.4204
 20
-11.6723
 10
-11.4458
 20
-11.6474
 10
-11.4712
 20
-11.6224
 10
-11.4966
 20
-11.5973
 10
-11.5218
 20
-11.5722
 10
-11.5471
 20
-11.5471
 10
-11.5722
 20
-11.5218
 10
-11.5973
 20
-11.4966
 10
-11.6224
 20
-11.4712
 10
-11.6474
 20
-11.4458
 10
-11.6723
 20
-11.4204
 10
-11.6972
 20
-11.3949
 10
-11.722
 20
-11.3694
 10
-11.7468
 20
-11.3438
 10
-11.7715
 20
-11.3181
 10
-11.7962
 20
-11.2924
 10
-11.8208
 20
-11.2666
 10
-11.8454
 20
-11.2408
 10
-11.8699
 20
-11.215
 10
-11.8943
 20
-11.189
 10
-11.9187
 20
-11.1631
 10
-11.943
 20
-11.137
 10
-11.9673
 20
-11.111
 10
-11.9915
 20
-11.0848
 10
-12.0156
 20
-11.0586
 10
-12.0397
 20
-11.0324
 10
-12.0638
 20
-11.0061
 10
-12.0819
 20
-10.9862
 10
-12.4089
 20
-11.2806
 10
-12.3888
 20
-11.3026
 10
-12.3641
 20
-11.3296
 10
-12.3394
 20
-11.3566
 10
-12.3146
 20
-11.3835
 10
-12.2897
 20
-11.4103
 10
-12.2648
 20
-11.4371
 10
-12.2398
 20
-11.4638
 10
-12.2148
 20
-11.4905
 10
-12.1897
 20
-11.5171
 10
-12.1645
 20
-11.5437
 10
-12.1393
 20
-11.5702
 10
-12.114
 20
-11.5967
 10
-12.0887
 20
-11.6231
 10
-12.0633
 20
-11.6494
 10
-12.0379
 20
-11.6757
 10
-12.0124
 20
-11.7019
 10
-11.9868
 20
-11.7281
 10
-11.9612
 20
-11.7542
 10
-11.9355
 20
-11.7803
 10
-11.9098
 20
-11.8063
 10
-11.884
 20
-11.8323
 10
-11.8582
 20
-11.8582
 10
-11.8323
 20
-11.884
 10
-11.8063
 20
-11.9098
 10
-11.7803
 20
-11.9355
 10
-11.7542
 20
-11.9612
 10
-11.7281
 20
-11.9868
 10
-11.7019
 20
-12.0124
 10
-11.6757
 20
-12.0379
 10
-11.6494
 20
-12.0633
 10
-11.6231
 20
-12.0887
 10
-11.5967
 20
-12.114
 10
-11.5702
 20
-12.1393
 10
-11.5437
 20
-12.1645
 10
-11.5171
 20
-12.1897
 10
-11.4905
 20
-12.2148
 10
-11.4638
 20
-12.2398
 10
-11.4371
 20
-12.2648
 10
-11.4103
 20
-12.2897
 10
-11.3835
 20
-12.3146
 10
-11.3566
 20
-12.3394
 10
-11.3296
 20
-12.3641
 10
-11.3026
 20
-12.3888
 10
-11.2806
 20
-12.4089
 10
-10.9862
 20
-12.0819
 10
-11.0061
 20
-12.0638
 10
-11.0324
 20
-12.0397
 10
-11.0586
 20
-12.0156
 10
-11.0848
 20
-11.9915
 10
-11.111
 20
-11.9673
 10
-11.137
 20
-11.943
  0
LWPOLYLINE
  5
C8
330
17
100
AcDbEntity
  8
ALTIN
100
AcDbPolyline
 90
90
 70
1
 10
-12.3478
 20
-10.6865
 10
-12.371
 20
-10.6596
 10
-12.3943
 20
-10.6326
 10
-12.4174
 20
-10.6055
 10
-12.4405
 20
-10.5784
 10
-12.4636
 20
-10.5512
 10
-12.4866
 20
-10.524
 10
-12.5095
 20
-10.4967
 10
-12.5324
 20
-10.4694
 10
-12.5552
 20
-10.442
 10
-12.5779
 20
-10.4146
 10
-12.6006
 20
-10.3872
 10
-12.6233
 20
-10.3596
 10
-12.6458
 20
-10.3321
 10
-12.6683
 20
-10.3045
 10
-12.6908
 20
-10.2768
 10
-12.7132
 20
-10.2491
 10
-12.7355
 20
-10.2213
 10
-12.7578
 20
-10.1935
 10
-12.78
 20
-10.1657
 10
-12.8021
 20
-10.1378
 10
-12.8242
 20
-10.1098
 10
-12.8463
 20
-10.0818
 10
-12.8682
 20
-10.0538
 10
-12.8901
 20
-10.0257
 10
-12.912
 20
-9.9975
 10
-12.9337
 20
-9.9693
 10
-12.9555
 20
-9.9411
 10
-12.9771
 20
-9.9128
 10
-12.9987
 20
-9.8845
 10
-13.0202
 20
-9.8561
 10
-13.0417
 20
-9.8276
 10
-13.0631
 20
-9.7992
 10
-13.0845
 20
-9.7706
 10
-13.1058
 20
-9.7421
 10
-13.127
 20
-9.7135
 10
-13.1481
 20
-9.6848
 10
-13.1641
 20
-9.6631
 10
-13.52
 20
-9.9218
 10
-13.5024
 20
-9.9457
 10
-13.4807
 20
-9.9752
 10
-13.4589
 20
-10.0046
 10
-13.437
 20
-10.0339
 10
-13.4151
 20
-10.0632
 10
-13.3931
 20
-10.0924
 10
-13.3711
 20
-10.1216
 10
-13.349
 20
-10.1508
 10
-13.3268
 20
-10.1799
 10
-13.3045
 20
-10.2089
 10
-13.2822
 20
-10.2379
 10
-13.2599
 20
-10.2669
 10
-13.2374
 20
-10.2958
 10
-13.2149
 20
-10.3246
 10
-13.1924
 20
-10.3534
 10
-13.1698
 20
-10.3822
 10
-13.1471
 20
-10.4109
 10
-13.1243
 20
-10.4396
 10
-13.1015
 20
-10.4682
 10
-13.0787
 20
-10.4967
 10
-13.0557
 20
-10.5252
 10
-13.0327
 20
-10.5537
 10
-13.0097
 20
-10.5821
 10
-12.9866
 20
-10.6105
 10
-12.9634
 20
-10.6388
 10
-12.9401
 20
-10.667
 10
-12.9168
 20
-10.6952
 10
-12.8935
 20
-10.7234
 10
-12.8701
 20
-10.7515
 10
-12.8466
 20
-10.7795
 10
-12.823
 20
-10.8075
 10
-12.7994
 20
-10.8355
 10
-12.7757
 20
-10.8634
 10
-12.752
 20
-10.8912
 10
-12.7282
 20
-10.919
 10
-12.7044
 20
-10.9468
 10
-12.6805
 20
-10.9745
 10
-12.6565
 20
-11.0021
 10
-12.6324
 20
-11.0297
 10
-12.6084
 20
-11.0572
 10
-12.5842
 20
-11.0847
 10
-12.56
 20
-11.1121
 10
-12.5357
 20
-11.1395
 10
-12.5159
 20
-11.1617
 10
-12.1889
 20
-10.8673
 10
-12.2068
 20
-10.8472
 10
-12.2304
 20
-10.8206
 10
-12.254
 20
-10.7939
 10
-12.2775
 20
-10.7671
 10
-12.301
 20
-10.7403
 10
-12.3244
 20
-10.7134
  0
LWPOLYLINE
  5
C9
330
17
100
AcDbEntity
  8
ALTIN
100
AcDbPolyline
 90
86
 70
1
 10
-13.3972
 20
-9.3373
 10
-13.4175
 20
-9.308
 10
-13.4378
 20
-9.2788
 10
-13.458
 20
-9.2494
 10
-13.4781
 20
-9.22
 10
-13.4982
 20
-9.1906
 10
-13.5182
 20
-9.1611
 10
-13.5382
 20
-9.1316
 10
-13.5581
 20
-9.1021
 10
-13.5779
 20
-9.0725
 10
-13.5977
 20
-9.0428
 10
-13.6174
 20
-9.0131
 10
-13.637
 20
-8.9834
 10
-13.6566
 20
-8.9536
 10
-13.6761
 20
-8.9238
 10
-13.6955
 20
-8.894
 10
-13.7149
 20
-8.8641
 10
-13.7342
 20
-8.8341
 10
-13.7534
 20
-8.8041
 10
-13.7726
 20
-8.7741
 10
-13.7917
 20
-8.744
 10
-13.8107
 20
-8.7139
 10
-13.8297
 20
-8.6838
 10
-13.8486
 20
-8.6536
 10
-13.8675
 20
-8.6233
 10
-13.8863
 20
-8.5931
 10
-13.905
 20
-8.5628
 10
-13.9236
 20
-8.5324
 10
-13.9422
 20
-8.502
 10
-13.9607
 20
-8.4716
 10
-13.9792
 20
-8.4411
 10
-13.9975
 20
-8.4106
 10
-14.0159
 20
-8.38
 10
-14.0341
 20
-8.3494
 10
-14.0523
 20
-8.3188
 10
-14.0666
 20
-8.2946
 10
-14.4477
 20
-8.5146
 10
-14.4309
 20
-8.5429
 10
-14.4122
 20
-8.5744
 10
-14.3935
 20
-8.6058
 10
-14.3747
 20
-8.6372
 10
-14.3558
 20
-8.6685
 10
-14.3369
 20
-8.6998
 10
-14.3179
 20
-8.7311
 10
-14.2988
 20
-8.7623
 10
-14.2796
 20
-8.7935
 10
-14.2604
 20
-8.8246
 10
-14.2411
 20
-8.8557
 10
-14.2218
 20
-8.8867
 10
-14.2023
 20
-8.9178
 10
-14.1829
 20
-8.9487
 10
-14.1633
 20
-8.9796
 10
-14.1437
 20
-9.0105
 10
-14.124
 20
-9.0413
 10
-14.1042
 20
-9.0721
 10
-14.0844
 20
-9.1029
 10
-14.0645
 20
-9.1336
 10
-14.0445
 20
-9.1643
 10
-14.0245
 20
-9.1949
 10
-14.0044
 20
-9.2255
 10
-13.9843
 20
-9.256
 10
-13.964
 20
-9.2865
 10
-13.9437
 20
-9.3169
 10
-13.9234
 20
-9.3473
 10
-13.903
 20
-9.3777
 10
-13.8825
 20
-9.408
 10
-13.8619
 20
-9.4382
 10
-13.8413
 20
-9.4685
 10
-13.8206
 20
-9.4986
 10
-13.7998
 20
-9.5288
 10
-13.779
 20
-9.5588
 10
-13.7581
 20
-9.5889
 10
-13.7372
 20
-9.6189
 10
-13.7162
 20
-9.6488
 10
-13.6951
 20
-9.6787
 10
-13.6739
 20
-9.7086
 10
-13.6527
 20
-9.7384
 10
-13.6314
 20
-9.7682
 10
-13.6141
 20
-9.7923
 10
-13.2581
 20
-9.5337
 10
-13.2738
 20
-9.5119
 10
-13.2945
 20
-9.4829
 10
-13.3152
 20
-9.4539
 10
-13.3358
 20
-9.4248
 10
-13.3563
 20
-9.3957
 10
-13.3768
 20
-9.3665
  0
LWPOLYLINE
  5
CA
330
17
100
AcDbEntity
  8
ALTIN
100
AcDbPolyline
 90
86
 70
1
 10
-14.334
 20
-7.8233
 10
-14.3511
 20
-7.792
 10
-14.368
 20
-7.7607
 10
-14.3849
 20
-7.7293
 10
-14.4018
 20
-7.6979
 10
-14.4185
 20
-7.6665
 10
-14.4352
 20
-7.635
 10
-14.4518
 20
-7.6035
 10
-14.4684
 20
-7.5719
 10
-14.4849
 20
-7.5404
 10
-14.5013
 20
-7.5087
 10
-14.5176
 20
-7.4771
 10
-14.5339
 20
-7.4454
 10
-14.5501
 20
-7.4137
 10
-14.5663
 20
-7.3819
 10
-14.5823
 20
-7.3501
 10
-14.5983
 20
-7.3183
 10
-14.6143
 20
-7.2864
 10
-14.6301
 20
-7.2545
 10
-14.6459
 20
-7.2226
 10
-14.6617
 20
-7.1906
 10
-14.6773
 20
-7.1586
 10
-14.6929
 20
-7.1266
 10
-14.7084
 20
-7.0945
 10
-14.7238
 20
-7.0624
 10
-14.7392
 20
-7.0302
 10
-14.7545
 20
-6.9981
 10
-14.7698
 20
-6.9659
 10
-14.7849
 20
-6.9336
 10
-14.8
 20
-6.9014
 10
-14.815
 20
-6.8691
 10
-14.83
 20
-6.8367
 10
-14.8449
 20
-6.8043
 10
-14.8597
 20
-6.7719
 10
-14.8744
 20
-6.7395
 10
-14.8855
 20
-6.715
 10
-15.2874
 20
-6.894
 10
-15.2752
 20
-6.9211
 10
-15.2601
 20
-6.9544
 10
-15.2448
 20
-6.9877
 10
-15.2296
 20
-7.0209
 10
-15.2142
 20
-7.0541
 10
-15.1988
 20
-7.0873
 10
-15.1833
 20
-7.1204
 10
-15.1677
 20
-7.1536
 10
-15.1521
 20
-7.1866
 10
-15.1364
 20
-7.2197
 10
-15.1206
 20
-7.2527
 10
-15.1047
 20
-7.2856
 10
-15.0888
 20
-7.3186
 10
-15.0728
 20
-7.3515
 10
-15.0567
 20
-7.3844
 10
-15.0406
 20
-7.4172
 10
-15.0243
 20
-7.45
 10
-15.008
 20
-7.4827
 10
-14.9917
 20
-7.5155
 10
-14.9753
 20
-7.5482
 10
-14.9588
 20
-7.5808
 10
-14.9422
 20
-7.6134
 10
-14.9255
 20
-7.646
 10
-14.9088
 20
-7.6785
 10
-14.892
 20
-7.7111
 10
-14.8752
 20
-7.7435
 10
-14.8582
 20
-7.776
 10
-14.8412
 20
-7.8084
 10
-14.8242
 20
-7.8407
 10
-14.807
 20
-7.873
 10
-14.7898
 20
-7.9053
 10
-14.7725
 20
-7.9376
 10
-14.7552
 20
-7.9698
 10
-14.7378
 20
-8.002
 10
-14.7203
 20
-8.0341
 10
-14.7027
 20
-8.0662
 10
-14.6851
 20
-8.0982
 10
-14.6674
 20
-8.1303
 10
-14.6496
 20
-8.1622
 10
-14.6318
 20
-8.1942
 10
-14.6138
 20
-8.2261
 10
-14.5977
 20
-8.2548
 10
-14.2166
 20
-8.0347
 10
-14.2304
 20
-8.0102
 10
-14.2479
 20
-7.9792
 10
-14.2652
 20
-7.9481
 10
-14.2825
 20
-7.9169
 10
-14.2998
 20
-7.8858
 10
-14.3169
 20
-7.8545
  0
LWPOLYLINE
  5
CB
330
17
100
AcDbEntity
  8
ALTIN
100
AcDbPolyline
 90
90
 70
1
 10
-15.0457
 20
-6.3478
 10
-15.0595
 20
-6.315
 10
-15.0733
 20
-6.2821
 10
-15.087
 20
-6.2492
 10
-15.1006
 20
-6.2163
 10
-15.1141
 20
-6.1833
 10
-15.1275
 20
-6.1503
 10
-15.1409
 20
-6.1173
 10
-15.1542
 20
-6.0843
 10
-15.1675
 20
-6.0512
 10
-15.1806
 20
-6.0181
 10
-15.1937
 20
-5.985
 10
-15.2067
 20
-5.9518
 10
-15.2197
 20
-5.9186
 10
-15.2326
 20
-5.8854
 10
-15.2454
 20
-5.8521
 10
-15.2581
 20
-5.8189
 10
-15.2708
 20
-5.7856
 10
-15.2833
 20
-5.7522
 10
-15.2959
 20
-5.7189
 10
-15.3083
 20
-5.6855
 10
-15.3207
 20
-5.6521
 10
-15.333
 20
-5.6187
 10
-15.3452
 20
-5.5852
 10
-15.3573
 20
-5.5517
 10
-15.3694
 20
-5.5182
 10
-15.3814
 20
-5.4846
 10
-15.3933
 20
-5.4511
 10
-15.4052
 20
-5.4175
 10
-15.417
 20
-5.3838
 10
-15.4287
 20
-5.3502
 10
-15.4403
 20
-5.3165
 10
-15.4519
 20
-5.2828
 10
-15.4634
 20
-5.2491
 10
-15.4748
 20
-5.2154
 10
-15.4861
 20
-5.1816
 10
-15.4974
 20
-5.1478
 10
-15.5058
 20
-5.1223
 10
-15.9243
 20
-5.2582
 10
-15.915
 20
-5.2865
 10
-15.9034
 20
-5.3212
 10
-15.8917
 20
-5.3559
 10
-15.88
 20
-5.3905
 10
-15.8682
 20
-5.4252
 10
-15.8563
 20
-5.4598
 10
-15.8444
 20
-5.4944
 10
-15.8324
 20
-5.5289
 10
-15.8203
 20
-5.5634
 10
-15.8081
 20
-5.5979
 10
-15.7958
 20
-5.6324
 10
-15.7835
 20
-5.6669
 10
-15.7711
 20
-5.7013
 10
-15.7586
 20
-5.7357
 10
-15.7461
 20
-5.77
 10
-15.7335
 20
-5.8044
 10
-15.7208
 20
-5.8387
 10
-15.708
 20
-5.873
 10
-15.6951
 20
-5.9072
 10
-15.6822
 20
-5.9415
 10
-15.6692
 20
-5.9757
 10
-15.6561
 20
-6.0098
 10
-15.643
 20
-6.044
 10
-15.6298
 20
-6.0781
 10
-15.6165
 20
-6.1122
 10
-15.6031
 20
-6.1462
 10
-15.5897
 20
-6.1803
 10
-15.5761
 20
-6.2142
 10
-15.5625
 20
-6.2482
 10
-15.5489
 20
-6.2822
 10
-15.5351
 20
-6.3161
 10
-15.5213
 20
-6.3499
 10
-15.5074
 20
-6.3838
 10
-15.4935
 20
-6.4176
 10
-15.4794
 20
-6.4514
 10
-15.4653
 20
-6.4851
 10
-15.4511
 20
-6.5189
 10
-15.4369
 20
-6.5526
 10
-15.4225
 20
-6.5862
 10
-15.4081
 20
-6.6199
 10
-15.3936
 20
-6.6535
 10
-15.3791
 20
-6.687
 10
-15.3645
 20
-6.7206
 10
-15.3525
 20
-6.7478
 10
-14.9506
 20
-6.5688
 10
-14.9613
 20
-6.5442
 10
-14.9756
 20
-6.5116
 10
-14.9898
 20
-6.4789
 10
-15.0039
 20
-6.4462
 10
-15.0179
 20
-6.4134
 10
-15.0318
 20
-6.3806
  0
LWPOLYLINE
  5
CC
330
17
100
AcDbEntity
  8
ALTIN
100
AcDbPolyline
 90
90
 70
1
 10
-15.6268
 20
-4.7403
 10
-15.6371
 20
-4.7062
 10
-15.6474
 20
-4.6721
 10
-15.6575
 20
-4.638
 10
-15.6676
 20
-4.6038
 10
-15.6776
 20
-4.5696
 10
-15.6875
 20
-4.5354
 10
-15.6974
 20
-4.5012
 10
-15.7072
 20
-4.4669
 10
-15.7169
 20
-4.4326
 10
-15.7265
 20
-4.3983
 10
-15.7361
 20
-4.364
 10
-15.7456
 20
-4.3297
 10
-15.755
 20
-4.2953
 10
-15.7643
 20
-4.2609
 10
-15.7736
 20
-4.2265
 10
-15.7828
 20
-4.1921
 10
-15.7919
 20
-4.1576
 10
-15.8009
 20
-4.1232
 10
-15.8099
 20
-4.0887
 10
-15.8187
 20
-4.0542
 10
-15.8275
 20
-4.0197
 10
-15.8363
 20
-3.9851
 10
-15.8449
 20
-3.9506
 10
-15.8535
 20
-3.916
 10
-15.862
 20
-3.8814
 10
-15.8704
 20
-3.8468
 10
-15.8788
 20
-3.8122
 10
-15.8871
 20
-3.7775
 10
-15.8953
 20
-3.7428
 10
-15.9034
 20
-3.7082
 10
-15.9115
 20
-3.6735
 10
-15.9194
 20
-3.6387
 10
-15.9273
 20
-3.604
 10
-15.9352
 20
-3.5692
 10
-15.9429
 20
-3.5345
 10
-15.9506
 20
-3.4997
 10
-15.9563
 20
-3.4734
 10
-16.3867
 20
-3.5649
 10
-16.3804
 20
-3.594
 10
-16.3725
 20
-3.6297
 10
-16.3645
 20
-3.6654
 10
-16.3565
 20
-3.7011
 10
-16.3484
 20
-3.7368
 10
-16.3402
 20
-3.7724
 10
-16.3319
 20
-3.8081
 10
-16.3236
 20
-3.8437
 10
-16.3151
 20
-3.8793
 10
-16.3066
 20
-3.9149
 10
-16.2981
 20
-3.9504
 10
-16.2894
 20
-3.986
 10
-16.2807
 20
-4.0215
 10
-16.2719
 20
-4.057
 10
-16.263
 20
-4.0925
 10
-16.254
 20
-4.128
 10
-16.245
 20
-4.1634
 10
-16.2358
 20
-4.1989
 10
-16.2266
 20
-4.2343
 10
-16.2174
 20
-4.2697
 10
-16.208
 20
-4.305
 10
-16.1986
 20
-4.3404
 10
-16.1891
 20
-4.3757
 10
-16.1795
 20
-4.411
 10
-16.1698
 20
-4.4463
 10
-16.1601
 20
-4.4816
 10
-16.1503
 20
-4.5168
 10
-16.1404
 20
-4.5521
 10
-16.1304
 20
-4.5873
 10
-16.1204
 20
-4.6224
 10
-16.1102
 20
-4.6576
 10
-16.1
 20
-4.6927
 10
-16.0898
 20
-4.7278
 10
-16.0794
 20
-4.7629
 10
-16.069
 20
-4.798
 10
-16.0585
 20
-4.8331
 10
-16.0479
 20
-4.8681
 10
-16.0372
 20
-4.9031
 10
-16.0265
 20
-4.938
 10
-16.0157
 20
-4.973
 10
-16.0048
 20
-5.0079
 10
-15.9938
 20
-5.0428
 10
-15.9828
 20
-5.0777
 10
-15.9738
 20
-5.1061
 10
-15.5553
 20
-4.9701
 10
-15.5634
 20
-4.9445
 10
-15.5742
 20
-4.9105
 10
-15.5849
 20
-4.8765
 10
-15.5955
 20
-4.8425
 10
-15.606
 20
-4.8085
 10
-15.6165
 20
-4.7744
  0
LWPOLYLINE
  5
CD
330
17
100
AcDbEntity
  8
ALTIN
100
AcDbPolyline
 90
90
 70
1
 10
-16.0367
 20
-3.0809
 10
-16.0434
 20
-3.0459
 10
-16.05
 20
-3.0109
 10
-16.0566
 20
-2.9759
 10
-16.063
 20
-2.9409
 10
-16.0694
 20
-2.9058
 10
-16.0757
 20
-2.8708
 10
-16.0819
 20
-2.8357
 10
-16.0881
 20
-2.8006
 10
-16.0941
 20
-2.7655
 10
-16.1001
 20
-2.7304
 10
-16.106
 20
-2.6952
 10
-16.1119
 20
-2.6601
 10
-16.1177
 20
-2.6249
 10
-16.1233
 20
-2.5898
 10
-16.129
 20
-2.5546
 10
-16.1345
 20
-2.5194
 10
-16.1399
 20
-2.4842
 10
-16.1453
 20
-2.449
 10
-16.1506
 20
-2.4137
 10
-16.1559
 20
-2.3785
 10
-16.161
 20
-2.3432
 10
-16.1661
 20
-2.308
 10
-16.1711
 20
-2.2727
 10
-16.176
 20
-2.2374
 10
-16.1808
 20
-2.2021
 10
-16.1856
 20
-2.1668
 10
-16.1903
 20
-2.1315
 10
-16.1949
 20
-2.0962
 10
-16.1994
 20
-2.0608
 10
-16.2039
 20
-2.0255
 10
-16.2083
 20
-1.9901
 10
-16.2126
 20
-1.9548
 10
-16.2168
 20
-1.9194
 10
-16.221
 20
-1.884
 10
-16.225
 20
-1.8486
 10
-16.229
 20
-1.8132
 10
-16.232
 20
-1.7865
 10
-16.6696
 20
-1.8325
 10
-16.6663
 20
-1.8621
 10
-16.6622
 20
-1.8984
 10
-16.658
 20
-1.9348
 10
-16.6538
 20
-1.9711
 10
-16.6494
 20
-2.0074
 10
-16.645
 20
-2.0437
 10
-16.6405
 20
-2.0801
 10
-16.6359
 20
-2.1164
 10
-16.6313
 20
-2.1526
 10
-16.6265
 20
-2.1889
 10
-16.6217
 20
-2.2252
 10
-16.6168
 20
-2.2615
 10
-16.6118
 20
-2.2977
 10
-16.6068
 20
-2.3339
 10
-16.6017
 20
-2.3702
 10
-16.5965
 20
-2.4064
 10
-16.5912
 20
-2.4426
 10
-16.5858
 20
-2.4788
 10
-16.5803
 20
-2.5149
 10
-16.5748
 20
-2.5511
 10
-16.5692
 20
-2.5873
 10
-16.5635
 20
-2.6234
 10
-16.5578
 20
-2.6595
 10
-16.5519
 20
-2.6957
 10
-16.546
 20
-2.7318
 10
-16.54
 20
-2.7678
 10
-16.5339
 20
-2.8039
 10
-16.5278
 20
-2.84
 10
-16.5215
 20
-2.876
 10
-16.5152
 20
-2.9121
 10
-16.5088
 20
-2.9481
 10
-16.5024
 20
-2.9841
 10
-16.4958
 20
-3.0201
 10
-16.4892
 20
-3.0561
 10
-16.4825
 20
-3.0921
 10
-16.4757
 20
-3.128
 10
-16.4688
 20
-3.1639
 10
-16.4619
 20
-3.1999
 10
-16.4549
 20
-3.2358
 10
-16.4478
 20
-3.2717
 10
-16.4406
 20
-3.3075
 10
-16.4333
 20
-3.3434
 10
-16.426
 20
-3.3792
 10
-16.42
 20
-3.4084
 10
-15.9896
 20
-3.3169
 10
-15.995
 20
-3.2906
 10
-16.0022
 20
-3.2557
 10
-16.0092
 20
-3.2208
 10
-16.0162
 20
-3.1858
 10
-16.0231
 20
-3.1509
 10
-16.03
 20
-3.1159
  0
LWPOLYLINE
  5
CE
330
17
100
AcDbEntity
  8
ALTIN
100
AcDbPolyline
 90
86
 70
1
 10
-16.2709
 20
-1.3878
 10
-16.2739
 20
-1.3523
 10
-16.2768
 20
-1.3168
 10
-16.2797
 20
-1.2812
 10
-16.2824
 20
-1.2457
 10
-16.2851
 20
-1.2102
 10
-16.2877
 20
-1.1747
 10
-16.2902
 20
-1.1391
 10
-16.2927
 20
-1.1036
 10
-16.295
 20
-1.068
 10
-16.2973
 20
-1.0325
 10
-16.2995
 20
-0.9969
 10
-16.3017
 20
-0.9614
 10
-16.3037
 20
-0.9258
 10
-16.3057
 20
-0.8902
 10
-16.3076
 20
-0.8546
 10
-16.3094
 20
-0.8191
 10
-16.3112
 20
-0.7835
 10
-16.3129
 20
-0.7479
 10
-16.3145
 20
-0.7123
 10
-16.316
 20
-0.6767
 10
-16.3174
 20
-0.6411
 10
-16.3188
 20
-0.6055
 10
-16.3201
 20
-0.5699
 10
-16.3213
 20
-0.5343
 10
-16.3224
 20
-0.4987
 10
-16.3234
 20
-0.4631
 10
-16.3244
 20
-0.4275
 10
-16.3253
 20
-0.3919
 10
-16.3261
 20
-0.3562
 10
-16.3269
 20
-0.3206
 10
-16.3275
 20
-0.285
 10
-16.3281
 20
-0.2494
 10
-16.3286
 20
-0.2138
 10
-16.329
 20
-0.1781
 10
-16.3293
 20
-0.15
 10
-16.7693
 20
-0.15
 10
-16.769
 20
-0.1829
 10
-16.7686
 20
-0.2195
 10
-16.768
 20
-0.2561
 10
-16.7674
 20
-0.2927
 10
-16.7668
 20
-0.3293
 10
-16.766
 20
-0.3658
 10
-16.7652
 20
-0.4024
 10
-16.7643
 20
-0.439
 10
-16.7633
 20
-0.4756
 10
-16.7622
 20
-0.5121
 10
-16.761
 20
-0.5487
 10
-16.7598
 20
-0.5853
 10
-16.7585
 20
-0.6218
 10
-16.7571
 20
-0.6584
 10
-16.7556
 20
-0.6949
 10
-16.754
 20
-0.7315
 10
-16.7524
 20
-0.768
 10
-16.7507
 20
-0.8046
 10
-16.7489
 20
-0.8411
 10
-16.747
 20
-0.8777
 10
-16.7451
 20
-0.9142
 10
-16.743
 20
-0.9507
 10
-16.7409
 20
-0.9873
 10
-16.7387
 20
-1.0238
 10
-16.7364
 20
-1.0603
 10
-16.7341
 20
-1.0968
 10
-16.7317
 20
-1.1333
 10
-16.7291
 20
-1.1698
 10
-16.7266
 20
-1.2063
 10
-16.7239
 20
-1.2428
 10
-16.7211
 20
-1.2793
 10
-16.7183
 20
-1.3158
 10
-16.7154
 20
-1.3522
 10
-16.7124
 20
-1.3887
 10
-16.7093
 20
-1.4252
 10
-16.7062
 20
-1.4616
 10
-16.703
 20
-1.498
 10
-16.6996
 20
-1.5345
 10
-16.6963
 20
-1.5709
 10
-16.6928
 20
-1.6073
 10
-16.6892
 20
-1.6437
 10
-16.6863
 20
-1.6734
 10
-16.2487
 20
-1.6274
 10
-16.2514
 20
-1.6006
 10
-16.2548
 20
-1.5652
 10
-16.2582
 20
-1.5297
 10
-16.2615
 20
-1.4942
 10
-16.2647
 20
-1.4587
 10
-16.2679
 20
-1.4233
  0
LWPOLYLINE
  5
CF
330
17
100
AcDbEntity
  8
ALTIN
100
AcDbPolyline
 90
86
 70
1
 10
-16.3253
 20
0.3919
 10
-16.3244
 20
0.4275
 10
-16.3234
 20
0.4631
 10
-16.3224
 20
0.4987
 10
-16.3213
 20
0.5343
 10
-16.3201
 20
0.5699
 10
-16.3188
 20
0.6055
 10
-16.3174
 20
0.6411
 10
-16.316
 20
0.6767
 10
-16.3145
 20
0.7123
 10
-16.3129
 20
0.7479
 10
-16.3112
 20
0.7835
 10
-16.3094
 20
0.8191
 10
-16.3076
 20
0.8546
 10
-16.3057
 20
0.8902
 10
-16.3037
 20
0.9258
 10
-16.3017
 20
0.9614
 10
-16.2995
 20
0.9969
 10
-16.2973
 20
1.0325
 10
-16.295
 20
1.068
 10
-16.2927
 20
1.1036
 10
-16.2902
 20
1.1391
 10
-16.2877
 20
1.1747
 10
-16.2851
 20
1.2102
 10
-16.2824
 20
1.2457
 10
-16.2797
 20
1.2812
 10
-16.2768
 20
1.3168
 10
-16.2739
 20
1.3523
 10
-16.2709
 20
1.3878
 10
-16.2679
 20
1.4233
 10
-16.2647
 20
1.4587
 10
-16.2615
 20
1.4942
 10
-16.2582
 20
1.5297
 10
-16.2548
 20
1.5652
 10
-16.2514
 20
1.6006
 10
-16.2487
 20
1.6274
 10
-16.6863
 20
1.6734
 10
-16.6892
 20
1.6437
 10
-16.6928
 20
1.6073
 10
-16.6963
 20
1.5709
 10
-16.6996
 20
1.5345
 10
-16.703
 20
1.498
 10
-16.7062
 20
1.4616
 10
-16.7093
 20
1.4252
 10
-16.7124
 20
1.3887
 10
-16.7154
 20
1.3522
 10
-16.7183
 20
1.3158
 10
-16.7211
 20
1.2793
 10
-16.7239
 20
1.2428
 10
-16.7266
 20
1.2063
 10
-16.7291
 20
1.1698
 10
-16.7317
 20
1.1333
 10
-16.7341
 20
1.0968
 10
-16.7364
 20
1.0603
 10
-16.7387
 20
1.0238
 10
-16.7409
 20
0.9873
 10
-16.743
 20
0.9507
 10
-16.7451
 20
0.9142
 10
-16.747
 20
0.8777
 10
-16.7489
 20
0.8411
 10
-16.7507
 20
0.8046
 10
-16.7524
 20
0.768
 10
-16.754
 20
0.7315
 10
-16.7556
 20
0.6949
 10
-16.7571
 20
0.6584
 10
-16.7585
 20
0.6218
 10
-16.7598
 20
0.5853
 10
-16.761
 20
0.5487
 10
-16.7622
 20
0.5121
 10
-16.7633
 20
0.4756
 10
-16.7643
 20
0.439
 10
-16.7652
 20
0.4024
 10
-16.766
 20
0.3658
 10
-16.7668
 20
0.3293
 10
-16.7674
 20
0.2927
 10
-16.768
 20
0.2561
 10
-16.7686
 20
0.2195
 10
-16.769
 20
0.1829
 10
-16.7693
 20
0.15
 10
-16.3293
 20
0.15
 10
-16.329
 20
0.1781
 10
-16.3286
 20
0.2138
 10
-16.3281
 20
0.2494
 10
-16.3275
 20
0.285
 10
-16.3269
 20
0.3206
 10
-16.3261
 20
0.3562
  0
LWPOLYLINE
  5
D0
330
17
100
AcDbEntity
  8
ALTIN
100
AcDbPolyline
 90
90
 70
1
 10
-16.2039
 20
2.0255
 10
-16.1994
 20
2.0608
 10
-16.1949
 20
2.0962
 10
-16.1903
 20
2.1315
 10
-16.1856
 20
2.1668
 10
-16.1808
 20
2.2021
 10
-16.176
 20
2.2374
 10
-16.1711
 20
2.2727
 10
-16.1661
 20
2.308
 10
-16.161
 20
2.3432
 10
-16.1559
 20
2.3785
 10
-16.1506
 20
2.4137
 10
-16.1453
 20
2.449
 10
-16.1399
 20
2.4842
 10
-16.1345
 20
2.5194
 10
-16.129
 20
2.5546
 10
-16.1233
 20
2.5898
 10
-16.1177
 20
2.6249
 10
-16.1119
 20
2.6601
 10
-16.106
 20
2.6952
 10
-16.1001
 20
2.7304
 10
-16.0941
 20
2.7655
 10
-16.0881
 20
2.8006
 10
-16.0819
 20
2.8357
 10
-16.0757
 20
2.8708
 10
-16.0694
 20
2.9058
 10
-16.063
 20
2.9409
 10
-16.0566
 20
2.9759
 10
-16.05
 20
3.0109
 10
-16.0434
 20
3.0459
 10
-16.0367
 20
3.0809
 10
-16.03
 20
3.1159
 10
-16.0231
 20
3.1509
 10
-16.0162
 20
3.1858
 10
-16.0092
 20
3.2208
 10
-16.0022
 20
3.2557
 10
-15.995
 20
3.2906
 10
-15.9896
 20
3.3169
 10
-16.42
 20
3.4084
 10
-16.426
 20
3.3792
 10
-16.4333
 20
3.3434
 10
-16.4406
 20
3.3075
 10
-16.4478
 20
3.2717
 10
-16.4549
 20
3.2358
 10
-16.4619
 20
3.1999
 10
-16.4688
 20
3.1639
 10
-16.4757
 20
3.128
 10
-16.4825
 20
3.0921
 10
-16.4892
 20
3.0561
 10
-16.4958
 20
3.0201
 10
-16.5024
 20
2.9841
 10
-16.5088
 20
2.9481
 10
-16.5152
 20
2.9121
 10
-16.5215
 20
2.876
 10
-16.5278
 20
2.84
 10
-16.5339
 20
2.8039
 10
-16.54
 20
2.7678
 10
-16.546
 20
2.7318
 10
-16.5519
 20
2.6957
 10
-16.5578
 20
2.6595
 10
-16.5635
 20
2.6234
 10
-16.5692
 20
2.5873
 10
-16.5748
 20
2.5511
 10
-16.5803
 20
2.5149
 10
-16.5858
 20
2.4788
 10
-16.5912
 20
2.4426
 10
-16.5965
 20
2.4064
 10
-16.6017
 20
2.3702
 10
-16.6068
 20
2.3339
 10
-16.6118
 20
2.2977
 10
-16.6168
 20
2.2615
 10
-16.6217
 20
2.2252
 10
-16.6265
 20
2.1889
 10
-16.6313
 20
2.1526
 10
-16.6359
 20
2.1164
 10
-16.6405
 20
2.0801
 10
-16.645
 20
2.0437
 10
-16.6494
 20
2.0074
 10
-16.6538
 20
1.9711
 10
-16.658
 20
1.9348
 10
-16.6622
 20
1.8984
 10
-16.6663
 20
1.8621
 10
-16.6696
 20
1.8325
 10
-16.232
 20
1.7865
 10
-16.229
 20
1.8132
 10
-16.225
 20
1.8486
 10
-16.221
 20
1.884
 10
-16.2168
 20
1.9194
 10
-16.2126
 20
1.9548
 10
-16.2083
 20
1.9901
  0
LWPOLYLINE
  5
D1
330
17
100
AcDbEntity
  8
ALTIN
100
AcDbPolyline
 90
90
 70
1
 10
-15.9034
 20
3.7082
 10
-15.8953
 20
3.7428
 10
-15.8871
 20
3.7775
 10
-15.8788
 20
3.8122
 10
-15.8704
 20
3.8468
 10
-15.862
 20
3.8814
 10
-15.8535
 20
3.916
 10
-15.8449
 20
3.9506
 10
-15.8363
 20
3.9851
 10
-15.8275
 20
4.0197
 10
-15.8187
 20
4.0542
 10
-15.8099
 20
4.0887
 10
-15.8009
 20
4.1232
 10
-15.7919
 20
4.1576
 10
-15.7828
 20
4.1921
 10
-15.7736
 20
4.2265
 10
-15.7643
 20
4.2609
 10
-15.755
 20
4.2953
 10
-15.7456
 20
4.3297
 10
-15.7361
 20
4.364
 10
-15.7265
 20
4.3983
 10
-15.7169
 20
4.4326
 10
-15.7072
 20
4.4669
 10
-15.6974
 20
4.5012
 10
-15.6875
 20
4.5354
 10
-15.6776
 20
4.5696
 10
-15.6676
 20
4.6038
 10
-15.6575
 20
4.638
 10
-15.6474
 20
4.6721
 10
-15.6371
 20
4.7062
 10
-15.6268
 20
4.7403
 10
-15.6165
 20
4.7744
 10
-15.606
 20
4.8085
 10
-15.5955
 20
4.8425
 10
-15.5849
 20
4.8765
 10
-15.5742
 20
4.9105
 10
-15.5634
 20
4.9445
 10
-15.5553
 20
4.9701
 10
-15.9738
 20
5.1061
 10
-15.9828
 20
5.0777
 10
-15.9938
 20
5.0428
 10
-16.0048
 20
5.0079
 10
-16.0157
 20
4.973
 10
-16.0265
 20
4.938
 10
-16.0372
 20
4.9031
 10
-16.0479
 20
4.8681
 10
-16.0585
 20
4.8331
 10
-16.069
 20
4.798
 10
-16.0794
 20
4.7629
 10
-16.0898
 20
4.7278
 10
-16.1
 20
4.6927
 10
-16.1102
 20
4.6576
 10
-16.1204
 20
4.6224
 10
-16.1304
 20
4.5873
 10
-16.1404
 20
4.5521
 10
-16.1503
 20
4.5168
 10
-16.1601
 20
4.4816
 10
-16.1698
 20
4.4463
 10
-16.1795
 20
4.411
 10
-16.1891
 20
4.3757
 10
-16.1986
 20
4.3404
 10
-16.208
 20
4.305
 10
-16.2174
 20
4.2697
 10
-16.2266
 20
4.2343
 10
-16.2358
 20
4.1989
 10
-16.245
 20
4.1634
 10
-16.254
 20
4.128
 10
-16.263
 20
4.0925
 10
-16.2719
 20
4.057
 10
-16.2807
 20
4.0215
 10
-16.2894
 20
3.986
 10
-16.2981
 20
3.9504
 10
-16.3066
 20
3.9149
 10
-16.3151
 20
3.8793
 10
-16.3236
 20
3.8437
 10
-16.3319
 20
3.8081
 10
-16.3402
 20
3.7724
 10
-16.3484
 20
3.7368
 10
-16.3565
 20
3.7011
 10
-16.3645
 20
3.6654
 10
-16.3725
 20
3.6297
 10
-16.3804
 20
3.594
 10
-16.3867
 20
3.5649
 10
-15.9563
 20
3.4734
 10
-15.9506
 20
3.4997
 10
-15.9429
 20
3.5345
 10
-15.9352
 20
3.5692
 10
-15.9273
 20
3.604
 10
-15.9194
 20
3.6387
 10
-15.9115
 20
3.6735
  0
LWPOLYLINE
  5
D2
330
17
100
AcDbEntity
  8
ALTIN
100
AcDbPolyline
 90
90
 70
1
 10
-15.4287
 20
5.3502
 10
-15.417
 20
5.3838
 10
-15.4052
 20
5.4175
 10
-15.3933
 20
5.4511
 10
-15.3814
 20
5.4846
 10
-15.3694
 20
5.5182
 10
-15.3573
 20
5.5517
 10
-15.3452
 20
5.5852
 10
-15.333
 20
5.6187
 10
-15.3207
 20
5.6521
 10
-15.3083
 20
5.6855
 10
-15.2959
 20
5.7189
 10
-15.2833
 20
5.7522
 10
-15.2708
 20
5.7856
 10
-15.2581
 20
5.8189
 10
-15.2454
 20
5.8521
 10
-15.2326
 20
5.8854
 10
-15.2197
 20
5.9186
 10
-15.2067
 20
5.9518
 10
-15.1937
 20
5.985
 10
-15.1806
 20
6.0181
 10
-15.1675
 20
6.0512
 10
-15.1542
 20
6.0843
 10
-15.1409
 20
6.1173
 10
-15.1275
 20
6.1503
 10
-15.1141
 20
6.1833
 10
-15.1006
 20
6.2163
 10
-15.087
 20
6.2492
 10
-15.0733
 20
6.2821
 10
-15.0595
 20
6.315
 10
-15.0457
 20
6.3478
 10
-15.0318
 20
6.3806
 10
-15.0179
 20
6.4134
 10
-15.0039
 20
6.4462
 10
-14.9898
 20
6.4789
 10
-14.9756
 20
6.5116
 10
-14.9613
 20
6.5442
 10
-14.9506
 20
6.5688
 10
-15.3525
 20
6.7478
 10
-15.3645
 20
6.7206
 10
-15.3791
 20
6.687
 10
-15.3936
 20
6.6535
 10
-15.4081
 20
6.6199
 10
-15.4225
 20
6.5862
 10
-15.4369
 20
6.5526
 10
-15.4511
 20
6.5189
 10
-15.4653
 20
6.4851
 10
-15.4794
 20
6.4514
 10
-15.4935
 20
6.4176
 10
-15.5074
 20
6.3838
 10
-15.5213
 20
6.3499
 10
-15.5351
 20
6.3161
 10
-15.5489
 20
6.2822
 10
-15.5625
 20
6.2482
 10
-15.5761
 20
6.2142
 10
-15.5897
 20
6.1803
 10
-15.6031
 20
6.1462
 10
-15.6165
 20
6.1122
 10
-15.6298
 20
6.0781
 10
-15.643
 20
6.044
 10
-15.6561
 20
6.0098
 10
-15.6692
 20
5.9757
 10
-15.6822
 20
5.9415
 10
-15.6951
 20
5.9072
 10
-15.708
 20
5.873
 10
-15.7208
 20
5.8387
 10
-15.7335
 20
5.8044
 10
-15.7461
 20
5.77
 10
-15.7586
 20
5.7357
 10
-15.7711
 20
5.7013
 10
-15.7835
 20
5.6669
 10
-15.7958
 20
5.6324
 10
-15.8081
 20
5.5979
 10
-15.8203
 20
5.5634
 10
-15.8324
 20
5.5289
 10
-15.8444
 20
5.4944
 10
-15.8563
 20
5.4598
 10
-15.8682
 20
5.4252
 10
-15.88
 20
5.3905
 10
-15.8917
 20
5.3559
 10
-15.9034
 20
5.3212
 10
-15.915
 20
5.2865
 10
-15.9243
 20
5.2582
 10
-15.5058
 20
5.1223
 10
-15.4974
 20
5.1478
 10
-15.4861
 20
5.1816
 10
-15.4748
 20
5.2154
 10
-15.4634
 20
5.2491
 10
-15.4519
 20
5.2828
 10
-15.4403
 20
5.3165
  0
LWPOLYLINE
  5
D3
330
17
100
AcDbEntity
  8
ALTIN
100
AcDbPolyline
 90
86
 70
1
 10
-14.7849
 20
6.9336
 10
-14.7698
 20
6.9659
 10
-14.7545
 20
6.9981
 10
-14.7392
 20
7.0302
 10
-14.7238
 20
7.0624
 10
-14.7084
 20
7.0945
 10
-14.6929
 20
7.1266
 10
-14.6773
 20
7.1586
 10
-14.6617
 20
7.1906
 10
-14.6459
 20
7.2226
 10
-14.6301
 20
7.2545
 10
-14.6143
 20
7.2864
 10
-14.5983
 20
7.3183
 10
-14.5823
 20
7.3501
 10
-14.5663
 20
7.3819
 10
-14.5501
 20
7.4137
 10
-14.5339
 20
7.4454
 10
-14.5176
 20
7.4771
 10
-14.5013
 20
7.5087
 10
-14.4849
 20
7.5404
 10
-14.4684
 20
7.5719
 10
-14.4518
 20
7.6035
 10
-14.4352
 20
7.635
 10
-14.4185
 20
7.6665
 10
-14.4018
 20
7.6979
 10
-14.3849
 20
7.7293
 10
-14.368
 20
7.7607
 10
-14.3511
 20
7.792
 10
-14.334
 20
7.8233
 10
-14.3169
 20
7.8545
 10
-14.2998
 20
7.8858
 10
-14.2825
 20
7.9169
 10
-14.2652
 20
7.9481
 10
-14.2479
 20
7.9792
 10
-14.2304
 20
8.0102
 10
-14.2166
 20
8.0347
 10
-14.5977
 20
8.2548
 10
-14.6138
 20
8.2261
 10
-14.6318
 20
8.1942
 10
-14.6496
 20
8.1622
 10
-14.6674
 20
8.1303
 10
-14.6851
 20
8.0982
 10
-14.7027
 20
8.0662
 10
-14.7203
 20
8.0341
 10
-14.7378
 20
8.002
 10
-14.7552
 20
7.9698
 10
-14.7725
 20
7.9376
 10
-14.7898
 20
7.9053
 10
-14.807
 20
7.873
 10
-14.8242
 20
7.8407
 10
-14.8412
 20
7.8084
 10
-14.8582
 20
7.776
 10
-14.8752
 20
7.7435
 10
-14.892
 20
7.7111
 10
-14.9088
 20
7.6785
 10
-14.9255
 20
7.646
 10
-14.9422
 20
7.6134
 10
-14.9588
 20
7.5808
 10
-14.9753
 20
7.5482
 10
-14.9917
 20
7.5155
 10
-15.008
 20
7.4827
 10
-15.0243
 20
7.45
 10
-15.0406
 20
7.4172
 10
-15.0567
 20
7.3844
 10
-15.0728
 20
7.3515
 10
-15.0888
 20
7.3186
 10
-15.1047
 20
7.2856
 10
-15.1206
 20
7.2527
 10
-15.1364
 20
7.2197
 10
-15.1521
 20
7.1866
 10
-15.1677
 20
7.1536
 10
-15.1833
 20
7.1204
 10
-15.1988
 20
7.0873
 10
-15.2142
 20
7.0541
 10
-15.2296
 20
7.0209
 10
-15.2448
 20
6.9877
 10
-15.2601
 20
6.9544
 10
-15.2752
 20
6.9211
 10
-15.2874
 20
6.894
 10
-14.8855
 20
6.715
 10
-14.8744
 20
6.7395
 10
-14.8597
 20
6.7719
 10
-14.8449
 20
6.8043
 10
-14.83
 20
6.8367
 10
-14.815
 20
6.8691
 10
-14.8
 20
6.9014
  0
LWPOLYLINE
  5
D4
330
17
100
AcDbEntity
  8
ALTIN
100
AcDbPolyline
 90
86
 70
1
 10
-13.9422
 20
8.502
 10
-13.9236
 20
8.5324
 10
-13.905
 20
8.5628
 10
-13.8863
 20
8.5931
 10
-13.8675
 20
8.6233
 10
-13.8486
 20
8.6536
 10
-13.8297
 20
8.6838
 10
-13.8107
 20
8.7139
 10
-13.7917
 20
8.744
 10
-13.7726
 20
8.7741
 10
-13.7534
 20
8.8041
 10
-13.7342
 20
8.8341
 10
-13.7149
 20
8.8641
 10
-13.6955
 20
8.894
 10
-13.6761
 20
8.9238
 10
-13.6566
 20
8.9536
 10
-13.637
 20
8.9834
 10
-13.6174
 20
9.0131
 10
-13.5977
 20
9.0428
 10
-13.5779
 20
9.0725
 10
-13.5581
 20
9.1021
 10
-13.5382
 20
9.1316
 10
-13.5182
 20
9.1611
 10
-13.4982
 20
9.1906
 10
-13.4781
 20
9.22
 10
-13.458
 20
9.2494
 10
-13.4378
 20
9.2788
 10
-13.4175
 20
9.308
 10
-13.3972
 20
9.3373
 10
-13.3768
 20
9.3665
 10
-13.3563
 20
9.3957
 10
-13.3358
 20
9.4248
 10
-13.3152
 20
9.4539
 10
-13.2945
 20
9.4829
 10
-13.2738
 20
9.5119
 10
-13.2581
 20
9.5337
 10
-13.6141
 20
9.7923
 10
-13.6314
 20
9.7682
 10
-13.6527
 20
9.7384
 10
-13.6739
 20
9.7086
 10
-13.6951
 20
9.6787
 10
-13.7162
 20
9.6488
 10
-13.7372
 20
9.6189
 10
-13.7581
 20
9.5889
 10
-13.779
 20
9.5588
 10
-13.7998
 20
9.5288
 10
-13.8206
 20
9.4986
 10
-13.8413
 20
9.4685
 10
-13.8619
 20
9.4382
 10
-13.8825
 20
9.408
 10
-13.903
 20
9.3777
 10
-13.9234
 20
9.3473
 10
-13.9437
 20
9.3169
 10
-13.964
 20
9.2865
 10
-13.9843
 20
9.256
 10
-14.0044
 20
9.2255
 10
-14.0245
 20
9.1949
 10
-14.0445
 20
9.1643
 10
-14.0645
 20
9.1336
 10
-14.0844
 20
9.1029
 10
-14.1042
 20
9.0721
 10
-14.124
 20
9.0413
 10
-14.1437
 20
9.0105
 10
-14.1633
 20
8.9796
 10
-14.1829
 20
8.9487
 10
-14.2023
 20
8.9178
 10
-14.2218
 20
8.8867
 10
-14.2411
 20
8.8557
 10
-14.2604
 20
8.8246
 10
-14.2796
 20
8.7935
 10
-14.2988
 20
8.7623
 10
-14.3179
 20
8.7311
 10
-14.3369
 20
8.6998
 10
-14.3558
 20
8.6685
 10
-14.3747
 20
8.6372
 10
-14.3935
 20
8.6058
 10
-14.4122
 20
8.5744
 10
-14.4309
 20
8.5429
 10
-14.4477
 20
8.5146
 10
-14.0666
 20
8.2946
 10
-14.0523
 20
8.3188
 10
-14.0341
 20
8.3494
 10
-14.0159
 20
8.38
 10
-13.9975
 20
8.4106
 10
-13.9792
 20
8.4411
 10
-13.9607
 20
8.4716
  0
LWPOLYLINE
  5
D5
330
17
100
AcDbEntity
  8
ALTIN
100
AcDbPolyline
 90
90
 70
1
 10
-13.0202
 20
9.8561
 10
-12.9987
 20
9.8845
 10
-12.9771
 20
9.9128
 10
-12.9555
 20
9.9411
 10
-12.9337
 20
9.9693
 10
-12.912
 20
9.9975
 10
-12.8901
 20
10.0257
 10
-12.8682
 20
10.0538
 10
-12.8463
 20
10.0818
 10
-12.8242
 20
10.1098
 10
-12.8021
 20
10.1378
 10
-12.78
 20
10.1657
 10
-12.7578
 20
10.1935
 10
-12.7355
 20
10.2213
 10
-12.7132
 20
10.2491
 10
-12.6908
 20
10.2768
 10
-12.6683
 20
10.3045
 10
-12.6458
 20
10.3321
 10
-12.6233
 20
10.3596
 10
-12.6006
 20
10.3872
 10
-12.5779
 20
10.4146
 10
-12.5552
 20
10.442
 10
-12.5324
 20
10.4694
 10
-12.5095
 20
10.4967
 10
-12.4866
 20
10.524
 10
-12.4636
 20
10.5512
 10
-12.4405
 20
10.5784
 10
-12.4174
 20
10.6055
 10
-12.3943
 20
10.6326
 10
-12.371
 20
10.6596
 10
-12.3478
 20
10.6865
 10
-12.3244
 20
10.7134
 10
-12.301
 20
10.7403
 10
-12.2775
 20
10.7671
 10
-12.254
 20
10.7939
 10
-12.2304
 20
10.8206
 10
-12.2068
 20
10.8472
 10
-12.1889
 20
10.8673
 10
-12.5159
 20
11.1617
 10
-12.5357
 20
11.1395
 10
-12.56
 20
11.1121
 10
-12.5842
 20
11.0847
 10
-12.6084
 20
11.0572
 10
-12.6324
 20
11.0297
 10
-12.6565
 20
11.0021
 10
-12.6805
 20
10.9745
 10
-12.7044
 20
10.9468
 10
-12.7282
 20
10.919
 10
-12.752
 20
10.8912
 10
-12.7757
 20
10.8634
 10
-12.7994
 20
10.8355
 10
-12.823
 20
10.8075
 10
-12.8466
 20
10.7795
 10
-12.8701
 20
10.7515
 10
-12.8935
 20
10.7234
 10
-12.9168
 20
10.6952
 10
-12.9401
 20
10.667
 10
-12.9634
 20
10.6388
 10
-12.9866
 20
10.6105
 10
-13.0097
 20
10.5821
 10
-13.0327
 20
10.5537
 10
-13.0557
 20
10.5252
 10
-13.0787
 20
10.4967
 10
-13.1015
 20
10.4682
 10
-13.1243
 20
10.4396
 10
-13.1471
 20
10.4109
 10
-13.1698
 20
10.3822
 10
-13.1924
 20
10.3534
 10
-13.2149
 20
10.3246
 10
-13.2374
 20
10.2958
 10
-13.2599
 20
10.2669
 10
-13.2822
 20
10.2379
 10
-13.3045
 20
10.2089
 10
-13.3268
 20
10.1799
 10
-13.349
 20
10.1508
 10
-13.3711
 20
10.1216
 10
-13.3931
 20
10.0924
 10
-13.4151
 20
10.0632
 10
-13.437
 20
10.0339
 10
-13.4589
 20
10.0046
 10
-13.4807
 20
9.9752
 10
-13.5024
 20
9.9457
 10
-13.52
 20
9.9218
 10
-13.1641
 20
9.6631
 10
-13.1481
 20
9.6848
 10
-13.127
 20
9.7135
 10
-13.1058
 20
9.7421
 10
-13.0845
 20
9.7706
 10
-13.0631
 20
9.7992
 10
-13.0417
 20
9.8276
  0
LWPOLYLINE
  5
D6
330
17
100
AcDbEntity
  8
ALTIN
100
AcDbPolyline
 90
90
 70
1
 10
-11.9187
 20
11.1631
 10
-11.8943
 20
11.189
 10
-11.8699
 20
11.215
 10
-11.8454
 20
11.2408
 10
-11.8208
 20
11.2666
 10
-11.7962
 20
11.2924
 10
-11.7715
 20
11.3181
 10
-11.7468
 20
11.3438
 10
-11.722
 20
11.3694
 10
-11.6972
 20
11.3949
 10
-11.6723
 20
11.4204
 10
-11.6474
 20
11.4458
 10
-11.6224
 20
11.4712
 10
-11.5973
 20
11.4966
 10
-11.5722
 20
11.5218
 10
-11.5471
 20
11.5471
 10
-11.5218
 20
11.5722
 10
-11.4966
 20
11.5973
 10
-11.4712
 20
11.6224
 10
-11.4458
 20
11.6474
 10
-11.4204
 20
11.6723
 10
-11.3949
 20
11.6972
 10
-11.3694
 20
11.722
 10
-11.3438
 20
11.7468
 10
-11.3181
 20
11.7715
 10
-11.2924
 20
11.7962
 10
-11.2666
 20
11.8208
 10
-11.2408
 20
11.8454
 10
-11.215
 20
11.8699
 10
-11.189
 20
11.8943
 10
-11.1631
 20
11.9187
 10
-11.137
 20
11.943
 10
-11.111
 20
11.9673
 10
-11.0848
 20
11.9915
 10
-11.0586
 20
12.0156
 10
-11.0324
 20
12.0397
 10
-11.0061
 20
12.0638
 10
-10.9862
 20
12.0819
 10
-11.2806
 20
12.4089
 10
-11.3026
 20
12.3888
 10
-11.3296
 20
12.3641
 10
-11.3566
 20
12.3394
 10
-11.3835
 20
12.3146
 10
-11.4103
 20
12.2897
 10
-11.4371
 20
12.2648
 10
-11.4638
 20
12.2398
 10
-11.4905
 20
12.2148
 10
-11.5171
 20
12.1897
 10
-11.5437
 20
12.1645
 10
-11.5702
 20
12.1393
 10
-11.5967
 20
12.114
 10
-11.6231
 20
12.0887
 10
-11.6494
 20
12.0633
 10
-11.6757
 20
12.0379
 10
-11.7019
 20
12.0124
 10
-11.7281
 20
11.9868
 10
-11.7542
 20
11.9612
 10
-11.7803
 20
11.9355
 10
-11.8063
 20
11.9098
 10
-11.8323
 20
11.884
 10
-11.8582
 20
11.8582
 10
-11.884
 20
11.8323
 10
-11.9098
 20
11.8063
 10
-11.9355
 20
11.7803
 10
-11.9612
 20
11.7542
 10
-11.9868
 20
11.7281
 10
-12.0124
 20
11.7019
 10
-12.0379
 20
11.6757
 10
-12.0633
 20
11.6494
 10
-12.0887
 20
11.6231
 10
-12.114
 20
11.5967
 10
-12.1393
 20
11.5702
 10
-12.1645
 20
11.5437
 10
-12.1897
 20
11.5171
 10
-12.2148
 20
11.4905
 10
-12.2398
 20
11.4638
 10
-12.2648
 20
11.4371
 10
-12.2897
 20
11.4103
 10
-12.3146
 20
11.3835
 10
-12.3394
 20
11.3566
 10
-12.3641
 20
11.3296
 10
-12.3888
 20
11.3026
 10
-12.4089
 20
11.2806
 10
-12.0819
 20
10.9862
 10
-12.0638
 20
11.0061
 10
-12.0397
 20
11.0324
 10
-12.0156
 20
11.0586
 10
-11.9915
 20
11.0848
 10
-11.9673
 20
11.111
 10
-11.943
 20
11.137
  0
LWPOLYLINE
  5
D7
330
17
100
AcDbEntity
  8
ALTIN
100
AcDbPolyline
 90
90
 70
1
 10
-10.6865
 20
12.3478
 10
-10.6596
 20
12.371
 10
-10.6326
 20
12.3943
 10
-10.6055
 20
12.4174
 10
-10.5784
 20
12.4405
 10
-10.5512
 20
12.4636
 10
-10.524
 20
12.4866
 10
-10.4967
 20
12.5095
 10
-10.4694
 20
12.5324
 10
-10.442
 20
12.5552
 10
-10.4146
 20
12.5779
 10
-10.3872
 20
12.6006
 10
-10.3596
 20
12.6233
 10
-10.3321
 20
12.6458
 10
-10.3045
 20
12.6683
 10
-10.2768
 20
12.6908
 10
-10.2491
 20
12.7132
 10
-10.2213
 20
12.7355
 10
-10.1935
 20
12.7578
 10
-10.1657
 20
12.78
 10
-10.1378
 20
12.8021
 10
-10.1098
 20
12.8242
 10
-10.0818
 20
12.8463
 10
-10.0538
 20
12.8682
 10
-10.0257
 20
12.8901
 10
-9.9975
 20
12.912
 10
-9.9693
 20
12.9337
 10
-9.9411
 20
12.9555
 10
-9.9128
 20
12.9771
 10
-9.8845
 20
12.9987
 10
-9.8561
 20
13.0202
 10
-9.8276
 20
13.0417
 10
-9.7992
 20
13.0631
 10
-9.7706
 20
13.0845
 10
-9.7421
 20
13.1058
 10
-9.7135
 20
13.127
 10
-9.6848
 20
13.1481
 10
-9.6631
 20
13.1641
 10
-9.9218
 20
13.52
 10
-9.9457
 20
13.5024
 10
-9.9752
 20
13.4807
 10
-10.0046
 20
13.4589
 10
-10.0339
 20
13.437
 10
-10.0632
 20
13.4151
 10
-10.0924
 20
13.3931
 10
-10.1216
 20
13.3711
 10
-10.1508
 20
13.349
 10
-10.1799
 20
13.3268
 10
-10.2089
 20
13.3045
 10
-10.2379
 20
13.2822
 10
-10.2669
 20
13.2599
 10
-10.2958
 20
13.2374
 10
-10.3246
 20
13.2149
 10
-10.3534
 20
13.1924
 10
-10.3822
 20
13.1698
 10
-10.4109
 20
13.1471
 10
-10.4396
 20
13.1243
 10
-10.4682
 20
13.1015
 10
-10.4967
 20
13.0787
 10
-10.5252
 20
13.0557
 10
-10.5537
 20
13.0327
 10
-10.5821
 20
13.0097
 10
-10.6105
 20
12.9866
 10
-10.6388
 20
12.9634
 10
-10.667
 20
12.9401
 10
-10.6952
 20
12.9168
 10
-10.7234
 20
12.8935
 10
-10.7515
 20
12.8701
 10
-10.7795
 20
12.8466
 10
-10.8075
 20
12.823
 10
-10.8355
 20
12.7994
 10
-10.8634
 20
12.7757
 10
-10.8912
 20
12.752
 10
-10.919
 20
12.7282
 10
-10.9468
 20
12.7044
 10
-10.9745
 20
12.6805
 10
-11.0021
 20
12.6565
 10
-11.0297
 20
12.6324
 10
-11.0572
 20
12.6084
 10
-11.0847
 20
12.5842
 10
-11.1121
 20
12.56
 10
-11.1395
 20
12.5357
 10
-11.1617
 20
12.5159
 10
-10.8673
 20
12.1889
 10
-10.8472
 20
12.2068
 10
-10.8206
 20
12.2304
 10
-10.7939
 20
12.254
 10
-10.7671
 20
12.2775
 10
-10.7403
 20
12.301
 10
-10.7134
 20
12.3244
  0
LWPOLYLINE
  5
D8
330
17
100
AcDbEntity
  8
ALTIN
100
AcDbPolyline
 90
86
 70
1
 10
-9.3373
 20
13.3972
 10
-9.308
 20
13.4175
 10
-9.2788
 20
13.4378
 10
-9.2494
 20
13.458
 10
-9.22
 20
13.4781
 10
-9.1906
 20
13.4982
 10
-9.1611
 20
13.5182
 10
-9.1316
 20
13.5382
 10
-9.1021
 20
13.5581
 10
-9.0725
 20
13.5779
 10
-9.0428
 20
13.5977
 10
-9.0131
 20
13.6174
 10
-8.9834
 20
13.637
 10
-8.9536
 20
13.6566
 10
-8.9238
 20
13.6761
 10
-8.894
 20
13.6955
 10
-8.8641
 20
13.7149
 10
-8.8341
 20
13.7342
 10
-8.8041
 20
13.7534
 10
-8.7741
 20
13.7726
 10
-8.744
 20
13.7917
 10
-8.7139
 20
13.8107
 10
-8.6838
 20
13.8297
 10
-8.6536
 20
13.8486
 10
-8.6233
 20
13.8675
 10
-8.5931
 20
13.8863
 10
-8.5628
 20
13.905
 10
-8.5324
 20
13.9236
 10
-8.502
 20
13.9422
 10
-8.4716
 20
13.9607
 10
-8.4411
 20
13.9792
 10
-8.4106
 20
13.9975
 10
-8.38
 20
14.0159
 10
-8.3494
 20
14.0341
 10
-8.3188
 20
14.0523
 10
-8.2946
 20
14.0666
 10
-8.5146
 20
14.4477
 10
-8.5429
 20
14.4309
 10
-8.5744
 20
14.4122
 10
-8.6058
 20
14.3935
 10
-8.6372
 20
14.3747
 10
-8.6685
 20
14.3558
 10
-8.6998
 20
14.3369
 10
-8.7311
 20
14.3179
 10
-8.7623
 20
14.2988
 10
-8.7935
 20
14.2796
 10
-8.8246
 20
14.2604
 10
-8.8557
 20
14.2411
 10
-8.8867
 20
14.2218
 10
-8.9178
 20
14.2023
 10
-8.9487
 20
14.1829
 10
-8.9796
 20
14.1633
 10
-9.0105
 20
14.1437
 10
-9.0413
 20
14.124
 10
-9.0721
 20
14.1042
 10
-9.1029
 20
14.0844
 10
-9.1336
 20
14.0645
 10
-9.1643
 20
14.0445
 10
-9.1949
 20
14.0245
 10
-9.2255
 20
14.0044
 10
-9.256
 20
13.9843
 10
-9.2865
 20
13.964
 10
-9.3169
 20
13.9437
 10
-9.3473
 20
13.9234
 10
-9.3777
 20
13.903
 10
-9.408
 20
13.8825
 10
-9.4382
 20
13.8619
 10
-9.4685
 20
13.8413
 10
-9.4986
 20
13.8206
 10
-9.5288
 20
13.7998
 10
-9.5588
 20
13.779
 10
-9.5889
 20
13.7581
 10
-9.6189
 20
13.7372
 10
-9.6488
 20
13.7162
 10
-9.6787
 20
13.6951
 10
-9.7086
 20
13.6739
 10
-9.7384
 20
13.6527
 10
-9.7682
 20
13.6314
 10
-9.7923
 20
13.6141
 10
-9.5337
 20
13.2581
 10
-9.5119
 20
13.2738
 10
-9.4829
 20
13.2945
 10
-9.4539
 20
13.3152
 10
-9.4248
 20
13.3358
 10
-9.3957
 20
13.3563
 10
-9.3665
 20
13.3768
  0
LWPOLYLINE
  5
D9
330
17
100
AcDbEntity
  8
ALTIN
100
AcDbPolyline
 90
90
 70
1
 10
-5.3502
 20
-15.4287
 10
-5.3838
 20
-15.417
 10
-5.4175
 20
-15.4052
 10
-5.4511
 20
-15.3933
 10
-5.4846
 20
-15.3814
 10
-5.5182
 20
-15.3694
 10
-5.5517
 20
-15.3573
 10
-5.5852
 20
-15.3452
 10
-5.6187
 20
-15.333
 10
-5.6521
 20
-15.3207
 10
-5.6855
 20
-15.3083
 10
-5.7189
 20
-15.2959
 10
-5.7522
 20
-15.2833
 10
-5.7856
 20
-15.2708
 10
-5.8189
 20
-15.2581
 10
-5.8521
 20
-15.2454
 10
-5.8854
 20
-15.2326
 10
-5.9186
 20
-15.2197
 10
-5.9518
 20
-15.2067
 10
-5.985
 20
-15.1937
 10
-6.0181
 20
-15.1806
 10
-6.0512
 20
-15.1675
 10
-6.0843
 20
-15.1542
 10
-6.1173
 20
-15.1409
 10
-6.1503
 20
-15.1275
 10
-6.1833
 20
-15.1141
 10
-6.2163
 20
-15.1006
 10
-6.2492
 20
-15.087
 10
-6.2821
 20
-15.0733
 10
-6.315
 20
-15.0595
 10
-6.3478
 20
-15.0457
 10
-6.3806
 20
-15.0318
 10
-6.4134
 20
-15.0179
 10
-6.4462
 20
-15.0039
 10
-6.4789
 20
-14.9898
 10
-6.5116
 20
-14.9756
 10
-6.5442
 20
-14.9613
 10
-6.5688
 20
-14.9506
 10
-6.7478
 20
-15.3525
 10
-6.7206
 20
-15.3645
 10
-6.687
 20
-15.3791
 10
-6.6535
 20
-15.3936
 10
-6.6199
 20
-15.4081
 10
-6.5862
 20
-15.4225
 10
-6.5526
 20
-15.4369
 10
-6.5189
 20
-15.4511
 10
-6.4851
 20
-15.4653
 10
-6.4514
 20
-15.4794
 10
-6.4176
 20
-15.4935
 10
-6.3838
 20
-15.5074
 10
-6.3499
 20
-15.5213
 10
-6.3161
 20
-15.5351
 10
-6.2822
 20
-15.5489
 10
-6.2482
 20
-15.5625
 10
-6.2142
 20
-15.5761
 10
-6.1803
 20
-15.5897
 10
-6.1462
 20
-15.6031
 10
-6.1122
 20
-15.6165
 10
-6.0781
 20
-15.6298
 10
-6.044
 20
-15.643
 10
-6.0098
 20
-15.6561
 10
-5.9757
 20
-15.6692
 10
-5.9415
 20
-15.6822
 10
-5.9072
 20
-15.6951
 10
-5.873
 20
-15.708
 10
-5.8387
 20
-15.7208
 10
-5.8044
 20
-15.7335
 10
-5.77
 20
-15.7461
 10
-5.7357
 20
-15.7586
 10
-5.7013
 20
-15.7711
 10
-5.6669
 20
-15.7835
 10
-5.6324
 20
-15.7958
 10
-5.5979
 20
-15.8081
 10
-5.5634
 20
-15.8203
 10
-5.5289
 20
-15.8324
 10
-5.4944
 20
-15.8444
 10
-5.4598
 20
-15.8563
 10
-5.4252
 20
-15.8682
 10
-5.3905
 20
-15.88
 10
-5.3559
 20
-15.8917
 10
-5.3212
 20
-15.9034
 10
-5.2865
 20
-15.915
 10
-5.2582
 20
-15.9243
 10
-5.1223
 20
-15.5058
 10
-5.1478
 20
-15.4974
 10
-5.1816
 20
-15.4861
 10
-5.2154
 20
-15.4748
 10
-5.2491
 20
-15.4634
 10
-5.2828
 20
-15.4519
 10
-5.3165
 20
-15.4403
  0
LWPOLYLINE
  5
DA
330
17
100
AcDbEntity
  8
ALTIN
100
AcDbPolyline
 90
90
 70
1
 10
-4.8681
 20
-16.0479
 10
-4.8331
 20
-16.0585
 10
-4.798
 20
-16.069
 10
-4.7629
 20
-16.0794
 10
-4.7278
 20
-16.0898
 10
-4.6927
 20
-16.1
 10
-4.6576
 20
-16.1102
 10
-4.6224
 20
-16.1204
 10
-4.5873
 20
-16.1304
 10
-4.5521
 20
-16.1404
 10
-4.5168
 20
-16.1503
 10
-4.4816
 20
-16.1601
 10
-4.4463
 20
-16.1698
 10
-4.411
 20
-16.1795
 10
-4.3757
 20
-16.1891
 10
-4.3404
 20
-16.1986
 10
-4.305
 20
-16.208
 10
-4.2697
 20
-16.2174
 10
-4.2343
 20
-16.2266
 10
-4.1989
 20
-16.2358
 10
-4.1634
 20
-16.245
 10
-4.128
 20
-16.254
 10
-4.0925
 20
-16.263
 10
-4.057
 20
-16.2719
 10
-4.0215
 20
-16.2807
 10
-3.986
 20
-16.2894
 10
-3.9504
 20
-16.2981
 10
-3.9149
 20
-16.3066
 10
-3.8793
 20
-16.3151
 10
-3.8437
 20
-16.3236
 10
-3.8081
 20
-16.3319
 10
-3.7724
 20
-16.3402
 10
-3.7368
 20
-16.3484
 10
-3.7011
 20
-16.3565
 10
-3.6654
 20
-16.3645
 10
-3.6297
 20
-16.3725
 10
-3.594
 20
-16.3804
 10
-3.5649
 20
-16.3867
 10
-3.4734
 20
-15.9563
 10
-3.4997
 20
-15.9506
 10
-3.5345
 20
-15.9429
 10
-3.5692
 20
-15.9352
 10
-3.604
 20
-15.9273
 10
-3.6387
 20
-15.9194
 10
-3.6735
 20
-15.9115
 10
-3.7082
 20
-15.9034
 10
-3.7428
 20
-15.8953
 10
-3.7775
 20
-15.8871
 10
-3.8122
 20
-15.8788
 10
-3.8468
 20
-15.8704
 10
-3.8814
 20
-15.862
 10
-3.916
 20
-15.8535
 10
-3.9506
 20
-15.8449
 10
-3.9851
 20
-15.8363
 10
-4.0197
 20
-15.8275
 10
-4.0542
 20
-15.8187
 10
-4.0887
 20
-15.8099
 10
-4.1232
 20
-15.8009
 10
-4.1576
 20
-15.7919
 10
-4.1921
 20
-15.7828
 10
-4.2265
 20
-15.7736
 10
-4.2609
 20
-15.7643
 10
-4.2953
 20
-15.755
 10
-4.3297
 20
-15.7456
 10
-4.364
 20
-15.7361
 10
-4.3983
 20
-15.7265
 10
-4.4326
 20
-15.7169
 10
-4.4669
 20
-15.7072
 10
-4.5012
 20
-15.6974
 10
-4.5354
 20
-15.6875
 10
-4.5696
 20
-15.6776
 10
-4.6038
 20
-15.6676
 10
-4.638
 20
-15.6575
 10
-4.6721
 20
-15.6474
 10
-4.7062
 20
-15.6371
 10
-4.7403
 20
-15.6268
 10
-4.7744
 20
-15.6165
 10
-4.8085
 20
-15.606
 10
-4.8425
 20
-15.5955
 10
-4.8765
 20
-15.5849
 10
-4.9105
 20
-15.5742
 10
-4.9445
 20
-15.5634
 10
-4.9701
 20
-15.5553
 10
-5.1061
 20
-15.9738
 10
-5.0777
 20
-15.9828
 10
-5.0428
 20
-15.9938
 10
-5.0079
 20
-16.0048
 10
-4.973
 20
-16.0157
 10
-4.938
 20
-16.0265
 10
-4.9031
 20
-16.0372
  0
LWPOLYLINE
  5
DB
330
17
100
AcDbEntity
  8
ALTIN
100
AcDbPolyline
 90
86
 70
1
 10
-6.9336
 20
-14.7849
 10
-6.9659
 20
-14.7698
 10
-6.9981
 20
-14.7545
 10
-7.0302
 20
-14.7392
 10
-7.0624
 20
-14.7238
 10
-7.0945
 20
-14.7084
 10
-7.1266
 20
-14.6929
 10
-7.1586
 20
-14.6773
 10
-7.1906
 20
-14.6617
 10
-7.2226
 20
-14.6459
 10
-7.2545
 20
-14.6301
 10
-7.2864
 20
-14.6143
 10
-7.3183
 20
-14.5983
 10
-7.3501
 20
-14.5823
 10
-7.3819
 20
-14.5663
 10
-7.4137
 20
-14.5501
 10
-7.4454
 20
-14.5339
 10
-7.4771
 20
-14.5176
 10
-7.5087
 20
-14.5013
 10
-7.5404
 20
-14.4849
 10
-7.5719
 20
-14.4684
 10
-7.6035
 20
-14.4518
 10
-7.635
 20
-14.4352
 10
-7.6665
 20
-14.4185
 10
-7.6979
 20
-14.4018
 10
-7.7293
 20
-14.3849
 10
-7.7607
 20
-14.368
 10
-7.792
 20
-14.3511
 10
-7.8233
 20
-14.334
 10
-7.8545
 20
-14.3169
 10
-7.8858
 20
-14.2998
 10
-7.9169
 20
-14.2825
 10
-7.9481
 20
-14.2652
 10
-7.9792
 20
-14.2479
 10
-8.0102
 20
-14.2304
 10
-8.0347
 20
-14.2166
 10
-8.2548
 20
-14.5977
 10
-8.2261
 20
-14.6138
 10
-8.1942
 20
-14.6318
 10
-8.1622
 20
-14.6496
 10
-8.1303
 20
-14.6674
 10
-8.0982
 20
-14.6851
 10
-8.0662
 20
-14.7027
 10
-8.0341
 20
-14.7203
 10
-8.002
 20
-14.7378
 10
-7.9698
 20
-14.7552
 10
-7.9376
 20
-14.7725
 10
-7.9053
 20
-14.7898
 10
-7.873
 20
-14.807
 10
-7.8407
 20
-14.8242
 10
-7.8084
 20
-14.8412
 10
-7.776
 20
-14.8582
 10
-7.7435
 20
-14.8752
 10
-7.7111
 20
-14.892
 10
-7.6785
 20
-14.9088
 10
-7.646
 20
-14.9255
 10
-7.6134
 20
-14.9422
 10
-7.5808
 20
-14.9588
 10
-7.5482
 20
-14.9753
 10
-7.5155
 20
-14.9917
 10
-7.4827
 20
-15.008
 10
-7.45
 20
-15.0243
 10
-7.4172
 20
-15.0406
 10
-7.3844
 20
-15.0567
 10
-7.3515
 20
-15.0728
 10
-7.3186
 20
-15.0888
 10
-7.2856
 20
-15.1047
 10
-7.2527
 20
-15.1206
 10
-7.2197
 20
-15.1364
 10
-7.1866
 20
-15.1521
 10
-7.1536
 20
-15.1677
 10
-7.1204
 20
-15.1833
 10
-7.0873
 20
-15.1988
 10
-7.0541
 20
-15.2142
 10
-7.0209
 20
-15.2296
 10
-6.9877
 20
-15.2448
 10
-6.9544
 20
-15.2601
 10
-6.9211
 20
-15.2752
 10
-6.894
 20
-15.2874
 10
-6.715
 20
-14.8855
 10
-6.7395
 20
-14.8744
 10
-6.7719
 20
-14.8597
 10
-6.8043
 20
-14.8449
 10
-6.8367
 20
-14.83
 10
-6.8691
 20
-14.815
 10
-6.9014
 20
-14.8
  0
LWPOLYLINE
  5
DC
330
17
100
AcDbEntity
  8
ALTIN
100
AcDbPolyline
 90
86
 70
1
 10
-7.8233
 20
14.334
 10
-7.792
 20
14.3511
 10
-7.7607
 20
14.368
 10
-7.7293
 20
14.3849
 10
-7.6979
 20
14.4018
 10
-7.6665
 20
14.4185
 10
-7.635
 20
14.4352
 10
-7.6035
 20
14.4518
 10
-7.5719
 20
14.4684
 10
-7.5404
 20
14.4849
 10
-7.5087
 20
14.5013
 10
-7.4771
 20
14.5176
 10
-7.4454
 20
14.5339
 10
-7.4137
 20
14.5501
 10
-7.3819
 20
14.5663
 10
-7.3501
 20
14.5823
 10
-7.3183
 20
14.5983
 10
-7.2864
 20
14.6143
 10
-7.2545
 20
14.6301
 10
-7.2226
 20
14.6459
 10
-7.1906
 20
14.6617
 10
-7.1586
 20
14.6773
 10
-7.1266
 20
14.6929
 10
-7.0945
 20
14.7084
 10
-7.0624
 20
14.7238
 10
-7.0302
 20
14.7392
 10
-6.9981
 20
14.7545
 10
-6.9659
 20
14.7698
 10
-6.9336
 20
14.7849
 10
-6.9014
 20
14.8
 10
-6.8691
 20
14.815
 10
-6.8367
 20
14.83
 10
-6.8043
 20
14.8449
 10
-6.7719
 20
14.8597
 10
-6.7395
 20
14.8744
 10
-6.715
 20
14.8855
 10
-6.894
 20
15.2874
 10
-6.9211
 20
15.2752
 10
-6.9544
 20
15.2601
 10
-6.9877
 20
15.2448
 10
-7.0209
 20
15.2296
 10
-7.0541
 20
15.2142
 10
-7.0873
 20
15.1988
 10
-7.1204
 20
15.1833
 10
-7.1536
 20
15.1677
 10
-7.1866
 20
15.1521
 10
-7.2197
 20
15.1364
 10
-7.2527
 20
15.1206
 10
-7.2856
 20
15.1047
 10
-7.3186
 20
15.0888
 10
-7.3515
 20
15.0728
 10
-7.3844
 20
15.0567
 10
-7.4172
 20
15.0406
 10
-7.45
 20
15.0243
 10
-7.4827
 20
15.008
 10
-7.5155
 20
14.9917
 10
-7.5482
 20
14.9753
 10
-7.5808
 20
14.9588
 10
-7.6134
 20
14.9422
 10
-7.646
 20
14.9255
 10
-7.6785
 20
14.9088
 10
-7.7111
 20
14.892
 10
-7.7435
 20
14.8752
 10
-7.776
 20
14.8582
 10
-7.8084
 20
14.8412
 10
-7.8407
 20
14.8242
 10
-7.873
 20
14.807
 10
-7.9053
 20
14.7898
 10
-7.9376
 20
14.7725
 10
-7.9698
 20
14.7552
 10
-8.002
 20
14.7378
 10
-8.0341
 20
14.7203
 10
-8.0662
 20
14.7027
 10
-8.0982
 20
14.6851
 10
-8.1303
 20
14.6674
 10
-8.1622
 20
14.6496
 10
-8.1942
 20
14.6318
 10
-8.2261
 20
14.6138
 10
-8.2548
 20
14.5977
 10
-8.0347
 20
14.2166
 10
-8.0102
 20
14.2304
 10
-7.9792
 20
14.2479
 10
-7.9481
 20
14.2652
 10
-7.9169
 20
14.2825
 10
-7.8858
 20
14.2998
 10
-7.8545
 20
14.3169
  0
LWPOLYLINE
  5
DD
330
17
100
AcDbEntity
  8
ALTIN
100
AcDbPolyline
 90
90
 70
1
 10
-6.3478
 20
15.0457
 10
-6.315
 20
15.0595
 10
-6.2821
 20
15.0733
 10
-6.2492
 20
15.087
 10
-6.2163
 20
15.1006
 10
-6.1833
 20
15.1141
 10
-6.1503
 20
15.1275
 10
-6.1173
 20
15.1409
 10
-6.0843
 20
15.1542
 10
-6.0512
 20
15.1675
 10
-6.0181
 20
15.1806
 10
-5.985
 20
15.1937
 10
-5.9518
 20
15.2067
 10
-5.9186
 20
15.2197
 10
-5.8854
 20
15.2326
 10
-5.8521
 20
15.2454
 10
-5.8189
 20
15.2581
 10
-5.7856
 20
15.2708
 10
-5.7522
 20
15.2833
 10
-5.7189
 20
15.2959
 10
-5.6855
 20
15.3083
 10
-5.6521
 20
15.3207
 10
-5.6187
 20
15.333
 10
-5.5852
 20
15.3452
 10
-5.5517
 20
15.3573
 10
-5.5182
 20
15.3694
 10
-5.4846
 20
15.3814
 10
-5.4511
 20
15.3933
 10
-5.4175
 20
15.4052
 10
-5.3838
 20
15.417
 10
-5.3502
 20
15.4287
 10
-5.3165
 20
15.4403
 10
-5.2828
 20
15.4519
 10
-5.2491
 20
15.4634
 10
-5.2154
 20
15.4748
 10
-5.1816
 20
15.4861
 10
-5.1478
 20
15.4974
 10
-5.1223
 20
15.5058
 10
-5.2582
 20
15.9243
 10
-5.2865
 20
15.915
 10
-5.3212
 20
15.9034
 10
-5.3559
 20
15.8917
 10
-5.3905
 20
15.88
 10
-5.4252
 20
15.8682
 10
-5.4598
 20
15.8563
 10
-5.4944
 20
15.8444
 10
-5.5289
 20
15.8324
 10
-5.5634
 20
15.8203
 10
-5.5979
 20
15.8081
 10
-5.6324
 20
15.7958
 10
-5.6669
 20
15.7835
 10
-5.7013
 20
15.7711
 10
-5.7357
 20
15.7586
 10
-5.77
 20
15.7461
 10
-5.8044
 20
15.7335
 10
-5.8387
 20
15.7208
 10
-5.873
 20
15.708
 10
-5.9072
 20
15.6951
 10
-5.9415
 20
15.6822
 10
-5.9757
 20
15.6692
 10
-6.0098
 20
15.6561
 10
-6.044
 20
15.643
 10
-6.0781
 20
15.6298
 10
-6.1122
 20
15.6165
 10
-6.1462
 20
15.6031
 10
-6.1803
 20
15.5897
 10
-6.2142
 20
15.5761
 10
-6.2482
 20
15.5625
 10
-6.2822
 20
15.5489
 10
-6.3161
 20
15.5351
 10
-6.3499
 20
15.5213
 10
-6.3838
 20
15.5074
 10
-6.4176
 20
15.4935
 10
-6.4514
 20
15.4794
 10
-6.4851
 20
15.4653
 10
-6.5189
 20
15.4511
 10
-6.5526
 20
15.4369
 10
-6.5862
 20
15.4225
 10
-6.6199
 20
15.4081
 10
-6.6535
 20
15.3936
 10
-6.687
 20
15.3791
 10
-6.7206
 20
15.3645
 10
-6.7478
 20
15.3525
 10
-6.5688
 20
14.9506
 10
-6.5442
 20
14.9613
 10
-6.5116
 20
14.9756
 10
-6.4789
 20
14.9898
 10
-6.4462
 20
15.0039
 10
-6.4134
 20
15.0179
 10
-6.3806
 20
15.0318
  0
LWPOLYLINE
  5
DE
330
17
100
AcDbEntity
  8
ALTIN
100
AcDbPolyline
 90
90
 70
1
 10
-4.7403
 20
15.6268
 10
-4.7062
 20
15.6371
 10
-4.6721
 20
15.6474
 10
-4.638
 20
15.6575
 10
-4.6038
 20
15.6676
 10
-4.5696
 20
15.6776
 10
-4.5354
 20
15.6875
 10
-4.5012
 20
15.6974
 10
-4.4669
 20
15.7072
 10
-4.4326
 20
15.7169
 10
-4.3983
 20
15.7265
 10
-4.364
 20
15.7361
 10
-4.3297
 20
15.7456
 10
-4.2953
 20
15.755
 10
-4.2609
 20
15.7643
 10
-4.2265
 20
15.7736
 10
-4.1921
 20
15.7828
 10
-4.1576
 20
15.7919
 10
-4.1232
 20
15.8009
 10
-4.0887
 20
15.8099
 10
-4.0542
 20
15.8187
 10
-4.0197
 20
15.8275
 10
-3.9851
 20
15.8363
 10
-3.9506
 20
15.8449
 10
-3.916
 20
15.8535
 10
-3.8814
 20
15.862
 10
-3.8468
 20
15.8704
 10
-3.8122
 20
15.8788
 10
-3.7775
 20
15.8871
 10
-3.7428
 20
15.8953
 10
-3.7082
 20
15.9034
 10
-3.6735
 20
15.9115
 10
-3.6387
 20
15.9194
 10
-3.604
 20
15.9273
 10
-3.5692
 20
15.9352
 10
-3.5345
 20
15.9429
 10
-3.4997
 20
15.9506
 10
-3.4734
 20
15.9563
 10
-3.5649
 20
16.3867
 10
-3.594
 20
16.3804
 10
-3.6297
 20
16.3725
 10
-3.6654
 20
16.3645
 10
-3.7011
 20
16.3565
 10
-3.7368
 20
16.3484
 10
-3.7724
 20
16.3402
 10
-3.8081
 20
16.3319
 10
-3.8437
 20
16.3236
 10
-3.8793
 20
16.3151
 10
-3.9149
 20
16.3066
 10
-3.9504
 20
16.2981
 10
-3.986
 20
16.2894
 10
-4.0215
 20
16.2807
 10
-4.057
 20
16.2719
 10
-4.0925
 20
16.263
 10
-4.128
 20
16.254
 10
-4.1634
 20
16.245
 10
-4.1989
 20
16.2358
 10
-4.2343
 20
16.2266
 10
-4.2697
 20
16.2174
 10
-4.305
 20
16.208
 10
-4.3404
 20
16.1986
 10
-4.3757
 20
16.1891
 10
-4.411
 20
16.1795
 10
-4.4463
 20
16.1698
 10
-4.4816
 20
16.1601
 10
-4.5168
 20
16.1503
 10
-4.5521
 20
16.1404
 10
-4.5873
 20
16.1304
 10
-4.6224
 20
16.1204
 10
-4.6576
 20
16.1102
 10
-4.6927
 20
16.1
 10
-4.7278
 20
16.0898
 10
-4.7629
 20
16.0794
 10
-4.798
 20
16.069
 10
-4.8331
 20
16.0585
 10
-4.8681
 20
16.0479
 10
-4.9031
 20
16.0372
 10
-4.938
 20
16.0265
 10
-4.973
 20
16.0157
 10
-5.0079
 20
16.0048
 10
-5.0428
 20
15.9938
 10
-5.0777
 20
15.9828
 10
-5.1061
 20
15.9738
 10
-4.9701
 20
15.5553
 10
-4.9445
 20
15.5634
 10
-4.9105
 20
15.5742
 10
-4.8765
 20
15.5849
 10
-4.8425
 20
15.5955
 10
-4.8085
 20
15.606
 10
-4.7744
 20
15.6165
  0
LWPOLYLINE
  5
DF
330
17
100
AcDbEntity
  8
ALTIN
100
AcDbPolyline
 90
90
 70
1
 10
-3.0809
 20
16.0367
 10
-3.0459
 20
16.0434
 10
-3.0109
 20
16.05
 10
-2.9759
 20
16.0566
 10
-2.9409
 20
16.063
 10
-2.9058
 20
16.0694
 10
-2.8708
 20
16.0757
 10
-2.8357
 20
16.0819
 10
-2.8006
 20
16.0881
 10
-2.7655
 20
16.0941
 10
-2.7304
 20
16.1001
 10
-2.6952
 20
16.106
 10
-2.6601
 20
16.1119
 10
-2.6249
 20
16.1177
 10
-2.5898
 20
16.1233
 10
-2.5546
 20
16.129
 10
-2.5194
 20
16.1345
 10
-2.4842
 20
16.1399
 10
-2.449
 20
16.1453
 10
-2.4137
 20
16.1506
 10
-2.3785
 20
16.1559
 10
-2.3432
 20
16.161
 10
-2.308
 20
16.1661
 10
-2.2727
 20
16.1711
 10
-2.2374
 20
16.176
 10
-2.2021
 20
16.1808
 10
-2.1668
 20
16.1856
 10
-2.1315
 20
16.1903
 10
-2.0962
 20
16.1949
 10
-2.0608
 20
16.1994
 10
-2.0255
 20
16.2039
 10
-1.9901
 20
16.2083
 10
-1.9548
 20
16.2126
 10
-1.9194
 20
16.2168
 10
-1.884
 20
16.221
 10
-1.8486
 20
16.225
 10
-1.8132
 20
16.229
 10
-1.7865
 20
16.232
 10
-1.8325
 20
16.6696
 10
-1.8621
 20
16.6663
 10
-1.8984
 20
16.6622
 10
-1.9348
 20
16.658
 10
-1.9711
 20
16.6538
 10
-2.0074
 20
16.6494
 10
-2.0437
 20
16.645
 10
-2.0801
 20
16.6405
 10
-2.1164
 20
16.6359
 10
-2.1526
 20
16.6313
 10
-2.1889
 20
16.6265
 10
-2.2252
 20
16.6217
 10
-2.2615
 20
16.6168
 10
-2.2977
 20
16.6118
 10
-2.3339
 20
16.6068
 10
-2.3702
 20
16.6017
 10
-2.4064
 20
16.5965
 10
-2.4426
 20
16.5912
 10
-2.4788
 20
16.5858
 10
-2.5149
 20
16.5803
 10
-2.5511
 20
16.5748
 10
-2.5873
 20
16.5692
 10
-2.6234
 20
16.5635
 10
-2.6595
 20
16.5578
 10
-2.6957
 20
16.5519
 10
-2.7318
 20
16.546
 10
-2.7678
 20
16.54
 10
-2.8039
 20
16.5339
 10
-2.84
 20
16.5278
 10
-2.876
 20
16.5215
 10
-2.9121
 20
16.5152
 10
-2.9481
 20
16.5088
 10
-2.9841
 20
16.5024
 10
-3.0201
 20
16.4958
 10
-3.0561
 20
16.4892
 10
-3.0921
 20
16.4825
 10
-3.128
 20
16.4757
 10
-3.1639
 20
16.4688
 10
-3.1999
 20
16.4619
 10
-3.2358
 20
16.4549
 10
-3.2717
 20
16.4478
 10
-3.3075
 20
16.4406
 10
-3.3434
 20
16.4333
 10
-3.3792
 20
16.426
 10
-3.4084
 20
16.42
 10
-3.3169
 20
15.9896
 10
-3.2906
 20
15.995
 10
-3.2557
 20
16.0022
 10
-3.2208
 20
16.0092
 10
-3.1858
 20
16.0162
 10
-3.1509
 20
16.0231
 10
-3.1159
 20
16.03
  0
LWPOLYLINE
  5
E0
330
17
100
AcDbEntity
  8
ALTIN
100
AcDbPolyline
 90
86
 70
1
 10
0.4756
 20
-16.7633
 10
0.5121
 20
-16.7622
 10
0.5487
 20
-16.761
 10
0.5853
 20
-16.7598
 10
0.6218
 20
-16.7585
 10
0.6584
 20
-16.7571
 10
0.6949
 20
-16.7556
 10
0.7315
 20
-16.754
 10
0.768
 20
-16.7524
 10
0.8046
 20
-16.7507
 10
0.8411
 20
-16.7489
 10
0.8777
 20
-16.747
 10
0.9142
 20
-16.7451
 10
0.9507
 20
-16.743
 10
0.9873
 20
-16.7409
 10
1.0238
 20
-16.7387
 10
1.0603
 20
-16.7364
 10
1.0968
 20
-16.7341
 10
1.1333
 20
-16.7317
 10
1.1698
 20
-16.7291
 10
1.2063
 20
-16.7266
 10
1.2428
 20
-16.7239
 10
1.2793
 20
-16.7211
 10
1.3158
 20
-16.7183
 10
1.3522
 20
-16.7154
 10
1.3887
 20
-16.7124
 10
1.4252
 20
-16.7093
 10
1.4616
 20
-16.7062
 10
1.498
 20
-16.703
 10
1.5345
 20
-16.6996
 10
1.5709
 20
-16.6963
 10
1.6073
 20
-16.6928
 10
1.6437
 20
-16.6892
 10
1.6734
 20
-16.6863
 10
1.6274
 20
-16.2487
 10
1.6006
 20
-16.2514
 10
1.5652
 20
-16.2548
 10
1.5297
 20
-16.2582
 10
1.4942
 20
-16.2615
 10
1.4587
 20
-16.2647
 10
1.4233
 20
-16.2679
 10
1.3878
 20
-16.2709
 10
1.3523
 20
-16.2739
 10
1.3168
 20
-16.2768
 10
1.2812
 20
-16.2797
 10
1.2457
 20
-16.2824
 10
1.2102
 20
-16.2851
 10
1.1747
 20
-16.2877
 10
1.1391
 20
-16.2902
 10
1.1036
 20
-16.2927
 10
1.068
 20
-16.295
 10
1.0325
 20
-16.2973
 10
0.9969
 20
-16.2995
 10
0.9614
 20
-16.3017
 10
0.9258
 20
-16.3037
 10
0.8902
 20
-16.3057
 10
0.8546
 20
-16.3076
 10
0.8191
 20
-16.3094
 10
0.7835
 20
-16.3112
 10
0.7479
 20
-16.3129
 10
0.7123
 20
-16.3145
 10
0.6767
 20
-16.316
 10
0.6411
 20
-16.3174
 10
0.6055
 20
-16.3188
 10
0.5699
 20
-16.3201
 10
0.5343
 20
-16.3213
 10
0.4987
 20
-16.3224
 10
0.4631
 20
-16.3234
 10
0.4275
 20
-16.3244
 10
0.3919
 20
-16.3253
 10
0.3562
 20
-16.3261
 10
0.3206
 20
-16.3269
 10
0.285
 20
-16.3275
 10
0.2494
 20
-16.3281
 10
0.2138
 20
-16.3286
 10
0.1781
 20
-16.329
 10
0.15
 20
-16.3293
 10
0.15
 20
-16.7693
 10
0.1829
 20
-16.769
 10
0.2195
 20
-16.7686
 10
0.2561
 20
-16.768
 10
0.2927
 20
-16.7674
 10
0.3293
 20
-16.7668
 10
0.3658
 20
-16.766
 10
0.4024
 20
-16.7652
 10
0.439
 20
-16.7643
  0
LWPOLYLINE
  5
E1
330
17
100
AcDbEntity
  8
ALTIN
100
AcDbPolyline
 90
86
 70
1
 10
-0.4631
 20
-16.3234
 10
-0.4987
 20
-16.3224
 10
-0.5343
 20
-16.3213
 10
-0.5699
 20
-16.3201
 10
-0.6055
 20
-16.3188
 10
-0.6411
 20
-16.3174
 10
-0.6767
 20
-16.316
 10
-0.7123
 20
-16.3145
 10
-0.7479
 20
-16.3129
 10
-0.7835
 20
-16.3112
 10
-0.8191
 20
-16.3094
 10
-0.8546
 20
-16.3076
 10
-0.8902
 20
-16.3057
 10
-0.9258
 20
-16.3037
 10
-0.9614
 20
-16.3017
 10
-0.9969
 20
-16.2995
 10
-1.0325
 20
-16.2973
 10
-1.068
 20
-16.295
 10
-1.1036
 20
-16.2927
 10
-1.1391
 20
-16.2902
 10
-1.1747
 20
-16.2877
 10
-1.2102
 20
-16.2851
 10
-1.2457
 20
-16.2824
 10
-1.2812
 20
-16.2797
 10
-1.3168
 20
-16.2768
 10
-1.3523
 20
-16.2739
 10
-1.3878
 20
-16.2709
 10
-1.4233
 20
-16.2679
 10
-1.4587
 20
-16.2647
 10
-1.4942
 20
-16.2615
 10
-1.5297
 20
-16.2582
 10
-1.5652
 20
-16.2548
 10
-1.6006
 20
-16.2514
 10
-1.6274
 20
-16.2487
 10
-1.6734
 20
-16.6863
 10
-1.6437
 20
-16.6892
 10
-1.6073
 20
-16.6928
 10
-1.5709
 20
-16.6963
 10
-1.5345
 20
-16.6996
 10
-1.498
 20
-16.703
 10
-1.4616
 20
-16.7062
 10
-1.4252
 20
-16.7093
 10
-1.3887
 20
-16.7124
 10
-1.3522
 20
-16.7154
 10
-1.3158
 20
-16.7183
 10
-1.2793
 20
-16.7211
 10
-1.2428
 20
-16.7239
 10
-1.2063
 20
-16.7266
 10
-1.1698
 20
-16.7291
 10
-1.1333
 20
-16.7317
 10
-1.0968
 20
-16.7341
 10
-1.0603
 20
-16.7364
 10
-1.0238
 20
-16.7387
 10
-0.9873
 20
-16.7409
 10
-0.9507
 20
-16.743
 10
-0.9142
 20
-16.7451
 10
-0.8777
 20
-16.747
 10
-0.8411
 20
-16.7489
 10
-0.8046
 20
-16.7507
 10
-0.768
 20
-16.7524
 10
-0.7315
 20
-16.754
 10
-0.6949
 20
-16.7556
 10
-0.6584
 20
-16.7571
 10
-0.6218
 20
-16.7585
 10
-0.5853
 20
-16.7598
 10
-0.5487
 20
-16.761
 10
-0.5121
 20
-16.7622
 10
-0.4756
 20
-16.7633
 10
-0.439
 20
-16.7643
 10
-0.4024
 20
-16.7652
 10
-0.3658
 20
-16.766
 10
-0.3293
 20
-16.7668
 10
-0.2927
 20
-16.7674
 10
-0.2561
 20
-16.768
 10
-0.2195
 20
-16.7686
 10
-0.1829
 20
-16.769
 10
-0.15
 20
-16.7693
 10
-0.15
 20
-16.3293
 10
-0.1781
 20
-16.329
 10
-0.2138
 20
-16.3286
 10
-0.2494
 20
-16.3281
 10
-0.285
 20
-16.3275
 10
-0.3206
 20
-16.3269
 10
-0.3562
 20
-16.3261
 10
-0.3919
 20
-16.3253
 10
-0.4275
 20
-16.3244
  0
LWPOLYLINE
  5
E2
330
17
100
AcDbEntity
  8
ALTIN
100
AcDbPolyline
 90
90
 70
1
 10
-2.0962
 20
-16.1949
 10
-2.1315
 20
-16.1903
 10
-2.1668
 20
-16.1856
 10
-2.2021
 20
-16.1808
 10
-2.2374
 20
-16.176
 10
-2.2727
 20
-16.1711
 10
-2.308
 20
-16.1661
 10
-2.3432
 20
-16.161
 10
-2.3785
 20
-16.1559
 10
-2.4137
 20
-16.1506
 10
-2.449
 20
-16.1453
 10
-2.4842
 20
-16.1399
 10
-2.5194
 20
-16.1345
 10
-2.5546
 20
-16.129
 10
-2.5898
 20
-16.1233
 10
-2.6249
 20
-16.1177
 10
-2.6601
 20
-16.1119
 10
-2.6952
 20
-16.106
 10
-2.7304
 20
-16.1001
 10
-2.7655
 20
-16.0941
 10
-2.8006
 20
-16.0881
 10
-2.8357
 20
-16.0819
 10
-2.8708
 20
-16.0757
 10
-2.9058
 20
-16.0694
 10
-2.9409
 20
-16.063
 10
-2.9759
 20
-16.0566
 10
-3.0109
 20
-16.05
 10
-3.0459
 20
-16.0434
 10
-3.0809
 20
-16.0367
 10
-3.1159
 20
-16.03
 10
-3.1509
 20
-16.0231
 10
-3.1858
 20
-16.0162
 10
-3.2208
 20
-16.0092
 10
-3.2557
 20
-16.0022
 10
-3.2906
 20
-15.995
 10
-3.3169
 20
-15.9896
 10
-3.4084
 20
-16.42
 10
-3.3792
 20
-16.426
 10
-3.3434
 20
-16.4333
 10
-3.3075
 20
-16.4406
 10
-3.2717
 20
-16.4478
 10
-3.2358
 20
-16.4549
 10
-3.1999
 20
-16.4619
 10
-3.1639
 20
-16.4688
 10
-3.128
 20
-16.4757
 10
-3.0921
 20
-16.4825
 10
-3.0561
 20
-16.4892
 10
-3.0201
 20
-16.4958
 10
-2.9841
 20
-16.5024
 10
-2.9481
 20
-16.5088
 10
-2.9121
 20
-16.5152
 10
-2.876
 20
-16.5215
 10
-2.84
 20
-16.5278
 10
-2.8039
 20
-16.5339
 10
-2.7678
 20
-16.54
 10
-2.7318
 20
-16.546
 10
-2.6957
 20
-16.5519
 10
-2.6595
 20
-16.5578
 10
-2.6234
 20
-16.5635
 10
-2.5873
 20
-16.5692
 10
-2.5511
 20
-16.5748
 10
-2.5149
 20
-16.5803
 10
-2.4788
 20
-16.5858
 10
-2.4426
 20
-16.5912
 10
-2.4064
 20
-16.5965
 10
-2.3702
 20
-16.6017
 10
-2.3339
 20
-16.6068
 10
-2.2977
 20
-16.6118
 10
-2.2615
 20
-16.6168
 10
-2.2252
 20
-16.6217
 10
-2.1889
 20
-16.6265
 10
-2.1526
 20
-16.6313
 10
-2.1164
 20
-16.6359
 10
-2.0801
 20
-16.6405
 10
-2.0437
 20
-16.645
 10
-2.0074
 20
-16.6494
 10
-1.9711
 20
-16.6538
 10
-1.9348
 20
-16.658
 10
-1.8984
 20
-16.6622
 10
-1.8621
 20
-16.6663
 10
-1.8325
 20
-16.6696
 10
-1.7865
 20
-16.232
 10
-1.8132
 20
-16.229
 10
-1.8486
 20
-16.225
 10
-1.884
 20
-16.221
 10
-1.9194
 20
-16.2168
 10
-1.9548
 20
-16.2126
 10
-1.9901
 20
-16.2083
 10
-2.0255
 20
-16.2039
 10
-2.0608
 20
-16.1994
  0
LWPOLYLINE
  5
E3
330
17
100
AcDbEntity
  8
ALTIN
100
AcDbPolyline
 90
90
 70
1
 10
2.1526
 20
-16.6313
 10
2.1889
 20
-16.6265
 10
2.2252
 20
-16.6217
 10
2.2615
 20
-16.6168
 10
2.2977
 20
-16.6118
 10
2.3339
 20
-16.6068
 10
2.3702
 20
-16.6017
 10
2.4064
 20
-16.5965
 10
2.4426
 20
-16.5912
 10
2.4788
 20
-16.5858
 10
2.5149
 20
-16.5803
 10
2.5511
 20
-16.5748
 10
2.5873
 20
-16.5692
 10
2.6234
 20
-16.5635
 10
2.6595
 20
-16.5578
 10
2.6957
 20
-16.5519
 10
2.7318
 20
-16.546
 10
2.7678
 20
-16.54
 10
2.8039
 20
-16.5339
 10
2.84
 20
-16.5278
 10
2.876
 20
-16.5215
 10
2.9121
 20
-16.5152
 10
2.9481
 20
-16.5088
 10
2.9841
 20
-16.5024
 10
3.0201
 20
-16.4958
 10
3.0561
 20
-16.4892
 10
3.0921
 20
-16.4825
 10
3.128
 20
-16.4757
 10
3.1639
 20
-16.4688
 10
3.1999
 20
-16.4619
 10
3.2358
 20
-16.4549
 10
3.2717
 20
-16.4478
 10
3.3075
 20
-16.4406
 10
3.3434
 20
-16.4333
 10
3.3792
 20
-16.426
 10
3.4084
 20
-16.42
 10
3.3169
 20
-15.9896
 10
3.2906
 20
-15.995
 10
3.2557
 20
-16.0022
 10
3.2208
 20
-16.0092
 10
3.1858
 20
-16.0162
 10
3.1509
 20
-16.0231
 10
3.1159
 20
-16.03
 10
3.0809
 20
-16.0367
 10
3.0459
 20
-16.0434
 10
3.0109
 20
-16.05
 10
2.9759
 20
-16.0566
 10
2.9409
 20
-16.063
 10
2.9058
 20
-16.0694
 10
2.8708
 20
-16.0757
 10
2.8357
 20
-16.0819
 10
2.8006
 20
-16.0881
 10
2.7655
 20
-16.0941
 10
2.7304
 20
-16.1001
 10
2.6952
 20
-16.106
 10
2.6601
 20
-16.1119
 10
2.6249
 20
-16.1177
 10
2.5898
 20
-16.1233
 10
2.5546
 20
-16.129
 10
2.5194
 20
-16.1345
 10
2.4842
 20
-16.1399
 10
2.449
 20
-16.1453
 10
2.4137
 20
-16.1506
 10
2.3785
 20
-16.1559
 10
2.3432
 20
-16.161
 10
2.308
 20
-16.1661
 10
2.2727
 20
-16.1711
 10
2.2374
 20
-16.176
 10
2.2021
 20
-16.1808
 10
2.1668
 20
-16.1856
 10
2.1315
 20
-16.1903
 10
2.0962
 20
-16.1949
 10
2.0608
 20
-16.1994
 10
2.0255
 20
-16.2039
 10
1.9901
 20
-16.2083
 10
1.9548
 20
-16.2126
 10
1.9194
 20
-16.2168
 10
1.884
 20
-16.221
 10
1.8486
 20
-16.225
 10
1.8132
 20
-16.229
 10
1.7865
 20
-16.232
 10
1.8325
 20
-16.6696
 10
1.8621
 20
-16.6663
 10
1.8984
 20
-16.6622
 10
1.9348
 20
-16.658
 10
1.9711
 20
-16.6538
 10
2.0074
 20
-16.6494
 10
2.0437
 20
-16.645
 10
2.0801
 20
-16.6405
 10
2.1164
 20
-16.6359
  0
LWPOLYLINE
  5
E4
330
17
100
AcDbEntity
  8
ALTIN
100
AcDbPolyline
 90
90
 70
1
 10
3.8793
 20
-16.3151
 10
3.9149
 20
-16.3066
 10
3.9504
 20
-16.2981
 10
3.986
 20
-16.2894
 10
4.0215
 20
-16.2807
 10
4.057
 20
-16.2719
 10
4.0925
 20
-16.263
 10
4.128
 20
-16.254
 10
4.1634
 20
-16.245
 10
4.1989
 20
-16.2358
 10
4.2343
 20
-16.2266
 10
4.2697
 20
-16.2174
 10
4.305
 20
-16.208
 10
4.3404
 20
-16.1986
 10
4.3757
 20
-16.1891
 10
4.411
 20
-16.1795
 10
4.4463
 20
-16.1698
 10
4.4816
 20
-16.1601
 10
4.5168
 20
-16.1503
 10
4.5521
 20
-16.1404
 10
4.5873
 20
-16.1304
 10
4.6224
 20
-16.1204
 10
4.6576
 20
-16.1102
 10
4.6927
 20
-16.1
 10
4.7278
 20
-16.0898
 10
4.7629
 20
-16.0794
 10
4.798
 20
-16.069
 10
4.8331
 20
-16.0585
 10
4.8681
 20
-16.0479
 10
4.9031
 20
-16.0372
 10
4.938
 20
-16.0265
 10
4.973
 20
-16.0157
 10
5.0079
 20
-16.0048
 10
5.0428
 20
-15.9938
 10
5.0777
 20
-15.9828
 10
5.1061
 20
-15.9738
 10
4.9701
 20
-15.5553
 10
4.9445
 20
-15.5634
 10
4.9105
 20
-15.5742
 10
4.8765
 20
-15.5849
 10
4.8425
 20
-15.5955
 10
4.8085
 20
-15.606
 10
4.7744
 20
-15.6165
 10
4.7403
 20
-15.6268
 10
4.7062
 20
-15.6371
 10
4.6721
 20
-15.6474
 10
4.638
 20
-15.6575
 10
4.6038
 20
-15.6676
 10
4.5696
 20
-15.6776
 10
4.5354
 20
-15.6875
 10
4.5012
 20
-15.6974
 10
4.4669
 20
-15.7072
 10
4.4326
 20
-15.7169
 10
4.3983
 20
-15.7265
 10
4.364
 20
-15.7361
 10
4.3297
 20
-15.7456
 10
4.2953
 20
-15.755
 10
4.2609
 20
-15.7643
 10
4.2265
 20
-15.7736
 10
4.1921
 20
-15.7828
 10
4.1576
 20
-15.7919
 10
4.1232
 20
-15.8009
 10
4.0887
 20
-15.8099
 10
4.0542
 20
-15.8187
 10
4.0197
 20
-15.8275
 10
3.9851
 20
-15.8363
 10
3.9506
 20
-15.8449
 10
3.916
 20
-15.8535
 10
3.8814
 20
-15.862
 10
3.8468
 20
-15.8704
 10
3.8122
 20
-15.8788
 10
3.7775
 20
-15.8871
 10
3.7428
 20
-15.8953
 10
3.7082
 20
-15.9034
 10
3.6735
 20
-15.9115
 10
3.6387
 20
-15.9194
 10
3.604
 20
-15.9273
 10
3.5692
 20
-15.9352
 10
3.5345
 20
-15.9429
 10
3.4997
 20
-15.9506
 10
3.4734
 20
-15.9563
 10
3.5649
 20
-16.3867
 10
3.594
 20
-16.3804
 10
3.6297
 20
-16.3725
 10
3.6654
 20
-16.3645
 10
3.7011
 20
-16.3565
 10
3.7368
 20
-16.3484
 10
3.7724
 20
-16.3402
 10
3.8081
 20
-16.3319
 10
3.8437
 20
-16.3236
  0
LWPOLYLINE
  5
E5
330
17
100
AcDbEntity
  8
ALTIN
100
AcDbPolyline
 90
90
 70
1
 10
5.5634
 20
-15.8203
 10
5.5979
 20
-15.8081
 10
5.6324
 20
-15.7958
 10
5.6669
 20
-15.7835
 10
5.7013
 20
-15.7711
 10
5.7357
 20
-15.7586
 10
5.77
 20
-15.7461
 10
5.8044
 20
-15.7335
 10
5.8387
 20
-15.7208
 10
5.873
 20
-15.708
 10
5.9072
 20
-15.6951
 10
5.9415
 20
-15.6822
 10
5.9757
 20
-15.6692
 10
6.0098
 20
-15.6561
 10
6.044
 20
-15.643
 10
6.0781
 20
-15.6298
 10
6.1122
 20
-15.6165
 10
6.1462
 20
-15.6031
 10
6.1803
 20
-15.5897
 10
6.2142
 20
-15.5761
 10
6.2482
 20
-15.5625
 10
6.2822
 20
-15.5489
 10
6.3161
 20
-15.5351
 10
6.3499
 20
-15.5213
 10
6.3838
 20
-15.5074
 10
6.4176
 20
-15.4935
 10
6.4514
 20
-15.4794
 10
6.4851
 20
-15.4653
 10
6.5189
 20
-15.4511
 10
6.5526
 20
-15.4369
 10
6.5862
 20
-15.4225
 10
6.6199
 20
-15.4081
 10
6.6535
 20
-15.3936
 10
6.687
 20
-15.3791
 10
6.7206
 20
-15.3645
 10
6.7478
 20
-15.3525
 10
6.5688
 20
-14.9506
 10
6.5442
 20
-14.9613
 10
6.5116
 20
-14.9756
 10
6.4789
 20
-14.9898
 10
6.4462
 20
-15.0039
 10
6.4134
 20
-15.0179
 10
6.3806
 20
-15.0318
 10
6.3478
 20
-15.0457
 10
6.315
 20
-15.0595
 10
6.2821
 20
-15.0733
 10
6.2492
 20
-15.087
 10
6.2163
 20
-15.1006
 10
6.1833
 20
-15.1141
 10
6.1503
 20
-15.1275
 10
6.1173
 20
-15.1409
 10
6.0843
 20
-15.1542
 10
6.0512
 20
-15.1675
 10
6.0181
 20
-15.1806
 10
5.985
 20
-15.1937
 10
5.9518
 20
-15.2067
 10
5.9186
 20
-15.2197
 10
5.8854
 20
-15.2326
 10
5.8521
 20
-15.2454
 10
5.8189
 20
-15.2581
 10
5.7856
 20
-15.2708
 10
5.7522
 20
-15.2833
 10
5.7189
 20
-15.2959
 10
5.6855
 20
-15.3083
 10
5.6521
 20
-15.3207
 10
5.6187
 20
-15.333
 10
5.5852
 20
-15.3452
 10
5.5517
 20
-15.3573
 10
5.5182
 20
-15.3694
 10
5.4846
 20
-15.3814
 10
5.4511
 20
-15.3933
 10
5.4175
 20
-15.4052
 10
5.3838
 20
-15.417
 10
5.3502
 20
-15.4287
 10
5.3165
 20
-15.4403
 10
5.2828
 20
-15.4519
 10
5.2491
 20
-15.4634
 10
5.2154
 20
-15.4748
 10
5.1816
 20
-15.4861
 10
5.1478
 20
-15.4974
 10
5.1223
 20
-15.5058
 10
5.2582
 20
-15.9243
 10
5.2865
 20
-15.915
 10
5.3212
 20
-15.9034
 10
5.3559
 20
-15.8917
 10
5.3905
 20
-15.88
 10
5.4252
 20
-15.8682
 10
5.4598
 20
-15.8563
 10
5.4944
 20
-15.8444
 10
5.5289
 20
-15.8324
  0
LWPOLYLINE
  5
E6
330
17
100
AcDbEntity
  8
ALTIN
100
AcDbPolyline
 90
86
 70
1
 10
7.1866
 20
-15.1521
 10
7.2197
 20
-15.1364
 10
7.2527
 20
-15.1206
 10
7.2856
 20
-15.1047
 10
7.3186
 20
-15.0888
 10
7.3515
 20
-15.0728
 10
7.3844
 20
-15.0567
 10
7.4172
 20
-15.0406
 10
7.45
 20
-15.0243
 10
7.4827
 20
-15.008
 10
7.5155
 20
-14.9917
 10
7.5482
 20
-14.9753
 10
7.5808
 20
-14.9588
 10
7.6134
 20
-14.9422
 10
7.646
 20
-14.9255
 10
7.6785
 20
-14.9088
 10
7.7111
 20
-14.892
 10
7.7435
 20
-14.8752
 10
7.776
 20
-14.8582
 10
7.8084
 20
-14.8412
 10
7.8407
 20
-14.8242
 10
7.873
 20
-14.807
 10
7.9053
 20
-14.7898
 10
7.9376
 20
-14.7725
 10
7.9698
 20
-14.7552
 10
8.002
 20
-14.7378
 10
8.0341
 20
-14.7203
 10
8.0662
 20
-14.7027
 10
8.0982
 20
-14.6851
 10
8.1303
 20
-14.6674
 10
8.1622
 20
-14.6496
 10
8.1942
 20
-14.6318
 10
8.2261
 20
-14.6138
 10
8.2548
 20
-14.5977
 10
8.0347
 20
-14.2166
 10
8.0102
 20
-14.2304
 10
7.9792
 20
-14.2479
 10
7.9481
 20
-14.2652
 10
7.9169
 20
-14.2825
 10
7.8858
 20
-14.2998
 10
7.8545
 20
-14.3169
 10
7.8233
 20
-14.334
 10
7.792
 20
-14.3511
 10
7.7607
 20
-14.368
 10
7.7293
 20
-14.3849
 10
7.6979
 20
-14.4018
 10
7.6665
 20
-14.4185
 10
7.635
 20
-14.4352
 10
7.6035
 20
-14.4518
 10
7.5719
 20
-14.4684
 10
7.5404
 20
-14.4849
 10
7.5087
 20
-14.5013
 10
7.4771
 20
-14.5176
 10
7.4454
 20
-14.5339
 10
7.4137
 20
-14.5501
 10
7.3819
 20
-14.5663
 10
7.3501
 20
-14.5823
 10
7.3183
 20
-14.5983
 10
7.2864
 20
-14.6143
 10
7.2545
 20
-14.6301
 10
7.2226
 20
-14.6459
 10
7.1906
 20
-14.6617
 10
7.1586
 20
-14.6773
 10
7.1266
 20
-14.6929
 10
7.0945
 20
-14.7084
 10
7.0624
 20
-14.7238
 10
7.0302
 20
-14.7392
 10
6.9981
 20
-14.7545
 10
6.9659
 20
-14.7698
 10
6.9336
 20
-14.7849
 10
6.9014
 20
-14.8
 10
6.8691
 20
-14.815
 10
6.8367
 20
-14.83
 10
6.8043
 20
-14.8449
 10
6.7719
 20
-14.8597
 10
6.7395
 20
-14.8744
 10
6.715
 20
-14.8855
 10
6.894
 20
-15.2874
 10
6.9211
 20
-15.2752
 10
6.9544
 20
-15.2601
 10
6.9877
 20
-15.2448
 10
7.0209
 20
-15.2296
 10
7.0541
 20
-15.2142
 10
7.0873
 20
-15.1988
 10
7.1204
 20
-15.1833
 10
7.1536
 20
-15.1677
  0
LWPOLYLINE
  5
E7
330
17
100
AcDbEntity
  8
ALTIN
100
AcDbPolyline
 90
86
 70
1
 10
8.7935
 20
-14.2796
 10
8.8246
 20
-14.2604
 10
8.8557
 20
-14.2411
 10
8.8867
 20
-14.2218
 10
8.9178
 20
-14.2023
 10
8.9487
 20
-14.1829
 10
8.9796
 20
-14.1633
 10
9.0105
 20
-14.1437
 10
9.0413
 20
-14.124
 10
9.0721
 20
-14.1042
 10
9.1029
 20
-14.0844
 10
9.1336
 20
-14.0645
 10
9.1643
 20
-14.0445
 10
9.1949
 20
-14.0245
 10
9.2255
 20
-14.0044
 10
9.256
 20
-13.9843
 10
9.2865
 20
-13.964
 10
9.3169
 20
-13.9437
 10
9.3473
 20
-13.9234
 10
9.3777
 20
-13.903
 10
9.408
 20
-13.8825
 10
9.4382
 20
-13.8619
 10
9.4685
 20
-13.8413
 10
9.4986
 20
-13.8206
 10
9.5288
 20
-13.7998
 10
9.5588
 20
-13.779
 10
9.5889
 20
-13.7581
 10
9.6189
 20
-13.7372
 10
9.6488
 20
-13.7162
 10
9.6787
 20
-13.6951
 10
9.7086
 20
-13.6739
 10
9.7384
 20
-13.6527
 10
9.7682
 20
-13.6314
 10
9.7923
 20
-13.6141
 10
9.5337
 20
-13.2581
 10
9.5119
 20
-13.2738
 10
9.4829
 20
-13.2945
 10
9.4539
 20
-13.3152
 10
9.4248
 20
-13.3358
 10
9.3957
 20
-13.3563
 10
9.3665
 20
-13.3768
 10
9.3373
 20
-13.3972
 10
9.308
 20
-13.4175
 10
9.2788
 20
-13.4378
 10
9.2494
 20
-13.458
 10
9.22
 20
-13.4781
 10
9.1906
 20
-13.4982
 10
9.1611
 20
-13.5182
 10
9.1316
 20
-13.5382
 10
9.1021
 20
-13.5581
 10
9.0725
 20
-13.5779
 10
9.0428
 20
-13.5977
 10
9.0131
 20
-13.6174
 10
8.9834
 20
-13.637
 10
8.9536
 20
-13.6566
 10
8.9238
 20
-13.6761
 10
8.894
 20
-13.6955
 10
8.8641
 20
-13.7149
 10
8.8341
 20
-13.7342
 10
8.8041
 20
-13.7534
 10
8.7741
 20
-13.7726
 10
8.744
 20
-13.7917
 10
8.7139
 20
-13.8107
 10
8.6838
 20
-13.8297
 10
8.6536
 20
-13.8486
 10
8.6233
 20
-13.8675
 10
8.5931
 20
-13.8863
 10
8.5628
 20
-13.905
 10
8.5324
 20
-13.9236
 10
8.502
 20
-13.9422
 10
8.4716
 20
-13.9607
 10
8.4411
 20
-13.9792
 10
8.4106
 20
-13.9975
 10
8.38
 20
-14.0159
 10
8.3494
 20
-14.0341
 10
8.3188
 20
-14.0523
 10
8.2946
 20
-14.0666
 10
8.5146
 20
-14.4477
 10
8.5429
 20
-14.4309
 10
8.5744
 20
-14.4122
 10
8.6058
 20
-14.3935
 10
8.6372
 20
-14.3747
 10
8.6685
 20
-14.3558
 10
8.6998
 20
-14.3369
 10
8.7311
 20
-14.3179
 10
8.7623
 20
-14.2988
  0
LWPOLYLINE
  5
E8
330
17
100
AcDbEntity
  8
ALTIN
100
AcDbPolyline
 90
90
 70
1
 10
10.1799
 20
-13.3268
 10
10.2089
 20
-13.3045
 10
10.2379
 20
-13.2822
 10
10.2669
 20
-13.2599
 10
10.2958
 20
-13.2374
 10
10.3246
 20
-13.2149
 10
10.3534
 20
-13.1924
 10
10.3822
 20
-13.1698
 10
10.4109
 20
-13.1471
 10
10.4396
 20
-13.1243
 10
10.4682
 20
-13.1015
 10
10.4967
 20
-13.0787
 10
10.5252
 20
-13.0557
 10
10.5537
 20
-13.0327
 10
10.5821
 20
-13.0097
 10
10.6105
 20
-12.9866
 10
10.6388
 20
-12.9634
 10
10.667
 20
-12.9401
 10
10.6952
 20
-12.9168
 10
10.7234
 20
-12.8935
 10
10.7515
 20
-12.8701
 10
10.7795
 20
-12.8466
 10
10.8075
 20
-12.823
 10
10.8355
 20
-12.7994
 10
10.8634
 20
-12.7757
 10
10.8912
 20
-12.752
 10
10.919
 20
-12.7282
 10
10.9468
 20
-12.7044
 10
10.9745
 20
-12.6805
 10
11.0021
 20
-12.6565
 10
11.0297
 20
-12.6324
 10
11.0572
 20
-12.6084
 10
11.0847
 20
-12.5842
 10
11.1121
 20
-12.56
 10
11.1395
 20
-12.5357
 10
11.1617
 20
-12.5159
 10
10.8673
 20
-12.1889
 10
10.8472
 20
-12.2068
 10
10.8206
 20
-12.2304
 10
10.7939
 20
-12.254
 10
10.7671
 20
-12.2775
 10
10.7403
 20
-12.301
 10
10.7134
 20
-12.3244
 10
10.6865
 20
-12.3478
 10
10.6596
 20
-12.371
 10
10.6326
 20
-12.3943
 10
10.6055
 20
-12.4174
 10
10.5784
 20
-12.4405
 10
10.5512
 20
-12.4636
 10
10.524
 20
-12.4866
 10
10.4967
 20
-12.5095
 10
10.4694
 20
-12.5324
 10
10.442
 20
-12.5552
 10
10.4146
 20
-12.5779
 10
10.3872
 20
-12.6006
 10
10.3596
 20
-12.6233
 10
10.3321
 20
-12.6458
 10
10.3045
 20
-12.6683
 10
10.2768
 20
-12.6908
 10
10.2491
 20
-12.7132
 10
10.2213
 20
-12.7355
 10
10.1935
 20
-12.7578
 10
10.1657
 20
-12.78
 10
10.1378
 20
-12.8021
 10
10.1098
 20
-12.8242
 10
10.0818
 20
-12.8463
 10
10.0538
 20
-12.8682
 10
10.0257
 20
-12.8901
 10
9.9975
 20
-12.912
 10
9.9693
 20
-12.9337
 10
9.9411
 20
-12.9555
 10
9.9128
 20
-12.9771
 10
9.8845
 20
-12.9987
 10
9.8561
 20
-13.0202
 10
9.8276
 20
-13.0417
 10
9.7992
 20
-13.0631
 10
9.7706
 20
-13.0845
 10
9.7421
 20
-13.1058
 10
9.7135
 20
-13.127
 10
9.6848
 20
-13.1481
 10
9.6631
 20
-13.1641
 10
9.9218
 20
-13.52
 10
9.9457
 20
-13.5024
 10
9.9752
 20
-13.4807
 10
10.0046
 20
-13.4589
 10
10.0339
 20
-13.437
 10
10.0632
 20
-13.4151
 10
10.0924
 20
-13.3931
 10
10.1216
 20
-13.3711
 10
10.1508
 20
-13.349
  0
LWPOLYLINE
  5
E9
330
17
100
AcDbEntity
  8
ALTIN
100
AcDbPolyline
 90
90
 70
1
 10
11.5171
 20
-12.1897
 10
11.5437
 20
-12.1645
 10
11.5702
 20
-12.1393
 10
11.5967
 20
-12.114
 10
11.6231
 20
-12.0887
 10
11.6494
 20
-12.0633
 10
11.6757
 20
-12.0379
 10
11.7019
 20
-12.0124
 10
11.7281
 20
-11.9868
 10
11.7542
 20
-11.9612
 10
11.7803
 20
-11.9355
 10
11.8063
 20
-11.9098
 10
11.8323
 20
-11.884
 10
11.8582
 20
-11.8582
 10
11.884
 20
-11.8323
 10
11.9098
 20
-11.8063
 10
11.9355
 20
-11.7803
 10
11.9612
 20
-11.7542
 10
11.9868
 20
-11.7281
 10
12.0124
 20
-11.7019
 10
12.0379
 20
-11.6757
 10
12.0633
 20
-11.6494
 10
12.0887
 20
-11.6231
 10
12.114
 20
-11.5967
 10
12.1393
 20
-11.5702
 10
12.1645
 20
-11.5437
 10
12.1897
 20
-11.5171
 10
12.2148
 20
-11.4905
 10
12.2398
 20
-11.4638
 10
12.2648
 20
-11.4371
 10
12.2897
 20
-11.4103
 10
12.3146
 20
-11.3835
 10
12.3394
 20
-11.3566
 10
12.3641
 20
-11.3296
 10
12.3888
 20
-11.3026
 10
12.4089
 20
-11.2806
 10
12.0819
 20
-10.9862
 10
12.0638
 20
-11.0061
 10
12.0397
 20
-11.0324
 10
12.0156
 20
-11.0586
 10
11.9915
 20
-11.0848
 10
11.9673
 20
-11.111
 10
11.943
 20
-11.137
 10
11.9187
 20
-11.1631
 10
11.8943
 20
-11.189
 10
11.8699
 20
-11.215
 10
11.8454
 20
-11.2408
 10
11.8208
 20
-11.2666
 10
11.7962
 20
-11.2924
 10
11.7715
 20
-11.3181
 10
11.7468
 20
-11.3438
 10
11.722
 20
-11.3694
 10
11.6972
 20
-11.3949
 10
11.6723
 20
-11.4204
 10
11.6474
 20
-11.4458
 10
11.6224
 20
-11.4712
 10
11.5973
 20
-11.4966
 10
11.5722
 20
-11.5218
 10
11.5471
 20
-11.5471
 10
11.5218
 20
-11.5722
 10
11.4966
 20
-11.5973
 10
11.4712
 20
-11.6224
 10
11.4458
 20
-11.6474
 10
11.4204
 20
-11.6723
 10
11.3949
 20
-11.6972
 10
11.3694
 20
-11.722
 10
11.3438
 20
-11.7468
 10
11.3181
 20
-11.7715
 10
11.2924
 20
-11.7962
 10
11.2666
 20
-11.8208
 10
11.2408
 20
-11.8454
 10
11.215
 20
-11.8699
 10
11.189
 20
-11.8943
 10
11.1631
 20
-11.9187
 10
11.137
 20
-11.943
 10
11.111
 20
-11.9673
 10
11.0848
 20
-11.9915
 10
11.0586
 20
-12.0156
 10
11.0324
 20
-12.0397
 10
11.0061
 20
-12.0638
 10
10.9862
 20
-12.0819
 10
11.2806
 20
-12.4089
 10
11.3026
 20
-12.3888
 10
11.3296
 20
-12.3641
 10
11.3566
 20
-12.3394
 10
11.3835
 20
-12.3146
 10
11.4103
 20
-12.2897
 10
11.4371
 20
-12.2648
 10
11.4638
 20
-12.2398
 10
11.4905
 20
-12.2148
  0
LWPOLYLINE
  5
EA
330
17
100
AcDbEntity
  8
ALTIN
100
AcDbPolyline
 90
90
 70
1
 10
12.7282
 20
-10.919
 10
12.752
 20
-10.8912
 10
12.7757
 20
-10.8634
 10
12.7994
 20
-10.8355
 10
12.823
 20
-10.8075
 10
12.8466
 20
-10.7795
 10
12.8701
 20
-10.7515
 10
12.8935
 20
-10.7234
 10
12.9168
 20
-10.6952
 10
12.9401
 20
-10.667
 10
12.9634
 20
-10.6388
 10
12.9866
 20
-10.6105
 10
13.0097
 20
-10.5821
 10
13.0327
 20
-10.5537
 10
13.0557
 20
-10.5252
 10
13.0787
 20
-10.4967
 10
13.1015
 20
-10.4682
 10
13.1243
 20
-10.4396
 10
13.1471
 20
-10.4109
 10
13.1698
 20
-10.3822
 10
13.1924
 20
-10.3534
 10
13.2149
 20
-10.3246
 10
13.2374
 20
-10.2958
 10
13.2599
 20
-10.2669
 10
13.2822
 20
-10.2379
 10
13.3045
 20
-10.2089
 10
13.3268
 20
-10.1799
 10
13.349
 20
-10.1508
 10
13.3711
 20
-10.1216
 10
13.3931
 20
-10.0924
 10
13.4151
 20
-10.0632
 10
13.437
 20
-10.0339
 10
13.4589
 20
-10.0046
 10
13.4807
 20
-9.9752
 10
13.5024
 20
-9.9457
 10
13.52
 20
-9.9218
 10
13.1641
 20
-9.6631
 10
13.1481
 20
-9.6848
 10
13.127
 20
-9.7135
 10
13.1058
 20
-9.7421
 10
13.0845
 20
-9.7706
 10
13.0631
 20
-9.7992
 10
13.0417
 20
-9.8276
 10
13.0202
 20
-9.8561
 10
12.9987
 20
-9.8845
 10
12.9771
 20
-9.9128
 10
12.9555
 20
-9.9411
 10
12.9337
 20
-9.9693
 10
12.912
 20
-9.9975
 10
12.8901
 20
-10.0257
 10
12.8682
 20
-10.0538
 10
12.8463
 20
-10.0818
 10
12.8242
 20
-10.1098
 10
12.8021
 20
-10.1378
 10
12.78
 20
-10.1657
 10
12.7578
 20
-10.1935
 10
12.7355
 20
-10.2213
 10
12.7132
 20
-10.2491
 10
12.6908
 20
-10.2768
 10
12.6683
 20
-10.3045
 10
12.6458
 20
-10.3321
 10
12.6233
 20
-10.3596
 10
12.6006
 20
-10.3872
 10
12.5779
 20
-10.4146
 10
12.5552
 20
-10.442
 10
12.5324
 20
-10.4694
 10
12.5095
 20
-10.4967
 10
12.4866
 20
-10.524
 10
12.4636
 20
-10.5512
 10
12.4405
 20
-10.5784
 10
12.4174
 20
-10.6055
 10
12.3943
 20
-10.6326
 10
12.371
 20
-10.6596
 10
12.3478
 20
-10.6865
 10
12.3244
 20
-10.7134
 10
12.301
 20
-10.7403
 10
12.2775
 20
-10.7671
 10
12.254
 20
-10.7939
 10
12.2304
 20
-10.8206
 10
12.2068
 20
-10.8472
 10
12.1889
 20
-10.8673
 10
12.5159
 20
-11.1617
 10
12.5357
 20
-11.1395
 10
12.56
 20
-11.1121
 10
12.5842
 20
-11.0847
 10
12.6084
 20
-11.0572
 10
12.6324
 20
-11.0297
 10
12.6565
 20
-11.0021
 10
12.6805
 20
-10.9745
 10
12.7044
 20
-10.9468
  0
LWPOLYLINE
  5
EB
330
17
100
AcDbEntity
  8
ALTIN
100
AcDbPolyline
 90
86
 70
1
 10
13.7998
 20
-9.5288
 10
13.8206
 20
-9.4986
 10
13.8413
 20
-9.4685
 10
13.8619
 20
-9.4382
 10
13.8825
 20
-9.408
 10
13.903
 20
-9.3777
 10
13.9234
 20
-9.3473
 10
13.9437
 20
-9.3169
 10
13.964
 20
-9.2865
 10
13.9843
 20
-9.256
 10
14.0044
 20
-9.2255
 10
14.0245
 20
-9.1949
 10
14.0445
 20
-9.1643
 10
14.0645
 20
-9.1336
 10
14.0844
 20
-9.1029
 10
14.1042
 20
-9.0721
 10
14.124
 20
-9.0413
 10
14.1437
 20
-9.0105
 10
14.1633
 20
-8.9796
 10
14.1829
 20
-8.9487
 10
14.2023
 20
-8.9178
 10
14.2218
 20
-8.8867
 10
14.2411
 20
-8.8557
 10
14.2604
 20
-8.8246
 10
14.2796
 20
-8.7935
 10
14.2988
 20
-8.7623
 10
14.3179
 20
-8.7311
 10
14.3369
 20
-8.6998
 10
14.3558
 20
-8.6685
 10
14.3747
 20
-8.6372
 10
14.3935
 20
-8.6058
 10
14.4122
 20
-8.5744
 10
14.4309
 20
-8.5429
 10
14.4477
 20
-8.5146
 10
14.0666
 20
-8.2946
 10
14.0523
 20
-8.3188
 10
14.0341
 20
-8.3494
 10
14.0159
 20
-8.38
 10
13.9975
 20
-8.4106
 10
13.9792
 20
-8.4411
 10
13.9607
 20
-8.4716
 10
13.9422
 20
-8.502
 10
13.9236
 20
-8.5324
 10
13.905
 20
-8.5628
 10
13.8863
 20
-8.5931
 10
13.8675
 20
-8.6233
 10
13.8486
 20
-8.6536
 10
13.8297
 20
-8.6838
 10
13.8107
 20
-8.7139
 10
13.7917
 20
-8.744
 10
13.7726
 20
-8.7741
 10
13.7534
 20
-8.8041
 10
13.7342
 20
-8.8341
 10
13.7149
 20
-8.8641
 10
13.6955
 20
-8.894
 10
13.6761
 20
-8.9238
 10
13.6566
 20
-8.9536
 10
13.637
 20
-8.9834
 10
13.6174
 20
-9.0131
 10
13.5977
 20
-9.0428
 10
13.5779
 20
-9.0725
 10
13.5581
 20
-9.1021
 10
13.5382
 20
-9.1316
 10
13.5182
 20
-9.1611
 10
13.4982
 20
-9.1906
 10
13.4781
 20
-9.22
 10
13.458
 20
-9.2494
 10
13.4378
 20
-9.2788
 10
13.4175
 20
-9.308
 10
13.3972
 20
-9.3373
 10
13.3768
 20
-9.3665
 10
13.3563
 20
-9.3957
 10
13.3358
 20
-9.4248
 10
13.3152
 20
-9.4539
 10
13.2945
 20
-9.4829
 10
13.2738
 20
-9.5119
 10
13.2581
 20
-9.5337
 10
13.6141
 20
-9.7923
 10
13.6314
 20
-9.7682
 10
13.6527
 20
-9.7384
 10
13.6739
 20
-9.7086
 10
13.6951
 20
-9.6787
 10
13.7162
 20
-9.6488
 10
13.7372
 20
-9.6189
 10
13.7581
 20
-9.5889
 10
13.779
 20
-9.5588
  0
LWPOLYLINE
  5
EC
330
17
100
AcDbEntity
  8
ALTIN
100
AcDbPolyline
 90
86
 70
1
 10
14.7552
 20
-7.9698
 10
14.7725
 20
-7.9376
 10
14.7898
 20
-7.9053
 10
14.807
 20
-7.873
 10
14.8242
 20
-7.8407
 10
14.8412
 20
-7.8084
 10
14.8582
 20
-7.776
 10
14.8752
 20
-7.7435
 10
14.892
 20
-7.7111
 10
14.9088
 20
-7.6785
 10
14.9255
 20
-7.646
 10
14.9422
 20
-7.6134
 10
14.9588
 20
-7.5808
 10
14.9753
 20
-7.5482
 10
14.9917
 20
-7.5155
 10
15.008
 20
-7.4827
 10
15.0243
 20
-7.45
 10
15.0406
 20
-7.4172
 10
15.0567
 20
-7.3844
 10
15.0728
 20
-7.3515
 10
15.0888
 20
-7.3186
 10
15.1047
 20
-7.2856
 10
15.1206
 20
-7.2527
 10
15.1364
 20
-7.2197
 10
15.1521
 20
-7.1866
 10
15.1677
 20
-7.1536
 10
15.1833
 20
-7.1204
 10
15.1988
 20
-7.0873
 10
15.2142
 20
-7.0541
 10
15.2296
 20
-7.0209
 10
15.2448
 20
-6.9877
 10
15.2601
 20
-6.9544
 10
15.2752
 20
-6.9211
 10
15.2874
 20
-6.894
 10
14.8855
 20
-6.715
 10
14.8744
 20
-6.7395
 10
14.8597
 20
-6.7719
 10
14.8449
 20
-6.8043
 10
14.83
 20
-6.8367
 10
14.815
 20
-6.8691
 10
14.8
 20
-6.9014
 10
14.7849
 20
-6.9336
 10
14.7698
 20
-6.9659
 10
14.7545
 20
-6.9981
 10
14.7392
 20
-7.0302
 10
14.7238
 20
-7.0624
 10
14.7084
 20
-7.0945
 10
14.6929
 20
-7.1266
 10
14.6773
 20
-7.1586
 10
14.6617
 20
-7.1906
 10
14.6459
 20
-7.2226
 10
14.6301
 20
-7.2545
 10
14.6143
 20
-7.2864
 10
14.5983
 20
-7.3183
 10
14.5823
 20
-7.3501
 10
14.5663
 20
-7.3819
 10
14.5501
 20
-7.4137
 10
14.5339
 20
-7.4454
 10
14.5176
 20
-7.4771
 10
14.5013
 20
-7.5087
 10
14.4849
 20
-7.5404
 10
14.4684
 20
-7.5719
 10
14.4518
 20
-7.6035
 10
14.4352
 20
-7.635
 10
14.4185
 20
-7.6665
 10
14.4018
 20
-7.6979
 10
14.3849
 20
-7.7293
 10
14.368
 20
-7.7607
 10
14.3511
 20
-7.792
 10
14.334
 20
-7.8233
 10
14.3169
 20
-7.8545
 10
14.2998
 20
-7.8858
 10
14.2825
 20
-7.9169
 10
14.2652
 20
-7.9481
 10
14.2479
 20
-7.9792
 10
14.2304
 20
-8.0102
 10
14.2166
 20
-8.0347
 10
14.5977
 20
-8.2548
 10
14.6138
 20
-8.2261
 10
14.6318
 20
-8.1942
 10
14.6496
 20
-8.1622
 10
14.6674
 20
-8.1303
 10
14.6851
 20
-8.0982
 10
14.7027
 20
-8.0662
 10
14.7203
 20
-8.0341
 10
14.7378
 20
-8.002
  0
LWPOLYLINE
  5
ED
330
17
100
AcDbEntity
  8
ALTIN
100
AcDbPolyline
 90
90
 70
1
 10
15.4794
 20
-6.4514
 10
15.4935
 20
-6.4176
 10
15.5074
 20
-6.3838
 10
15.5213
 20
-6.3499
 10
15.5351
 20
-6.3161
 10
15.5489
 20
-6.2822
 10
15.5625
 20
-6.2482
 10
15.5761
 20
-6.2142
 10
15.5897
 20
-6.1803
 10
15.6031
 20
-6.1462
 10
15.6165
 20
-6.1122
 10
15.6298
 20
-6.0781
 10
15.643
 20
-6.044
 10
15.6561
 20
-6.0098
 10
15.6692
 20
-5.9757
 10
15.6822
 20
-5.9415
 10
15.6951
 20
-5.9072
 10
15.708
 20
-5.873
 10
15.7208
 20
-5.8387
 10
15.7335
 20
-5.8044
 10
15.7461
 20
-5.77
 10
15.7586
 20
-5.7357
 10
15.7711
 20
-5.7013
 10
15.7835
 20
-5.6669
 10
15.7958
 20
-5.6324
 10
15.8081
 20
-5.5979
 10
15.8203
 20
-5.5634
 10
15.8324
 20
-5.5289
 10
15.8444
 20
-5.4944
 10
15.8563
 20
-5.4598
 10
15.8682
 20
-5.4252
 10
15.88
 20
-5.3905
 10
15.8917
 20
-5.3559
 10
15.9034
 20
-5.3212
 10
15.915
 20
-5.2865
 10
15.9243
 20
-5.2582
 10
15.5058
 20
-5.1223
 10
15.4974
 20
-5.1478
 10
15.4861
 20
-5.1816
 10
15.4748
 20
-5.2154
 10
15.4634
 20
-5.2491
 10
15.4519
 20
-5.2828
 10
15.4403
 20
-5.3165
 10
15.4287
 20
-5.3502
 10
15.417
 20
-5.3838
 10
15.4052
 20
-5.4175
 10
15.3933
 20
-5.4511
 10
15.3814
 20
-5.4846
 10
15.3694
 20
-5.5182
 10
15.3573
 20
-5.5517
 10
15.3452
 20
-5.5852
 10
15.333
 20
-5.6187
 10
15.3207
 20
-5.6521
 10
15.3083
 20
-5.6855
 10
15.2959
 20
-5.7189
 10
15.2833
 20
-5.7522
 10
15.2708
 20
-5.7856
 10
15.2581
 20
-5.8189
 10
15.2454
 20
-5.8521
 10
15.2326
 20
-5.8854
 10
15.2197
 20
-5.9186
 10
15.2067
 20
-5.9518
 10
15.1937
 20
-5.985
 10
15.1806
 20
-6.0181
 10
15.1675
 20
-6.0512
 10
15.1542
 20
-6.0843
 10
15.1409
 20
-6.1173
 10
15.1275
 20
-6.1503
 10
15.1141
 20
-6.1833
 10
15.1006
 20
-6.2163
 10
15.087
 20
-6.2492
 10
15.0733
 20
-6.2821
 10
15.0595
 20
-6.315
 10
15.0457
 20
-6.3478
 10
15.0318
 20
-6.3806
 10
15.0179
 20
-6.4134
 10
15.0039
 20
-6.4462
 10
14.9898
 20
-6.4789
 10
14.9756
 20
-6.5116
 10
14.9613
 20
-6.5442
 10
14.9506
 20
-6.5688
 10
15.3525
 20
-6.7478
 10
15.3645
 20
-6.7206
 10
15.3791
 20
-6.687
 10
15.3936
 20
-6.6535
 10
15.4081
 20
-6.6199
 10
15.4225
 20
-6.5862
 10
15.4369
 20
-6.5526
 10
15.4511
 20
-6.5189
 10
15.4653
 20
-6.4851
  0
LWPOLYLINE
  5
EE
330
17
100
AcDbEntity
  8
ALTIN
100
AcDbPolyline
 90
90
 70
1
 10
16.069
 20
-4.798
 10
16.0794
 20
-4.7629
 10
16.0898
 20
-4.7278
 10
16.1
 20
-4.6927
 10
16.1102
 20
-4.6576
 10
16.1204
 20
-4.6224
 10
16.1304
 20
-4.5873
 10
16.1404
 20
-4.5521
 10
16.1503
 20
-4.5168
 10
16.1601
 20
-4.4816
 10
16.1698
 20
-4.4463
 10
16.1795
 20
-4.411
 10
16.1891
 20
-4.3757
 10
16.1986
 20
-4.3404
 10
16.208
 20
-4.305
 10
16.2174
 20
-4.2697
 10
16.2266
 20
-4.2343
 10
16.2358
 20
-4.1989
 10
16.245
 20
-4.1634
 10
16.254
 20
-4.128
 10
16.263
 20
-4.0925
 10
16.2719
 20
-4.057
 10
16.2807
 20
-4.0215
 10
16.2894
 20
-3.986
 10
16.2981
 20
-3.9504
 10
16.3066
 20
-3.9149
 10
16.3151
 20
-3.8793
 10
16.3236
 20
-3.8437
 10
16.3319
 20
-3.8081
 10
16.3402
 20
-3.7724
 10
16.3484
 20
-3.7368
 10
16.3565
 20
-3.7011
 10
16.3645
 20
-3.6654
 10
16.3725
 20
-3.6297
 10
16.3804
 20
-3.594
 10
16.3867
 20
-3.5649
 10
15.9563
 20
-3.4734
 10
15.9506
 20
-3.4997
 10
15.9429
 20
-3.5345
 10
15.9352
 20
-3.5692
 10
15.9273
 20
-3.604
 10
15.9194
 20
-3.6387
 10
15.9115
 20
-3.6735
 10
15.9034
 20
-3.7082
 10
15.8953
 20
-3.7428
 10
15.8871
 20
-3.7775
 10
15.8788
 20
-3.8122
 10
15.8704
 20
-3.8468
 10
15.862
 20
-3.8814
 10
15.8535
 20
-3.916
 10
15.8449
 20
-3.9506
 10
15.8363
 20
-3.9851
 10
15.8275
 20
-4.0197
 10
15.8187
 20
-4.0542
 10
15.8099
 20
-4.0887
 10
15.8009
 20
-4.1232
 10
15.7919
 20
-4.1576
 10
15.7828
 20
-4.1921
 10
15.7736
 20
-4.2265
 10
15.7643
 20
-4.2609
 10
15.755
 20
-4.2953
 10
15.7456
 20
-4.3297
 10
15.7361
 20
-4.364
 10
15.7265
 20
-4.3983
 10
15.7169
 20
-4.4326
 10
15.7072
 20
-4.4669
 10
15.6974
 20
-4.5012
 10
15.6875
 20
-4.5354
 10
15.6776
 20
-4.5696
 10
15.6676
 20
-4.6038
 10
15.6575
 20
-4.638
 10
15.6474
 20
-4.6721
 10
15.6371
 20
-4.7062
 10
15.6268
 20
-4.7403
 10
15.6165
 20
-4.7744
 10
15.606
 20
-4.8085
 10
15.5955
 20
-4.8425
 10
15.5849
 20
-4.8765
 10
15.5742
 20
-4.9105
 10
15.5634
 20
-4.9445
 10
15.5553
 20
-4.9701
 10
15.9738
 20
-5.1061
 10
15.9828
 20
-5.0777
 10
15.9938
 20
-5.0428
 10
16.0048
 20
-5.0079
 10
16.0157
 20
-4.973
 10
16.0265
 20
-4.938
 10
16.0372
 20
-4.9031
 10
16.0479
 20
-4.8681
 10
16.0585
 20
-4.8331
  0
LWPOLYLINE
  5
EF
330
17
100
AcDbEntity
  8
ALTIN
100
AcDbPolyline
 90
90
 70
1
 10
16.4825
 20
-3.0921
 10
16.4892
 20
-3.0561
 10
16.4958
 20
-3.0201
 10
16.5024
 20
-2.9841
 10
16.5088
 20
-2.9481
 10
16.5152
 20
-2.9121
 10
16.5215
 20
-2.876
 10
16.5278
 20
-2.84
 10
16.5339
 20
-2.8039
 10
16.54
 20
-2.7678
 10
16.546
 20
-2.7318
 10
16.5519
 20
-2.6957
 10
16.5578
 20
-2.6595
 10
16.5635
 20
-2.6234
 10
16.5692
 20
-2.5873
 10
16.5748
 20
-2.5511
 10
16.5803
 20
-2.5149
 10
16.5858
 20
-2.4788
 10
16.5912
 20
-2.4426
 10
16.5965
 20
-2.4064
 10
16.6017
 20
-2.3702
 10
16.6068
 20
-2.3339
 10
16.6118
 20
-2.2977
 10
16.6168
 20
-2.2615
 10
16.6217
 20
-2.2252
 10
16.6265
 20
-2.1889
 10
16.6313
 20
-2.1526
 10
16.6359
 20
-2.1164
 10
16.6405
 20
-2.0801
 10
16.645
 20
-2.0437
 10
16.6494
 20
-2.0074
 10
16.6538
 20
-1.9711
 10
16.658
 20
-1.9348
 10
16.6622
 20
-1.8984
 10
16.6663
 20
-1.8621
 10
16.6696
 20
-1.8325
 10
16.232
 20
-1.7865
 10
16.229
 20
-1.8132
 10
16.225
 20
-1.8486
 10
16.221
 20
-1.884
 10
16.2168
 20
-1.9194
 10
16.2126
 20
-1.9548
 10
16.2083
 20
-1.9901
 10
16.2039
 20
-2.0255
 10
16.1994
 20
-2.0608
 10
16.1949
 20
-2.0962
 10
16.1903
 20
-2.1315
 10
16.1856
 20
-2.1668
 10
16.1808
 20
-2.2021
 10
16.176
 20
-2.2374
 10
16.1711
 20
-2.2727
 10
16.1661
 20
-2.308
 10
16.161
 20
-2.3432
 10
16.1559
 20
-2.3785
 10
16.1506
 20
-2.4137
 10
16.1453
 20
-2.449
 10
16.1399
 20
-2.4842
 10
16.1345
 20
-2.5194
 10
16.129
 20
-2.5546
 10
16.1233
 20
-2.5898
 10
16.1177
 20
-2.6249
 10
16.1119
 20
-2.6601
 10
16.106
 20
-2.6952
 10
16.1001
 20
-2.7304
 10
16.0941
 20
-2.7655
 10
16.0881
 20
-2.8006
 10
16.0819
 20
-2.8357
 10
16.0757
 20
-2.8708
 10
16.0694
 20
-2.9058
 10
16.063
 20
-2.9409
 10
16.0566
 20
-2.9759
 10
16.05
 20
-3.0109
 10
16.0434
 20
-3.0459
 10
16.0367
 20
-3.0809
 10
16.03
 20
-3.1159
 10
16.0231
 20
-3.1509
 10
16.0162
 20
-3.1858
 10
16.0092
 20
-3.2208
 10
16.0022
 20
-3.2557
 10
15.995
 20
-3.2906
 10
15.9896
 20
-3.3169
 10
16.42
 20
-3.4084
 10
16.426
 20
-3.3792
 10
16.4333
 20
-3.3434
 10
16.4406
 20
-3.3075
 10
16.4478
 20
-3.2717
 10
16.4549
 20
-3.2358
 10
16.4619
 20
-3.1999
 10
16.4688
 20
-3.1639
 10
16.4757
 20
-3.128
  0
LWPOLYLINE
  5
F0
330
17
100
AcDbEntity
  8
ALTIN
100
AcDbPolyline
 90
86
 70
1
 10
16.7154
 20
-1.3522
 10
16.7183
 20
-1.3158
 10
16.7211
 20
-1.2793
 10
16.7239
 20
-1.2428
 10
16.7266
 20
-1.2063
 10
16.7291
 20
-1.1698
 10
16.7317
 20
-1.1333
 10
16.7341
 20
-1.0968
 10
16.7364
 20
-1.0603
 10
16.7387
 20
-1.0238
 10
16.7409
 20
-0.9873
 10
16.743
 20
-0.9507
 10
16.7451
 20
-0.9142
 10
16.747
 20
-0.8777
 10
16.7489
 20
-0.8411
 10
16.7507
 20
-0.8046
 10
16.7524
 20
-0.768
 10
16.754
 20
-0.7315
 10
16.7556
 20
-0.6949
 10
16.7571
 20
-0.6584
 10
16.7585
 20
-0.6218
 10
16.7598
 20
-0.5853
 10
16.761
 20
-0.5487
 10
16.7622
 20
-0.5121
 10
16.7633
 20
-0.4756
 10
16.7643
 20
-0.439
 10
16.7652
 20
-0.4024
 10
16.766
 20
-0.3658
 10
16.7668
 20
-0.3293
 10
16.7674
 20
-0.2927
 10
16.768
 20
-0.2561
 10
16.7686
 20
-0.2195
 10
16.769
 20
-0.1829
 10
16.7693
 20
-0.15
 10
16.3293
 20
-0.15
 10
16.329
 20
-0.1781
 10
16.3286
 20
-0.2138
 10
16.3281
 20
-0.2494
 10
16.3275
 20
-0.285
 10
16.3269
 20
-0.3206
 10
16.3261
 20
-0.3562
 10
16.3253
 20
-0.3919
 10
16.3244
 20
-0.4275
 10
16.3234
 20
-0.4631
 10
16.3224
 20
-0.4987
 10
16.3213
 20
-0.5343
 10
16.3201
 20
-0.5699
 10
16.3188
 20
-0.6055
 10
16.3174
 20
-0.6411
 10
16.316
 20
-0.6767
 10
16.3145
 20
-0.7123
 10
16.3129
 20
-0.7479
 10
16.3112
 20
-0.7835
 10
16.3094
 20
-0.8191
 10
16.3076
 20
-0.8546
 10
16.3057
 20
-0.8902
 10
16.3037
 20
-0.9258
 10
16.3017
 20
-0.9614
 10
16.2995
 20
-0.9969
 10
16.2973
 20
-1.0325
 10
16.295
 20
-1.068
 10
16.2927
 20
-1.1036
 10
16.2902
 20
-1.1391
 10
16.2877
 20
-1.1747
 10
16.2851
 20
-1.2102
 10
16.2824
 20
-1.2457
 10
16.2797
 20
-1.2812
 10
16.2768
 20
-1.3168
 10
16.2739
 20
-1.3523
 10
16.2709
 20
-1.3878
 10
16.2679
 20
-1.4233
 10
16.2647
 20
-1.4587
 10
16.2615
 20
-1.4942
 10
16.2582
 20
-1.5297
 10
16.2548
 20
-1.5652
 10
16.2514
 20
-1.6006
 10
16.2487
 20
-1.6274
 10
16.6863
 20
-1.6734
 10
16.6892
 20
-1.6437
 10
16.6928
 20
-1.6073
 10
16.6963
 20
-1.5709
 10
16.6996
 20
-1.5345
 10
16.703
 20
-1.498
 10
16.7062
 20
-1.4616
 10
16.7093
 20
-1.4252
 10
16.7124
 20
-1.3887
  0
LWPOLYLINE
  5
F1
330
17
100
AcDbEntity
  8
ALTIN
100
AcDbPolyline
 90
86
 70
1
 10
16.7633
 20
0.4756
 10
16.7622
 20
0.5121
 10
16.761
 20
0.5487
 10
16.7598
 20
0.5853
 10
16.7585
 20
0.6218
 10
16.7571
 20
0.6584
 10
16.7556
 20
0.6949
 10
16.754
 20
0.7315
 10
16.7524
 20
0.768
 10
16.7507
 20
0.8046
 10
16.7489
 20
0.8411
 10
16.747
 20
0.8777
 10
16.7451
 20
0.9142
 10
16.743
 20
0.9507
 10
16.7409
 20
0.9873
 10
16.7387
 20
1.0238
 10
16.7364
 20
1.0603
 10
16.7341
 20
1.0968
 10
16.7317
 20
1.1333
 10
16.7291
 20
1.1698
 10
16.7266
 20
1.2063
 10
16.7239
 20
1.2428
 10
16.7211
 20
1.2793
 10
16.7183
 20
1.3158
 10
16.7154
 20
1.3522
 10
16.7124
 20
1.3887
 10
16.7093
 20
1.4252
 10
16.7062
 20
1.4616
 10
16.703
 20
1.498
 10
16.6996
 20
1.5345
 10
16.6963
 20
1.5709
 10
16.6928
 20
1.6073
 10
16.6892
 20
1.6437
 10
16.6863
 20
1.6734
 10
16.2487
 20
1.6274
 10
16.2514
 20
1.6006
 10
16.2548
 20
1.5652
 10
16.2582
 20
1.5297
 10
16.2615
 20
1.4942
 10
16.2647
 20
1.4587
 10
16.2679
 20
1.4233
 10
16.2709
 20
1.3878
 10
16.2739
 20
1.3523
 10
16.2768
 20
1.3168
 10
16.2797
 20
1.2812
 10
16.2824
 20
1.2457
 10
16.2851
 20
1.2102
 10
16.2877
 20
1.1747
 10
16.2902
 20
1.1391
 10
16.2927
 20
1.1036
 10
16.295
 20
1.068
 10
16.2973
 20
1.0325
 10
16.2995
 20
0.9969
 10
16.3017
 20
0.9614
 10
16.3037
 20
0.9258
 10
16.3057
 20
0.8902
 10
16.3076
 20
0.8546
 10
16.3094
 20
0.8191
 10
16.3112
 20
0.7835
 10
16.3129
 20
0.7479
 10
16.3145
 20
0.7123
 10
16.316
 20
0.6767
 10
16.3174
 20
0.6411
 10
16.3188
 20
0.6055
 10
16.3201
 20
0.5699
 10
16.3213
 20
0.5343
 10
16.3224
 20
0.4987
 10
16.3234
 20
0.4631
 10
16.3244
 20
0.4275
 10
16.3253
 20
0.3919
 10
16.3261
 20
0.3562
 10
16.3269
 20
0.3206
 10
16.3275
 20
0.285
 10
16.3281
 20
0.2494
 10
16.3286
 20
0.2138
 10
16.329
 20
0.1781
 10
16.3293
 20
0.15
 10
16.7693
 20
0.15
 10
16.769
 20
0.1829
 10
16.7686
 20
0.2195
 10
16.768
 20
0.2561
 10
16.7674
 20
0.2927
 10
16.7668
 20
0.3293
 10
16.766
 20
0.3658
 10
16.7652
 20
0.4024
 10
16.7643
 20
0.439
  0
LWPOLYLINE
  5
F2
330
17
100
AcDbEntity
  8
ALTIN
100
AcDbPolyline
 90
90
 70
1
 10
16.6313
 20
2.1526
 10
16.6265
 20
2.1889
 10
16.6217
 20
2.2252
 10
16.6168
 20
2.2615
 10
16.6118
 20
2.2977
 10
16.6068
 20
2.3339
 10
16.6017
 20
2.3702
 10
16.5965
 20
2.4064
 10
16.5912
 20
2.4426
 10
16.5858
 20
2.4788
 10
16.5803
 20
2.5149
 10
16.5748
 20
2.5511
 10
16.5692
 20
2.5873
 10
16.5635
 20
2.6234
 10
16.5578
 20
2.6595
 10
16.5519
 20
2.6957
 10
16.546
 20
2.7318
 10
16.54
 20
2.7678
 10
16.5339
 20
2.8039
 10
16.5278
 20
2.84
 10
16.5215
 20
2.876
 10
16.5152
 20
2.9121
 10
16.5088
 20
2.9481
 10
16.5024
 20
2.9841
 10
16.4958
 20
3.0201
 10
16.4892
 20
3.0561
 10
16.4825
 20
3.0921
 10
16.4757
 20
3.128
 10
16.4688
 20
3.1639
 10
16.4619
 20
3.1999
 10
16.4549
 20
3.2358
 10
16.4478
 20
3.2717
 10
16.4406
 20
3.3075
 10
16.4333
 20
3.3434
 10
16.426
 20
3.3792
 10
16.42
 20
3.4084
 10
15.9896
 20
3.3169
 10
15.995
 20
3.2906
 10
16.0022
 20
3.2557
 10
16.0092
 20
3.2208
 10
16.0162
 20
3.1858
 10
16.0231
 20
3.1509
 10
16.03
 20
3.1159
 10
16.0367
 20
3.0809
 10
16.0434
 20
3.0459
 10
16.05
 20
3.0109
 10
16.0566
 20
2.9759
 10
16.063
 20
2.9409
 10
16.0694
 20
2.9058
 10
16.0757
 20
2.8708
 10
16.0819
 20
2.8357
 10
16.0881
 20
2.8006
 10
16.0941
 20
2.7655
 10
16.1001
 20
2.7304
 10
16.106
 20
2.6952
 10
16.1119
 20
2.6601
 10
16.1177
 20
2.6249
 10
16.1233
 20
2.5898
 10
16.129
 20
2.5546
 10
16.1345
 20
2.5194
 10
16.1399
 20
2.4842
 10
16.1453
 20
2.449
 10
16.1506
 20
2.4137
 10
16.1559
 20
2.3785
 10
16.161
 20
2.3432
 10
16.1661
 20
2.308
 10
16.1711
 20
2.2727
 10
16.176
 20
2.2374
 10
16.1808
 20
2.2021
 10
16.1856
 20
2.1668
 10
16.1903
 20
2.1315
 10
16.1949
 20
2.0962
 10
16.1994
 20
2.0608
 10
16.2039
 20
2.0255
 10
16.2083
 20
1.9901
 10
16.2126
 20
1.9548
 10
16.2168
 20
1.9194
 10
16.221
 20
1.884
 10
16.225
 20
1.8486
 10
16.229
 20
1.8132
 10
16.232
 20
1.7865
 10
16.6696
 20
1.8325
 10
16.6663
 20
1.8621
 10
16.6622
 20
1.8984
 10
16.658
 20
1.9348
 10
16.6538
 20
1.9711
 10
16.6494
 20
2.0074
 10
16.645
 20
2.0437
 10
16.6405
 20
2.0801
 10
16.6359
 20
2.1164
  0
LWPOLYLINE
  5
F3
330
17
100
AcDbEntity
  8
ALTIN
100
AcDbPolyline
 90
90
 70
1
 10
16.3151
 20
3.8793
 10
16.3066
 20
3.9149
 10
16.2981
 20
3.9504
 10
16.2894
 20
3.986
 10
16.2807
 20
4.0215
 10
16.2719
 20
4.057
 10
16.263
 20
4.0925
 10
16.254
 20
4.128
 10
16.245
 20
4.1634
 10
16.2358
 20
4.1989
 10
16.2266
 20
4.2343
 10
16.2174
 20
4.2697
 10
16.208
 20
4.305
 10
16.1986
 20
4.3404
 10
16.1891
 20
4.3757
 10
16.1795
 20
4.411
 10
16.1698
 20
4.4463
 10
16.1601
 20
4.4816
 10
16.1503
 20
4.5168
 10
16.1404
 20
4.5521
 10
16.1304
 20
4.5873
 10
16.1204
 20
4.6224
 10
16.1102
 20
4.6576
 10
16.1
 20
4.6927
 10
16.0898
 20
4.7278
 10
16.0794
 20
4.7629
 10
16.069
 20
4.798
 10
16.0585
 20
4.8331
 10
16.0479
 20
4.8681
 10
16.0372
 20
4.9031
 10
16.0265
 20
4.938
 10
16.0157
 20
4.973
 10
16.0048
 20
5.0079
 10
15.9938
 20
5.0428
 10
15.9828
 20
5.0777
 10
15.9738
 20
5.1061
 10
15.5553
 20
4.9701
 10
15.5634
 20
4.9445
 10
15.5742
 20
4.9105
 10
15.5849
 20
4.8765
 10
15.5955
 20
4.8425
 10
15.606
 20
4.8085
 10
15.6165
 20
4.7744
 10
15.6268
 20
4.7403
 10
15.6371
 20
4.7062
 10
15.6474
 20
4.6721
 10
15.6575
 20
4.638
 10
15.6676
 20
4.6038
 10
15.6776
 20
4.5696
 10
15.6875
 20
4.5354
 10
15.6974
 20
4.5012
 10
15.7072
 20
4.4669
 10
15.7169
 20
4.4326
 10
15.7265
 20
4.3983
 10
15.7361
 20
4.364
 10
15.7456
 20
4.3297
 10
15.755
 20
4.2953
 10
15.7643
 20
4.2609
 10
15.7736
 20
4.2265
 10
15.7828
 20
4.1921
 10
15.7919
 20
4.1576
 10
15.8009
 20
4.1232
 10
15.8099
 20
4.0887
 10
15.8187
 20
4.0542
 10
15.8275
 20
4.0197
 10
15.8363
 20
3.9851
 10
15.8449
 20
3.9506
 10
15.8535
 20
3.916
 10
15.862
 20
3.8814
 10
15.8704
 20
3.8468
 10
15.8788
 20
3.8122
 10
15.8871
 20
3.7775
 10
15.8953
 20
3.7428
 10
15.9034
 20
3.7082
 10
15.9115
 20
3.6735
 10
15.9194
 20
3.6387
 10
15.9273
 20
3.604
 10
15.9352
 20
3.5692
 10
15.9429
 20
3.5345
 10
15.9506
 20
3.4997
 10
15.9563
 20
3.4734
 10
16.3867
 20
3.5649
 10
16.3804
 20
3.594
 10
16.3725
 20
3.6297
 10
16.3645
 20
3.6654
 10
16.3565
 20
3.7011
 10
16.3484
 20
3.7368
 10
16.3402
 20
3.7724
 10
16.3319
 20
3.8081
 10
16.3236
 20
3.8437
  0
LWPOLYLINE
  5
F4
330
17
100
AcDbEntity
  8
ALTIN
100
AcDbPolyline
 90
90
 70
1
 10
15.8203
 20
5.5634
 10
15.8081
 20
5.5979
 10
15.7958
 20
5.6324
 10
15.7835
 20
5.6669
 10
15.7711
 20
5.7013
 10
15.7586
 20
5.7357
 10
15.7461
 20
5.77
 10
15.7335
 20
5.8044
 10
15.7208
 20
5.8387
 10
15.708
 20
5.873
 10
15.6951
 20
5.9072
 10
15.6822
 20
5.9415
 10
15.6692
 20
5.9757
 10
15.6561
 20
6.0098
 10
15.643
 20
6.044
 10
15.6298
 20
6.0781
 10
15.6165
 20
6.1122
 10
15.6031
 20
6.1462
 10
15.5897
 20
6.1803
 10
15.5761
 20
6.2142
 10
15.5625
 20
6.2482
 10
15.5489
 20
6.2822
 10
15.5351
 20
6.3161
 10
15.5213
 20
6.3499
 10
15.5074
 20
6.3838
 10
15.4935
 20
6.4176
 10
15.4794
 20
6.4514
 10
15.4653
 20
6.4851
 10
15.4511
 20
6.5189
 10
15.4369
 20
6.5526
 10
15.4225
 20
6.5862
 10
15.4081
 20
6.6199
 10
15.3936
 20
6.6535
 10
15.3791
 20
6.687
 10
15.3645
 20
6.7206
 10
15.3525
 20
6.7478
 10
14.9506
 20
6.5688
 10
14.9613
 20
6.5442
 10
14.9756
 20
6.5116
 10
14.9898
 20
6.4789
 10
15.0039
 20
6.4462
 10
15.0179
 20
6.4134
 10
15.0318
 20
6.3806
 10
15.0457
 20
6.3478
 10
15.0595
 20
6.315
 10
15.0733
 20
6.2821
 10
15.087
 20
6.2492
 10
15.1006
 20
6.2163
 10
15.1141
 20
6.1833
 10
15.1275
 20
6.1503
 10
15.1409
 20
6.1173
 10
15.1542
 20
6.0843
 10
15.1675
 20
6.0512
 10
15.1806
 20
6.0181
 10
15.1937
 20
5.985
 10
15.2067
 20
5.9518
 10
15.2197
 20
5.9186
 10
15.2326
 20
5.8854
 10
15.2454
 20
5.8521
 10
15.2581
 20
5.8189
 10
15.2708
 20
5.7856
 10
15.2833
 20
5.7522
 10
15.2959
 20
5.7189
 10
15.3083
 20
5.6855
 10
15.3207
 20
5.6521
 10
15.333
 20
5.6187
 10
15.3452
 20
5.5852
 10
15.3573
 20
5.5517
 10
15.3694
 20
5.5182
 10
15.3814
 20
5.4846
 10
15.3933
 20
5.4511
 10
15.4052
 20
5.4175
 10
15.417
 20
5.3838
 10
15.4287
 20
5.3502
 10
15.4403
 20
5.3165
 10
15.4519
 20
5.2828
 10
15.4634
 20
5.2491
 10
15.4748
 20
5.2154
 10
15.4861
 20
5.1816
 10
15.4974
 20
5.1478
 10
15.5058
 20
5.1223
 10
15.9243
 20
5.2582
 10
15.915
 20
5.2865
 10
15.9034
 20
5.3212
 10
15.8917
 20
5.3559
 10
15.88
 20
5.3905
 10
15.8682
 20
5.4252
 10
15.8563
 20
5.4598
 10
15.8444
 20
5.4944
 10
15.8324
 20
5.5289
  0
LWPOLYLINE
  5
F5
330
17
100
AcDbEntity
  8
ALTIN
100
AcDbPolyline
 90
86
 70
1
 10
15.1521
 20
7.1866
 10
15.1364
 20
7.2197
 10
15.1206
 20
7.2527
 10
15.1047
 20
7.2856
 10
15.0888
 20
7.3186
 10
15.0728
 20
7.3515
 10
15.0567
 20
7.3844
 10
15.0406
 20
7.4172
 10
15.0243
 20
7.45
 10
15.008
 20
7.4827
 10
14.9917
 20
7.5155
 10
14.9753
 20
7.5482
 10
14.9588
 20
7.5808
 10
14.9422
 20
7.6134
 10
14.9255
 20
7.646
 10
14.9088
 20
7.6785
 10
14.892
 20
7.7111
 10
14.8752
 20
7.7435
 10
14.8582
 20
7.776
 10
14.8412
 20
7.8084
 10
14.8242
 20
7.8407
 10
14.807
 20
7.873
 10
14.7898
 20
7.9053
 10
14.7725
 20
7.9376
 10
14.7552
 20
7.9698
 10
14.7378
 20
8.002
 10
14.7203
 20
8.0341
 10
14.7027
 20
8.0662
 10
14.6851
 20
8.0982
 10
14.6674
 20
8.1303
 10
14.6496
 20
8.1622
 10
14.6318
 20
8.1942
 10
14.6138
 20
8.2261
 10
14.5977
 20
8.2548
 10
14.2166
 20
8.0347
 10
14.2304
 20
8.0102
 10
14.2479
 20
7.9792
 10
14.2652
 20
7.9481
 10
14.2825
 20
7.9169
 10
14.2998
 20
7.8858
 10
14.3169
 20
7.8545
 10
14.334
 20
7.8233
 10
14.3511
 20
7.792
 10
14.368
 20
7.7607
 10
14.3849
 20
7.7293
 10
14.4018
 20
7.6979
 10
14.4185
 20
7.6665
 10
14.4352
 20
7.635
 10
14.4518
 20
7.6035
 10
14.4684
 20
7.5719
 10
14.4849
 20
7.5404
 10
14.5013
 20
7.5087
 10
14.5176
 20
7.4771
 10
14.5339
 20
7.4454
 10
14.5501
 20
7.4137
 10
14.5663
 20
7.3819
 10
14.5823
 20
7.3501
 10
14.5983
 20
7.3183
 10
14.6143
 20
7.2864
 10
14.6301
 20
7.2545
 10
14.6459
 20
7.2226
 10
14.6617
 20
7.1906
 10
14.6773
 20
7.1586
 10
14.6929
 20
7.1266
 10
14.7084
 20
7.0945
 10
14.7238
 20
7.0624
 10
14.7392
 20
7.0302
 10
14.7545
 20
6.9981
 10
14.7698
 20
6.9659
 10
14.7849
 20
6.9336
 10
14.8
 20
6.9014
 10
14.815
 20
6.8691
 10
14.83
 20
6.8367
 10
14.8449
 20
6.8043
 10
14.8597
 20
6.7719
 10
14.8744
 20
6.7395
 10
14.8855
 20
6.715
 10
15.2874
 20
6.894
 10
15.2752
 20
6.9211
 10
15.2601
 20
6.9544
 10
15.2448
 20
6.9877
 10
15.2296
 20
7.0209
 10
15.2142
 20
7.0541
 10
15.1988
 20
7.0873
 10
15.1833
 20
7.1204
 10
15.1677
 20
7.1536
  0
LWPOLYLINE
  5
F6
330
17
100
AcDbEntity
  8
ALTIN
100
AcDbPolyline
 90
86
 70
1
 10
14.2796
 20
8.7935
 10
14.2604
 20
8.8246
 10
14.2411
 20
8.8557
 10
14.2218
 20
8.8867
 10
14.2023
 20
8.9178
 10
14.1829
 20
8.9487
 10
14.1633
 20
8.9796
 10
14.1437
 20
9.0105
 10
14.124
 20
9.0413
 10
14.1042
 20
9.0721
 10
14.0844
 20
9.1029
 10
14.0645
 20
9.1336
 10
14.0445
 20
9.1643
 10
14.0245
 20
9.1949
 10
14.0044
 20
9.2255
 10
13.9843
 20
9.256
 10
13.964
 20
9.2865
 10
13.9437
 20
9.3169
 10
13.9234
 20
9.3473
 10
13.903
 20
9.3777
 10
13.8825
 20
9.408
 10
13.8619
 20
9.4382
 10
13.8413
 20
9.4685
 10
13.8206
 20
9.4986
 10
13.7998
 20
9.5288
 10
13.779
 20
9.5588
 10
13.7581
 20
9.5889
 10
13.7372
 20
9.6189
 10
13.7162
 20
9.6488
 10
13.6951
 20
9.6787
 10
13.6739
 20
9.7086
 10
13.6527
 20
9.7384
 10
13.6314
 20
9.7682
 10
13.6141
 20
9.7923
 10
13.2581
 20
9.5337
 10
13.2738
 20
9.5119
 10
13.2945
 20
9.4829
 10
13.3152
 20
9.4539
 10
13.3358
 20
9.4248
 10
13.3563
 20
9.3957
 10
13.3768
 20
9.3665
 10
13.3972
 20
9.3373
 10
13.4175
 20
9.308
 10
13.4378
 20
9.2788
 10
13.458
 20
9.2494
 10
13.4781
 20
9.22
 10
13.4982
 20
9.1906
 10
13.5182
 20
9.1611
 10
13.5382
 20
9.1316
 10
13.5581
 20
9.1021
 10
13.5779
 20
9.0725
 10
13.5977
 20
9.0428
 10
13.6174
 20
9.0131
 10
13.637
 20
8.9834
 10
13.6566
 20
8.9536
 10
13.6761
 20
8.9238
 10
13.6955
 20
8.894
 10
13.7149
 20
8.8641
 10
13.7342
 20
8.8341
 10
13.7534
 20
8.8041
 10
13.7726
 20
8.7741
 10
13.7917
 20
8.744
 10
13.8107
 20
8.7139
 10
13.8297
 20
8.6838
 10
13.8486
 20
8.6536
 10
13.8675
 20
8.6233
 10
13.8863
 20
8.5931
 10
13.905
 20
8.5628
 10
13.9236
 20
8.5324
 10
13.9422
 20
8.502
 10
13.9607
 20
8.4716
 10
13.9792
 20
8.4411
 10
13.9975
 20
8.4106
 10
14.0159
 20
8.38
 10
14.0341
 20
8.3494
 10
14.0523
 20
8.3188
 10
14.0666
 20
8.2946
 10
14.4477
 20
8.5146
 10
14.4309
 20
8.5429
 10
14.4122
 20
8.5744
 10
14.3935
 20
8.6058
 10
14.3747
 20
8.6372
 10
14.3558
 20
8.6685
 10
14.3369
 20
8.6998
 10
14.3179
 20
8.7311
 10
14.2988
 20
8.7623
  0
LWPOLYLINE
  5
F7
330
17
100
AcDbEntity
  8
ALTIN
100
AcDbPolyline
 90
90
 70
1
 10
13.3268
 20
10.1799
 10
13.3045
 20
10.2089
 10
13.2822
 20
10.2379
 10
13.2599
 20
10.2669
 10
13.2374
 20
10.2958
 10
13.2149
 20
10.3246
 10
13.1924
 20
10.3534
 10
13.1698
 20
10.3822
 10
13.1471
 20
10.4109
 10
13.1243
 20
10.4396
 10
13.1015
 20
10.4682
 10
13.0787
 20
10.4967
 10
13.0557
 20
10.5252
 10
13.0327
 20
10.5537
 10
13.0097
 20
10.5821
 10
12.9866
 20
10.6105
 10
12.9634
 20
10.6388
 10
12.9401
 20
10.667
 10
12.9168
 20
10.6952
 10
12.8935
 20
10.7234
 10
12.8701
 20
10.7515
 10
12.8466
 20
10.7795
 10
12.823
 20
10.8075
 10
12.7994
 20
10.8355
 10
12.7757
 20
10.8634
 10
12.752
 20
10.8912
 10
12.7282
 20
10.919
 10
12.7044
 20
10.9468
 10
12.6805
 20
10.9745
 10
12.6565
 20
11.0021
 10
12.6324
 20
11.0297
 10
12.6084
 20
11.0572
 10
12.5842
 20
11.0847
 10
12.56
 20
11.1121
 10
12.5357
 20
11.1395
 10
12.5159
 20
11.1617
 10
12.1889
 20
10.8673
 10
12.2068
 20
10.8472
 10
12.2304
 20
10.8206
 10
12.254
 20
10.7939
 10
12.2775
 20
10.7671
 10
12.301
 20
10.7403
 10
12.3244
 20
10.7134
 10
12.3478
 20
10.6865
 10
12.371
 20
10.6596
 10
12.3943
 20
10.6326
 10
12.4174
 20
10.6055
 10
12.4405
 20
10.5784
 10
12.4636
 20
10.5512
 10
12.4866
 20
10.524
 10
12.5095
 20
10.4967
 10
12.5324
 20
10.4694
 10
12.5552
 20
10.442
 10
12.5779
 20
10.4146
 10
12.6006
 20
10.3872
 10
12.6233
 20
10.3596
 10
12.6458
 20
10.3321
 10
12.6683
 20
10.3045
 10
12.6908
 20
10.2768
 10
12.7132
 20
10.2491
 10
12.7355
 20
10.2213
 10
12.7578
 20
10.1935
 10
12.78
 20
10.1657
 10
12.8021
 20
10.1378
 10
12.8242
 20
10.1098
 10
12.8463
 20
10.0818
 10
12.8682
 20
10.0538
 10
12.8901
 20
10.0257
 10
12.912
 20
9.9975
 10
12.9337
 20
9.9693
 10
12.9555
 20
9.9411
 10
12.9771
 20
9.9128
 10
12.9987
 20
9.8845
 10
13.0202
 20
9.8561
 10
13.0417
 20
9.8276
 10
13.0631
 20
9.7992
 10
13.0845
 20
9.7706
 10
13.1058
 20
9.7421
 10
13.127
 20
9.7135
 10
13.1481
 20
9.6848
 10
13.1641
 20
9.6631
 10
13.52
 20
9.9218
 10
13.5024
 20
9.9457
 10
13.4807
 20
9.9752
 10
13.4589
 20
10.0046
 10
13.437
 20
10.0339
 10
13.4151
 20
10.0632
 10
13.3931
 20
10.0924
 10
13.3711
 20
10.1216
 10
13.349
 20
10.1508
  0
LWPOLYLINE
  5
F8
330
17
100
AcDbEntity
  8
ALTIN
100
AcDbPolyline
 90
90
 70
1
 10
12.1897
 20
11.5171
 10
12.1645
 20
11.5437
 10
12.1393
 20
11.5702
 10
12.114
 20
11.5967
 10
12.0887
 20
11.6231
 10
12.0633
 20
11.6494
 10
12.0379
 20
11.6757
 10
12.0124
 20
11.7019
 10
11.9868
 20
11.7281
 10
11.9612
 20
11.7542
 10
11.9355
 20
11.7803
 10
11.9098
 20
11.8063
 10
11.884
 20
11.8323
 10
11.8582
 20
11.8582
 10
11.8323
 20
11.884
 10
11.8063
 20
11.9098
 10
11.7803
 20
11.9355
 10
11.7542
 20
11.9612
 10
11.7281
 20
11.9868
 10
11.7019
 20
12.0124
 10
11.6757
 20
12.0379
 10
11.6494
 20
12.0633
 10
11.6231
 20
12.0887
 10
11.5967
 20
12.114
 10
11.5702
 20
12.1393
 10
11.5437
 20
12.1645
 10
11.5171
 20
12.1897
 10
11.4905
 20
12.2148
 10
11.4638
 20
12.2398
 10
11.4371
 20
12.2648
 10
11.4103
 20
12.2897
 10
11.3835
 20
12.3146
 10
11.3566
 20
12.3394
 10
11.3296
 20
12.3641
 10
11.3026
 20
12.3888
 10
11.2806
 20
12.4089
 10
10.9862
 20
12.0819
 10
11.0061
 20
12.0638
 10
11.0324
 20
12.0397
 10
11.0586
 20
12.0156
 10
11.0848
 20
11.9915
 10
11.111
 20
11.9673
 10
11.137
 20
11.943
 10
11.1631
 20
11.9187
 10
11.189
 20
11.8943
 10
11.215
 20
11.8699
 10
11.2408
 20
11.8454
 10
11.2666
 20
11.8208
 10
11.2924
 20
11.7962
 10
11.3181
 20
11.7715
 10
11.3438
 20
11.7468
 10
11.3694
 20
11.722
 10
11.3949
 20
11.6972
 10
11.4204
 20
11.6723
 10
11.4458
 20
11.6474
 10
11.4712
 20
11.6224
 10
11.4966
 20
11.5973
 10
11.5218
 20
11.5722
 10
11.5471
 20
11.5471
 10
11.5722
 20
11.5218
 10
11.5973
 20
11.4966
 10
11.6224
 20
11.4712
 10
11.6474
 20
11.4458
 10
11.6723
 20
11.4204
 10
11.6972
 20
11.3949
 10
11.722
 20
11.3694
 10
11.7468
 20
11.3438
 10
11.7715
 20
11.3181
 10
11.7962
 20
11.2924
 10
11.8208
 20
11.2666
 10
11.8454
 20
11.2408
 10
11.8699
 20
11.215
 10
11.8943
 20
11.189
 10
11.9187
 20
11.1631
 10
11.943
 20
11.137
 10
11.9673
 20
11.111
 10
11.9915
 20
11.0848
 10
12.0156
 20
11.0586
 10
12.0397
 20
11.0324
 10
12.0638
 20
11.0061
 10
12.0819
 20
10.9862
 10
12.4089
 20
11.2806
 10
12.3888
 20
11.3026
 10
12.3641
 20
11.3296
 10
12.3394
 20
11.3566
 10
12.3146
 20
11.3835
 10
12.2897
 20
11.4103
 10
12.2648
 20
11.4371
 10
12.2398
 20
11.4638
 10
12.2148
 20
11.4905
  0
LWPOLYLINE
  5
F9
330
17
100
AcDbEntity
  8
ALTIN
100
AcDbPolyline
 90
90
 70
1
 10
10.919
 20
12.7282
 10
10.8912
 20
12.752
 10
10.8634
 20
12.7757
 10
10.8355
 20
12.7994
 10
10.8075
 20
12.823
 10
10.7795
 20
12.8466
 10
10.7515
 20
12.8701
 10
10.7234
 20
12.8935
 10
10.6952
 20
12.9168
 10
10.667
 20
12.9401
 10
10.6388
 20
12.9634
 10
10.6105
 20
12.9866
 10
10.5821
 20
13.0097
 10
10.5537
 20
13.0327
 10
10.5252
 20
13.0557
 10
10.4967
 20
13.0787
 10
10.4682
 20
13.1015
 10
10.4396
 20
13.1243
 10
10.4109
 20
13.1471
 10
10.3822
 20
13.1698
 10
10.3534
 20
13.1924
 10
10.3246
 20
13.2149
 10
10.2958
 20
13.2374
 10
10.2669
 20
13.2599
 10
10.2379
 20
13.2822
 10
10.2089
 20
13.3045
 10
10.1799
 20
13.3268
 10
10.1508
 20
13.349
 10
10.1216
 20
13.3711
 10
10.0924
 20
13.3931
 10
10.0632
 20
13.4151
 10
10.0339
 20
13.437
 10
10.0046
 20
13.4589
 10
9.9752
 20
13.4807
 10
9.9457
 20
13.5024
 10
9.9218
 20
13.52
 10
9.6631
 20
13.1641
 10
9.6848
 20
13.1481
 10
9.7135
 20
13.127
 10
9.7421
 20
13.1058
 10
9.7706
 20
13.0845
 10
9.7992
 20
13.0631
 10
9.8276
 20
13.0417
 10
9.8561
 20
13.0202
 10
9.8845
 20
12.9987
 10
9.9128
 20
12.9771
 10
9.9411
 20
12.9555
 10
9.9693
 20
12.9337
 10
9.9975
 20
12.912
 10
10.0257
 20
12.8901
 10
10.0538
 20
12.8682
 10
10.0818
 20
12.8463
 10
10.1098
 20
12.8242
 10
10.1378
 20
12.8021
 10
10.1657
 20
12.78
 10
10.1935
 20
12.7578
 10
10.2213
 20
12.7355
 10
10.2491
 20
12.7132
 10
10.2768
 20
12.6908
 10
10.3045
 20
12.6683
 10
10.3321
 20
12.6458
 10
10.3596
 20
12.6233
 10
10.3872
 20
12.6006
 10
10.4146
 20
12.5779
 10
10.442
 20
12.5552
 10
10.4694
 20
12.5324
 10
10.4967
 20
12.5095
 10
10.524
 20
12.4866
 10
10.5512
 20
12.4636
 10
10.5784
 20
12.4405
 10
10.6055
 20
12.4174
 10
10.6326
 20
12.3943
 10
10.6596
 20
12.371
 10
10.6865
 20
12.3478
 10
10.7134
 20
12.3244
 10
10.7403
 20
12.301
 10
10.7671
 20
12.2775
 10
10.7939
 20
12.254
 10
10.8206
 20
12.2304
 10
10.8472
 20
12.2068
 10
10.8673
 20
12.1889
 10
11.1617
 20
12.5159
 10
11.1395
 20
12.5357
 10
11.1121
 20
12.56
 10
11.0847
 20
12.5842
 10
11.0572
 20
12.6084
 10
11.0297
 20
12.6324
 10
11.0021
 20
12.6565
 10
10.9745
 20
12.6805
 10
10.9468
 20
12.7044
  0
LWPOLYLINE
  5
FA
330
17
100
AcDbEntity
  8
ALTIN
100
AcDbPolyline
 90
86
 70
1
 10
9.5288
 20
13.7998
 10
9.4986
 20
13.8206
 10
9.4685
 20
13.8413
 10
9.4382
 20
13.8619
 10
9.408
 20
13.8825
 10
9.3777
 20
13.903
 10
9.3473
 20
13.9234
 10
9.3169
 20
13.9437
 10
9.2865
 20
13.964
 10
9.256
 20
13.9843
 10
9.2255
 20
14.0044
 10
9.1949
 20
14.0245
 10
9.1643
 20
14.0445
 10
9.1336
 20
14.0645
 10
9.1029
 20
14.0844
 10
9.0721
 20
14.1042
 10
9.0413
 20
14.124
 10
9.0105
 20
14.1437
 10
8.9796
 20
14.1633
 10
8.9487
 20
14.1829
 10
8.9178
 20
14.2023
 10
8.8867
 20
14.2218
 10
8.8557
 20
14.2411
 10
8.8246
 20
14.2604
 10
8.7935
 20
14.2796
 10
8.7623
 20
14.2988
 10
8.7311
 20
14.3179
 10
8.6998
 20
14.3369
 10
8.6685
 20
14.3558
 10
8.6372
 20
14.3747
 10
8.6058
 20
14.3935
 10
8.5744
 20
14.4122
 10
8.5429
 20
14.4309
 10
8.5146
 20
14.4477
 10
8.2946
 20
14.0666
 10
8.3188
 20
14.0523
 10
8.3494
 20
14.0341
 10
8.38
 20
14.0159
 10
8.4106
 20
13.9975
 10
8.4411
 20
13.9792
 10
8.4716
 20
13.9607
 10
8.502
 20
13.9422
 10
8.5324
 20
13.9236
 10
8.5628
 20
13.905
 10
8.5931
 20
13.8863
 10
8.6233
 20
13.8675
 10
8.6536
 20
13.8486
 10
8.6838
 20
13.8297
 10
8.7139
 20
13.8107
 10
8.744
 20
13.7917
 10
8.7741
 20
13.7726
 10
8.8041
 20
13.7534
 10
8.8341
 20
13.7342
 10
8.8641
 20
13.7149
 10
8.894
 20
13.6955
 10
8.9238
 20
13.6761
 10
8.9536
 20
13.6566
 10
8.9834
 20
13.637
 10
9.0131
 20
13.6174
 10
9.0428
 20
13.5977
 10
9.0725
 20
13.5779
 10
9.1021
 20
13.5581
 10
9.1316
 20
13.5382
 10
9.1611
 20
13.5182
 10
9.1906
 20
13.4982
 10
9.22
 20
13.4781
 10
9.2494
 20
13.458
 10
9.2788
 20
13.4378
 10
9.308
 20
13.4175
 10
9.3373
 20
13.3972
 10
9.3665
 20
13.3768
 10
9.3957
 20
13.3563
 10
9.4248
 20
13.3358
 10
9.4539
 20
13.3152
 10
9.4829
 20
13.2945
 10
9.5119
 20
13.2738
 10
9.5337
 20
13.2581
 10
9.7923
 20
13.6141
 10
9.7682
 20
13.6314
 10
9.7384
 20
13.6527
 10
9.7086
 20
13.6739
 10
9.6787
 20
13.6951
 10
9.6488
 20
13.7162
 10
9.6189
 20
13.7372
 10
9.5889
 20
13.7581
 10
9.5588
 20
13.779
  0
LWPOLYLINE
  5
FB
330
17
100
AcDbEntity
  8
ALTIN
100
AcDbPolyline
 90
86
 70
1
 10
7.9698
 20
14.7552
 10
7.9376
 20
14.7725
 10
7.9053
 20
14.7898
 10
7.873
 20
14.807
 10
7.8407
 20
14.8242
 10
7.8084
 20
14.8412
 10
7.776
 20
14.8582
 10
7.7435
 20
14.8752
 10
7.7111
 20
14.892
 10
7.6785
 20
14.9088
 10
7.646
 20
14.9255
 10
7.6134
 20
14.9422
 10
7.5808
 20
14.9588
 10
7.5482
 20
14.9753
 10
7.5155
 20
14.9917
 10
7.4827
 20
15.008
 10
7.45
 20
15.0243
 10
7.4172
 20
15.0406
 10
7.3844
 20
15.0567
 10
7.3515
 20
15.0728
 10
7.3186
 20
15.0888
 10
7.2856
 20
15.1047
 10
7.2527
 20
15.1206
 10
7.2197
 20
15.1364
 10
7.1866
 20
15.1521
 10
7.1536
 20
15.1677
 10
7.1204
 20
15.1833
 10
7.0873
 20
15.1988
 10
7.0541
 20
15.2142
 10
7.0209
 20
15.2296
 10
6.9877
 20
15.2448
 10
6.9544
 20
15.2601
 10
6.9211
 20
15.2752
 10
6.894
 20
15.2874
 10
6.715
 20
14.8855
 10
6.7395
 20
14.8744
 10
6.7719
 20
14.8597
 10
6.8043
 20
14.8449
 10
6.8367
 20
14.83
 10
6.8691
 20
14.815
 10
6.9014
 20
14.8
 10
6.9336
 20
14.7849
 10
6.9659
 20
14.7698
 10
6.9981
 20
14.7545
 10
7.0302
 20
14.7392
 10
7.0624
 20
14.7238
 10
7.0945
 20
14.7084
 10
7.1266
 20
14.6929
 10
7.1586
 20
14.6773
 10
7.1906
 20
14.6617
 10
7.2226
 20
14.6459
 10
7.2545
 20
14.6301
 10
7.2864
 20
14.6143
 10
7.3183
 20
14.5983
 10
7.3501
 20
14.5823
 10
7.3819
 20
14.5663
 10
7.4137
 20
14.5501
 10
7.4454
 20
14.5339
 10
7.4771
 20
14.5176
 10
7.5087
 20
14.5013
 10
7.5404
 20
14.4849
 10
7.5719
 20
14.4684
 10
7.6035
 20
14.4518
 10
7.635
 20
14.4352
 10
7.6665
 20
14.4185
 10
7.6979
 20
14.4018
 10
7.7293
 20
14.3849
 10
7.7607
 20
14.368
 10
7.792
 20
14.3511
 10
7.8233
 20
14.334
 10
7.8545
 20
14.3169
 10
7.8858
 20
14.2998
 10
7.9169
 20
14.2825
 10
7.9481
 20
14.2652
 10
7.9792
 20
14.2479
 10
8.0102
 20
14.2304
 10
8.0347
 20
14.2166
 10
8.2548
 20
14.5977
 10
8.2261
 20
14.6138
 10
8.1942
 20
14.6318
 10
8.1622
 20
14.6496
 10
8.1303
 20
14.6674
 10
8.0982
 20
14.6851
 10
8.0662
 20
14.7027
 10
8.0341
 20
14.7203
 10
8.002
 20
14.7378
  0
LWPOLYLINE
  5
FC
330
17
100
AcDbEntity
  8
ALTIN
100
AcDbPolyline
 90
86
 70
1
 10
-1.2457
 20
16.2824
 10
-1.2102
 20
16.2851
 10
-1.1747
 20
16.2877
 10
-1.1391
 20
16.2902
 10
-1.1036
 20
16.2927
 10
-1.068
 20
16.295
 10
-1.0325
 20
16.2973
 10
-0.9969
 20
16.2995
 10
-0.9614
 20
16.3017
 10
-0.9258
 20
16.3037
 10
-0.8902
 20
16.3057
 10
-0.8546
 20
16.3076
 10
-0.8191
 20
16.3094
 10
-0.7835
 20
16.3112
 10
-0.7479
 20
16.3129
 10
-0.7123
 20
16.3145
 10
-0.6767
 20
16.316
 10
-0.6411
 20
16.3174
 10
-0.6055
 20
16.3188
 10
-0.5699
 20
16.3201
 10
-0.5343
 20
16.3213
 10
-0.4987
 20
16.3224
 10
-0.4631
 20
16.3234
 10
-0.4275
 20
16.3244
 10
-0.3919
 20
16.3253
 10
-0.3562
 20
16.3261
 10
-0.3206
 20
16.3269
 10
-0.285
 20
16.3275
 10
-0.2494
 20
16.3281
 10
-0.2138
 20
16.3286
 10
-0.1781
 20
16.329
 10
-0.15
 20
16.3293
 10
-0.15
 20
16.7693
 10
-0.1829
 20
16.769
 10
-0.2195
 20
16.7686
 10
-0.2561
 20
16.768
 10
-0.2927
 20
16.7674
 10
-0.3293
 20
16.7668
 10
-0.3658
 20
16.766
 10
-0.4024
 20
16.7652
 10
-0.439
 20
16.7643
 10
-0.4756
 20
16.7633
 10
-0.5121
 20
16.7622
 10
-0.5487
 20
16.761
 10
-0.5853
 20
16.7598
 10
-0.6218
 20
16.7585
 10
-0.6584
 20
16.7571
 10
-0.6949
 20
16.7556
 10
-0.7315
 20
16.754
 10
-0.768
 20
16.7524
 10
-0.8046
 20
16.7507
 10
-0.8411
 20
16.7489
 10
-0.8777
 20
16.747
 10
-0.9142
 20
16.7451
 10
-0.9507
 20
16.743
 10
-0.9873
 20
16.7409
 10
-1.0238
 20
16.7387
 10
-1.0603
 20
16.7364
 10
-1.0968
 20
16.7341
 10
-1.1333
 20
16.7317
 10
-1.1698
 20
16.7291
 10
-1.2063
 20
16.7266
 10
-1.2428
 20
16.7239
 10
-1.2793
 20
16.7211
 10
-1.3158
 20
16.7183
 10
-1.3522
 20
16.7154
 10
-1.3887
 20
16.7124
 10
-1.4252
 20
16.7093
 10
-1.4616
 20
16.7062
 10
-1.498
 20
16.703
 10
-1.5345
 20
16.6996
 10
-1.5709
 20
16.6963
 10
-1.6073
 20
16.6928
 10
-1.6437
 20
16.6892
 10
-1.6734
 20
16.6863
 10
-1.6274
 20
16.2487
 10
-1.6006
 20
16.2514
 10
-1.5652
 20
16.2548
 10
-1.5297
 20
16.2582
 10
-1.4942
 20
16.2615
 10
-1.4587
 20
16.2647
 10
-1.4233
 20
16.2679
 10
-1.3878
 20
16.2709
 10
-1.3523
 20
16.2739
 10
-1.3168
 20
16.2768
 10
-1.2812
 20
16.2797
  0
LWPOLYLINE
  5
FD
330
17
100
AcDbEntity
  8
ALTIN
100
AcDbPolyline
 90
86
 70
1
 10
0.5343
 20
16.3213
 10
0.5699
 20
16.3201
 10
0.6055
 20
16.3188
 10
0.6411
 20
16.3174
 10
0.6767
 20
16.316
 10
0.7123
 20
16.3145
 10
0.7479
 20
16.3129
 10
0.7835
 20
16.3112
 10
0.8191
 20
16.3094
 10
0.8546
 20
16.3076
 10
0.8902
 20
16.3057
 10
0.9258
 20
16.3037
 10
0.9614
 20
16.3017
 10
0.9969
 20
16.2995
 10
1.0325
 20
16.2973
 10
1.068
 20
16.295
 10
1.1036
 20
16.2927
 10
1.1391
 20
16.2902
 10
1.1747
 20
16.2877
 10
1.2102
 20
16.2851
 10
1.2457
 20
16.2824
 10
1.2812
 20
16.2797
 10
1.3168
 20
16.2768
 10
1.3523
 20
16.2739
 10
1.3878
 20
16.2709
 10
1.4233
 20
16.2679
 10
1.4587
 20
16.2647
 10
1.4942
 20
16.2615
 10
1.5297
 20
16.2582
 10
1.5652
 20
16.2548
 10
1.6006
 20
16.2514
 10
1.6274
 20
16.2487
 10
1.6734
 20
16.6863
 10
1.6437
 20
16.6892
 10
1.6073
 20
16.6928
 10
1.5709
 20
16.6963
 10
1.5345
 20
16.6996
 10
1.498
 20
16.703
 10
1.4616
 20
16.7062
 10
1.4252
 20
16.7093
 10
1.3887
 20
16.7124
 10
1.3522
 20
16.7154
 10
1.3158
 20
16.7183
 10
1.2793
 20
16.7211
 10
1.2428
 20
16.7239
 10
1.2063
 20
16.7266
 10
1.1698
 20
16.7291
 10
1.1333
 20
16.7317
 10
1.0968
 20
16.7341
 10
1.0603
 20
16.7364
 10
1.0238
 20
16.7387
 10
0.9873
 20
16.7409
 10
0.9507
 20
16.743
 10
0.9142
 20
16.7451
 10
0.8777
 20
16.747
 10
0.8411
 20
16.7489
 10
0.8046
 20
16.7507
 10
0.768
 20
16.7524
 10
0.7315
 20
16.754
 10
0.6949
 20
16.7556
 10
0.6584
 20
16.7571
 10
0.6218
 20
16.7585
 10
0.5853
 20
16.7598
 10
0.5487
 20
16.761
 10
0.5121
 20
16.7622
 10
0.4756
 20
16.7633
 10
0.439
 20
16.7643
 10
0.4024
 20
16.7652
 10
0.3658
 20
16.766
 10
0.3293
 20
16.7668
 10
0.2927
 20
16.7674
 10
0.2561
 20
16.768
 10
0.2195
 20
16.7686
 10
0.1829
 20
16.769
 10
0.15
 20
16.7693
 10
0.15
 20
16.3293
 10
0.1781
 20
16.329
 10
0.2138
 20
16.3286
 10
0.2494
 20
16.3281
 10
0.285
 20
16.3275
 10
0.3206
 20
16.3269
 10
0.3562
 20
16.3261
 10
0.3919
 20
16.3253
 10
0.4275
 20
16.3244
 10
0.4631
 20
16.3234
 10
0.4987
 20
16.3224
  0
LWPOLYLINE
  5
FE
330
17
100
AcDbEntity
  8
ALTIN
100
AcDbPolyline
 90
90
 70
1
 10
2.1668
 20
16.1856
 10
2.2021
 20
16.1808
 10
2.2374
 20
16.176
 10
2.2727
 20
16.1711
 10
2.308
 20
16.1661
 10
2.3432
 20
16.161
 10
2.3785
 20
16.1559
 10
2.4137
 20
16.1506
 10
2.449
 20
16.1453
 10
2.4842
 20
16.1399
 10
2.5194
 20
16.1345
 10
2.5546
 20
16.129
 10
2.5898
 20
16.1233
 10
2.6249
 20
16.1177
 10
2.6601
 20
16.1119
 10
2.6952
 20
16.106
 10
2.7304
 20
16.1001
 10
2.7655
 20
16.0941
 10
2.8006
 20
16.0881
 10
2.8357
 20
16.0819
 10
2.8708
 20
16.0757
 10
2.9058
 20
16.0694
 10
2.9409
 20
16.063
 10
2.9759
 20
16.0566
 10
3.0109
 20
16.05
 10
3.0459
 20
16.0434
 10
3.0809
 20
16.0367
 10
3.1159
 20
16.03
 10
3.1509
 20
16.0231
 10
3.1858
 20
16.0162
 10
3.2208
 20
16.0092
 10
3.2557
 20
16.0022
 10
3.2906
 20
15.995
 10
3.3169
 20
15.9896
 10
3.4084
 20
16.42
 10
3.3792
 20
16.426
 10
3.3434
 20
16.4333
 10
3.3075
 20
16.4406
 10
3.2717
 20
16.4478
 10
3.2358
 20
16.4549
 10
3.1999
 20
16.4619
 10
3.1639
 20
16.4688
 10
3.128
 20
16.4757
 10
3.0921
 20
16.4825
 10
3.0561
 20
16.4892
 10
3.0201
 20
16.4958
 10
2.9841
 20
16.5024
 10
2.9481
 20
16.5088
 10
2.9121
 20
16.5152
 10
2.876
 20
16.5215
 10
2.84
 20
16.5278
 10
2.8039
 20
16.5339
 10
2.7678
 20
16.54
 10
2.7318
 20
16.546
 10
2.6957
 20
16.5519
 10
2.6595
 20
16.5578
 10
2.6234
 20
16.5635
 10
2.5873
 20
16.5692
 10
2.5511
 20
16.5748
 10
2.5149
 20
16.5803
 10
2.4788
 20
16.5858
 10
2.4426
 20
16.5912
 10
2.4064
 20
16.5965
 10
2.3702
 20
16.6017
 10
2.3339
 20
16.6068
 10
2.2977
 20
16.6118
 10
2.2615
 20
16.6168
 10
2.2252
 20
16.6217
 10
2.1889
 20
16.6265
 10
2.1526
 20
16.6313
 10
2.1164
 20
16.6359
 10
2.0801
 20
16.6405
 10
2.0437
 20
16.645
 10
2.0074
 20
16.6494
 10
1.9711
 20
16.6538
 10
1.9348
 20
16.658
 10
1.8984
 20
16.6622
 10
1.8621
 20
16.6663
 10
1.8325
 20
16.6696
 10
1.7865
 20
16.232
 10
1.8132
 20
16.229
 10
1.8486
 20
16.225
 10
1.884
 20
16.221
 10
1.9194
 20
16.2168
 10
1.9548
 20
16.2126
 10
1.9901
 20
16.2083
 10
2.0255
 20
16.2039
 10
2.0608
 20
16.1994
 10
2.0962
 20
16.1949
 10
2.1315
 20
16.1903
  0
LWPOLYLINE
  5
FF
330
17
100
AcDbEntity
  8
ALTIN
100
AcDbPolyline
 90
90
 70
1
 10
3.8468
 20
15.8704
 10
3.8814
 20
15.862
 10
3.916
 20
15.8535
 10
3.9506
 20
15.8449
 10
3.9851
 20
15.8363
 10
4.0197
 20
15.8275
 10
4.0542
 20
15.8187
 10
4.0887
 20
15.8099
 10
4.1232
 20
15.8009
 10
4.1576
 20
15.7919
 10
4.1921
 20
15.7828
 10
4.2265
 20
15.7736
 10
4.2609
 20
15.7643
 10
4.2953
 20
15.755
 10
4.3297
 20
15.7456
 10
4.364
 20
15.7361
 10
4.3983
 20
15.7265
 10
4.4326
 20
15.7169
 10
4.4669
 20
15.7072
 10
4.5012
 20
15.6974
 10
4.5354
 20
15.6875
 10
4.5696
 20
15.6776
 10
4.6038
 20
15.6676
 10
4.638
 20
15.6575
 10
4.6721
 20
15.6474
 10
4.7062
 20
15.6371
 10
4.7403
 20
15.6268
 10
4.7744
 20
15.6165
 10
4.8085
 20
15.606
 10
4.8425
 20
15.5955
 10
4.8765
 20
15.5849
 10
4.9105
 20
15.5742
 10
4.9445
 20
15.5634
 10
4.9701
 20
15.5553
 10
5.1061
 20
15.9738
 10
5.0777
 20
15.9828
 10
5.0428
 20
15.9938
 10
5.0079
 20
16.0048
 10
4.973
 20
16.0157
 10
4.938
 20
16.0265
 10
4.9031
 20
16.0372
 10
4.8681
 20
16.0479
 10
4.8331
 20
16.0585
 10
4.798
 20
16.069
 10
4.7629
 20
16.0794
 10
4.7278
 20
16.0898
 10
4.6927
 20
16.1
 10
4.6576
 20
16.1102
 10
4.6224
 20
16.1204
 10
4.5873
 20
16.1304
 10
4.5521
 20
16.1404
 10
4.5168
 20
16.1503
 10
4.4816
 20
16.1601
 10
4.4463
 20
16.1698
 10
4.411
 20
16.1795
 10
4.3757
 20
16.1891
 10
4.3404
 20
16.1986
 10
4.305
 20
16.208
 10
4.2697
 20
16.2174
 10
4.2343
 20
16.2266
 10
4.1989
 20
16.2358
 10
4.1634
 20
16.245
 10
4.128
 20
16.254
 10
4.0925
 20
16.263
 10
4.057
 20
16.2719
 10
4.0215
 20
16.2807
 10
3.986
 20
16.2894
 10
3.9504
 20
16.2981
 10
3.9149
 20
16.3066
 10
3.8793
 20
16.3151
 10
3.8437
 20
16.3236
 10
3.8081
 20
16.3319
 10
3.7724
 20
16.3402
 10
3.7368
 20
16.3484
 10
3.7011
 20
16.3565
 10
3.6654
 20
16.3645
 10
3.6297
 20
16.3725
 10
3.594
 20
16.3804
 10
3.5649
 20
16.3867
 10
3.4734
 20
15.9563
 10
3.4997
 20
15.9506
 10
3.5345
 20
15.9429
 10
3.5692
 20
15.9352
 10
3.604
 20
15.9273
 10
3.6387
 20
15.9194
 10
3.6735
 20
15.9115
 10
3.7082
 20
15.9034
 10
3.7428
 20
15.8953
 10
3.7775
 20
15.8871
 10
3.8122
 20
15.8788
  0
LWPOLYLINE
  5
100
330
17
100
AcDbEntity
  8
ALTIN
100
AcDbPolyline
 90
90
 70
1
 10
5.4846
 20
15.3814
 10
5.5182
 20
15.3694
 10
5.5517
 20
15.3573
 10
5.5852
 20
15.3452
 10
5.6187
 20
15.333
 10
5.6521
 20
15.3207
 10
5.6855
 20
15.3083
 10
5.7189
 20
15.2959
 10
5.7522
 20
15.2833
 10
5.7856
 20
15.2708
 10
5.8189
 20
15.2581
 10
5.8521
 20
15.2454
 10
5.8854
 20
15.2326
 10
5.9186
 20
15.2197
 10
5.9518
 20
15.2067
 10
5.985
 20
15.1937
 10
6.0181
 20
15.1806
 10
6.0512
 20
15.1675
 10
6.0843
 20
15.1542
 10
6.1173
 20
15.1409
 10
6.1503
 20
15.1275
 10
6.1833
 20
15.1141
 10
6.2163
 20
15.1006
 10
6.2492
 20
15.087
 10
6.2821
 20
15.0733
 10
6.315
 20
15.0595
 10
6.3478
 20
15.0457
 10
6.3806
 20
15.0318
 10
6.4134
 20
15.0179
 10
6.4462
 20
15.0039
 10
6.4789
 20
14.9898
 10
6.5116
 20
14.9756
 10
6.5442
 20
14.9613
 10
6.5688
 20
14.9506
 10
6.7478
 20
15.3525
 10
6.7206
 20
15.3645
 10
6.687
 20
15.3791
 10
6.6535
 20
15.3936
 10
6.6199
 20
15.4081
 10
6.5862
 20
15.4225
 10
6.5526
 20
15.4369
 10
6.5189
 20
15.4511
 10
6.4851
 20
15.4653
 10
6.4514
 20
15.4794
 10
6.4176
 20
15.4935
 10
6.3838
 20
15.5074
 10
6.3499
 20
15.5213
 10
6.3161
 20
15.5351
 10
6.2822
 20
15.5489
 10
6.2482
 20
15.5625
 10
6.2142
 20
15.5761
 10
6.1803
 20
15.5897
 10
6.1462
 20
15.6031
 10
6.1122
 20
15.6165
 10
6.0781
 20
15.6298
 10
6.044
 20
15.643
 10
6.0098
 20
15.6561
 10
5.9757
 20
15.6692
 10
5.9415
 20
15.6822
 10
5.9072
 20
15.6951
 10
5.873
 20
15.708
 10
5.8387
 20
15.7208
 10
5.8044
 20
15.7335
 10
5.77
 20
15.7461
 10
5.7357
 20
15.7586
 10
5.7013
 20
15.7711
 10
5.6669
 20
15.7835
 10
5.6324
 20
15.7958
 10
5.5979
 20
15.8081
 10
5.5634
 20
15.8203
 10
5.5289
 20
15.8324
 10
5.4944
 20
15.8444
 10
5.4598
 20
15.8563
 10
5.4252
 20
15.8682
 10
5.3905
 20
15.88
 10
5.3559
 20
15.8917
 10
5.3212
 20
15.9034
 10
5.2865
 20
15.915
 10
5.2582
 20
15.9243
 10
5.1223
 20
15.5058
 10
5.1478
 20
15.4974
 10
5.1816
 20
15.4861
 10
5.2154
 20
15.4748
 10
5.2491
 20
15.4634
 10
5.2828
 20
15.4519
 10
5.3165
 20
15.4403
 10
5.3502
 20
15.4287
 10
5.3838
 20
15.417
 10
5.4175
 20
15.4052
 10
5.4511
 20
15.3933
  0
LWPOLYLINE
  5
101
330
17
100
AcDbEntity
  8
ALTIN
100
AcDbPolyline
 90
2880
 70
1
 10
16.1613
 20
0.5291
 10
16.1601
 20
0.5643
 10
16.1589
 20
0.5996
 10
16.1575
 20
0.6348
 10
16.1561
 20
0.6701
 10
16.1546
 20
0.7053
 10
16.153
 20
0.7406
 10
16.1514
 20
0.7758
 10
16.1496
 20
0.811
 10
16.1478
 20
0.8463
 10
16.146
 20
0.8815
 10
16.144
 20
0.9167
 10
16.142
 20
0.9519
 10
16.1398
 20
0.9872
 10
16.1376
 20
1.0224
 10
16.1354
 20
1.0576
 10
16.133
 20
1.0928
 10
16.1306
 20
1.128
 10
16.1281
 20
1.1632
 10
16.1255
 20
1.1983
 10
16.1229
 20
1.2335
 10
16.1202
 20
1.2687
 10
16.1173
 20
1.3038
 10
16.1145
 20
1.339
 10
16.1115
 20
1.3742
 10
16.1085
 20
1.4093
 10
16.1054
 20
1.4444
 10
16.1022
 20
1.4796
 10
16.0989
 20
1.5147
 10
16.0956
 20
1.5498
 10
16.0921
 20
1.5849
 10
16.0886
 20
1.62
 10
16.0851
 20
1.6551
 10
16.0814
 20
1.6902
 10
16.0777
 20
1.7253
 10
16.0739
 20
1.7604
 10
16.07
 20
1.7954
 10
16.0661
 20
1.8305
 10
16.062
 20
1.8655
 10
16.0579
 20
1.9006
 10
16.0537
 20
1.9356
 10
16.0495
 20
1.9706
 10
16.0451
 20
2.0056
 10
16.0407
 20
2.0406
 10
16.0362
 20
2.0756
 10
16.0317
 20
2.1106
 10
16.027
 20
2.1456
 10
16.0223
 20
2.1805
 10
16.0175
 20
2.2155
 10
16.0126
 20
2.2504
 10
16.0077
 20
2.2854
 10
16.0027
 20
2.3203
 10
15.9976
 20
2.3552
 10
15.9924
 20
2.3901
 10
15.9871
 20
2.425
 10
15.9818
 20
2.4598
 10
15.9764
 20
2.4947
 10
15.9709
 20
2.5295
 10
15.9654
 20
2.5644
 10
15.9597
 20
2.5992
 10
15.954
 20
2.634
 10
15.9482
 20
2.6688
 10
15.9424
 20
2.7036
 10
15.9364
 20
2.7384
 10
15.9304
 20
2.7731
 10
15.9243
 20
2.8079
 10
15.9182
 20
2.8426
 10
15.9119
 20
2.8773
 10
15.9056
 20
2.9121
 10
15.8992
 20
2.9467
 10
15.8928
 20
2.9814
 10
15.8862
 20
3.0161
 10
15.8796
 20
3.0507
 10
15.8729
 20
3.0854
 10
15.8661
 20
3.12
 10
15.8593
 20
3.1546
 10
15.8524
 20
3.1892
 10
15.8454
 20
3.2238
 10
15.8383
 20
3.2583
 10
15.8312
 20
3.2929
 10
15.8239
 20
3.3274
 10
15.8166
 20
3.3619
 10
15.8093
 20
3.3964
 10
15.8018
 20
3.4309
 10
15.7943
 20
3.4654
 10
15.7867
 20
3.4998
 10
15.779
 20
3.5343
 10
15.7713
 20
3.5687
 10
15.7635
 20
3.6031
 10
15.7556
 20
3.6375
 10
15.7476
 20
3.6718
 10
15.7395
 20
3.7062
 10
15.7314
 20
3.7405
 10
15.7232
 20
3.7748
 10
15.7149
 20
3.8091
 10
15.7066
 20
3.8434
 10
15.6982
 20
3.8776
 10
15.6897
 20
3.9119
 10
15.6811
 20
3.9461
 10
15.6725
 20
3.9803
 10
15.6637
 20
4.0145
 10
15.6549
 20
4.0486
 10
15.6461
 20
4.0828
 10
15.6371
 20
4.1169
 10
15.6281
 20
4.151
 10
15.619
 20
4.1851
 10
15.6099
 20
4.2192
 10
15.6006
 20
4.2532
 10
15.5913
 20
4.2872
 10
15.5819
 20
4.3212
 10
15.5724
 20
4.3552
 10
15.5629
 20
4.3892
 10
15.5533
 20
4.4231
 10
15.5436
 20
4.4571
 10
15.5338
 20
4.491
 10
15.524
 20
4.5248
 10
15.5141
 20
4.5587
 10
15.5041
 20
4.5925
 10
15.4941
 20
4.6263
 10
15.4839
 20
4.6601
 10
15.4737
 20
4.6939
 10
15.4634
 20
4.7277
 10
15.4531
 20
4.7614
 10
15.4427
 20
4.7951
 10
15.4322
 20
4.8288
 10
15.4216
 20
4.8624
 10
15.411
 20
4.896
 10
15.4002
 20
4.9297
 10
15.3894
 20
4.9632
 10
15.3786
 20
4.9968
 10
15.3676
 20
5.0303
 10
15.3566
 20
5.0639
 10
15.3456
 20
5.0973
 10
15.3344
 20
5.1308
 10
15.3232
 20
5.1643
 10
15.3119
 20
5.1977
 10
15.3005
 20
5.2311
 10
15.289
 20
5.2644
 10
15.2775
 20
5.2978
 10
15.2659
 20
5.3311
 10
15.2543
 20
5.3644
 10
15.2425
 20
5.3977
 10
15.2307
 20
5.4309
 10
15.2188
 20
5.4641
 10
15.2069
 20
5.4973
 10
15.1948
 20
5.5305
 10
15.1827
 20
5.5636
 10
15.1706
 20
5.5967
 10
15.1583
 20
5.6298
 10
15.146
 20
5.6629
 10
15.1336
 20
5.6959
 10
15.1211
 20
5.7289
 10
15.1086
 20
5.7619
 10
15.096
 20
5.7948
 10
15.0833
 20
5.8277
 10
15.0706
 20
5.8606
 10
15.0577
 20
5.8935
 10
15.0449
 20
5.9263
 10
15.0319
 20
5.9591
 10
15.0189
 20
5.9919
 10
15.0057
 20
6.0247
 10
14.9926
 20
6.0574
 10
14.9793
 20
6.0901
 10
14.966
 20
6.1227
 10
14.9526
 20
6.1554
 10
14.9391
 20
6.188
 10
14.9256
 20
6.2206
 10
14.912
 20
6.2531
 10
14.8983
 20
6.2856
 10
14.8846
 20
6.3181
 10
14.8707
 20
6.3506
 10
14.8569
 20
6.383
 10
14.8429
 20
6.4154
 10
14.8289
 20
6.4478
 10
14.8148
 20
6.4801
 10
14.8006
 20
6.5124
 10
14.7863
 20
6.5447
 10
14.772
 20
6.5769
 10
14.7576
 20
6.6091
 10
14.7432
 20
6.6413
 10
14.7287
 20
6.6735
 10
14.7141
 20
6.7056
 10
14.6994
 20
6.7377
 10
14.6847
 20
6.7697
 10
14.6699
 20
6.8017
 10
14.655
 20
6.8337
 10
14.6401
 20
6.8657
 10
14.625
 20
6.8976
 10
14.61
 20
6.9295
 10
14.5948
 20
6.9614
 10
14.5796
 20
6.9932
 10
14.5643
 20
7.025
 10
14.5489
 20
7.0567
 10
14.5335
 20
7.0885
 10
14.518
 20
7.1202
 10
14.5024
 20
7.1518
 10
14.4868
 20
7.1834
 10
14.4711
 20
7.215
 10
14.4553
 20
7.2466
 10
14.4395
 20
7.2781
 10
14.4236
 20
7.3096
 10
14.4076
 20
7.341
 10
14.3915
 20
7.3724
 10
14.3754
 20
7.4038
 10
14.3592
 20
7.4352
 10
14.343
 20
7.4665
 10
14.3266
 20
7.4977
 10
14.3103
 20
7.529
 10
14.2938
 20
7.5602
 10
14.2773
 20
7.5914
 10
14.2607
 20
7.6225
 10
14.244
 20
7.6536
 10
14.2273
 20
7.6846
 10
14.2105
 20
7.7157
 10
14.1936
 20
7.7466
 10
14.1767
 20
7.7776
 10
14.1597
 20
7.8085
 10
14.1426
 20
7.8394
 10
14.1255
 20
7.8702
 10
14.1083
 20
7.901
 10
14.091
 20
7.9318
 10
14.0737
 20
7.9625
 10
14.0562
 20
7.9932
 10
14.0388
 20
8.0238
 10
14.0212
 20
8.0544
 10
14.0036
 20
8.085
 10
13.986
 20
8.1155
 10
13.9682
 20
8.146
 10
13.9504
 20
8.1765
 10
13.9325
 20
8.2069
 10
13.9146
 20
8.2373
 10
13.8966
 20
8.2676
 10
13.8785
 20
8.2979
 10
13.8604
 20
8.3282
 10
13.8422
 20
8.3584
 10
13.8239
 20
8.3886
 10
13.8056
 20
8.4187
 10
13.7872
 20
8.4488
 10
13.7687
 20
8.4789
 10
13.7502
 20
8.5089
 10
13.7316
 20
8.5389
 10
13.7129
 20
8.5688
 10
13.6942
 20
8.5987
 10
13.6754
 20
8.6285
 10
13.6566
 20
8.6584
 10
13.6376
 20
8.6881
 10
13.6187
 20
8.7179
 10
13.5996
 20
8.7476
 10
13.5805
 20
8.7772
 10
13.5613
 20
8.8068
 10
13.5421
 20
8.8364
 10
13.5227
 20
8.8659
 10
13.5034
 20
8.8954
 10
13.4839
 20
8.9248
 10
13.4644
 20
8.9542
 10
13.4449
 20
8.9836
 10
13.4252
 20
9.0129
 10
13.4055
 20
9.0421
 10
13.3858
 20
9.0714
 10
13.366
 20
9.1006
 10
13.3461
 20
9.1297
 10
13.3261
 20
9.1588
 10
13.3061
 20
9.1878
 10
13.286
 20
9.2168
 10
13.2659
 20
9.2458
 10
13.2457
 20
9.2747
 10
13.2254
 20
9.3036
 10
13.2051
 20
9.3324
 10
13.1847
 20
9.3612
 10
13.1642
 20
9.39
 10
13.1437
 20
9.4187
 10
13.1232
 20
9.4473
 10
13.1025
 20
9.4759
 10
13.0818
 20
9.5045
 10
13.061
 20
9.533
 10
13.0402
 20
9.5615
 10
13.0193
 20
9.5899
 10
12.9984
 20
9.6183
 10
12.9774
 20
9.6466
 10
12.9563
 20
9.6749
 10
12.9351
 20
9.7032
 10
12.9139
 20
9.7313
 10
12.8927
 20
9.7595
 10
12.8714
 20
9.7876
 10
12.85
 20
9.8157
 10
12.8285
 20
9.8437
 10
12.807
 20
9.8716
 10
12.7855
 20
9.8996
 10
12.7638
 20
9.9274
 10
12.7421
 20
9.9552
 10
12.7204
 20
9.983
 10
12.6986
 20
10.0107
 10
12.6767
 20
10.0384
 10
12.6548
 20
10.0661
 10
12.6328
 20
10.0936
 10
12.6107
 20
10.1212
 10
12.5886
 20
10.1487
 10
12.5665
 20
10.1761
 10
12.5442
 20
10.2035
 10
12.5219
 20
10.2308
 10
12.4996
 20
10.2581
 10
12.4772
 20
10.2854
 10
12.4547
 20
10.3126
 10
12.4322
 20
10.3397
 10
12.4096
 20
10.3668
 10
12.3869
 20
10.3939
 10
12.3642
 20
10.4209
 10
12.3415
 20
10.4478
 10
12.3186
 20
10.4747
 10
12.2958
 20
10.5016
 10
12.2728
 20
10.5284
 10
12.2498
 20
10.5551
 10
12.2268
 20
10.5818
 10
12.2037
 20
10.6085
 10
12.1805
 20
10.6351
 10
12.1572
 20
10.6616
 10
12.134
 20
10.6881
 10
12.1106
 20
10.7146
 10
12.0872
 20
10.741
 10
12.0637
 20
10.7673
 10
12.0402
 20
10.7936
 10
12.0167
 20
10.8198
 10
11.993
 20
10.846
 10
11.9693
 20
10.8722
 10
11.9456
 20
10.8983
 10
11.9218
 20
10.9243
 10
11.8979
 20
10.9503
 10
11.874
 20
10.9762
 10
11.85
 20
11.0021
 10
11.826
 20
11.0279
 10
11.8019
 20
11.0537
 10
11.7778
 20
11.0794
 10
11.7536
 20
11.1051
 10
11.7293
 20
11.1307
 10
11.705
 20
11.1563
 10
11.6806
 20
11.1818
 10
11.6562
 20
11.2072
 10
11.6317
 20
11.2326
 10
11.6072
 20
11.258
 10
11.5826
 20
11.2833
 10
11.558
 20
11.3085
 10
11.5333
 20
11.3337
 10
11.5085
 20
11.3588
 10
11.4837
 20
11.3839
 10
11.4588
 20
11.4089
 10
11.4339
 20
11.4339
 10
11.4089
 20
11.4588
 10
11.3839
 20
11.4837
 10
11.3588
 20
11.5085
 10
11.3337
 20
11.5333
 10
11.3085
 20
11.558
 10
11.2833
 20
11.5826
 10
11.258
 20
11.6072
 10
11.2326
 20
11.6317
 10
11.2072
 20
11.6562
 10
11.1818
 20
11.6806
 10
11.1563
 20
11.705
 10
11.1307
 20
11.7293
 10
11.1051
 20
11.7536
 10
11.0794
 20
11.7778
 10
11.0537
 20
11.8019
 10
11.0279
 20
11.826
 10
11.0021
 20
11.85
 10
10.9762
 20
11.874
 10
10.9503
 20
11.8979
 10
10.9243
 20
11.9218
 10
10.8983
 20
11.9456
 10
10.8722
 20
11.9693
 10
10.846
 20
11.993
 10
10.8198
 20
12.0167
 10
10.7936
 20
12.0402
 10
10.7673
 20
12.0637
 10
10.741
 20
12.0872
 10
10.7146
 20
12.1106
 10
10.6881
 20
12.134
 10
10.6616
 20
12.1572
 10
10.6351
 20
12.1805
 10
10.6085
 20
12.2037
 10
10.5818
 20
12.2268
 10
10.5551
 20
12.2498
 10
10.5284
 20
12.2728
 10
10.5016
 20
12.2958
 10
10.4747
 20
12.3186
 10
10.4478
 20
12.3415
 10
10.4209
 20
12.3642
 10
10.3939
 20
12.3869
 10
10.3668
 20
12.4096
 10
10.3397
 20
12.4322
 10
10.3126
 20
12.4547
 10
10.2854
 20
12.4772
 10
10.2581
 20
12.4996
 10
10.2308
 20
12.5219
 10
10.2035
 20
12.5442
 10
10.1761
 20
12.5665
 10
10.1487
 20
12.5886
 10
10.1212
 20
12.6107
 10
10.0936
 20
12.6328
 10
10.0661
 20
12.6548
 10
10.0384
 20
12.6767
 10
10.0107
 20
12.6986
 10
9.983
 20
12.7204
 10
9.9552
 20
12.7421
 10
9.9274
 20
12.7638
 10
9.8996
 20
12.7855
 10
9.8716
 20
12.807
 10
9.8437
 20
12.8285
 10
9.8157
 20
12.85
 10
9.7876
 20
12.8714
 10
9.7595
 20
12.8927
 10
9.7313
 20
12.9139
 10
9.7032
 20
12.9351
 10
9.6749
 20
12.9563
 10
9.6466
 20
12.9774
 10
9.6183
 20
12.9984
 10
9.5899
 20
13.0193
 10
9.5615
 20
13.0402
 10
9.533
 20
13.061
 10
9.5045
 20
13.0818
 10
9.4759
 20
13.1025
 10
9.4473
 20
13.1232
 10
9.4187
 20
13.1437
 10
9.39
 20
13.1642
 10
9.3612
 20
13.1847
 10
9.3324
 20
13.2051
 10
9.3036
 20
13.2254
 10
9.2747
 20
13.2457
 10
9.2458
 20
13.2659
 10
9.2168
 20
13.286
 10
9.1878
 20
13.3061
 10
9.1588
 20
13.3261
 10
9.1297
 20
13.3461
 10
9.1006
 20
13.366
 10
9.0714
 20
13.3858
 10
9.0421
 20
13.4055
 10
9.0129
 20
13.4252
 10
8.9836
 20
13.4449
 10
8.9542
 20
13.4644
 10
8.9248
 20
13.4839
 10
8.8954
 20
13.5034
 10
8.8659
 20
13.5227
 10
8.8364
 20
13.5421
 10
8.8068
 20
13.5613
 10
8.7772
 20
13.5805
 10
8.7476
 20
13.5996
 10
8.7179
 20
13.6187
 10
8.6881
 20
13.6376
 10
8.6584
 20
13.6566
 10
8.6285
 20
13.6754
 10
8.5987
 20
13.6942
 10
8.5688
 20
13.7129
 10
8.5389
 20
13.7316
 10
8.5089
 20
13.7502
 10
8.4789
 20
13.7687
 10
8.4488
 20
13.7872
 10
8.4187
 20
13.8056
 10
8.3886
 20
13.8239
 10
8.3584
 20
13.8422
 10
8.3282
 20
13.8604
 10
8.2979
 20
13.8785
 10
8.2676
 20
13.8966
 10
8.2373
 20
13.9146
 10
8.2069
 20
13.9325
 10
8.1765
 20
13.9504
 10
8.146
 20
13.9682
 10
8.1155
 20
13.986
 10
8.085
 20
14.0036
 10
8.0544
 20
14.0212
 10
8.0238
 20
14.0388
 10
7.9932
 20
14.0562
 10
7.9625
 20
14.0737
 10
7.9318
 20
14.091
 10
7.901
 20
14.1083
 10
7.8702
 20
14.1255
 10
7.8394
 20
14.1426
 10
7.8085
 20
14.1597
 10
7.7776
 20
14.1767
 10
7.7466
 20
14.1936
 10
7.7157
 20
14.2105
 10
7.6846
 20
14.2273
 10
7.6536
 20
14.244
 10
7.6225
 20
14.2607
 10
7.5914
 20
14.2773
 10
7.5602
 20
14.2938
 10
7.529
 20
14.3103
 10
7.4977
 20
14.3266
 10
7.4665
 20
14.343
 10
7.4352
 20
14.3592
 10
7.4038
 20
14.3754
 10
7.3724
 20
14.3915
 10
7.341
 20
14.4076
 10
7.3096
 20
14.4236
 10
7.2781
 20
14.4395
 10
7.2466
 20
14.4553
 10
7.215
 20
14.4711
 10
7.1834
 20
14.4868
 10
7.1518
 20
14.5024
 10
7.1202
 20
14.518
 10
7.0885
 20
14.5335
 10
7.0567
 20
14.5489
 10
7.025
 20
14.5643
 10
6.9932
 20
14.5796
 10
6.9614
 20
14.5948
 10
6.9295
 20
14.61
 10
6.8976
 20
14.625
 10
6.8657
 20
14.6401
 10
6.8337
 20
14.655
 10
6.8017
 20
14.6699
 10
6.7697
 20
14.6847
 10
6.7377
 20
14.6994
 10
6.7056
 20
14.7141
 10
6.6735
 20
14.7287
 10
6.6413
 20
14.7432
 10
6.6091
 20
14.7576
 10
6.5769
 20
14.772
 10
6.5447
 20
14.7863
 10
6.5124
 20
14.8006
 10
6.4801
 20
14.8148
 10
6.4478
 20
14.8289
 10
6.4154
 20
14.8429
 10
6.383
 20
14.8569
 10
6.3506
 20
14.8707
 10
6.3181
 20
14.8846
 10
6.2856
 20
14.8983
 10
6.2531
 20
14.912
 10
6.2206
 20
14.9256
 10
6.188
 20
14.9391
 10
6.1554
 20
14.9526
 10
6.1227
 20
14.966
 10
6.0901
 20
14.9793
 10
6.0574
 20
14.9926
 10
6.0247
 20
15.0057
 10
5.9919
 20
15.0189
 10
5.9591
 20
15.0319
 10
5.9263
 20
15.0449
 10
5.8935
 20
15.0577
 10
5.8606
 20
15.0706
 10
5.8277
 20
15.0833
 10
5.7948
 20
15.096
 10
5.7619
 20
15.1086
 10
5.7289
 20
15.1211
 10
5.6959
 20
15.1336
 10
5.6629
 20
15.146
 10
5.6298
 20
15.1583
 10
5.5967
 20
15.1706
 10
5.5636
 20
15.1827
 10
5.5305
 20
15.1948
 10
5.4973
 20
15.2069
 10
5.4641
 20
15.2188
 10
5.4309
 20
15.2307
 10
5.3977
 20
15.2425
 10
5.3644
 20
15.2543
 10
5.3311
 20
15.2659
 10
5.2978
 20
15.2775
 10
5.2644
 20
15.289
 10
5.2311
 20
15.3005
 10
5.1977
 20
15.3119
 10
5.1643
 20
15.3232
 10
5.1308
 20
15.3344
 10
5.0973
 20
15.3456
 10
5.0639
 20
15.3566
 10
5.0303
 20
15.3676
 10
4.9968
 20
15.3786
 10
4.9632
 20
15.3894
 10
4.9297
 20
15.4002
 10
4.896
 20
15.411
 10
4.8624
 20
15.4216
 10
4.8288
 20
15.4322
 10
4.7951
 20
15.4427
 10
4.7614
 20
15.4531
 10
4.7277
 20
15.4634
 10
4.6939
 20
15.4737
 10
4.6601
 20
15.4839
 10
4.6263
 20
15.4941
 10
4.5925
 20
15.5041
 10
4.5587
 20
15.5141
 10
4.5248
 20
15.524
 10
4.491
 20
15.5338
 10
4.4571
 20
15.5436
 10
4.4231
 20
15.5533
 10
4.3892
 20
15.5629
 10
4.3552
 20
15.5724
 10
4.3212
 20
15.5819
 10
4.2872
 20
15.5913
 10
4.2532
 20
15.6006
 10
4.2192
 20
15.6099
 10
4.1851
 20
15.619
 10
4.151
 20
15.6281
 10
4.1169
 20
15.6371
 10
4.0828
 20
15.6461
 10
4.0486
 20
15.6549
 10
4.0145
 20
15.6637
 10
3.9803
 20
15.6725
 10
3.9461
 20
15.6811
 10
3.9119
 20
15.6897
 10
3.8776
 20
15.6982
 10
3.8434
 20
15.7066
 10
3.8091
 20
15.7149
 10
3.7748
 20
15.7232
 10
3.7405
 20
15.7314
 10
3.7062
 20
15.7395
 10
3.6718
 20
15.7476
 10
3.6375
 20
15.7556
 10
3.6031
 20
15.7635
 10
3.5687
 20
15.7713
 10
3.5343
 20
15.779
 10
3.4998
 20
15.7867
 10
3.4654
 20
15.7943
 10
3.4309
 20
15.8018
 10
3.3964
 20
15.8093
 10
3.3619
 20
15.8166
 10
3.3274
 20
15.8239
 10
3.2929
 20
15.8312
 10
3.2583
 20
15.8383
 10
3.2238
 20
15.8454
 10
3.1892
 20
15.8524
 10
3.1546
 20
15.8593
 10
3.12
 20
15.8661
 10
3.0854
 20
15.8729
 10
3.0507
 20
15.8796
 10
3.0161
 20
15.8862
 10
2.9814
 20
15.8928
 10
2.9467
 20
15.8992
 10
2.9121
 20
15.9056
 10
2.8773
 20
15.9119
 10
2.8426
 20
15.9182
 10
2.8079
 20
15.9243
 10
2.7731
 20
15.9304
 10
2.7384
 20
15.9364
 10
2.7036
 20
15.9424
 10
2.6688
 20
15.9482
 10
2.634
 20
15.954
 10
2.5992
 20
15.9597
 10
2.5644
 20
15.9654
 10
2.5295
 20
15.9709
 10
2.4947
 20
15.9764
 10
2.4598
 20
15.9818
 10
2.425
 20
15.9871
 10
2.3901
 20
15.9924
 10
2.3552
 20
15.9976
 10
2.3203
 20
16.0027
 10
2.2854
 20
16.0077
 10
2.2504
 20
16.0126
 10
2.2155
 20
16.0175
 10
2.1805
 20
16.0223
 10
2.1456
 20
16.027
 10
2.1106
 20
16.0317
 10
2.0756
 20
16.0362
 10
2.0406
 20
16.0407
 10
2.0056
 20
16.0451
 10
1.9706
 20
16.0495
 10
1.9356
 20
16.0537
 10
1.9006
 20
16.0579
 10
1.8655
 20
16.062
 10
1.8305
 20
16.0661
 10
1.7954
 20
16.07
 10
1.7604
 20
16.0739
 10
1.7253
 20
16.0777
 10
1.6902
 20
16.0814
 10
1.6551
 20
16.0851
 10
1.62
 20
16.0886
 10
1.5849
 20
16.0921
 10
1.5498
 20
16.0956
 10
1.5147
 20
16.0989
 10
1.4796
 20
16.1022
 10
1.4444
 20
16.1054
 10
1.4093
 20
16.1085
 10
1.3742
 20
16.1115
 10
1.339
 20
16.1145
 10
1.3038
 20
16.1173
 10
1.2687
 20
16.1202
 10
1.2335
 20
16.1229
 10
1.1983
 20
16.1255
 10
1.1632
 20
16.1281
 10
1.128
 20
16.1306
 10
1.0928
 20
16.133
 10
1.0576
 20
16.1354
 10
1.0224
 20
16.1376
 10
0.9872
 20
16.1398
 10
0.9519
 20
16.142
 10
0.9167
 20
16.144
 10
0.8815
 20
16.146
 10
0.8463
 20
16.1478
 10
0.811
 20
16.1496
 10
0.7758
 20
16.1514
 10
0.7406
 20
16.153
 10
0.7053
 20
16.1546
 10
0.6701
 20
16.1561
 10
0.6348
 20
16.1575
 10
0.5996
 20
16.1589
 10
0.5643
 20
16.1601
 10
0.5291
 20
16.1613
 10
0.4938
 20
16.1625
 10
0.4585
 20
16.1635
 10
0.4233
 20
16.1645
 10
0.388
 20
16.1653
 10
0.3527
 20
16.1662
 10
0.3175
 20
16.1669
 10
0.2822
 20
16.1675
 10
0.2469
 20
16.1681
 10
0.2117
 20
16.1686
 10
0.1764
 20
16.169
 10
0.1411
 20
16.1694
 10
0.1058
 20
16.1697
 10
0.0706
 20
16.1698
 10
0.0353
 20
16.17
 10
0.0
 20
16.17
 10
-0.0353
 20
16.17
 10
-0.0706
 20
16.1698
 10
-0.1058
 20
16.1697
 10
-0.1411
 20
16.1694
 10
-0.1764
 20
16.169
 10
-0.2117
 20
16.1686
 10
-0.2469
 20
16.1681
 10
-0.2822
 20
16.1675
 10
-0.3175
 20
16.1669
 10
-0.3527
 20
16.1662
 10
-0.388
 20
16.1653
 10
-0.4233
 20
16.1645
 10
-0.4585
 20
16.1635
 10
-0.4938
 20
16.1625
 10
-0.5291
 20
16.1613
 10
-0.5643
 20
16.1601
 10
-0.5996
 20
16.1589
 10
-0.6348
 20
16.1575
 10
-0.6701
 20
16.1561
 10
-0.7053
 20
16.1546
 10
-0.7406
 20
16.153
 10
-0.7758
 20
16.1514
 10
-0.811
 20
16.1496
 10
-0.8463
 20
16.1478
 10
-0.8815
 20
16.146
 10
-0.9167
 20
16.144
 10
-0.9519
 20
16.142
 10
-0.9872
 20
16.1398
 10
-1.0224
 20
16.1376
 10
-1.0576
 20
16.1354
 10
-1.0928
 20
16.133
 10
-1.128
 20
16.1306
 10
-1.1632
 20
16.1281
 10
-1.1983
 20
16.1255
 10
-1.2335
 20
16.1229
 10
-1.2687
 20
16.1202
 10
-1.3038
 20
16.1173
 10
-1.339
 20
16.1145
 10
-1.3742
 20
16.1115
 10
-1.4093
 20
16.1085
 10
-1.4444
 20
16.1054
 10
-1.4796
 20
16.1022
 10
-1.5147
 20
16.0989
 10
-1.5498
 20
16.0956
 10
-1.5849
 20
16.0921
 10
-1.62
 20
16.0886
 10
-1.6551
 20
16.0851
 10
-1.6902
 20
16.0814
 10
-1.7253
 20
16.0777
 10
-1.7604
 20
16.0739
 10
-1.7954
 20
16.07
 10
-1.8305
 20
16.0661
 10
-1.8655
 20
16.062
 10
-1.9006
 20
16.0579
 10
-1.9356
 20
16.0537
 10
-1.9706
 20
16.0495
 10
-2.0056
 20
16.0451
 10
-2.0406
 20
16.0407
 10
-2.0756
 20
16.0362
 10
-2.1106
 20
16.0317
 10
-2.1456
 20
16.027
 10
-2.1805
 20
16.0223
 10
-2.2155
 20
16.0175
 10
-2.2504
 20
16.0126
 10
-2.2854
 20
16.0077
 10
-2.3203
 20
16.0027
 10
-2.3552
 20
15.9976
 10
-2.3901
 20
15.9924
 10
-2.425
 20
15.9871
 10
-2.4598
 20
15.9818
 10
-2.4947
 20
15.9764
 10
-2.5295
 20
15.9709
 10
-2.5644
 20
15.9654
 10
-2.5992
 20
15.9597
 10
-2.634
 20
15.954
 10
-2.6688
 20
15.9482
 10
-2.7036
 20
15.9424
 10
-2.7384
 20
15.9364
 10
-2.7731
 20
15.9304
 10
-2.8079
 20
15.9243
 10
-2.8426
 20
15.9182
 10
-2.8773
 20
15.9119
 10
-2.9121
 20
15.9056
 10
-2.9467
 20
15.8992
 10
-2.9814
 20
15.8928
 10
-3.0161
 20
15.8862
 10
-3.0507
 20
15.8796
 10
-3.0854
 20
15.8729
 10
-3.12
 20
15.8661
 10
-3.1546
 20
15.8593
 10
-3.1892
 20
15.8524
 10
-3.2238
 20
15.8454
 10
-3.2583
 20
15.8383
 10
-3.2929
 20
15.8312
 10
-3.3274
 20
15.8239
 10
-3.3619
 20
15.8166
 10
-3.3964
 20
15.8093
 10
-3.4309
 20
15.8018
 10
-3.4654
 20
15.7943
 10
-3.4998
 20
15.7867
 10
-3.5343
 20
15.779
 10
-3.5687
 20
15.7713
 10
-3.6031
 20
15.7635
 10
-3.6375
 20
15.7556
 10
-3.6718
 20
15.7476
 10
-3.7062
 20
15.7395
 10
-3.7405
 20
15.7314
 10
-3.7748
 20
15.7232
 10
-3.8091
 20
15.7149
 10
-3.8434
 20
15.7066
 10
-3.8776
 20
15.6982
 10
-3.9119
 20
15.6897
 10
-3.9461
 20
15.6811
 10
-3.9803
 20
15.6725
 10
-4.0145
 20
15.6637
 10
-4.0486
 20
15.6549
 10
-4.0828
 20
15.6461
 10
-4.1169
 20
15.6371
 10
-4.151
 20
15.6281
 10
-4.1851
 20
15.619
 10
-4.2192
 20
15.6099
 10
-4.2532
 20
15.6006
 10
-4.2872
 20
15.5913
 10
-4.3212
 20
15.5819
 10
-4.3552
 20
15.5724
 10
-4.3892
 20
15.5629
 10
-4.4231
 20
15.5533
 10
-4.4571
 20
15.5436
 10
-4.491
 20
15.5338
 10
-4.5248
 20
15.524
 10
-4.5587
 20
15.5141
 10
-4.5925
 20
15.5041
 10
-4.6263
 20
15.4941
 10
-4.6601
 20
15.4839
 10
-4.6939
 20
15.4737
 10
-4.7277
 20
15.4634
 10
-4.7614
 20
15.4531
 10
-4.7951
 20
15.4427
 10
-4.8288
 20
15.4322
 10
-4.8624
 20
15.4216
 10
-4.896
 20
15.411
 10
-4.9297
 20
15.4002
 10
-4.9632
 20
15.3894
 10
-4.9968
 20
15.3786
 10
-5.0303
 20
15.3676
 10
-5.0639
 20
15.3566
 10
-5.0973
 20
15.3456
 10
-5.1308
 20
15.3344
 10
-5.1643
 20
15.3232
 10
-5.1977
 20
15.3119
 10
-5.2311
 20
15.3005
 10
-5.2644
 20
15.289
 10
-5.2978
 20
15.2775
 10
-5.3311
 20
15.2659
 10
-5.3644
 20
15.2543
 10
-5.3977
 20
15.2425
 10
-5.4309
 20
15.2307
 10
-5.4641
 20
15.2188
 10
-5.4973
 20
15.2069
 10
-5.5305
 20
15.1948
 10
-5.5636
 20
15.1827
 10
-5.5967
 20
15.1706
 10
-5.6298
 20
15.1583
 10
-5.6629
 20
15.146
 10
-5.6959
 20
15.1336
 10
-5.7289
 20
15.1211
 10
-5.7619
 20
15.1086
 10
-5.7948
 20
15.096
 10
-5.8277
 20
15.0833
 10
-5.8606
 20
15.0706
 10
-5.8935
 20
15.0577
 10
-5.9263
 20
15.0449
 10
-5.9591
 20
15.0319
 10
-5.9919
 20
15.0189
 10
-6.0247
 20
15.0057
 10
-6.0574
 20
14.9926
 10
-6.0901
 20
14.9793
 10
-6.1227
 20
14.966
 10
-6.1554
 20
14.9526
 10
-6.188
 20
14.9391
 10
-6.2206
 20
14.9256
 10
-6.2531
 20
14.912
 10
-6.2856
 20
14.8983
 10
-6.3181
 20
14.8846
 10
-6.3506
 20
14.8707
 10
-6.383
 20
14.8569
 10
-6.4154
 20
14.8429
 10
-6.4478
 20
14.8289
 10
-6.4801
 20
14.8148
 10
-6.5124
 20
14.8006
 10
-6.5447
 20
14.7863
 10
-6.5769
 20
14.772
 10
-6.6091
 20
14.7576
 10
-6.6413
 20
14.7432
 10
-6.6735
 20
14.7287
 10
-6.7056
 20
14.7141
 10
-6.7377
 20
14.6994
 10
-6.7697
 20
14.6847
 10
-6.8017
 20
14.6699
 10
-6.8337
 20
14.655
 10
-6.8657
 20
14.6401
 10
-6.8976
 20
14.625
 10
-6.9295
 20
14.61
 10
-6.9614
 20
14.5948
 10
-6.9932
 20
14.5796
 10
-7.025
 20
14.5643
 10
-7.0567
 20
14.5489
 10
-7.0885
 20
14.5335
 10
-7.1202
 20
14.518
 10
-7.1518
 20
14.5024
 10
-7.1834
 20
14.4868
 10
-7.215
 20
14.4711
 10
-7.2466
 20
14.4553
 10
-7.2781
 20
14.4395
 10
-7.3096
 20
14.4236
 10
-7.341
 20
14.4076
 10
-7.3724
 20
14.3915
 10
-7.4038
 20
14.3754
 10
-7.4352
 20
14.3592
 10
-7.4665
 20
14.343
 10
-7.4977
 20
14.3266
 10
-7.529
 20
14.3103
 10
-7.5602
 20
14.2938
 10
-7.5914
 20
14.2773
 10
-7.6225
 20
14.2607
 10
-7.6536
 20
14.244
 10
-7.6846
 20
14.2273
 10
-7.7157
 20
14.2105
 10
-7.7466
 20
14.1936
 10
-7.7776
 20
14.1767
 10
-7.8085
 20
14.1597
 10
-7.8394
 20
14.1426
 10
-7.8702
 20
14.1255
 10
-7.901
 20
14.1083
 10
-7.9318
 20
14.091
 10
-7.9625
 20
14.0737
 10
-7.9932
 20
14.0562
 10
-8.0238
 20
14.0388
 10
-8.0544
 20
14.0212
 10
-8.085
 20
14.0036
 10
-8.1155
 20
13.986
 10
-8.146
 20
13.9682
 10
-8.1765
 20
13.9504
 10
-8.2069
 20
13.9325
 10
-8.2373
 20
13.9146
 10
-8.2676
 20
13.8966
 10
-8.2979
 20
13.8785
 10
-8.3282
 20
13.8604
 10
-8.3584
 20
13.8422
 10
-8.3886
 20
13.8239
 10
-8.4187
 20
13.8056
 10
-8.4488
 20
13.7872
 10
-8.4789
 20
13.7687
 10
-8.5089
 20
13.7502
 10
-8.5389
 20
13.7316
 10
-8.5688
 20
13.7129
 10
-8.5987
 20
13.6942
 10
-8.6285
 20
13.6754
 10
-8.6584
 20
13.6566
 10
-8.6881
 20
13.6376
 10
-8.7179
 20
13.6187
 10
-8.7476
 20
13.5996
 10
-8.7772
 20
13.5805
 10
-8.8068
 20
13.5613
 10
-8.8364
 20
13.5421
 10
-8.8659
 20
13.5227
 10
-8.8954
 20
13.5034
 10
-8.9248
 20
13.4839
 10
-8.9542
 20
13.4644
 10
-8.9836
 20
13.4449
 10
-9.0129
 20
13.4252
 10
-9.0421
 20
13.4055
 10
-9.0714
 20
13.3858
 10
-9.1006
 20
13.366
 10
-9.1297
 20
13.3461
 10
-9.1588
 20
13.3261
 10
-9.1878
 20
13.3061
 10
-9.2168
 20
13.286
 10
-9.2458
 20
13.2659
 10
-9.2747
 20
13.2457
 10
-9.3036
 20
13.2254
 10
-9.3324
 20
13.2051
 10
-9.3612
 20
13.1847
 10
-9.39
 20
13.1642
 10
-9.4187
 20
13.1437
 10
-9.4473
 20
13.1232
 10
-9.4759
 20
13.1025
 10
-9.5045
 20
13.0818
 10
-9.533
 20
13.061
 10
-9.5615
 20
13.0402
 10
-9.5899
 20
13.0193
 10
-9.6183
 20
12.9984
 10
-9.6466
 20
12.9774
 10
-9.6749
 20
12.9563
 10
-9.7032
 20
12.9351
 10
-9.7313
 20
12.9139
 10
-9.7595
 20
12.8927
 10
-9.7876
 20
12.8714
 10
-9.8157
 20
12.85
 10
-9.8437
 20
12.8285
 10
-9.8716
 20
12.807
 10
-9.8996
 20
12.7855
 10
-9.9274
 20
12.7638
 10
-9.9552
 20
12.7421
 10
-9.983
 20
12.7204
 10
-10.0107
 20
12.6986
 10
-10.0384
 20
12.6767
 10
-10.0661
 20
12.6548
 10
-10.0936
 20
12.6328
 10
-10.1212
 20
12.6107
 10
-10.1487
 20
12.5886
 10
-10.1761
 20
12.5665
 10
-10.2035
 20
12.5442
 10
-10.2308
 20
12.5219
 10
-10.2581
 20
12.4996
 10
-10.2854
 20
12.4772
 10
-10.3126
 20
12.4547
 10
-10.3397
 20
12.4322
 10
-10.3668
 20
12.4096
 10
-10.3939
 20
12.3869
 10
-10.4209
 20
12.3642
 10
-10.4478
 20
12.3415
 10
-10.4747
 20
12.3186
 10
-10.5016
 20
12.2958
 10
-10.5284
 20
12.2728
 10
-10.5551
 20
12.2498
 10
-10.5818
 20
12.2268
 10
-10.6085
 20
12.2037
 10
-10.6351
 20
12.1805
 10
-10.6616
 20
12.1572
 10
-10.6881
 20
12.134
 10
-10.7146
 20
12.1106
 10
-10.741
 20
12.0872
 10
-10.7673
 20
12.0637
 10
-10.7936
 20
12.0402
 10
-10.8198
 20
12.0167
 10
-10.846
 20
11.993
 10
-10.8722
 20
11.9693
 10
-10.8983
 20
11.9456
 10
-10.9243
 20
11.9218
 10
-10.9503
 20
11.8979
 10
-10.9762
 20
11.874
 10
-11.0021
 20
11.85
 10
-11.0279
 20
11.826
 10
-11.0537
 20
11.8019
 10
-11.0794
 20
11.7778
 10
-11.1051
 20
11.7536
 10
-11.1307
 20
11.7293
 10
-11.1563
 20
11.705
 10
-11.1818
 20
11.6806
 10
-11.2072
 20
11.6562
 10
-11.2326
 20
11.6317
 10
-11.258
 20
11.6072
 10
-11.2833
 20
11.5826
 10
-11.3085
 20
11.558
 10
-11.3337
 20
11.5333
 10
-11.3588
 20
11.5085
 10
-11.3839
 20
11.4837
 10
-11.4089
 20
11.4588
 10
-11.4339
 20
11.4339
 10
-11.4588
 20
11.4089
 10
-11.4837
 20
11.3839
 10
-11.5085
 20
11.3588
 10
-11.5333
 20
11.3337
 10
-11.558
 20
11.3085
 10
-11.5826
 20
11.2833
 10
-11.6072
 20
11.258
 10
-11.6317
 20
11.2326
 10
-11.6562
 20
11.2072
 10
-11.6806
 20
11.1818
 10
-11.705
 20
11.1563
 10
-11.7293
 20
11.1307
 10
-11.7536
 20
11.1051
 10
-11.7778
 20
11.0794
 10
-11.8019
 20
11.0537
 10
-11.826
 20
11.0279
 10
-11.85
 20
11.0021
 10
-11.874
 20
10.9762
 10
-11.8979
 20
10.9503
 10
-11.9218
 20
10.9243
 10
-11.9456
 20
10.8983
 10
-11.9693
 20
10.8722
 10
-11.993
 20
10.846
 10
-12.0167
 20
10.8198
 10
-12.0402
 20
10.7936
 10
-12.0637
 20
10.7673
 10
-12.0872
 20
10.741
 10
-12.1106
 20
10.7146
 10
-12.134
 20
10.6881
 10
-12.1572
 20
10.6616
 10
-12.1805
 20
10.6351
 10
-12.2037
 20
10.6085
 10
-12.2268
 20
10.5818
 10
-12.2498
 20
10.5551
 10
-12.2728
 20
10.5284
 10
-12.2958
 20
10.5016
 10
-12.3186
 20
10.4747
 10
-12.3415
 20
10.4478
 10
-12.3642
 20
10.4209
 10
-12.3869
 20
10.3939
 10
-12.4096
 20
10.3668
 10
-12.4322
 20
10.3397
 10
-12.4547
 20
10.3126
 10
-12.4772
 20
10.2854
 10
-12.4996
 20
10.2581
 10
-12.5219
 20
10.2308
 10
-12.5442
 20
10.2035
 10
-12.5665
 20
10.1761
 10
-12.5886
 20
10.1487
 10
-12.6107
 20
10.1212
 10
-12.6328
 20
10.0936
 10
-12.6548
 20
10.0661
 10
-12.6767
 20
10.0384
 10
-12.6986
 20
10.0107
 10
-12.7204
 20
9.983
 10
-12.7421
 20
9.9552
 10
-12.7638
 20
9.9274
 10
-12.7855
 20
9.8996
 10
-12.807
 20
9.8716
 10
-12.8285
 20
9.8437
 10
-12.85
 20
9.8157
 10
-12.8714
 20
9.7876
 10
-12.8927
 20
9.7595
 10
-12.9139
 20
9.7313
 10
-12.9351
 20
9.7032
 10
-12.9563
 20
9.6749
 10
-12.9774
 20
9.6466
 10
-12.9984
 20
9.6183
 10
-13.0193
 20
9.5899
 10
-13.0402
 20
9.5615
 10
-13.061
 20
9.533
 10
-13.0818
 20
9.5045
 10
-13.1025
 20
9.4759
 10
-13.1232
 20
9.4473
 10
-13.1437
 20
9.4187
 10
-13.1642
 20
9.39
 10
-13.1847
 20
9.3612
 10
-13.2051
 20
9.3324
 10
-13.2254
 20
9.3036
 10
-13.2457
 20
9.2747
 10
-13.2659
 20
9.2458
 10
-13.286
 20
9.2168
 10
-13.3061
 20
9.1878
 10
-13.3261
 20
9.1588
 10
-13.3461
 20
9.1297
 10
-13.366
 20
9.1006
 10
-13.3858
 20
9.0714
 10
-13.4055
 20
9.0421
 10
-13.4252
 20
9.0129
 10
-13.4449
 20
8.9836
 10
-13.4644
 20
8.9542
 10
-13.4839
 20
8.9248
 10
-13.5034
 20
8.8954
 10
-13.5227
 20
8.8659
 10
-13.5421
 20
8.8364
 10
-13.5613
 20
8.8068
 10
-13.5805
 20
8.7772
 10
-13.5996
 20
8.7476
 10
-13.6187
 20
8.7179
 10
-13.6376
 20
8.6881
 10
-13.6566
 20
8.6584
 10
-13.6754
 20
8.6285
 10
-13.6942
 20
8.5987
 10
-13.7129
 20
8.5688
 10
-13.7316
 20
8.5389
 10
-13.7502
 20
8.5089
 10
-13.7687
 20
8.4789
 10
-13.7872
 20
8.4488
 10
-13.8056
 20
8.4187
 10
-13.8239
 20
8.3886
 10
-13.8422
 20
8.3584
 10
-13.8604
 20
8.3282
 10
-13.8785
 20
8.2979
 10
-13.8966
 20
8.2676
 10
-13.9146
 20
8.2373
 10
-13.9325
 20
8.2069
 10
-13.9504
 20
8.1765
 10
-13.9682
 20
8.146
 10
-13.986
 20
8.1155
 10
-14.0036
 20
8.085
 10
-14.0212
 20
8.0544
 10
-14.0388
 20
8.0238
 10
-14.0562
 20
7.9932
 10
-14.0737
 20
7.9625
 10
-14.091
 20
7.9318
 10
-14.1083
 20
7.901
 10
-14.1255
 20
7.8702
 10
-14.1426
 20
7.8394
 10
-14.1597
 20
7.8085
 10
-14.1767
 20
7.7776
 10
-14.1936
 20
7.7466
 10
-14.2105
 20
7.7157
 10
-14.2273
 20
7.6846
 10
-14.244
 20
7.6536
 10
-14.2607
 20
7.6225
 10
-14.2773
 20
7.5914
 10
-14.2938
 20
7.5602
 10
-14.3103
 20
7.529
 10
-14.3266
 20
7.4977
 10
-14.343
 20
7.4665
 10
-14.3592
 20
7.4352
 10
-14.3754
 20
7.4038
 10
-14.3915
 20
7.3724
 10
-14.4076
 20
7.341
 10
-14.4236
 20
7.3096
 10
-14.4395
 20
7.2781
 10
-14.4553
 20
7.2466
 10
-14.4711
 20
7.215
 10
-14.4868
 20
7.1834
 10
-14.5024
 20
7.1518
 10
-14.518
 20
7.1202
 10
-14.5335
 20
7.0885
 10
-14.5489
 20
7.0567
 10
-14.5643
 20
7.025
 10
-14.5796
 20
6.9932
 10
-14.5948
 20
6.9614
 10
-14.61
 20
6.9295
 10
-14.625
 20
6.8976
 10
-14.6401
 20
6.8657
 10
-14.655
 20
6.8337
 10
-14.6699
 20
6.8017
 10
-14.6847
 20
6.7697
 10
-14.6994
 20
6.7377
 10
-14.7141
 20
6.7056
 10
-14.7287
 20
6.6735
 10
-14.7432
 20
6.6413
 10
-14.7576
 20
6.6091
 10
-14.772
 20
6.5769
 10
-14.7863
 20
6.5447
 10
-14.8006
 20
6.5124
 10
-14.8148
 20
6.4801
 10
-14.8289
 20
6.4478
 10
-14.8429
 20
6.4154
 10
-14.8569
 20
6.383
 10
-14.8707
 20
6.3506
 10
-14.8846
 20
6.3181
 10
-14.8983
 20
6.2856
 10
-14.912
 20
6.2531
 10
-14.9256
 20
6.2206
 10
-14.9391
 20
6.188
 10
-14.9526
 20
6.1554
 10
-14.966
 20
6.1227
 10
-14.9793
 20
6.0901
 10
-14.9926
 20
6.0574
 10
-15.0057
 20
6.0247
 10
-15.0189
 20
5.9919
 10
-15.0319
 20
5.9591
 10
-15.0449
 20
5.9263
 10
-15.0577
 20
5.8935
 10
-15.0706
 20
5.8606
 10
-15.0833
 20
5.8277
 10
-15.096
 20
5.7948
 10
-15.1086
 20
5.7619
 10
-15.1211
 20
5.7289
 10
-15.1336
 20
5.6959
 10
-15.146
 20
5.6629
 10
-15.1583
 20
5.6298
 10
-15.1706
 20
5.5967
 10
-15.1827
 20
5.5636
 10
-15.1948
 20
5.5305
 10
-15.2069
 20
5.4973
 10
-15.2188
 20
5.4641
 10
-15.2307
 20
5.4309
 10
-15.2425
 20
5.3977
 10
-15.2543
 20
5.3644
 10
-15.2659
 20
5.3311
 10
-15.2775
 20
5.2978
 10
-15.289
 20
5.2644
 10
-15.3005
 20
5.2311
 10
-15.3119
 20
5.1977
 10
-15.3232
 20
5.1643
 10
-15.3344
 20
5.1308
 10
-15.3456
 20
5.0973
 10
-15.3566
 20
5.0639
 10
-15.3676
 20
5.0303
 10
-15.3786
 20
4.9968
 10
-15.3894
 20
4.9632
 10
-15.4002
 20
4.9297
 10
-15.411
 20
4.896
 10
-15.4216
 20
4.8624
 10
-15.4322
 20
4.8288
 10
-15.4427
 20
4.7951
 10
-15.4531
 20
4.7614
 10
-15.4634
 20
4.7277
 10
-15.4737
 20
4.6939
 10
-15.4839
 20
4.6601
 10
-15.4941
 20
4.6263
 10
-15.5041
 20
4.5925
 10
-15.5141
 20
4.5587
 10
-15.524
 20
4.5248
 10
-15.5338
 20
4.491
 10
-15.5436
 20
4.4571
 10
-15.5533
 20
4.4231
 10
-15.5629
 20
4.3892
 10
-15.5724
 20
4.3552
 10
-15.5819
 20
4.3212
 10
-15.5913
 20
4.2872
 10
-15.6006
 20
4.2532
 10
-15.6099
 20
4.2192
 10
-15.619
 20
4.1851
 10
-15.6281
 20
4.151
 10
-15.6371
 20
4.1169
 10
-15.6461
 20
4.0828
 10
-15.6549
 20
4.0486
 10
-15.6637
 20
4.0145
 10
-15.6725
 20
3.9803
 10
-15.6811
 20
3.9461
 10
-15.6897
 20
3.9119
 10
-15.6982
 20
3.8776
 10
-15.7066
 20
3.8434
 10
-15.7149
 20
3.8091
 10
-15.7232
 20
3.7748
 10
-15.7314
 20
3.7405
 10
-15.7395
 20
3.7062
 10
-15.7476
 20
3.6718
 10
-15.7556
 20
3.6375
 10
-15.7635
 20
3.6031
 10
-15.7713
 20
3.5687
 10
-15.779
 20
3.5343
 10
-15.7867
 20
3.4998
 10
-15.7943
 20
3.4654
 10
-15.8018
 20
3.4309
 10
-15.8093
 20
3.3964
 10
-15.8166
 20
3.3619
 10
-15.8239
 20
3.3274
 10
-15.8312
 20
3.2929
 10
-15.8383
 20
3.2583
 10
-15.8454
 20
3.2238
 10
-15.8524
 20
3.1892
 10
-15.8593
 20
3.1546
 10
-15.8661
 20
3.12
 10
-15.8729
 20
3.0854
 10
-15.8796
 20
3.0507
 10
-15.8862
 20
3.0161
 10
-15.8928
 20
2.9814
 10
-15.8992
 20
2.9467
 10
-15.9056
 20
2.9121
 10
-15.9119
 20
2.8773
 10
-15.9182
 20
2.8426
 10
-15.9243
 20
2.8079
 10
-15.9304
 20
2.7731
 10
-15.9364
 20
2.7384
 10
-15.9424
 20
2.7036
 10
-15.9482
 20
2.6688
 10
-15.954
 20
2.634
 10
-15.9597
 20
2.5992
 10
-15.9654
 20
2.5644
 10
-15.9709
 20
2.5295
 10
-15.9764
 20
2.4947
 10
-15.9818
 20
2.4598
 10
-15.9871
 20
2.425
 10
-15.9924
 20
2.3901
 10
-15.9976
 20
2.3552
 10
-16.0027
 20
2.3203
 10
-16.0077
 20
2.2854
 10
-16.0126
 20
2.2504
 10
-16.0175
 20
2.2155
 10
-16.0223
 20
2.1805
 10
-16.027
 20
2.1456
 10
-16.0317
 20
2.1106
 10
-16.0362
 20
2.0756
 10
-16.0407
 20
2.0406
 10
-16.0451
 20
2.0056
 10
-16.0495
 20
1.9706
 10
-16.0537
 20
1.9356
 10
-16.0579
 20
1.9006
 10
-16.062
 20
1.8655
 10
-16.0661
 20
1.8305
 10
-16.07
 20
1.7954
 10
-16.0739
 20
1.7604
 10
-16.0777
 20
1.7253
 10
-16.0814
 20
1.6902
 10
-16.0851
 20
1.6551
 10
-16.0886
 20
1.62
 10
-16.0921
 20
1.5849
 10
-16.0956
 20
1.5498
 10
-16.0989
 20
1.5147
 10
-16.1022
 20
1.4796
 10
-16.1054
 20
1.4444
 10
-16.1085
 20
1.4093
 10
-16.1115
 20
1.3742
 10
-16.1145
 20
1.339
 10
-16.1173
 20
1.3038
 10
-16.1202
 20
1.2687
 10
-16.1229
 20
1.2335
 10
-16.1255
 20
1.1983
 10
-16.1281
 20
1.1632
 10
-16.1306
 20
1.128
 10
-16.133
 20
1.0928
 10
-16.1354
 20
1.0576
 10
-16.1376
 20
1.0224
 10
-16.1398
 20
0.9872
 10
-16.142
 20
0.9519
 10
-16.144
 20
0.9167
 10
-16.146
 20
0.8815
 10
-16.1478
 20
0.8463
 10
-16.1496
 20
0.811
 10
-16.1514
 20
0.7758
 10
-16.153
 20
0.7406
 10
-16.1546
 20
0.7053
 10
-16.1561
 20
0.6701
 10
-16.1575
 20
0.6348
 10
-16.1589
 20
0.5996
 10
-16.1601
 20
0.5643
 10
-16.1613
 20
0.5291
 10
-16.1625
 20
0.4938
 10
-16.1635
 20
0.4585
 10
-16.1645
 20
0.4233
 10
-16.1653
 20
0.388
 10
-16.1662
 20
0.3527
 10
-16.1669
 20
0.3175
 10
-16.1675
 20
0.2822
 10
-16.1681
 20
0.2469
 10
-16.1686
 20
0.2117
 10
-16.169
 20
0.1764
 10
-16.1694
 20
0.1411
 10
-16.1697
 20
0.1058
 10
-16.1698
 20
0.0706
 10
-16.17
 20
0.0353
 10
-16.17
 20
0.0
 10
-16.17
 20
-0.0353
 10
-16.1698
 20
-0.0706
 10
-16.1697
 20
-0.1058
 10
-16.1694
 20
-0.1411
 10
-16.169
 20
-0.1764
 10
-16.1686
 20
-0.2117
 10
-16.1681
 20
-0.2469
 10
-16.1675
 20
-0.2822
 10
-16.1669
 20
-0.3175
 10
-16.1662
 20
-0.3527
 10
-16.1653
 20
-0.388
 10
-16.1645
 20
-0.4233
 10
-16.1635
 20
-0.4585
 10
-16.1625
 20
-0.4938
 10
-16.1613
 20
-0.5291
 10
-16.1601
 20
-0.5643
 10
-16.1589
 20
-0.5996
 10
-16.1575
 20
-0.6348
 10
-16.1561
 20
-0.6701
 10
-16.1546
 20
-0.7053
 10
-16.153
 20
-0.7406
 10
-16.1514
 20
-0.7758
 10
-16.1496
 20
-0.811
 10
-16.1478
 20
-0.8463
 10
-16.146
 20
-0.8815
 10
-16.144
 20
-0.9167
 10
-16.142
 20
-0.9519
 10
-16.1398
 20
-0.9872
 10
-16.1376
 20
-1.0224
 10
-16.1354
 20
-1.0576
 10
-16.133
 20
-1.0928
 10
-16.1306
 20
-1.128
 10
-16.1281
 20
-1.1632
 10
-16.1255
 20
-1.1983
 10
-16.1229
 20
-1.2335
 10
-16.1202
 20
-1.2687
 10
-16.1173
 20
-1.3038
 10
-16.1145
 20
-1.339
 10
-16.1115
 20
-1.3742
 10
-16.1085
 20
-1.4093
 10
-16.1054
 20
-1.4444
 10
-16.1022
 20
-1.4796
 10
-16.0989
 20
-1.5147
 10
-16.0956
 20
-1.5498
 10
-16.0921
 20
-1.5849
 10
-16.0886
 20
-1.62
 10
-16.0851
 20
-1.6551
 10
-16.0814
 20
-1.6902
 10
-16.0777
 20
-1.7253
 10
-16.0739
 20
-1.7604
 10
-16.07
 20
-1.7954
 10
-16.0661
 20
-1.8305
 10
-16.062
 20
-1.8655
 10
-16.0579
 20
-1.9006
 10
-16.0537
 20
-1.9356
 10
-16.0495
 20
-1.9706
 10
-16.0451
 20
-2.0056
 10
-16.0407
 20
-2.0406
 10
-16.0362
 20
-2.0756
 10
-16.0317
 20
-2.1106
 10
-16.027
 20
-2.1456
 10
-16.0223
 20
-2.1805
 10
-16.0175
 20
-2.2155
 10
-16.0126
 20
-2.2504
 10
-16.0077
 20
-2.2854
 10
-16.0027
 20
-2.3203
 10
-15.9976
 20
-2.3552
 10
-15.9924
 20
-2.3901
 10
-15.9871
 20
-2.425
 10
-15.9818
 20
-2.4598
 10
-15.9764
 20
-2.4947
 10
-15.9709
 20
-2.5295
 10
-15.9654
 20
-2.5644
 10
-15.9597
 20
-2.5992
 10
-15.954
 20
-2.634
 10
-15.9482
 20
-2.6688
 10
-15.9424
 20
-2.7036
 10
-15.9364
 20
-2.7384
 10
-15.9304
 20
-2.7731
 10
-15.9243
 20
-2.8079
 10
-15.9182
 20
-2.8426
 10
-15.9119
 20
-2.8773
 10
-15.9056
 20
-2.9121
 10
-15.8992
 20
-2.9467
 10
-15.8928
 20
-2.9814
 10
-15.8862
 20
-3.0161
 10
-15.8796
 20
-3.0507
 10
-15.8729
 20
-3.0854
 10
-15.8661
 20
-3.12
 10
-15.8593
 20
-3.1546
 10
-15.8524
 20
-3.1892
 10
-15.8454
 20
-3.2238
 10
-15.8383
 20
-3.2583
 10
-15.8312
 20
-3.2929
 10
-15.8239
 20
-3.3274
 10
-15.8166
 20
-3.3619
 10
-15.8093
 20
-3.3964
 10
-15.8018
 20
-3.4309
 10
-15.7943
 20
-3.4654
 10
-15.7867
 20
-3.4998
 10
-15.779
 20
-3.5343
 10
-15.7713
 20
-3.5687
 10
-15.7635
 20
-3.6031
 10
-15.7556
 20
-3.6375
 10
-15.7476
 20
-3.6718
 10
-15.7395
 20
-3.7062
 10
-15.7314
 20
-3.7405
 10
-15.7232
 20
-3.7748
 10
-15.7149
 20
-3.8091
 10
-15.7066
 20
-3.8434
 10
-15.6982
 20
-3.8776
 10
-15.6897
 20
-3.9119
 10
-15.6811
 20
-3.9461
 10
-15.6725
 20
-3.9803
 10
-15.6637
 20
-4.0145
 10
-15.6549
 20
-4.0486
 10
-15.6461
 20
-4.0828
 10
-15.6371
 20
-4.1169
 10
-15.6281
 20
-4.151
 10
-15.619
 20
-4.1851
 10
-15.6099
 20
-4.2192
 10
-15.6006
 20
-4.2532
 10
-15.5913
 20
-4.2872
 10
-15.5819
 20
-4.3212
 10
-15.5724
 20
-4.3552
 10
-15.5629
 20
-4.3892
 10
-15.5533
 20
-4.4231
 10
-15.5436
 20
-4.4571
 10
-15.5338
 20
-4.491
 10
-15.524
 20
-4.5248
 10
-15.5141
 20
-4.5587
 10
-15.5041
 20
-4.5925
 10
-15.4941
 20
-4.6263
 10
-15.4839
 20
-4.6601
 10
-15.4737
 20
-4.6939
 10
-15.4634
 20
-4.7277
 10
-15.4531
 20
-4.7614
 10
-15.4427
 20
-4.7951
 10
-15.4322
 20
-4.8288
 10
-15.4216
 20
-4.8624
 10
-15.411
 20
-4.896
 10
-15.4002
 20
-4.9297
 10
-15.3894
 20
-4.9632
 10
-15.3786
 20
-4.9968
 10
-15.3676
 20
-5.0303
 10
-15.3566
 20
-5.0639
 10
-15.3456
 20
-5.0973
 10
-15.3344
 20
-5.1308
 10
-15.3232
 20
-5.1643
 10
-15.3119
 20
-5.1977
 10
-15.3005
 20
-5.2311
 10
-15.289
 20
-5.2644
 10
-15.2775
 20
-5.2978
 10
-15.2659
 20
-5.3311
 10
-15.2543
 20
-5.3644
 10
-15.2425
 20
-5.3977
 10
-15.2307
 20
-5.4309
 10
-15.2188
 20
-5.4641
 10
-15.2069
 20
-5.4973
 10
-15.1948
 20
-5.5305
 10
-15.1827
 20
-5.5636
 10
-15.1706
 20
-5.5967
 10
-15.1583
 20
-5.6298
 10
-15.146
 20
-5.6629
 10
-15.1336
 20
-5.6959
 10
-15.1211
 20
-5.7289
 10
-15.1086
 20
-5.7619
 10
-15.096
 20
-5.7948
 10
-15.0833
 20
-5.8277
 10
-15.0706
 20
-5.8606
 10
-15.0577
 20
-5.8935
 10
-15.0449
 20
-5.9263
 10
-15.0319
 20
-5.9591
 10
-15.0189
 20
-5.9919
 10
-15.0057
 20
-6.0247
 10
-14.9926
 20
-6.0574
 10
-14.9793
 20
-6.0901
 10
-14.966
 20
-6.1227
 10
-14.9526
 20
-6.1554
 10
-14.9391
 20
-6.188
 10
-14.9256
 20
-6.2206
 10
-14.912
 20
-6.2531
 10
-14.8983
 20
-6.2856
 10
-14.8846
 20
-6.3181
 10
-14.8707
 20
-6.3506
 10
-14.8569
 20
-6.383
 10
-14.8429
 20
-6.4154
 10
-14.8289
 20
-6.4478
 10
-14.8148
 20
-6.4801
 10
-14.8006
 20
-6.5124
 10
-14.7863
 20
-6.5447
 10
-14.772
 20
-6.5769
 10
-14.7576
 20
-6.6091
 10
-14.7432
 20
-6.6413
 10
-14.7287
 20
-6.6735
 10
-14.7141
 20
-6.7056
 10
-14.6994
 20
-6.7377
 10
-14.6847
 20
-6.7697
 10
-14.6699
 20
-6.8017
 10
-14.655
 20
-6.8337
 10
-14.6401
 20
-6.8657
 10
-14.625
 20
-6.8976
 10
-14.61
 20
-6.9295
 10
-14.5948
 20
-6.9614
 10
-14.5796
 20
-6.9932
 10
-14.5643
 20
-7.025
 10
-14.5489
 20
-7.0567
 10
-14.5335
 20
-7.0885
 10
-14.518
 20
-7.1202
 10
-14.5024
 20
-7.1518
 10
-14.4868
 20
-7.1834
 10
-14.4711
 20
-7.215
 10
-14.4553
 20
-7.2466
 10
-14.4395
 20
-7.2781
 10
-14.4236
 20
-7.3096
 10
-14.4076
 20
-7.341
 10
-14.3915
 20
-7.3724
 10
-14.3754
 20
-7.4038
 10
-14.3592
 20
-7.4352
 10
-14.343
 20
-7.4665
 10
-14.3266
 20
-7.4977
 10
-14.3103
 20
-7.529
 10
-14.2938
 20
-7.5602
 10
-14.2773
 20
-7.5914
 10
-14.2607
 20
-7.6225
 10
-14.244
 20
-7.6536
 10
-14.2273
 20
-7.6846
 10
-14.2105
 20
-7.7157
 10
-14.1936
 20
-7.7466
 10
-14.1767
 20
-7.7776
 10
-14.1597
 20
-7.8085
 10
-14.1426
 20
-7.8394
 10
-14.1255
 20
-7.8702
 10
-14.1083
 20
-7.901
 10
-14.091
 20
-7.9318
 10
-14.0737
 20
-7.9625
 10
-14.0562
 20
-7.9932
 10
-14.0388
 20
-8.0238
 10
-14.0212
 20
-8.0544
 10
-14.0036
 20
-8.085
 10
-13.986
 20
-8.1155
 10
-13.9682
 20
-8.146
 10
-13.9504
 20
-8.1765
 10
-13.9325
 20
-8.2069
 10
-13.9146
 20
-8.2373
 10
-13.8966
 20
-8.2676
 10
-13.8785
 20
-8.2979
 10
-13.8604
 20
-8.3282
 10
-13.8422
 20
-8.3584
 10
-13.8239
 20
-8.3886
 10
-13.8056
 20
-8.4187
 10
-13.7872
 20
-8.4488
 10
-13.7687
 20
-8.4789
 10
-13.7502
 20
-8.5089
 10
-13.7316
 20
-8.5389
 10
-13.7129
 20
-8.5688
 10
-13.6942
 20
-8.5987
 10
-13.6754
 20
-8.6285
 10
-13.6566
 20
-8.6584
 10
-13.6376
 20
-8.6881
 10
-13.6187
 20
-8.7179
 10
-13.5996
 20
-8.7476
 10
-13.5805
 20
-8.7772
 10
-13.5613
 20
-8.8068
 10
-13.5421
 20
-8.8364
 10
-13.5227
 20
-8.8659
 10
-13.5034
 20
-8.8954
 10
-13.4839
 20
-8.9248
 10
-13.4644
 20
-8.9542
 10
-13.4449
 20
-8.9836
 10
-13.4252
 20
-9.0129
 10
-13.4055
 20
-9.0421
 10
-13.3858
 20
-9.0714
 10
-13.366
 20
-9.1006
 10
-13.3461
 20
-9.1297
 10
-13.3261
 20
-9.1588
 10
-13.3061
 20
-9.1878
 10
-13.286
 20
-9.2168
 10
-13.2659
 20
-9.2458
 10
-13.2457
 20
-9.2747
 10
-13.2254
 20
-9.3036
 10
-13.2051
 20
-9.3324
 10
-13.1847
 20
-9.3612
 10
-13.1642
 20
-9.39
 10
-13.1437
 20
-9.4187
 10
-13.1232
 20
-9.4473
 10
-13.1025
 20
-9.4759
 10
-13.0818
 20
-9.5045
 10
-13.061
 20
-9.533
 10
-13.0402
 20
-9.5615
 10
-13.0193
 20
-9.5899
 10
-12.9984
 20
-9.6183
 10
-12.9774
 20
-9.6466
 10
-12.9563
 20
-9.6749
 10
-12.9351
 20
-9.7032
 10
-12.9139
 20
-9.7313
 10
-12.8927
 20
-9.7595
 10
-12.8714
 20
-9.7876
 10
-12.85
 20
-9.8157
 10
-12.8285
 20
-9.8437
 10
-12.807
 20
-9.8716
 10
-12.7855
 20
-9.8996
 10
-12.7638
 20
-9.9274
 10
-12.7421
 20
-9.9552
 10
-12.7204
 20
-9.983
 10
-12.6986
 20
-10.0107
 10
-12.6767
 20
-10.0384
 10
-12.6548
 20
-10.0661
 10
-12.6328
 20
-10.0936
 10
-12.6107
 20
-10.1212
 10
-12.5886
 20
-10.1487
 10
-12.5665
 20
-10.1761
 10
-12.5442
 20
-10.2035
 10
-12.5219
 20
-10.2308
 10
-12.4996
 20
-10.2581
 10
-12.4772
 20
-10.2854
 10
-12.4547
 20
-10.3126
 10
-12.4322
 20
-10.3397
 10
-12.4096
 20
-10.3668
 10
-12.3869
 20
-10.3939
 10
-12.3642
 20
-10.4209
 10
-12.3415
 20
-10.4478
 10
-12.3186
 20
-10.4747
 10
-12.2958
 20
-10.5016
 10
-12.2728
 20
-10.5284
 10
-12.2498
 20
-10.5551
 10
-12.2268
 20
-10.5818
 10
-12.2037
 20
-10.6085
 10
-12.1805
 20
-10.6351
 10
-12.1572
 20
-10.6616
 10
-12.134
 20
-10.6881
 10
-12.1106
 20
-10.7146
 10
-12.0872
 20
-10.741
 10
-12.0637
 20
-10.7673
 10
-12.0402
 20
-10.7936
 10
-12.0167
 20
-10.8198
 10
-11.993
 20
-10.846
 10
-11.9693
 20
-10.8722
 10
-11.9456
 20
-10.8983
 10
-11.9218
 20
-10.9243
 10
-11.8979
 20
-10.9503
 10
-11.874
 20
-10.9762
 10
-11.85
 20
-11.0021
 10
-11.826
 20
-11.0279
 10
-11.8019
 20
-11.0537
 10
-11.7778
 20
-11.0794
 10
-11.7536
 20
-11.1051
 10
-11.7293
 20
-11.1307
 10
-11.705
 20
-11.1563
 10
-11.6806
 20
-11.1818
 10
-11.6562
 20
-11.2072
 10
-11.6317
 20
-11.2326
 10
-11.6072
 20
-11.258
 10
-11.5826
 20
-11.2833
 10
-11.558
 20
-11.3085
 10
-11.5333
 20
-11.3337
 10
-11.5085
 20
-11.3588
 10
-11.4837
 20
-11.3839
 10
-11.4588
 20
-11.4089
 10
-11.4339
 20
-11.4339
 10
-11.4089
 20
-11.4588
 10
-11.3839
 20
-11.4837
 10
-11.3588
 20
-11.5085
 10
-11.3337
 20
-11.5333
 10
-11.3085
 20
-11.558
 10
-11.2833
 20
-11.5826
 10
-11.258
 20
-11.6072
 10
-11.2326
 20
-11.6317
 10
-11.2072
 20
-11.6562
 10
-11.1818
 20
-11.6806
 10
-11.1563
 20
-11.705
 10
-11.1307
 20
-11.7293
 10
-11.1051
 20
-11.7536
 10
-11.0794
 20
-11.7778
 10
-11.0537
 20
-11.8019
 10
-11.0279
 20
-11.826
 10
-11.0021
 20
-11.85
 10
-10.9762
 20
-11.874
 10
-10.9503
 20
-11.8979
 10
-10.9243
 20
-11.9218
 10
-10.8983
 20
-11.9456
 10
-10.8722
 20
-11.9693
 10
-10.846
 20
-11.993
 10
-10.8198
 20
-12.0167
 10
-10.7936
 20
-12.0402
 10
-10.7673
 20
-12.0637
 10
-10.741
 20
-12.0872
 10
-10.7146
 20
-12.1106
 10
-10.6881
 20
-12.134
 10
-10.6616
 20
-12.1572
 10
-10.6351
 20
-12.1805
 10
-10.6085
 20
-12.2037
 10
-10.5818
 20
-12.2268
 10
-10.5551
 20
-12.2498
 10
-10.5284
 20
-12.2728
 10
-10.5016
 20
-12.2958
 10
-10.4747
 20
-12.3186
 10
-10.4478
 20
-12.3415
 10
-10.4209
 20
-12.3642
 10
-10.3939
 20
-12.3869
 10
-10.3668
 20
-12.4096
 10
-10.3397
 20
-12.4322
 10
-10.3126
 20
-12.4547
 10
-10.2854
 20
-12.4772
 10
-10.2581
 20
-12.4996
 10
-10.2308
 20
-12.5219
 10
-10.2035
 20
-12.5442
 10
-10.1761
 20
-12.5665
 10
-10.1487
 20
-12.5886
 10
-10.1212
 20
-12.6107
 10
-10.0936
 20
-12.6328
 10
-10.0661
 20
-12.6548
 10
-10.0384
 20
-12.6767
 10
-10.0107
 20
-12.6986
 10
-9.983
 20
-12.7204
 10
-9.9552
 20
-12.7421
 10
-9.9274
 20
-12.7638
 10
-9.8996
 20
-12.7855
 10
-9.8716
 20
-12.807
 10
-9.8437
 20
-12.8285
 10
-9.8157
 20
-12.85
 10
-9.7876
 20
-12.8714
 10
-9.7595
 20
-12.8927
 10
-9.7313
 20
-12.9139
 10
-9.7032
 20
-12.9351
 10
-9.6749
 20
-12.9563
 10
-9.6466
 20
-12.9774
 10
-9.6183
 20
-12.9984
 10
-9.5899
 20
-13.0193
 10
-9.5615
 20
-13.0402
 10
-9.533
 20
-13.061
 10
-9.5045
 20
-13.0818
 10
-9.4759
 20
-13.1025
 10
-9.4473
 20
-13.1232
 10
-9.4187
 20
-13.1437
 10
-9.39
 20
-13.1642
 10
-9.3612
 20
-13.1847
 10
-9.3324
 20
-13.2051
 10
-9.3036
 20
-13.2254
 10
-9.2747
 20
-13.2457
 10
-9.2458
 20
-13.2659
 10
-9.2168
 20
-13.286
 10
-9.1878
 20
-13.3061
 10
-9.1588
 20
-13.3261
 10
-9.1297
 20
-13.3461
 10
-9.1006
 20
-13.366
 10
-9.0714
 20
-13.3858
 10
-9.0421
 20
-13.4055
 10
-9.0129
 20
-13.4252
 10
-8.9836
 20
-13.4449
 10
-8.9542
 20
-13.4644
 10
-8.9248
 20
-13.4839
 10
-8.8954
 20
-13.5034
 10
-8.8659
 20
-13.5227
 10
-8.8364
 20
-13.5421
 10
-8.8068
 20
-13.5613
 10
-8.7772
 20
-13.5805
 10
-8.7476
 20
-13.5996
 10
-8.7179
 20
-13.6187
 10
-8.6881
 20
-13.6376
 10
-8.6584
 20
-13.6566
 10
-8.6285
 20
-13.6754
 10
-8.5987
 20
-13.6942
 10
-8.5688
 20
-13.7129
 10
-8.5389
 20
-13.7316
 10
-8.5089
 20
-13.7502
 10
-8.4789
 20
-13.7687
 10
-8.4488
 20
-13.7872
 10
-8.4187
 20
-13.8056
 10
-8.3886
 20
-13.8239
 10
-8.3584
 20
-13.8422
 10
-8.3282
 20
-13.8604
 10
-8.2979
 20
-13.8785
 10
-8.2676
 20
-13.8966
 10
-8.2373
 20
-13.9146
 10
-8.2069
 20
-13.9325
 10
-8.1765
 20
-13.9504
 10
-8.146
 20
-13.9682
 10
-8.1155
 20
-13.986
 10
-8.085
 20
-14.0036
 10
-8.0544
 20
-14.0212
 10
-8.0238
 20
-14.0388
 10
-7.9932
 20
-14.0562
 10
-7.9625
 20
-14.0737
 10
-7.9318
 20
-14.091
 10
-7.901
 20
-14.1083
 10
-7.8702
 20
-14.1255
 10
-7.8394
 20
-14.1426
 10
-7.8085
 20
-14.1597
 10
-7.7776
 20
-14.1767
 10
-7.7466
 20
-14.1936
 10
-7.7157
 20
-14.2105
 10
-7.6846
 20
-14.2273
 10
-7.6536
 20
-14.244
 10
-7.6225
 20
-14.2607
 10
-7.5914
 20
-14.2773
 10
-7.5602
 20
-14.2938
 10
-7.529
 20
-14.3103
 10
-7.4977
 20
-14.3266
 10
-7.4665
 20
-14.343
 10
-7.4352
 20
-14.3592
 10
-7.4038
 20
-14.3754
 10
-7.3724
 20
-14.3915
 10
-7.341
 20
-14.4076
 10
-7.3096
 20
-14.4236
 10
-7.2781
 20
-14.4395
 10
-7.2466
 20
-14.4553
 10
-7.215
 20
-14.4711
 10
-7.1834
 20
-14.4868
 10
-7.1518
 20
-14.5024
 10
-7.1202
 20
-14.518
 10
-7.0885
 20
-14.5335
 10
-7.0567
 20
-14.5489
 10
-7.025
 20
-14.5643
 10
-6.9932
 20
-14.5796
 10
-6.9614
 20
-14.5948
 10
-6.9295
 20
-14.61
 10
-6.8976
 20
-14.625
 10
-6.8657
 20
-14.6401
 10
-6.8337
 20
-14.655
 10
-6.8017
 20
-14.6699
 10
-6.7697
 20
-14.6847
 10
-6.7377
 20
-14.6994
 10
-6.7056
 20
-14.7141
 10
-6.6735
 20
-14.7287
 10
-6.6413
 20
-14.7432
 10
-6.6091
 20
-14.7576
 10
-6.5769
 20
-14.772
 10
-6.5447
 20
-14.7863
 10
-6.5124
 20
-14.8006
 10
-6.4801
 20
-14.8148
 10
-6.4478
 20
-14.8289
 10
-6.4154
 20
-14.8429
 10
-6.383
 20
-14.8569
 10
-6.3506
 20
-14.8707
 10
-6.3181
 20
-14.8846
 10
-6.2856
 20
-14.8983
 10
-6.2531
 20
-14.912
 10
-6.2206
 20
-14.9256
 10
-6.188
 20
-14.9391
 10
-6.1554
 20
-14.9526
 10
-6.1227
 20
-14.966
 10
-6.0901
 20
-14.9793
 10
-6.0574
 20
-14.9926
 10
-6.0247
 20
-15.0057
 10
-5.9919
 20
-15.0189
 10
-5.9591
 20
-15.0319
 10
-5.9263
 20
-15.0449
 10
-5.8935
 20
-15.0577
 10
-5.8606
 20
-15.0706
 10
-5.8277
 20
-15.0833
 10
-5.7948
 20
-15.096
 10
-5.7619
 20
-15.1086
 10
-5.7289
 20
-15.1211
 10
-5.6959
 20
-15.1336
 10
-5.6629
 20
-15.146
 10
-5.6298
 20
-15.1583
 10
-5.5967
 20
-15.1706
 10
-5.5636
 20
-15.1827
 10
-5.5305
 20
-15.1948
 10
-5.4973
 20
-15.2069
 10
-5.4641
 20
-15.2188
 10
-5.4309
 20
-15.2307
 10
-5.3977
 20
-15.2425
 10
-5.3644
 20
-15.2543
 10
-5.3311
 20
-15.2659
 10
-5.2978
 20
-15.2775
 10
-5.2644
 20
-15.289
 10
-5.2311
 20
-15.3005
 10
-5.1977
 20
-15.3119
 10
-5.1643
 20
-15.3232
 10
-5.1308
 20
-15.3344
 10
-5.0973
 20
-15.3456
 10
-5.0639
 20
-15.3566
 10
-5.0303
 20
-15.3676
 10
-4.9968
 20
-15.3786
 10
-4.9632
 20
-15.3894
 10
-4.9297
 20
-15.4002
 10
-4.896
 20
-15.411
 10
-4.8624
 20
-15.4216
 10
-4.8288
 20
-15.4322
 10
-4.7951
 20
-15.4427
 10
-4.7614
 20
-15.4531
 10
-4.7277
 20
-15.4634
 10
-4.6939
 20
-15.4737
 10
-4.6601
 20
-15.4839
 10
-4.6263
 20
-15.4941
 10
-4.5925
 20
-15.5041
 10
-4.5587
 20
-15.5141
 10
-4.5248
 20
-15.524
 10
-4.491
 20
-15.5338
 10
-4.4571
 20
-15.5436
 10
-4.4231
 20
-15.5533
 10
-4.3892
 20
-15.5629
 10
-4.3552
 20
-15.5724
 10
-4.3212
 20
-15.5819
 10
-4.2872
 20
-15.5913
 10
-4.2532
 20
-15.6006
 10
-4.2192
 20
-15.6099
 10
-4.1851
 20
-15.619
 10
-4.151
 20
-15.6281
 10
-4.1169
 20
-15.6371
 10
-4.0828
 20
-15.6461
 10
-4.0486
 20
-15.6549
 10
-4.0145
 20
-15.6637
 10
-3.9803
 20
-15.6725
 10
-3.9461
 20
-15.6811
 10
-3.9119
 20
-15.6897
 10
-3.8776
 20
-15.6982
 10
-3.8434
 20
-15.7066
 10
-3.8091
 20
-15.7149
 10
-3.7748
 20
-15.7232
 10
-3.7405
 20
-15.7314
 10
-3.7062
 20
-15.7395
 10
-3.6718
 20
-15.7476
 10
-3.6375
 20
-15.7556
 10
-3.6031
 20
-15.7635
 10
-3.5687
 20
-15.7713
 10
-3.5343
 20
-15.779
 10
-3.4998
 20
-15.7867
 10
-3.4654
 20
-15.7943
 10
-3.4309
 20
-15.8018
 10
-3.3964
 20
-15.8093
 10
-3.3619
 20
-15.8166
 10
-3.3274
 20
-15.8239
 10
-3.2929
 20
-15.8312
 10
-3.2583
 20
-15.8383
 10
-3.2238
 20
-15.8454
 10
-3.1892
 20
-15.8524
 10
-3.1546
 20
-15.8593
 10
-3.12
 20
-15.8661
 10
-3.0854
 20
-15.8729
 10
-3.0507
 20
-15.8796
 10
-3.0161
 20
-15.8862
 10
-2.9814
 20
-15.8928
 10
-2.9467
 20
-15.8992
 10
-2.9121
 20
-15.9056
 10
-2.8773
 20
-15.9119
 10
-2.8426
 20
-15.9182
 10
-2.8079
 20
-15.9243
 10
-2.7731
 20
-15.9304
 10
-2.7384
 20
-15.9364
 10
-2.7036
 20
-15.9424
 10
-2.6688
 20
-15.9482
 10
-2.634
 20
-15.954
 10
-2.5992
 20
-15.9597
 10
-2.5644
 20
-15.9654
 10
-2.5295
 20
-15.9709
 10
-2.4947
 20
-15.9764
 10
-2.4598
 20
-15.9818
 10
-2.425
 20
-15.9871
 10
-2.3901
 20
-15.9924
 10
-2.3552
 20
-15.9976
 10
-2.3203
 20
-16.0027
 10
-2.2854
 20
-16.0077
 10
-2.2504
 20
-16.0126
 10
-2.2155
 20
-16.0175
 10
-2.1805
 20
-16.0223
 10
-2.1456
 20
-16.027
 10
-2.1106
 20
-16.0317
 10
-2.0756
 20
-16.0362
 10
-2.0406
 20
-16.0407
 10
-2.0056
 20
-16.0451
 10
-1.9706
 20
-16.0495
 10
-1.9356
 20
-16.0537
 10
-1.9006
 20
-16.0579
 10
-1.8655
 20
-16.062
 10
-1.8305
 20
-16.0661
 10
-1.7954
 20
-16.07
 10
-1.7604
 20
-16.0739
 10
-1.7253
 20
-16.0777
 10
-1.6902
 20
-16.0814
 10
-1.6551
 20
-16.0851
 10
-1.62
 20
-16.0886
 10
-1.5849
 20
-16.0921
 10
-1.5498
 20
-16.0956
 10
-1.5147
 20
-16.0989
 10
-1.4796
 20
-16.1022
 10
-1.4444
 20
-16.1054
 10
-1.4093
 20
-16.1085
 10
-1.3742
 20
-16.1115
 10
-1.339
 20
-16.1145
 10
-1.3038
 20
-16.1173
 10
-1.2687
 20
-16.1202
 10
-1.2335
 20
-16.1229
 10
-1.1983
 20
-16.1255
 10
-1.1632
 20
-16.1281
 10
-1.128
 20
-16.1306
 10
-1.0928
 20
-16.133
 10
-1.0576
 20
-16.1354
 10
-1.0224
 20
-16.1376
 10
-0.9872
 20
-16.1398
 10
-0.9519
 20
-16.142
 10
-0.9167
 20
-16.144
 10
-0.8815
 20
-16.146
 10
-0.8463
 20
-16.1478
 10
-0.811
 20
-16.1496
 10
-0.7758
 20
-16.1514
 10
-0.7406
 20
-16.153
 10
-0.7053
 20
-16.1546
 10
-0.6701
 20
-16.1561
 10
-0.6348
 20
-16.1575
 10
-0.5996
 20
-16.1589
 10
-0.5643
 20
-16.1601
 10
-0.5291
 20
-16.1613
 10
-0.4938
 20
-16.1625
 10
-0.4585
 20
-16.1635
 10
-0.4233
 20
-16.1645
 10
-0.388
 20
-16.1653
 10
-0.3527
 20
-16.1662
 10
-0.3175
 20
-16.1669
 10
-0.2822
 20
-16.1675
 10
-0.2469
 20
-16.1681
 10
-0.2117
 20
-16.1686
 10
-0.1764
 20
-16.169
 10
-0.1411
 20
-16.1694
 10
-0.1058
 20
-16.1697
 10
-0.0706
 20
-16.1698
 10
-0.0353
 20
-16.17
 10
0.0
 20
-16.17
 10
0.0353
 20
-16.17
 10
0.0706
 20
-16.1698
 10
0.1058
 20
-16.1697
 10
0.1411
 20
-16.1694
 10
0.1764
 20
-16.169
 10
0.2117
 20
-16.1686
 10
0.2469
 20
-16.1681
 10
0.2822
 20
-16.1675
 10
0.3175
 20
-16.1669
 10
0.3527
 20
-16.1662
 10
0.388
 20
-16.1653
 10
0.4233
 20
-16.1645
 10
0.4585
 20
-16.1635
 10
0.4938
 20
-16.1625
 10
0.5291
 20
-16.1613
 10
0.5643
 20
-16.1601
 10
0.5996
 20
-16.1589
 10
0.6348
 20
-16.1575
 10
0.6701
 20
-16.1561
 10
0.7053
 20
-16.1546
 10
0.7406
 20
-16.153
 10
0.7758
 20
-16.1514
 10
0.811
 20
-16.1496
 10
0.8463
 20
-16.1478
 10
0.8815
 20
-16.146
 10
0.9167
 20
-16.144
 10
0.9519
 20
-16.142
 10
0.9872
 20
-16.1398
 10
1.0224
 20
-16.1376
 10
1.0576
 20
-16.1354
 10
1.0928
 20
-16.133
 10
1.128
 20
-16.1306
 10
1.1632
 20
-16.1281
 10
1.1983
 20
-16.1255
 10
1.2335
 20
-16.1229
 10
1.2687
 20
-16.1202
 10
1.3038
 20
-16.1173
 10
1.339
 20
-16.1145
 10
1.3742
 20
-16.1115
 10
1.4093
 20
-16.1085
 10
1.4444
 20
-16.1054
 10
1.4796
 20
-16.1022
 10
1.5147
 20
-16.0989
 10
1.5498
 20
-16.0956
 10
1.5849
 20
-16.0921
 10
1.62
 20
-16.0886
 10
1.6551
 20
-16.0851
 10
1.6902
 20
-16.0814
 10
1.7253
 20
-16.0777
 10
1.7604
 20
-16.0739
 10
1.7954
 20
-16.07
 10
1.8305
 20
-16.0661
 10
1.8655
 20
-16.062
 10
1.9006
 20
-16.0579
 10
1.9356
 20
-16.0537
 10
1.9706
 20
-16.0495
 10
2.0056
 20
-16.0451
 10
2.0406
 20
-16.0407
 10
2.0756
 20
-16.0362
 10
2.1106
 20
-16.0317
 10
2.1456
 20
-16.027
 10
2.1805
 20
-16.0223
 10
2.2155
 20
-16.0175
 10
2.2504
 20
-16.0126
 10
2.2854
 20
-16.0077
 10
2.3203
 20
-16.0027
 10
2.3552
 20
-15.9976
 10
2.3901
 20
-15.9924
 10
2.425
 20
-15.9871
 10
2.4598
 20
-15.9818
 10
2.4947
 20
-15.9764
 10
2.5295
 20
-15.9709
 10
2.5644
 20
-15.9654
 10
2.5992
 20
-15.9597
 10
2.634
 20
-15.954
 10
2.6688
 20
-15.9482
 10
2.7036
 20
-15.9424
 10
2.7384
 20
-15.9364
 10
2.7731
 20
-15.9304
 10
2.8079
 20
-15.9243
 10
2.8426
 20
-15.9182
 10
2.8773
 20
-15.9119
 10
2.9121
 20
-15.9056
 10
2.9467
 20
-15.8992
 10
2.9814
 20
-15.8928
 10
3.0161
 20
-15.8862
 10
3.0507
 20
-15.8796
 10
3.0854
 20
-15.8729
 10
3.12
 20
-15.8661
 10
3.1546
 20
-15.8593
 10
3.1892
 20
-15.8524
 10
3.2238
 20
-15.8454
 10
3.2583
 20
-15.8383
 10
3.2929
 20
-15.8312
 10
3.3274
 20
-15.8239
 10
3.3619
 20
-15.8166
 10
3.3964
 20
-15.8093
 10
3.4309
 20
-15.8018
 10
3.4654
 20
-15.7943
 10
3.4998
 20
-15.7867
 10
3.5343
 20
-15.779
 10
3.5687
 20
-15.7713
 10
3.6031
 20
-15.7635
 10
3.6375
 20
-15.7556
 10
3.6718
 20
-15.7476
 10
3.7062
 20
-15.7395
 10
3.7405
 20
-15.7314
 10
3.7748
 20
-15.7232
 10
3.8091
 20
-15.7149
 10
3.8434
 20
-15.7066
 10
3.8776
 20
-15.6982
 10
3.9119
 20
-15.6897
 10
3.9461
 20
-15.6811
 10
3.9803
 20
-15.6725
 10
4.0145
 20
-15.6637
 10
4.0486
 20
-15.6549
 10
4.0828
 20
-15.6461
 10
4.1169
 20
-15.6371
 10
4.151
 20
-15.6281
 10
4.1851
 20
-15.619
 10
4.2192
 20
-15.6099
 10
4.2532
 20
-15.6006
 10
4.2872
 20
-15.5913
 10
4.3212
 20
-15.5819
 10
4.3552
 20
-15.5724
 10
4.3892
 20
-15.5629
 10
4.4231
 20
-15.5533
 10
4.4571
 20
-15.5436
 10
4.491
 20
-15.5338
 10
4.5248
 20
-15.524
 10
4.5587
 20
-15.5141
 10
4.5925
 20
-15.5041
 10
4.6263
 20
-15.4941
 10
4.6601
 20
-15.4839
 10
4.6939
 20
-15.4737
 10
4.7277
 20
-15.4634
 10
4.7614
 20
-15.4531
 10
4.7951
 20
-15.4427
 10
4.8288
 20
-15.4322
 10
4.8624
 20
-15.4216
 10
4.896
 20
-15.411
 10
4.9297
 20
-15.4002
 10
4.9632
 20
-15.3894
 10
4.9968
 20
-15.3786
 10
5.0303
 20
-15.3676
 10
5.0639
 20
-15.3566
 10
5.0973
 20
-15.3456
 10
5.1308
 20
-15.3344
 10
5.1643
 20
-15.3232
 10
5.1977
 20
-15.3119
 10
5.2311
 20
-15.3005
 10
5.2644
 20
-15.289
 10
5.2978
 20
-15.2775
 10
5.3311
 20
-15.2659
 10
5.3644
 20
-15.2543
 10
5.3977
 20
-15.2425
 10
5.4309
 20
-15.2307
 10
5.4641
 20
-15.2188
 10
5.4973
 20
-15.2069
 10
5.5305
 20
-15.1948
 10
5.5636
 20
-15.1827
 10
5.5967
 20
-15.1706
 10
5.6298
 20
-15.1583
 10
5.6629
 20
-15.146
 10
5.6959
 20
-15.1336
 10
5.7289
 20
-15.1211
 10
5.7619
 20
-15.1086
 10
5.7948
 20
-15.096
 10
5.8277
 20
-15.0833
 10
5.8606
 20
-15.0706
 10
5.8935
 20
-15.0577
 10
5.9263
 20
-15.0449
 10
5.9591
 20
-15.0319
 10
5.9919
 20
-15.0189
 10
6.0247
 20
-15.0057
 10
6.0574
 20
-14.9926
 10
6.0901
 20
-14.9793
 10
6.1227
 20
-14.966
 10
6.1554
 20
-14.9526
 10
6.188
 20
-14.9391
 10
6.2206
 20
-14.9256
 10
6.2531
 20
-14.912
 10
6.2856
 20
-14.8983
 10
6.3181
 20
-14.8846
 10
6.3506
 20
-14.8707
 10
6.383
 20
-14.8569
 10
6.4154
 20
-14.8429
 10
6.4478
 20
-14.8289
 10
6.4801
 20
-14.8148
 10
6.5124
 20
-14.8006
 10
6.5447
 20
-14.7863
 10
6.5769
 20
-14.772
 10
6.6091
 20
-14.7576
 10
6.6413
 20
-14.7432
 10
6.6735
 20
-14.7287
 10
6.7056
 20
-14.7141
 10
6.7377
 20
-14.6994
 10
6.7697
 20
-14.6847
 10
6.8017
 20
-14.6699
 10
6.8337
 20
-14.655
 10
6.8657
 20
-14.6401
 10
6.8976
 20
-14.625
 10
6.9295
 20
-14.61
 10
6.9614
 20
-14.5948
 10
6.9932
 20
-14.5796
 10
7.025
 20
-14.5643
 10
7.0567
 20
-14.5489
 10
7.0885
 20
-14.5335
 10
7.1202
 20
-14.518
 10
7.1518
 20
-14.5024
 10
7.1834
 20
-14.4868
 10
7.215
 20
-14.4711
 10
7.2466
 20
-14.4553
 10
7.2781
 20
-14.4395
 10
7.3096
 20
-14.4236
 10
7.341
 20
-14.4076
 10
7.3724
 20
-14.3915
 10
7.4038
 20
-14.3754
 10
7.4352
 20
-14.3592
 10
7.4665
 20
-14.343
 10
7.4977
 20
-14.3266
 10
7.529
 20
-14.3103
 10
7.5602
 20
-14.2938
 10
7.5914
 20
-14.2773
 10
7.6225
 20
-14.2607
 10
7.6536
 20
-14.244
 10
7.6846
 20
-14.2273
 10
7.7157
 20
-14.2105
 10
7.7466
 20
-14.1936
 10
7.7776
 20
-14.1767
 10
7.8085
 20
-14.1597
 10
7.8394
 20
-14.1426
 10
7.8702
 20
-14.1255
 10
7.901
 20
-14.1083
 10
7.9318
 20
-14.091
 10
7.9625
 20
-14.0737
 10
7.9932
 20
-14.0562
 10
8.0238
 20
-14.0388
 10
8.0544
 20
-14.0212
 10
8.085
 20
-14.0036
 10
8.1155
 20
-13.986
 10
8.146
 20
-13.9682
 10
8.1765
 20
-13.9504
 10
8.2069
 20
-13.9325
 10
8.2373
 20
-13.9146
 10
8.2676
 20
-13.8966
 10
8.2979
 20
-13.8785
 10
8.3282
 20
-13.8604
 10
8.3584
 20
-13.8422
 10
8.3886
 20
-13.8239
 10
8.4187
 20
-13.8056
 10
8.4488
 20
-13.7872
 10
8.4789
 20
-13.7687
 10
8.5089
 20
-13.7502
 10
8.5389
 20
-13.7316
 10
8.5688
 20
-13.7129
 10
8.5987
 20
-13.6942
 10
8.6285
 20
-13.6754
 10
8.6584
 20
-13.6566
 10
8.6881
 20
-13.6376
 10
8.7179
 20
-13.6187
 10
8.7476
 20
-13.5996
 10
8.7772
 20
-13.5805
 10
8.8068
 20
-13.5613
 10
8.8364
 20
-13.5421
 10
8.8659
 20
-13.5227
 10
8.8954
 20
-13.5034
 10
8.9248
 20
-13.4839
 10
8.9542
 20
-13.4644
 10
8.9836
 20
-13.4449
 10
9.0129
 20
-13.4252
 10
9.0421
 20
-13.4055
 10
9.0714
 20
-13.3858
 10
9.1006
 20
-13.366
 10
9.1297
 20
-13.3461
 10
9.1588
 20
-13.3261
 10
9.1878
 20
-13.3061
 10
9.2168
 20
-13.286
 10
9.2458
 20
-13.2659
 10
9.2747
 20
-13.2457
 10
9.3036
 20
-13.2254
 10
9.3324
 20
-13.2051
 10
9.3612
 20
-13.1847
 10
9.39
 20
-13.1642
 10
9.4187
 20
-13.1437
 10
9.4473
 20
-13.1232
 10
9.4759
 20
-13.1025
 10
9.5045
 20
-13.0818
 10
9.533
 20
-13.061
 10
9.5615
 20
-13.0402
 10
9.5899
 20
-13.0193
 10
9.6183
 20
-12.9984
 10
9.6466
 20
-12.9774
 10
9.6749
 20
-12.9563
 10
9.7032
 20
-12.9351
 10
9.7313
 20
-12.9139
 10
9.7595
 20
-12.8927
 10
9.7876
 20
-12.8714
 10
9.8157
 20
-12.85
 10
9.8437
 20
-12.8285
 10
9.8716
 20
-12.807
 10
9.8996
 20
-12.7855
 10
9.9274
 20
-12.7638
 10
9.9552
 20
-12.7421
 10
9.983
 20
-12.7204
 10
10.0107
 20
-12.6986
 10
10.0384
 20
-12.6767
 10
10.0661
 20
-12.6548
 10
10.0936
 20
-12.6328
 10
10.1212
 20
-12.6107
 10
10.1487
 20
-12.5886
 10
10.1761
 20
-12.5665
 10
10.2035
 20
-12.5442
 10
10.2308
 20
-12.5219
 10
10.2581
 20
-12.4996
 10
10.2854
 20
-12.4772
 10
10.3126
 20
-12.4547
 10
10.3397
 20
-12.4322
 10
10.3668
 20
-12.4096
 10
10.3939
 20
-12.3869
 10
10.4209
 20
-12.3642
 10
10.4478
 20
-12.3415
 10
10.4747
 20
-12.3186
 10
10.5016
 20
-12.2958
 10
10.5284
 20
-12.2728
 10
10.5551
 20
-12.2498
 10
10.5818
 20
-12.2268
 10
10.6085
 20
-12.2037
 10
10.6351
 20
-12.1805
 10
10.6616
 20
-12.1572
 10
10.6881
 20
-12.134
 10
10.7146
 20
-12.1106
 10
10.741
 20
-12.0872
 10
10.7673
 20
-12.0637
 10
10.7936
 20
-12.0402
 10
10.8198
 20
-12.0167
 10
10.846
 20
-11.993
 10
10.8722
 20
-11.9693
 10
10.8983
 20
-11.9456
 10
10.9243
 20
-11.9218
 10
10.9503
 20
-11.8979
 10
10.9762
 20
-11.874
 10
11.0021
 20
-11.85
 10
11.0279
 20
-11.826
 10
11.0537
 20
-11.8019
 10
11.0794
 20
-11.7778
 10
11.1051
 20
-11.7536
 10
11.1307
 20
-11.7293
 10
11.1563
 20
-11.705
 10
11.1818
 20
-11.6806
 10
11.2072
 20
-11.6562
 10
11.2326
 20
-11.6317
 10
11.258
 20
-11.6072
 10
11.2833
 20
-11.5826
 10
11.3085
 20
-11.558
 10
11.3337
 20
-11.5333
 10
11.3588
 20
-11.5085
 10
11.3839
 20
-11.4837
 10
11.4089
 20
-11.4588
 10
11.4339
 20
-11.4339
 10
11.4588
 20
-11.4089
 10
11.4837
 20
-11.3839
 10
11.5085
 20
-11.3588
 10
11.5333
 20
-11.3337
 10
11.558
 20
-11.3085
 10
11.5826
 20
-11.2833
 10
11.6072
 20
-11.258
 10
11.6317
 20
-11.2326
 10
11.6562
 20
-11.2072
 10
11.6806
 20
-11.1818
 10
11.705
 20
-11.1563
 10
11.7293
 20
-11.1307
 10
11.7536
 20
-11.1051
 10
11.7778
 20
-11.0794
 10
11.8019
 20
-11.0537
 10
11.826
 20
-11.0279
 10
11.85
 20
-11.0021
 10
11.874
 20
-10.9762
 10
11.8979
 20
-10.9503
 10
11.9218
 20
-10.9243
 10
11.9456
 20
-10.8983
 10
11.9693
 20
-10.8722
 10
11.993
 20
-10.846
 10
12.0167
 20
-10.8198
 10
12.0402
 20
-10.7936
 10
12.0637
 20
-10.7673
 10
12.0872
 20
-10.741
 10
12.1106
 20
-10.7146
 10
12.134
 20
-10.6881
 10
12.1572
 20
-10.6616
 10
12.1805
 20
-10.6351
 10
12.2037
 20
-10.6085
 10
12.2268
 20
-10.5818
 10
12.2498
 20
-10.5551
 10
12.2728
 20
-10.5284
 10
12.2958
 20
-10.5016
 10
12.3186
 20
-10.4747
 10
12.3415
 20
-10.4478
 10
12.3642
 20
-10.4209
 10
12.3869
 20
-10.3939
 10
12.4096
 20
-10.3668
 10
12.4322
 20
-10.3397
 10
12.4547
 20
-10.3126
 10
12.4772
 20
-10.2854
 10
12.4996
 20
-10.2581
 10
12.5219
 20
-10.2308
 10
12.5442
 20
-10.2035
 10
12.5665
 20
-10.1761
 10
12.5886
 20
-10.1487
 10
12.6107
 20
-10.1212
 10
12.6328
 20
-10.0936
 10
12.6548
 20
-10.0661
 10
12.6767
 20
-10.0384
 10
12.6986
 20
-10.0107
 10
12.7204
 20
-9.983
 10
12.7421
 20
-9.9552
 10
12.7638
 20
-9.9274
 10
12.7855
 20
-9.8996
 10
12.807
 20
-9.8716
 10
12.8285
 20
-9.8437
 10
12.85
 20
-9.8157
 10
12.8714
 20
-9.7876
 10
12.8927
 20
-9.7595
 10
12.9139
 20
-9.7313
 10
12.9351
 20
-9.7032
 10
12.9563
 20
-9.6749
 10
12.9774
 20
-9.6466
 10
12.9984
 20
-9.6183
 10
13.0193
 20
-9.5899
 10
13.0402
 20
-9.5615
 10
13.061
 20
-9.533
 10
13.0818
 20
-9.5045
 10
13.1025
 20
-9.4759
 10
13.1232
 20
-9.4473
 10
13.1437
 20
-9.4187
 10
13.1642
 20
-9.39
 10
13.1847
 20
-9.3612
 10
13.2051
 20
-9.3324
 10
13.2254
 20
-9.3036
 10
13.2457
 20
-9.2747
 10
13.2659
 20
-9.2458
 10
13.286
 20
-9.2168
 10
13.3061
 20
-9.1878
 10
13.3261
 20
-9.1588
 10
13.3461
 20
-9.1297
 10
13.366
 20
-9.1006
 10
13.3858
 20
-9.0714
 10
13.4055
 20
-9.0421
 10
13.4252
 20
-9.0129
 10
13.4449
 20
-8.9836
 10
13.4644
 20
-8.9542
 10
13.4839
 20
-8.9248
 10
13.5034
 20
-8.8954
 10
13.5227
 20
-8.8659
 10
13.5421
 20
-8.8364
 10
13.5613
 20
-8.8068
 10
13.5805
 20
-8.7772
 10
13.5996
 20
-8.7476
 10
13.6187
 20
-8.7179
 10
13.6376
 20
-8.6881
 10
13.6566
 20
-8.6584
 10
13.6754
 20
-8.6285
 10
13.6942
 20
-8.5987
 10
13.7129
 20
-8.5688
 10
13.7316
 20
-8.5389
 10
13.7502
 20
-8.5089
 10
13.7687
 20
-8.4789
 10
13.7872
 20
-8.4488
 10
13.8056
 20
-8.4187
 10
13.8239
 20
-8.3886
 10
13.8422
 20
-8.3584
 10
13.8604
 20
-8.3282
 10
13.8785
 20
-8.2979
 10
13.8966
 20
-8.2676
 10
13.9146
 20
-8.2373
 10
13.9325
 20
-8.2069
 10
13.9504
 20
-8.1765
 10
13.9682
 20
-8.146
 10
13.986
 20
-8.1155
 10
14.0036
 20
-8.085
 10
14.0212
 20
-8.0544
 10
14.0388
 20
-8.0238
 10
14.0562
 20
-7.9932
 10
14.0737
 20
-7.9625
 10
14.091
 20
-7.9318
 10
14.1083
 20
-7.901
 10
14.1255
 20
-7.8702
 10
14.1426
 20
-7.8394
 10
14.1597
 20
-7.8085
 10
14.1767
 20
-7.7776
 10
14.1936
 20
-7.7466
 10
14.2105
 20
-7.7157
 10
14.2273
 20
-7.6846
 10
14.244
 20
-7.6536
 10
14.2607
 20
-7.6225
 10
14.2773
 20
-7.5914
 10
14.2938
 20
-7.5602
 10
14.3103
 20
-7.529
 10
14.3266
 20
-7.4977
 10
14.343
 20
-7.4665
 10
14.3592
 20
-7.4352
 10
14.3754
 20
-7.4038
 10
14.3915
 20
-7.3724
 10
14.4076
 20
-7.341
 10
14.4236
 20
-7.3096
 10
14.4395
 20
-7.2781
 10
14.4553
 20
-7.2466
 10
14.4711
 20
-7.215
 10
14.4868
 20
-7.1834
 10
14.5024
 20
-7.1518
 10
14.518
 20
-7.1202
 10
14.5335
 20
-7.0885
 10
14.5489
 20
-7.0567
 10
14.5643
 20
-7.025
 10
14.5796
 20
-6.9932
 10
14.5948
 20
-6.9614
 10
14.61
 20
-6.9295
 10
14.625
 20
-6.8976
 10
14.6401
 20
-6.8657
 10
14.655
 20
-6.8337
 10
14.6699
 20
-6.8017
 10
14.6847
 20
-6.7697
 10
14.6994
 20
-6.7377
 10
14.7141
 20
-6.7056
 10
14.7287
 20
-6.6735
 10
14.7432
 20
-6.6413
 10
14.7576
 20
-6.6091
 10
14.772
 20
-6.5769
 10
14.7863
 20
-6.5447
 10
14.8006
 20
-6.5124
 10
14.8148
 20
-6.4801
 10
14.8289
 20
-6.4478
 10
14.8429
 20
-6.4154
 10
14.8569
 20
-6.383
 10
14.8707
 20
-6.3506
 10
14.8846
 20
-6.3181
 10
14.8983
 20
-6.2856
 10
14.912
 20
-6.2531
 10
14.9256
 20
-6.2206
 10
14.9391
 20
-6.188
 10
14.9526
 20
-6.1554
 10
14.966
 20
-6.1227
 10
14.9793
 20
-6.0901
 10
14.9926
 20
-6.0574
 10
15.0057
 20
-6.0247
 10
15.0189
 20
-5.9919
 10
15.0319
 20
-5.9591
 10
15.0449
 20
-5.9263
 10
15.0577
 20
-5.8935
 10
15.0706
 20
-5.8606
 10
15.0833
 20
-5.8277
 10
15.096
 20
-5.7948
 10
15.1086
 20
-5.7619
 10
15.1211
 20
-5.7289
 10
15.1336
 20
-5.6959
 10
15.146
 20
-5.6629
 10
15.1583
 20
-5.6298
 10
15.1706
 20
-5.5967
 10
15.1827
 20
-5.5636
 10
15.1948
 20
-5.5305
 10
15.2069
 20
-5.4973
 10
15.2188
 20
-5.4641
 10
15.2307
 20
-5.4309
 10
15.2425
 20
-5.3977
 10
15.2543
 20
-5.3644
 10
15.2659
 20
-5.3311
 10
15.2775
 20
-5.2978
 10
15.289
 20
-5.2644
 10
15.3005
 20
-5.2311
 10
15.3119
 20
-5.1977
 10
15.3232
 20
-5.1643
 10
15.3344
 20
-5.1308
 10
15.3456
 20
-5.0973
 10
15.3566
 20
-5.0639
 10
15.3676
 20
-5.0303
 10
15.3786
 20
-4.9968
 10
15.3894
 20
-4.9632
 10
15.4002
 20
-4.9297
 10
15.411
 20
-4.896
 10
15.4216
 20
-4.8624
 10
15.4322
 20
-4.8288
 10
15.4427
 20
-4.7951
 10
15.4531
 20
-4.7614
 10
15.4634
 20
-4.7277
 10
15.4737
 20
-4.6939
 10
15.4839
 20
-4.6601
 10
15.4941
 20
-4.6263
 10
15.5041
 20
-4.5925
 10
15.5141
 20
-4.5587
 10
15.524
 20
-4.5248
 10
15.5338
 20
-4.491
 10
15.5436
 20
-4.4571
 10
15.5533
 20
-4.4231
 10
15.5629
 20
-4.3892
 10
15.5724
 20
-4.3552
 10
15.5819
 20
-4.3212
 10
15.5913
 20
-4.2872
 10
15.6006
 20
-4.2532
 10
15.6099
 20
-4.2192
 10
15.619
 20
-4.1851
 10
15.6281
 20
-4.151
 10
15.6371
 20
-4.1169
 10
15.6461
 20
-4.0828
 10
15.6549
 20
-4.0486
 10
15.6637
 20
-4.0145
 10
15.6725
 20
-3.9803
 10
15.6811
 20
-3.9461
 10
15.6897
 20
-3.9119
 10
15.6982
 20
-3.8776
 10
15.7066
 20
-3.8434
 10
15.7149
 20
-3.8091
 10
15.7232
 20
-3.7748
 10
15.7314
 20
-3.7405
 10
15.7395
 20
-3.7062
 10
15.7476
 20
-3.6718
 10
15.7556
 20
-3.6375
 10
15.7635
 20
-3.6031
 10
15.7713
 20
-3.5687
 10
15.779
 20
-3.5343
 10
15.7867
 20
-3.4998
 10
15.7943
 20
-3.4654
 10
15.8018
 20
-3.4309
 10
15.8093
 20
-3.3964
 10
15.8166
 20
-3.3619
 10
15.8239
 20
-3.3274
 10
15.8312
 20
-3.2929
 10
15.8383
 20
-3.2583
 10
15.8454
 20
-3.2238
 10
15.8524
 20
-3.1892
 10
15.8593
 20
-3.1546
 10
15.8661
 20
-3.12
 10
15.8729
 20
-3.0854
 10
15.8796
 20
-3.0507
 10
15.8862
 20
-3.0161
 10
15.8928
 20
-2.9814
 10
15.8992
 20
-2.9467
 10
15.9056
 20
-2.9121
 10
15.9119
 20
-2.8773
 10
15.9182
 20
-2.8426
 10
15.9243
 20
-2.8079
 10
15.9304
 20
-2.7731
 10
15.9364
 20
-2.7384
 10
15.9424
 20
-2.7036
 10
15.9482
 20
-2.6688
 10
15.954
 20
-2.634
 10
15.9597
 20
-2.5992
 10
15.9654
 20
-2.5644
 10
15.9709
 20
-2.5295
 10
15.9764
 20
-2.4947
 10
15.9818
 20
-2.4598
 10
15.9871
 20
-2.425
 10
15.9924
 20
-2.3901
 10
15.9976
 20
-2.3552
 10
16.0027
 20
-2.3203
 10
16.0077
 20
-2.2854
 10
16.0126
 20
-2.2504
 10
16.0175
 20
-2.2155
 10
16.0223
 20
-2.1805
 10
16.027
 20
-2.1456
 10
16.0317
 20
-2.1106
 10
16.0362
 20
-2.0756
 10
16.0407
 20
-2.0406
 10
16.0451
 20
-2.0056
 10
16.0495
 20
-1.9706
 10
16.0537
 20
-1.9356
 10
16.0579
 20
-1.9006
 10
16.062
 20
-1.8655
 10
16.0661
 20
-1.8305
 10
16.07
 20
-1.7954
 10
16.0739
 20
-1.7604
 10
16.0777
 20
-1.7253
 10
16.0814
 20
-1.6902
 10
16.0851
 20
-1.6551
 10
16.0886
 20
-1.62
 10
16.0921
 20
-1.5849
 10
16.0956
 20
-1.5498
 10
16.0989
 20
-1.5147
 10
16.1022
 20
-1.4796
 10
16.1054
 20
-1.4444
 10
16.1085
 20
-1.4093
 10
16.1115
 20
-1.3742
 10
16.1145
 20
-1.339
 10
16.1173
 20
-1.3038
 10
16.1202
 20
-1.2687
 10
16.1229
 20
-1.2335
 10
16.1255
 20
-1.1983
 10
16.1281
 20
-1.1632
 10
16.1306
 20
-1.128
 10
16.133
 20
-1.0928
 10
16.1354
 20
-1.0576
 10
16.1376
 20
-1.0224
 10
16.1398
 20
-0.9872
 10
16.142
 20
-0.9519
 10
16.144
 20
-0.9167
 10
16.146
 20
-0.8815
 10
16.1478
 20
-0.8463
 10
16.1496
 20
-0.811
 10
16.1514
 20
-0.7758
 10
16.153
 20
-0.7406
 10
16.1546
 20
-0.7053
 10
16.1561
 20
-0.6701
 10
16.1575
 20
-0.6348
 10
16.1589
 20
-0.5996
 10
16.1601
 20
-0.5643
 10
16.1613
 20
-0.5291
 10
16.1625
 20
-0.4938
 10
16.1635
 20
-0.4585
 10
16.1645
 20
-0.4233
 10
16.1653
 20
-0.388
 10
16.1662
 20
-0.3527
 10
16.1669
 20
-0.3175
 10
16.1675
 20
-0.2822
 10
16.1681
 20
-0.2469
 10
16.1686
 20
-0.2117
 10
16.169
 20
-0.1764
 10
16.1694
 20
-0.1411
 10
16.1697
 20
-0.1058
 10
16.1698
 20
-0.0706
 10
16.17
 20
-0.0353
 10
16.17
 20
0.0
 10
16.17
 20
0.0353
 10
16.1698
 20
0.0706
 10
16.1697
 20
0.1058
 10
16.1694
 20
0.1411
 10
16.169
 20
0.1764
 10
16.1686
 20
0.2117
 10
16.1681
 20
0.2469
 10
16.1675
 20
0.2822
 10
16.1669
 20
0.3175
 10
16.1662
 20
0.3527
 10
16.1653
 20
0.388
 10
16.1645
 20
0.4233
 10
16.1635
 20
0.4585
 10
16.1625
 20
0.4938
  0
LWPOLYLINE
  5
102
330
17
100
AcDbEntity
  8
ALTIN
100
AcDbPolyline
 90
93
 70
1
 10
4.1293
 20
1.2582
 10
4.1264
 20
1.2575
 10
4.1235
 20
1.2572
 10
4.1205
 20
1.2571
 10
4.1175
 20
1.2573
 10
4.1146
 20
1.2578
 10
4.1117
 20
1.2587
 10
4.1089
 20
1.2597
 10
4.1063
 20
1.2611
 10
3.9896
 20
1.3285
 10
3.9872
 20
1.33
 10
3.985
 20
1.3318
 10
3.9829
 20
1.3338
 10
3.981
 20
1.336
 10
3.9793
 20
1.3383
 10
3.9779
 20
1.3408
 10
3.9767
 20
1.3434
 10
3.9758
 20
1.3461
 10
3.9751
 20
1.3489
 10
3.9747
 20
1.3518
 10
3.9575
 20
1.5453
 10
3.9574
 20
1.5483
 10
3.9576
 20
1.5514
 10
3.9581
 20
1.5544
 10
3.9589
 20
1.5574
 10
3.9601
 20
1.5602
 10
3.9614
 20
1.5629
 10
4.0405
 20
1.6998
 10
4.0421
 20
1.7023
 10
4.0439
 20
1.7046
 10
4.0459
 20
1.7067
 10
4.0482
 20
1.7086
 10
4.0506
 20
1.7103
 10
4.0532
 20
1.7117
 10
4.0559
 20
1.7129
 10
4.0587
 20
1.7138
 10
4.0616
 20
1.7144
 10
4.0645
 20
1.7147
 10
4.0674
 20
1.7148
 10
4.0704
 20
1.7145
 10
4.0733
 20
1.714
 10
4.0761
 20
1.7132
 10
4.0788
 20
1.7121
 10
4.0814
 20
1.7108
 10
4.705
 20
1.3508
 10
4.7075
 20
1.3492
 10
4.7098
 20
1.3474
 10
4.7119
 20
1.3453
 10
4.7138
 20
1.3431
 10
4.7155
 20
1.3406
 10
4.7169
 20
1.3381
 10
4.7181
 20
1.3354
 10
4.719
 20
1.3326
 10
4.7196
 20
1.3297
 10
4.7199
 20
1.3268
 10
4.72
 20
1.3238
 10
4.7197
 20
1.3209
 10
4.7192
 20
1.318
 10
4.7184
 20
1.3152
 10
4.7173
 20
1.3124
 10
4.716
 20
1.3098
 10
4.6423
 20
1.1822
 10
4.6407
 20
1.1797
 10
4.6389
 20
1.1774
 10
4.6368
 20
1.1753
 10
4.6346
 20
1.1734
 10
4.6321
 20
1.1717
 10
4.6296
 20
1.1703
 10
4.6269
 20
1.1691
 10
4.6241
 20
1.1682
 10
4.6212
 20
1.1676
 10
4.6183
 20
1.1672
 10
4.6153
 20
1.1672
 10
4.6124
 20
1.1674
 10
4.6095
 20
1.168
 10
4.6067
 20
1.1688
 10
4.6039
 20
1.1698
 10
4.6013
 20
1.1712
 10
4.1374
 20
1.439
 10
4.1512
 20
1.2898
 10
4.1513
 20
1.2869
 10
4.1511
 20
1.2839
 10
4.1506
 20
1.2809
 10
4.1499
 20
1.2781
 10
4.1488
 20
1.2753
 10
4.1475
 20
1.2726
 10
4.146
 20
1.2701
 10
4.1442
 20
1.2677
 10
4.1421
 20
1.2655
 10
4.1399
 20
1.2636
 10
4.1375
 20
1.2618
 10
4.1349
 20
1.2603
 10
4.1321
 20
1.2591
  0
LWPOLYLINE
  5
103
330
17
100
AcDbEntity
  8
ALTIN
100
AcDbPolyline
 90
93
 70
1
 10
4.3466
 20
1.6346
 10
4.3437
 20
1.6339
 10
4.3408
 20
1.6336
 10
4.3378
 20
1.6335
 10
4.3348
 20
1.6337
 10
4.3319
 20
1.6342
 10
4.329
 20
1.635
 10
4.3262
 20
1.6361
 10
4.3236
 20
1.6375
 10
4.2069
 20
1.7048
 10
4.2045
 20
1.7064
 10
4.2023
 20
1.7082
 10
4.2002
 20
1.7102
 10
4.1983
 20
1.7123
 10
4.1966
 20
1.7147
 10
4.1952
 20
1.7172
 10
4.194
 20
1.7198
 10
4.1931
 20
1.7225
 10
4.1924
 20
1.7253
 10
4.1921
 20
1.7282
 10
4.1748
 20
1.9217
 10
4.1747
 20
1.9247
 10
4.1749
 20
1.9278
 10
4.1754
 20
1.9308
 10
4.1762
 20
1.9337
 10
4.1774
 20
1.9366
 10
4.1787
 20
1.9393
 10
4.2578
 20
2.0762
 10
4.2594
 20
2.0787
 10
4.2612
 20
2.081
 10
4.2632
 20
2.0831
 10
4.2655
 20
2.085
 10
4.2679
 20
2.0867
 10
4.2705
 20
2.0881
 10
4.2732
 20
2.0893
 10
4.276
 20
2.0902
 10
4.2789
 20
2.0908
 10
4.2818
 20
2.0911
 10
4.2847
 20
2.0912
 10
4.2877
 20
2.0909
 10
4.2906
 20
2.0904
 10
4.2934
 20
2.0896
 10
4.2961
 20
2.0885
 10
4.2987
 20
2.0872
 10
4.9223
 20
1.7272
 10
4.9248
 20
1.7256
 10
4.9271
 20
1.7237
 10
4.9292
 20
1.7217
 10
4.9311
 20
1.7194
 10
4.9328
 20
1.717
 10
4.9342
 20
1.7144
 10
4.9354
 20
1.7117
 10
4.9363
 20
1.7089
 10
4.9369
 20
1.7061
 10
4.9372
 20
1.7031
 10
4.9373
 20
1.7002
 10
4.937
 20
1.6973
 10
4.9365
 20
1.6944
 10
4.9357
 20
1.6915
 10
4.9346
 20
1.6888
 10
4.9333
 20
1.6862
 10
4.8596
 20
1.5586
 10
4.858
 20
1.5561
 10
4.8562
 20
1.5538
 10
4.8541
 20
1.5517
 10
4.8519
 20
1.5498
 10
4.8494
 20
1.5481
 10
4.8469
 20
1.5466
 10
4.8442
 20
1.5455
 10
4.8414
 20
1.5446
 10
4.8385
 20
1.544
 10
4.8356
 20
1.5436
 10
4.8326
 20
1.5436
 10
4.8297
 20
1.5438
 10
4.8268
 20
1.5443
 10
4.824
 20
1.5451
 10
4.8212
 20
1.5462
 10
4.8186
 20
1.5476
 10
4.3547
 20
1.8154
 10
4.3685
 20
1.6662
 10
4.3686
 20
1.6632
 10
4.3684
 20
1.6603
 10
4.3679
 20
1.6573
 10
4.3672
 20
1.6544
 10
4.3662
 20
1.6517
 10
4.3648
 20
1.649
 10
4.3633
 20
1.6464
 10
4.3615
 20
1.6441
 10
4.3594
 20
1.6419
 10
4.3572
 20
1.6399
 10
4.3548
 20
1.6382
 10
4.3522
 20
1.6367
 10
4.3495
 20
1.6355
  0
LWPOLYLINE
  5
104
330
17
100
AcDbEntity
  8
ALTIN
100
AcDbPolyline
 90
96
 70
1
 10
5.6317
 20
2.5835
 10
5.6243
 20
2.5782
 10
5.6165
 20
2.5733
 10
5.6084
 20
2.569
 10
5.6001
 20
2.5652
 10
5.5915
 20
2.562
 10
5.5827
 20
2.5594
 10
5.5738
 20
2.5573
 10
5.5648
 20
2.5558
 10
5.5556
 20
2.5549
 10
5.5465
 20
2.5546
 10
5.5373
 20
2.5549
 10
5.5282
 20
2.5558
 10
5.5192
 20
2.5573
 10
5.5102
 20
2.5594
 10
5.5015
 20
2.562
 10
5.4929
 20
2.5652
 10
5.4846
 20
2.569
 10
5.4765
 20
2.5733
 10
5.4687
 20
2.5782
 10
5.4613
 20
2.5835
 10
5.4542
 20
2.5893
 10
5.4475
 20
2.5956
 10
5.4412
 20
2.6023
 10
5.4354
 20
2.6094
 10
5.4301
 20
2.6168
 10
5.4252
 20
2.6246
 10
5.4209
 20
2.6327
 10
5.4171
 20
2.641
 10
5.4139
 20
2.6496
 10
5.4113
 20
2.6584
 10
5.4092
 20
2.6673
 10
5.4077
 20
2.6763
 10
5.4068
 20
2.6854
 10
5.4065
 20
2.6946
 10
5.4068
 20
2.7037
 10
5.4077
 20
2.7129
 10
5.4092
 20
2.7219
 10
5.4113
 20
2.7308
 10
5.4139
 20
2.7396
 10
5.4171
 20
2.7482
 10
5.4209
 20
2.7565
 10
5.4252
 20
2.7646
 10
5.4301
 20
2.7724
 10
5.4354
 20
2.7798
 10
5.4412
 20
2.7869
 10
5.4475
 20
2.7936
 10
5.4542
 20
2.7998
 10
5.4613
 20
2.8057
 10
5.4687
 20
2.811
 10
5.4765
 20
2.8158
 10
5.4846
 20
2.8201
 10
5.4929
 20
2.8239
 10
5.5015
 20
2.8272
 10
5.5102
 20
2.8298
 10
5.5192
 20
2.8319
 10
5.5282
 20
2.8334
 10
5.5373
 20
2.8343
 10
5.5465
 20
2.8346
 10
5.5556
 20
2.8343
 10
5.5648
 20
2.8334
 10
5.5738
 20
2.8319
 10
5.5827
 20
2.8298
 10
5.5915
 20
2.8272
 10
5.6001
 20
2.8239
 10
5.6084
 20
2.8201
 10
5.6165
 20
2.8158
 10
5.6243
 20
2.811
 10
5.6317
 20
2.8057
 10
5.6388
 20
2.7998
 10
5.6455
 20
2.7936
 10
5.6517
 20
2.7869
 10
5.6575
 20
2.7798
 10
5.6629
 20
2.7724
 10
5.6677
 20
2.7646
 10
5.672
 20
2.7565
 10
5.6758
 20
2.7482
 10
5.6791
 20
2.7396
 10
5.6817
 20
2.7308
 10
5.6838
 20
2.7219
 10
5.6853
 20
2.7129
 10
5.6862
 20
2.7037
 10
5.6865
 20
2.6946
 10
5.6862
 20
2.6854
 10
5.6853
 20
2.6763
 10
5.6838
 20
2.6673
 10
5.6817
 20
2.6584
 10
5.6791
 20
2.6496
 10
5.6758
 20
2.641
 10
5.672
 20
2.6327
 10
5.6677
 20
2.6246
 10
5.6629
 20
2.6168
 10
5.6575
 20
2.6094
 10
5.6517
 20
2.6023
 10
5.6455
 20
2.5956
 10
5.6388
 20
2.5893
  0
LWPOLYLINE
  5
105
330
17
100
AcDbEntity
  8
ALTIN
100
AcDbPolyline
 90
93
 70
1
 10
6.9249
 20
3.2017
 10
6.9227
 20
3.2037
 10
6.9207
 20
3.2059
 10
6.9189
 20
3.2083
 10
6.9173
 20
3.2108
 10
6.916
 20
3.2135
 10
6.915
 20
3.2163
 10
6.9143
 20
3.2192
 10
6.9138
 20
3.2221
 10
6.9137
 20
3.2251
 10
6.9137
 20
3.3598
 10
6.9138
 20
3.3627
 10
6.9142
 20
3.3655
 10
6.9149
 20
3.3683
 10
6.9159
 20
3.371
 10
6.9171
 20
3.3736
 10
6.9185
 20
3.3761
 10
6.9202
 20
3.3784
 10
6.9221
 20
3.3806
 10
6.9242
 20
3.3826
 10
6.9265
 20
3.3843
 10
7.0854
 20
3.496
 10
7.088
 20
3.4976
 10
7.0908
 20
3.499
 10
7.0936
 20
3.5
 10
7.0966
 20
3.5008
 10
7.0996
 20
3.5013
 10
7.1027
 20
3.5014
 10
7.2607
 20
3.5014
 10
7.2636
 20
3.5013
 10
7.2666
 20
3.5009
 10
7.2694
 20
3.5001
 10
7.2722
 20
3.4992
 10
7.2748
 20
3.4979
 10
7.2774
 20
3.4964
 10
7.2797
 20
3.4946
 10
7.2819
 20
3.4927
 10
7.2839
 20
3.4905
 10
7.2856
 20
3.4881
 10
7.2872
 20
3.4856
 10
7.2884
 20
3.4829
 10
7.2894
 20
3.4801
 10
7.2901
 20
3.4773
 10
7.2906
 20
3.4744
 10
7.2907
 20
3.4714
 10
7.2907
 20
2.7514
 10
7.2906
 20
2.7485
 10
7.2901
 20
2.7456
 10
7.2894
 20
2.7427
 10
7.2884
 20
2.74
 10
7.2872
 20
2.7373
 10
7.2856
 20
2.7348
 10
7.2839
 20
2.7324
 10
7.2819
 20
2.7302
 10
7.2797
 20
2.7282
 10
7.2774
 20
2.7265
 10
7.2748
 20
2.725
 10
7.2722
 20
2.7237
 10
7.2694
 20
2.7227
 10
7.2666
 20
2.722
 10
7.2636
 20
2.7216
 10
7.2607
 20
2.7214
 10
7.1133
 20
2.7214
 10
7.1104
 20
2.7216
 10
7.1075
 20
2.722
 10
7.1046
 20
2.7227
 10
7.1019
 20
2.7237
 10
7.0992
 20
2.725
 10
7.0967
 20
2.7265
 10
7.0943
 20
2.7282
 10
7.0921
 20
2.7302
 10
7.0901
 20
2.7324
 10
7.0884
 20
2.7348
 10
7.0869
 20
2.7373
 10
7.0856
 20
2.74
 10
7.0846
 20
2.7427
 10
7.0839
 20
2.7456
 10
7.0835
 20
2.7485
 10
7.0833
 20
2.7514
 10
7.0833
 20
3.2871
 10
6.961
 20
3.2006
 10
6.9585
 20
3.199
 10
6.9558
 20
3.1977
 10
6.9531
 20
3.1966
 10
6.9502
 20
3.1958
 10
6.9472
 20
3.1953
 10
6.9443
 20
3.1951
 10
6.9413
 20
3.1952
 10
6.9383
 20
3.1956
 10
6.9354
 20
3.1963
 10
6.9326
 20
3.1972
 10
6.9299
 20
3.1985
 10
6.9273
 20
3.2
  0
LWPOLYLINE
  5
106
330
17
100
AcDbEntity
  8
ALTIN
100
AcDbPolyline
 90
4
 70
1
 10
7.95
 20
13.7698
 10
7.224
 20
11.5334
 10
6.259
 20
10.8409
 10
6.3762
 20
12.0229
  0
LWPOLYLINE
  5
107
330
17
100
AcDbEntity
  8
ALTIN
100
AcDbPolyline
 90
156
 70
1
 10
0.3837
 20
12.9096
 10
0.3837
 20
12.9477
 10
0.3839
 20
12.9517
 10
0.3845
 20
12.9555
 10
0.3855
 20
12.9594
 10
0.3868
 20
12.9631
 10
0.3885
 20
12.9666
 10
0.3905
 20
12.97
 10
0.3928
 20
12.9731
 10
0.3955
 20
12.976
 10
0.3984
 20
12.9787
 10
0.4015
 20
12.981
 10
0.4049
 20
12.983
 10
0.4084
 20
12.9847
 10
0.4121
 20
12.986
 10
0.4159
 20
12.987
 10
0.4198
 20
12.9876
 10
0.4237
 20
12.9877
 10
0.4694
 20
12.9877
 10
0.5493
 20
13.0031
 10
0.6138
 20
13.047
 10
0.6592
 20
13.1123
 10
0.677
 20
13.1923
 10
0.677
 20
15.2969
 10
0.6592
 20
15.3766
 10
0.6138
 20
15.4417
 10
0.5492
 20
15.486
 10
0.4694
 20
15.5015
 10
0.4237
 20
15.5015
 10
0.4198
 20
15.5016
 10
0.4159
 20
15.5022
 10
0.4121
 20
15.5032
 10
0.4084
 20
15.5045
 10
0.4049
 20
15.5062
 10
0.4015
 20
15.5082
 10
0.3984
 20
15.5105
 10
0.3955
 20
15.5132
 10
0.3928
 20
15.5161
 10
0.3905
 20
15.5192
 10
0.3885
 20
15.5226
 10
0.3868
 20
15.5261
 10
0.3855
 20
15.5298
 10
0.3845
 20
15.5337
 10
0.3839
 20
15.5375
 10
0.3837
 20
15.5415
 10
0.3837
 20
15.5796
 10
0.3839
 20
15.5835
 10
0.3845
 20
15.5874
 10
0.3855
 20
15.5912
 10
0.3868
 20
15.5949
 10
0.3885
 20
15.5985
 10
0.3905
 20
15.6018
 10
0.3928
 20
15.605
 10
0.3955
 20
15.6079
 10
0.3984
 20
15.6105
 10
0.4015
 20
15.6129
 10
0.4049
 20
15.6149
 10
0.4084
 20
15.6166
 10
0.4121
 20
15.6179
 10
0.4159
 20
15.6188
 10
0.4198
 20
15.6194
 10
0.4237
 20
15.6196
 10
1.3654
 20
15.6196
 10
1.3693
 20
15.6194
 10
1.3732
 20
15.6188
 10
1.377
 20
15.6179
 10
1.3807
 20
15.6166
 10
1.3843
 20
15.6149
 10
1.3876
 20
15.6129
 10
1.3908
 20
15.6105
 10
1.3937
 20
15.6079
 10
1.3963
 20
15.605
 10
1.3987
 20
15.6018
 10
1.4007
 20
15.5985
 10
1.4024
 20
15.5949
 10
1.4037
 20
15.5912
 10
1.4046
 20
15.5874
 10
1.4052
 20
15.5835
 10
1.4054
 20
15.5796
 10
1.4054
 20
15.5415
 10
1.4052
 20
15.5375
 10
1.4046
 20
15.5337
 10
1.4037
 20
15.5298
 10
1.4024
 20
15.5261
 10
1.4007
 20
15.5226
 10
1.3987
 20
15.5192
 10
1.3963
 20
15.5161
 10
1.3937
 20
15.5132
 10
1.3908
 20
15.5105
 10
1.3876
 20
15.5082
 10
1.3843
 20
15.5062
 10
1.3807
 20
15.5045
 10
1.377
 20
15.5032
 10
1.3732
 20
15.5022
 10
1.3693
 20
15.5016
 10
1.3654
 20
15.5015
 10
1.3198
 20
15.5015
 10
1.2397
 20
15.486
 10
1.1747
 20
15.4417
 10
1.1298
 20
15.3768
 10
1.1122
 20
15.2969
 10
1.1122
 20
13.1923
 10
1.1298
 20
13.1122
 10
1.1747
 20
13.047
 10
1.2396
 20
13.0031
 10
1.3197
 20
12.9877
 10
1.3654
 20
12.9877
 10
1.3693
 20
12.9876
 10
1.3732
 20
12.987
 10
1.377
 20
12.986
 10
1.3807
 20
12.9847
 10
1.3843
 20
12.983
 10
1.3876
 20
12.981
 10
1.3908
 20
12.9787
 10
1.3937
 20
12.976
 10
1.3963
 20
12.9731
 10
1.3987
 20
12.97
 10
1.4007
 20
12.9666
 10
1.4024
 20
12.9631
 10
1.4037
 20
12.9594
 10
1.4046
 20
12.9555
 10
1.4052
 20
12.9517
 10
1.4054
 20
12.9477
 10
1.4054
 20
12.9096
 10
1.4052
 20
12.9057
 10
1.4046
 20
12.9018
 10
1.4037
 20
12.898
 10
1.4024
 20
12.8943
 10
1.4007
 20
12.8907
 10
1.3987
 20
12.8874
 10
1.3963
 20
12.8842
 10
1.3937
 20
12.8813
 10
1.3908
 20
12.8787
 10
1.3876
 20
12.8763
 10
1.3843
 20
12.8743
 10
1.3807
 20
12.8726
 10
1.377
 20
12.8713
 10
1.3732
 20
12.8704
 10
1.3693
 20
12.8698
 10
1.3654
 20
12.8696
 10
0.4237
 20
12.8696
 10
0.4198
 20
12.8698
 10
0.4159
 20
12.8704
 10
0.4121
 20
12.8713
 10
0.4084
 20
12.8726
 10
0.4049
 20
12.8743
 10
0.4015
 20
12.8763
 10
0.3984
 20
12.8787
 10
0.3955
 20
12.8813
 10
0.3928
 20
12.8842
 10
0.3905
 20
12.8874
 10
0.3885
 20
12.8907
 10
0.3868
 20
12.8943
 10
0.3855
 20
12.898
 10
0.3845
 20
12.9018
 10
0.3839
 20
12.9057
  0
LWPOLYLINE
  5
108
330
17
100
AcDbEntity
  8
ALTIN
100
AcDbPolyline
 90
325
 70
1
 10
-2.6301
 20
15.5192
 10
-2.6321
 20
15.5226
 10
-2.6338
 20
15.5261
 10
-2.6351
 20
15.5298
 10
-2.6361
 20
15.5337
 10
-2.6366
 20
15.5375
 10
-2.6368
 20
15.5415
 10
-2.6368
 20
15.5796
 10
-2.6366
 20
15.5835
 10
-2.6361
 20
15.5874
 10
-2.6351
 20
15.5912
 10
-2.6338
 20
15.5949
 10
-2.6321
 20
15.5985
 10
-2.6301
 20
15.6018
 10
-2.6278
 20
15.605
 10
-2.6251
 20
15.6079
 10
-2.6222
 20
15.6105
 10
-2.6191
 20
15.6129
 10
-2.6157
 20
15.6149
 10
-2.6121
 20
15.6166
 10
-2.6084
 20
15.6179
 10
-2.6046
 20
15.6188
 10
-2.6008
 20
15.6194
 10
-2.5968
 20
15.6196
 10
-1.5479
 20
15.6196
 10
-1.544
 20
15.6194
 10
-1.5401
 20
15.6188
 10
-1.5363
 20
15.6179
 10
-1.5326
 20
15.6166
 10
-1.529
 20
15.6149
 10
-1.5257
 20
15.6129
 10
-1.5225
 20
15.6105
 10
-1.5196
 20
15.6079
 10
-1.517
 20
15.605
 10
-1.5146
 20
15.6018
 10
-1.5126
 20
15.5985
 10
-1.5109
 20
15.5949
 10
-1.5096
 20
15.5912
 10
-1.5087
 20
15.5874
 10
-1.5081
 20
15.5835
 10
-1.5079
 20
15.5796
 10
-1.5079
 20
15.5415
 10
-1.5081
 20
15.5375
 10
-1.5087
 20
15.5337
 10
-1.5096
 20
15.5298
 10
-1.5109
 20
15.5261
 10
-1.5126
 20
15.5226
 10
-1.5146
 20
15.5192
 10
-1.517
 20
15.5161
 10
-1.5196
 20
15.5132
 10
-1.5225
 20
15.5105
 10
-1.5257
 20
15.5082
 10
-1.529
 20
15.5062
 10
-1.5326
 20
15.5045
 10
-1.5363
 20
15.5032
 10
-1.5401
 20
15.5022
 10
-1.544
 20
15.5016
 10
-1.5479
 20
15.5015
 10
-1.5902
 20
15.5015
 10
-1.6305
 20
15.4943
 10
-1.6651
 20
15.4739
 10
-1.6921
 20
15.443
 10
-1.7065
 20
15.4056
 10
-1.7071
 20
15.3656
 10
-1.6898
 20
15.3187
 10
-1.6886
 20
15.315
 10
-1.6881
 20
15.3128
 10
-1.2229
 20
14.587
 10
-0.7569
 20
15.3204
 10
-0.7381
 20
15.3662
 10
-0.739
 20
15.4051
 10
-0.7543
 20
15.443
 10
-0.781
 20
15.4743
 10
-0.8138
 20
15.4943
 10
-0.8536
 20
15.5015
 10
-0.8959
 20
15.5015
 10
-0.8998
 20
15.5017
 10
-0.9037
 20
15.5022
 10
-0.9075
 20
15.5032
 10
-0.9113
 20
15.5045
 10
-0.9148
 20
15.5062
 10
-0.9182
 20
15.5082
 10
-0.9213
 20
15.5106
 10
-0.9243
 20
15.5132
 10
-0.9269
 20
15.5162
 10
-0.9292
 20
15.5193
 10
-0.9312
 20
15.5227
 10
-0.9329
 20
15.5263
 10
-0.9342
 20
15.53
 10
-0.9352
 20
15.5338
 10
-0.9357
 20
15.5377
 10
-0.9393
 20
15.5759
 10
-0.9395
 20
15.5798
 10
-0.9393
 20
15.5837
 10
-0.9387
 20
15.5876
 10
-0.9377
 20
15.5913
 10
-0.9364
 20
15.595
 10
-0.9347
 20
15.5986
 10
-0.9327
 20
15.6019
 10
-0.9303
 20
15.6051
 10
-0.9277
 20
15.6079
 10
-0.9248
 20
15.6106
 10
-0.9216
 20
15.6129
 10
-0.9183
 20
15.6149
 10
-0.9147
 20
15.6166
 10
-0.9111
 20
15.6179
 10
-0.9073
 20
15.6188
 10
-0.9034
 20
15.6194
 10
-0.8995
 20
15.6196
 10
-0.0144
 20
15.6196
 10
-0.0105
 20
15.6194
 10
-0.0066
 20
15.6188
 10
-0.0028
 20
15.6179
 10
0.0009
 20
15.6166
 10
0.0044
 20
15.6149
 10
0.0078
 20
15.6129
 10
0.0109
 20
15.6105
 10
0.0138
 20
15.6079
 10
0.0165
 20
15.605
 10
0.0188
 20
15.6018
 10
0.0208
 20
15.5985
 10
0.0225
 20
15.5949
 10
0.0238
 20
15.5912
 10
0.0248
 20
15.5874
 10
0.0254
 20
15.5835
 10
0.0256
 20
15.5796
 10
0.0256
 20
15.5415
 10
0.0254
 20
15.5375
 10
0.0248
 20
15.5337
 10
0.0238
 20
15.5298
 10
0.0225
 20
15.5261
 10
0.0208
 20
15.5226
 10
0.0188
 20
15.5192
 10
0.0165
 20
15.5161
 10
0.0138
 20
15.5132
 10
0.0109
 20
15.5105
 10
0.0078
 20
15.5082
 10
0.0044
 20
15.5062
 10
0.0009
 20
15.5045
 10
-0.0028
 20
15.5032
 10
-0.0066
 20
15.5022
 10
-0.0105
 20
15.5016
 10
-0.0144
 20
15.5015
 10
-0.0651
 20
15.5015
 10
-0.1699
 20
15.4857
 10
-0.2659
 20
15.4389
 10
-0.3515
 20
15.3704
 10
-0.4172
 20
15.2963
 10
-1.0647
 20
14.3403
 10
-0.3275
 20
13.1903
 10
-0.2626
 20
13.1156
 10
-0.177
 20
13.0488
 10
-0.0794
 20
13.0032
 10
0.0266
 20
12.9877
 10
0.0767
 20
12.9877
 10
0.0807
 20
12.9876
 10
0.0845
 20
12.987
 10
0.0884
 20
12.986
 10
0.0921
 20
12.9847
 10
0.0956
 20
12.983
 10
0.099
 20
12.981
 10
0.1021
 20
12.9787
 10
0.105
 20
12.976
 10
0.1077
 20
12.9731
 10
0.11
 20
12.97
 10
0.112
 20
12.9666
 10
0.1137
 20
12.9631
 10
0.115
 20
12.9594
 10
0.116
 20
12.9555
 10
0.1166
 20
12.9517
 10
0.1167
 20
12.9477
 10
0.1167
 20
12.9096
 10
0.1166
 20
12.9057
 10
0.116
 20
12.9018
 10
0.115
 20
12.898
 10
0.1137
 20
12.8943
 10
0.112
 20
12.8907
 10
0.11
 20
12.8874
 10
0.1077
 20
12.8842
 10
0.105
 20
12.8813
 10
0.1021
 20
12.8787
 10
0.099
 20
12.8763
 10
0.0956
 20
12.8743
 10
0.0921
 20
12.8726
 10
0.0884
 20
12.8713
 10
0.0845
 20
12.8704
 10
0.0807
 20
12.8698
 10
0.0767
 20
12.8696
 10
-0.9793
 20
12.8696
 10
-0.9833
 20
12.8698
 10
-0.9871
 20
12.8704
 10
-0.9909
 20
12.8713
 10
-0.9946
 20
12.8726
 10
-0.9982
 20
12.8743
 10
-1.0016
 20
12.8763
 10
-1.0047
 20
12.8787
 10
-1.0076
 20
12.8813
 10
-1.0103
 20
12.8842
 10
-1.0126
 20
12.8874
 10
-1.0146
 20
12.8907
 10
-1.0163
 20
12.8943
 10
-1.0176
 20
12.898
 10
-1.0186
 20
12.9018
 10
-1.0191
 20
12.9057
 10
-1.0193
 20
12.9096
 10
-1.0193
 20
12.9477
 10
-1.0191
 20
12.9517
 10
-1.0186
 20
12.9555
 10
-1.0176
 20
12.9594
 10
-1.0163
 20
12.9631
 10
-1.0146
 20
12.9666
 10
-1.0126
 20
12.97
 10
-1.0103
 20
12.9731
 10
-1.0076
 20
12.976
 10
-1.0047
 20
12.9787
 10
-1.0016
 20
12.981
 10
-0.9982
 20
12.983
 10
-0.9946
 20
12.9847
 10
-0.9909
 20
12.986
 10
-0.9871
 20
12.987
 10
-0.9833
 20
12.9876
 10
-0.9793
 20
12.9877
 10
-0.9352
 20
12.9877
 10
-0.8806
 20
13.0026
 10
-0.8372
 20
13.0457
 10
-0.8179
 20
13.103
 10
-0.8389
 20
13.1729
 10
-0.8395
 20
13.1753
 10
-1.3657
 20
14.0
 10
-1.911
 20
13.1614
 10
-1.9262
 20
13.1235
 10
-1.9243
 20
13.0848
 10
-1.9074
 20
13.0471
 10
-1.8791
 20
13.0153
 10
-1.845
 20
12.9948
 10
-1.8076
 20
12.9877
 10
-1.7613
 20
12.9877
 10
-1.7573
 20
12.9876
 10
-1.7535
 20
12.987
 10
-1.7497
 20
12.986
 10
-1.746
 20
12.9847
 10
-1.7424
 20
12.983
 10
-1.739
 20
12.981
 10
-1.7359
 20
12.9787
 10
-1.733
 20
12.976
 10
-1.7303
 20
12.9731
 10
-1.728
 20
12.97
 10
-1.726
 20
12.9666
 10
-1.7243
 20
12.9631
 10
-1.723
 20
12.9594
 10
-1.722
 20
12.9555
 10
-1.7215
 20
12.9517
 10
-1.7213
 20
12.9477
 10
-1.7213
 20
12.9096
 10
-1.7215
 20
12.9057
 10
-1.722
 20
12.9018
 10
-1.723
 20
12.898
 10
-1.7243
 20
12.8943
 10
-1.726
 20
12.8907
 10
-1.728
 20
12.8874
 10
-1.7303
 20
12.8842
 10
-1.733
 20
12.8813
 10
-1.7359
 20
12.8787
 10
-1.739
 20
12.8763
 10
-1.7424
 20
12.8743
 10
-1.746
 20
12.8726
 10
-1.7497
 20
12.8713
 10
-1.7535
 20
12.8704
 10
-1.7573
 20
12.8698
 10
-1.7613
 20
12.8696
 10
-2.654
 20
12.8696
 10
-2.658
 20
12.8698
 10
-2.6619
 20
12.8704
 10
-2.6657
 20
12.8713
 10
-2.6694
 20
12.8726
 10
-2.6729
 20
12.8743
 10
-2.6763
 20
12.8763
 10
-2.6794
 20
12.8787
 10
-2.6823
 20
12.8813
 10
-2.685
 20
12.8842
 10
-2.6873
 20
12.8874
 10
-2.6893
 20
12.8907
 10
-2.691
 20
12.8943
 10
-2.6923
 20
12.898
 10
-2.6933
 20
12.9018
 10
-2.6939
 20
12.9057
 10
-2.694
 20
12.9096
 10
-2.694
 20
12.9477
 10
-2.6939
 20
12.9517
 10
-2.6933
 20
12.9555
 10
-2.6923
 20
12.9594
 10
-2.691
 20
12.9631
 10
-2.6893
 20
12.9666
 10
-2.6873
 20
12.97
 10
-2.685
 20
12.9731
 10
-2.6823
 20
12.976
 10
-2.6794
 20
12.9787
 10
-2.6763
 20
12.981
 10
-2.6729
 20
12.983
 10
-2.6694
 20
12.9847
 10
-2.6657
 20
12.986
 10
-2.6619
 20
12.987
 10
-2.658
 20
12.9876
 10
-2.654
 20
12.9877
 10
-2.6033
 20
12.9877
 10
-2.4952
 20
13.0036
 10
-2.397
 20
13.0504
 10
-2.3111
 20
13.1187
 10
-2.2518
 20
13.1879
 10
-1.5265
 20
14.2519
 10
-2.1903
 20
15.2922
 10
-2.2571
 20
15.3707
 10
-2.3418
 20
15.4389
 10
-2.4386
 20
15.4856
 10
-2.5461
 20
15.5015
 10
-2.5968
 20
15.5015
 10
-2.6008
 20
15.5016
 10
-2.6046
 20
15.5022
 10
-2.6084
 20
15.5032
 10
-2.6121
 20
15.5045
 10
-2.6157
 20
15.5062
 10
-2.6191
 20
15.5082
 10
-2.6222
 20
15.5105
 10
-2.6251
 20
15.5132
 10
-2.6278
 20
15.5161
  0
LWPOLYLINE
  5
109
330
17
100
AcDbEntity
  8
ALTIN
100
AcDbPolyline
 90
156
 70
1
 10
1.6724
 20
12.9096
 10
1.6724
 20
12.9477
 10
1.6726
 20
12.9517
 10
1.6732
 20
12.9555
 10
1.6741
 20
12.9594
 10
1.6754
 20
12.9631
 10
1.6771
 20
12.9666
 10
1.6791
 20
12.97
 10
1.6815
 20
12.9731
 10
1.6841
 20
12.976
 10
1.687
 20
12.9787
 10
1.6902
 20
12.981
 10
1.6935
 20
12.983
 10
1.6971
 20
12.9847
 10
1.7008
 20
12.986
 10
1.7046
 20
12.987
 10
1.7085
 20
12.9876
 10
1.7124
 20
12.9877
 10
1.7581
 20
12.9877
 10
1.838
 20
13.0031
 10
1.9025
 20
13.047
 10
1.9479
 20
13.1123
 10
1.9656
 20
13.1923
 10
1.9656
 20
15.2969
 10
1.9479
 20
15.3766
 10
1.9025
 20
15.4417
 10
1.8379
 20
15.486
 10
1.758
 20
15.5015
 10
1.7124
 20
15.5015
 10
1.7085
 20
15.5016
 10
1.7046
 20
15.5022
 10
1.7008
 20
15.5032
 10
1.6971
 20
15.5045
 10
1.6935
 20
15.5062
 10
1.6902
 20
15.5082
 10
1.687
 20
15.5105
 10
1.6841
 20
15.5132
 10
1.6815
 20
15.5161
 10
1.6791
 20
15.5192
 10
1.6771
 20
15.5226
 10
1.6754
 20
15.5261
 10
1.6741
 20
15.5298
 10
1.6732
 20
15.5337
 10
1.6726
 20
15.5375
 10
1.6724
 20
15.5415
 10
1.6724
 20
15.5796
 10
1.6726
 20
15.5835
 10
1.6732
 20
15.5874
 10
1.6741
 20
15.5912
 10
1.6754
 20
15.5949
 10
1.6771
 20
15.5985
 10
1.6791
 20
15.6018
 10
1.6815
 20
15.605
 10
1.6841
 20
15.6079
 10
1.687
 20
15.6105
 10
1.6902
 20
15.6129
 10
1.6935
 20
15.6149
 10
1.6971
 20
15.6166
 10
1.7008
 20
15.6179
 10
1.7046
 20
15.6188
 10
1.7085
 20
15.6194
 10
1.7124
 20
15.6196
 10
2.654
 20
15.6196
 10
2.658
 20
15.6194
 10
2.6619
 20
15.6188
 10
2.6657
 20
15.6179
 10
2.6694
 20
15.6166
 10
2.6729
 20
15.6149
 10
2.6763
 20
15.6129
 10
2.6794
 20
15.6105
 10
2.6823
 20
15.6079
 10
2.685
 20
15.605
 10
2.6873
 20
15.6018
 10
2.6893
 20
15.5985
 10
2.691
 20
15.5949
 10
2.6923
 20
15.5912
 10
2.6933
 20
15.5874
 10
2.6939
 20
15.5835
 10
2.694
 20
15.5796
 10
2.694
 20
15.5415
 10
2.6939
 20
15.5375
 10
2.6933
 20
15.5337
 10
2.6923
 20
15.5298
 10
2.691
 20
15.5261
 10
2.6893
 20
15.5226
 10
2.6873
 20
15.5192
 10
2.685
 20
15.5161
 10
2.6823
 20
15.5132
 10
2.6794
 20
15.5105
 10
2.6763
 20
15.5082
 10
2.6729
 20
15.5062
 10
2.6694
 20
15.5045
 10
2.6657
 20
15.5032
 10
2.6619
 20
15.5022
 10
2.658
 20
15.5016
 10
2.654
 20
15.5015
 10
2.6084
 20
15.5015
 10
2.5284
 20
15.486
 10
2.4634
 20
15.4417
 10
2.4185
 20
15.3768
 10
2.4008
 20
15.2969
 10
2.4008
 20
13.1923
 10
2.4185
 20
13.1122
 10
2.4634
 20
13.047
 10
2.5283
 20
13.0031
 10
2.6084
 20
12.9877
 10
2.654
 20
12.9877
 10
2.658
 20
12.9876
 10
2.6619
 20
12.987
 10
2.6657
 20
12.986
 10
2.6694
 20
12.9847
 10
2.6729
 20
12.983
 10
2.6763
 20
12.981
 10
2.6794
 20
12.9787
 10
2.6823
 20
12.976
 10
2.685
 20
12.9731
 10
2.6873
 20
12.97
 10
2.6893
 20
12.9666
 10
2.691
 20
12.9631
 10
2.6923
 20
12.9594
 10
2.6933
 20
12.9555
 10
2.6939
 20
12.9517
 10
2.694
 20
12.9477
 10
2.694
 20
12.9096
 10
2.6939
 20
12.9057
 10
2.6933
 20
12.9018
 10
2.6923
 20
12.898
 10
2.691
 20
12.8943
 10
2.6893
 20
12.8907
 10
2.6873
 20
12.8874
 10
2.685
 20
12.8842
 10
2.6823
 20
12.8813
 10
2.6794
 20
12.8787
 10
2.6763
 20
12.8763
 10
2.6729
 20
12.8743
 10
2.6694
 20
12.8726
 10
2.6657
 20
12.8713
 10
2.6619
 20
12.8704
 10
2.658
 20
12.8698
 10
2.654
 20
12.8696
 10
1.7124
 20
12.8696
 10
1.7085
 20
12.8698
 10
1.7046
 20
12.8704
 10
1.7008
 20
12.8713
 10
1.6971
 20
12.8726
 10
1.6935
 20
12.8743
 10
1.6902
 20
12.8763
 10
1.687
 20
12.8787
 10
1.6841
 20
12.8813
 10
1.6815
 20
12.8842
 10
1.6791
 20
12.8874
 10
1.6771
 20
12.8907
 10
1.6754
 20
12.8943
 10
1.6741
 20
12.898
 10
1.6732
 20
12.9018
 10
1.6726
 20
12.9057
  0
LWPOLYLINE
  5
10A
330
17
100
AcDbEntity
  8
ALTIN
100
AcDbPolyline
 90
156
 70
1
 10
12.2704
 20
-9.9062
 10
12.2374
 20
-9.8871
 10
12.2341
 20
-9.885
 10
12.231
 20
-9.8826
 10
12.2282
 20
-9.8798
 10
12.2257
 20
-9.8768
 10
12.2234
 20
-9.8736
 10
12.2215
 20
-9.8702
 10
12.22
 20
-9.8666
 10
12.2188
 20
-9.8628
 10
12.2179
 20
-9.859
 10
12.2175
 20
-9.8551
 10
12.2174
 20
-9.8512
 10
12.2177
 20
-9.8473
 10
12.2184
 20
-9.8434
 10
12.2195
 20
-9.8396
 10
12.221
 20
-9.836
 10
12.2228
 20
-9.8325
 10
12.2456
 20
-9.7929
 10
12.2723
 20
-9.7161
 10
12.2665
 20
-9.6383
 10
12.2326
 20
-9.5663
 10
12.1722
 20
-9.5109
 10
10.3496
 20
-8.4586
 10
10.2716
 20
-8.4341
 10
10.1926
 20
-8.4409
 10
10.1219
 20
-8.4747
 10
10.0686
 20
-8.5361
 10
10.0458
 20
-8.5756
 10
10.0437
 20
-8.5789
 10
10.0412
 20
-8.582
 10
10.0385
 20
-8.5848
 10
10.0355
 20
-8.5874
 10
10.0323
 20
-8.5896
 10
10.0289
 20
-8.5915
 10
10.0253
 20
-8.5931
 10
10.0215
 20
-8.5943
 10
10.0177
 20
-8.5951
 10
10.0138
 20
-8.5955
 10
10.0099
 20
-8.5956
 10
10.006
 20
-8.5953
 10
10.0021
 20
-8.5946
 10
9.9983
 20
-8.5935
 10
9.9947
 20
-8.5921
 10
9.9912
 20
-8.5903
 10
9.9581
 20
-8.5712
 10
9.9548
 20
-8.5691
 10
9.9518
 20
-8.5666
 10
9.9489
 20
-8.5639
 10
9.9464
 20
-8.5609
 10
9.9442
 20
-8.5577
 10
9.9423
 20
-8.5542
 10
9.9407
 20
-8.5506
 10
9.9395
 20
-8.5469
 10
9.9387
 20
-8.5431
 10
9.9382
 20
-8.5392
 10
9.9382
 20
-8.5352
 10
9.9385
 20
-8.5313
 10
9.9392
 20
-8.5275
 10
9.9403
 20
-8.5237
 10
9.9417
 20
-8.52
 10
9.9435
 20
-8.5166
 10
10.4143
 20
-7.7011
 10
10.4165
 20
-7.6978
 10
10.4189
 20
-7.6947
 10
10.4216
 20
-7.6919
 10
10.4246
 20
-7.6893
 10
10.4278
 20
-7.6871
 10
10.4313
 20
-7.6852
 10
10.4349
 20
-7.6836
 10
10.4386
 20
-7.6824
 10
10.4424
 20
-7.6816
 10
10.4463
 20
-7.6811
 10
10.4503
 20
-7.6811
 10
10.4542
 20
-7.6814
 10
10.458
 20
-7.6821
 10
10.4618
 20
-7.6832
 10
10.4655
 20
-7.6846
 10
10.469
 20
-7.6864
 10
10.502
 20
-7.7055
 10
10.5053
 20
-7.7076
 10
10.5084
 20
-7.7101
 10
10.5112
 20
-7.7128
 10
10.5137
 20
-7.7158
 10
10.516
 20
-7.719
 10
10.5179
 20
-7.7224
 10
10.5194
 20
-7.726
 10
10.5206
 20
-7.7298
 10
10.5215
 20
-7.7336
 10
10.5219
 20
-7.7375
 10
10.522
 20
-7.7414
 10
10.5217
 20
-7.7454
 10
10.521
 20
-7.7492
 10
10.5199
 20
-7.753
 10
10.5184
 20
-7.7566
 10
10.5166
 20
-7.7601
 10
10.4938
 20
-7.7997
 10
10.4672
 20
-7.8767
 10
10.4731
 20
-7.9551
 10
10.5068
 20
-8.0265
 10
10.5672
 20
-8.0817
 10
12.3898
 20
-9.134
 10
12.468
 20
-9.1588
 10
12.547
 20
-9.1525
 10
12.6174
 20
-9.1183
 10
12.6707
 20
-9.0565
 10
12.6936
 20
-9.017
 10
12.6957
 20
-9.0137
 10
12.6981
 20
-9.0106
 10
12.7009
 20
-9.0078
 10
12.7039
 20
-9.0053
 10
12.7071
 20
-9.003
 10
12.7105
 20
-9.0011
 10
12.7141
 20
-8.9996
 10
12.7179
 20
-8.9984
 10
12.7217
 20
-8.9975
 10
12.7256
 20
-8.9971
 10
12.7295
 20
-8.997
 10
12.7334
 20
-8.9973
 10
12.7373
 20
-8.998
 10
12.7411
 20
-8.9991
 10
12.7447
 20
-9.0006
 10
12.7482
 20
-9.0023
 10
12.7813
 20
-9.0214
 10
12.7846
 20
-9.0235
 10
12.7876
 20
-9.026
 10
12.7904
 20
-9.0287
 10
12.793
 20
-9.0317
 10
12.7952
 20
-9.0349
 10
12.7971
 20
-9.0384
 10
12.7987
 20
-9.042
 10
12.7999
 20
-9.0457
 10
12.8007
 20
-9.0495
 10
12.8012
 20
-9.0534
 10
12.8012
 20
-9.0574
 10
12.8009
 20
-9.0613
 10
12.8002
 20
-9.0651
 10
12.7991
 20
-9.0689
 10
12.7977
 20
-9.0726
 10
12.7959
 20
-9.0761
 10
12.3251
 20
-9.8916
 10
12.3229
 20
-9.8949
 10
12.3205
 20
-9.8979
 10
12.3178
 20
-9.9007
 10
12.3148
 20
-9.9033
 10
12.3116
 20
-9.9055
 10
12.3081
 20
-9.9074
 10
12.3045
 20
-9.909
 10
12.3008
 20
-9.9102
 10
12.2969
 20
-9.911
 10
12.293
 20
-9.9115
 10
12.2891
 20
-9.9115
 10
12.2852
 20
-9.9112
 10
12.2813
 20
-9.9105
 10
12.2776
 20
-9.9094
 10
12.2739
 20
-9.908
  0
LWPOLYLINE
  5
10B
330
17
100
AcDbEntity
  8
ALTIN
100
AcDbPolyline
 90
156
 70
1
 10
12.9148
 20
-8.7902
 10
12.8817
 20
-8.7711
 10
12.8784
 20
-8.769
 10
12.8753
 20
-8.7666
 10
12.8725
 20
-8.7638
 10
12.87
 20
-8.7608
 10
12.8678
 20
-8.7576
 10
12.8658
 20
-8.7542
 10
12.8643
 20
-8.7506
 10
12.8631
 20
-8.7468
 10
12.8623
 20
-8.743
 10
12.8618
 20
-8.7391
 10
12.8617
 20
-8.7352
 10
12.8621
 20
-8.7313
 10
12.8628
 20
-8.7274
 10
12.8638
 20
-8.7236
 10
12.8653
 20
-8.72
 10
12.8671
 20
-8.7165
 10
12.8899
 20
-8.6769
 10
12.9166
 20
-8.6001
 10
12.9108
 20
-8.5222
 10
12.8769
 20
-8.4503
 10
12.8165
 20
-8.3949
 10
10.9939
 20
-7.3426
 10
10.916
 20
-7.3181
 10
10.837
 20
-7.3249
 10
10.7662
 20
-7.3587
 10
10.713
 20
-7.4201
 10
10.6901
 20
-7.4596
 10
10.688
 20
-7.4629
 10
10.6856
 20
-7.466
 10
10.6828
 20
-7.4688
 10
10.6798
 20
-7.4714
 10
10.6766
 20
-7.4736
 10
10.6732
 20
-7.4755
 10
10.6696
 20
-7.4771
 10
10.6659
 20
-7.4783
 10
10.662
 20
-7.4791
 10
10.6581
 20
-7.4795
 10
10.6542
 20
-7.4796
 10
10.6503
 20
-7.4793
 10
10.6464
 20
-7.4786
 10
10.6426
 20
-7.4775
 10
10.639
 20
-7.4761
 10
10.6355
 20
-7.4743
 10
10.6025
 20
-7.4552
 10
10.5992
 20
-7.4531
 10
10.5961
 20
-7.4506
 10
10.5933
 20
-7.4479
 10
10.5907
 20
-7.4449
 10
10.5885
 20
-7.4417
 10
10.5866
 20
-7.4382
 10
10.585
 20
-7.4346
 10
10.5838
 20
-7.4309
 10
10.583
 20
-7.4271
 10
10.5826
 20
-7.4232
 10
10.5825
 20
-7.4192
 10
10.5828
 20
-7.4153
 10
10.5835
 20
-7.4115
 10
10.5846
 20
-7.4077
 10
10.586
 20
-7.404
 10
10.5878
 20
-7.4005
 10
11.0587
 20
-6.5851
 10
11.0608
 20
-6.5818
 10
11.0632
 20
-6.5787
 10
11.0659
 20
-6.5759
 10
11.0689
 20
-6.5733
 10
11.0722
 20
-6.5711
 10
11.0756
 20
-6.5692
 10
11.0792
 20
-6.5676
 10
11.0829
 20
-6.5664
 10
11.0868
 20
-6.5656
 10
11.0907
 20
-6.5651
 10
11.0946
 20
-6.5651
 10
11.0985
 20
-6.5654
 10
11.1024
 20
-6.5661
 10
11.1061
 20
-6.5672
 10
11.1098
 20
-6.5686
 10
11.1133
 20
-6.5704
 10
11.1463
 20
-6.5895
 10
11.1496
 20
-6.5916
 10
11.1527
 20
-6.5941
 10
11.1555
 20
-6.5968
 10
11.1581
 20
-6.5998
 10
11.1603
 20
-6.603
 10
11.1622
 20
-6.6064
 10
11.1638
 20
-6.61
 10
11.165
 20
-6.6138
 10
11.1658
 20
-6.6176
 10
11.1662
 20
-6.6215
 10
11.1663
 20
-6.6254
 10
11.166
 20
-6.6293
 10
11.1653
 20
-6.6332
 10
11.1642
 20
-6.637
 10
11.1628
 20
-6.6406
 10
11.161
 20
-6.6441
 10
11.1381
 20
-6.6837
 10
11.1115
 20
-6.7607
 10
11.1174
 20
-6.8391
 10
11.1512
 20
-6.9105
 10
11.2115
 20
-6.9657
 10
13.0342
 20
-8.018
 10
13.1123
 20
-8.0428
 10
13.1913
 20
-8.0365
 10
13.2617
 20
-8.0023
 10
13.3151
 20
-7.9405
 10
13.3379
 20
-7.901
 10
13.34
 20
-7.8977
 10
13.3425
 20
-7.8946
 10
13.3452
 20
-7.8918
 10
13.3482
 20
-7.8892
 10
13.3514
 20
-7.887
 10
13.3549
 20
-7.8851
 10
13.3585
 20
-7.8835
 10
13.3622
 20
-7.8823
 10
13.366
 20
-7.8815
 10
13.3699
 20
-7.8811
 10
13.3739
 20
-7.881
 10
13.3778
 20
-7.8813
 10
13.3816
 20
-7.882
 10
13.3854
 20
-7.8831
 10
13.3891
 20
-7.8845
 10
13.3925
 20
-7.8863
 10
13.4256
 20
-7.9054
 10
13.4289
 20
-7.9075
 10
13.432
 20
-7.91
 10
13.4348
 20
-7.9127
 10
13.4373
 20
-7.9157
 10
13.4395
 20
-7.9189
 10
13.4415
 20
-7.9224
 10
13.443
 20
-7.926
 10
13.4442
 20
-7.9297
 10
13.445
 20
-7.9335
 10
13.4455
 20
-7.9374
 10
13.4456
 20
-7.9414
 10
13.4452
 20
-7.9453
 10
13.4445
 20
-7.9491
 10
13.4435
 20
-7.9529
 10
13.442
 20
-7.9566
 10
13.4402
 20
-7.9601
 10
12.9694
 20
-8.7755
 10
12.9673
 20
-8.7788
 10
12.9648
 20
-8.7819
 10
12.9621
 20
-8.7847
 10
12.9591
 20
-8.7873
 10
12.9559
 20
-8.7895
 10
12.9524
 20
-8.7914
 10
12.9488
 20
-8.793
 10
12.9451
 20
-8.7942
 10
12.9413
 20
-8.795
 10
12.9374
 20
-8.7955
 10
12.9334
 20
-8.7955
 10
12.9295
 20
-8.7952
 10
12.9257
 20
-8.7945
 10
12.9219
 20
-8.7934
 10
12.9182
 20
-8.792
  0
LWPOLYLINE
  5
10C
330
17
100
AcDbEntity
  8
ALTIN
100
AcDbPolyline
 90
156
 70
1
 10
13.5591
 20
-7.6742
 10
13.526
 20
-7.6551
 10
13.5227
 20
-7.653
 10
13.5197
 20
-7.6505
 10
13.5169
 20
-7.6478
 10
13.5143
 20
-7.6448
 10
13.5121
 20
-7.6416
 10
13.5102
 20
-7.6382
 10
13.5086
 20
-7.6346
 10
13.5074
 20
-7.6308
 10
13.5066
 20
-7.627
 10
13.5061
 20
-7.6231
 10
13.5061
 20
-7.6192
 10
13.5064
 20
-7.6153
 10
13.5071
 20
-7.6114
 10
13.5082
 20
-7.6076
 10
13.5096
 20
-7.604
 10
13.5114
 20
-7.6005
 10
13.5342
 20
-7.5609
 10
13.5609
 20
-7.4841
 10
13.5552
 20
-7.4062
 10
13.5212
 20
-7.3343
 10
13.4609
 20
-7.2789
 10
11.6382
 20
-6.2266
 10
11.5603
 20
-6.2021
 10
11.4813
 20
-6.2089
 10
11.4106
 20
-6.2427
 10
11.3573
 20
-6.3041
 10
11.3345
 20
-6.3436
 10
11.3323
 20
-6.3469
 10
11.3299
 20
-6.35
 10
11.3272
 20
-6.3528
 10
11.3242
 20
-6.3554
 10
11.3209
 20
-6.3576
 10
11.3175
 20
-6.3595
 10
11.3139
 20
-6.3611
 10
11.3102
 20
-6.3623
 10
11.3063
 20
-6.3631
 10
11.3024
 20
-6.3635
 10
11.2985
 20
-6.3636
 10
11.2946
 20
-6.3633
 10
11.2907
 20
-6.3626
 10
11.287
 20
-6.3615
 10
11.2833
 20
-6.3601
 10
11.2798
 20
-6.3583
 10
11.2468
 20
-6.3392
 10
11.2435
 20
-6.3371
 10
11.2404
 20
-6.3346
 10
11.2376
 20
-6.3319
 10
11.2351
 20
-6.3289
 10
11.2328
 20
-6.3257
 10
11.2309
 20
-6.3222
 10
11.2294
 20
-6.3186
 10
11.2282
 20
-6.3149
 10
11.2273
 20
-6.3111
 10
11.2269
 20
-6.3072
 10
11.2268
 20
-6.3032
 10
11.2271
 20
-6.2993
 10
11.2278
 20
-6.2955
 10
11.2289
 20
-6.2917
 10
11.2304
 20
-6.288
 10
11.2322
 20
-6.2845
 10
11.703
 20
-5.4691
 10
11.7051
 20
-5.4658
 10
11.7075
 20
-5.4627
 10
11.7103
 20
-5.4599
 10
11.7133
 20
-5.4573
 10
11.7165
 20
-5.4551
 10
11.7199
 20
-5.4532
 10
11.7235
 20
-5.4516
 10
11.7273
 20
-5.4504
 10
11.7311
 20
-5.4496
 10
11.735
 20
-5.4491
 10
11.7389
 20
-5.4491
 10
11.7428
 20
-5.4494
 10
11.7467
 20
-5.4501
 10
11.7505
 20
-5.4512
 10
11.7541
 20
-5.4526
 10
11.7576
 20
-5.4544
 10
11.7907
 20
-5.4735
 10
11.7939
 20
-5.4756
 10
11.797
 20
-5.478
 10
11.7998
 20
-5.4808
 10
11.8024
 20
-5.4838
 10
11.8046
 20
-5.487
 10
11.8065
 20
-5.4904
 10
11.8081
 20
-5.494
 10
11.8093
 20
-5.4978
 10
11.8101
 20
-5.5016
 10
11.8106
 20
-5.5055
 10
11.8106
 20
-5.5094
 10
11.8103
 20
-5.5133
 10
11.8096
 20
-5.5172
 10
11.8085
 20
-5.521
 10
11.8071
 20
-5.5246
 10
11.8053
 20
-5.5281
 10
11.7825
 20
-5.5677
 10
11.7558
 20
-5.6447
 10
11.7617
 20
-5.7231
 10
11.7955
 20
-5.7945
 10
11.8558
 20
-5.8497
 10
13.6785
 20
-6.902
 10
13.7566
 20
-6.9268
 10
13.8356
 20
-6.9205
 10
13.9061
 20
-6.8863
 10
13.9594
 20
-6.8245
 10
13.9822
 20
-6.785
 10
13.9844
 20
-6.7817
 10
13.9868
 20
-6.7786
 10
13.9895
 20
-6.7758
 10
13.9925
 20
-6.7732
 10
13.9957
 20
-6.771
 10
13.9992
 20
-6.7691
 10
14.0028
 20
-6.7675
 10
14.0065
 20
-6.7663
 10
14.0104
 20
-6.7655
 10
14.0143
 20
-6.7651
 10
14.0182
 20
-6.765
 10
14.0221
 20
-6.7653
 10
14.026
 20
-6.766
 10
14.0297
 20
-6.7671
 10
14.0334
 20
-6.7685
 10
14.0369
 20
-6.7703
 10
14.0699
 20
-6.7894
 10
14.0732
 20
-6.7915
 10
14.0763
 20
-6.794
 10
14.0791
 20
-6.7967
 10
14.0816
 20
-6.7997
 10
14.0839
 20
-6.8029
 10
14.0858
 20
-6.8064
 10
14.0873
 20
-6.81
 10
14.0885
 20
-6.8137
 10
14.0894
 20
-6.8175
 10
14.0898
 20
-6.8214
 10
14.0899
 20
-6.8254
 10
14.0896
 20
-6.8293
 10
14.0889
 20
-6.8331
 10
14.0878
 20
-6.8369
 10
14.0863
 20
-6.8406
 10
14.0845
 20
-6.8441
 10
13.6137
 20
-7.6595
 10
13.6116
 20
-7.6628
 10
13.6092
 20
-7.6659
 10
13.6064
 20
-7.6687
 10
13.6034
 20
-7.6713
 10
13.6002
 20
-7.6735
 10
13.5968
 20
-7.6754
 10
13.5932
 20
-7.677
 10
13.5894
 20
-7.6782
 10
13.5856
 20
-7.679
 10
13.5817
 20
-7.6795
 10
13.5778
 20
-7.6795
 10
13.5739
 20
-7.6792
 10
13.57
 20
-7.6785
 10
13.5662
 20
-7.6774
 10
13.5626
 20
-7.676
  0
LWPOLYLINE
  5
10D
330
17
100
AcDbEntity
  8
ALTIN
100
AcDbPolyline
 90
156
 70
1
 10
14.2034
 20
-6.5582
 10
14.1704
 20
-6.5391
 10
14.1671
 20
-6.537
 10
14.164
 20
-6.5345
 10
14.1612
 20
-6.5318
 10
14.1586
 20
-6.5288
 10
14.1564
 20
-6.5256
 10
14.1545
 20
-6.5222
 10
14.1529
 20
-6.5186
 10
14.1517
 20
-6.5148
 10
14.1509
 20
-6.511
 10
14.1505
 20
-6.5071
 10
14.1504
 20
-6.5032
 10
14.1507
 20
-6.4992
 10
14.1514
 20
-6.4954
 10
14.1525
 20
-6.4916
 10
14.1539
 20
-6.488
 10
14.1557
 20
-6.4845
 10
14.1786
 20
-6.4449
 10
14.2053
 20
-6.3681
 10
14.1995
 20
-6.2902
 10
14.1656
 20
-6.2182
 10
14.1052
 20
-6.1629
 10
12.2826
 20
-5.1106
 10
12.2046
 20
-5.0861
 10
12.1256
 20
-5.0929
 10
12.0549
 20
-5.1267
 10
12.0016
 20
-5.1881
 10
11.9788
 20
-5.2276
 10
11.9767
 20
-5.2309
 10
11.9742
 20
-5.234
 10
11.9715
 20
-5.2368
 10
11.9685
 20
-5.2393
 10
11.9653
 20
-5.2416
 10
11.9618
 20
-5.2435
 10
11.9582
 20
-5.245
 10
11.9545
 20
-5.2462
 10
11.9507
 20
-5.2471
 10
11.9468
 20
-5.2475
 10
11.9428
 20
-5.2476
 10
11.9389
 20
-5.2473
 10
11.9351
 20
-5.2466
 10
11.9313
 20
-5.2455
 10
11.9276
 20
-5.244
 10
11.9242
 20
-5.2423
 10
11.8911
 20
-5.2232
 10
11.8878
 20
-5.2211
 10
11.8847
 20
-5.2186
 10
11.8819
 20
-5.2159
 10
11.8794
 20
-5.2129
 10
11.8771
 20
-5.2097
 10
11.8752
 20
-5.2062
 10
11.8737
 20
-5.2026
 10
11.8725
 20
-5.1989
 10
11.8717
 20
-5.1951
 10
11.8712
 20
-5.1912
 10
11.8711
 20
-5.1872
 10
11.8715
 20
-5.1833
 10
11.8722
 20
-5.1795
 10
11.8732
 20
-5.1757
 10
11.8747
 20
-5.172
 10
11.8765
 20
-5.1685
 10
12.3473
 20
-4.353
 10
12.3494
 20
-4.3497
 10
12.3519
 20
-4.3467
 10
12.3546
 20
-4.3439
 10
12.3576
 20
-4.3413
 10
12.3608
 20
-4.3391
 10
12.3643
 20
-4.3372
 10
12.3679
 20
-4.3356
 10
12.3716
 20
-4.3344
 10
12.3754
 20
-4.3336
 10
12.3793
 20
-4.3331
 10
12.3833
 20
-4.3331
 10
12.3872
 20
-4.3334
 10
12.391
 20
-4.3341
 10
12.3948
 20
-4.3352
 10
12.3985
 20
-4.3366
 10
12.4019
 20
-4.3384
 10
12.435
 20
-4.3575
 10
12.4383
 20
-4.3596
 10
12.4413
 20
-4.362
 10
12.4442
 20
-4.3648
 10
12.4467
 20
-4.3678
 10
12.4489
 20
-4.371
 10
12.4509
 20
-4.3744
 10
12.4524
 20
-4.378
 10
12.4536
 20
-4.3818
 10
12.4544
 20
-4.3856
 10
12.4549
 20
-4.3895
 10
12.455
 20
-4.3934
 10
12.4546
 20
-4.3973
 10
12.4539
 20
-4.4012
 10
12.4529
 20
-4.405
 10
12.4514
 20
-4.4086
 10
12.4496
 20
-4.4121
 10
12.4268
 20
-4.4516
 10
12.4001
 20
-4.5287
 10
12.4061
 20
-4.6071
 10
12.4398
 20
-4.6785
 10
12.5001
 20
-4.7337
 10
14.3228
 20
-5.786
 10
14.401
 20
-5.8107
 10
14.4799
 20
-5.8045
 10
14.5504
 20
-5.7703
 10
14.6037
 20
-5.7085
 10
14.6266
 20
-5.669
 10
14.6287
 20
-5.6657
 10
14.6311
 20
-5.6626
 10
14.6339
 20
-5.6598
 10
14.6368
 20
-5.6572
 10
14.6401
 20
-5.655
 10
14.6435
 20
-5.6531
 10
14.6471
 20
-5.6515
 10
14.6508
 20
-5.6503
 10
14.6547
 20
-5.6495
 10
14.6586
 20
-5.6491
 10
14.6625
 20
-5.649
 10
14.6664
 20
-5.6493
 10
14.6703
 20
-5.65
 10
14.6741
 20
-5.6511
 10
14.6777
 20
-5.6525
 10
14.6812
 20
-5.6543
 10
14.7142
 20
-5.6734
 10
14.7175
 20
-5.6755
 10
14.7206
 20
-5.678
 10
14.7234
 20
-5.6807
 10
14.726
 20
-5.6837
 10
14.7282
 20
-5.6869
 10
14.7301
 20
-5.6904
 10
14.7317
 20
-5.694
 10
14.7329
 20
-5.6977
 10
14.7337
 20
-5.7015
 10
14.7341
 20
-5.7054
 10
14.7342
 20
-5.7094
 10
14.7339
 20
-5.7133
 10
14.7332
 20
-5.7171
 10
14.7321
 20
-5.7209
 10
14.7307
 20
-5.7246
 10
14.7289
 20
-5.728
 10
14.258
 20
-6.5435
 10
14.2559
 20
-6.5468
 10
14.2535
 20
-6.5499
 10
14.2507
 20
-6.5527
 10
14.2478
 20
-6.5553
 10
14.2445
 20
-6.5575
 10
14.2411
 20
-6.5594
 10
14.2375
 20
-6.561
 10
14.2338
 20
-6.5622
 10
14.2299
 20
-6.563
 10
14.226
 20
-6.5635
 10
14.2221
 20
-6.5635
 10
14.2182
 20
-6.5632
 10
14.2143
 20
-6.5625
 10
14.2105
 20
-6.5614
 10
14.2069
 20
-6.56
  0
LWPOLYLINE
  5
10E
330
17
100
AcDbEntity
  8
ALTIN
100
AcDbPolyline
 90
96
 70
1
 10
8.7431
 20
-2.8057
 10
8.7357
 20
-2.811
 10
8.7279
 20
-2.8158
 10
8.7198
 20
-2.8201
 10
8.7115
 20
-2.8239
 10
8.7029
 20
-2.8272
 10
8.6942
 20
-2.8298
 10
8.6852
 20
-2.8319
 10
8.6762
 20
-2.8334
 10
8.6671
 20
-2.8343
 10
8.6579
 20
-2.8346
 10
8.6488
 20
-2.8343
 10
8.6396
 20
-2.8334
 10
8.6306
 20
-2.8319
 10
8.6217
 20
-2.8298
 10
8.6129
 20
-2.8272
 10
8.6043
 20
-2.8239
 10
8.596
 20
-2.8201
 10
8.5879
 20
-2.8158
 10
8.5801
 20
-2.811
 10
8.5727
 20
-2.8057
 10
8.5656
 20
-2.7998
 10
8.5589
 20
-2.7936
 10
8.5527
 20
-2.7869
 10
8.5469
 20
-2.7798
 10
8.5415
 20
-2.7724
 10
8.5367
 20
-2.7646
 10
8.5324
 20
-2.7565
 10
8.5286
 20
-2.7482
 10
8.5253
 20
-2.7396
 10
8.5227
 20
-2.7308
 10
8.5206
 20
-2.7219
 10
8.5191
 20
-2.7129
 10
8.5182
 20
-2.7037
 10
8.5179
 20
-2.6946
 10
8.5182
 20
-2.6854
 10
8.5191
 20
-2.6763
 10
8.5206
 20
-2.6673
 10
8.5227
 20
-2.6584
 10
8.5253
 20
-2.6496
 10
8.5286
 20
-2.641
 10
8.5324
 20
-2.6327
 10
8.5367
 20
-2.6246
 10
8.5415
 20
-2.6168
 10
8.5469
 20
-2.6094
 10
8.5527
 20
-2.6023
 10
8.5589
 20
-2.5956
 10
8.5656
 20
-2.5893
 10
8.5727
 20
-2.5835
 10
8.5801
 20
-2.5782
 10
8.5879
 20
-2.5733
 10
8.596
 20
-2.569
 10
8.6043
 20
-2.5652
 10
8.6129
 20
-2.562
 10
8.6217
 20
-2.5594
 10
8.6306
 20
-2.5573
 10
8.6396
 20
-2.5558
 10
8.6488
 20
-2.5549
 10
8.6579
 20
-2.5546
 10
8.6671
 20
-2.5549
 10
8.6762
 20
-2.5558
 10
8.6852
 20
-2.5573
 10
8.6942
 20
-2.5594
 10
8.7029
 20
-2.562
 10
8.7115
 20
-2.5652
 10
8.7198
 20
-2.569
 10
8.7279
 20
-2.5733
 10
8.7357
 20
-2.5782
 10
8.7431
 20
-2.5835
 10
8.7502
 20
-2.5893
 10
8.7569
 20
-2.5956
 10
8.7632
 20
-2.6023
 10
8.769
 20
-2.6094
 10
8.7743
 20
-2.6168
 10
8.7792
 20
-2.6246
 10
8.7835
 20
-2.6327
 10
8.7873
 20
-2.641
 10
8.7905
 20
-2.6496
 10
8.7931
 20
-2.6584
 10
8.7952
 20
-2.6673
 10
8.7967
 20
-2.6763
 10
8.7976
 20
-2.6854
 10
8.7979
 20
-2.6946
 10
8.7976
 20
-2.7037
 10
8.7967
 20
-2.7129
 10
8.7952
 20
-2.7219
 10
8.7931
 20
-2.7308
 10
8.7905
 20
-2.7396
 10
8.7873
 20
-2.7482
 10
8.7835
 20
-2.7565
 10
8.7792
 20
-2.7646
 10
8.7743
 20
-2.7724
 10
8.769
 20
-2.7798
 10
8.7632
 20
-2.7869
 10
8.7569
 20
-2.7936
 10
8.7502
 20
-2.7998
  0
LWPOLYLINE
  5
10F
330
17
100
AcDbEntity
  8
ALTIN
100
AcDbPolyline
 90
176
 70
1
 10
9.8255
 20
-1.3091
 10
9.8279
 20
-1.3076
 10
9.8305
 20
-1.3064
 10
9.8332
 20
-1.3054
 10
9.836
 20
-1.3047
 10
9.8388
 20
-1.3043
 10
9.8417
 20
-1.3041
 10
9.8445
 20
-1.3042
 10
9.8474
 20
-1.3046
 10
9.8502
 20
-1.3052
 10
10.0365
 20
-1.3575
 10
10.0394
 20
-1.3585
 10
10.0423
 20
-1.3598
 10
10.0449
 20
-1.3614
 10
10.0474
 20
-1.3632
 10
10.0497
 20
-1.3653
 10
10.1933
 20
-1.5107
 10
10.1952
 20
-1.5129
 10
10.1969
 20
-1.5152
 10
10.1984
 20
-1.5177
 10
10.1997
 20
-1.5203
 10
10.2006
 20
-1.523
 10
10.2013
 20
-1.5258
 10
10.2018
 20
-1.5287
 10
10.2019
 20
-1.5316
 10
10.2018
 20
-1.5345
 10
10.2014
 20
-1.5374
 10
10.2007
 20
-1.5402
 10
10.1397
 20
-1.7499
 10
10.1388
 20
-1.7525
 10
10.1377
 20
-1.755
 10
10.1363
 20
-1.7574
 10
10.1348
 20
-1.7596
 10
10.133
 20
-1.7617
 10
9.9939
 20
-1.9143
 10
9.9917
 20
-1.9165
 10
9.9893
 20
-1.9184
 10
9.9867
 20
-1.9201
 10
9.9839
 20
-1.9215
 10
9.9811
 20
-1.9226
 10
9.9781
 20
-1.9234
 10
9.975
 20
-1.9239
 10
9.972
 20
-1.9241
 10
9.9689
 20
-1.924
 10
9.9658
 20
-1.9235
 10
9.7924
 20
-1.889
 10
9.7895
 20
-1.8883
 10
9.7867
 20
-1.8872
 10
9.784
 20
-1.8859
 10
9.7814
 20
-1.8844
 10
9.779
 20
-1.8826
 10
9.7768
 20
-1.8806
 10
9.7748
 20
-1.8783
 10
9.7731
 20
-1.8759
 10
9.7716
 20
-1.8733
 10
9.7703
 20
-1.8706
 10
9.7694
 20
-1.8677
 10
9.7687
 20
-1.8648
 10
9.7683
 20
-1.8618
 10
9.7682
 20
-1.8588
 10
9.7685
 20
-1.8559
 10
9.769
 20
-1.8529
 10
9.7698
 20
-1.85
 10
9.7709
 20
-1.8472
 10
9.7723
 20
-1.8446
 10
9.844
 20
-1.7203
 10
9.8457
 20
-1.7177
 10
9.8476
 20
-1.7154
 10
9.8497
 20
-1.7132
 10
9.852
 20
-1.7113
 10
9.8545
 20
-1.7096
 10
9.8572
 20
-1.7081
 10
9.86
 20
-1.707
 10
9.8629
 20
-1.7061
 10
9.8659
 20
-1.7056
 10
9.8689
 20
-1.7053
 10
9.872
 20
-1.7054
 10
9.875
 20
-1.7057
 10
9.9383
 20
-1.7164
 10
9.9824
 20
-1.6681
 10
10.0022
 20
-1.5947
 10
9.9444
 20
-1.5388
 10
9.8657
 20
-1.5164
 10
9.8093
 20
-1.5728
 10
9.7907
 20
-1.6195
 10
9.8
 20
-1.6677
 10
9.8004
 20
-1.6707
 10
9.8005
 20
-1.6736
 10
9.8004
 20
-1.6766
 10
9.7999
 20
-1.6795
 10
9.7992
 20
-1.6824
 10
9.7982
 20
-1.6851
 10
9.7969
 20
-1.6878
 10
9.7953
 20
-1.6903
 10
9.7935
 20
-1.6927
 10
9.7073
 20
-1.7957
 10
9.7052
 20
-1.7979
 10
9.703
 20
-1.7999
 10
9.7006
 20
-1.8016
 10
9.698
 20
-1.8031
 10
9.6953
 20
-1.8043
 10
9.6925
 20
-1.8053
 10
9.6896
 20
-1.806
 10
9.6867
 20
-1.8064
 10
9.6837
 20
-1.8064
 10
9.6807
 20
-1.8062
 10
9.6778
 20
-1.8057
 10
9.6749
 20
-1.8049
 10
9.6721
 20
-1.8039
 10
9.6695
 20
-1.8025
 10
9.6669
 20
-1.8009
 10
9.3572
 20
-1.5819
 10
9.3548
 20
-1.5801
 10
9.3527
 20
-1.5781
 10
9.3508
 20
-1.5758
 10
9.3491
 20
-1.5734
 10
9.3476
 20
-1.5708
 10
9.3465
 20
-1.5681
 10
9.3455
 20
-1.5653
 10
9.3449
 20
-1.5624
 10
9.3446
 20
-1.5595
 10
9.3445
 20
-1.5565
 10
9.3447
 20
-1.5536
 10
9.3453
 20
-1.5506
 10
9.3461
 20
-1.5478
 10
9.3472
 20
-1.5451
 10
9.3485
 20
-1.5424
 10
9.5662
 20
-1.1653
 10
9.5678
 20
-1.1628
 10
9.5697
 20
-1.1605
 10
9.5717
 20
-1.1584
 10
9.574
 20
-1.1565
 10
9.5764
 20
-1.1548
 10
9.579
 20
-1.1534
 10
9.5817
 20
-1.1522
 10
9.5845
 20
-1.1513
 10
9.5873
 20
-1.1507
 10
9.5903
 20
-1.1504
 10
9.5932
 20
-1.1503
 10
9.5961
 20
-1.1506
 10
9.599
 20
-1.1511
 10
9.6019
 20
-1.1519
 10
9.6046
 20
-1.153
 10
9.6072
 20
-1.1543
 10
9.7126
 20
-1.2152
 10
9.7151
 20
-1.2168
 10
9.7174
 20
-1.2186
 10
9.7195
 20
-1.2206
 10
9.7214
 20
-1.2229
 10
9.7231
 20
-1.2253
 10
9.7245
 20
-1.2279
 10
9.7257
 20
-1.2306
 10
9.7266
 20
-1.2334
 10
9.7272
 20
-1.2363
 10
9.7276
 20
-1.2392
 10
9.7276
 20
-1.2421
 10
9.7274
 20
-1.2451
 10
9.7268
 20
-1.248
 10
9.726
 20
-1.2508
 10
9.7249
 20
-1.2535
 10
9.7236
 20
-1.2562
 10
9.5806
 20
-1.5039
 10
9.6471
 20
-1.5521
 10
9.6468
 20
-1.5505
 10
9.6466
 20
-1.5476
 10
9.6467
 20
-1.5446
 10
9.6471
 20
-1.5417
 10
9.6478
 20
-1.5388
 10
9.6488
 20
-1.536
 10
9.6827
 20
-1.4522
 10
9.684
 20
-1.4494
 10
9.6856
 20
-1.4467
 10
9.6874
 20
-1.4443
 10
9.6895
 20
-1.442
 10
9.821
 20
-1.3127
 10
9.8232
 20
-1.3108
  0
LWPOLYLINE
  5
110
330
17
100
AcDbEntity
  8
ALTIN
100
AcDbPolyline
 90
96
 70
1
 10
10.2989
 20
-0.1111
 10
10.2914
 20
-0.1164
 10
10.2836
 20
-0.1212
 10
10.2756
 20
-0.1256
 10
10.2672
 20
-0.1293
 10
10.2586
 20
-0.1326
 10
10.2499
 20
-0.1352
 10
10.241
 20
-0.1373
 10
10.2319
 20
-0.1388
 10
10.2228
 20
-0.1397
 10
10.2136
 20
-0.14
 10
10.2045
 20
-0.1397
 10
10.1954
 20
-0.1388
 10
10.1863
 20
-0.1373
 10
10.1774
 20
-0.1352
 10
10.1686
 20
-0.1326
 10
10.1601
 20
-0.1293
 10
10.1517
 20
-0.1256
 10
10.1436
 20
-0.1212
 10
10.1359
 20
-0.1164
 10
10.1284
 20
-0.1111
 10
10.1213
 20
-0.1053
 10
10.1146
 20
-0.099
 10
10.1084
 20
-0.0923
 10
10.1026
 20
-0.0852
 10
10.0972
 20
-0.0778
 10
10.0924
 20
-0.07
 10
10.0881
 20
-0.0619
 10
10.0843
 20
-0.0536
 10
10.0811
 20
-0.045
 10
10.0784
 20
-0.0362
 10
10.0763
 20
-0.0273
 10
10.0748
 20
-0.0183
 10
10.0739
 20
-0.0092
 10
10.0736
 20
0.0
 10
10.0739
 20
0.0092
 10
10.0748
 20
0.0183
 10
10.0763
 20
0.0273
 10
10.0784
 20
0.0362
 10
10.0811
 20
0.045
 10
10.0843
 20
0.0536
 10
10.0881
 20
0.0619
 10
10.0924
 20
0.07
 10
10.0972
 20
0.0778
 10
10.1026
 20
0.0852
 10
10.1084
 20
0.0923
 10
10.1146
 20
0.099
 10
10.1213
 20
0.1053
 10
10.1284
 20
0.1111
 10
10.1359
 20
0.1164
 10
10.1436
 20
0.1212
 10
10.1517
 20
0.1256
 10
10.1601
 20
0.1293
 10
10.1686
 20
0.1326
 10
10.1774
 20
0.1352
 10
10.1863
 20
0.1373
 10
10.1954
 20
0.1388
 10
10.2045
 20
0.1397
 10
10.2136
 20
0.14
 10
10.2228
 20
0.1397
 10
10.2319
 20
0.1388
 10
10.241
 20
0.1373
 10
10.2499
 20
0.1352
 10
10.2586
 20
0.1326
 10
10.2672
 20
0.1293
 10
10.2756
 20
0.1256
 10
10.2836
 20
0.1212
 10
10.2914
 20
0.1164
 10
10.2989
 20
0.1111
 10
10.3059
 20
0.1053
 10
10.3126
 20
0.099
 10
10.3189
 20
0.0923
 10
10.3247
 20
0.0852
 10
10.33
 20
0.0778
 10
10.3349
 20
0.07
 10
10.3392
 20
0.0619
 10
10.343
 20
0.0536
 10
10.3462
 20
0.045
 10
10.3489
 20
0.0362
 10
10.3509
 20
0.0273
 10
10.3524
 20
0.0183
 10
10.3533
 20
0.0092
 10
10.3536
 20
0.0
 10
10.3533
 20
-0.0092
 10
10.3524
 20
-0.0183
 10
10.3509
 20
-0.0273
 10
10.3489
 20
-0.0362
 10
10.3462
 20
-0.045
 10
10.343
 20
-0.0536
 10
10.3392
 20
-0.0619
 10
10.3349
 20
-0.07
 10
10.33
 20
-0.0778
 10
10.3247
 20
-0.0852
 10
10.3189
 20
-0.0923
 10
10.3126
 20
-0.099
 10
10.3059
 20
-0.1053
  0
LWPOLYLINE
  5
111
330
17
100
AcDbEntity
  8
ALTIN
100
AcDbPolyline
 90
206
 70
1
 10
9.3807
 20
1.5936
 10
9.3823
 20
1.596
 10
9.384
 20
1.5982
 10
9.5008
 20
1.7327
 10
9.5029
 20
1.7348
 10
9.5052
 20
1.7368
 10
9.5077
 20
1.7385
 10
9.5103
 20
1.7399
 10
9.5131
 20
1.7411
 10
9.5159
 20
1.742
 10
9.5189
 20
1.7426
 10
9.5219
 20
1.743
 10
9.5249
 20
1.743
 10
9.5279
 20
1.7427
 10
9.5308
 20
1.7421
 10
9.5337
 20
1.7412
 10
9.5364
 20
1.7401
 10
9.5391
 20
1.7386
 10
9.5416
 20
1.7369
 10
9.5439
 20
1.735
 10
9.546
 20
1.7329
 10
9.5478
 20
1.7305
 10
9.5495
 20
1.728
 10
9.6237
 20
1.5994
 10
9.6251
 20
1.5968
 10
9.6261
 20
1.594
 10
9.627
 20
1.5911
 10
9.6275
 20
1.5882
 10
9.6277
 20
1.5852
 10
9.6276
 20
1.5822
 10
9.6273
 20
1.5793
 10
9.6266
 20
1.5764
 10
9.6257
 20
1.5735
 10
9.6245
 20
1.5708
 10
9.623
 20
1.5682
 10
9.6212
 20
1.5658
 10
9.5836
 20
1.5183
 10
9.608
 20
1.449
 10
9.6577
 20
1.3935
 10
9.7118
 20
1.4054
 10
9.7501
 20
1.4472
 10
9.7204
 20
1.5325
 10
9.6885
 20
1.5877
 10
9.6871
 20
1.5904
 10
9.6861
 20
1.5931
 10
9.6853
 20
1.5959
 10
9.6847
 20
1.5988
 10
9.6845
 20
1.6018
 10
9.6845
 20
1.6047
 10
9.6849
 20
1.6076
 10
9.6855
 20
1.6105
 10
9.6864
 20
1.6133
 10
9.6876
 20
1.616
 10
9.689
 20
1.6186
 10
9.6907
 20
1.621
 10
9.6926
 20
1.6232
 10
9.6947
 20
1.6253
 10
9.697
 20
1.6271
 10
9.6995
 20
1.6287
 10
9.7944
 20
1.6835
 10
9.797
 20
1.6849
 10
9.7998
 20
1.686
 10
9.8026
 20
1.6868
 10
9.8055
 20
1.6873
 10
9.8084
 20
1.6875
 10
9.8114
 20
1.6875
 10
9.8143
 20
1.6872
 10
9.8172
 20
1.6865
 10
9.82
 20
1.6856
 10
9.8227
 20
1.6845
 10
9.8253
 20
1.683
 10
9.8277
 20
1.6814
 10
9.8299
 20
1.6795
 10
9.832
 20
1.6773
 10
9.8338
 20
1.675
 10
9.8354
 20
1.6726
 10
9.8672
 20
1.6175
 10
9.9176
 20
1.5609
 10
9.9707
 20
1.5725
 10
10.0059
 20
1.6087
 10
9.9877
 20
1.6672
 10
9.9434
 20
1.7178
 10
9.8825
 20
1.7074
 10
9.8795
 20
1.7071
 10
9.8764
 20
1.707
 10
9.8734
 20
1.7073
 10
9.8704
 20
1.7079
 10
9.8675
 20
1.7087
 10
9.8647
 20
1.7099
 10
9.862
 20
1.7113
 10
9.8595
 20
1.713
 10
9.8572
 20
1.7149
 10
9.855
 20
1.7171
 10
9.8531
 20
1.7195
 10
9.8515
 20
1.722
 10
9.7804
 20
1.8451
 10
9.7791
 20
1.8478
 10
9.778
 20
1.8506
 10
9.7771
 20
1.8535
 10
9.7766
 20
1.8564
 10
9.7764
 20
1.8594
 10
9.7765
 20
1.8624
 10
9.7769
 20
1.8654
 10
9.7776
 20
1.8683
 10
9.7785
 20
1.8712
 10
9.7798
 20
1.8739
 10
9.7813
 20
1.8765
 10
9.783
 20
1.8789
 10
9.785
 20
1.8812
 10
9.7873
 20
1.8832
 10
9.7897
 20
1.885
 10
9.7922
 20
1.8865
 10
9.7949
 20
1.8878
 10
9.7978
 20
1.8888
 10
9.8007
 20
1.8895
 10
9.9733
 20
1.923
 10
9.9764
 20
1.9235
 10
9.9794
 20
1.9236
 10
9.9825
 20
1.9234
 10
9.9856
 20
1.9229
 10
9.9885
 20
1.922
 10
9.9914
 20
1.9209
 10
9.9941
 20
1.9195
 10
9.9967
 20
1.9178
 10
9.9991
 20
1.9159
 10
10.0013
 20
1.9137
 10
10.1394
 20
1.7605
 10
10.1414
 20
1.7579
 10
10.1432
 20
1.7552
 10
10.1446
 20
1.7523
 10
10.1458
 20
1.7493
 10
10.2056
 20
1.5562
 10
10.2064
 20
1.5534
 10
10.2068
 20
1.5506
 10
10.207
 20
1.5478
 10
10.2069
 20
1.5449
 10
10.2065
 20
1.5421
 10
10.2059
 20
1.5393
 10
10.205
 20
1.5366
 10
10.2039
 20
1.534
 10
10.2025
 20
1.5315
 10
10.2009
 20
1.5292
 10
10.1991
 20
1.527
 10
10.0875
 20
1.4056
 10
10.0856
 20
1.4037
 10
10.0835
 20
1.4019
 10
10.0812
 20
1.4004
 10
10.0788
 20
1.3991
 10
10.0763
 20
1.398
 10
10.0737
 20
1.3971
 10
9.9653
 20
1.3663
 10
9.9625
 20
1.3657
 10
9.9598
 20
1.3653
 10
9.957
 20
1.3651
 10
9.9542
 20
1.3653
 10
9.9514
 20
1.3657
 10
9.9487
 20
1.3664
 10
9.946
 20
1.3673
 10
9.9435
 20
1.3684
 10
9.941
 20
1.3698
 10
9.9387
 20
1.3714
 10
9.9037
 20
1.3985
 10
9.9166
 20
1.3309
 10
9.9171
 20
1.3279
 10
9.9172
 20
1.3248
 10
9.917
 20
1.3218
 10
9.9165
 20
1.3188
 10
9.9157
 20
1.3159
 10
9.9146
 20
1.3131
 10
9.9132
 20
1.3104
 10
9.9116
 20
1.3078
 10
9.9097
 20
1.3055
 10
9.9076
 20
1.3033
 10
9.8164
 20
1.2182
 10
9.8143
 20
1.2164
 10
9.812
 20
1.2148
 10
9.8096
 20
1.2134
 10
9.807
 20
1.2123
 10
9.8044
 20
1.2114
 10
9.8017
 20
1.2107
 10
9.6284
 20
1.1768
 10
9.6256
 20
1.1764
 10
9.6228
 20
1.1763
 10
9.62
 20
1.1764
 10
9.6171
 20
1.1768
 10
9.6144
 20
1.1774
 10
9.6117
 20
1.1783
 10
9.6091
 20
1.1795
 10
9.6067
 20
1.1809
 10
9.6043
 20
1.1825
 10
9.6022
 20
1.1844
 10
9.6002
 20
1.1864
 10
9.453
 20
1.3529
 10
9.4511
 20
1.3553
 10
9.4495
 20
1.3578
 10
9.4481
 20
1.3605
 10
9.447
 20
1.3633
 10
9.3782
 20
1.569
 10
9.3775
 20
1.5717
 10
9.377
 20
1.5745
 10
9.3767
 20
1.5773
 10
9.3767
 20
1.5802
 10
9.377
 20
1.583
 10
9.3776
 20
1.5857
 10
9.3784
 20
1.5885
 10
9.3794
 20
1.5911
  0
LWPOLYLINE
  5
112
330
17
100
AcDbEntity
  8
ALTIN
100
AcDbPolyline
 90
96
 70
1
 10
8.7431
 20
2.5835
 10
8.7357
 20
2.5782
 10
8.7279
 20
2.5733
 10
8.7198
 20
2.569
 10
8.7115
 20
2.5652
 10
8.7029
 20
2.562
 10
8.6942
 20
2.5594
 10
8.6852
 20
2.5573
 10
8.6762
 20
2.5558
 10
8.6671
 20
2.5549
 10
8.6579
 20
2.5546
 10
8.6488
 20
2.5549
 10
8.6396
 20
2.5558
 10
8.6306
 20
2.5573
 10
8.6217
 20
2.5594
 10
8.6129
 20
2.562
 10
8.6043
 20
2.5652
 10
8.596
 20
2.569
 10
8.5879
 20
2.5733
 10
8.5801
 20
2.5782
 10
8.5727
 20
2.5835
 10
8.5656
 20
2.5893
 10
8.5589
 20
2.5956
 10
8.5527
 20
2.6023
 10
8.5469
 20
2.6094
 10
8.5415
 20
2.6168
 10
8.5367
 20
2.6246
 10
8.5324
 20
2.6327
 10
8.5286
 20
2.641
 10
8.5253
 20
2.6496
 10
8.5227
 20
2.6584
 10
8.5206
 20
2.6673
 10
8.5191
 20
2.6763
 10
8.5182
 20
2.6854
 10
8.5179
 20
2.6946
 10
8.5182
 20
2.7037
 10
8.5191
 20
2.7129
 10
8.5206
 20
2.7219
 10
8.5227
 20
2.7308
 10
8.5253
 20
2.7396
 10
8.5286
 20
2.7482
 10
8.5324
 20
2.7565
 10
8.5367
 20
2.7646
 10
8.5415
 20
2.7724
 10
8.5469
 20
2.7798
 10
8.5527
 20
2.7869
 10
8.5589
 20
2.7936
 10
8.5656
 20
2.7998
 10
8.5727
 20
2.8057
 10
8.5801
 20
2.811
 10
8.5879
 20
2.8158
 10
8.596
 20
2.8201
 10
8.6043
 20
2.8239
 10
8.6129
 20
2.8272
 10
8.6217
 20
2.8298
 10
8.6306
 20
2.8319
 10
8.6396
 20
2.8334
 10
8.6488
 20
2.8343
 10
8.6579
 20
2.8346
 10
8.6671
 20
2.8343
 10
8.6762
 20
2.8334
 10
8.6852
 20
2.8319
 10
8.6942
 20
2.8298
 10
8.7029
 20
2.8272
 10
8.7115
 20
2.8239
 10
8.7198
 20
2.8201
 10
8.7279
 20
2.8158
 10
8.7357
 20
2.811
 10
8.7431
 20
2.8057
 10
8.7502
 20
2.7998
 10
8.7569
 20
2.7936
 10
8.7632
 20
2.7869
 10
8.769
 20
2.7798
 10
8.7743
 20
2.7724
 10
8.7792
 20
2.7646
 10
8.7835
 20
2.7565
 10
8.7873
 20
2.7482
 10
8.7905
 20
2.7396
 10
8.7931
 20
2.7308
 10
8.7952
 20
2.7219
 10
8.7967
 20
2.7129
 10
8.7976
 20
2.7037
 10
8.7979
 20
2.6946
 10
8.7976
 20
2.6854
 10
8.7967
 20
2.6763
 10
8.7952
 20
2.6673
 10
8.7931
 20
2.6584
 10
8.7905
 20
2.6496
 10
8.7873
 20
2.641
 10
8.7835
 20
2.6327
 10
8.7792
 20
2.6246
 10
8.7743
 20
2.6168
 10
8.769
 20
2.6094
 10
8.7632
 20
2.6023
 10
8.7569
 20
2.5956
 10
8.7502
 20
2.5893
  0
LWPOLYLINE
  5
113
330
17
100
AcDbEntity
  8
ALTIN
100
AcDbPolyline
 90
4
 70
1
 10
13.7698
 20
7.95
 10
12.0229
 20
6.3762
 10
10.8409
 20
6.259
 10
11.5334
 20
7.224
  0
LWPOLYLINE
  5
114
330
17
100
AcDbEntity
  8
ALTIN
100
AcDbPolyline
 90
214
 70
1
 10
2.3005
 20
9.5295
 10
2.3596
 20
9.6129
 10
2.3969
 20
9.7166
 10
2.4099
 20
9.8409
 10
2.4099
 20
10.6482
 10
2.4045
 20
10.6754
 10
2.3914
 20
10.6933
 10
2.3708
 20
10.706
 10
2.341
 20
10.7111
 10
2.3118
 20
10.7111
 10
2.3074
 20
10.7113
 10
2.303
 20
10.712
 10
2.2987
 20
10.713
 10
2.2946
 20
10.7145
 10
2.2906
 20
10.7164
 10
2.2868
 20
10.7187
 10
2.2833
 20
10.7213
 10
2.28
 20
10.7243
 10
2.277
 20
10.7276
 10
2.2744
 20
10.7311
 10
2.2721
 20
10.7349
 10
2.2702
 20
10.7389
 10
2.2687
 20
10.743
 10
2.2677
 20
10.7473
 10
2.267
 20
10.7517
 10
2.2668
 20
10.7561
 10
2.2668
 20
10.7768
 10
2.267
 20
10.7812
 10
2.2677
 20
10.7856
 10
2.2687
 20
10.7899
 10
2.2702
 20
10.794
 10
2.2721
 20
10.798
 10
2.2744
 20
10.8018
 10
2.277
 20
10.8054
 10
2.28
 20
10.8086
 10
2.2833
 20
10.8116
 10
2.2868
 20
10.8142
 10
2.2906
 20
10.8165
 10
2.2946
 20
10.8184
 10
2.2987
 20
10.8199
 10
2.303
 20
10.821
 10
2.3074
 20
10.8216
 10
2.3118
 20
10.8218
 10
2.7115
 20
10.8218
 10
2.7159
 20
10.8216
 10
2.7203
 20
10.821
 10
2.7246
 20
10.8199
 10
2.7287
 20
10.8184
 10
2.7327
 20
10.8165
 10
2.7365
 20
10.8142
 10
2.7401
 20
10.8116
 10
2.7433
 20
10.8086
 10
2.7463
 20
10.8054
 10
2.7489
 20
10.8018
 10
2.7512
 20
10.798
 10
2.7531
 20
10.794
 10
2.7546
 20
10.7899
 10
2.7557
 20
10.7856
 10
2.7563
 20
10.7812
 10
2.7565
 20
10.7768
 10
2.7565
 20
10.7561
 10
2.7563
 20
10.7517
 10
2.7557
 20
10.7473
 10
2.7546
 20
10.743
 10
2.7531
 20
10.7389
 10
2.7512
 20
10.7349
 10
2.7489
 20
10.7311
 10
2.7463
 20
10.7276
 10
2.7433
 20
10.7243
 10
2.7401
 20
10.7213
 10
2.7365
 20
10.7187
 10
2.7327
 20
10.7164
 10
2.7287
 20
10.7145
 10
2.7246
 20
10.713
 10
2.7203
 20
10.712
 10
2.7159
 20
10.7113
 10
2.7115
 20
10.7111
 10
2.6824
 20
10.7111
 10
2.6525
 20
10.706
 10
2.632
 20
10.6933
 10
2.6191
 20
10.6756
 10
2.6138
 20
10.6482
 10
2.6138
 20
9.8427
 10
2.6135
 20
9.8377
 10
2.5961
 20
9.6843
 10
2.5955
 20
9.6804
 10
2.5945
 20
9.6766
 10
2.5933
 20
9.6729
 10
2.5411
 20
9.5402
 10
2.5393
 20
9.5363
 10
2.5372
 20
9.5325
 10
2.5348
 20
9.529
 10
2.4504
 20
9.4204
 10
2.4476
 20
9.4171
 10
2.4445
 20
9.4141
 10
2.4411
 20
9.4114
 10
2.3267
 20
9.3294
 10
2.3233
 20
9.3272
 10
2.3196
 20
9.3253
 10
2.3159
 20
9.3237
 10
2.1752
 20
9.2725
 10
2.17
 20
9.2709
 10
2.1645
 20
9.27
 10
2.0016
 20
9.2529
 10
1.9971
 20
9.2527
 10
1.9926
 20
9.2529
 10
1.8171
 20
9.2697
 10
1.812
 20
9.2705
 10
1.807
 20
9.2719
 10
1.6572
 20
9.3224
 10
1.6535
 20
9.3238
 10
1.6499
 20
9.3256
 10
1.6465
 20
9.3277
 10
1.5259
 20
9.4088
 10
1.5224
 20
9.4114
 10
1.5191
 20
9.4144
 10
1.5162
 20
9.4177
 10
1.4276
 20
9.5262
 10
1.425
 20
9.5298
 10
1.4228
 20
9.5336
 10
1.4209
 20
9.5376
 10
1.3665
 20
9.6702
 10
1.3651
 20
9.6741
 10
1.3641
 20
9.678
 10
1.3635
 20
9.682
 10
1.3453
 20
9.8352
 10
1.345
 20
9.8405
 10
1.345
 20
10.6482
 10
1.3397
 20
10.6756
 10
1.3268
 20
10.6933
 10
1.3063
 20
10.706
 10
1.2764
 20
10.7111
 10
1.247
 20
10.7111
 10
1.2425
 20
10.7113
 10
1.2382
 20
10.712
 10
1.2339
 20
10.713
 10
1.2297
 20
10.7145
 10
1.2257
 20
10.7164
 10
1.222
 20
10.7187
 10
1.2184
 20
10.7213
 10
1.2151
 20
10.7243
 10
1.2122
 20
10.7276
 10
1.2095
 20
10.7311
 10
1.2073
 20
10.7349
 10
1.2054
 20
10.7389
 10
1.2039
 20
10.743
 10
1.2028
 20
10.7473
 10
1.2022
 20
10.7517
 10
1.202
 20
10.7561
 10
1.202
 20
10.7768
 10
1.2022
 20
10.7812
 10
1.2028
 20
10.7856
 10
1.2039
 20
10.7899
 10
1.2054
 20
10.794
 10
1.2073
 20
10.798
 10
1.2095
 20
10.8018
 10
1.2122
 20
10.8054
 10
1.2151
 20
10.8086
 10
1.2184
 20
10.8116
 10
1.222
 20
10.8142
 10
1.2257
 20
10.8165
 10
1.2297
 20
10.8184
 10
1.2339
 20
10.8199
 10
1.2382
 20
10.821
 10
1.2425
 20
10.8216
 10
1.247
 20
10.8218
 10
1.7257
 20
10.8218
 10
1.7301
 20
10.8216
 10
1.7344
 20
10.821
 10
1.7387
 20
10.8199
 10
1.7429
 20
10.8184
 10
1.7469
 20
10.8165
 10
1.7507
 20
10.8142
 10
1.7542
 20
10.8116
 10
1.7575
 20
10.8086
 10
1.7604
 20
10.8054
 10
1.7631
 20
10.8018
 10
1.7653
 20
10.798
 10
1.7672
 20
10.794
 10
1.7687
 20
10.7899
 10
1.7698
 20
10.7856
 10
1.7704
 20
10.7812
 10
1.7707
 20
10.7768
 10
1.7707
 20
10.7561
 10
1.7704
 20
10.7517
 10
1.7698
 20
10.7473
 10
1.7687
 20
10.743
 10
1.7672
 20
10.7389
 10
1.7653
 20
10.7349
 10
1.7631
 20
10.7311
 10
1.7604
 20
10.7276
 10
1.7575
 20
10.7243
 10
1.7542
 20
10.7213
 10
1.7507
 20
10.7187
 10
1.7469
 20
10.7164
 10
1.7429
 20
10.7145
 10
1.7387
 20
10.713
 10
1.7344
 20
10.712
 10
1.7301
 20
10.7113
 10
1.7257
 20
10.7111
 10
1.6962
 20
10.7111
 10
1.6664
 20
10.706
 10
1.6458
 20
10.6933
 10
1.6329
 20
10.6756
 10
1.6276
 20
10.6482
 10
1.6276
 20
9.8675
 10
1.6401
 20
9.7347
 10
1.6763
 20
9.6237
 10
1.7335
 20
9.535
 10
1.8089
 20
9.4698
 10
1.9011
 20
9.4293
 10
2.0098
 20
9.4155
 10
2.1245
 20
9.4287
 10
2.2218
 20
9.4675
  0
LWPOLYLINE
  5
115
330
17
100
AcDbEntity
  8
ALTIN
100
AcDbPolyline
 90
221
 70
1
 10
0.594
 20
9.5376
 10
0.5913
 20
9.5344
 10
0.5336
 20
9.4723
 10
0.5288
 20
9.4678
 10
0.4515
 20
9.4057
 10
0.4463
 20
9.402
 10
0.3504
 20
9.3453
 10
0.3474
 20
9.3437
 10
0.3442
 20
9.3423
 10
0.2301
 20
9.2964
 10
0.2267
 20
9.2952
 10
0.2233
 20
9.2943
 10
0.0904
 20
9.2639
 10
0.087
 20
9.2633
 10
0.0834
 20
9.2629
 10
-0.0685
 20
9.2528
 10
-0.0727
 20
9.2527
 10
-0.0768
 20
9.253
 10
-0.2873
 20
9.278
 10
-0.291
 20
9.2786
 10
-0.2946
 20
9.2795
 10
-0.2981
 20
9.2807
 10
-0.4822
 20
9.3511
 10
-0.4859
 20
9.3528
 10
-0.4894
 20
9.3547
 10
-0.4928
 20
9.357
 10
-0.6448
 20
9.469
 10
-0.6481
 20
9.4717
 10
-0.6511
 20
9.4747
 10
-0.6539
 20
9.4779
 10
-0.7682
 20
9.6277
 10
-0.7706
 20
9.6312
 10
-0.7727
 20
9.6349
 10
-0.7744
 20
9.6387
 10
-0.8458
 20
9.8224
 10
-0.847
 20
9.8261
 10
-0.8479
 20
9.8299
 10
-0.8485
 20
9.8337
 10
-0.8723
 20
10.0468
 10
-0.8726
 20
10.0518
 10
-0.8723
 20
10.0568
 10
-0.8485
 20
10.2702
 10
-0.8479
 20
10.274
 10
-0.847
 20
10.2778
 10
-0.8458
 20
10.2814
 10
-0.7744
 20
10.4658
 10
-0.7727
 20
10.4697
 10
-0.7707
 20
10.4733
 10
-0.7683
 20
10.4768
 10
-0.654
 20
10.6275
 10
-0.6512
 20
10.6308
 10
-0.6482
 20
10.6338
 10
-0.6449
 20
10.6365
 10
-0.4928
 20
10.7489
 10
-0.4894
 20
10.7512
 10
-0.4858
 20
10.7532
 10
-0.482
 20
10.7548
 10
-0.2968
 20
10.8247
 10
-0.2932
 20
10.8259
 10
-0.2896
 20
10.8268
 10
-0.2858
 20
10.8274
 10
-0.0722
 20
10.8507
 10
-0.0689
 20
10.8509
 10
-0.0655
 20
10.8509
 10
0.0442
 20
10.8465
 10
0.0483
 20
10.8461
 10
0.1496
 20
10.8328
 10
0.1535
 20
10.8321
 10
0.2462
 20
10.8114
 10
0.2503
 20
10.8103
 10
0.3336
 20
10.7834
 10
0.3375
 20
10.7819
 10
0.4117
 20
10.75
 10
0.4156
 20
10.7482
 10
0.4803
 20
10.7127
 10
0.484
 20
10.7104
 10
0.4875
 20
10.7078
 10
0.4907
 20
10.7048
 10
0.4937
 20
10.7015
 10
0.4962
 20
10.698
 10
0.4985
 20
10.6942
 10
0.5003
 20
10.6902
 10
0.5018
 20
10.686
 10
0.5028
 20
10.6818
 10
0.5034
 20
10.6774
 10
0.5326
 20
10.3648
 10
0.5328
 20
10.3604
 10
0.5325
 20
10.356
 10
0.5319
 20
10.3516
 10
0.5308
 20
10.3474
 10
0.5293
 20
10.3432
 10
0.5274
 20
10.3392
 10
0.5251
 20
10.3355
 10
0.5225
 20
10.332
 10
0.5195
 20
10.3287
 10
0.5162
 20
10.3257
 10
0.5127
 20
10.3231
 10
0.5089
 20
10.3209
 10
0.5049
 20
10.319
 10
0.5008
 20
10.3175
 10
0.4965
 20
10.3165
 10
0.4922
 20
10.3158
 10
0.4878
 20
10.3156
 10
0.469
 20
10.3156
 10
0.4644
 20
10.3158
 10
0.4599
 20
10.3165
 10
0.4555
 20
10.3177
 10
0.4512
 20
10.3193
 10
0.4471
 20
10.3213
 10
0.4432
 20
10.3237
 10
0.4396
 20
10.3265
 10
0.4363
 20
10.3296
 10
0.4334
 20
10.3331
 10
0.4308
 20
10.3369
 10
0.4285
 20
10.3409
 10
0.4268
 20
10.3451
 10
0.3857
 20
10.4566
 10
0.3293
 20
10.5409
 10
0.257
 20
10.6053
 10
0.1695
 20
10.652
 10
0.0678
 20
10.6806
 10
-0.0455
 20
10.6901
 10
-0.1947
 20
10.6704
 10
-0.3209
 20
10.6123
 10
-0.424
 20
10.5191
 10
-0.5015
 20
10.3924
 10
-0.5503
 20
10.2345
 10
-0.5669
 20
10.0476
 10
-0.5506
 20
9.8658
 10
-0.5024
 20
9.7098
 10
-0.4265
 20
9.5841
 10
-0.3267
 20
9.4918
 10
-0.2047
 20
9.4343
 10
-0.0595
 20
9.4135
 10
0.0162
 20
9.4186
 10
0.091
 20
9.4343
 10
0.1623
 20
9.4599
 10
0.2277
 20
9.4937
 10
0.2842
 20
9.5351
 10
0.3205
 20
9.5744
 10
0.3226
 20
9.8987
 10
0.3071
 20
9.9399
 10
0.2554
 20
9.955
 10
0.2288
 20
9.955
 10
0.2244
 20
9.9553
 10
0.22
 20
9.9559
 10
0.2158
 20
9.957
 10
0.2116
 20
9.9585
 10
0.2076
 20
9.9604
 10
0.2038
 20
9.9626
 10
0.2003
 20
9.9653
 10
0.197
 20
9.9682
 10
0.194
 20
9.9715
 10
0.1914
 20
9.975
 10
0.1891
 20
9.9788
 10
0.1873
 20
9.9828
 10
0.1858
 20
9.987
 10
0.1847
 20
9.9913
 10
0.184
 20
9.9956
 10
0.1838
 20
10.0
 10
0.1838
 20
10.0208
 10
0.184
 20
10.0252
 10
0.1847
 20
10.0295
 10
0.1858
 20
10.0338
 10
0.1873
 20
10.038
 10
0.1891
 20
10.042
 10
0.1914
 20
10.0458
 10
0.194
 20
10.0493
 10
0.197
 20
10.0526
 10
0.2003
 20
10.0555
 10
0.2038
 20
10.0582
 10
0.2076
 20
10.0604
 10
0.2116
 20
10.0623
 10
0.2158
 20
10.0638
 10
0.22
 20
10.0649
 10
0.2244
 20
10.0655
 10
0.2288
 20
10.0658
 10
0.693
 20
10.0658
 10
0.6974
 20
10.0655
 10
0.7017
 20
10.0649
 10
0.706
 20
10.0638
 10
0.7102
 20
10.0623
 10
0.7142
 20
10.0604
 10
0.718
 20
10.0582
 10
0.7215
 20
10.0555
 10
0.7248
 20
10.0526
 10
0.7277
 20
10.0493
 10
0.7304
 20
10.0458
 10
0.7326
 20
10.042
 10
0.7345
 20
10.038
 10
0.736
 20
10.0338
 10
0.7371
 20
10.0295
 10
0.7377
 20
10.0252
 10
0.738
 20
10.0208
 10
0.738
 20
10.0
 10
0.7377
 20
9.9956
 10
0.7371
 20
9.9913
 10
0.736
 20
9.987
 10
0.7345
 20
9.9828
 10
0.7326
 20
9.9788
 10
0.7304
 20
9.975
 10
0.7277
 20
9.9715
 10
0.7248
 20
9.9682
 10
0.7215
 20
9.9653
 10
0.718
 20
9.9626
 10
0.7142
 20
9.9604
 10
0.7102
 20
9.9585
 10
0.706
 20
9.957
 10
0.7017
 20
9.9559
 10
0.6974
 20
9.9553
 10
0.693
 20
9.955
 10
0.6683
 20
9.955
 10
0.6172
 20
9.9401
 10
0.6033
 20
9.8994
 10
0.6033
 20
9.565
 10
0.6031
 20
9.5608
 10
0.6025
 20
9.5567
 10
0.6016
 20
9.5526
 10
0.6002
 20
9.5486
 10
0.5985
 20
9.5448
 10
0.5964
 20
9.5411
  0
LWPOLYLINE
  5
116
330
17
100
AcDbEntity
  8
ALTIN
100
AcDbPolyline
 90
92
 70
1
 10
-3.2955
 20
10.6367
 10
-3.2921
 20
10.634
 10
-3.289
 20
10.631
 10
-3.2863
 20
10.6277
 10
-3.1709
 20
10.477
 10
-3.1685
 20
10.4735
 10
-3.1664
 20
10.4699
 10
-3.1647
 20
10.466
 10
-3.0924
 20
10.2816
 10
-3.0911
 20
10.2779
 10
-3.0902
 20
10.2741
 10
-3.0896
 20
10.2703
 10
-3.0654
 20
10.0569
 10
-3.0652
 20
10.0518
 10
-3.0654
 20
10.0468
 10
-3.0896
 20
9.8334
 10
-3.0902
 20
9.8295
 10
-3.0911
 20
9.8257
 10
-3.0924
 20
9.822
 10
-3.1647
 20
9.6376
 10
-3.1664
 20
9.6338
 10
-3.1685
 20
9.6301
 10
-3.1709
 20
9.6267
 10
-3.2863
 20
9.4759
 10
-3.289
 20
9.4727
 10
-3.2921
 20
9.4697
 10
-3.2955
 20
9.467
 10
-3.4494
 20
9.3546
 10
-3.4528
 20
9.3523
 10
-3.4564
 20
9.3503
 10
-3.4602
 20
9.3487
 10
-3.6478
 20
9.2788
 10
-3.6514
 20
9.2777
 10
-3.655
 20
9.2768
 10
-3.6587
 20
9.2763
 10
-3.876
 20
9.253
 10
-3.8808
 20
9.2527
 10
-3.8857
 20
9.253
 10
-4.0999
 20
9.2763
 10
-4.1036
 20
9.2768
 10
-4.1072
 20
9.2777
 10
-4.1108
 20
9.2789
 10
-4.2976
 20
9.3488
 10
-4.3014
 20
9.3504
 10
-4.305
 20
9.3523
 10
-4.3084
 20
9.3546
 10
-4.4621
 20
9.467
 10
-4.4654
 20
9.4697
 10
-4.4685
 20
9.4727
 10
-4.4713
 20
9.4759
 10
-4.5868
 20
9.6267
 10
-4.5892
 20
9.6301
 10
-4.5913
 20
9.6338
 10
-4.593
 20
9.6377
 10
-4.6651
 20
9.8221
 10
-4.6664
 20
9.8258
 10
-4.6673
 20
9.8296
 10
-4.6679
 20
9.8334
 10
-4.6919
 20
10.0468
 10
-4.6922
 20
10.0518
 10
-4.6919
 20
10.0569
 10
-4.6679
 20
10.2702
 10
-4.6673
 20
10.2741
 10
-4.6664
 20
10.2779
 10
-4.6651
 20
10.2816
 10
-4.593
 20
10.466
 10
-4.5913
 20
10.4698
 10
-4.5892
 20
10.4735
 10
-4.5868
 20
10.477
 10
-4.4713
 20
10.6277
 10
-4.4685
 20
10.631
 10
-4.4654
 20
10.634
 10
-4.4621
 20
10.6367
 10
-4.3084
 20
10.7491
 10
-4.305
 20
10.7513
 10
-4.3014
 20
10.7533
 10
-4.2976
 20
10.7549
 10
-4.1108
 20
10.8248
 10
-4.1072
 20
10.826
 10
-4.1036
 20
10.8268
 10
-4.0999
 20
10.8274
 10
-3.8857
 20
10.8507
 10
-3.8808
 20
10.851
 10
-3.876
 20
10.8507
 10
-3.6587
 20
10.8274
 10
-3.655
 20
10.8268
 10
-3.6514
 20
10.826
 10
-3.6478
 20
10.8248
 10
-3.4602
 20
10.7549
 10
-3.4564
 20
10.7533
 10
-3.4528
 20
10.7513
 10
-3.4494
 20
10.7491
  0
LWPOLYLINE
  5
117
330
17
100
AcDbEntity
  8
ALTIN
100
AcDbPolyline
 90
24
 70
1
 10
-3.5173
 20
10.5198
 10
-3.6165
 20
10.6127
 10
-3.7374
 20
10.6705
 10
-3.8807
 20
10.69
 10
-4.0211
 20
10.6705
 10
-4.1419
 20
10.6127
 10
-4.2418
 20
10.5197
 10
-4.3178
 20
10.3936
 10
-4.366
 20
10.2368
 10
-4.3823
 20
10.0518
 10
-4.366
 20
9.8668
 10
-4.3178
 20
9.7098
 10
-4.2418
 20
9.5838
 10
-4.1419
 20
9.4907
 10
-4.0211
 20
9.4331
 10
-3.8807
 20
9.4137
 10
-3.7373
 20
9.4331
 10
-3.6165
 20
9.4907
 10
-3.5173
 20
9.5837
 10
-3.4416
 20
9.7097
 10
-3.3934
 20
9.8668
 10
-3.377
 20
10.0518
 10
-3.3934
 20
10.2368
 10
-3.4416
 20
10.3936
  0
LWPOLYLINE
  5
118
330
17
100
AcDbEntity
  8
ALTIN
100
AcDbPolyline
 90
255
 70
1
 10
3.2307
 20
9.2983
 10
3.2281
 20
9.3018
 10
3.2258
 20
9.3056
 10
3.2239
 20
9.3096
 10
3.2225
 20
9.3138
 10
3.2214
 20
9.318
 10
3.2207
 20
9.3224
 10
3.2205
 20
9.3268
 10
3.2205
 20
9.3475
 10
3.2207
 20
9.3519
 10
3.2214
 20
9.3563
 10
3.2225
 20
9.3606
 10
3.2239
 20
9.3648
 10
3.2258
 20
9.3688
 10
3.2281
 20
9.3725
 10
3.2307
 20
9.3761
 10
3.2337
 20
9.3794
 10
3.237
 20
9.3823
 10
3.2405
 20
9.385
 10
3.2443
 20
9.3872
 10
3.2483
 20
9.3891
 10
3.2525
 20
9.3906
 10
3.2567
 20
9.3917
 10
3.2611
 20
9.3923
 10
3.2655
 20
9.3925
 10
3.2881
 20
9.3925
 10
3.3249
 20
9.3995
 10
3.3524
 20
9.4182
 10
3.3719
 20
9.4464
 10
3.3801
 20
9.483
 10
3.3801
 20
10.6207
 10
3.3719
 20
10.6571
 10
3.3524
 20
10.6851
 10
3.3248
 20
10.7041
 10
3.2881
 20
10.7111
 10
3.2655
 20
10.7111
 10
3.2611
 20
10.7113
 10
3.2567
 20
10.712
 10
3.2525
 20
10.713
 10
3.2483
 20
10.7145
 10
3.2443
 20
10.7164
 10
3.2405
 20
10.7187
 10
3.237
 20
10.7213
 10
3.2337
 20
10.7243
 10
3.2307
 20
10.7276
 10
3.2281
 20
10.7311
 10
3.2258
 20
10.7349
 10
3.2239
 20
10.7389
 10
3.2225
 20
10.743
 10
3.2214
 20
10.7473
 10
3.2207
 20
10.7517
 10
3.2205
 20
10.7561
 10
3.2205
 20
10.7768
 10
3.2207
 20
10.7812
 10
3.2214
 20
10.7856
 10
3.2225
 20
10.7899
 10
3.2239
 20
10.794
 10
3.2258
 20
10.798
 10
3.2281
 20
10.8018
 10
3.2307
 20
10.8054
 10
3.2337
 20
10.8086
 10
3.237
 20
10.8116
 10
3.2405
 20
10.8142
 10
3.2443
 20
10.8165
 10
3.2483
 20
10.8184
 10
3.2525
 20
10.8199
 10
3.2567
 20
10.821
 10
3.2611
 20
10.8216
 10
3.2655
 20
10.8218
 10
3.8747
 20
10.8218
 10
3.8778
 20
10.8217
 10
3.9678
 20
10.8155
 10
3.9712
 20
10.8151
 10
3.9745
 20
10.8145
 10
4.0583
 20
10.7958
 10
4.062
 20
10.7948
 10
4.0656
 20
10.7935
 10
4.1405
 20
10.7627
 10
4.1447
 20
10.7607
 10
4.1486
 20
10.7583
 10
4.2116
 20
10.7157
 10
4.2156
 20
10.7126
 10
4.2192
 20
10.7092
 10
4.2702
 20
10.6546
 10
4.2734
 20
10.6508
 10
4.2761
 20
10.6467
 10
4.3151
 20
10.5801
 10
4.3174
 20
10.5757
 10
4.3192
 20
10.571
 10
4.3442
 20
10.4923
 10
4.3454
 20
10.4876
 10
4.3461
 20
10.4827
 10
4.3545
 20
10.3916
 10
4.3546
 20
10.3869
 10
4.3544
 20
10.3823
 10
4.3434
 20
10.2882
 10
4.3425
 20
10.2831
 10
4.3411
 20
10.2782
 10
4.3083
 20
10.1868
 10
4.3064
 20
10.1822
 10
4.304
 20
10.1779
 10
4.252
 20
10.0959
 10
4.2488
 20
10.0915
 10
4.2451
 20
10.0875
 10
4.176
 20
10.0213
 10
4.1729
 20
10.0185
 10
4.1695
 20
10.0161
 10
4.1658
 20
10.0139
 10
4.0811
 20
9.9694
 10
4.0769
 20
9.9675
 10
4.0758
 20
9.9671
 10
4.0822
 20
9.9614
 10
4.0861
 20
9.9577
 10
4.1286
 20
9.9106
 10
4.1306
 20
9.9082
 10
4.1667
 20
9.8621
 10
4.17
 20
9.8574
 10
4.1758
 20
9.8477
 10
4.1943
 20
9.8204
 10
4.2232
 20
9.7791
 10
4.2588
 20
9.7289
 10
4.2983
 20
9.6747
 10
4.3381
 20
9.621
 10
4.3754
 20
9.573
 10
4.4077
 20
9.5344
 10
4.4471
 20
9.4907
 10
4.4843
 20
9.4558
 10
4.5213
 20
9.429
 10
4.5596
 20
9.4092
 10
4.6007
 20
9.3969
 10
4.6512
 20
9.3924
 10
4.6556
 20
9.3917
 10
4.66
 20
9.3907
 10
4.6642
 20
9.3892
 10
4.6682
 20
9.3874
 10
4.672
 20
9.3851
 10
4.6756
 20
9.3825
 10
4.6789
 20
9.3795
 10
4.6819
 20
9.3762
 10
4.6846
 20
9.3727
 10
4.6869
 20
9.3689
 10
4.6888
 20
9.3649
 10
4.6903
 20
9.3607
 10
4.6914
 20
9.3564
 10
4.692
 20
9.352
 10
4.6922
 20
9.3475
 10
4.6922
 20
9.3268
 10
4.692
 20
9.3224
 10
4.6914
 20
9.318
 10
4.6903
 20
9.3138
 10
4.6888
 20
9.3096
 10
4.6869
 20
9.3056
 10
4.6846
 20
9.3018
 10
4.682
 20
9.2983
 10
4.679
 20
9.295
 10
4.6758
 20
9.292
 10
4.6722
 20
9.2894
 10
4.6684
 20
9.2871
 10
4.6645
 20
9.2852
 10
4.6603
 20
9.2838
 10
4.656
 20
9.2827
 10
4.6516
 20
9.282
 10
4.6472
 20
9.2818
 10
4.5022
 20
9.2818
 10
4.4991
 20
9.2819
 10
4.4054
 20
9.2884
 10
4.4018
 20
9.2888
 10
4.3982
 20
9.2895
 10
4.3158
 20
9.3089
 10
4.3121
 20
9.31
 10
4.3085
 20
9.3113
 10
4.237
 20
9.3418
 10
4.2335
 20
9.3435
 10
4.2301
 20
9.3455
 10
4.1689
 20
9.3852
 10
4.1661
 20
9.3872
 10
4.1634
 20
9.3895
 10
4.1116
 20
9.4359
 10
4.1077
 20
9.4399
 10
4.0643
 20
9.4899
 10
4.062
 20
9.4928
 10
4.06
 20
9.4958
 10
4.0475
 20
9.516
 10
4.0263
 20
9.5486
 10
4.0262
 20
9.5487
 10
3.9988
 20
9.591
 10
3.9986
 20
9.5913
 10
3.9681
 20
9.6393
 10
3.968
 20
9.6394
 10
3.9362
 20
9.6899
 10
3.9362
 20
9.69
 10
3.9048
 20
9.7398
 10
3.9048
 20
9.7399
 10
3.8758
 20
9.7863
 10
3.8508
 20
9.8259
 10
3.8507
 20
9.8261
 10
3.8322
 20
9.8559
 10
3.832
 20
9.8562
 10
3.8226
 20
9.8716
 10
3.7879
 20
9.9198
 10
3.7518
 20
9.9581
 10
3.7172
 20
9.9816
 10
3.6755
 20
9.9915
 10
3.6714
 20
9.9927
 10
3.6674
 20
9.9943
 10
3.6636
 20
9.9963
 10
3.6627
 20
9.9969
 10
3.6627
 20
9.4823
 10
3.6698
 20
9.446
 10
3.6889
 20
9.4185
 10
3.7173
 20
9.3996
 10
3.7546
 20
9.3925
 10
3.775
 20
9.3925
 10
3.7794
 20
9.3923
 10
3.7837
 20
9.3917
 10
3.788
 20
9.3906
 10
3.7922
 20
9.3891
 10
3.7962
 20
9.3872
 10
3.8
 20
9.385
 10
3.8035
 20
9.3823
 10
3.8068
 20
9.3794
 10
3.8097
 20
9.3761
 10
3.8124
 20
9.3725
 10
3.8147
 20
9.3688
 10
3.8165
 20
9.3648
 10
3.818
 20
9.3606
 10
3.8191
 20
9.3563
 10
3.8197
 20
9.3519
 10
3.82
 20
9.3475
 10
3.82
 20
9.3268
 10
3.8197
 20
9.3224
 10
3.8191
 20
9.318
 10
3.818
 20
9.3138
 10
3.8165
 20
9.3096
 10
3.8147
 20
9.3056
 10
3.8124
 20
9.3018
 10
3.8097
 20
9.2983
 10
3.8068
 20
9.295
 10
3.8035
 20
9.292
 10
3.8
 20
9.2894
 10
3.7962
 20
9.2871
 10
3.7922
 20
9.2852
 10
3.788
 20
9.2838
 10
3.7837
 20
9.2827
 10
3.7794
 20
9.282
 10
3.775
 20
9.2818
 10
3.2655
 20
9.2818
 10
3.2611
 20
9.282
 10
3.2567
 20
9.2827
 10
3.2525
 20
9.2838
 10
3.2483
 20
9.2852
 10
3.2443
 20
9.2871
 10
3.2405
 20
9.2894
 10
3.237
 20
9.292
 10
3.2337
 20
9.295
  0
LWPOLYLINE
  5
119
330
17
100
AcDbEntity
  8
ALTIN
100
AcDbPolyline
 90
31
 70
1
 10
3.7172
 20
10.0997
 10
3.7455
 20
10.0996
 10
3.7783
 20
10.1009
 10
3.83
 20
10.1061
 10
3.8828
 20
10.1176
 10
3.9323
 20
10.1383
 10
3.9759
 20
10.171
 10
4.0126
 20
10.2199
 10
4.0406
 20
10.2928
 10
4.0447
 20
10.3109
 10
4.048
 20
10.3358
 10
4.0497
 20
10.364
 10
4.0492
 20
10.3918
 10
4.0319
 20
10.5081
 10
3.9877
 20
10.5882
 10
3.9231
 20
10.6375
 10
3.835
 20
10.6577
 10
3.7913
 20
10.6601
 10
3.7422
 20
10.6603
 10
3.6945
 20
10.6596
 10
3.6941
 20
10.6596
 10
3.6627
 20
10.6594
 10
3.6627
 20
10.0945
 10
3.6658
 20
10.0962
 10
3.6699
 20
10.0981
 10
3.6742
 20
10.0995
 10
3.6786
 20
10.1004
 10
3.6831
 20
10.1009
 10
3.6876
 20
10.101
 10
3.6963
 20
10.1007
 10
3.6967
 20
10.1007
  0
LWPOLYLINE
  5
11A
330
17
100
AcDbEntity
  8
ALTIN
100
AcDbPolyline
 90
175
 70
1
 10
-2.591
 20
9.2983
 10
-2.5936
 20
9.3018
 10
-2.5959
 20
9.3056
 10
-2.5977
 20
9.3096
 10
-2.5992
 20
9.3138
 10
-2.6003
 20
9.318
 10
-2.6009
 20
9.3224
 10
-2.6012
 20
9.3268
 10
-2.6012
 20
9.3456
 10
-2.601
 20
9.3497
 10
-2.6004
 20
9.3538
 10
-2.5995
 20
9.3578
 10
-2.5982
 20
9.3617
 10
-2.5965
 20
9.3655
 10
-2.5946
 20
9.3691
 10
-1.8036
 20
10.6635
 10
-2.3506
 20
10.6635
 10
-2.3979
 20
10.6539
 10
-2.4313
 20
10.6315
 10
-2.453
 20
10.5985
 10
-2.4613
 20
10.5512
 10
-2.4613
 20
10.5221
 10
-2.4615
 20
10.5177
 10
-2.4622
 20
10.5133
 10
-2.4633
 20
10.509
 10
-2.4647
 20
10.5049
 10
-2.4666
 20
10.5009
 10
-2.4689
 20
10.4971
 10
-2.4715
 20
10.4936
 10
-2.4745
 20
10.4903
 10
-2.4778
 20
10.4873
 10
-2.4813
 20
10.4847
 10
-2.4851
 20
10.4824
 10
-2.4891
 20
10.4805
 10
-2.4933
 20
10.479
 10
-2.4975
 20
10.478
 10
-2.5019
 20
10.4773
 10
-2.5063
 20
10.4771
 10
-2.527
 20
10.4771
 10
-2.5314
 20
10.4773
 10
-2.5358
 20
10.478
 10
-2.5401
 20
10.479
 10
-2.5443
 20
10.4805
 10
-2.5482
 20
10.4824
 10
-2.552
 20
10.4847
 10
-2.5556
 20
10.4873
 10
-2.5589
 20
10.4903
 10
-2.5618
 20
10.4936
 10
-2.5645
 20
10.4971
 10
-2.5667
 20
10.5009
 10
-2.5686
 20
10.5049
 10
-2.5701
 20
10.509
 10
-2.5712
 20
10.5133
 10
-2.5718
 20
10.5177
 10
-2.572
 20
10.5221
 10
-2.572
 20
10.8163
 10
-2.5718
 20
10.8208
 10
-2.5712
 20
10.8252
 10
-2.5701
 20
10.8295
 10
-2.5685
 20
10.8337
 10
-2.5666
 20
10.8377
 10
-2.5643
 20
10.8415
 10
-2.5616
 20
10.8451
 10
-2.5586
 20
10.8484
 10
-2.5553
 20
10.8513
 10
-2.5517
 20
10.8539
 10
-2.5479
 20
10.8562
 10
-2.5438
 20
10.8581
 10
-2.5396
 20
10.8595
 10
-2.5353
 20
10.8606
 10
-2.5308
 20
10.8611
 10
-2.5264
 20
10.8613
 10
-2.5219
 20
10.861
 10
-2.5175
 20
10.8603
 10
-2.5132
 20
10.8591
 10
-2.489
 20
10.8513
 10
-2.4551
 20
10.8436
 10
-2.4123
 20
10.8363
 10
-2.3646
 20
10.8296
 10
-2.3172
 20
10.8252
 10
-2.2738
 20
10.8238
 10
-1.6722
 20
10.8238
 10
-1.631
 20
10.8248
 10
-1.5875
 20
10.8278
 10
-1.5452
 20
10.8323
 10
-1.5085
 20
10.8377
 10
-1.4825
 20
10.843
 10
-1.467
 20
10.8484
 10
-1.4627
 20
10.8497
 10
-1.4582
 20
10.8505
 10
-1.4537
 20
10.8509
 10
-1.4492
 20
10.8509
 10
-1.4447
 20
10.8503
 10
-1.4403
 20
10.8494
 10
-1.436
 20
10.848
 10
-1.4319
 20
10.8461
 10
-1.428
 20
10.8439
 10
-1.4243
 20
10.8413
 10
-1.4209
 20
10.8383
 10
-1.4178
 20
10.835
 10
-1.4151
 20
10.8314
 10
-1.4127
 20
10.8276
 10
-1.4107
 20
10.8235
 10
-1.4092
 20
10.8193
 10
-1.4081
 20
10.8149
 10
-1.4074
 20
10.8105
 10
-1.4072
 20
10.806
 10
-1.4072
 20
10.7872
 10
-1.4073
 20
10.7831
 10
-1.4079
 20
10.779
 10
-1.4088
 20
10.7751
 10
-1.4101
 20
10.7712
 10
-1.4117
 20
10.7674
 10
-1.4137
 20
10.7638
 10
-2.2159
 20
9.4424
 10
-1.7193
 20
9.4424
 10
-1.6207
 20
9.46
 10
-1.5447
 20
9.5102
 10
-1.4853
 20
9.5893
 10
-1.4443
 20
9.6952
 10
-1.4424
 20
9.6993
 10
-1.4402
 20
9.7033
 10
-1.4376
 20
9.7069
 10
-1.4346
 20
9.7103
 10
-1.4313
 20
9.7134
 10
-1.4277
 20
9.7161
 10
-1.4239
 20
9.7184
 10
-1.4199
 20
9.7204
 10
-1.4156
 20
9.722
 10
-1.4113
 20
9.7231
 10
-1.4068
 20
9.7237
 10
-1.4023
 20
9.724
 10
-1.3816
 20
9.724
 10
-1.3772
 20
9.7237
 10
-1.3728
 20
9.7231
 10
-1.3685
 20
9.722
 10
-1.3644
 20
9.7205
 10
-1.3604
 20
9.7186
 10
-1.3566
 20
9.7164
 10
-1.353
 20
9.7137
 10
-1.3498
 20
9.7108
 10
-1.3468
 20
9.7075
 10
-1.3442
 20
9.7039
 10
-1.3419
 20
9.7001
 10
-1.34
 20
9.6961
 10
-1.3385
 20
9.692
 10
-1.3375
 20
9.6877
 10
-1.3368
 20
9.6833
 10
-1.3366
 20
9.6789
 10
-1.3368
 20
9.6745
 10
-1.3375
 20
9.6701
 10
-1.408
 20
9.318
 10
-1.4091
 20
9.3137
 10
-1.4106
 20
9.3096
 10
-1.4125
 20
9.3056
 10
-1.4148
 20
9.3018
 10
-1.4174
 20
9.2982
 10
-1.4204
 20
9.295
 10
-1.4236
 20
9.292
 10
-1.4272
 20
9.2894
 10
-1.431
 20
9.2871
 10
-1.435
 20
9.2852
 10
-1.4391
 20
9.2838
 10
-1.4434
 20
9.2827
 10
-1.4478
 20
9.282
 10
-1.4522
 20
9.2818
 10
-2.5562
 20
9.2818
 10
-2.5606
 20
9.282
 10
-2.5649
 20
9.2827
 10
-2.5692
 20
9.2838
 10
-2.5734
 20
9.2852
 10
-2.5774
 20
9.2871
 10
-2.5812
 20
9.2894
 10
-2.5847
 20
9.292
 10
-2.588
 20
9.295
  0
LWPOLYLINE
  5
11B
330
17
100
AcDbEntity
  8
ALTIN
100
AcDbPolyline
 90
1536
 70
1
 10
5.0493
 20
-8.0773
 10
5.0485
 20
-8.1137
 10
5.0484
 20
-8.1186
 10
5.0474
 20
-8.155
 10
5.0472
 20
-8.1599
 10
5.0459
 20
-8.1963
 10
5.0457
 20
-8.2012
 10
5.044
 20
-8.2375
 10
5.0438
 20
-8.2424
 10
5.0419
 20
-8.2788
 10
5.0416
 20
-8.2837
 10
5.0393
 20
-8.32
 10
5.039
 20
-8.3249
 10
5.0365
 20
-8.3613
 10
5.0361
 20
-8.3661
 10
5.0333
 20
-8.4024
 10
5.0329
 20
-8.4073
 10
5.0298
 20
-8.4436
 10
5.0293
 20
-8.4485
 10
5.0259
 20
-8.4847
 10
5.0254
 20
-8.4896
 10
5.0217
 20
-8.5258
 10
5.0212
 20
-8.5307
 10
5.0172
 20
-8.5669
 10
5.0166
 20
-8.5718
 10
5.0123
 20
-8.6079
 10
5.0117
 20
-8.6128
 10
5.0071
 20
-8.6489
 10
5.0065
 20
-8.6538
 10
5.0016
 20
-8.6899
 10
5.0009
 20
-8.6947
 10
4.9957
 20
-8.7308
 10
4.995
 20
-8.7356
 10
4.9895
 20
-8.7716
 10
4.9887
 20
-8.7765
 10
4.9829
 20
-8.8124
 10
4.9821
 20
-8.8172
 10
4.9761
 20
-8.8531
 10
4.9752
 20
-8.858
 10
4.9689
 20
-8.8938
 10
4.968
 20
-8.8986
 10
4.9613
 20
-8.9344
 10
4.9604
 20
-8.9393
 10
4.9534
 20
-8.975
 10
4.9525
 20
-8.9798
 10
4.9452
 20
-9.0155
 10
4.9442
 20
-9.0203
 10
4.9367
 20
-9.0559
 10
4.9357
 20
-9.0607
 10
4.9278
 20
-9.0963
 10
4.9268
 20
-9.1011
 10
4.9186
 20
-9.1365
 10
4.9175
 20
-9.1413
 10
4.9091
 20
-9.1767
 10
4.908
 20
-9.1815
 10
4.8992
 20
-9.2169
 10
4.8981
 20
-9.2216
 10
4.8891
 20
-9.2569
 10
4.8878
 20
-9.2617
 10
4.8786
 20
-9.2969
 10
4.8773
 20
-9.3016
 10
4.8677
 20
-9.3367
 10
4.8664
 20
-9.3415
 10
4.8566
 20
-9.3765
 10
4.8552
 20
-9.3812
 10
4.8451
 20
-9.4162
 10
4.8437
 20
-9.4209
 10
4.8333
 20
-9.4558
 10
4.8318
 20
-9.4605
 10
4.8211
 20
-9.4953
 10
4.8197
 20
-9.5
 10
4.8087
 20
-9.5347
 10
4.8072
 20
-9.5393
 10
4.7959
 20
-9.574
 10
4.7943
 20
-9.5786
 10
4.7828
 20
-9.6131
 10
4.7812
 20
-9.6178
 10
4.7694
 20
-9.6522
 10
4.7677
 20
-9.6569
 10
4.7556
 20
-9.6912
 10
4.754
 20
-9.6958
 10
4.7416
 20
-9.73
 10
4.7399
 20
-9.7346
 10
4.7272
 20
-9.7688
 10
4.7255
 20
-9.7734
 10
4.7125
 20
-9.8074
 10
4.7107
 20
-9.812
 10
4.6975
 20
-9.8459
 10
4.6957
 20
-9.8504
 10
4.6822
 20
-9.8842
 10
4.6803
 20
-9.8888
 10
4.6665
 20
-9.9225
 10
4.6646
 20
-9.927
 10
4.6506
 20
-9.9606
 10
4.6487
 20
-9.9651
 10
4.6343
 20
-9.9986
 10
4.6324
 20
-10.0031
 10
4.6177
 20
-10.0364
 10
4.6158
 20
-10.0409
 10
4.6009
 20
-10.0741
 10
4.5988
 20
-10.0786
 10
4.5837
 20
-10.1117
 10
4.5816
 20
-10.1162
 10
4.5662
 20
-10.1491
 10
4.5641
 20
-10.1536
 10
4.5484
 20
-10.1864
 10
4.5463
 20
-10.1908
 10
4.5303
 20
-10.2236
 10
4.5281
 20
-10.228
 10
4.5119
 20
-10.2605
 10
4.5097
 20
-10.2649
 10
4.4932
 20
-10.2974
 10
4.4909
 20
-10.3017
 10
4.4742
 20
-10.3341
 10
4.4719
 20
-10.3384
 10
4.4549
 20
-10.3706
 10
4.4525
 20
-10.3749
 10
4.4352
 20
-10.407
 10
4.4329
 20
-10.4113
 10
4.4153
 20
-10.4432
 10
4.413
 20
-10.4474
 10
4.3951
 20
-10.4792
 10
4.3927
 20
-10.4835
 10
4.3747
 20
-10.5151
 10
4.3722
 20
-10.5193
 10
4.3539
 20
-10.5508
 10
4.3514
 20
-10.555
 10
4.3328
 20
-10.5863
 10
4.3303
 20
-10.5905
 10
4.3114
 20
-10.6217
 10
4.3089
 20
-10.6259
 10
4.2898
 20
-10.6569
 10
4.2872
 20
-10.661
 10
4.2678
 20
-10.6919
 10
4.2652
 20
-10.696
 10
4.2456
 20
-10.7267
 10
4.2429
 20
-10.7308
 10
4.2231
 20
-10.7613
 10
4.2204
 20
-10.7654
 10
4.2003
 20
-10.7958
 10
4.1976
 20
-10.7999
 10
4.1772
 20
-10.8301
 10
4.1744
 20
-10.8341
 10
4.1538
 20
-10.8641
 10
4.1511
 20
-10.8682
 10
4.1302
 20
-10.898
 10
4.1274
 20
-10.902
 10
4.1063
 20
-10.9317
 10
4.1034
 20
-10.9357
 10
4.0821
 20
-10.9652
 10
4.0792
 20
-10.9692
 10
4.0577
 20
-10.9985
 10
4.0547
 20
-11.0024
 10
4.0329
 20
-11.0316
 10
4.03
 20
-11.0355
 10
4.0079
 20
-11.0645
 10
4.0049
 20
-11.0684
 10
3.9827
 20
-11.0972
 10
3.9796
 20
-11.1011
 10
3.9571
 20
-11.1297
 10
3.9541
 20
-11.1335
 10
3.9313
 20
-11.1619
 10
3.9282
 20
-11.1657
 10
3.9053
 20
-11.194
 10
3.9021
 20
-11.1978
 10
3.8789
 20
-11.2258
 10
3.8758
 20
-11.2296
 10
3.8523
 20
-11.2575
 10
3.8492
 20
-11.2612
 10
3.8255
 20
-11.2889
 10
3.8223
 20
-11.2926
 10
3.7984
 20
-11.32
 10
3.7952
 20
-11.3237
 10
3.7711
 20
-11.351
 10
3.7678
 20
-11.3547
 10
3.7434
 20
-11.3818
 10
3.7402
 20
-11.3854
 10
3.7156
 20
-11.4123
 10
3.7123
 20
-11.4159
 10
3.6875
 20
-11.4425
 10
3.6841
 20
-11.4461
 10
3.6591
 20
-11.4726
 10
3.6558
 20
-11.4762
 10
3.6305
 20
-11.5024
 10
3.6271
 20
-11.5059
 10
3.6017
 20
-11.532
 10
3.5983
 20
-11.5355
 10
3.5726
 20
-11.5614
 10
3.5692
 20
-11.5648
 10
3.5433
 20
-11.5905
 10
3.5398
 20
-11.5939
 10
3.5137
 20
-11.6193
 10
3.5102
 20
-11.6227
 10
3.484
 20
-11.648
 10
3.4804
 20
-11.6513
 10
3.4539
 20
-11.6763
 10
3.4503
 20
-11.6797
 10
3.4237
 20
-11.7045
 10
3.4201
 20
-11.7078
 10
3.3932
 20
-11.7324
 10
3.3896
 20
-11.7356
 10
3.3625
 20
-11.76
 10
3.3588
 20
-11.7633
 10
3.3315
 20
-11.7874
 10
3.3278
 20
-11.7906
 10
3.3004
 20
-11.8145
 10
3.2967
 20
-11.8177
 10
3.269
 20
-11.8414
 10
3.2653
 20
-11.8445
 10
3.2374
 20
-11.868
 10
3.2336
 20
-11.8711
 10
3.2056
 20
-11.8943
 10
3.2018
 20
-11.8975
 10
3.1735
 20
-11.9204
 10
3.1697
 20
-11.9235
 10
3.1413
 20
-11.9463
 10
3.1375
 20
-11.9493
 10
3.1089
 20
-11.9718
 10
3.105
 20
-11.9749
 10
3.0762
 20
-11.9971
 10
3.0723
 20
-12.0001
 10
3.0433
 20
-12.0222
 10
3.0394
 20
-12.0251
 10
3.0102
 20
-12.0469
 10
3.0063
 20
-12.0499
 10
2.977
 20
-12.0714
 10
2.973
 20
-12.0743
 10
2.9435
 20
-12.0956
 10
2.9395
 20
-12.0985
 10
2.9098
 20
-12.1196
 10
2.9058
 20
-12.1224
 10
2.876
 20
-12.1433
 10
2.8719
 20
-12.146
 10
2.8419
 20
-12.1666
 10
2.8379
 20
-12.1694
 10
2.8077
 20
-12.1898
 10
2.8036
 20
-12.1925
 10
2.7732
 20
-12.2126
 10
2.7691
 20
-12.2153
 10
2.7386
 20
-12.2351
 10
2.7345
 20
-12.2378
 10
2.7038
 20
-12.2574
 10
2.6997
 20
-12.26
 10
2.6688
 20
-12.2794
 10
2.6647
 20
-12.282
 10
2.6337
 20
-12.3011
 10
2.6295
 20
-12.3036
 10
2.5983
 20
-12.3225
 10
2.5941
 20
-12.325
 10
2.5628
 20
-12.3436
 10
2.5586
 20
-12.3461
 10
2.5271
 20
-12.3644
 10
2.5229
 20
-12.3669
 10
2.4913
 20
-12.3849
 10
2.487
 20
-12.3873
 10
2.4552
 20
-12.4052
 10
2.451
 20
-12.4075
 10
2.4191
 20
-12.4251
 10
2.4148
 20
-12.4274
 10
2.3827
 20
-12.4447
 10
2.3784
 20
-12.4471
 10
2.3462
 20
-12.4641
 10
2.3419
 20
-12.4664
 10
2.3095
 20
-12.4831
 10
2.3052
 20
-12.4854
 10
2.2727
 20
-12.5019
 10
2.2683
 20
-12.5041
 10
2.2358
 20
-12.5203
 10
2.2314
 20
-12.5225
 10
2.1986
 20
-12.5385
 10
2.1942
 20
-12.5406
 10
2.1614
 20
-12.5563
 10
2.1569
 20
-12.5584
 10
2.124
 20
-12.5738
 10
2.1195
 20
-12.5759
 10
2.0864
 20
-12.591
 10
2.0819
 20
-12.5931
 10
2.0487
 20
-12.608
 10
2.0442
 20
-12.6099
 10
2.0109
 20
-12.6246
 10
2.0064
 20
-12.6265
 10
1.9729
 20
-12.6409
 10
1.9684
 20
-12.6428
 10
1.9348
 20
-12.6568
 10
1.9303
 20
-12.6587
 10
1.8966
 20
-12.6725
 10
1.892
 20
-12.6744
 10
1.8582
 20
-12.6879
 10
1.8537
 20
-12.6897
 10
1.8198
 20
-12.7029
 10
1.8152
 20
-12.7047
 10
1.7812
 20
-12.7177
 10
1.7766
 20
-12.7194
 10
1.7424
 20
-12.7321
 10
1.7378
 20
-12.7338
 10
1.7036
 20
-12.7462
 10
1.699
 20
-12.7478
 10
1.6647
 20
-12.7599
 10
1.66
 20
-12.7616
 10
1.6256
 20
-12.7734
 10
1.6209
 20
-12.775
 10
1.5864
 20
-12.7865
 10
1.5818
 20
-12.7881
 10
1.5471
 20
-12.7994
 10
1.5425
 20
-12.8009
 10
1.5078
 20
-12.8119
 10
1.5031
 20
-12.8133
 10
1.4683
 20
-12.824
 10
1.4636
 20
-12.8255
 10
1.4287
 20
-12.8359
 10
1.424
 20
-12.8373
 10
1.389
 20
-12.8474
 10
1.3843
 20
-12.8488
 10
1.3493
 20
-12.8586
 10
1.3445
 20
-12.8599
 10
1.3094
 20
-12.8695
 10
1.3047
 20
-12.8708
 10
1.2695
 20
-12.88
 10
1.2647
 20
-12.8813
 10
1.2294
 20
-12.8903
 10
1.2247
 20
-12.8914
 10
1.1893
 20
-12.9002
 10
1.1845
 20
-12.9013
 10
1.1491
 20
-12.9097
 10
1.1443
 20
-12.9108
 10
1.1089
 20
-12.919
 10
1.1041
 20
-12.92
 10
1.0685
 20
-12.9279
 10
1.0637
 20
-12.9289
 10
1.0281
 20
-12.9364
 10
1.0233
 20
-12.9374
 10
0.9876
 20
-12.9447
 10
0.9828
 20
-12.9456
 10
0.9471
 20
-12.9526
 10
0.9422
 20
-12.9535
 10
0.9064
 20
-12.9602
 10
0.9016
 20
-12.9611
 10
0.8658
 20
-12.9674
 10
0.8609
 20
-12.9683
 10
0.825
 20
-12.9743
 10
0.8202
 20
-12.9751
 10
0.7843
 20
-12.9809
 10
0.7794
 20
-12.9817
 10
0.7434
 20
-12.9872
 10
0.7386
 20
-12.9879
 10
0.7025
 20
-12.9931
 10
0.6977
 20
-12.9938
 10
0.6616
 20
-12.9987
 10
0.6567
 20
-12.9993
 10
0.6206
 20
-13.0039
 10
0.6157
 20
-13.0045
 10
0.5796
 20
-13.0088
 10
0.5747
 20
-13.0094
 10
0.5385
 20
-13.0134
 10
0.5336
 20
-13.0139
 10
0.4974
 20
-13.0176
 10
0.4925
 20
-13.0181
 10
0.4563
 20
-13.0215
 10
0.4514
 20
-13.022
 10
0.4151
 20
-13.0251
 10
0.4102
 20
-13.0255
 10
0.3739
 20
-13.0283
 10
0.3691
 20
-13.0287
 10
0.3327
 20
-13.0312
 10
0.3278
 20
-13.0315
 10
0.2915
 20
-13.0338
 10
0.2866
 20
-13.0341
 10
0.2502
 20
-13.036
 10
0.2453
 20
-13.0362
 10
0.209
 20
-13.0379
 10
0.2041
 20
-13.0381
 10
0.1677
 20
-13.0394
 10
0.1628
 20
-13.0396
 10
0.1264
 20
-13.0406
 10
0.1215
 20
-13.0407
 10
0.0851
 20
-13.0415
 10
0.0802
 20
-13.0416
 10
0.0438
 20
-13.042
 10
0.0389
 20
-13.042
 10
0.0025
 20
-13.0422
 10
-0.0025
 20
-13.0422
 10
-0.0389
 20
-13.042
 10
-0.0438
 20
-13.042
 10
-0.0802
 20
-13.0416
 10
-0.0851
 20
-13.0415
 10
-0.1215
 20
-13.0407
 10
-0.1264
 20
-13.0406
 10
-0.1628
 20
-13.0396
 10
-0.1677
 20
-13.0394
 10
-0.2041
 20
-13.0381
 10
-0.209
 20
-13.0379
 10
-0.2453
 20
-13.0362
 10
-0.2502
 20
-13.036
 10
-0.2866
 20
-13.0341
 10
-0.2915
 20
-13.0338
 10
-0.3278
 20
-13.0315
 10
-0.3327
 20
-13.0312
 10
-0.3691
 20
-13.0287
 10
-0.3739
 20
-13.0283
 10
-0.4102
 20
-13.0255
 10
-0.4151
 20
-13.0251
 10
-0.4514
 20
-13.022
 10
-0.4563
 20
-13.0215
 10
-0.4925
 20
-13.0181
 10
-0.4974
 20
-13.0176
 10
-0.5336
 20
-13.0139
 10
-0.5385
 20
-13.0134
 10
-0.5747
 20
-13.0094
 10
-0.5796
 20
-13.0088
 10
-0.6157
 20
-13.0045
 10
-0.6206
 20
-13.0039
 10
-0.6567
 20
-12.9993
 10
-0.6616
 20
-12.9987
 10
-0.6977
 20
-12.9938
 10
-0.7025
 20
-12.9931
 10
-0.7386
 20
-12.9879
 10
-0.7434
 20
-12.9872
 10
-0.7794
 20
-12.9817
 10
-0.7843
 20
-12.9809
 10
-0.8202
 20
-12.9751
 10
-0.825
 20
-12.9743
 10
-0.8609
 20
-12.9683
 10
-0.8658
 20
-12.9674
 10
-0.9016
 20
-12.9611
 10
-0.9064
 20
-12.9602
 10
-0.9422
 20
-12.9535
 10
-0.9471
 20
-12.9526
 10
-0.9828
 20
-12.9456
 10
-0.9876
 20
-12.9447
 10
-1.0233
 20
-12.9374
 10
-1.0281
 20
-12.9364
 10
-1.0637
 20
-12.9289
 10
-1.0685
 20
-12.9279
 10
-1.1041
 20
-12.92
 10
-1.1089
 20
-12.919
 10
-1.1443
 20
-12.9108
 10
-1.1491
 20
-12.9097
 10
-1.1845
 20
-12.9013
 10
-1.1893
 20
-12.9002
 10
-1.2247
 20
-12.8914
 10
-1.2294
 20
-12.8903
 10
-1.2647
 20
-12.8813
 10
-1.2695
 20
-12.88
 10
-1.3047
 20
-12.8708
 10
-1.3094
 20
-12.8695
 10
-1.3445
 20
-12.8599
 10
-1.3493
 20
-12.8586
 10
-1.3843
 20
-12.8488
 10
-1.389
 20
-12.8474
 10
-1.424
 20
-12.8373
 10
-1.4287
 20
-12.8359
 10
-1.4636
 20
-12.8255
 10
-1.4683
 20
-12.824
 10
-1.5031
 20
-12.8133
 10
-1.5078
 20
-12.8119
 10
-1.5425
 20
-12.8009
 10
-1.5471
 20
-12.7994
 10
-1.5818
 20
-12.7881
 10
-1.5864
 20
-12.7865
 10
-1.6209
 20
-12.775
 10
-1.6256
 20
-12.7734
 10
-1.66
 20
-12.7616
 10
-1.6647
 20
-12.7599
 10
-1.699
 20
-12.7478
 10
-1.7036
 20
-12.7462
 10
-1.7378
 20
-12.7338
 10
-1.7424
 20
-12.7321
 10
-1.7766
 20
-12.7194
 10
-1.7812
 20
-12.7177
 10
-1.8152
 20
-12.7047
 10
-1.8198
 20
-12.7029
 10
-1.8537
 20
-12.6897
 10
-1.8582
 20
-12.6879
 10
-1.892
 20
-12.6744
 10
-1.8966
 20
-12.6725
 10
-1.9303
 20
-12.6587
 10
-1.9348
 20
-12.6568
 10
-1.9684
 20
-12.6428
 10
-1.9729
 20
-12.6409
 10
-2.0064
 20
-12.6265
 10
-2.0109
 20
-12.6246
 10
-2.0442
 20
-12.6099
 10
-2.0487
 20
-12.608
 10
-2.0819
 20
-12.5931
 10
-2.0864
 20
-12.591
 10
-2.1195
 20
-12.5759
 10
-2.124
 20
-12.5738
 10
-2.1569
 20
-12.5584
 10
-2.1614
 20
-12.5563
 10
-2.1942
 20
-12.5406
 10
-2.1986
 20
-12.5385
 10
-2.2314
 20
-12.5225
 10
-2.2358
 20
-12.5203
 10
-2.2683
 20
-12.5041
 10
-2.2727
 20
-12.5019
 10
-2.3052
 20
-12.4854
 10
-2.3095
 20
-12.4831
 10
-2.3419
 20
-12.4664
 10
-2.3462
 20
-12.4641
 10
-2.3784
 20
-12.4471
 10
-2.3827
 20
-12.4447
 10
-2.4148
 20
-12.4274
 10
-2.4191
 20
-12.4251
 10
-2.451
 20
-12.4075
 10
-2.4552
 20
-12.4052
 10
-2.487
 20
-12.3873
 10
-2.4913
 20
-12.3849
 10
-2.5229
 20
-12.3669
 10
-2.5271
 20
-12.3644
 10
-2.5586
 20
-12.3461
 10
-2.5628
 20
-12.3436
 10
-2.5941
 20
-12.325
 10
-2.5983
 20
-12.3225
 10
-2.6295
 20
-12.3036
 10
-2.6337
 20
-12.3011
 10
-2.6647
 20
-12.282
 10
-2.6688
 20
-12.2794
 10
-2.6997
 20
-12.26
 10
-2.7038
 20
-12.2574
 10
-2.7345
 20
-12.2378
 10
-2.7386
 20
-12.2351
 10
-2.7691
 20
-12.2153
 10
-2.7732
 20
-12.2126
 10
-2.8036
 20
-12.1925
 10
-2.8077
 20
-12.1898
 10
-2.8379
 20
-12.1694
 10
-2.8419
 20
-12.1666
 10
-2.8719
 20
-12.146
 10
-2.876
 20
-12.1433
 10
-2.9058
 20
-12.1224
 10
-2.9098
 20
-12.1196
 10
-2.9395
 20
-12.0985
 10
-2.9435
 20
-12.0956
 10
-2.973
 20
-12.0743
 10
-2.977
 20
-12.0714
 10
-3.0063
 20
-12.0499
 10
-3.0102
 20
-12.0469
 10
-3.0394
 20
-12.0251
 10
-3.0433
 20
-12.0222
 10
-3.0723
 20
-12.0001
 10
-3.0762
 20
-11.9971
 10
-3.105
 20
-11.9749
 10
-3.1089
 20
-11.9718
 10
-3.1375
 20
-11.9493
 10
-3.1413
 20
-11.9463
 10
-3.1697
 20
-11.9235
 10
-3.1735
 20
-11.9204
 10
-3.2018
 20
-11.8975
 10
-3.2056
 20
-11.8943
 10
-3.2336
 20
-11.8711
 10
-3.2374
 20
-11.868
 10
-3.2653
 20
-11.8445
 10
-3.269
 20
-11.8414
 10
-3.2967
 20
-11.8177
 10
-3.3004
 20
-11.8145
 10
-3.3278
 20
-11.7906
 10
-3.3315
 20
-11.7874
 10
-3.3588
 20
-11.7633
 10
-3.3625
 20
-11.76
 10
-3.3896
 20
-11.7356
 10
-3.3932
 20
-11.7324
 10
-3.4201
 20
-11.7078
 10
-3.4237
 20
-11.7045
 10
-3.4503
 20
-11.6797
 10
-3.4539
 20
-11.6763
 10
-3.4804
 20
-11.6513
 10
-3.484
 20
-11.648
 10
-3.5102
 20
-11.6227
 10
-3.5137
 20
-11.6193
 10
-3.5398
 20
-11.5939
 10
-3.5433
 20
-11.5905
 10
-3.5692
 20
-11.5648
 10
-3.5726
 20
-11.5614
 10
-3.5983
 20
-11.5355
 10
-3.6017
 20
-11.532
 10
-3.6271
 20
-11.5059
 10
-3.6305
 20
-11.5024
 10
-3.6558
 20
-11.4762
 10
-3.6591
 20
-11.4726
 10
-3.6841
 20
-11.4461
 10
-3.6875
 20
-11.4425
 10
-3.7123
 20
-11.4159
 10
-3.7156
 20
-11.4123
 10
-3.7402
 20
-11.3854
 10
-3.7434
 20
-11.3818
 10
-3.7678
 20
-11.3547
 10
-3.7711
 20
-11.351
 10
-3.7952
 20
-11.3237
 10
-3.7984
 20
-11.32
 10
-3.8223
 20
-11.2926
 10
-3.8255
 20
-11.2889
 10
-3.8492
 20
-11.2612
 10
-3.8523
 20
-11.2575
 10
-3.8758
 20
-11.2296
 10
-3.8789
 20
-11.2258
 10
-3.9021
 20
-11.1978
 10
-3.9053
 20
-11.194
 10
-3.9282
 20
-11.1657
 10
-3.9313
 20
-11.1619
 10
-3.9541
 20
-11.1335
 10
-3.9571
 20
-11.1297
 10
-3.9796
 20
-11.1011
 10
-3.9827
 20
-11.0972
 10
-4.0049
 20
-11.0684
 10
-4.0079
 20
-11.0645
 10
-4.03
 20
-11.0355
 10
-4.0329
 20
-11.0316
 10
-4.0547
 20
-11.0024
 10
-4.0577
 20
-10.9985
 10
-4.0792
 20
-10.9692
 10
-4.0821
 20
-10.9652
 10
-4.1034
 20
-10.9357
 10
-4.1063
 20
-10.9317
 10
-4.1274
 20
-10.902
 10
-4.1302
 20
-10.898
 10
-4.1511
 20
-10.8682
 10
-4.1538
 20
-10.8641
 10
-4.1744
 20
-10.8341
 10
-4.1772
 20
-10.8301
 10
-4.1976
 20
-10.7999
 10
-4.2003
 20
-10.7958
 10
-4.2204
 20
-10.7654
 10
-4.2231
 20
-10.7613
 10
-4.2429
 20
-10.7308
 10
-4.2456
 20
-10.7267
 10
-4.2652
 20
-10.696
 10
-4.2678
 20
-10.6919
 10
-4.2872
 20
-10.661
 10
-4.2898
 20
-10.6569
 10
-4.3089
 20
-10.6259
 10
-4.3114
 20
-10.6217
 10
-4.3303
 20
-10.5905
 10
-4.3328
 20
-10.5863
 10
-4.3514
 20
-10.555
 10
-4.3539
 20
-10.5508
 10
-4.3722
 20
-10.5193
 10
-4.3747
 20
-10.5151
 10
-4.3927
 20
-10.4835
 10
-4.3951
 20
-10.4792
 10
-4.413
 20
-10.4474
 10
-4.4153
 20
-10.4432
 10
-4.4329
 20
-10.4113
 10
-4.4352
 20
-10.407
 10
-4.4525
 20
-10.3749
 10
-4.4549
 20
-10.3706
 10
-4.4719
 20
-10.3384
 10
-4.4742
 20
-10.3341
 10
-4.4909
 20
-10.3017
 10
-4.4932
 20
-10.2974
 10
-4.5097
 20
-10.2649
 10
-4.5119
 20
-10.2605
 10
-4.5281
 20
-10.228
 10
-4.5303
 20
-10.2236
 10
-4.5463
 20
-10.1908
 10
-4.5484
 20
-10.1864
 10
-4.5641
 20
-10.1536
 10
-4.5662
 20
-10.1491
 10
-4.5816
 20
-10.1162
 10
-4.5837
 20
-10.1117
 10
-4.5988
 20
-10.0786
 10
-4.6009
 20
-10.0741
 10
-4.6158
 20
-10.0409
 10
-4.6177
 20
-10.0364
 10
-4.6324
 20
-10.0031
 10
-4.6343
 20
-9.9986
 10
-4.6487
 20
-9.9651
 10
-4.6506
 20
-9.9606
 10
-4.6646
 20
-9.927
 10
-4.6665
 20
-9.9225
 10
-4.6803
 20
-9.8888
 10
-4.6822
 20
-9.8842
 10
-4.6957
 20
-9.8504
 10
-4.6975
 20
-9.8459
 10
-4.7107
 20
-9.812
 10
-4.7125
 20
-9.8074
 10
-4.7255
 20
-9.7734
 10
-4.7272
 20
-9.7688
 10
-4.7399
 20
-9.7346
 10
-4.7416
 20
-9.73
 10
-4.754
 20
-9.6958
 10
-4.7556
 20
-9.6912
 10
-4.7677
 20
-9.6569
 10
-4.7694
 20
-9.6522
 10
-4.7812
 20
-9.6178
 10
-4.7828
 20
-9.6131
 10
-4.7943
 20
-9.5786
 10
-4.7959
 20
-9.574
 10
-4.8072
 20
-9.5393
 10
-4.8087
 20
-9.5347
 10
-4.8197
 20
-9.5
 10
-4.8211
 20
-9.4953
 10
-4.8318
 20
-9.4605
 10
-4.8333
 20
-9.4558
 10
-4.8437
 20
-9.4209
 10
-4.8451
 20
-9.4162
 10
-4.8552
 20
-9.3812
 10
-4.8566
 20
-9.3765
 10
-4.8664
 20
-9.3415
 10
-4.8677
 20
-9.3367
 10
-4.8773
 20
-9.3016
 10
-4.8786
 20
-9.2969
 10
-4.8878
 20
-9.2617
 10
-4.8891
 20
-9.2569
 10
-4.8981
 20
-9.2216
 10
-4.8992
 20
-9.2169
 10
-4.908
 20
-9.1815
 10
-4.9091
 20
-9.1767
 10
-4.9175
 20
-9.1413
 10
-4.9186
 20
-9.1365
 10
-4.9268
 20
-9.1011
 10
-4.9278
 20
-9.0963
 10
-4.9357
 20
-9.0607
 10
-4.9367
 20
-9.0559
 10
-4.9442
 20
-9.0203
 10
-4.9452
 20
-9.0155
 10
-4.9525
 20
-8.9798
 10
-4.9534
 20
-8.975
 10
-4.9604
 20
-8.9393
 10
-4.9613
 20
-8.9344
 10
-4.968
 20
-8.8986
 10
-4.9689
 20
-8.8938
 10
-4.9752
 20
-8.858
 10
-4.9761
 20
-8.8531
 10
-4.9821
 20
-8.8172
 10
-4.9829
 20
-8.8124
 10
-4.9887
 20
-8.7765
 10
-4.9895
 20
-8.7716
 10
-4.995
 20
-8.7356
 10
-4.9957
 20
-8.7308
 10
-5.0009
 20
-8.6947
 10
-5.0016
 20
-8.6899
 10
-5.0065
 20
-8.6538
 10
-5.0071
 20
-8.6489
 10
-5.0117
 20
-8.6128
 10
-5.0123
 20
-8.6079
 10
-5.0166
 20
-8.5718
 10
-5.0172
 20
-8.5669
 10
-5.0212
 20
-8.5307
 10
-5.0217
 20
-8.5258
 10
-5.0254
 20
-8.4896
 10
-5.0259
 20
-8.4847
 10
-5.0293
 20
-8.4485
 10
-5.0298
 20
-8.4436
 10
-5.0329
 20
-8.4073
 10
-5.0333
 20
-8.4024
 10
-5.0361
 20
-8.3661
 10
-5.0365
 20
-8.3613
 10
-5.039
 20
-8.3249
 10
-5.0393
 20
-8.32
 10
-5.0416
 20
-8.2837
 10
-5.0419
 20
-8.2788
 10
-5.0438
 20
-8.2424
 10
-5.044
 20
-8.2375
 10
-5.0457
 20
-8.2012
 10
-5.0459
 20
-8.1963
 10
-5.0472
 20
-8.1599
 10
-5.0474
 20
-8.155
 10
-5.0484
 20
-8.1186
 10
-5.0485
 20
-8.1137
 10
-5.0493
 20
-8.0773
 10
-5.0494
 20
-8.0724
 10
-5.0498
 20
-8.036
 10
-5.0498
 20
-8.0311
 10
-5.05
 20
-7.9947
 10
-5.05
 20
-7.9897
 10
-5.0498
 20
-7.9533
 10
-5.0498
 20
-7.9484
 10
-5.0494
 20
-7.912
 10
-5.0493
 20
-7.9071
 10
-5.0485
 20
-7.8707
 10
-5.0484
 20
-7.8658
 10
-5.0474
 20
-7.8294
 10
-5.0472
 20
-7.8245
 10
-5.0459
 20
-7.7881
 10
-5.0457
 20
-7.7832
 10
-5.044
 20
-7.7469
 10
-5.0438
 20
-7.742
 10
-5.0419
 20
-7.7056
 10
-5.0416
 20
-7.7007
 10
-5.0393
 20
-7.6644
 10
-5.039
 20
-7.6595
 10
-5.0365
 20
-7.6231
 10
-5.0361
 20
-7.6183
 10
-5.0333
 20
-7.582
 10
-5.0329
 20
-7.5771
 10
-5.0298
 20
-7.5408
 10
-5.0293
 20
-7.5359
 10
-5.0259
 20
-7.4997
 10
-5.0254
 20
-7.4948
 10
-5.0217
 20
-7.4586
 10
-5.0212
 20
-7.4537
 10
-5.0172
 20
-7.4175
 10
-5.0166
 20
-7.4126
 10
-5.0123
 20
-7.3765
 10
-5.0117
 20
-7.3716
 10
-5.0071
 20
-7.3355
 10
-5.0065
 20
-7.3306
 10
-5.0016
 20
-7.2945
 10
-5.0009
 20
-7.2897
 10
-4.9957
 20
-7.2536
 10
-4.995
 20
-7.2488
 10
-4.9895
 20
-7.2128
 10
-4.9887
 20
-7.2079
 10
-4.9829
 20
-7.172
 10
-4.9821
 20
-7.1672
 10
-4.9761
 20
-7.1313
 10
-4.9752
 20
-7.1264
 10
-4.9689
 20
-7.0906
 10
-4.968
 20
-7.0858
 10
-4.9613
 20
-7.05
 10
-4.9604
 20
-7.0451
 10
-4.9534
 20
-7.0094
 10
-4.9525
 20
-7.0046
 10
-4.9452
 20
-6.9689
 10
-4.9442
 20
-6.9641
 10
-4.9367
 20
-6.9285
 10
-4.9357
 20
-6.9237
 10
-4.9278
 20
-6.8881
 10
-4.9268
 20
-6.8833
 10
-4.9186
 20
-6.8479
 10
-4.9175
 20
-6.8431
 10
-4.9091
 20
-6.8077
 10
-4.908
 20
-6.8029
 10
-4.8992
 20
-6.7675
 10
-4.8981
 20
-6.7628
 10
-4.8891
 20
-6.7275
 10
-4.8878
 20
-6.7227
 10
-4.8786
 20
-6.6875
 10
-4.8773
 20
-6.6828
 10
-4.8677
 20
-6.6477
 10
-4.8664
 20
-6.6429
 10
-4.8566
 20
-6.6079
 10
-4.8552
 20
-6.6032
 10
-4.8451
 20
-6.5682
 10
-4.8437
 20
-6.5635
 10
-4.8333
 20
-6.5286
 10
-4.8318
 20
-6.5239
 10
-4.8211
 20
-6.4891
 10
-4.8197
 20
-6.4844
 10
-4.8087
 20
-6.4497
 10
-4.8072
 20
-6.4451
 10
-4.7959
 20
-6.4104
 10
-4.7943
 20
-6.4058
 10
-4.7828
 20
-6.3713
 10
-4.7812
 20
-6.3666
 10
-4.7694
 20
-6.3322
 10
-4.7677
 20
-6.3275
 10
-4.7556
 20
-6.2932
 10
-4.754
 20
-6.2886
 10
-4.7416
 20
-6.2544
 10
-4.7399
 20
-6.2498
 10
-4.7272
 20
-6.2156
 10
-4.7255
 20
-6.211
 10
-4.7125
 20
-6.177
 10
-4.7107
 20
-6.1724
 10
-4.6975
 20
-6.1385
 10
-4.6957
 20
-6.134
 10
-4.6822
 20
-6.1002
 10
-4.6803
 20
-6.0956
 10
-4.6665
 20
-6.0619
 10
-4.6646
 20
-6.0574
 10
-4.6506
 20
-6.0238
 10
-4.6487
 20
-6.0193
 10
-4.6343
 20
-5.9858
 10
-4.6324
 20
-5.9813
 10
-4.6177
 20
-5.948
 10
-4.6158
 20
-5.9435
 10
-4.6009
 20
-5.9103
 10
-4.5988
 20
-5.9058
 10
-4.5837
 20
-5.8727
 10
-4.5816
 20
-5.8682
 10
-4.5662
 20
-5.8353
 10
-4.5641
 20
-5.8308
 10
-4.5484
 20
-5.798
 10
-4.5463
 20
-5.7936
 10
-4.5303
 20
-5.7608
 10
-4.5281
 20
-5.7564
 10
-4.5119
 20
-5.7239
 10
-4.5097
 20
-5.7195
 10
-4.4932
 20
-5.687
 10
-4.4909
 20
-5.6827
 10
-4.4742
 20
-5.6503
 10
-4.4719
 20
-5.646
 10
-4.4549
 20
-5.6138
 10
-4.4525
 20
-5.6095
 10
-4.4352
 20
-5.5774
 10
-4.4329
 20
-5.5731
 10
-4.4153
 20
-5.5412
 10
-4.413
 20
-5.537
 10
-4.3951
 20
-5.5052
 10
-4.3927
 20
-5.5009
 10
-4.3747
 20
-5.4693
 10
-4.3722
 20
-5.4651
 10
-4.3539
 20
-5.4336
 10
-4.3514
 20
-5.4294
 10
-4.3328
 20
-5.3981
 10
-4.3303
 20
-5.3939
 10
-4.3114
 20
-5.3627
 10
-4.3089
 20
-5.3585
 10
-4.2898
 20
-5.3275
 10
-4.2872
 20
-5.3234
 10
-4.2678
 20
-5.2925
 10
-4.2652
 20
-5.2884
 10
-4.2456
 20
-5.2577
 10
-4.2429
 20
-5.2536
 10
-4.2231
 20
-5.2231
 10
-4.2204
 20
-5.219
 10
-4.2003
 20
-5.1886
 10
-4.1976
 20
-5.1845
 10
-4.1772
 20
-5.1543
 10
-4.1744
 20
-5.1503
 10
-4.1538
 20
-5.1203
 10
-4.1511
 20
-5.1162
 10
-4.1302
 20
-5.0864
 10
-4.1274
 20
-5.0824
 10
-4.1063
 20
-5.0527
 10
-4.1034
 20
-5.0487
 10
-4.0821
 20
-5.0192
 10
-4.0792
 20
-5.0152
 10
-4.0577
 20
-4.9859
 10
-4.0547
 20
-4.982
 10
-4.0329
 20
-4.9528
 10
-4.03
 20
-4.9489
 10
-4.0079
 20
-4.9199
 10
-4.0049
 20
-4.916
 10
-3.9827
 20
-4.8872
 10
-3.9796
 20
-4.8833
 10
-3.9571
 20
-4.8547
 10
-3.9541
 20
-4.8509
 10
-3.9313
 20
-4.8225
 10
-3.9282
 20
-4.8187
 10
-3.9053
 20
-4.7904
 10
-3.9021
 20
-4.7866
 10
-3.8789
 20
-4.7586
 10
-3.8758
 20
-4.7548
 10
-3.8523
 20
-4.7269
 10
-3.8492
 20
-4.7232
 10
-3.8255
 20
-4.6955
 10
-3.8223
 20
-4.6918
 10
-3.7984
 20
-4.6644
 10
-3.7952
 20
-4.6607
 10
-3.7711
 20
-4.6334
 10
-3.7678
 20
-4.6297
 10
-3.7434
 20
-4.6026
 10
-3.7402
 20
-4.599
 10
-3.7156
 20
-4.5721
 10
-3.7123
 20
-4.5685
 10
-3.6875
 20
-4.5419
 10
-3.6841
 20
-4.5383
 10
-3.6591
 20
-4.5118
 10
-3.6558
 20
-4.5082
 10
-3.6305
 20
-4.482
 10
-3.6271
 20
-4.4785
 10
-3.6017
 20
-4.4524
 10
-3.5983
 20
-4.4489
 10
-3.5726
 20
-4.423
 10
-3.5692
 20
-4.4196
 10
-3.5433
 20
-4.3939
 10
-3.5398
 20
-4.3905
 10
-3.5137
 20
-4.3651
 10
-3.5102
 20
-4.3617
 10
-3.484
 20
-4.3364
 10
-3.4804
 20
-4.3331
 10
-3.4539
 20
-4.3081
 10
-3.4503
 20
-4.3047
 10
-3.4237
 20
-4.2799
 10
-3.4201
 20
-4.2766
 10
-3.3932
 20
-4.252
 10
-3.3896
 20
-4.2488
 10
-3.3625
 20
-4.2244
 10
-3.3588
 20
-4.2211
 10
-3.3315
 20
-4.197
 10
-3.3278
 20
-4.1938
 10
-3.3004
 20
-4.1699
 10
-3.2967
 20
-4.1667
 10
-3.269
 20
-4.143
 10
-3.2653
 20
-4.1399
 10
-3.2374
 20
-4.1164
 10
-3.2336
 20
-4.1133
 10
-3.2056
 20
-4.0901
 10
-3.2018
 20
-4.0869
 10
-3.1735
 20
-4.064
 10
-3.1697
 20
-4.0609
 10
-3.1413
 20
-4.0381
 10
-3.1375
 20
-4.0351
 10
-3.1089
 20
-4.0126
 10
-3.105
 20
-4.0095
 10
-3.0762
 20
-3.9873
 10
-3.0723
 20
-3.9843
 10
-3.0433
 20
-3.9622
 10
-3.0394
 20
-3.9593
 10
-3.0102
 20
-3.9375
 10
-3.0063
 20
-3.9345
 10
-2.977
 20
-3.913
 10
-2.973
 20
-3.9101
 10
-2.9435
 20
-3.8888
 10
-2.9395
 20
-3.8859
 10
-2.9098
 20
-3.8648
 10
-2.9058
 20
-3.862
 10
-2.876
 20
-3.8411
 10
-2.8719
 20
-3.8384
 10
-2.8419
 20
-3.8178
 10
-2.8379
 20
-3.815
 10
-2.8077
 20
-3.7946
 10
-2.8036
 20
-3.7919
 10
-2.7732
 20
-3.7718
 10
-2.7691
 20
-3.7691
 10
-2.7386
 20
-3.7493
 10
-2.7345
 20
-3.7466
 10
-2.7038
 20
-3.727
 10
-2.6997
 20
-3.7244
 10
-2.6688
 20
-3.705
 10
-2.6647
 20
-3.7024
 10
-2.6337
 20
-3.6833
 10
-2.6295
 20
-3.6808
 10
-2.5983
 20
-3.6619
 10
-2.5941
 20
-3.6594
 10
-2.5628
 20
-3.6408
 10
-2.5586
 20
-3.6383
 10
-2.5271
 20
-3.62
 10
-2.5229
 20
-3.6175
 10
-2.4913
 20
-3.5995
 10
-2.487
 20
-3.5971
 10
-2.4552
 20
-3.5792
 10
-2.451
 20
-3.5769
 10
-2.4191
 20
-3.5593
 10
-2.4148
 20
-3.557
 10
-2.3827
 20
-3.5397
 10
-2.3784
 20
-3.5373
 10
-2.3462
 20
-3.5203
 10
-2.3419
 20
-3.518
 10
-2.3095
 20
-3.5013
 10
-2.3052
 20
-3.499
 10
-2.2727
 20
-3.4825
 10
-2.2683
 20
-3.4803
 10
-2.2358
 20
-3.4641
 10
-2.2314
 20
-3.4619
 10
-2.1986
 20
-3.4459
 10
-2.1942
 20
-3.4438
 10
-2.1614
 20
-3.4281
 10
-2.1569
 20
-3.426
 10
-2.124
 20
-3.4106
 10
-2.1195
 20
-3.4085
 10
-2.0864
 20
-3.3934
 10
-2.0819
 20
-3.3913
 10
-2.0487
 20
-3.3764
 10
-2.0442
 20
-3.3745
 10
-2.0109
 20
-3.3598
 10
-2.0064
 20
-3.3579
 10
-1.9729
 20
-3.3435
 10
-1.9684
 20
-3.3416
 10
-1.9348
 20
-3.3276
 10
-1.9303
 20
-3.3257
 10
-1.8966
 20
-3.3119
 10
-1.892
 20
-3.31
 10
-1.8582
 20
-3.2965
 10
-1.8537
 20
-3.2947
 10
-1.8198
 20
-3.2815
 10
-1.8152
 20
-3.2797
 10
-1.7812
 20
-3.2667
 10
-1.7766
 20
-3.265
 10
-1.7424
 20
-3.2523
 10
-1.7378
 20
-3.2506
 10
-1.7036
 20
-3.2382
 10
-1.699
 20
-3.2366
 10
-1.6647
 20
-3.2245
 10
-1.66
 20
-3.2228
 10
-1.6256
 20
-3.211
 10
-1.6209
 20
-3.2094
 10
-1.5864
 20
-3.1979
 10
-1.5818
 20
-3.1963
 10
-1.5471
 20
-3.185
 10
-1.5425
 20
-3.1835
 10
-1.5078
 20
-3.1725
 10
-1.5031
 20
-3.1711
 10
-1.4683
 20
-3.1604
 10
-1.4636
 20
-3.1589
 10
-1.4287
 20
-3.1485
 10
-1.424
 20
-3.1471
 10
-1.389
 20
-3.137
 10
-1.3843
 20
-3.1356
 10
-1.3493
 20
-3.1258
 10
-1.3445
 20
-3.1245
 10
-1.3094
 20
-3.1149
 10
-1.3047
 20
-3.1136
 10
-1.2695
 20
-3.1044
 10
-1.2647
 20
-3.1031
 10
-1.2294
 20
-3.0941
 10
-1.2247
 20
-3.093
 10
-1.1893
 20
-3.0842
 10
-1.1845
 20
-3.0831
 10
-1.1491
 20
-3.0747
 10
-1.1443
 20
-3.0736
 10
-1.1089
 20
-3.0654
 10
-1.1041
 20
-3.0644
 10
-1.0685
 20
-3.0565
 10
-1.0637
 20
-3.0555
 10
-1.0281
 20
-3.048
 10
-1.0233
 20
-3.047
 10
-0.9876
 20
-3.0397
 10
-0.9828
 20
-3.0388
 10
-0.9471
 20
-3.0318
 10
-0.9422
 20
-3.0309
 10
-0.9064
 20
-3.0242
 10
-0.9016
 20
-3.0233
 10
-0.8658
 20
-3.017
 10
-0.8609
 20
-3.0161
 10
-0.825
 20
-3.0101
 10
-0.8202
 20
-3.0093
 10
-0.7843
 20
-3.0035
 10
-0.7794
 20
-3.0027
 10
-0.7434
 20
-2.9972
 10
-0.7386
 20
-2.9965
 10
-0.7025
 20
-2.9913
 10
-0.6977
 20
-2.9906
 10
-0.6616
 20
-2.9857
 10
-0.6567
 20
-2.9851
 10
-0.6206
 20
-2.9805
 10
-0.6157
 20
-2.9799
 10
-0.5796
 20
-2.9756
 10
-0.5747
 20
-2.975
 10
-0.5385
 20
-2.971
 10
-0.5336
 20
-2.9705
 10
-0.4974
 20
-2.9668
 10
-0.4925
 20
-2.9663
 10
-0.4563
 20
-2.9629
 10
-0.4514
 20
-2.9624
 10
-0.4151
 20
-2.9593
 10
-0.4102
 20
-2.9589
 10
-0.3739
 20
-2.9561
 10
-0.3691
 20
-2.9557
 10
-0.3327
 20
-2.9532
 10
-0.3278
 20
-2.9529
 10
-0.2915
 20
-2.9506
 10
-0.2866
 20
-2.9503
 10
-0.2502
 20
-2.9484
 10
-0.2453
 20
-2.9482
 10
-0.209
 20
-2.9465
 10
-0.2041
 20
-2.9463
 10
-0.1677
 20
-2.945
 10
-0.1628
 20
-2.9448
 10
-0.1264
 20
-2.9438
 10
-0.1215
 20
-2.9437
 10
-0.0851
 20
-2.9429
 10
-0.0802
 20
-2.9428
 10
-0.0438
 20
-2.9424
 10
-0.0389
 20
-2.9424
 10
-0.0025
 20
-2.9422
 10
0.0025
 20
-2.9422
 10
0.0389
 20
-2.9424
 10
0.0438
 20
-2.9424
 10
0.0802
 20
-2.9428
 10
0.0851
 20
-2.9429
 10
0.1215
 20
-2.9437
 10
0.1264
 20
-2.9438
 10
0.1628
 20
-2.9448
 10
0.1677
 20
-2.945
 10
0.2041
 20
-2.9463
 10
0.209
 20
-2.9465
 10
0.2453
 20
-2.9482
 10
0.2502
 20
-2.9484
 10
0.2866
 20
-2.9503
 10
0.2915
 20
-2.9506
 10
0.3278
 20
-2.9529
 10
0.3327
 20
-2.9532
 10
0.3691
 20
-2.9557
 10
0.3739
 20
-2.9561
 10
0.4102
 20
-2.9589
 10
0.4151
 20
-2.9593
 10
0.4514
 20
-2.9624
 10
0.4563
 20
-2.9629
 10
0.4925
 20
-2.9663
 10
0.4974
 20
-2.9668
 10
0.5336
 20
-2.9705
 10
0.5385
 20
-2.971
 10
0.5747
 20
-2.975
 10
0.5796
 20
-2.9756
 10
0.6157
 20
-2.9799
 10
0.6206
 20
-2.9805
 10
0.6567
 20
-2.9851
 10
0.6616
 20
-2.9857
 10
0.6977
 20
-2.9906
 10
0.7025
 20
-2.9913
 10
0.7386
 20
-2.9965
 10
0.7434
 20
-2.9972
 10
0.7794
 20
-3.0027
 10
0.7843
 20
-3.0035
 10
0.8202
 20
-3.0093
 10
0.825
 20
-3.0101
 10
0.8609
 20
-3.0161
 10
0.8658
 20
-3.017
 10
0.9016
 20
-3.0233
 10
0.9064
 20
-3.0242
 10
0.9422
 20
-3.0309
 10
0.9471
 20
-3.0318
 10
0.9828
 20
-3.0388
 10
0.9876
 20
-3.0397
 10
1.0233
 20
-3.047
 10
1.0281
 20
-3.048
 10
1.0637
 20
-3.0555
 10
1.0685
 20
-3.0565
 10
1.1041
 20
-3.0644
 10
1.1089
 20
-3.0654
 10
1.1443
 20
-3.0736
 10
1.1491
 20
-3.0747
 10
1.1845
 20
-3.0831
 10
1.1893
 20
-3.0842
 10
1.2247
 20
-3.093
 10
1.2294
 20
-3.0941
 10
1.2647
 20
-3.1031
 10
1.2695
 20
-3.1044
 10
1.3047
 20
-3.1136
 10
1.3094
 20
-3.1149
 10
1.3445
 20
-3.1245
 10
1.3493
 20
-3.1258
 10
1.3843
 20
-3.1356
 10
1.389
 20
-3.137
 10
1.424
 20
-3.1471
 10
1.4287
 20
-3.1485
 10
1.4636
 20
-3.1589
 10
1.4683
 20
-3.1604
 10
1.5031
 20
-3.1711
 10
1.5078
 20
-3.1725
 10
1.5425
 20
-3.1835
 10
1.5471
 20
-3.185
 10
1.5818
 20
-3.1963
 10
1.5864
 20
-3.1979
 10
1.6209
 20
-3.2094
 10
1.6256
 20
-3.211
 10
1.66
 20
-3.2228
 10
1.6647
 20
-3.2245
 10
1.699
 20
-3.2366
 10
1.7036
 20
-3.2382
 10
1.7378
 20
-3.2506
 10
1.7424
 20
-3.2523
 10
1.7766
 20
-3.265
 10
1.7812
 20
-3.2667
 10
1.8152
 20
-3.2797
 10
1.8198
 20
-3.2815
 10
1.8537
 20
-3.2947
 10
1.8582
 20
-3.2965
 10
1.892
 20
-3.31
 10
1.8966
 20
-3.3119
 10
1.9303
 20
-3.3257
 10
1.9348
 20
-3.3276
 10
1.9684
 20
-3.3416
 10
1.9729
 20
-3.3435
 10
2.0064
 20
-3.3579
 10
2.0109
 20
-3.3598
 10
2.0442
 20
-3.3745
 10
2.0487
 20
-3.3764
 10
2.0819
 20
-3.3913
 10
2.0864
 20
-3.3934
 10
2.1195
 20
-3.4085
 10
2.124
 20
-3.4106
 10
2.1569
 20
-3.426
 10
2.1614
 20
-3.4281
 10
2.1942
 20
-3.4438
 10
2.1986
 20
-3.4459
 10
2.2314
 20
-3.4619
 10
2.2358
 20
-3.4641
 10
2.2683
 20
-3.4803
 10
2.2727
 20
-3.4825
 10
2.3052
 20
-3.499
 10
2.3095
 20
-3.5013
 10
2.3419
 20
-3.518
 10
2.3462
 20
-3.5203
 10
2.3784
 20
-3.5373
 10
2.3827
 20
-3.5397
 10
2.4148
 20
-3.557
 10
2.4191
 20
-3.5593
 10
2.451
 20
-3.5769
 10
2.4552
 20
-3.5792
 10
2.487
 20
-3.5971
 10
2.4913
 20
-3.5995
 10
2.5229
 20
-3.6175
 10
2.5271
 20
-3.62
 10
2.5586
 20
-3.6383
 10
2.5628
 20
-3.6408
 10
2.5941
 20
-3.6594
 10
2.5983
 20
-3.6619
 10
2.6295
 20
-3.6808
 10
2.6337
 20
-3.6833
 10
2.6647
 20
-3.7024
 10
2.6688
 20
-3.705
 10
2.6997
 20
-3.7244
 10
2.7038
 20
-3.727
 10
2.7345
 20
-3.7466
 10
2.7386
 20
-3.7493
 10
2.7691
 20
-3.7691
 10
2.7732
 20
-3.7718
 10
2.8036
 20
-3.7919
 10
2.8077
 20
-3.7946
 10
2.8379
 20
-3.815
 10
2.8419
 20
-3.8178
 10
2.8719
 20
-3.8384
 10
2.876
 20
-3.8411
 10
2.9058
 20
-3.862
 10
2.9098
 20
-3.8648
 10
2.9395
 20
-3.8859
 10
2.9435
 20
-3.8888
 10
2.973
 20
-3.9101
 10
2.977
 20
-3.913
 10
3.0063
 20
-3.9345
 10
3.0102
 20
-3.9375
 10
3.0394
 20
-3.9593
 10
3.0433
 20
-3.9622
 10
3.0723
 20
-3.9843
 10
3.0762
 20
-3.9873
 10
3.105
 20
-4.0095
 10
3.1089
 20
-4.0126
 10
3.1375
 20
-4.0351
 10
3.1413
 20
-4.0381
 10
3.1697
 20
-4.0609
 10
3.1735
 20
-4.064
 10
3.2018
 20
-4.0869
 10
3.2056
 20
-4.0901
 10
3.2336
 20
-4.1133
 10
3.2374
 20
-4.1164
 10
3.2653
 20
-4.1399
 10
3.269
 20
-4.143
 10
3.2967
 20
-4.1667
 10
3.3004
 20
-4.1699
 10
3.3278
 20
-4.1938
 10
3.3315
 20
-4.197
 10
3.3588
 20
-4.2211
 10
3.3625
 20
-4.2244
 10
3.3896
 20
-4.2488
 10
3.3932
 20
-4.252
 10
3.4201
 20
-4.2766
 10
3.4237
 20
-4.2799
 10
3.4503
 20
-4.3047
 10
3.4539
 20
-4.3081
 10
3.4804
 20
-4.3331
 10
3.484
 20
-4.3364
 10
3.5102
 20
-4.3617
 10
3.5137
 20
-4.3651
 10
3.5398
 20
-4.3905
 10
3.5433
 20
-4.3939
 10
3.5692
 20
-4.4196
 10
3.5726
 20
-4.423
 10
3.5983
 20
-4.4489
 10
3.6017
 20
-4.4524
 10
3.6271
 20
-4.4785
 10
3.6305
 20
-4.482
 10
3.6558
 20
-4.5082
 10
3.6591
 20
-4.5118
 10
3.6841
 20
-4.5383
 10
3.6875
 20
-4.5419
 10
3.7123
 20
-4.5685
 10
3.7156
 20
-4.5721
 10
3.7402
 20
-4.599
 10
3.7434
 20
-4.6026
 10
3.7678
 20
-4.6297
 10
3.7711
 20
-4.6334
 10
3.7952
 20
-4.6607
 10
3.7984
 20
-4.6644
 10
3.8223
 20
-4.6918
 10
3.8255
 20
-4.6955
 10
3.8492
 20
-4.7232
 10
3.8523
 20
-4.7269
 10
3.8758
 20
-4.7548
 10
3.8789
 20
-4.7586
 10
3.9021
 20
-4.7866
 10
3.9053
 20
-4.7904
 10
3.9282
 20
-4.8187
 10
3.9313
 20
-4.8225
 10
3.9541
 20
-4.8509
 10
3.9571
 20
-4.8547
 10
3.9796
 20
-4.8833
 10
3.9827
 20
-4.8872
 10
4.0049
 20
-4.916
 10
4.0079
 20
-4.9199
 10
4.03
 20
-4.9489
 10
4.0329
 20
-4.9528
 10
4.0547
 20
-4.982
 10
4.0577
 20
-4.9859
 10
4.0792
 20
-5.0152
 10
4.0821
 20
-5.0192
 10
4.1034
 20
-5.0487
 10
4.1063
 20
-5.0527
 10
4.1274
 20
-5.0824
 10
4.1302
 20
-5.0864
 10
4.1511
 20
-5.1162
 10
4.1538
 20
-5.1203
 10
4.1744
 20
-5.1503
 10
4.1772
 20
-5.1543
 10
4.1976
 20
-5.1845
 10
4.2003
 20
-5.1886
 10
4.2204
 20
-5.219
 10
4.2231
 20
-5.2231
 10
4.2429
 20
-5.2536
 10
4.2456
 20
-5.2577
 10
4.2652
 20
-5.2884
 10
4.2678
 20
-5.2925
 10
4.2872
 20
-5.3234
 10
4.2898
 20
-5.3275
 10
4.3089
 20
-5.3585
 10
4.3114
 20
-5.3627
 10
4.3303
 20
-5.3939
 10
4.3328
 20
-5.3981
 10
4.3514
 20
-5.4294
 10
4.3539
 20
-5.4336
 10
4.3722
 20
-5.4651
 10
4.3747
 20
-5.4693
 10
4.3927
 20
-5.5009
 10
4.3951
 20
-5.5052
 10
4.413
 20
-5.537
 10
4.4153
 20
-5.5412
 10
4.4329
 20
-5.5731
 10
4.4352
 20
-5.5774
 10
4.4525
 20
-5.6095
 10
4.4549
 20
-5.6138
 10
4.4719
 20
-5.646
 10
4.4742
 20
-5.6503
 10
4.4909
 20
-5.6827
 10
4.4932
 20
-5.687
 10
4.5097
 20
-5.7195
 10
4.5119
 20
-5.7239
 10
4.5281
 20
-5.7564
 10
4.5303
 20
-5.7608
 10
4.5463
 20
-5.7936
 10
4.5484
 20
-5.798
 10
4.5641
 20
-5.8308
 10
4.5662
 20
-5.8353
 10
4.5816
 20
-5.8682
 10
4.5837
 20
-5.8727
 10
4.5988
 20
-5.9058
 10
4.6009
 20
-5.9103
 10
4.6158
 20
-5.9435
 10
4.6177
 20
-5.948
 10
4.6324
 20
-5.9813
 10
4.6343
 20
-5.9858
 10
4.6487
 20
-6.0193
 10
4.6506
 20
-6.0238
 10
4.6646
 20
-6.0574
 10
4.6665
 20
-6.0619
 10
4.6803
 20
-6.0956
 10
4.6822
 20
-6.1002
 10
4.6957
 20
-6.134
 10
4.6975
 20
-6.1385
 10
4.7107
 20
-6.1724
 10
4.7125
 20
-6.177
 10
4.7255
 20
-6.211
 10
4.7272
 20
-6.2156
 10
4.7399
 20
-6.2498
 10
4.7416
 20
-6.2544
 10
4.754
 20
-6.2886
 10
4.7556
 20
-6.2932
 10
4.7677
 20
-6.3275
 10
4.7694
 20
-6.3322
 10
4.7812
 20
-6.3666
 10
4.7828
 20
-6.3713
 10
4.7943
 20
-6.4058
 10
4.7959
 20
-6.4104
 10
4.8072
 20
-6.4451
 10
4.8087
 20
-6.4497
 10
4.8197
 20
-6.4844
 10
4.8211
 20
-6.4891
 10
4.8318
 20
-6.5239
 10
4.8333
 20
-6.5286
 10
4.8437
 20
-6.5635
 10
4.8451
 20
-6.5682
 10
4.8552
 20
-6.6032
 10
4.8566
 20
-6.6079
 10
4.8664
 20
-6.6429
 10
4.8677
 20
-6.6477
 10
4.8773
 20
-6.6828
 10
4.8786
 20
-6.6875
 10
4.8878
 20
-6.7227
 10
4.8891
 20
-6.7275
 10
4.8981
 20
-6.7628
 10
4.8992
 20
-6.7675
 10
4.908
 20
-6.8029
 10
4.9091
 20
-6.8077
 10
4.9175
 20
-6.8431
 10
4.9186
 20
-6.8479
 10
4.9268
 20
-6.8833
 10
4.9278
 20
-6.8881
 10
4.9357
 20
-6.9237
 10
4.9367
 20
-6.9285
 10
4.9442
 20
-6.9641
 10
4.9452
 20
-6.9689
 10
4.9525
 20
-7.0046
 10
4.9534
 20
-7.0094
 10
4.9604
 20
-7.0451
 10
4.9613
 20
-7.05
 10
4.968
 20
-7.0858
 10
4.9689
 20
-7.0906
 10
4.9752
 20
-7.1264
 10
4.9761
 20
-7.1313
 10
4.9821
 20
-7.1672
 10
4.9829
 20
-7.172
 10
4.9887
 20
-7.2079
 10
4.9895
 20
-7.2128
 10
4.995
 20
-7.2488
 10
4.9957
 20
-7.2536
 10
5.0009
 20
-7.2897
 10
5.0016
 20
-7.2945
 10
5.0065
 20
-7.3306
 10
5.0071
 20
-7.3355
 10
5.0117
 20
-7.3716
 10
5.0123
 20
-7.3765
 10
5.0166
 20
-7.4126
 10
5.0172
 20
-7.4175
 10
5.0212
 20
-7.4537
 10
5.0217
 20
-7.4586
 10
5.0254
 20
-7.4948
 10
5.0259
 20
-7.4997
 10
5.0293
 20
-7.5359
 10
5.0298
 20
-7.5408
 10
5.0329
 20
-7.5771
 10
5.0333
 20
-7.582
 10
5.0361
 20
-7.6183
 10
5.0365
 20
-7.6231
 10
5.039
 20
-7.6595
 10
5.0393
 20
-7.6644
 10
5.0416
 20
-7.7007
 10
5.0419
 20
-7.7056
 10
5.0438
 20
-7.742
 10
5.044
 20
-7.7469
 10
5.0457
 20
-7.7832
 10
5.0459
 20
-7.7881
 10
5.0472
 20
-7.8245
 10
5.0474
 20
-7.8294
 10
5.0484
 20
-7.8658
 10
5.0485
 20
-7.8707
 10
5.0493
 20
-7.9071
 10
5.0494
 20
-7.912
 10
5.0498
 20
-7.9484
 10
5.0498
 20
-7.9533
 10
5.05
 20
-7.9897
 10
5.05
 20
-7.9947
 10
5.0498
 20
-8.0311
 10
5.0498
 20
-8.036
 10
5.0494
 20
-8.0724
  0
LWPOLYLINE
  5
11C
330
17
100
AcDbEntity
  8
ALTIN
100
AcDbPolyline
 90
1536
 70
1
 10
4.7486
 20
-7.8769
 10
4.7485
 20
-7.8744
 10
4.7475
 20
-7.838
 10
4.7474
 20
-7.8356
 10
4.7461
 20
-7.7992
 10
4.746
 20
-7.7967
 10
4.7443
 20
-7.7604
 10
4.7442
 20
-7.7579
 10
4.7423
 20
-7.7215
 10
4.7421
 20
-7.7191
 10
4.7399
 20
-7.6828
 10
4.7397
 20
-7.6803
 10
4.7372
 20
-7.644
 10
4.737
 20
-7.6415
 10
4.7342
 20
-7.6052
 10
4.734
 20
-7.6028
 10
4.7309
 20
-7.5665
 10
4.7307
 20
-7.5641
 10
4.7272
 20
-7.5278
 10
4.727
 20
-7.5254
 10
4.7233
 20
-7.4892
 10
4.723
 20
-7.4867
 10
4.719
 20
-7.4506
 10
4.7187
 20
-7.4481
 10
4.7144
 20
-7.412
 10
4.7141
 20
-7.4095
 10
4.7095
 20
-7.3734
 10
4.7092
 20
-7.371
 10
4.7043
 20
-7.3349
 10
4.704
 20
-7.3325
 10
4.6988
 20
-7.2964
 10
4.6984
 20
-7.294
 10
4.6929
 20
-7.258
 10
4.6925
 20
-7.2556
 10
4.6868
 20
-7.2197
 10
4.6864
 20
-7.2172
 10
4.6803
 20
-7.1813
 10
4.6799
 20
-7.1789
 10
4.6735
 20
-7.1431
 10
4.673
 20
-7.1407
 10
4.6664
 20
-7.1049
 10
4.6659
 20
-7.1025
 10
4.659
 20
-7.0667
 10
4.6585
 20
-7.0643
 10
4.6512
 20
-7.0286
 10
4.6507
 20
-7.0262
 10
4.6432
 20
-6.9906
 10
4.6427
 20
-6.9882
 10
4.6349
 20
-6.9527
 10
4.6343
 20
-6.9503
 10
4.6262
 20
-6.9148
 10
4.6256
 20
-6.9124
 10
4.6172
 20
-6.877
 10
4.6166
 20
-6.8746
 10
4.6079
 20
-6.8392
 10
4.6073
 20
-6.8369
 10
4.5984
 20
-6.8016
 10
4.5977
 20
-6.7992
 10
4.5885
 20
-6.764
 10
4.5878
 20
-6.7616
 10
4.5783
 20
-6.7265
 10
4.5776
 20
-6.7241
 10
4.5678
 20
-6.6891
 10
4.5671
 20
-6.6867
 10
4.5569
 20
-6.6518
 10
4.5562
 20
-6.6494
 10
4.5458
 20
-6.6145
 10
4.5451
 20
-6.6122
 10
4.5344
 20
-6.5774
 10
4.5337
 20
-6.575
 10
4.5227
 20
-6.5403
 10
4.5219
 20
-6.538
 10
4.5106
 20
-6.5034
 10
4.5099
 20
-6.501
 10
4.4983
 20
-6.4665
 10
4.4975
 20
-6.4642
 10
4.4857
 20
-6.4298
 10
4.4849
 20
-6.4275
 10
4.4727
 20
-6.3931
 10
4.4719
 20
-6.3908
 10
4.4595
 20
-6.3566
 10
4.4587
 20
-6.3543
 10
4.446
 20
-6.3202
 10
4.4451
 20
-6.3179
 10
4.4322
 20
-6.2838
 10
4.4313
 20
-6.2816
 10
4.418
 20
-6.2476
 10
4.4171
 20
-6.2454
 10
4.4036
 20
-6.2116
 10
4.4027
 20
-6.2093
 10
4.3889
 20
-6.1756
 10
4.388
 20
-6.1733
 10
4.3739
 20
-6.1397
 10
4.3729
 20
-6.1375
 10
4.3586
 20
-6.104
 10
4.3576
 20
-6.1018
 10
4.343
 20
-6.0684
 10
4.342
 20
-6.0662
 10
4.3271
 20
-6.033
 10
4.3261
 20
-6.0307
 10
4.3109
 20
-5.9976
 10
4.3099
 20
-5.9954
 10
4.2945
 20
-5.9624
 10
4.2934
 20
-5.9602
 10
4.2777
 20
-5.9274
 10
4.2767
 20
-5.9251
 10
4.2607
 20
-5.8924
 10
4.2596
 20
-5.8902
 10
4.2434
 20
-5.8576
 10
4.2423
 20
-5.8555
 10
4.2258
 20
-5.823
 10
4.2246
 20
-5.8208
 10
4.2079
 20
-5.7885
 10
4.2067
 20
-5.7863
 10
4.1897
 20
-5.7541
 10
4.1885
 20
-5.752
 10
4.1713
 20
-5.7199
 10
4.1701
 20
-5.7178
 10
4.1525
 20
-5.6859
 10
4.1513
 20
-5.6838
 10
4.1335
 20
-5.652
 10
4.1323
 20
-5.6499
 10
4.1142
 20
-5.6183
 10
4.113
 20
-5.6161
 10
4.0947
 20
-5.5847
 10
4.0934
 20
-5.5826
 10
4.0748
 20
-5.5513
 10
4.0736
 20
-5.5492
 10
4.0547
 20
-5.518
 10
4.0535
 20
-5.5159
 10
4.0344
 20
-5.4849
 10
4.0331
 20
-5.4828
 10
4.0137
 20
-5.452
 10
4.0124
 20
-5.4499
 10
3.9928
 20
-5.4192
 10
3.9915
 20
-5.4172
 10
3.9716
 20
-5.3867
 10
3.9703
 20
-5.3846
 10
3.9502
 20
-5.3543
 10
3.9488
 20
-5.3522
 10
3.9284
 20
-5.322
 10
3.9271
 20
-5.32
 10
3.9065
 20
-5.29
 10
3.9051
 20
-5.288
 10
3.8842
 20
-5.2581
 10
3.8828
 20
-5.2561
 10
3.8617
 20
-5.2264
 10
3.8603
 20
-5.2244
 10
3.839
 20
-5.1949
 10
3.8375
 20
-5.1929
 10
3.816
 20
-5.1636
 10
3.8145
 20
-5.1616
 10
3.7927
 20
-5.1325
 10
3.7912
 20
-5.1305
 10
3.7692
 20
-5.1016
 10
3.7677
 20
-5.0996
 10
3.7454
 20
-5.0708
 10
3.7439
 20
-5.0689
 10
3.7214
 20
-5.0403
 10
3.7198
 20
-5.0384
 10
3.6971
 20
-5.0099
 10
3.6956
 20
-5.008
 10
3.6726
 20
-4.9798
 10
3.671
 20
-4.9779
 10
3.6478
 20
-4.9498
 10
3.6462
 20
-4.948
 10
3.6228
 20
-4.9201
 10
3.6212
 20
-4.9182
 10
3.5975
 20
-4.8906
 10
3.5959
 20
-4.8887
 10
3.572
 20
-4.8612
 10
3.5704
 20
-4.8594
 10
3.5463
 20
-4.8321
 10
3.5447
 20
-4.8303
 10
3.5203
 20
-4.8032
 10
3.5187
 20
-4.8014
 10
3.4941
 20
-4.7745
 10
3.4925
 20
-4.7727
 10
3.4677
 20
-4.746
 10
3.466
 20
-4.7442
 10
3.441
 20
-4.7178
 10
3.4393
 20
-4.716
 10
3.4141
 20
-4.6897
 10
3.4124
 20
-4.688
 10
3.387
 20
-4.6619
 10
3.3853
 20
-4.6602
 10
3.3596
 20
-4.6343
 10
3.3579
 20
-4.6326
 10
3.332
 20
-4.6069
 10
3.3303
 20
-4.6052
 10
3.3042
 20
-4.5798
 10
3.3025
 20
-4.5781
 10
3.2762
 20
-4.5529
 10
3.2744
 20
-4.5512
 10
3.248
 20
-4.5262
 10
3.2462
 20
-4.5245
 10
3.2195
 20
-4.4997
 10
3.2177
 20
-4.4981
 10
3.1908
 20
-4.4735
 10
3.189
 20
-4.4719
 10
3.1619
 20
-4.4475
 10
3.1601
 20
-4.4459
 10
3.1328
 20
-4.4218
 10
3.131
 20
-4.4202
 10
3.1035
 20
-4.3963
 10
3.1016
 20
-4.3947
 10
3.074
 20
-4.371
 10
3.0721
 20
-4.3694
 10
3.0442
 20
-4.346
 10
3.0424
 20
-4.3444
 10
3.0143
 20
-4.3212
 10
3.0124
 20
-4.3196
 10
2.9842
 20
-4.2966
 10
2.9823
 20
-4.2951
 10
2.9538
 20
-4.2724
 10
2.9519
 20
-4.2708
 10
2.9233
 20
-4.2483
 10
2.9214
 20
-4.2468
 10
2.8926
 20
-4.2245
 10
2.8906
 20
-4.223
 10
2.8617
 20
-4.201
 10
2.8597
 20
-4.1995
 10
2.8306
 20
-4.1777
 10
2.8286
 20
-4.1762
 10
2.7993
 20
-4.1547
 10
2.7973
 20
-4.1532
 10
2.7678
 20
-4.1319
 10
2.7658
 20
-4.1305
 10
2.7361
 20
-4.1094
 10
2.7341
 20
-4.108
 10
2.7042
 20
-4.0871
 10
2.7022
 20
-4.0857
 10
2.6722
 20
-4.0651
 10
2.6702
 20
-4.0638
 10
2.64
 20
-4.0434
 10
2.6379
 20
-4.042
 10
2.6076
 20
-4.0219
 10
2.6055
 20
-4.0206
 10
2.575
 20
-4.0007
 10
2.573
 20
-3.9994
 10
2.5423
 20
-3.9798
 10
2.5402
 20
-3.9785
 10
2.5094
 20
-3.9591
 10
2.5073
 20
-3.9578
 10
2.4763
 20
-3.9387
 10
2.4742
 20
-3.9375
 10
2.443
 20
-3.9186
 10
2.4409
 20
-3.9174
 10
2.4096
 20
-3.8988
 10
2.4075
 20
-3.8975
 10
2.3761
 20
-3.8792
 10
2.3739
 20
-3.878
 10
2.3423
 20
-3.8599
 10
2.3402
 20
-3.8587
 10
2.3084
 20
-3.8409
 10
2.3063
 20
-3.8397
 10
2.2744
 20
-3.8221
 10
2.2723
 20
-3.8209
 10
2.2402
 20
-3.8037
 10
2.2381
 20
-3.8025
 10
2.2059
 20
-3.7855
 10
2.2037
 20
-3.7843
 10
2.1714
 20
-3.7676
 10
2.1692
 20
-3.7664
 10
2.1367
 20
-3.7499
 10
2.1346
 20
-3.7488
 10
2.102
 20
-3.7326
 10
2.0998
 20
-3.7315
 10
2.0671
 20
-3.7155
 10
2.0648
 20
-3.7145
 10
2.032
 20
-3.6988
 10
2.0298
 20
-3.6977
 10
1.9968
 20
-3.6823
 10
1.9946
 20
-3.6813
 10
1.9615
 20
-3.6661
 10
1.9592
 20
-3.6651
 10
1.926
 20
-3.6502
 10
1.9238
 20
-3.6492
 10
1.8904
 20
-3.6346
 10
1.8882
 20
-3.6336
 10
1.8547
 20
-3.6193
 10
1.8525
 20
-3.6183
 10
1.8189
 20
-3.6042
 10
1.8166
 20
-3.6033
 10
1.7829
 20
-3.5895
 10
1.7806
 20
-3.5886
 10
1.7468
 20
-3.5751
 10
1.7446
 20
-3.5742
 10
1.7106
 20
-3.5609
 10
1.7084
 20
-3.56
 10
1.6743
 20
-3.5471
 10
1.672
 20
-3.5462
 10
1.6379
 20
-3.5335
 10
1.6356
 20
-3.5327
 10
1.6014
 20
-3.5203
 10
1.5991
 20
-3.5195
 10
1.5647
 20
-3.5073
 10
1.5624
 20
-3.5065
 10
1.528
 20
-3.4947
 10
1.5257
 20
-3.4939
 10
1.4912
 20
-3.4823
 10
1.4888
 20
-3.4816
 10
1.4542
 20
-3.4703
 10
1.4519
 20
-3.4695
 10
1.4172
 20
-3.4585
 10
1.4148
 20
-3.4578
 10
1.38
 20
-3.4471
 10
1.3777
 20
-3.4464
 10
1.3428
 20
-3.436
 10
1.3404
 20
-3.4353
 10
1.3055
 20
-3.4251
 10
1.3031
 20
-3.4244
 10
1.2681
 20
-3.4146
 10
1.2657
 20
-3.4139
 10
1.2306
 20
-3.4044
 10
1.2282
 20
-3.4037
 10
1.193
 20
-3.3945
 10
1.1906
 20
-3.3938
 10
1.1553
 20
-3.3849
 10
1.153
 20
-3.3843
 10
1.1176
 20
-3.3756
 10
1.1152
 20
-3.375
 10
1.0798
 20
-3.3666
 10
1.0774
 20
-3.366
 10
1.0419
 20
-3.3579
 10
1.0395
 20
-3.3573
 10
1.004
 20
-3.3495
 10
1.0016
 20
-3.349
 10
0.966
 20
-3.3415
 10
0.9636
 20
-3.341
 10
0.9279
 20
-3.3337
 10
0.9255
 20
-3.3332
 10
0.8897
 20
-3.3263
 10
0.8873
 20
-3.3258
 10
0.8515
 20
-3.3192
 10
0.8491
 20
-3.3187
 10
0.8133
 20
-3.3123
 10
0.8109
 20
-3.3119
 10
0.775
 20
-3.3058
 10
0.7725
 20
-3.3054
 10
0.7366
 20
-3.2997
 10
0.7342
 20
-3.2993
 10
0.6982
 20
-3.2938
 10
0.6958
 20
-3.2934
 10
0.6597
 20
-3.2882
 10
0.6573
 20
-3.2879
 10
0.6212
 20
-3.283
 10
0.6188
 20
-3.2827
 10
0.5827
 20
-3.2781
 10
0.5802
 20
-3.2778
 10
0.5441
 20
-3.2735
 10
0.5416
 20
-3.2732
 10
0.5055
 20
-3.2692
 10
0.503
 20
-3.2689
 10
0.4668
 20
-3.2652
 10
0.4644
 20
-3.265
 10
0.4281
 20
-3.2615
 10
0.4257
 20
-3.2613
 10
0.3894
 20
-3.2582
 10
0.387
 20
-3.258
 10
0.3507
 20
-3.2552
 10
0.3482
 20
-3.255
 10
0.3119
 20
-3.2525
 10
0.3094
 20
-3.2523
 10
0.2731
 20
-3.2501
 10
0.2707
 20
-3.2499
 10
0.2343
 20
-3.248
 10
0.2318
 20
-3.2479
 10
0.1955
 20
-3.2462
 10
0.193
 20
-3.2461
 10
0.1566
 20
-3.2448
 10
0.1542
 20
-3.2447
 10
0.1178
 20
-3.2437
 10
0.1153
 20
-3.2436
 10
0.0789
 20
-3.2429
 10
0.0765
 20
-3.2428
 10
0.0401
 20
-3.2424
 10
0.0376
 20
-3.2424
 10
0.0012
 20
-3.2422
 10
-0.0012
 20
-3.2422
 10
-0.0376
 20
-3.2424
 10
-0.0401
 20
-3.2424
 10
-0.0765
 20
-3.2428
 10
-0.0789
 20
-3.2429
 10
-0.1153
 20
-3.2436
 10
-0.1178
 20
-3.2437
 10
-0.1542
 20
-3.2447
 10
-0.1566
 20
-3.2448
 10
-0.193
 20
-3.2461
 10
-0.1955
 20
-3.2462
 10
-0.2318
 20
-3.2479
 10
-0.2343
 20
-3.248
 10
-0.2707
 20
-3.2499
 10
-0.2731
 20
-3.2501
 10
-0.3094
 20
-3.2523
 10
-0.3119
 20
-3.2525
 10
-0.3482
 20
-3.255
 10
-0.3507
 20
-3.2552
 10
-0.387
 20
-3.258
 10
-0.3894
 20
-3.2582
 10
-0.4257
 20
-3.2613
 10
-0.4281
 20
-3.2615
 10
-0.4644
 20
-3.265
 10
-0.4668
 20
-3.2652
 10
-0.503
 20
-3.2689
 10
-0.5055
 20
-3.2692
 10
-0.5416
 20
-3.2732
 10
-0.5441
 20
-3.2735
 10
-0.5802
 20
-3.2778
 10
-0.5827
 20
-3.2781
 10
-0.6188
 20
-3.2827
 10
-0.6212
 20
-3.283
 10
-0.6573
 20
-3.2879
 10
-0.6597
 20
-3.2882
 10
-0.6958
 20
-3.2934
 10
-0.6982
 20
-3.2938
 10
-0.7342
 20
-3.2993
 10
-0.7366
 20
-3.2997
 10
-0.7725
 20
-3.3054
 10
-0.775
 20
-3.3058
 10
-0.8109
 20
-3.3119
 10
-0.8133
 20
-3.3123
 10
-0.8491
 20
-3.3187
 10
-0.8515
 20
-3.3192
 10
-0.8873
 20
-3.3258
 10
-0.8897
 20
-3.3263
 10
-0.9255
 20
-3.3332
 10
-0.9279
 20
-3.3337
 10
-0.9636
 20
-3.341
 10
-0.966
 20
-3.3415
 10
-1.0016
 20
-3.349
 10
-1.004
 20
-3.3495
 10
-1.0395
 20
-3.3573
 10
-1.0419
 20
-3.3579
 10
-1.0774
 20
-3.366
 10
-1.0798
 20
-3.3666
 10
-1.1152
 20
-3.375
 10
-1.1176
 20
-3.3756
 10
-1.153
 20
-3.3843
 10
-1.1553
 20
-3.3849
 10
-1.1906
 20
-3.3938
 10
-1.193
 20
-3.3945
 10
-1.2282
 20
-3.4037
 10
-1.2306
 20
-3.4044
 10
-1.2657
 20
-3.4139
 10
-1.2681
 20
-3.4146
 10
-1.3031
 20
-3.4244
 10
-1.3055
 20
-3.4251
 10
-1.3404
 20
-3.4353
 10
-1.3428
 20
-3.436
 10
-1.3777
 20
-3.4464
 10
-1.38
 20
-3.4471
 10
-1.4148
 20
-3.4578
 10
-1.4172
 20
-3.4585
 10
-1.4519
 20
-3.4695
 10
-1.4542
 20
-3.4703
 10
-1.4888
 20
-3.4816
 10
-1.4912
 20
-3.4823
 10
-1.5257
 20
-3.4939
 10
-1.528
 20
-3.4947
 10
-1.5624
 20
-3.5065
 10
-1.5647
 20
-3.5073
 10
-1.5991
 20
-3.5195
 10
-1.6014
 20
-3.5203
 10
-1.6356
 20
-3.5327
 10
-1.6379
 20
-3.5335
 10
-1.672
 20
-3.5462
 10
-1.6743
 20
-3.5471
 10
-1.7084
 20
-3.56
 10
-1.7106
 20
-3.5609
 10
-1.7446
 20
-3.5742
 10
-1.7468
 20
-3.5751
 10
-1.7806
 20
-3.5886
 10
-1.7829
 20
-3.5895
 10
-1.8166
 20
-3.6033
 10
-1.8189
 20
-3.6042
 10
-1.8525
 20
-3.6183
 10
-1.8547
 20
-3.6193
 10
-1.8882
 20
-3.6336
 10
-1.8904
 20
-3.6346
 10
-1.9238
 20
-3.6492
 10
-1.926
 20
-3.6502
 10
-1.9592
 20
-3.6651
 10
-1.9615
 20
-3.6661
 10
-1.9946
 20
-3.6813
 10
-1.9968
 20
-3.6823
 10
-2.0298
 20
-3.6977
 10
-2.032
 20
-3.6988
 10
-2.0648
 20
-3.7145
 10
-2.0671
 20
-3.7155
 10
-2.0998
 20
-3.7315
 10
-2.102
 20
-3.7326
 10
-2.1346
 20
-3.7488
 10
-2.1367
 20
-3.7499
 10
-2.1692
 20
-3.7664
 10
-2.1714
 20
-3.7676
 10
-2.2037
 20
-3.7843
 10
-2.2059
 20
-3.7855
 10
-2.2381
 20
-3.8025
 10
-2.2402
 20
-3.8037
 10
-2.2723
 20
-3.8209
 10
-2.2744
 20
-3.8221
 10
-2.3063
 20
-3.8397
 10
-2.3084
 20
-3.8409
 10
-2.3402
 20
-3.8587
 10
-2.3423
 20
-3.8599
 10
-2.3739
 20
-3.878
 10
-2.3761
 20
-3.8792
 10
-2.4075
 20
-3.8975
 10
-2.4096
 20
-3.8988
 10
-2.4409
 20
-3.9174
 10
-2.443
 20
-3.9186
 10
-2.4742
 20
-3.9375
 10
-2.4763
 20
-3.9387
 10
-2.5073
 20
-3.9578
 10
-2.5094
 20
-3.9591
 10
-2.5402
 20
-3.9785
 10
-2.5423
 20
-3.9798
 10
-2.573
 20
-3.9994
 10
-2.575
 20
-4.0007
 10
-2.6055
 20
-4.0206
 10
-2.6076
 20
-4.0219
 10
-2.6379
 20
-4.042
 10
-2.64
 20
-4.0434
 10
-2.6702
 20
-4.0638
 10
-2.6722
 20
-4.0651
 10
-2.7022
 20
-4.0857
 10
-2.7042
 20
-4.0871
 10
-2.7341
 20
-4.108
 10
-2.7361
 20
-4.1094
 10
-2.7658
 20
-4.1305
 10
-2.7678
 20
-4.1319
 10
-2.7973
 20
-4.1532
 10
-2.7993
 20
-4.1547
 10
-2.8286
 20
-4.1762
 10
-2.8306
 20
-4.1777
 10
-2.8597
 20
-4.1995
 10
-2.8617
 20
-4.201
 10
-2.8906
 20
-4.223
 10
-2.8926
 20
-4.2245
 10
-2.9214
 20
-4.2468
 10
-2.9233
 20
-4.2483
 10
-2.9519
 20
-4.2708
 10
-2.9538
 20
-4.2724
 10
-2.9823
 20
-4.2951
 10
-2.9842
 20
-4.2966
 10
-3.0124
 20
-4.3196
 10
-3.0143
 20
-4.3212
 10
-3.0424
 20
-4.3444
 10
-3.0442
 20
-4.346
 10
-3.0721
 20
-4.3694
 10
-3.074
 20
-4.371
 10
-3.1016
 20
-4.3947
 10
-3.1035
 20
-4.3963
 10
-3.131
 20
-4.4202
 10
-3.1328
 20
-4.4218
 10
-3.1601
 20
-4.4459
 10
-3.1619
 20
-4.4475
 10
-3.189
 20
-4.4719
 10
-3.1908
 20
-4.4735
 10
-3.2177
 20
-4.4981
 10
-3.2195
 20
-4.4997
 10
-3.2462
 20
-4.5245
 10
-3.248
 20
-4.5262
 10
-3.2744
 20
-4.5512
 10
-3.2762
 20
-4.5529
 10
-3.3025
 20
-4.5781
 10
-3.3042
 20
-4.5798
 10
-3.3303
 20
-4.6052
 10
-3.332
 20
-4.6069
 10
-3.3579
 20
-4.6326
 10
-3.3596
 20
-4.6343
 10
-3.3853
 20
-4.6602
 10
-3.387
 20
-4.6619
 10
-3.4124
 20
-4.688
 10
-3.4141
 20
-4.6897
 10
-3.4393
 20
-4.716
 10
-3.441
 20
-4.7178
 10
-3.466
 20
-4.7442
 10
-3.4677
 20
-4.746
 10
-3.4925
 20
-4.7727
 10
-3.4941
 20
-4.7745
 10
-3.5187
 20
-4.8014
 10
-3.5203
 20
-4.8032
 10
-3.5447
 20
-4.8303
 10
-3.5463
 20
-4.8321
 10
-3.5704
 20
-4.8594
 10
-3.572
 20
-4.8612
 10
-3.5959
 20
-4.8887
 10
-3.5975
 20
-4.8906
 10
-3.6212
 20
-4.9182
 10
-3.6228
 20
-4.9201
 10
-3.6462
 20
-4.948
 10
-3.6478
 20
-4.9498
 10
-3.671
 20
-4.9779
 10
-3.6726
 20
-4.9798
 10
-3.6956
 20
-5.008
 10
-3.6971
 20
-5.0099
 10
-3.7198
 20
-5.0384
 10
-3.7214
 20
-5.0403
 10
-3.7439
 20
-5.0689
 10
-3.7454
 20
-5.0708
 10
-3.7677
 20
-5.0996
 10
-3.7692
 20
-5.1016
 10
-3.7912
 20
-5.1305
 10
-3.7927
 20
-5.1325
 10
-3.8145
 20
-5.1616
 10
-3.816
 20
-5.1636
 10
-3.8375
 20
-5.1929
 10
-3.839
 20
-5.1949
 10
-3.8603
 20
-5.2244
 10
-3.8617
 20
-5.2264
 10
-3.8828
 20
-5.2561
 10
-3.8842
 20
-5.2581
 10
-3.9051
 20
-5.288
 10
-3.9065
 20
-5.29
 10
-3.9271
 20
-5.32
 10
-3.9284
 20
-5.322
 10
-3.9488
 20
-5.3522
 10
-3.9502
 20
-5.3543
 10
-3.9703
 20
-5.3846
 10
-3.9716
 20
-5.3867
 10
-3.9915
 20
-5.4172
 10
-3.9928
 20
-5.4192
 10
-4.0124
 20
-5.4499
 10
-4.0137
 20
-5.452
 10
-4.0331
 20
-5.4828
 10
-4.0344
 20
-5.4849
 10
-4.0535
 20
-5.5159
 10
-4.0547
 20
-5.518
 10
-4.0736
 20
-5.5492
 10
-4.0748
 20
-5.5513
 10
-4.0934
 20
-5.5826
 10
-4.0947
 20
-5.5847
 10
-4.113
 20
-5.6161
 10
-4.1142
 20
-5.6183
 10
-4.1323
 20
-5.6499
 10
-4.1335
 20
-5.652
 10
-4.1513
 20
-5.6838
 10
-4.1525
 20
-5.6859
 10
-4.1701
 20
-5.7178
 10
-4.1713
 20
-5.7199
 10
-4.1885
 20
-5.752
 10
-4.1897
 20
-5.7541
 10
-4.2067
 20
-5.7863
 10
-4.2079
 20
-5.7885
 10
-4.2246
 20
-5.8208
 10
-4.2258
 20
-5.823
 10
-4.2423
 20
-5.8555
 10
-4.2434
 20
-5.8576
 10
-4.2596
 20
-5.8902
 10
-4.2607
 20
-5.8924
 10
-4.2767
 20
-5.9251
 10
-4.2777
 20
-5.9274
 10
-4.2934
 20
-5.9602
 10
-4.2945
 20
-5.9624
 10
-4.3099
 20
-5.9954
 10
-4.3109
 20
-5.9976
 10
-4.3261
 20
-6.0307
 10
-4.3271
 20
-6.033
 10
-4.342
 20
-6.0662
 10
-4.343
 20
-6.0684
 10
-4.3576
 20
-6.1018
 10
-4.3586
 20
-6.104
 10
-4.3729
 20
-6.1375
 10
-4.3739
 20
-6.1397
 10
-4.388
 20
-6.1733
 10
-4.3889
 20
-6.1756
 10
-4.4027
 20
-6.2093
 10
-4.4036
 20
-6.2116
 10
-4.4171
 20
-6.2454
 10
-4.418
 20
-6.2476
 10
-4.4313
 20
-6.2816
 10
-4.4322
 20
-6.2838
 10
-4.4451
 20
-6.3179
 10
-4.446
 20
-6.3202
 10
-4.4587
 20
-6.3543
 10
-4.4595
 20
-6.3566
 10
-4.4719
 20
-6.3908
 10
-4.4727
 20
-6.3931
 10
-4.4849
 20
-6.4275
 10
-4.4857
 20
-6.4298
 10
-4.4975
 20
-6.4642
 10
-4.4983
 20
-6.4665
 10
-4.5099
 20
-6.501
 10
-4.5106
 20
-6.5034
 10
-4.5219
 20
-6.538
 10
-4.5227
 20
-6.5403
 10
-4.5337
 20
-6.575
 10
-4.5344
 20
-6.5774
 10
-4.5451
 20
-6.6122
 10
-4.5458
 20
-6.6145
 10
-4.5562
 20
-6.6494
 10
-4.5569
 20
-6.6518
 10
-4.5671
 20
-6.6867
 10
-4.5678
 20
-6.6891
 10
-4.5776
 20
-6.7241
 10
-4.5783
 20
-6.7265
 10
-4.5878
 20
-6.7616
 10
-4.5885
 20
-6.764
 10
-4.5977
 20
-6.7992
 10
-4.5984
 20
-6.8016
 10
-4.6073
 20
-6.8369
 10
-4.6079
 20
-6.8392
 10
-4.6166
 20
-6.8746
 10
-4.6172
 20
-6.877
 10
-4.6256
 20
-6.9124
 10
-4.6262
 20
-6.9148
 10
-4.6343
 20
-6.9503
 10
-4.6349
 20
-6.9527
 10
-4.6427
 20
-6.9882
 10
-4.6432
 20
-6.9906
 10
-4.6507
 20
-7.0262
 10
-4.6512
 20
-7.0286
 10
-4.6585
 20
-7.0643
 10
-4.659
 20
-7.0667
 10
-4.6659
 20
-7.1025
 10
-4.6664
 20
-7.1049
 10
-4.673
 20
-7.1407
 10
-4.6735
 20
-7.1431
 10
-4.6799
 20
-7.1789
 10
-4.6803
 20
-7.1813
 10
-4.6864
 20
-7.2172
 10
-4.6868
 20
-7.2197
 10
-4.6925
 20
-7.2556
 10
-4.6929
 20
-7.258
 10
-4.6984
 20
-7.294
 10
-4.6988
 20
-7.2964
 10
-4.704
 20
-7.3325
 10
-4.7043
 20
-7.3349
 10
-4.7092
 20
-7.371
 10
-4.7095
 20
-7.3734
 10
-4.7141
 20
-7.4095
 10
-4.7144
 20
-7.412
 10
-4.7187
 20
-7.4481
 10
-4.719
 20
-7.4506
 10
-4.723
 20
-7.4867
 10
-4.7233
 20
-7.4892
 10
-4.727
 20
-7.5254
 10
-4.7272
 20
-7.5278
 10
-4.7307
 20
-7.5641
 10
-4.7309
 20
-7.5665
 10
-4.734
 20
-7.6028
 10
-4.7342
 20
-7.6052
 10
-4.737
 20
-7.6415
 10
-4.7372
 20
-7.644
 10
-4.7397
 20
-7.6803
 10
-4.7399
 20
-7.6828
 10
-4.7421
 20
-7.7191
 10
-4.7423
 20
-7.7215
 10
-4.7442
 20
-7.7579
 10
-4.7443
 20
-7.7604
 10
-4.746
 20
-7.7967
 10
-4.7461
 20
-7.7992
 10
-4.7474
 20
-7.8356
 10
-4.7475
 20
-7.838
 10
-4.7485
 20
-7.8744
 10
-4.7486
 20
-7.8769
 10
-4.7493
 20
-7.9133
 10
-4.7494
 20
-7.9157
 10
-4.7498
 20
-7.9521
 10
-4.7498
 20
-7.9546
 10
-4.75
 20
-7.991
 10
-4.75
 20
-7.9934
 10
-4.7498
 20
-8.0298
 10
-4.7498
 20
-8.0323
 10
-4.7494
 20
-8.0687
 10
-4.7493
 20
-8.0711
 10
-4.7486
 20
-8.1075
 10
-4.7485
 20
-8.11
 10
-4.7475
 20
-8.1464
 10
-4.7474
 20
-8.1488
 10
-4.7461
 20
-8.1852
 10
-4.746
 20
-8.1877
 10
-4.7443
 20
-8.224
 10
-4.7442
 20
-8.2265
 10
-4.7423
 20
-8.2629
 10
-4.7421
 20
-8.2653
 10
-4.7399
 20
-8.3016
 10
-4.7397
 20
-8.3041
 10
-4.7372
 20
-8.3404
 10
-4.737
 20
-8.3429
 10
-4.7342
 20
-8.3792
 10
-4.734
 20
-8.3816
 10
-4.7309
 20
-8.4179
 10
-4.7307
 20
-8.4203
 10
-4.7272
 20
-8.4566
 10
-4.727
 20
-8.459
 10
-4.7233
 20
-8.4952
 10
-4.723
 20
-8.4977
 10
-4.719
 20
-8.5338
 10
-4.7187
 20
-8.5363
 10
-4.7144
 20
-8.5724
 10
-4.7141
 20
-8.5749
 10
-4.7095
 20
-8.611
 10
-4.7092
 20
-8.6134
 10
-4.7043
 20
-8.6495
 10
-4.704
 20
-8.6519
 10
-4.6988
 20
-8.688
 10
-4.6984
 20
-8.6904
 10
-4.6929
 20
-8.7264
 10
-4.6925
 20
-8.7288
 10
-4.6868
 20
-8.7647
 10
-4.6864
 20
-8.7672
 10
-4.6803
 20
-8.8031
 10
-4.6799
 20
-8.8055
 10
-4.6735
 20
-8.8413
 10
-4.673
 20
-8.8437
 10
-4.6664
 20
-8.8795
 10
-4.6659
 20
-8.8819
 10
-4.659
 20
-8.9177
 10
-4.6585
 20
-8.9201
 10
-4.6512
 20
-8.9558
 10
-4.6507
 20
-8.9582
 10
-4.6432
 20
-8.9938
 10
-4.6427
 20
-8.9962
 10
-4.6349
 20
-9.0317
 10
-4.6343
 20
-9.0341
 10
-4.6262
 20
-9.0696
 10
-4.6256
 20
-9.072
 10
-4.6172
 20
-9.1074
 10
-4.6166
 20
-9.1098
 10
-4.6079
 20
-9.1452
 10
-4.6073
 20
-9.1475
 10
-4.5984
 20
-9.1828
 10
-4.5977
 20
-9.1852
 10
-4.5885
 20
-9.2204
 10
-4.5878
 20
-9.2228
 10
-4.5783
 20
-9.2579
 10
-4.5776
 20
-9.2603
 10
-4.5678
 20
-9.2953
 10
-4.5671
 20
-9.2977
 10
-4.5569
 20
-9.3326
 10
-4.5562
 20
-9.335
 10
-4.5458
 20
-9.3699
 10
-4.5451
 20
-9.3722
 10
-4.5344
 20
-9.407
 10
-4.5337
 20
-9.4094
 10
-4.5227
 20
-9.4441
 10
-4.5219
 20
-9.4464
 10
-4.5106
 20
-9.481
 10
-4.5099
 20
-9.4834
 10
-4.4983
 20
-9.5179
 10
-4.4975
 20
-9.5202
 10
-4.4857
 20
-9.5546
 10
-4.4849
 20
-9.5569
 10
-4.4727
 20
-9.5913
 10
-4.4719
 20
-9.5936
 10
-4.4595
 20
-9.6278
 10
-4.4587
 20
-9.6301
 10
-4.446
 20
-9.6642
 10
-4.4451
 20
-9.6665
 10
-4.4322
 20
-9.7006
 10
-4.4313
 20
-9.7028
 10
-4.418
 20
-9.7368
 10
-4.4171
 20
-9.739
 10
-4.4036
 20
-9.7728
 10
-4.4027
 20
-9.7751
 10
-4.3889
 20
-9.8088
 10
-4.388
 20
-9.8111
 10
-4.3739
 20
-9.8447
 10
-4.3729
 20
-9.8469
 10
-4.3586
 20
-9.8804
 10
-4.3576
 20
-9.8826
 10
-4.343
 20
-9.916
 10
-4.342
 20
-9.9182
 10
-4.3271
 20
-9.9514
 10
-4.3261
 20
-9.9537
 10
-4.3109
 20
-9.9868
 10
-4.3099
 20
-9.989
 10
-4.2945
 20
-10.022
 10
-4.2934
 20
-10.0242
 10
-4.2777
 20
-10.057
 10
-4.2767
 20
-10.0593
 10
-4.2607
 20
-10.092
 10
-4.2596
 20
-10.0942
 10
-4.2434
 20
-10.1268
 10
-4.2423
 20
-10.1289
 10
-4.2258
 20
-10.1614
 10
-4.2246
 20
-10.1636
 10
-4.2079
 20
-10.1959
 10
-4.2067
 20
-10.1981
 10
-4.1897
 20
-10.2303
 10
-4.1885
 20
-10.2324
 10
-4.1713
 20
-10.2645
 10
-4.1701
 20
-10.2666
 10
-4.1525
 20
-10.2985
 10
-4.1513
 20
-10.3006
 10
-4.1335
 20
-10.3324
 10
-4.1323
 20
-10.3345
 10
-4.1142
 20
-10.3661
 10
-4.113
 20
-10.3683
 10
-4.0947
 20
-10.3997
 10
-4.0934
 20
-10.4018
 10
-4.0748
 20
-10.4331
 10
-4.0736
 20
-10.4352
 10
-4.0547
 20
-10.4664
 10
-4.0535
 20
-10.4685
 10
-4.0344
 20
-10.4995
 10
-4.0331
 20
-10.5016
 10
-4.0137
 20
-10.5324
 10
-4.0124
 20
-10.5345
 10
-3.9928
 20
-10.5652
 10
-3.9915
 20
-10.5672
 10
-3.9716
 20
-10.5977
 10
-3.9703
 20
-10.5998
 10
-3.9502
 20
-10.6301
 10
-3.9488
 20
-10.6322
 10
-3.9284
 20
-10.6624
 10
-3.9271
 20
-10.6644
 10
-3.9065
 20
-10.6944
 10
-3.9051
 20
-10.6964
 10
-3.8842
 20
-10.7263
 10
-3.8828
 20
-10.7283
 10
-3.8617
 20
-10.758
 10
-3.8603
 20
-10.76
 10
-3.839
 20
-10.7895
 10
-3.8375
 20
-10.7915
 10
-3.816
 20
-10.8208
 10
-3.8145
 20
-10.8228
 10
-3.7927
 20
-10.8519
 10
-3.7912
 20
-10.8539
 10
-3.7692
 20
-10.8828
 10
-3.7677
 20
-10.8848
 10
-3.7454
 20
-10.9136
 10
-3.7439
 20
-10.9155
 10
-3.7214
 20
-10.9441
 10
-3.7198
 20
-10.946
 10
-3.6971
 20
-10.9745
 10
-3.6956
 20
-10.9764
 10
-3.6726
 20
-11.0046
 10
-3.671
 20
-11.0065
 10
-3.6478
 20
-11.0346
 10
-3.6462
 20
-11.0364
 10
-3.6228
 20
-11.0643
 10
-3.6212
 20
-11.0662
 10
-3.5975
 20
-11.0938
 10
-3.5959
 20
-11.0957
 10
-3.572
 20
-11.1232
 10
-3.5704
 20
-11.125
 10
-3.5463
 20
-11.1523
 10
-3.5447
 20
-11.1541
 10
-3.5203
 20
-11.1812
 10
-3.5187
 20
-11.183
 10
-3.4941
 20
-11.2099
 10
-3.4925
 20
-11.2117
 10
-3.4677
 20
-11.2384
 10
-3.466
 20
-11.2402
 10
-3.441
 20
-11.2666
 10
-3.4393
 20
-11.2684
 10
-3.4141
 20
-11.2947
 10
-3.4124
 20
-11.2964
 10
-3.387
 20
-11.3225
 10
-3.3853
 20
-11.3242
 10
-3.3596
 20
-11.3501
 10
-3.3579
 20
-11.3518
 10
-3.332
 20
-11.3775
 10
-3.3303
 20
-11.3792
 10
-3.3042
 20
-11.4046
 10
-3.3025
 20
-11.4063
 10
-3.2762
 20
-11.4315
 10
-3.2744
 20
-11.4332
 10
-3.248
 20
-11.4582
 10
-3.2462
 20
-11.4599
 10
-3.2195
 20
-11.4847
 10
-3.2177
 20
-11.4863
 10
-3.1908
 20
-11.5109
 10
-3.189
 20
-11.5125
 10
-3.1619
 20
-11.5369
 10
-3.1601
 20
-11.5385
 10
-3.1328
 20
-11.5626
 10
-3.131
 20
-11.5642
 10
-3.1035
 20
-11.5881
 10
-3.1016
 20
-11.5897
 10
-3.074
 20
-11.6134
 10
-3.0721
 20
-11.615
 10
-3.0442
 20
-11.6384
 10
-3.0424
 20
-11.64
 10
-3.0143
 20
-11.6632
 10
-3.0124
 20
-11.6648
 10
-2.9842
 20
-11.6878
 10
-2.9823
 20
-11.6893
 10
-2.9538
 20
-11.712
 10
-2.9519
 20
-11.7136
 10
-2.9233
 20
-11.7361
 10
-2.9214
 20
-11.7376
 10
-2.8926
 20
-11.7599
 10
-2.8906
 20
-11.7614
 10
-2.8617
 20
-11.7834
 10
-2.8597
 20
-11.7849
 10
-2.8306
 20
-11.8067
 10
-2.8286
 20
-11.8082
 10
-2.7993
 20
-11.8297
 10
-2.7973
 20
-11.8312
 10
-2.7678
 20
-11.8525
 10
-2.7658
 20
-11.8539
 10
-2.7361
 20
-11.875
 10
-2.7341
 20
-11.8764
 10
-2.7042
 20
-11.8973
 10
-2.7022
 20
-11.8987
 10
-2.6722
 20
-11.9193
 10
-2.6702
 20
-11.9206
 10
-2.64
 20
-11.941
 10
-2.6379
 20
-11.9424
 10
-2.6076
 20
-11.9625
 10
-2.6055
 20
-11.9638
 10
-2.575
 20
-11.9837
 10
-2.573
 20
-11.985
 10
-2.5423
 20
-12.0046
 10
-2.5402
 20
-12.0059
 10
-2.5094
 20
-12.0253
 10
-2.5073
 20
-12.0266
 10
-2.4763
 20
-12.0457
 10
-2.4742
 20
-12.0469
 10
-2.443
 20
-12.0658
 10
-2.4409
 20
-12.067
 10
-2.4096
 20
-12.0856
 10
-2.4075
 20
-12.0869
 10
-2.3761
 20
-12.1052
 10
-2.3739
 20
-12.1064
 10
-2.3423
 20
-12.1245
 10
-2.3402
 20
-12.1257
 10
-2.3084
 20
-12.1435
 10
-2.3063
 20
-12.1447
 10
-2.2744
 20
-12.1623
 10
-2.2723
 20
-12.1635
 10
-2.2402
 20
-12.1807
 10
-2.2381
 20
-12.1819
 10
-2.2059
 20
-12.1989
 10
-2.2037
 20
-12.2001
 10
-2.1714
 20
-12.2168
 10
-2.1692
 20
-12.218
 10
-2.1367
 20
-12.2345
 10
-2.1346
 20
-12.2356
 10
-2.102
 20
-12.2518
 10
-2.0998
 20
-12.2529
 10
-2.0671
 20
-12.2689
 10
-2.0648
 20
-12.2699
 10
-2.032
 20
-12.2856
 10
-2.0298
 20
-12.2867
 10
-1.9968
 20
-12.3021
 10
-1.9946
 20
-12.3031
 10
-1.9615
 20
-12.3183
 10
-1.9592
 20
-12.3193
 10
-1.926
 20
-12.3342
 10
-1.9238
 20
-12.3352
 10
-1.8904
 20
-12.3498
 10
-1.8882
 20
-12.3508
 10
-1.8547
 20
-12.3651
 10
-1.8525
 20
-12.3661
 10
-1.8189
 20
-12.3802
 10
-1.8166
 20
-12.3811
 10
-1.7829
 20
-12.3949
 10
-1.7806
 20
-12.3958
 10
-1.7468
 20
-12.4093
 10
-1.7446
 20
-12.4102
 10
-1.7106
 20
-12.4235
 10
-1.7084
 20
-12.4244
 10
-1.6743
 20
-12.4373
 10
-1.672
 20
-12.4382
 10
-1.6379
 20
-12.4509
 10
-1.6356
 20
-12.4517
 10
-1.6014
 20
-12.4641
 10
-1.5991
 20
-12.4649
 10
-1.5647
 20
-12.4771
 10
-1.5624
 20
-12.4779
 10
-1.528
 20
-12.4897
 10
-1.5257
 20
-12.4905
 10
-1.4912
 20
-12.5021
 10
-1.4888
 20
-12.5028
 10
-1.4542
 20
-12.5141
 10
-1.4519
 20
-12.5149
 10
-1.4172
 20
-12.5259
 10
-1.4148
 20
-12.5266
 10
-1.38
 20
-12.5373
 10
-1.3777
 20
-12.538
 10
-1.3428
 20
-12.5484
 10
-1.3404
 20
-12.5491
 10
-1.3055
 20
-12.5593
 10
-1.3031
 20
-12.56
 10
-1.2681
 20
-12.5698
 10
-1.2657
 20
-12.5705
 10
-1.2306
 20
-12.58
 10
-1.2282
 20
-12.5807
 10
-1.193
 20
-12.5899
 10
-1.1906
 20
-12.5906
 10
-1.1553
 20
-12.5995
 10
-1.153
 20
-12.6001
 10
-1.1176
 20
-12.6088
 10
-1.1152
 20
-12.6094
 10
-1.0798
 20
-12.6178
 10
-1.0774
 20
-12.6184
 10
-1.0419
 20
-12.6265
 10
-1.0395
 20
-12.6271
 10
-1.004
 20
-12.6349
 10
-1.0016
 20
-12.6354
 10
-0.966
 20
-12.6429
 10
-0.9636
 20
-12.6434
 10
-0.9279
 20
-12.6507
 10
-0.9255
 20
-12.6512
 10
-0.8897
 20
-12.6581
 10
-0.8873
 20
-12.6586
 10
-0.8515
 20
-12.6652
 10
-0.8491
 20
-12.6657
 10
-0.8133
 20
-12.6721
 10
-0.8109
 20
-12.6725
 10
-0.775
 20
-12.6786
 10
-0.7725
 20
-12.679
 10
-0.7366
 20
-12.6847
 10
-0.7342
 20
-12.6851
 10
-0.6982
 20
-12.6906
 10
-0.6958
 20
-12.691
 10
-0.6597
 20
-12.6962
 10
-0.6573
 20
-12.6965
 10
-0.6212
 20
-12.7014
 10
-0.6188
 20
-12.7017
 10
-0.5827
 20
-12.7063
 10
-0.5802
 20
-12.7066
 10
-0.5441
 20
-12.7109
 10
-0.5416
 20
-12.7112
 10
-0.5055
 20
-12.7152
 10
-0.503
 20
-12.7155
 10
-0.4668
 20
-12.7192
 10
-0.4644
 20
-12.7194
 10
-0.4281
 20
-12.7229
 10
-0.4257
 20
-12.7231
 10
-0.3894
 20
-12.7262
 10
-0.387
 20
-12.7264
 10
-0.3507
 20
-12.7292
 10
-0.3482
 20
-12.7294
 10
-0.3119
 20
-12.7319
 10
-0.3094
 20
-12.7321
 10
-0.2731
 20
-12.7343
 10
-0.2707
 20
-12.7345
 10
-0.2343
 20
-12.7364
 10
-0.2318
 20
-12.7365
 10
-0.1955
 20
-12.7382
 10
-0.193
 20
-12.7383
 10
-0.1566
 20
-12.7396
 10
-0.1542
 20
-12.7397
 10
-0.1178
 20
-12.7407
 10
-0.1153
 20
-12.7408
 10
-0.0789
 20
-12.7415
 10
-0.0765
 20
-12.7416
 10
-0.0401
 20
-12.742
 10
-0.0376
 20
-12.742
 10
-0.0012
 20
-12.7422
 10
0.0012
 20
-12.7422
 10
0.0376
 20
-12.742
 10
0.0401
 20
-12.742
 10
0.0765
 20
-12.7416
 10
0.0789
 20
-12.7415
 10
0.1153
 20
-12.7408
 10
0.1178
 20
-12.7407
 10
0.1542
 20
-12.7397
 10
0.1566
 20
-12.7396
 10
0.193
 20
-12.7383
 10
0.1955
 20
-12.7382
 10
0.2318
 20
-12.7365
 10
0.2343
 20
-12.7364
 10
0.2707
 20
-12.7345
 10
0.2731
 20
-12.7343
 10
0.3094
 20
-12.7321
 10
0.3119
 20
-12.7319
 10
0.3482
 20
-12.7294
 10
0.3507
 20
-12.7292
 10
0.387
 20
-12.7264
 10
0.3894
 20
-12.7262
 10
0.4257
 20
-12.7231
 10
0.4281
 20
-12.7229
 10
0.4644
 20
-12.7194
 10
0.4668
 20
-12.7192
 10
0.503
 20
-12.7155
 10
0.5055
 20
-12.7152
 10
0.5416
 20
-12.7112
 10
0.5441
 20
-12.7109
 10
0.5802
 20
-12.7066
 10
0.5827
 20
-12.7063
 10
0.6188
 20
-12.7017
 10
0.6212
 20
-12.7014
 10
0.6573
 20
-12.6965
 10
0.6597
 20
-12.6962
 10
0.6958
 20
-12.691
 10
0.6982
 20
-12.6906
 10
0.7342
 20
-12.6851
 10
0.7366
 20
-12.6847
 10
0.7725
 20
-12.679
 10
0.775
 20
-12.6786
 10
0.8109
 20
-12.6725
 10
0.8133
 20
-12.6721
 10
0.8491
 20
-12.6657
 10
0.8515
 20
-12.6652
 10
0.8873
 20
-12.6586
 10
0.8897
 20
-12.6581
 10
0.9255
 20
-12.6512
 10
0.9279
 20
-12.6507
 10
0.9636
 20
-12.6434
 10
0.966
 20
-12.6429
 10
1.0016
 20
-12.6354
 10
1.004
 20
-12.6349
 10
1.0395
 20
-12.6271
 10
1.0419
 20
-12.6265
 10
1.0774
 20
-12.6184
 10
1.0798
 20
-12.6178
 10
1.1152
 20
-12.6094
 10
1.1176
 20
-12.6088
 10
1.153
 20
-12.6001
 10
1.1553
 20
-12.5995
 10
1.1906
 20
-12.5906
 10
1.193
 20
-12.5899
 10
1.2282
 20
-12.5807
 10
1.2306
 20
-12.58
 10
1.2657
 20
-12.5705
 10
1.2681
 20
-12.5698
 10
1.3031
 20
-12.56
 10
1.3055
 20
-12.5593
 10
1.3404
 20
-12.5491
 10
1.3428
 20
-12.5484
 10
1.3777
 20
-12.538
 10
1.38
 20
-12.5373
 10
1.4148
 20
-12.5266
 10
1.4172
 20
-12.5259
 10
1.4519
 20
-12.5149
 10
1.4542
 20
-12.5141
 10
1.4888
 20
-12.5028
 10
1.4912
 20
-12.5021
 10
1.5257
 20
-12.4905
 10
1.528
 20
-12.4897
 10
1.5624
 20
-12.4779
 10
1.5647
 20
-12.4771
 10
1.5991
 20
-12.4649
 10
1.6014
 20
-12.4641
 10
1.6356
 20
-12.4517
 10
1.6379
 20
-12.4509
 10
1.672
 20
-12.4382
 10
1.6743
 20
-12.4373
 10
1.7084
 20
-12.4244
 10
1.7106
 20
-12.4235
 10
1.7446
 20
-12.4102
 10
1.7468
 20
-12.4093
 10
1.7806
 20
-12.3958
 10
1.7829
 20
-12.3949
 10
1.8166
 20
-12.3811
 10
1.8189
 20
-12.3802
 10
1.8525
 20
-12.3661
 10
1.8547
 20
-12.3651
 10
1.8882
 20
-12.3508
 10
1.8904
 20
-12.3498
 10
1.9238
 20
-12.3352
 10
1.926
 20
-12.3342
 10
1.9592
 20
-12.3193
 10
1.9615
 20
-12.3183
 10
1.9946
 20
-12.3031
 10
1.9968
 20
-12.3021
 10
2.0298
 20
-12.2867
 10
2.032
 20
-12.2856
 10
2.0648
 20
-12.2699
 10
2.0671
 20
-12.2689
 10
2.0998
 20
-12.2529
 10
2.102
 20
-12.2518
 10
2.1346
 20
-12.2356
 10
2.1367
 20
-12.2345
 10
2.1692
 20
-12.218
 10
2.1714
 20
-12.2168
 10
2.2037
 20
-12.2001
 10
2.2059
 20
-12.1989
 10
2.2381
 20
-12.1819
 10
2.2402
 20
-12.1807
 10
2.2723
 20
-12.1635
 10
2.2744
 20
-12.1623
 10
2.3063
 20
-12.1447
 10
2.3084
 20
-12.1435
 10
2.3402
 20
-12.1257
 10
2.3423
 20
-12.1245
 10
2.3739
 20
-12.1064
 10
2.3761
 20
-12.1052
 10
2.4075
 20
-12.0869
 10
2.4096
 20
-12.0856
 10
2.4409
 20
-12.067
 10
2.443
 20
-12.0658
 10
2.4742
 20
-12.0469
 10
2.4763
 20
-12.0457
 10
2.5073
 20
-12.0266
 10
2.5094
 20
-12.0253
 10
2.5402
 20
-12.0059
 10
2.5423
 20
-12.0046
 10
2.573
 20
-11.985
 10
2.575
 20
-11.9837
 10
2.6055
 20
-11.9638
 10
2.6076
 20
-11.9625
 10
2.6379
 20
-11.9424
 10
2.64
 20
-11.941
 10
2.6702
 20
-11.9206
 10
2.6722
 20
-11.9193
 10
2.7022
 20
-11.8987
 10
2.7042
 20
-11.8973
 10
2.7341
 20
-11.8764
 10
2.7361
 20
-11.875
 10
2.7658
 20
-11.8539
 10
2.7678
 20
-11.8525
 10
2.7973
 20
-11.8312
 10
2.7993
 20
-11.8297
 10
2.8286
 20
-11.8082
 10
2.8306
 20
-11.8067
 10
2.8597
 20
-11.7849
 10
2.8617
 20
-11.7834
 10
2.8906
 20
-11.7614
 10
2.8926
 20
-11.7599
 10
2.9214
 20
-11.7376
 10
2.9233
 20
-11.7361
 10
2.9519
 20
-11.7136
 10
2.9538
 20
-11.712
 10
2.9823
 20
-11.6893
 10
2.9842
 20
-11.6878
 10
3.0124
 20
-11.6648
 10
3.0143
 20
-11.6632
 10
3.0424
 20
-11.64
 10
3.0442
 20
-11.6384
 10
3.0721
 20
-11.615
 10
3.074
 20
-11.6134
 10
3.1016
 20
-11.5897
 10
3.1035
 20
-11.5881
 10
3.131
 20
-11.5642
 10
3.1328
 20
-11.5626
 10
3.1601
 20
-11.5385
 10
3.1619
 20
-11.5369
 10
3.189
 20
-11.5125
 10
3.1908
 20
-11.5109
 10
3.2177
 20
-11.4863
 10
3.2195
 20
-11.4847
 10
3.2462
 20
-11.4599
 10
3.248
 20
-11.4582
 10
3.2744
 20
-11.4332
 10
3.2762
 20
-11.4315
 10
3.3025
 20
-11.4063
 10
3.3042
 20
-11.4046
 10
3.3303
 20
-11.3792
 10
3.332
 20
-11.3775
 10
3.3579
 20
-11.3518
 10
3.3596
 20
-11.3501
 10
3.3853
 20
-11.3242
 10
3.387
 20
-11.3225
 10
3.4124
 20
-11.2964
 10
3.4141
 20
-11.2947
 10
3.4393
 20
-11.2684
 10
3.441
 20
-11.2666
 10
3.466
 20
-11.2402
 10
3.4677
 20
-11.2384
 10
3.4925
 20
-11.2117
 10
3.4941
 20
-11.2099
 10
3.5187
 20
-11.183
 10
3.5203
 20
-11.1812
 10
3.5447
 20
-11.1541
 10
3.5463
 20
-11.1523
 10
3.5704
 20
-11.125
 10
3.572
 20
-11.1232
 10
3.5959
 20
-11.0957
 10
3.5975
 20
-11.0938
 10
3.6212
 20
-11.0662
 10
3.6228
 20
-11.0643
 10
3.6462
 20
-11.0364
 10
3.6478
 20
-11.0346
 10
3.671
 20
-11.0065
 10
3.6726
 20
-11.0046
 10
3.6956
 20
-10.9764
 10
3.6971
 20
-10.9745
 10
3.7198
 20
-10.946
 10
3.7214
 20
-10.9441
 10
3.7439
 20
-10.9155
 10
3.7454
 20
-10.9136
 10
3.7677
 20
-10.8848
 10
3.7692
 20
-10.8828
 10
3.7912
 20
-10.8539
 10
3.7927
 20
-10.8519
 10
3.8145
 20
-10.8228
 10
3.816
 20
-10.8208
 10
3.8375
 20
-10.7915
 10
3.839
 20
-10.7895
 10
3.8603
 20
-10.76
 10
3.8617
 20
-10.758
 10
3.8828
 20
-10.7283
 10
3.8842
 20
-10.7263
 10
3.9051
 20
-10.6964
 10
3.9065
 20
-10.6944
 10
3.9271
 20
-10.6644
 10
3.9284
 20
-10.6624
 10
3.9488
 20
-10.6322
 10
3.9502
 20
-10.6301
 10
3.9703
 20
-10.5998
 10
3.9716
 20
-10.5977
 10
3.9915
 20
-10.5672
 10
3.9928
 20
-10.5652
 10
4.0124
 20
-10.5345
 10
4.0137
 20
-10.5324
 10
4.0331
 20
-10.5016
 10
4.0344
 20
-10.4995
 10
4.0535
 20
-10.4685
 10
4.0547
 20
-10.4664
 10
4.0736
 20
-10.4352
 10
4.0748
 20
-10.4331
 10
4.0934
 20
-10.4018
 10
4.0947
 20
-10.3997
 10
4.113
 20
-10.3683
 10
4.1142
 20
-10.3661
 10
4.1323
 20
-10.3345
 10
4.1335
 20
-10.3324
 10
4.1513
 20
-10.3006
 10
4.1525
 20
-10.2985
 10
4.1701
 20
-10.2666
 10
4.1713
 20
-10.2645
 10
4.1885
 20
-10.2324
 10
4.1897
 20
-10.2303
 10
4.2067
 20
-10.1981
 10
4.2079
 20
-10.1959
 10
4.2246
 20
-10.1636
 10
4.2258
 20
-10.1614
 10
4.2423
 20
-10.1289
 10
4.2434
 20
-10.1268
 10
4.2596
 20
-10.0942
 10
4.2607
 20
-10.092
 10
4.2767
 20
-10.0593
 10
4.2777
 20
-10.057
 10
4.2934
 20
-10.0242
 10
4.2945
 20
-10.022
 10
4.3099
 20
-9.989
 10
4.3109
 20
-9.9868
 10
4.3261
 20
-9.9537
 10
4.3271
 20
-9.9514
 10
4.342
 20
-9.9182
 10
4.343
 20
-9.916
 10
4.3576
 20
-9.8826
 10
4.3586
 20
-9.8804
 10
4.3729
 20
-9.8469
 10
4.3739
 20
-9.8447
 10
4.388
 20
-9.8111
 10
4.3889
 20
-9.8088
 10
4.4027
 20
-9.7751
 10
4.4036
 20
-9.7728
 10
4.4171
 20
-9.739
 10
4.418
 20
-9.7368
 10
4.4313
 20
-9.7028
 10
4.4322
 20
-9.7006
 10
4.4451
 20
-9.6665
 10
4.446
 20
-9.6642
 10
4.4587
 20
-9.6301
 10
4.4595
 20
-9.6278
 10
4.4719
 20
-9.5936
 10
4.4727
 20
-9.5913
 10
4.4849
 20
-9.5569
 10
4.4857
 20
-9.5546
 10
4.4975
 20
-9.5202
 10
4.4983
 20
-9.5179
 10
4.5099
 20
-9.4834
 10
4.5106
 20
-9.481
 10
4.5219
 20
-9.4464
 10
4.5227
 20
-9.4441
 10
4.5337
 20
-9.4094
 10
4.5344
 20
-9.407
 10
4.5451
 20
-9.3722
 10
4.5458
 20
-9.3699
 10
4.5562
 20
-9.335
 10
4.5569
 20
-9.3326
 10
4.5671
 20
-9.2977
 10
4.5678
 20
-9.2953
 10
4.5776
 20
-9.2603
 10
4.5783
 20
-9.2579
 10
4.5878
 20
-9.2228
 10
4.5885
 20
-9.2204
 10
4.5977
 20
-9.1852
 10
4.5984
 20
-9.1828
 10
4.6073
 20
-9.1475
 10
4.6079
 20
-9.1452
 10
4.6166
 20
-9.1098
 10
4.6172
 20
-9.1074
 10
4.6256
 20
-9.072
 10
4.6262
 20
-9.0696
 10
4.6343
 20
-9.0341
 10
4.6349
 20
-9.0317
 10
4.6427
 20
-8.9962
 10
4.6432
 20
-8.9938
 10
4.6507
 20
-8.9582
 10
4.6512
 20
-8.9558
 10
4.6585
 20
-8.9201
 10
4.659
 20
-8.9177
 10
4.6659
 20
-8.8819
 10
4.6664
 20
-8.8795
 10
4.673
 20
-8.8437
 10
4.6735
 20
-8.8413
 10
4.6799
 20
-8.8055
 10
4.6803
 20
-8.8031
 10
4.6864
 20
-8.7672
 10
4.6868
 20
-8.7647
 10
4.6925
 20
-8.7288
 10
4.6929
 20
-8.7264
 10
4.6984
 20
-8.6904
 10
4.6988
 20
-8.688
 10
4.704
 20
-8.6519
 10
4.7043
 20
-8.6495
 10
4.7092
 20
-8.6134
 10
4.7095
 20
-8.611
 10
4.7141
 20
-8.5749
 10
4.7144
 20
-8.5724
 10
4.7187
 20
-8.5363
 10
4.719
 20
-8.5338
 10
4.723
 20
-8.4977
 10
4.7233
 20
-8.4952
 10
4.727
 20
-8.459
 10
4.7272
 20
-8.4566
 10
4.7307
 20
-8.4203
 10
4.7309
 20
-8.4179
 10
4.734
 20
-8.3816
 10
4.7342
 20
-8.3792
 10
4.737
 20
-8.3429
 10
4.7372
 20
-8.3404
 10
4.7397
 20
-8.3041
 10
4.7399
 20
-8.3016
 10
4.7421
 20
-8.2653
 10
4.7423
 20
-8.2629
 10
4.7442
 20
-8.2265
 10
4.7443
 20
-8.224
 10
4.746
 20
-8.1877
 10
4.7461
 20
-8.1852
 10
4.7474
 20
-8.1488
 10
4.7475
 20
-8.1464
 10
4.7485
 20
-8.11
 10
4.7486
 20
-8.1075
 10
4.7493
 20
-8.0711
 10
4.7494
 20
-8.0687
 10
4.7498
 20
-8.0323
 10
4.7498
 20
-8.0298
 10
4.75
 20
-7.9934
 10
4.75
 20
-7.991
 10
4.7498
 20
-7.9546
 10
4.7498
 20
-7.9521
 10
4.7494
 20
-7.9157
 10
4.7493
 20
-7.9133
  0
LWPOLYLINE
  5
11D
330
17
100
AcDbEntity
  8
ALTIN
100
AcDbPolyline
 90
136
 70
1
 10
2.9053
 20
5.6935
 10
2.8989
 20
5.6498
 10
2.8874
 20
5.592
 10
2.8766
 20
5.5492
 10
2.8595
 20
5.4928
 10
2.8447
 20
5.4513
 10
2.8221
 20
5.3969
 10
2.8033
 20
5.3569
 10
2.7755
 20
5.305
 10
2.7528
 20
5.2671
 10
2.7201
 20
5.2182
 10
2.6938
 20
5.1827
 10
2.6564
 20
5.1372
 10
2.6268
 20
5.1045
 10
2.5851
 20
5.0628
 10
2.5524
 20
5.0332
 10
2.5069
 20
4.9958
 10
2.4714
 20
4.9695
 10
2.4225
 20
4.9368
 10
2.3846
 20
4.9141
 10
2.3327
 20
4.8863
 10
2.2927
 20
4.8675
 10
2.2383
 20
4.8449
 10
2.1968
 20
4.8301
 10
2.1404
 20
4.813
 10
2.0976
 20
4.8022
 10
2.0398
 20
4.7907
 10
1.9961
 20
4.7843
 10
1.9375
 20
4.7785
 10
1.8934
 20
4.7763
 10
1.864
 20
4.7756
 10
-1.864
 20
4.7756
 10
-1.8934
 20
4.7763
 10
-1.9375
 20
4.7785
 10
-1.9961
 20
4.7843
 10
-2.0398
 20
4.7907
 10
-2.0976
 20
4.8022
 10
-2.1404
 20
4.813
 10
-2.1968
 20
4.8301
 10
-2.2383
 20
4.8449
 10
-2.2927
 20
4.8675
 10
-2.3327
 20
4.8863
 10
-2.3846
 20
4.9141
 10
-2.4225
 20
4.9368
 10
-2.4714
 20
4.9695
 10
-2.5069
 20
4.9958
 10
-2.5524
 20
5.0332
 10
-2.5851
 20
5.0628
 10
-2.6268
 20
5.1045
 10
-2.6564
 20
5.1372
 10
-2.6938
 20
5.1827
 10
-2.7201
 20
5.2182
 10
-2.7528
 20
5.2671
 10
-2.7755
 20
5.305
 10
-2.8033
 20
5.3569
 10
-2.8221
 20
5.3969
 10
-2.8447
 20
5.4513
 10
-2.8595
 20
5.4928
 10
-2.8766
 20
5.5492
 10
-2.8874
 20
5.592
 10
-2.8989
 20
5.6498
 10
-2.9053
 20
5.6935
 10
-2.9111
 20
5.7521
 10
-2.9133
 20
5.7962
 10
-2.914
 20
5.8256
 10
-2.914
 20
7.7736
 10
-2.9133
 20
7.803
 10
-2.9111
 20
7.8471
 10
-2.9053
 20
7.9057
 10
-2.8989
 20
7.9494
 10
-2.8874
 20
8.0072
 10
-2.8766
 20
8.05
 10
-2.8595
 20
8.1064
 10
-2.8447
 20
8.1479
 10
-2.8221
 20
8.2023
 10
-2.8033
 20
8.2423
 10
-2.7755
 20
8.2942
 10
-2.7528
 20
8.3321
 10
-2.7201
 20
8.381
 10
-2.6938
 20
8.4165
 10
-2.6564
 20
8.462
 10
-2.6268
 20
8.4947
 10
-2.5851
 20
8.5364
 10
-2.5524
 20
8.566
 10
-2.5069
 20
8.6034
 10
-2.4714
 20
8.6297
 10
-2.4225
 20
8.6624
 10
-2.3846
 20
8.6851
 10
-2.3327
 20
8.7129
 10
-2.2927
 20
8.7317
 10
-2.2383
 20
8.7543
 10
-2.1968
 20
8.7691
 10
-2.1404
 20
8.7862
 10
-2.0976
 20
8.797
 10
-2.0398
 20
8.8085
 10
-1.9961
 20
8.8149
 10
-1.9375
 20
8.8207
 10
-1.8934
 20
8.8229
 10
-1.864
 20
8.8236
 10
1.864
 20
8.8236
 10
1.8934
 20
8.8229
 10
1.9375
 20
8.8207
 10
1.9961
 20
8.8149
 10
2.0398
 20
8.8085
 10
2.0976
 20
8.797
 10
2.1404
 20
8.7862
 10
2.1968
 20
8.7691
 10
2.2383
 20
8.7543
 10
2.2927
 20
8.7317
 10
2.3327
 20
8.7129
 10
2.3846
 20
8.6851
 10
2.4225
 20
8.6624
 10
2.4714
 20
8.6297
 10
2.5069
 20
8.6034
 10
2.5524
 20
8.566
 10
2.5851
 20
8.5364
 10
2.6268
 20
8.4947
 10
2.6564
 20
8.462
 10
2.6938
 20
8.4165
 10
2.7201
 20
8.381
 10
2.7528
 20
8.3321
 10
2.7755
 20
8.2942
 10
2.8033
 20
8.2423
 10
2.8221
 20
8.2023
 10
2.8447
 20
8.1479
 10
2.8595
 20
8.1064
 10
2.8766
 20
8.05
 10
2.8874
 20
8.0072
 10
2.8989
 20
7.9494
 10
2.9053
 20
7.9057
 10
2.9111
 20
7.8471
 10
2.9133
 20
7.803
 10
2.914
 20
7.7736
 10
2.914
 20
5.8256
 10
2.9133
 20
5.7962
 10
2.9111
 20
5.7521
  0
LWPOLYLINE
  5
11E
330
17
100
AcDbEntity
  8
ALTIN
100
AcDbPolyline
 90
136
 70
1
 10
2.6115
 20
7.8324
 10
2.6086
 20
7.8617
 10
2.6021
 20
7.9054
 10
2.5964
 20
7.9343
 10
2.5856
 20
7.9771
 10
2.5771
 20
8.0053
 10
2.5622
 20
8.0469
 10
2.5509
 20
8.0741
 10
2.5321
 20
8.114
 10
2.5182
 20
8.14
 10
2.4955
 20
8.1778
 10
2.4791
 20
8.2023
 10
2.4528
 20
8.2378
 10
2.4341
 20
8.2605
 10
2.4045
 20
8.2933
 10
2.3837
 20
8.3141
 10
2.3509
 20
8.3437
 10
2.3282
 20
8.3624
 10
2.2927
 20
8.3887
 10
2.2682
 20
8.4051
 10
2.2304
 20
8.4278
 10
2.2044
 20
8.4417
 10
2.1645
 20
8.4605
 10
2.1373
 20
8.4718
 10
2.0957
 20
8.4867
 10
2.0675
 20
8.4952
 10
2.0247
 20
8.506
 10
1.9958
 20
8.5117
 10
1.9521
 20
8.5182
 10
1.9228
 20
8.5211
 10
1.8787
 20
8.5232
 10
1.864
 20
8.5236
 10
-1.864
 20
8.5236
 10
-1.8787
 20
8.5232
 10
-1.9228
 20
8.5211
 10
-1.9521
 20
8.5182
 10
-1.9958
 20
8.5117
 10
-2.0247
 20
8.506
 10
-2.0675
 20
8.4952
 10
-2.0957
 20
8.4867
 10
-2.1373
 20
8.4718
 10
-2.1645
 20
8.4605
 10
-2.2044
 20
8.4417
 10
-2.2304
 20
8.4278
 10
-2.2682
 20
8.4051
 10
-2.2927
 20
8.3887
 10
-2.3282
 20
8.3624
 10
-2.3509
 20
8.3437
 10
-2.3837
 20
8.3141
 10
-2.4045
 20
8.2933
 10
-2.4341
 20
8.2605
 10
-2.4528
 20
8.2378
 10
-2.4791
 20
8.2023
 10
-2.4955
 20
8.1778
 10
-2.5182
 20
8.14
 10
-2.5321
 20
8.114
 10
-2.5509
 20
8.0741
 10
-2.5622
 20
8.0469
 10
-2.5771
 20
8.0053
 10
-2.5856
 20
7.9771
 10
-2.5964
 20
7.9343
 10
-2.6021
 20
7.9054
 10
-2.6086
 20
7.8617
 10
-2.6115
 20
7.8324
 10
-2.6136
 20
7.7883
 10
-2.614
 20
7.7736
 10
-2.614
 20
5.8256
 10
-2.6136
 20
5.8109
 10
-2.6115
 20
5.7668
 10
-2.6086
 20
5.7375
 10
-2.6021
 20
5.6938
 10
-2.5964
 20
5.6649
 10
-2.5856
 20
5.6221
 10
-2.5771
 20
5.5939
 10
-2.5622
 20
5.5523
 10
-2.5509
 20
5.5251
 10
-2.5321
 20
5.4852
 10
-2.5182
 20
5.4592
 10
-2.4955
 20
5.4214
 10
-2.4791
 20
5.3969
 10
-2.4528
 20
5.3614
 10
-2.4341
 20
5.3387
 10
-2.4045
 20
5.3059
 10
-2.3837
 20
5.2851
 10
-2.3509
 20
5.2555
 10
-2.3282
 20
5.2368
 10
-2.2927
 20
5.2105
 10
-2.2682
 20
5.1941
 10
-2.2304
 20
5.1714
 10
-2.2044
 20
5.1575
 10
-2.1645
 20
5.1387
 10
-2.1373
 20
5.1274
 10
-2.0957
 20
5.1125
 10
-2.0675
 20
5.104
 10
-2.0247
 20
5.0932
 10
-1.9958
 20
5.0875
 10
-1.9521
 20
5.081
 10
-1.9228
 20
5.0781
 10
-1.8787
 20
5.076
 10
-1.864
 20
5.0756
 10
1.864
 20
5.0756
 10
1.8787
 20
5.076
 10
1.9228
 20
5.0781
 10
1.9521
 20
5.081
 10
1.9958
 20
5.0875
 10
2.0247
 20
5.0932
 10
2.0675
 20
5.104
 10
2.0957
 20
5.1125
 10
2.1373
 20
5.1274
 10
2.1645
 20
5.1387
 10
2.2044
 20
5.1575
 10
2.2304
 20
5.1714
 10
2.2682
 20
5.1941
 10
2.2927
 20
5.2105
 10
2.3282
 20
5.2368
 10
2.3509
 20
5.2555
 10
2.3837
 20
5.2851
 10
2.4045
 20
5.3059
 10
2.4341
 20
5.3387
 10
2.4528
 20
5.3614
 10
2.4791
 20
5.3969
 10
2.4955
 20
5.4214
 10
2.5182
 20
5.4592
 10
2.5321
 20
5.4852
 10
2.5509
 20
5.5251
 10
2.5622
 20
5.5523
 10
2.5771
 20
5.5939
 10
2.5856
 20
5.6221
 10
2.5964
 20
5.6649
 10
2.6021
 20
5.6938
 10
2.6086
 20
5.7375
 10
2.6115
 20
5.7668
 10
2.6136
 20
5.8109
 10
2.614
 20
5.8256
 10
2.614
 20
7.7736
 10
2.6136
 20
7.7883
  0
ENDSEC
  0
SECTION
  2
OBJECTS
  0
DICTIONARY
  5
A
330
0
100
AcDbDictionary
281
1
  3
ACAD_COLOR
350
B
  3
ACAD_GROUP
350
C
  3
ACAD_LAYOUT
350
D
  3
ACAD_MATERIAL
350
E
  3
ACAD_MLEADERSTYLE
350
F
  3
ACAD_MLINESTYLE
350
10
  3
ACAD_PLOTSETTINGS
350
11
  3
ACAD_PLOTSTYLENAME
350
12
  3
ACAD_SCALELIST
350
14
  3
ACAD_TABLESTYLE
350
15
  3
ACAD_VISUALSTYLE
350
16
  3
EZDXF_META
350
2D
  0
DICTIONARY
  5
B
330
A
100
AcDbDictionary
281
1
  0
DICTIONARY
  5
C
330
A
100
AcDbDictionary
281
1
  0
DICTIONARY
  5
D
330
A
100
AcDbDictionary
281
1
  3
Model
350
1A
  3
Layout1
350
1E
  0
DICTIONARY
  5
E
330
A
100
AcDbDictionary
281
1
  3
ByBlock
350
1F
  3
ByLayer
350
20
  3
Global
350
21
  0
DICTIONARY
  5
F
330
A
100
AcDbDictionary
281
1
  3
Standard
350
2C
  0
DICTIONARY
  5
10
330
A
100
AcDbDictionary
281
1
  3
Standard
350
22
  0
DICTIONARY
  5
11
330
A
100
AcDbDictionary
281
1
  0
ACDBDICTIONARYWDFLT
  5
12
330
A
100
AcDbDictionary
281
1
  3
Normal
350
13
100
AcDbDictionaryWithDefault
340
13
  0
ACDBPLACEHOLDER
  5
13
330
12
  0
DICTIONARY
  5
14
330
A
100
AcDbDictionary
281
1
  0
DICTIONARY
  5
15
330
A
100
AcDbDictionary
281
1
  0
DICTIONARY
  5
16
330
A
100
AcDbDictionary
281
1
  3
2dWireframe
350
5A
  3
Basic
350
5B
  3
Brighten
350
5C
  3
ColorChange
350
5D
  3
Conceptual
350
5E
  3
Dim
350
5F
  3
EdgeColorOff
350
60
  3
Facepattern
350
61
  3
Flat
350
62
  3
FlatWithEdges
350
63
  3
Gouraud
350
64
  3
GouraudWithEdges
350
65
  3
Hidden
350
66
  3
JitterOff
350
67
  3
Linepattern
350
68
  3
Modeling
350
69
  3
OverhangOff
350
6A
  3
Realistic
350
6B
  3
Shaded
350
6C
  3
Shaded with edges
350
6D
  3
Shades of Gray
350
6E
  3
Sketchy
350
6F
  3
Thicken
350
70
  3
Wireframe
350
71
  3
X-Ray
350
72
  0
LAYOUT
  5
1A
330
D
100
AcDbPlotSettings
  1

  4
A3
  6

 40
7.5
 41
20.0
 42
7.5
 43
20.0
 44
420.0
 45
297.0
 46
0.0
 47
0.0
 48
0.0
 49
0.0
140
0.0
141
0.0
142
1.0
143
1.0
 70
1024
 72
1
 73
0
 74
5
  7

 75
16
 76
0
 77
2
 78
300
147
1.0
148
0.0
149
0.0
100
AcDbLayout
  1
Model
 70
1
 71
0
 10
0.0
 20
0.0
 11
420.0
 21
297.0
 12
0.0
 22
0.0
 32
0.0
 14
1e+20
 24
1e+20
 34
1e+20
 15
-1e+20
 25
-1e+20
 35
-1e+20
146
0.0
 13
0.0
 23
0.0
 33
0.0
 16
1.0
 26
0.0
 36
0.0
 17
0.0
 27
1.0
 37
0.0
 76
1
330
17
  0
LAYOUT
  5
1E
330
D
100
AcDbPlotSettings
  1

  4
A3
  6

 40
7.5
 41
20.0
 42
7.5
 43
20.0
 44
420.0
 45
297.0
 46
0.0
 47
0.0
 48
0.0
 49
0.0
140
0.0
141
0.0
142
1.0
143
1.0
 70
0
 72
1
 73
0
 74
5
  7

 75
16
 76
0
 77
2
 78
300
147
1.0
148
0.0
149
0.0
100
AcDbLayout
  1
Layout1
 70
1
 71
1
 10
0.0
 20
0.0
 11
420.0
 21
297.0
 12
0.0
 22
0.0
 32
0.0
 14
1e+20
 24
1e+20
 34
1e+20
 15
-1e+20
 25
-1e+20
 35
-1e+20
146
0.0
 13
0.0
 23
0.0
 33
0.0
 16
1.0
 26
0.0
 36
0.0
 17
0.0
 27
1.0
 37
0.0
 76
1
330
1B
  0
MATERIAL
  5
1F
102
{ACAD_REACTORS
330
E
102
}
330
E
100
AcDbMaterial
  1
ByBlock
  2

 70
0
 40
1.0
 71
1
 41
1.0
 91
-1023410177
 42
1.0
 72
1
  3

 73
1
 74
1
 75
1
 44
0.5
 73
0
 45
1.0
 46
1.0
 77
1
  4

 78
1
 79
1
170
1
 48
1.0
171
1
  6

172
1
173
1
174
1
140
1.0
141
1.0
175
1
  7

176
1
177
1
178
1
143
1.0
179
1
  8

270
1
271
1
272
1
145
1.0
146
1.0
273
1
  9

274
1
275
1
276
1
 42
1.0
 72
1
  3

 73
1
 74
1
 75
1
 94
63
  0
MATERIAL
  5
20
102
{ACAD_REACTORS
330
E
102
}
330
E
100
AcDbMaterial
  1
ByLayer
  2

 70
0
 40
1.0
 71
1
 41
1.0
 91
-1023410177
 42
1.0
 72
1
  3

 73
1
 74
1
 75
1
 44
0.5
 73
0
 45
1.0
 46
1.0
 77
1
  4

 78
1
 79
1
170
1
 48
1.0
171
1
  6

172
1
173
1
174
1
140
1.0
141
1.0
175
1
  7

176
1
177
1
178
1
143
1.0
179
1
  8

270
1
271
1
272
1
145
1.0
146
1.0
273
1
  9

274
1
275
1
276
1
 42
1.0
 72
1
  3

 73
1
 74
1
 75
1
 94
63
  0
MATERIAL
  5
21
102
{ACAD_REACTORS
330
E
102
}
330
E
100
AcDbMaterial
  1
Global
  2

 70
0
 40
1.0
 71
1
 41
1.0
 91
-1023410177
 42
1.0
 72
1
  3

 73
1
 74
1
 75
1
 44
0.5
 73
0
 45
1.0
 46
1.0
 77
1
  4

 78
1
 79
1
170
1
 48
1.0
171
1
  6

172
1
173
1
174
1
140
1.0
141
1.0
175
1
  7

176
1
177
1
178
1
143
1.0
179
1
  8

270
1
271
1
272
1
145
1.0
146
1.0
273
1
  9

274
1
275
1
276
1
 42
1.0
 72
1
  3

 73
1
 74
1
 75
1
 94
63
  0
MLINESTYLE
  5
22
102
{ACAD_REACTORS
330
10
102
}
330
10
100
AcDbMlineStyle
  2
Standard
 70
0
  3

 62
256
 51
90.0
 52
90.0
 71
2
 49
0.5
 62
256
  6
BYLAYER
 49
-0.5
 62
256
  6
BYLAYER
  0
MLEADERSTYLE
  5
2C
102
{ACAD_REACTORS
330
F
102
}
330
F
100
AcDbMLeaderStyle
179
2
170
2
171
1
172
0
 90
2
 40
0.0
 41
0.0
173
1
 91
-1056964608
 92
-2
290
1
 42
2.0
291
1
 43
8.0
  3
Standard
 44
4.0
300

342
29
174
1
175
1
176
0
178
1
 93
-1056964608
 45
4.0
292
0
297
0
 46
4.0
 94
-1056964608
 47
1.0
 49
1.0
140
1.0
294
1
141
0.0
177
0
142
1.0
295
0
296
0
143
3.75
271
0
272
9
273
9
  0
DICTIONARY
  5
2D
330
A
100
AcDbDictionary
280
1
281
1
  3
CREATED_BY_EZDXF
350
2E
  3
WRITTEN_BY_EZDXF
350
121
  0
DICTIONARYVAR
  5
2E
330
2D
100
DictionaryVariables
280
0
  1
1.4.4 @ 2026-10-08T11:52:57.424195+00:00
  0
VISUALSTYLE
  5
5A
102
{ACAD_REACTORS
330
16
102
}
330
16
100
AcDbVisualStyle
  2
2dWireframe
 70
4
 90
0
 40
0.6
 62
7
290
0
291
0
  0
VISUALSTYLE
  5
5B
102
{ACAD_REACTORS
330
16
102
}
330
16
100
AcDbVisualStyle
  2
Basic
 70
7
 90
1
 40
0.6
 62
7
290
0
291
1
  0
VISUALSTYLE
  5
5C
102
{ACAD_REACTORS
330
16
102
}
330
16
100
AcDbVisualStyle
  2
Brighten
 70
12
 90
2
 40
0.6
 62
7
290
0
291
1
  0
VISUALSTYLE
  5
5D
102
{ACAD_REACTORS
330
16
102
}
330
16
100
AcDbVisualStyle
  2
ColorChange
 70
16
 90
2
 40
0.6
 62
8
290
0
291
1
  0
VISUALSTYLE
  5
5E
102
{ACAD_REACTORS
330
16
102
}
330
16
100
AcDbVisualStyle
  2
Conceptual
 70
9
 90
3
 40
0.6
 62
7
290
0
291
0
  0
VISUALSTYLE
  5
5F
102
{ACAD_REACTORS
330
16
102
}
330
16
100
AcDbVisualStyle
  2
Dim
 70
11
 90
2
 40
0.6
 62
7
290
0
291
1
  0
VISUALSTYLE
  5
60
102
{ACAD_REACTORS
330
16
102
}
330
16
100
AcDbVisualStyle
  2
EdgeColorOff
 70
22
 90
2
 40
0.6
 62
7
290
0
291
1
  0
VISUALSTYLE
  5
61
102
{ACAD_REACTORS
330
16
102
}
330
16
100
AcDbVisualStyle
  2
Facepattern
 70
15
 90
2
 40
0.6
 62
7
290
0
291
1
  0
VISUALSTYLE
  5
62
102
{ACAD_REACTORS
330
16
102
}
330
16
100
AcDbVisualStyle
  2
Flat
 70
0
 90
2
 40
0.6
 62
7
290
0
291
1
  0
VISUALSTYLE
  5
63
102
{ACAD_REACTORS
330
16
102
}
330
16
100
AcDbVisualStyle
  2
FlatWithEdges
 70
1
 90
2
 40
0.6
 62
7
290
0
291
1
  0
VISUALSTYLE
  5
64
102
{ACAD_REACTORS
330
16
102
}
330
16
100
AcDbVisualStyle
  2
Gouraud
 70
2
 90
2
 40
0.6
 62
7
290
0
291
1
  0
VISUALSTYLE
  5
65
102
{ACAD_REACTORS
330
16
102
}
330
16
100
AcDbVisualStyle
  2
GouraudWithEdges
 70
3
 90
2
 40
0.6
 62
7
290
0
291
1
  0
VISUALSTYLE
  5
66
102
{ACAD_REACTORS
330
16
102
}
330
16
100
AcDbVisualStyle
  2
Hidden
 70
6
 90
1
 40
0.6
 62
7
290
0
291
0
  0
VISUALSTYLE
  5
67
102
{ACAD_REACTORS
330
16
102
}
330
16
100
AcDbVisualStyle
  2
JitterOff
 70
20
 90
2
 40
0.6
 62
7
290
0
291
1
  0
VISUALSTYLE
  5
68
102
{ACAD_REACTORS
330
16
102
}
330
16
100
AcDbVisualStyle
  2
Linepattern
 70
14
 90
2
 40
0.6
 62
7
290
0
291
1
  0
VISUALSTYLE
  5
69
102
{ACAD_REACTORS
330
16
102
}
330
16
100
AcDbVisualStyle
  2
Modeling
 70
10
 90
2
 40
0.6
 62
7
290
0
291
0
  0
VISUALSTYLE
  5
6A
102
{ACAD_REACTORS
330
16
102
}
330
16
100
AcDbVisualStyle
  2
OverhangOff
 70
21
 90
2
 40
0.6
 62
7
290
0
291
1
  0
VISUALSTYLE
  5
6B
102
{ACAD_REACTORS
330
16
102
}
330
16
100
AcDbVisualStyle
  2
Realistic
 70
8
 90
2
 40
0.6
 62
7
290
0
291
0
  0
VISUALSTYLE
  5
6C
102
{ACAD_REACTORS
330
16
102
}
330
16
100
AcDbVisualStyle
  2
Shaded
 70
27
 90
2
 40
0.6
 62
7
290
0
291
0
  0
VISUALSTYLE
  5
6D
102
{ACAD_REACTORS
330
16
102
}
330
16
100
AcDbVisualStyle
  2
Shaded with edges
 70
26
 90
2
 40
0.6
 62
7
290
0
291
0
  0
VISUALSTYLE
  5
6E
102
{ACAD_REACTORS
330
16
102
}
330
16
100
AcDbVisualStyle
  2
Shades of Gray
 70
23
 90
2
 40
0.6
 62
7
290
0
291
0
  0
VISUALSTYLE
  5
6F
102
{ACAD_REACTORS
330
16
102
}
330
16
100
AcDbVisualStyle
  2
Sketchy
 70
24
 90
1
 40
0.6
 62
7
290
0
291
0
  0
VISUALSTYLE
  5
70
102
{ACAD_REACTORS
330
16
102
}
330
16
100
AcDbVisualStyle
  2
Thicken
 70
13
 90
2
 40
0.6
 62
7
290
0
291
1
  0
VISUALSTYLE
  5
71
102
{ACAD_REACTORS
330
16
102
}
330
16
100
AcDbVisualStyle
  2
Wireframe
 70
5
 90
0
 40
0.6
 62
7
290
0
291
0
  0
VISUALSTYLE
  5
72
102
{ACAD_REACTORS
330
16
102
}
330
16
100
AcDbVisualStyle
  2
X-Ray
 70
25
 90
2
 40
0.5
 62
7
290
0
291
0
  0
DICTIONARYVAR
  5
121
330
2D
100
DictionaryVariables
280
0
  1
1.4.4 @ 2026-10-08T11:52:57.642696+00:00
  0
ENDSEC
  0
EOF
